# This file uses centimeters as units for non-parametric coordinates.

mtllib SU11.mtl
g default
v -430.734497 512.618225 -352.238586
v -432.202637 512.618225 -348.694153
v -430.734497 516.162537 -348.694153
v -427.190063 517.630676 -348.694153
v -427.190063 516.162537 -352.238586
v -427.190063 512.618225 -353.706696
v 430.734558 512.618225 -352.238586
v 427.190125 512.618225 -353.706696
v 427.190125 516.162537 -352.238586
v 427.190125 517.630676 -348.694153
v 430.734558 516.162537 -348.694153
v 432.202698 512.618225 -348.694153
v -430.734497 1.468140 -348.694153
v -432.202637 5.012514 -348.694153
v -430.734497 5.012514 -352.238586
v -427.190063 5.012514 -353.706696
v -427.190063 1.468140 -352.238586
v -427.190063 0.000000 -348.694153
v 430.734558 1.468140 -348.694153
v 427.190125 0.000000 -348.694153
v 427.190125 1.468140 -352.238586
v 427.190125 5.012514 -353.706696
v 430.734558 5.012514 -352.238586
v 432.202698 5.012514 -348.694153
v -430.083130 515.511108 -351.587158
v 430.083130 515.511108 -351.587158
v -430.083130 2.119538 -351.587158
v 430.083130 2.119538 -351.587158
vt 0.304912 0.584807
vt 0.304691 0.586325
vt 0.101424 0.586402
vt 0.101200 0.584882
vt 0.304637 0.587857
vt 0.101479 0.587934
vt 0.306171 0.587803
vt 0.306298 0.929835
vt 0.304765 0.929782
vt 0.307691 0.587581
vt 0.307816 0.930056
vt 0.304820 0.931314
vt 0.101553 0.931392
vt 0.101607 0.929860
vt 0.305044 0.932834
vt 0.101332 0.932909
vt 0.098428 0.587660
vt 0.099946 0.587881
vt 0.100073 0.929913
vt 0.098553 0.930135
vt 0.305863 0.586632
vt 0.306642 0.585851
vt 0.306772 0.931786
vt 0.305990 0.931006
vt 0.099472 0.585930
vt 0.100254 0.586710
vt 0.099602 0.931865
vt 0.100381 0.931084
vn -0.923880 0.000000 -0.382681
vn -0.923880 0.000000 -0.382681
vn -0.923880 0.000000 -0.382681
vn -0.923880 0.000000 -0.382681
vn -0.382673 0.000000 -0.923884
vn -0.382673 0.000000 -0.923884
vn -0.382673 0.000000 -0.923884
vn -0.382673 0.000000 -0.923884
vn 0.000000 0.382685 -0.923879
vn 0.000000 0.382685 -0.923879
vn 0.000000 0.382685 -0.923879
vn 0.000000 0.382685 -0.923879
vn 0.000000 0.923881 -0.382681
vn 0.000000 0.923881 -0.382681
vn 0.000000 0.923881 -0.382681
vn 0.000000 0.923881 -0.382681
vn 0.382673 0.000000 -0.923884
vn 0.382673 0.000000 -0.923884
vn 0.382673 0.000000 -0.923884
vn 0.382673 0.000000 -0.923884
vn 0.923880 0.000000 -0.382681
vn 0.923880 0.000000 -0.382681
vn 0.923880 0.000000 -0.382681
vn 0.923880 0.000000 -0.382681
vn 0.000000 -0.923880 -0.382682
vn 0.000000 -0.923880 -0.382682
vn 0.000000 -0.923880 -0.382682
vn 0.000000 -0.923880 -0.382682
vn 0.000000 -0.382679 -0.923881
vn 0.000000 -0.382679 -0.923881
vn 0.000000 -0.382679 -0.923881
vn 0.000000 -0.382679 -0.923881
vn 0.000000 0.000000 -1.000000
vn 0.000000 0.000000 -1.000000
vn 0.000000 0.000000 -1.000000
vn 0.000000 0.000000 -1.000000
vn -0.325256 0.325271 -0.887923
vn -0.325256 0.325271 -0.887923
vn -0.325256 0.325271 -0.887923
vn -0.325256 0.325271 -0.887923
vn -0.887931 0.325239 -0.325268
vn -0.887931 0.325239 -0.325268
vn -0.887931 0.325239 -0.325268
vn -0.887931 0.325239 -0.325268
vn -0.325259 0.887931 -0.325247
vn -0.325259 0.887931 -0.325247
vn -0.325259 0.887931 -0.325247
vn -0.325259 0.887931 -0.325247
vn 0.887911 0.325290 -0.325269
vn 0.887911 0.325290 -0.325269
vn 0.887911 0.325290 -0.325269
vn 0.887911 0.325290 -0.325269
vn 0.325258 0.325271 -0.887922
vn 0.325258 0.325271 -0.887922
vn 0.325258 0.325271 -0.887922
vn 0.325258 0.325271 -0.887922
vn 0.325268 0.887922 -0.325261
vn 0.325268 0.887922 -0.325261
vn 0.325268 0.887922 -0.325261
vn 0.325268 0.887922 -0.325261
vn -0.325256 -0.887927 -0.325260
vn -0.325256 -0.887927 -0.325260
vn -0.325256 -0.887927 -0.325260
vn -0.325256 -0.887927 -0.325260
vn -0.887932 -0.325239 -0.325265
vn -0.887932 -0.325239 -0.325265
vn -0.887932 -0.325239 -0.325265
vn -0.887932 -0.325239 -0.325265
vn -0.325261 -0.325266 -0.887923
vn -0.325261 -0.325266 -0.887923
vn -0.325261 -0.325266 -0.887923
vn -0.325261 -0.325266 -0.887923
vn 0.887914 -0.325283 -0.325268
vn 0.887914 -0.325283 -0.325268
vn 0.887915 -0.325283 -0.325268
vn 0.887914 -0.325283 -0.325268
vn 0.325263 -0.887923 -0.325266
vn 0.325262 -0.887923 -0.325266
vn 0.325263 -0.887923 -0.325266
vn 0.325262 -0.887923 -0.325266
vn 0.325265 -0.325267 -0.887921
vn 0.325265 -0.325267 -0.887921
vn 0.325265 -0.325267 -0.887921
vn 0.325265 -0.325267 -0.887921
s off
g Wall_Sculptures_07 S_U_11
usemtl aiStandardSurface1SG4
f 2/1/1 1/2/2 15/3/3 14/4/4
f 1/2/5 6/5/6 16/6/7 15/3/8
f 6/5/9 5/7/10 9/8/11 8/9/12
f 5/7/13 4/10/14 10/11/15 9/8/16
f 8/9/17 7/12/18 23/13/19 22/14/20
f 7/12/21 12/15/22 24/16/23 23/13/24
f 18/17/25 17/18/26 21/19/27 20/20/28
f 17/18/29 16/6/30 22/14/31 21/19/32
f 6/5/33 8/9/34 22/14/35 16/6/36
f 5/7/37 6/5/38 1/2/39 25/21/40
f 1/2/41 2/1/42 3/22/43 25/21/44
f 3/22/45 4/10/46 5/7/47 25/21/48
f 11/23/49 12/15/50 7/12/51 26/24/52
f 7/12/53 8/9/54 9/8/55 26/24/56
f 9/8/57 10/11/58 11/23/59 26/24/60
f 17/18/61 18/17/62 13/25/63 27/26/64
f 13/25/65 14/4/66 15/3/67 27/26/68
f 15/3/69 16/6/70 17/18/71 27/26/72
f 23/13/73 24/16/74 19/27/75 28/28/76
f 19/27/77 20/20/78 21/19/79 28/28/80
f 21/19/81 22/14/82 23/13/83 28/28/84
g default
v -469.903442 492.496399 348.218292
v -469.903442 492.496399 -348.218292
v 469.903381 492.496399 -348.218292
v 469.903381 492.496399 348.218353
v 427.907288 534.492615 348.218292
v 427.907288 534.492615 -348.218292
v -427.907349 534.492615 348.218353
v -427.907349 534.492615 -348.218292
v -457.603149 522.192200 348.218353
v -457.603149 522.192200 -348.218292
v 457.602600 522.192200 348.218292
v 457.602600 522.192200 -348.218292
v -417.402954 451.898804 348.218292
v -410.243042 469.184387 348.218292
v -392.957642 476.344360 348.218292
v -392.957642 476.344360 -348.218292
v -410.243042 469.184387 -348.218292
v -417.402954 451.898804 -348.218292
v 389.395569 476.344360 348.218292
v 406.680725 469.184387 348.218292
v 413.840881 451.898804 348.218292
v 413.840881 451.898804 -348.218292
v 406.680725 469.184387 -348.218292
v 389.395569 476.344360 -348.218292
v -420.998413 522.966858 360.623077
v -399.804077 487.915588 360.651031
v 420.288635 522.958740 -360.765594
v 396.948303 487.927856 -360.792877
v 396.948303 487.927856 360.792877
v 420.288635 522.958740 360.765533
v -399.804077 487.915588 -360.651031
v -420.998413 522.966858 -360.623077
v 447.499573 511.675903 -360.872467
v 416.797913 479.709106 -360.895782
v 458.829651 484.500000 -360.762848
v 424.998596 459.849304 -360.795502
v -419.651489 479.696350 -360.742035
v -448.213989 511.686584 -360.717255
v -459.548218 484.513367 -360.597260
v -427.850464 459.835999 -360.631989
v -448.213989 511.686584 360.717194
v -419.651489 479.696350 360.741974
v -459.548218 484.513367 360.597198
v -427.850464 459.835999 360.631989
v 416.797913 479.709106 360.895721
v 447.499573 511.675903 360.872467
v 458.829651 484.500000 360.762787
v 424.998596 459.849304 360.795502
v -443.710815 472.160828 365.446869
v -433.933716 495.689453 365.710968
v -410.387329 505.447144 365.501434
v 408.604065 505.450378 365.732758
v 432.148987 495.691284 365.968658
v 441.924377 472.161133 365.733612
v 441.924377 472.161194 -365.733612
v 432.148987 495.691284 -365.968658
v 408.604065 505.450378 -365.732819
v -410.387329 505.447144 -365.501434
v -433.933716 495.689453 -365.711029
v -443.710815 472.160828 -365.446930
v -452.745483 -0.000015 346.595734
v -457.791626 3.969200 355.216888
v -459.875854 13.558296 358.809601
v -443.680786 13.541328 362.956696
v -443.675659 3.962585 358.826935
v -443.664673 -0.000038 348.927521
v -459.875854 13.558296 -358.809662
v -457.791626 3.969200 -355.216888
v -452.745483 -0.000015 -346.595795
v -443.664673 -0.000038 -348.927521
v -443.675659 3.962585 -358.826996
v -443.680786 13.541328 -362.956635
v 459.146545 13.558182 359.024445
v 457.122620 3.969200 355.410553
v 452.223206 -0.000007 346.736786
v 441.882385 -0.000038 349.324860
v 441.893127 3.962998 359.210114
v 441.897522 13.542305 363.332855
v 452.223206 -0.000007 -346.736847
v 457.122620 3.969200 -355.410614
v 459.146545 13.558182 -359.024506
v 441.897522 13.542313 -363.332916
v 441.893127 3.962998 -359.210175
v 441.882385 -0.000038 -349.324921
v -434.590698 -0.000015 346.627350
v -429.559692 3.966729 355.253021
v -427.482300 13.550034 358.848541
v -420.470581 14.232407 351.470123
v -421.270874 4.242989 347.322296
v -421.610962 0.000077 335.969330
v -466.842163 14.232909 -351.468109
v -466.037231 4.243714 -347.322418
v -465.695435 0.000077 -335.965118
v -427.482300 13.550034 -358.848541
v -429.559692 3.966729 -355.253021
v -434.590698 -0.000015 -346.627289
v -420.506470 13.733223 -351.515167
v -421.281616 4.093911 -347.514313
v -421.610962 0.000077 -336.567169
v -466.806030 13.733253 351.513458
v -466.026489 4.094475 347.514801
v -465.695435 0.000077 336.563934
v 466.628479 14.218102 351.524323
v 465.972229 4.221543 347.311310
v 465.695374 0.000077 336.092072
v 431.550842 -0.000007 -346.769440
v 426.664124 3.966904 -355.446991
v 424.646057 13.550537 -359.063263
v 417.119690 14.217659 -351.525482
v 417.773010 4.221076 -347.311127
v 418.048889 0.000077 -336.094330
v 424.646057 13.550537 359.063263
v 426.664124 3.966904 355.446930
v 431.550842 -0.000007 346.769440
v 417.147034 13.734901 351.560089
v 417.781311 4.077492 347.489716
v 418.048889 0.000077 336.660309
v 466.601135 13.735039 -351.559052
v 465.964417 4.077857 -347.490143
v 465.695374 0.000077 -336.658539
vt -0.891040 1.042799
vt -0.866489 1.004920
vt 0.837428 1.006012
vt 0.859696 1.043897
vt 0.836493 1.004587
vt 0.861385 1.043039
vt -0.910217 1.043973
vt -0.887647 1.005502
vt -0.973644 1.020035
vt -0.584366 -0.517412
vt -0.951538 1.017148
vt -0.940649 0.981959
vt -0.915321 0.981370
vt 1.148661 -0.517359
vt -1.004486 0.957730
vt -0.978334 0.954736
vt -0.963899 0.926585
vt 1.149077 1.612628
vt 0.889287 0.980752
vt -0.584370 1.612832
vt 0.925023 1.018675
vt -0.933740 0.926042
vt 1.149127 1.772639
vt 0.912090 0.925379
vt 0.955643 0.955844
vt 0.886343 0.982554
vt 0.877683 1.079131
vt -0.584340 1.772872
vt -0.584357 1.692854
vt 1.039851 0.199338
vt -0.924966 1.079859
vt 1.039906 0.947746
vt 0.199541 0.947741
vt 0.199430 0.199571
vt 1.060443 0.199413
vt 1.060094 0.947785
vt 1.080541 0.199427
vt 1.080290 0.947739
vt 0.159156 0.947724
vt 0.159240 0.199579
vt -0.850395 0.931678
vt 0.795402 0.930625
vt 0.811583 0.966301
vt -0.865055 0.967177
vt -0.876411 0.917947
vt -0.906181 0.944826
vt -1.002564 1.055871
vt -1.044241 0.978430
vt 0.179335 0.199575
vt 0.179349 0.947778
vt -0.883329 0.875206
vt -0.923273 0.895511
vt 0.920138 1.018284
vt 0.904737 0.927060
vt 0.946790 0.955953
vt 0.874313 1.079274
vt 0.956129 1.054559
vt 0.821033 0.917849
vt 0.852199 0.944082
vt 0.997124 0.975985
vt 0.826917 0.875374
vt 0.868512 0.895030
vt -1.018455 -0.216488
vt -1.012893 -0.239514
vt -0.977466 -0.237861
vt -0.977306 -0.216616
vt -0.907180 1.078385
vt -0.983195 1.051050
vt -1.020386 0.973267
vt 0.950002 1.052221
vt 0.987404 0.974541
vt -0.888938 0.897457
vt -1.005135 -0.263902
vt -0.977628 -0.262799
vt 0.938653 -0.263626
vt 0.945935 -0.239291
vt 0.907685 -0.237265
vt 0.907601 -0.262343
vt -0.877874 0.948658
vt -0.842068 0.967161
vt 0.815289 0.968244
vt 0.191642 0.965991
vt 0.851234 0.949443
vt 0.862492 0.898245
vt 0.951516 -0.216355
vt 0.907817 -0.215806
vt 0.888970 -0.258389
vt 0.895427 -0.235650
vt -0.936207 -0.217486
vt -0.942188 -0.240222
vt 0.861203 -0.234121
vt 0.864001 -0.257691
vt 0.900582 -0.214002
vt 0.859530 -0.212282
vt -0.931338 -0.213924
vt -0.926365 -0.235728
vt -0.889163 -0.233981
vt -0.915368 -0.250526
vt -0.887693 -0.212068
vt -0.919908 -0.258745
vt -0.891501 -0.257760
vt 1.047057 0.965879
vt 0.179364 0.963629
vt -0.910872 -0.216679
vt 0.925677 -0.213768
vt 0.167265 0.965614
vt -0.957427 -0.214997
vt -0.950128 -0.264344
vt 1.149101 1.692633
vt 1.059905 0.963373
vt 1.072155 0.965013
vt -0.584383 -0.596715
vt 1.148630 -0.597326
vt -0.311623 0.962455
vt -0.908936 -0.278574
vt 0.977844 -0.215389
vt -0.324685 0.959489
vt -0.584390 -0.676697
vt -0.843755 -0.210946
vt -0.321522 0.946507
vt -1.043478 -0.216301
vt 0.837807 -0.216095
vt 0.864146 -0.216042
vt 0.974246 -0.249473
vt 0.980993 -0.276991
vt -1.039571 -0.249492
vt -0.310790 0.951018
vt -1.045894 -0.276606
vt -0.335979 0.952370
vt 0.869354 -0.239042
vt 0.876556 -0.263508
vt -0.326081 0.934469
vt 0.840973 -0.249084
vt 1.148601 -0.677289
vt -0.592890 -1.866722
vt 0.834280 -0.275730
vt 1.156685 -1.868438
vt 1.157471 2.963162
vt 1.550884 0.951210
vt 1.551180 0.962085
vt 1.550652 0.196159
vt -0.311329 0.196013
vt -0.592246 2.964603
vt 1.118888 2.998708
vt 0.818196 -0.211241
vt 0.920651 -0.244834
vt 0.927188 -0.270374
vt 0.825806 -0.240336
vt 0.840302 -0.263206
vt -0.850854 -0.240039
vt -0.555029 2.998890
vt -0.864348 -0.263224
vt -0.582287 2.988668
vt -0.952923 -0.245364
vt -0.958953 -0.269782
vt 1.575431 0.952002
vt 1.564218 0.959114
vt 1.147156 2.988109
vt 1.561249 0.946929
vt 1.565679 0.935179
vt 1.561414 0.200619
vt 1.565981 0.212815
vt -0.321723 0.200385
vt -0.326110 0.212015
vt -0.582413 -1.891652
vt 1.146556 -1.892515
vt -0.554498 -1.902186
vt 1.119601 -1.902677
vn -0.000216 0.270598 -0.962693
vn -0.000216 0.270598 -0.962692
vn -0.000216 0.270598 -0.962693
vn -0.000216 0.270598 -0.962692
vn -0.000216 0.270598 0.962692
vn -0.000216 0.270598 0.962693
vn -0.000216 0.270598 0.962692
vn -0.000216 0.270598 0.962693
vn 0.000000 1.000000 0.000000
vn 0.000000 1.000000 0.000000
vn 0.000000 1.000000 0.000000
vn 0.000000 1.000000 0.000000
vn -0.923881 0.382681 0.000000
vn -0.923881 0.382681 0.000000
vn -0.923881 0.382681 0.000000
vn -0.923881 0.382681 0.000000
vn -0.382684 0.923879 0.000000
vn -0.382684 0.923879 0.000000
vn -0.382684 0.923879 0.000000
vn -0.382684 0.923879 0.000000
vn 0.382689 0.923877 0.000000
vn 0.382689 0.923877 0.000000
vn 0.382689 0.923877 0.000000
vn 0.382689 0.923877 0.000000
vn 0.923875 0.382694 0.000000
vn 0.923875 0.382694 0.000000
vn 0.923875 0.382694 0.000000
vn 0.923875 0.382694 0.000000
vn 0.000000 -1.000000 0.000000
vn 0.000000 -1.000000 0.000000
vn 0.000000 -1.000000 0.000000
vn 0.000000 -1.000000 0.000000
vn 0.382689 -0.923877 0.000000
vn 0.382689 -0.923877 0.000000
vn 0.382689 -0.923877 0.000000
vn 0.382689 -0.923877 0.000000
vn 0.923879 -0.382684 0.000000
vn 0.923879 -0.382684 0.000000
vn 0.923879 -0.382684 0.000000
vn 0.923879 -0.382684 0.000000
vn -0.923875 -0.382694 0.000000
vn -0.923875 -0.382694 0.000000
vn -0.923875 -0.382694 0.000000
vn -0.923875 -0.382694 0.000000
vn -0.382694 -0.923875 0.000000
vn -0.382694 -0.923875 0.000000
vn -0.382694 -0.923875 0.000000
vn -0.382694 -0.923875 0.000000
vn 0.085724 0.222594 -0.971135
vn 0.085724 0.222594 -0.971135
vn 0.085724 0.222594 -0.971135
vn 0.085724 0.222594 -0.971135
vn 0.225988 0.087469 -0.970195
vn 0.225988 0.087469 -0.970195
vn 0.225988 0.087469 -0.970195
vn 0.225988 0.087469 -0.970195
vn -0.086210 0.222040 -0.971219
vn -0.086210 0.222040 -0.971219
vn -0.086210 0.222040 -0.971219
vn -0.086210 0.222040 -0.971219
vn -0.232369 0.089418 -0.968509
vn -0.232369 0.089418 -0.968509
vn -0.232369 0.089418 -0.968509
vn -0.232369 0.089418 -0.968509
vn -0.086213 0.222039 0.971219
vn -0.086213 0.222039 0.971219
vn -0.086213 0.222039 0.971219
vn -0.086213 0.222039 0.971219
vn -0.232371 0.089418 0.968508
vn -0.232371 0.089418 0.968508
vn -0.232371 0.089418 0.968508
vn -0.232371 0.089418 0.968508
vn 0.085723 0.222596 0.971135
vn 0.085723 0.222596 0.971135
vn 0.085723 0.222596 0.971135
vn 0.085723 0.222596 0.971135
vn 0.225991 0.087469 0.970195
vn 0.225991 0.087469 0.970195
vn 0.225991 0.087469 0.970194
vn 0.225991 0.087469 0.970194
vn -0.000055 -0.733763 -0.679406
vn -0.000055 -0.733763 -0.679406
vn -0.000055 -0.733763 -0.679406
vn -0.000055 -0.733763 -0.679406
vn -0.000053 0.734408 -0.678708
vn -0.000053 0.734408 -0.678708
vn -0.000053 0.734408 -0.678708
vn -0.000053 0.734408 -0.678708
vn -0.000053 0.734407 0.678710
vn -0.000053 0.734407 0.678710
vn -0.000053 0.734407 0.678710
vn -0.000053 0.734407 0.678710
vn -0.000055 -0.733763 0.679406
vn -0.000055 -0.733763 0.679406
vn -0.000055 -0.733763 0.679406
vn -0.000055 -0.733763 0.679406
vn -0.262017 -0.627781 -0.732965
vn -0.262017 -0.627781 -0.732965
vn -0.262017 -0.627781 -0.732965
vn -0.262017 -0.627781 -0.732965
vn 0.259335 0.629094 -0.732794
vn 0.259335 0.629094 -0.732794
vn 0.259335 0.629094 -0.732794
vn 0.259335 0.629094 -0.732794
vn 0.635047 0.262470 -0.726515
vn 0.635047 0.262470 -0.726516
vn 0.635047 0.262470 -0.726516
vn 0.635047 0.262470 -0.726515
vn -0.633768 -0.264047 -0.727061
vn -0.633768 -0.264046 -0.727061
vn -0.633768 -0.264046 -0.727061
vn -0.633768 -0.264046 -0.727061
vn -0.260680 0.632060 -0.729758
vn -0.260680 0.632060 -0.729758
vn -0.260680 0.632060 -0.729758
vn -0.260680 0.632060 -0.729758
vn 0.263141 -0.631028 -0.729768
vn 0.263141 -0.631028 -0.729768
vn 0.263141 -0.631028 -0.729768
vn 0.263141 -0.631028 -0.729768
vn -0.647861 0.267744 -0.713154
vn -0.647861 0.267744 -0.713154
vn -0.647861 0.267744 -0.713154
vn -0.647861 0.267744 -0.713154
vn 0.646348 -0.269365 -0.713916
vn 0.646348 -0.269365 -0.713916
vn 0.646348 -0.269365 -0.713916
vn 0.646348 -0.269365 -0.713916
vn 0.263139 -0.631029 0.729768
vn 0.263139 -0.631029 0.729768
vn 0.263139 -0.631029 0.729768
vn 0.263139 -0.631029 0.729768
vn -0.260680 0.632056 0.729761
vn -0.260680 0.632056 0.729761
vn -0.260680 0.632056 0.729761
vn -0.260680 0.632056 0.729761
vn -0.647859 0.267741 0.713157
vn -0.647859 0.267741 0.713157
vn -0.647859 0.267741 0.713157
vn -0.647859 0.267741 0.713157
vn 0.646346 -0.269362 0.713919
vn 0.646346 -0.269362 0.713919
vn 0.646346 -0.269362 0.713919
vn 0.646346 -0.269362 0.713919
vn 0.259334 0.629094 0.732794
vn 0.259334 0.629094 0.732794
vn 0.259334 0.629094 0.732794
vn 0.259334 0.629094 0.732794
vn -0.262015 -0.627781 0.732966
vn -0.262015 -0.627781 0.732966
vn -0.262015 -0.627781 0.732966
vn -0.262015 -0.627781 0.732966
vn 0.635046 0.262469 0.726517
vn 0.635046 0.262469 0.726517
vn 0.635046 0.262469 0.726517
vn 0.635046 0.262469 0.726517
vn -0.633768 -0.264045 0.727061
vn -0.633768 -0.264045 0.727061
vn -0.633768 -0.264045 0.727061
vn -0.633768 -0.264045 0.727061
vn 0.221013 -0.099929 0.970138
vn 0.221013 -0.099929 0.970138
vn 0.221013 -0.099929 0.970138
vn 0.221013 -0.099929 0.970138
vn 0.095386 -0.214000 0.972165
vn 0.095386 -0.214000 0.972165
vn 0.095386 -0.214000 0.972165
vn 0.095386 -0.214000 0.972165
vn -0.000220 -0.268991 0.963143
vn -0.000220 -0.268991 0.963143
vn -0.000220 -0.268991 0.963143
vn -0.000220 -0.268991 0.963143
vn -0.095932 -0.213237 0.972279
vn -0.095932 -0.213237 0.972279
vn -0.095932 -0.213237 0.972279
vn -0.095932 -0.213237 0.972279
vn -0.216220 -0.097084 0.971506
vn -0.216220 -0.097084 0.971506
vn -0.216220 -0.097084 0.971506
vn -0.216220 -0.097084 0.971506
vn -0.216218 -0.097085 -0.971506
vn -0.216218 -0.097085 -0.971506
vn -0.216219 -0.097085 -0.971506
vn -0.216218 -0.097085 -0.971506
vn -0.095932 -0.213237 -0.972279
vn -0.095932 -0.213237 -0.972279
vn -0.095932 -0.213237 -0.972279
vn -0.095932 -0.213237 -0.972279
vn -0.000220 -0.268992 -0.963142
vn -0.000220 -0.268992 -0.963143
vn -0.000220 -0.268992 -0.963142
vn -0.000220 -0.268992 -0.963142
vn 0.095388 -0.213999 -0.972165
vn 0.095388 -0.213999 -0.972166
vn 0.095388 -0.213999 -0.972165
vn 0.095388 -0.213999 -0.972165
vn 0.221012 -0.099931 -0.970138
vn 0.221012 -0.099931 -0.970138
vn 0.221012 -0.099931 -0.970138
vn 0.221012 -0.099931 -0.970138
vn -0.229084 -0.385138 0.893974
vn -0.229084 -0.385138 0.893974
vn -0.229084 -0.385138 0.893974
vn -0.229084 -0.385138 0.893974
vn -0.095007 -0.924213 0.369871
vn -0.095007 -0.924213 0.369871
vn -0.095007 -0.924213 0.369871
vn -0.095007 -0.924213 0.369871
vn -0.095007 -0.924213 -0.369871
vn -0.095007 -0.924213 -0.369871
vn -0.095007 -0.924213 -0.369871
vn -0.095007 -0.924213 -0.369871
vn -0.229082 -0.385140 -0.893973
vn -0.229082 -0.385140 -0.893973
vn -0.229082 -0.385140 -0.893973
vn -0.229082 -0.385140 -0.893973
vn 0.092770 -0.924202 0.370465
vn 0.092770 -0.924202 0.370465
vn 0.092770 -0.924202 0.370465
vn 0.092770 -0.924202 0.370465
vn 0.223780 -0.385057 0.895351
vn 0.223780 -0.385057 0.895351
vn 0.223780 -0.385057 0.895351
vn 0.223780 -0.385057 0.895351
vn 0.223781 -0.385056 -0.895351
vn 0.223781 -0.385056 -0.895351
vn 0.223781 -0.385056 -0.895351
vn 0.223781 -0.385056 -0.895351
vn 0.092770 -0.924202 -0.370465
vn 0.092770 -0.924202 -0.370465
vn 0.092770 -0.924202 -0.370465
vn 0.092770 -0.924202 -0.370465
vn 0.672080 -0.355744 0.649426
vn 0.672080 -0.355744 0.649426
vn 0.672080 -0.355744 0.649426
vn 0.672080 -0.355744 0.649426
vn 0.275118 -0.913008 0.301207
vn 0.275118 -0.913008 0.301207
vn 0.275118 -0.913008 0.301207
vn 0.275118 -0.913008 0.301207
vn -0.655717 -0.355782 -0.665924
vn -0.655717 -0.355782 -0.665924
vn -0.655717 -0.355782 -0.665924
vn -0.655717 -0.355782 -0.665924
vn -0.267801 -0.913439 -0.306449
vn -0.267801 -0.913439 -0.306449
vn -0.267801 -0.913439 -0.306449
vn -0.267801 -0.913439 -0.306449
vn -0.271952 -0.004341 0.962301
vn -0.271952 -0.004341 0.962301
vn -0.271952 -0.004341 0.962301
vn -0.271952 -0.004341 0.962301
vn -0.271949 -0.004341 -0.962302
vn -0.271949 -0.004341 -0.962302
vn -0.271949 -0.004341 -0.962302
vn -0.271949 -0.004341 -0.962302
vn 0.263599 -0.004213 0.964623
vn 0.263599 -0.004213 0.964623
vn 0.263599 -0.004213 0.964623
vn 0.263599 -0.004213 0.964623
vn 0.263597 -0.004213 -0.964624
vn 0.263597 -0.004213 -0.964624
vn 0.263597 -0.004213 -0.964624
vn 0.263597 -0.004213 -0.964624
vn 0.749704 -0.001190 0.661773
vn 0.749704 -0.001190 0.661773
vn 0.749704 -0.001190 0.661773
vn 0.749704 -0.001190 0.661773
vn -0.751577 -0.001148 -0.659644
vn -0.751577 -0.001148 -0.659644
vn -0.751577 -0.001148 -0.659644
vn -0.751577 -0.001148 -0.659644
vn 0.734086 -0.001166 0.679055
vn 0.734086 -0.001166 0.679055
vn 0.734086 -0.001166 0.679055
vn 0.734086 -0.001166 0.679055
vn -0.732468 -0.001212 -0.680800
vn -0.732468 -0.001212 -0.680800
vn -0.732468 -0.001212 -0.680800
vn -0.732468 -0.001212 -0.680800
vn 0.733986 -0.001161 -0.679163
vn 0.733986 -0.001161 -0.679163
vn 0.733986 -0.001161 -0.679163
vn 0.733986 -0.001161 -0.679163
vn 0.749617 -0.001186 -0.661871
vn 0.749617 -0.001186 -0.661871
vn 0.749617 -0.001186 -0.661871
vn 0.749617 -0.001186 -0.661871
vn -0.751491 -0.001144 0.659743
vn -0.751491 -0.001144 0.659743
vn -0.751491 -0.001144 0.659743
vn -0.751491 -0.001144 0.659743
vn -0.732367 -0.001207 0.680909
vn -0.732367 -0.001207 0.680909
vn -0.732367 -0.001207 0.680909
vn -0.732367 -0.001207 0.680909
vn 0.266557 -0.004435 0.963809
vn 0.266557 -0.004435 0.963809
vn 0.266557 -0.004435 0.963809
vn 0.266557 -0.004435 0.963809
vn -0.258688 -0.004303 0.965952
vn -0.258688 -0.004303 0.965951
vn -0.258688 -0.004303 0.965951
vn -0.258688 -0.004303 0.965952
vn -0.258688 -0.004303 -0.965951
vn -0.258689 -0.004303 -0.965951
vn -0.258689 -0.004303 -0.965951
vn -0.258688 -0.004303 -0.965951
vn 0.266556 -0.004435 -0.963809
vn 0.266556 -0.004435 -0.963809
vn 0.266556 -0.004435 -0.963809
vn 0.266556 -0.004435 -0.963809
vn 0.999976 -0.006872 -0.000017
vn 0.999976 -0.006872 -0.000017
vn 0.999976 -0.006872 -0.000017
vn 0.999976 -0.006872 -0.000017
vn -0.999979 -0.006435 0.000024
vn -0.999979 -0.006435 0.000024
vn -0.999979 -0.006435 0.000024
vn -0.999979 -0.006435 0.000024
vn 0.999975 -0.007046 -0.000023
vn 0.999975 -0.007046 -0.000023
vn 0.999975 -0.007046 -0.000023
vn 0.999975 -0.007046 -0.000023
vn -0.999972 -0.007518 0.000017
vn -0.999972 -0.007518 0.000017
vn -0.999972 -0.007518 0.000017
vn -0.999972 -0.007518 0.000017
vn -0.672351 -0.355785 -0.649123
vn -0.672351 -0.355785 -0.649123
vn -0.672351 -0.355785 -0.649123
vn -0.672351 -0.355785 -0.649123
vn -0.275049 -0.913044 -0.301163
vn -0.275049 -0.913044 -0.301163
vn -0.275049 -0.913044 -0.301163
vn -0.275049 -0.913044 -0.301163
vn 0.655823 -0.355817 0.665801
vn 0.655823 -0.355817 0.665801
vn 0.655823 -0.355817 0.665801
vn 0.655823 -0.355817 0.665801
vn 0.267671 -0.913474 0.306461
vn 0.267671 -0.913474 0.306461
vn 0.267671 -0.913474 0.306461
vn 0.267671 -0.913474 0.306461
vn 0.226848 -0.385165 0.894532
vn 0.226848 -0.385165 0.894532
vn 0.226848 -0.385165 0.894532
vn 0.226848 -0.385165 0.894532
vn 0.093925 -0.924214 0.370143
vn 0.093925 -0.924214 0.370143
vn 0.093925 -0.924214 0.370143
vn 0.093925 -0.924215 0.370143
vn 0.093927 -0.924215 -0.370140
vn 0.093927 -0.924215 -0.370140
vn 0.093927 -0.924215 -0.370140
vn 0.093927 -0.924215 -0.370140
vn 0.226849 -0.385163 -0.894533
vn 0.226849 -0.385163 -0.894533
vn 0.226849 -0.385163 -0.894533
vn 0.226849 -0.385163 -0.894533
vn 0.261291 -0.915633 -0.305521
vn 0.261291 -0.915633 -0.305521
vn 0.261291 -0.915633 -0.305521
vn 0.261291 -0.915633 -0.305521
vn 0.659725 -0.358844 -0.660299
vn 0.659725 -0.358844 -0.660299
vn 0.659725 -0.358844 -0.660299
vn 0.659725 -0.358844 -0.660299
vn -0.261158 -0.915676 0.305505
vn -0.261158 -0.915676 0.305505
vn -0.261158 -0.915676 0.305505
vn -0.261158 -0.915676 0.305505
vn -0.659918 -0.358900 0.660075
vn -0.659918 -0.358900 0.660075
vn -0.659918 -0.358900 0.660075
vn -0.659918 -0.358900 0.660075
vn -0.221704 -0.385089 -0.895854
vn -0.221704 -0.385089 -0.895854
vn -0.221704 -0.385089 -0.895854
vn -0.221704 -0.385089 -0.895854
vn -0.091782 -0.924204 -0.370706
vn -0.091782 -0.924204 -0.370706
vn -0.091782 -0.924204 -0.370706
vn -0.091782 -0.924204 -0.370706
vn -0.091782 -0.924203 0.370708
vn -0.091782 -0.924203 0.370708
vn -0.091782 -0.924203 0.370708
vn -0.091782 -0.924203 0.370708
vn -0.221699 -0.385093 0.895853
vn -0.221699 -0.385093 0.895853
vn -0.221699 -0.385093 0.895853
vn -0.221699 -0.385093 0.895853
vn -0.254963 -0.915811 0.310296
vn -0.254963 -0.915811 0.310296
vn -0.254963 -0.915811 0.310296
vn -0.254963 -0.915811 0.310296
vn -0.644090 -0.358698 0.675636
vn -0.644090 -0.358698 0.675636
vn -0.644090 -0.358698 0.675636
vn -0.644090 -0.358698 0.675636
vn 0.254778 -0.915852 -0.310327
vn 0.254778 -0.915852 -0.310327
vn 0.254778 -0.915852 -0.310327
vn 0.254778 -0.915852 -0.310327
vn 0.644125 -0.358732 -0.675584
vn 0.644125 -0.358732 -0.675584
vn 0.644125 -0.358732 -0.675584
vn 0.644125 -0.358732 -0.675584
vn -0.996760 -0.080439 -0.000001
vn -0.996760 -0.080439 -0.000001
vn -0.996760 -0.080439 -0.000001
vn -0.996760 -0.080439 -0.000001
vn -0.996758 -0.080459 -0.000004
vn -0.996758 -0.080459 -0.000004
vn -0.996758 -0.080459 -0.000004
vn -0.996758 -0.080459 -0.000004
vn 0.996795 -0.079999 0.000004
vn 0.996795 -0.079999 0.000004
vn 0.996795 -0.079999 0.000004
vn 0.996795 -0.079999 0.000004
vn 0.996793 -0.080025 0.000001
vn 0.996793 -0.080025 0.000001
vn 0.996793 -0.080025 0.000001
vn 0.996793 -0.080025 0.000001
vn -0.997861 -0.065370 -0.000004
vn -0.997861 -0.065370 -0.000004
vn -0.997861 -0.065370 -0.000004
vn -0.997861 -0.065370 -0.000004
vn -0.997863 -0.065342 -0.000001
vn -0.997863 -0.065342 -0.000001
vn -0.997863 -0.065342 -0.000001
vn -0.997863 -0.065342 -0.000001
vn 0.997843 -0.065641 0.000004
vn 0.997843 -0.065641 0.000004
vn 0.997843 -0.065641 0.000004
vn 0.997843 -0.065641 0.000004
vn 0.997844 -0.065638 0.000001
vn 0.997844 -0.065638 0.000001
vn 0.997844 -0.065638 0.000001
vn 0.997844 -0.065638 0.000001
s off
g S_U_11 Unit_Base_04
usemtl aiStandardSurface1SG3
f 55/29/85 85/30/86 86/31/87 60/32/88
f 80/33/89 58/34/90 53/35/91 79/36/92
f 33/38/93 34/42/94 36/46/95 35/48/96
f 30/51/97 29/56/98 37/57/99 38/137/100
f 38/137/101 37/57/102 35/48/103 36/46/104
f 34/42/105 33/38/106 39/140/107 40/141/108
f 40/141/109 39/140/110 32/146/111 31/162/112
f 43/58/113 44/60/114 52/61/115 47/62/116
f 44/60/117 43/58/118 42/63/119 45/64/120
f 45/64/121 42/63/122 41/65/123 46/66/124
f 50/67/125 49/68/126 48/77/127 51/78/128
f 51/78/129 48/77/130 47/62/131 52/61/132
f 85/30/133 55/29/134 61/39/135 84/41/136
f 84/41/137 61/39/138 63/44/139 83/50/140
f 60/32/141 86/31/142 87/54/143 66/81/144
f 66/81/145 87/54/146 88/82/147 67/83/148
f 79/36/149 53/35/150 69/37/151 78/40/152
f 78/40/153 69/37/154 71/43/155 77/45/156
f 81/47/157 74/49/158 58/34/159 80/33/160
f 74/49/161 81/47/162 82/52/163 75/53/164
f 56/110/165 52/61/166 44/60/167 59/130/168
f 36/84/169 34/95/170 55/29/171 60/32/172
f 53/35/173 58/34/174 33/55/175 35/59/176
f 43/69/177 47/70/178 57/71/179 54/72/180
f 51/78/181 52/61/182 56/110/183 62/131/184
f 61/39/185 55/29/186 34/95/187 40/96/188
f 63/44/189 61/39/190 40/96/191 31/97/192
f 50/67/193 51/78/194 62/131/195 64/134/196
f 38/98/197 36/84/198 60/32/199 66/81/200
f 59/130/201 44/60/202 45/64/203 65/138/204
f 30/99/205 38/98/206 66/81/207 67/83/208
f 65/138/209 45/64/210 46/66/211 68/139/212
f 42/73/213 43/69/214 54/72/215 70/74/216
f 69/37/217 53/35/218 35/59/219 37/75/220
f 71/43/221 69/37/222 37/75/223 29/76/224
f 41/79/225 42/73/226 70/74/227 72/80/228
f 58/34/229 74/49/230 39/85/231 33/55/232
f 47/70/233 48/86/234 73/87/235 57/71/236
f 32/88/237 39/85/238 74/49/239 75/53/240
f 73/87/241 48/86/242 49/89/243 76/90/244
f 78/40/245 77/45/246 72/80/247 70/74/248
f 79/36/249 78/40/250 70/74/251 54/72/252
f 80/33/253 79/36/254 54/72/255 57/71/256
f 81/47/257 80/33/258 57/71/259 73/87/260
f 82/52/261 81/47/262 73/87/263 76/90/264
f 84/41/265 83/50/266 64/100/267 62/107/268
f 85/30/269 84/41/270 62/107/271 56/108/272
f 86/31/273 85/30/274 56/108/275 59/109/276
f 87/54/277 86/31/278 59/109/279 65/111/280
f 88/82/281 87/54/282 65/111/283 68/112/284
f 91/91/285 90/92/286 93/93/287 92/94/288
f 90/92/289 89/101/290 94/102/291 93/93/292
f 97/115/293 96/116/294 99/119/295 98/120/296
f 96/116/297 95/121/298 100/122/299 99/119/300
f 103/103/301 102/104/302 105/105/303 104/106/304
f 102/104/305 101/113/306 106/114/307 105/105/308
f 109/123/309 108/124/310 111/125/311 110/127/312
f 108/124/313 107/128/314 112/129/315 111/125/316
f 115/117/317 114/118/318 117/126/319 116/132/320
f 114/118/321 113/136/322 118/143/323 117/126/324
f 136/142/325 135/145/326 138/148/327 137/155/328
f 135/145/329 134/157/330 139/160/331 138/148/332
f 71/43/333 91/91/334 92/94/335 77/45/336
f 88/82/337 100/122/338 95/121/339 67/83/340
f 82/52/341 106/114/342 101/113/343 75/53/344
f 63/44/345 109/123/346 110/127/347 83/50/348
f 115/117/349 116/132/350 41/79/351 72/80/352
f 95/121/353 119/133/354 30/99/355 67/83/356
f 101/113/357 131/144/358 32/88/359 75/53/360
f 64/134/361 136/142/362 137/155/363 50/67/364
f 63/44/365 31/97/366 146/135/367 109/123/368
f 68/139/369 46/66/370 125/167/371 122/168/372
f 71/43/373 29/76/374 128/149/375 91/91/376
f 76/90/377 49/89/378 143/150/379 140/151/380
f 92/94/381 115/117/382 72/80/383 77/45/384
f 76/90/385 140/151/386 106/114/387 82/52/388
f 110/127/389 136/147/390 64/100/391 83/50/392
f 68/112/393 122/173/394 100/122/395 88/82/396
f 31/162/397 32/146/398 131/163/399 146/165/400
f 119/166/401 128/171/402 29/56/403 30/51/404
f 46/66/405 41/65/406 116/169/407 125/167/408
f 137/155/409 143/170/410 49/68/411 50/67/412
f 95/121/413 96/116/414 120/174/415 119/133/416
f 96/116/417 97/115/418 121/175/419 120/174/420
f 101/113/421 102/104/422 132/152/423 131/144/424
f 102/104/425 103/103/426 133/153/427 132/152/428
f 92/94/429 93/93/430 114/118/431 115/117/432
f 93/93/433 94/102/434 113/136/435 114/118/436
f 98/120/437 99/119/438 123/176/439 124/177/440
f 99/119/441 100/122/442 122/173/443 123/176/444
f 124/184/445 123/185/446 126/187/447 127/188/448
f 123/185/449 122/168/450 125/167/451 126/187/452
f 89/101/453 90/92/454 129/154/455 130/156/456
f 90/92/457 91/91/458 128/149/459 129/154/460
f 110/127/461 111/125/462 135/178/463 136/147/464
f 111/125/465 112/129/466 134/180/467 135/178/468
f 104/106/469 105/105/470 141/158/471 142/159/472
f 105/105/473 106/114/474 140/151/475 141/158/476
f 142/159/477 141/158/478 144/161/479 145/164/480
f 141/158/481 140/151/482 143/150/483 144/161/484
f 107/128/485 108/124/486 147/182/487 148/183/488
f 108/124/489 109/123/490 146/135/491 147/182/492
f 121/172/493 130/179/494 129/181/495 120/186/496
f 120/186/497 129/181/498 128/171/499 119/166/500
f 125/167/501 116/169/502 117/189/503 126/187/504
f 126/187/505 117/189/506 118/190/507 127/188/508
f 138/148/509 144/191/510 143/170/511 137/155/512
f 139/160/513 145/192/514 144/191/515 138/148/516
f 146/165/517 131/163/518 132/193/519 147/194/520
f 147/194/521 132/193/522 133/195/523 148/196/524
g default
v -405.554810 -0.575789 320.797699
v -412.048706 -0.613685 321.804047
v -415.621948 -0.575789 316.288666
v -412.895630 274.738525 314.346222
v -415.621948 269.219940 316.288666
v -412.218140 269.458649 321.953583
v -406.037476 269.593842 321.228363
v -406.245728 274.846344 317.774567
v -406.501831 277.019928 309.419525
v -371.559814 274.587799 292.360840
v -370.755859 268.719513 294.513000
v 415.621887 -0.201865 286.122772
v 413.227844 -0.201865 291.902557
v 407.448059 -0.201865 294.296661
v 407.448059 274.625854 291.902557
v 407.448059 268.846008 294.296661
v 413.227844 268.846344 291.902557
v 415.621887 268.846008 286.122772
v 413.227844 274.625854 286.121674
v 407.448059 277.019928 286.122772
v -117.671143 -0.202887 291.902557
v -123.450928 -0.201903 294.296661
v -115.277100 -0.201903 286.122772
v 323.226746 -0.201865 291.902557
v 320.832703 -0.201865 286.122772
v 329.006531 -0.201865 294.296661
v -99.831543 263.834869 286.122772
v -100.307861 266.228943 291.902557
v -101.457520 272.008789 294.296661
v 307.012878 272.008789 294.296661
v 305.862976 266.228943 291.902557
v 305.386902 263.834869 286.122772
v -123.450928 250.015167 294.296661
v -117.671143 248.865417 291.902557
v -115.277100 248.389191 286.122772
v 320.832703 248.389191 286.122772
v 323.226746 248.865387 291.902557
v 329.006531 250.015076 294.296661
v -117.009033 265.566986 294.296661
v -112.585205 261.143311 291.902557
v -110.752930 259.310944 286.122772
v 322.564636 265.567017 294.296661
v 318.141296 261.143311 291.902557
v 316.308777 259.310944 286.122772
v -411.217163 273.832031 319.759857
v 412.165344 273.563690 290.839935
v -370.558105 0.000076 295.367828
v -375.168213 -0.014997 296.202881
v -379.216919 -0.067478 298.559814
v -379.098999 268.796570 298.462463
v -375.183838 268.723877 295.942383
v -376.006836 274.590332 293.750183
v -379.955322 274.612793 296.218536
v -382.227783 277.019928 291.006775
v -377.970581 277.019928 288.746185
v -373.230103 277.019928 287.955933
vt -0.335082 0.033897
vt -0.322321 0.033820
vt -0.322257 0.558383
vt -0.334977 0.558288
vt -0.309560 0.033879
vt -0.310462 0.558494
vt 1.293729 0.034921
vt 1.305922 0.034986
vt 1.303093 0.558125
vt 1.291025 0.557924
vt 1.318118 0.035051
vt 1.315291 0.558385
vt 0.256841 0.033732
vt 0.268997 0.033719
vt 0.269495 0.518268
vt 0.257367 0.520552
vt 0.281153 0.033710
vt 0.281534 0.517210
vt 1.116761 0.034072
vt 1.128916 0.034124
vt 1.126726 0.518171
vt 1.114692 0.517068
vt 1.141071 0.034178
vt 1.138846 0.520500
vt 0.300365 0.563344
vt 0.302622 0.551183
vt 1.093329 0.550829
vt 1.095588 0.562985
vt 0.303621 0.539078
vt 1.092329 0.538725
vt 1.116790 0.541359
vt 1.125956 0.550656
vt 1.109411 0.533863
vt 0.279227 0.541566
vt 0.270041 0.550825
vt 0.286600 0.534117
vt -0.308414 0.568870
vt -0.300119 0.583519
vt -0.323144 0.577090
vt -0.318748 0.565867
vt 1.307986 0.575078
vt 1.291196 0.581979
vt 1.291126 0.569795
vt 1.300590 0.567513
vt -0.224057 0.557634
vt -0.225477 0.569849
vt -0.242495 0.034777
vt -0.233361 0.034866
vt -0.233197 0.557587
vt -0.242321 0.557648
vt -0.224225 0.034882
vt -0.241949 0.569936
vt -0.233696 0.570025
vt -0.233588 0.579540
vt -0.239567 0.581271
vt -0.228687 0.579632
vn -0.848357 -0.000413 0.529424
vn -0.848358 -0.000413 0.529424
vn -0.848357 -0.000413 0.529424
vn -0.848357 -0.000413 0.529424
vn 0.135372 -0.000901 0.990795
vn 0.135372 -0.000901 0.990794
vn 0.135372 -0.000901 0.990794
vn 0.135372 -0.000901 0.990795
vn 0.382689 0.000000 0.923877
vn 0.382689 0.000000 0.923877
vn 0.382689 0.000000 0.923877
vn 0.382689 0.000000 0.923877
vn 0.923881 0.000000 0.382680
vn 0.923881 0.000000 0.382680
vn 0.923881 0.000000 0.382680
vn 0.923881 0.000000 0.382680
vn 0.382689 0.000000 0.923877
vn 0.382689 0.000000 0.923877
vn 0.382689 0.000000 0.923877
vn 0.382689 0.000000 0.923877
vn 0.923881 0.000000 0.382681
vn 0.923881 0.000000 0.382681
vn 0.923881 0.000000 0.382681
vn 0.923881 0.000000 0.382681
vn -0.923881 0.000000 0.382681
vn -0.923881 0.000000 0.382681
vn -0.923881 0.000000 0.382681
vn -0.923881 0.000000 0.382681
vn -0.382689 0.000000 0.923877
vn -0.382689 0.000000 0.923877
vn -0.382689 0.000000 0.923877
vn -0.382689 0.000000 0.923877
vn 0.000000 -0.382685 0.923879
vn 0.000000 -0.382685 0.923879
vn 0.000000 -0.382685 0.923879
vn 0.000000 -0.382685 0.923879
vn 0.000000 -0.923880 0.382683
vn 0.000000 -0.923880 0.382683
vn 0.000000 -0.923880 0.382683
vn 0.000000 -0.923880 0.382683
vn -0.146447 -0.353558 0.923878
vn -0.146447 -0.353557 0.923878
vn -0.146447 -0.353557 0.923878
vn -0.146447 -0.353557 0.923878
vn -0.353545 -0.853556 0.382685
vn -0.353545 -0.853557 0.382685
vn -0.353545 -0.853557 0.382685
vn -0.353545 -0.853556 0.382685
vn 0.353552 -0.146452 0.923879
vn 0.353552 -0.146452 0.923879
vn 0.353552 -0.146452 0.923879
vn 0.353552 -0.146452 0.923879
vn 0.853547 -0.353572 0.382680
vn 0.853547 -0.353572 0.382680
vn 0.853547 -0.353572 0.382680
vn 0.853547 -0.353572 0.382680
vn 0.353563 -0.853549 0.382684
vn 0.353563 -0.853549 0.382684
vn 0.353563 -0.853549 0.382684
vn 0.353563 -0.853549 0.382684
vn 0.146451 -0.353552 0.923879
vn 0.146451 -0.353552 0.923879
vn 0.146451 -0.353552 0.923879
vn 0.146451 -0.353552 0.923879
vn -0.853553 -0.353544 0.382694
vn -0.853553 -0.353544 0.382694
vn -0.853553 -0.353544 0.382694
vn -0.853553 -0.353544 0.382694
vn -0.353566 -0.146450 0.923874
vn -0.353566 -0.146450 0.923874
vn -0.353566 -0.146450 0.923874
vn -0.353566 -0.146450 0.923874
vn -0.136496 0.962488 0.234491
vn -0.136496 0.962488 0.234491
vn -0.136496 0.962488 0.234491
vn -0.136496 0.962488 0.234491
vn -0.794494 0.463462 0.392407
vn -0.794494 0.463462 0.392407
vn -0.794494 0.463462 0.392407
vn -0.794494 0.463462 0.392407
vn 0.157863 0.489987 0.857317
vn 0.157863 0.489987 0.857317
vn 0.157864 0.489987 0.857317
vn 0.157863 0.489987 0.857317
vn 0.325310 0.887910 0.325253
vn 0.325310 0.887910 0.325253
vn 0.325310 0.887910 0.325253
vn 0.325310 0.887910 0.325253
vn 0.325295 0.325309 0.887895
vn 0.325295 0.325309 0.887895
vn 0.325295 0.325309 0.887895
vn 0.325295 0.325309 0.887895
vn 0.887902 0.325330 0.325254
vn 0.887902 0.325330 0.325254
vn 0.887902 0.325330 0.325254
vn 0.887902 0.325330 0.325254
vn 0.000000 0.000000 1.000000
vn 0.000000 0.000000 1.000000
vn 0.000000 0.000000 1.000000
vn 0.000000 0.000000 1.000000
vn 0.000842 -0.000842 0.999999
vn 0.000842 -0.000842 0.999999
vn 0.000842 -0.000842 0.999999
vn 0.000842 -0.000842 0.999999
vn 0.000274 0.645434 0.763816
vn 0.000274 0.645434 0.763816
vn 0.000274 0.645434 0.763816
vn 0.000274 0.645434 0.763816
vn 0.022388 0.054050 0.998287
vn 0.022388 0.054050 0.998287
vn 0.022388 0.054050 0.998287
vn -0.004259 0.110260 0.993894
vn -0.004259 0.110260 0.993894
vn -0.004259 0.110260 0.993894
vn -0.004259 0.110260 0.993894
vn 0.522247 0.000468 0.852794
vn 0.522247 0.000468 0.852794
vn 0.522247 0.000468 0.852794
vn 0.522247 0.000468 0.852794
vn 0.243024 0.002110 0.970018
vn 0.243024 0.002110 0.970018
vn 0.243024 0.002110 0.970018
vn 0.243024 0.002110 0.970018
vn 0.203494 0.914855 0.348755
vn 0.203494 0.914855 0.348755
vn 0.203494 0.914855 0.348755
vn 0.203494 0.914856 0.348755
vn 0.101204 0.899251 0.425565
vn 0.101204 0.899251 0.425565
vn 0.101204 0.899251 0.425565
vn 0.101204 0.899251 0.425565
vn 0.587070 0.414433 0.695409
vn 0.587070 0.414433 0.695409
vn 0.587070 0.414433 0.695409
vn 0.587070 0.414433 0.695409
vn 0.645305 -0.000036 0.763925
vn 0.645305 -0.000036 0.763925
vn 0.645305 -0.000036 0.763925
vn 0.645305 -0.000036 0.763925
vn 0.002667 0.001648 0.999995
vn 0.002667 0.001648 0.999995
vn 0.002667 0.001648 0.999995
vn 0.002667 0.001648 0.999995
vn 0.000607 0.903713 0.428138
vn 0.000607 0.903713 0.428138
vn 0.000607 0.903713 0.428138
vn 0.000607 0.903713 0.428138
vn 0.221426 0.935700 0.274657
vn 0.221426 0.935700 0.274657
vn 0.221426 0.935700 0.274657
vn 0.221426 0.935700 0.274657
vn -0.003446 0.343903 0.938999
vn -0.003446 0.343903 0.938999
vn -0.003446 0.343903 0.938999
vn 0.501005 0.369235 0.782726
vn 0.501005 0.369235 0.782726
vn 0.501005 0.369235 0.782726
vn 0.501005 0.369235 0.782726
vn 0.281808 0.367229 0.886412
vn 0.281808 0.367229 0.886412
vn 0.281808 0.367229 0.886412
vn 0.281808 0.367229 0.886412
s off
g S_U_11 Unit_Base_05
usemtl aiStandardSurface7SG
f 151/197/525 150/198/526 154/199/527 153/200/528
f 150/198/529 149/201/530 155/202/531 154/199/532
f 162/203/533 161/204/534 165/205/535 164/206/536
f 161/204/537 160/207/538 166/208/539 165/205/540
f 170/209/541 169/210/542 182/211/543 181/212/544
f 169/210/545 171/213/546 183/214/547 182/211/548
f 173/215/549 172/216/550 185/217/551 184/218/552
f 172/216/553 174/219/554 186/220/555 185/217/556
f 177/221/557 176/222/558 179/223/559 178/224/560
f 176/222/561 175/225/562 180/226/563 179/223/564
f 178/224/565 179/223/566 191/227/567 190/228/568
f 179/223/569 180/226/570 192/229/571 191/227/572
f 181/212/573 182/211/574 188/230/575 187/231/576
f 182/211/577 183/214/578 189/232/579 188/230/580
f 175/225/581 176/222/582 188/230/583 189/232/584
f 176/222/585 177/221/586 187/231/587 188/230/588
f 184/218/589 185/217/590 191/227/591 192/229/592
f 185/217/593 186/220/594 190/228/595 191/227/596
f 156/233/597 157/234/598 152/235/599 193/236/600
f 152/235/601 153/200/602 154/199/603 193/236/604
f 154/199/605 155/202/606 156/233/607 193/236/608
f 167/237/609 168/238/610 163/239/611 194/240/612
f 163/239/613 164/206/614 165/205/615 194/240/616
f 165/205/617 166/208/618 167/237/619 194/240/620
f 164/206/621 186/220/622 174/219/623 162/203/624
f 159/241/625 181/212/626 187/231/627 177/221/628
f 158/242/629 177/221/630 178/224/631 163/239/632
f 190/228/633 163/239/634 178/224/635
f 164/206/636 163/239/637 190/228/638 186/220/639
f 197/243/640 196/244/641 199/245/642 198/246/643
f 196/244/644 195/247/645 159/241/646 199/245/647
f 201/248/648 200/249/649 203/250/650 202/251/651
f 200/249/652 158/242/653 204/252/654 203/250/655
f 156/233/656 155/202/657 198/246/658 201/248/659
f 149/201/660 197/243/661 198/246/662 155/202/663
f 159/241/664 195/247/665 170/209/666 181/212/667
f 158/242/668 163/239/669 168/238/670 204/252/671
f 157/234/672 156/233/673 201/248/674 202/251/675
f 158/242/676 159/241/677 177/221/678
f 198/246/679 199/245/680 200/249/681 201/248/682
f 199/245/683 159/241/684 158/242/685 200/249/686
g default
v -79.755554 243.461990 288.435760
v -79.138367 244.951752 288.435760
v -77.648621 245.568848 288.435760
v -78.265808 246.185928 289.925568
v -79.755554 247.675690 290.542633
v -81.862488 245.568848 290.542633
v -80.372742 244.079086 289.925568
v -81.245300 247.058640 290.542633
v 50.818909 245.568848 288.435760
v 52.308655 244.951752 288.435760
v 52.925842 243.461990 288.435760
v 53.543030 244.079086 289.925568
v 55.032776 245.568848 290.542633
v 52.925842 247.675690 290.542633
v 51.436096 246.185928 289.925568
v 54.415588 247.058640 290.542633
v -77.648621 138.450546 288.435760
v -79.138367 139.067596 288.435760
v -79.755554 140.557388 288.435760
v -80.372742 139.940308 289.925568
v -81.862488 138.450546 290.542633
v -79.755554 136.343658 290.542633
v -78.265808 137.833450 289.925568
v -81.245300 136.960754 290.542633
v -79.755554 144.705109 288.435760
v -79.138367 146.194901 288.435760
v -77.648621 146.811996 288.435760
v -78.265808 147.429047 289.925568
v -79.755554 148.918839 290.542633
v -81.862488 146.811996 290.542633
v -80.372742 145.322205 289.925568
v -81.245300 148.301758 290.542633
v 288.339050 140.557388 288.435760
v 287.721863 139.067596 288.435760
v 286.232117 138.450546 288.435760
v 286.849304 137.833450 289.925568
v 288.339050 136.343658 290.542633
v 290.445984 138.450546 290.542633
v 288.956238 139.940308 289.925568
v 289.828796 136.960754 290.542633
v 286.232117 146.811996 288.435760
v 287.721863 146.194901 288.435760
v 288.339050 144.705109 288.435760
v 288.956238 145.322205 289.925568
v 290.445984 146.811996 290.542633
v 288.339050 148.918839 290.542633
v 286.849304 147.429047 289.925568
v 289.828796 148.301758 290.542633
v 52.925842 140.557388 288.435760
v 52.308655 139.067596 288.435760
v 50.818909 138.450546 288.435760
v 51.436096 137.833450 289.925568
v 52.925842 136.343658 290.542633
v 55.032776 138.450546 290.542633
v 53.543030 139.940308 289.925568
v 54.415588 136.960754 290.542633
v -79.755554 103.804451 288.435760
v -79.138367 105.294212 288.435760
v -77.648621 105.911293 288.435760
v -78.265808 106.528374 289.925568
v -79.755554 108.018135 290.542633
v -81.862488 105.911293 290.542633
v -80.372742 104.421516 289.925568
v -81.245300 107.401070 290.542633
v 50.818909 105.911293 288.435760
v 52.308655 105.294212 288.435760
v 52.925842 103.804451 288.435760
v 53.543030 104.421516 289.925568
v 55.032776 105.911293 290.542633
v 52.925842 108.018135 290.542633
v 51.436096 106.528374 289.925568
v 54.415588 107.401070 290.542633
v -77.648621 29.199303 288.435760
v -79.138367 29.816383 288.435760
v -79.755554 31.306152 288.435760
v -80.372742 30.689072 289.925568
v -81.862488 29.199303 290.542633
v -79.755554 27.092453 290.542633
v -78.265808 28.582222 289.925568
v -81.245300 27.709534 290.542633
v 52.925842 31.306152 288.435760
v 52.308655 29.816383 288.435760
v 50.818909 29.199303 288.435760
v 51.436096 28.582222 289.925568
v 52.925842 27.092453 290.542633
v 55.032776 29.199303 290.542633
v 53.543030 30.689072 289.925568
v 54.415588 27.709534 290.542633
v 52.308655 139.067596 285.815826
v 52.925842 140.557388 285.815826
v 52.308655 140.557388 284.326019
v 50.818909 140.557388 283.708954
v 50.818909 139.067596 284.326019
v 50.818909 138.450546 285.815826
v 52.308655 146.194901 285.815826
v 50.818909 146.811996 285.815826
v 50.818909 146.194901 284.326019
v 50.818909 144.705109 283.708954
v 52.308655 144.705109 284.326019
v 52.925842 144.705109 285.815826
v -79.138367 146.194901 285.815826
v -79.755554 144.705109 285.815826
v -79.138367 144.705109 284.326019
v -77.648621 144.705109 283.708954
v -77.648621 146.194901 284.326019
v -77.648621 146.811996 285.815826
v -79.138367 139.067596 285.815826
v -77.648621 138.450546 285.815826
v -77.648621 139.067596 284.326019
v -77.648621 140.557388 283.708954
v -79.138367 140.557388 284.326019
v -79.755554 140.557388 285.815826
v 286.232117 213.936890 288.435760
v 287.721863 213.319794 288.435760
v 288.339050 211.830032 288.435760
v 288.956238 212.447128 289.925568
v 290.445984 213.936890 290.542633
v 288.339050 216.043732 290.542633
v 286.849304 214.553970 289.925568
v 289.828796 215.426682 290.542633
v 288.339050 207.682404 288.435760
v 287.721863 206.192642 288.435760
v 286.232117 205.575562 288.435760
v 286.849304 204.958466 289.925568
v 288.339050 203.468704 290.542633
v 290.445984 205.575562 290.542633
v 288.956238 207.065353 289.925568
v 289.828796 204.085800 290.542633
v -79.138367 206.192642 285.815826
v -77.648621 205.575562 285.815826
v -77.648621 206.192642 284.326019
v -77.648621 207.682404 283.708954
v -79.138367 207.682404 284.326019
v -79.755554 207.682404 285.815826
v -79.138367 213.319794 285.815826
v -79.755554 211.830032 285.815826
v -79.138367 211.830032 284.326019
v -77.648621 211.830032 283.708954
v -77.648621 213.319794 284.326019
v -77.648621 213.936890 285.815826
v 52.308655 206.192642 285.815826
v 52.925842 207.682404 285.815826
v 52.308655 207.682404 284.326019
v 50.818909 207.682404 283.708954
v 50.818909 206.192642 284.326019
v 50.818909 205.575562 285.815826
v 52.308655 213.319794 285.815826
v 50.818909 213.936890 285.815826
v 50.818909 213.319794 284.326019
v 50.818909 211.830032 283.708954
v 52.308655 211.830032 284.326019
v 52.925842 211.830032 285.815826
v -79.755554 211.830032 288.435760
v -79.138367 213.319794 288.435760
v -77.648621 213.936890 288.435760
v -78.265808 214.553970 289.925568
v -79.755554 216.043732 290.542633
v -81.862488 213.936890 290.542633
v -80.372742 212.447128 289.925568
v -81.245300 215.426682 290.542633
v -77.648621 205.575562 288.435760
v -79.138367 206.192642 288.435760
v -79.755554 207.682404 288.435760
v -80.372742 207.065353 289.925568
v -81.862488 205.575562 290.542633
v -79.755554 203.468704 290.542633
v -78.265808 204.958466 289.925568
v -81.245300 204.085800 290.542633
v -77.648621 62.371368 288.435760
v -79.138367 62.988441 288.435760
v -79.755554 64.478218 288.435760
v -80.372742 63.861137 289.925568
v -81.862488 62.371368 290.542633
v -79.755554 60.264519 290.542633
v -78.265808 61.754280 289.925568
v -81.245300 60.881599 290.542633
v -79.755554 68.625984 288.435760
v -79.138367 70.115746 288.435760
v -77.648621 70.732826 288.435760
v -78.265808 71.349907 289.925568
v -79.755554 72.839668 290.542633
v -81.862488 70.732826 290.542633
v -80.372742 69.243050 289.925568
v -81.245300 72.222603 290.542633
v 52.308655 62.988441 285.815826
v 52.925842 64.478218 285.815826
v 52.308655 64.478218 284.326019
v 50.818909 64.478218 283.708954
v 50.818909 62.988441 284.326019
v 50.818909 62.371368 285.815826
v 52.308655 70.115746 285.815826
v 50.818909 70.732826 285.815826
v 50.818909 70.115746 284.326019
v 50.818909 68.625984 283.708954
v 52.308655 68.625984 284.326019
v 52.925842 68.625984 285.815826
v -79.138367 70.115746 285.815826
v -79.755554 68.625984 285.815826
v -79.138367 68.625984 284.326019
v -77.648621 68.625984 283.708954
v -77.648621 70.115746 284.326019
v -77.648621 70.732826 285.815826
v -79.138367 62.988441 285.815826
v -77.648621 62.371368 285.815826
v -77.648621 62.988441 284.326019
v -77.648621 64.478218 283.708954
v -79.138367 64.478218 284.326019
v -79.755554 64.478218 285.815826
v 288.339050 64.478218 288.435760
v 287.721863 62.988441 288.435760
v 286.232117 62.371368 288.435760
v 286.849304 61.754280 289.925568
v 288.339050 60.264519 290.542633
v 290.445984 62.371368 290.542633
v 288.956238 63.861137 289.925568
v 289.828796 60.881599 290.542633
v 286.232117 70.732826 288.435760
v 287.721863 70.115746 288.435760
v 288.339050 68.625984 288.435760
v 288.956238 69.243050 289.925568
v 290.445984 70.732826 290.542633
v 288.339050 72.839668 290.542633
v 286.849304 71.349907 289.925568
v 289.828796 72.222603 290.542633
v 52.925842 64.478218 288.435760
v 52.308655 62.988441 288.435760
v 50.818909 62.371368 288.435760
v 51.436096 61.754280 289.925568
v 52.925842 60.264519 290.542633
v 55.032776 62.371368 290.542633
v 53.543030 63.861137 289.925568
v 54.415588 60.881599 290.542633
v -79.755554 35.453880 288.435760
v -79.138367 36.943657 288.435760
v -77.648621 37.560738 288.435760
v -78.265808 38.177818 289.925568
v -79.755554 39.667595 290.542633
v -81.862488 37.560738 290.542633
v -80.372742 36.070969 289.925568
v -81.245300 39.050507 290.542633
v 50.818909 37.560738 288.435760
v 52.308655 36.943657 288.435760
v 52.925842 35.453880 288.435760
v 53.543030 36.070969 289.925568
v 55.032776 37.560738 290.542633
v 52.925842 39.667595 290.542633
v 51.436096 38.177818 289.925568
v 54.415588 39.050507 290.542633
v -77.648621 170.790543 288.435760
v -79.138367 171.407593 288.435760
v -79.755554 172.897369 288.435760
v -80.372742 172.280319 289.925568
v -81.862488 170.790543 290.542633
v -79.755554 168.683655 290.542633
v -78.265808 170.173431 289.925568
v -81.245300 169.300751 290.542633
v -79.755554 175.372742 288.435760
v -79.138367 176.862534 288.435760
v -77.648621 177.479630 288.435760
v -78.265808 178.096680 289.925568
v -79.755554 179.586472 290.542633
v -81.862488 177.479630 290.542633
v -80.372742 175.989838 289.925568
v -81.245300 178.969391 290.542633
v 52.308655 171.407593 285.815826
v 52.925842 172.897369 285.815826
v 52.308655 172.897369 284.326019
v 50.818909 172.897369 283.708954
v 50.818909 171.407593 284.326019
v 50.818909 170.790543 285.815826
v 52.308655 176.862534 285.815826
v 50.818909 177.479630 285.815826
v 50.818909 176.862534 284.326019
v 50.818909 175.372742 283.708954
v 52.308655 175.372742 284.326019
v 52.925842 175.372742 285.815826
v -79.138367 176.862534 285.815826
v -79.755554 175.372742 285.815826
v -79.138367 175.372742 284.326019
v -77.648621 175.372742 283.708954
v -77.648621 176.862534 284.326019
v -77.648621 177.479630 285.815826
v -79.138367 171.407593 285.815826
v -77.648621 170.790543 285.815826
v -77.648621 171.407593 284.326019
v -77.648621 172.897369 283.708954
v -79.138367 172.897369 284.326019
v -79.755554 172.897369 285.815826
v 288.339050 172.897369 288.435760
v 287.721863 171.407593 288.435760
v 286.232117 170.790543 288.435760
v 286.849304 170.173431 289.925568
v 288.339050 168.683655 290.542633
v 290.445984 170.790543 290.542633
v 288.956238 172.280319 289.925568
v 289.828796 169.300751 290.542633
v 286.232117 177.479630 288.435760
v 287.721863 176.862534 288.435760
v 288.339050 175.372742 288.435760
v 288.956238 175.989838 289.925568
v 290.445984 177.479630 290.542633
v 288.339050 179.586472 290.542633
v 286.849304 178.096680 289.925568
v 289.828796 178.969391 290.542633
v 52.925842 207.682404 288.435760
v 52.308655 206.192642 288.435760
v 50.818909 205.575562 288.435760
v 51.436096 204.958466 289.925568
v 52.925842 203.468704 290.542633
v 55.032776 205.575562 290.542633
v 53.543030 207.065353 289.925568
v 54.415588 204.085800 290.542633
v 50.818909 177.479630 288.435760
v 52.308655 176.862534 288.435760
v 52.925842 175.372742 288.435760
v 53.543030 175.989838 289.925568
v 55.032776 177.479630 290.542633
v 52.925842 179.586472 290.542633
v 51.436096 178.096680 289.925568
v 54.415588 178.969391 290.542633
v 52.925842 172.897369 288.435760
v 52.308655 171.407593 288.435760
v 50.818909 170.790543 288.435760
v 51.436096 170.173431 289.925568
v 52.925842 168.683655 290.542633
v 55.032776 170.790543 290.542633
v 53.543030 172.280319 289.925568
v 54.415588 169.300751 290.542633
v 50.818909 146.811996 288.435760
v 52.308655 146.194901 288.435760
v 52.925842 144.705109 288.435760
v 53.543030 145.322205 289.925568
v 55.032776 146.811996 290.542633
v 52.925842 148.918839 290.542633
v 51.436096 147.429047 289.925568
v 54.415588 148.301758 290.542633
v -77.648621 97.549858 288.435760
v -79.138367 98.166939 288.435760
v -79.755554 99.656715 288.435760
v -80.372742 99.039619 289.925568
v -81.862488 97.549858 290.542633
v -79.755554 95.443001 290.542633
v -78.265808 96.932777 289.925568
v -81.245300 96.060097 290.542633
v 52.308655 98.166939 285.815826
v 52.925842 99.656715 285.815826
v 52.308655 99.656715 284.326019
v 50.818909 99.656715 283.708954
v 50.818909 98.166939 284.326019
v 50.818909 97.549858 285.815826
v 52.308655 105.294212 285.815826
v 50.818909 105.911293 285.815826
v 50.818909 105.294212 284.326019
v 50.818909 103.804451 283.708954
v 52.308655 103.804451 284.326019
v 52.925842 103.804451 285.815826
v -79.138367 105.294212 285.815826
v -79.755554 103.804451 285.815826
v -79.138367 103.804451 284.326019
v -77.648621 103.804451 283.708954
v -77.648621 105.294212 284.326019
v -77.648621 105.911293 285.815826
v -79.138367 98.166939 285.815826
v -77.648621 97.549858 285.815826
v -77.648621 98.166939 284.326019
v -77.648621 99.656715 283.708954
v -79.138367 99.656715 284.326019
v -79.755554 99.656715 285.815826
v 288.339050 99.656715 288.435760
v 287.721863 98.166939 288.435760
v 286.232117 97.549858 288.435760
v 286.849304 96.932777 289.925568
v 288.339050 95.443001 290.542633
v 290.445984 97.549858 290.542633
v 288.956238 99.039619 289.925568
v 289.828796 96.060097 290.542633
v 286.232117 105.911293 288.435760
v 287.721863 105.294212 288.435760
v 288.339050 103.804451 288.435760
v 288.956238 104.421516 289.925568
v 290.445984 105.911293 290.542633
v 288.339050 108.018135 290.542633
v 286.849304 106.528374 289.925568
v 289.828796 107.401070 290.542633
v 52.925842 99.656715 288.435760
v 52.308655 98.166939 288.435760
v 50.818909 97.549858 288.435760
v 51.436096 96.932777 289.925568
v 52.925842 95.443001 290.542633
v 55.032776 97.549858 290.542633
v 53.543030 99.039619 289.925568
v 54.415588 96.060097 290.542633
v 50.818909 70.732826 288.435760
v 52.308655 70.115746 288.435760
v 52.925842 68.625984 288.435760
v 53.543030 69.243050 289.925568
v 55.032776 70.732826 290.542633
v 52.925842 72.839668 290.542633
v 51.436096 71.349907 289.925568
v 54.415588 72.222603 290.542633
v 52.308655 29.816383 285.815826
v 52.925842 31.306152 285.815826
v 52.308655 31.306152 284.326019
v 50.818909 31.306152 283.708954
v 50.818909 29.816383 284.326019
v 50.818909 29.199303 285.815826
v -79.138367 29.816383 285.815826
v -77.648621 29.199303 285.815826
v -77.648621 29.816383 284.326019
v -77.648621 31.306152 283.708954
v -79.138367 31.306152 284.326019
v -79.755554 31.306152 285.815826
v 52.308655 36.943657 285.815826
v 50.818909 37.560738 285.815826
v 50.818909 36.943657 284.326019
v 50.818909 35.453880 283.708954
v 52.308655 35.453880 284.326019
v 52.925842 35.453880 285.815826
v -79.138367 36.943657 285.815826
v -79.755554 35.453880 285.815826
v -79.138367 35.453880 284.326019
v -77.648621 35.453880 283.708954
v -77.648621 36.943657 284.326019
v -77.648621 37.560738 285.815826
v 288.339050 31.306152 288.435760
v 287.721863 29.816383 288.435760
v 286.232117 29.199303 288.435760
v 286.849304 28.582222 289.925568
v 288.339050 27.092453 290.542633
v 290.445984 29.199303 290.542633
v 288.956238 30.689072 289.925568
v 289.828796 27.709534 290.542633
v 286.232117 37.560738 288.435760
v 287.721863 36.943657 288.435760
v 288.339050 35.453880 288.435760
v 288.956238 36.070969 289.925568
v 290.445984 37.560738 290.542633
v 288.339050 39.667595 290.542633
v 286.849304 38.177818 289.925568
v 289.828796 39.050507 290.542633
v 50.818909 213.936890 288.435760
v 52.308655 213.319794 288.435760
v 52.925842 211.830032 288.435760
v 53.543030 212.447128 289.925568
v 55.032776 213.936890 290.542633
v 52.925842 216.043732 290.542633
v 51.436096 214.553970 289.925568
v 54.415588 215.426682 290.542633
v -77.648621 235.535172 288.435760
v -79.138367 236.152222 288.435760
v -79.755554 237.642014 288.435760
v -80.372742 237.024933 289.925568
v -81.862488 235.535172 290.542633
v -79.755554 233.428284 290.542633
v -78.265808 234.918076 289.925568
v -81.245300 234.045380 290.542633
v 52.925842 237.642014 288.435760
v 52.308655 236.152222 288.435760
v 50.818909 235.535172 288.435760
v 51.436096 234.918076 289.925568
v 52.925842 233.428284 290.542633
v 55.032776 235.535172 290.542633
v 53.543030 237.024933 289.925568
v 54.415588 234.045380 290.542633
v 286.232117 245.568848 288.435760
v 287.721863 244.951752 288.435760
v 288.339050 243.461990 288.435760
v 288.956238 244.079086 289.925568
v 290.445984 245.568848 290.542633
v 288.339050 247.675690 290.542633
v 286.849304 246.185928 289.925568
v 289.828796 247.058640 290.542633
v 288.339050 237.642014 288.435760
v 287.721863 236.152222 288.435760
v 286.232117 235.535172 288.435760
v 286.849304 234.918076 289.925568
v 288.339050 233.428284 290.542633
v 290.445984 235.535172 290.542633
v 288.956238 237.024933 289.925568
v 289.828796 234.045380 290.542633
v 52.308655 236.152222 285.815826
v 52.925842 237.642014 285.815826
v 52.308655 237.642014 284.326019
v 50.818909 237.642014 283.708954
v 50.818909 236.152222 284.326019
v 50.818909 235.535172 285.815826
v 52.308655 244.951752 285.815826
v 50.818909 245.568848 285.815826
v 50.818909 244.951752 284.326019
v 50.818909 243.461990 283.708954
v 52.308655 243.461990 284.326019
v 52.925842 243.461990 285.815826
v -79.138367 244.951752 285.815826
v -79.755554 243.461990 285.815826
v -79.138367 243.461990 284.326019
v -77.648621 243.461990 283.708954
v -77.648621 244.951752 284.326019
v -77.648621 245.568848 285.815826
v -79.138367 236.152222 285.815826
v -77.648621 235.535172 285.815826
v -77.648621 236.152222 284.326019
v -77.648621 237.642014 283.708954
v -79.138367 237.642014 284.326019
v -79.755554 237.642014 285.815826
v 157.764343 29.199303 288.435760
v 156.274597 29.816383 288.435760
v 155.657410 31.306152 288.435760
v 155.040222 30.689072 289.925568
v 153.550476 29.199303 290.542633
v 155.657410 27.092453 290.542633
v 157.147156 28.582222 289.925568
v 154.167664 27.709534 290.542633
v 156.274597 36.943657 285.815826
v 155.657410 35.453896 285.815826
v 156.274597 35.453896 284.326019
v 157.764343 35.453896 283.708954
v 157.764343 36.943657 284.326019
v 157.764343 37.560745 285.815826
v 156.274597 29.816383 285.815826
v 157.764343 29.199303 285.815826
v 157.764343 29.816383 284.326019
v 157.764343 31.306152 283.708954
v 156.274597 31.306152 284.326019
v 155.657410 31.306152 285.815826
v 287.721863 29.816383 285.815826
v 288.339050 31.306152 285.815826
v 287.721863 31.306152 284.326019
v 286.232117 31.306152 283.708954
v 286.232117 29.816383 284.326019
v 286.232117 29.199303 285.815826
v 287.721863 36.943657 285.815826
v 286.232117 37.560738 285.815826
v 286.232117 36.943657 284.326019
v 286.232117 35.453888 283.708954
v 287.721863 35.453880 284.326019
v 288.339050 35.453880 285.815826
v 157.764343 62.371368 288.435760
v 156.274597 62.988441 288.435760
v 155.657410 64.478218 288.435760
v 155.040222 63.861137 289.925568
v 153.550476 62.371368 290.542633
v 155.657410 60.264519 290.542633
v 157.147156 61.754280 289.925568
v 154.167664 60.881599 290.542633
v 155.657410 35.453896 288.435760
v 156.274597 36.943657 288.435760
v 157.764343 37.560745 288.435760
v 157.147156 38.177834 289.925568
v 155.657410 39.667595 290.542633
v 153.550476 37.560745 290.542633
v 155.040222 36.070976 289.925568
v 154.167664 39.050514 290.542633
v 287.721863 62.988441 285.815826
v 288.339050 64.478218 285.815826
v 287.721863 64.478218 284.326019
v 286.232117 64.478218 283.708954
v 286.232117 62.988441 284.326019
v 286.232117 62.371368 285.815826
v 287.721863 70.115746 285.815826
v 286.232117 70.732826 285.815826
v 286.232117 70.115746 284.326019
v 286.232117 68.625984 283.708954
v 287.721863 68.625984 284.326019
v 288.339050 68.625984 285.815826
v 156.274597 70.115746 285.815826
v 155.657410 68.625984 285.815826
v 156.274597 68.625984 284.326019
v 157.764343 68.625984 283.708954
v 157.764343 70.115746 284.326019
v 157.764343 70.732826 285.815826
v 156.274597 62.988441 285.815826
v 157.764343 62.371368 285.815826
v 157.764343 62.988441 284.326019
v 157.764343 64.478218 283.708954
v 156.274597 64.478218 284.326019
v 155.657410 64.478218 285.815826
v 157.764343 97.549873 288.435760
v 156.274597 98.166954 288.435760
v 155.657410 99.656715 288.435760
v 155.040222 99.039650 289.925568
v 153.550476 97.549873 290.542633
v 155.657410 95.443031 290.542633
v 157.147156 96.932793 289.925568
v 154.167664 96.060097 290.542633
v 155.657410 68.625984 288.435760
v 156.274597 70.115746 288.435760
v 157.764343 70.732826 288.435760
v 157.147156 71.349907 289.925568
v 155.657410 72.839668 290.542633
v 153.550476 70.732826 290.542633
v 155.040222 69.243050 289.925568
v 154.167664 72.222603 290.542633
v 287.721863 98.166939 285.815826
v 288.339050 99.656715 285.815826
v 287.721863 99.656715 284.326019
v 286.232117 99.656715 283.708954
v 286.232117 98.166939 284.326019
v 286.232117 97.549858 285.815826
v 287.721863 105.294212 285.815826
v 286.232117 105.911293 285.815826
v 286.232117 105.294212 284.326019
v 286.232117 103.804451 283.708954
v 287.721863 103.804451 284.326019
v 288.339050 103.804451 285.815826
v 156.274597 105.294212 285.815826
v 155.657410 103.804451 285.815826
v 156.274597 103.804451 284.326019
v 157.764343 103.804451 283.708954
v 157.764343 105.294212 284.326019
v 157.764343 105.911293 285.815826
v 156.274597 98.166954 285.815826
v 157.764343 97.549873 285.815826
v 157.764343 98.166954 284.326019
v 157.764343 99.656715 283.708954
v 156.274597 99.656715 284.326019
v 155.657410 99.656715 285.815826
v 157.764343 138.450546 288.435760
v 156.274597 139.067596 288.435760
v 155.657410 140.557388 288.435760
v 155.040222 139.940308 289.925568
v 153.550476 138.450546 290.542633
v 155.657410 136.343658 290.542633
v 157.147156 137.833450 289.925568
v 154.167664 136.960754 290.542633
v 155.657410 103.804451 288.435760
v 156.274597 105.294212 288.435760
v 157.764343 105.911293 288.435760
v 157.147156 106.528374 289.925568
v 155.657410 108.018135 290.542633
v 153.550476 105.911293 290.542633
v 155.040222 104.421516 289.925568
v 154.167664 107.401070 290.542633
v 287.721863 139.067596 285.815826
v 288.339050 140.557388 285.815826
v 287.721863 140.557388 284.326019
v 286.232117 140.557388 283.708954
v 286.232117 139.067596 284.326019
v 286.232117 138.450546 285.815826
v 287.721863 146.194901 285.815826
v 286.232117 146.811996 285.815826
v 286.232117 146.194901 284.326019
v 286.232117 144.705109 283.708954
v 287.721863 144.705109 284.326019
v 288.339050 144.705109 285.815826
v 156.274597 146.194901 285.815826
v 155.657410 144.705109 285.815826
v 156.274597 144.705109 284.326019
v 157.764343 144.705109 283.708954
v 157.764343 146.194901 284.326019
v 157.764343 146.811996 285.815826
v 156.274597 139.067596 285.815826
v 157.764343 138.450546 285.815826
v 157.764343 139.067596 284.326019
v 157.764343 140.557388 283.708954
v 156.274597 140.557388 284.326019
v 155.657410 140.557388 285.815826
v 157.764343 170.790543 288.435760
v 156.274597 171.407593 288.435760
v 155.657410 172.897369 288.435760
v 155.040222 172.280319 289.925568
v 153.550476 170.790543 290.542633
v 155.657410 168.683655 290.542633
v 157.147156 170.173431 289.925568
v 154.167664 169.300751 290.542633
v 155.657410 144.705109 288.435760
v 156.274597 146.194901 288.435760
v 157.764343 146.811996 288.435760
v 157.147156 147.429047 289.925568
v 155.657410 148.918839 290.542633
v 153.550476 146.811996 290.542633
v 155.040222 145.322205 289.925568
v 154.167664 148.301758 290.542633
v 287.721863 171.407593 285.815826
v 288.339050 172.897369 285.815826
v 287.721863 172.897369 284.326019
v 286.232117 172.897369 283.708954
v 286.232117 171.407593 284.326019
v 286.232117 170.790543 285.815826
v 287.721863 176.862534 285.815826
v 286.232117 177.479630 285.815826
v 286.232117 176.862534 284.326019
v 286.232117 175.372742 283.708954
v 287.721863 175.372742 284.326019
v 288.339050 175.372742 285.815826
v 156.274597 176.862534 285.815826
v 155.657410 175.372742 285.815826
v 156.274597 175.372742 284.326019
v 157.764343 175.372742 283.708954
v 157.764343 176.862534 284.326019
v 157.764343 177.479630 285.815826
v 156.274597 171.407593 285.815826
v 157.764343 170.790543 285.815826
v 157.764343 171.407593 284.326019
v 157.764343 172.897369 283.708954
v 156.274597 172.897369 284.326019
v 155.657410 172.897369 285.815826
v 157.764343 205.575562 288.435760
v 156.274597 206.192642 288.435760
v 155.657410 207.682404 288.435760
v 155.040222 207.065353 289.925568
v 153.550476 205.575562 290.542633
v 155.657410 203.468704 290.542633
v 157.147156 204.958466 289.925568
v 154.167664 204.085800 290.542633
v 155.657410 175.372742 288.435760
v 156.274597 176.862534 288.435760
v 157.764343 177.479630 288.435760
v 157.147156 178.096680 289.925568
v 155.657410 179.586472 290.542633
v 153.550476 177.479630 290.542633
v 155.040222 175.989838 289.925568
v 154.167664 178.969391 290.542633
v 156.274597 213.319794 285.815826
v 155.657410 211.830032 285.815826
v 156.274597 211.830032 284.326019
v 157.764343 211.830032 283.708954
v 157.764343 213.319794 284.326019
v 157.764343 213.936890 285.815826
v 156.274597 206.192642 285.815826
v 157.764343 205.575562 285.815826
v 157.764343 206.192642 284.326019
v 157.764343 207.682404 283.708954
v 156.274597 207.682404 284.326019
v 155.657410 207.682404 285.815826
v 287.721863 206.192642 285.815826
v 288.339050 207.682404 285.815826
v 287.721863 207.682404 284.326019
v 286.232117 207.682404 283.708954
v 286.232117 206.192642 284.326019
v 286.232117 205.575562 285.815826
v 287.721863 213.319794 285.815826
v 286.232117 213.936890 285.815826
v 286.232117 213.319794 284.326019
v 286.232117 211.830032 283.708954
v 287.721863 211.830032 284.326019
v 288.339050 211.830032 285.815826
v 155.657410 211.830032 288.435760
v 156.274597 213.319794 288.435760
v 157.764343 213.936890 288.435760
v 157.147156 214.553970 289.925568
v 155.657410 216.043732 290.542633
v 153.550476 213.936890 290.542633
v 155.040222 212.447128 289.925568
v 154.167664 215.426682 290.542633
v 157.764343 235.535172 288.435760
v 156.274597 236.152222 288.435760
v 155.657410 237.642014 288.435760
v 155.040222 237.024933 289.925568
v 153.550476 235.535172 290.542633
v 155.657410 233.428284 290.542633
v 157.147156 234.918076 289.925568
v 154.167664 234.045380 290.542633
v 156.274597 244.951752 285.815826
v 155.657410 243.461990 285.815826
v 156.274597 243.461990 284.326019
v 157.764343 243.461990 283.708954
v 157.764343 244.951752 284.326019
v 157.764343 245.568848 285.815826
v 287.721863 244.951752 285.815826
v 286.232117 245.568848 285.815826
v 286.232117 244.951752 284.326019
v 286.232117 243.461990 283.708954
v 287.721863 243.461990 284.326019
v 288.339050 243.461990 285.815826
v 156.274597 236.152222 285.815826
v 157.764343 235.535172 285.815826
v 157.764343 236.152222 284.326019
v 157.764343 237.642014 283.708954
v 156.274597 237.642014 284.326019
v 155.657410 237.642014 285.815826
v 287.721863 236.152222 285.815826
v 288.339050 237.642014 285.815826
v 287.721863 237.642014 284.326019
v 286.232117 237.642014 283.708954
v 286.232117 236.152222 284.326019
v 286.232117 235.535172 285.815826
v 155.657410 243.461990 288.435760
v 156.274597 244.951752 288.435760
v 157.764343 245.568848 288.435760
v 157.147156 246.185928 289.925568
v 155.657410 247.675690 290.542633
v 153.550476 245.568848 290.542633
v 155.040222 244.079086 289.925568
v 154.167664 247.058640 290.542633
v -79.755554 245.568848 289.925568
v 52.925842 245.568848 289.925568
v -79.755554 138.450546 289.925568
v -79.755554 146.811996 289.925568
v 288.339050 138.450546 289.925568
v 288.339050 146.811996 289.925568
v 52.925842 138.450546 289.925568
v -79.755554 105.911293 289.925568
v 52.925842 105.911293 289.925568
v -79.755554 29.199303 289.925568
v 52.925842 29.199303 289.925568
v 52.034729 139.341415 284.599823
v 52.034729 145.921082 284.599823
v -78.864685 145.921082 284.599823
v -78.864685 139.341415 284.599823
v 288.339050 213.936890 289.925568
v 288.339050 205.575562 289.925568
v -78.864685 206.466431 284.599823
v -78.864685 213.046005 284.599823
v 52.034729 206.466431 284.599823
v 52.034729 213.046005 284.599823
v -79.755554 213.936890 289.925568
v -79.755554 205.575562 289.925568
v -79.755554 62.371368 289.925568
v -79.755554 70.732826 289.925568
v 52.034729 63.262245 284.599823
v 52.034729 69.841942 284.599823
v -78.864685 69.841942 284.599823
v -78.864685 63.262245 284.599823
v 288.339050 62.371368 289.925568
v 288.339050 70.732826 289.925568
v 52.925842 62.371368 289.925568
v -79.755554 37.560738 289.925568
v 52.925842 37.560738 289.925568
v -79.755554 170.790543 289.925568
v -79.755554 177.479630 289.925568
v 52.034729 171.681396 284.599823
v 52.034729 176.588715 284.599823
v -78.864685 176.588715 284.599823
v -78.864685 171.681396 284.599823
v 288.339050 170.790543 289.925568
v 288.339050 177.479630 289.925568
v 52.925842 205.575562 289.925568
v 52.925842 177.479630 289.925568
v 52.925842 170.790543 289.925568
v 52.925842 146.811996 289.925568
v -79.755554 97.549858 289.925568
v 52.034729 98.440742 284.599823
v 52.034729 105.020409 284.599823
v -78.864685 105.020409 284.599823
v -78.864685 98.440742 284.599823
v 288.339050 97.549858 289.925568
v 288.339050 105.911293 289.925568
v 52.925842 97.549858 289.925568
v 52.925842 70.732826 289.925568
v 52.034729 30.090187 284.599823
v -78.864685 30.090187 284.599823
v 52.034729 36.669853 284.599823
v -78.864685 36.669853 284.599823
v 288.339050 29.199303 289.925568
v 288.339050 37.560738 289.925568
v 52.925842 213.936890 289.925568
v -79.755554 235.535172 289.925568
v 52.925842 235.535172 289.925568
v 288.339050 245.568848 289.925568
v 288.339050 235.535172 289.925568
v 52.034729 236.426025 284.599823
v 52.034729 244.677963 284.599823
v -78.864685 244.677963 284.599823
v -78.864685 236.426025 284.599823
v 155.657410 29.199303 289.925568
v 156.548523 36.669861 284.599823
v 156.548523 30.090187 284.599823
v 287.447937 30.090187 284.599823
v 287.447937 36.669853 284.599823
v 155.657410 62.371368 289.925568
v 155.657410 37.560745 289.925568
v 287.447937 63.262245 284.599823
v 287.447937 69.841942 284.599823
v 156.548523 69.841942 284.599823
v 156.548523 63.262245 284.599823
v 155.657410 97.549873 289.925568
v 155.657410 70.732826 289.925568
v 287.447937 98.440742 284.599823
v 287.447937 105.020409 284.599823
v 156.548523 105.020409 284.599823
v 156.548523 98.440758 284.599823
v 155.657410 138.450546 289.925568
v 155.657410 105.911293 289.925568
v 287.447937 139.341415 284.599823
v 287.447937 145.921082 284.599823
v 156.548523 145.921082 284.599823
v 156.548523 139.341415 284.599823
v 155.657410 170.790543 289.925568
v 155.657410 146.811996 289.925568
v 287.447937 171.681396 284.599823
v 287.447937 176.588715 284.599823
v 156.548523 176.588715 284.599823
v 156.548523 171.681396 284.599823
v 155.657410 205.575562 289.925568
v 155.657410 177.479630 289.925568
v 156.548523 213.046005 284.599823
v 156.548523 206.466431 284.599823
v 287.447937 206.466431 284.599823
v 287.447937 213.046005 284.599823
v 155.657410 213.936890 289.925568
v 155.657410 235.535172 289.925568
v 156.548523 244.677963 284.599823
v 287.447937 244.677963 284.599823
v 156.548523 236.426025 284.599823
v 287.447937 236.426025 284.599823
v 155.657410 245.568848 289.925568
v -79.755554 268.513062 290.542633
v -88.100281 268.513062 290.542633
v -79.755554 -0.201904 286.276520
v -79.755554 1.047608 289.293121
v -79.755554 4.064202 290.542633
v -88.948914 -0.201904 286.276520
v -88.700378 1.047608 289.293121
v -88.100281 4.064202 290.542633
v 288.339050 268.513062 290.542633
v 293.043640 268.513062 290.542633
v 288.339050 -0.201904 286.276520
v 288.339050 1.047608 289.293121
v 288.339050 4.064202 290.542633
v 293.043640 4.064202 290.542633
v 293.643738 1.047608 289.293121
v 293.892273 -0.201904 286.276520
v 52.925842 268.513062 290.542633
v -121.434555 138.450546 290.542633
v -121.434555 146.811996 290.542633
v 326.377869 138.450546 290.542633
v 326.377869 146.811996 290.542633
v -121.434555 105.911293 290.542633
v 326.377869 105.911293 290.542633
v 52.925842 4.064202 290.542633
v 52.925842 1.047608 289.293121
v 52.925842 -0.201904 286.276520
v -121.434555 213.936890 290.542633
v -121.434555 205.575562 290.542633
v 326.377869 213.936890 290.542633
v 326.377869 205.575562 290.542633
v -121.434555 62.371368 290.542633
v -121.434555 70.732826 290.542633
v 326.377869 62.371368 290.542633
v 326.377869 70.732826 290.542633
v -121.434555 37.560738 290.542633
v 326.377869 37.560738 290.542633
v -121.434555 170.790543 290.542633
v -121.434555 177.479630 290.542633
v 326.377869 170.790543 290.542633
v 326.377869 177.479630 290.542633
v -121.434555 97.549858 290.542633
v 326.377869 97.549858 290.542633
v -121.434555 29.973610 290.542633
v 326.377869 29.973564 290.542633
v -121.434555 235.535172 290.542633
v 326.377869 235.535172 290.542633
v -121.434555 244.721664 290.542633
v 326.377869 244.721725 290.542633
v 155.657410 268.513062 290.542633
v 155.657410 -0.201904 286.276520
v 155.657410 1.047608 289.293121
v 155.657410 4.064202 290.542633
v -122.176376 268.386597 290.542633
v 327.120239 268.386597 290.542633
v -125.713249 0.747110 286.276520
v -124.652473 1.745722 289.293121
v -122.091721 4.156580 290.542633
v 330.657043 0.747110 286.276520
v 329.596039 1.745722 289.293121
v 327.035583 4.156580 290.542633
vt 0.073989 0.214815
vt 0.323630 0.214852
vt 0.323614 0.268078
vt 0.073964 0.268034
vt 0.074034 0.085640
vt 0.323641 0.085755
vt 0.323617 0.124441
vt 0.074010 0.124328
vt 0.073982 0.350035
vt 0.323620 0.350014
vt 0.323614 0.394879
vt 0.073966 0.394899
vt 0.073970 0.292046
vt 0.323616 0.292058
vt 0.323605 0.329172
vt 0.073969 0.329162
vt 0.074007 0.148345
vt 0.323627 0.148422
vt 0.323620 0.190874
vt 0.073987 0.190802
vt 0.073980 0.418915
vt 0.323628 0.418865
vt 0.323628 0.451504
vt 0.073957 0.451568
vt 0.766589 0.124187
vt 0.516983 0.124419
vt 0.516945 0.085739
vt 0.766561 0.085485
vt 0.766653 0.190686
vt 0.517024 0.190865
vt 0.517003 0.148404
vt 0.766632 0.148212
vt 0.766693 0.267950
vt 0.517039 0.268076
vt 0.517038 0.214847
vt 0.766686 0.214710
vt 0.766686 0.329106
vt 0.517038 0.329170
vt 0.517044 0.292057
vt 0.766702 0.291974
vt 0.766674 0.394864
vt 0.517021 0.394877
vt 0.517039 0.350012
vt 0.766690 0.349988
vt 0.766666 0.451545
vt 0.517009 0.451501
vt 0.517022 0.418861
vt 0.766675 0.418889
vt 0.512906 0.065837
vt 0.512931 0.081679
vt 0.327649 0.081695
vt 0.327653 0.065858
vt 0.327642 0.144357
vt 0.327638 0.128517
vt 0.512974 0.128496
vt 0.512992 0.144341
vt 0.513014 0.194940
vt 0.513030 0.210788
vt 0.327635 0.210793
vt 0.327636 0.194948
vt 0.327635 0.287987
vt 0.327630 0.272145
vt 0.513033 0.272137
vt 0.513029 0.287984
vt 0.327631 0.345939
vt 0.327620 0.333254
vt 0.513033 0.333247
vt 0.513031 0.345933
vt 0.513011 0.398939
vt 0.513003 0.414783
vt 0.327647 0.414790
vt 0.327632 0.398947
vt 0.512985 0.455564
vt 0.512995 0.474554
vt 0.327655 0.474558
vt 0.327657 0.455568
vt 0.514217 0.269313
vt 0.326443 0.269320
vt 0.326452 0.213617
vt 0.514215 0.213611
vt 0.514156 0.125671
vt 0.326450 0.125694
vt 0.326467 0.084519
vt 0.514117 0.084503
vt 0.514215 0.330421
vt 0.326437 0.330427
vt 0.326450 0.290812
vt 0.514213 0.290808
vt 0.326470 0.452745
vt 0.514170 0.452742
vt 0.514177 0.147164
vt 0.514197 0.192115
vt 0.326450 0.192124
vt 0.326458 0.147181
vt 0.326447 0.396123
vt 0.514195 0.396115
vt 0.018830 0.729082
vt 0.015799 0.728617
vt 0.014259 0.721444
vt 0.019147 0.724274
vt 0.008838 0.718669
vt 0.013675 0.718477
vt 0.073953 0.478733
vt 0.076806 0.475713
vt 0.257189 0.732070
vt 0.323635 0.478636
vt 0.256054 0.729098
vt 0.005859 0.719780
vt 0.072897 0.458506
vt 0.008966 0.707307
vt 0.069930 0.474657
vt 0.069928 0.455620
vt 0.265916 0.718720
vt 0.265482 0.721770
vt 0.258666 0.723613
vt 0.261200 0.718503
vt 0.255733 0.724278
vt 0.324725 0.471676
vt 0.269023 0.706247
vt 0.266044 0.707358
vt 0.264567 0.812545
vt 0.264980 0.809492
vt 0.271764 0.807575
vt 0.269280 0.812718
vt 0.274373 0.802086
vt 0.274695 0.806907
vt 0.069947 0.272089
vt 0.072909 0.274973
vt 0.261466 0.821747
vt 0.069944 0.287977
vt 0.264448 0.820659
vt 0.273237 0.799114
vt 0.320761 0.271091
vt 0.511565 0.802102
vt 0.274374 0.831171
vt 0.271343 0.830705
vt 0.269826 0.823497
vt 0.274690 0.826362
vt 0.269279 0.820525
vt 0.076821 0.289029
vt 0.512701 0.834158
vt 0.511566 0.831186
vt 0.255959 0.768032
vt 0.258990 0.768498
vt 0.260506 0.775707
vt 0.255642 0.772841
vt 0.265885 0.778544
vt 0.261054 0.778679
vt 0.763842 0.270970
vt 0.017631 0.765041
vt 0.018767 0.768012
vt 0.268867 0.777456
vt 0.767798 0.285007
vt 0.265766 0.786659
vt 0.770722 0.272013
vt 0.770735 0.287904
vt 0.265353 0.789712
vt 0.258568 0.791628
vt 0.261052 0.786485
vt 0.255960 0.797117
vt 0.255638 0.792296
vt 0.257095 0.800089
vt 0.519896 0.289042
vt 0.018767 0.797097
vt 0.514596 0.802567
vt 0.516112 0.809776
vt 0.511248 0.806910
vt 0.521491 0.812613
vt 0.516659 0.812748
vt 0.524472 0.811525
vt 0.324712 0.285104
vt 0.521372 0.820728
vt 0.288315 0.726032
vt 0.285284 0.725566
vt 0.283768 0.718358
vt 0.288632 0.721224
vt 0.278390 0.715520
vt 0.283222 0.715386
vt 0.076842 0.211798
vt 0.526642 0.729044
vt 0.525507 0.726072
vt 0.275408 0.716607
vt 0.072890 0.197765
vt 0.278510 0.707405
vt 0.069964 0.210751
vt 0.069957 0.194867
vt 0.535314 0.715615
vt 0.534901 0.718668
vt 0.528116 0.720583
vt 0.530601 0.715441
vt 0.525186 0.721251
vt 0.324678 0.207919
vt 0.538416 0.706413
vt 0.535434 0.707500
vt 0.520171 0.781740
vt 0.520583 0.778687
vt 0.527369 0.776768
vt 0.524885 0.781912
vt 0.529978 0.771279
vt 0.530299 0.776100
vt 0.070015 0.065693
vt 0.072942 0.068583
vt 0.517073 0.790943
vt 0.070004 0.081575
vt 0.520054 0.789855
vt 0.528842 0.768307
vt 0.320792 0.064781
vt 0.767170 0.771298
vt 0.074035 0.061616
vt 0.323644 0.061768
vt 0.770201 0.771764
vt 0.771716 0.778971
vt 0.766853 0.776106
vt 0.777095 0.781806
vt 0.772264 0.781942
vt 0.780076 0.780718
vt 0.324693 0.078821
vt 0.776978 0.789921
vt 0.511003 0.812827
vt 0.513798 0.812781
vt 0.513814 0.820496
vt 0.511014 0.820443
vt 0.516658 0.820554
vt 0.511089 0.809869
vt 0.274847 0.809870
vt 0.274924 0.812830
vt 0.511244 0.826365
vt 0.514175 0.825697
vt 0.520959 0.823781
vt 0.511092 0.823403
vt 0.274850 0.823403
vt 0.274936 0.820446
vt 0.272141 0.820491
vt 0.272124 0.812776
vt 0.521372 0.755870
vt 0.520959 0.758923
vt 0.514174 0.760839
vt 0.516659 0.755697
vt 0.511566 0.766328
vt 0.511244 0.761507
vt 0.770711 0.414816
vt 0.767773 0.411922
vt 0.524473 0.746668
vt 0.770703 0.398928
vt 0.521491 0.747755
vt 0.512701 0.769300
vt 0.519873 0.415847
vt 0.274373 0.766299
vt 0.511566 0.737243
vt 0.514597 0.737709
vt 0.516113 0.744918
vt 0.511249 0.742052
vt 0.516660 0.747890
vt 0.763821 0.397883
vt 0.273238 0.734242
vt 0.274373 0.737214
vt 0.019087 0.837730
vt 0.016156 0.838398
vt 0.009372 0.840315
vt 0.018765 0.832909
vt 0.013673 0.843541
vt 0.008959 0.843368
vt 0.019317 0.843652
vt 0.019239 0.840692
vt 0.255482 0.840673
vt 0.255396 0.843631
vt 0.255641 0.837714
vt 0.016516 0.843599
vt 0.016534 0.851314
vt 0.013673 0.851348
vt 0.019329 0.851268
vt 0.014220 0.854320
vt 0.015737 0.861528
vt 0.008841 0.851483
vt 0.019085 0.857184
vt 0.018768 0.861993
vt 0.019243 0.854226
vt 0.255486 0.854206
vt 0.255638 0.857169
vt 0.255408 0.851246
vt 0.261053 0.843551
vt 0.260505 0.840579
vt 0.258988 0.833371
vt 0.265884 0.843416
vt 0.255957 0.832905
vt 0.258191 0.843585
vt 0.258208 0.851300
vt 0.261052 0.851358
vt 0.258569 0.856501
vt 0.265353 0.854584
vt 0.255961 0.861990
vt 0.265766 0.851531
vt 0.076828 0.415896
vt 0.257097 0.864962
vt 0.005859 0.852570
vt 0.072897 0.401855
vt 0.069959 0.414846
vt 0.069944 0.398963
vt 0.017629 0.829937
vt 0.320763 0.397893
vt 0.278509 0.852815
vt 0.278921 0.849762
vt 0.285706 0.847845
vt 0.283222 0.852988
vt 0.288314 0.842356
vt 0.288636 0.847177
vt 0.069989 0.128389
vt 0.072951 0.131272
vt 0.275408 0.862018
vt 0.069984 0.144276
vt 0.278390 0.860930
vt 0.287178 0.839384
vt 0.320766 0.127454
vt 0.525506 0.842359
vt 0.288316 0.871441
vt 0.285286 0.870975
vt 0.283769 0.863767
vt 0.288633 0.866632
vt 0.283221 0.860795
vt 0.076859 0.145328
vt 0.526645 0.874415
vt 0.525509 0.871443
vt 0.530601 0.853004
vt 0.530054 0.850033
vt 0.528537 0.842824
vt 0.535433 0.852869
vt 0.525190 0.847167
vt 0.524945 0.853084
vt 0.527740 0.853038
vt 0.527757 0.860753
vt 0.524956 0.860700
vt 0.530601 0.860811
vt 0.525031 0.850126
vt 0.288789 0.850140
vt 0.288867 0.853100
vt 0.525187 0.866623
vt 0.528117 0.865954
vt 0.534901 0.864037
vt 0.535314 0.860984
vt 0.525034 0.863660
vt 0.288792 0.863673
vt 0.288878 0.860716
vt 0.286083 0.860761
vt 0.286066 0.853046
vt 0.781116 0.731042
vt 0.784147 0.731508
vt 0.785662 0.738716
vt 0.780798 0.735850
vt 0.791041 0.741554
vt 0.786210 0.741688
vt 0.763744 0.127209
vt 0.542788 0.728032
vt 0.543923 0.731004
vt 0.794022 0.740467
vt 0.767703 0.141257
vt 0.790921 0.749669
vt 0.770627 0.128256
vt 0.770657 0.144143
vt 0.790508 0.752722
vt 0.783723 0.754638
vt 0.786208 0.749495
vt 0.781114 0.760126
vt 0.780793 0.755306
vt 0.782249 0.763098
vt 0.519850 0.145387
vt 0.543921 0.760088
vt 0.538414 0.851782
vt 0.324719 0.141468
vt 0.529979 0.800363
vt 0.526948 0.799898
vt 0.525433 0.792691
vt 0.530296 0.795555
vt 0.524885 0.789719
vt 0.076886 0.082623
vt 0.768306 0.803354
vt 0.767171 0.800382
vt 0.776565 0.792974
vt 0.769780 0.794893
vt 0.772264 0.789749
vt 0.766849 0.795561
vt 0.292418 0.893179
vt 0.292780 0.890124
vt 0.299540 0.888107
vt 0.297144 0.893285
vt 0.302140 0.882613
vt 0.302466 0.887435
vt 0.069953 0.333236
vt 0.072903 0.336121
vt 0.289350 0.899079
vt 0.069970 0.345967
vt 0.292337 0.898012
vt 0.301004 0.879641
vt 0.320756 0.332185
vt 0.539299 0.882617
vt 0.302142 0.908630
vt 0.299111 0.908163
vt 0.297635 0.900921
vt 0.302461 0.903821
vt 0.297152 0.897943
vt 0.076830 0.347017
vt 0.540436 0.911606
vt 0.539300 0.908634
vt 0.544289 0.893304
vt 0.543805 0.890327
vt 0.542329 0.883085
vt 0.549103 0.893236
vt 0.538980 0.887426
vt 0.538724 0.893343
vt 0.541465 0.893304
vt 0.541482 0.897936
vt 0.538732 0.897890
vt 0.544296 0.897962
vt 0.538817 0.890385
vt 0.302622 0.890397
vt 0.302708 0.893358
vt 0.538975 0.903813
vt 0.541900 0.903140
vt 0.548661 0.901124
vt 0.549022 0.898068
vt 0.538818 0.900850
vt 0.302623 0.900862
vt 0.302716 0.897904
vt 0.299975 0.897944
vt 0.299958 0.893311
vt 0.269752 0.873195
vt 0.272782 0.873663
vt 0.274257 0.880905
vt 0.269432 0.878004
vt 0.279555 0.883815
vt 0.274741 0.883883
vt 0.763834 0.332125
vt 0.031457 0.870193
vt 0.032593 0.873166
vt 0.282542 0.882748
vt 0.767788 0.343023
vt 0.279473 0.888647
vt 0.770711 0.333180
vt 0.770714 0.345918
vt 0.279112 0.891703
vt 0.272351 0.893719
vt 0.274748 0.888541
vt 0.269750 0.899212
vt 0.269426 0.894391
vt 0.270886 0.902185
vt 0.519891 0.346999
vt 0.032591 0.899182
vt 0.268865 0.842328
vt 0.324704 0.411918
vt 0.324695 0.343071
vt 0.552090 0.892169
vt 0.278923 0.704352
vt 0.285708 0.702437
vt 0.283223 0.707579
vt 0.288317 0.696948
vt 0.288638 0.701769
vt 0.287182 0.693976
vt 0.320769 0.193887
vt 0.525509 0.696988
vt 0.530602 0.707634
vt 0.530056 0.704662
vt 0.528540 0.697454
vt 0.525192 0.701796
vt 0.524946 0.707713
vt 0.527741 0.707668
vt 0.527757 0.715382
vt 0.524956 0.715329
vt 0.525032 0.704755
vt 0.288790 0.704731
vt 0.288867 0.707691
vt 0.525034 0.718289
vt 0.288792 0.718265
vt 0.288878 0.715307
vt 0.286083 0.715352
vt 0.286067 0.707638
vt 0.980951 0.851811
vt 0.983982 0.852277
vt 0.985498 0.859485
vt 0.980634 0.856620
vt 0.990877 0.862322
vt 0.986046 0.862457
vt 0.763806 0.193707
vt 0.742622 0.848841
vt 0.743758 0.851813
vt 0.993859 0.861234
vt 0.767759 0.207757
vt 0.990759 0.870437
vt 0.770688 0.194754
vt 0.770710 0.210645
vt 0.990346 0.873490
vt 0.983562 0.875407
vt 0.986046 0.870264
vt 0.980954 0.880896
vt 0.980632 0.876075
vt 0.982090 0.883868
vt 0.519887 0.211831
vt 0.743760 0.880897
vt 0.766608 0.782023
vt 0.769402 0.781977
vt 0.769420 0.789692
vt 0.766620 0.789639
vt 0.766694 0.779065
vt 0.530451 0.779062
vt 0.530529 0.782022
vt 0.527729 0.781969
vt 0.527746 0.789684
vt 0.530541 0.789638
vt 0.766697 0.792599
vt 0.530455 0.792596
vt 0.980950 0.811544
vt 0.983981 0.812009
vt 0.985498 0.819217
vt 0.980633 0.816353
vt 0.990877 0.822054
vt 0.986045 0.822189
vt 0.766520 0.061457
vt 0.763675 0.064480
vt 0.742621 0.808584
vt 0.516909 0.061750
vt 0.743757 0.811556
vt 0.993858 0.820966
vt 0.767630 0.078530
vt 0.990759 0.830169
vt 0.770545 0.065531
vt 0.770586 0.081417
vt 0.990346 0.833222
vt 0.983562 0.835139
vt 0.986045 0.829996
vt 0.980954 0.840628
vt 0.980632 0.835808
vt 0.982090 0.843600
vt 0.519790 0.082721
vt 0.743761 0.840641
vt 0.009400 0.704257
vt 0.016216 0.702414
vt 0.013682 0.707524
vt 0.018829 0.696928
vt 0.019150 0.701749
vt 0.017693 0.693957
vt 0.320775 0.454520
vt 0.256052 0.696945
vt 0.259083 0.697410
vt 0.260623 0.704583
vt 0.255736 0.701753
vt 0.261207 0.707550
vt 0.990910 0.709507
vt 0.990476 0.712558
vt 0.983659 0.714404
vt 0.986193 0.709292
vt 0.981045 0.719889
vt 0.980725 0.715069
vt 0.770695 0.474646
vt 0.767744 0.471757
vt 0.994012 0.697033
vt 0.770698 0.455602
vt 0.991034 0.698145
vt 0.982180 0.722861
vt 0.519867 0.475620
vt 0.743821 0.719862
vt 0.766674 0.478719
vt 0.517014 0.478635
vt 0.981044 0.687736
vt 0.984075 0.688201
vt 0.985613 0.695373
vt 0.980727 0.692544
vt 0.986197 0.698339
vt 0.763817 0.454566
vt 0.742685 0.684737
vt 0.743820 0.687709
vt 0.255495 0.707670
vt 0.258323 0.707615
vt 0.258337 0.718418
vt 0.255507 0.718356
vt 0.255578 0.704712
vt 0.019300 0.704711
vt 0.019376 0.707671
vt 0.255582 0.721316
vt 0.019304 0.721315
vt 0.019387 0.718357
vt 0.016559 0.718412
vt 0.016545 0.707609
vt 0.733953 0.822016
vt 0.734365 0.818962
vt 0.741149 0.817045
vt 0.738666 0.822188
vt 0.744080 0.816377
vt 0.515853 0.068705
vt 0.730853 0.831218
vt 0.733835 0.830130
vt 0.738666 0.829995
vt 0.739214 0.832967
vt 0.740730 0.840175
vt 0.744078 0.835832
vt 0.744322 0.829915
vt 0.741527 0.829961
vt 0.741509 0.822246
vt 0.744310 0.822299
vt 0.744236 0.832873
vt 0.980479 0.832845
vt 0.980401 0.829885
vt 0.744232 0.819339
vt 0.980475 0.819311
vt 0.980389 0.822269
vt 0.983184 0.822223
vt 0.983202 0.829938
vt 0.534117 0.741461
vt 0.534529 0.738408
vt 0.541314 0.736493
vt 0.538829 0.741635
vt 0.544244 0.735824
vt 0.515920 0.131371
vt 0.531015 0.750663
vt 0.533996 0.749576
vt 0.780553 0.741767
vt 0.783348 0.741722
vt 0.783364 0.749437
vt 0.780563 0.749383
vt 0.780640 0.738809
vt 0.544396 0.738787
vt 0.544474 0.741747
vt 0.780641 0.752343
vt 0.544398 0.752321
vt 0.544484 0.749363
vt 0.544239 0.755279
vt 0.538828 0.749442
vt 0.539375 0.752414
vt 0.540890 0.759622
vt 0.541689 0.749408
vt 0.541673 0.741693
vt 0.733953 0.862272
vt 0.734366 0.859219
vt 0.741149 0.857302
vt 0.738666 0.862445
vt 0.744080 0.856633
vt 0.515960 0.197816
vt 0.730853 0.871474
vt 0.733835 0.870387
vt 0.980390 0.862537
vt 0.983184 0.862491
vt 0.983202 0.870206
vt 0.980401 0.870153
vt 0.980475 0.859579
vt 0.744233 0.859596
vt 0.744310 0.862556
vt 0.980479 0.873113
vt 0.744236 0.873130
vt 0.744322 0.870172
vt 0.744077 0.876088
vt 0.738666 0.870252
vt 0.739213 0.873223
vt 0.740730 0.880432
vt 0.741527 0.870218
vt 0.741510 0.862503
vt 0.008960 0.778471
vt 0.009374 0.775417
vt 0.016158 0.773501
vt 0.013673 0.778644
vt 0.019088 0.772833
vt 0.515990 0.275010
vt 0.005859 0.787673
vt 0.008841 0.786585
vt 0.255397 0.778758
vt 0.258192 0.778712
vt 0.258209 0.786427
vt 0.255408 0.786373
vt 0.255484 0.775800
vt 0.019240 0.775796
vt 0.019318 0.778756
vt 0.255485 0.789333
vt 0.019243 0.789329
vt 0.019329 0.786371
vt 0.019084 0.792288
vt 0.013672 0.786451
vt 0.014220 0.789423
vt 0.015736 0.796631
vt 0.016534 0.786417
vt 0.016517 0.778702
vt 0.022870 0.883731
vt 0.023232 0.880675
vt 0.029992 0.878659
vt 0.027596 0.883837
vt 0.032918 0.877987
vt 0.515986 0.336111
vt 0.019802 0.889630
vt 0.022788 0.888563
vt 0.269176 0.883921
vt 0.271917 0.883882
vt 0.271934 0.888515
vt 0.269184 0.888468
vt 0.269270 0.880963
vt 0.033074 0.880950
vt 0.033160 0.883910
vt 0.269269 0.891428
vt 0.033074 0.891415
vt 0.033167 0.888457
vt 0.032911 0.894373
vt 0.027603 0.888495
vt 0.028086 0.891473
vt 0.029561 0.898715
vt 0.030426 0.888496
vt 0.030410 0.883863
vt 0.264567 0.747672
vt 0.264980 0.744619
vt 0.271765 0.742703
vt 0.269280 0.747846
vt 0.274695 0.742035
vt 0.515968 0.401812
vt 0.261466 0.756874
vt 0.264447 0.755787
vt 0.269279 0.755652
vt 0.269826 0.758624
vt 0.271342 0.765833
vt 0.274690 0.761490
vt 0.274935 0.755573
vt 0.272140 0.755619
vt 0.272124 0.747904
vt 0.274925 0.747958
vt 0.274849 0.758531
vt 0.511092 0.758544
vt 0.511014 0.755584
vt 0.274847 0.744998
vt 0.511090 0.745011
vt 0.511003 0.747969
vt 0.513799 0.747923
vt 0.513815 0.755638
vt 0.733955 0.698091
vt 0.734388 0.695040
vt 0.741206 0.693195
vt 0.738671 0.698306
vt 0.744140 0.692529
vt 0.515932 0.458447
vt 0.730853 0.710565
vt 0.733831 0.709453
vt 0.738667 0.709259
vt 0.739252 0.712225
vt 0.740790 0.719397
vt 0.744138 0.715054
vt 0.744378 0.709138
vt 0.741551 0.709193
vt 0.741535 0.698390
vt 0.744366 0.698452
vt 0.744295 0.712096
vt 0.980574 0.712106
vt 0.980500 0.709146
vt 0.983330 0.709208
vt 0.983314 0.698405
vt 0.980486 0.698461
vt 0.744291 0.695492
vt 0.980569 0.695503
vt 0.074013 0.474558
vt 0.071117 0.477488
vt 0.323566 0.474472
vt 0.326469 0.477381
vt 0.074045 0.272187
vt 0.071143 0.269252
vt 0.074026 0.287874
vt 0.071141 0.290815
vt 0.766637 0.272124
vt 0.769519 0.269171
vt 0.766637 0.287808
vt 0.769534 0.290746
vt 0.323556 0.272245
vt 0.074047 0.210642
vt 0.071164 0.213591
vt 0.323545 0.210701
vt 0.074102 0.065784
vt 0.071203 0.062862
vt 0.323584 0.065937
vt 0.326467 0.063035
vt 0.513573 0.810221
vt 0.513567 0.823051
vt 0.272365 0.823051
vt 0.272371 0.810221
vt 0.766612 0.414722
vt 0.769509 0.417657
vt 0.766616 0.399038
vt 0.769501 0.396088
vt 0.016764 0.841044
vt 0.016759 0.853874
vt 0.257966 0.841025
vt 0.257962 0.853855
vt 0.074061 0.414760
vt 0.071153 0.417682
vt 0.074021 0.399073
vt 0.071141 0.396124
vt 0.074089 0.128485
vt 0.071186 0.125553
vt 0.074065 0.144172
vt 0.071181 0.147116
vt 0.527515 0.850478
vt 0.527510 0.863308
vt 0.286308 0.863322
vt 0.286313 0.850491
vt 0.766528 0.128352
vt 0.769423 0.125416
vt 0.766572 0.144036
vt 0.769459 0.146984
vt 0.323560 0.128609
vt 0.074093 0.081466
vt 0.071203 0.084412
vt 0.323559 0.081603
vt 0.074024 0.333335
vt 0.071145 0.330395
vt 0.074065 0.345881
vt 0.071163 0.348807
vt 0.541283 0.890742
vt 0.541278 0.900494
vt 0.300157 0.900506
vt 0.300162 0.890754
vt 0.766629 0.333280
vt 0.769514 0.330338
vt 0.766625 0.345824
vt 0.769515 0.348762
vt 0.323546 0.399039
vt 0.323563 0.345847
vt 0.326448 0.348765
vt 0.323538 0.333332
vt 0.323550 0.287897
vt 0.074052 0.194965
vt 0.071158 0.192028
vt 0.527517 0.705107
vt 0.527510 0.717938
vt 0.286307 0.717913
vt 0.286314 0.705082
vt 0.766590 0.194851
vt 0.769484 0.191913
vt 0.766628 0.210535
vt 0.769511 0.213488
vt 0.323563 0.195041
vt 0.323559 0.144263
vt 0.769177 0.779417
vt 0.527975 0.779414
vt 0.769174 0.792247
vt 0.527971 0.792245
vt 0.766456 0.065625
vt 0.769353 0.062698
vt 0.766499 0.081309
vt 0.769390 0.084257
vt 0.323571 0.414695
vt 0.326463 0.417614
vt 0.074035 0.455721
vt 0.071126 0.452788
vt 0.323570 0.455674
vt 0.766617 0.474542
vt 0.769506 0.477479
vt 0.766586 0.455699
vt 0.769497 0.452767
vt 0.258074 0.705056
vt 0.258069 0.720971
vt 0.016808 0.720970
vt 0.016813 0.705055
vt 0.516971 0.065920
vt 0.514087 0.063013
vt 0.741752 0.832521
vt 0.741756 0.819691
vt 0.982959 0.819663
vt 0.982955 0.832493
vt 0.517040 0.128588
vt 0.517025 0.081588
vt 0.783123 0.739161
vt 0.783117 0.751992
vt 0.541913 0.751969
vt 0.541921 0.739138
vt 0.517081 0.195034
vt 0.517086 0.144253
vt 0.982960 0.859930
vt 0.982955 0.872761
vt 0.741752 0.872778
vt 0.741757 0.859948
vt 0.517124 0.272227
vt 0.517123 0.210698
vt 0.257968 0.776152
vt 0.257962 0.788982
vt 0.016758 0.788978
vt 0.016765 0.776147
vt 0.517121 0.333326
vt 0.517102 0.287890
vt 0.271735 0.881320
vt 0.271729 0.891072
vt 0.030609 0.891058
vt 0.030615 0.881306
vt 0.517103 0.399029
vt 0.517097 0.345846
vt 0.514216 0.348759
vt 0.272365 0.758179
vt 0.272372 0.745349
vt 0.513574 0.745363
vt 0.513568 0.758193
vt 0.517079 0.414693
vt 0.514187 0.417606
vt 0.517066 0.455673
vt 0.741800 0.711751
vt 0.983062 0.711762
vt 0.741803 0.695836
vt 0.983065 0.695847
vt 0.517085 0.474471
vt 0.514181 0.477376
vt 0.073918 0.517921
vt 0.058237 0.517853
vt 0.073987 0.018330
vt 0.073984 0.012188
vt 0.323788 0.012319
vt 0.323788 0.018462
vt 0.073982 0.006046
vt 0.323788 0.006176
vt 0.766674 0.517896
vt 0.516910 0.517809
vt 0.766533 0.018142
vt 0.766529 0.012002
vt 0.776475 0.012038
vt 0.775369 0.018178
vt 0.766522 0.005859
vt 0.776970 0.005901
vt 0.013474 0.272120
vt 0.013464 0.287939
vt 0.820357 0.272056
vt 0.820352 0.287887
vt 0.013469 0.414779
vt 0.013478 0.398968
vt 0.820325 0.414787
vt 0.820333 0.398967
vt 0.013506 0.128394
vt 0.013494 0.144207
vt 0.820273 0.128229
vt 0.820284 0.144057
vt 0.013476 0.333256
vt 0.013475 0.345908
vt 0.820343 0.333223
vt 0.820335 0.345883
vt 0.056703 0.006111
vt 0.005859 0.007460
vt 0.323714 0.517788
vt 0.013477 0.210679
vt 0.013516 0.081533
vt 0.013486 0.194866
vt 0.820333 0.210575
vt 0.820329 0.194745
vt 0.013515 0.067197
vt 0.820216 0.081345
vt 0.820205 0.066993
vt 0.820330 0.455598
vt 0.820340 0.472968
vt 0.013458 0.455567
vt 0.013437 0.472928
vt 0.516722 0.006204
vt 0.516734 0.018491
vt 0.821586 0.517578
vt 0.775514 0.517867
vt 0.012424 0.018531
vt 0.057205 0.012247
vt 0.058320 0.018385
vt 0.516728 0.012347
vt 0.825839 0.013178
vt 0.821258 0.018301
vt 0.012150 0.517530
vt 0.742684 0.722834
vt 0.739749 0.722422
vt 0.515929 0.471676
vt 0.730978 0.696946
vt 0.731403 0.693992
vt 0.519859 0.454519
vt 0.273236 0.769270
vt 0.270301 0.768859
vt 0.515956 0.411913
vt 0.031455 0.902155
vt 0.028520 0.901742
vt 0.515977 0.343069
vt 0.261583 0.746540
vt 0.262000 0.743580
vt 0.519867 0.397893
vt 0.017630 0.800069
vt 0.014695 0.799657
vt 0.515978 0.285111
vt 0.019865 0.882630
vt 0.020247 0.879665
vt 0.519884 0.332184
vt 0.742625 0.883869
vt 0.739689 0.883458
vt 0.515991 0.207918
vt 0.005976 0.777338
vt 0.006393 0.774378
vt 0.519886 0.271090
vt 0.542785 0.763060
vt 0.539849 0.762648
vt 0.515953 0.141473
vt 0.730968 0.861140
vt 0.731384 0.858180
vt 0.519875 0.193878
vt 0.742625 0.843613
vt 0.739690 0.843201
vt 0.515891 0.078808
vt 0.531132 0.740329
vt 0.531549 0.737369
vt 0.519833 0.127432
vt 0.730968 0.820884
vt 0.731384 0.817923
vt 0.519762 0.064762
vt 0.982181 0.684764
vt 0.985116 0.685176
vt 0.767721 0.458484
vt 0.993887 0.710652
vt 0.993461 0.713606
vt 0.763824 0.475697
vt 0.257188 0.693973
vt 0.260124 0.694385
vt 0.324705 0.458446
vt 0.005989 0.706161
vt 0.006415 0.703207
vt 0.076803 0.454588
vt 0.268751 0.852663
vt 0.268334 0.855623
vt 0.320777 0.415849
vt 0.993743 0.831300
vt 0.993327 0.834261
vt 0.763708 0.082468
vt 0.982086 0.808572
vt 0.985021 0.808983
vt 0.767615 0.068423
vt 0.538299 0.862116
vt 0.537882 0.865076
vt 0.320776 0.145407
vt 0.526646 0.694016
vt 0.529581 0.694428
vt 0.324687 0.197819
vt 0.993743 0.871569
vt 0.993327 0.874529
vt 0.763834 0.211692
vt 0.982087 0.848839
vt 0.985022 0.849251
vt 0.767751 0.197651
vt 0.275526 0.706273
vt 0.275942 0.703313
vt 0.076836 0.193821
vt 0.524356 0.821860
vt 0.523940 0.824820
vt 0.320766 0.289043
vt 0.540436 0.879645
vt 0.543370 0.880057
vt 0.324698 0.336123
vt 0.552028 0.899168
vt 0.551645 0.902133
vt 0.320770 0.347000
vt 0.257094 0.829934
vt 0.260029 0.830345
vt 0.324705 0.401833
vt 0.282479 0.889748
vt 0.282096 0.892713
vt 0.763842 0.346969
vt 0.270889 0.870223
vt 0.273824 0.870636
vt 0.767766 0.336057
vt 0.301005 0.911602
vt 0.298070 0.911190
vt 0.072930 0.343095
vt 0.289413 0.892079
vt 0.289795 0.889114
vt 0.076818 0.332180
vt 0.779963 0.791052
vt 0.779547 0.794013
vt 0.320796 0.082738
vt 0.528842 0.803335
vt 0.525907 0.802924
vt 0.072958 0.078690
vt 0.526643 0.839387
vt 0.529578 0.839798
vt 0.324694 0.131383
vt 0.793905 0.750801
vt 0.793489 0.753761
vt 0.763779 0.145194
vt 0.782253 0.728070
vt 0.785188 0.728482
vt 0.767690 0.131152
vt 0.287180 0.874413
vt 0.284245 0.874001
vt 0.072940 0.141391
vt 0.275524 0.851683
vt 0.275941 0.848723
vt 0.076854 0.127350
vt 0.005975 0.842236
vt 0.006392 0.839276
vt 0.076816 0.397917
vt 0.017632 0.864965
vt 0.014697 0.864554
vt 0.072926 0.411974
vt 0.512703 0.734272
vt 0.515638 0.734683
vt 0.767751 0.401814
vt 0.524356 0.757002
vt 0.523939 0.759962
vt 0.763826 0.415868
vt 0.768306 0.768326
vt 0.771242 0.768738
vt 0.324706 0.068719
vt 0.517186 0.780609
vt 0.517602 0.777649
vt 0.076882 0.064638
vt 0.538298 0.716747
vt 0.537881 0.719707
vt 0.320782 0.211836
vt 0.287178 0.729004
vt 0.284243 0.728592
vt 0.072913 0.207868
vt 0.512701 0.799130
vt 0.515637 0.799541
vt 0.324689 0.275017
vt 0.268751 0.787791
vt 0.268333 0.790751
vt 0.763852 0.288955
vt 0.257096 0.765060
vt 0.260031 0.765472
vt 0.767773 0.274899
vt 0.273237 0.834143
vt 0.270302 0.833731
vt 0.072901 0.285093
vt 0.261582 0.811413
vt 0.261999 0.808452
vt 0.076810 0.271054
vt 0.268893 0.719866
vt 0.268467 0.722820
vt 0.320783 0.475620
vt 0.017694 0.732054
vt 0.014759 0.731642
vt 0.072886 0.471776
vt 0.827808 0.007224
vt 0.007836 0.013412
vt 0.014310 0.704584
vt 0.016232 0.723613
vt 0.260572 0.721443
vt 0.258650 0.702413
vt 0.265600 0.704330
vt 0.268608 0.703296
vt 0.015819 0.697394
vt 0.014765 0.694372
vt 0.259063 0.728633
vt 0.260117 0.731655
vt 0.009282 0.721697
vt 0.006275 0.722731
vt 0.258970 0.861523
vt 0.260024 0.864546
vt 0.514576 0.830720
vt 0.515629 0.833743
vt 0.548724 0.890201
vt 0.551721 0.889206
vt 0.542309 0.908167
vt 0.543364 0.911190
vt 0.265464 0.840384
vt 0.268468 0.839369
vt 0.297685 0.890331
vt 0.299556 0.903155
vt 0.543755 0.900916
vt 0.541885 0.888093
vt 0.292716 0.901046
vt 0.289719 0.902042
vt 0.299132 0.883081
vt 0.298077 0.880057
vt 0.015756 0.833375
vt 0.014701 0.830353
vt 0.009261 0.854514
vt 0.006257 0.855529
vt 0.260450 0.854303
vt 0.258552 0.838376
vt 0.016174 0.856522
vt 0.014275 0.840595
vt 0.269883 0.809772
vt 0.271780 0.825700
vt 0.516056 0.823500
vt 0.514159 0.807573
vt 0.521071 0.809581
vt 0.524076 0.808567
vt 0.264868 0.823691
vt 0.261863 0.824706
vt 0.271364 0.802552
vt 0.270309 0.799530
vt 0.527385 0.794892
vt 0.771662 0.792695
vt 0.525486 0.778966
vt 0.769764 0.776769
vt 0.528518 0.870977
vt 0.529572 0.873999
vt 0.535014 0.704468
vt 0.538019 0.703454
vt 0.283826 0.704634
vt 0.285721 0.720561
vt 0.529998 0.718386
vt 0.528103 0.702459
vt 0.285307 0.697414
vt 0.284254 0.694391
vt 0.770180 0.799916
vt 0.771234 0.802939
vt 0.520475 0.792887
vt 0.517470 0.793902
vt 0.535013 0.849838
vt 0.538017 0.848823
vt 0.283824 0.850043
vt 0.285722 0.865970
vt 0.529998 0.863757
vt 0.528101 0.847830
vt 0.278810 0.863962
vt 0.275806 0.864977
vt 0.285305 0.842822
vt 0.284250 0.839800
vt 0.776674 0.778774
vt 0.779679 0.777759
vt 0.526968 0.771745
vt 0.525914 0.768722
vt 0.528516 0.725607
vt 0.529570 0.728629
vt 0.278810 0.718552
vt 0.275805 0.719566
vt 0.734276 0.712481
vt 0.731269 0.713516
vt 0.983641 0.693204
vt 0.739299 0.695366
vt 0.985566 0.712233
vt 0.741224 0.714394
vt 0.740810 0.688174
vt 0.739757 0.685152
vt 0.264867 0.758819
vt 0.261863 0.759833
vt 0.516056 0.758642
vt 0.514160 0.742715
vt 0.269883 0.744900
vt 0.271779 0.760827
vt 0.023167 0.891598
vt 0.020170 0.892593
vt 0.271364 0.737680
vt 0.270310 0.734658
vt 0.028138 0.880883
vt 0.030007 0.893707
vt 0.274206 0.891495
vt 0.272337 0.878671
vt 0.009261 0.789617
vt 0.006256 0.790632
vt 0.029584 0.873633
vt 0.028530 0.870609
vt 0.014276 0.775698
vt 0.016173 0.791626
vt 0.260450 0.789431
vt 0.258553 0.773504
vt 0.734255 0.873418
vt 0.731250 0.874433
vt 0.015757 0.768478
vt 0.014703 0.765456
vt 0.739269 0.859499
vt 0.741166 0.875426
vt 0.985443 0.873210
vt 0.983545 0.857282
vt 0.534416 0.752608
vt 0.531411 0.753622
vt 0.740749 0.852279
vt 0.739694 0.849256
vt 0.539432 0.738689
vt 0.541327 0.754617
vt 0.785605 0.752441
vt 0.783709 0.736513
vt 0.734255 0.833162
vt 0.731250 0.834177
vt 0.540913 0.731469
vt 0.539860 0.728447
vt 0.985443 0.832942
vt 0.983544 0.817015
vt 0.739268 0.819243
vt 0.741166 0.835170
vt 0.740747 0.812022
vt 0.739693 0.809000
vt 0.990589 0.695117
vt 0.993596 0.694082
vt 0.984055 0.719424
vt 0.985108 0.722446
vt 0.983964 0.840162
vt 0.985018 0.843185
vt 0.990456 0.819022
vt 0.993461 0.818007
vt 0.983963 0.880430
vt 0.985017 0.883452
vt 0.990457 0.859290
vt 0.993462 0.858275
vt 0.272759 0.898745
vt 0.273814 0.901769
vt 0.279177 0.880780
vt 0.282174 0.879785
vt 0.784124 0.759661
vt 0.785177 0.762683
vt 0.790621 0.738522
vt 0.793626 0.737508
vt 0.521072 0.744724
vt 0.524076 0.743709
vt 0.514575 0.765862
vt 0.515629 0.768885
vt 0.258969 0.796651
vt 0.260023 0.799674
vt 0.265465 0.775512
vt 0.268470 0.774498
vn 0.000000 0.000000 1.000000
vn 0.000000 0.000000 1.000000
vn 0.000000 0.000000 1.000000
vn 0.000000 0.000000 1.000000
vn 0.000000 0.000000 1.000000
vn 0.000000 0.000000 1.000000
vn 0.000000 0.000000 1.000000
vn 0.000000 0.000000 1.000000
vn 0.000000 0.000000 1.000000
vn 0.000000 0.000000 1.000000
vn 0.000000 0.000000 1.000000
vn 0.000000 0.000000 1.000000
vn 0.000000 0.000000 1.000000
vn 0.000000 0.000000 1.000000
vn 0.000000 0.000000 1.000000
vn 0.000000 0.000000 1.000000
vn 0.000000 0.000000 1.000000
vn 0.000000 0.000000 1.000000
vn 0.000000 0.000000 1.000000
vn 0.000000 0.000000 1.000000
vn 0.000000 0.000000 1.000000
vn 0.000000 0.000000 1.000000
vn 0.000000 0.000000 1.000000
vn 0.000000 0.000000 1.000000
vn 0.000000 0.000000 1.000000
vn 0.000000 0.000000 1.000000
vn 0.000000 0.000000 1.000000
vn 0.000000 0.000000 1.000000
vn 0.000000 0.000000 1.000000
vn 0.000000 0.000000 1.000000
vn 0.000000 0.000000 1.000000
vn 0.000000 0.000000 1.000000
vn 0.000000 0.000000 1.000000
vn 0.000000 0.000000 1.000000
vn 0.000000 0.000000 1.000000
vn 0.000000 0.000000 1.000000
vn 0.000000 0.000000 1.000000
vn 0.000000 0.000000 1.000000
vn 0.000000 0.000000 1.000000
vn 0.000000 0.000000 1.000000
vn 0.000000 0.000000 1.000000
vn 0.000000 0.000000 1.000000
vn 0.000000 0.000000 1.000000
vn 0.000000 0.000000 1.000000
vn 0.000000 0.000000 1.000000
vn 0.000000 0.000000 1.000000
vn 0.000000 0.000000 1.000000
vn 0.000000 0.000000 1.000000
vn 0.000000 0.000000 1.000000
vn 0.000000 0.000000 1.000000
vn 0.000000 0.000000 1.000000
vn 0.000000 0.000000 1.000000
vn 0.000000 0.000000 1.000000
vn 0.000000 0.000000 1.000000
vn 0.000000 0.000000 1.000000
vn 0.000000 0.000000 1.000000
vn 0.000000 0.000000 1.000000
vn 0.000000 0.000000 1.000000
vn 0.000000 0.000000 1.000000
vn 0.000000 0.000000 1.000000
vn 0.000000 0.000000 1.000000
vn 0.000000 0.000000 1.000000
vn 0.000000 0.000000 1.000000
vn 0.000000 0.000000 1.000000
vn 0.000000 0.000000 1.000000
vn 0.000000 0.000000 1.000000
vn 0.000000 0.000000 1.000000
vn 0.000000 0.000000 1.000000
vn 0.000000 0.000000 1.000000
vn 0.000000 0.000000 1.000000
vn 0.000000 0.000000 1.000000
vn 0.000000 0.000000 1.000000
vn 0.000000 0.000000 1.000000
vn 0.000000 0.000000 1.000000
vn 0.000000 0.000000 1.000000
vn 0.000000 0.000000 1.000000
vn 0.000000 0.000000 1.000000
vn 0.000000 0.000000 1.000000
vn 0.000000 0.000000 1.000000
vn 0.000000 0.000000 1.000000
vn 0.000000 0.000000 1.000000
vn 0.000000 0.000000 1.000000
vn 0.000000 0.000000 1.000000
vn 0.000000 0.000000 1.000000
vn 0.000000 0.000000 1.000000
vn 0.000000 0.000000 1.000000
vn 0.000000 0.000000 1.000000
vn 0.000000 0.000000 1.000000
vn 0.000000 0.000000 1.000000
vn 0.000000 0.000000 1.000000
vn 0.000000 0.000000 1.000000
vn 0.000000 0.000000 1.000000
vn 0.000000 0.000000 1.000000
vn 0.000000 0.000000 1.000000
vn 0.000000 0.000000 1.000000
vn 0.000000 0.000000 1.000000
vn 0.000000 0.000000 1.000000
vn 0.000000 0.000000 1.000000
vn 0.000000 0.000000 1.000000
vn 0.000000 0.000000 1.000000
vn 0.382712 -0.923868 0.000000
vn 0.382712 -0.923868 0.000000
vn 0.382712 -0.923868 0.000000
vn 0.382712 -0.923868 0.000000
vn 0.923839 -0.382780 0.000000
vn 0.923839 -0.382780 0.000000
vn 0.923839 -0.382780 0.000000
vn 0.923839 -0.382780 0.000000
vn 0.000000 -0.382671 0.923885
vn 0.000000 -0.382671 0.923885
vn 0.000000 -0.382671 0.923885
vn 0.000000 -0.382671 0.923885
vn 0.000000 -0.923882 0.382676
vn 0.000000 -0.923882 0.382676
vn 0.000000 -0.923882 0.382676
vn 0.000000 -0.923882 0.382676
vn 0.923859 0.000000 0.382732
vn 0.923859 0.000000 0.382732
vn 0.923859 0.000000 0.382732
vn 0.923859 0.000000 0.382732
vn 0.382683 0.000000 0.923880
vn 0.382683 0.000000 0.923880
vn 0.382683 0.000000 0.923880
vn 0.382683 0.000000 0.923880
vn -0.923839 -0.382780 0.000000
vn -0.923839 -0.382780 0.000000
vn -0.923839 -0.382780 0.000000
vn -0.923839 -0.382780 0.000000
vn -0.382712 -0.923868 0.000000
vn -0.382712 -0.923868 0.000000
vn -0.382712 -0.923868 0.000000
vn -0.382712 -0.923868 0.000000
vn -0.382683 0.000000 0.923880
vn -0.382683 0.000000 0.923880
vn -0.382683 0.000000 0.923880
vn -0.382683 0.000000 0.923880
vn -0.923859 0.000000 0.382732
vn -0.923859 0.000000 0.382732
vn -0.923859 0.000000 0.382732
vn -0.923859 0.000000 0.382732
vn 0.923842 0.382773 0.000000
vn 0.923842 0.382773 0.000000
vn 0.923842 0.382773 0.000000
vn 0.923842 0.382773 0.000000
vn 0.382689 0.923877 0.000000
vn 0.382689 0.923877 0.000000
vn 0.382689 0.923877 0.000000
vn 0.382689 0.923877 0.000000
vn 0.382681 0.000000 0.923880
vn 0.382681 0.000000 0.923880
vn 0.382681 0.000000 0.923880
vn 0.382681 0.000000 0.923880
vn 0.923859 0.000000 0.382732
vn 0.923859 0.000000 0.382732
vn 0.923859 0.000000 0.382732
vn 0.923859 0.000000 0.382732
vn 0.000000 0.923879 0.382684
vn 0.000000 0.923879 0.382684
vn 0.000000 0.923879 0.382684
vn 0.000000 0.923879 0.382684
vn 0.000000 0.382671 0.923885
vn 0.000000 0.382671 0.923885
vn 0.000000 0.382671 0.923885
vn 0.000000 0.382671 0.923885
vn 0.382712 -0.923868 0.000000
vn 0.382712 -0.923868 0.000000
vn 0.382712 -0.923868 0.000000
vn 0.382712 -0.923868 0.000000
vn 0.923842 -0.382773 0.000000
vn 0.923842 -0.382773 0.000000
vn 0.923842 -0.382773 0.000000
vn 0.923842 -0.382773 0.000000
vn 0.000000 -0.382671 0.923885
vn 0.000000 -0.382671 0.923885
vn 0.000000 -0.382671 0.923885
vn 0.000000 -0.382671 0.923885
vn 0.000000 -0.923889 0.382660
vn 0.000000 -0.923889 0.382660
vn 0.000000 -0.923889 0.382660
vn 0.000000 -0.923889 0.382660
vn -0.382669 0.923886 0.000000
vn -0.382669 0.923886 0.000000
vn -0.382669 0.923886 0.000000
vn -0.382669 0.923886 0.000000
vn -0.923863 0.382724 0.000000
vn -0.923863 0.382724 0.000000
vn -0.923863 0.382724 0.000000
vn -0.923863 0.382724 0.000000
vn 0.000000 0.382672 0.923884
vn 0.000000 0.382672 0.923884
vn 0.000000 0.382672 0.923884
vn 0.000000 0.382672 0.923884
vn 0.000000 0.923879 0.382684
vn 0.000000 0.923879 0.382684
vn 0.000000 0.923879 0.382684
vn 0.000000 0.923879 0.382684
vn -0.923859 0.000000 0.382732
vn -0.923859 0.000000 0.382732
vn -0.923859 0.000000 0.382732
vn -0.923859 0.000000 0.382732
vn -0.382681 0.000000 0.923880
vn -0.382681 0.000000 0.923880
vn -0.382681 0.000000 0.923880
vn -0.382681 0.000000 0.923880
vn -0.923863 -0.382724 0.000000
vn -0.923863 -0.382724 0.000000
vn -0.923863 -0.382724 0.000000
vn -0.923863 -0.382724 0.000000
vn -0.382692 -0.923876 0.000000
vn -0.382692 -0.923876 0.000000
vn -0.382692 -0.923876 0.000000
vn -0.382692 -0.923876 0.000000
vn 0.000000 -0.923889 0.382660
vn 0.000000 -0.923889 0.382660
vn 0.000000 -0.923889 0.382660
vn 0.000000 -0.923889 0.382660
vn 0.000000 -0.382672 0.923884
vn 0.000000 -0.382672 0.923884
vn 0.000000 -0.382672 0.923884
vn 0.000000 -0.382672 0.923884
vn -0.382689 0.923877 0.000000
vn -0.382689 0.923877 0.000000
vn -0.382689 0.923877 0.000000
vn -0.382689 0.923877 0.000000
vn -0.923842 0.382773 0.000000
vn -0.923842 0.382773 0.000000
vn -0.923842 0.382773 0.000000
vn -0.923842 0.382773 0.000000
vn -0.923859 0.000000 0.382732
vn -0.923859 0.000000 0.382732
vn -0.923859 0.000000 0.382732
vn -0.923859 0.000000 0.382732
vn -0.382681 0.000000 0.923880
vn -0.382681 0.000000 0.923880
vn -0.382681 0.000000 0.923880
vn -0.382681 0.000000 0.923880
vn 0.382705 -0.923871 0.000000
vn 0.382705 -0.923871 0.000000
vn 0.382705 -0.923871 0.000000
vn 0.382705 -0.923871 0.000000
vn 0.923839 -0.382780 0.000000
vn 0.923839 -0.382780 0.000000
vn 0.923839 -0.382780 0.000000
vn 0.923839 -0.382780 0.000000
vn 0.000000 -0.382674 0.923883
vn 0.000000 -0.382674 0.923883
vn 0.000000 -0.382674 0.923883
vn 0.000000 -0.382674 0.923883
vn 0.000000 -0.923884 0.382672
vn 0.000000 -0.923884 0.382672
vn 0.000000 -0.923884 0.382672
vn 0.000000 -0.923884 0.382672
vn 0.923860 0.000000 0.382732
vn 0.923860 0.000000 0.382732
vn 0.923860 0.000000 0.382732
vn 0.923860 0.000000 0.382732
vn 0.382679 0.000000 0.923881
vn 0.382679 0.000000 0.923881
vn 0.382679 0.000000 0.923881
vn 0.382679 0.000000 0.923881
vn -0.923839 -0.382780 0.000000
vn -0.923839 -0.382780 0.000000
vn -0.923839 -0.382780 0.000000
vn -0.923839 -0.382780 0.000000
vn -0.382705 -0.923871 0.000000
vn -0.382705 -0.923871 0.000000
vn -0.382705 -0.923871 0.000000
vn -0.382705 -0.923871 0.000000
vn -0.382682 0.000000 0.923880
vn -0.382682 0.000000 0.923880
vn -0.382682 0.000000 0.923880
vn -0.382682 0.000000 0.923880
vn -0.923860 0.000000 0.382732
vn -0.923860 0.000000 0.382732
vn -0.923860 0.000000 0.382732
vn -0.923860 0.000000 0.382732
vn 0.923840 0.382779 0.000000
vn 0.923840 0.382779 0.000000
vn 0.923840 0.382779 0.000000
vn 0.923840 0.382779 0.000000
vn 0.382705 0.923871 0.000000
vn 0.382705 0.923871 0.000000
vn 0.382705 0.923871 0.000000
vn 0.382705 0.923871 0.000000
vn 0.382677 0.000000 0.923882
vn 0.382677 0.000000 0.923882
vn 0.382677 0.000000 0.923882
vn 0.382677 0.000000 0.923882
vn 0.923860 0.000000 0.382731
vn 0.923860 0.000000 0.382732
vn 0.923860 0.000000 0.382731
vn 0.923860 0.000000 0.382731
vn 0.000000 0.923883 0.382674
vn 0.000000 0.923883 0.382674
vn 0.000000 0.923883 0.382674
vn 0.000000 0.923883 0.382674
vn 0.000000 0.382675 0.923883
vn 0.000000 0.382675 0.923883
vn 0.000000 0.382675 0.923883
vn 0.000000 0.382675 0.923883
vn -0.382705 0.923871 0.000000
vn -0.382705 0.923871 0.000000
vn -0.382705 0.923871 0.000000
vn -0.382705 0.923871 0.000000
vn -0.923840 0.382779 0.000000
vn -0.923840 0.382779 0.000000
vn -0.923840 0.382779 0.000000
vn -0.923840 0.382779 0.000000
vn -0.923860 0.000000 0.382732
vn -0.923860 0.000000 0.382731
vn -0.923860 0.000000 0.382731
vn -0.923860 0.000000 0.382731
vn -0.382679 0.000000 0.923881
vn -0.382679 0.000000 0.923881
vn -0.382679 0.000000 0.923881
vn -0.382679 0.000000 0.923881
vn -0.382680 0.000000 0.923881
vn -0.382680 0.000000 0.923881
vn -0.382680 0.000000 0.923881
vn -0.382680 0.000000 0.923881
vn -0.923860 0.000000 0.382730
vn -0.923860 0.000000 0.382730
vn -0.923860 0.000000 0.382730
vn -0.923860 0.000000 0.382730
vn 0.000000 0.923892 0.382652
vn 0.000000 0.923892 0.382652
vn 0.000000 0.923892 0.382652
vn 0.000000 0.923892 0.382652
vn 0.000000 0.382668 0.923886
vn 0.000000 0.382668 0.923886
vn 0.000000 0.382668 0.923886
vn 0.000000 0.382668 0.923886
vn -0.382712 -0.923868 0.000000
vn -0.382712 -0.923868 0.000000
vn -0.382712 -0.923868 0.000000
vn -0.382712 -0.923868 0.000000
vn -0.923842 -0.382773 0.000000
vn -0.923842 -0.382773 0.000000
vn -0.923842 -0.382773 0.000000
vn -0.923842 -0.382773 0.000000
vn 0.000000 -0.382672 0.923885
vn 0.000000 -0.382672 0.923885
vn 0.000000 -0.382672 0.923885
vn 0.000000 -0.382672 0.923885
vn 0.000000 -0.923879 0.382684
vn 0.000000 -0.923879 0.382684
vn 0.000000 -0.923879 0.382684
vn 0.000000 -0.923879 0.382684
vn 0.382680 0.000000 0.923881
vn 0.382680 0.000000 0.923881
vn 0.382680 0.000000 0.923881
vn 0.382680 0.000000 0.923881
vn 0.923860 0.000000 0.382730
vn 0.923860 0.000000 0.382730
vn 0.923860 0.000000 0.382730
vn 0.923860 0.000000 0.382730
vn -0.923860 -0.382731 0.000000
vn -0.923860 -0.382731 0.000000
vn -0.923860 -0.382731 0.000000
vn -0.923860 -0.382731 0.000000
vn -0.382692 -0.923876 0.000000
vn -0.382692 -0.923876 0.000000
vn -0.382692 -0.923876 0.000000
vn -0.382692 -0.923876 0.000000
vn -0.382683 0.000000 0.923880
vn -0.382683 0.000000 0.923880
vn -0.382683 0.000000 0.923880
vn -0.382683 0.000000 0.923880
vn -0.923861 0.000000 0.382729
vn -0.923861 0.000000 0.382729
vn -0.923861 0.000000 0.382729
vn -0.923861 0.000000 0.382729
vn 0.000000 -0.923886 0.382668
vn 0.000000 -0.923886 0.382668
vn 0.000000 -0.923886 0.382668
vn 0.000000 -0.923886 0.382668
vn 0.000000 -0.382675 0.923883
vn 0.000000 -0.382675 0.923883
vn 0.000000 -0.382675 0.923883
vn 0.000000 -0.382675 0.923883
vn -0.382684 0.923879 0.000000
vn -0.382684 0.923879 0.000000
vn -0.382684 0.923879 0.000000
vn -0.382684 0.923879 0.000000
vn -0.923860 0.382731 0.000000
vn -0.923860 0.382731 0.000000
vn -0.923860 0.382731 0.000000
vn -0.923860 0.382731 0.000000
vn 0.000000 0.382675 0.923883
vn 0.000000 0.382675 0.923883
vn 0.000000 0.382675 0.923883
vn 0.000000 0.382675 0.923883
vn 0.000000 0.923883 0.382676
vn 0.000000 0.923883 0.382676
vn 0.000000 0.923883 0.382676
vn 0.000000 0.923883 0.382676
vn 0.382705 0.923871 0.000000
vn 0.382705 0.923871 0.000000
vn 0.382705 0.923871 0.000000
vn 0.382705 0.923871 0.000000
vn 0.923839 0.382780 0.000000
vn 0.923839 0.382780 0.000000
vn 0.923839 0.382780 0.000000
vn 0.923839 0.382780 0.000000
vn 0.000000 0.382675 0.923883
vn 0.000000 0.382675 0.923883
vn 0.000000 0.382675 0.923883
vn 0.000000 0.382675 0.923883
vn 0.000000 0.923886 0.382668
vn 0.000000 0.923886 0.382668
vn 0.000000 0.923886 0.382668
vn 0.000000 0.923886 0.382668
vn 0.923860 0.000000 0.382730
vn 0.923860 0.000000 0.382730
vn 0.923860 0.000000 0.382730
vn 0.923860 0.000000 0.382730
vn 0.382679 0.000000 0.923882
vn 0.382679 0.000000 0.923882
vn 0.382679 0.000000 0.923882
vn 0.382679 0.000000 0.923882
vn 0.923839 -0.382780 0.000000
vn 0.923839 -0.382780 0.000000
vn 0.923839 -0.382780 0.000000
vn 0.923839 -0.382780 0.000000
vn 0.382712 -0.923868 0.000000
vn 0.382712 -0.923868 0.000000
vn 0.382712 -0.923868 0.000000
vn 0.382712 -0.923868 0.000000
vn 0.000000 -0.923879 0.382684
vn 0.000000 -0.923879 0.382684
vn 0.000000 -0.923879 0.382684
vn 0.000000 -0.923879 0.382684
vn 0.000000 -0.382678 0.923882
vn 0.000000 -0.382678 0.923882
vn 0.000000 -0.382678 0.923882
vn 0.000000 -0.382678 0.923882
vn -0.923839 0.382780 0.000000
vn -0.923839 0.382780 0.000000
vn -0.923839 0.382780 0.000000
vn -0.923839 0.382780 0.000000
vn -0.382705 0.923871 0.000000
vn -0.382705 0.923871 0.000000
vn -0.382705 0.923871 0.000000
vn -0.382705 0.923871 0.000000
vn -0.382679 0.000000 0.923882
vn -0.382679 0.000000 0.923882
vn -0.382679 0.000000 0.923882
vn -0.382679 0.000000 0.923882
vn -0.923860 0.000000 0.382730
vn -0.923860 0.000000 0.382730
vn -0.923860 0.000000 0.382730
vn -0.923860 0.000000 0.382730
vn -0.382712 -0.923868 0.000000
vn -0.382712 -0.923868 0.000000
vn -0.382712 -0.923868 0.000000
vn -0.382712 -0.923868 0.000000
vn -0.923839 -0.382780 0.000000
vn -0.923839 -0.382780 0.000000
vn -0.923839 -0.382780 0.000000
vn -0.923839 -0.382780 0.000000
vn 0.000000 -0.382674 0.923883
vn 0.000000 -0.382674 0.923883
vn 0.000000 -0.382674 0.923883
vn 0.000000 -0.382674 0.923883
vn 0.000000 -0.923886 0.382668
vn 0.000000 -0.923886 0.382668
vn 0.000000 -0.923886 0.382668
vn 0.000000 -0.923886 0.382668
vn 0.923861 0.000000 0.382729
vn 0.923861 0.000000 0.382729
vn 0.923861 0.000000 0.382729
vn 0.923861 0.000000 0.382729
vn 0.382683 0.000000 0.923880
vn 0.382683 0.000000 0.923880
vn 0.382683 0.000000 0.923880
vn 0.382683 0.000000 0.923880
vn 0.000000 0.923882 0.382676
vn 0.000000 0.923883 0.382676
vn 0.000000 0.923883 0.382676
vn 0.000000 0.923882 0.382676
vn 0.000000 0.382674 0.923883
vn 0.000000 0.382674 0.923883
vn 0.000000 0.382674 0.923883
vn 0.000000 0.382674 0.923883
vn 0.923841 0.382777 0.000000
vn 0.923841 0.382777 0.000000
vn 0.923841 0.382777 0.000000
vn 0.923841 0.382777 0.000000
vn 0.382700 0.923873 0.000000
vn 0.382700 0.923873 0.000000
vn 0.382700 0.923873 0.000000
vn 0.382700 0.923873 0.000000
vn 0.382676 0.000000 0.923883
vn 0.382676 0.000000 0.923883
vn 0.382676 0.000000 0.923883
vn 0.382676 0.000000 0.923883
vn 0.923859 0.000000 0.382732
vn 0.923859 0.000000 0.382732
vn 0.923859 0.000000 0.382732
vn 0.923859 0.000000 0.382732
vn 0.000000 0.923882 0.382676
vn 0.000000 0.923882 0.382676
vn 0.000000 0.923882 0.382676
vn 0.000000 0.923882 0.382676
vn 0.000000 0.382675 0.923883
vn 0.000000 0.382675 0.923883
vn 0.000000 0.382675 0.923883
vn 0.000000 0.382675 0.923883
vn 0.382705 -0.923871 0.000000
vn 0.382705 -0.923871 0.000000
vn 0.382705 -0.923871 0.000000
vn 0.382705 -0.923871 0.000000
vn 0.923839 -0.382780 0.000000
vn 0.923839 -0.382780 0.000000
vn 0.923839 -0.382780 0.000000
vn 0.923839 -0.382780 0.000000
vn 0.000000 -0.382677 0.923882
vn 0.000000 -0.382677 0.923882
vn 0.000000 -0.382677 0.923882
vn 0.000000 -0.382677 0.923882
vn 0.000000 -0.923883 0.382676
vn 0.000000 -0.923882 0.382676
vn 0.000000 -0.923882 0.382676
vn 0.000000 -0.923883 0.382676
vn -0.923841 0.382777 0.000000
vn -0.923841 0.382777 0.000000
vn -0.923841 0.382777 0.000000
vn -0.923841 0.382777 0.000000
vn -0.382700 0.923873 0.000000
vn -0.382700 0.923873 0.000000
vn -0.382700 0.923873 0.000000
vn -0.382700 0.923873 0.000000
vn -0.382676 0.000000 0.923882
vn -0.382676 0.000000 0.923882
vn -0.382676 0.000000 0.923882
vn -0.382676 0.000000 0.923882
vn -0.923860 0.000000 0.382730
vn -0.923860 0.000000 0.382730
vn -0.923860 0.000000 0.382730
vn -0.923860 0.000000 0.382730
vn 0.000000 0.923886 0.382668
vn 0.000000 0.923886 0.382668
vn 0.000000 0.923886 0.382668
vn 0.000000 0.923886 0.382668
vn 0.000000 0.382672 0.923884
vn 0.000000 0.382672 0.923884
vn 0.000000 0.382672 0.923884
vn 0.000000 0.382672 0.923884
vn -0.382705 -0.923871 0.000000
vn -0.382705 -0.923871 0.000000
vn -0.382705 -0.923871 0.000000
vn -0.382705 -0.923871 0.000000
vn -0.923839 -0.382780 0.000000
vn -0.923839 -0.382780 0.000000
vn -0.923839 -0.382780 0.000000
vn -0.923839 -0.382780 0.000000
vn 0.000000 -0.382676 0.923882
vn 0.000000 -0.382676 0.923882
vn 0.000000 -0.382676 0.923882
vn 0.000000 -0.382676 0.923882
vn 0.000000 -0.923884 0.382672
vn 0.000000 -0.923884 0.382672
vn 0.000000 -0.923884 0.382672
vn 0.000000 -0.923884 0.382672
vn 0.382676 0.000000 0.923882
vn 0.382676 0.000000 0.923882
vn 0.382676 0.000000 0.923882
vn 0.382676 0.000000 0.923882
vn 0.923860 0.000000 0.382730
vn 0.923860 0.000000 0.382730
vn 0.923860 0.000000 0.382730
vn 0.923860 0.000000 0.382730
vn -0.382680 0.923881 0.000000
vn -0.382680 0.923881 0.000000
vn -0.382680 0.923881 0.000000
vn -0.382680 0.923881 0.000000
vn -0.923861 0.382728 0.000000
vn -0.923861 0.382728 0.000000
vn -0.923861 0.382728 0.000000
vn -0.923861 0.382728 0.000000
vn 0.000000 0.382676 0.923883
vn 0.000000 0.382676 0.923883
vn 0.000000 0.382676 0.923883
vn 0.000000 0.382676 0.923883
vn 0.000000 0.923882 0.382678
vn 0.000000 0.923882 0.382678
vn 0.000000 0.923882 0.382678
vn 0.000000 0.923882 0.382678
vn -0.923859 0.000000 0.382732
vn -0.923859 0.000000 0.382732
vn -0.923859 0.000000 0.382732
vn -0.923859 0.000000 0.382732
vn -0.382674 0.000000 0.923884
vn -0.382673 0.000000 0.923884
vn -0.382674 0.000000 0.923884
vn -0.382674 0.000000 0.923884
vn -0.923860 -0.382731 0.000000
vn -0.923860 -0.382731 0.000000
vn -0.923860 -0.382731 0.000000
vn -0.923860 -0.382731 0.000000
vn -0.382684 -0.923879 0.000000
vn -0.382684 -0.923879 0.000000
vn -0.382684 -0.923879 0.000000
vn -0.382684 -0.923879 0.000000
vn 0.000000 -0.923883 0.382676
vn 0.000000 -0.923883 0.382676
vn 0.000000 -0.923883 0.382676
vn 0.000000 -0.923883 0.382676
vn 0.000000 -0.382678 0.923882
vn 0.000000 -0.382678 0.923882
vn 0.000000 -0.382678 0.923882
vn 0.000000 -0.382678 0.923882
vn -0.923859 0.000000 0.382732
vn -0.923859 0.000000 0.382732
vn -0.923859 0.000000 0.382732
vn -0.923859 0.000000 0.382732
vn -0.382674 0.000000 0.923884
vn -0.382673 0.000000 0.923884
vn -0.382674 0.000000 0.923884
vn -0.382674 0.000000 0.923884
vn 0.382705 -0.923871 0.000000
vn 0.382705 -0.923871 0.000000
vn 0.382705 -0.923871 0.000000
vn 0.382705 -0.923871 0.000000
vn 0.923841 -0.382777 0.000000
vn 0.923841 -0.382777 0.000000
vn 0.923841 -0.382777 0.000000
vn 0.923841 -0.382777 0.000000
vn 0.000000 -0.382673 0.923884
vn 0.000000 -0.382673 0.923884
vn 0.000000 -0.382673 0.923884
vn 0.000000 -0.382673 0.923884
vn 0.000000 -0.923883 0.382674
vn 0.000000 -0.923883 0.382674
vn 0.000000 -0.923883 0.382674
vn 0.000000 -0.923883 0.382674
vn -0.923841 -0.382777 0.000000
vn -0.923841 -0.382777 0.000000
vn -0.923841 -0.382777 0.000000
vn -0.923841 -0.382777 0.000000
vn -0.382705 -0.923871 0.000000
vn -0.382705 -0.923871 0.000000
vn -0.382705 -0.923871 0.000000
vn -0.382705 -0.923871 0.000000
vn 0.923841 0.382777 0.000000
vn 0.923841 0.382777 0.000000
vn 0.923841 0.382777 0.000000
vn 0.923841 0.382777 0.000000
vn 0.382689 0.923877 0.000000
vn 0.382689 0.923877 0.000000
vn 0.382689 0.923877 0.000000
vn 0.382689 0.923877 0.000000
vn 0.382679 0.000000 0.923881
vn 0.382679 0.000000 0.923881
vn 0.382679 0.000000 0.923881
vn 0.382679 0.000000 0.923881
vn 0.923860 0.000000 0.382731
vn 0.923860 0.000000 0.382731
vn 0.923860 0.000000 0.382731
vn 0.923860 0.000000 0.382731
vn 0.000000 0.923879 0.382684
vn 0.000000 0.923879 0.382684
vn 0.000000 0.923879 0.382684
vn 0.000000 0.923879 0.382684
vn 0.000000 0.382671 0.923885
vn 0.000000 0.382671 0.923885
vn 0.000000 0.382671 0.923885
vn 0.000000 0.382671 0.923885
vn 0.382712 -0.923868 0.000000
vn 0.382712 -0.923868 0.000000
vn 0.382712 -0.923868 0.000000
vn 0.382712 -0.923868 0.000000
vn 0.923842 -0.382773 0.000000
vn 0.923842 -0.382773 0.000000
vn 0.923842 -0.382773 0.000000
vn 0.923842 -0.382773 0.000000
vn 0.000000 -0.382668 0.923886
vn 0.000000 -0.382668 0.923886
vn 0.000000 -0.382668 0.923886
vn 0.000000 -0.382668 0.923886
vn 0.000000 -0.923889 0.382660
vn 0.000000 -0.923889 0.382660
vn 0.000000 -0.923889 0.382660
vn 0.000000 -0.923889 0.382660
vn -0.923841 0.382777 0.000000
vn -0.923841 0.382777 0.000000
vn -0.923841 0.382777 0.000000
vn -0.923841 0.382777 0.000000
vn -0.382689 0.923877 0.000000
vn -0.382689 0.923877 0.000000
vn -0.382689 0.923877 0.000000
vn -0.382689 0.923877 0.000000
vn -0.382682 0.000000 0.923880
vn -0.382682 0.000000 0.923880
vn -0.382682 0.000000 0.923880
vn -0.382682 0.000000 0.923880
vn -0.923860 0.000000 0.382730
vn -0.923860 0.000000 0.382730
vn -0.923860 0.000000 0.382730
vn -0.923860 0.000000 0.382730
vn 0.000000 0.923889 0.382660
vn 0.000000 0.923889 0.382660
vn 0.000000 0.923889 0.382660
vn 0.000000 0.923889 0.382660
vn 0.000000 0.382675 0.923883
vn 0.000000 0.382675 0.923883
vn 0.000000 0.382675 0.923883
vn 0.000000 0.382675 0.923883
vn -0.382712 -0.923868 0.000000
vn -0.382712 -0.923868 0.000000
vn -0.382712 -0.923868 0.000000
vn -0.382712 -0.923868 0.000000
vn -0.923842 -0.382773 0.000000
vn -0.923842 -0.382773 0.000000
vn -0.923842 -0.382773 0.000000
vn -0.923842 -0.382773 0.000000
vn 0.000000 -0.382672 0.923885
vn 0.000000 -0.382672 0.923885
vn 0.000000 -0.382672 0.923885
vn 0.000000 -0.382672 0.923885
vn 0.000000 -0.923879 0.382684
vn 0.000000 -0.923879 0.382684
vn 0.000000 -0.923879 0.382684
vn 0.000000 -0.923879 0.382684
vn 0.382682 0.000000 0.923880
vn 0.382682 0.000000 0.923880
vn 0.382682 0.000000 0.923880
vn 0.382682 0.000000 0.923880
vn 0.923860 0.000000 0.382730
vn 0.923860 0.000000 0.382730
vn 0.923860 0.000000 0.382730
vn 0.923860 0.000000 0.382730
vn -0.382669 0.923886 0.000000
vn -0.382669 0.923886 0.000000
vn -0.382669 0.923886 0.000000
vn -0.382669 0.923886 0.000000
vn -0.923861 0.382728 0.000000
vn -0.923861 0.382728 0.000000
vn -0.923861 0.382728 0.000000
vn -0.923861 0.382728 0.000000
vn 0.000000 0.382672 0.923884
vn 0.000000 0.382672 0.923884
vn 0.000000 0.382672 0.923884
vn 0.000000 0.382672 0.923884
vn 0.000000 0.923879 0.382684
vn 0.000000 0.923879 0.382684
vn 0.000000 0.923879 0.382684
vn 0.000000 0.923879 0.382684
vn -0.923860 0.000000 0.382731
vn -0.923860 0.000000 0.382731
vn -0.923860 0.000000 0.382731
vn -0.923860 0.000000 0.382731
vn -0.382679 0.000000 0.923881
vn -0.382679 0.000000 0.923881
vn -0.382679 0.000000 0.923881
vn -0.382679 0.000000 0.923881
vn -0.923863 -0.382724 0.000000
vn -0.923863 -0.382724 0.000000
vn -0.923863 -0.382724 0.000000
vn -0.923863 -0.382724 0.000000
vn -0.382692 -0.923876 0.000000
vn -0.382692 -0.923876 0.000000
vn -0.382692 -0.923876 0.000000
vn -0.382692 -0.923876 0.000000
vn 0.000000 -0.923889 0.382660
vn 0.000000 -0.923889 0.382660
vn 0.000000 -0.923889 0.382660
vn 0.000000 -0.923889 0.382660
vn 0.000000 -0.382665 0.923887
vn 0.000000 -0.382665 0.923887
vn 0.000000 -0.382665 0.923887
vn 0.000000 -0.382665 0.923887
vn -0.923861 0.000000 0.382729
vn -0.923861 0.000000 0.382729
vn -0.923861 0.000000 0.382729
vn -0.923861 0.000000 0.382729
vn -0.382681 0.000000 0.923881
vn -0.382681 0.000000 0.923881
vn -0.382681 0.000000 0.923881
vn -0.382681 0.000000 0.923881
vn -0.382679 0.000000 0.923881
vn -0.382679 0.000000 0.923881
vn -0.382679 0.000000 0.923881
vn -0.382679 0.000000 0.923881
vn -0.923860 0.000000 0.382731
vn -0.923860 0.000000 0.382731
vn -0.923860 0.000000 0.382731
vn -0.923860 0.000000 0.382731
vn 0.923841 0.382777 0.000000
vn 0.923841 0.382777 0.000000
vn 0.923841 0.382777 0.000000
vn 0.923841 0.382777 0.000000
vn 0.382705 0.923871 0.000000
vn 0.382705 0.923871 0.000000
vn 0.382705 0.923871 0.000000
vn 0.382705 0.923871 0.000000
vn 0.000000 0.923882 0.382676
vn 0.000000 0.923883 0.382676
vn 0.000000 0.923883 0.382676
vn 0.000000 0.923882 0.382676
vn 0.000000 0.382671 0.923885
vn 0.000000 0.382671 0.923885
vn 0.000000 0.382671 0.923885
vn 0.000000 0.382671 0.923885
vn -0.923841 0.382777 0.000000
vn -0.923841 0.382777 0.000000
vn -0.923841 0.382777 0.000000
vn -0.923841 0.382777 0.000000
vn -0.382705 0.923871 0.000000
vn -0.382705 0.923871 0.000000
vn -0.382705 0.923871 0.000000
vn -0.382705 0.923871 0.000000
vn -0.382678 0.000000 0.923882
vn -0.382678 0.000000 0.923882
vn -0.382678 0.000000 0.923882
vn -0.382678 0.000000 0.923882
vn -0.923860 0.000000 0.382731
vn -0.923860 0.000000 0.382731
vn -0.923860 0.000000 0.382731
vn -0.923860 0.000000 0.382731
vn 0.000000 0.923884 0.382672
vn 0.000000 0.923884 0.382672
vn 0.000000 0.923884 0.382672
vn 0.000000 0.923884 0.382672
vn 0.000000 0.382672 0.923885
vn 0.000000 0.382672 0.923885
vn 0.000000 0.382672 0.923885
vn 0.000000 0.382672 0.923885
vn 0.000000 -0.382675 0.923883
vn 0.000000 -0.382675 0.923883
vn 0.000000 -0.382675 0.923883
vn 0.000000 -0.382675 0.923883
vn 0.000000 -0.923884 0.382672
vn 0.000000 -0.923884 0.382672
vn 0.000000 -0.923884 0.382672
vn 0.000000 -0.923884 0.382672
vn 0.382678 0.000000 0.923882
vn 0.382678 0.000000 0.923882
vn 0.382678 0.000000 0.923882
vn 0.382678 0.000000 0.923882
vn 0.923860 0.000000 0.382731
vn 0.923860 0.000000 0.382731
vn 0.923860 0.000000 0.382731
vn 0.923860 0.000000 0.382731
vn -0.382684 0.923879 0.000000
vn -0.382684 0.923879 0.000000
vn -0.382684 0.923879 0.000000
vn -0.382684 0.923879 0.000000
vn -0.923861 0.382728 0.000000
vn -0.923861 0.382728 0.000000
vn -0.923861 0.382728 0.000000
vn -0.923861 0.382728 0.000000
vn 0.000000 0.382673 0.923884
vn 0.000000 0.382673 0.923884
vn 0.000000 0.382673 0.923884
vn 0.000000 0.382673 0.923884
vn 0.000000 0.923883 0.382676
vn 0.000000 0.923883 0.382676
vn 0.000000 0.923883 0.382676
vn 0.000000 0.923883 0.382676
vn -0.923860 0.000000 0.382732
vn -0.923860 0.000000 0.382732
vn -0.923860 0.000000 0.382732
vn -0.923860 0.000000 0.382732
vn -0.382682 0.000000 0.923880
vn -0.382682 0.000000 0.923880
vn -0.382682 0.000000 0.923880
vn -0.382682 0.000000 0.923880
vn -0.923860 -0.382731 0.000000
vn -0.923860 -0.382731 0.000000
vn -0.923860 -0.382731 0.000000
vn -0.923860 -0.382731 0.000000
vn -0.382684 -0.923879 0.000000
vn -0.382684 -0.923879 0.000000
vn -0.382684 -0.923879 0.000000
vn -0.382684 -0.923879 0.000000
vn 0.000000 -0.923884 0.382672
vn 0.000000 -0.923884 0.382672
vn 0.000000 -0.923884 0.382672
vn 0.000000 -0.923884 0.382672
vn 0.000000 -0.382675 0.923883
vn 0.000000 -0.382675 0.923883
vn 0.000000 -0.382675 0.923883
vn 0.000000 -0.382675 0.923883
vn -0.382679 0.000000 0.923881
vn -0.382679 0.000000 0.923881
vn -0.382679 0.000000 0.923881
vn -0.382679 0.000000 0.923881
vn -0.923860 0.000000 0.382730
vn -0.923860 0.000000 0.382730
vn -0.923860 0.000000 0.382730
vn -0.923860 0.000000 0.382730
vn 0.000000 0.923884 0.382673
vn 0.000000 0.923884 0.382673
vn 0.000000 0.923884 0.382673
vn 0.000000 0.923884 0.382673
vn 0.000000 0.382674 0.923883
vn 0.000000 0.382674 0.923883
vn 0.000000 0.382674 0.923883
vn 0.000000 0.382674 0.923883
vn 0.923860 0.000000 0.382730
vn 0.923860 0.000000 0.382730
vn 0.923860 0.000000 0.382730
vn 0.923860 0.000000 0.382730
vn 0.382679 0.000000 0.923881
vn 0.382679 0.000000 0.923881
vn 0.382679 0.000000 0.923881
vn 0.382679 0.000000 0.923881
vn 0.000000 -0.382672 0.923884
vn 0.000000 -0.382672 0.923884
vn 0.000000 -0.382672 0.923884
vn 0.000000 -0.382672 0.923884
vn 0.000000 -0.923884 0.382672
vn 0.000000 -0.923884 0.382672
vn 0.000000 -0.923884 0.382672
vn 0.000000 -0.923884 0.382672
vn -0.382684 0.923879 0.000000
vn -0.382684 0.923879 0.000000
vn -0.382684 0.923879 0.000000
vn -0.382684 0.923879 0.000000
vn -0.923861 0.382729 0.000000
vn -0.923861 0.382729 0.000000
vn -0.923861 0.382729 0.000000
vn -0.923861 0.382729 0.000000
vn 0.000000 0.382675 0.923883
vn 0.000000 0.382675 0.923883
vn 0.000000 0.382675 0.923883
vn 0.000000 0.382675 0.923883
vn 0.000000 0.923883 0.382675
vn 0.000000 0.923883 0.382675
vn 0.000000 0.923883 0.382675
vn 0.000000 0.923883 0.382675
vn -0.923860 0.000000 0.382732
vn -0.923860 0.000000 0.382731
vn -0.923860 0.000000 0.382731
vn -0.923860 0.000000 0.382731
vn -0.382679 0.000000 0.923881
vn -0.382679 0.000000 0.923881
vn -0.382679 0.000000 0.923881
vn -0.382679 0.000000 0.923881
vn -0.923861 -0.382728 0.000000
vn -0.923861 -0.382728 0.000000
vn -0.923861 -0.382728 0.000000
vn -0.923861 -0.382728 0.000000
vn -0.382684 -0.923879 0.000000
vn -0.382684 -0.923879 0.000000
vn -0.382684 -0.923879 0.000000
vn -0.382684 -0.923879 0.000000
vn -0.000000 -0.923883 0.382676
vn -0.000000 -0.923883 0.382676
vn -0.000000 -0.923883 0.382676
vn -0.000000 -0.923883 0.382676
vn -0.000000 -0.382674 0.923883
vn -0.000000 -0.382674 0.923883
vn -0.000000 -0.382674 0.923883
vn -0.000000 -0.382674 0.923883
vn 0.923842 0.382773 0.000000
vn 0.923842 0.382773 0.000000
vn 0.923842 0.382773 0.000000
vn 0.923842 0.382773 0.000000
vn 0.382689 0.923877 0.000000
vn 0.382689 0.923877 0.000000
vn 0.382689 0.923877 0.000000
vn 0.382689 0.923877 0.000000
vn 0.000000 0.923879 0.382684
vn 0.000000 0.923879 0.382684
vn 0.000000 0.923879 0.382684
vn 0.000000 0.923879 0.382684
vn 0.000000 0.382664 0.923887
vn 0.000000 0.382664 0.923887
vn 0.000000 0.382664 0.923887
vn 0.000000 0.382664 0.923887
vn -0.382689 0.923877 0.000000
vn -0.382689 0.923877 0.000000
vn -0.382689 0.923877 0.000000
vn -0.382689 0.923877 0.000000
vn -0.923842 0.382773 0.000000
vn -0.923842 0.382773 0.000000
vn -0.923842 0.382773 0.000000
vn -0.923842 0.382773 0.000000
vn -0.923860 -0.382731 0.000000
vn -0.923860 -0.382731 0.000000
vn -0.923860 -0.382731 0.000000
vn -0.923860 -0.382731 0.000000
vn -0.382692 -0.923876 0.000000
vn -0.382692 -0.923876 0.000000
vn -0.382692 -0.923876 0.000000
vn -0.382692 -0.923876 0.000000
vn -0.382683 0.000000 0.923880
vn -0.382683 0.000000 0.923880
vn -0.382683 0.000000 0.923880
vn -0.382683 0.000000 0.923880
vn -0.923859 0.000000 0.382732
vn -0.923859 0.000000 0.382732
vn -0.923859 0.000000 0.382732
vn -0.923859 0.000000 0.382732
vn 0.000000 -0.923883 0.382676
vn 0.000000 -0.923883 0.382676
vn 0.000000 -0.923883 0.382676
vn 0.000000 -0.923883 0.382676
vn 0.000000 -0.382675 0.923883
vn 0.000000 -0.382675 0.923883
vn 0.000000 -0.382675 0.923883
vn 0.000000 -0.382675 0.923883
vn -0.382669 0.923886 0.000000
vn -0.382669 0.923886 0.000000
vn -0.382669 0.923886 0.000000
vn -0.382669 0.923886 0.000000
vn -0.923863 0.382724 0.000000
vn -0.923863 0.382724 0.000000
vn -0.923863 0.382724 0.000000
vn -0.923863 0.382724 0.000000
vn 0.000000 0.382668 0.923886
vn 0.000000 0.382668 0.923886
vn 0.000000 0.382668 0.923886
vn 0.000000 0.382668 0.923886
vn 0.000000 0.923876 0.382692
vn 0.000000 0.923876 0.382692
vn 0.000000 0.923876 0.382692
vn 0.000000 0.923876 0.382692
vn -0.382677 0.000000 0.923882
vn -0.382677 0.000000 0.923882
vn -0.382677 0.000000 0.923882
vn -0.382677 0.000000 0.923882
vn -0.923860 0.000000 0.382731
vn -0.923860 0.000000 0.382731
vn -0.923860 0.000000 0.382731
vn -0.923860 0.000000 0.382731
vn 0.000000 0.923889 0.382660
vn 0.000000 0.923889 0.382660
vn 0.000000 0.923889 0.382660
vn 0.000000 0.923889 0.382660
vn 0.000000 0.382668 0.923886
vn 0.000000 0.382668 0.923886
vn 0.000000 0.382668 0.923886
vn 0.000000 0.382668 0.923886
vn 0.000000 -0.382678 0.923882
vn 0.000000 -0.382678 0.923882
vn 0.000000 -0.382678 0.923882
vn 0.000000 -0.382678 0.923882
vn 0.000000 -0.923879 0.382684
vn 0.000000 -0.923879 0.382684
vn 0.000000 -0.923879 0.382684
vn 0.000000 -0.923879 0.382684
vn 0.382677 0.000000 0.923882
vn 0.382677 0.000000 0.923882
vn 0.382677 0.000000 0.923882
vn 0.382677 0.000000 0.923882
vn 0.923860 0.000000 0.382731
vn 0.923860 0.000000 0.382731
vn 0.923860 0.000000 0.382731
vn 0.923860 0.000000 0.382731
vn 0.923850 0.382754 0.000000
vn 0.923850 0.382754 0.000000
vn 0.923850 0.382754 0.000000
vn 0.923850 0.382754 0.000000
vn 0.382684 0.923879 0.000000
vn 0.382684 0.923879 0.000000
vn 0.382684 0.923879 0.000000
vn 0.382684 0.923879 0.000000
vn 0.382677 0.000000 0.923882
vn 0.382677 0.000000 0.923882
vn 0.382677 0.000000 0.923882
vn 0.382677 0.000000 0.923882
vn 0.923860 0.000000 0.382731
vn 0.923860 0.000000 0.382731
vn 0.923860 0.000000 0.382731
vn 0.923860 0.000000 0.382731
vn 0.923850 -0.382756 0.000000
vn 0.923850 -0.382756 0.000000
vn 0.923850 -0.382756 0.000000
vn 0.923850 -0.382756 0.000000
vn 0.382688 -0.923878 0.000000
vn 0.382688 -0.923878 0.000000
vn 0.382688 -0.923878 0.000000
vn 0.382688 -0.923878 0.000000
vn 0.382682 0.000000 0.923880
vn 0.382682 0.000000 0.923880
vn 0.382682 0.000000 0.923880
vn 0.382682 0.000000 0.923880
vn 0.923860 0.000000 0.382731
vn 0.923860 0.000000 0.382731
vn 0.923860 0.000000 0.382731
vn 0.923860 0.000000 0.382731
vn -0.000000 -0.923883 0.382676
vn -0.000000 -0.923883 0.382676
vn -0.000000 -0.923883 0.382676
vn -0.000000 -0.923883 0.382676
vn -0.000000 -0.382675 0.923883
vn -0.000000 -0.382675 0.923883
vn -0.000000 -0.382675 0.923883
vn -0.000000 -0.382675 0.923883
vn 0.000000 0.382674 0.923883
vn 0.000000 0.382674 0.923883
vn 0.000000 0.382674 0.923883
vn 0.000000 0.382674 0.923883
vn 0.000000 0.923884 0.382674
vn 0.000000 0.923884 0.382674
vn 0.000000 0.923884 0.382674
vn 0.000000 0.923884 0.382674
vn -0.382679 0.000000 0.923881
vn -0.382679 0.000000 0.923881
vn -0.382679 0.000000 0.923881
vn -0.382679 0.000000 0.923881
vn -0.923860 0.000000 0.382730
vn -0.923860 0.000000 0.382730
vn -0.923860 0.000000 0.382730
vn -0.923860 0.000000 0.382730
vn 0.923851 0.382753 0.000000
vn 0.923851 0.382753 0.000000
vn 0.923851 0.382753 0.000000
vn 0.923851 0.382753 0.000000
vn 0.382680 0.923881 0.000000
vn 0.382680 0.923881 0.000000
vn 0.382680 0.923881 0.000000
vn 0.382680 0.923881 0.000000
vn 0.382676 0.000000 0.923883
vn 0.382676 0.000000 0.923883
vn 0.382676 0.000000 0.923883
vn 0.382676 0.000000 0.923883
vn 0.923859 0.000000 0.382732
vn 0.923859 0.000000 0.382732
vn 0.923859 0.000000 0.382732
vn 0.923859 0.000000 0.382732
vn -0.382676 0.000000 0.923882
vn -0.382676 0.000000 0.923882
vn -0.382676 0.000000 0.923882
vn -0.382676 0.000000 0.923882
vn -0.923860 0.000000 0.382730
vn -0.923860 0.000000 0.382730
vn -0.923860 0.000000 0.382730
vn -0.923860 0.000000 0.382730
vn 0.000000 0.923885 0.382670
vn 0.000000 0.923885 0.382670
vn 0.000000 0.923885 0.382670
vn 0.000000 0.923885 0.382670
vn 0.000000 0.382673 0.923884
vn 0.000000 0.382673 0.923884
vn 0.000000 0.382673 0.923884
vn 0.000000 0.382673 0.923884
vn 0.000000 -0.382677 0.923882
vn 0.000000 -0.382677 0.923882
vn 0.000000 -0.382677 0.923882
vn 0.000000 -0.382677 0.923882
vn 0.000000 -0.923883 0.382676
vn 0.000000 -0.923883 0.382676
vn 0.000000 -0.923883 0.382676
vn 0.000000 -0.923883 0.382676
vn 0.923850 -0.382756 0.000000
vn 0.923850 -0.382756 0.000000
vn 0.923850 -0.382756 0.000000
vn 0.923850 -0.382756 0.000000
vn 0.382684 -0.923879 0.000000
vn 0.382684 -0.923879 0.000000
vn 0.382684 -0.923879 0.000000
vn 0.382684 -0.923879 0.000000
vn 0.382676 0.000000 0.923882
vn 0.382676 0.000000 0.923882
vn 0.382676 0.000000 0.923882
vn 0.382676 0.000000 0.923882
vn 0.923860 0.000000 0.382730
vn 0.923860 0.000000 0.382730
vn 0.923860 0.000000 0.382730
vn 0.923860 0.000000 0.382730
vn 0.923850 0.382756 0.000000
vn 0.923850 0.382756 0.000000
vn 0.923850 0.382756 0.000000
vn 0.923850 0.382756 0.000000
vn 0.382684 0.923879 0.000000
vn 0.382684 0.923879 0.000000
vn 0.382684 0.923879 0.000000
vn 0.382684 0.923879 0.000000
vn 0.382678 0.000000 0.923882
vn 0.382678 0.000000 0.923882
vn 0.382678 0.000000 0.923882
vn 0.382678 0.000000 0.923882
vn 0.923859 0.000000 0.382732
vn 0.923859 0.000000 0.382732
vn 0.923859 0.000000 0.382732
vn 0.923859 0.000000 0.382732
vn -0.382678 0.000000 0.923882
vn -0.382678 0.000000 0.923882
vn -0.382678 0.000000 0.923882
vn -0.382678 0.000000 0.923882
vn -0.923860 0.000000 0.382731
vn -0.923860 0.000000 0.382731
vn -0.923860 0.000000 0.382731
vn -0.923860 0.000000 0.382731
vn 0.000000 0.923883 0.382676
vn 0.000000 0.923883 0.382676
vn 0.000000 0.923883 0.382676
vn 0.000000 0.923883 0.382676
vn 0.000000 0.382674 0.923883
vn 0.000000 0.382674 0.923883
vn 0.000000 0.382674 0.923883
vn 0.000000 0.382674 0.923883
vn 0.000000 -0.382675 0.923883
vn 0.000000 -0.382675 0.923883
vn 0.000000 -0.382675 0.923883
vn 0.000000 -0.382675 0.923883
vn 0.000000 -0.923883 0.382676
vn 0.000000 -0.923883 0.382676
vn 0.000000 -0.923883 0.382676
vn 0.000000 -0.923883 0.382676
vn 0.923850 -0.382756 0.000000
vn 0.923850 -0.382756 0.000000
vn 0.923850 -0.382756 0.000000
vn 0.923850 -0.382756 0.000000
vn 0.382684 -0.923879 0.000000
vn 0.382684 -0.923879 0.000000
vn 0.382684 -0.923879 0.000000
vn 0.382684 -0.923879 0.000000
vn 0.382678 0.000000 0.923882
vn 0.382678 0.000000 0.923882
vn 0.382678 0.000000 0.923882
vn 0.382678 0.000000 0.923882
vn 0.923860 0.000000 0.382731
vn 0.923860 0.000000 0.382731
vn 0.923860 0.000000 0.382731
vn 0.923860 0.000000 0.382731
vn 0.923852 0.382749 0.000000
vn 0.923852 0.382749 0.000000
vn 0.923852 0.382749 0.000000
vn 0.923852 0.382749 0.000000
vn 0.382669 0.923886 0.000000
vn 0.382669 0.923886 0.000000
vn 0.382669 0.923886 0.000000
vn 0.382669 0.923886 0.000000
vn 0.382681 0.000000 0.923880
vn 0.382681 0.000000 0.923880
vn 0.382681 0.000000 0.923880
vn 0.382681 0.000000 0.923880
vn 0.923859 0.000000 0.382732
vn 0.923859 0.000000 0.382732
vn 0.923859 0.000000 0.382732
vn 0.923859 0.000000 0.382732
vn -0.382680 0.000000 0.923881
vn -0.382680 0.000000 0.923881
vn -0.382680 0.000000 0.923881
vn -0.382680 0.000000 0.923881
vn -0.923860 0.000000 0.382730
vn -0.923860 0.000000 0.382730
vn -0.923860 0.000000 0.382730
vn -0.923860 0.000000 0.382730
vn 0.000000 0.923889 0.382660
vn 0.000000 0.923889 0.382660
vn 0.000000 0.923889 0.382660
vn 0.000000 0.923889 0.382660
vn 0.000000 0.382672 0.923884
vn 0.000000 0.382672 0.923884
vn 0.000000 0.382672 0.923884
vn 0.000000 0.382672 0.923884
vn 0.000000 -0.382669 0.923886
vn 0.000000 -0.382669 0.923886
vn 0.000000 -0.382669 0.923886
vn 0.000000 -0.382669 0.923886
vn 0.000000 -0.923883 0.382676
vn 0.000000 -0.923883 0.382676
vn 0.000000 -0.923883 0.382676
vn 0.000000 -0.923883 0.382676
vn 0.923852 -0.382749 0.000000
vn 0.923852 -0.382749 0.000000
vn 0.923852 -0.382749 0.000000
vn 0.923852 -0.382749 0.000000
vn 0.382692 -0.923876 0.000000
vn 0.382692 -0.923876 0.000000
vn 0.382692 -0.923876 0.000000
vn 0.382692 -0.923876 0.000000
vn 0.382680 0.000000 0.923881
vn 0.382680 0.000000 0.923881
vn 0.382680 0.000000 0.923881
vn 0.382680 0.000000 0.923881
vn 0.923860 0.000000 0.382730
vn 0.923860 0.000000 0.382730
vn 0.923860 0.000000 0.382730
vn 0.923860 0.000000 0.382730
vn 0.923851 0.382753 0.000000
vn 0.923851 0.382753 0.000000
vn 0.923851 0.382753 0.000000
vn 0.923851 0.382753 0.000000
vn 0.382669 0.923886 0.000000
vn 0.382669 0.923886 0.000000
vn 0.382669 0.923886 0.000000
vn 0.382669 0.923886 0.000000
vn 0.382679 0.000000 0.923881
vn 0.382679 0.000000 0.923881
vn 0.382679 0.000000 0.923881
vn 0.382679 0.000000 0.923881
vn 0.923860 0.000000 0.382731
vn 0.923860 0.000000 0.382731
vn 0.923860 0.000000 0.382731
vn 0.923860 0.000000 0.382731
vn -0.382682 0.000000 0.923880
vn -0.382682 0.000000 0.923880
vn -0.382682 0.000000 0.923880
vn -0.382682 0.000000 0.923880
vn -0.923860 0.000000 0.382730
vn -0.923860 0.000000 0.382730
vn -0.923860 0.000000 0.382730
vn -0.923860 0.000000 0.382730
vn 0.000000 0.923889 0.382660
vn 0.000000 0.923889 0.382660
vn 0.000000 0.923889 0.382660
vn 0.000000 0.923889 0.382660
vn 0.000000 0.382672 0.923884
vn 0.000000 0.382672 0.923884
vn 0.000000 0.382672 0.923884
vn 0.000000 0.382672 0.923884
vn 0.000000 -0.382669 0.923886
vn 0.000000 -0.382669 0.923886
vn 0.000000 -0.382669 0.923886
vn 0.000000 -0.382669 0.923886
vn 0.000000 -0.923883 0.382676
vn 0.000000 -0.923883 0.382676
vn 0.000000 -0.923883 0.382676
vn 0.000000 -0.923883 0.382676
vn 0.923852 -0.382749 0.000000
vn 0.923852 -0.382749 0.000000
vn 0.923852 -0.382749 0.000000
vn 0.923852 -0.382749 0.000000
vn 0.382692 -0.923876 0.000000
vn 0.382692 -0.923876 0.000000
vn 0.382692 -0.923876 0.000000
vn 0.382692 -0.923876 0.000000
vn 0.382682 0.000000 0.923880
vn 0.382682 0.000000 0.923880
vn 0.382682 0.000000 0.923880
vn 0.382682 0.000000 0.923880
vn 0.923860 0.000000 0.382730
vn 0.923860 0.000000 0.382730
vn 0.923860 0.000000 0.382730
vn 0.923860 0.000000 0.382730
vn 0.923850 0.382756 0.000000
vn 0.923850 0.382756 0.000000
vn 0.923850 0.382756 0.000000
vn 0.923850 0.382756 0.000000
vn 0.382684 0.923879 0.000000
vn 0.382684 0.923879 0.000000
vn 0.382684 0.923879 0.000000
vn 0.382684 0.923879 0.000000
vn 0.382683 0.000000 0.923880
vn 0.382683 0.000000 0.923880
vn 0.382683 0.000000 0.923880
vn 0.382683 0.000000 0.923880
vn 0.923861 0.000000 0.382729
vn 0.923861 0.000000 0.382729
vn 0.923861 0.000000 0.382729
vn 0.923861 0.000000 0.382729
vn 0.923850 -0.382756 0.000000
vn 0.923850 -0.382756 0.000000
vn 0.923850 -0.382756 0.000000
vn 0.923850 -0.382756 0.000000
vn 0.382692 -0.923876 0.000000
vn 0.382692 -0.923876 0.000000
vn 0.382692 -0.923876 0.000000
vn 0.382692 -0.923876 0.000000
vn 0.382679 0.000000 0.923882
vn 0.382679 0.000000 0.923882
vn 0.382679 0.000000 0.923882
vn 0.382679 0.000000 0.923882
vn 0.923860 0.000000 0.382730
vn 0.923860 0.000000 0.382730
vn 0.923860 0.000000 0.382730
vn 0.923860 0.000000 0.382730
vn 0.000000 -0.923879 0.382684
vn 0.000000 -0.923879 0.382684
vn 0.000000 -0.923879 0.382684
vn 0.000000 -0.923879 0.382684
vn 0.000000 -0.382675 0.923883
vn 0.000000 -0.382675 0.923883
vn 0.000000 -0.382675 0.923883
vn 0.000000 -0.382675 0.923883
vn 0.000000 0.382675 0.923883
vn 0.000000 0.382675 0.923883
vn 0.000000 0.382675 0.923883
vn 0.000000 0.382675 0.923883
vn 0.000000 0.923883 0.382676
vn 0.000000 0.923883 0.382676
vn 0.000000 0.923883 0.382676
vn 0.000000 0.923883 0.382676
vn -0.382679 0.000000 0.923882
vn -0.382679 0.000000 0.923882
vn -0.382679 0.000000 0.923882
vn -0.382679 0.000000 0.923882
vn -0.923860 0.000000 0.382730
vn -0.923860 0.000000 0.382730
vn -0.923860 0.000000 0.382730
vn -0.923860 0.000000 0.382730
vn 0.923852 0.382749 0.000000
vn 0.923852 0.382749 0.000000
vn 0.923852 0.382749 0.000000
vn 0.923852 0.382749 0.000000
vn 0.382669 0.923886 0.000000
vn 0.382669 0.923886 0.000000
vn 0.382669 0.923886 0.000000
vn 0.382669 0.923886 0.000000
vn 0.382683 0.000000 0.923880
vn 0.382683 0.000000 0.923880
vn 0.382683 0.000000 0.923880
vn 0.382683 0.000000 0.923880
vn 0.923859 0.000000 0.382732
vn 0.923859 0.000000 0.382732
vn 0.923859 0.000000 0.382732
vn 0.923859 0.000000 0.382732
vn 0.923850 -0.382756 0.000000
vn 0.923850 -0.382756 0.000000
vn 0.923850 -0.382756 0.000000
vn 0.923850 -0.382756 0.000000
vn 0.382692 -0.923876 0.000000
vn 0.382692 -0.923876 0.000000
vn 0.382692 -0.923876 0.000000
vn 0.382692 -0.923876 0.000000
vn 0.382677 0.000000 0.923882
vn 0.382677 0.000000 0.923882
vn 0.382677 0.000000 0.923882
vn 0.382677 0.000000 0.923882
vn 0.923860 0.000000 0.382731
vn 0.923860 0.000000 0.382731
vn 0.923860 0.000000 0.382731
vn 0.923860 0.000000 0.382731
vn 0.000000 -0.923879 0.382684
vn 0.000000 -0.923879 0.382684
vn 0.000000 -0.923879 0.382684
vn 0.000000 -0.923879 0.382684
vn 0.000000 -0.382675 0.923883
vn 0.000000 -0.382675 0.923883
vn 0.000000 -0.382675 0.923883
vn 0.000000 -0.382675 0.923883
vn -0.923860 0.000000 0.382731
vn -0.923860 0.000000 0.382731
vn -0.923860 0.000000 0.382731
vn -0.923860 0.000000 0.382731
vn -0.382677 0.000000 0.923882
vn -0.382677 0.000000 0.923882
vn -0.382677 0.000000 0.923882
vn -0.382677 0.000000 0.923882
vn 0.000000 0.382669 0.923886
vn 0.000000 0.382669 0.923886
vn 0.000000 0.382669 0.923886
vn 0.000000 0.382669 0.923886
vn 0.000000 0.923893 0.382652
vn 0.000000 0.923893 0.382652
vn 0.000000 0.923893 0.382652
vn 0.000000 0.923893 0.382652
vn 0.000000 0.000000 1.000000
vn 0.000000 0.000000 1.000000
vn 0.000000 0.000000 1.000000
vn 0.000000 0.000000 1.000000
vn 0.000000 0.000000 1.000000
vn 0.000000 0.000000 1.000000
vn 0.000000 0.000000 1.000000
vn 0.000000 0.000000 1.000000
vn 0.000000 0.000000 1.000000
vn 0.000000 0.000000 1.000000
vn 0.000000 0.000000 1.000000
vn 0.000000 0.000000 1.000000
vn 0.000000 0.000000 1.000000
vn 0.000000 0.000000 1.000000
vn 0.000000 0.000000 1.000000
vn 0.000000 0.000000 1.000000
vn 0.000000 0.000000 1.000000
vn 0.000000 0.000000 1.000000
vn 0.000000 0.000000 1.000000
vn 0.000000 0.000000 1.000000
vn 0.000000 0.000000 1.000000
vn 0.000000 0.000000 1.000000
vn 0.000000 0.000000 1.000000
vn 0.000000 0.000000 1.000000
vn 0.000000 0.000000 1.000000
vn 0.000000 0.000000 1.000000
vn 0.000000 0.000000 1.000000
vn 0.000000 0.000000 1.000000
vn -0.000000 0.000000 1.000000
vn -0.000000 0.000000 1.000000
vn -0.000000 0.000000 1.000000
vn -0.000000 0.000000 1.000000
vn 0.000000 0.000000 1.000000
vn 0.000000 0.000000 1.000000
vn 0.000000 0.000000 1.000000
vn 0.000000 0.000000 1.000000
vn 0.000000 0.000000 1.000000
vn 0.000000 0.000000 1.000000
vn 0.000000 0.000000 1.000000
vn 0.000000 0.000000 1.000000
vn 0.000000 0.000000 1.000000
vn 0.000000 0.000000 1.000000
vn 0.000000 0.000000 1.000000
vn 0.000000 0.000000 1.000000
vn 0.000000 0.000000 1.000000
vn 0.000000 0.000000 1.000000
vn 0.000000 0.000000 1.000000
vn 0.000000 0.000000 1.000000
vn 0.000000 0.000000 1.000000
vn 0.000000 0.000000 1.000000
vn 0.000000 0.000000 1.000000
vn 0.000000 0.000000 1.000000
vn 0.000000 0.000000 1.000000
vn 0.000000 0.000000 1.000000
vn 0.000000 0.000000 1.000000
vn 0.000000 0.000000 1.000000
vn 0.000000 -1.000000 0.000000
vn 0.000000 -1.000000 0.000000
vn 0.000000 -1.000000 0.000000
vn 0.000000 -1.000000 0.000000
vn 1.000000 0.000000 0.000000
vn 1.000000 0.000000 0.000000
vn 1.000000 0.000000 0.000000
vn 1.000000 0.000000 0.000000
vn -1.000000 0.000000 0.000000
vn -1.000000 0.000000 0.000000
vn -1.000000 0.000000 0.000000
vn -1.000000 0.000000 0.000000
vn 1.000000 0.000000 0.000000
vn 1.000000 0.000000 0.000000
vn 1.000000 0.000000 0.000000
vn 1.000000 0.000000 0.000000
vn 0.000000 1.000000 0.000000
vn 0.000000 1.000000 0.000000
vn 0.000000 1.000000 0.000000
vn 0.000000 1.000000 0.000000
vn 0.000000 -1.000000 0.000000
vn 0.000000 -1.000000 0.000000
vn 0.000000 -1.000000 0.000000
vn 0.000000 -1.000000 0.000000
vn 0.000000 1.000000 0.000000
vn 0.000000 1.000000 0.000000
vn 0.000000 1.000000 0.000000
vn 0.000000 1.000000 0.000000
vn -1.000000 0.000000 0.000000
vn -1.000000 0.000000 0.000000
vn -1.000000 0.000000 0.000000
vn -1.000000 0.000000 0.000000
vn 0.000000 -1.000000 0.000000
vn 0.000000 -1.000000 0.000000
vn 0.000000 -1.000000 0.000000
vn 0.000000 -1.000000 0.000000
vn -1.000000 0.000000 0.000000
vn -1.000000 0.000000 0.000000
vn -1.000000 0.000000 0.000000
vn -1.000000 0.000000 0.000000
vn 0.000000 -1.000000 0.000000
vn 0.000000 -1.000000 0.000000
vn 0.000000 -1.000000 0.000000
vn 0.000000 -1.000000 0.000000
vn 1.000000 0.000000 0.000000
vn 1.000000 0.000000 0.000000
vn 1.000000 0.000000 0.000000
vn 1.000000 0.000000 0.000000
vn -1.000000 0.000000 0.000000
vn -1.000000 0.000000 0.000000
vn -1.000000 0.000000 0.000000
vn -1.000000 0.000000 0.000000
vn 1.000000 0.000000 0.000000
vn 1.000000 0.000000 0.000000
vn 1.000000 0.000000 0.000000
vn 1.000000 0.000000 0.000000
vn 0.000000 1.000000 0.000000
vn 0.000000 1.000000 0.000000
vn 0.000000 1.000000 0.000000
vn 0.000000 1.000000 0.000000
vn -1.000000 0.000000 0.000000
vn -1.000000 0.000000 0.000000
vn -1.000000 0.000000 0.000000
vn -1.000000 0.000000 0.000000
vn -1.000000 0.000000 0.000000
vn -1.000000 0.000000 0.000000
vn -1.000000 0.000000 0.000000
vn -1.000000 0.000000 0.000000
vn 0.000000 -1.000000 0.000000
vn 0.000000 -1.000000 0.000000
vn 0.000000 -1.000000 0.000000
vn 0.000000 -1.000000 0.000000
vn 0.000000 1.000000 0.000000
vn 0.000000 1.000000 0.000000
vn 0.000000 1.000000 0.000000
vn 0.000000 1.000000 0.000000
vn 0.000000 1.000000 0.000000
vn 0.000000 1.000000 0.000000
vn 0.000000 1.000000 0.000000
vn 0.000000 1.000000 0.000000
vn 1.000000 0.000000 0.000000
vn 1.000000 0.000000 0.000000
vn 1.000000 0.000000 0.000000
vn 1.000000 0.000000 0.000000
vn -1.000000 0.000000 0.000000
vn -1.000000 0.000000 0.000000
vn -1.000000 0.000000 0.000000
vn -1.000000 0.000000 0.000000
vn 0.000000 -1.000000 0.000000
vn 0.000000 -1.000000 0.000000
vn 0.000000 -1.000000 0.000000
vn 0.000000 -1.000000 0.000000
vn 1.000000 0.000000 0.000000
vn 1.000000 0.000000 0.000000
vn 1.000000 0.000000 0.000000
vn 1.000000 0.000000 0.000000
vn 0.000000 1.000000 0.000000
vn 0.000000 1.000000 0.000000
vn 0.000000 1.000000 0.000000
vn 0.000000 1.000000 0.000000
vn 0.000000 -1.000000 0.000000
vn 0.000000 -1.000000 0.000000
vn 0.000000 -1.000000 0.000000
vn 0.000000 -1.000000 0.000000
vn -1.000000 0.000000 0.000000
vn -1.000000 0.000000 0.000000
vn -1.000000 0.000000 0.000000
vn -1.000000 0.000000 0.000000
vn 0.000000 1.000000 0.000000
vn 0.000000 1.000000 0.000000
vn 0.000000 1.000000 0.000000
vn 0.000000 1.000000 0.000000
vn -1.000000 0.000000 0.000000
vn -1.000000 0.000000 0.000000
vn -1.000000 0.000000 0.000000
vn -1.000000 0.000000 0.000000
vn 0.000000 -1.000000 0.000000
vn 0.000000 -1.000000 0.000000
vn 0.000000 -1.000000 0.000000
vn 0.000000 -1.000000 0.000000
vn 0.000000 -1.000000 0.000000
vn 0.000000 -1.000000 0.000000
vn 0.000000 -1.000000 0.000000
vn 0.000000 -1.000000 0.000000
vn 1.000000 0.000000 0.000000
vn 1.000000 0.000000 0.000000
vn 1.000000 0.000000 0.000000
vn 1.000000 0.000000 0.000000
vn 0.000000 1.000000 0.000000
vn 0.000000 1.000000 0.000000
vn 0.000000 1.000000 0.000000
vn 0.000000 1.000000 0.000000
vn 0.000000 -1.000000 0.000000
vn 0.000000 -1.000000 0.000000
vn 0.000000 -1.000000 0.000000
vn 0.000000 -1.000000 0.000000
vn -1.000000 0.000000 0.000000
vn -1.000000 0.000000 0.000000
vn -1.000000 0.000000 0.000000
vn -1.000000 0.000000 0.000000
vn 0.000000 1.000000 0.000000
vn 0.000000 1.000000 0.000000
vn 0.000000 1.000000 0.000000
vn 0.000000 1.000000 0.000000
vn -1.000000 0.000000 0.000000
vn -1.000000 0.000000 0.000000
vn -1.000000 0.000000 0.000000
vn -1.000000 0.000000 0.000000
vn 0.000000 -1.000000 0.000000
vn 0.000000 -1.000000 0.000000
vn 0.000000 -1.000000 0.000000
vn 0.000000 -1.000000 0.000000
vn 0.000000 1.000000 0.000000
vn 0.000000 1.000000 0.000000
vn 0.000000 1.000000 0.000000
vn 0.000000 1.000000 0.000000
vn 0.000000 1.000000 0.000000
vn 0.000000 1.000000 0.000000
vn 0.000000 1.000000 0.000000
vn 0.000000 1.000000 0.000000
vn -1.000000 0.000000 0.000000
vn -1.000000 0.000000 0.000000
vn -1.000000 0.000000 0.000000
vn -1.000000 0.000000 0.000000
vn 0.000000 -1.000000 0.000000
vn 0.000000 -1.000000 0.000000
vn 0.000000 -1.000000 0.000000
vn 0.000000 -1.000000 0.000000
vn 0.000000 1.000000 0.000000
vn 0.000000 1.000000 0.000000
vn 0.000000 1.000000 0.000000
vn 0.000000 1.000000 0.000000
vn -1.000000 0.000000 0.000000
vn -1.000000 0.000000 0.000000
vn -1.000000 0.000000 0.000000
vn -1.000000 0.000000 0.000000
vn -0.000000 -1.000000 0.000000
vn -0.000000 -1.000000 0.000000
vn -0.000000 -1.000000 0.000000
vn -0.000000 -1.000000 0.000000
vn 0.000000 1.000000 0.000000
vn 0.000000 1.000000 0.000000
vn 0.000000 1.000000 0.000000
vn 0.000000 1.000000 0.000000
vn -1.000000 0.000000 0.000000
vn -1.000000 0.000000 0.000000
vn -1.000000 0.000000 0.000000
vn -1.000000 0.000000 0.000000
vn 0.000000 -1.000000 0.000000
vn 0.000000 -1.000000 0.000000
vn 0.000000 -1.000000 0.000000
vn 0.000000 -1.000000 0.000000
vn 0.000000 1.000000 0.000000
vn 0.000000 1.000000 0.000000
vn 0.000000 1.000000 0.000000
vn 0.000000 1.000000 0.000000
vn 1.000000 0.000000 0.000000
vn 1.000000 0.000000 0.000000
vn 1.000000 0.000000 0.000000
vn 1.000000 0.000000 0.000000
vn 1.000000 0.000000 0.000000
vn 1.000000 0.000000 0.000000
vn 1.000000 0.000000 0.000000
vn 1.000000 0.000000 0.000000
vn 1.000000 0.000000 0.000000
vn 1.000000 0.000000 0.000000
vn 1.000000 0.000000 0.000000
vn 1.000000 0.000000 0.000000
vn 1.000000 0.000000 0.000000
vn 1.000000 0.000000 0.000000
vn 1.000000 0.000000 0.000000
vn 1.000000 0.000000 0.000000
vn 1.000000 0.000000 0.000000
vn 1.000000 0.000000 0.000000
vn 1.000000 0.000000 0.000000
vn 1.000000 0.000000 0.000000
vn 1.000000 0.000000 0.000000
vn 1.000000 0.000000 0.000000
vn 1.000000 0.000000 0.000000
vn 1.000000 0.000000 0.000000
vn 1.000000 0.000000 0.000000
vn 1.000000 0.000000 0.000000
vn 1.000000 0.000000 0.000000
vn 1.000000 0.000000 0.000000
vn 0.812472 -0.336619 0.476001
vn 0.812472 -0.336619 0.476001
vn 0.812472 -0.336619 0.476001
vn 0.812472 -0.336619 0.476001
vn 0.336572 -0.812507 0.475975
vn 0.336572 -0.812507 0.475975
vn 0.336572 -0.812507 0.475975
vn 0.336572 -0.812507 0.475975
vn 0.115641 -0.279203 0.953243
vn 0.115641 -0.279203 0.953243
vn 0.115641 -0.279203 0.953243
vn 0.115641 -0.279203 0.953243
vn 0.279185 -0.115664 0.953246
vn 0.279185 -0.115664 0.953246
vn 0.279185 -0.115664 0.953246
vn 0.279185 -0.115664 0.953246
vn -0.336573 -0.812509 0.475971
vn -0.336573 -0.812509 0.475971
vn -0.336573 -0.812509 0.475971
vn -0.336573 -0.812509 0.475971
vn -0.812472 -0.336619 0.476001
vn -0.812472 -0.336619 0.476001
vn -0.812472 -0.336619 0.476001
vn -0.812472 -0.336619 0.476001
vn -0.279184 -0.115663 0.953246
vn -0.279184 -0.115664 0.953246
vn -0.279184 -0.115664 0.953246
vn -0.279184 -0.115664 0.953246
vn -0.115643 -0.279186 0.953248
vn -0.115643 -0.279186 0.953248
vn -0.115643 -0.279186 0.953248
vn -0.115643 -0.279186 0.953248
vn 0.336562 0.812512 0.475973
vn 0.336562 0.812512 0.475973
vn 0.336562 0.812512 0.475973
vn 0.336562 0.812512 0.475973
vn 0.812473 0.336617 0.476000
vn 0.812473 0.336617 0.476000
vn 0.812473 0.336617 0.476000
vn 0.812473 0.336617 0.476000
vn 0.279185 0.115664 0.953246
vn 0.279185 0.115664 0.953246
vn 0.279185 0.115664 0.953246
vn 0.279185 0.115664 0.953246
vn 0.115649 0.279197 0.953244
vn 0.115649 0.279197 0.953244
vn 0.115649 0.279197 0.953244
vn 0.115649 0.279197 0.953244
vn 0.812470 -0.336613 0.476008
vn 0.812470 -0.336613 0.476008
vn 0.812470 -0.336613 0.476008
vn 0.812470 -0.336613 0.476008
vn 0.336567 -0.812511 0.475972
vn 0.336567 -0.812511 0.475972
vn 0.336567 -0.812511 0.475972
vn 0.336567 -0.812511 0.475972
vn 0.115645 -0.279203 0.953243
vn 0.115645 -0.279203 0.953243
vn 0.115645 -0.279203 0.953243
vn 0.115645 -0.279203 0.953243
vn 0.279179 -0.115664 0.953248
vn 0.279179 -0.115664 0.953248
vn 0.279179 -0.115664 0.953248
vn 0.279179 -0.115664 0.953248
vn -0.812479 0.336598 0.476004
vn -0.812479 0.336598 0.476004
vn -0.812479 0.336598 0.476004
vn -0.812479 0.336598 0.476004
vn -0.336550 0.812527 0.475955
vn -0.336550 0.812527 0.475956
vn -0.336550 0.812527 0.475956
vn -0.336550 0.812527 0.475955
vn -0.115648 0.279188 0.953247
vn -0.115648 0.279188 0.953247
vn -0.115648 0.279188 0.953247
vn -0.115648 0.279188 0.953247
vn -0.279184 0.115664 0.953246
vn -0.279184 0.115664 0.953246
vn -0.279184 0.115663 0.953246
vn -0.279184 0.115664 0.953246
vn -0.336554 -0.812526 0.475955
vn -0.336554 -0.812526 0.475955
vn -0.336554 -0.812526 0.475955
vn -0.336554 -0.812526 0.475955
vn -0.812476 -0.336593 0.476012
vn -0.812476 -0.336593 0.476012
vn -0.812476 -0.336593 0.476012
vn -0.812476 -0.336593 0.476012
vn -0.279178 -0.115664 0.953248
vn -0.279178 -0.115664 0.953248
vn -0.279178 -0.115664 0.953248
vn -0.279178 -0.115664 0.953248
vn -0.115645 -0.279195 0.953245
vn -0.115645 -0.279195 0.953245
vn -0.115645 -0.279195 0.953245
vn -0.115645 -0.279195 0.953245
vn -0.812473 0.336617 0.476001
vn -0.812473 0.336617 0.476001
vn -0.812473 0.336617 0.476001
vn -0.812473 0.336617 0.476001
vn -0.336562 0.812512 0.475973
vn -0.336562 0.812512 0.475973
vn -0.336562 0.812512 0.475973
vn -0.336562 0.812512 0.475973
vn -0.115649 0.279180 0.953249
vn -0.115649 0.279180 0.953249
vn -0.115649 0.279180 0.953249
vn -0.115649 0.279180 0.953249
vn -0.279184 0.115664 0.953246
vn -0.279184 0.115664 0.953246
vn -0.279184 0.115663 0.953246
vn -0.279184 0.115664 0.953246
vn 0.812474 -0.336619 0.475997
vn 0.812474 -0.336619 0.475997
vn 0.812474 -0.336619 0.475997
vn 0.812474 -0.336619 0.475997
vn 0.336565 -0.812504 0.475985
vn 0.336565 -0.812504 0.475985
vn 0.336565 -0.812504 0.475985
vn 0.336565 -0.812504 0.475985
vn 0.115647 -0.279204 0.953242
vn 0.115647 -0.279204 0.953242
vn 0.115647 -0.279204 0.953242
vn 0.115647 -0.279204 0.953242
vn 0.279181 -0.115664 0.953247
vn 0.279181 -0.115664 0.953247
vn 0.279181 -0.115664 0.953247
vn 0.279181 -0.115664 0.953247
vn -0.336565 -0.812504 0.475985
vn -0.336565 -0.812504 0.475985
vn -0.336565 -0.812504 0.475985
vn -0.336565 -0.812504 0.475985
vn -0.812474 -0.336619 0.475997
vn -0.812474 -0.336619 0.475997
vn -0.812474 -0.336619 0.475997
vn -0.812474 -0.336619 0.475997
vn -0.279180 -0.115664 0.953247
vn -0.279180 -0.115664 0.953247
vn -0.279180 -0.115664 0.953247
vn -0.279180 -0.115664 0.953247
vn -0.115648 -0.279187 0.953247
vn -0.115648 -0.279187 0.953247
vn -0.115648 -0.279187 0.953247
vn -0.115648 -0.279187 0.953247
vn 0.336566 0.812505 0.475982
vn 0.336566 0.812505 0.475982
vn 0.336566 0.812505 0.475982
vn 0.336566 0.812505 0.475982
vn 0.812471 0.336618 0.476003
vn 0.812471 0.336618 0.476003
vn 0.812471 0.336618 0.476003
vn 0.812471 0.336618 0.476003
vn 0.279180 0.115664 0.953247
vn 0.279180 0.115664 0.953247
vn 0.279180 0.115664 0.953247
vn 0.279180 0.115664 0.953247
vn 0.115647 0.279203 0.953242
vn 0.115647 0.279203 0.953242
vn 0.115647 0.279203 0.953242
vn 0.115647 0.279203 0.953242
vn -0.812471 0.336618 0.476003
vn -0.812471 0.336618 0.476003
vn -0.812471 0.336618 0.476003
vn -0.812471 0.336618 0.476003
vn -0.336566 0.812505 0.475982
vn -0.336566 0.812505 0.475982
vn -0.336566 0.812505 0.475982
vn -0.336566 0.812505 0.475982
vn -0.115647 0.279186 0.953248
vn -0.115647 0.279186 0.953248
vn -0.115647 0.279186 0.953248
vn -0.115647 0.279186 0.953248
vn -0.279180 0.115664 0.953247
vn -0.279180 0.115664 0.953247
vn -0.279180 0.115664 0.953247
vn -0.279180 0.115664 0.953247
vn -0.325296 0.887905 0.325279
vn -0.325296 0.887905 0.325279
vn -0.325296 0.887905 0.325279
vn -0.325296 0.887905 0.325279
vn -0.887871 0.325344 0.325325
vn -0.887871 0.325344 0.325325
vn -0.887871 0.325344 0.325325
vn -0.887871 0.325344 0.325325
vn -0.325288 0.325254 0.887918
vn -0.325288 0.325254 0.887918
vn -0.325288 0.325254 0.887918
vn -0.325288 0.325254 0.887918
vn -0.887874 -0.325330 0.325332
vn -0.887874 -0.325330 0.325332
vn -0.887874 -0.325330 0.325332
vn -0.887874 -0.325330 0.325332
vn -0.325301 -0.887898 0.325295
vn -0.325301 -0.887898 0.325295
vn -0.325301 -0.887898 0.325295
vn -0.325301 -0.887898 0.325295
vn -0.325289 -0.325257 0.887916
vn -0.325289 -0.325257 0.887916
vn -0.325289 -0.325257 0.887916
vn -0.325289 -0.325257 0.887916
vn 0.325258 -0.887929 0.325252
vn 0.325258 -0.887929 0.325252
vn 0.325258 -0.887929 0.325252
vn 0.325258 -0.887929 0.325252
vn 0.887930 -0.325246 0.325262
vn 0.887930 -0.325246 0.325262
vn 0.887930 -0.325246 0.325262
vn 0.887930 -0.325246 0.325262
vn 0.325262 -0.325258 0.887926
vn 0.325262 -0.325258 0.887926
vn 0.325262 -0.325258 0.887926
vn 0.325262 -0.325258 0.887926
vn 0.887936 0.325233 0.325259
vn 0.887936 0.325233 0.325259
vn 0.887936 0.325233 0.325259
vn 0.887936 0.325233 0.325259
vn 0.325252 0.887935 0.325243
vn 0.325252 0.887935 0.325243
vn 0.325252 0.887935 0.325243
vn 0.325252 0.887935 0.325243
vn 0.325260 0.325258 0.887926
vn 0.325260 0.325258 0.887926
vn 0.325260 0.325258 0.887927
vn 0.325260 0.325258 0.887926
vn -0.336557 -0.812515 0.475971
vn -0.336557 -0.812515 0.475971
vn -0.336557 -0.812515 0.475971
vn -0.336557 -0.812515 0.475971
vn -0.812476 -0.336599 0.476009
vn -0.812476 -0.336599 0.476009
vn -0.812476 -0.336599 0.476009
vn -0.812476 -0.336599 0.476009
vn -0.279185 -0.115664 0.953246
vn -0.279185 -0.115664 0.953246
vn -0.279185 -0.115664 0.953246
vn -0.279185 -0.115664 0.953246
vn -0.115644 -0.279197 0.953245
vn -0.115644 -0.279197 0.953245
vn -0.115644 -0.279197 0.953245
vn -0.115644 -0.279197 0.953245
vn -0.812479 0.336596 0.476005
vn -0.812479 0.336596 0.476005
vn -0.812479 0.336596 0.476005
vn -0.812479 0.336596 0.476005
vn -0.336556 0.812520 0.475963
vn -0.336556 0.812520 0.475963
vn -0.336556 0.812520 0.475963
vn -0.336556 0.812520 0.475963
vn -0.115647 0.279190 0.953247
vn -0.115647 0.279190 0.953247
vn -0.115647 0.279190 0.953247
vn -0.115647 0.279190 0.953247
vn -0.279179 0.115664 0.953248
vn -0.279179 0.115664 0.953248
vn -0.279179 0.115664 0.953248
vn -0.279179 0.115664 0.953248
vn 0.887935 0.325235 0.325260
vn 0.887935 0.325235 0.325259
vn 0.887935 0.325235 0.325260
vn 0.887935 0.325235 0.325260
vn 0.325255 0.887935 0.325239
vn 0.325255 0.887935 0.325239
vn 0.325255 0.887935 0.325239
vn 0.325255 0.887935 0.325239
vn 0.325256 0.325261 0.887927
vn 0.325256 0.325261 0.887927
vn 0.325256 0.325261 0.887927
vn 0.325256 0.325261 0.887927
vn 0.325250 -0.887937 0.325240
vn 0.325250 -0.887937 0.325240
vn 0.325250 -0.887937 0.325240
vn 0.325250 -0.887937 0.325240
vn 0.887931 -0.325249 0.325257
vn 0.887931 -0.325249 0.325257
vn 0.887931 -0.325249 0.325257
vn 0.887931 -0.325249 0.325257
vn 0.325259 -0.325262 0.887925
vn 0.325259 -0.325262 0.887925
vn 0.325259 -0.325262 0.887925
vn 0.325259 -0.325262 0.887925
vn -0.325298 0.887902 0.325285
vn -0.325298 0.887902 0.325286
vn -0.325298 0.887902 0.325286
vn -0.325298 0.887902 0.325285
vn -0.887870 0.325347 0.325326
vn -0.887870 0.325347 0.325326
vn -0.887870 0.325347 0.325326
vn -0.887870 0.325347 0.325326
vn -0.325286 0.325260 0.887916
vn -0.325286 0.325260 0.887916
vn -0.325286 0.325260 0.887916
vn -0.325286 0.325260 0.887916
vn -0.887875 -0.325333 0.325325
vn -0.887875 -0.325333 0.325325
vn -0.887875 -0.325333 0.325325
vn -0.887875 -0.325333 0.325325
vn -0.325293 -0.887903 0.325288
vn -0.325293 -0.887903 0.325288
vn -0.325293 -0.887903 0.325288
vn -0.325293 -0.887903 0.325288
vn -0.325287 -0.325262 0.887915
vn -0.325287 -0.325262 0.887915
vn -0.325287 -0.325262 0.887915
vn -0.325287 -0.325262 0.887915
vn 0.812470 -0.336619 0.476005
vn 0.812470 -0.336619 0.476005
vn 0.812470 -0.336619 0.476005
vn 0.812470 -0.336619 0.476005
vn 0.336569 -0.812500 0.475988
vn 0.336569 -0.812500 0.475988
vn 0.336569 -0.812500 0.475988
vn 0.336569 -0.812500 0.475988
vn 0.115643 -0.279206 0.953242
vn 0.115643 -0.279206 0.953242
vn 0.115643 -0.279206 0.953242
vn 0.115643 -0.279206 0.953242
vn 0.279185 -0.115664 0.953246
vn 0.279185 -0.115664 0.953246
vn 0.279185 -0.115664 0.953246
vn 0.279185 -0.115664 0.953246
vn 0.336569 0.812505 0.475980
vn 0.336569 0.812505 0.475980
vn 0.336569 0.812505 0.475980
vn 0.336569 0.812505 0.475980
vn 0.812473 0.336616 0.476002
vn 0.812473 0.336616 0.476002
vn 0.812473 0.336616 0.476002
vn 0.812473 0.336616 0.476002
vn 0.279179 0.115664 0.953248
vn 0.279179 0.115664 0.953248
vn 0.279179 0.115664 0.953248
vn 0.279179 0.115664 0.953248
vn 0.115647 0.279198 0.953244
vn 0.115647 0.279198 0.953244
vn 0.115647 0.279198 0.953244
vn 0.115647 0.279198 0.953244
vn 0.336564 0.812505 0.475983
vn 0.336565 0.812505 0.475983
vn 0.336564 0.812505 0.475983
vn 0.336565 0.812505 0.475983
vn 0.812472 0.336617 0.476002
vn 0.812472 0.336617 0.476002
vn 0.812472 0.336617 0.476002
vn 0.812472 0.336617 0.476002
vn 0.279180 0.115665 0.953247
vn 0.279180 0.115665 0.953247
vn 0.279180 0.115665 0.953247
vn 0.279180 0.115665 0.953247
vn 0.115647 0.279202 0.953243
vn 0.115647 0.279202 0.953243
vn 0.115647 0.279202 0.953243
vn 0.115647 0.279202 0.953243
vn 0.812472 -0.336618 0.476002
vn 0.812472 -0.336618 0.476002
vn 0.812472 -0.336618 0.476002
vn 0.812472 -0.336618 0.476002
vn 0.336566 -0.812505 0.475981
vn 0.336566 -0.812505 0.475981
vn 0.336566 -0.812505 0.475981
vn 0.336566 -0.812505 0.475981
vn 0.115646 -0.279204 0.953242
vn 0.115646 -0.279204 0.953242
vn 0.115646 -0.279204 0.953242
vn 0.115646 -0.279204 0.953243
vn 0.279181 -0.115664 0.953247
vn 0.279181 -0.115664 0.953247
vn 0.279181 -0.115664 0.953247
vn 0.279181 -0.115664 0.953247
vn -0.325300 0.887902 0.325285
vn -0.325300 0.887902 0.325285
vn -0.325300 0.887902 0.325285
vn -0.325300 0.887902 0.325285
vn -0.887870 0.325345 0.325326
vn -0.887870 0.325345 0.325326
vn -0.887870 0.325345 0.325326
vn -0.887870 0.325345 0.325326
vn -0.325285 0.325258 0.887917
vn -0.325285 0.325258 0.887917
vn -0.325285 0.325258 0.887917
vn -0.325285 0.325258 0.887917
vn -0.887874 -0.325334 0.325327
vn -0.887874 -0.325334 0.325327
vn -0.887874 -0.325334 0.325327
vn -0.887874 -0.325334 0.325327
vn -0.325293 -0.887907 0.325278
vn -0.325293 -0.887907 0.325278
vn -0.325293 -0.887907 0.325278
vn -0.325293 -0.887907 0.325278
vn -0.325285 -0.325261 0.887916
vn -0.325285 -0.325261 0.887916
vn -0.325285 -0.325261 0.887916
vn -0.325285 -0.325261 0.887916
vn 0.325250 -0.887938 0.325236
vn 0.325250 -0.887938 0.325236
vn 0.325250 -0.887938 0.325236
vn 0.325250 -0.887938 0.325236
vn 0.887930 -0.325250 0.325258
vn 0.887930 -0.325250 0.325258
vn 0.887930 -0.325250 0.325258
vn 0.887930 -0.325250 0.325258
vn 0.325255 -0.325262 0.887927
vn 0.325255 -0.325262 0.887927
vn 0.325255 -0.325262 0.887927
vn 0.325255 -0.325262 0.887927
vn 0.887935 0.325234 0.325261
vn 0.887935 0.325234 0.325261
vn 0.887935 0.325234 0.325261
vn 0.887935 0.325234 0.325261
vn 0.325257 0.887933 0.325243
vn 0.325257 0.887933 0.325243
vn 0.325257 0.887933 0.325243
vn 0.325257 0.887933 0.325243
vn 0.325257 0.325260 0.887927
vn 0.325257 0.325260 0.887927
vn 0.325257 0.325259 0.887927
vn 0.325257 0.325259 0.887927
vn -0.812479 0.336596 0.476005
vn -0.812479 0.336596 0.476005
vn -0.812479 0.336596 0.476005
vn -0.812479 0.336596 0.476005
vn -0.336552 0.812520 0.475966
vn -0.336552 0.812520 0.475966
vn -0.336552 0.812520 0.475967
vn -0.336552 0.812520 0.475967
vn -0.115646 0.279194 0.953245
vn -0.115646 0.279194 0.953245
vn -0.115646 0.279194 0.953245
vn -0.115646 0.279194 0.953245
vn -0.279180 0.115665 0.953247
vn -0.279180 0.115665 0.953247
vn -0.279180 0.115665 0.953247
vn -0.279180 0.115665 0.953247
vn -0.336553 -0.812520 0.475965
vn -0.336554 -0.812520 0.475965
vn -0.336553 -0.812520 0.475965
vn -0.336554 -0.812520 0.475965
vn -0.812478 -0.336598 0.476005
vn -0.812478 -0.336598 0.476005
vn -0.812478 -0.336598 0.476005
vn -0.812478 -0.336598 0.476005
vn -0.279181 -0.115664 0.953247
vn -0.279181 -0.115664 0.953247
vn -0.279181 -0.115664 0.953247
vn -0.279181 -0.115664 0.953247
vn -0.115648 -0.279195 0.953245
vn -0.115648 -0.279195 0.953245
vn -0.115648 -0.279195 0.953245
vn -0.115648 -0.279195 0.953245
vn -0.812473 0.336616 0.476002
vn -0.812473 0.336616 0.476002
vn -0.812473 0.336616 0.476002
vn -0.812473 0.336616 0.476002
vn -0.336564 0.812505 0.475984
vn -0.336564 0.812505 0.475984
vn -0.336564 0.812505 0.475984
vn -0.336564 0.812505 0.475984
vn -0.115646 0.279185 0.953248
vn -0.115646 0.279185 0.953248
vn -0.115646 0.279185 0.953248
vn -0.115646 0.279185 0.953248
vn -0.279180 0.115665 0.953247
vn -0.279180 0.115665 0.953247
vn -0.279180 0.115665 0.953247
vn -0.279180 0.115665 0.953247
vn 0.812471 -0.336617 0.476004
vn 0.812471 -0.336617 0.476004
vn 0.812471 -0.336617 0.476004
vn 0.812471 -0.336617 0.476004
vn 0.336566 -0.812505 0.475982
vn 0.336566 -0.812505 0.475982
vn 0.336566 -0.812505 0.475982
vn 0.336566 -0.812505 0.475982
vn 0.115646 -0.279202 0.953243
vn 0.115646 -0.279202 0.953243
vn 0.115646 -0.279202 0.953243
vn 0.115646 -0.279202 0.953243
vn 0.279180 -0.115664 0.953247
vn 0.279180 -0.115664 0.953247
vn 0.279180 -0.115664 0.953247
vn 0.279180 -0.115664 0.953247
vn -0.336566 -0.812505 0.475981
vn -0.336566 -0.812505 0.475981
vn -0.336566 -0.812505 0.475981
vn -0.336566 -0.812505 0.475981
vn -0.812471 -0.336617 0.476004
vn -0.812471 -0.336617 0.476004
vn -0.812471 -0.336617 0.476004
vn -0.812471 -0.336617 0.476004
vn -0.279180 -0.115665 0.953247
vn -0.279180 -0.115665 0.953247
vn -0.279180 -0.115665 0.953247
vn -0.279180 -0.115665 0.953247
vn -0.115647 -0.279185 0.953248
vn -0.115647 -0.279185 0.953248
vn -0.115647 -0.279185 0.953248
vn -0.115647 -0.279185 0.953248
vn 0.336567 0.812508 0.475976
vn 0.336567 0.812508 0.475976
vn 0.336567 0.812508 0.475976
vn 0.336567 0.812508 0.475976
vn 0.812474 0.336618 0.475998
vn 0.812474 0.336618 0.475998
vn 0.812474 0.336618 0.475998
vn 0.812474 0.336618 0.475998
vn 0.279185 0.115664 0.953246
vn 0.279185 0.115664 0.953246
vn 0.279185 0.115664 0.953246
vn 0.279185 0.115664 0.953246
vn 0.115648 0.279199 0.953244
vn 0.115648 0.279199 0.953244
vn 0.115648 0.279199 0.953244
vn 0.115648 0.279199 0.953244
vn 0.812472 -0.336614 0.476004
vn 0.812472 -0.336614 0.476004
vn 0.812472 -0.336614 0.476004
vn 0.812472 -0.336614 0.476004
vn 0.336568 -0.812513 0.475968
vn 0.336568 -0.812513 0.475968
vn 0.336568 -0.812513 0.475968
vn 0.336568 -0.812513 0.475968
vn 0.115645 -0.279203 0.953243
vn 0.115645 -0.279203 0.953243
vn 0.115645 -0.279203 0.953243
vn 0.115645 -0.279203 0.953243
vn 0.279179 -0.115664 0.953248
vn 0.279179 -0.115664 0.953248
vn 0.279179 -0.115664 0.953248
vn 0.279179 -0.115664 0.953248
vn -0.325290 0.887905 0.325286
vn -0.325290 0.887905 0.325286
vn -0.325290 0.887905 0.325286
vn -0.325290 0.887905 0.325286
vn -0.887870 0.325345 0.325328
vn -0.887870 0.325345 0.325328
vn -0.887870 0.325345 0.325328
vn -0.887870 0.325345 0.325328
vn -0.325284 0.325258 0.887918
vn -0.325284 0.325258 0.887918
vn -0.325284 0.325258 0.887918
vn -0.325284 0.325258 0.887918
vn -0.887874 -0.325330 0.325332
vn -0.887874 -0.325330 0.325332
vn -0.887874 -0.325330 0.325332
vn -0.887874 -0.325330 0.325332
vn -0.325300 -0.887896 0.325300
vn -0.325300 -0.887896 0.325300
vn -0.325300 -0.887896 0.325300
vn -0.325300 -0.887896 0.325300
vn -0.325291 -0.325259 0.887915
vn -0.325291 -0.325259 0.887915
vn -0.325291 -0.325259 0.887915
vn -0.325291 -0.325259 0.887915
vn 0.325258 -0.887929 0.325252
vn 0.325258 -0.887929 0.325252
vn 0.325258 -0.887929 0.325252
vn 0.325258 -0.887929 0.325252
vn 0.887929 -0.325245 0.325264
vn 0.887929 -0.325245 0.325264
vn 0.887929 -0.325245 0.325264
vn 0.887929 -0.325245 0.325264
vn 0.325263 -0.325259 0.887925
vn 0.325263 -0.325259 0.887925
vn 0.325263 -0.325259 0.887925
vn 0.325263 -0.325259 0.887925
vn 0.887935 0.325234 0.325262
vn 0.887935 0.325234 0.325262
vn 0.887935 0.325234 0.325262
vn 0.887935 0.325234 0.325262
vn 0.325247 0.887937 0.325243
vn 0.325247 0.887937 0.325243
vn 0.325247 0.887937 0.325243
vn 0.325247 0.887937 0.325243
vn 0.325256 0.325258 0.887928
vn 0.325256 0.325258 0.887928
vn 0.325256 0.325258 0.887928
vn 0.325256 0.325258 0.887928
vn -0.812480 0.336598 0.476002
vn -0.812480 0.336598 0.476002
vn -0.812480 0.336598 0.476002
vn -0.812480 0.336598 0.476002
vn -0.336555 0.812523 0.475959
vn -0.336555 0.812523 0.475959
vn -0.336555 0.812523 0.475959
vn -0.336555 0.812523 0.475959
vn -0.115648 0.279191 0.953246
vn -0.115648 0.279191 0.953246
vn -0.115648 0.279191 0.953246
vn -0.115648 0.279191 0.953246
vn -0.279187 0.115665 0.953245
vn -0.279187 0.115665 0.953245
vn -0.279187 0.115665 0.953245
vn -0.279187 0.115665 0.953245
vn -0.336554 -0.812526 0.475955
vn -0.336554 -0.812526 0.475955
vn -0.336554 -0.812526 0.475955
vn -0.336554 -0.812526 0.475955
vn -0.812479 -0.336594 0.476007
vn -0.812479 -0.336594 0.476007
vn -0.812479 -0.336594 0.476007
vn -0.812479 -0.336594 0.476007
vn -0.279178 -0.115664 0.953248
vn -0.279178 -0.115664 0.953248
vn -0.279178 -0.115664 0.953248
vn -0.279178 -0.115664 0.953248
vn -0.115645 -0.279195 0.953245
vn -0.115645 -0.279195 0.953245
vn -0.115645 -0.279195 0.953245
vn -0.115645 -0.279195 0.953245
vn -0.812473 0.336616 0.476002
vn -0.812473 0.336616 0.476002
vn -0.812473 0.336616 0.476002
vn -0.812473 0.336616 0.476002
vn -0.336569 0.812505 0.475980
vn -0.336569 0.812505 0.475980
vn -0.336569 0.812505 0.475980
vn -0.336569 0.812505 0.475980
vn -0.115647 0.279181 0.953249
vn -0.115647 0.279181 0.953249
vn -0.115647 0.279181 0.953249
vn -0.115647 0.279181 0.953249
vn -0.279179 0.115664 0.953248
vn -0.279179 0.115664 0.953248
vn -0.279179 0.115664 0.953248
vn -0.279179 0.115664 0.953248
vn -0.336567 -0.812511 0.475972
vn -0.336567 -0.812511 0.475972
vn -0.336567 -0.812511 0.475972
vn -0.336567 -0.812511 0.475972
vn -0.812472 -0.336614 0.476004
vn -0.812472 -0.336614 0.476004
vn -0.812472 -0.336614 0.476004
vn -0.812472 -0.336614 0.476004
vn -0.279178 -0.115664 0.953248
vn -0.279178 -0.115664 0.953248
vn -0.279178 -0.115664 0.953248
vn -0.279178 -0.115664 0.953248
vn -0.115646 -0.279186 0.953248
vn -0.115646 -0.279186 0.953248
vn -0.115646 -0.279186 0.953248
vn -0.115646 -0.279186 0.953248
vn -0.812474 0.336618 0.475998
vn -0.812474 0.336618 0.475998
vn -0.812474 0.336618 0.475998
vn -0.812474 0.336618 0.475998
vn -0.336567 0.812508 0.475976
vn -0.336567 0.812508 0.475976
vn -0.336567 0.812508 0.475976
vn -0.336567 0.812508 0.475976
vn -0.115649 0.279182 0.953249
vn -0.115649 0.279182 0.953249
vn -0.115649 0.279182 0.953249
vn -0.115649 0.279182 0.953249
vn -0.279187 0.115665 0.953245
vn -0.279187 0.115665 0.953245
vn -0.279187 0.115665 0.953245
vn -0.279187 0.115665 0.953245
vn -0.336567 -0.812511 0.475972
vn -0.336567 -0.812511 0.475972
vn -0.336567 -0.812511 0.475972
vn -0.336567 -0.812511 0.475972
vn -0.812470 -0.336613 0.476008
vn -0.812470 -0.336613 0.476008
vn -0.812470 -0.336613 0.476008
vn -0.812470 -0.336613 0.476008
vn -0.279178 -0.115664 0.953248
vn -0.279178 -0.115664 0.953248
vn -0.279178 -0.115664 0.953248
vn -0.279178 -0.115664 0.953248
vn -0.115646 -0.279186 0.953248
vn -0.115646 -0.279186 0.953248
vn -0.115646 -0.279186 0.953248
vn -0.115646 -0.279186 0.953248
vn 0.336566 0.812506 0.475980
vn 0.336566 0.812506 0.475980
vn 0.336566 0.812506 0.475980
vn 0.336566 0.812506 0.475980
vn 0.812472 0.336617 0.476003
vn 0.812472 0.336617 0.476003
vn 0.812472 0.336617 0.476003
vn 0.812472 0.336617 0.476003
vn 0.279182 0.115666 0.953246
vn 0.279182 0.115666 0.953247
vn 0.279182 0.115666 0.953246
vn 0.279182 0.115666 0.953247
vn 0.115649 0.279203 0.953242
vn 0.115649 0.279203 0.953242
vn 0.115649 0.279203 0.953242
vn 0.115649 0.279203 0.953242
vn -0.325301 0.887900 0.325288
vn -0.325301 0.887900 0.325288
vn -0.325301 0.887900 0.325288
vn -0.325301 0.887900 0.325288
vn -0.887870 0.325345 0.325326
vn -0.887870 0.325345 0.325326
vn -0.887870 0.325345 0.325326
vn -0.887870 0.325345 0.325326
vn -0.325285 0.325259 0.887917
vn -0.325286 0.325259 0.887917
vn -0.325286 0.325259 0.887917
vn -0.325285 0.325259 0.887917
vn -0.887874 -0.325334 0.325327
vn -0.887874 -0.325334 0.325327
vn -0.887874 -0.325334 0.325327
vn -0.887874 -0.325334 0.325327
vn -0.325293 -0.887906 0.325280
vn -0.325293 -0.887906 0.325280
vn -0.325293 -0.887906 0.325280
vn -0.325293 -0.887906 0.325280
vn -0.325285 -0.325261 0.887916
vn -0.325285 -0.325261 0.887916
vn -0.325285 -0.325261 0.887916
vn -0.325285 -0.325261 0.887916
vn 0.325250 -0.887939 0.325233
vn 0.325250 -0.887939 0.325233
vn 0.325250 -0.887939 0.325233
vn 0.325250 -0.887939 0.325233
vn 0.887930 -0.325250 0.325258
vn 0.887930 -0.325250 0.325258
vn 0.887930 -0.325250 0.325258
vn 0.887930 -0.325250 0.325258
vn 0.325255 -0.325262 0.887927
vn 0.325255 -0.325262 0.887927
vn 0.325255 -0.325262 0.887927
vn 0.325255 -0.325262 0.887927
vn 0.887935 0.325234 0.325261
vn 0.887935 0.325234 0.325261
vn 0.887935 0.325234 0.325261
vn 0.887935 0.325234 0.325261
vn 0.325258 0.887931 0.325246
vn 0.325258 0.887931 0.325246
vn 0.325258 0.887931 0.325246
vn 0.325258 0.887931 0.325246
vn 0.325258 0.325261 0.887926
vn 0.325258 0.325261 0.887926
vn 0.325258 0.325261 0.887926
vn 0.325258 0.325261 0.887926
vn -0.812478 0.336597 0.476006
vn -0.812478 0.336597 0.476006
vn -0.812478 0.336597 0.476006
vn -0.812478 0.336597 0.476006
vn -0.336553 0.812520 0.475965
vn -0.336554 0.812520 0.475965
vn -0.336553 0.812520 0.475965
vn -0.336554 0.812520 0.475965
vn -0.115649 0.279194 0.953245
vn -0.115649 0.279195 0.953245
vn -0.115649 0.279194 0.953245
vn -0.115649 0.279195 0.953245
vn -0.279181 0.115665 0.953247
vn -0.279181 0.115665 0.953247
vn -0.279181 0.115665 0.953247
vn -0.279181 0.115665 0.953247
vn -0.336553 -0.812519 0.475967
vn -0.336553 -0.812519 0.475967
vn -0.336553 -0.812519 0.475967
vn -0.336553 -0.812519 0.475967
vn -0.812480 -0.336599 0.476001
vn -0.812480 -0.336599 0.476001
vn -0.812480 -0.336599 0.476001
vn -0.812480 -0.336599 0.476001
vn -0.279180 -0.115664 0.953247
vn -0.279180 -0.115664 0.953247
vn -0.279180 -0.115664 0.953247
vn -0.279180 -0.115664 0.953247
vn -0.115648 -0.279196 0.953245
vn -0.115648 -0.279196 0.953245
vn -0.115648 -0.279196 0.953245
vn -0.115648 -0.279196 0.953245
vn -0.812472 0.336617 0.476003
vn -0.812472 0.336617 0.476003
vn -0.812472 0.336617 0.476003
vn -0.812472 0.336617 0.476003
vn -0.336566 0.812505 0.475982
vn -0.336566 0.812505 0.475982
vn -0.336566 0.812505 0.475982
vn -0.336566 0.812505 0.475982
vn -0.115649 0.279186 0.953247
vn -0.115649 0.279186 0.953247
vn -0.115649 0.279186 0.953247
vn -0.115649 0.279186 0.953247
vn -0.279181 0.115665 0.953247
vn -0.279181 0.115665 0.953247
vn -0.279181 0.115665 0.953247
vn -0.279181 0.115665 0.953247
vn -0.336566 -0.812505 0.475982
vn -0.336566 -0.812505 0.475982
vn -0.336566 -0.812505 0.475982
vn -0.336566 -0.812505 0.475982
vn -0.812472 -0.336618 0.476002
vn -0.812472 -0.336618 0.476002
vn -0.812472 -0.336618 0.476002
vn -0.812472 -0.336618 0.476002
vn -0.279181 -0.115664 0.953247
vn -0.279181 -0.115664 0.953247
vn -0.279181 -0.115664 0.953247
vn -0.279181 -0.115664 0.953247
vn -0.115648 -0.279187 0.953247
vn -0.115648 -0.279187 0.953247
vn -0.115648 -0.279187 0.953247
vn -0.115648 -0.279187 0.953247
vn -0.325302 0.887901 0.325287
vn -0.325302 0.887901 0.325287
vn -0.325302 0.887901 0.325287
vn -0.325302 0.887901 0.325287
vn -0.887870 0.325346 0.325326
vn -0.887870 0.325346 0.325326
vn -0.887870 0.325346 0.325326
vn -0.887870 0.325346 0.325326
vn -0.325283 0.325260 0.887917
vn -0.325283 0.325260 0.887917
vn -0.325283 0.325260 0.887917
vn -0.325283 0.325260 0.887917
vn 0.887935 0.325235 0.325260
vn 0.887935 0.325235 0.325260
vn 0.887935 0.325235 0.325260
vn 0.887935 0.325235 0.325260
vn 0.325258 0.887932 0.325244
vn 0.325258 0.887932 0.325244
vn 0.325258 0.887932 0.325244
vn 0.325258 0.887932 0.325244
vn 0.325254 0.325261 0.887927
vn 0.325254 0.325261 0.887927
vn 0.325254 0.325261 0.887927
vn 0.325254 0.325261 0.887927
vn -0.887875 -0.325331 0.325328
vn -0.887875 -0.325331 0.325328
vn -0.887875 -0.325331 0.325328
vn -0.887875 -0.325331 0.325328
vn -0.325293 -0.887907 0.325279
vn -0.325293 -0.887907 0.325279
vn -0.325293 -0.887907 0.325279
vn -0.325293 -0.887907 0.325279
vn -0.325285 -0.325258 0.887917
vn -0.325285 -0.325258 0.887917
vn -0.325285 -0.325258 0.887917
vn -0.325285 -0.325258 0.887917
vn 0.325250 -0.887939 0.325235
vn 0.325250 -0.887939 0.325235
vn 0.325250 -0.887939 0.325235
vn 0.325250 -0.887939 0.325235
vn 0.887930 -0.325247 0.325259
vn 0.887931 -0.325247 0.325259
vn 0.887930 -0.325248 0.325259
vn 0.887930 -0.325248 0.325259
vn 0.325256 -0.325259 0.887928
vn 0.325256 -0.325259 0.887927
vn 0.325256 -0.325259 0.887927
vn 0.325256 -0.325259 0.887927
vn -0.812477 0.336598 0.476006
vn -0.812478 0.336598 0.476006
vn -0.812477 0.336598 0.476006
vn -0.812478 0.336598 0.476006
vn -0.336553 0.812520 0.475965
vn -0.336554 0.812520 0.475965
vn -0.336553 0.812520 0.475965
vn -0.336554 0.812520 0.475965
vn -0.115646 0.279195 0.953245
vn -0.115646 0.279195 0.953245
vn -0.115646 0.279195 0.953245
vn -0.115646 0.279195 0.953245
vn -0.279180 0.115664 0.953247
vn -0.279180 0.115664 0.953247
vn -0.279180 0.115664 0.953247
vn -0.279180 0.115664 0.953247
vn -0.336554 -0.812521 0.475964
vn -0.336554 -0.812521 0.475964
vn -0.336554 -0.812521 0.475964
vn -0.336554 -0.812521 0.475964
vn -0.812477 -0.336597 0.476007
vn -0.812477 -0.336597 0.476007
vn -0.812477 -0.336597 0.476007
vn -0.812477 -0.336597 0.476007
vn -0.279180 -0.115665 0.953247
vn -0.279180 -0.115665 0.953247
vn -0.279180 -0.115665 0.953247
vn -0.279180 -0.115665 0.953247
vn -0.115647 -0.279194 0.953245
vn -0.115647 -0.279194 0.953245
vn -0.115647 -0.279194 0.953245
vn -0.115647 -0.279194 0.953245
vn -0.336569 -0.812500 0.475988
vn -0.336569 -0.812500 0.475988
vn -0.336569 -0.812500 0.475988
vn -0.336569 -0.812500 0.475988
vn -0.812470 -0.336619 0.476005
vn -0.812470 -0.336619 0.476005
vn -0.812470 -0.336619 0.476005
vn -0.812470 -0.336619 0.476005
vn -0.279185 -0.115664 0.953246
vn -0.279185 -0.115664 0.953246
vn -0.279185 -0.115664 0.953246
vn -0.279185 -0.115664 0.953246
vn -0.115644 -0.279189 0.953247
vn -0.115644 -0.279189 0.953247
vn -0.115644 -0.279189 0.953247
vn -0.115644 -0.279189 0.953247
vn 0.336560 0.812508 0.475981
vn 0.336560 0.812508 0.475981
vn 0.336560 0.812508 0.475981
vn 0.336560 0.812508 0.475982
vn 0.812472 0.336617 0.476002
vn 0.812472 0.336617 0.476002
vn 0.812472 0.336617 0.476002
vn 0.812472 0.336617 0.476002
vn 0.279184 0.115663 0.953246
vn 0.279184 0.115664 0.953246
vn 0.279184 0.115664 0.953246
vn 0.279184 0.115664 0.953246
vn 0.115651 0.279200 0.953243
vn 0.115651 0.279200 0.953243
vn 0.115651 0.279200 0.953243
vn 0.115651 0.279200 0.953243
vn -0.812472 0.336617 0.476003
vn -0.812472 0.336617 0.476003
vn -0.812472 0.336617 0.476003
vn -0.812472 0.336617 0.476003
vn -0.336560 0.812508 0.475981
vn -0.336560 0.812508 0.475981
vn -0.336560 0.812508 0.475981
vn -0.336560 0.812508 0.475982
vn -0.115650 0.279183 0.953248
vn -0.115650 0.279183 0.953248
vn -0.115650 0.279183 0.953248
vn -0.115650 0.279183 0.953248
vn -0.279185 0.115664 0.953246
vn -0.279185 0.115664 0.953246
vn -0.279185 0.115664 0.953246
vn -0.279185 0.115664 0.953246
vn -0.336561 -0.812524 0.475953
vn -0.336561 -0.812524 0.475953
vn -0.336561 -0.812524 0.475954
vn -0.336561 -0.812524 0.475954
vn -0.812478 -0.336600 0.476004
vn -0.812478 -0.336600 0.476004
vn -0.812478 -0.336600 0.476004
vn -0.812478 -0.336600 0.476004
vn -0.279184 -0.115663 0.953246
vn -0.279184 -0.115664 0.953246
vn -0.279184 -0.115664 0.953246
vn -0.279184 -0.115664 0.953246
vn -0.115643 -0.279195 0.953246
vn -0.115643 -0.279195 0.953246
vn -0.115643 -0.279195 0.953246
vn -0.115643 -0.279195 0.953246
vn -0.812478 0.336597 0.476006
vn -0.812478 0.336597 0.476006
vn -0.812478 0.336597 0.476006
vn -0.812478 0.336597 0.476006
vn -0.336548 0.812523 0.475964
vn -0.336548 0.812523 0.475964
vn -0.336548 0.812523 0.475964
vn -0.336548 0.812523 0.475964
vn -0.115650 0.279192 0.953246
vn -0.115650 0.279192 0.953245
vn -0.115650 0.279192 0.953246
vn -0.115650 0.279192 0.953245
vn -0.279185 0.115664 0.953246
vn -0.279185 0.115664 0.953246
vn -0.279185 0.115664 0.953246
vn -0.279185 0.115664 0.953246
vn -0.325291 0.887907 0.325280
vn -0.325291 0.887907 0.325280
vn -0.325291 0.887907 0.325280
vn -0.325291 0.887907 0.325280
vn -0.887872 0.325342 0.325323
vn -0.887872 0.325342 0.325323
vn -0.887873 0.325342 0.325323
vn -0.887873 0.325342 0.325323
vn -0.325285 0.325255 0.887918
vn -0.325285 0.325255 0.887918
vn -0.325285 0.325255 0.887918
vn -0.325285 0.325255 0.887918
vn -0.887875 -0.325333 0.325325
vn -0.887875 -0.325333 0.325325
vn -0.887875 -0.325333 0.325325
vn -0.887875 -0.325333 0.325325
vn -0.325293 -0.887905 0.325283
vn -0.325293 -0.887905 0.325283
vn -0.325293 -0.887905 0.325283
vn -0.325293 -0.887905 0.325283
vn -0.325287 -0.325262 0.887915
vn -0.325287 -0.325262 0.887915
vn -0.325287 -0.325262 0.887915
vn -0.325287 -0.325262 0.887915
vn 0.325248 -0.887932 0.325253
vn 0.325248 -0.887932 0.325253
vn 0.325248 -0.887932 0.325253
vn 0.325248 -0.887932 0.325253
vn 0.887931 -0.325249 0.325257
vn 0.887931 -0.325249 0.325257
vn 0.887931 -0.325249 0.325257
vn 0.887931 -0.325249 0.325257
vn 0.325261 -0.325265 0.887923
vn 0.325261 -0.325265 0.887923
vn 0.325261 -0.325265 0.887923
vn 0.325261 -0.325265 0.887923
vn 0.887936 0.325230 0.325260
vn 0.887936 0.325230 0.325260
vn 0.887936 0.325230 0.325260
vn 0.887936 0.325230 0.325260
vn 0.325248 0.887940 0.325233
vn 0.325248 0.887940 0.325233
vn 0.325248 0.887940 0.325233
vn 0.325248 0.887940 0.325233
vn 0.325255 0.325254 0.887930
vn 0.325255 0.325254 0.887930
vn 0.325255 0.325254 0.887930
vn 0.325255 0.325254 0.887930
vn 0.336553 0.812520 0.475965
vn 0.336554 0.812520 0.475965
vn 0.336553 0.812520 0.475965
vn 0.336554 0.812520 0.475965
vn 0.812484 0.336578 0.476010
vn 0.812484 0.336578 0.476010
vn 0.812484 0.336578 0.476010
vn 0.812484 0.336578 0.476010
vn 0.279180 0.115664 0.953247
vn 0.279180 0.115664 0.953247
vn 0.279180 0.115664 0.953247
vn 0.279180 0.115664 0.953247
vn 0.115648 0.279186 0.953247
vn 0.115648 0.279186 0.953247
vn 0.115648 0.279186 0.953247
vn 0.115648 0.279186 0.953247
vn 0.325285 -0.887913 0.325271
vn 0.325285 -0.887913 0.325271
vn 0.325285 -0.887913 0.325271
vn 0.325285 -0.887912 0.325271
vn 0.887878 -0.325320 0.325329
vn 0.887878 -0.325320 0.325329
vn 0.887878 -0.325320 0.325329
vn 0.887878 -0.325320 0.325329
vn 0.325285 -0.325274 0.887911
vn 0.325285 -0.325274 0.887911
vn 0.325285 -0.325274 0.887911
vn 0.325285 -0.325274 0.887911
vn 0.887874 0.325333 0.325328
vn 0.887874 0.325333 0.325328
vn 0.887874 0.325333 0.325328
vn 0.887874 0.325333 0.325327
vn 0.325284 0.887913 0.325270
vn 0.325284 0.887913 0.325270
vn 0.325284 0.887913 0.325270
vn 0.325284 0.887913 0.325270
vn 0.325282 0.325274 0.887913
vn 0.325282 0.325274 0.887913
vn 0.325282 0.325274 0.887913
vn 0.325282 0.325273 0.887913
vn -0.325287 0.887912 0.325272
vn -0.325287 0.887912 0.325272
vn -0.325287 0.887912 0.325272
vn -0.325286 0.887912 0.325272
vn -0.887870 0.325346 0.325326
vn -0.887870 0.325346 0.325326
vn -0.887870 0.325346 0.325326
vn -0.887870 0.325346 0.325326
vn -0.325281 0.325274 0.887913
vn -0.325281 0.325274 0.887913
vn -0.325281 0.325274 0.887913
vn -0.325281 0.325274 0.887913
vn -0.887873 -0.325338 0.325327
vn -0.887872 -0.325338 0.325327
vn -0.887873 -0.325338 0.325327
vn -0.887872 -0.325338 0.325327
vn -0.325284 -0.887913 0.325270
vn -0.325284 -0.887913 0.325270
vn -0.325284 -0.887913 0.325270
vn -0.325284 -0.887913 0.325270
vn -0.325285 -0.325273 0.887912
vn -0.325285 -0.325273 0.887912
vn -0.325285 -0.325273 0.887912
vn -0.325285 -0.325273 0.887912
vn 0.336552 0.812520 0.475965
vn 0.336552 0.812521 0.475965
vn 0.336552 0.812520 0.475965
vn 0.336552 0.812520 0.475965
vn 0.812484 0.336577 0.476009
vn 0.812484 0.336577 0.476009
vn 0.812485 0.336577 0.476009
vn 0.812485 0.336577 0.476009
vn 0.279180 0.115665 0.953247
vn 0.279180 0.115665 0.953247
vn 0.279180 0.115665 0.953247
vn 0.279180 0.115665 0.953247
vn 0.115648 0.279185 0.953248
vn 0.115648 0.279185 0.953248
vn 0.115648 0.279185 0.953248
vn 0.115648 0.279185 0.953248
vn 0.812483 -0.336578 0.476010
vn 0.812483 -0.336578 0.476010
vn 0.812483 -0.336578 0.476010
vn 0.812483 -0.336578 0.476010
vn 0.336556 -0.812517 0.475969
vn 0.336556 -0.812517 0.475969
vn 0.336556 -0.812517 0.475969
vn 0.336556 -0.812517 0.475969
vn 0.115647 -0.279186 0.953248
vn 0.115647 -0.279186 0.953248
vn 0.115647 -0.279186 0.953248
vn 0.115647 -0.279186 0.953248
vn 0.279180 -0.115664 0.953247
vn 0.279180 -0.115664 0.953247
vn 0.279180 -0.115664 0.953247
vn 0.279180 -0.115664 0.953247
vn -0.325285 0.887913 0.325270
vn -0.325285 0.887913 0.325270
vn -0.325285 0.887913 0.325270
vn -0.325285 0.887913 0.325270
vn -0.887870 0.325345 0.325326
vn -0.887870 0.325345 0.325326
vn -0.887870 0.325345 0.325326
vn -0.887870 0.325345 0.325326
vn -0.325283 0.325272 0.887913
vn -0.325283 0.325272 0.887913
vn -0.325283 0.325272 0.887913
vn -0.325283 0.325272 0.887913
vn -0.887872 -0.325341 0.325327
vn -0.887872 -0.325341 0.325327
vn -0.887872 -0.325341 0.325327
vn -0.887872 -0.325341 0.325327
vn -0.325284 -0.887913 0.325269
vn -0.325284 -0.887913 0.325269
vn -0.325284 -0.887913 0.325269
vn -0.325284 -0.887913 0.325269
vn -0.325283 -0.325275 0.887912
vn -0.325283 -0.325275 0.887912
vn -0.325283 -0.325275 0.887912
vn -0.325283 -0.325275 0.887912
vn 0.325284 -0.887913 0.325271
vn 0.325284 -0.887913 0.325271
vn 0.325284 -0.887913 0.325271
vn 0.325284 -0.887913 0.325271
vn 0.887878 -0.325321 0.325329
vn 0.887878 -0.325321 0.325329
vn 0.887878 -0.325321 0.325329
vn 0.887878 -0.325321 0.325329
vn 0.325282 -0.325274 0.887912
vn 0.325282 -0.325274 0.887912
vn 0.325282 -0.325274 0.887912
vn 0.325282 -0.325274 0.887912
vn 0.887875 0.325331 0.325328
vn 0.887875 0.325331 0.325328
vn 0.887875 0.325331 0.325328
vn 0.887875 0.325331 0.325328
vn 0.325283 0.887914 0.325269
vn 0.325283 0.887914 0.325269
vn 0.325283 0.887914 0.325269
vn 0.325283 0.887914 0.325269
vn 0.325284 0.325272 0.887912
vn 0.325284 0.325272 0.887912
vn 0.325284 0.325272 0.887912
vn 0.325284 0.325272 0.887912
vn 0.336554 0.812521 0.475963
vn 0.336554 0.812521 0.475963
vn 0.336554 0.812521 0.475963
vn 0.336554 0.812521 0.475963
vn 0.812484 0.336579 0.476009
vn 0.812484 0.336579 0.476009
vn 0.812484 0.336579 0.476009
vn 0.812484 0.336579 0.476009
vn 0.279180 0.115664 0.953247
vn 0.279180 0.115664 0.953247
vn 0.279180 0.115664 0.953247
vn 0.279180 0.115664 0.953247
vn 0.115649 0.279188 0.953247
vn 0.115649 0.279188 0.953247
vn 0.115649 0.279188 0.953247
vn 0.115649 0.279188 0.953247
vn 0.812484 -0.336579 0.476009
vn 0.812484 -0.336579 0.476009
vn 0.812484 -0.336579 0.476009
vn 0.812484 -0.336579 0.476009
vn 0.336554 -0.812521 0.475964
vn 0.336554 -0.812521 0.475964
vn 0.336554 -0.812521 0.475964
vn 0.336554 -0.812521 0.475964
vn 0.115647 -0.279187 0.953247
vn 0.115647 -0.279187 0.953247
vn 0.115647 -0.279187 0.953247
vn 0.115647 -0.279187 0.953247
vn 0.279181 -0.115664 0.953247
vn 0.279181 -0.115664 0.953247
vn 0.279181 -0.115664 0.953247
vn 0.279181 -0.115664 0.953247
vn -0.325286 0.887911 0.325273
vn -0.325286 0.887911 0.325273
vn -0.325286 0.887911 0.325273
vn -0.325286 0.887911 0.325273
vn -0.887870 0.325345 0.325326
vn -0.887870 0.325345 0.325326
vn -0.887870 0.325345 0.325326
vn -0.887870 0.325345 0.325326
vn -0.325284 0.325273 0.887912
vn -0.325284 0.325273 0.887912
vn -0.325284 0.325273 0.887912
vn -0.325284 0.325273 0.887912
vn -0.887872 -0.325341 0.325326
vn -0.887872 -0.325341 0.325326
vn -0.887872 -0.325341 0.325326
vn -0.887872 -0.325341 0.325326
vn -0.325284 -0.887913 0.325271
vn -0.325284 -0.887913 0.325271
vn -0.325284 -0.887913 0.325271
vn -0.325284 -0.887913 0.325271
vn -0.325283 -0.325275 0.887912
vn -0.325283 -0.325275 0.887912
vn -0.325283 -0.325275 0.887912
vn -0.325283 -0.325275 0.887912
vn 0.325284 -0.887913 0.325271
vn 0.325284 -0.887913 0.325271
vn 0.325284 -0.887913 0.325271
vn 0.325284 -0.887913 0.325271
vn 0.887878 -0.325321 0.325328
vn 0.887878 -0.325321 0.325328
vn 0.887878 -0.325321 0.325328
vn 0.887878 -0.325321 0.325328
vn 0.325282 -0.325275 0.887912
vn 0.325282 -0.325275 0.887912
vn 0.325282 -0.325275 0.887912
vn 0.325282 -0.325275 0.887912
vn 0.887875 0.325334 0.325325
vn 0.887875 0.325334 0.325325
vn 0.887875 0.325334 0.325325
vn 0.887875 0.325334 0.325325
vn 0.325285 0.887914 0.325267
vn 0.325285 0.887914 0.325267
vn 0.325285 0.887914 0.325267
vn 0.325285 0.887914 0.325267
vn 0.325284 0.325276 0.887911
vn 0.325284 0.325276 0.887911
vn 0.325284 0.325276 0.887911
vn 0.325284 0.325276 0.887911
vn 0.336550 0.812527 0.475955
vn 0.336550 0.812527 0.475956
vn 0.336550 0.812527 0.475955
vn 0.336550 0.812527 0.475956
vn 0.812486 0.336577 0.476007
vn 0.812486 0.336578 0.476007
vn 0.812486 0.336577 0.476007
vn 0.812486 0.336577 0.476007
vn 0.279185 0.115664 0.953246
vn 0.279185 0.115664 0.953246
vn 0.279185 0.115664 0.953246
vn 0.279185 0.115664 0.953246
vn 0.115650 0.279180 0.953249
vn 0.115650 0.279180 0.953249
vn 0.115650 0.279180 0.953249
vn 0.115650 0.279180 0.953249
vn 0.812486 -0.336580 0.476005
vn 0.812486 -0.336580 0.476005
vn 0.812486 -0.336580 0.476005
vn 0.812486 -0.336580 0.476005
vn 0.336553 -0.812519 0.475967
vn 0.336553 -0.812519 0.475967
vn 0.336553 -0.812519 0.475967
vn 0.336553 -0.812519 0.475967
vn 0.115647 -0.279187 0.953247
vn 0.115647 -0.279187 0.953247
vn 0.115647 -0.279187 0.953247
vn 0.115647 -0.279187 0.953247
vn 0.279181 -0.115664 0.953247
vn 0.279181 -0.115664 0.953247
vn 0.279181 -0.115664 0.953247
vn 0.279181 -0.115664 0.953247
vn -0.325281 0.887917 0.325264
vn -0.325281 0.887917 0.325264
vn -0.325281 0.887917 0.325264
vn -0.325281 0.887917 0.325264
vn -0.887871 0.325344 0.325325
vn -0.887871 0.325344 0.325325
vn -0.887871 0.325344 0.325325
vn -0.887871 0.325344 0.325325
vn -0.325286 0.325268 0.887913
vn -0.325286 0.325268 0.887913
vn -0.325286 0.325268 0.887913
vn -0.325286 0.325268 0.887913
vn -0.887872 -0.325336 0.325331
vn -0.887872 -0.325336 0.325331
vn -0.887872 -0.325336 0.325331
vn -0.887872 -0.325336 0.325331
vn -0.325292 -0.887904 0.325287
vn -0.325292 -0.887904 0.325287
vn -0.325292 -0.887904 0.325287
vn -0.325292 -0.887904 0.325287
vn -0.325287 -0.325270 0.887912
vn -0.325287 -0.325270 0.887912
vn -0.325287 -0.325270 0.887912
vn -0.325287 -0.325270 0.887912
vn 0.325292 -0.887904 0.325287
vn 0.325292 -0.887904 0.325287
vn 0.325292 -0.887904 0.325287
vn 0.325292 -0.887904 0.325287
vn 0.887878 -0.325316 0.325333
vn 0.887878 -0.325316 0.325333
vn 0.887878 -0.325316 0.325333
vn 0.887878 -0.325316 0.325333
vn 0.325290 -0.325271 0.887911
vn 0.325290 -0.325271 0.887911
vn 0.325289 -0.325271 0.887911
vn 0.325289 -0.325271 0.887911
vn 0.887875 0.325330 0.325327
vn 0.887875 0.325330 0.325327
vn 0.887875 0.325330 0.325327
vn 0.887875 0.325330 0.325327
vn 0.325278 0.887918 0.325264
vn 0.325278 0.887918 0.325264
vn 0.325278 0.887918 0.325264
vn 0.325278 0.887918 0.325264
vn 0.325285 0.325268 0.887913
vn 0.325285 0.325268 0.887913
vn 0.325285 0.325268 0.887913
vn 0.325285 0.325268 0.887913
vn 0.336555 0.812523 0.475959
vn 0.336555 0.812523 0.475959
vn 0.336555 0.812523 0.475959
vn 0.336555 0.812523 0.475959
vn 0.812487 0.336578 0.476005
vn 0.812487 0.336578 0.476005
vn 0.812487 0.336578 0.476005
vn 0.812487 0.336578 0.476005
vn 0.279185 0.115664 0.953246
vn 0.279185 0.115664 0.953246
vn 0.279185 0.115664 0.953246
vn 0.279185 0.115664 0.953246
vn 0.115649 0.279182 0.953249
vn 0.115649 0.279182 0.953249
vn 0.115649 0.279182 0.953249
vn 0.115649 0.279182 0.953249
vn 0.812482 -0.336573 0.476015
vn 0.812483 -0.336573 0.476015
vn 0.812482 -0.336573 0.476015
vn 0.812483 -0.336573 0.476015
vn 0.336554 -0.812526 0.475955
vn 0.336554 -0.812526 0.475955
vn 0.336554 -0.812526 0.475955
vn 0.336554 -0.812526 0.475955
vn 0.115646 -0.279186 0.953248
vn 0.115646 -0.279186 0.953248
vn 0.115646 -0.279186 0.953248
vn 0.115646 -0.279186 0.953248
vn 0.279179 -0.115664 0.953248
vn 0.279179 -0.115664 0.953248
vn 0.279179 -0.115664 0.953248
vn 0.279179 -0.115664 0.953248
vn -0.325275 0.887916 0.325271
vn -0.325275 0.887916 0.325271
vn -0.325275 0.887916 0.325271
vn -0.325275 0.887916 0.325271
vn -0.887870 0.325345 0.325328
vn -0.887870 0.325345 0.325328
vn -0.887870 0.325345 0.325328
vn -0.887870 0.325345 0.325328
vn -0.325282 0.325271 0.887913
vn -0.325282 0.325271 0.887913
vn -0.325282 0.325271 0.887913
vn -0.325282 0.325271 0.887913
vn -0.887872 -0.325336 0.325331
vn -0.887872 -0.325336 0.325331
vn -0.887872 -0.325336 0.325331
vn -0.887872 -0.325336 0.325331
vn -0.325292 -0.887902 0.325292
vn -0.325292 -0.887902 0.325292
vn -0.325292 -0.887902 0.325292
vn -0.325292 -0.887902 0.325292
vn -0.325289 -0.325273 0.887910
vn -0.325289 -0.325273 0.887910
vn -0.325289 -0.325273 0.887910
vn -0.325289 -0.325273 0.887910
vn 0.325291 -0.887902 0.325293
vn 0.325291 -0.887902 0.325293
vn 0.325291 -0.887902 0.325293
vn 0.325291 -0.887902 0.325293
vn 0.887878 -0.325316 0.325333
vn 0.887878 -0.325316 0.325333
vn 0.887878 -0.325316 0.325333
vn 0.887878 -0.325316 0.325333
vn 0.325291 -0.325272 0.887910
vn 0.325291 -0.325272 0.887910
vn 0.325291 -0.325272 0.887910
vn 0.325291 -0.325272 0.887910
vn 0.887874 0.325331 0.325329
vn 0.887874 0.325331 0.325329
vn 0.887874 0.325331 0.325329
vn 0.887874 0.325331 0.325329
vn 0.325273 0.887918 0.325267
vn 0.325273 0.887918 0.325267
vn 0.325273 0.887918 0.325267
vn 0.325273 0.887918 0.325267
vn 0.325283 0.325271 0.887913
vn 0.325283 0.325271 0.887913
vn 0.325283 0.325271 0.887913
vn 0.325283 0.325271 0.887913
vn 0.336556 0.812520 0.475963
vn 0.336556 0.812520 0.475963
vn 0.336556 0.812520 0.475963
vn 0.336556 0.812520 0.475963
vn 0.812485 0.336577 0.476009
vn 0.812485 0.336577 0.476009
vn 0.812485 0.336577 0.476009
vn 0.812485 0.336577 0.476009
vn 0.279179 0.115664 0.953248
vn 0.279179 0.115664 0.953248
vn 0.279179 0.115664 0.953248
vn 0.279179 0.115664 0.953248
vn 0.115648 0.279181 0.953249
vn 0.115648 0.279181 0.953249
vn 0.115648 0.279181 0.953249
vn 0.115648 0.279181 0.953249
vn 0.812485 -0.336574 0.476011
vn 0.812485 -0.336574 0.476011
vn 0.812485 -0.336574 0.476011
vn 0.812485 -0.336574 0.476011
vn 0.336555 -0.812528 0.475950
vn 0.336555 -0.812528 0.475950
vn 0.336555 -0.812528 0.475950
vn 0.336555 -0.812528 0.475950
vn 0.115646 -0.279186 0.953248
vn 0.115646 -0.279186 0.953248
vn 0.115646 -0.279186 0.953248
vn 0.115646 -0.279186 0.953248
vn 0.279179 -0.115664 0.953248
vn 0.279179 -0.115664 0.953248
vn 0.279179 -0.115664 0.953248
vn 0.279179 -0.115664 0.953248
vn 0.325285 -0.887911 0.325274
vn 0.325285 -0.887911 0.325274
vn 0.325285 -0.887911 0.325274
vn 0.325285 -0.887911 0.325274
vn 0.887879 -0.325320 0.325328
vn 0.887879 -0.325320 0.325328
vn 0.887879 -0.325320 0.325328
vn 0.887879 -0.325320 0.325328
vn 0.325288 -0.325277 0.887909
vn 0.325288 -0.325277 0.887909
vn 0.325288 -0.325277 0.887909
vn 0.325288 -0.325277 0.887909
vn 0.887874 0.325333 0.325327
vn 0.887874 0.325333 0.325327
vn 0.887874 0.325333 0.325327
vn 0.887874 0.325333 0.325327
vn 0.325281 0.887916 0.325267
vn 0.325281 0.887916 0.325267
vn 0.325281 0.887916 0.325267
vn 0.325281 0.887916 0.325267
vn 0.325284 0.325273 0.887912
vn 0.325284 0.325273 0.887912
vn 0.325284 0.325273 0.887912
vn 0.325284 0.325273 0.887912
vn -0.325283 0.887914 0.325270
vn -0.325283 0.887914 0.325270
vn -0.325283 0.887914 0.325270
vn -0.325283 0.887914 0.325270
vn -0.887870 0.325347 0.325326
vn -0.887870 0.325347 0.325326
vn -0.887870 0.325347 0.325326
vn -0.887870 0.325347 0.325326
vn -0.325284 0.325273 0.887912
vn -0.325284 0.325273 0.887912
vn -0.325284 0.325273 0.887912
vn -0.325284 0.325273 0.887912
vn -0.887873 -0.325340 0.325325
vn -0.887873 -0.325340 0.325325
vn -0.887873 -0.325340 0.325325
vn -0.887873 -0.325340 0.325325
vn -0.325284 -0.887910 0.325279
vn -0.325284 -0.887910 0.325279
vn -0.325284 -0.887910 0.325279
vn -0.325284 -0.887910 0.325279
vn -0.325286 -0.325275 0.887910
vn -0.325286 -0.325275 0.887910
vn -0.325286 -0.325275 0.887911
vn -0.325286 -0.325275 0.887911
vn 0.812482 -0.336579 0.476012
vn 0.812482 -0.336579 0.476012
vn 0.812482 -0.336579 0.476012
vn 0.812482 -0.336579 0.476012
vn 0.336557 -0.812515 0.475971
vn 0.336557 -0.812515 0.475971
vn 0.336557 -0.812515 0.475971
vn 0.336557 -0.812515 0.475971
vn 0.115643 -0.279189 0.953247
vn 0.115643 -0.279189 0.953247
vn 0.115643 -0.279189 0.953247
vn 0.115643 -0.279189 0.953247
vn 0.279185 -0.115664 0.953246
vn 0.279185 -0.115664 0.953246
vn 0.279185 -0.115664 0.953246
vn 0.279185 -0.115664 0.953246
vn 0.336548 0.812523 0.475964
vn 0.336548 0.812523 0.475964
vn 0.336548 0.812523 0.475964
vn 0.336548 0.812523 0.475964
vn 0.812484 0.336577 0.476009
vn 0.812485 0.336577 0.476009
vn 0.812485 0.336577 0.476009
vn 0.812485 0.336577 0.476009
vn 0.279184 0.115663 0.953246
vn 0.279184 0.115664 0.953246
vn 0.279184 0.115664 0.953246
vn 0.279184 0.115664 0.953246
vn 0.115651 0.279183 0.953248
vn 0.115651 0.279183 0.953248
vn 0.115651 0.279183 0.953248
vn 0.115651 0.279183 0.953248
vn 0.325285 -0.887911 0.325274
vn 0.325285 -0.887911 0.325274
vn 0.325285 -0.887911 0.325274
vn 0.325285 -0.887911 0.325274
vn 0.887879 -0.325320 0.325328
vn 0.887879 -0.325320 0.325328
vn 0.887879 -0.325320 0.325328
vn 0.887879 -0.325320 0.325328
vn 0.325287 -0.325275 0.887910
vn 0.325287 -0.325275 0.887910
vn 0.325287 -0.325275 0.887910
vn 0.325287 -0.325275 0.887910
vn -0.887873 -0.325340 0.325325
vn -0.887873 -0.325340 0.325325
vn -0.887873 -0.325340 0.325325
vn -0.887873 -0.325340 0.325325
vn -0.325285 -0.887911 0.325274
vn -0.325285 -0.887911 0.325274
vn -0.325285 -0.887911 0.325274
vn -0.325285 -0.887911 0.325274
vn -0.325286 -0.325275 0.887911
vn -0.325286 -0.325275 0.887910
vn -0.325286 -0.325275 0.887910
vn -0.325286 -0.325275 0.887911
vn 0.887877 0.325328 0.325324
vn 0.887877 0.325328 0.325324
vn 0.887877 0.325328 0.325324
vn 0.887877 0.325328 0.325324
vn 0.325273 0.887919 0.325266
vn 0.325273 0.887919 0.325266
vn 0.325273 0.887919 0.325266
vn 0.325273 0.887919 0.325266
vn 0.325282 0.325266 0.887915
vn 0.325282 0.325266 0.887915
vn 0.325282 0.325266 0.887915
vn 0.325282 0.325266 0.887915
vn -0.325276 0.887918 0.325265
vn -0.325276 0.887918 0.325265
vn -0.325276 0.887918 0.325265
vn -0.325276 0.887918 0.325265
vn -0.887873 0.325342 0.325323
vn -0.887873 0.325342 0.325323
vn -0.887872 0.325342 0.325323
vn -0.887872 0.325342 0.325323
vn -0.325283 0.325269 0.887914
vn -0.325283 0.325269 0.887914
vn -0.325283 0.325269 0.887914
vn -0.325283 0.325268 0.887914
vn 0.812484 -0.336580 0.476008
vn 0.812484 -0.336580 0.476008
vn 0.812484 -0.336580 0.476008
vn 0.812484 -0.336580 0.476008
vn 0.336560 -0.812522 0.475958
vn 0.336560 -0.812522 0.475958
vn 0.336560 -0.812522 0.475958
vn 0.336560 -0.812522 0.475958
vn 0.115642 -0.279186 0.953248
vn 0.115642 -0.279186 0.953248
vn 0.115642 -0.279186 0.953248
vn 0.115642 -0.279186 0.953248
vn 0.279185 -0.115664 0.953246
vn 0.279185 -0.115664 0.953246
vn 0.279185 -0.115664 0.953246
vn 0.279185 -0.115664 0.953246
vn 0.000000 -0.382683 0.923880
vn 0.000000 -0.382683 0.923880
vn 0.000000 -0.382683 0.923880
vn 0.000000 -0.382683 0.923880
vn 0.000000 -0.923880 0.382682
vn 0.000000 -0.923880 0.382682
vn 0.000000 -0.923880 0.382682
vn 0.000000 -0.923880 0.382682
vn 0.000000 -0.382683 0.923880
vn 0.000000 -0.382683 0.923880
vn 0.000000 -0.382683 0.923880
vn 0.000000 -0.382683 0.923880
vn 0.000000 -0.923881 0.382680
vn 0.000000 -0.923881 0.382680
vn 0.000000 -0.923881 0.382680
vn 0.000000 -0.923881 0.382680
vn 0.000000 0.000000 1.000000
vn 0.000000 0.000000 1.000000
vn 0.000000 0.000000 1.000000
vn 0.000000 0.000000 1.000000
vn 0.000000 0.000000 1.000000
vn 0.000000 0.000000 1.000000
vn 0.000000 0.000000 1.000000
vn 0.000000 0.000000 1.000000
vn 0.000000 0.000000 1.000000
vn 0.000000 0.000000 1.000000
vn 0.000000 0.000000 1.000000
vn 0.000000 0.000000 1.000000
vn 0.000000 0.000000 1.000000
vn 0.000000 0.000000 1.000000
vn 0.000000 0.000000 1.000000
vn 0.000000 0.000000 1.000000
vn 0.000000 0.000000 1.000000
vn 0.000000 0.000000 1.000000
vn 0.000000 0.000000 1.000000
vn 0.000000 0.000000 1.000000
vn 0.000000 0.000000 1.000000
vn 0.000000 0.000000 1.000000
vn 0.000000 0.000000 1.000000
vn 0.000000 0.000000 1.000000
vn 0.000000 0.000000 1.000000
vn 0.000000 0.000000 1.000000
vn 0.000000 0.000000 1.000000
vn 0.000000 0.000000 1.000000
vn 0.000000 0.000000 1.000000
vn 0.000000 0.000000 1.000000
vn 0.000000 0.000000 1.000000
vn 0.000000 0.000000 1.000000
vn 0.000000 0.000000 1.000000
vn 0.000000 0.000000 1.000000
vn 0.000000 0.000000 1.000000
vn 0.000000 0.000000 1.000000
vn 0.000000 0.000000 1.000000
vn 0.000000 0.000000 1.000000
vn 0.000000 0.000000 1.000000
vn 0.000000 0.000000 1.000000
vn 0.000000 0.000000 1.000000
vn 0.000000 0.000000 1.000000
vn 0.000000 0.000000 1.000000
vn 0.000000 0.000000 1.000000
vn 0.000000 0.000000 1.000000
vn 0.000000 0.000000 1.000000
vn 0.000000 0.000000 1.000000
vn 0.000000 0.000000 1.000000
vn 0.000000 0.000000 1.000000
vn 0.000000 0.000000 1.000000
vn 0.000000 0.000000 1.000000
vn 0.000000 0.000000 1.000000
vn 0.000000 0.000000 1.000000
vn 0.000000 0.000000 1.000000
vn 0.000000 0.000000 1.000000
vn 0.000000 0.000000 1.000000
vn 0.000000 0.000000 1.000000
vn 0.000000 0.000000 1.000000
vn 0.000000 0.000000 1.000000
vn 0.000000 0.000000 1.000000
vn 0.000000 0.000000 1.000000
vn 0.000000 0.000000 1.000000
vn 0.000000 0.000000 1.000000
vn 0.000000 0.000000 1.000000
vn 0.000000 0.000000 1.000000
vn 0.000000 0.000000 1.000000
vn 0.000000 0.000000 1.000000
vn 0.000000 0.000000 1.000000
vn 0.000000 0.000000 1.000000
vn 0.000000 0.000000 1.000000
vn 0.000000 0.000000 1.000000
vn 0.000000 0.000000 1.000000
vn 0.000000 0.000000 1.000000
vn 0.000000 0.000000 1.000000
vn 0.000000 0.000000 1.000000
vn 0.000000 0.000000 1.000000
vn 0.000000 0.000000 1.000000
vn 0.000000 0.000000 1.000000
vn 0.000000 0.000000 1.000000
vn 0.000000 0.000000 1.000000
vn 0.000000 0.000000 1.000000
vn 0.000000 0.000000 1.000000
vn 0.000000 0.000000 1.000000
vn 0.000000 0.000000 1.000000
vn 0.000000 0.000000 1.000000
vn 0.000000 0.000000 1.000000
vn 0.000000 0.000000 1.000000
vn 0.000000 0.000000 1.000000
vn 0.000000 0.000000 1.000000
vn 0.000000 0.000000 1.000000
vn 0.000000 0.000000 1.000000
vn 0.000000 0.000000 1.000000
vn 0.000000 0.000000 1.000000
vn 0.000000 0.000000 1.000000
vn 0.000000 0.000000 1.000000
vn 0.000000 0.000000 1.000000
vn 0.000000 0.000000 1.000000
vn 0.000000 0.000000 1.000000
vn 0.000000 0.000000 1.000000
vn 0.000000 0.000000 1.000000
vn 0.000000 0.000000 1.000000
vn 0.000000 0.000000 1.000000
vn 0.000000 0.000000 1.000000
vn 0.000000 0.000000 1.000000
vn 0.000000 0.000000 1.000000
vn 0.000000 0.000000 1.000000
vn 0.000000 0.000000 1.000000
vn 0.000000 0.000000 1.000000
vn 0.000000 0.000000 1.000000
vn 0.000000 0.000000 1.000000
vn 0.000000 0.000000 1.000000
vn 0.000000 0.000000 1.000000
vn 0.000000 0.000000 1.000000
vn 0.000000 0.000000 1.000000
vn 0.000000 0.000000 1.000000
vn 0.000000 0.000000 1.000000
vn 0.000000 0.000000 1.000000
vn 0.000000 0.000000 1.000000
vn 0.000000 0.000000 1.000000
vn 0.000000 0.000000 1.000000
vn 0.000000 0.000000 1.000000
vn 0.000000 0.000000 1.000000
vn 0.000000 0.000000 1.000000
vn 0.000000 0.000000 1.000000
vn 0.000000 0.000000 1.000000
vn 0.000000 0.000000 1.000000
vn 0.000001 0.000000 1.000000
vn 0.000001 0.000000 1.000000
vn 0.000001 0.000000 1.000000
vn 0.000000 -0.923881 0.382681
vn 0.000000 -0.923881 0.382681
vn 0.000000 -0.923881 0.382681
vn 0.000000 -0.923880 0.382681
vn 0.000000 -0.382683 0.923880
vn 0.000000 -0.382683 0.923880
vn 0.000000 -0.382683 0.923880
vn 0.000000 -0.382683 0.923880
vn -0.353559 -0.853552 0.382683
vn -0.353559 -0.853552 0.382683
vn -0.353559 -0.853551 0.382683
vn -0.353559 -0.853552 0.382683
vn -0.146449 -0.353552 0.923880
vn -0.146449 -0.353552 0.923880
vn -0.146449 -0.353552 0.923880
vn -0.146449 -0.353552 0.923880
vn 0.000000 -0.923880 0.382682
vn 0.000000 -0.923880 0.382682
vn 0.000000 -0.923880 0.382682
vn 0.000000 -0.923880 0.382682
vn 0.000000 -0.382683 0.923880
vn 0.000000 -0.382683 0.923880
vn 0.000000 -0.382683 0.923880
vn 0.000000 -0.382683 0.923880
vn 0.000000 -0.382683 0.923880
vn 0.000000 -0.382683 0.923880
vn 0.000000 -0.382683 0.923880
vn 0.000000 -0.382683 0.923880
vn 0.000000 -0.923880 0.382682
vn 0.000000 -0.923880 0.382682
vn 0.000000 -0.923880 0.382682
vn 0.000000 -0.923880 0.382682
vn 0.146449 -0.353558 0.923878
vn 0.146449 -0.353558 0.923878
vn 0.146449 -0.353558 0.923878
vn 0.146449 -0.353557 0.923878
vn 0.353553 -0.853548 0.382695
vn 0.353553 -0.853548 0.382696
vn 0.353553 -0.853548 0.382695
vn 0.353553 -0.853548 0.382695
vn -0.000000 0.000000 1.000000
vn -0.000000 0.000000 1.000000
vn -0.000000 0.000000 1.000000
vn -0.000000 0.000000 1.000000
vn 0.000000 0.000000 1.000000
vn 0.000000 0.000000 1.000000
vn 0.000000 0.000000 1.000000
vn 0.000001 0.000000 1.000000
vn 0.000001 0.000000 1.000000
vn 0.000001 0.000000 1.000000
vn 0.000001 0.000000 1.000000
vn 0.000000 0.000000 1.000000
vn 0.000000 0.000000 1.000000
vn 0.000000 0.000000 1.000000
vn 0.000000 0.000000 1.000000
vn 0.000000 0.000000 1.000000
vn 0.000000 0.000000 1.000000
vn 0.000000 0.000000 1.000000
vn 0.000000 0.000000 1.000000
vn 0.000000 0.000000 1.000000
vn 0.000000 0.000000 1.000000
vn 0.000000 0.000000 1.000000
vn 0.000000 0.000000 1.000000
vn 0.000000 0.000000 1.000000
vn 0.000000 0.000000 1.000000
vn 0.000000 0.000000 1.000000
vn -0.000000 0.000000 1.000000
vn -0.000000 0.000000 1.000000
vn -0.000000 0.000000 1.000000
vn 0.000000 0.000000 1.000000
vn 0.000000 0.000000 1.000000
vn 0.000000 0.000000 1.000000
vn 0.000000 0.000000 1.000000
vn 0.000003 0.000000 1.000000
vn 0.000003 0.000000 1.000000
vn 0.000003 0.000000 1.000000
vn 0.000000 0.000000 1.000000
vn 0.000000 0.000000 1.000000
vn 0.000000 0.000000 1.000000
vn 0.000000 0.000000 1.000000
vn 0.000004 0.000000 1.000000
vn 0.000004 0.000000 1.000000
vn 0.000004 0.000000 1.000000
vn 0.000004 0.000000 1.000000
vn 0.000000 0.000000 1.000000
vn 0.000000 0.000000 1.000000
vn 0.000000 0.000000 1.000000
vn 0.000000 0.000000 1.000000
vn 0.000000 0.000000 1.000000
vn 0.000000 0.000000 1.000000
vn 0.000000 0.000000 1.000000
vn 0.000000 0.000000 1.000000
vn -0.000003 0.000000 1.000000
vn -0.000003 0.000000 1.000000
vn -0.000003 0.000000 1.000000
vn -0.000003 0.000000 1.000000
vn -0.000003 0.000000 1.000000
vn -0.000003 0.000000 1.000000
vn -0.000003 0.000000 1.000000
vn -0.000003 0.000000 1.000000
vn 0.000000 0.000000 1.000000
vn 0.000000 0.000000 1.000000
vn 0.000000 0.000000 1.000000
vn 0.000000 0.000000 1.000000
vn 0.000003 0.000000 1.000000
vn 0.000003 0.000000 1.000000
vn 0.000003 0.000000 1.000000
vn 0.000003 0.000000 1.000000
vn 0.000000 0.000000 1.000000
vn 0.000000 0.000000 1.000000
vn 0.000000 0.000000 1.000000
vn 0.000000 0.000000 1.000000
vn -0.000001 0.000000 1.000000
vn -0.000001 0.000000 1.000000
vn -0.000001 0.000000 1.000000
vn -0.000001 0.000000 1.000000
vn 0.000000 0.000000 1.000000
vn 0.000000 0.000000 1.000000
vn 0.000000 0.000000 1.000000
vn 0.000000 0.000000 1.000000
vn -0.000000 0.000000 1.000000
vn -0.000000 0.000000 1.000000
vn -0.000000 0.000000 1.000000
vn -0.000000 0.000000 1.000000
vn 0.000000 0.000000 1.000000
vn 0.000000 0.000000 1.000000
vn 0.000000 0.000000 1.000000
vn 0.000000 0.000000 1.000000
vn 0.000002 0.000000 1.000000
vn 0.000002 0.000000 1.000000
vn 0.000002 0.000000 1.000000
vn 0.000002 0.000000 1.000000
vn 0.000000 0.000000 1.000000
vn 0.000000 0.000000 1.000000
vn 0.000000 0.000000 1.000000
vn 0.000000 0.000000 1.000000
vn 0.000003 0.000000 1.000000
vn 0.000003 0.000000 1.000000
vn 0.000003 0.000000 1.000000
vn 0.000003 0.000000 1.000000
vn 0.000000 0.000000 1.000000
vn 0.000000 0.000000 1.000000
vn 0.000000 0.000000 1.000000
vn 0.000000 0.000000 1.000000
vn 0.000002 0.000000 1.000000
vn 0.000002 0.000000 1.000000
vn 0.000002 0.000000 1.000000
vn 0.000002 0.000000 1.000000
vn 0.000000 0.000000 1.000000
vn 0.000000 0.000000 1.000000
vn 0.000000 0.000000 1.000000
vn 0.000000 0.000000 1.000000
vn -0.000004 0.000000 1.000000
vn -0.000004 0.000000 1.000000
vn -0.000004 0.000000 1.000000
vn -0.000004 0.000000 1.000000
vn 0.000000 0.000000 1.000000
vn 0.000000 0.000000 1.000000
vn 0.000000 0.000000 1.000000
vn 0.000000 0.000000 1.000000
vn -0.000000 0.000000 1.000000
vn -0.000000 0.000000 1.000000
vn -0.000000 0.000000 1.000000
vn -0.000000 0.000000 1.000000
vn 0.000000 0.000000 1.000000
vn 0.000000 0.000000 1.000000
vn 0.000000 0.000000 1.000000
vn 0.000000 0.000000 1.000000
vn 0.000000 0.000000 1.000000
vn 0.000000 0.000000 1.000000
vn 0.000000 0.000000 1.000000
vn 0.000000 0.000000 1.000000
vn 0.000000 0.000000 1.000000
vn 0.000000 0.000000 1.000000
vn 0.000000 0.000000 1.000000
vn 0.000000 0.000000 1.000000
vn 0.000000 0.000000 1.000000
vn 0.000000 0.000000 1.000000
vn 0.000000 0.000000 1.000000
vn 0.000000 0.000000 1.000000
vn 0.000000 0.000000 1.000000
vn 0.000000 0.000000 1.000000
vn 0.000000 0.000000 1.000000
vn 0.000000 0.000000 1.000000
vn 0.000000 0.000000 1.000000
vn 0.000000 0.000000 1.000000
vn 0.000000 0.000000 1.000000
vn 0.000000 0.000000 1.000000
vn 0.000000 0.000000 1.000000
vn 0.000000 0.000000 1.000000
vn 0.000000 0.000000 1.000000
vn 0.000000 0.000000 1.000000
vn 0.000000 0.000000 1.000000
vn 0.000000 0.000000 1.000000
vn 0.000000 0.000000 1.000000
vn 0.000000 0.000000 1.000000
vn 0.000000 0.000000 1.000000
vn 0.000000 0.000000 1.000000
vn 0.000000 0.000000 1.000000
vn 0.000000 0.000000 1.000000
vn 0.000000 0.000000 1.000000
vn 0.000000 0.000000 1.000000
vn 0.000000 0.000000 1.000000
vn 0.000000 0.000000 1.000000
vn 0.000000 0.000000 1.000000
vn 0.000000 0.000000 1.000000
vn 0.000000 0.000000 1.000000
vn 0.000000 0.000000 1.000000
vn 0.000000 0.000000 1.000000
vn 0.000000 0.000000 1.000000
vn 0.000000 0.000000 1.000000
vn 0.000000 0.000000 1.000000
vn 0.000000 0.000000 1.000000
vn 0.000000 0.000000 1.000000
vn 0.000000 0.000000 1.000000
vn 0.000000 0.000000 1.000000
vn 0.000000 0.000000 1.000000
vn 0.000000 0.000000 1.000000
vn -0.000000 0.000000 1.000000
vn -0.000000 0.000000 1.000000
vn -0.000000 0.000000 1.000000
vn -0.000000 0.000000 1.000000
vn 0.000000 0.000000 1.000000
vn 0.000000 0.000000 1.000000
vn 0.000000 0.000000 1.000000
vn 0.000000 0.000000 1.000000
vn 0.000000 0.000000 1.000000
vn 0.000000 0.000000 1.000000
vn 0.000004 0.000000 1.000000
vn 0.000004 0.000000 1.000000
vn 0.000004 0.000000 1.000000
vn 0.000004 0.000000 1.000000
vn 0.000000 0.000000 1.000000
vn 0.000000 0.000000 1.000000
vn 0.000000 0.000000 1.000000
vn -0.000004 0.000000 1.000000
vn -0.000004 0.000000 1.000000
vn -0.000004 0.000000 1.000000
vn -0.000004 0.000000 1.000000
vn 0.000000 0.000000 1.000000
vn 0.000000 0.000000 1.000000
vn 0.000000 0.000000 1.000000
vn -0.000000 0.000000 1.000000
vn -0.000000 0.000000 1.000000
vn -0.000000 0.000000 1.000000
vn -0.000000 0.000000 1.000000
vn 0.000000 0.000000 1.000000
vn 0.000000 0.000000 1.000000
vn 0.000000 0.000000 1.000000
vn 0.000003 0.000000 1.000000
vn 0.000003 0.000000 1.000000
vn 0.000003 0.000000 1.000000
vn 0.000003 0.000000 1.000000
vn 0.000000 0.000000 1.000000
vn 0.000000 0.000000 1.000000
vn 0.000000 0.000000 1.000000
vn -0.000004 0.000000 1.000000
vn -0.000004 0.000000 1.000000
vn -0.000004 0.000000 1.000000
vn -0.000004 0.000000 1.000000
vn 0.000000 0.000000 1.000000
vn 0.000000 0.000000 1.000000
vn 0.000000 0.000000 1.000000
vn 0.000000 0.000000 1.000000
vn 0.000000 0.000000 1.000000
vn 0.000000 0.000000 1.000000
vn 0.000000 0.000000 1.000000
vn 0.000003 0.000000 1.000000
vn 0.000003 0.000000 1.000000
vn 0.000003 0.000000 1.000000
vn 0.000003 0.000000 1.000000
vn -0.000003 0.000000 1.000000
vn -0.000003 0.000000 1.000000
vn -0.000003 0.000000 1.000000
vn -0.000003 0.000000 1.000000
vn -0.000001 0.000000 1.000000
vn -0.000001 0.000000 1.000000
vn -0.000001 0.000000 1.000000
vn -0.000001 0.000000 1.000000
vn 0.000002 0.000000 1.000000
vn 0.000002 0.000000 1.000000
vn 0.000002 0.000000 1.000000
vn 0.000002 0.000000 1.000000
vn 0.000002 0.000000 1.000000
vn 0.000002 0.000000 1.000000
vn 0.000002 0.000000 1.000000
vn 0.000002 0.000000 1.000000
vn -0.000000 0.000000 1.000000
vn -0.000000 0.000000 1.000000
vn -0.000000 0.000000 1.000000
vn -0.000000 0.000000 1.000000
vn 0.000000 0.000000 1.000000
vn 0.000000 0.000000 1.000000
vn 0.000000 0.000000 1.000000
vn 0.000000 0.000000 1.000000
vn 0.000000 0.000000 1.000000
vn 0.000000 0.000000 1.000000
vn 0.000000 0.000000 1.000000
vn 0.000000 0.000000 1.000000
vn 0.000000 0.000000 1.000000
vn 0.000000 0.000000 1.000000
vn 0.000000 0.000000 1.000000
vn 0.000000 0.000000 1.000000
vn -0.000000 0.000000 1.000000
vn -0.000000 0.000000 1.000000
vn -0.000000 0.000000 1.000000
vn -0.000000 0.000000 1.000000
vn -0.000000 0.000000 1.000000
vn -0.000000 0.000000 1.000000
vn -0.000000 0.000000 1.000000
vn -0.000000 0.000000 1.000000
vn -0.000000 0.000000 1.000000
vn -0.000000 0.000000 1.000000
vn -0.000000 0.000000 1.000000
vn -0.000000 0.000000 1.000000
vn -0.000000 0.000000 1.000000
vn -0.000000 0.000000 1.000000
vn -0.000000 0.000000 1.000000
vn -0.000000 0.000000 1.000000
s off
g S_U_11 Gate_02
usemtl aiStandardSurface1SG1
f 265/253/687 274/254/688 257/255/689 226/256/690
f 441/257/691 450/258/692 433/259/693 378/260/694
f 465/261/695 522/262/696 513/263/697 370/264/698
f 233/265/699 538/266/700 529/267/701 458/268/702
f 385/269/703 602/270/704 593/271/705 546/272/706
f 361/273/707 650/274/708 665/275/709 658/276/710
f 417/277/711 746/278/712 753/279/713 642/280/714
f 577/281/715 786/282/716 793/283/717 426/284/718
f 241/285/719 826/286/720 833/287/721 586/288/722
f 497/289/723 866/290/724 873/291/725 250/292/726
f 329/293/727 906/294/728 913/295/729 506/296/730
f 681/297/731 954/298/732 945/299/733 322/300/734
f 713/301/735 754/302/736 449/303/737 290/304/738
f 601/305/739 434/306/740 745/307/741 794/308/742
f 785/309/743 834/310/744 273/311/745 594/312/746
f 537/313/747 258/314/748 825/315/749 874/316/750
f 521/317/751 530/318/752 865/319/753 914/320/754
f 905/321/755 946/322/756 649/323/757 514/324/758
f 953/325/759 986/326/760 217/327/761 666/328/762
f 828/329/763 260/330/764 276/331/765 836/332/766
f 748/333/767 436/334/768 452/335/769 756/336/770
f 868/337/771 532/338/772 540/339/773 876/340/774
f 666/328/775 668/341/776 956/342/777 953/325/778
f 796/343/779 788/344/780 596/345/781 604/346/782
f 516/347/783 908/348/784 905/321/785 514/324/786
f 207/349/787 206/350/788 697/1378/789 702/352/790
f 206/1387/791 205/353/792 698/354/793 697/351/794
f 209/355/795 208/356/796 219/1371/797 218/358/798
f 208/1372/799 207/349/800 213/359/801 219/357/802
f 205/353/803 211/360/804 656/1258/805 655/362/806
f 211/1374/807 210/363/808 657/364/809 656/361/810
f 215/365/811 214/366/812 691/1379/813 696/368/814
f 214/1385/815 213/359/816 692/369/817 691/367/818
f 217/327/819 216/370/820 667/1257/821 666/328/822
f 216/1369/823 215/365/824 661/372/825 667/371/826
f 223/373/827 222/374/828 311/1415/829 316/376/830
f 222/1423/831 221/377/832 312/378/833 311/375/834
f 225/379/835 224/380/836 235/1365/837 234/382/838
f 224/1366/839 223/373/840 229/383/841 235/381/842
f 221/377/843 227/384/844 256/1354/845 255/386/846
f 227/1368/847 226/256/848 257/255/849 256/385/850
f 231/387/851 230/388/852 305/1416/853 310/390/854
f 230/1421/855 229/383/856 306/391/857 305/389/858
f 233/265/859 232/392/860 539/1287/861 538/266/862
f 232/1363/863 231/387/864 533/394/865 539/393/866
f 239/395/867 238/396/868 837/1490/869 842/398/870
f 238/1543/871 237/399/872 838/400/873 837/397/874
f 241/285/875 240/401/876 827/1233/877 826/286/878
f 240/1360/879 239/395/880 821/403/881 827/402/882
f 237/399/883 243/404/884 248/1357/885 247/406/886
f 243/1362/887 242/407/888 249/408/889 248/405/890
f 247/406/891 246/409/892 843/1489/893 848/411/894
f 246/1541/895 245/412/896 844/413/897 843/410/898
f 245/412/899 251/414/900 872/1222/901 871/416/902
f 251/1359/903 250/292/904 873/291/905 872/415/906
f 255/386/907 254/417/908 293/1418/909 298/419/910
f 254/1419/911 253/420/912 294/421/913 293/418/914
f 253/420/915 259/422/916 536/1285/917 535/424/918
f 259/1356/919 258/314/920 537/313/921 536/423/922
f 263/425/923 262/426/924 561/1434/925 566/428/926
f 262/1459/927 261/429/928 562/430/929 561/427/930
f 265/253/931 264/431/932 275/1350/933 274/254/934
f 264/1351/935 263/425/936 269/433/937 275/432/938
f 261/429/939 267/434/940 544/1282/941 543/436/942
f 267/1353/943 266/437/944 545/438/945 544/435/946
f 271/439/947 270/440/948 555/1435/949 560/442/950
f 270/1457/951 269/433/952 556/443/953 555/441/954
f 273/311/955 272/444/956 595/1275/957 594/312/958
f 272/1348/959 271/439/960 589/446/961 595/445/962
f 279/447/963 278/448/964 611/1427/965 616/450/966
f 278/1455/967 277/451/968 612/452/969 611/449/970
f 281/453/971 280/454/972 443/1314/973 442/456/974
f 280/1345/975 279/447/976 437/457/977 443/455/978
f 277/451/979 283/458/980 288/1342/981 287/460/982
f 283/1347/983 282/461/984 289/462/985 288/459/986
f 287/460/987 286/463/988 605/1428/989 610/465/990
f 286/1453/991 285/466/992 606/467/993 605/464/994
f 285/466/995 291/468/996 448/1309/997 447/470/998
f 291/1344/999 290/304/1000 449/303/1001 448/469/1002
f 296/471/1003 295/472/1004 303/473/1005 302/474/1006
f 295/472/1007 294/421/1008 304/475/1009 303/473/1010
f 298/419/1011 297/476/1012 313/477/1013 312/378/1014
f 297/476/1015 296/471/1016 314/478/1017 313/477/1018
f 300/479/1019 299/480/1020 534/1391/1021 533/394/1022
f 299/1417/1023 304/475/1024 535/424/1025 534/481/1026
f 302/474/1027 301/482/1028 309/483/1029 308/484/1030
f 301/482/1031 300/479/1032 310/390/1033 309/483/1034
f 308/484/1035 307/485/1036 315/486/1037 314/478/1038
f 307/485/1039 306/391/1040 316/376/1041 315/486/1042
f 319/487/1043 318/488/1044 935/1471/1045 940/490/1046
f 318/1539/1047 317/491/1048 936/492/1049 935/489/1050
f 321/493/1051 320/494/1052 331/1338/1053 330/496/1054
f 320/1339/1055 319/487/1056 325/497/1057 331/495/1058
f 317/491/1059 323/498/1060 944/1213/1061 943/500/1062
f 323/1341/1063 322/300/1064 945/299/1065 944/499/1066
f 327/501/1067 326/502/1068 929/1472/1069 934/504/1070
f 326/1537/1071 325/497/1072 930/505/1073 929/503/1074
f 329/293/1075 328/506/1076 907/1221/1077 906/294/1078
f 328/1336/1079 327/501/1080 901/508/1081 907/507/1082
f 334/509/1083 333/510/1084 366/1407/1085 365/512/1086
f 333/1414/1087 338/513/1088 367/514/1089 366/511/1090
f 336/515/1091 335/516/1092 349/517/1093 348/518/1094
f 335/516/1095 334/509/1096 350/519/1097 349/517/1098
f 338/513/1099 337/520/1100 341/521/1101 340/522/1102
f 337/520/1103 336/515/1104 342/523/1105 341/521/1106
f 340/522/1107 339/524/1108 358/1409/1109 357/526/1110
f 339/1413/1111 344/527/1112 359/528/1113 358/525/1114
f 344/527/1115 343/529/1116 353/530/1117 352/531/1118
f 343/529/1119 342/523/1120 354/532/1121 353/530/1122
f 346/533/1123 345/534/1124 510/1397/1125 509/536/1126
f 345/1412/1127 350/519/1128 511/537/1129 510/535/1130
f 348/518/1131 347/538/1132 355/539/1133 354/532/1134
f 347/538/1135 346/533/1136 356/540/1137 355/539/1138
f 352/531/1139 351/541/1140 646/1389/1141 645/543/1142
f 351/1411/1143 356/540/1144 647/544/1145 646/542/1146
f 361/273/1147 360/545/1148 651/1263/1149 650/274/1150
f 360/1333/1151 359/528/1152 645/543/1153 651/546/1154
f 357/526/1155 363/547/1156 368/1330/1157 367/514/1158
f 363/1335/1159 362/549/1160 369/550/1161 368/548/1162
f 365/512/1163 371/551/1164 512/1294/1165 511/537/1166
f 371/1332/1167 370/264/1168 513/263/1169 512/552/1170
f 375/553/1171 374/554/1172 407/1445/1173 412/556/1174
f 374/1451/1175 373/557/1176 408/558/1177 407/555/1178
f 377/559/1179 376/560/1180 387/1326/1181 386/562/1182
f 376/1327/1183 375/553/1184 381/563/1185 387/561/1186
f 373/557/1187 379/564/1188 432/1315/1189 431/566/1190
f 379/1329/1191 378/260/1192 433/259/1193 432/565/1194
f 383/567/1195 382/568/1196 401/1446/1197 406/570/1198
f 382/1449/1199 381/563/1200 402/571/1201 401/569/1202
f 385/269/1203 384/572/1204 603/1272/1205 602/270/1206
f 384/1324/1207 383/567/1208 597/574/1209 603/573/1210
f 390/575/1211 389/576/1212 430/1443/1213 429/578/1214
f 389/1448/1215 394/579/1216 431/566/1217 430/577/1218
f 392/580/1219 391/581/1220 399/582/1221 398/583/1222
f 391/581/1223 390/575/1224 400/584/1225 399/582/1226
f 394/579/1227 393/585/1228 409/586/1229 408/558/1230
f 393/585/1231 392/580/1232 410/587/1233 409/586/1234
f 396/588/1235 395/589/1236 598/1429/1237 597/574/1238
f 395/1447/1239 400/584/1240 599/591/1241 598/590/1242
f 398/583/1243 397/592/1244 405/593/1245 404/594/1246
f 397/592/1247 396/588/1248 406/570/1249 405/593/1250
f 404/594/1251 403/595/1252 411/596/1253 410/587/1254
f 403/595/1255 402/571/1256 412/556/1257 411/596/1258
f 415/597/1259 414/598/1260 757/1506/1261 762/600/1262
f 414/1535/1263 413/601/1264 758/602/1265 757/599/1266
f 417/277/1267 416/603/1268 747/1245/1269 746/278/1270
f 416/1321/1271 415/597/1272 741/605/1273 747/604/1274
f 413/601/1275 419/606/1276 424/1318/1277 423/608/1278
f 419/1323/1279 418/609/1280 425/610/1281 424/607/1282
f 423/608/1283 422/611/1284 763/1505/1285 768/613/1286
f 422/1533/1287 421/614/1288 764/615/1289 763/612/1290
f 421/614/1291 427/616/1292 792/1234/1293 791/618/1294
f 427/1320/1295 426/284/1296 793/283/1297 792/617/1298
f 429/578/1299 435/619/1300 600/1270/1301 599/591/1302
f 435/1317/1303 434/306/1304 601/305/1305 600/620/1306
f 439/621/1307 438/622/1308 623/1425/1309 628/624/1310
f 438/1441/1311 437/457/1312 624/625/1313 623/623/1314
f 441/257/1315 440/626/1316 451/1311/1317 450/258/1318
f 440/1312/1319 439/621/1320 445/628/1321 451/627/1322
f 447/470/1323 446/629/1324 617/1426/1325 622/631/1326
f 446/1439/1327 445/628/1328 618/632/1329 617/630/1330
f 455/633/1331 454/634/1332 487/1399/1333 492/636/1334
f 454/1405/1335 453/637/1336 488/638/1337 487/635/1338
f 457/639/1339 456/640/1340 467/1305/1341 466/642/1342
f 456/1306/1343 455/633/1344 461/643/1345 467/641/1346
f 453/637/1347 459/644/1348 528/1288/1349 527/646/1350
f 459/1308/1351 458/268/1352 529/267/1353 528/645/1354
f 463/647/1355 462/648/1356 481/1400/1357 486/650/1358
f 462/1403/1359 461/643/1360 482/651/1361 481/649/1362
f 465/261/1363 464/652/1364 523/1293/1365 522/262/1366
f 464/1303/1367 463/647/1368 517/654/1369 523/653/1370
f 470/655/1371 469/656/1372 526/1393/1373 525/658/1374
f 469/1402/1375 474/659/1376 527/646/1377 526/657/1378
f 472/660/1379 471/661/1380 479/662/1381 478/663/1382
f 471/661/1383 470/655/1384 480/664/1385 479/662/1386
f 474/659/1387 473/665/1388 489/666/1389 488/638/1390
f 473/665/1391 472/660/1392 490/667/1393 489/666/1394
f 476/668/1395 475/669/1396 518/1395/1397 517/654/1398
f 475/1401/1399 480/664/1400 519/671/1401 518/670/1402
f 478/663/1403 477/672/1404 485/673/1405 484/674/1406
f 477/672/1407 476/668/1408 486/650/1409 485/673/1410
f 484/674/1411 483/675/1412 491/676/1413 490/667/1414
f 483/675/1415 482/651/1416 492/636/1417 491/676/1418
f 495/677/1419 494/678/1420 877/1482/1421 882/680/1422
f 494/1531/1423 493/681/1424 878/682/1425 877/679/1426
f 497/289/1427 496/683/1428 867/1227/1429 866/290/1430
f 496/1300/1431 495/677/1432 861/685/1433 867/684/1434
f 493/681/1435 499/686/1436 504/1297/1437 503/688/1438
f 499/1302/1439 498/689/1440 505/690/1441 504/687/1442
f 503/688/1443 502/691/1444 883/1481/1445 888/693/1446
f 502/1529/1447 501/694/1448 884/695/1449 883/692/1450
f 501/694/1451 507/696/1452 912/1216/1453 911/698/1454
f 507/1299/1455 506/296/1456 913/295/1457 912/697/1458
f 509/536/1459 515/699/1460 648/1261/1461 647/544/1462
f 515/1296/1463 514/324/1464 649/323/1465 648/700/1466
f 521/317/1467 520/701/1468 531/1290/1469 530/318/1470
f 520/1291/1471 519/671/1472 525/658/1473 531/702/1474
f 543/436/1475 542/703/1476 567/1433/1477 572/705/1478
f 542/1437/1479 541/706/1480 568/707/1481 567/704/1482
f 541/706/1483 547/708/1484 592/1273/1485 591/710/1486
f 547/1284/1487 546/272/1488 593/271/1489 592/709/1490
f 550/711/1491 549/712/1492 590/1431/1493 589/446/1494
f 549/1436/1495 554/714/1496 591/710/1497 590/713/1498
f 552/715/1499 551/716/1500 559/717/1501 558/718/1502
f 551/716/1503 550/711/1504 560/442/1505 559/717/1506
f 554/714/1507 553/719/1508 569/720/1509 568/707/1510
f 553/719/1511 552/715/1512 570/721/1513 569/720/1514
f 558/718/1515 557/722/1516 565/723/1517 564/724/1518
f 557/722/1519 556/443/1520 566/428/1521 565/723/1522
f 564/724/1523 563/725/1524 571/726/1525 570/721/1526
f 563/725/1527 562/430/1528 572/705/1529 571/726/1530
f 575/727/1531 574/728/1532 797/1498/1533 802/730/1534
f 574/1527/1535 573/731/1536 798/732/1537 797/729/1538
f 577/281/1539 576/733/1540 787/1239/1541 786/282/1542
f 576/1279/1543 575/727/1544 781/735/1545 787/734/1546
f 573/731/1547 579/736/1548 584/1276/1549 583/738/1550
f 579/1281/1551 578/739/1552 585/740/1553 584/737/1554
f 583/738/1555 582/741/1556 803/1497/1557 808/743/1558
f 582/1525/1559 581/744/1560 804/745/1561 803/742/1562
f 581/744/1563 587/746/1564 832/1228/1565 831/748/1566
f 587/1278/1567 586/288/1568 833/287/1569 832/747/1570
f 608/749/1571 607/750/1572 621/751/1573 620/752/1574
f 607/750/1575 606/467/1576 622/631/1577 621/751/1578
f 610/465/1579 609/753/1580 613/754/1581 612/452/1582
f 609/753/1583 608/749/1584 614/755/1585 613/754/1586
f 616/450/1587 615/756/1588 625/757/1589 624/625/1590
f 615/756/1591 614/755/1592 626/758/1593 625/757/1594
f 620/752/1595 619/759/1596 627/760/1597 626/758/1598
f 619/759/1599 618/632/1600 628/624/1601 627/760/1602
f 631/761/1603 630/762/1604 729/1512/1605 734/764/1606
f 630/1523/1607 629/765/1608 730/766/1609 729/763/1610
f 633/767/1611 632/768/1612 715/1248/1613 714/770/1614
f 632/1267/1615 631/761/1616 709/771/1617 715/769/1618
f 629/765/1619 635/772/1620 640/1264/1621 639/774/1622
f 635/1269/1623 634/775/1624 641/776/1625 640/773/1626
f 639/774/1627 638/777/1628 735/1511/1629 740/779/1630
f 638/1521/1631 637/780/1632 736/781/1633 735/778/1634
f 637/780/1635 643/782/1636 752/1240/1637 751/784/1638
f 643/1266/1639 642/280/1640 753/279/1641 752/783/1642
f 655/362/1643 654/785/1644 703/1377/1645 708/787/1646
f 654/1383/1647 653/788/1648 704/789/1649 703/786/1650
f 653/788/1651 659/790/1652 664/1255/1653 663/792/1654
f 659/1260/1655 658/276/1656 665/275/1657 664/791/1658
f 663/792/1659 662/793/1660 685/1380/1661 690/795/1662
f 662/1381/1663 661/372/1664 686/796/1665 685/794/1666
f 671/797/1667 670/798/1668 963/1465/1669 968/800/1670
f 670/1519/1671 669/801/1672 964/802/1673 963/799/1674
f 673/803/1675 672/804/1676 683/1251/1677 682/806/1678
f 672/1252/1679 671/797/1680 677/807/1681 683/805/1682
f 669/801/1683 675/808/1684 984/1207/1685 983/810/1686
f 675/1254/1687 674/811/1688 985/812/1689 984/809/1690
f 679/813/1691 678/814/1692 975/1463/1693 980/816/1694
f 678/1517/1695 677/807/1696 976/817/1697 975/815/1698
f 681/297/1699 680/818/1700 955/1212/1701 954/298/1702
f 680/1249/1703 679/813/1704 949/820/1705 955/819/1706
f 688/821/1707 687/822/1708 695/823/1709 694/824/1710
f 687/822/1711 686/796/1712 696/368/1713 695/823/1714
f 690/795/1715 689/825/1716 705/826/1717 704/789/1718
f 689/825/1719 688/821/1720 706/827/1721 705/826/1722
f 694/824/1723 693/828/1724 701/829/1725 700/830/1726
f 693/828/1727 692/369/1728 702/352/1729 701/829/1730
f 700/830/1731 699/831/1732 707/832/1733 706/827/1734
f 699/831/1735 698/354/1736 708/787/1737 707/832/1738
f 711/833/1739 710/834/1740 723/1513/1741 728/836/1742
f 710/1515/1743 709/771/1744 724/837/1745 723/835/1746
f 713/301/1747 712/838/1748 755/1242/1749 754/302/1750
f 712/1246/1751 711/833/1752 749/840/1753 755/839/1754
f 718/841/1755 717/842/1756 750/1507/1757 749/840/1758
f 717/1514/1759 722/844/1760 751/784/1761 750/843/1762
f 720/845/1763 719/846/1764 727/847/1765 726/848/1766
f 719/846/1767 718/841/1768 728/836/1769 727/847/1770
f 722/844/1771 721/849/1772 737/850/1773 736/781/1774
f 721/849/1775 720/845/1776 738/851/1777 737/850/1778
f 726/848/1779 725/852/1780 733/853/1781 732/854/1782
f 725/852/1783 724/837/1784 734/764/1785 733/853/1786
f 732/854/1787 731/855/1788 739/856/1789 738/851/1790
f 731/855/1791 730/766/1792 740/779/1793 739/856/1794
f 743/857/1795 742/858/1796 775/1503/1797 780/860/1798
f 742/1509/1799 741/605/1800 776/861/1801 775/859/1802
f 745/307/1803 744/862/1804 795/1236/1805 794/308/1806
f 744/1243/1807 743/857/1808 789/864/1809 795/863/1810
f 760/865/1811 759/866/1812 767/867/1813 766/868/1814
f 759/866/1815 758/602/1816 768/613/1817 767/867/1818
f 762/600/1819 761/869/1820 777/870/1821 776/861/1822
f 761/869/1823 760/865/1824 778/871/1825 777/870/1826
f 766/868/1827 765/872/1828 773/873/1829 772/874/1830
f 765/872/1831 764/615/1832 774/875/1833 773/873/1834
f 770/876/1835 769/877/1836 790/1499/1837 789/864/1838
f 769/1504/1839 774/875/1840 791/618/1841 790/878/1842
f 772/874/1843 771/879/1844 779/880/1845 778/871/1846
f 771/879/1847 770/876/1848 780/860/1849 779/880/1850
f 783/881/1851 782/882/1852 815/1495/1853 820/884/1854
f 782/1501/1855 781/735/1856 816/885/1857 815/883/1858
f 785/309/1859 784/886/1860 835/1230/1861 834/310/1862
f 784/1237/1863 783/881/1864 829/888/1865 835/887/1866
f 800/889/1867 799/890/1868 807/891/1869 806/892/1870
f 799/890/1871 798/732/1872 808/743/1873 807/891/1874
f 802/730/1875 801/893/1876 817/894/1877 816/885/1878
f 801/893/1879 800/889/1880 818/895/1881 817/894/1882
f 806/892/1883 805/896/1884 813/897/1885 812/898/1886
f 805/896/1887 804/745/1888 814/899/1889 813/897/1890
f 810/900/1891 809/901/1892 830/1491/1893 829/888/1894
f 809/1496/1895 814/899/1896 831/748/1897 830/902/1898
f 812/898/1899 811/903/1900 819/904/1901 818/895/1902
f 811/903/1903 810/900/1904 820/884/1905 819/904/1906
f 823/905/1907 822/906/1908 855/1487/1909 860/908/1910
f 822/1493/1911 821/403/1912 856/909/1913 855/907/1914
f 825/315/1915 824/910/1916 875/1224/1917 874/316/1918
f 824/1231/1919 823/905/1920 869/912/1921 875/911/1922
f 840/913/1923 839/914/1924 847/915/1925 846/916/1926
f 839/914/1927 838/400/1928 848/411/1929 847/915/1930
f 842/398/1931 841/917/1932 857/918/1933 856/909/1934
f 841/917/1935 840/913/1936 858/919/1937 857/918/1938
f 846/916/1939 845/920/1940 853/921/1941 852/922/1942
f 845/920/1943 844/413/1944 854/923/1945 853/921/1946
f 850/924/1947 849/925/1948 870/1483/1949 869/912/1950
f 849/1488/1951 854/923/1952 871/416/1953 870/926/1954
f 852/922/1955 851/927/1956 859/928/1957 858/919/1958
f 851/927/1959 850/924/1960 860/908/1961 859/928/1962
f 863/929/1963 862/930/1964 895/1479/1965 900/932/1966
f 862/1485/1967 861/685/1968 896/933/1969 895/931/1970
f 865/319/1971 864/934/1972 915/1218/1973 914/320/1974
f 864/1225/1975 863/929/1976 909/936/1977 915/935/1978
f 880/937/1979 879/938/1980 887/939/1981 886/940/1982
f 879/938/1983 878/682/1984 888/693/1985 887/939/1986
f 882/680/1987 881/941/1988 897/942/1989 896/933/1990
f 881/941/1991 880/937/1992 898/943/1993 897/942/1994
f 886/940/1995 885/944/1996 893/945/1997 892/946/1998
f 885/944/1999 884/695/2000 894/947/2001 893/945/2002
f 890/948/2003 889/949/2004 910/1475/2005 909/936/2006
f 889/1480/2007 894/947/2008 911/698/2009 910/950/2010
f 892/946/2011 891/951/2012 899/952/2013 898/943/2014
f 891/951/2015 890/948/2016 900/932/2017 899/952/2018
f 903/953/2019 902/954/2020 923/1473/2021 928/956/2022
f 902/1477/2023 901/508/2024 924/957/2025 923/955/2026
f 905/321/2027 904/958/2028 947/1215/2029 946/322/2030
f 904/1219/2031 903/953/2032 941/960/2033 947/959/2034
f 918/961/2035 917/962/2036 942/1469/2037 941/960/2038
f 917/1474/2039 922/964/2040 943/500/2041 942/963/2042
f 920/965/2043 919/966/2044 927/967/2045 926/968/2046
f 919/966/2047 918/961/2048 928/956/2049 927/967/2050
f 922/964/2051 921/969/2052 937/970/2053 936/492/2054
f 921/969/2055 920/965/2056 938/971/2057 937/970/2058
f 926/968/2059 925/972/2060 933/973/2061 932/974/2062
f 925/972/2063 924/957/2064 934/504/2065 933/973/2066
f 932/974/2067 931/975/2068 939/976/2069 938/971/2070
f 931/975/2071 930/505/2072 940/490/2073 939/976/2074
f 951/977/2075 950/978/2076 969/1464/2077 974/980/2078
f 950/1467/2079 949/820/2080 970/981/2081 969/979/2082
f 953/325/2083 952/982/2084 987/1209/2085 986/326/2086
f 952/1210/2087 951/977/2088 981/984/2089 987/983/2090
f 958/985/2091 957/986/2092 982/1461/2093 981/984/2094
f 957/1466/2095 962/988/2096 983/810/2097 982/987/2098
f 960/989/2099 959/990/2100 973/991/2101 972/992/2102
f 959/990/2103 958/985/2104 974/980/2105 973/991/2106
f 962/988/2107 961/993/2108 965/994/2109 964/802/2110
f 961/993/2111 960/989/2112 966/995/2113 965/994/2114
f 968/800/2115 967/996/2116 977/997/2117 976/817/2118
f 967/996/2119 966/995/2120 978/998/2121 977/997/2122
f 972/992/2123 971/999/2124 979/1000/2125 978/998/2126
f 971/999/2127 970/981/2128 980/816/2129 979/1000/2130
f 296/471/2131 302/474/2132 308/484/2133 314/478/2134
f 342/523/2135 336/515/2136 348/518/2137 354/532/2138
f 392/580/2139 398/583/2140 404/594/2141 410/587/2142
f 472/660/2143 478/663/2144 484/674/2145 490/667/2146
f 552/715/2147 558/718/2148 564/724/2149 570/721/2150
f 614/755/2151 608/749/2152 620/752/2153 626/758/2154
f 688/821/2155 694/824/2156 700/830/2157 706/827/2158
f 720/845/2159 726/848/2160 732/854/2161 738/851/2162
f 760/865/2163 766/868/2164 772/874/2165 778/871/2166
f 800/889/2167 806/892/2168 812/898/2169 818/895/2170
f 840/913/2171 846/916/2172 852/922/2173 858/919/2174
f 880/937/2175 886/940/2176 892/946/2177 898/943/2178
f 920/965/2179 926/968/2180 932/974/2181 938/971/2182
f 966/995/2183 960/989/2184 972/992/2185 978/998/2186
f 692/369/2187 213/359/2188 207/349/2189 702/352/2190
f 698/354/2191 205/353/2192 655/362/2193 708/787/2194
f 686/796/2195 661/372/2196 215/365/2197 696/368/2198
f 306/391/2199 229/383/2200 223/373/2201 316/376/2202
f 312/378/2203 221/377/2204 255/386/2205 298/419/2206
f 300/479/2207 533/394/2208 231/387/2209 310/390/2210
f 856/909/2211 821/403/2212 239/395/2213 842/398/2214
f 838/400/2215 237/399/2216 247/406/2217 848/411/2218
f 844/413/2219 245/412/2220 871/416/2221 854/923/2222
f 294/421/2223 253/420/2224 535/424/2225 304/475/2226
f 556/443/2227 269/433/2228 263/425/2229 566/428/2230
f 562/430/2231 261/429/2232 543/436/2233 572/705/2234
f 550/711/2235 589/446/2236 271/439/2237 560/442/2238
f 624/625/2239 437/457/2240 279/447/2241 616/450/2242
f 612/452/2243 277/451/2244 287/460/2245 610/465/2246
f 606/467/2247 285/466/2248 447/470/2249 622/631/2250
f 930/505/2251 325/497/2252 319/487/2253 940/490/2254
f 936/492/2255 317/491/2256 943/500/2257 922/964/2258
f 924/957/2259 901/508/2260 327/501/2261 934/504/2262
f 334/509/2263 365/512/2264 511/537/2265 350/519/2266
f 340/522/2267 357/526/2268 367/514/2269 338/513/2270
f 346/533/2271 509/536/2272 647/544/2273 356/540/2274
f 352/531/2275 645/543/2276 359/528/2277 344/527/2278
f 402/571/2279 381/563/2280 375/553/2281 412/556/2282
f 408/558/2283 373/557/2284 431/566/2285 394/579/2286
f 396/588/2287 597/574/2288 383/567/2289 406/570/2290
f 390/575/2291 429/578/2292 599/591/2293 400/584/2294
f 776/861/2295 741/605/2296 415/597/2297 762/600/2298
f 758/602/2299 413/601/2300 423/608/2301 768/613/2302
f 764/615/2303 421/614/2304 791/618/2305 774/875/2306
f 618/632/2307 445/628/2308 439/621/2309 628/624/2310
f 482/651/2311 461/643/2312 455/633/2313 492/636/2314
f 488/638/2315 453/637/2316 527/646/2317 474/659/2318
f 476/668/2319 517/654/2320 463/647/2321 486/650/2322
f 470/655/2323 525/658/2324 519/671/2325 480/664/2326
f 896/933/2327 861/685/2328 495/677/2329 882/680/2330
f 878/682/2331 493/681/2332 503/688/2333 888/693/2334
f 884/695/2335 501/694/2336 911/698/2337 894/947/2338
f 568/707/2339 541/706/2340 591/710/2341 554/714/2342
f 816/885/2343 781/735/2344 575/727/2345 802/730/2346
f 798/732/2347 573/731/2348 583/738/2349 808/743/2350
f 804/745/2351 581/744/2352 831/748/2353 814/899/2354
f 724/837/2355 709/771/2356 631/761/2357 734/764/2358
f 730/766/2359 629/765/2360 639/774/2361 740/779/2362
f 736/781/2363 637/780/2364 751/784/2365 722/844/2366
f 704/789/2367 653/788/2368 663/792/2369 690/795/2370
f 976/817/2371 677/807/2372 671/797/2373 968/800/2374
f 964/802/2375 669/801/2376 983/810/2377 962/988/2378
f 970/981/2379 949/820/2380 679/813/2381 980/816/2382
f 718/841/2383 749/840/2384 711/833/2385 728/836/2386
f 770/876/2387 789/864/2388 743/857/2389 780/860/2390
f 810/900/2391 829/888/2392 783/881/2393 820/884/2394
f 850/924/2395 869/912/2396 823/905/2397 860/908/2398
f 890/948/2399 909/936/2400 863/929/2401 900/932/2402
f 918/961/2403 941/960/2404 903/953/2405 928/956/2406
f 958/985/2407 981/984/2408 951/977/2409 974/980/2410
f 211/360/2411 205/353/2412 206/1387/2413 989/1388/2414
f 206/350/2415 207/349/2416 208/1372/2417 989/1373/2418
f 208/356/2419 209/355/2420 212/1002/2421 989/1001/2422
f 212/1002/2423 210/363/2424 211/1374/2425 989/1001/2426
f 219/357/2427 213/359/2428 214/1385/2429 990/1386/2430
f 214/366/2431 215/365/2432 216/1369/2433 990/1370/2434
f 216/370/2435 217/327/2436 220/1004/2437 990/1003/2438
f 220/1004/2439 218/358/2440 219/1371/2441 990/1003/2442
f 227/384/2443 221/377/2444 222/1423/2445 991/1424/2446
f 222/374/2447 223/373/2448 224/1366/2449 991/1367/2450
f 224/380/2451 225/379/2452 228/1006/2453 991/1005/2454
f 228/1006/2455 226/256/2456 227/1368/2457 991/1005/2458
f 235/381/2459 229/383/2460 230/1421/2461 992/1422/2462
f 230/388/2463 231/387/2464 232/1363/2465 992/1364/2466
f 232/392/2467 233/265/2468 236/1008/2469 992/1007/2470
f 236/1008/2471 234/382/2472 235/1365/2473 992/1007/2474
f 243/404/2475 237/399/2476 238/1543/2477 993/1544/2478
f 238/396/2479 239/395/2480 240/1360/2481 993/1361/2482
f 240/401/2483 241/285/2484 244/1010/2485 993/1009/2486
f 244/1010/2487 242/407/2488 243/1362/2489 993/1009/2490
f 251/414/2491 245/412/2492 246/1541/2493 994/1542/2494
f 246/409/2495 247/406/2496 248/1357/2497 994/1358/2498
f 248/405/2499 249/408/2500 252/1012/2501 994/1011/2502
f 252/1012/2503 250/292/2504 251/1359/2505 994/1011/2506
f 259/422/2507 253/420/2508 254/1419/2509 995/1420/2510
f 254/417/2511 255/386/2512 256/1354/2513 995/1355/2514
f 256/385/2515 257/255/2516 260/330/2517 995/1013/2518
f 260/330/2519 258/314/2520 259/1356/2521 995/1013/2522
f 267/434/2523 261/429/2524 262/1459/2525 996/1460/2526
f 262/426/2527 263/425/2528 264/1351/2529 996/1352/2530
f 264/431/2531 265/253/2532 268/1015/2533 996/1014/2534
f 268/1015/2535 266/437/2536 267/1353/2537 996/1014/2538
f 275/432/2539 269/433/2540 270/1457/2541 997/1458/2542
f 270/440/2543 271/439/2544 272/1348/2545 997/1349/2546
f 272/444/2547 273/311/2548 276/331/2549 997/1016/2550
f 276/331/2551 274/254/2552 275/1350/2553 997/1016/2554
f 283/458/2555 277/451/2556 278/1455/2557 998/1456/2558
f 278/448/2559 279/447/2560 280/1345/2561 998/1346/2562
f 280/454/2563 281/453/2564 284/1018/2565 998/1017/2566
f 284/1018/2567 282/461/2568 283/1347/2569 998/1017/2570
f 291/468/2571 285/466/2572 286/1453/2573 999/1454/2574
f 286/463/2575 287/460/2576 288/1342/2577 999/1343/2578
f 288/459/2579 289/462/2580 292/1020/2581 999/1019/2582
f 292/1020/2583 290/304/2584 291/1344/2585 999/1019/2586
f 297/476/2587 298/419/2588 293/1418/2589 1000/1021/2590
f 293/418/2591 294/421/2592 295/472/2593 1000/1021/2594
f 295/472/2595 296/471/2596 297/476/2597 1000/1021/2598
f 303/473/2599 304/475/2600 299/1417/2601 1001/1022/2602
f 299/480/2603 300/479/2604 301/482/2605 1001/1022/2606
f 301/482/2607 302/474/2608 303/473/2609 1001/1022/2610
f 309/483/2611 310/390/2612 305/1416/2613 1002/1023/2614
f 305/389/2615 306/391/2616 307/485/2617 1002/1023/2618
f 307/485/2619 308/484/2620 309/483/2621 1002/1023/2622
f 315/486/2623 316/376/2624 311/1415/2625 1003/1024/2626
f 311/375/2627 312/378/2628 313/477/2629 1003/1024/2630
f 313/477/2631 314/478/2632 315/486/2633 1003/1024/2634
f 323/498/2635 317/491/2636 318/1539/2637 1004/1540/2638
f 318/488/2639 319/487/2640 320/1339/2641 1004/1340/2642
f 320/494/2643 321/493/2644 324/1026/2645 1004/1025/2646
f 324/1026/2647 322/300/2648 323/1341/2649 1004/1025/2650
f 331/495/2651 325/497/2652 326/1537/2653 1005/1538/2654
f 326/502/2655 327/501/2656 328/1336/2657 1005/1337/2658
f 328/506/2659 329/293/2660 332/1028/2661 1005/1027/2662
f 332/1028/2663 330/496/2664 331/1338/2665 1005/1027/2666
f 337/520/2667 338/513/2668 333/1414/2669 1006/1029/2670
f 333/510/2671 334/509/2672 335/516/2673 1006/1029/2674
f 335/516/2675 336/515/2676 337/520/2677 1006/1029/2678
f 343/529/2679 344/527/2680 339/1413/2681 1007/1030/2682
f 339/524/2683 340/522/2684 341/521/2685 1007/1030/2686
f 341/521/2687 342/523/2688 343/529/2689 1007/1030/2690
f 349/517/2691 350/519/2692 345/1412/2693 1008/1031/2694
f 345/534/2695 346/533/2696 347/538/2697 1008/1031/2698
f 347/538/2699 348/518/2700 349/517/2701 1008/1031/2702
f 355/539/2703 356/540/2704 351/1411/2705 1009/1032/2706
f 351/541/2707 352/531/2708 353/530/2709 1009/1032/2710
f 353/530/2711 354/532/2712 355/539/2713 1009/1032/2714
f 363/547/2715 357/526/2716 358/1409/2717 1010/1410/2718
f 358/525/2719 359/528/2720 360/1333/2721 1010/1334/2722
f 360/545/2723 361/273/2724 364/1034/2725 1010/1033/2726
f 364/1034/2727 362/549/2728 363/1335/2729 1010/1033/2730
f 371/551/2731 365/512/2732 366/1407/2733 1011/1408/2734
f 366/511/2735 367/514/2736 368/1330/2737 1011/1331/2738
f 368/548/2739 369/550/2740 372/1036/2741 1011/1035/2742
f 372/1036/2743 370/264/2744 371/1332/2745 1011/1035/2746
f 379/564/2747 373/557/2748 374/1451/2749 1012/1452/2750
f 374/554/2751 375/553/2752 376/1327/2753 1012/1328/2754
f 376/560/2755 377/559/2756 380/1038/2757 1012/1037/2758
f 380/1038/2759 378/260/2760 379/1329/2761 1012/1037/2762
f 387/561/2763 381/563/2764 382/1449/2765 1013/1450/2766
f 382/568/2767 383/567/2768 384/1324/2769 1013/1325/2770
f 384/572/2771 385/269/2772 388/1040/2773 1013/1039/2774
f 388/1040/2775 386/562/2776 387/1326/2777 1013/1039/2778
f 393/585/2779 394/579/2780 389/1448/2781 1014/1041/2782
f 389/576/2783 390/575/2784 391/581/2785 1014/1041/2786
f 391/581/2787 392/580/2788 393/585/2789 1014/1041/2790
f 399/582/2791 400/584/2792 395/1447/2793 1015/1042/2794
f 395/589/2795 396/588/2796 397/592/2797 1015/1042/2798
f 397/592/2799 398/583/2800 399/582/2801 1015/1042/2802
f 405/593/2803 406/570/2804 401/1446/2805 1016/1043/2806
f 401/569/2807 402/571/2808 403/595/2809 1016/1043/2810
f 403/595/2811 404/594/2812 405/593/2813 1016/1043/2814
f 411/596/2815 412/556/2816 407/1445/2817 1017/1044/2818
f 407/555/2819 408/558/2820 409/586/2821 1017/1044/2822
f 409/586/2823 410/587/2824 411/596/2825 1017/1044/2826
f 419/606/2827 413/601/2828 414/1535/2829 1018/1536/2830
f 414/598/2831 415/597/2832 416/1321/2833 1018/1322/2834
f 416/603/2835 417/277/2836 420/1046/2837 1018/1045/2838
f 420/1046/2839 418/609/2840 419/1323/2841 1018/1045/2842
f 427/616/2843 421/614/2844 422/1533/2845 1019/1534/2846
f 422/611/2847 423/608/2848 424/1318/2849 1019/1319/2850
f 424/607/2851 425/610/2852 428/1048/2853 1019/1047/2854
f 428/1048/2855 426/284/2856 427/1320/2857 1019/1047/2858
f 435/619/2859 429/578/2860 430/1443/2861 1020/1444/2862
f 430/577/2863 431/566/2864 432/1315/2865 1020/1316/2866
f 432/565/2867 433/259/2868 436/334/2869 1020/1049/2870
f 436/334/2871 434/306/2872 435/1317/2873 1020/1049/2874
f 443/455/2875 437/457/2876 438/1441/2877 1021/1442/2878
f 438/622/2879 439/621/2880 440/1312/2881 1021/1313/2882
f 440/626/2883 441/257/2884 444/1051/2885 1021/1050/2886
f 444/1051/2887 442/456/2888 443/1314/2889 1021/1050/2890
f 451/627/2891 445/628/2892 446/1439/2893 1022/1440/2894
f 446/629/2895 447/470/2896 448/1309/2897 1022/1310/2898
f 448/469/2899 449/303/2900 452/335/2901 1022/1052/2902
f 452/335/2903 450/258/2904 451/1311/2905 1022/1052/2906
f 459/644/2907 453/637/2908 454/1405/2909 1023/1406/2910
f 454/634/2911 455/633/2912 456/1306/2913 1023/1307/2914
f 456/640/2915 457/639/2916 460/1054/2917 1023/1053/2918
f 460/1054/2919 458/268/2920 459/1308/2921 1023/1053/2922
f 467/641/2923 461/643/2924 462/1403/2925 1024/1404/2926
f 462/648/2927 463/647/2928 464/1303/2929 1024/1304/2930
f 464/652/2931 465/261/2932 468/1056/2933 1024/1055/2934
f 468/1056/2935 466/642/2936 467/1305/2937 1024/1055/2938
f 473/665/2939 474/659/2940 469/1402/2941 1025/1057/2942
f 469/656/2943 470/655/2944 471/661/2945 1025/1057/2946
f 471/661/2947 472/660/2948 473/665/2949 1025/1057/2950
f 479/662/2951 480/664/2952 475/1401/2953 1026/1058/2954
f 475/669/2955 476/668/2956 477/672/2957 1026/1058/2958
f 477/672/2959 478/663/2960 479/662/2961 1026/1058/2962
f 485/673/2963 486/650/2964 481/1400/2965 1027/1059/2966
f 481/649/2967 482/651/2968 483/675/2969 1027/1059/2970
f 483/675/2971 484/674/2972 485/673/2973 1027/1059/2974
f 491/676/2975 492/636/2976 487/1399/2977 1028/1060/2978
f 487/635/2979 488/638/2980 489/666/2981 1028/1060/2982
f 489/666/2983 490/667/2984 491/676/2985 1028/1060/2986
f 499/686/2987 493/681/2988 494/1531/2989 1029/1532/2990
f 494/678/2991 495/677/2992 496/1300/2993 1029/1301/2994
f 496/683/2995 497/289/2996 500/1062/2997 1029/1061/2998
f 500/1062/2999 498/689/3000 499/1302/3001 1029/1061/3002
f 507/696/3003 501/694/3004 502/1529/3005 1030/1530/3006
f 502/691/3007 503/688/3008 504/1297/3009 1030/1298/3010
f 504/687/3011 505/690/3012 508/1064/3013 1030/1063/3014
f 508/1064/3015 506/296/3016 507/1299/3017 1030/1063/3018
f 515/699/3019 509/536/3020 510/1397/3021 1031/1398/3022
f 510/535/3023 511/537/3024 512/1294/3025 1031/1295/3026
f 512/552/3027 513/263/3028 516/347/3029 1031/1065/3030
f 516/347/3031 514/324/3032 515/1296/3033 1031/1065/3034
f 523/653/3035 517/654/3036 518/1395/3037 1032/1396/3038
f 518/670/3039 519/671/3040 520/1291/3041 1032/1292/3042
f 520/701/3043 521/317/3044 524/1067/3045 1032/1066/3046
f 524/1067/3047 522/262/3048 523/1293/3049 1032/1066/3050
f 531/702/3051 525/658/3052 526/1393/3053 1033/1394/3054
f 526/657/3055 527/646/3056 528/1288/3057 1033/1289/3058
f 528/645/3059 529/267/3060 532/338/3061 1033/1068/3062
f 532/338/3063 530/318/3064 531/1290/3065 1033/1068/3066
f 539/393/3067 533/394/3068 534/1391/3069 1034/1392/3070
f 534/481/3071 535/424/3072 536/1285/3073 1034/1286/3074
f 536/423/3075 537/313/3076 540/339/3077 1034/1069/3078
f 540/339/3079 538/266/3080 539/1287/3081 1034/1069/3082
f 547/708/3083 541/706/3084 542/1437/3085 1035/1438/3086
f 542/703/3087 543/436/3088 544/1282/3089 1035/1283/3090
f 544/435/3091 545/438/3092 548/1071/3093 1035/1070/3094
f 548/1071/3095 546/272/3096 547/1284/3097 1035/1070/3098
f 553/719/3099 554/714/3100 549/1436/3101 1036/1072/3102
f 549/712/3103 550/711/3104 551/716/3105 1036/1072/3106
f 551/716/3107 552/715/3108 553/719/3109 1036/1072/3110
f 559/717/3111 560/442/3112 555/1435/3113 1037/1073/3114
f 555/441/3115 556/443/3116 557/722/3117 1037/1073/3118
f 557/722/3119 558/718/3120 559/717/3121 1037/1073/3122
f 565/723/3123 566/428/3124 561/1434/3125 1038/1074/3126
f 561/427/3127 562/430/3128 563/725/3129 1038/1074/3130
f 563/725/3131 564/724/3132 565/723/3133 1038/1074/3134
f 571/726/3135 572/705/3136 567/1433/3137 1039/1075/3138
f 567/704/3139 568/707/3140 569/720/3141 1039/1075/3142
f 569/720/3143 570/721/3144 571/726/3145 1039/1075/3146
f 579/736/3147 573/731/3148 574/1527/3149 1040/1528/3150
f 574/728/3151 575/727/3152 576/1279/3153 1040/1280/3154
f 576/733/3155 577/281/3156 580/1077/3157 1040/1076/3158
f 580/1077/3159 578/739/3160 579/1281/3161 1040/1076/3162
f 587/746/3163 581/744/3164 582/1525/3165 1041/1526/3166
f 582/741/3167 583/738/3168 584/1276/3169 1041/1277/3170
f 584/737/3171 585/740/3172 588/1079/3173 1041/1078/3174
f 588/1079/3175 586/288/3176 587/1278/3177 1041/1078/3178
f 595/445/3179 589/446/3180 590/1431/3181 1042/1432/3182
f 590/713/3183 591/710/3184 592/1273/3185 1042/1274/3186
f 592/709/3187 593/271/3188 596/345/3189 1042/1080/3190
f 596/345/3191 594/312/3192 595/1275/3193 1042/1080/3194
f 603/573/3195 597/574/3196 598/1429/3197 1043/1430/3198
f 598/590/3199 599/591/3200 600/1270/3201 1043/1271/3202
f 600/620/3203 601/305/3204 604/346/3205 1043/1081/3206
f 604/346/3207 602/270/3208 603/1272/3209 1043/1081/3210
f 609/753/3211 610/465/3212 605/1428/3213 1044/1082/3214
f 605/464/3215 606/467/3216 607/750/3217 1044/1082/3218
f 607/750/3219 608/749/3220 609/753/3221 1044/1082/3222
f 615/756/3223 616/450/3224 611/1427/3225 1045/1083/3226
f 611/449/3227 612/452/3228 613/754/3229 1045/1083/3230
f 613/754/3231 614/755/3232 615/756/3233 1045/1083/3234
f 621/751/3235 622/631/3236 617/1426/3237 1046/1084/3238
f 617/630/3239 618/632/3240 619/759/3241 1046/1084/3242
f 619/759/3243 620/752/3244 621/751/3245 1046/1084/3246
f 627/760/3247 628/624/3248 623/1425/3249 1047/1085/3250
f 623/623/3251 624/625/3252 625/757/3253 1047/1085/3254
f 625/757/3255 626/758/3256 627/760/3257 1047/1085/3258
f 635/772/3259 629/765/3260 630/1523/3261 1048/1524/3262
f 630/762/3263 631/761/3264 632/1267/3265 1048/1268/3266
f 632/768/3267 633/767/3268 636/1087/3269 1048/1086/3270
f 636/1087/3271 634/775/3272 635/1269/3273 1048/1086/3274
f 643/782/3275 637/780/3276 638/1521/3277 1049/1522/3278
f 638/777/3279 639/774/3280 640/1264/3281 1049/1265/3282
f 640/773/3283 641/776/3284 644/1089/3285 1049/1088/3286
f 644/1089/3287 642/280/3288 643/1266/3289 1049/1088/3290
f 651/546/3291 645/543/3292 646/1389/3293 1050/1390/3294
f 646/542/3295 647/544/3296 648/1261/3297 1050/1262/3298
f 648/700/3299 649/323/3300 652/1091/3301 1050/1090/3302
f 652/1091/3303 650/274/3304 651/1263/3305 1050/1090/3306
f 659/790/3307 653/788/3308 654/1383/3309 1051/1384/3310
f 654/785/3311 655/362/3312 656/1258/3313 1051/1259/3314
f 656/361/3315 657/364/3316 660/1093/3317 1051/1092/3318
f 660/1093/3319 658/276/3320 659/1260/3321 1051/1092/3322
f 667/371/3323 661/372/3324 662/1381/3325 1052/1382/3326
f 662/793/3327 663/792/3328 664/1255/3329 1052/1256/3330
f 664/791/3331 665/275/3332 668/341/3333 1052/1094/3334
f 668/341/3335 666/328/3336 667/1257/3337 1052/1094/3338
f 675/808/3339 669/801/3340 670/1519/3341 1053/1520/3342
f 670/798/3343 671/797/3344 672/1252/3345 1053/1253/3346
f 672/804/3347 673/803/3348 676/1096/3349 1053/1095/3350
f 676/1096/3351 674/811/3352 675/1254/3353 1053/1095/3354
f 683/805/3355 677/807/3356 678/1517/3357 1054/1518/3358
f 678/814/3359 679/813/3360 680/1249/3361 1054/1250/3362
f 680/818/3363 681/297/3364 684/1098/3365 1054/1097/3366
f 684/1098/3367 682/806/3368 683/1251/3369 1054/1097/3370
f 689/825/3371 690/795/3372 685/1380/3373 1055/1099/3374
f 685/794/3375 686/796/3376 687/822/3377 1055/1099/3378
f 687/822/3379 688/821/3380 689/825/3381 1055/1099/3382
f 695/823/3383 696/368/3384 691/1379/3385 1056/1100/3386
f 691/367/3387 692/369/3388 693/828/3389 1056/1100/3390
f 693/828/3391 694/824/3392 695/823/3393 1056/1100/3394
f 701/829/3395 702/352/3396 697/1378/3397 1057/1101/3398
f 697/351/3399 698/354/3400 699/831/3401 1057/1101/3402
f 699/831/3403 700/830/3404 701/829/3405 1057/1101/3406
f 707/832/3407 708/787/3408 703/1377/3409 1058/1102/3410
f 703/786/3411 704/789/3412 705/826/3413 1058/1102/3414
f 705/826/3415 706/827/3416 707/832/3417 1058/1102/3418
f 715/769/3419 709/771/3420 710/1515/3421 1059/1516/3422
f 710/834/3423 711/833/3424 712/1246/3425 1059/1247/3426
f 712/838/3427 713/301/3428 716/1104/3429 1059/1103/3430
f 716/1104/3431 714/770/3432 715/1248/3433 1059/1103/3434
f 721/849/3435 722/844/3436 717/1514/3437 1060/1105/3438
f 717/842/3439 718/841/3440 719/846/3441 1060/1105/3442
f 719/846/3443 720/845/3444 721/849/3445 1060/1105/3446
f 727/847/3447 728/836/3448 723/1513/3449 1061/1106/3450
f 723/835/3451 724/837/3452 725/852/3453 1061/1106/3454
f 725/852/3455 726/848/3456 727/847/3457 1061/1106/3458
f 733/853/3459 734/764/3460 729/1512/3461 1062/1107/3462
f 729/763/3463 730/766/3464 731/855/3465 1062/1107/3466
f 731/855/3467 732/854/3468 733/853/3469 1062/1107/3470
f 739/856/3471 740/779/3472 735/1511/3473 1063/1108/3474
f 735/778/3475 736/781/3476 737/850/3477 1063/1108/3478
f 737/850/3479 738/851/3480 739/856/3481 1063/1108/3482
f 747/604/3483 741/605/3484 742/1509/3485 1064/1510/3486
f 742/858/3487 743/857/3488 744/1243/3489 1064/1244/3490
f 744/862/3491 745/307/3492 748/333/3493 1064/1109/3494
f 748/333/3495 746/278/3496 747/1245/3497 1064/1109/3498
f 755/839/3499 749/840/3500 750/1507/3501 1065/1508/3502
f 750/843/3503 751/784/3504 752/1240/3505 1065/1241/3506
f 752/783/3507 753/279/3508 756/336/3509 1065/1110/3510
f 756/336/3511 754/302/3512 755/1242/3513 1065/1110/3514
f 761/869/3515 762/600/3516 757/1506/3517 1066/1111/3518
f 757/599/3519 758/602/3520 759/866/3521 1066/1111/3522
f 759/866/3523 760/865/3524 761/869/3525 1066/1111/3526
f 767/867/3527 768/613/3528 763/1505/3529 1067/1112/3530
f 763/612/3531 764/615/3532 765/872/3533 1067/1112/3534
f 765/872/3535 766/868/3536 767/867/3537 1067/1112/3538
f 773/873/3539 774/875/3540 769/1504/3541 1068/1113/3542
f 769/877/3543 770/876/3544 771/879/3545 1068/1113/3546
f 771/879/3547 772/874/3548 773/873/3549 1068/1113/3550
f 779/880/3551 780/860/3552 775/1503/3553 1069/1114/3554
f 775/859/3555 776/861/3556 777/870/3557 1069/1114/3558
f 777/870/3559 778/871/3560 779/880/3561 1069/1114/3562
f 787/734/3563 781/735/3564 782/1501/3565 1070/1502/3566
f 782/882/3567 783/881/3568 784/1237/3569 1070/1238/3570
f 784/886/3571 785/309/3572 788/344/3573 1070/1115/3574
f 788/344/3575 786/282/3576 787/1239/3577 1070/1115/3578
f 795/863/3579 789/864/3580 790/1499/3581 1071/1500/3582
f 790/878/3583 791/618/3584 792/1234/3585 1071/1235/3586
f 792/617/3587 793/283/3588 796/343/3589 1071/1116/3590
f 796/343/3591 794/308/3592 795/1236/3593 1071/1116/3594
f 801/893/3595 802/730/3596 797/1498/3597 1072/1117/3598
f 797/729/3599 798/732/3600 799/890/3601 1072/1117/3602
f 799/890/3603 800/889/3604 801/893/3605 1072/1117/3606
f 807/891/3607 808/743/3608 803/1497/3609 1073/1118/3610
f 803/742/3611 804/745/3612 805/896/3613 1073/1118/3614
f 805/896/3615 806/892/3616 807/891/3617 1073/1118/3618
f 813/897/3619 814/899/3620 809/1496/3621 1074/1119/3622
f 809/901/3623 810/900/3624 811/903/3625 1074/1119/3626
f 811/903/3627 812/898/3628 813/897/3629 1074/1119/3630
f 819/904/3631 820/884/3632 815/1495/3633 1075/1120/3634
f 815/883/3635 816/885/3636 817/894/3637 1075/1120/3638
f 817/894/3639 818/895/3640 819/904/3641 1075/1120/3642
f 827/402/3643 821/403/3644 822/1493/3645 1076/1494/3646
f 822/906/3647 823/905/3648 824/1231/3649 1076/1232/3650
f 824/910/3651 825/315/3652 828/329/3653 1076/1121/3654
f 828/329/3655 826/286/3656 827/1233/3657 1076/1121/3658
f 835/887/3659 829/888/3660 830/1491/3661 1077/1492/3662
f 830/902/3663 831/748/3664 832/1228/3665 1077/1229/3666
f 832/747/3667 833/287/3668 836/332/3669 1077/1122/3670
f 836/332/3671 834/310/3672 835/1230/3673 1077/1122/3674
f 841/917/3675 842/398/3676 837/1490/3677 1078/1123/3678
f 837/397/3679 838/400/3680 839/914/3681 1078/1123/3682
f 839/914/3683 840/913/3684 841/917/3685 1078/1123/3686
f 847/915/3687 848/411/3688 843/1489/3689 1079/1124/3690
f 843/410/3691 844/413/3692 845/920/3693 1079/1124/3694
f 845/920/3695 846/916/3696 847/915/3697 1079/1124/3698
f 853/921/3699 854/923/3700 849/1488/3701 1080/1125/3702
f 849/925/3703 850/924/3704 851/927/3705 1080/1125/3706
f 851/927/3707 852/922/3708 853/921/3709 1080/1125/3710
f 859/928/3711 860/908/3712 855/1487/3713 1081/1126/3714
f 855/907/3715 856/909/3716 857/918/3717 1081/1126/3718
f 857/918/3719 858/919/3720 859/928/3721 1081/1126/3722
f 867/684/3723 861/685/3724 862/1485/3725 1082/1486/3726
f 862/930/3727 863/929/3728 864/1225/3729 1082/1226/3730
f 864/934/3731 865/319/3732 868/337/3733 1082/1127/3734
f 868/337/3735 866/290/3736 867/1227/3737 1082/1127/3738
f 875/911/3739 869/912/3740 870/1483/3741 1083/1484/3742
f 870/926/3743 871/416/3744 872/1222/3745 1083/1223/3746
f 872/415/3747 873/291/3748 876/340/3749 1083/1128/3750
f 876/340/3751 874/316/3752 875/1224/3753 1083/1128/3754
f 881/941/3755 882/680/3756 877/1482/3757 1084/1129/3758
f 877/679/3759 878/682/3760 879/938/3761 1084/1129/3762
f 879/938/3763 880/937/3764 881/941/3765 1084/1129/3766
f 887/939/3767 888/693/3768 883/1481/3769 1085/1130/3770
f 883/692/3771 884/695/3772 885/944/3773 1085/1130/3774
f 885/944/3775 886/940/3776 887/939/3777 1085/1130/3778
f 893/945/3779 894/947/3780 889/1480/3781 1086/1131/3782
f 889/949/3783 890/948/3784 891/951/3785 1086/1131/3786
f 891/951/3787 892/946/3788 893/945/3789 1086/1131/3790
f 899/952/3791 900/932/3792 895/1479/3793 1087/1132/3794
f 895/931/3795 896/933/3796 897/942/3797 1087/1132/3798
f 897/942/3799 898/943/3800 899/952/3801 1087/1132/3802
f 907/507/3803 901/508/3804 902/1477/3805 1088/1478/3806
f 902/954/3807 903/953/3808 904/1219/3809 1088/1220/3810
f 904/958/3811 905/321/3812 908/348/3813 1088/1133/3814
f 908/348/3815 906/294/3816 907/1221/3817 1088/1133/3818
f 915/935/3819 909/936/3820 910/1475/3821 1089/1476/3822
f 910/950/3823 911/698/3824 912/1216/3825 1089/1217/3826
f 912/697/3827 913/295/3828 916/1135/3829 1089/1134/3830
f 916/1135/3831 914/320/3832 915/1218/3833 1089/1134/3834
f 921/969/3835 922/964/3836 917/1474/3837 1090/1136/3838
f 917/962/3839 918/961/3840 919/966/3841 1090/1136/3842
f 919/966/3843 920/965/3844 921/969/3845 1090/1136/3846
f 927/967/3847 928/956/3848 923/1473/3849 1091/1137/3850
f 923/955/3851 924/957/3852 925/972/3853 1091/1137/3854
f 925/972/3855 926/968/3856 927/967/3857 1091/1137/3858
f 933/973/3859 934/504/3860 929/1472/3861 1092/1138/3862
f 929/503/3863 930/505/3864 931/975/3865 1092/1138/3866
f 931/975/3867 932/974/3868 933/973/3869 1092/1138/3870
f 939/976/3871 940/490/3872 935/1471/3873 1093/1139/3874
f 935/489/3875 936/492/3876 937/970/3877 1093/1139/3878
f 937/970/3879 938/971/3880 939/976/3881 1093/1139/3882
f 947/959/3883 941/960/3884 942/1469/3885 1094/1470/3886
f 942/963/3887 943/500/3888 944/1213/3889 1094/1214/3890
f 944/499/3891 945/299/3892 948/1141/3893 1094/1140/3894
f 948/1141/3895 946/322/3896 947/1215/3897 1094/1140/3898
f 955/819/3899 949/820/3900 950/1467/3901 1095/1468/3902
f 950/978/3903 951/977/3904 952/1210/3905 1095/1211/3906
f 952/982/3907 953/325/3908 956/342/3909 1095/1142/3910
f 956/342/3911 954/298/3912 955/1212/3913 1095/1142/3914
f 961/993/3915 962/988/3916 957/1466/3917 1096/1143/3918
f 957/986/3919 958/985/3920 959/990/3921 1096/1143/3922
f 959/990/3923 960/989/3924 961/993/3925 1096/1143/3926
f 967/996/3927 968/800/3928 963/1465/3929 1097/1144/3930
f 963/799/3931 964/802/3932 965/994/3933 1097/1144/3934
f 965/994/3935 966/995/3936 967/996/3937 1097/1144/3938
f 973/991/3939 974/980/3940 969/1464/3941 1098/1145/3942
f 969/979/3943 970/981/3944 971/999/3945 1098/1145/3946
f 971/999/3947 972/992/3948 973/991/3949 1098/1145/3950
f 979/1000/3951 980/816/3952 975/1463/3953 1099/1146/3954
f 975/815/3955 976/817/3956 977/997/3957 1099/1146/3958
f 977/997/3959 978/998/3960 979/1000/3961 1099/1146/3962
f 987/983/3963 981/984/3964 982/1461/3965 1100/1462/3966
f 982/987/3967 983/810/3968 984/1207/3969 1100/1208/3970
f 984/809/3971 985/812/3972 988/1148/3973 1100/1147/3974
f 988/1148/3975 986/326/3976 987/1209/3977 1100/1147/3978
f 1105/1151/3979 1104/1152/3980 1125/1153/3981 1124/1154/3982
f 1104/1152/3983 1103/1155/3984 1126/1156/3985 1125/1153/3986
f 1113/1159/3987 1112/1160/3988 1115/1161/3989 1114/1162/3990
f 1112/1160/3991 1111/1163/3992 1116/1164/3993 1115/1161/3994
f 209/355/3995 218/358/3996 1117/1183/3997 1101/1149/3998
f 1118/1165/3999 225/379/4000 234/382/4001 1119/1166/4002
f 1121/1168/4003 249/408/4004 242/407/4005 1120/1167/4006
f 1120/1167/4007 242/407/4008 244/1010/4009
f 1122/1184/4010 266/437/4011 268/1015/4012
f 1105/1151/4013 1124/1154/4014 289/462/4015 282/461/4016
f 1129/1171/4017 321/493/4018 330/496/4019 1130/1172/4020
f 1128/1170/4021 369/550/4022 362/549/4023 1127/1169/4024
f 1131/1173/4025 377/559/4026 386/562/4027 1132/1174/4028
f 1134/1176/4029 425/610/4030 418/609/4031 1133/1175/4032
f 1133/1175/4033 418/609/4034 420/1046/4035
f 1135/1185/4036 442/456/4037 444/1051/4038
f 1137/1177/4039 457/639/4040 466/642/4041 1138/1178/4042
f 1140/1180/4043 505/690/4044 498/689/4045 1139/1179/4046
f 1130/1172/4047 330/496/4048 332/1028/4049
f 1138/1178/4050 466/642/4051 468/1056/4052
f 1139/1179/4053 498/689/4054 500/1062/4055
f 1119/1166/4056 234/382/4057 236/1008/4058
f 1141/1186/4059 545/438/4060 266/437/4061 1122/1184/4062
f 1123/1187/4063 585/740/4064 578/739/4065 1142/1188/4066
f 1142/1188/4067 578/739/4068 580/1077/4069
f 1132/1174/4070 386/562/4071 388/1040/4072
f 1143/1189/4073 281/453/4074 442/456/4075 1135/1185/4076
f 1136/1190/4077 641/776/4078 634/775/4079 1144/1191/4080
f 1127/1169/4081 362/549/4082 364/1034/4083
f 1146/1192/4084 682/806/4085 684/1098/4086
f 1148/1193/4087 673/803/4088 682/806/4089 1146/1192/4090
f 1145/1194/4091 657/364/4092 210/363/4093 1147/1195/4094
f 633/767/4095 714/770/4096 1152/1197/4097 1113/1159/4098
f 1109/1157/4099 1149/1158/4100 985/812/4101 674/811/4102
f 1149/1158/4103 988/1148/4104 985/812/4105
f 1154/1198/4106 1110/1199/4107 676/1096/4108
f 1114/1162/4109 636/1087/4110 633/767/4111 1113/1159/4112
f 1102/1150/4113 212/1002/4114 209/355/4115 1101/1149/4116
f 1157/1200/4117 284/1018/4118 281/453/4119 1143/1189/4120
f 716/1104/4121 1152/1197/4122 714/770/4123
f 1103/1155/4124 1104/1152/4125 1107/1201/4126 1106/1181/4127
f 1104/1152/4128 1105/1151/4129 1108/1202/4130 1107/1201/4131
f 1106/1181/4132 1107/1201/4133 1156/1376/4134 1155/1182/4135
f 1107/1201/4136 1108/1202/4137 1157/1200/4138 1156/1376/4139
f 1111/1163/4140 1112/1160/4141 1151/1203/4142 1150/1196/4143
f 1112/1160/4144 1113/1159/4145 1152/1197/4146 1151/1203/4147
f 1124/1154/4148 1125/1153/4149 1151/1203/4150 1152/1197/4151
f 1125/1153/4152 1126/1156/4153 1150/1196/4154 1151/1203/4155
f 1114/1162/4156 1115/1161/4157 1159/1204/4158 1160/1205/4159
f 1115/1161/4160 1116/1164/4161 1158/1375/4162 1159/1204/4163
f 210/363/4164 212/1002/4165 1153/1206/4166 1147/1195/4167
f 1153/1206/4168 212/1002/4169 1102/1150/4170
f 676/1096/4171 1110/1199/4172 1109/1157/4173 674/811/4174
f 1154/1198/4175 676/1096/4176 673/803/4177 1148/1193/4178
f 1160/1205/4179 1144/1191/4180 634/775/4181 636/1087/4182
f 1160/1205/4183 636/1087/4184 1114/1162/4185
f 282/461/4186 284/1018/4187 1108/1202/4188 1105/1151/4189
f 1108/1202/4190 284/1018/4191 1157/1200/4192
f 988/1148/4193 220/1004/4194 217/327/4195 986/326/4196
f 220/1004/4197 1117/1183/4198 218/358/4199
f 1149/1158/4200 1117/1183/4201 220/1004/4202 988/1148/4203
f 956/342/4204 948/1141/4205 945/299/4206 954/298/4207
f 948/1141/4208 652/1091/4209 649/323/4210 946/322/4211
f 956/342/4212 668/341/4213 652/1091/4214 948/1141/4215
f 652/1091/4216 668/341/4217 665/275/4218 650/274/4219
f 906/294/4220 908/348/4221 916/1135/4222 913/295/4223
f 916/1135/4224 524/1067/4225 521/317/4226 914/320/4227
f 524/1067/4228 516/347/4229 513/263/4230 522/262/4231
f 916/1135/4232 908/348/4233 516/347/4234 524/1067/4235
f 540/339/4236 532/338/4237 529/267/4238 538/266/4239
f 876/340/4240 540/339/4241 537/313/4242 874/316/4243
f 868/337/4244 876/340/4245 873/291/4246 866/290/4247
f 530/318/4248 532/338/4249 868/337/4250 865/319/4251
f 276/331/4252 260/330/4253 257/255/4254 274/254/4255
f 836/332/4256 276/331/4257 273/311/4258 834/310/4259
f 828/329/4260 836/332/4261 833/287/4262 826/286/4263
f 258/314/4264 260/330/4265 828/329/4266 825/315/4267
f 604/346/4268 596/345/4269 593/271/4270 602/270/4271
f 796/343/4272 604/346/4273 601/305/4274 794/308/4275
f 786/282/4276 788/344/4277 796/343/4278 793/283/4279
f 596/345/4280 788/344/4281 785/309/4282 594/312/4283
f 452/335/4284 436/334/4285 433/259/4286 450/258/4287
f 756/336/4288 452/335/4289 449/303/4290 754/302/4291
f 748/333/4292 756/336/4293 753/279/4294 746/278/4295
f 434/306/4296 436/334/4297 748/333/4298 745/307/4299
f 1124/1154/4300 292/1020/4301 289/462/4302
f 290/304/4303 292/1020/4304 716/1104/4305 713/301/4306
f 1146/1192/4307 684/1098/4308 324/1026/4309 1129/1171/4310
f 1129/1171/4311 324/1026/4312 321/493/4313
f 1130/1172/4314 332/1028/4315 508/1064/4316 1140/1180/4317
f 1140/1180/4318 508/1064/4319 505/690/4320
f 1139/1179/4321 500/1062/4322 252/1012/4323 1121/1168/4324
f 1121/1168/4325 252/1012/4326 249/408/4327
f 1120/1167/4328 244/1010/4329 588/1079/4330 1123/1187/4331
f 1123/1187/4332 588/1079/4333 585/740/4334
f 1142/1188/4335 580/1077/4336 428/1048/4337 1134/1176/4338
f 1134/1176/4339 428/1048/4340 425/610/4341
f 1133/1175/4342 420/1046/4343 644/1089/4344 1136/1190/4345
f 1136/1190/4346 644/1089/4347 641/776/4348
f 1145/1194/4349 660/1093/4350 657/364/4351
f 660/1093/4352 364/1034/4353 361/273/4354 658/276/4355
f 1128/1170/4356 372/1036/4357 369/550/4358
f 372/1036/4359 468/1056/4360 465/261/4361 370/264/4362
f 1137/1177/4363 460/1054/4364 457/639/4365
f 460/1054/4366 236/1008/4367 233/265/4368 458/268/4369
f 1118/1165/4370 228/1006/4371 225/379/4372
f 228/1006/4373 268/1015/4374 265/253/4375 226/256/4376
f 1141/1186/4377 548/1071/4378 545/438/4379
f 548/1071/4380 388/1040/4381 385/269/4382 546/272/4383
f 1131/1173/4384 380/1038/4385 377/559/4386
f 380/1038/4387 444/1051/4388 441/257/4389 378/260/4390
f 508/1064/4391 332/1028/4392 329/293/4393 506/296/4394
f 324/1026/4395 684/1098/4396 681/297/4397 322/300/4398
f 252/1012/4399 500/1062/4400 497/289/4401 250/292/4402
f 588/1079/4403 244/1010/4404 241/285/4405 586/288/4406
f 428/1048/4407 580/1077/4408 577/281/4409 426/284/4410
f 644/1089/4411 420/1046/4412 417/277/4413 642/280/4414
f 716/1104/4415 292/1020/4416 1124/1154/4417 1152/1197/4418
f 1135/1185/4419 444/1051/4420 380/1038/4421 1131/1173/4422
f 1132/1174/4423 388/1040/4424 548/1071/4425 1141/1186/4426
f 1122/1184/4427 268/1015/4428 228/1006/4429 1118/1165/4430
f 1119/1166/4431 236/1008/4432 460/1054/4433 1137/1177/4434
f 1138/1178/4435 468/1056/4436 372/1036/4437 1128/1170/4438
f 1127/1169/4439 364/1034/4440 660/1093/4441 1145/1194/4442
g default
v -418.444458 272.724396 336.422607
v -411.086670 270.893982 336.422607
v -411.086670 272.724396 342.203674
v -411.086670 277.143402 344.598267
v -418.444458 277.143402 342.203674
v -421.492065 277.143402 336.422607
v 418.444458 272.724396 336.422607
v 421.492065 277.143402 336.422607
v 418.444458 277.143402 342.203674
v 411.086426 277.143402 344.598267
v 411.086426 272.724396 342.203674
v 411.086426 270.893982 336.422607
v 418.444458 298.133514 336.422607
v 411.086426 299.963928 336.422607
v 411.086426 298.133514 342.203674
v 411.086426 293.714508 344.598267
v 418.444458 293.714508 342.203674
v 421.492065 293.714508 336.422607
v -418.444458 298.133514 336.422607
v -421.492065 293.714508 336.422607
v -418.444458 293.714508 342.203674
v -411.086670 293.714508 344.598267
v -411.086670 298.133514 342.203674
v -411.086670 299.963928 336.422607
v 411.086426 299.963928 263.672821
v 418.444458 298.133514 263.672821
v 421.492065 293.714508 263.672821
v -421.492065 293.714508 263.672821
v -418.444458 298.133514 263.672821
v -411.086670 299.963928 263.672821
v 418.444458 272.724396 263.672821
v 411.086426 270.893982 263.672821
v 421.492065 277.143402 263.672821
v -418.444458 272.724396 263.672821
v -421.492065 277.143402 263.672821
v -411.086670 270.893982 263.672821
v -417.092041 273.536530 341.141174
v 417.092163 273.536530 341.141174
v 417.092163 297.321381 341.141174
v -417.092041 297.321381 341.141174
vt -0.009517 0.996034
vt -1.236576 0.831630
vt -0.015110 0.942438
vt -0.009519 0.942439
vt -1.255794 0.867860
vt -0.019069 0.942437
vt -1.197107 0.867860
vt -1.197107 0.852249
vt 2.254047 0.852249
vt 2.254047 0.867860
vt 0.596168 0.996034
vt -1.224258 0.867860
vt -1.224258 0.943086
vt 1.242642 0.996029
vt -1.197107 0.943086
vt 0.605708 0.996035
vt 2.295442 0.831630
vt 0.601754 0.942440
vt 0.605709 0.942440
vt 0.596168 0.942440
vt 2.281529 0.867860
vt 2.281529 0.943086
vt 2.254047 0.943086
vt 0.617920 0.996034
vt 0.627456 0.996033
vt 2.295391 0.979894
vt 0.621873 0.942441
vt 0.627456 0.942442
vt 0.617919 0.942440
vt 2.254047 0.959246
vt -1.197107 0.959246
vt 1.233107 0.996032
vt -1.238777 0.979894
vt 1.238689 0.942444
vt 1.242642 0.942443
vt 1.233107 0.942443
vt -1.224258 0.852249
vt 2.281529 0.852249
vt 2.281529 0.959246
vt -1.224258 0.959246
vt 1.238690 0.996030
vt -1.197107 0.979894
vt -1.255794 0.943086
vt 2.254047 0.979894
vt 0.621873 0.996034
vt 2.312846 0.943086
vt 2.312846 0.867860
vt 0.601753 0.996034
vt 2.254047 0.831630
vt -0.019065 0.996028
vt -1.197107 0.831630
vt -0.015108 0.996031
vt -0.031277 0.942438
vt -0.031275 0.996021
vn -0.241414 -0.970422 0.000000
vn -0.241414 -0.970422 0.000000
vn -0.241414 -0.970422 0.000000
vn -0.241414 -0.970422 0.000000
vn -0.823207 -0.567741 0.000000
vn -0.823207 -0.567741 0.000000
vn -0.823207 -0.567741 0.000000
vn -0.823207 -0.567741 0.000000
vn 0.000000 -0.476431 0.879212
vn 0.000000 -0.476431 0.879212
vn 0.000000 -0.476431 0.879212
vn 0.000000 -0.476431 0.879212
vn 0.000000 -0.953354 0.301854
vn 0.000000 -0.953354 0.301854
vn 0.000000 -0.953354 0.301854
vn 0.000000 -0.953354 0.301854
vn -0.884607 0.000000 0.466338
vn -0.884607 0.000000 0.466338
vn -0.884607 0.000000 0.466338
vn -0.884607 0.000000 0.466338
vn -0.309473 0.000000 0.950908
vn -0.309473 0.000000 0.950908
vn -0.309473 0.000000 0.950908
vn -0.309473 0.000000 0.950908
vn 0.823212 -0.567735 0.000000
vn 0.823212 -0.567735 0.000000
vn 0.823212 -0.567735 0.000000
vn 0.823212 -0.567735 0.000000
vn 0.241407 -0.970424 0.000000
vn 0.241407 -0.970424 0.000000
vn 0.241407 -0.970424 0.000000
vn 0.241407 -0.970424 0.000000
vn 0.309463 0.000000 0.950911
vn 0.309463 0.000000 0.950911
vn 0.309463 0.000000 0.950911
vn 0.309463 0.000000 0.950911
vn 0.884607 0.000000 0.466338
vn 0.884607 0.000000 0.466338
vn 0.884607 0.000000 0.466338
vn 0.884607 0.000000 0.466338
vn 0.241407 0.970424 0.000000
vn 0.241407 0.970424 0.000000
vn 0.241407 0.970424 0.000000
vn 0.241407 0.970424 0.000000
vn 0.823212 0.567735 0.000000
vn 0.823212 0.567735 0.000000
vn 0.823212 0.567735 0.000000
vn 0.823212 0.567735 0.000000
vn 0.000000 0.476431 0.879212
vn 0.000000 0.476431 0.879212
vn 0.000000 0.476431 0.879212
vn 0.000000 0.476431 0.879212
vn 0.000000 0.953355 0.301851
vn 0.000000 0.953355 0.301851
vn 0.000000 0.953355 0.301851
vn 0.000000 0.953355 0.301851
vn -0.823207 0.567741 0.000000
vn -0.823207 0.567741 0.000000
vn -0.823207 0.567741 0.000000
vn -0.823207 0.567741 0.000000
vn -0.241414 0.970422 0.000000
vn -0.241414 0.970422 0.000000
vn -0.241414 0.970422 0.000000
vn -0.241414 0.970422 0.000000
vn 0.000000 0.000000 1.000000
vn 0.000000 0.000000 1.000000
vn 0.000000 0.000000 1.000000
vn 0.000000 0.000000 1.000000
vn 0.000000 1.000000 0.000000
vn 0.000000 1.000000 0.000000
vn 0.000000 1.000000 0.000000
vn 0.000000 1.000000 0.000000
vn 0.000000 -1.000000 0.000000
vn 0.000000 -1.000000 0.000000
vn 0.000000 -1.000000 0.000000
vn 0.000000 -1.000000 0.000000
vn 1.000000 0.000000 0.000000
vn 1.000000 0.000000 0.000000
vn 1.000000 0.000000 0.000000
vn 1.000000 0.000000 0.000000
vn -1.000000 0.000000 0.000000
vn -1.000000 0.000000 0.000000
vn -1.000000 0.000000 0.000000
vn -1.000000 0.000000 0.000000
vn -0.793194 -0.483814 0.369821
vn -0.793194 -0.483814 0.369821
vn -0.793194 -0.483814 0.369821
vn -0.793194 -0.483814 0.369821
vn -0.207264 -0.942049 0.263790
vn -0.207264 -0.942049 0.263790
vn -0.207264 -0.942049 0.263790
vn -0.207264 -0.942049 0.263790
vn -0.251234 -0.418307 0.872869
vn -0.251234 -0.418307 0.872869
vn -0.251234 -0.418307 0.872869
vn -0.251234 -0.418307 0.872869
vn 0.207255 -0.942052 0.263788
vn 0.207255 -0.942052 0.263788
vn 0.207255 -0.942052 0.263788
vn 0.207255 -0.942052 0.263788
vn 0.793204 -0.483802 0.369815
vn 0.793204 -0.483802 0.369815
vn 0.793204 -0.483802 0.369815
vn 0.793204 -0.483802 0.369815
vn 0.251224 -0.418310 0.872871
vn 0.251224 -0.418310 0.872871
vn 0.251224 -0.418310 0.872871
vn 0.251224 -0.418310 0.872871
vn 0.793203 0.483803 0.369815
vn 0.793203 0.483803 0.369815
vn 0.793203 0.483803 0.369815
vn 0.793203 0.483803 0.369815
vn 0.207254 0.942052 0.263786
vn 0.207254 0.942052 0.263786
vn 0.207254 0.942052 0.263786
vn 0.207254 0.942052 0.263786
vn 0.251223 0.418309 0.872871
vn 0.251223 0.418309 0.872871
vn 0.251223 0.418309 0.872871
vn 0.251223 0.418309 0.872872
vn -0.207265 0.942048 0.263794
vn -0.207265 0.942048 0.263794
vn -0.207265 0.942048 0.263794
vn -0.207265 0.942048 0.263794
vn -0.793190 0.483821 0.369820
vn -0.793190 0.483821 0.369820
vn -0.793190 0.483821 0.369819
vn -0.793190 0.483821 0.369820
vn -0.251235 0.418308 0.872868
vn -0.251235 0.418308 0.872868
vn -0.251235 0.418308 0.872868
vn -0.251235 0.418308 0.872868
s off
g textureEditorIsolateSelectSet S_U_11 Friezes_02
usemtl aiStandardSurface1SG
f 1162/1545/4443 1161/1596/4444 1194/1547/4445 1196/1548/4446
f 1161/1596/4447 1166/1594/4448 1195/1550/4449 1194/1547/4450
g S_U_11 Friezes_02
f 1164/1551/4451 1163/1552/4452 1171/1553/4453 1170/1554/4454
f 1163/1552/4455 1162/1595/4456 1172/1593/4457 1171/1553/4458
f 1166/1549/4459 1165/1556/4460 1181/1557/4461 1180/1587/4462
f 1165/1556/4463 1164/1551/4464 1182/1559/4465 1181/1557/4466
g textureEditorIsolateSelectSet S_U_11 Friezes_02
f 1168/1560/4467 1167/1592/4468 1191/1562/4469 1193/1563/4470
f 1167/1592/4471 1172/1555/4472 1192/1564/4473 1191/1562/4474
g S_U_11 Friezes_02
f 1170/1554/4475 1169/1565/4476 1177/1566/4477 1176/1567/4478
f 1169/1565/4479 1168/1591/4480 1178/1590/4481 1177/1566/4482
g textureEditorIsolateSelectSet S_U_11 Friezes_02
f 1174/1569/4483 1173/1589/4484 1186/1571/4485 1185/1572/4486
f 1173/1589/4487 1178/1568/4488 1187/1573/4489 1186/1571/4490
g S_U_11 Friezes_02
f 1176/1567/4491 1175/1574/4492 1183/1575/4493 1182/1559/4494
f 1175/1574/4495 1174/1588/4496 1184/1586/4497 1183/1575/4498
g textureEditorIsolateSelectSet S_U_11 Friezes_02
f 1180/1558/4499 1179/1585/4500 1189/1578/4501 1188/1579/4502
f 1179/1585/4503 1184/1576/4504 1190/1580/4505 1189/1578/4506
g S_U_11 Friezes_02
f 1164/1551/4507 1170/1554/4508 1176/1567/4509 1182/1559/4510
g textureEditorIsolateSelectSet S_U_11 Friezes_02
f 1184/1576/4511 1174/1569/4512 1185/1572/4513 1190/1580/4514
f 1196/1548/4515 1192/1564/4516 1172/1555/4517 1162/1545/4518
f 1168/1560/4519 1193/1563/4520 1187/1573/4521 1178/1568/4522
f 1195/1550/4523 1166/1594/4524 1180/1598/4525 1188/1597/4526
g S_U_11 Friezes_02
f 1165/1556/4527 1166/1549/4528 1161/1546/4529 1197/1581/4530
f 1161/1546/4531 1162/1595/4532 1163/1552/4533 1197/1581/4534
f 1163/1552/4535 1164/1551/4536 1165/1556/4537 1197/1581/4538
f 1171/1553/4539 1172/1593/4540 1167/1561/4541 1198/1582/4542
f 1167/1561/4543 1168/1591/4544 1169/1565/4545 1198/1582/4546
f 1169/1565/4547 1170/1554/4548 1171/1553/4549 1198/1582/4550
f 1177/1566/4551 1178/1590/4552 1173/1570/4553 1199/1583/4554
f 1173/1570/4555 1174/1588/4556 1175/1574/4557 1199/1583/4558
f 1175/1574/4559 1176/1567/4560 1177/1566/4561 1199/1583/4562
f 1183/1575/4563 1184/1586/4564 1179/1577/4565 1200/1584/4566
f 1179/1577/4567 1180/1587/4568 1181/1557/4569 1200/1584/4570
f 1181/1557/4571 1182/1559/4572 1183/1575/4573 1200/1584/4574
g default
v -420.550232 285.445374 325.119019
v 420.550232 285.445374 325.119019
v -420.550232 497.394958 325.119019
v 420.550232 497.394958 325.119019
vt 2.288281 1.061770
vt -1.288281 1.061769
vt -1.288281 0.160508
vt 2.288281 0.160509
vn 0.000000 0.000000 1.000000
vn 0.000000 0.000000 1.000000
vn 0.000000 0.000000 1.000000
vn 0.000000 0.000000 1.000000
s off
g S_U_11 Wall_Sculptures_08
usemtl aiStandardSurface8SG
f 1201/1599/4575 1202/1600/4576 1204/1601/4577 1203/1602/4578
g default
v -137.210556 1.203386 307.848511
v -142.513580 1.203386 302.545471
v -149.757645 1.203386 300.604462
v -157.001709 1.203386 302.545471
v -162.304733 1.203386 307.848511
v -164.245773 1.203386 315.092590
v -162.304733 1.203386 322.336639
v -157.001709 1.203386 327.639679
v -149.757645 1.203386 329.580688
v -142.513580 1.203386 327.639679
v -137.210556 1.203386 322.336639
v -135.269531 1.203386 315.092590
v -137.210556 271.150574 307.848511
v -142.513580 271.150574 302.545471
v -149.757645 271.150574 300.604462
v -157.001709 271.150574 302.545471
v -162.304733 271.150574 307.848511
v -164.245773 271.150574 315.092590
v -162.304733 271.150574 322.336639
v -157.001709 271.150574 327.639679
v -149.757645 271.150574 329.580688
v -142.513580 271.150574 327.639679
v -137.210556 271.150574 322.336639
v -135.269531 271.150574 315.092590
vt 0.966509 0.020640
vt 0.980315 0.020640
vt 0.980335 0.517588
vt 0.966528 0.517588
vt 0.994121 0.020639
vt 0.828468 0.517594
vt 0.842254 0.020645
vt 0.842274 0.517593
vt 0.856060 0.020645
vt 0.856080 0.517593
vt 0.869866 0.020644
vt 0.869886 0.517592
vt 0.883672 0.020643
vt 0.883692 0.517592
vt 0.897478 0.020643
vt 0.897498 0.517591
vt 0.911284 0.020642
vt 0.911304 0.517590
vt 0.925091 0.020642
vt 0.925110 0.517590
vt 0.938897 0.020641
vt 0.938916 0.517589
vt 0.952703 0.020641
vt 0.952722 0.517589
vt 0.828448 0.020646
vt 0.994141 0.517587
vn 0.866026 0.000000 -0.499999
vn 0.499999 0.000000 -0.866026
vn 0.499999 0.000000 -0.866026
vn 0.866026 0.000000 -0.499999
vn 0.000000 0.000000 -1.000000
vn 0.000000 0.000000 -1.000000
vn -0.499999 0.000000 -0.866026
vn -0.499999 0.000000 -0.866026
vn -0.866026 0.000000 -0.500000
vn -0.866026 0.000000 -0.500000
vn -1.000000 0.000000 0.000000
vn -1.000000 0.000000 0.000000
vn -0.866026 0.000000 0.500000
vn -0.866026 0.000000 0.500000
vn -0.499999 0.000000 0.866026
vn -0.499999 0.000000 0.866026
vn 0.000000 0.000000 1.000000
vn 0.000000 0.000000 1.000000
vn 0.499999 0.000000 0.866026
vn 0.499999 0.000000 0.866026
vn 0.866026 0.000000 0.499999
vn 0.866026 0.000000 0.499999
vn 1.000000 0.000000 0.000000
vn 1.000000 0.000000 0.000000
s 1
g S_U_11 pCylinder2
usemtl aiStandardSurface1SG1
f 1205/1603/4579 1206/1604/4580 1218/1605/4581 1217/1606/4582
f 1206/1604/4580 1207/1607/4583 1219/1628/4584 1218/1605/4581
f 1207/1627/4583 1208/1609/4585 1220/1610/4586 1219/1608/4584
f 1208/1609/4585 1209/1611/4587 1221/1612/4588 1220/1610/4586
f 1209/1611/4587 1210/1613/4589 1222/1614/4590 1221/1612/4588
f 1210/1613/4589 1211/1615/4591 1223/1616/4592 1222/1614/4590
f 1211/1615/4591 1212/1617/4593 1224/1618/4594 1223/1616/4592
f 1212/1617/4593 1213/1619/4595 1225/1620/4596 1224/1618/4594
f 1213/1619/4595 1214/1621/4597 1226/1622/4598 1225/1620/4596
f 1214/1621/4597 1215/1623/4599 1227/1624/4600 1226/1622/4598
f 1215/1623/4599 1216/1625/4601 1228/1626/4602 1227/1624/4600
f 1216/1625/4601 1205/1603/4579 1217/1606/4582 1228/1626/4602
g default
v -331.017334 1.203384 307.848541
v -336.320374 1.203384 302.545502
v -343.564423 1.203384 300.604462
v -350.808472 1.203384 302.545502
v -356.111511 1.203384 307.848541
v -358.052551 1.203384 315.092590
v -356.111511 1.203384 322.336639
v -350.808472 1.203384 327.639679
v -343.564423 1.203384 329.580719
v -336.320374 1.203384 327.639679
v -331.017334 1.203384 322.336639
v -329.076294 1.203384 315.092590
v -331.017334 271.150574 307.848541
v -336.320374 271.150574 302.545502
v -343.564423 271.150574 300.604462
v -350.808472 271.150574 302.545502
v -356.111511 271.150574 307.848541
v -358.052551 271.150574 315.092590
v -356.111511 271.150574 322.336639
v -350.808472 271.150574 327.639679
v -343.564423 271.150574 329.580719
v -336.320374 271.150574 327.639679
v -331.017334 271.150574 322.336639
v -329.076294 271.150574 315.092590
vt 0.730532 0.661175
vt 0.730531 0.674981
vt 0.233583 0.674936
vt 0.233584 0.661130
vt 0.730530 0.688787
vt 0.233596 0.523069
vt 0.730544 0.536920
vt 0.233595 0.536875
vt 0.730542 0.550726
vt 0.233594 0.550681
vt 0.730541 0.564532
vt 0.233593 0.564487
vt 0.730539 0.578338
vt 0.233592 0.578293
vt 0.730538 0.592144
vt 0.233590 0.592099
vt 0.730537 0.605950
vt 0.233589 0.605906
vt 0.730536 0.619756
vt 0.233588 0.619712
vt 0.730534 0.633562
vt 0.233587 0.633518
vt 0.730533 0.647369
vt 0.233585 0.647324
vt 0.730545 0.523114
vt 0.233582 0.688742
vn 0.866025 0.000000 -0.500000
vn 0.500000 0.000000 -0.866025
vn 0.500000 0.000000 -0.866025
vn 0.866025 0.000000 -0.500000
vn 0.000000 0.000000 -1.000000
vn 0.000000 0.000000 -1.000000
vn -0.500000 0.000000 -0.866025
vn -0.500000 0.000000 -0.866025
vn -0.866025 0.000000 -0.500000
vn -0.866025 0.000000 -0.500000
vn -1.000000 0.000000 0.000000
vn -1.000000 0.000000 0.000000
vn -0.866025 0.000000 0.500001
vn -0.866025 0.000000 0.500001
vn -0.500000 0.000000 0.866025
vn -0.500000 0.000000 0.866025
vn 0.000000 0.000000 1.000000
vn 0.000000 0.000000 1.000000
vn 0.500000 0.000000 0.866025
vn 0.500000 0.000000 0.866025
vn 0.866025 0.000000 0.500001
vn 0.866025 0.000000 0.500001
vn 1.000000 0.000000 0.000000
vn 1.000000 0.000000 0.000000
s 1
g S_U_11 pCylinder1
usemtl aiStandardSurface1SG1
f 1229/1629/4603 1230/1630/4604 1242/1631/4605 1241/1632/4606
f 1230/1630/4604 1231/1633/4607 1243/1654/4608 1242/1631/4605
f 1231/1653/4607 1232/1635/4609 1244/1636/4610 1243/1634/4608
f 1232/1635/4609 1233/1637/4611 1245/1638/4612 1244/1636/4610
f 1233/1637/4611 1234/1639/4613 1246/1640/4614 1245/1638/4612
f 1234/1639/4613 1235/1641/4615 1247/1642/4616 1246/1640/4614
f 1235/1641/4615 1236/1643/4617 1248/1644/4618 1247/1642/4616
f 1236/1643/4617 1237/1645/4619 1249/1646/4620 1248/1644/4618
f 1237/1645/4619 1238/1647/4621 1250/1648/4622 1249/1646/4620
f 1238/1647/4621 1239/1649/4623 1251/1650/4624 1250/1648/4622
f 1239/1649/4623 1240/1651/4625 1252/1652/4626 1251/1650/4624
f 1240/1651/4625 1229/1629/4603 1241/1632/4606 1252/1652/4626
