# This file uses centimeters as units for non-parametric coordinates.

mtllib SU14.mtl
g default
v -654.473938 291.629822 175.303131
v -651.599915 290.439362 175.303131
v -651.599915 291.629822 178.177155
v -651.599915 294.503815 179.367584
v -654.473938 294.503815 178.177155
v -655.664368 294.503815 175.303131
v 782.898010 291.629822 175.303131
v 784.088440 294.503815 175.303131
v 782.898010 294.503815 178.177155
v 780.023987 294.503815 179.367584
v 780.023987 291.629822 178.177155
v 780.023987 290.439362 175.303131
v -654.473938 305.508331 175.303131
v -655.664368 302.634338 175.303131
v -654.473938 302.634338 178.177155
v -651.599915 302.634338 179.367584
v -651.599915 305.508331 178.177155
v -651.599915 306.698792 175.303131
v 782.898010 305.508331 175.303131
v 780.023987 306.698792 175.303131
v 780.023987 305.508331 178.177155
v 780.023987 302.634338 179.367584
v 782.898010 302.634338 178.177155
v 784.088440 302.634338 175.303131
v -654.473938 302.634338 -207.553925
v -655.664368 302.634338 -204.679901
v -654.473938 305.508331 -204.679901
v -651.599915 306.698792 -204.679901
v -651.599915 305.508331 -207.553925
v -651.599915 302.634338 -208.744354
v 782.898010 302.634338 -207.553925
v 780.023987 302.634338 -208.744354
v 780.023987 305.508331 -207.553925
v 780.023987 306.698792 -204.679901
v 782.898010 305.508331 -204.679901
v 784.088440 302.634338 -204.679901
v -654.473938 291.629822 -204.679901
v -655.664368 294.503815 -204.679901
v -654.473938 294.503815 -207.553925
v -651.599915 294.503815 -208.744354
v -651.599915 291.629822 -207.553925
v -651.599915 290.439362 -204.679901
v 782.898010 291.629822 -204.679901
v 780.023987 290.439362 -204.679901
v 780.023987 291.629822 -207.553925
v 780.023987 294.503815 -208.744354
v 782.898010 294.503815 -207.553925
v 784.088440 294.503815 -204.679901
v -653.945618 292.158020 177.648926
v 782.369690 292.158020 177.648926
v -653.945618 304.980133 177.648926
v 782.369690 304.980133 177.648926
v -653.945618 304.980133 -207.025696
v 782.369690 304.980133 -207.025696
v -653.945618 292.158020 -207.025696
v 782.369690 292.158020 -207.025696
vt 0.629519 0.869370
vt 0.630032 0.869356
vt 0.630024 0.932074
vt 0.629512 0.932061
vt 0.688441 0.896482
vt 0.688412 0.897425
vt 0.573130 0.897414
vt 0.573068 0.896472
vt 0.689554 0.898459
vt 0.689582 0.899403
vt 0.255094 0.899393
vt 0.255155 0.898450
vt 0.629533 0.868857
vt 0.393327 0.869340
vt 0.393313 0.868827
vt 0.689353 0.897398
vt 0.690494 0.895963
vt 0.688413 0.899894
vt 0.689554 0.895990
vt 0.253352 0.898449
vt 0.253414 0.899392
vt 0.138040 0.899369
vt 0.138068 0.898426
vt 0.392814 0.869327
vt 0.393319 0.932031
vt 0.392806 0.932045
vt 0.254258 0.898430
vt 0.254250 0.896002
vt 0.255155 0.895982
vt 0.253353 0.895981
vt 0.688440 0.900839
vt 0.573067 0.900824
vt 0.573130 0.899882
vt 0.629600 0.931862
vt 0.629087 0.931848
vt 0.629087 0.869158
vt 0.629600 0.869144
vt 0.629100 0.932362
vt 0.392881 0.932359
vt 0.392895 0.931846
vt 0.392382 0.931860
vt 0.392382 0.869142
vt 0.392895 0.869155
vt 0.689582 0.895046
vt 0.255094 0.895039
vt 0.253415 0.895039
vt 0.138068 0.895957
vt 0.138041 0.895013
vt 0.572232 0.899862
vt 0.572225 0.897434
vt 0.571327 0.899882
vt 0.571327 0.897413
vt 0.629101 0.868645
vt 0.392882 0.868642
vt 0.571388 0.900824
vt 0.136906 0.900863
vt 0.136934 0.899919
vt 0.135993 0.899947
vt 0.137127 0.898453
vt 0.136933 0.897451
vt 0.629525 0.932574
vt 0.393306 0.932544
vt 0.571388 0.896471
vt 0.629947 0.868942
vt 0.392899 0.868912
vt 0.136906 0.896507
vt 0.629515 0.932277
vt 0.392466 0.932274
vt 0.629516 0.868729
vt 0.689204 0.896639
vt 0.254255 0.899185
vt 0.392467 0.868727
vt 0.629940 0.932489
vt 0.689199 0.900682
vt 0.254253 0.895246
vt 0.392891 0.932459
vt 0.572229 0.900617
vt 0.136143 0.900707
vt 0.572227 0.896679
vt 0.137277 0.899212
vt 0.136147 0.896663
vt 0.136001 0.897422
vt 0.137136 0.895928
vt 0.137282 0.895169
vt 0.689345 0.899923
vt 0.690344 0.895203
vt 0.690340 0.899247
vt 0.690486 0.898488
vn -0.000828 -0.999996 0.002510
vn -0.707104 -0.707107 0.001681
vn -0.707104 -0.707107 -0.001681
vn -0.000828 -0.999996 -0.002510
vn -0.707104 -0.707107 0.001681
vn -0.994217 -0.107370 0.002272
vn -0.994217 -0.107370 -0.002272
vn -0.707104 -0.707107 -0.001681
vn -0.000751 -0.107491 0.994206
vn -0.000555 -0.707108 0.707106
vn 0.000555 -0.707108 0.707106
vn 0.000751 -0.107491 0.994206
vn -0.000555 -0.707108 0.707106
vn -0.000828 -0.999996 0.002510
vn 0.000828 -0.999997 0.002510
vn 0.000555 -0.707108 0.707106
vn -0.994217 -0.107370 0.002272
vn -0.704978 -0.077552 0.704976
vn -0.704978 0.077553 0.704976
vn -0.994217 0.107370 0.002272
vn -0.704978 -0.077552 0.704976
vn -0.000751 -0.107491 0.994206
vn -0.000751 0.107491 0.994206
vn -0.704978 0.077553 0.704976
vn 0.994217 -0.107370 0.002272
vn 0.707110 -0.707102 0.001681
vn 0.707110 -0.707102 -0.001681
vn 0.994217 -0.107370 -0.002272
vn 0.707110 -0.707102 0.001681
vn 0.000828 -0.999997 0.002510
vn 0.000828 -0.999997 -0.002510
vn 0.707110 -0.707102 -0.001681
vn 0.000751 -0.107491 0.994206
vn 0.704978 -0.077553 0.704976
vn 0.704978 0.077554 0.704976
vn 0.000751 0.107491 0.994206
vn 0.704978 -0.077553 0.704976
vn 0.994217 -0.107370 0.002272
vn 0.994217 0.107370 0.002272
vn 0.704978 0.077554 0.704976
vn -0.994217 0.107370 0.002272
vn -0.707104 0.707107 0.001681
vn -0.707104 0.707107 -0.001681
vn -0.994217 0.107370 -0.002272
vn -0.707104 0.707107 0.001681
vn -0.000828 0.999996 0.002510
vn -0.000828 0.999996 -0.002510
vn -0.707104 0.707107 -0.001681
vn -0.000828 0.999996 0.002510
vn -0.000555 0.707108 0.707106
vn 0.000555 0.707108 0.707106
vn 0.000828 0.999997 0.002510
vn -0.000555 0.707108 0.707106
vn -0.000751 0.107491 0.994206
vn 0.000751 0.107491 0.994206
vn 0.000555 0.707108 0.707106
vn 0.000828 0.999997 0.002510
vn 0.707110 0.707102 0.001681
vn 0.707110 0.707102 -0.001681
vn 0.000828 0.999997 -0.002510
vn 0.707110 0.707102 0.001681
vn 0.994217 0.107370 0.002272
vn 0.994217 0.107370 -0.002272
vn 0.707110 0.707102 -0.001681
vn -0.994217 0.107370 -0.002272
vn -0.704977 0.077552 -0.704977
vn -0.704976 -0.077552 -0.704978
vn -0.994217 -0.107370 -0.002272
vn -0.704977 0.077552 -0.704977
vn -0.000751 0.107491 -0.994206
vn -0.000751 -0.107491 -0.994206
vn -0.704976 -0.077552 -0.704978
vn -0.000751 0.107491 -0.994206
vn -0.000555 0.707108 -0.707106
vn 0.000555 0.707108 -0.707106
vn 0.000751 0.107491 -0.994206
vn -0.000555 0.707108 -0.707106
vn -0.000828 0.999996 -0.002510
vn 0.000828 0.999997 -0.002510
vn 0.000555 0.707108 -0.707106
vn 0.000751 0.107491 -0.994206
vn 0.704977 0.077553 -0.704977
vn 0.704977 -0.077554 -0.704978
vn 0.000751 -0.107491 -0.994206
vn 0.704977 0.077553 -0.704977
vn 0.994217 0.107370 -0.002272
vn 0.994217 -0.107370 -0.002272
vn 0.704977 -0.077554 -0.704978
vn -0.000828 -0.999996 -0.002510
vn -0.000555 -0.707108 -0.707106
vn 0.000555 -0.707108 -0.707106
vn 0.000828 -0.999997 -0.002510
vn -0.000555 -0.707108 -0.707106
vn -0.000751 -0.107491 -0.994206
vn 0.000751 -0.107491 -0.994206
vn 0.000555 -0.707108 -0.707106
vn -0.000751 -0.107491 0.994206
vn 0.000751 -0.107491 0.994206
vn 0.000751 0.107491 0.994206
vn -0.000751 0.107491 0.994206
vn -0.000828 0.999996 0.002510
vn 0.000828 0.999997 0.002510
vn 0.000828 0.999997 -0.002510
vn -0.000828 0.999996 -0.002510
vn -0.000751 0.107491 -0.994206
vn 0.000751 0.107491 -0.994206
vn 0.000751 -0.107491 -0.994206
vn -0.000751 -0.107491 -0.994206
vn -0.000828 -0.999996 -0.002510
vn 0.000828 -0.999997 -0.002510
vn 0.000828 -0.999997 0.002510
vn -0.000828 -0.999996 0.002510
vn 0.994217 -0.107370 0.002272
vn 0.994217 -0.107370 -0.002272
vn 0.994217 0.107370 -0.002272
vn 0.994217 0.107370 0.002272
vn -0.994217 -0.107370 -0.002272
vn -0.994217 -0.107370 0.002272
vn -0.994217 0.107370 0.002272
vn -0.994217 0.107370 -0.002272
vn -0.704978 -0.077552 0.704976
vn -0.994217 -0.107370 0.002272
vn -0.707104 -0.707107 0.001681
vn -0.577342 -0.577352 0.577357
vn -0.707104 -0.707107 0.001681
vn -0.000828 -0.999996 0.002510
vn -0.000555 -0.707108 0.707106
vn -0.577342 -0.577352 0.577357
vn -0.000555 -0.707108 0.707106
vn -0.000751 -0.107491 0.994206
vn -0.704978 -0.077552 0.704976
vn -0.577342 -0.577352 0.577357
vn 0.000555 -0.707108 0.707106
vn 0.000828 -0.999997 0.002510
vn 0.707110 -0.707102 0.001681
vn 0.577339 -0.577358 0.577354
vn 0.707110 -0.707102 0.001681
vn 0.994217 -0.107370 0.002272
vn 0.704978 -0.077553 0.704976
vn 0.577339 -0.577358 0.577354
vn 0.704978 -0.077553 0.704976
vn 0.000751 -0.107491 0.994206
vn 0.000555 -0.707108 0.707106
vn 0.577339 -0.577358 0.577354
vn -0.000555 0.707108 0.707106
vn -0.000828 0.999996 0.002510
vn -0.707104 0.707107 0.001681
vn -0.577343 0.577356 0.577352
vn -0.707104 0.707107 0.001681
vn -0.994217 0.107370 0.002272
vn -0.704978 0.077553 0.704976
vn -0.577343 0.577356 0.577352
vn -0.704978 0.077553 0.704976
vn -0.000751 0.107491 0.994206
vn -0.000555 0.707108 0.707106
vn -0.577343 0.577356 0.577352
vn 0.704978 0.077554 0.704976
vn 0.994217 0.107370 0.002272
vn 0.707110 0.707102 0.001681
vn 0.577341 0.577361 0.577349
vn 0.707110 0.707102 0.001681
vn 0.000828 0.999997 0.002510
vn 0.000555 0.707108 0.707106
vn 0.577341 0.577361 0.577349
vn 0.000555 0.707108 0.707106
vn 0.000751 0.107491 0.994206
vn 0.704978 0.077554 0.704976
vn 0.577341 0.577361 0.577349
vn -0.000555 0.707108 -0.707106
vn -0.000751 0.107491 -0.994206
vn -0.704977 0.077552 -0.704977
vn -0.577344 0.577356 -0.577351
vn -0.704977 0.077552 -0.704977
vn -0.994217 0.107370 -0.002272
vn -0.707104 0.707107 -0.001681
vn -0.577344 0.577356 -0.577351
vn -0.707104 0.707107 -0.001681
vn -0.000828 0.999996 -0.002510
vn -0.000555 0.707108 -0.707106
vn -0.577344 0.577356 -0.577351
vn 0.707110 0.707102 -0.001681
vn 0.994217 0.107370 -0.002272
vn 0.704977 0.077553 -0.704977
vn 0.577340 0.577360 -0.577351
vn 0.704977 0.077553 -0.704977
vn 0.000751 0.107491 -0.994206
vn 0.000555 0.707108 -0.707106
vn 0.577340 0.577360 -0.577351
vn 0.000555 0.707108 -0.707106
vn 0.000828 0.999997 -0.002510
vn 0.707110 0.707102 -0.001681
vn 0.577340 0.577360 -0.577351
vn -0.000555 -0.707108 -0.707106
vn -0.000828 -0.999996 -0.002510
vn -0.707104 -0.707107 -0.001681
vn -0.577339 -0.577355 -0.577356
vn -0.707104 -0.707107 -0.001681
vn -0.994217 -0.107370 -0.002272
vn -0.704976 -0.077552 -0.704978
vn -0.577339 -0.577355 -0.577356
vn -0.704976 -0.077552 -0.704978
vn -0.000751 -0.107491 -0.994206
vn -0.000555 -0.707108 -0.707106
vn -0.577339 -0.577355 -0.577356
vn 0.704977 -0.077554 -0.704978
vn 0.994217 -0.107370 -0.002272
vn 0.707110 -0.707102 -0.001681
vn 0.577338 -0.577358 -0.577354
vn 0.707110 -0.707102 -0.001681
vn 0.000828 -0.999997 -0.002510
vn 0.000555 -0.707108 -0.707106
vn 0.577338 -0.577358 -0.577354
vn 0.000555 -0.707108 -0.707106
vn 0.000751 -0.107491 -0.994206
vn 0.704977 -0.077554 -0.704978
vn 0.577338 -0.577358 -0.577354
s off
g Roof_Trim_Upper S_U_14
usemtl set5
f 2/1/1 1/2/2 37/3/3 42/4/4
f 1/5/5 6/6/6 38/7/7 37/8/8
f 4/9/9 3/10/10 11/11/11 10/12/12
f 3/13/13 2/1/14 12/14/15 11/15/16
f 6/6/17 5/16/18 15/85/19 14/18/20
f 5/88/21 4/9/22 16/19/23 15/17/24
f 8/20/25 7/21/26 43/22/27 48/23/28
f 7/24/29 12/14/30 44/25/31 43/26/32
f 10/12/33 9/27/34 23/28/35 22/29/36
f 9/27/37 8/20/38 24/30/39 23/28/40
f 14/18/41 13/31/42 27/32/43 26/33/44
f 13/34/45 18/35/46 28/36/47 27/37/48
f 18/35/49 17/38/50 21/39/51 20/40/52
f 17/44/53 16/19/54 22/29/55 21/45/56
f 20/40/57 19/41/58 35/42/59 34/43/60
f 19/46/61 24/30/62 36/47/63 35/48/64
f 26/33/65 25/49/66 39/50/67 38/7/68
f 25/49/69 30/51/70 40/52/71 39/50/72
f 30/51/73 29/55/74 33/56/75 32/57/76
f 29/53/77 28/36/78 34/43/79 33/54/80
f 32/57/81 31/58/82 47/82/83 46/60/84
f 31/83/85 36/47/86 48/23/87 47/59/88
f 42/4/89 41/61/90 45/62/91 44/25/92
f 41/63/93 40/52/94 46/60/95 45/66/96
f 4/9/97 10/12/98 22/29/99 16/19/100
f 18/35/101 20/40/102 34/43/103 28/36/104
f 30/51/105 32/57/106 46/60/107 40/52/108
f 42/4/109 44/25/110 12/14/111 2/1/112
f 8/20/113 48/23/114 36/47/115 24/30/116
f 38/7/117 6/6/118 14/18/119 26/33/120
f 5/16/121 6/6/122 1/5/123 49/70/124
f 1/2/125 2/1/126 3/13/127 49/64/128
f 3/10/129 4/9/130 5/88/131 49/87/132
f 11/15/133 12/14/134 7/24/135 50/65/136
f 7/21/137 8/20/138 9/27/139 50/71/140
f 9/27/141 10/12/142 11/11/143 50/71/144
f 17/38/145 18/35/146 13/34/147 51/67/148
f 13/31/149 14/18/150 15/85/151 51/74/152
f 15/17/153 16/19/154 17/44/155 51/86/156
f 23/28/157 24/30/158 19/46/159 52/75/160
f 19/41/161 20/40/162 21/39/163 52/68/164
f 21/45/165 22/29/166 23/28/167 52/75/168
f 29/55/169 30/51/170 25/49/171 53/77/172
f 25/49/173 26/33/174 27/32/175 53/77/176
f 27/37/177 28/36/178 29/53/179 53/69/180
f 35/48/181 36/47/182 31/83/183 54/84/184
f 31/58/185 32/57/186 33/56/187 54/78/188
f 33/54/189 34/43/190 35/42/191 54/72/192
f 41/61/193 42/4/194 37/3/195 55/73/196
f 37/8/197 38/7/198 39/50/199 55/79/200
f 39/50/201 40/52/202 41/63/203 55/79/204
f 47/59/205 48/23/206 43/22/207 56/80/208
f 43/26/209 44/25/210 45/62/211 56/76/212
f 45/66/213 46/60/214 47/82/215 56/81/216
g default
v -634.471985 246.705902 160.515961
v -631.216003 245.357224 160.515961
v -631.216003 246.705902 163.699341
v -631.216003 249.961914 165.017914
v -634.471985 249.961914 163.699341
v -635.820740 249.961914 160.515961
v -635.820740 290.439392 160.515961
v -634.471985 290.439392 163.699341
v -631.216003 290.439392 165.017914
v -634.471985 246.705902 -189.237335
v -635.820740 249.961914 -189.237335
v -634.471985 249.961914 -192.420715
v -631.216003 249.961914 -193.739288
v -631.216003 246.705902 -192.420715
v -631.216003 245.357224 -189.237335
v -634.471985 290.439392 -192.420715
v -635.820740 290.439392 -189.237335
v -631.216003 290.439392 -193.739288
v 759.640076 246.705902 163.699341
v 759.640076 245.357224 160.515961
v 762.896057 246.705902 160.515961
v 764.244812 249.961914 160.515961
v 762.896057 249.961914 163.699341
v 759.640076 249.961914 165.017914
v 759.640076 290.439392 165.017914
v 762.896057 290.439392 163.699341
v 764.244812 290.439392 160.515961
v 759.640076 246.705902 -192.420715
v 759.640076 249.961914 -193.739288
v 762.896057 249.961914 -192.420715
v 764.244812 249.961914 -189.237335
v 762.896057 246.705902 -189.237335
v 759.640076 245.357224 -189.237335
v 759.640076 290.439392 -193.739288
v 764.244812 290.439392 -189.237335
v 762.896057 290.439392 -192.420715
v -633.873596 247.304321 163.114258
v -633.873596 247.304321 -191.835632
v 762.297668 247.304321 163.114258
v 762.297668 247.304321 -191.835632
vt 0.579530 0.358457
vt 0.579531 0.356461
vt 0.920241 0.290658
vt 0.920241 0.294825
vt 0.577546 0.358355
vt 0.577447 0.381477
vt 0.575415 0.381466
vt 0.579503 0.381484
vt 0.593357 0.262743
vt 0.593356 0.260766
vt 0.593357 0.264690
vt 0.591382 0.260871
vt 0.591274 0.237946
vt 0.593331 0.237958
vt 0.713429 0.294825
vt 0.713429 0.318760
vt 1.370808 0.354495
vt 1.370807 0.356461
vt 1.370809 0.358457
vt 1.372791 0.358355
vt 1.372891 0.381478
vt 1.370834 0.381484
vt 0.431084 0.312949
vt 0.431084 0.289014
vt 1.376838 0.260766
vt 1.376837 0.262743
vt 0.224271 0.317117
vt 0.224271 0.312949
vt 1.378812 0.260871
vt 1.378920 0.237946
vt 1.380958 0.237949
vt 1.376863 0.237958
vt 0.920241 0.292741
vt 0.578040 0.356792
vt 0.713429 0.292741
vt 0.591876 0.262409
vt 1.372298 0.356792
vt 0.431084 0.315033
vt 0.224271 0.315033
vt 1.378319 0.262409
vt 1.380847 0.261008
vt 1.379339 0.263663
vt 1.376837 0.264690
vt 0.590855 0.263663
vt 0.589347 0.261008
vt 0.713429 0.290658
vt 0.224271 0.289014
vt 1.374827 0.358218
vt 1.374923 0.381466
vt 1.373300 0.355524
vt 0.431084 0.317117
vt 0.589236 0.237949
vt 0.920241 0.318760
vt 0.575512 0.358218
vt 0.577038 0.355524
vt 0.579531 0.354495
vn -0.002989 -0.018890 0.999817
vn -0.002047 -0.706339 0.707871
vn 0.001051 -0.706712 0.707500
vn 0.001541 -0.018945 0.999819
vn -0.002047 -0.706339 0.707871
vn -0.002910 -0.998205 0.059827
vn 0.001493 -0.998206 0.059855
vn 0.001051 -0.706712 0.707500
vn -0.998093 -0.018053 0.059034
vn -0.707045 -0.012862 0.707052
vn -0.707103 0.000000 0.707110
vn -0.998205 0.000000 0.059889
vn -0.707045 -0.012862 0.707052
vn -0.002989 -0.018890 0.999817
vn -0.003037 0.000000 0.999995
vn -0.707103 0.000000 0.707110
vn -0.002047 -0.706339 -0.707871
vn -0.002989 -0.018890 -0.999817
vn 0.001541 -0.018945 -0.999819
vn 0.001051 -0.706712 -0.707500
vn 0.001493 -0.998206 -0.059856
vn -0.002910 -0.998205 -0.059826
vn -0.002047 -0.706339 -0.707871
vn 0.001051 -0.706712 -0.707500
vn -0.002989 -0.018890 -0.999817
vn -0.707045 -0.012862 -0.707052
vn -0.707103 0.000000 -0.707110
vn -0.003037 0.000000 -0.999995
vn -0.707045 -0.012862 -0.707052
vn -0.998093 -0.018053 -0.059034
vn -0.998205 0.000000 -0.059889
vn -0.707103 0.000000 -0.707110
vn 0.001541 -0.018945 0.999819
vn 0.707045 -0.012862 0.707052
vn 0.707103 0.000000 0.707110
vn 0.001566 0.000000 0.999999
vn 0.707045 -0.012862 0.707052
vn 0.998093 -0.018052 0.059034
vn 0.998205 0.000000 0.059889
vn 0.707103 0.000000 0.707110
vn 0.998093 -0.018052 -0.059034
vn 0.707045 -0.012862 -0.707052
vn 0.707103 0.000000 -0.707110
vn 0.998205 0.000000 -0.059889
vn 0.707045 -0.012862 -0.707052
vn 0.001541 -0.018945 -0.999819
vn 0.001566 0.000000 -0.999999
vn 0.707103 0.000000 -0.707110
vn 0.001541 -0.018945 -0.999819
vn -0.002989 -0.018890 -0.999817
vn -0.003037 0.000000 -0.999995
vn 0.001566 0.000000 -0.999999
vn -0.002989 -0.018890 0.999817
vn 0.001541 -0.018945 0.999819
vn 0.001566 0.000000 0.999999
vn -0.003037 0.000000 0.999995
vn -0.707045 -0.012862 0.707052
vn -0.998093 -0.018053 0.059034
vn -0.706489 -0.706495 0.041693
vn -0.577354 -0.577347 0.577350
vn -0.706489 -0.706495 0.041693
vn -0.002910 -0.998205 0.059827
vn -0.002047 -0.706339 0.707871
vn -0.577354 -0.577347 0.577350
vn -0.002047 -0.706339 0.707871
vn -0.002989 -0.018890 0.999817
vn -0.707045 -0.012862 0.707052
vn -0.577354 -0.577347 0.577350
vn -0.002047 -0.706339 -0.707871
vn -0.002910 -0.998205 -0.059826
vn -0.706488 -0.706496 -0.041692
vn -0.577352 -0.577348 -0.577351
vn -0.706488 -0.706496 -0.041692
vn -0.998093 -0.018053 -0.059034
vn -0.707045 -0.012862 -0.707052
vn -0.577352 -0.577348 -0.577351
vn -0.707045 -0.012862 -0.707052
vn -0.002989 -0.018890 -0.999817
vn -0.002047 -0.706339 -0.707871
vn -0.577352 -0.577348 -0.577351
vn 0.707045 -0.012862 0.707052
vn 0.001541 -0.018945 0.999819
vn 0.001051 -0.706712 0.707500
vn 0.577351 -0.577350 0.577350
vn 0.001051 -0.706712 0.707500
vn 0.001493 -0.998206 0.059855
vn 0.706491 -0.706493 0.041695
vn 0.577351 -0.577350 0.577350
vn 0.706491 -0.706493 0.041695
vn 0.998093 -0.018052 0.059034
vn 0.707045 -0.012862 0.707052
vn 0.577351 -0.577350 0.577350
vn 0.706491 -0.706493 -0.041692
vn 0.001493 -0.998206 -0.059856
vn 0.001051 -0.706712 -0.707500
vn 0.577350 -0.577353 -0.577348
vn 0.001051 -0.706712 -0.707500
vn 0.001541 -0.018945 -0.999819
vn 0.707045 -0.012862 -0.707052
vn 0.577350 -0.577353 -0.577348
vn 0.707045 -0.012862 -0.707052
vn 0.998093 -0.018052 -0.059034
vn 0.706491 -0.706493 -0.041692
vn 0.577350 -0.577353 -0.577348
vn -0.998205 0.000000 0.059889
vn -0.998205 0.000000 -0.059889
vn -0.998093 -0.018053 -0.059034
vn -0.998093 -0.018053 0.059034
vn -0.998093 -0.018053 -0.059034
vn -0.706488 -0.706496 -0.041692
vn -0.706489 -0.706495 0.041693
vn -0.998093 -0.018053 0.059034
vn -0.706488 -0.706496 -0.041692
vn -0.002910 -0.998205 -0.059826
vn -0.002910 -0.998205 0.059827
vn -0.706489 -0.706495 0.041693
vn 0.001493 -0.998206 -0.059856
vn 0.706491 -0.706493 -0.041692
vn 0.706491 -0.706493 0.041695
vn 0.001493 -0.998206 0.059855
vn 0.706491 -0.706493 -0.041692
vn 0.998093 -0.018052 -0.059034
vn 0.998093 -0.018052 0.059034
vn 0.706491 -0.706493 0.041695
vn 0.998093 -0.018052 -0.059034
vn 0.998205 0.000000 -0.059889
vn 0.998205 0.000000 0.059889
vn 0.998093 -0.018052 0.059034
s off
g S_U_14 Roof_Trim_Inner
usemtl Roof_09SG
f 60/89/217 59/90/218 75/106/219 80/107/220
f 59/90/221 58/144/222 76/105/223 75/106/224
f 62/142/225 61/93/226 64/94/227 63/95/228
f 61/93/229 60/89/230 65/96/231 64/94/232
f 70/97/233 69/98/234 85/113/235 84/114/236
f 89/131/237 71/99/238 70/97/239 84/114/240
f 69/98/241 68/100/242 72/101/243 74/102/244
f 68/100/245 67/133/246 73/140/247 72/101/248
f 80/107/249 79/108/250 82/109/251 81/110/252
f 79/108/253 78/136/254 83/137/255 82/109/256
f 87/129/257 86/117/258 92/118/259 91/119/260
f 86/117/261 85/113/262 90/120/263 92/118/264
f 85/113/265 69/98/266 74/102/267 90/120/268
f 60/89/269 80/107/270 81/110/271 65/96/272
f 61/93/273 62/142/274 57/143/275 93/122/276
f 57/143/277 58/144/278 59/90/279 93/122/280
f 59/90/281 60/89/282 61/93/283 93/122/284
f 70/97/285 71/99/286 66/132/287 94/124/288
f 66/132/289 67/133/290 68/100/291 94/124/292
f 68/100/293 69/98/294 70/97/295 94/124/296
f 79/108/297 80/107/298 75/106/299 95/125/300
f 75/106/301 76/105/302 77/138/303 95/125/304
f 77/138/305 78/136/306 79/108/307 95/125/308
f 88/130/309 89/131/310 84/114/311 96/128/312
f 84/114/313 85/113/314 86/117/315 96/128/316
f 86/117/317 87/129/318 88/130/319 96/128/320
f 63/141/321 73/104/322 67/103/323 62/92/324
f 67/103/325 66/123/326 57/121/327 62/92/328
f 66/123/329 71/134/330 58/91/331 57/121/332
f 89/115/333 88/127/334 77/126/335 76/139/336
f 88/127/337 87/116/338 78/111/339 77/126/340
f 87/116/341 91/135/342 83/112/343 78/111/344
g default
v -640.701050 273.298279 170.698502
v -639.636658 272.857452 170.698502
v -639.636658 273.298279 171.762863
v -639.636658 274.362640 172.203751
v -640.701050 274.362640 171.762863
v -641.141968 274.362640 170.698502
v 769.125061 273.298279 170.698502
v 769.566040 274.362640 170.698502
v 769.125061 274.362640 171.762863
v 768.060669 274.362640 172.203751
v 768.060669 273.298279 171.762863
v 768.060669 272.857452 170.698502
v -640.701050 278.438171 170.698502
v -641.141968 277.373810 170.698502
v -640.701050 277.373810 171.762863
v -639.636658 277.373810 172.203751
v -639.636658 278.438171 171.762863
v -639.636658 278.879059 170.698502
v 769.125061 278.438171 170.698502
v 768.060669 278.879059 170.698502
v 768.060669 278.438171 171.762863
v 768.060669 277.373810 172.203751
v 769.125061 277.373810 171.762863
v 769.566040 277.373810 170.698502
v -640.701050 277.373810 -201.139648
v -641.141968 277.373810 -200.075272
v -640.701050 278.438171 -200.075272
v -639.636658 278.879059 -200.075272
v -639.636658 278.438171 -201.139648
v -639.636658 277.373810 -201.580536
v 769.125061 277.373810 -201.139648
v 768.060669 277.373810 -201.580536
v 768.060669 278.438171 -201.139648
v 768.060669 278.879059 -200.075272
v 769.125061 278.438171 -200.075272
v 769.566040 277.373810 -200.075272
v -640.701050 273.298279 -200.075272
v -641.141968 274.362640 -200.075272
v -640.701050 274.362640 -201.139648
v -639.636658 274.362640 -201.580536
v -639.636658 273.298279 -201.139648
v -639.636658 272.857452 -200.075272
v 769.125061 273.298279 -200.075272
v 768.060669 272.857452 -200.075272
v 768.060669 273.298279 -201.139648
v 768.060669 274.362640 -201.580536
v 769.125061 274.362640 -201.139648
v 769.566040 274.362640 -200.075272
v -640.505493 273.493958 171.567261
v 768.929504 273.493958 171.567261
v -640.505493 278.242554 171.567261
v 768.929504 278.242554 171.567261
v -640.505493 278.242554 -200.944016
v 768.929504 278.242554 -200.944016
v -640.505493 273.493958 -200.944016
v 768.929504 273.493958 -200.944016
vt 0.076045 0.152505
vt 0.075695 0.152514
vt 0.075708 0.039989
vt 0.076057 0.039998
vt 4.001020 0.035974
vt 4.000895 0.040205
vt 2.639172 0.040288
vt 0.076035 0.152854
vt 0.503192 0.152553
vt 2.638898 0.036063
vt 0.503201 0.152903
vt -2.550027 0.128527
vt -2.550148 0.124295
vt 2.620475 0.124714
vt 2.620201 0.128939
vt 4.005113 0.040081
vt 0.503542 0.152563
vt 0.503205 0.040047
vt -2.554241 0.139717
vt 0.503555 0.040038
vt 4.000900 0.051270
vt -2.550024 0.139593
vt 2.628282 0.128944
vt 2.628007 0.124719
vt 0.326382 0.015288
vt 0.326383 0.174475
vt 3.990129 0.124919
vt 0.326876 0.015301
vt 0.326877 0.174462
vt 0.326864 0.014806
vt 0.931167 0.014805
vt 0.931154 0.015299
vt 0.931648 0.015286
vt 0.931649 0.174473
vt 0.931155 0.174460
vt 3.990004 0.129150
vt 2.624224 0.129031
vt 2.624257 0.139917
vt 2.620200 0.140005
vt 2.628279 0.140010
vt 0.326864 0.174956
vt 0.931167 0.174954
vt 4.001020 0.055504
vt 2.638898 0.055576
vt 2.639172 0.051352
vt -2.550148 0.143825
vt 0.076048 0.039648
vt 0.503214 0.039697
vt 0.075753 0.152796
vt 0.503484 0.152845
vt 0.326464 0.014888
vt 0.931567 0.014886
vt 0.326464 0.174875
vt 0.931567 0.174873
vt 0.075766 0.039706
vt 0.503497 0.039755
vt 2.620472 0.144230
vt 2.628003 0.144233
vt 3.990006 0.140216
vt 3.990127 0.144449
vt 2.635149 0.051260
vt 2.635115 0.040376
vt 2.631093 0.051349
vt 2.631092 0.040285
vt 2.631367 0.055574
vt -2.539258 0.056265
vt -2.539133 0.052034
vt -2.543350 0.052158
vt 3.994221 0.129027
vt -2.539139 0.040968
vt 2.631366 0.036060
vt -2.539260 0.036736
vt 4.004440 0.036677
vt 2.624237 0.125646
vt 4.004423 0.054802
vt 2.624243 0.143303
vt 2.635138 0.054646
vt -2.542677 0.055564
vt 2.635128 0.036990
vt 3.993548 0.125622
vt 4.005075 0.051399
vt -2.553569 0.143121
vt -2.553551 0.124997
vt -2.554204 0.128399
vt -2.542663 0.037439
vt -2.543315 0.040841
vt 3.994182 0.140345
vt 3.993528 0.143748
vn -0.000313 -0.999999 0.001185
vn -0.382584 -0.923921 0.000733
vn -0.382584 -0.923921 -0.000733
vn -0.000313 -0.999999 -0.001185
vn -0.923922 -0.382581 0.000733
vn -0.994209 -0.107460 0.001073
vn -0.994209 -0.107460 -0.001073
vn -0.923922 -0.382581 -0.000733
vn -0.000283 -0.107529 0.994202
vn -0.000193 -0.382662 0.923888
vn 0.000193 -0.382662 0.923888
vn 0.000283 -0.107529 0.994202
vn -0.000193 -0.923898 0.382639
vn -0.000313 -0.999999 0.001185
vn 0.000313 -0.999999 0.001185
vn 0.000193 -0.923898 0.382639
vn -0.994209 -0.107460 0.001073
vn -0.924788 -0.071414 0.373722
vn -0.924788 0.071415 0.373721
vn -0.994209 0.107460 0.001073
vn -0.373723 -0.071422 0.924787
vn -0.000283 -0.107529 0.994202
vn -0.000283 0.107529 0.994202
vn -0.373721 0.071421 0.924788
vn 0.994207 -0.107477 0.001073
vn 0.923900 -0.382634 0.000733
vn 0.923900 -0.382634 -0.000733
vn 0.994207 -0.107477 -0.001073
vn 0.382584 -0.923921 0.000733
vn 0.000313 -0.999999 0.001185
vn 0.000313 -0.999999 -0.001185
vn 0.382584 -0.923921 -0.000733
vn 0.000283 -0.107529 0.994202
vn 0.373734 -0.071427 0.924782
vn 0.373733 0.071427 0.924782
vn 0.000283 0.107529 0.994202
vn 0.924766 -0.071414 0.373776
vn 0.994207 -0.107477 0.001073
vn 0.994207 0.107477 0.001073
vn 0.924766 0.071416 0.373775
vn -0.994209 0.107460 0.001073
vn -0.923922 0.382581 0.000733
vn -0.923922 0.382581 -0.000733
vn -0.994209 0.107460 -0.001073
vn -0.382613 0.923908 0.000733
vn -0.000313 0.999999 0.001185
vn -0.000313 0.999999 -0.001185
vn -0.382613 0.923908 -0.000733
vn -0.000313 0.999999 0.001185
vn -0.000193 0.923886 0.382668
vn 0.000193 0.923886 0.382668
vn 0.000313 0.999999 0.001185
vn -0.000193 0.382662 0.923888
vn -0.000283 0.107529 0.994202
vn 0.000283 0.107529 0.994202
vn 0.000193 0.382662 0.923888
vn 0.000313 0.999999 0.001185
vn 0.382613 0.923908 0.000733
vn 0.382613 0.923908 -0.000733
vn 0.000313 0.999999 -0.001185
vn 0.923900 0.382634 0.000733
vn 0.994207 0.107477 0.001073
vn 0.994207 0.107477 -0.001073
vn 0.923900 0.382634 -0.000733
vn -0.994209 0.107460 -0.001073
vn -0.924788 0.071414 -0.373720
vn -0.924788 -0.071415 -0.373721
vn -0.994209 -0.107460 -0.001073
vn -0.373725 0.071421 -0.924786
vn -0.000283 0.107529 -0.994202
vn -0.000283 -0.107529 -0.994202
vn -0.373725 -0.071421 -0.924786
vn -0.000283 0.107529 -0.994202
vn -0.000193 0.382662 -0.923888
vn 0.000193 0.382662 -0.923888
vn 0.000283 0.107529 -0.994202
vn -0.000193 0.923886 -0.382668
vn -0.000313 0.999999 -0.001185
vn 0.000313 0.999999 -0.001185
vn 0.000193 0.923886 -0.382668
vn 0.000283 0.107529 -0.994202
vn 0.373737 0.071427 -0.924780
vn 0.373737 -0.071427 -0.924780
vn 0.000283 -0.107529 -0.994202
vn 0.924766 0.071414 -0.373774
vn 0.994207 0.107477 -0.001073
vn 0.994207 -0.107477 -0.001073
vn 0.924766 -0.071416 -0.373775
vn -0.000313 -0.999999 -0.001185
vn -0.000193 -0.923898 -0.382639
vn 0.000193 -0.923898 -0.382639
vn 0.000313 -0.999999 -0.001185
vn -0.000193 -0.382662 -0.923888
vn -0.000283 -0.107529 -0.994202
vn 0.000283 -0.107529 -0.994202
vn 0.000193 -0.382662 -0.923888
vn -0.000283 -0.107529 0.994202
vn 0.000283 -0.107529 0.994202
vn 0.000283 0.107529 0.994202
vn -0.000283 0.107529 0.994202
vn -0.000313 0.999999 0.001185
vn 0.000313 0.999999 0.001185
vn 0.000313 0.999999 -0.001185
vn -0.000313 0.999999 -0.001185
vn -0.000283 0.107529 -0.994202
vn 0.000283 0.107529 -0.994202
vn 0.000283 -0.107529 -0.994202
vn -0.000283 -0.107529 -0.994202
vn -0.000313 -0.999999 -0.001185
vn 0.000313 -0.999999 -0.001185
vn 0.000313 -0.999999 0.001185
vn -0.000313 -0.999999 0.001185
vn 0.994207 -0.107477 0.001073
vn 0.994207 -0.107477 -0.001073
vn 0.994207 0.107477 -0.001073
vn 0.994207 0.107477 0.001073
vn -0.994209 -0.107460 -0.001073
vn -0.994209 -0.107460 0.001073
vn -0.994209 0.107460 0.001073
vn -0.994209 0.107460 -0.001073
vn -0.924788 -0.071414 0.373722
vn -0.994209 -0.107460 0.001073
vn -0.923922 -0.382581 0.000733
vn -0.887932 -0.325255 0.325247
vn -0.382584 -0.923921 0.000733
vn -0.000313 -0.999999 0.001185
vn -0.000193 -0.923898 0.382639
vn -0.325269 -0.887919 0.325268
vn -0.000193 -0.382662 0.923888
vn -0.000283 -0.107529 0.994202
vn -0.373723 -0.071422 0.924787
vn -0.325268 -0.325253 0.887925
vn 0.000193 -0.923898 0.382639
vn 0.000313 -0.999999 0.001185
vn 0.382584 -0.923921 0.000733
vn 0.325267 -0.887925 0.325253
vn 0.923900 -0.382634 0.000733
vn 0.994207 -0.107477 0.001073
vn 0.924766 -0.071414 0.373776
vn 0.887919 -0.325253 0.325285
vn 0.373734 -0.071427 0.924782
vn 0.000283 -0.107529 0.994202
vn 0.000193 -0.382662 0.923888
vn 0.325274 -0.325274 0.887915
vn -0.000193 0.923886 0.382668
vn -0.000313 0.999999 0.001185
vn -0.382613 0.923908 0.000733
vn -0.325266 0.887922 0.325264
vn -0.923922 0.382581 0.000733
vn -0.994209 0.107460 0.001073
vn -0.924788 0.071415 0.373721
vn -0.887935 0.325252 0.325243
vn -0.373721 0.071421 0.924788
vn -0.000283 0.107529 0.994202
vn -0.000193 0.382662 0.923888
vn -0.325259 0.325247 0.887931
vn 0.924766 0.071416 0.373775
vn 0.994207 0.107477 0.001073
vn 0.923900 0.382634 0.000733
vn 0.887920 0.325259 0.325278
vn 0.382613 0.923908 0.000733
vn 0.000313 0.999999 0.001185
vn 0.000193 0.923886 0.382668
vn 0.325271 0.887923 0.325257
vn 0.000193 0.382662 0.923888
vn 0.000283 0.107529 0.994202
vn 0.373733 0.071427 0.924782
vn 0.325271 0.325268 0.887918
vn -0.000193 0.382662 -0.923888
vn -0.000283 0.107529 -0.994202
vn -0.373725 0.071421 -0.924786
vn -0.325279 0.325245 -0.887924
vn -0.924788 0.071414 -0.373720
vn -0.994209 0.107460 -0.001073
vn -0.923922 0.382581 -0.000733
vn -0.887937 0.325248 -0.325240
vn -0.382613 0.923908 -0.000733
vn -0.000313 0.999999 -0.001185
vn -0.000193 0.923886 -0.382668
vn -0.325267 0.887920 -0.325268
vn 0.923900 0.382634 -0.000733
vn 0.994207 0.107477 -0.001073
vn 0.924766 0.071414 -0.373774
vn 0.887925 0.325245 -0.325277
vn 0.373737 0.071427 -0.924780
vn 0.000283 0.107529 -0.994202
vn 0.000193 0.382662 -0.923888
vn 0.325291 0.325266 -0.887912
vn 0.000193 0.923886 -0.382668
vn 0.000313 0.999999 -0.001185
vn 0.382613 0.923908 -0.000733
vn 0.325264 0.887926 -0.325253
vn -0.000193 -0.923898 -0.382639
vn -0.000313 -0.999999 -0.001185
vn -0.382584 -0.923921 -0.000733
vn -0.325266 -0.887922 -0.325264
vn -0.923922 -0.382581 -0.000733
vn -0.994209 -0.107460 -0.001073
vn -0.924788 -0.071415 -0.373721
vn -0.887933 -0.325254 -0.325245
vn -0.373725 -0.071421 -0.924786
vn -0.000283 -0.107529 -0.994202
vn -0.000193 -0.382662 -0.923888
vn -0.325276 -0.325252 -0.887923
vn 0.924766 -0.071416 -0.373775
vn 0.994207 -0.107477 -0.001073
vn 0.923900 -0.382634 -0.000733
vn 0.887920 -0.325259 -0.325278
vn 0.382584 -0.923921 -0.000733
vn 0.000313 -0.999999 -0.001185
vn 0.000193 -0.923898 -0.382639
vn 0.325271 -0.887923 -0.325257
vn 0.000193 -0.382662 -0.923888
vn 0.000283 -0.107529 -0.994202
vn 0.373737 -0.071427 -0.924780
vn 0.325288 -0.325273 -0.887911
s off
g S_U_14 Roof_Trim_Mid
usemtl set4
f 98/145/345 97/146/346 133/147/347 138/148/348
f 97/149/349 102/150/350 134/151/351 133/154/352
f 100/156/353 99/157/354 107/158/355 106/159/356
f 99/152/357 98/145/358 108/153/359 107/155/360
f 102/150/361 101/160/362 111/225/363 110/165/364
f 101/228/365 100/156/366 112/166/367 111/163/368
f 104/167/369 103/168/370 139/171/371 144/180/372
f 103/161/373 108/153/374 140/162/375 139/164/376
f 106/159/377 105/181/378 119/182/379 118/183/380
f 105/181/381 104/167/382 120/184/383 119/182/384
f 110/165/385 109/187/386 123/188/387 122/189/388
f 109/169/389 114/172/390 124/173/391 123/170/392
f 114/172/393 113/174/394 117/175/395 116/176/396
f 113/190/397 112/166/398 118/183/399 117/201/400
f 116/176/401 115/177/402 131/178/403 130/179/404
f 115/202/405 120/184/406 132/203/407 131/204/408
f 122/189/409 121/205/410 135/206/411 134/151/412
f 121/205/413 126/207/414 136/208/415 135/206/416
f 126/207/417 125/209/418 129/210/419 128/211/420
f 125/185/421 124/173/422 130/179/423 129/186/424
f 128/211/425 127/212/426 143/230/427 142/214/428
f 127/231/429 132/203/430 144/180/431 143/213/432
f 138/148/433 137/191/434 141/192/435 140/162/436
f 137/215/437 136/208/438 142/214/439 141/216/440
f 100/156/441 106/159/442 118/183/443 112/166/444
f 114/172/445 116/176/446 130/179/447 124/173/448
f 126/207/449 128/211/450 142/214/451 136/208/452
f 138/148/453 140/162/454 108/153/455 98/145/456
f 104/167/457 144/180/458 132/203/459 120/184/460
f 134/151/461 102/150/462 110/165/463 122/189/464
f 101/160/465 102/150/466 97/149/467 145/217/468
f 97/146/469 98/145/470 99/152/471 145/193/472
f 99/157/473 100/156/474 101/228/475 145/227/476
f 107/155/477 108/153/478 103/161/479 146/194/480
f 103/168/481 104/167/482 105/181/483 146/218/484
f 105/181/485 106/159/486 107/158/487 146/218/488
f 113/174/489 114/172/490 109/169/491 147/195/492
f 109/187/493 110/165/494 111/225/495 147/219/496
f 111/163/497 112/166/498 113/190/499 147/226/500
f 119/182/501 120/184/502 115/202/503 148/220/504
f 115/177/505 116/176/506 117/175/507 148/196/508
f 117/201/509 118/183/510 119/182/511 148/220/512
f 125/209/513 126/207/514 121/205/515 149/221/516
f 121/205/517 122/189/518 123/188/519 149/221/520
f 123/170/521 124/173/522 125/185/523 149/197/524
f 131/204/525 132/203/526 127/231/527 150/232/528
f 127/212/529 128/211/530 129/210/531 150/222/532
f 129/186/533 130/179/534 131/178/535 150/198/536
f 137/191/537 138/148/538 133/147/539 151/199/540
f 133/154/541 134/151/542 135/206/543 151/223/544
f 135/206/545 136/208/546 137/215/547 151/223/548
f 143/213/549 144/180/550 139/171/551 152/224/552
f 139/164/553 140/162/554 141/192/555 152/200/556
f 141/216/557 142/214/558 143/230/559 152/229/560
g default
v -654.473938 245.892944 175.303131
v -651.599915 244.702484 175.303131
v -651.599915 245.892944 178.177155
v -651.599915 248.766937 179.367584
v -654.473938 248.766937 178.177155
v -655.664368 248.766937 175.303131
v 782.898010 245.892944 175.303131
v 784.088440 248.766937 175.303131
v 782.898010 248.766937 178.177155
v 780.023987 248.766937 179.367584
v 780.023987 245.892944 178.177155
v 780.023987 244.702484 175.303131
v -654.473938 259.771454 175.303131
v -655.664368 256.897461 175.303131
v -654.473938 256.897461 178.177155
v -651.599915 256.897461 179.367584
v -651.599915 259.771454 178.177155
v -651.599915 260.961914 175.303131
v 782.898010 259.771454 175.303131
v 780.023987 260.961914 175.303131
v 780.023987 259.771454 178.177155
v 780.023987 256.897461 179.367584
v 782.898010 256.897461 178.177155
v 784.088440 256.897461 175.303131
v -654.473938 256.897461 -207.553925
v -655.664368 256.897461 -204.679901
v -654.473938 259.771454 -204.679901
v -651.599915 260.961914 -204.679901
v -651.599915 259.771454 -207.553925
v -651.599915 256.897461 -208.744354
v 782.898010 256.897461 -207.553925
v 780.023987 256.897461 -208.744354
v 780.023987 259.771454 -207.553925
v 780.023987 260.961914 -204.679901
v 782.898010 259.771454 -204.679901
v 784.088440 256.897461 -204.679901
v -654.473938 245.892944 -204.679901
v -655.664368 248.766937 -204.679901
v -654.473938 248.766937 -207.553925
v -651.599915 248.766937 -208.744354
v -651.599915 245.892944 -207.553925
v -651.599915 244.702484 -204.679901
v 782.898010 245.892944 -204.679901
v 780.023987 244.702484 -204.679901
v 780.023987 245.892944 -207.553925
v 780.023987 248.766937 -208.744354
v 782.898010 248.766937 -207.553925
v 784.088440 248.766937 -204.679901
v -653.945618 246.421143 177.648926
v 782.369690 246.421143 177.648926
v -653.945618 259.243256 177.648926
v 782.369690 259.243256 177.648926
v -653.945618 259.243256 -207.025696
v 782.369690 259.243256 -207.025696
v -653.945618 246.421143 -207.025696
v 782.369690 246.421143 -207.025696
vt 0.288706 0.933824
vt 0.288157 0.933839
vt 0.288167 0.866708
vt 0.288716 0.866722
vt 0.954830 0.890449
vt 0.954802 0.891392
vt 0.839518 0.891396
vt 0.839456 0.890454
vt 0.004846 0.904392
vt 0.004819 0.903448
vt 0.439309 0.903474
vt 0.439248 0.904416
vt 0.288691 0.934373
vt 0.541519 0.933862
vt 0.541533 0.934411
vt 0.955743 0.891365
vt 0.003906 0.906888
vt 0.954803 0.893861
vt 0.004847 0.906860
vt 0.441050 0.904418
vt 0.440988 0.903475
vt 0.556363 0.903502
vt 0.556335 0.904445
vt 0.542068 0.933877
vt 0.541529 0.866760
vt 0.542078 0.866745
vt 0.440145 0.904437
vt 0.440152 0.906865
vt 0.439247 0.906885
vt 0.441050 0.906886
vt 0.954830 0.894805
vt 0.839456 0.894806
vt 0.839518 0.893864
vt 0.288665 0.866567
vt 0.289213 0.866582
vt 0.289212 0.933684
vt 0.288662 0.933699
vt 0.289199 0.866033
vt 0.542041 0.866041
vt 0.542026 0.866590
vt 0.542575 0.866575
vt 0.542573 0.933707
vt 0.542024 0.933692
vt 0.004819 0.907804
vt 0.439308 0.907827
vt 0.440987 0.907828
vt 0.556335 0.906914
vt 0.556362 0.907858
vt 0.838621 0.893844
vt 0.838613 0.891416
vt 0.837716 0.893864
vt 0.837715 0.891395
vt 0.289197 0.934233
vt 0.542039 0.934242
vt 0.837777 0.894806
vt 0.403291 0.894902
vt 0.403319 0.893958
vt 0.402378 0.893986
vt 0.557276 0.904418
vt 0.403317 0.891490
vt 0.288702 0.866173
vt 0.541543 0.866211
vt 0.837776 0.890453
vt 0.288248 0.934283
vt 0.541977 0.934321
vt 0.403290 0.890545
vt 0.288755 0.866124
vt 0.542485 0.866132
vt 0.288753 0.934142
vt 0.955593 0.890605
vt 0.440148 0.903682
vt 0.542483 0.934151
vt 0.288258 0.866264
vt 0.955589 0.894649
vt 0.440149 0.907620
vt 0.541987 0.866302
vt 0.838618 0.894599
vt 0.402528 0.894745
vt 0.838615 0.890661
vt 0.557126 0.903659
vt 0.955734 0.893890
vt 0.004056 0.907647
vt 0.004060 0.903604
vt 0.003915 0.904363
vt 0.402531 0.890702
vt 0.402386 0.891461
vt 0.557267 0.906943
vt 0.557121 0.907702
vn -0.000828 -0.999996 0.002510
vn -0.707104 -0.707107 0.001681
vn -0.707104 -0.707107 -0.001681
vn -0.000828 -0.999996 -0.002510
vn -0.707104 -0.707107 0.001681
vn -0.994217 -0.107370 0.002272
vn -0.994217 -0.107370 -0.002272
vn -0.707104 -0.707107 -0.001681
vn -0.000751 -0.107491 0.994206
vn -0.000555 -0.707108 0.707106
vn 0.000555 -0.707108 0.707106
vn 0.000751 -0.107491 0.994206
vn -0.000555 -0.707108 0.707106
vn -0.000828 -0.999996 0.002510
vn 0.000828 -0.999997 0.002510
vn 0.000555 -0.707108 0.707106
vn -0.994217 -0.107370 0.002272
vn -0.704978 -0.077552 0.704976
vn -0.704978 0.077553 0.704976
vn -0.994217 0.107370 0.002272
vn -0.704978 -0.077552 0.704976
vn -0.000751 -0.107491 0.994206
vn -0.000751 0.107491 0.994206
vn -0.704978 0.077553 0.704976
vn 0.994217 -0.107370 0.002272
vn 0.707110 -0.707102 0.001681
vn 0.707110 -0.707102 -0.001681
vn 0.994217 -0.107370 -0.002272
vn 0.707110 -0.707102 0.001681
vn 0.000828 -0.999997 0.002510
vn 0.000828 -0.999997 -0.002510
vn 0.707110 -0.707102 -0.001681
vn 0.000751 -0.107491 0.994206
vn 0.704978 -0.077553 0.704976
vn 0.704978 0.077554 0.704976
vn 0.000751 0.107491 0.994206
vn 0.704978 -0.077553 0.704976
vn 0.994217 -0.107370 0.002272
vn 0.994217 0.107370 0.002272
vn 0.704978 0.077554 0.704976
vn -0.994217 0.107370 0.002272
vn -0.707104 0.707107 0.001681
vn -0.707104 0.707107 -0.001681
vn -0.994217 0.107370 -0.002272
vn -0.707104 0.707107 0.001681
vn -0.000828 0.999996 0.002510
vn -0.000828 0.999996 -0.002510
vn -0.707104 0.707107 -0.001681
vn -0.000828 0.999996 0.002510
vn -0.000555 0.707108 0.707106
vn 0.000555 0.707108 0.707106
vn 0.000828 0.999997 0.002510
vn -0.000555 0.707108 0.707106
vn -0.000751 0.107491 0.994206
vn 0.000751 0.107491 0.994206
vn 0.000555 0.707108 0.707106
vn 0.000828 0.999997 0.002510
vn 0.707110 0.707102 0.001681
vn 0.707110 0.707102 -0.001681
vn 0.000828 0.999997 -0.002510
vn 0.707110 0.707102 0.001681
vn 0.994217 0.107370 0.002272
vn 0.994217 0.107370 -0.002272
vn 0.707110 0.707102 -0.001681
vn -0.994217 0.107370 -0.002272
vn -0.704977 0.077552 -0.704977
vn -0.704976 -0.077552 -0.704978
vn -0.994217 -0.107370 -0.002272
vn -0.704977 0.077552 -0.704977
vn -0.000751 0.107491 -0.994206
vn -0.000751 -0.107491 -0.994206
vn -0.704976 -0.077552 -0.704978
vn -0.000751 0.107491 -0.994206
vn -0.000555 0.707108 -0.707106
vn 0.000555 0.707108 -0.707106
vn 0.000751 0.107491 -0.994206
vn -0.000555 0.707108 -0.707106
vn -0.000828 0.999996 -0.002510
vn 0.000828 0.999997 -0.002510
vn 0.000555 0.707108 -0.707106
vn 0.000751 0.107491 -0.994206
vn 0.704977 0.077553 -0.704977
vn 0.704977 -0.077554 -0.704978
vn 0.000751 -0.107491 -0.994206
vn 0.704977 0.077553 -0.704977
vn 0.994217 0.107370 -0.002272
vn 0.994217 -0.107370 -0.002272
vn 0.704977 -0.077554 -0.704978
vn -0.000828 -0.999996 -0.002510
vn -0.000555 -0.707108 -0.707106
vn 0.000555 -0.707108 -0.707106
vn 0.000828 -0.999997 -0.002510
vn -0.000555 -0.707108 -0.707106
vn -0.000751 -0.107491 -0.994206
vn 0.000751 -0.107491 -0.994206
vn 0.000555 -0.707108 -0.707106
vn -0.000751 -0.107491 0.994206
vn 0.000751 -0.107491 0.994206
vn 0.000751 0.107491 0.994206
vn -0.000751 0.107491 0.994206
vn -0.000828 0.999996 0.002510
vn 0.000828 0.999997 0.002510
vn 0.000828 0.999997 -0.002510
vn -0.000828 0.999996 -0.002510
vn -0.000751 0.107491 -0.994206
vn 0.000751 0.107491 -0.994206
vn 0.000751 -0.107491 -0.994206
vn -0.000751 -0.107491 -0.994206
vn -0.000828 -0.999996 -0.002510
vn 0.000828 -0.999997 -0.002510
vn 0.000828 -0.999997 0.002510
vn -0.000828 -0.999996 0.002510
vn 0.994217 -0.107370 0.002272
vn 0.994217 -0.107370 -0.002272
vn 0.994217 0.107370 -0.002272
vn 0.994217 0.107370 0.002272
vn -0.994217 -0.107370 -0.002272
vn -0.994217 -0.107370 0.002272
vn -0.994217 0.107370 0.002272
vn -0.994217 0.107370 -0.002272
vn -0.704978 -0.077552 0.704976
vn -0.994217 -0.107370 0.002272
vn -0.707104 -0.707107 0.001681
vn -0.577342 -0.577352 0.577357
vn -0.707104 -0.707107 0.001681
vn -0.000828 -0.999996 0.002510
vn -0.000555 -0.707108 0.707106
vn -0.577342 -0.577352 0.577357
vn -0.000555 -0.707108 0.707106
vn -0.000751 -0.107491 0.994206
vn -0.704978 -0.077552 0.704976
vn -0.577342 -0.577352 0.577357
vn 0.000555 -0.707108 0.707106
vn 0.000828 -0.999997 0.002510
vn 0.707110 -0.707102 0.001681
vn 0.577339 -0.577358 0.577354
vn 0.707110 -0.707102 0.001681
vn 0.994217 -0.107370 0.002272
vn 0.704978 -0.077553 0.704976
vn 0.577339 -0.577358 0.577354
vn 0.704978 -0.077553 0.704976
vn 0.000751 -0.107491 0.994206
vn 0.000555 -0.707108 0.707106
vn 0.577339 -0.577358 0.577354
vn -0.000555 0.707108 0.707106
vn -0.000828 0.999996 0.002510
vn -0.707104 0.707107 0.001681
vn -0.577343 0.577356 0.577352
vn -0.707104 0.707107 0.001681
vn -0.994217 0.107370 0.002272
vn -0.704978 0.077553 0.704976
vn -0.577343 0.577356 0.577352
vn -0.704978 0.077553 0.704976
vn -0.000751 0.107491 0.994206
vn -0.000555 0.707108 0.707106
vn -0.577343 0.577356 0.577352
vn 0.704978 0.077554 0.704976
vn 0.994217 0.107370 0.002272
vn 0.707110 0.707102 0.001681
vn 0.577341 0.577361 0.577349
vn 0.707110 0.707102 0.001681
vn 0.000828 0.999997 0.002510
vn 0.000555 0.707108 0.707106
vn 0.577341 0.577361 0.577349
vn 0.000555 0.707108 0.707106
vn 0.000751 0.107491 0.994206
vn 0.704978 0.077554 0.704976
vn 0.577341 0.577361 0.577349
vn -0.000555 0.707108 -0.707106
vn -0.000751 0.107491 -0.994206
vn -0.704977 0.077552 -0.704977
vn -0.577344 0.577356 -0.577351
vn -0.704977 0.077552 -0.704977
vn -0.994217 0.107370 -0.002272
vn -0.707104 0.707107 -0.001681
vn -0.577344 0.577356 -0.577351
vn -0.707104 0.707107 -0.001681
vn -0.000828 0.999996 -0.002510
vn -0.000555 0.707108 -0.707106
vn -0.577344 0.577356 -0.577351
vn 0.707110 0.707102 -0.001681
vn 0.994217 0.107370 -0.002272
vn 0.704977 0.077553 -0.704977
vn 0.577340 0.577360 -0.577351
vn 0.704977 0.077553 -0.704977
vn 0.000751 0.107491 -0.994206
vn 0.000555 0.707108 -0.707106
vn 0.577340 0.577360 -0.577351
vn 0.000555 0.707108 -0.707106
vn 0.000828 0.999997 -0.002510
vn 0.707110 0.707102 -0.001681
vn 0.577340 0.577360 -0.577351
vn -0.000555 -0.707108 -0.707106
vn -0.000828 -0.999996 -0.002510
vn -0.707104 -0.707107 -0.001681
vn -0.577339 -0.577355 -0.577356
vn -0.707104 -0.707107 -0.001681
vn -0.994217 -0.107370 -0.002272
vn -0.704976 -0.077552 -0.704978
vn -0.577339 -0.577355 -0.577356
vn -0.704976 -0.077552 -0.704978
vn -0.000751 -0.107491 -0.994206
vn -0.000555 -0.707108 -0.707106
vn -0.577339 -0.577355 -0.577356
vn 0.704977 -0.077554 -0.704978
vn 0.994217 -0.107370 -0.002272
vn 0.707110 -0.707102 -0.001681
vn 0.577338 -0.577358 -0.577354
vn 0.707110 -0.707102 -0.001681
vn 0.000828 -0.999997 -0.002510
vn 0.000555 -0.707108 -0.707106
vn 0.577338 -0.577358 -0.577354
vn 0.000555 -0.707108 -0.707106
vn 0.000751 -0.107491 -0.994206
vn 0.704977 -0.077554 -0.704978
vn 0.577338 -0.577358 -0.577354
s off
g S_U_14 Roof_Trim_Lower
usemtl set5
f 154/233/561 153/234/562 189/235/563 194/236/564
f 153/237/565 158/238/566 190/239/567 189/240/568
f 156/241/569 155/242/570 163/243/571 162/244/572
f 155/245/573 154/233/574 164/246/575 163/247/576
f 158/238/577 157/248/578 167/313/579 166/250/580
f 157/316/581 156/241/582 168/251/583 167/249/584
f 160/252/585 159/253/586 195/254/587 200/255/588
f 159/256/589 164/246/590 196/257/591 195/258/592
f 162/244/593 161/259/594 175/260/595 174/261/596
f 161/259/597 160/252/598 176/262/599 175/260/600
f 166/250/601 165/263/602 179/264/603 178/265/604
f 165/266/605 170/267/606 180/268/607 179/269/608
f 170/267/609 169/270/610 173/271/611 172/272/612
f 169/276/613 168/251/614 174/261/615 173/277/616
f 172/272/617 171/273/618 187/274/619 186/275/620
f 171/278/621 176/262/622 188/279/623 187/280/624
f 178/265/625 177/281/626 191/282/627 190/239/628
f 177/281/629 182/283/630 192/284/631 191/282/632
f 182/283/633 181/287/634 185/288/635 184/289/636
f 181/285/637 180/268/638 186/275/639 185/286/640
f 184/289/641 183/290/642 199/318/643 198/292/644
f 183/319/645 188/279/646 200/255/647 199/291/648
f 194/236/649 193/293/650 197/294/651 196/257/652
f 193/295/653 192/284/654 198/292/655 197/298/656
f 156/241/657 162/244/658 174/261/659 168/251/660
f 170/267/661 172/272/662 186/275/663 180/268/664
f 182/283/665 184/289/666 198/292/667 192/284/668
f 194/236/669 196/257/670 164/246/671 154/233/672
f 160/252/673 200/255/674 188/279/675 176/262/676
f 190/239/677 158/238/678 166/250/679 178/265/680
f 157/248/681 158/238/682 153/237/683 201/302/684
f 153/234/685 154/233/686 155/245/687 201/296/688
f 155/242/689 156/241/690 157/316/691 201/315/692
f 163/247/693 164/246/694 159/256/695 202/297/696
f 159/253/697 160/252/698 161/259/699 202/303/700
f 161/259/701 162/244/702 163/243/703 202/303/704
f 169/270/705 170/267/706 165/266/707 203/299/708
f 165/263/709 166/250/710 167/313/711 203/306/712
f 167/249/713 168/251/714 169/276/715 203/314/716
f 175/260/717 176/262/718 171/278/719 204/307/720
f 171/273/721 172/272/722 173/271/723 204/300/724
f 173/277/725 174/261/726 175/260/727 204/307/728
f 181/287/729 182/283/730 177/281/731 205/309/732
f 177/281/733 178/265/734 179/264/735 205/309/736
f 179/269/737 180/268/738 181/285/739 205/301/740
f 187/280/741 188/279/742 183/319/743 206/320/744
f 183/290/745 184/289/746 185/288/747 206/310/748
f 185/286/749 186/275/750 187/274/751 206/304/752
f 193/293/753 194/236/754 189/235/755 207/305/756
f 189/240/757 190/239/758 191/282/759 207/311/760
f 191/282/761 192/284/762 193/295/763 207/311/764
f 199/291/765 200/255/766 195/254/767 208/312/768
f 195/258/769 196/257/770 197/294/771 208/308/772
f 197/298/773 198/292/774 199/318/775 208/317/776
g default
v -753.822021 93.365555 -186.052841
v -753.822021 93.365555 156.676086
v -752.428223 93.365555 -189.268280
v -749.063354 93.365555 -190.600143
v 751.876465 93.365555 -190.600266
v 758.095276 93.365555 -188.024353
v 760.671204 93.365555 -181.805557
v 760.671204 93.365555 152.428787
v 758.095276 93.365555 158.647583
v 751.876465 93.365555 161.223495
v -749.063354 93.365555 161.223389
v -752.428223 93.365555 159.891510
v -755.547546 82.161163 157.033981
v -753.729980 82.161163 161.235809
v -749.392639 82.161163 162.949997
v -753.730286 82.161163 -190.612869
v -749.399841 82.161163 -192.326263
v -755.550354 82.161163 -186.411316
v 762.396179 82.161163 -182.148682
v 759.416931 82.161163 -189.346008
v 752.219727 82.161163 -192.325882
v 752.226929 82.161163 162.948624
v 759.417236 82.161163 159.969528
v 762.397644 82.161163 152.772202
v -757.483215 93.365555 157.435471
v -759.921997 90.926796 157.941299
v -759.921997 90.926796 -187.318054
v -757.483215 93.365555 -186.812241
v -759.921997 84.599922 157.941299
v -757.483215 82.161163 157.435471
v -757.483215 82.161163 -186.812241
v -759.921997 84.599922 -187.318054
v -757.020874 90.926796 -194.010910
v -755.184753 93.365555 -192.114822
v -755.184753 82.161163 -192.114822
v -757.020874 84.599922 -194.010910
v -750.226685 90.927734 -196.700134
v -749.771667 93.365555 -194.260437
v -749.761597 82.161163 -194.261383
v -750.226685 84.599922 -196.700134
v 753.089844 90.926796 -196.700256
v 752.604736 93.365555 -194.261505
v 752.614441 82.161163 -194.258545
v 753.089844 84.600914 -196.700256
v 762.764038 90.926796 -192.693069
v 760.897522 93.365555 -190.826523
v 760.897522 82.161163 -190.826523
v 762.764038 84.599922 -192.693069
v 766.771240 90.926796 -183.018936
v 764.332458 93.365555 -182.533829
v 764.332458 82.161163 -182.533829
v 766.771240 84.599922 -183.018936
v 766.771240 90.926796 153.642166
v 764.332458 93.365555 153.157059
v 764.332458 82.161163 153.157059
v 766.771240 84.599922 153.642166
v 762.764038 90.926796 163.316299
v 760.897522 93.365555 161.449753
v 760.897522 82.161163 161.449753
v 762.764038 84.599922 163.316299
v 753.089844 90.927773 167.323486
v 752.614868 93.365555 164.883759
v 752.604736 82.161163 164.884735
v 753.089844 84.599922 167.323486
v -750.226685 90.926796 167.323395
v -749.761597 93.365555 164.884644
v -749.771301 82.161163 164.881805
v -750.226685 84.600876 167.323395
v -757.020874 90.926796 164.634125
v -755.184753 93.365555 162.738052
v -755.184753 82.161163 162.738052
v -757.020874 84.599922 164.634125
v 59.760132 93.365555 161.223450
v 59.835999 93.365555 164.884155
v 59.877563 90.927322 167.323441
v 59.877472 84.600357 167.323441
v 59.826141 82.161163 164.883392
v 59.797089 82.161163 162.949249
v 459.790955 82.161163 162.948883
v 460.021454 82.161163 164.884155
v 460.323395 84.600113 167.323471
v 460.323425 90.927582 167.323471
v 460.031494 93.365555 164.883926
v 459.572906 93.365555 161.223480
vt 0.286977 0.766146
vt 0.007494 0.387857
vt 0.283139 0.766146
vt 0.008399 0.385770
vt 0.283136 0.556666
vt 0.010584 0.384905
vt 0.286974 0.556666
vt 0.535912 0.384828
vt 0.283135 0.552240
vt 0.795588 0.384790
vt 0.286974 0.552240
vt 0.985438 0.384762
vt 0.283135 0.547807
vt 0.989478 0.386434
vt 0.286974 0.547807
vt 0.991152 0.390471
vt 0.283122 -0.364302
vt 0.991192 0.607454
vt 0.286960 -0.364302
vt 0.989519 0.611491
vt 0.997663 0.502054
vt 0.985481 0.613164
vt 0.286960 -0.370655
vt 0.010626 0.613307
vt 0.008440 0.612442
vt 0.007535 0.610355
vt 0.005116 0.387365
vt 0.003534 0.386988
vt 0.005417 0.382643
vt 0.006608 0.383922
vt 0.005157 0.610849
vt 0.003575 0.611129
vt 0.006650 0.614291
vt 0.005460 0.615474
vt 0.010166 0.615683
vt 0.009873 0.617219
vt 0.985954 0.615541
vt 0.986272 0.617076
vt 0.991340 0.613310
vt 0.992554 0.614474
vt 0.993570 0.607926
vt 0.995156 0.608193
vt 0.993529 0.389997
vt -0.246815 1.761667
vt -0.245233 1.761288
vt 0.995115 0.389634
vt -0.243740 1.764730
vt -0.244930 1.766011
vt -0.246846 1.537538
vt 0.991297 0.384614
vt -0.245264 1.537816
vt -0.244962 1.533193
vt -0.243772 1.534374
vt 0.992512 0.383354
vt -0.240550 1.531447
vt -0.240250 1.532979
vt 0.735838 1.531269
vt 0.985917 0.382386
vt 0.735528 1.532804
vt 0.742122 1.533870
vt 0.740908 1.535031
vt 0.986228 0.380753
vt 0.744725 1.540149
vt 0.743139 1.540414
vt 0.744756 1.758696
vt 0.009829 0.380896
vt 0.743170 1.758331
vt 0.742154 1.764977
vt 0.740939 1.763715
vt 0.010130 0.382528
vt 0.735871 1.767579
vt 0.735554 1.765946
vt -0.240224 1.766121
vt 0.535960 0.382451
vt 0.535989 0.380819
vt 1.000000 0.502054
vt -0.240517 1.767756
vt -0.244009 1.538076
vt -0.243976 1.761027
vt 0.795886 0.382413
vt 1.000000 0.497945
vt 0.796077 0.380781
vt 0.791584 0.497945
vt 0.791584 0.502055
vt -0.242827 1.535348
vt -0.240015 1.534236
vt 0.283146 1.266520
vt 0.735271 1.534059
vt 0.286985 1.266520
vt 0.739946 1.535992
vt 0.286977 0.770571
vt 0.741882 1.540664
vt 0.283139 0.770572
vt 0.741913 1.758082
vt 0.283139 0.775005
vt 0.739978 1.762754
vt 0.286977 0.775005
vt 0.735308 1.764689
vt 0.981566 0.497945
vt -0.242795 1.763755
vt 0.981566 0.502055
vt -0.239978 1.764867
vt 0.987953 0.497945
vt 0.987953 0.502054
vt 0.285601 1.766026
vt 0.285637 1.767661
vt 0.990817 0.497945
vt 0.285582 1.764771
vt 0.545524 1.765980
vt 0.545374 1.764724
vt 0.545722 1.767614
vt 0.990817 0.502054
vt 0.283122 -0.370655
vt 0.997663 0.497945
vn 0.000000 1.000000 -0.000000
vn 0.000000 1.000000 -0.000000
vn 0.000000 1.000000 -0.000000
vn 0.000000 1.000000 -0.000000
vn 0.000000 1.000000 -0.000000
vn 0.000000 1.000000 -0.000000
vn 0.000000 1.000000 -0.000000
vn 0.000000 1.000000 -0.000000
vn 0.000000 1.000000 -0.000000
vn 0.000000 1.000000 -0.000000
vn 0.000000 1.000000 0.000000
vn 0.000000 1.000000 0.000000
vn 0.000000 1.000000 -0.000000
vn 0.000000 1.000000 -0.000000
vn -0.415746 0.909476 0.003082
vn -0.968065 0.250578 0.007772
vn -0.676270 0.232380 0.699041
vn -0.334667 0.876393 0.346314
vn -0.415746 0.909476 -0.003082
vn -0.968065 0.250579 -0.007772
vn -0.334792 0.876397 -0.346183
vn -0.676322 0.232230 -0.699040
vn -0.968065 -0.250578 0.007772
vn -0.522992 -0.852329 0.003876
vn -0.382758 -0.834686 0.395975
vn -0.676309 -0.232301 0.699030
vn -0.968065 -0.250579 -0.007772
vn -0.522994 -0.852328 -0.003876
vn -0.676255 -0.232365 -0.699060
vn -0.382749 -0.834646 -0.396068
vn -0.000662 0.911465 -0.411377
vn -0.001677 0.252577 -0.967575
vn -0.001678 -0.252306 -0.967646
vn -0.000832 -0.854429 -0.519567
vn 0.001017 0.910747 -0.412964
vn 0.002516 0.251581 -0.967833
vn 0.002513 -0.251998 -0.967725
vn 0.001288 -0.853235 -0.521525
vn 0.327226 0.886479 -0.327227
vn 0.686755 0.238229 -0.686742
vn 0.686781 -0.238164 -0.686739
vn 0.382975 -0.840655 -0.382922
vn 0.413758 0.910376 -0.004461
vn 0.967810 0.251442 -0.011000
vn 0.967810 -0.251442 -0.011000
vn 0.521258 -0.853381 -0.005620
vn 0.413758 0.910376 0.004461
vn 0.967810 0.251442 0.011000
vn 0.967810 -0.251442 0.011000
vn 0.521260 -0.853380 0.005620
vn 0.327303 0.886489 0.327125
vn 0.686794 0.238097 0.686748
vn 0.686740 -0.238215 0.686762
vn 0.382974 -0.840631 0.382976
vn 0.005115 0.910624 0.413205
vn 0.012578 0.252054 0.967632
vn 0.012592 -0.251652 0.967736
vn 0.006420 -0.853809 0.520548
vn -0.003103 0.252211 0.967667
vn -0.001219 0.911426 0.411462
vn -0.001546 -0.853979 0.520306
vn -0.003099 -0.252701 0.967539
vn 0.000000 -1.000000 0.000000
vn 0.000000 -1.000000 -0.000000
vn 0.000000 -1.000000 0.000001
vn 0.000000 -1.000000 0.000000
vn 0.000000 -1.000000 0.000000
vn 0.000000 -1.000000 0.000001
vn 0.000000 -1.000000 0.000000
vn 0.000000 -1.000000 -0.000000
vn 0.000000 -1.000000 -0.000001
vn 0.000000 -1.000000 -0.000000
vn 0.000000 -1.000000 -0.000000
vn 0.000000 -1.000000 -0.000001
vn -0.000000 0.926878 0.375362
vn -0.000000 0.266648 0.963794
vn -0.000000 -0.266475 0.963842
vn -0.000001 -0.871551 0.490305
vn 0.000000 -1.000000 -0.000001
vn -0.000001 -0.885260 0.465096
vn 0.000000 -1.000000 0.000000
vn -0.000000 -0.277771 0.960647
vn -0.000000 0.277548 0.960712
vn -0.000000 0.938249 0.345961
s 1
g S_U_14 Base_Middle
usemtl S_U_24_TsL08_Purple_TsL08_Network_TsL08SG
f 210/322/777 220/324/778 219/326/779 281/328/780 292/330/781 218/332/782 217/334/783 216/336/784 215/338/785 214/340/786 213/342/787 212/344/788 211/345/789 209/346/790
f 233/347/791 234/348/792 277/349/793 278/350/794
f 234/348/792 233/347/791 236/351/795 235/352/796
f 235/352/796 236/351/795 242/353/797 241/354/798
f 237/364/799 238/365/800 279/367/801 280/368/802
f 238/365/800 237/364/799 240/369/803 239/371/804
f 239/371/804 240/369/803 244/372/805 243/373/806
f 241/354/798 242/353/797 246/355/807 245/356/808
f 243/373/806 244/372/805 248/375/809 247/376/810
f 245/356/808 246/355/807 250/357/811 249/358/812
f 247/376/810 248/375/809 252/377/813 251/379/814
f 249/358/812 250/357/811 254/359/815 253/360/816
f 251/379/814 252/377/813 256/380/817 255/381/818
f 253/360/816 254/359/815 258/361/819 257/362/820
f 255/381/818 256/380/817 260/383/821 259/384/822
f 257/362/820 258/361/819 262/363/823 261/366/824
f 259/384/822 260/383/821 264/385/825 263/387/826
f 261/366/824 262/363/823 266/370/827 265/374/828
f 263/387/826 264/385/825 268/388/829 267/389/830
f 265/374/828 266/370/827 270/378/831 269/382/832
f 267/389/830 268/388/829 272/391/833 271/392/834
f 273/386/835 274/390/836 278/350/794 277/349/793
f 275/393/837 276/397/838 280/368/802 279/367/801
f 237/321/799 234/323/792 235/325/796 240/327/803
f 240/327/803 235/325/796 241/329/798 244/331/805
f 244/331/805 241/329/798 245/333/808 248/335/809
f 248/335/809 245/333/808 249/337/812 252/339/813
f 252/339/813 249/337/812 253/433/816 256/343/817
f 256/434/817 253/341/816 257/396/820 260/401/821
f 260/401/821 257/396/820 261/432/824 264/427/825
f 264/427/825 261/432/824 265/424/828 268/423/829
f 268/423/829 265/424/828 269/421/832 272/419/833
f 276/417/838 273/415/835 277/413/793 280/411/802
f 280/411/802 277/413/793 234/323/792 237/321/799
f 210/322/777 209/346/790 236/351/795 233/347/791
f 226/398/839 221/399/840 238/365/800 239/371/804
f 209/346/790 211/345/789 242/353/797 236/351/795
f 224/405/841 226/398/839 239/371/804 243/373/806
f 211/345/789 212/344/788 246/355/807 242/353/797
f 225/406/842 224/405/841 243/373/806 247/376/810
f 212/344/788 213/342/787 250/357/811 246/355/807
f 229/408/843 225/406/842 247/376/810 251/379/814
f 213/342/787 214/340/786 254/359/815 250/357/811
f 228/410/844 229/408/843 251/379/814 255/381/818
f 214/340/786 215/338/785 258/361/819 254/359/815
f 227/412/845 228/410/844 255/381/818 259/384/822
f 215/338/785 216/336/784 262/363/823 258/361/819
f 232/414/846 227/412/845 259/384/822 263/387/826
f 216/336/784 217/334/783 266/370/827 262/363/823
f 231/416/847 232/414/846 263/387/826 267/389/830
f 217/334/783 218/332/782 270/378/831 266/370/827
f 230/418/848 231/416/847 267/389/830 271/392/834
f 219/326/779 220/324/778 278/350/794 274/390/836
f 222/420/849 223/422/850 275/393/837 279/367/801
f 220/324/778 210/322/777 233/347/791 278/350/794
f 221/399/840 222/420/849 279/367/801 238/365/800
f 282/394/851 281/328/780 219/326/779 274/390/836
f 283/395/852 282/394/851 274/390/836 273/386/835
f 284/409/853 283/407/852 273/415/835 276/417/838
f 285/425/854 284/426/853 276/397/838 275/393/837
f 223/422/850 286/428/855 285/425/854 275/393/837
f 288/429/856 287/430/857 230/418/848 271/392/834
f 271/392/834 272/391/833 289/431/858 288/429/856
f 272/419/833 269/421/832 290/404/859 289/403/858
f 269/382/832 270/378/831 291/400/860 290/402/859
f 218/332/782 292/330/781 291/400/860 270/378/831
g default
v -311.990906 196.103729 167.558426
v -310.480042 196.252518 171.206009
v -306.832458 196.611771 172.716888
v -225.274323 196.611771 172.716888
v -221.626740 196.252518 171.206009
v -220.115860 196.103729 167.558426
v -642.931396 223.012299 171.206009
v -642.931396 226.659866 172.716888
v -646.579102 226.659866 171.206009
v -648.089905 226.659866 167.558426
v -646.579102 223.012299 167.558426
v -642.931396 221.501404 167.558426
v -642.931396 223.012299 -197.637314
v -642.931396 221.501404 -193.989746
v -646.579102 223.012299 -193.989746
v -648.089905 226.659866 -193.989746
v -646.579102 226.659866 -197.637314
v -642.931396 226.659866 -199.148209
v -648.089905 257.635498 167.558426
v -646.579102 257.635498 171.206009
v -642.931396 257.635498 172.716888
v -646.579102 257.635498 -197.637314
v -648.089905 257.635498 -193.989746
v -642.931396 257.635498 -199.148209
v 762.275574 223.012299 -197.637314
v 762.275574 226.659866 -199.148209
v 765.923096 226.659866 -197.637314
v 767.433960 226.659866 -193.989746
v 765.923096 223.012299 -193.989746
v 762.275574 221.501404 -193.989746
v 762.275574 223.012299 171.206009
v 762.275574 221.501404 167.558426
v 765.923096 223.012299 167.558426
v 767.433960 226.659866 167.558426
v 765.923096 226.659866 171.206009
v 762.275574 226.659866 172.716888
v 767.433960 257.635498 -193.989746
v 765.923096 257.635498 -197.637314
v 762.275574 257.635498 -199.148209
v 765.923096 257.635498 171.206009
v 767.433960 257.635498 167.558426
v 762.275574 257.635498 172.716888
v -336.880524 226.659866 172.716888
v -337.239777 223.012299 171.206009
v -337.388611 221.501404 167.558426
v -337.388611 221.501404 -193.989746
v -337.239777 223.012299 -197.637314
v -336.880524 226.659866 -199.148209
v -306.832458 196.611771 -199.148209
v -310.480042 196.252518 -197.637314
v -311.990906 196.103729 -193.989746
v -195.226242 226.659866 -199.148209
v -194.866989 223.012299 -197.637314
v -194.718170 221.501404 -193.989746
v -220.115860 196.103729 -193.989746
v -221.626740 196.252518 -197.637314
v -225.274323 196.611771 -199.148209
v -194.718170 221.501404 167.558426
v -194.866989 223.012299 171.206009
v -195.226242 226.659866 172.716888
v -313.924194 205.822998 167.558426
v -312.501007 206.412491 171.206009
v -309.065063 207.835693 172.716888
v -313.924194 205.822998 -193.989746
v -312.501007 206.412491 -197.637314
v -309.065063 207.835693 -199.148209
v -319.429718 214.062592 167.558426
v -318.340454 215.151871 171.206009
v -315.710693 217.781647 172.716888
v -319.429718 214.062592 -193.989746
v -318.340454 215.151871 -197.637314
v -315.710693 217.781647 -199.148209
v -327.669342 219.568115 167.558426
v -327.079834 220.991348 171.206009
v -325.656586 224.427261 172.716888
v -327.669342 219.568115 -193.989746
v -327.079834 220.991348 -197.637314
v -325.656586 224.427261 -199.148209
v -218.182571 205.822998 -193.989746
v -219.605774 206.412491 -197.637314
v -223.041718 207.835693 -199.148209
v -218.182571 205.822998 167.558426
v -219.605774 206.412491 171.206009
v -223.041718 207.835693 172.716888
v -212.677063 214.062592 -193.989746
v -213.766342 215.151871 -197.637314
v -216.396088 217.781647 -199.148209
v -212.677063 214.062592 167.558426
v -213.766342 215.151871 171.206009
v -216.396088 217.781647 172.716888
v -204.437454 219.568115 -193.989746
v -205.026962 220.991348 -197.637314
v -206.450180 224.427261 -199.148209
v -204.437454 219.568115 167.558426
v -205.026962 220.991348 171.206009
v -206.450180 224.427261 172.716888
v -645.908630 223.682663 170.535629
v -645.908630 223.682663 -196.966949
v 765.252686 223.682663 -196.966949
v 765.252686 223.682663 170.535629
v -195.226288 257.635498 172.716888
v -336.880524 257.635498 172.716888
v -195.226288 257.635498 -199.148209
v -336.880524 257.635498 -199.148209
v -310.480011 0.124277 171.206009
v -311.990906 0.096516 167.558426
v -311.990906 0.096513 -193.989609
v -310.480011 0.124277 -197.637161
v -306.832458 0.191311 -199.148026
v -225.274323 0.191308 -199.148026
v -221.626740 0.124277 -197.637161
v -220.115860 0.096516 -193.989609
v -220.115860 0.096513 167.558426
v -221.626740 0.124277 171.206009
v -225.274323 0.191311 172.716888
v -306.832458 0.191308 172.716888
vt 0.359020 1.359259
vt 1.706806 1.953421
vt 2.012341 0.409654
vt 2.004904 0.409399
vt 1.706802 1.956195
vt 1.491660 1.956210
vt -0.919812 1.350092
vt -0.923394 1.350213
vt -0.587797 2.255547
vt -0.591385 2.255541
vt 2.012352 1.060348
vt 1.491913 1.953436
vt 1.709569 1.956155
vt 0.356246 1.359003
vt -0.591220 1.386128
vt -0.587634 1.385997
vt 2.004896 1.060321
vt 2.004905 0.484153
vt 2.012342 0.483892
vt 2.004902 1.075181
vt 2.012467 1.074932
vt 1.709584 1.977965
vt -0.591393 2.262694
vt -0.587782 2.262569
vt -0.587786 2.290818
vt -0.591388 2.290819
vt 1.706805 1.977965
vt 0.719529 1.956202
vt 0.719527 1.953428
vt 2.012415 1.133617
vt 2.004931 1.133608
vt 2.004897 1.067750
vt 1.323158 1.067750
vt 1.323159 1.060320
vt 1.323154 1.075180
vt 1.315704 1.060348
vt 1.315714 0.483892
vt -0.591391 2.259117
vt -0.919638 2.259117
vt -0.919643 2.255541
vt -0.919637 2.262694
vt -0.923232 2.255546
vt 0.437548 1.377602
vt -0.919809 1.386128
vt 1.109867 1.380372
vt 0.419050 1.359039
vt 0.416277 1.359291
vt 0.122922 1.380372
vt 0.122918 1.377599
vt 1.392062 1.953424
vt 1.392316 1.956198
vt 0.716759 1.956160
vt 0.719527 1.977965
vt 0.716742 1.977965
vt 1.473803 1.934952
vt 0.337743 1.377593
vt 0.437295 1.380375
vt 0.337997 1.380366
vt 0.120157 1.380336
vt 1.471027 1.934952
vt 1.323151 0.484153
vt 1.315593 1.074932
vt 1.112634 1.380335
vt 1.112648 1.402129
vt 1.323123 1.133607
vt 1.315640 1.133615
vt 1.323152 0.409399
vt 1.315715 0.409654
vt 2.004906 0.428090
vt 1.323150 0.428090
vt 1.109870 1.402129
vt -0.587635 1.350214
vt -0.591218 1.350092
vt -0.919645 2.290818
vt -0.591212 1.359103
vt -0.919818 1.359103
vt 2.004905 0.446775
vt 1.323151 0.446775
vt 2.004907 0.465461
vt 1.323150 0.465461
vt -0.591211 1.368111
vt 1.413722 1.934952
vt -0.919819 1.368111
vt -0.591214 1.377118
vt 1.410947 1.934952
vt -0.919816 1.377118
vt 2.012160 0.428128
vt 1.315892 0.465426
vt 2.012119 0.446778
vt 1.315893 0.428127
vt 2.012159 0.465425
vt 1.315935 0.446778
vt -0.587692 1.359110
vt -0.923329 1.377110
vt -0.587701 1.368112
vt -0.923339 1.359110
vt -0.587703 1.377111
vt -0.923325 1.368112
vt 2.011198 1.067667
vt 1.316857 1.067668
vt -0.588427 2.259093
vt -0.922599 2.259092
vt 0.122915 1.402129
vt 0.120130 1.402129
vt 1.392319 1.977965
vt 1.400195 1.954610
vt -0.923250 2.262569
vt -0.923239 2.290817
vt 0.338011 1.402129
vt 0.357463 1.367148
vt 0.354867 1.366081
vt 0.429431 1.378812
vt 0.430502 1.376227
vt 0.352818 1.374133
vt 0.350830 1.372155
vt 0.345849 1.378801
vt 0.344777 1.376208
vt 0.420418 1.366106
vt 0.417825 1.367169
vt 0.424450 1.372174
vt 0.422468 1.374151
vt 0.120596 1.378040
vt 0.437289 1.402129
vt 1.483798 1.954648
vt 1.491638 1.977965
vt 1.484868 1.952063
vt 1.411841 1.942925
vt 1.409242 1.941848
vt 1.474805 1.941962
vt 1.472215 1.943020
vt 1.478820 1.948016
vt 1.476840 1.949988
vt 1.407175 1.949932
vt 1.405189 1.947947
vt 1.399119 1.952021
vt 1.709134 1.953838
vt 0.717192 1.953834
vt 1.109869 1.377599
vt 1.112188 1.378026
vt -0.923395 1.385997
vt 2.012312 0.039846
vt 0.356346 1.221223
vt 2.004870 0.039799
vt 1.323189 0.039797
vt 1.473803 1.796979
vt 1.315746 0.039844
vt 1.471027 1.796979
vt 1.413722 1.796979
vt -0.587704 1.172000
vt 1.410947 1.796979
vt -0.591288 1.171978
vt -0.919740 1.171978
vt 0.419176 1.221270
vt -0.923324 1.171999
vt 0.416403 1.221315
vt 0.359120 1.221273
vn -0.004698 -0.043410 0.999046
vn -0.003023 -0.382346 0.924015
vn -0.002570 -0.382467 0.923965
vn -0.000191 -0.028452 0.999595
vn -0.003026 -0.924013 0.382349
vn -0.004870 -0.999980 0.004121
vn -0.006134 -0.999972 0.004242
vn -0.005788 -0.923778 0.382884
vn -0.999047 -0.043455 0.003984
vn -0.924806 -0.027685 0.379430
vn -0.923886 0.000000 0.382667
vn -0.999992 0.000000 0.004137
vn -0.379434 -0.027685 0.924804
vn -0.004878 0.000000 0.999988
vn -0.382672 0.000000 0.923884
vn -0.382387 -0.923999 0.002561
vn -0.382387 -0.923999 -0.002561
vn -0.004870 -0.999980 -0.004121
vn -0.924003 -0.382376 0.002561
vn -0.999048 -0.043455 -0.003984
vn -0.924003 -0.382376 -0.002561
vn -0.003026 -0.924012 -0.382351
vn -0.005788 -0.923778 -0.382885
vn -0.006134 -0.999972 -0.004242
vn -0.003023 -0.382349 -0.924013
vn -0.004698 -0.043410 -0.999046
vn -0.000191 -0.028452 -0.999595
vn -0.002570 -0.382471 -0.923964
vn -0.379440 -0.027685 -0.924802
vn -0.382678 0.000000 -0.923882
vn -0.004879 0.000000 -0.999988
vn -0.924805 -0.027684 -0.379433
vn -0.999992 0.000000 -0.004137
vn -0.923885 0.000000 -0.382670
vn 0.001513 -0.043537 -0.999051
vn 0.000972 -0.382579 -0.923922
vn 0.000841 -0.382617 -0.923907
vn 0.000079 -0.036004 -0.999352
vn 0.000972 -0.923923 -0.382577
vn 0.001567 -0.999990 -0.004132
vn 0.002000 -0.999989 -0.004237
vn 0.001889 -0.923850 -0.382750
vn 0.999047 -0.043457 -0.003984
vn 0.924800 -0.027687 -0.379445
vn 0.923880 0.000000 -0.382683
vn 0.999992 0.000000 -0.004137
vn 0.379457 -0.027685 -0.924795
vn 0.001572 0.000000 -0.999999
vn 0.382695 0.000000 -0.923875
vn 0.382407 -0.923991 -0.002561
vn 0.382407 -0.923991 0.002561
vn 0.001567 -0.999990 0.004132
vn 0.923996 -0.382395 -0.002561
vn 0.999047 -0.043457 0.003984
vn 0.923996 -0.382395 0.002561
vn 0.000972 -0.923924 0.382575
vn 0.001889 -0.923850 0.382749
vn 0.002000 -0.999989 0.004237
vn 0.000972 -0.382576 0.923924
vn 0.001513 -0.043536 0.999051
vn 0.000079 -0.036004 0.999352
vn 0.000841 -0.382613 0.923908
vn 0.379451 -0.027685 0.924798
vn 0.382688 0.000000 0.923878
vn 0.001572 0.000000 0.999999
vn 0.924801 -0.027686 0.379443
vn 0.999992 0.000000 0.004137
vn 0.923881 0.000000 0.382680
vn 0.000000 0.000000 1.000000
vn -0.000000 0.000000 -1.000000
vn -0.999947 -0.009399 0.004245
vn -0.923867 -0.382688 0.004536
vn -0.923867 -0.382688 -0.004536
vn -0.999947 -0.009399 -0.004245
vn -0.707098 -0.707101 0.004553
vn -0.707098 -0.707101 -0.004553
vn -0.382687 -0.923867 0.004536
vn -0.382687 -0.923867 -0.004536
vn 0.999947 -0.009399 -0.004245
vn 0.923867 -0.382687 -0.004536
vn 0.923867 -0.382687 0.004536
vn 0.999947 -0.009399 0.004245
vn 0.707099 -0.707100 -0.004553
vn 0.707099 -0.707100 0.004553
vn 0.382686 -0.923867 -0.004536
vn 0.382686 -0.923867 0.004536
vn 0.001226 -0.002936 -0.999995
vn -0.001227 -0.002936 -0.999995
vn -0.000000 0.000000 -1.000000
vn -0.923715 -0.008865 0.382978
vn -0.850832 -0.353165 0.389049
vn -0.382352 -0.003929 0.924009
vn -0.016560 -0.000170 0.999863
vn -0.012382 -0.005173 0.999910
vn -0.347297 -0.145081 0.926464
vn -0.353164 -0.850828 -0.389058
vn -0.145083 -0.347301 -0.926463
vn 0.923714 -0.008866 -0.382981
vn 0.850830 -0.353164 -0.389054
vn 0.382351 -0.003930 -0.924009
vn 0.016560 -0.000171 -0.999863
vn 0.012382 -0.005173 -0.999910
vn 0.347301 -0.145083 -0.926463
vn 0.353164 -0.850828 0.389058
vn 0.001227 -0.002936 0.999995
vn 0.145082 -0.347300 0.926463
vn -0.651398 -0.651398 0.389052
vn -0.011387 -0.011387 0.999870
vn -0.266142 -0.266142 0.926465
vn -0.016560 -0.000171 -0.999863
vn -0.382356 -0.003930 -0.924007
vn -0.347301 -0.145082 -0.926463
vn -0.012382 -0.005173 -0.999910
vn -0.923714 -0.008865 -0.382981
vn -0.850831 -0.353166 -0.389051
vn -0.353164 -0.850829 0.389057
vn -0.001227 -0.002936 0.999995
vn -0.145081 -0.347299 0.926464
vn -0.266144 -0.266143 -0.926464
vn -0.011387 -0.011387 -0.999870
vn -0.651396 -0.651398 -0.389054
vn 0.651398 -0.651395 -0.389056
vn 0.011387 -0.011387 -0.999870
vn 0.266145 -0.266143 -0.926464
vn 0.016560 -0.000170 0.999863
vn 0.382351 -0.003929 0.924009
vn 0.347298 -0.145082 0.926464
vn 0.012382 -0.005173 0.999910
vn 0.923715 -0.008865 0.382978
vn 0.850831 -0.353164 0.389052
vn 0.353165 -0.850828 -0.389059
vn 0.145083 -0.347302 -0.926462
vn 0.266143 -0.266142 0.926465
vn 0.011387 -0.011387 0.999870
vn 0.651398 -0.651396 0.389055
vn -0.325261 -0.887921 0.325270
vn -0.325265 -0.325272 0.887919
vn -0.887922 -0.325260 0.325271
vn -0.325260 -0.325275 -0.887920
vn -0.325257 -0.887924 -0.325267
vn -0.887924 -0.325252 -0.325273
vn 0.325280 -0.887914 -0.325273
vn 0.325277 -0.325274 -0.887914
vn 0.887913 -0.325283 -0.325271
vn 0.325280 -0.325270 0.887915
vn 0.325274 -0.887917 0.325269
vn 0.887915 -0.325278 0.325270
vn 0.000000 0.000000 1.000000
vn -0.999992 0.000000 0.004120
vn -0.923879 0.000000 0.382684
vn -0.999992 -0.000000 -0.004120
vn -0.923878 -0.000000 -0.382688
vn -0.017900 -0.000001 -0.999840
vn -0.382689 -0.000001 -0.923877
vn 0.017900 -0.000001 -0.999840
vn 0.382684 -0.000001 -0.923879
vn 0.999992 -0.000000 -0.004120
vn 0.923878 -0.000000 -0.382688
vn 0.999992 0.000000 0.004120
vn 0.923879 0.000000 0.382684
vn 0.017900 0.000000 0.999840
vn 0.382684 0.000000 0.923879
vn -0.017900 0.000000 0.999840
vn -0.382685 0.000000 0.923879
s 1
g S_U_14 Base_Pillar
usemtl aiStandardSurface60SG
f 300/482/861 299/483/862 336/490/863 335/492/864
s 2
f 299/445/865 304/451/866 337/452/867 336/453/868
s 3
f 302/454/869 301/455/870 312/464/871 311/465/872
s 1
f 301/493/873 300/482/861 313/537/874 312/538/875
s 2
f 304/451/866 303/466/876 307/467/877 306/468/878
s 3
f 303/466/879 302/454/869 308/469/880 307/467/881
s 2
f 306/468/878 305/470/882 339/471/883 338/495/884
s 4
f 305/436/885 310/439/886 340/440/887 339/446/888
f 310/439/886 309/447/889 314/456/890 316/461/891
s 3
f 309/496/892 308/469/880 315/499/893 314/500/894
s 4
f 318/462/895 317/463/896 345/484/897 344/485/898
s 6
f 317/443/899 322/444/900 346/449/901 345/450/902
s 7
f 320/457/903 319/458/904 330/459/905 329/460/906
s 4
f 319/486/907 318/462/895 331/487/908 330/488/909
s 6
f 322/444/900 321/472/910 325/473/911 324/474/912
s 7
f 321/472/913 320/457/903 326/475/914 325/473/915
s 6
f 324/474/912 323/476/916 351/574/917 350/478/918
s 1
f 323/572/919 328/479/920 352/491/921 351/477/922
f 328/479/920 327/497/923 332/498/924 334/505/925
s 7
f 327/541/926 326/475/914 333/508/927 332/542/928
s 3
f 308/469/880 302/454/869 311/465/872 315/499/893
s 7
f 326/475/914 320/457/903 329/460/906 333/508/927
s 2
f 338/495/884 337/452/867 304/451/866 306/468/878
s 6
f 350/478/918 346/449/901 322/444/900 324/474/912
s 1
f 335/492/864 394/543/929 313/537/874 300/482/861
s 4
f 344/485/898 395/539/930 331/487/908 318/462/895
s 2
f 293/438/931 353/503/932 356/504/933 343/501/934
f 353/503/932 359/511/935 362/512/936 356/504/933
f 359/511/935 365/513/937 368/514/938 362/512/936
f 365/513/937 337/452/867 338/495/884 368/514/938
s 6
f 347/507/939 371/509/940 374/510/941 298/441/942
f 371/509/940 377/515/943 380/517/944 374/510/941
f 377/515/943 383/518/945 386/520/946 380/517/944
f 383/518/945 346/449/901 350/478/918 386/520/946
s 4
f 385/540/947 370/558/948 340/440/887 396/559/949 395/539/930 344/485/898
s 2
f 293/438/931 294/437/950 354/521/951 353/503/932
s 1
f 294/448/952 295/435/953 355/544/954 354/545/955
s 2
f 338/495/884 339/471/883 369/522/956 368/514/938
s 4
f 339/446/888 340/440/887 370/558/948 369/560/957
s 6
f 347/507/939 348/506/958 372/527/959 371/509/940
s 4
f 348/519/960 349/516/961 373/561/962 372/562/963
s 6
f 350/478/918 351/574/917 387/528/964 386/520/946
s 1
f 351/477/922 352/491/921 388/546/965 387/547/966
s 2
f 353/503/932 354/521/951 360/523/967 359/511/935
s 1
f 354/545/955 355/544/954 361/548/968 360/549/969
s 4
f 341/494/970 342/489/971 357/563/972 358/564/973
s 2
f 342/502/974 343/501/934 356/504/933 357/524/975
f 359/511/935 360/523/967 366/525/976 365/513/937
s 1
f 360/549/969 361/548/968 367/550/977 366/551/978
s 4
f 358/564/973 357/563/972 363/565/979 364/566/980
s 2
f 357/524/975 356/504/933 362/512/936 363/526/981
s 1
f 335/492/864 336/490/863 366/551/978 367/550/977
s 2
f 336/453/868 337/452/867 365/513/937 366/525/976
s 4
f 364/566/980 363/565/979 369/560/957 370/558/948
s 2
f 363/526/981 362/512/936 368/514/938 369/522/956
s 6
f 371/509/940 372/527/959 378/529/982 377/515/943
s 4
f 372/562/963 373/561/962 379/567/983 378/568/984
s 1
f 296/481/985 297/480/986 375/552/987 376/553/988
s 6
f 297/442/989 298/441/942 374/510/941 375/530/990
f 377/515/943 378/529/982 384/531/991 383/518/945
s 4
f 378/568/984 379/567/983 385/540/947 384/569/992
s 1
f 376/553/988 375/552/987 381/554/993 382/555/994
s 6
f 375/530/990 374/510/941 380/517/944 381/532/995
s 4
f 344/485/898 345/484/897 384/569/992 385/540/947
s 6
f 345/450/902 346/449/901 383/518/945 384/531/991
s 1
f 382/555/994 381/554/993 387/547/966 388/546/965
s 6
f 381/532/995 380/517/944 386/520/946 387/528/964
s 2
f 303/466/876 304/451/866 299/445/865 389/533/996
s 1
f 299/483/862 300/482/861 301/493/873 389/556/997
s 3
f 301/455/870 302/454/869 303/466/879 389/533/998
s 4
f 309/447/889 310/439/886 305/436/885 390/570/999
s 2
f 305/470/882 306/468/878 307/467/877 390/534/1000
s 3
f 307/467/881 308/469/880 309/496/892 390/534/1001
s 6
f 321/472/910 322/444/900 317/443/899 391/535/1002
s 4
f 317/463/896 318/462/895 319/486/907 391/571/1003
s 7
f 319/458/904 320/457/903 321/472/913 391/535/1004
s 1
f 327/497/923 328/479/920 323/572/919 392/573/1005
s 6
f 323/476/916 324/474/912 325/473/911 392/536/1006
s 7
f 325/473/915 326/475/914 327/541/926 392/536/1007
s 1
f 295/435/953 296/481/985 376/553/988 355/544/954
f 393/557/1008 352/491/921 328/479/920 334/505/925
f 393/557/1008 394/543/929 335/492/864 367/550/977 388/546/965 352/491/921
f 355/544/954 376/553/988 382/555/994 361/548/968
f 361/548/968 382/555/994 388/546/965 367/550/977
s 4
f 349/516/961 341/494/970 358/564/973 373/561/962
f 373/561/962 358/564/973 364/566/980 379/567/983
f 396/559/949 340/440/887 310/439/886 316/461/891
f 379/567/983 364/566/980 370/558/948 385/540/947
s 2
f 398/577/1009 397/575/1010 294/437/950 293/438/931
f 343/501/934 399/578/1011 398/577/1009 293/438/931
f 400/580/1012 399/578/1011 343/501/934 342/502/974
s 4
f 401/581/1013 400/579/1014 342/489/971 341/494/970
f 349/516/961 402/582/1015 401/581/1013 341/494/970
f 403/584/1016 402/582/1015 349/516/961 348/519/960
s 6
f 404/585/1017 403/583/1018 348/506/958 347/507/939
f 298/441/942 405/586/1019 404/585/1017 347/507/939
f 406/588/1020 405/586/1019 298/441/942 297/442/989
s 1
f 407/589/1021 406/587/1022 297/480/986 296/481/985
f 295/435/953 408/590/1023 407/589/1021 296/481/985
f 397/576/1024 408/590/1023 295/435/953 294/448/952
g default
v 760.671204 0.026922 161.223495
v 760.671204 245.357208 161.223495
v 760.671204 245.357208 -190.600266
v 760.671204 0.026922 -190.600266
v -777.822937 0.026922 156.676086
v -772.884949 0.026922 161.223389
v -776.376648 0.026922 159.891510
v -769.291199 45.279751 156.676086
v -767.897400 44.959194 159.891510
v -764.532532 44.185299 161.223389
v -608.649231 245.357208 156.676102
v -605.522522 245.357208 159.891510
v -597.974060 245.357208 161.223389
v -640.516541 221.177414 156.676086
v -638.106262 221.107971 159.891510
v -631.794006 221.165741 161.223389
v -686.367737 178.259903 156.676086
v -685.248474 177.363022 159.891510
v -682.546204 175.197739 161.223389
v -722.817322 135.024200 156.676086
v -721.565979 134.330490 159.891510
v -718.544861 132.655746 161.223389
v -750.216003 90.613274 156.676086
v -748.878113 90.105392 159.891510
v -745.648010 88.879257 161.223389
v -777.822937 0.026922 -186.052841
v -776.376648 0.026922 -189.268280
v -772.884949 0.026922 -190.600143
v -769.291199 45.279751 -186.052841
v -767.897400 44.959194 -189.268280
v -764.532532 44.185299 -190.600143
v -750.216003 90.613274 -186.052841
v -748.878113 90.105392 -189.268280
v -745.648010 88.879257 -190.600143
v -722.817322 135.024200 -186.052841
v -721.565979 134.330490 -189.268280
v -718.544861 132.655746 -190.600143
v -686.367737 178.259903 -186.052841
v -685.248474 177.363022 -189.268280
v -682.546204 175.197739 -190.600143
v -640.607666 221.108276 -186.052841
v -638.028259 221.166000 -189.268280
v -631.884155 221.101273 -190.600143
v -608.649231 245.357208 -186.052856
v -597.974060 245.357208 -190.600143
v -605.522522 245.357208 -189.268280
v 760.671204 44.959198 161.223495
v 760.671204 44.959198 -190.600266
v -728.616028 87.565811 -190.600128
v 760.671204 88.172821 -190.600266
v 760.671204 88.172821 161.223495
v -728.616028 87.565811 161.223389
v -732.936157 87.899017 -190.600143
v -732.936157 87.899017 161.223389
v -618.005432 221.163025 -190.600128
v 760.671204 221.256104 -190.600266
v 760.671204 221.256104 161.223495
v -618.005432 221.163025 161.223389
vt -4.636786 -0.286024
vt 1.210054 1.750619
vt -1.297766 2.890584
vt 2.462964 2.890584
vt 2.463019 2.998051
vt 5.560285 1.411967
vt 5.579209 1.412621
vt -4.650845 -0.286140
vt -4.650138 -0.465863
vt 0.383147 1.453605
vt -4.632370 -0.488584
vt -4.664112 -0.286213
vt -4.664166 -0.456479
vt -1.210847 2.998051
vt -1.304209 2.890584
vt 1.218158 1.750619
vt 0.383863 1.104651
vt 0.383944 0.945079
vt 0.383484 1.277533
vt 5.712821 1.273705
vt 5.821197 1.145598
vt 5.902815 1.013736
vt -4.239412 1.019539
vt 1.431112 0.944725
vt -4.229040 1.015444
vt 4.776585 -0.746346
vt 1.442792 1.453183
vt -3.886103 1.413753
vt -4.724402 -0.671995
vt 1.432024 1.453617
vt 1.442463 1.277703
vt -4.038959 1.275349
vt 1.431704 1.277407
vt 1.442027 1.104854
vt -4.147377 1.147278
vt 1.431282 1.104362
vt -1.301069 2.890584
vt 0.373198 0.945573
vt 0.373118 1.105145
vt 0.372731 1.277829
vt 5.721498 1.280746
vt 0.372371 1.453169
vt 5.830904 1.151085
vt 5.913188 1.017828
vt -1.282894 2.998051
vt -4.157081 1.152768
vt 1.441859 0.945213
vt -4.047633 1.282393
vt -3.905532 1.414042
vt -5.967877 -0.465438
vt -1.295245 2.998051
vt -5.967055 -0.285716
vt 1.237201 1.922404
vt 1.218846 1.922404
vt 1.226754 1.750619
vt 1.256898 1.922404
vt -0.080869 1.750619
vt -0.072269 1.750619
vt -0.091330 1.922404
vt -0.111039 1.922404
vt -0.064165 1.750619
vt -5.981114 -0.285591
vt -0.072965 1.922404
vt -5.953844 -0.456063
vt -1.269576 2.998051
vt -2.050561 2.890584
vt -2.047261 2.890584
vt -2.065440 2.998051
vt 7.133359 1.750619
vt 7.133398 1.922404
vt -5.992734 1.922404
vt 8.476751 1.750619
vt -5.992687 1.750619
vt 8.476755 1.922404
vt 5.851519 1.009787
vt 1.366633 1.012367
vt 0.307141 1.012546
vt -4.177746 1.011478
vt 5.864530 1.010789
vt -4.190755 1.012483
vt -2.078756 2.998051
vt -2.044127 2.890584
vt -2.053092 2.998051
vt -5.811453 2.998051
vt 3.338096 2.890584
vt -2.137480 2.998051
vt -2.123044 2.998051
vt -1.225280 2.998051
vt -5.811385 2.890584
vt 3.338098 2.998051
vt 5.518490 1.412161
vt 1.366701 1.413138
vt 0.307209 1.413316
vt -3.844580 1.413739
vt -5.953789 -0.285797
vt 0.541520 -0.746260
vt 0.541519 -0.672114
vt -0.547135 -0.672088
vt -0.547136 -0.746287
vt -6.013283 -0.373224
vt 4.715048 -0.672028
vt -4.604673 -0.373678
vt -5.985660 -0.488147
vt -4.785991 -0.746379
vn -0.982064 0.185161 0.035590
vn -0.719747 0.135818 0.680821
vn -0.689620 0.210515 0.692898
vn -0.955969 0.291200 0.036406
vn -0.719747 0.135818 0.680821
vn -0.045181 0.008536 0.998942
vn -0.041039 0.012732 0.999076
vn -0.689620 0.210515 0.692898
vn -0.032707 0.038733 -0.998714
vn -0.230253 0.275295 -0.933379
vn -0.199330 0.273507 -0.940990
vn -0.001285 0.001763 -0.999998
vn -0.595564 0.692817 -0.406582
vn -0.652691 0.756568 -0.039983
vn -0.602960 0.795619 -0.058555
vn -0.541007 0.720126 -0.434430
vn -0.041039 0.012732 0.999076
vn -0.000000 0.000000 1.000000
vn -0.000000 0.000000 1.000000
vn -0.000000 0.000000 1.000000
vn -0.000000 0.000000 -1.000000
vn -0.032707 0.038733 -0.998714
vn -0.001285 0.001763 -0.999998
vn -0.955969 0.291200 0.036406
vn -0.689620 0.210515 0.692898
vn -0.638406 0.330956 0.694915
vn -0.887486 0.459389 0.036465
vn -0.689620 0.210515 0.692898
vn -0.041039 0.012732 0.999076
vn -0.038930 0.020455 0.999033
vn -0.638406 0.330956 0.694915
vn -0.001285 0.001763 0.999998
vn -0.301893 0.408330 0.861468
vn -0.443733 0.520286 0.729660
vn -0.032707 0.038733 0.998714
vn -0.301893 0.408330 0.861468
vn -0.602960 0.795620 0.058555
vn -0.652691 0.756568 0.039983
vn -0.443733 0.520286 0.729660
vn -0.032707 0.038733 0.998714
vn -0.443733 0.520286 0.729660
vn -0.520887 0.490695 0.698495
vn -0.033969 0.032184 0.998905
vn -0.443733 0.520286 0.729660
vn -0.652691 0.756568 0.039983
vn -0.727673 0.684941 0.036721
vn -0.520887 0.490695 0.698495
vn -0.033969 0.032184 0.998905
vn -0.520887 0.490695 0.698495
vn -0.581009 0.423677 0.694930
vn -0.037588 0.027738 0.998908
vn -0.520887 0.490695 0.698495
vn -0.727673 0.684941 0.036721
vn -0.807839 0.588275 0.036460
vn -0.581009 0.423677 0.694930
vn -0.037588 0.027738 0.998908
vn -0.581009 0.423677 0.694930
vn -0.638406 0.330956 0.694915
vn -0.038930 0.020455 0.999033
vn -0.581009 0.423677 0.694930
vn -0.807839 0.588275 0.036460
vn -0.887486 0.459389 0.036465
vn -0.638406 0.330956 0.694915
vn -0.045181 0.008536 -0.998942
vn -0.376517 0.071134 -0.923675
vn -0.365759 0.110109 -0.924173
vn -0.041039 0.012732 -0.999076
vn -0.908068 0.171282 -0.382197
vn -0.982064 0.185161 -0.035590
vn -0.955969 0.291200 -0.036406
vn -0.882967 0.270933 -0.383360
vn -0.041039 0.012732 -0.999076
vn -0.365759 0.110109 -0.924173
vn -0.341550 0.174965 -0.923434
vn -0.038930 0.020455 -0.999033
vn -0.882967 0.270933 -0.383360
vn -0.955969 0.291200 -0.036406
vn -0.887486 0.459389 -0.036465
vn -0.819815 0.426945 -0.381604
vn -0.038930 0.020455 -0.999033
vn -0.341550 0.174965 -0.923434
vn -0.311335 0.224690 -0.923355
vn -0.037588 0.027738 -0.998908
vn -0.819815 0.426945 -0.381604
vn -0.887486 0.459389 -0.036465
vn -0.807839 0.588275 -0.036460
vn -0.745863 0.546055 -0.381460
vn -0.037588 0.027738 -0.998908
vn -0.311335 0.224690 -0.923355
vn -0.279480 0.262102 -0.923685
vn -0.033969 0.032184 -0.998905
vn -0.745863 0.546055 -0.381460
vn -0.807839 0.588275 -0.036460
vn -0.727673 0.684941 -0.036721
vn -0.672042 0.634198 -0.382300
vn -0.033969 0.032184 -0.998905
vn -0.279480 0.262102 -0.923685
vn -0.230253 0.275295 -0.933379
vn -0.032707 0.038733 -0.998714
vn -0.672042 0.634198 -0.382300
vn -0.727673 0.684941 -0.036721
vn -0.652691 0.756568 -0.039983
vn -0.595564 0.692817 -0.406582
vn 1.000000 0.000000 0.000000
vn 1.000000 0.000000 0.000000
vn 1.000000 0.000000 0.000000
vn 1.000000 0.000000 0.000000
vn -0.982064 0.185161 -0.035590
vn -0.982064 0.185161 0.035590
vn -0.955969 0.291200 0.036406
vn -0.955969 0.291200 -0.036406
vn -0.955969 0.291200 0.036406
vn -0.887486 0.459389 0.036465
vn -0.887486 0.459389 -0.036465
vn -0.955969 0.291200 -0.036406
vn -0.887486 0.459389 0.036465
vn -0.807839 0.588275 0.036460
vn -0.807839 0.588275 -0.036460
vn -0.887486 0.459389 -0.036465
vn -0.807839 0.588275 0.036460
vn -0.727673 0.684941 0.036721
vn -0.727673 0.684941 -0.036721
vn -0.807839 0.588275 -0.036460
vn -0.727673 0.684941 0.036721
vn -0.652691 0.756568 0.039983
vn -0.652691 0.756568 -0.039983
vn -0.727673 0.684941 -0.036721
vn -0.652691 0.756568 0.039983
vn -0.602960 0.795620 0.058555
vn -0.602960 0.795619 -0.058555
vn -0.652691 0.756568 -0.039983
vn -0.033969 0.032184 -0.998905
vn -0.038930 0.020455 -0.999033
vn -0.037588 0.027738 -0.998908
vn 0.000000 -0.000000 -1.000000
vn -0.033969 0.032184 0.998905
vn -0.038930 0.020455 0.999033
vn 0.000000 0.000000 1.000000
vn -0.032707 0.038733 0.998714
vn -0.037588 0.027738 0.998908
vn -0.045181 0.008536 0.998942
vn 0.000000 0.000000 1.000000
vn 1.000000 0.000000 0.000000
vn 1.000000 0.000000 0.000000
vn -0.045181 0.008536 -0.998942
vn -0.041039 0.012732 -0.999076
vn -0.000000 0.000000 -1.000000
vn 0.000000 0.000000 -1.000000
vn -0.000000 0.000000 1.000000
vn -0.000000 0.000000 -1.000000
vn -0.000000 0.000000 -1.000000
vn -0.000000 -0.000000 -1.000000
vn 1.000000 0.000000 0.000000
vn 1.000000 0.000000 0.000000
vn -0.000000 0.000000 1.000000
vn 0.000000 0.000000 -1.000000
vn 1.000000 0.000000 0.000000
vn 1.000000 0.000000 0.000000
vn 0.000000 0.000000 1.000000
vn -0.001285 0.001763 0.999998
s off
g S_U_14 Base
usemtl aiStandardSurface53SG
f 413/592/1025 415/606/1026 417/643/1027 416/644/1028
f 415/606/1029 414/645/1030 418/646/1031 417/643/1032
usemtl TsL11_Network_set1
f 451/591/1033 450/598/1034 454/599/1035 453/601/1036
f 450/598/1037 449/602/1038 452/603/1039 454/599/1040
s 1
usemtl aiStandardSurface54SG
f 418/593/1041 455/594/1042 459/595/1043 460/604/1044
s 2
usemtl TsL11_Network_set1
f 463/692/1045 451/591/1046 453/601/1047
s off
usemtl aiStandardSurface54SG
f 416/605/1048 417/627/1049 432/635/1050 431/641/1051
f 417/627/1052 418/593/1053 433/655/1054 432/635/1055
usemtl TsL11_Network_set1
f 421/693/1056 420/640/1057 423/642/1058 424/652/1059
f 420/640/1060 419/654/1061 422/685/1062 423/642/1063
f 424/618/1064 423/639/1065 426/638/1066 427/622/1067
f 423/617/1068 422/620/1069 425/623/1070 426/621/1071
f 427/622/1072 426/638/1073 429/636/1074 430/625/1075
f 426/621/1076 425/623/1077 428/626/1078 429/624/1079
f 430/625/1080 429/636/1081 432/613/1082 433/615/1083
f 429/624/1084 428/626/1085 431/614/1086 432/637/1087
usemtl aiStandardSurface53SG
f 436/647/1088 435/648/1089 438/649/1090 439/650/1091
f 435/648/1092 434/651/1093 437/653/1094 438/649/1095
usemtl aiStandardSurface54SG
f 439/656/1096 438/657/1097 441/658/1098 442/671/1099
f 438/657/1100 437/672/1101 440/673/1102 441/658/1103
usemtl TsL11_Network_set1
f 442/612/1104 441/634/1105 444/633/1106 445/611/1107
f 441/628/1108 440/608/1109 443/607/1110 444/629/1111
f 445/611/1112 444/633/1113 447/631/1114 448/610/1115
f 444/629/1116 443/607/1117 446/609/1118 447/630/1119
f 448/610/1120 447/631/1121 450/597/1122 451/596/1123
f 447/630/1124 446/609/1125 449/600/1126 450/632/1127
s 3
usemtl aiStandardSurface54SG
f 458/680/1128 459/595/1129 455/594/1130 456/675/1131
s off
usemtl aiStandardSurface53SG
f 434/651/1132 413/592/1133 416/644/1134 437/653/1135
usemtl aiStandardSurface54SG
f 416/605/1136 431/641/1137 440/673/1138 437/672/1139
usemtl TsL11_Network_set1
f 431/614/1140 428/626/1141 443/607/1142 440/608/1143
f 428/626/1144 425/623/1145 446/609/1146 443/607/1147
f 425/623/1148 422/620/1149 449/600/1150 446/609/1151
f 422/685/1152 419/654/1153 452/603/1154 449/602/1155
s 2
f 448/610/1156 442/612/1157 445/611/1158
f 461/669/1159 442/612/1157 448/610/1156 451/596/1046
s 1
f 427/622/1160 433/615/1161 462/670/1162 424/618/1163
f 433/615/1161 427/622/1160 430/625/1164
usemtl aiStandardSurface53SG
f 414/645/1165 409/659/1166 455/660/1042 418/646/1041
s 3
f 456/664/1131 455/660/1130 409/659/1167 412/662/1168
s 2
f 436/647/1169 439/650/1170 456/661/1171 412/663/1172
s 1
usemtl TsL11_Network_set1
f 462/670/1162 460/668/1044 466/684/1173 424/618/1163
s 2
usemtl aiStandardSurface54SG
f 456/679/1171 439/656/1170 457/676/1174 458/674/1175
usemtl TsL11_Network_set1
f 458/666/1175 457/665/1174 463/681/1045 464/682/1176
s 3
f 464/682/1177 465/683/1178 459/667/1129 458/666/1128
s 1
f 460/668/1044 459/667/1043 465/683/1179 466/684/1173
s 2
usemtl aiStandardSurface54SG
f 461/677/1159 457/676/1174 439/656/1170
f 442/671/1157 461/677/1159 439/656/1170
s 1
f 418/593/1041 462/678/1162 433/655/1161
f 418/593/1041 460/604/1044 462/678/1162
s 2
usemtl TsL11_Network_set1
f 464/686/1176 463/616/1045 453/691/1047 411/687/1180
s 3
f 410/688/1181 465/689/1178 464/686/1177 411/687/1182
s 1
f 466/694/1173 465/689/1179 410/688/1183 421/619/1184
s 2
f 463/681/1045 457/665/1174 461/669/1159 451/596/1046
s 1
f 424/652/1163 466/690/1173 421/693/1184
g default
v 60.110298 51.837601 200.987305
v 460.309875 51.837601 200.987305
v 80.120277 51.837608 200.987305
v 80.120277 222.526764 200.987305
v 440.299896 51.837601 200.987305
v 440.299896 222.526764 200.987305
v 60.110298 213.992310 200.987305
v 460.309875 213.992310 200.987305
vt 0.139749 0.355972
vt 0.666921 0.356050
vt 0.166107 0.355976
vt 0.166074 0.580820
vt 0.640563 0.356046
vt 0.640529 0.580891
vt 0.139717 0.569574
vt 0.666890 0.569653
vn 0.000000 0.000000 1.000000
vn 0.000000 0.000000 1.000000
vn 0.000000 0.000000 1.000000
vn 0.000000 0.000000 1.000000
vn 0.000000 0.000000 1.000000
vn 0.000000 0.000000 1.000000
vn 0.000000 0.000000 1.000000
vn 0.000000 0.000000 1.000000
s off
g S_U_14 Vending_Glass_low group1
usemtl aiStandardSurface62SG
f 474/702/1185 472/700/1186 470/698/1187 473/701/1188 467/695/1189 469/697/1190 471/699/1191 468/696/1192
g default
v 47.023529 1.915384 209.115097
v 51.582657 0.026936 209.115097
v 51.582657 1.915384 213.674240
v 51.582657 6.474500 215.562653
v 47.023529 6.474500 213.674240
v 45.135067 6.474500 209.115097
v 473.396576 1.915384 209.115097
v 475.285034 6.474500 209.115097
v 473.396576 6.474500 213.674240
v 468.837463 6.474500 215.562653
v 468.837463 1.915384 213.674240
v 468.837463 0.026936 209.115097
v 47.023529 41.126549 209.115097
v 45.135067 36.567432 209.115097
v 47.023529 36.567432 213.674240
v 51.582657 36.567432 215.562653
v 51.582657 41.126549 213.674240
v 51.582657 43.014996 209.115097
v 473.396576 41.126549 209.115097
v 468.837463 43.014996 209.115097
v 468.837463 41.126549 213.674240
v 468.837463 36.567432 215.562653
v 473.396576 36.567432 213.674240
v 475.285034 36.567432 209.115097
v 45.135067 36.567432 130.496262
v 47.023529 41.126549 130.496262
v 51.582657 43.014996 130.496262
v 475.285034 36.567432 130.496262
v 468.837463 43.014996 130.496262
v 473.396576 41.126549 130.496262
v 47.023529 1.915384 130.496262
v 45.135067 6.474500 130.496262
v 51.582657 0.026936 130.496262
v 473.396576 1.915384 130.496262
v 468.837463 0.026936 130.496262
v 475.285034 6.474500 130.496262
v 47.861446 2.753298 212.836319
v 472.558655 2.753298 212.836319
v 47.861446 40.288631 212.836319
v 472.558655 40.288631 212.836319
vt 0.145991 0.018218
vt 0.030454 0.134797
vt 0.145991 0.121956
vt 0.145991 0.134797
vt 0.811713 0.134797
vt 0.696173 0.121956
vt 0.696173 0.018218
vt 0.708714 0.134797
vt 0.030454 0.174445
vt 0.145991 0.291016
vt 0.145991 0.174445
vt 0.696173 0.174445
vt 0.696173 0.291016
vt 0.708714 0.174445
vt 0.811713 0.174445
vt 0.696173 0.134797
vt 0.145991 0.187280
vt 0.696173 0.187280
vt 0.133450 0.134797
vt 0.133450 0.174445
vt 0.139754 0.121956
vt 0.133450 0.128416
vt 0.145991 0.128416
vt 0.139754 0.134797
vt 0.708714 0.128416
vt 0.702410 0.121956
vt 0.702410 0.134797
vt 0.696173 0.128416
vt 0.133450 0.180823
vt 0.139754 0.187280
vt 0.139754 0.174445
vt 0.145991 0.180823
vt 0.702410 0.187280
vt 0.708714 0.180823
vt 0.696173 0.180823
vt 0.702410 0.174445
vt 0.139754 0.291016
vt 0.030454 0.180823
vt 0.811713 0.180823
vt 0.702410 0.291016
vt 0.030454 0.128416
vt 0.139754 0.018218
vt 0.702410 0.018218
vt 0.811713 0.128416
vt 0.139754 0.128416
vt 0.702410 0.128416
vt 0.139754 0.180823
vt 0.702410 0.180823
vn -0.004392 -0.999735 0.022616
vn -0.707021 -0.707024 0.015401
vn -0.707105 -0.707108 0.000000
vn -0.004477 -0.999990 0.000000
vn -0.998334 -0.053476 0.021676
vn -0.998518 -0.054417 0.000000
vn -0.004269 -0.054232 0.998519
vn -0.003001 -0.707103 0.707104
vn 0.003001 -0.707103 0.707104
vn 0.004269 -0.054232 0.998519
vn 0.004392 -0.999735 0.022616
vn -0.706601 -0.037738 0.706605
vn -0.706601 0.037738 0.706605
vn -0.998334 0.053476 0.021676
vn -0.004269 0.054232 0.998519
vn 0.998334 -0.053477 0.021676
vn 0.707024 -0.707022 0.015401
vn 0.707108 -0.707106 0.000000
vn 0.998518 -0.054417 0.000000
vn 0.004477 -0.999990 0.000000
vn 0.706602 -0.037739 0.706604
vn 0.706602 0.037739 0.706604
vn 0.004269 0.054232 0.998519
vn 0.998334 0.053477 0.021676
vn -0.707021 0.707024 0.015401
vn -0.707105 0.707108 0.000000
vn -0.998518 0.054417 0.000000
vn -0.004392 0.999735 0.022616
vn -0.004477 0.999990 0.000000
vn -0.003001 0.707103 0.707104
vn 0.003001 0.707103 0.707104
vn 0.004392 0.999735 0.022616
vn 0.707024 0.707022 0.015401
vn 0.707108 0.707106 0.000000
vn 0.004477 0.999990 0.000000
vn 0.998518 0.054417 0.000000
vn -0.577350 -0.577351 0.577350
vn 0.577351 -0.577351 0.577349
vn -0.577349 0.577351 0.577350
vn 0.577351 0.577351 0.577349
s 1
g S_U_14 group1 Vending_Base_low
usemtl aiStandardSurface62SG
f 476/705/1193 475/723/1194 505/744/1195 507/703/1196
f 475/724/1194 480/721/1197 506/704/1198 505/743/1195
f 478/706/1199 477/725/1200 485/730/1201 484/718/1202
f 477/725/1200 476/705/1193 486/708/1203 485/730/1201
f 480/721/1197 479/726/1204 489/733/1205 488/722/1206
f 479/726/1204 478/706/1199 490/713/1207 489/733/1205
f 482/710/1208 481/727/1209 508/746/1210 510/707/1211
f 481/728/1209 486/708/1203 509/709/1212 508/745/1210
f 484/718/1202 483/729/1213 497/738/1214 496/714/1215
f 483/729/1213 482/710/1208 498/716/1216 497/738/1214
f 488/722/1206 487/731/1217 500/740/1218 499/711/1219
f 487/732/1217 492/719/1220 501/712/1221 500/739/1218
f 492/719/1220 491/734/1222 495/737/1223 494/720/1224
f 491/734/1222 490/713/1207 496/714/1215 495/737/1223
f 494/720/1224 493/735/1225 504/742/1226 503/715/1227
f 493/736/1225 498/716/1216 502/717/1228 504/741/1226
f 478/706/1199 484/718/1202 496/714/1215 490/713/1207
f 492/719/1220 494/720/1224 503/715/1227 501/712/1221
f 476/705/1193 507/703/1196 509/709/1212 486/708/1203
f 482/710/1208 510/707/1211 502/717/1228 498/716/1216
f 506/704/1198 480/721/1197 488/722/1206 499/711/1219
f 479/726/1204 480/721/1197 475/724/1194 511/747/1229
f 475/723/1194 476/705/1193 477/725/1200 511/747/1229
f 477/725/1200 478/706/1199 479/726/1204 511/747/1229
f 485/730/1201 486/708/1203 481/728/1209 512/748/1230
f 481/727/1209 482/710/1208 483/729/1213 512/748/1230
f 483/729/1213 484/718/1202 485/730/1201 512/748/1230
f 491/734/1222 492/719/1220 487/732/1217 513/749/1231
f 487/731/1217 488/722/1206 489/733/1205 513/749/1231
f 489/733/1205 490/713/1207 491/734/1222 513/749/1231
f 497/738/1214 498/716/1216 493/736/1225 514/750/1232
f 493/735/1225 494/720/1224 495/737/1223 514/750/1232
f 495/737/1223 496/714/1215 497/738/1214 514/750/1232
g default
v 63.741203 128.738968 179.662018
v 63.741203 130.119263 180.283417
v 63.741203 128.167236 178.161774
v 63.741203 135.404388 179.662018
v 63.741203 135.976120 178.161774
v 63.741203 134.024094 180.283417
v 63.741203 135.976120 155.605942
v 63.741203 128.167236 155.605942
v 456.426453 128.738968 179.662018
v 456.426453 128.167236 178.161774
v 456.426453 130.119263 180.283417
v 456.426453 128.167236 155.605942
v 456.426453 135.976120 155.605942
v 456.426453 135.404388 179.662018
v 456.426453 134.024094 180.283417
v 456.426453 135.976120 178.161774
vt 0.820101 0.850787
vt 0.817955 0.850788
vt 0.817914 0.293977
vt 0.820061 0.293977
vt 0.815678 0.850788
vt 0.815637 0.293977
vt 0.830061 0.850786
vt 0.827785 0.850787
vt 0.827744 0.293976
vt 0.830020 0.293976
vt 0.825638 0.850787
vt 0.825597 0.293976
vt 0.862044 0.850784
vt 0.862003 0.293973
vt 0.783695 0.850790
vt 0.783654 0.293979
vn -0.001486 -0.116642 0.993173
vn -0.001058 -0.735900 0.677089
vn 0.001058 -0.735900 0.677089
vn 0.001486 -0.116642 0.993173
vn -0.001058 -0.735900 0.677089
vn -0.001493 -0.999871 0.016000
vn 0.001493 -0.999871 0.016000
vn 0.001058 -0.735900 0.677089
vn -0.001493 0.999871 0.016000
vn -0.000938 0.934486 0.355998
vn 0.000938 0.934486 0.355998
vn 0.001493 0.999871 0.016000
vn -0.000938 0.934486 0.355998
vn -0.001486 0.116644 0.993173
vn 0.001486 0.116644 0.993173
vn 0.000938 0.934486 0.355998
vn -0.001486 0.116644 0.993173
vn -0.001486 -0.116642 0.993173
vn 0.001486 -0.116642 0.993173
vn 0.001486 0.116644 0.993173
vn -0.001515 0.999999 0.000000
vn -0.001493 0.999871 0.016000
vn 0.001493 0.999871 0.016000
vn 0.001515 0.999999 0.000000
vn -0.001493 -0.999871 0.016000
vn -0.001515 -0.999999 0.000000
vn 0.001515 -0.999999 0.000000
vn 0.001493 -0.999871 0.016000
s off
g S_U_14 group1 Vending_Shelf_2_low
usemtl aiStandardSurface62SG
f 516/751/1233 515/752/1234 523/753/1235 525/754/1236
f 515/752/1237 517/755/1238 524/756/1239 523/753/1240
f 519/757/1241 518/758/1242 528/759/1243 530/760/1244
f 518/758/1245 520/761/1246 529/762/1247 528/759/1248
f 520/761/1249 516/751/1250 525/754/1251 529/762/1252
f 521/763/1253 519/757/1254 530/760/1255 527/764/1256
f 517/755/1257 522/765/1258 526/766/1259 524/756/1260
g default
v 63.741203 88.947205 179.662018
v 63.741203 90.327499 180.283417
v 63.741203 88.375473 178.161774
v 63.741203 95.612625 179.662018
v 63.741203 96.184357 178.161774
v 63.741203 94.232330 180.283417
v 63.741203 96.184357 155.605942
v 63.741203 88.375473 155.605942
v 456.426453 88.947205 179.662018
v 456.426453 88.375473 178.161774
v 456.426453 90.327499 180.283417
v 456.426453 88.375473 155.605942
v 456.426453 96.184357 155.605942
v 456.426453 95.612625 179.662018
v 456.426453 94.232330 180.283417
v 456.426453 96.184357 178.161774
vt 0.820101 0.850787
vt 0.817955 0.850788
vt 0.817914 0.293977
vt 0.820061 0.293977
vt 0.815678 0.850788
vt 0.815637 0.293977
vt 0.830061 0.850786
vt 0.827785 0.850787
vt 0.827744 0.293976
vt 0.830020 0.293976
vt 0.825638 0.850787
vt 0.825597 0.293976
vt 0.862044 0.850784
vt 0.862003 0.293973
vt 0.783695 0.850790
vt 0.783654 0.293979
vn -0.001486 -0.116642 0.993173
vn -0.001058 -0.735900 0.677089
vn 0.001058 -0.735900 0.677089
vn 0.001486 -0.116642 0.993173
vn -0.001058 -0.735900 0.677089
vn -0.001493 -0.999871 0.016000
vn 0.001493 -0.999871 0.016000
vn 0.001058 -0.735900 0.677089
vn -0.001493 0.999871 0.016000
vn -0.000938 0.934486 0.355998
vn 0.000938 0.934486 0.355998
vn 0.001493 0.999871 0.016000
vn -0.000938 0.934486 0.355998
vn -0.001486 0.116644 0.993173
vn 0.001486 0.116644 0.993173
vn 0.000938 0.934486 0.355998
vn -0.001486 0.116644 0.993173
vn -0.001486 -0.116642 0.993173
vn 0.001486 -0.116642 0.993173
vn 0.001486 0.116644 0.993173
vn -0.001515 0.999999 0.000000
vn -0.001493 0.999871 0.016000
vn 0.001493 0.999871 0.016000
vn 0.001515 0.999999 0.000000
vn -0.001493 -0.999871 0.016000
vn -0.001515 -0.999999 0.000000
vn 0.001515 -0.999999 0.000000
vn 0.001493 -0.999871 0.016000
s off
g S_U_14 group1 Vending_Shelf_3_low
usemtl aiStandardSurface62SG
f 532/767/1261 531/768/1262 539/769/1263 541/770/1264
f 531/768/1265 533/771/1266 540/772/1267 539/769/1268
f 535/773/1269 534/774/1270 544/775/1271 546/776/1272
f 534/774/1273 536/777/1274 545/778/1275 544/775/1276
f 536/777/1277 532/767/1278 541/770/1279 545/778/1280
f 537/779/1281 535/773/1282 546/776/1283 543/780/1284
f 533/771/1285 538/781/1286 542/782/1287 540/772/1288
g default
v 81.280769 220.395782 197.530655
v 438.886841 220.395782 197.530655
v 81.280815 53.731644 197.532867
v 438.886841 53.731647 197.531952
v 455.156067 200.197266 197.530670
v 455.156067 73.930183 197.532806
v 65.011452 73.930199 197.531326
v 65.011452 200.197220 197.530655
v 67.395027 210.638550 197.530655
v 73.669197 218.002090 197.530655
v 446.498535 218.002090 197.530655
v 452.772644 210.638580 197.530655
v 73.669197 56.125313 197.533127
v 67.395027 63.488884 197.534012
v 452.772644 63.488846 197.532837
v 446.498535 56.125305 197.533112
v 437.520386 211.495789 154.583771
v 82.647224 211.495789 154.583771
v 437.520386 62.631645 154.583771
v 82.647255 62.631645 154.583771
v 446.256042 199.194366 154.583771
v 446.256042 74.933083 154.583771
v 73.911446 199.194260 154.583771
v 73.911446 74.933159 154.583771
v 75.585793 206.528687 154.583771
v 78.782463 210.280396 154.583771
v 441.385254 210.280365 154.583771
v 444.581848 206.528778 154.583771
v 78.782448 63.847027 154.583771
v 75.585762 67.598740 154.583771
v 444.581848 67.598648 154.583771
v 441.385254 63.847034 154.583771
v 437.930237 214.165405 197.530655
v 437.640442 212.277695 196.748749
v 437.520386 211.495789 194.861038
v 82.647224 211.495789 194.861038
v 82.527168 212.277695 196.748749
v 82.237343 214.165405 197.530655
v 437.520386 62.631645 194.862396
v 437.640442 61.849751 196.750061
v 437.930237 59.962093 197.531952
v 82.237389 59.962048 197.532867
v 82.527199 61.849739 196.750961
v 82.647255 62.631645 194.863266
v 446.256042 199.194366 194.861053
v 447.037964 199.282471 196.748764
v 448.925659 199.495193 197.530670
v 448.925659 74.632263 197.532806
v 447.037964 74.844978 196.750900
v 446.256042 74.933083 194.863190
v 71.241829 199.495102 197.530655
v 73.129524 199.282379 196.748749
v 73.911446 199.194260 194.861038
v 73.911446 74.933159 194.861771
v 73.129555 74.845047 196.749435
v 71.241890 74.632324 197.531326
v 73.128929 207.761475 197.530655
v 74.866188 206.889755 196.748749
v 75.585793 206.528687 194.861038
v 77.248711 212.596573 197.530655
v 78.333229 210.958786 196.748749
v 78.782463 210.280396 194.861038
v 442.919006 212.596542 197.530655
v 441.834473 210.958755 196.748749
v 441.385254 210.280365 194.861038
v 447.038696 207.761551 197.530655
v 445.301453 206.889847 196.748749
v 444.581848 206.528778 194.861038
v 77.248741 61.530907 197.533127
v 78.333229 63.168652 196.751236
v 78.782448 63.847027 194.863586
v 73.128792 66.365906 197.534012
v 74.866127 67.237648 196.752075
v 75.585762 67.598740 194.864288
v 447.038696 66.365891 197.532837
v 445.301453 67.237579 196.750931
v 444.581848 67.598648 194.863251
v 442.919067 61.530758 197.533112
v 441.834473 63.168613 196.751175
v 441.385254 63.847034 194.863388
vt 0.946604 0.335575
vt 0.944778 0.335678
vt 0.944774 0.017921
vt 0.946601 0.018025
vt 0.944527 0.478037
vt 0.946386 0.478142
vt 0.946387 0.801082
vt 0.944529 0.801188
vt 0.944623 0.350405
vt 0.946472 0.350475
vt 0.946443 0.463041
vt 0.944591 0.463110
vt 0.946498 0.928263
vt 0.944653 0.928335
vt 0.944642 0.816030
vt 0.946486 0.816098
vt 0.982669 0.018002
vt 0.982695 0.335582
vt 0.983040 0.478136
vt 0.983024 0.801084
vt 0.982870 0.350474
vt 0.983005 0.463065
vt 0.982940 0.816080
vt 0.982842 0.928293
vt 0.982828 0.935074
vt 0.946529 0.935001
vt 0.982678 0.014355
vt 0.946582 0.014385
vt 0.982739 0.339221
vt 0.946570 0.339231
vt 0.982797 0.343670
vt 0.946523 0.343679
vt 0.983013 0.804770
vt 0.946415 0.804785
vt 0.719102 0.608328
vt 0.719631 0.611776
vt 0.069865 0.611776
vt 0.070394 0.608328
vt 0.719631 0.330083
vt 0.719102 0.333531
vt 0.070394 0.333531
vt 0.069865 0.330083
vt 0.739717 0.584977
vt 0.736269 0.584589
vt 0.736269 0.357271
vt 0.739717 0.356882
vt 0.053227 0.584588
vt 0.049778 0.584977
vt 0.049778 0.356882
vt 0.053227 0.357271
vt 0.721379 0.623157
vt 0.068117 0.623157
vt 0.068117 0.318701
vt 0.721379 0.318701
vt 0.751099 0.355599
vt 0.751099 0.586260
vt 0.038397 0.586260
vt 0.038397 0.355600
vt 0.042751 0.605334
vt 0.053226 0.600078
vt 0.054212 0.618785
vt 0.060751 0.608910
vt 0.735284 0.618785
vt 0.728745 0.608910
vt 0.746745 0.605334
vt 0.736270 0.600078
vt 0.054212 0.323074
vt 0.060751 0.332949
vt 0.982984 0.809258
vt 0.946459 0.809273
vt 0.042751 0.336526
vt 0.053225 0.341781
vt 0.983032 0.469929
vt 0.746745 0.336526
vt 0.736270 0.341781
vt 0.946435 0.469914
vt 0.735284 0.323074
vt 0.983044 0.474439
vt 0.946402 0.474426
vt 0.728745 0.332949
vt 0.944814 0.339203
vt 0.944658 0.804768
vt 0.944636 0.469920
vt 0.944794 0.009766
vt 0.944779 0.014381
vt 0.944737 0.343653
vt 0.944666 0.809257
vt 0.944639 0.474444
vt 0.726763 0.335941
vt 0.056399 0.343374
vt 0.733097 0.598486
vt 0.726763 0.605918
vt 0.062732 0.335941
vt 0.062732 0.605918
vt 0.733097 0.343374
vt 0.056399 0.598485
vt 0.982679 0.009918
vt 0.946586 0.009963
vt 0.944750 0.935201
vn -0.003394 -0.999810 0.019226
vn -0.003261 -0.923804 0.382853
vn 0.003261 -0.923803 0.382853
vn 0.003394 -0.999810 0.019226
vn -0.001534 -0.382474 0.923965
vn -0.000330 -0.082330 0.996605
vn 0.000330 -0.082330 0.996605
vn 0.001534 -0.382474 0.923965
vn -0.000331 0.082328 0.996605
vn -0.001534 0.382481 0.923962
vn 0.001537 0.382481 0.923962
vn 0.000333 0.082329 0.996605
vn -0.003261 0.923801 0.382859
vn -0.003394 0.999809 0.019225
vn 0.003394 0.999810 0.019225
vn 0.003262 0.923801 0.382859
vn -0.084896 -0.001144 0.996389
vn -0.382176 -0.005207 0.924075
vn -0.382175 0.005237 0.924075
vn -0.084895 0.001176 0.996389
vn -0.923615 -0.011942 0.383136
vn -0.999737 -0.012728 0.019083
vn -0.999737 0.012730 0.019083
vn -0.923614 0.011955 0.383136
vn 0.999737 -0.012730 0.019083
vn 0.923616 -0.011948 0.383132
vn 0.923616 0.011961 0.383133
vn 0.999737 0.012733 0.019083
vn 0.382178 -0.005218 0.924074
vn 0.084898 -0.001155 0.996389
vn 0.084893 0.001184 0.996389
vn 0.382173 0.005245 0.924076
vn 0.003388 -0.999994 0.000000
vn -0.003388 -0.999994 0.000000
vn -0.003388 0.999994 0.000000
vn 0.003388 0.999994 0.000000
vn -0.999919 -0.012721 0.000000
vn -0.999919 0.012722 0.000000
vn 0.999919 0.012723 0.000000
vn 0.999919 -0.012722 0.000000
vn 0.915525 -0.402262 0.000000
vn 0.915276 -0.402296 0.020684
vn 0.761166 -0.648557 0.000000
vn 0.575201 -0.817733 0.021396
vn 0.299996 -0.953941 0.000000
vn -0.299996 -0.953941 0.000000
vn -0.575190 -0.817740 0.021396
vn -0.761159 -0.648566 0.000000
vn -0.915529 -0.402252 0.000000
vn -0.915281 -0.402285 0.020684
vn 0.299990 0.953942 0.000000
vn 0.575215 0.817722 0.021394
vn 0.761165 0.648559 0.000000
vn 0.915524 0.402264 0.000000
vn 0.915269 0.402312 0.020690
vn -0.915531 0.402247 0.000000
vn -0.915282 0.402284 0.020683
vn -0.761169 0.648554 0.000000
vn -0.575210 0.817726 0.021398
vn -0.299987 0.953943 0.000000
vn 0.000000 0.000000 1.000000
vn 0.000000 0.000000 1.000000
vn 0.000003 -0.000000 1.000000
vn -0.000000 -0.000001 1.000000
vn 0.000003 0.000016 1.000000
vn 0.000002 0.000016 1.000000
vn 0.000002 0.000005 1.000000
vn -0.000004 0.000024 1.000000
vn -0.000002 0.000000 1.000000
vn 0.055619 -0.025165 0.998135
vn 0.000000 0.000000 1.000000
vn 0.030954 -0.044020 0.998551
vn 0.000001 0.000000 1.000000
vn -0.030953 -0.044020 0.998551
vn -0.000001 0.000001 1.000000
vn -0.055620 -0.025163 0.998135
vn 0.000055 -0.000052 1.000000
vn 0.031013 0.043967 0.998551
vn -0.000010 0.000109 1.000000
vn 0.055605 0.025276 0.998133
vn 0.000010 0.000013 1.000000
vn -0.055610 0.025178 0.998135
vn -0.000060 -0.000015 1.000000
vn -0.031015 0.044002 0.998550
vn -0.212798 -0.302632 0.929048
vn -0.528337 -0.751196 0.395683
vn 0.212873 0.302571 0.929051
vn 0.528394 0.751150 0.395694
vn -0.340255 0.153960 0.927644
vn -0.841279 0.372351 0.391924
vn 0.340272 -0.153950 0.927639
vn 0.841281 -0.372352 0.391919
vn 0.212806 -0.302630 0.929047
vn 0.528349 -0.751186 0.395685
vn -0.340271 -0.153945 0.927640
vn -0.841284 -0.372342 0.391922
vn 0.340247 0.154073 0.927628
vn 0.841256 0.372412 0.391915
vn -0.212870 0.302609 0.929039
vn -0.528382 0.751164 0.395684
s 1
g S_U_14 group1 Vending_Outline_low
usemtl aiStandardSurface62SG
f 581/783/1289 580/784/1290 583/785/1291 582/786/1292
s 2
f 580/817/1293 579/818/1294 584/819/1295 583/820/1296
f 587/821/1297 586/822/1298 589/823/1299 588/824/1300
s 1
f 586/787/1301 585/788/1302 590/789/1303 589/790/1304
s 2
f 593/825/1305 592/826/1306 595/827/1307 594/828/1308
s 1
f 592/791/1309 591/792/1310 596/793/1311 595/794/1312
f 599/795/1313 598/796/1314 601/797/1315 600/798/1316
s 2
f 598/829/1317 597/830/1318 602/831/1319 601/832/1320
s 1
f 564/799/1321 563/800/1322 581/783/1289 582/786/1292
f 590/789/1303 585/788/1302 565/801/1323 566/802/1324
f 591/792/1310 567/803/1325 568/804/1326 596/793/1311
f 570/805/1327 569/806/1328 599/795/1313 600/798/1316
f 599/795/1313 569/806/1328 571/807/1329 605/808/1330
f 605/880/1330 571/879/1329 572/809/1331 608/810/1332
f 608/810/1332 572/809/1333 564/799/1321 582/786/1292
f 581/783/1289 563/800/1322 573/811/1334 611/812/1335
f 611/812/1335 573/811/1336 574/813/1337 614/814/1338
f 614/814/1338 574/813/1337 567/803/1325 591/792/1310
f 590/789/1303 566/802/1324 575/815/1339 617/816/1340
f 617/816/1340 575/815/1341 576/851/1342 620/852/1343
f 620/852/1343 576/851/1342 570/805/1327 600/798/1316
f 596/793/1311 568/804/1326 577/855/1344 623/858/1345
f 623/858/1345 577/855/1344 578/860/1346 626/861/1347
f 626/861/1347 578/860/1348 565/801/1323 585/788/1302
s 2
f 548/833/1349 547/834/1350 584/819/1295 579/818/1294
f 549/835/1351 550/836/1352 587/821/1297 588/824/1300
f 552/837/1353 551/838/1354 593/825/1305 594/828/1308
f 554/839/1355 553/840/1356 602/831/1319 597/830/1318
f 555/841/1357 554/839/1355 597/830/1318 603/842/1358
f 556/843/1359 555/841/1357 603/842/1358 606/844/1360
f 547/834/1350 556/843/1359 606/844/1360 584/819/1295
f 557/845/1361 548/833/1349 579/818/1294 609/846/1362
f 558/847/1363 557/845/1361 609/846/1362 612/848/1364
f 551/838/1354 558/847/1363 612/848/1364 593/825/1305
f 559/849/1365 549/835/1351 588/824/1300 615/850/1366
f 560/853/1367 559/849/1365 615/850/1366 618/854/1368
f 553/840/1356 560/853/1367 618/854/1368 602/831/1319
f 561/856/1369 552/837/1353 594/828/1308 621/857/1370
f 562/859/1371 561/856/1369 621/857/1370 624/862/1372
f 550/836/1352 562/859/1371 624/862/1372 587/821/1297
f 579/818/1294 580/817/1293 610/874/1373 609/846/1362
s 1
f 580/784/1290 581/783/1289 611/812/1335 610/863/1374
s 2
f 588/824/1300 589/823/1299 616/875/1375 615/850/1366
s 1
f 589/790/1304 590/789/1303 617/816/1340 616/864/1376
s 2
f 594/828/1308 595/827/1307 622/877/1377 621/857/1370
s 1
f 595/794/1312 596/793/1311 623/858/1345 622/865/1378
s 2
f 597/830/1318 598/829/1317 604/878/1379 603/842/1358
s 1
f 598/796/1314 599/795/1313 605/808/1330 604/881/1380
s 2
f 603/842/1358 604/878/1379 607/876/1381 606/844/1360
s 1
f 604/866/1380 605/880/1330 608/810/1332 607/867/1382
f 582/786/1292 583/785/1291 607/867/1382 608/810/1332
s 2
f 583/820/1296 584/819/1295 606/844/1360 607/876/1381
f 609/846/1362 610/874/1373 613/873/1383 612/848/1364
s 1
f 610/863/1374 611/812/1335 614/814/1338 613/868/1384
f 591/792/1310 592/791/1309 613/868/1384 614/814/1338
s 2
f 592/826/1306 593/825/1305 612/848/1364 613/873/1383
f 615/850/1366 616/875/1375 619/872/1385 618/854/1368
s 1
f 616/864/1376 617/816/1340 620/852/1343 619/869/1386
f 600/798/1316 601/797/1315 619/869/1386 620/852/1343
s 2
f 601/832/1320 602/831/1319 618/854/1368 619/872/1385
f 621/857/1370 622/877/1377 625/871/1387 624/862/1372
s 1
f 622/865/1378 623/858/1345 626/861/1347 625/870/1388
f 585/788/1302 586/787/1301 625/870/1388 626/861/1347
s 2
f 586/822/1298 587/821/1297 624/862/1372 625/871/1387
g default
v 284.721069 65.523544 150.508118
v 235.699097 65.523544 150.508118
v 231.907196 65.523544 164.659561
v 235.699097 65.523544 178.810974
v 246.058685 65.523544 189.170547
v 260.210083 65.523544 192.962387
v 274.361511 65.523544 189.170547
v 284.721069 65.523544 178.810974
v 288.512939 65.523544 164.659561
v 284.721069 213.285690 150.508118
v 235.699097 213.285690 150.508118
v 231.907196 213.285690 164.659561
v 235.699097 213.285690 178.810974
v 246.058685 213.285690 189.170547
v 260.210083 213.285690 192.962387
v 274.361511 213.285690 189.170547
v 284.721069 213.285690 178.810974
v 288.512939 213.285690 164.659561
v 260.210083 201.697861 197.254700
v 243.912506 201.697861 192.887772
v 231.981873 201.697861 180.957123
v 227.614929 201.697861 164.659561
v 231.981873 201.697861 148.361969
v 288.438293 201.697861 148.361969
v 292.805237 201.697861 164.659561
v 288.438293 201.697861 180.957123
v 276.507660 201.697861 192.887772
v 260.210083 77.111343 197.254700
v 243.912506 77.111343 192.887772
v 231.981873 77.111343 180.957123
v 227.614929 77.111343 164.659561
v 231.981873 77.111343 148.361969
v 288.438293 77.111343 148.361969
v 292.805237 77.111343 164.659561
v 288.438293 77.111343 180.957123
v 276.507660 77.111343 192.887772
vt 0.733474 0.644914
vt 0.733474 0.664491
vt 0.526003 0.644914
vt 0.526003 0.664491
vt 0.551317 0.644914
vt 0.551317 0.664491
vt 0.577290 0.644914
vt 0.577290 0.664491
vt 0.603525 0.644914
vt 0.603525 0.664491
vt 0.629738 0.644914
vt 0.629738 0.664491
vt 0.655952 0.644914
vt 0.655952 0.664491
vt 0.682187 0.644914
vt 0.682187 0.664491
vt 0.708160 0.644914
vt 0.708160 0.664491
vt 0.603525 0.864561
vt 0.629738 0.864561
vt 0.629738 0.884139
vt 0.603525 0.884139
vt 0.577290 0.864561
vt 0.577290 0.884139
vt 0.551317 0.864561
vt 0.551317 0.884139
vt 0.526003 0.864561
vt 0.526003 0.884139
vt 0.733474 0.864561
vt 0.733474 0.884139
vt 0.708160 0.864561
vt 0.708160 0.884139
vt 0.682187 0.864561
vt 0.682187 0.884139
vt 0.655952 0.864561
vt 0.655952 0.884139
vn -0.909465 -0.336879 -0.243692
vn -0.937736 -0.347350 0.000000
vn -0.937736 -0.347350 -0.000000
vn -0.909465 -0.336879 -0.243692
vn -0.812102 -0.347350 0.468869
vn -0.812102 -0.347350 0.468869
vn -0.468867 -0.347352 0.812102
vn -0.468868 -0.347352 0.812102
vn 0.000000 -0.347352 0.937735
vn 0.000000 -0.347352 0.937735
vn 0.468868 -0.347351 0.812102
vn 0.468868 -0.347351 0.812102
vn 0.812102 -0.347351 0.468868
vn 0.812102 -0.347351 0.468868
vn 0.937735 -0.347351 0.000000
vn 0.937735 -0.347351 0.000000
vn 0.909465 -0.336880 -0.243691
vn 0.909465 -0.336880 -0.243691
vn -0.468868 0.347351 0.812102
vn 0.000000 0.347350 0.937735
vn 0.000000 0.347350 0.937735
vn -0.468867 0.347351 0.812103
vn -0.812102 0.347350 0.468869
vn -0.812102 0.347350 0.468868
vn -0.937736 0.347349 -0.000000
vn -0.937736 0.347349 -0.000000
vn -0.909466 0.336878 -0.243692
vn -0.909466 0.336878 -0.243692
vn 0.937735 0.347350 0.000000
vn 0.909466 0.336879 -0.243691
vn 0.909466 0.336879 -0.243691
vn 0.937735 0.347350 0.000000
vn 0.812103 0.347350 0.468868
vn 0.812103 0.347350 0.468868
vn 0.468868 0.347350 0.812103
vn 0.468868 0.347350 0.812103
vn -0.500000 0.000000 0.866025
vn 0.000000 0.000000 1.000000
vn 0.000000 0.000000 1.000000
vn -0.500000 0.000000 0.866025
vn -0.866025 0.000000 0.500000
vn -0.866025 0.000000 0.500000
vn -1.000000 0.000000 0.000000
vn -1.000000 0.000000 0.000000
vn -0.965926 0.000000 -0.258820
vn -0.965926 0.000000 -0.258820
vn 1.000000 0.000000 0.000000
vn 0.965926 0.000000 -0.258820
vn 0.965926 0.000000 -0.258820
vn 1.000000 0.000000 0.000000
vn 0.866025 0.000000 0.500000
vn 0.866025 0.000000 0.500000
vn 0.500000 0.000000 0.866025
vn 0.500000 0.000000 0.866025
s 1
g S_U_14 group1 Vending_CanShow_low
usemtl aiStandardSurface62SG
f 628/884/1389 629/886/1390 657/887/1391 658/885/1392
f 629/886/1390 630/888/1393 656/889/1394 657/887/1391
f 630/888/1393 631/890/1395 655/891/1396 656/889/1394
f 631/890/1395 632/892/1397 654/893/1398 655/891/1396
f 632/892/1397 633/894/1399 662/895/1400 654/893/1398
f 633/894/1399 634/896/1401 661/897/1402 662/895/1400
f 634/896/1401 635/898/1403 660/899/1404 661/897/1402
f 635/898/1403 627/882/1405 659/883/1406 660/899/1404
s 2
f 646/900/1407 645/901/1408 641/902/1409 640/903/1410
f 647/904/1411 646/900/1407 640/903/1410 639/905/1412
f 648/906/1413 647/904/1411 639/905/1412 638/907/1414
f 649/908/1415 648/906/1413 638/907/1414 637/909/1416
f 651/912/1417 650/910/1418 636/911/1419 644/913/1420
f 652/914/1421 651/912/1417 644/913/1420 643/915/1422
f 653/916/1423 652/914/1421 643/915/1422 642/917/1424
f 645/901/1408 653/916/1423 642/917/1424 641/902/1409
s 4
f 655/891/1425 654/893/1426 645/901/1427 646/900/1428
f 656/889/1429 655/891/1425 646/900/1428 647/904/1430
f 657/887/1431 656/889/1429 647/904/1430 648/906/1432
f 658/885/1433 657/887/1431 648/906/1432 649/908/1434
f 660/899/1435 659/883/1436 650/910/1437 651/912/1438
f 661/897/1439 660/899/1435 651/912/1438 652/914/1440
f 662/895/1441 661/897/1439 652/914/1440 653/916/1442
f 654/893/1426 662/895/1441 653/916/1442 645/901/1427
g default
v 63.741203 168.947205 179.662018
v 63.741203 170.327499 180.283417
v 63.741203 168.375473 178.161774
v 63.741203 175.612625 179.662018
v 63.741203 176.184357 178.161774
v 63.741203 174.232330 180.283417
v 63.741203 176.184357 155.605942
v 63.741203 168.375473 155.605942
v 456.426453 168.947205 179.662018
v 456.426453 168.375473 178.161774
v 456.426453 170.327499 180.283417
v 456.426453 168.375473 155.605942
v 456.426453 176.184357 155.605942
v 456.426453 175.612625 179.662018
v 456.426453 174.232330 180.283417
v 456.426453 176.184357 178.161774
vt 0.825598 0.293976
vt 0.827744 0.293976
vt 0.827785 0.850786
vt 0.825638 0.850787
vt 0.830020 0.293976
vt 0.830061 0.850786
vt 0.815637 0.293977
vt 0.817914 0.293977
vt 0.817955 0.850787
vt 0.815678 0.850787
vt 0.820061 0.293976
vt 0.820101 0.850787
vt 0.783654 0.293979
vt 0.783695 0.850790
vt 0.862004 0.293973
vt 0.862044 0.850784
vn -0.001486 -0.116642 0.993173
vn -0.001058 -0.735900 0.677089
vn 0.001058 -0.735900 0.677089
vn 0.001486 -0.116642 0.993173
vn -0.001058 -0.735900 0.677089
vn -0.001493 -0.999871 0.016000
vn 0.001493 -0.999871 0.016000
vn 0.001058 -0.735900 0.677089
vn -0.001493 0.999871 0.016000
vn -0.000938 0.934486 0.355998
vn 0.000938 0.934486 0.355998
vn 0.001493 0.999871 0.016000
vn -0.000938 0.934486 0.355998
vn -0.001486 0.116644 0.993173
vn 0.001486 0.116644 0.993173
vn 0.000938 0.934486 0.355998
vn -0.001486 0.116644 0.993173
vn -0.001486 -0.116642 0.993173
vn 0.001486 -0.116642 0.993173
vn 0.001486 0.116644 0.993173
vn -0.001515 0.999999 0.000000
vn -0.001493 0.999871 0.016000
vn 0.001493 0.999871 0.016000
vn 0.001515 0.999999 0.000000
vn -0.001493 -0.999871 0.016000
vn -0.001515 -0.999999 0.000000
vn 0.001515 -0.999999 0.000000
vn 0.001493 -0.999871 0.016000
s off
g S_U_14 group1 Vending_Shelf_1_low
usemtl aiStandardSurface62SG
f 664/918/1443 663/919/1444 671/920/1445 673/921/1446
f 663/919/1447 665/922/1448 672/923/1449 671/920/1450
f 667/924/1451 666/925/1452 676/926/1453 678/927/1454
f 666/925/1455 668/928/1456 677/929/1457 676/926/1458
f 668/928/1459 664/918/1460 673/921/1461 677/929/1462
f 669/930/1463 667/924/1464 678/927/1465 675/931/1466
f 665/922/1467 670/932/1468 674/933/1469 672/923/1470
g default
v 79.684029 230.795776 134.628067
v 440.483582 230.795776 134.628067
v 465.556091 72.758270 134.628067
v 465.556091 201.369171 134.628067
v 54.611458 72.758217 134.628067
v 54.611458 201.369202 134.628067
v 57.823799 215.441086 134.628067
v 67.694160 227.025208 134.628067
v 452.473572 227.025208 134.628067
v 462.343933 215.441055 134.628067
v 81.280769 220.395782 151.905899
v 438.886841 220.395782 151.905899
v 81.280815 53.731644 151.905899
v 438.886841 53.731647 151.905899
v 455.156067 73.930183 151.905899
v 455.156067 200.197266 151.905899
v 65.011452 73.930199 151.905899
v 65.011452 200.197220 151.905899
v 67.395027 210.638550 151.905899
v 73.669197 218.002090 151.905899
v 446.498535 218.002090 151.905899
v 452.772644 210.638580 151.905899
v 73.669197 56.125313 151.905899
v 67.395027 63.488884 151.905899
v 452.772644 63.488846 151.905899
v 446.498535 56.125305 151.905899
v 54.611458 2.350105 134.628067
v 465.556091 2.350113 134.628067
v 79.684029 230.795776 201.834915
v 79.800941 230.034348 203.673157
v 80.083168 228.196106 204.434586
v 440.483582 230.795776 201.834915
v 440.366699 230.034348 203.673157
v 440.084473 228.196106 204.434586
v 465.556091 201.369171 201.834915
v 464.794678 201.283371 203.673157
v 462.956421 201.076233 204.434586
v 465.556091 72.758270 201.826752
v 464.797058 72.843796 203.670761
v 462.964600 73.050285 204.434586
v 57.202950 73.050255 204.434586
v 55.370491 72.843750 203.670761
v 54.611458 72.758217 201.826752
v 54.611458 201.369202 201.834915
v 55.372887 201.283401 203.673157
v 57.211128 201.076248 204.434586
v 57.823799 215.441086 201.834915
v 58.524544 215.089478 203.673157
v 60.216301 214.240601 204.434586
v 67.694160 227.025208 201.834915
v 68.131615 226.364594 203.673157
v 69.187737 224.769714 204.434586
v 452.473572 227.025208 201.834915
v 452.036133 226.364594 203.673157
v 450.979980 224.769714 204.434586
v 462.343933 215.441055 201.834915
v 461.643188 215.089447 203.673157
v 459.951416 214.240585 204.434586
v 81.280769 220.395782 201.834915
v 81.163857 221.157211 203.673157
v 80.881630 222.995453 204.434586
v 439.285950 222.995453 204.434586
v 439.003723 221.157211 203.673157
v 438.886841 220.395782 201.834915
v 80.869911 51.133343 204.434586
v 81.160469 52.970619 203.673813
v 81.280815 53.731644 201.837128
v 438.886841 53.731647 201.836212
v 438.998840 52.968685 203.673538
v 439.269287 51.126736 204.434586
v 455.156067 200.197266 201.834930
v 455.917480 200.283066 203.673172
v 457.755737 200.490204 204.434601
v 457.753601 73.618172 204.434601
v 455.916870 73.838799 203.673798
v 455.156067 73.930183 201.837067
v 65.011452 73.930199 201.835587
v 64.249321 73.846573 203.673355
v 62.409386 73.644676 204.434586
v 62.411781 200.490189 204.434586
v 64.250023 200.283035 203.673157
v 65.011452 200.197220 201.834915
v 65.002525 211.839035 204.434586
v 66.694283 210.990158 203.673157
v 67.395027 210.638550 201.834915
v 72.175621 220.257584 204.434586
v 73.231743 218.662704 203.673157
v 73.669197 218.002090 201.834915
v 447.992126 220.257584 204.434586
v 446.935974 218.662704 203.673157
v 446.498535 218.002090 201.834915
v 455.165161 211.839050 204.434586
v 453.473389 210.990189 203.673157
v 452.772644 210.638580 201.834915
v 72.165596 53.875351 204.434586
v 73.228798 55.466312 203.673889
v 73.669197 56.125313 201.837387
v 64.997185 62.296642 204.434586
v 66.692711 63.139683 203.674149
v 67.395027 63.488884 201.838272
v 455.156921 62.272022 204.434586
v 453.471008 63.132446 203.673798
v 452.772644 63.488846 201.837097
v 447.977295 53.860016 204.434586
v 446.931641 55.461819 203.673874
v 446.498535 56.125305 201.837372
v 57.211128 4.949780 204.434586
v 55.372887 3.111532 203.673157
v 54.611458 2.350105 201.834915
v 465.556091 2.350113 201.834915
v 464.794678 3.111540 203.673157
v 462.956421 4.949788 204.434586
vt 0.097296 0.913804
vt 0.031915 0.718144
vt 0.034020 0.718355
vt 0.883771 0.974718
vt 0.928640 0.974718
vt 0.928640 0.483929
vt 0.883770 0.650020
vt 0.928640 0.624286
vt 0.928640 0.650020
vt 0.928640 0.133615
vt 0.928640 0.018885
vt 0.928640 0.159257
vt 0.928640 0.009770
vt 0.928640 0.981931
vt 0.883771 0.483929
vt 0.883771 0.159257
vt 0.928640 0.642755
vt 0.883771 0.624286
vt 0.928640 0.633940
vt 0.883771 0.509696
vt 0.928640 0.509696
vt 0.883771 0.133615
vt 0.928640 0.152060
vt 0.883771 0.018885
vt 0.928640 0.143300
vt 0.928640 0.499990
vt 0.883771 0.009770
vt 0.928640 0.491186
vt 0.097296 0.912000
vt 0.216131 0.912000
vt 0.216132 0.913804
vt 0.255235 0.976164
vt 0.255235 0.913804
vt 0.590451 0.913804
vt 0.590451 0.976164
vt 0.629631 0.913804
vt 0.748835 0.913804
vt 0.748835 0.976164
vt 0.629631 0.976164
vt 0.097296 0.976164
vt 0.216132 0.976164
vt 0.229501 0.913804
vt 0.229501 0.976164
vt 0.243573 0.913804
vt 0.243573 0.976164
vt 0.602132 0.913804
vt 0.602132 0.976164
vt 0.616231 0.913804
vt 0.034345 0.854077
vt 0.032237 0.854320
vt 0.059554 0.877380
vt 0.059868 0.875270
vt 0.438881 0.875262
vt 0.439197 0.877371
vt 0.059509 0.697077
vt 0.059183 0.694969
vt 0.439448 0.694768
vt 0.439144 0.696880
vt 0.458919 0.853462
vt 0.456811 0.853220
vt 0.457016 0.718998
vt 0.459124 0.718757
vt 0.039538 0.718970
vt 0.041649 0.719190
vt 0.041965 0.853182
vt 0.039857 0.853424
vt 0.616231 0.976164
vt 0.032580 0.976164
vt 0.032580 0.913804
vt 0.813770 0.913804
vt 0.813770 0.976164
vt 0.255235 0.912000
vt 0.590451 0.912000
vt 0.058703 0.882893
vt 0.440051 0.882884
vt 0.464431 0.854115
vt 0.464649 0.718172
vt 0.042653 0.865473
vt 0.037593 0.868036
vt 0.602132 0.912000
vt 0.050288 0.874435
vt 0.629631 0.912000
vt 0.047124 0.879215
vt 0.448461 0.874438
vt 0.451613 0.879227
vt 0.456117 0.865523
vt 0.461168 0.868099
vt 0.748835 0.912000
vt 0.049910 0.697919
vt 0.042288 0.706895
vt 0.813770 0.912000
vt 0.032580 0.912000
vt 0.033998 0.646028
vt 0.464646 0.645794
vt 0.229501 0.912000
vt 0.243573 0.912000
vt 0.616231 0.912000
vt 0.456366 0.706676
vt 0.447531 0.699529
vt 0.448724 0.697709
vt 0.044223 0.707855
vt 0.058388 0.885002
vt 0.454190 0.864541
vt 0.440367 0.884994
vt 0.051491 0.872620
vt 0.452818 0.881050
vt 0.044582 0.864493
vt 0.454442 0.707643
vt 0.466540 0.854359
vt 0.466754 0.717959
vt 0.051118 0.699727
vt 0.929755 0.974718
vt 0.929754 0.650020
vt 0.930872 0.159257
vt 0.930872 0.483929
vt 0.930872 0.624286
vt 0.930872 0.509696
vt 0.930872 0.133615
vt 0.930872 0.018885
vt 0.929755 0.990234
vt 0.929754 0.981931
vt 0.930872 0.642755
vt 0.929754 0.642755
vt 0.930872 0.633940
vt 0.930872 0.152060
vt 0.930872 0.143300
vt 0.930872 0.499990
vt 0.930872 0.491186
vt 0.447263 0.872617
vt 0.463097 0.869086
vt 0.466755 0.643845
vt 0.031889 0.644080
vt 0.035661 0.869018
vt 0.045915 0.881035
vt 0.883771 0.981931
vt 0.883771 0.642755
vt 0.883771 0.633940
vt 0.883771 0.152060
vt 0.883771 0.143300
vt 0.883771 0.499990
vt 0.883771 0.491186
vt 0.883770 0.990234
vt 0.928640 0.990234
vt 0.930872 0.009770
vn -0.999941 0.000000 0.010900
vn -0.713372 -0.000000 0.700786
vn -0.721709 0.015976 0.692013
vn -0.999689 0.022503 0.010727
vn -0.007115 0.000000 0.999975
vn -0.119817 0.002601 0.992793
vn 0.000663 -0.092916 0.995674
vn 0.004700 -0.687964 0.725729
vn -0.004700 -0.687966 0.725728
vn -0.000663 -0.092916 0.995674
vn 0.006558 -0.999862 0.015262
vn -0.006558 -0.999862 0.015262
vn 0.006558 0.999862 0.015289
vn 0.004699 0.686937 0.726701
vn -0.004695 0.688182 0.725523
vn -0.006559 0.999862 0.015253
vn 0.000052 0.007181 0.999974
vn -0.000051 0.007227 0.999974
vn -0.095726 -0.001749 0.995406
vn -0.691944 -0.012338 0.721845
vn -0.691192 0.012337 0.722566
vn -0.004524 0.000084 0.999990
vn -0.999733 -0.017436 0.015141
vn -0.999733 0.017436 0.015163
vn 0.004565 0.000083 0.999990
vn 0.692009 0.012332 0.721783
vn 0.691763 -0.012342 0.722019
vn 0.095774 -0.001752 0.995402
vn 0.999733 0.017441 0.015146
vn 0.999733 -0.017438 0.015153
vn 0.006554 -0.999979 0.000000
vn -0.006554 -0.999979 0.000000
vn -0.006554 0.999979 0.000000
vn 0.006554 0.999979 0.000000
vn -0.999848 -0.017432 0.000000
vn -0.999848 0.017432 0.000000
vn 0.999848 0.017433 0.000000
vn 0.999848 -0.017433 0.000000
vn 0.899316 -0.437299 0.000000
vn 0.899181 -0.437275 0.016267
vn 0.574933 -0.818201 0.000000
vn 0.574853 -0.818087 0.016655
vn -0.574930 -0.818203 0.000000
vn -0.574850 -0.818089 0.016655
vn -0.899320 -0.437292 0.000000
vn -0.899184 -0.437268 0.016267
vn 0.574933 0.818200 0.000000
vn 0.574855 0.818086 0.016659
vn 0.899315 0.437301 0.000000
vn 0.899172 0.437291 0.016281
vn -0.899320 0.437290 0.000000
vn -0.899188 0.437259 0.016264
vn -0.574931 0.818202 0.000000
vn -0.574868 0.818076 0.016666
vn -0.010114 0.999949 0.000000
vn -0.010110 0.999892 0.010634
vn 0.010110 0.999892 0.010634
vn 0.010114 0.999949 0.000000
vn 0.999689 0.022502 0.010727
vn 0.999941 0.000000 0.010900
vn 1.000000 0.000000 0.000000
vn 0.999747 0.022508 0.000000
vn -1.000000 0.000000 0.000000
vn -0.999747 0.022509 0.000000
vn -0.890817 0.454239 0.010575
vn -0.890862 0.454275 0.000000
vn -0.574749 0.818262 0.010550
vn -0.574781 0.818307 0.000000
vn 0.574748 0.818262 0.010550
vn 0.574780 0.818308 0.000000
vn 0.890820 0.454233 0.010575
vn 0.890865 0.454269 0.000000
vn -0.001178 0.123338 0.992364
vn 0.001178 0.123339 0.992364
vn 0.119778 0.002600 0.992797
vn 0.007135 0.000000 0.999975
vn 0.067332 -0.033088 0.997182
vn -0.124045 0.062908 0.990281
vn 0.040030 -0.056975 0.997573
vn -0.082878 0.117987 0.989551
vn -0.040030 -0.056975 0.997573
vn 0.082877 0.117987 0.989551
vn -0.067333 -0.033086 0.997182
vn 0.124046 0.062907 0.990281
vn -1.000000 0.000000 0.000000
vn -0.999964 0.000000 0.008463
vn 0.999964 -0.000000 0.008463
vn 1.000000 -0.000000 0.000000
vn 0.000215 0.000305 1.000000
vn 0.000383 0.000188 1.000000
vn -0.004002 -0.000000 0.999992
vn 0.004002 -0.000000 0.999992
vn -0.000383 0.000189 1.000000
vn -0.000214 0.000306 1.000000
vn -0.007164 0.725781 0.687889
vn 0.007164 0.725780 0.687890
vn 0.422796 0.601925 0.677444
vn 0.721705 0.015975 0.692016
vn 0.713369 -0.000000 0.700788
vn 0.816227 0.000006 0.577732
vn -0.816226 0.000006 0.577732
vn -0.653209 0.332345 0.680342
vn -0.422795 0.601921 0.677448
vn 0.653213 0.332342 0.680339
vn -0.372838 -0.530625 0.761202
vn 0.372652 0.530194 0.761594
vn -0.591913 0.289504 0.752214
vn 0.592214 -0.289499 0.751979
vn 0.372842 -0.530622 0.761202
vn -0.592216 -0.289493 0.751980
vn 0.591727 0.289170 0.752489
vn -0.372417 0.530292 0.761640
s 1
g S_U_14 group1 Vending_Frame_low
usemtl aiStandardSurface62SG
f 721/934/1471 720/962/1472 723/963/1473 722/964/1474
f 720/935/1472 719/936/1475 724/982/1476 723/983/1473
f 739/984/1477 738/985/1478 741/986/1479 740/987/1480
f 738/1045/1478 737/938/1481 742/942/1482 741/1046/1479
f 745/945/1483 744/1047/1484 747/1048/1485 746/939/1486
f 744/988/1484 743/989/1487 748/990/1488 747/991/1485
f 751/992/1489 750/993/1490 753/994/1491 752/995/1492
f 750/1049/1490 749/941/1493 754/954/1494 753/1050/1491
f 757/996/1495 756/997/1496 759/998/1497 758/999/1498
f 756/1051/1496 755/943/1499 760/944/1500 759/1052/1497
f 689/937/1501 690/940/1502 742/942/1482 737/938/1481
f 745/945/1483 746/939/1486 692/948/1503 691/949/1504
f 749/941/1493 694/951/1505 693/953/1506 754/954/1494
f 695/955/1507 696/957/1508 760/944/1500 755/943/1499
f 760/944/1500 696/957/1508 697/960/1509 763/946/1510
f 763/1076/1510 697/1075/1509 698/1068/1511 766/947/1512
f 766/947/1512 698/1068/1511 689/937/1501 737/938/1481
f 742/942/1482 690/940/1502 699/1069/1513 769/950/1514
f 769/950/1514 699/1069/1513 700/1070/1515 772/952/1516
f 772/952/1516 700/1070/1515 694/951/1505 749/941/1493
f 745/945/1483 691/949/1504 701/1071/1517 775/956/1518
f 775/956/1518 701/1071/1517 702/1072/1519 778/958/1520
f 778/958/1520 702/1072/1519 695/955/1507 755/943/1499
f 754/954/1494 693/953/1506 703/1073/1521 781/959/1522
f 781/959/1522 703/1073/1521 704/1074/1523 784/961/1524
f 784/961/1524 704/1074/1523 692/948/1503 746/939/1486
f 679/965/1525 707/966/1526 710/967/1527 680/968/1528
f 713/969/1529 716/970/1530 681/971/1531 682/972/1532
f 683/973/1533 721/934/1471 722/964/1474 684/974/1534
f 722/964/1474 725/975/1535 685/976/1536 684/974/1534
f 725/975/1535 728/977/1537 686/978/1538 685/976/1536
f 728/977/1537 707/966/1526 679/965/1525 686/978/1538
f 710/967/1527 731/979/1539 687/980/1540 680/968/1528
f 731/979/1539 734/981/1541 688/1000/1542 687/980/1540
f 734/981/1541 713/969/1529 682/972/1532 688/1000/1542
f 709/1007/1543 739/984/1477 740/987/1480 712/1008/1544
f 715/1009/1545 751/992/1489 752/995/1492 718/1010/1546
f 719/936/1475 757/996/1495 758/999/1498 724/982/1476
f 724/982/1476 758/999/1498 761/1011/1547 727/1012/1548
f 727/1012/1548 761/1011/1547 764/1014/1549 730/1016/1550
f 730/1016/1550 764/1014/1549 739/984/1477 709/1007/1543
f 712/1008/1544 740/987/1480 767/1017/1551 733/1018/1552
f 733/1018/1552 767/1017/1551 770/1019/1553 736/1020/1554
f 736/1020/1554 770/1019/1553 751/992/1489 715/1009/1545
f 721/934/1471 683/973/1533 705/1001/1555 787/1002/1556
f 681/971/1531 716/970/1530 788/1003/1557 706/1004/1558
f 743/989/1487 773/1022/1559 776/1023/1560 757/996/1495 719/936/1475 785/1026/1561 790/1027/1562 718/1010/1546 752/995/1492 779/1031/1563 782/1033/1564 748/990/1488
f 707/966/1526 708/1005/1565 711/1006/1566 710/967/1527
f 708/1035/1565 709/1007/1543 712/1008/1544 711/1037/1566
f 710/967/1527 711/1006/1566 732/1013/1567 731/979/1539
f 711/1037/1566 712/1008/1544 733/1018/1552 732/1039/1567
f 713/969/1529 714/1015/1568 717/1021/1569 716/970/1530
f 714/1042/1568 715/1009/1545 718/1010/1546 717/1043/1569
f 716/970/1530 717/1021/1569 789/1024/1570 788/1003/1557
f 717/1043/1569 718/1010/1546 790/1027/1562 789/1064/1570
f 719/936/1475 720/935/1472 786/1065/1571 785/1026/1561
f 720/962/1472 721/934/1471 787/1002/1556 786/1025/1571
f 722/964/1474 723/963/1473 726/1028/1572 725/975/1535
f 723/983/1473 724/982/1476 727/1012/1548 726/1066/1572
f 725/975/1535 726/1028/1572 729/1029/1573 728/977/1537
f 726/1066/1572 727/1012/1548 730/1016/1550 729/1067/1573
f 709/1007/1543 708/1035/1565 729/1067/1573 730/1016/1550
f 708/1005/1565 707/966/1526 728/977/1537 729/1029/1573
f 731/979/1539 732/1013/1567 735/1030/1574 734/981/1541
f 732/1039/1567 733/1018/1552 736/1020/1554 735/1063/1574
f 715/1009/1545 714/1042/1568 735/1063/1574 736/1020/1554
f 714/1015/1568 713/969/1529 734/981/1541 735/1030/1574
f 740/987/1480 741/986/1479 768/1062/1575 767/1017/1551
f 741/1046/1479 742/942/1482 769/950/1514 768/1056/1575
f 743/989/1487 744/988/1484 774/1044/1576 773/1022/1559
f 744/1047/1484 745/945/1483 775/956/1518 774/1058/1576
f 752/995/1492 753/994/1491 780/1041/1577 779/1031/1563
f 753/1050/1491 754/954/1494 781/959/1522 780/1060/1577
f 758/999/1498 759/998/1497 762/1040/1578 761/1011/1547
f 759/1052/1497 760/944/1500 763/946/1510 762/1077/1578
f 761/1011/1547 762/1040/1578 765/1038/1579 764/1014/1549
f 762/1053/1578 763/1076/1510 766/947/1512 765/1054/1579
f 737/938/1481 738/1045/1478 765/1054/1579 766/947/1512
f 738/985/1478 739/984/1477 764/1014/1549 765/1038/1579
f 767/1017/1551 768/1062/1575 771/1036/1580 770/1019/1553
f 768/1055/1575 769/950/1514 772/952/1516 771/1057/1580
f 749/941/1493 750/1049/1490 771/1057/1580 772/952/1516
f 750/993/1490 751/992/1489 770/1019/1553 771/1036/1580
f 773/1022/1559 774/1044/1576 777/1034/1581 776/1023/1560
f 774/1058/1576 775/956/1518 778/958/1520 777/1059/1581
f 755/943/1499 756/1051/1496 777/1059/1581 778/958/1520
f 756/997/1496 757/996/1495 776/1023/1560 777/1034/1581
f 779/1031/1563 780/1041/1577 783/1032/1582 782/1033/1564
f 780/1060/1577 781/959/1522 784/961/1524 783/1061/1582
f 746/939/1486 747/1048/1485 783/1061/1582 784/961/1524
f 747/991/1485 748/990/1488 782/1033/1564 783/1032/1582
g default
v 60.110298 51.837601 161.358383
v 460.309875 51.837601 161.358383
v 80.120277 51.837608 161.358383
v 80.120277 222.526764 161.358383
v 440.299896 51.837601 161.358383
v 440.299896 222.526764 161.358383
v 60.110298 213.992310 161.358383
v 460.309875 213.992310 161.358383
vt 0.139749 0.355972
vt 0.666921 0.356050
vt 0.166107 0.355976
vt 0.166074 0.580820
vt 0.640563 0.356046
vt 0.640529 0.580891
vt 0.139717 0.569574
vt 0.666890 0.569653
vn 0.000000 0.000000 1.000000
vn 0.000000 0.000000 1.000000
vn 0.000000 0.000000 1.000000
vn 0.000000 0.000000 1.000000
vn 0.000000 0.000000 1.000000
vn 0.000000 0.000000 1.000000
vn 0.000000 0.000000 1.000000
vn 0.000000 0.000000 1.000000
s off
g S_U_14 group1 Vending_Glass_Backing
usemtl lambert1SG
f 798/1085/1583 796/1083/1584 794/1081/1585 797/1084/1586 791/1078/1587 793/1080/1588 795/1082/1589 792/1079/1590
g default
v 98.860450 178.014060 170.325317
v 97.667913 178.014060 165.959438
v 94.136914 178.014060 163.128255
v 89.616192 178.014060 162.913311
v 85.832446 178.014060 165.396618
v 84.231004 178.014060 169.629678
v 85.423540 178.014060 173.995564
v 88.954554 178.014060 176.826735
v 93.475312 178.014060 177.041729
v 97.259059 178.014060 174.558422
v 98.860450 204.506072 170.325317
v 97.667913 204.506072 165.959438
v 94.136914 204.506072 163.128255
v 89.616192 204.506072 162.913311
v 85.832446 204.506072 165.396618
v 84.231004 204.506072 169.629678
v 85.423540 204.506072 173.995564
v 88.954554 204.506072 176.826735
v 93.475312 204.506072 177.041729
v 97.259059 204.506072 174.558422
v 98.259257 175.868423 170.296762
v 97.164735 175.868423 166.289701
v 93.923923 175.868423 163.691245
v 89.774750 175.868423 163.493955
v 86.302045 175.868423 165.773157
v 84.832213 175.868423 169.658220
v 85.926756 175.868423 173.665345
v 89.167544 175.868423 176.263751
v 93.316690 175.868423 176.461045
v 96.789408 175.868423 174.181846
v 98.259257 206.651687 170.296762
v 97.164735 206.651687 166.289701
v 93.923923 206.651687 163.691245
v 89.774750 206.651687 163.493955
v 86.302045 206.651687 165.773157
v 84.832213 206.651687 169.658220
v 85.926756 206.651687 173.665345
v 89.167544 206.651687 176.263751
v 93.316690 206.651687 176.461045
v 96.789408 206.651687 174.181846
v 97.657959 175.868423 170.268123
v 96.661476 175.868423 166.619938
v 93.710934 175.868423 164.254221
v 89.933364 175.868423 164.074577
v 86.771645 175.868423 166.149687
v 85.433496 175.868423 169.686864
v 86.429963 175.868423 173.335063
v 89.380505 175.868423 175.700787
v 93.158105 175.868423 175.880405
v 96.319809 175.868423 173.805308
v 97.657959 206.651687 170.268123
v 96.661476 206.651687 166.619938
v 93.710934 206.651687 164.254221
v 89.933364 206.651687 164.074577
v 86.771645 206.651687 166.149687
v 85.433496 206.651687 169.686864
v 86.429963 206.651687 173.335063
v 89.380505 206.651687 175.700787
v 93.158105 206.651687 175.880405
v 96.319809 206.651687 173.805308
v 91.545741 176.634864 169.977492
v 91.545741 205.885253 169.977492
v 97.527471 176.385597 170.261936
v 96.552242 176.385597 166.691605
v 93.664710 176.385597 164.376436
v 89.967789 176.385597 164.200627
v 86.873599 176.385597 166.231422
v 85.563997 176.385597 169.693053
v 86.539226 176.385597 173.263384
v 89.426745 176.385597 175.578559
v 93.123679 176.385597 175.754362
v 96.217856 176.385597 173.723572
v 97.527471 206.134521 170.261936
v 96.552242 206.134521 166.691605
v 93.664710 206.134521 164.376436
v 89.967789 206.134521 164.200627
v 86.873599 206.134521 166.231422
v 85.563997 206.134521 169.693053
v 86.539226 206.134521 173.263384
v 89.426745 206.134521 175.578559
v 93.123679 206.134521 175.754362
v 96.217856 206.134521 173.723572
vt 0.221994 0.496632
vt 0.163036 0.496632
vt 0.221994 0.508154
vt 0.163036 0.508154
vt 0.221994 0.519653
vt 0.163036 0.519653
vt 0.221994 0.531095
vt 0.163036 0.531095
vt 0.221994 0.542350
vt 0.163036 0.542350
vt 0.221994 0.553614
vt 0.163036 0.439760
vt 0.221994 0.450931
vt 0.163036 0.450931
vt 0.221994 0.462187
vt 0.163036 0.462187
vt 0.221994 0.473630
vt 0.163036 0.473630
vt 0.221994 0.485134
vt 0.163036 0.485134
vt 0.226862 0.496632
vt 0.226862 0.508154
vt 0.226862 0.519653
vt 0.226862 0.531095
vt 0.226862 0.542350
vt 0.226862 0.553614
vt 0.226862 0.450931
vt 0.226862 0.462187
vt 0.226862 0.473630
vt 0.226862 0.485134
vt 0.158126 0.496632
vt 0.158126 0.508154
vt 0.158126 0.519653
vt 0.158126 0.531095
vt 0.158126 0.542350
vt 0.158126 0.439760
vt 0.158126 0.450931
vt 0.158126 0.462187
vt 0.158126 0.473630
vt 0.158126 0.485134
vt 0.258188 0.076279
vt 0.407045 0.271537
vt 0.264295 0.067875
vt 0.264297 0.057486
vt 0.258191 0.049080
vt 0.248311 0.045869
vt 0.238431 0.049078
vt 0.232323 0.057482
vt 0.232321 0.067871
vt 0.238427 0.076276
vt 0.248307 0.079488
vt 0.403834 0.261657
vt 0.395429 0.255551
vt 0.385040 0.255552
vt 0.376635 0.261659
vt 0.373426 0.271540
vt 0.376637 0.281420
vt 0.385043 0.287526
vt 0.395432 0.287525
vt 0.403836 0.281418
vt 0.405874 0.271530
vt 0.390236 0.271539
vt 0.257505 0.075327
vt 0.248309 0.062678
vt 0.402882 0.262340
vt 0.395060 0.256663
vt 0.385395 0.256669
vt 0.377579 0.262354
vt 0.374598 0.271547
vt 0.377589 0.280737
vt 0.385411 0.286414
vt 0.395076 0.286409
vt 0.402892 0.280723
vt 0.248314 0.078316
vt 0.239121 0.075333
vt 0.233438 0.067515
vt 0.233435 0.057851
vt 0.239113 0.050030
vt 0.248304 0.047040
vt 0.257497 0.050024
vt 0.263180 0.057841
vt 0.263183 0.067506
vt 0.156730 0.485134
vt 0.156730 0.473630
vt 0.156730 0.462188
vt 0.156730 0.450931
vt 0.156730 0.441473
vt 0.156730 0.542350
vt 0.156730 0.531095
vt 0.156730 0.519653
vt 0.156730 0.508154
vt 0.156730 0.496631
vt 0.228265 0.485134
vt 0.228265 0.473630
vt 0.228265 0.462187
vt 0.228265 0.450931
vt 0.228265 0.552014
vt 0.228265 0.542350
vt 0.228265 0.531095
vt 0.228265 0.519653
vt 0.228265 0.508154
vt 0.228265 0.496631
vt 0.156730 0.551378
vt 0.228265 0.442086
vt 0.226862 0.439760
vt 0.158126 0.553614
vt 0.221994 0.439760
vt 0.163036 0.553614
vn 0.998687 0.019211 0.047484
vn 0.998687 -0.019211 0.047485
vn 0.835869 -0.019211 -0.548593
vn 0.835869 0.019211 -0.548593
vn 0.353779 -0.019212 -0.935132
vn 0.353779 0.019212 -0.935132
vn -0.263448 -0.019211 -0.964482
vn -0.263448 0.019211 -0.964482
vn -0.780039 -0.019211 -0.625436
vn -0.780039 0.019211 -0.625436
vn -0.998687 -0.019211 -0.047490
vn -0.998687 0.019211 -0.047490
vn -0.835868 -0.019211 0.548594
vn -0.835868 0.019211 0.548594
vn -0.353781 -0.019211 0.935131
vn -0.353781 0.019211 0.935131
vn 0.263442 -0.019213 0.964484
vn 0.263442 0.019213 0.964484
vn 0.780044 -0.019212 0.625430
vn 0.780044 0.019212 0.625430
vn 0.902133 -0.429320 0.042901
vn 0.704621 -0.429332 0.564963
vn 0.755058 -0.429315 -0.495556
vn 0.319574 -0.429317 -0.844725
vn -0.237981 -0.429315 -0.871237
vn -0.704626 -0.429314 -0.564970
vn -0.902135 -0.429316 -0.042902
vn -0.755056 -0.429313 0.495561
vn -0.319574 -0.429317 0.844725
vn 0.237973 -0.429329 0.871232
vn 0.902131 0.429324 0.042900
vn 0.755058 0.429318 -0.495554
vn 0.319574 0.429320 -0.844723
vn -0.237982 0.429318 -0.871235
vn -0.704626 0.429317 -0.564968
vn -0.902134 0.429318 -0.042902
vn -0.755055 0.429316 0.495559
vn -0.319573 0.429320 0.844723
vn 0.237974 0.429332 0.871230
vn 0.704619 0.429336 0.564963
vn -0.483260 0.875176 -0.022977
vn -0.377465 0.875172 -0.302645
vn -0.483271 -0.875169 -0.022977
vn -0.404488 -0.875167 0.265466
vn -0.127488 0.875167 -0.466723
vn 0.171194 0.875169 -0.452518
vn 0.404484 0.875171 -0.265459
vn 0.483268 0.875171 0.022978
vn 0.377463 0.875172 0.302647
vn 0.127483 0.875167 0.466723
vn -0.171186 0.875166 0.452527
vn -0.404474 0.875173 0.265467
vn -0.171198 -0.875162 0.452529
vn 0.127486 -0.875163 0.466729
vn 0.377475 -0.875166 0.302651
vn 0.483274 -0.875168 0.022977
vn 0.404488 -0.875168 -0.265462
vn 0.171199 -0.875166 -0.452522
vn -0.127483 -0.875164 -0.466729
vn -0.377468 -0.875169 -0.302649
vn 0.000000 -1.000000 0.000000
vn -0.247348 -0.968855 -0.011763
vn -0.193195 -0.968855 -0.154904
vn -0.247345 0.968856 -0.011763
vn -0.193194 0.968856 -0.154902
vn -0.000000 1.000000 0.000000
vn -0.207022 -0.968855 0.135875
vn -0.087623 -0.968855 0.231608
vn 0.065248 -0.968855 0.238878
vn 0.193196 -0.968855 0.154904
vn 0.247346 -0.968856 0.011763
vn 0.207020 -0.968856 -0.135874
vn 0.087620 -0.968855 -0.231609
vn -0.065248 -0.968855 -0.238878
vn -0.207023 0.968855 0.135873
vn -0.087622 0.968856 0.231606
vn 0.065250 0.968856 0.238875
vn 0.193193 0.968856 0.154902
vn 0.247345 0.968856 0.011763
vn 0.207019 0.968856 -0.135873
vn 0.087620 0.968856 -0.231606
vn -0.065249 0.968856 -0.238875
s 1
g S_U_14 group1 Can_Beast_01 Cans_Atonofcans
usemtl S_P29_01_aiStandardSurface5SG
f 809/1087/1591 799/1086/1592 800/1088/1593 810/1089/1594
f 810/1089/1594 800/1088/1593 801/1090/1595 811/1091/1596
f 811/1091/1596 801/1090/1595 802/1092/1597 812/1093/1598
f 812/1093/1598 802/1092/1597 803/1094/1599 813/1095/1600
f 813/1095/1600 803/1094/1599 804/1096/1601 814/1193/1602
f 814/1097/1602 804/1192/1601 805/1098/1603 815/1099/1604
f 815/1099/1604 805/1098/1603 806/1100/1605 816/1101/1606
f 816/1101/1606 806/1100/1605 807/1102/1607 817/1103/1608
f 817/1103/1608 807/1102/1607 808/1104/1609 818/1105/1610
f 809/1087/1591 818/1105/1610 808/1104/1609 799/1086/1592
f 819/1106/1611 799/1086/1592 808/1104/1609 828/1115/1612
f 819/1106/1611 820/1107/1613 800/1088/1593 799/1086/1592
f 820/1107/1613 821/1108/1614 801/1090/1595 800/1088/1593
f 821/1108/1614 822/1109/1615 802/1092/1597 801/1090/1595
f 822/1109/1615 823/1110/1616 803/1094/1599 802/1092/1597
f 823/1110/1616 824/1111/1617 804/1096/1601 803/1094/1599
f 824/1190/1617 825/1112/1618 805/1098/1603 804/1192/1601
f 825/1112/1618 826/1113/1619 806/1100/1605 805/1098/1603
f 826/1113/1619 827/1114/1620 807/1102/1607 806/1100/1605
f 827/1114/1620 828/1115/1612 808/1104/1609 807/1102/1607
f 829/1116/1621 809/1087/1591 810/1089/1594 830/1117/1622
f 830/1117/1622 810/1089/1594 811/1091/1596 831/1118/1623
f 831/1118/1623 811/1091/1596 812/1093/1598 832/1119/1624
f 832/1119/1624 812/1093/1598 813/1095/1600 833/1120/1625
f 833/1120/1625 813/1095/1600 814/1193/1602 834/1191/1626
f 834/1121/1626 814/1097/1602 815/1099/1604 835/1122/1627
f 835/1122/1627 815/1099/1604 816/1101/1606 836/1123/1628
f 836/1123/1628 816/1101/1606 817/1103/1608 837/1124/1629
f 837/1124/1629 817/1103/1608 818/1105/1610 838/1125/1630
f 829/1116/1621 838/1125/1630 818/1105/1610 809/1087/1591
f 829/1116/1621 849/1177/1631 858/1168/1632 838/1125/1630
f 819/1106/1611 839/1187/1633 840/1186/1634 820/1107/1613
f 837/1124/1629 838/1125/1630 858/1168/1632 857/1169/1635
f 836/1123/1628 837/1124/1629 857/1169/1635 856/1170/1636
f 835/1122/1627 836/1123/1628 856/1170/1636 855/1171/1637
f 834/1121/1626 835/1122/1627 855/1171/1637 854/1172/1638
f 833/1120/1625 834/1191/1626 854/1188/1638 853/1173/1639
f 832/1119/1624 833/1120/1625 853/1173/1639 852/1174/1640
f 831/1118/1623 832/1119/1624 852/1174/1640 851/1175/1641
f 830/1117/1622 831/1118/1623 851/1175/1641 850/1176/1642
f 829/1116/1621 830/1117/1622 850/1176/1642 849/1177/1631
f 820/1107/1613 840/1186/1634 841/1185/1643 821/1108/1614
f 821/1108/1614 841/1185/1643 842/1184/1644 822/1109/1615
f 822/1109/1615 842/1184/1644 843/1183/1645 823/1110/1616
f 823/1110/1616 843/1183/1645 844/1182/1646 824/1111/1617
f 824/1190/1617 844/1189/1646 845/1181/1647 825/1112/1618
f 825/1112/1618 845/1181/1647 846/1180/1648 826/1113/1619
f 826/1113/1619 846/1180/1648 847/1179/1649 827/1114/1620
f 827/1114/1620 847/1179/1649 848/1178/1650 828/1115/1612
f 819/1106/1611 828/1115/1612 848/1178/1650 839/1187/1633
f 859/1147/1651 861/1146/1652 870/1158/1653
f 861/1146/1652 839/1127/1633 848/1145/1650 870/1158/1653
f 849/1126/1631 871/1148/1654 880/1167/1655 858/1128/1632
f 871/1148/1654 860/1149/1656 880/1167/1655
f 839/1127/1633 861/1146/1652 862/1150/1657 840/1137/1634
f 861/1146/1652 859/1147/1651 862/1150/1657
f 840/1137/1634 862/1150/1657 863/1151/1658 841/1138/1643
f 862/1150/1657 859/1147/1651 863/1151/1658
f 841/1138/1643 863/1151/1658 864/1152/1659 842/1139/1644
f 863/1151/1658 859/1147/1651 864/1152/1659
f 842/1139/1644 864/1152/1659 865/1153/1660 843/1140/1645
f 864/1152/1659 859/1147/1651 865/1153/1660
f 843/1140/1645 865/1153/1660 866/1154/1661 844/1141/1646
f 865/1153/1660 859/1147/1651 866/1154/1661
f 844/1141/1646 866/1154/1661 867/1155/1662 845/1142/1647
f 866/1154/1661 859/1147/1651 867/1155/1662
f 845/1142/1647 867/1155/1662 868/1156/1663 846/1143/1648
f 867/1155/1662 859/1147/1651 868/1156/1663
f 846/1143/1648 868/1156/1663 869/1157/1664 847/1144/1649
f 868/1156/1663 859/1147/1651 869/1157/1664
f 847/1144/1649 869/1157/1664 870/1158/1653 848/1145/1650
f 869/1157/1664 859/1147/1651 870/1158/1653
f 860/1149/1656 871/1148/1654 872/1159/1665
f 871/1148/1654 849/1126/1631 850/1136/1642 872/1159/1665
f 860/1149/1656 872/1159/1665 873/1160/1666
f 872/1159/1665 850/1136/1642 851/1135/1641 873/1160/1666
f 860/1149/1656 873/1160/1666 874/1161/1667
f 873/1160/1666 851/1135/1641 852/1134/1640 874/1161/1667
f 860/1149/1656 874/1161/1667 875/1162/1668
f 874/1161/1667 852/1134/1640 853/1133/1639 875/1162/1668
f 860/1149/1656 875/1162/1668 876/1163/1669
f 875/1162/1668 853/1133/1639 854/1132/1638 876/1163/1669
f 860/1149/1656 876/1163/1669 877/1164/1670
f 876/1163/1669 854/1132/1638 855/1131/1637 877/1164/1670
f 860/1149/1656 877/1164/1670 878/1165/1671
f 877/1164/1670 855/1131/1637 856/1130/1636 878/1165/1671
f 860/1149/1656 878/1165/1671 879/1166/1672
f 878/1165/1671 856/1130/1636 857/1129/1635 879/1166/1672
f 860/1149/1656 879/1166/1672 880/1167/1655
f 879/1166/1672 857/1129/1635 858/1128/1632 880/1167/1655
g default
v 118.089608 178.014060 170.325317
v 116.897072 178.014060 165.959438
v 113.366072 178.014060 163.128255
v 108.845351 178.014060 162.913311
v 105.061604 178.014060 165.396618
v 103.460162 178.014060 169.629678
v 104.652698 178.014060 173.995564
v 108.183712 178.014060 176.826735
v 112.704471 178.014060 177.041729
v 116.488217 178.014060 174.558422
v 118.089608 204.506072 170.325317
v 116.897072 204.506072 165.959438
v 113.366072 204.506072 163.128255
v 108.845351 204.506072 162.913311
v 105.061604 204.506072 165.396618
v 103.460162 204.506072 169.629678
v 104.652698 204.506072 173.995564
v 108.183712 204.506072 176.826735
v 112.704471 204.506072 177.041729
v 116.488217 204.506072 174.558422
v 117.488415 175.868423 170.296762
v 116.393893 175.868423 166.289701
v 113.153081 175.868423 163.691245
v 109.003908 175.868423 163.493955
v 105.531204 175.868423 165.773157
v 104.061371 175.868423 169.658220
v 105.155914 175.868423 173.665345
v 108.396703 175.868423 176.263751
v 112.545848 175.868423 176.461045
v 116.018566 175.868423 174.181846
v 117.488415 206.651687 170.296762
v 116.393893 206.651687 166.289701
v 113.153081 206.651687 163.691245
v 109.003908 206.651687 163.493955
v 105.531204 206.651687 165.773157
v 104.061371 206.651687 169.658220
v 105.155914 206.651687 173.665345
v 108.396703 206.651687 176.263751
v 112.545848 206.651687 176.461045
v 116.018566 206.651687 174.181846
v 116.887118 175.868423 170.268123
v 115.890635 175.868423 166.619938
v 112.940092 175.868423 164.254221
v 109.162522 175.868423 164.074577
v 106.000804 175.868423 166.149687
v 104.662654 175.868423 169.686864
v 105.659122 175.868423 173.335063
v 108.609663 175.868423 175.700787
v 112.387263 175.868423 175.880405
v 115.548967 175.868423 173.805308
v 116.887118 206.651687 170.268123
v 115.890635 206.651687 166.619938
v 112.940092 206.651687 164.254221
v 109.162522 206.651687 164.074577
v 106.000804 206.651687 166.149687
v 104.662654 206.651687 169.686864
v 105.659122 206.651687 173.335063
v 108.609663 206.651687 175.700787
v 112.387263 206.651687 175.880405
v 115.548967 206.651687 173.805308
v 110.774899 176.634864 169.977492
v 110.774899 205.885253 169.977492
v 116.756629 176.385597 170.261936
v 115.781400 176.385597 166.691605
v 112.893868 176.385597 164.376436
v 109.196947 176.385597 164.200627
v 106.102757 176.385597 166.231422
v 104.793155 176.385597 169.693053
v 105.768385 176.385597 173.263384
v 108.655903 176.385597 175.578559
v 112.352837 176.385597 175.754362
v 115.447014 176.385597 173.723572
v 116.756629 206.134521 170.261936
v 115.781400 206.134521 166.691605
v 112.893868 206.134521 164.376436
v 109.196947 206.134521 164.200627
v 106.102757 206.134521 166.231422
v 104.793155 206.134521 169.693053
v 105.768385 206.134521 173.263384
v 108.655903 206.134521 175.578559
v 112.352837 206.134521 175.754362
v 115.447014 206.134521 173.723572
vt 0.221994 0.496632
vt 0.163036 0.496632
vt 0.221994 0.508154
vt 0.163036 0.508154
vt 0.221994 0.519653
vt 0.163036 0.519653
vt 0.221994 0.531095
vt 0.163036 0.531095
vt 0.221994 0.542350
vt 0.163036 0.542350
vt 0.221994 0.553614
vt 0.163036 0.439760
vt 0.221994 0.450931
vt 0.163036 0.450931
vt 0.221994 0.462187
vt 0.163036 0.462187
vt 0.221994 0.473630
vt 0.163036 0.473630
vt 0.221994 0.485134
vt 0.163036 0.485134
vt 0.226862 0.496632
vt 0.226862 0.508154
vt 0.226862 0.519653
vt 0.226862 0.531095
vt 0.226862 0.542350
vt 0.226862 0.553614
vt 0.226862 0.450931
vt 0.226862 0.462187
vt 0.226862 0.473630
vt 0.226862 0.485134
vt 0.158126 0.496632
vt 0.158126 0.508154
vt 0.158126 0.519653
vt 0.158126 0.531095
vt 0.158126 0.542350
vt 0.158126 0.439760
vt 0.158126 0.450931
vt 0.158126 0.462187
vt 0.158126 0.473630
vt 0.158126 0.485134
vt 0.258188 0.076279
vt 0.407045 0.271537
vt 0.264295 0.067875
vt 0.264297 0.057486
vt 0.258191 0.049080
vt 0.248311 0.045869
vt 0.238431 0.049078
vt 0.232323 0.057482
vt 0.232321 0.067871
vt 0.238427 0.076276
vt 0.248307 0.079488
vt 0.403834 0.261657
vt 0.395429 0.255551
vt 0.385040 0.255552
vt 0.376635 0.261659
vt 0.373426 0.271540
vt 0.376637 0.281420
vt 0.385043 0.287526
vt 0.395432 0.287525
vt 0.403836 0.281418
vt 0.405874 0.271530
vt 0.390236 0.271539
vt 0.257505 0.075327
vt 0.248309 0.062678
vt 0.402882 0.262340
vt 0.395060 0.256663
vt 0.385395 0.256669
vt 0.377579 0.262354
vt 0.374598 0.271547
vt 0.377589 0.280737
vt 0.385411 0.286414
vt 0.395076 0.286409
vt 0.402892 0.280723
vt 0.248314 0.078316
vt 0.239121 0.075333
vt 0.233438 0.067515
vt 0.233435 0.057851
vt 0.239113 0.050030
vt 0.248304 0.047040
vt 0.257497 0.050024
vt 0.263180 0.057841
vt 0.263183 0.067506
vt 0.156730 0.485134
vt 0.156730 0.473630
vt 0.156730 0.462188
vt 0.156730 0.450931
vt 0.156730 0.441473
vt 0.156730 0.542350
vt 0.156730 0.531095
vt 0.156730 0.519653
vt 0.156730 0.508154
vt 0.156730 0.496631
vt 0.228265 0.485134
vt 0.228265 0.473630
vt 0.228265 0.462187
vt 0.228265 0.450931
vt 0.228265 0.552014
vt 0.228265 0.542350
vt 0.228265 0.531095
vt 0.228265 0.519653
vt 0.228265 0.508154
vt 0.228265 0.496631
vt 0.156730 0.551378
vt 0.228265 0.442086
vt 0.226862 0.439760
vt 0.158126 0.553614
vt 0.221994 0.439760
vt 0.163036 0.553614
vn 0.998687 0.019211 0.047484
vn 0.998687 -0.019211 0.047485
vn 0.835869 -0.019211 -0.548593
vn 0.835869 0.019211 -0.548593
vn 0.353779 -0.019212 -0.935132
vn 0.353779 0.019212 -0.935132
vn -0.263448 -0.019211 -0.964482
vn -0.263448 0.019211 -0.964482
vn -0.780039 -0.019211 -0.625436
vn -0.780039 0.019211 -0.625436
vn -0.998687 -0.019211 -0.047490
vn -0.998687 0.019211 -0.047490
vn -0.835868 -0.019211 0.548594
vn -0.835868 0.019211 0.548594
vn -0.353781 -0.019211 0.935131
vn -0.353781 0.019211 0.935131
vn 0.263442 -0.019213 0.964484
vn 0.263442 0.019213 0.964484
vn 0.780044 -0.019212 0.625430
vn 0.780044 0.019212 0.625430
vn 0.902133 -0.429320 0.042901
vn 0.704621 -0.429332 0.564963
vn 0.755058 -0.429315 -0.495556
vn 0.319574 -0.429317 -0.844725
vn -0.237981 -0.429315 -0.871237
vn -0.704626 -0.429314 -0.564970
vn -0.902135 -0.429316 -0.042902
vn -0.755056 -0.429313 0.495561
vn -0.319574 -0.429317 0.844725
vn 0.237973 -0.429329 0.871232
vn 0.902131 0.429324 0.042900
vn 0.755058 0.429318 -0.495554
vn 0.319574 0.429320 -0.844723
vn -0.237982 0.429318 -0.871235
vn -0.704626 0.429317 -0.564968
vn -0.902134 0.429318 -0.042902
vn -0.755055 0.429316 0.495559
vn -0.319573 0.429320 0.844723
vn 0.237974 0.429332 0.871230
vn 0.704619 0.429336 0.564963
vn -0.483260 0.875176 -0.022977
vn -0.377465 0.875172 -0.302645
vn -0.483271 -0.875169 -0.022977
vn -0.404488 -0.875167 0.265466
vn -0.127488 0.875167 -0.466723
vn 0.171194 0.875169 -0.452518
vn 0.404484 0.875171 -0.265459
vn 0.483268 0.875171 0.022978
vn 0.377463 0.875172 0.302647
vn 0.127483 0.875167 0.466723
vn -0.171186 0.875166 0.452527
vn -0.404474 0.875173 0.265467
vn -0.171198 -0.875162 0.452529
vn 0.127486 -0.875163 0.466729
vn 0.377475 -0.875166 0.302651
vn 0.483274 -0.875168 0.022977
vn 0.404488 -0.875168 -0.265462
vn 0.171199 -0.875166 -0.452522
vn -0.127483 -0.875164 -0.466729
vn -0.377468 -0.875169 -0.302649
vn 0.000000 -1.000000 0.000000
vn -0.247348 -0.968855 -0.011763
vn -0.193195 -0.968855 -0.154904
vn -0.247345 0.968856 -0.011763
vn -0.193194 0.968856 -0.154902
vn -0.000000 1.000000 0.000000
vn -0.207022 -0.968855 0.135875
vn -0.087623 -0.968855 0.231608
vn 0.065248 -0.968855 0.238878
vn 0.193196 -0.968855 0.154904
vn 0.247346 -0.968856 0.011763
vn 0.207020 -0.968856 -0.135874
vn 0.087620 -0.968855 -0.231609
vn -0.065248 -0.968855 -0.238878
vn -0.207023 0.968855 0.135873
vn -0.087622 0.968856 0.231606
vn 0.065250 0.968856 0.238875
vn 0.193193 0.968856 0.154902
vn 0.247345 0.968856 0.011763
vn 0.207019 0.968856 -0.135873
vn 0.087620 0.968856 -0.231606
vn -0.065249 0.968856 -0.238875
s 1
g S_U_14 group1 Cans_Atonofcans Can_Beast_02
usemtl S_P29_01_aiStandardSurface5SG
f 891/1195/1673 881/1194/1674 882/1196/1675 892/1197/1676
f 892/1197/1676 882/1196/1675 883/1198/1677 893/1199/1678
f 893/1199/1678 883/1198/1677 884/1200/1679 894/1201/1680
f 894/1201/1680 884/1200/1679 885/1202/1681 895/1203/1682
f 895/1203/1682 885/1202/1681 886/1204/1683 896/1301/1684
f 896/1205/1684 886/1300/1683 887/1206/1685 897/1207/1686
f 897/1207/1686 887/1206/1685 888/1208/1687 898/1209/1688
f 898/1209/1688 888/1208/1687 889/1210/1689 899/1211/1690
f 899/1211/1690 889/1210/1689 890/1212/1691 900/1213/1692
f 891/1195/1673 900/1213/1692 890/1212/1691 881/1194/1674
f 901/1214/1693 881/1194/1674 890/1212/1691 910/1223/1694
f 901/1214/1693 902/1215/1695 882/1196/1675 881/1194/1674
f 902/1215/1695 903/1216/1696 883/1198/1677 882/1196/1675
f 903/1216/1696 904/1217/1697 884/1200/1679 883/1198/1677
f 904/1217/1697 905/1218/1698 885/1202/1681 884/1200/1679
f 905/1218/1698 906/1219/1699 886/1204/1683 885/1202/1681
f 906/1298/1699 907/1220/1700 887/1206/1685 886/1300/1683
f 907/1220/1700 908/1221/1701 888/1208/1687 887/1206/1685
f 908/1221/1701 909/1222/1702 889/1210/1689 888/1208/1687
f 909/1222/1702 910/1223/1694 890/1212/1691 889/1210/1689
f 911/1224/1703 891/1195/1673 892/1197/1676 912/1225/1704
f 912/1225/1704 892/1197/1676 893/1199/1678 913/1226/1705
f 913/1226/1705 893/1199/1678 894/1201/1680 914/1227/1706
f 914/1227/1706 894/1201/1680 895/1203/1682 915/1228/1707
f 915/1228/1707 895/1203/1682 896/1301/1684 916/1299/1708
f 916/1229/1708 896/1205/1684 897/1207/1686 917/1230/1709
f 917/1230/1709 897/1207/1686 898/1209/1688 918/1231/1710
f 918/1231/1710 898/1209/1688 899/1211/1690 919/1232/1711
f 919/1232/1711 899/1211/1690 900/1213/1692 920/1233/1712
f 911/1224/1703 920/1233/1712 900/1213/1692 891/1195/1673
f 911/1224/1703 931/1285/1713 940/1276/1714 920/1233/1712
f 901/1214/1693 921/1295/1715 922/1294/1716 902/1215/1695
f 919/1232/1711 920/1233/1712 940/1276/1714 939/1277/1717
f 918/1231/1710 919/1232/1711 939/1277/1717 938/1278/1718
f 917/1230/1709 918/1231/1710 938/1278/1718 937/1279/1719
f 916/1229/1708 917/1230/1709 937/1279/1719 936/1280/1720
f 915/1228/1707 916/1299/1708 936/1296/1720 935/1281/1721
f 914/1227/1706 915/1228/1707 935/1281/1721 934/1282/1722
f 913/1226/1705 914/1227/1706 934/1282/1722 933/1283/1723
f 912/1225/1704 913/1226/1705 933/1283/1723 932/1284/1724
f 911/1224/1703 912/1225/1704 932/1284/1724 931/1285/1713
f 902/1215/1695 922/1294/1716 923/1293/1725 903/1216/1696
f 903/1216/1696 923/1293/1725 924/1292/1726 904/1217/1697
f 904/1217/1697 924/1292/1726 925/1291/1727 905/1218/1698
f 905/1218/1698 925/1291/1727 926/1290/1728 906/1219/1699
f 906/1298/1699 926/1297/1728 927/1289/1729 907/1220/1700
f 907/1220/1700 927/1289/1729 928/1288/1730 908/1221/1701
f 908/1221/1701 928/1288/1730 929/1287/1731 909/1222/1702
f 909/1222/1702 929/1287/1731 930/1286/1732 910/1223/1694
f 901/1214/1693 910/1223/1694 930/1286/1732 921/1295/1715
f 941/1255/1733 943/1254/1734 952/1266/1735
f 943/1254/1734 921/1235/1715 930/1253/1732 952/1266/1735
f 931/1234/1713 953/1256/1736 962/1275/1737 940/1236/1714
f 953/1256/1736 942/1257/1738 962/1275/1737
f 921/1235/1715 943/1254/1734 944/1258/1739 922/1245/1716
f 943/1254/1734 941/1255/1733 944/1258/1739
f 922/1245/1716 944/1258/1739 945/1259/1740 923/1246/1725
f 944/1258/1739 941/1255/1733 945/1259/1740
f 923/1246/1725 945/1259/1740 946/1260/1741 924/1247/1726
f 945/1259/1740 941/1255/1733 946/1260/1741
f 924/1247/1726 946/1260/1741 947/1261/1742 925/1248/1727
f 946/1260/1741 941/1255/1733 947/1261/1742
f 925/1248/1727 947/1261/1742 948/1262/1743 926/1249/1728
f 947/1261/1742 941/1255/1733 948/1262/1743
f 926/1249/1728 948/1262/1743 949/1263/1744 927/1250/1729
f 948/1262/1743 941/1255/1733 949/1263/1744
f 927/1250/1729 949/1263/1744 950/1264/1745 928/1251/1730
f 949/1263/1744 941/1255/1733 950/1264/1745
f 928/1251/1730 950/1264/1745 951/1265/1746 929/1252/1731
f 950/1264/1745 941/1255/1733 951/1265/1746
f 929/1252/1731 951/1265/1746 952/1266/1735 930/1253/1732
f 951/1265/1746 941/1255/1733 952/1266/1735
f 942/1257/1738 953/1256/1736 954/1267/1747
f 953/1256/1736 931/1234/1713 932/1244/1724 954/1267/1747
f 942/1257/1738 954/1267/1747 955/1268/1748
f 954/1267/1747 932/1244/1724 933/1243/1723 955/1268/1748
f 942/1257/1738 955/1268/1748 956/1269/1749
f 955/1268/1748 933/1243/1723 934/1242/1722 956/1269/1749
f 942/1257/1738 956/1269/1749 957/1270/1750
f 956/1269/1749 934/1242/1722 935/1241/1721 957/1270/1750
f 942/1257/1738 957/1270/1750 958/1271/1751
f 957/1270/1750 935/1241/1721 936/1240/1720 958/1271/1751
f 942/1257/1738 958/1271/1751 959/1272/1752
f 958/1271/1751 936/1240/1720 937/1239/1719 959/1272/1752
f 942/1257/1738 959/1272/1752 960/1273/1753
f 959/1272/1752 937/1239/1719 938/1238/1718 960/1273/1753
f 942/1257/1738 960/1273/1753 961/1274/1754
f 960/1273/1753 938/1238/1718 939/1237/1717 961/1274/1754
f 942/1257/1738 961/1274/1754 962/1275/1737
f 961/1274/1754 939/1237/1717 940/1236/1714 962/1275/1737
g default
v 137.341850 178.014060 170.325317
v 136.149314 178.014060 165.959438
v 132.618315 178.014060 163.128255
v 128.097593 178.014060 162.913311
v 124.313847 178.014060 165.396618
v 122.712404 178.014060 169.629678
v 123.904940 178.014060 173.995564
v 127.435955 178.014060 176.826735
v 131.956713 178.014060 177.041729
v 135.740459 178.014060 174.558422
v 137.341850 204.506072 170.325317
v 136.149314 204.506072 165.959438
v 132.618315 204.506072 163.128255
v 128.097593 204.506072 162.913311
v 124.313847 204.506072 165.396618
v 122.712404 204.506072 169.629678
v 123.904940 204.506072 173.995564
v 127.435955 204.506072 176.826735
v 131.956713 204.506072 177.041729
v 135.740459 204.506072 174.558422
v 136.740657 175.868423 170.296762
v 135.646135 175.868423 166.289701
v 132.405323 175.868423 163.691245
v 128.256151 175.868423 163.493955
v 124.783446 175.868423 165.773157
v 123.313614 175.868423 169.658220
v 124.408156 175.868423 173.665345
v 127.648945 175.868423 176.263751
v 131.798090 175.868423 176.461045
v 135.270809 175.868423 174.181846
v 136.740657 206.651687 170.296762
v 135.646135 206.651687 166.289701
v 132.405323 206.651687 163.691245
v 128.256151 206.651687 163.493955
v 124.783446 206.651687 165.773157
v 123.313614 206.651687 169.658220
v 124.408156 206.651687 173.665345
v 127.648945 206.651687 176.263751
v 131.798090 206.651687 176.461045
v 135.270809 206.651687 174.181846
v 136.139360 175.868423 170.268123
v 135.142877 175.868423 166.619938
v 132.192334 175.868423 164.254221
v 128.414764 175.868423 164.074577
v 125.253046 175.868423 166.149687
v 123.914896 175.868423 169.686864
v 124.911364 175.868423 173.335063
v 127.861905 175.868423 175.700787
v 131.639505 175.868423 175.880405
v 134.801209 175.868423 173.805308
v 136.139360 206.651687 170.268123
v 135.142877 206.651687 166.619938
v 132.192334 206.651687 164.254221
v 128.414764 206.651687 164.074577
v 125.253046 206.651687 166.149687
v 123.914896 206.651687 169.686864
v 124.911364 206.651687 173.335063
v 127.861905 206.651687 175.700787
v 131.639505 206.651687 175.880405
v 134.801209 206.651687 173.805308
v 130.027141 176.634864 169.977492
v 130.027141 205.885253 169.977492
v 136.008871 176.385597 170.261936
v 135.033642 176.385597 166.691605
v 132.146110 176.385597 164.376436
v 128.449189 176.385597 164.200627
v 125.354999 176.385597 166.231422
v 124.045397 176.385597 169.693053
v 125.020627 176.385597 173.263384
v 127.908145 176.385597 175.578559
v 131.605079 176.385597 175.754362
v 134.699256 176.385597 173.723572
v 136.008871 206.134521 170.261936
v 135.033642 206.134521 166.691605
v 132.146110 206.134521 164.376436
v 128.449189 206.134521 164.200627
v 125.354999 206.134521 166.231422
v 124.045397 206.134521 169.693053
v 125.020627 206.134521 173.263384
v 127.908145 206.134521 175.578559
v 131.605079 206.134521 175.754362
v 134.699256 206.134521 173.723572
vt 0.221994 0.496632
vt 0.163036 0.496632
vt 0.221994 0.508154
vt 0.163036 0.508154
vt 0.221994 0.519653
vt 0.163036 0.519653
vt 0.221994 0.531095
vt 0.163036 0.531095
vt 0.221994 0.542350
vt 0.163036 0.542350
vt 0.221994 0.553614
vt 0.163036 0.439760
vt 0.221994 0.450931
vt 0.163036 0.450931
vt 0.221994 0.462187
vt 0.163036 0.462187
vt 0.221994 0.473630
vt 0.163036 0.473630
vt 0.221994 0.485134
vt 0.163036 0.485134
vt 0.226862 0.496632
vt 0.226862 0.508154
vt 0.226862 0.519653
vt 0.226862 0.531095
vt 0.226862 0.542350
vt 0.226862 0.553614
vt 0.226862 0.450931
vt 0.226862 0.462187
vt 0.226862 0.473630
vt 0.226862 0.485134
vt 0.158126 0.496632
vt 0.158126 0.508154
vt 0.158126 0.519653
vt 0.158126 0.531095
vt 0.158126 0.542350
vt 0.158126 0.439760
vt 0.158126 0.450931
vt 0.158126 0.462187
vt 0.158126 0.473630
vt 0.158126 0.485134
vt 0.258188 0.076279
vt 0.407045 0.271537
vt 0.264295 0.067875
vt 0.264297 0.057486
vt 0.258191 0.049080
vt 0.248311 0.045869
vt 0.238431 0.049078
vt 0.232323 0.057482
vt 0.232321 0.067871
vt 0.238427 0.076276
vt 0.248307 0.079488
vt 0.403834 0.261657
vt 0.395429 0.255551
vt 0.385040 0.255552
vt 0.376635 0.261659
vt 0.373426 0.271540
vt 0.376637 0.281420
vt 0.385043 0.287526
vt 0.395432 0.287525
vt 0.403836 0.281418
vt 0.405874 0.271530
vt 0.390236 0.271539
vt 0.257505 0.075327
vt 0.248309 0.062678
vt 0.402882 0.262340
vt 0.395060 0.256663
vt 0.385395 0.256669
vt 0.377579 0.262354
vt 0.374598 0.271547
vt 0.377589 0.280737
vt 0.385411 0.286414
vt 0.395076 0.286409
vt 0.402892 0.280723
vt 0.248314 0.078316
vt 0.239121 0.075333
vt 0.233438 0.067515
vt 0.233435 0.057851
vt 0.239113 0.050030
vt 0.248304 0.047040
vt 0.257497 0.050024
vt 0.263180 0.057841
vt 0.263183 0.067506
vt 0.156730 0.485134
vt 0.156730 0.473630
vt 0.156730 0.462188
vt 0.156730 0.450931
vt 0.156730 0.441473
vt 0.156730 0.542350
vt 0.156730 0.531095
vt 0.156730 0.519653
vt 0.156730 0.508154
vt 0.156730 0.496631
vt 0.228265 0.485134
vt 0.228265 0.473630
vt 0.228265 0.462187
vt 0.228265 0.450931
vt 0.228265 0.552014
vt 0.228265 0.542350
vt 0.228265 0.531095
vt 0.228265 0.519653
vt 0.228265 0.508154
vt 0.228265 0.496631
vt 0.156730 0.551378
vt 0.228265 0.442086
vt 0.226862 0.439760
vt 0.158126 0.553614
vt 0.221994 0.439760
vt 0.163036 0.553614
vn 0.998687 0.019211 0.047484
vn 0.998687 -0.019211 0.047485
vn 0.835869 -0.019211 -0.548593
vn 0.835869 0.019211 -0.548593
vn 0.353779 -0.019212 -0.935132
vn 0.353779 0.019212 -0.935132
vn -0.263448 -0.019211 -0.964482
vn -0.263448 0.019211 -0.964482
vn -0.780039 -0.019211 -0.625436
vn -0.780039 0.019211 -0.625436
vn -0.998687 -0.019211 -0.047490
vn -0.998687 0.019211 -0.047490
vn -0.835868 -0.019211 0.548594
vn -0.835868 0.019211 0.548594
vn -0.353781 -0.019211 0.935131
vn -0.353781 0.019211 0.935131
vn 0.263442 -0.019213 0.964484
vn 0.263442 0.019213 0.964484
vn 0.780044 -0.019212 0.625430
vn 0.780044 0.019212 0.625430
vn 0.902133 -0.429320 0.042901
vn 0.704621 -0.429332 0.564963
vn 0.755058 -0.429315 -0.495556
vn 0.319574 -0.429317 -0.844725
vn -0.237981 -0.429315 -0.871237
vn -0.704626 -0.429314 -0.564970
vn -0.902135 -0.429316 -0.042902
vn -0.755056 -0.429313 0.495561
vn -0.319574 -0.429317 0.844725
vn 0.237973 -0.429329 0.871232
vn 0.902131 0.429324 0.042900
vn 0.755058 0.429318 -0.495554
vn 0.319574 0.429320 -0.844723
vn -0.237982 0.429318 -0.871235
vn -0.704626 0.429317 -0.564968
vn -0.902134 0.429318 -0.042902
vn -0.755055 0.429316 0.495559
vn -0.319573 0.429320 0.844723
vn 0.237974 0.429332 0.871230
vn 0.704619 0.429336 0.564963
vn -0.483260 0.875176 -0.022977
vn -0.377465 0.875172 -0.302645
vn -0.483271 -0.875169 -0.022977
vn -0.404488 -0.875167 0.265466
vn -0.127488 0.875167 -0.466723
vn 0.171194 0.875169 -0.452518
vn 0.404484 0.875171 -0.265459
vn 0.483268 0.875171 0.022978
vn 0.377463 0.875172 0.302647
vn 0.127483 0.875167 0.466723
vn -0.171186 0.875166 0.452527
vn -0.404474 0.875173 0.265467
vn -0.171198 -0.875162 0.452529
vn 0.127486 -0.875163 0.466729
vn 0.377475 -0.875166 0.302651
vn 0.483274 -0.875168 0.022977
vn 0.404488 -0.875168 -0.265462
vn 0.171199 -0.875166 -0.452522
vn -0.127483 -0.875164 -0.466729
vn -0.377468 -0.875169 -0.302649
vn 0.000000 -1.000000 0.000000
vn -0.247348 -0.968855 -0.011763
vn -0.193195 -0.968855 -0.154904
vn -0.247345 0.968856 -0.011763
vn -0.193194 0.968856 -0.154902
vn -0.000000 1.000000 0.000000
vn -0.207022 -0.968855 0.135875
vn -0.087623 -0.968855 0.231608
vn 0.065248 -0.968855 0.238878
vn 0.193196 -0.968855 0.154904
vn 0.247346 -0.968856 0.011763
vn 0.207020 -0.968856 -0.135874
vn 0.087620 -0.968855 -0.231609
vn -0.065248 -0.968855 -0.238878
vn -0.207023 0.968855 0.135873
vn -0.087622 0.968856 0.231606
vn 0.065250 0.968856 0.238875
vn 0.193193 0.968856 0.154902
vn 0.247345 0.968856 0.011763
vn 0.207019 0.968856 -0.135873
vn 0.087620 0.968856 -0.231606
vn -0.065249 0.968856 -0.238875
s 1
g S_U_14 group1 Cans_Atonofcans Can_Beast_03
usemtl S_P29_01_aiStandardSurface5SG
f 973/1303/1755 963/1302/1756 964/1304/1757 974/1305/1758
f 974/1305/1758 964/1304/1757 965/1306/1759 975/1307/1760
f 975/1307/1760 965/1306/1759 966/1308/1761 976/1309/1762
f 976/1309/1762 966/1308/1761 967/1310/1763 977/1311/1764
f 977/1311/1764 967/1310/1763 968/1312/1765 978/1409/1766
f 978/1313/1766 968/1408/1765 969/1314/1767 979/1315/1768
f 979/1315/1768 969/1314/1767 970/1316/1769 980/1317/1770
f 980/1317/1770 970/1316/1769 971/1318/1771 981/1319/1772
f 981/1319/1772 971/1318/1771 972/1320/1773 982/1321/1774
f 973/1303/1755 982/1321/1774 972/1320/1773 963/1302/1756
f 983/1322/1775 963/1302/1756 972/1320/1773 992/1331/1776
f 983/1322/1775 984/1323/1777 964/1304/1757 963/1302/1756
f 984/1323/1777 985/1324/1778 965/1306/1759 964/1304/1757
f 985/1324/1778 986/1325/1779 966/1308/1761 965/1306/1759
f 986/1325/1779 987/1326/1780 967/1310/1763 966/1308/1761
f 987/1326/1780 988/1327/1781 968/1312/1765 967/1310/1763
f 988/1406/1781 989/1328/1782 969/1314/1767 968/1408/1765
f 989/1328/1782 990/1329/1783 970/1316/1769 969/1314/1767
f 990/1329/1783 991/1330/1784 971/1318/1771 970/1316/1769
f 991/1330/1784 992/1331/1776 972/1320/1773 971/1318/1771
f 993/1332/1785 973/1303/1755 974/1305/1758 994/1333/1786
f 994/1333/1786 974/1305/1758 975/1307/1760 995/1334/1787
f 995/1334/1787 975/1307/1760 976/1309/1762 996/1335/1788
f 996/1335/1788 976/1309/1762 977/1311/1764 997/1336/1789
f 997/1336/1789 977/1311/1764 978/1409/1766 998/1407/1790
f 998/1337/1790 978/1313/1766 979/1315/1768 999/1338/1791
f 999/1338/1791 979/1315/1768 980/1317/1770 1000/1339/1792
f 1000/1339/1792 980/1317/1770 981/1319/1772 1001/1340/1793
f 1001/1340/1793 981/1319/1772 982/1321/1774 1002/1341/1794
f 993/1332/1785 1002/1341/1794 982/1321/1774 973/1303/1755
f 993/1332/1785 1013/1393/1795 1022/1384/1796 1002/1341/1794
f 983/1322/1775 1003/1403/1797 1004/1402/1798 984/1323/1777
f 1001/1340/1793 1002/1341/1794 1022/1384/1796 1021/1385/1799
f 1000/1339/1792 1001/1340/1793 1021/1385/1799 1020/1386/1800
f 999/1338/1791 1000/1339/1792 1020/1386/1800 1019/1387/1801
f 998/1337/1790 999/1338/1791 1019/1387/1801 1018/1388/1802
f 997/1336/1789 998/1407/1790 1018/1404/1802 1017/1389/1803
f 996/1335/1788 997/1336/1789 1017/1389/1803 1016/1390/1804
f 995/1334/1787 996/1335/1788 1016/1390/1804 1015/1391/1805
f 994/1333/1786 995/1334/1787 1015/1391/1805 1014/1392/1806
f 993/1332/1785 994/1333/1786 1014/1392/1806 1013/1393/1795
f 984/1323/1777 1004/1402/1798 1005/1401/1807 985/1324/1778
f 985/1324/1778 1005/1401/1807 1006/1400/1808 986/1325/1779
f 986/1325/1779 1006/1400/1808 1007/1399/1809 987/1326/1780
f 987/1326/1780 1007/1399/1809 1008/1398/1810 988/1327/1781
f 988/1406/1781 1008/1405/1810 1009/1397/1811 989/1328/1782
f 989/1328/1782 1009/1397/1811 1010/1396/1812 990/1329/1783
f 990/1329/1783 1010/1396/1812 1011/1395/1813 991/1330/1784
f 991/1330/1784 1011/1395/1813 1012/1394/1814 992/1331/1776
f 983/1322/1775 992/1331/1776 1012/1394/1814 1003/1403/1797
f 1023/1363/1815 1025/1362/1816 1034/1374/1817
f 1025/1362/1816 1003/1343/1797 1012/1361/1814 1034/1374/1817
f 1013/1342/1795 1035/1364/1818 1044/1383/1819 1022/1344/1796
f 1035/1364/1818 1024/1365/1820 1044/1383/1819
f 1003/1343/1797 1025/1362/1816 1026/1366/1821 1004/1353/1798
f 1025/1362/1816 1023/1363/1815 1026/1366/1821
f 1004/1353/1798 1026/1366/1821 1027/1367/1822 1005/1354/1807
f 1026/1366/1821 1023/1363/1815 1027/1367/1822
f 1005/1354/1807 1027/1367/1822 1028/1368/1823 1006/1355/1808
f 1027/1367/1822 1023/1363/1815 1028/1368/1823
f 1006/1355/1808 1028/1368/1823 1029/1369/1824 1007/1356/1809
f 1028/1368/1823 1023/1363/1815 1029/1369/1824
f 1007/1356/1809 1029/1369/1824 1030/1370/1825 1008/1357/1810
f 1029/1369/1824 1023/1363/1815 1030/1370/1825
f 1008/1357/1810 1030/1370/1825 1031/1371/1826 1009/1358/1811
f 1030/1370/1825 1023/1363/1815 1031/1371/1826
f 1009/1358/1811 1031/1371/1826 1032/1372/1827 1010/1359/1812
f 1031/1371/1826 1023/1363/1815 1032/1372/1827
f 1010/1359/1812 1032/1372/1827 1033/1373/1828 1011/1360/1813
f 1032/1372/1827 1023/1363/1815 1033/1373/1828
f 1011/1360/1813 1033/1373/1828 1034/1374/1817 1012/1361/1814
f 1033/1373/1828 1023/1363/1815 1034/1374/1817
f 1024/1365/1820 1035/1364/1818 1036/1375/1829
f 1035/1364/1818 1013/1342/1795 1014/1352/1806 1036/1375/1829
f 1024/1365/1820 1036/1375/1829 1037/1376/1830
f 1036/1375/1829 1014/1352/1806 1015/1351/1805 1037/1376/1830
f 1024/1365/1820 1037/1376/1830 1038/1377/1831
f 1037/1376/1830 1015/1351/1805 1016/1350/1804 1038/1377/1831
f 1024/1365/1820 1038/1377/1831 1039/1378/1832
f 1038/1377/1831 1016/1350/1804 1017/1349/1803 1039/1378/1832
f 1024/1365/1820 1039/1378/1832 1040/1379/1833
f 1039/1378/1832 1017/1349/1803 1018/1348/1802 1040/1379/1833
f 1024/1365/1820 1040/1379/1833 1041/1380/1834
f 1040/1379/1833 1018/1348/1802 1019/1347/1801 1041/1380/1834
f 1024/1365/1820 1041/1380/1834 1042/1381/1835
f 1041/1380/1834 1019/1347/1801 1020/1346/1800 1042/1381/1835
f 1024/1365/1820 1042/1381/1835 1043/1382/1836
f 1042/1381/1835 1020/1346/1800 1021/1345/1799 1043/1382/1836
f 1024/1365/1820 1043/1382/1836 1044/1383/1819
f 1043/1382/1836 1021/1345/1799 1022/1344/1796 1044/1383/1819
g default
v 156.817854 178.014060 170.325317
v 155.625317 178.014060 165.959438
v 152.094318 178.014060 163.128255
v 147.573596 178.014060 162.913311
v 143.789850 178.014060 165.396618
v 142.188407 178.014060 169.629678
v 143.380943 178.014060 173.995564
v 146.911958 178.014060 176.826735
v 151.432716 178.014060 177.041729
v 155.216463 178.014060 174.558422
v 156.817854 204.506072 170.325317
v 155.625317 204.506072 165.959438
v 152.094318 204.506072 163.128255
v 147.573596 204.506072 162.913311
v 143.789850 204.506072 165.396618
v 142.188407 204.506072 169.629678
v 143.380943 204.506072 173.995564
v 146.911958 204.506072 176.826735
v 151.432716 204.506072 177.041729
v 155.216463 204.506072 174.558422
v 156.216660 175.868423 170.296762
v 155.122139 175.868423 166.289701
v 151.881327 175.868423 163.691245
v 147.732154 175.868423 163.493955
v 144.259449 175.868423 165.773157
v 142.789617 175.868423 169.658220
v 143.884160 175.868423 173.665345
v 147.124948 175.868423 176.263751
v 151.274094 175.868423 176.461045
v 154.746812 175.868423 174.181846
v 156.216660 206.651687 170.296762
v 155.122139 206.651687 166.289701
v 151.881327 206.651687 163.691245
v 147.732154 206.651687 163.493955
v 144.259449 206.651687 165.773157
v 142.789617 206.651687 169.658220
v 143.884160 206.651687 173.665345
v 147.124948 206.651687 176.263751
v 151.274094 206.651687 176.461045
v 154.746812 206.651687 174.181846
v 155.615363 175.868423 170.268123
v 154.618880 175.868423 166.619938
v 151.668338 175.868423 164.254221
v 147.890768 175.868423 164.074577
v 144.729049 175.868423 166.149687
v 143.390900 175.868423 169.686864
v 144.387367 175.868423 173.335063
v 147.337909 175.868423 175.700787
v 151.115509 175.868423 175.880405
v 154.277213 175.868423 173.805308
v 155.615363 206.651687 170.268123
v 154.618880 206.651687 166.619938
v 151.668338 206.651687 164.254221
v 147.890768 206.651687 164.074577
v 144.729049 206.651687 166.149687
v 143.390900 206.651687 169.686864
v 144.387367 206.651687 173.335063
v 147.337909 206.651687 175.700787
v 151.115509 206.651687 175.880405
v 154.277213 206.651687 173.805308
v 149.503145 176.634864 169.977492
v 149.503145 205.885253 169.977492
v 155.484875 176.385597 170.261936
v 154.509645 176.385597 166.691605
v 151.622114 176.385597 164.376436
v 147.925193 176.385597 164.200627
v 144.831002 176.385597 166.231422
v 143.521401 176.385597 169.693053
v 144.496630 176.385597 173.263384
v 147.384148 176.385597 175.578559
v 151.081083 176.385597 175.754362
v 154.175260 176.385597 173.723572
v 155.484875 206.134521 170.261936
v 154.509645 206.134521 166.691605
v 151.622114 206.134521 164.376436
v 147.925193 206.134521 164.200627
v 144.831002 206.134521 166.231422
v 143.521401 206.134521 169.693053
v 144.496630 206.134521 173.263384
v 147.384148 206.134521 175.578559
v 151.081083 206.134521 175.754362
v 154.175260 206.134521 173.723572
vt 0.221994 0.496632
vt 0.163036 0.496632
vt 0.221994 0.508154
vt 0.163036 0.508154
vt 0.221994 0.519653
vt 0.163036 0.519653
vt 0.221994 0.531095
vt 0.163036 0.531095
vt 0.221994 0.542350
vt 0.163036 0.542350
vt 0.221994 0.553614
vt 0.163036 0.439760
vt 0.221994 0.450931
vt 0.163036 0.450931
vt 0.221994 0.462187
vt 0.163036 0.462187
vt 0.221994 0.473630
vt 0.163036 0.473630
vt 0.221994 0.485134
vt 0.163036 0.485134
vt 0.226862 0.496632
vt 0.226862 0.508154
vt 0.226862 0.519653
vt 0.226862 0.531095
vt 0.226862 0.542350
vt 0.226862 0.553614
vt 0.226862 0.450931
vt 0.226862 0.462187
vt 0.226862 0.473630
vt 0.226862 0.485134
vt 0.158126 0.496632
vt 0.158126 0.508154
vt 0.158126 0.519653
vt 0.158126 0.531095
vt 0.158126 0.542350
vt 0.158126 0.439760
vt 0.158126 0.450931
vt 0.158126 0.462187
vt 0.158126 0.473630
vt 0.158126 0.485134
vt 0.258188 0.076279
vt 0.407045 0.271537
vt 0.264295 0.067875
vt 0.264297 0.057486
vt 0.258191 0.049080
vt 0.248311 0.045869
vt 0.238431 0.049078
vt 0.232323 0.057482
vt 0.232321 0.067871
vt 0.238427 0.076276
vt 0.248307 0.079488
vt 0.403834 0.261657
vt 0.395429 0.255551
vt 0.385040 0.255552
vt 0.376635 0.261659
vt 0.373426 0.271540
vt 0.376637 0.281420
vt 0.385043 0.287526
vt 0.395432 0.287525
vt 0.403836 0.281418
vt 0.405874 0.271530
vt 0.390236 0.271539
vt 0.257505 0.075327
vt 0.248309 0.062678
vt 0.402882 0.262340
vt 0.395060 0.256663
vt 0.385395 0.256669
vt 0.377579 0.262354
vt 0.374598 0.271547
vt 0.377589 0.280737
vt 0.385411 0.286414
vt 0.395076 0.286409
vt 0.402892 0.280723
vt 0.248314 0.078316
vt 0.239121 0.075333
vt 0.233438 0.067515
vt 0.233435 0.057851
vt 0.239113 0.050030
vt 0.248304 0.047040
vt 0.257497 0.050024
vt 0.263180 0.057841
vt 0.263183 0.067506
vt 0.156730 0.485134
vt 0.156730 0.473630
vt 0.156730 0.462188
vt 0.156730 0.450931
vt 0.156730 0.441473
vt 0.156730 0.542350
vt 0.156730 0.531095
vt 0.156730 0.519653
vt 0.156730 0.508154
vt 0.156730 0.496631
vt 0.228265 0.485134
vt 0.228265 0.473630
vt 0.228265 0.462187
vt 0.228265 0.450931
vt 0.228265 0.552014
vt 0.228265 0.542350
vt 0.228265 0.531095
vt 0.228265 0.519653
vt 0.228265 0.508154
vt 0.228265 0.496631
vt 0.156730 0.551378
vt 0.228265 0.442086
vt 0.226862 0.439760
vt 0.158126 0.553614
vt 0.221994 0.439760
vt 0.163036 0.553614
vn 0.998687 0.019211 0.047484
vn 0.998687 -0.019211 0.047485
vn 0.835869 -0.019211 -0.548593
vn 0.835869 0.019211 -0.548593
vn 0.353779 -0.019212 -0.935132
vn 0.353779 0.019212 -0.935132
vn -0.263448 -0.019211 -0.964482
vn -0.263448 0.019211 -0.964482
vn -0.780039 -0.019211 -0.625436
vn -0.780039 0.019211 -0.625436
vn -0.998687 -0.019211 -0.047490
vn -0.998687 0.019211 -0.047490
vn -0.835868 -0.019211 0.548594
vn -0.835868 0.019211 0.548594
vn -0.353781 -0.019211 0.935131
vn -0.353781 0.019211 0.935131
vn 0.263442 -0.019213 0.964484
vn 0.263442 0.019213 0.964484
vn 0.780044 -0.019212 0.625430
vn 0.780044 0.019212 0.625430
vn 0.902133 -0.429320 0.042901
vn 0.704621 -0.429332 0.564963
vn 0.755058 -0.429315 -0.495556
vn 0.319574 -0.429317 -0.844725
vn -0.237981 -0.429315 -0.871237
vn -0.704626 -0.429314 -0.564970
vn -0.902135 -0.429316 -0.042902
vn -0.755056 -0.429313 0.495561
vn -0.319574 -0.429317 0.844725
vn 0.237973 -0.429329 0.871232
vn 0.902131 0.429324 0.042900
vn 0.755058 0.429318 -0.495554
vn 0.319574 0.429320 -0.844723
vn -0.237982 0.429318 -0.871235
vn -0.704626 0.429317 -0.564968
vn -0.902134 0.429318 -0.042902
vn -0.755055 0.429316 0.495559
vn -0.319573 0.429320 0.844723
vn 0.237974 0.429332 0.871230
vn 0.704619 0.429336 0.564963
vn -0.483260 0.875176 -0.022977
vn -0.377465 0.875172 -0.302645
vn -0.483271 -0.875169 -0.022977
vn -0.404488 -0.875167 0.265466
vn -0.127488 0.875167 -0.466723
vn 0.171194 0.875169 -0.452518
vn 0.404484 0.875171 -0.265459
vn 0.483268 0.875171 0.022978
vn 0.377463 0.875172 0.302647
vn 0.127483 0.875167 0.466723
vn -0.171186 0.875166 0.452527
vn -0.404474 0.875173 0.265467
vn -0.171198 -0.875162 0.452529
vn 0.127486 -0.875163 0.466729
vn 0.377475 -0.875166 0.302651
vn 0.483274 -0.875168 0.022977
vn 0.404488 -0.875168 -0.265462
vn 0.171199 -0.875166 -0.452522
vn -0.127483 -0.875164 -0.466729
vn -0.377468 -0.875169 -0.302649
vn 0.000000 -1.000000 0.000000
vn -0.247348 -0.968855 -0.011763
vn -0.193195 -0.968855 -0.154904
vn -0.247345 0.968856 -0.011763
vn -0.193194 0.968856 -0.154902
vn -0.000000 1.000000 0.000000
vn -0.207022 -0.968855 0.135875
vn -0.087623 -0.968855 0.231608
vn 0.065248 -0.968855 0.238878
vn 0.193196 -0.968855 0.154904
vn 0.247346 -0.968856 0.011763
vn 0.207020 -0.968856 -0.135874
vn 0.087620 -0.968855 -0.231609
vn -0.065248 -0.968855 -0.238878
vn -0.207023 0.968855 0.135873
vn -0.087622 0.968856 0.231606
vn 0.065250 0.968856 0.238875
vn 0.193193 0.968856 0.154902
vn 0.247345 0.968856 0.011763
vn 0.207019 0.968856 -0.135873
vn 0.087620 0.968856 -0.231606
vn -0.065249 0.968856 -0.238875
s 1
g S_U_14 group1 Cans_Atonofcans Can_Beast_04
usemtl S_P29_01_aiStandardSurface5SG
f 1055/1411/1837 1045/1410/1838 1046/1412/1839 1056/1413/1840
f 1056/1413/1840 1046/1412/1839 1047/1414/1841 1057/1415/1842
f 1057/1415/1842 1047/1414/1841 1048/1416/1843 1058/1417/1844
f 1058/1417/1844 1048/1416/1843 1049/1418/1845 1059/1419/1846
f 1059/1419/1846 1049/1418/1845 1050/1420/1847 1060/1517/1848
f 1060/1421/1848 1050/1516/1847 1051/1422/1849 1061/1423/1850
f 1061/1423/1850 1051/1422/1849 1052/1424/1851 1062/1425/1852
f 1062/1425/1852 1052/1424/1851 1053/1426/1853 1063/1427/1854
f 1063/1427/1854 1053/1426/1853 1054/1428/1855 1064/1429/1856
f 1055/1411/1837 1064/1429/1856 1054/1428/1855 1045/1410/1838
f 1065/1430/1857 1045/1410/1838 1054/1428/1855 1074/1439/1858
f 1065/1430/1857 1066/1431/1859 1046/1412/1839 1045/1410/1838
f 1066/1431/1859 1067/1432/1860 1047/1414/1841 1046/1412/1839
f 1067/1432/1860 1068/1433/1861 1048/1416/1843 1047/1414/1841
f 1068/1433/1861 1069/1434/1862 1049/1418/1845 1048/1416/1843
f 1069/1434/1862 1070/1435/1863 1050/1420/1847 1049/1418/1845
f 1070/1514/1863 1071/1436/1864 1051/1422/1849 1050/1516/1847
f 1071/1436/1864 1072/1437/1865 1052/1424/1851 1051/1422/1849
f 1072/1437/1865 1073/1438/1866 1053/1426/1853 1052/1424/1851
f 1073/1438/1866 1074/1439/1858 1054/1428/1855 1053/1426/1853
f 1075/1440/1867 1055/1411/1837 1056/1413/1840 1076/1441/1868
f 1076/1441/1868 1056/1413/1840 1057/1415/1842 1077/1442/1869
f 1077/1442/1869 1057/1415/1842 1058/1417/1844 1078/1443/1870
f 1078/1443/1870 1058/1417/1844 1059/1419/1846 1079/1444/1871
f 1079/1444/1871 1059/1419/1846 1060/1517/1848 1080/1515/1872
f 1080/1445/1872 1060/1421/1848 1061/1423/1850 1081/1446/1873
f 1081/1446/1873 1061/1423/1850 1062/1425/1852 1082/1447/1874
f 1082/1447/1874 1062/1425/1852 1063/1427/1854 1083/1448/1875
f 1083/1448/1875 1063/1427/1854 1064/1429/1856 1084/1449/1876
f 1075/1440/1867 1084/1449/1876 1064/1429/1856 1055/1411/1837
f 1075/1440/1867 1095/1501/1877 1104/1492/1878 1084/1449/1876
f 1065/1430/1857 1085/1511/1879 1086/1510/1880 1066/1431/1859
f 1083/1448/1875 1084/1449/1876 1104/1492/1878 1103/1493/1881
f 1082/1447/1874 1083/1448/1875 1103/1493/1881 1102/1494/1882
f 1081/1446/1873 1082/1447/1874 1102/1494/1882 1101/1495/1883
f 1080/1445/1872 1081/1446/1873 1101/1495/1883 1100/1496/1884
f 1079/1444/1871 1080/1515/1872 1100/1512/1884 1099/1497/1885
f 1078/1443/1870 1079/1444/1871 1099/1497/1885 1098/1498/1886
f 1077/1442/1869 1078/1443/1870 1098/1498/1886 1097/1499/1887
f 1076/1441/1868 1077/1442/1869 1097/1499/1887 1096/1500/1888
f 1075/1440/1867 1076/1441/1868 1096/1500/1888 1095/1501/1877
f 1066/1431/1859 1086/1510/1880 1087/1509/1889 1067/1432/1860
f 1067/1432/1860 1087/1509/1889 1088/1508/1890 1068/1433/1861
f 1068/1433/1861 1088/1508/1890 1089/1507/1891 1069/1434/1862
f 1069/1434/1862 1089/1507/1891 1090/1506/1892 1070/1435/1863
f 1070/1514/1863 1090/1513/1892 1091/1505/1893 1071/1436/1864
f 1071/1436/1864 1091/1505/1893 1092/1504/1894 1072/1437/1865
f 1072/1437/1865 1092/1504/1894 1093/1503/1895 1073/1438/1866
f 1073/1438/1866 1093/1503/1895 1094/1502/1896 1074/1439/1858
f 1065/1430/1857 1074/1439/1858 1094/1502/1896 1085/1511/1879
f 1105/1471/1897 1107/1470/1898 1116/1482/1899
f 1107/1470/1898 1085/1451/1879 1094/1469/1896 1116/1482/1899
f 1095/1450/1877 1117/1472/1900 1126/1491/1901 1104/1452/1878
f 1117/1472/1900 1106/1473/1902 1126/1491/1901
f 1085/1451/1879 1107/1470/1898 1108/1474/1903 1086/1461/1880
f 1107/1470/1898 1105/1471/1897 1108/1474/1903
f 1086/1461/1880 1108/1474/1903 1109/1475/1904 1087/1462/1889
f 1108/1474/1903 1105/1471/1897 1109/1475/1904
f 1087/1462/1889 1109/1475/1904 1110/1476/1905 1088/1463/1890
f 1109/1475/1904 1105/1471/1897 1110/1476/1905
f 1088/1463/1890 1110/1476/1905 1111/1477/1906 1089/1464/1891
f 1110/1476/1905 1105/1471/1897 1111/1477/1906
f 1089/1464/1891 1111/1477/1906 1112/1478/1907 1090/1465/1892
f 1111/1477/1906 1105/1471/1897 1112/1478/1907
f 1090/1465/1892 1112/1478/1907 1113/1479/1908 1091/1466/1893
f 1112/1478/1907 1105/1471/1897 1113/1479/1908
f 1091/1466/1893 1113/1479/1908 1114/1480/1909 1092/1467/1894
f 1113/1479/1908 1105/1471/1897 1114/1480/1909
f 1092/1467/1894 1114/1480/1909 1115/1481/1910 1093/1468/1895
f 1114/1480/1909 1105/1471/1897 1115/1481/1910
f 1093/1468/1895 1115/1481/1910 1116/1482/1899 1094/1469/1896
f 1115/1481/1910 1105/1471/1897 1116/1482/1899
f 1106/1473/1902 1117/1472/1900 1118/1483/1911
f 1117/1472/1900 1095/1450/1877 1096/1460/1888 1118/1483/1911
f 1106/1473/1902 1118/1483/1911 1119/1484/1912
f 1118/1483/1911 1096/1460/1888 1097/1459/1887 1119/1484/1912
f 1106/1473/1902 1119/1484/1912 1120/1485/1913
f 1119/1484/1912 1097/1459/1887 1098/1458/1886 1120/1485/1913
f 1106/1473/1902 1120/1485/1913 1121/1486/1914
f 1120/1485/1913 1098/1458/1886 1099/1457/1885 1121/1486/1914
f 1106/1473/1902 1121/1486/1914 1122/1487/1915
f 1121/1486/1914 1099/1457/1885 1100/1456/1884 1122/1487/1915
f 1106/1473/1902 1122/1487/1915 1123/1488/1916
f 1122/1487/1915 1100/1456/1884 1101/1455/1883 1123/1488/1916
f 1106/1473/1902 1123/1488/1916 1124/1489/1917
f 1123/1488/1916 1101/1455/1883 1102/1454/1882 1124/1489/1917
f 1106/1473/1902 1124/1489/1917 1125/1490/1918
f 1124/1489/1917 1102/1454/1882 1103/1453/1881 1125/1490/1918
f 1106/1473/1902 1125/1490/1918 1126/1491/1901
f 1125/1490/1918 1103/1453/1881 1104/1452/1878 1126/1491/1901
g default
v 176.900272 178.014060 170.325317
v 175.707735 178.014060 165.959438
v 172.176736 178.014060 163.128255
v 167.656015 178.014060 162.913311
v 163.872268 178.014060 165.396618
v 162.270826 178.014060 169.629678
v 163.463362 178.014060 173.995564
v 166.994376 178.014060 176.826735
v 171.515135 178.014060 177.041729
v 175.298881 178.014060 174.558422
v 176.900272 204.506072 170.325317
v 175.707735 204.506072 165.959438
v 172.176736 204.506072 163.128255
v 167.656015 204.506072 162.913311
v 163.872268 204.506072 165.396618
v 162.270826 204.506072 169.629678
v 163.463362 204.506072 173.995564
v 166.994376 204.506072 176.826735
v 171.515135 204.506072 177.041729
v 175.298881 204.506072 174.558422
v 176.299079 175.868423 170.296762
v 175.204557 175.868423 166.289701
v 171.963745 175.868423 163.691245
v 167.814572 175.868423 163.493955
v 164.341867 175.868423 165.773157
v 162.872035 175.868423 169.658220
v 163.966578 175.868423 173.665345
v 167.207366 175.868423 176.263751
v 171.356512 175.868423 176.461045
v 174.829230 175.868423 174.181846
v 176.299079 206.651687 170.296762
v 175.204557 206.651687 166.289701
v 171.963745 206.651687 163.691245
v 167.814572 206.651687 163.493955
v 164.341867 206.651687 165.773157
v 162.872035 206.651687 169.658220
v 163.966578 206.651687 173.665345
v 167.207366 206.651687 176.263751
v 171.356512 206.651687 176.461045
v 174.829230 206.651687 174.181846
v 175.697782 175.868423 170.268123
v 174.701298 175.868423 166.619938
v 171.750756 175.868423 164.254221
v 167.973186 175.868423 164.074577
v 164.811468 175.868423 166.149687
v 163.473318 175.868423 169.686864
v 164.469786 175.868423 173.335063
v 167.420327 175.868423 175.700787
v 171.197927 175.868423 175.880405
v 174.359631 175.868423 173.805308
v 175.697782 206.651687 170.268123
v 174.701298 206.651687 166.619938
v 171.750756 206.651687 164.254221
v 167.973186 206.651687 164.074577
v 164.811468 206.651687 166.149687
v 163.473318 206.651687 169.686864
v 164.469786 206.651687 173.335063
v 167.420327 206.651687 175.700787
v 171.197927 206.651687 175.880405
v 174.359631 206.651687 173.805308
v 169.585563 176.634864 169.977492
v 169.585563 205.885253 169.977492
v 175.567293 176.385597 170.261936
v 174.592064 176.385597 166.691605
v 171.704532 176.385597 164.376436
v 168.007611 176.385597 164.200627
v 164.913421 176.385597 166.231422
v 163.603819 176.385597 169.693053
v 164.579049 176.385597 173.263384
v 167.466567 176.385597 175.578559
v 171.163501 176.385597 175.754362
v 174.257678 176.385597 173.723572
v 175.567293 206.134521 170.261936
v 174.592064 206.134521 166.691605
v 171.704532 206.134521 164.376436
v 168.007611 206.134521 164.200627
v 164.913421 206.134521 166.231422
v 163.603819 206.134521 169.693053
v 164.579049 206.134521 173.263384
v 167.466567 206.134521 175.578559
v 171.163501 206.134521 175.754362
v 174.257678 206.134521 173.723572
vt 0.221994 0.496632
vt 0.163036 0.496632
vt 0.221994 0.508154
vt 0.163036 0.508154
vt 0.221994 0.519653
vt 0.163036 0.519653
vt 0.221994 0.531095
vt 0.163036 0.531095
vt 0.221994 0.542350
vt 0.163036 0.542350
vt 0.221994 0.553614
vt 0.163036 0.439760
vt 0.221994 0.450931
vt 0.163036 0.450931
vt 0.221994 0.462187
vt 0.163036 0.462187
vt 0.221994 0.473630
vt 0.163036 0.473630
vt 0.221994 0.485134
vt 0.163036 0.485134
vt 0.226862 0.496632
vt 0.226862 0.508154
vt 0.226862 0.519653
vt 0.226862 0.531095
vt 0.226862 0.542350
vt 0.226862 0.553614
vt 0.226862 0.450931
vt 0.226862 0.462187
vt 0.226862 0.473630
vt 0.226862 0.485134
vt 0.158126 0.496632
vt 0.158126 0.508154
vt 0.158126 0.519653
vt 0.158126 0.531095
vt 0.158126 0.542350
vt 0.158126 0.439760
vt 0.158126 0.450931
vt 0.158126 0.462187
vt 0.158126 0.473630
vt 0.158126 0.485134
vt 0.258188 0.076279
vt 0.407045 0.271537
vt 0.264295 0.067875
vt 0.264297 0.057486
vt 0.258191 0.049080
vt 0.248311 0.045869
vt 0.238431 0.049078
vt 0.232323 0.057482
vt 0.232321 0.067871
vt 0.238427 0.076276
vt 0.248307 0.079488
vt 0.403834 0.261657
vt 0.395429 0.255551
vt 0.385040 0.255552
vt 0.376635 0.261659
vt 0.373426 0.271540
vt 0.376637 0.281420
vt 0.385043 0.287526
vt 0.395432 0.287525
vt 0.403836 0.281418
vt 0.405874 0.271530
vt 0.390236 0.271539
vt 0.257505 0.075327
vt 0.248309 0.062678
vt 0.402882 0.262340
vt 0.395060 0.256663
vt 0.385395 0.256669
vt 0.377579 0.262354
vt 0.374598 0.271547
vt 0.377589 0.280737
vt 0.385411 0.286414
vt 0.395076 0.286409
vt 0.402892 0.280723
vt 0.248314 0.078316
vt 0.239121 0.075333
vt 0.233438 0.067515
vt 0.233435 0.057851
vt 0.239113 0.050030
vt 0.248304 0.047040
vt 0.257497 0.050024
vt 0.263180 0.057841
vt 0.263183 0.067506
vt 0.156730 0.485134
vt 0.156730 0.473630
vt 0.156730 0.462188
vt 0.156730 0.450931
vt 0.156730 0.441473
vt 0.156730 0.542350
vt 0.156730 0.531095
vt 0.156730 0.519653
vt 0.156730 0.508154
vt 0.156730 0.496631
vt 0.228265 0.485134
vt 0.228265 0.473630
vt 0.228265 0.462187
vt 0.228265 0.450931
vt 0.228265 0.552014
vt 0.228265 0.542350
vt 0.228265 0.531095
vt 0.228265 0.519653
vt 0.228265 0.508154
vt 0.228265 0.496631
vt 0.156730 0.551378
vt 0.228265 0.442086
vt 0.226862 0.439760
vt 0.158126 0.553614
vt 0.221994 0.439760
vt 0.163036 0.553614
vn 0.998687 0.019211 0.047484
vn 0.998687 -0.019211 0.047485
vn 0.835869 -0.019211 -0.548593
vn 0.835869 0.019211 -0.548593
vn 0.353779 -0.019212 -0.935132
vn 0.353779 0.019212 -0.935132
vn -0.263448 -0.019211 -0.964482
vn -0.263448 0.019211 -0.964482
vn -0.780039 -0.019211 -0.625436
vn -0.780039 0.019211 -0.625436
vn -0.998687 -0.019211 -0.047490
vn -0.998687 0.019211 -0.047490
vn -0.835868 -0.019211 0.548594
vn -0.835868 0.019211 0.548594
vn -0.353781 -0.019211 0.935131
vn -0.353781 0.019211 0.935131
vn 0.263442 -0.019213 0.964484
vn 0.263442 0.019213 0.964484
vn 0.780044 -0.019212 0.625430
vn 0.780044 0.019212 0.625430
vn 0.902133 -0.429320 0.042901
vn 0.704621 -0.429332 0.564963
vn 0.755058 -0.429315 -0.495556
vn 0.319574 -0.429317 -0.844725
vn -0.237981 -0.429315 -0.871237
vn -0.704626 -0.429314 -0.564970
vn -0.902135 -0.429316 -0.042902
vn -0.755056 -0.429313 0.495561
vn -0.319574 -0.429317 0.844725
vn 0.237973 -0.429329 0.871232
vn 0.902131 0.429324 0.042900
vn 0.755058 0.429318 -0.495554
vn 0.319574 0.429320 -0.844723
vn -0.237982 0.429318 -0.871235
vn -0.704626 0.429317 -0.564968
vn -0.902134 0.429318 -0.042902
vn -0.755055 0.429316 0.495559
vn -0.319573 0.429320 0.844723
vn 0.237974 0.429332 0.871230
vn 0.704619 0.429336 0.564963
vn -0.483260 0.875176 -0.022977
vn -0.377465 0.875172 -0.302645
vn -0.483271 -0.875169 -0.022977
vn -0.404488 -0.875167 0.265466
vn -0.127488 0.875167 -0.466723
vn 0.171194 0.875169 -0.452518
vn 0.404484 0.875171 -0.265459
vn 0.483268 0.875171 0.022978
vn 0.377463 0.875172 0.302647
vn 0.127483 0.875167 0.466723
vn -0.171186 0.875166 0.452527
vn -0.404474 0.875173 0.265467
vn -0.171198 -0.875162 0.452529
vn 0.127486 -0.875163 0.466729
vn 0.377475 -0.875166 0.302651
vn 0.483274 -0.875168 0.022977
vn 0.404488 -0.875168 -0.265462
vn 0.171199 -0.875166 -0.452522
vn -0.127483 -0.875164 -0.466729
vn -0.377468 -0.875169 -0.302649
vn 0.000000 -1.000000 0.000000
vn -0.247348 -0.968855 -0.011763
vn -0.193195 -0.968855 -0.154904
vn -0.247345 0.968856 -0.011763
vn -0.193194 0.968856 -0.154902
vn -0.000000 1.000000 0.000000
vn -0.207022 -0.968855 0.135875
vn -0.087623 -0.968855 0.231608
vn 0.065248 -0.968855 0.238878
vn 0.193196 -0.968855 0.154904
vn 0.247346 -0.968856 0.011763
vn 0.207020 -0.968856 -0.135874
vn 0.087620 -0.968855 -0.231609
vn -0.065248 -0.968855 -0.238878
vn -0.207023 0.968855 0.135873
vn -0.087622 0.968856 0.231606
vn 0.065250 0.968856 0.238875
vn 0.193193 0.968856 0.154902
vn 0.247345 0.968856 0.011763
vn 0.207019 0.968856 -0.135873
vn 0.087620 0.968856 -0.231606
vn -0.065249 0.968856 -0.238875
s 1
g S_U_14 group1 Cans_Atonofcans Can_Beast_05
usemtl S_P29_01_aiStandardSurface5SG
f 1137/1519/1919 1127/1518/1920 1128/1520/1921 1138/1521/1922
f 1138/1521/1922 1128/1520/1921 1129/1522/1923 1139/1523/1924
f 1139/1523/1924 1129/1522/1923 1130/1524/1925 1140/1525/1926
f 1140/1525/1926 1130/1524/1925 1131/1526/1927 1141/1527/1928
f 1141/1527/1928 1131/1526/1927 1132/1528/1929 1142/1625/1930
f 1142/1529/1930 1132/1624/1929 1133/1530/1931 1143/1531/1932
f 1143/1531/1932 1133/1530/1931 1134/1532/1933 1144/1533/1934
f 1144/1533/1934 1134/1532/1933 1135/1534/1935 1145/1535/1936
f 1145/1535/1936 1135/1534/1935 1136/1536/1937 1146/1537/1938
f 1137/1519/1919 1146/1537/1938 1136/1536/1937 1127/1518/1920
f 1147/1538/1939 1127/1518/1920 1136/1536/1937 1156/1547/1940
f 1147/1538/1939 1148/1539/1941 1128/1520/1921 1127/1518/1920
f 1148/1539/1941 1149/1540/1942 1129/1522/1923 1128/1520/1921
f 1149/1540/1942 1150/1541/1943 1130/1524/1925 1129/1522/1923
f 1150/1541/1943 1151/1542/1944 1131/1526/1927 1130/1524/1925
f 1151/1542/1944 1152/1543/1945 1132/1528/1929 1131/1526/1927
f 1152/1622/1945 1153/1544/1946 1133/1530/1931 1132/1624/1929
f 1153/1544/1946 1154/1545/1947 1134/1532/1933 1133/1530/1931
f 1154/1545/1947 1155/1546/1948 1135/1534/1935 1134/1532/1933
f 1155/1546/1948 1156/1547/1940 1136/1536/1937 1135/1534/1935
f 1157/1548/1949 1137/1519/1919 1138/1521/1922 1158/1549/1950
f 1158/1549/1950 1138/1521/1922 1139/1523/1924 1159/1550/1951
f 1159/1550/1951 1139/1523/1924 1140/1525/1926 1160/1551/1952
f 1160/1551/1952 1140/1525/1926 1141/1527/1928 1161/1552/1953
f 1161/1552/1953 1141/1527/1928 1142/1625/1930 1162/1623/1954
f 1162/1553/1954 1142/1529/1930 1143/1531/1932 1163/1554/1955
f 1163/1554/1955 1143/1531/1932 1144/1533/1934 1164/1555/1956
f 1164/1555/1956 1144/1533/1934 1145/1535/1936 1165/1556/1957
f 1165/1556/1957 1145/1535/1936 1146/1537/1938 1166/1557/1958
f 1157/1548/1949 1166/1557/1958 1146/1537/1938 1137/1519/1919
f 1157/1548/1949 1177/1609/1959 1186/1600/1960 1166/1557/1958
f 1147/1538/1939 1167/1619/1961 1168/1618/1962 1148/1539/1941
f 1165/1556/1957 1166/1557/1958 1186/1600/1960 1185/1601/1963
f 1164/1555/1956 1165/1556/1957 1185/1601/1963 1184/1602/1964
f 1163/1554/1955 1164/1555/1956 1184/1602/1964 1183/1603/1965
f 1162/1553/1954 1163/1554/1955 1183/1603/1965 1182/1604/1966
f 1161/1552/1953 1162/1623/1954 1182/1620/1966 1181/1605/1967
f 1160/1551/1952 1161/1552/1953 1181/1605/1967 1180/1606/1968
f 1159/1550/1951 1160/1551/1952 1180/1606/1968 1179/1607/1969
f 1158/1549/1950 1159/1550/1951 1179/1607/1969 1178/1608/1970
f 1157/1548/1949 1158/1549/1950 1178/1608/1970 1177/1609/1959
f 1148/1539/1941 1168/1618/1962 1169/1617/1971 1149/1540/1942
f 1149/1540/1942 1169/1617/1971 1170/1616/1972 1150/1541/1943
f 1150/1541/1943 1170/1616/1972 1171/1615/1973 1151/1542/1944
f 1151/1542/1944 1171/1615/1973 1172/1614/1974 1152/1543/1945
f 1152/1622/1945 1172/1621/1974 1173/1613/1975 1153/1544/1946
f 1153/1544/1946 1173/1613/1975 1174/1612/1976 1154/1545/1947
f 1154/1545/1947 1174/1612/1976 1175/1611/1977 1155/1546/1948
f 1155/1546/1948 1175/1611/1977 1176/1610/1978 1156/1547/1940
f 1147/1538/1939 1156/1547/1940 1176/1610/1978 1167/1619/1961
f 1187/1579/1979 1189/1578/1980 1198/1590/1981
f 1189/1578/1980 1167/1559/1961 1176/1577/1978 1198/1590/1981
f 1177/1558/1959 1199/1580/1982 1208/1599/1983 1186/1560/1960
f 1199/1580/1982 1188/1581/1984 1208/1599/1983
f 1167/1559/1961 1189/1578/1980 1190/1582/1985 1168/1569/1962
f 1189/1578/1980 1187/1579/1979 1190/1582/1985
f 1168/1569/1962 1190/1582/1985 1191/1583/1986 1169/1570/1971
f 1190/1582/1985 1187/1579/1979 1191/1583/1986
f 1169/1570/1971 1191/1583/1986 1192/1584/1987 1170/1571/1972
f 1191/1583/1986 1187/1579/1979 1192/1584/1987
f 1170/1571/1972 1192/1584/1987 1193/1585/1988 1171/1572/1973
f 1192/1584/1987 1187/1579/1979 1193/1585/1988
f 1171/1572/1973 1193/1585/1988 1194/1586/1989 1172/1573/1974
f 1193/1585/1988 1187/1579/1979 1194/1586/1989
f 1172/1573/1974 1194/1586/1989 1195/1587/1990 1173/1574/1975
f 1194/1586/1989 1187/1579/1979 1195/1587/1990
f 1173/1574/1975 1195/1587/1990 1196/1588/1991 1174/1575/1976
f 1195/1587/1990 1187/1579/1979 1196/1588/1991
f 1174/1575/1976 1196/1588/1991 1197/1589/1992 1175/1576/1977
f 1196/1588/1991 1187/1579/1979 1197/1589/1992
f 1175/1576/1977 1197/1589/1992 1198/1590/1981 1176/1577/1978
f 1197/1589/1992 1187/1579/1979 1198/1590/1981
f 1188/1581/1984 1199/1580/1982 1200/1591/1993
f 1199/1580/1982 1177/1558/1959 1178/1568/1970 1200/1591/1993
f 1188/1581/1984 1200/1591/1993 1201/1592/1994
f 1200/1591/1993 1178/1568/1970 1179/1567/1969 1201/1592/1994
f 1188/1581/1984 1201/1592/1994 1202/1593/1995
f 1201/1592/1994 1179/1567/1969 1180/1566/1968 1202/1593/1995
f 1188/1581/1984 1202/1593/1995 1203/1594/1996
f 1202/1593/1995 1180/1566/1968 1181/1565/1967 1203/1594/1996
f 1188/1581/1984 1203/1594/1996 1204/1595/1997
f 1203/1594/1996 1181/1565/1967 1182/1564/1966 1204/1595/1997
f 1188/1581/1984 1204/1595/1997 1205/1596/1998
f 1204/1595/1997 1182/1564/1966 1183/1563/1965 1205/1596/1998
f 1188/1581/1984 1205/1596/1998 1206/1597/1999
f 1205/1596/1998 1183/1563/1965 1184/1562/1964 1206/1597/1999
f 1188/1581/1984 1206/1597/1999 1207/1598/2000
f 1206/1597/1999 1184/1562/1964 1185/1561/1963 1207/1598/2000
f 1188/1581/1984 1207/1598/2000 1208/1599/1983
f 1207/1598/2000 1185/1561/1963 1186/1560/1960 1208/1599/1983
g default
v 196.821303 178.014060 170.325317
v 195.628766 178.014060 165.959438
v 192.097767 178.014060 163.128255
v 187.577045 178.014060 162.913311
v 183.793299 178.014060 165.396618
v 182.191856 178.014060 169.629678
v 183.384392 178.014060 173.995564
v 186.915407 178.014060 176.826735
v 191.436165 178.014060 177.041729
v 195.219912 178.014060 174.558422
v 196.821303 204.506072 170.325317
v 195.628766 204.506072 165.959438
v 192.097767 204.506072 163.128255
v 187.577045 204.506072 162.913311
v 183.793299 204.506072 165.396618
v 182.191856 204.506072 169.629678
v 183.384392 204.506072 173.995564
v 186.915407 204.506072 176.826735
v 191.436165 204.506072 177.041729
v 195.219912 204.506072 174.558422
v 196.220109 175.868423 170.296762
v 195.125588 175.868423 166.289701
v 191.884776 175.868423 163.691245
v 187.735603 175.868423 163.493955
v 184.262898 175.868423 165.773157
v 182.793066 175.868423 169.658220
v 183.887609 175.868423 173.665345
v 187.128397 175.868423 176.263751
v 191.277543 175.868423 176.461045
v 194.750261 175.868423 174.181846
v 196.220109 206.651687 170.296762
v 195.125588 206.651687 166.289701
v 191.884776 206.651687 163.691245
v 187.735603 206.651687 163.493955
v 184.262898 206.651687 165.773157
v 182.793066 206.651687 169.658220
v 183.887609 206.651687 173.665345
v 187.128397 206.651687 176.263751
v 191.277543 206.651687 176.461045
v 194.750261 206.651687 174.181846
v 195.618812 175.868423 170.268123
v 194.622329 175.868423 166.619938
v 191.671787 175.868423 164.254221
v 187.894217 175.868423 164.074577
v 184.732498 175.868423 166.149687
v 183.394349 175.868423 169.686864
v 184.390816 175.868423 173.335063
v 187.341358 175.868423 175.700787
v 191.118958 175.868423 175.880405
v 194.280662 175.868423 173.805308
v 195.618812 206.651687 170.268123
v 194.622329 206.651687 166.619938
v 191.671787 206.651687 164.254221
v 187.894217 206.651687 164.074577
v 184.732498 206.651687 166.149687
v 183.394349 206.651687 169.686864
v 184.390816 206.651687 173.335063
v 187.341358 206.651687 175.700787
v 191.118958 206.651687 175.880405
v 194.280662 206.651687 173.805308
v 189.506594 176.634864 169.977492
v 189.506594 205.885253 169.977492
v 195.488324 176.385597 170.261936
v 194.513094 176.385597 166.691605
v 191.625563 176.385597 164.376436
v 187.928642 176.385597 164.200627
v 184.834452 176.385597 166.231422
v 183.524850 176.385597 169.693053
v 184.500079 176.385597 173.263384
v 187.387597 176.385597 175.578559
v 191.084532 176.385597 175.754362
v 194.178709 176.385597 173.723572
v 195.488324 206.134521 170.261936
v 194.513094 206.134521 166.691605
v 191.625563 206.134521 164.376436
v 187.928642 206.134521 164.200627
v 184.834452 206.134521 166.231422
v 183.524850 206.134521 169.693053
v 184.500079 206.134521 173.263384
v 187.387597 206.134521 175.578559
v 191.084532 206.134521 175.754362
v 194.178709 206.134521 173.723572
vt 0.221994 0.496632
vt 0.163036 0.496632
vt 0.221994 0.508154
vt 0.163036 0.508154
vt 0.221994 0.519653
vt 0.163036 0.519653
vt 0.221994 0.531095
vt 0.163036 0.531095
vt 0.221994 0.542350
vt 0.163036 0.542350
vt 0.221994 0.553614
vt 0.163036 0.439760
vt 0.221994 0.450931
vt 0.163036 0.450931
vt 0.221994 0.462187
vt 0.163036 0.462187
vt 0.221994 0.473630
vt 0.163036 0.473630
vt 0.221994 0.485134
vt 0.163036 0.485134
vt 0.226862 0.496632
vt 0.226862 0.508154
vt 0.226862 0.519653
vt 0.226862 0.531095
vt 0.226862 0.542350
vt 0.226862 0.553614
vt 0.226862 0.450931
vt 0.226862 0.462187
vt 0.226862 0.473630
vt 0.226862 0.485134
vt 0.158126 0.496632
vt 0.158126 0.508154
vt 0.158126 0.519653
vt 0.158126 0.531095
vt 0.158126 0.542350
vt 0.158126 0.439760
vt 0.158126 0.450931
vt 0.158126 0.462187
vt 0.158126 0.473630
vt 0.158126 0.485134
vt 0.258188 0.076279
vt 0.407045 0.271537
vt 0.264295 0.067875
vt 0.264297 0.057486
vt 0.258191 0.049080
vt 0.248311 0.045869
vt 0.238431 0.049078
vt 0.232323 0.057482
vt 0.232321 0.067871
vt 0.238427 0.076276
vt 0.248307 0.079488
vt 0.403834 0.261657
vt 0.395429 0.255551
vt 0.385040 0.255552
vt 0.376635 0.261659
vt 0.373426 0.271540
vt 0.376637 0.281420
vt 0.385043 0.287526
vt 0.395432 0.287525
vt 0.403836 0.281418
vt 0.405874 0.271530
vt 0.390236 0.271539
vt 0.257505 0.075327
vt 0.248309 0.062678
vt 0.402882 0.262340
vt 0.395060 0.256663
vt 0.385395 0.256669
vt 0.377579 0.262354
vt 0.374598 0.271547
vt 0.377589 0.280737
vt 0.385411 0.286414
vt 0.395076 0.286409
vt 0.402892 0.280723
vt 0.248314 0.078316
vt 0.239121 0.075333
vt 0.233438 0.067515
vt 0.233435 0.057851
vt 0.239113 0.050030
vt 0.248304 0.047040
vt 0.257497 0.050024
vt 0.263180 0.057841
vt 0.263183 0.067506
vt 0.156730 0.485134
vt 0.156730 0.473630
vt 0.156730 0.462188
vt 0.156730 0.450931
vt 0.156730 0.441473
vt 0.156730 0.542350
vt 0.156730 0.531095
vt 0.156730 0.519653
vt 0.156730 0.508154
vt 0.156730 0.496631
vt 0.228265 0.485134
vt 0.228265 0.473630
vt 0.228265 0.462187
vt 0.228265 0.450931
vt 0.228265 0.552014
vt 0.228265 0.542350
vt 0.228265 0.531095
vt 0.228265 0.519653
vt 0.228265 0.508154
vt 0.228265 0.496631
vt 0.156730 0.551378
vt 0.228265 0.442086
vt 0.226862 0.439760
vt 0.158126 0.553614
vt 0.221994 0.439760
vt 0.163036 0.553614
vn 0.998687 0.019211 0.047484
vn 0.998687 -0.019211 0.047485
vn 0.835869 -0.019211 -0.548593
vn 0.835869 0.019211 -0.548593
vn 0.353779 -0.019212 -0.935132
vn 0.353779 0.019212 -0.935132
vn -0.263448 -0.019211 -0.964482
vn -0.263448 0.019211 -0.964482
vn -0.780039 -0.019211 -0.625436
vn -0.780039 0.019211 -0.625436
vn -0.998687 -0.019211 -0.047490
vn -0.998687 0.019211 -0.047490
vn -0.835868 -0.019211 0.548594
vn -0.835868 0.019211 0.548594
vn -0.353781 -0.019211 0.935131
vn -0.353781 0.019211 0.935131
vn 0.263442 -0.019213 0.964484
vn 0.263442 0.019213 0.964484
vn 0.780044 -0.019212 0.625430
vn 0.780044 0.019212 0.625430
vn 0.902133 -0.429320 0.042901
vn 0.704621 -0.429332 0.564963
vn 0.755058 -0.429315 -0.495556
vn 0.319574 -0.429317 -0.844725
vn -0.237981 -0.429315 -0.871237
vn -0.704626 -0.429314 -0.564970
vn -0.902135 -0.429316 -0.042902
vn -0.755056 -0.429313 0.495561
vn -0.319574 -0.429317 0.844725
vn 0.237973 -0.429329 0.871232
vn 0.902131 0.429324 0.042900
vn 0.755058 0.429318 -0.495554
vn 0.319574 0.429320 -0.844723
vn -0.237982 0.429318 -0.871235
vn -0.704626 0.429317 -0.564968
vn -0.902134 0.429318 -0.042902
vn -0.755055 0.429316 0.495559
vn -0.319573 0.429320 0.844723
vn 0.237974 0.429332 0.871230
vn 0.704619 0.429336 0.564963
vn -0.483260 0.875176 -0.022977
vn -0.377465 0.875172 -0.302645
vn -0.483271 -0.875169 -0.022977
vn -0.404488 -0.875167 0.265466
vn -0.127488 0.875167 -0.466723
vn 0.171194 0.875169 -0.452518
vn 0.404484 0.875171 -0.265459
vn 0.483268 0.875171 0.022978
vn 0.377463 0.875172 0.302647
vn 0.127483 0.875167 0.466723
vn -0.171186 0.875166 0.452527
vn -0.404474 0.875173 0.265467
vn -0.171198 -0.875162 0.452529
vn 0.127486 -0.875163 0.466729
vn 0.377475 -0.875166 0.302651
vn 0.483274 -0.875168 0.022977
vn 0.404488 -0.875168 -0.265462
vn 0.171199 -0.875166 -0.452522
vn -0.127483 -0.875164 -0.466729
vn -0.377468 -0.875169 -0.302649
vn 0.000000 -1.000000 0.000000
vn -0.247348 -0.968855 -0.011763
vn -0.193195 -0.968855 -0.154904
vn -0.247345 0.968856 -0.011763
vn -0.193194 0.968856 -0.154902
vn -0.000000 1.000000 0.000000
vn -0.207022 -0.968855 0.135875
vn -0.087623 -0.968855 0.231608
vn 0.065248 -0.968855 0.238878
vn 0.193196 -0.968855 0.154904
vn 0.247346 -0.968856 0.011763
vn 0.207020 -0.968856 -0.135874
vn 0.087620 -0.968855 -0.231609
vn -0.065248 -0.968855 -0.238878
vn -0.207023 0.968855 0.135873
vn -0.087622 0.968856 0.231606
vn 0.065250 0.968856 0.238875
vn 0.193193 0.968856 0.154902
vn 0.247345 0.968856 0.011763
vn 0.207019 0.968856 -0.135873
vn 0.087620 0.968856 -0.231606
vn -0.065249 0.968856 -0.238875
s 1
g S_U_14 group1 Cans_Atonofcans Can_Beast_06
usemtl S_P29_01_aiStandardSurface5SG
f 1219/1627/2001 1209/1626/2002 1210/1628/2003 1220/1629/2004
f 1220/1629/2004 1210/1628/2003 1211/1630/2005 1221/1631/2006
f 1221/1631/2006 1211/1630/2005 1212/1632/2007 1222/1633/2008
f 1222/1633/2008 1212/1632/2007 1213/1634/2009 1223/1635/2010
f 1223/1635/2010 1213/1634/2009 1214/1636/2011 1224/1733/2012
f 1224/1637/2012 1214/1732/2011 1215/1638/2013 1225/1639/2014
f 1225/1639/2014 1215/1638/2013 1216/1640/2015 1226/1641/2016
f 1226/1641/2016 1216/1640/2015 1217/1642/2017 1227/1643/2018
f 1227/1643/2018 1217/1642/2017 1218/1644/2019 1228/1645/2020
f 1219/1627/2001 1228/1645/2020 1218/1644/2019 1209/1626/2002
f 1229/1646/2021 1209/1626/2002 1218/1644/2019 1238/1655/2022
f 1229/1646/2021 1230/1647/2023 1210/1628/2003 1209/1626/2002
f 1230/1647/2023 1231/1648/2024 1211/1630/2005 1210/1628/2003
f 1231/1648/2024 1232/1649/2025 1212/1632/2007 1211/1630/2005
f 1232/1649/2025 1233/1650/2026 1213/1634/2009 1212/1632/2007
f 1233/1650/2026 1234/1651/2027 1214/1636/2011 1213/1634/2009
f 1234/1730/2027 1235/1652/2028 1215/1638/2013 1214/1732/2011
f 1235/1652/2028 1236/1653/2029 1216/1640/2015 1215/1638/2013
f 1236/1653/2029 1237/1654/2030 1217/1642/2017 1216/1640/2015
f 1237/1654/2030 1238/1655/2022 1218/1644/2019 1217/1642/2017
f 1239/1656/2031 1219/1627/2001 1220/1629/2004 1240/1657/2032
f 1240/1657/2032 1220/1629/2004 1221/1631/2006 1241/1658/2033
f 1241/1658/2033 1221/1631/2006 1222/1633/2008 1242/1659/2034
f 1242/1659/2034 1222/1633/2008 1223/1635/2010 1243/1660/2035
f 1243/1660/2035 1223/1635/2010 1224/1733/2012 1244/1731/2036
f 1244/1661/2036 1224/1637/2012 1225/1639/2014 1245/1662/2037
f 1245/1662/2037 1225/1639/2014 1226/1641/2016 1246/1663/2038
f 1246/1663/2038 1226/1641/2016 1227/1643/2018 1247/1664/2039
f 1247/1664/2039 1227/1643/2018 1228/1645/2020 1248/1665/2040
f 1239/1656/2031 1248/1665/2040 1228/1645/2020 1219/1627/2001
f 1239/1656/2031 1259/1717/2041 1268/1708/2042 1248/1665/2040
f 1229/1646/2021 1249/1727/2043 1250/1726/2044 1230/1647/2023
f 1247/1664/2039 1248/1665/2040 1268/1708/2042 1267/1709/2045
f 1246/1663/2038 1247/1664/2039 1267/1709/2045 1266/1710/2046
f 1245/1662/2037 1246/1663/2038 1266/1710/2046 1265/1711/2047
f 1244/1661/2036 1245/1662/2037 1265/1711/2047 1264/1712/2048
f 1243/1660/2035 1244/1731/2036 1264/1728/2048 1263/1713/2049
f 1242/1659/2034 1243/1660/2035 1263/1713/2049 1262/1714/2050
f 1241/1658/2033 1242/1659/2034 1262/1714/2050 1261/1715/2051
f 1240/1657/2032 1241/1658/2033 1261/1715/2051 1260/1716/2052
f 1239/1656/2031 1240/1657/2032 1260/1716/2052 1259/1717/2041
f 1230/1647/2023 1250/1726/2044 1251/1725/2053 1231/1648/2024
f 1231/1648/2024 1251/1725/2053 1252/1724/2054 1232/1649/2025
f 1232/1649/2025 1252/1724/2054 1253/1723/2055 1233/1650/2026
f 1233/1650/2026 1253/1723/2055 1254/1722/2056 1234/1651/2027
f 1234/1730/2027 1254/1729/2056 1255/1721/2057 1235/1652/2028
f 1235/1652/2028 1255/1721/2057 1256/1720/2058 1236/1653/2029
f 1236/1653/2029 1256/1720/2058 1257/1719/2059 1237/1654/2030
f 1237/1654/2030 1257/1719/2059 1258/1718/2060 1238/1655/2022
f 1229/1646/2021 1238/1655/2022 1258/1718/2060 1249/1727/2043
f 1269/1687/2061 1271/1686/2062 1280/1698/2063
f 1271/1686/2062 1249/1667/2043 1258/1685/2060 1280/1698/2063
f 1259/1666/2041 1281/1688/2064 1290/1707/2065 1268/1668/2042
f 1281/1688/2064 1270/1689/2066 1290/1707/2065
f 1249/1667/2043 1271/1686/2062 1272/1690/2067 1250/1677/2044
f 1271/1686/2062 1269/1687/2061 1272/1690/2067
f 1250/1677/2044 1272/1690/2067 1273/1691/2068 1251/1678/2053
f 1272/1690/2067 1269/1687/2061 1273/1691/2068
f 1251/1678/2053 1273/1691/2068 1274/1692/2069 1252/1679/2054
f 1273/1691/2068 1269/1687/2061 1274/1692/2069
f 1252/1679/2054 1274/1692/2069 1275/1693/2070 1253/1680/2055
f 1274/1692/2069 1269/1687/2061 1275/1693/2070
f 1253/1680/2055 1275/1693/2070 1276/1694/2071 1254/1681/2056
f 1275/1693/2070 1269/1687/2061 1276/1694/2071
f 1254/1681/2056 1276/1694/2071 1277/1695/2072 1255/1682/2057
f 1276/1694/2071 1269/1687/2061 1277/1695/2072
f 1255/1682/2057 1277/1695/2072 1278/1696/2073 1256/1683/2058
f 1277/1695/2072 1269/1687/2061 1278/1696/2073
f 1256/1683/2058 1278/1696/2073 1279/1697/2074 1257/1684/2059
f 1278/1696/2073 1269/1687/2061 1279/1697/2074
f 1257/1684/2059 1279/1697/2074 1280/1698/2063 1258/1685/2060
f 1279/1697/2074 1269/1687/2061 1280/1698/2063
f 1270/1689/2066 1281/1688/2064 1282/1699/2075
f 1281/1688/2064 1259/1666/2041 1260/1676/2052 1282/1699/2075
f 1270/1689/2066 1282/1699/2075 1283/1700/2076
f 1282/1699/2075 1260/1676/2052 1261/1675/2051 1283/1700/2076
f 1270/1689/2066 1283/1700/2076 1284/1701/2077
f 1283/1700/2076 1261/1675/2051 1262/1674/2050 1284/1701/2077
f 1270/1689/2066 1284/1701/2077 1285/1702/2078
f 1284/1701/2077 1262/1674/2050 1263/1673/2049 1285/1702/2078
f 1270/1689/2066 1285/1702/2078 1286/1703/2079
f 1285/1702/2078 1263/1673/2049 1264/1672/2048 1286/1703/2079
f 1270/1689/2066 1286/1703/2079 1287/1704/2080
f 1286/1703/2079 1264/1672/2048 1265/1671/2047 1287/1704/2080
f 1270/1689/2066 1287/1704/2080 1288/1705/2081
f 1287/1704/2080 1265/1671/2047 1266/1670/2046 1288/1705/2081
f 1270/1689/2066 1288/1705/2081 1289/1706/2082
f 1288/1705/2081 1266/1670/2046 1267/1669/2045 1289/1706/2082
f 1270/1689/2066 1289/1706/2082 1290/1707/2065
f 1289/1706/2082 1267/1669/2045 1268/1668/2042 1290/1707/2065
g default
v 217.617374 178.014060 170.325317
v 216.424838 178.014060 165.959438
v 212.893839 178.014060 163.128255
v 208.373117 178.014060 162.913311
v 204.589371 178.014060 165.396618
v 202.987928 178.014060 169.629678
v 204.180464 178.014060 173.995564
v 207.711479 178.014060 176.826735
v 212.232237 178.014060 177.041729
v 216.015983 178.014060 174.558422
v 217.617374 204.506072 170.325317
v 216.424838 204.506072 165.959438
v 212.893839 204.506072 163.128255
v 208.373117 204.506072 162.913311
v 204.589371 204.506072 165.396618
v 202.987928 204.506072 169.629678
v 204.180464 204.506072 173.995564
v 207.711479 204.506072 176.826735
v 212.232237 204.506072 177.041729
v 216.015983 204.506072 174.558422
v 217.016181 175.868423 170.296762
v 215.921659 175.868423 166.289701
v 212.680847 175.868423 163.691245
v 208.531675 175.868423 163.493955
v 205.058970 175.868423 165.773157
v 203.589138 175.868423 169.658220
v 204.683680 175.868423 173.665345
v 207.924469 175.868423 176.263751
v 212.073615 175.868423 176.461045
v 215.546333 175.868423 174.181846
v 217.016181 206.651687 170.296762
v 215.921659 206.651687 166.289701
v 212.680847 206.651687 163.691245
v 208.531675 206.651687 163.493955
v 205.058970 206.651687 165.773157
v 203.589138 206.651687 169.658220
v 204.683680 206.651687 173.665345
v 207.924469 206.651687 176.263751
v 212.073615 206.651687 176.461045
v 215.546333 206.651687 174.181846
v 216.414884 175.868423 170.268123
v 215.418401 175.868423 166.619938
v 212.467858 175.868423 164.254221
v 208.690288 175.868423 164.074577
v 205.528570 175.868423 166.149687
v 204.190421 175.868423 169.686864
v 205.186888 175.868423 173.335063
v 208.137429 175.868423 175.700787
v 211.915029 175.868423 175.880405
v 215.076734 175.868423 173.805308
v 216.414884 206.651687 170.268123
v 215.418401 206.651687 166.619938
v 212.467858 206.651687 164.254221
v 208.690288 206.651687 164.074577
v 205.528570 206.651687 166.149687
v 204.190421 206.651687 169.686864
v 205.186888 206.651687 173.335063
v 208.137429 206.651687 175.700787
v 211.915029 206.651687 175.880405
v 215.076734 206.651687 173.805308
v 210.302666 176.634864 169.977492
v 210.302666 205.885253 169.977492
v 216.284395 176.385597 170.261936
v 215.309166 176.385597 166.691605
v 212.421635 176.385597 164.376436
v 208.724714 176.385597 164.200627
v 205.630523 176.385597 166.231422
v 204.320921 176.385597 169.693053
v 205.296151 176.385597 173.263384
v 208.183669 176.385597 175.578559
v 211.880603 176.385597 175.754362
v 214.974780 176.385597 173.723572
v 216.284395 206.134521 170.261936
v 215.309166 206.134521 166.691605
v 212.421635 206.134521 164.376436
v 208.724714 206.134521 164.200627
v 205.630523 206.134521 166.231422
v 204.320921 206.134521 169.693053
v 205.296151 206.134521 173.263384
v 208.183669 206.134521 175.578559
v 211.880603 206.134521 175.754362
v 214.974780 206.134521 173.723572
vt 0.221994 0.496632
vt 0.163036 0.496632
vt 0.221994 0.508154
vt 0.163036 0.508154
vt 0.221994 0.519653
vt 0.163036 0.519653
vt 0.221994 0.531095
vt 0.163036 0.531095
vt 0.221994 0.542350
vt 0.163036 0.542350
vt 0.221994 0.553614
vt 0.163036 0.439760
vt 0.221994 0.450931
vt 0.163036 0.450931
vt 0.221994 0.462187
vt 0.163036 0.462187
vt 0.221994 0.473630
vt 0.163036 0.473630
vt 0.221994 0.485134
vt 0.163036 0.485134
vt 0.226862 0.496632
vt 0.226862 0.508154
vt 0.226862 0.519653
vt 0.226862 0.531095
vt 0.226862 0.542350
vt 0.226862 0.553614
vt 0.226862 0.450931
vt 0.226862 0.462187
vt 0.226862 0.473630
vt 0.226862 0.485134
vt 0.158126 0.496632
vt 0.158126 0.508154
vt 0.158126 0.519653
vt 0.158126 0.531095
vt 0.158126 0.542350
vt 0.158126 0.439760
vt 0.158126 0.450931
vt 0.158126 0.462187
vt 0.158126 0.473630
vt 0.158126 0.485134
vt 0.258188 0.076279
vt 0.407045 0.271537
vt 0.264295 0.067875
vt 0.264297 0.057486
vt 0.258191 0.049080
vt 0.248311 0.045869
vt 0.238431 0.049078
vt 0.232323 0.057482
vt 0.232321 0.067871
vt 0.238427 0.076276
vt 0.248307 0.079488
vt 0.403834 0.261657
vt 0.395429 0.255551
vt 0.385040 0.255552
vt 0.376635 0.261659
vt 0.373426 0.271540
vt 0.376637 0.281420
vt 0.385043 0.287526
vt 0.395432 0.287525
vt 0.403836 0.281418
vt 0.405874 0.271530
vt 0.390236 0.271539
vt 0.257505 0.075327
vt 0.248309 0.062678
vt 0.402882 0.262340
vt 0.395060 0.256663
vt 0.385395 0.256669
vt 0.377579 0.262354
vt 0.374598 0.271547
vt 0.377589 0.280737
vt 0.385411 0.286414
vt 0.395076 0.286409
vt 0.402892 0.280723
vt 0.248314 0.078316
vt 0.239121 0.075333
vt 0.233438 0.067515
vt 0.233435 0.057851
vt 0.239113 0.050030
vt 0.248304 0.047040
vt 0.257497 0.050024
vt 0.263180 0.057841
vt 0.263183 0.067506
vt 0.156730 0.485134
vt 0.156730 0.473630
vt 0.156730 0.462188
vt 0.156730 0.450931
vt 0.156730 0.441473
vt 0.156730 0.542350
vt 0.156730 0.531095
vt 0.156730 0.519653
vt 0.156730 0.508154
vt 0.156730 0.496631
vt 0.228265 0.485134
vt 0.228265 0.473630
vt 0.228265 0.462187
vt 0.228265 0.450931
vt 0.228265 0.552014
vt 0.228265 0.542350
vt 0.228265 0.531095
vt 0.228265 0.519653
vt 0.228265 0.508154
vt 0.228265 0.496631
vt 0.156730 0.551378
vt 0.228265 0.442086
vt 0.226862 0.439760
vt 0.158126 0.553614
vt 0.221994 0.439760
vt 0.163036 0.553614
vn 0.998687 0.019211 0.047484
vn 0.998687 -0.019211 0.047485
vn 0.835869 -0.019211 -0.548593
vn 0.835869 0.019211 -0.548593
vn 0.353779 -0.019212 -0.935132
vn 0.353779 0.019212 -0.935132
vn -0.263448 -0.019211 -0.964482
vn -0.263448 0.019211 -0.964482
vn -0.780039 -0.019211 -0.625436
vn -0.780039 0.019211 -0.625436
vn -0.998687 -0.019211 -0.047490
vn -0.998687 0.019211 -0.047490
vn -0.835868 -0.019211 0.548594
vn -0.835868 0.019211 0.548594
vn -0.353781 -0.019211 0.935131
vn -0.353781 0.019211 0.935131
vn 0.263442 -0.019213 0.964484
vn 0.263442 0.019213 0.964484
vn 0.780044 -0.019212 0.625430
vn 0.780044 0.019212 0.625430
vn 0.902133 -0.429320 0.042901
vn 0.704621 -0.429332 0.564963
vn 0.755058 -0.429315 -0.495556
vn 0.319574 -0.429317 -0.844725
vn -0.237981 -0.429315 -0.871237
vn -0.704626 -0.429314 -0.564970
vn -0.902135 -0.429316 -0.042902
vn -0.755056 -0.429313 0.495561
vn -0.319574 -0.429317 0.844725
vn 0.237973 -0.429329 0.871232
vn 0.902131 0.429324 0.042900
vn 0.755058 0.429318 -0.495554
vn 0.319574 0.429320 -0.844723
vn -0.237982 0.429318 -0.871235
vn -0.704626 0.429317 -0.564968
vn -0.902134 0.429318 -0.042902
vn -0.755055 0.429316 0.495559
vn -0.319573 0.429320 0.844723
vn 0.237974 0.429332 0.871230
vn 0.704619 0.429336 0.564963
vn -0.483260 0.875176 -0.022977
vn -0.377465 0.875172 -0.302645
vn -0.483271 -0.875169 -0.022977
vn -0.404488 -0.875167 0.265466
vn -0.127488 0.875167 -0.466723
vn 0.171194 0.875169 -0.452518
vn 0.404484 0.875171 -0.265459
vn 0.483268 0.875171 0.022978
vn 0.377463 0.875172 0.302647
vn 0.127483 0.875167 0.466723
vn -0.171186 0.875166 0.452527
vn -0.404474 0.875173 0.265467
vn -0.171198 -0.875162 0.452529
vn 0.127486 -0.875163 0.466729
vn 0.377475 -0.875166 0.302651
vn 0.483274 -0.875168 0.022977
vn 0.404488 -0.875168 -0.265462
vn 0.171199 -0.875166 -0.452522
vn -0.127483 -0.875164 -0.466729
vn -0.377468 -0.875169 -0.302649
vn 0.000000 -1.000000 0.000000
vn -0.247348 -0.968855 -0.011763
vn -0.193195 -0.968855 -0.154904
vn -0.247345 0.968856 -0.011763
vn -0.193194 0.968856 -0.154902
vn -0.000000 1.000000 0.000000
vn -0.207022 -0.968855 0.135875
vn -0.087623 -0.968855 0.231608
vn 0.065248 -0.968855 0.238878
vn 0.193196 -0.968855 0.154904
vn 0.247346 -0.968856 0.011763
vn 0.207020 -0.968856 -0.135874
vn 0.087620 -0.968855 -0.231609
vn -0.065248 -0.968855 -0.238878
vn -0.207023 0.968855 0.135873
vn -0.087622 0.968856 0.231606
vn 0.065250 0.968856 0.238875
vn 0.193193 0.968856 0.154902
vn 0.247345 0.968856 0.011763
vn 0.207019 0.968856 -0.135873
vn 0.087620 0.968856 -0.231606
vn -0.065249 0.968856 -0.238875
s 1
g S_U_14 group1 Cans_Atonofcans Can_Beast_07
usemtl S_P29_01_aiStandardSurface5SG
f 1301/1735/2083 1291/1734/2084 1292/1736/2085 1302/1737/2086
f 1302/1737/2086 1292/1736/2085 1293/1738/2087 1303/1739/2088
f 1303/1739/2088 1293/1738/2087 1294/1740/2089 1304/1741/2090
f 1304/1741/2090 1294/1740/2089 1295/1742/2091 1305/1743/2092
f 1305/1743/2092 1295/1742/2091 1296/1744/2093 1306/1841/2094
f 1306/1745/2094 1296/1840/2093 1297/1746/2095 1307/1747/2096
f 1307/1747/2096 1297/1746/2095 1298/1748/2097 1308/1749/2098
f 1308/1749/2098 1298/1748/2097 1299/1750/2099 1309/1751/2100
f 1309/1751/2100 1299/1750/2099 1300/1752/2101 1310/1753/2102
f 1301/1735/2083 1310/1753/2102 1300/1752/2101 1291/1734/2084
f 1311/1754/2103 1291/1734/2084 1300/1752/2101 1320/1763/2104
f 1311/1754/2103 1312/1755/2105 1292/1736/2085 1291/1734/2084
f 1312/1755/2105 1313/1756/2106 1293/1738/2087 1292/1736/2085
f 1313/1756/2106 1314/1757/2107 1294/1740/2089 1293/1738/2087
f 1314/1757/2107 1315/1758/2108 1295/1742/2091 1294/1740/2089
f 1315/1758/2108 1316/1759/2109 1296/1744/2093 1295/1742/2091
f 1316/1838/2109 1317/1760/2110 1297/1746/2095 1296/1840/2093
f 1317/1760/2110 1318/1761/2111 1298/1748/2097 1297/1746/2095
f 1318/1761/2111 1319/1762/2112 1299/1750/2099 1298/1748/2097
f 1319/1762/2112 1320/1763/2104 1300/1752/2101 1299/1750/2099
f 1321/1764/2113 1301/1735/2083 1302/1737/2086 1322/1765/2114
f 1322/1765/2114 1302/1737/2086 1303/1739/2088 1323/1766/2115
f 1323/1766/2115 1303/1739/2088 1304/1741/2090 1324/1767/2116
f 1324/1767/2116 1304/1741/2090 1305/1743/2092 1325/1768/2117
f 1325/1768/2117 1305/1743/2092 1306/1841/2094 1326/1839/2118
f 1326/1769/2118 1306/1745/2094 1307/1747/2096 1327/1770/2119
f 1327/1770/2119 1307/1747/2096 1308/1749/2098 1328/1771/2120
f 1328/1771/2120 1308/1749/2098 1309/1751/2100 1329/1772/2121
f 1329/1772/2121 1309/1751/2100 1310/1753/2102 1330/1773/2122
f 1321/1764/2113 1330/1773/2122 1310/1753/2102 1301/1735/2083
f 1321/1764/2113 1341/1825/2123 1350/1816/2124 1330/1773/2122
f 1311/1754/2103 1331/1835/2125 1332/1834/2126 1312/1755/2105
f 1329/1772/2121 1330/1773/2122 1350/1816/2124 1349/1817/2127
f 1328/1771/2120 1329/1772/2121 1349/1817/2127 1348/1818/2128
f 1327/1770/2119 1328/1771/2120 1348/1818/2128 1347/1819/2129
f 1326/1769/2118 1327/1770/2119 1347/1819/2129 1346/1820/2130
f 1325/1768/2117 1326/1839/2118 1346/1836/2130 1345/1821/2131
f 1324/1767/2116 1325/1768/2117 1345/1821/2131 1344/1822/2132
f 1323/1766/2115 1324/1767/2116 1344/1822/2132 1343/1823/2133
f 1322/1765/2114 1323/1766/2115 1343/1823/2133 1342/1824/2134
f 1321/1764/2113 1322/1765/2114 1342/1824/2134 1341/1825/2123
f 1312/1755/2105 1332/1834/2126 1333/1833/2135 1313/1756/2106
f 1313/1756/2106 1333/1833/2135 1334/1832/2136 1314/1757/2107
f 1314/1757/2107 1334/1832/2136 1335/1831/2137 1315/1758/2108
f 1315/1758/2108 1335/1831/2137 1336/1830/2138 1316/1759/2109
f 1316/1838/2109 1336/1837/2138 1337/1829/2139 1317/1760/2110
f 1317/1760/2110 1337/1829/2139 1338/1828/2140 1318/1761/2111
f 1318/1761/2111 1338/1828/2140 1339/1827/2141 1319/1762/2112
f 1319/1762/2112 1339/1827/2141 1340/1826/2142 1320/1763/2104
f 1311/1754/2103 1320/1763/2104 1340/1826/2142 1331/1835/2125
f 1351/1795/2143 1353/1794/2144 1362/1806/2145
f 1353/1794/2144 1331/1775/2125 1340/1793/2142 1362/1806/2145
f 1341/1774/2123 1363/1796/2146 1372/1815/2147 1350/1776/2124
f 1363/1796/2146 1352/1797/2148 1372/1815/2147
f 1331/1775/2125 1353/1794/2144 1354/1798/2149 1332/1785/2126
f 1353/1794/2144 1351/1795/2143 1354/1798/2149
f 1332/1785/2126 1354/1798/2149 1355/1799/2150 1333/1786/2135
f 1354/1798/2149 1351/1795/2143 1355/1799/2150
f 1333/1786/2135 1355/1799/2150 1356/1800/2151 1334/1787/2136
f 1355/1799/2150 1351/1795/2143 1356/1800/2151
f 1334/1787/2136 1356/1800/2151 1357/1801/2152 1335/1788/2137
f 1356/1800/2151 1351/1795/2143 1357/1801/2152
f 1335/1788/2137 1357/1801/2152 1358/1802/2153 1336/1789/2138
f 1357/1801/2152 1351/1795/2143 1358/1802/2153
f 1336/1789/2138 1358/1802/2153 1359/1803/2154 1337/1790/2139
f 1358/1802/2153 1351/1795/2143 1359/1803/2154
f 1337/1790/2139 1359/1803/2154 1360/1804/2155 1338/1791/2140
f 1359/1803/2154 1351/1795/2143 1360/1804/2155
f 1338/1791/2140 1360/1804/2155 1361/1805/2156 1339/1792/2141
f 1360/1804/2155 1351/1795/2143 1361/1805/2156
f 1339/1792/2141 1361/1805/2156 1362/1806/2145 1340/1793/2142
f 1361/1805/2156 1351/1795/2143 1362/1806/2145
f 1352/1797/2148 1363/1796/2146 1364/1807/2157
f 1363/1796/2146 1341/1774/2123 1342/1784/2134 1364/1807/2157
f 1352/1797/2148 1364/1807/2157 1365/1808/2158
f 1364/1807/2157 1342/1784/2134 1343/1783/2133 1365/1808/2158
f 1352/1797/2148 1365/1808/2158 1366/1809/2159
f 1365/1808/2158 1343/1783/2133 1344/1782/2132 1366/1809/2159
f 1352/1797/2148 1366/1809/2159 1367/1810/2160
f 1366/1809/2159 1344/1782/2132 1345/1781/2131 1367/1810/2160
f 1352/1797/2148 1367/1810/2160 1368/1811/2161
f 1367/1810/2160 1345/1781/2131 1346/1780/2130 1368/1811/2161
f 1352/1797/2148 1368/1811/2161 1369/1812/2162
f 1368/1811/2161 1346/1780/2130 1347/1779/2129 1369/1812/2162
f 1352/1797/2148 1369/1812/2162 1370/1813/2163
f 1369/1812/2162 1347/1779/2129 1348/1778/2128 1370/1813/2163
f 1352/1797/2148 1370/1813/2163 1371/1814/2164
f 1370/1813/2163 1348/1778/2128 1349/1777/2127 1371/1814/2164
f 1352/1797/2148 1371/1814/2164 1372/1815/2147
f 1371/1814/2164 1349/1777/2127 1350/1776/2124 1372/1815/2147
g default
v 318.907656 178.014060 170.325317
v 317.715119 178.014060 165.959438
v 314.184120 178.014060 163.128255
v 309.663399 178.014060 162.913311
v 305.879652 178.014060 165.396618
v 304.278210 178.014060 169.629678
v 305.470746 178.014060 173.995564
v 309.001760 178.014060 176.826735
v 313.522519 178.014060 177.041729
v 317.306265 178.014060 174.558422
v 318.907656 204.506072 170.325317
v 317.715119 204.506072 165.959438
v 314.184120 204.506072 163.128255
v 309.663399 204.506072 162.913311
v 305.879652 204.506072 165.396618
v 304.278210 204.506072 169.629678
v 305.470746 204.506072 173.995564
v 309.001760 204.506072 176.826735
v 313.522519 204.506072 177.041729
v 317.306265 204.506072 174.558422
v 318.306463 175.868423 170.296762
v 317.211941 175.868423 166.289701
v 313.971129 175.868423 163.691245
v 309.821956 175.868423 163.493955
v 306.349251 175.868423 165.773157
v 304.879419 175.868423 169.658220
v 305.973962 175.868423 173.665345
v 309.214750 175.868423 176.263751
v 313.363896 175.868423 176.461045
v 316.836614 175.868423 174.181846
v 318.306463 206.651687 170.296762
v 317.211941 206.651687 166.289701
v 313.971129 206.651687 163.691245
v 309.821956 206.651687 163.493955
v 306.349251 206.651687 165.773157
v 304.879419 206.651687 169.658220
v 305.973962 206.651687 173.665345
v 309.214750 206.651687 176.263751
v 313.363896 206.651687 176.461045
v 316.836614 206.651687 174.181846
v 317.705166 175.868423 170.268123
v 316.708682 175.868423 166.619938
v 313.758140 175.868423 164.254221
v 309.980570 175.868423 164.074577
v 306.818852 175.868423 166.149687
v 305.480702 175.868423 169.686864
v 306.477170 175.868423 173.335063
v 309.427711 175.868423 175.700787
v 313.205311 175.868423 175.880405
v 316.367015 175.868423 173.805308
v 317.705166 206.651687 170.268123
v 316.708682 206.651687 166.619938
v 313.758140 206.651687 164.254221
v 309.980570 206.651687 164.074577
v 306.818852 206.651687 166.149687
v 305.480702 206.651687 169.686864
v 306.477170 206.651687 173.335063
v 309.427711 206.651687 175.700787
v 313.205311 206.651687 175.880405
v 316.367015 206.651687 173.805308
v 311.592947 176.634864 169.977492
v 311.592947 205.885253 169.977492
v 317.574677 176.385597 170.261936
v 316.599448 176.385597 166.691605
v 313.711916 176.385597 164.376436
v 310.014995 176.385597 164.200627
v 306.920805 176.385597 166.231422
v 305.611203 176.385597 169.693053
v 306.586433 176.385597 173.263384
v 309.473951 176.385597 175.578559
v 313.170885 176.385597 175.754362
v 316.265062 176.385597 173.723572
v 317.574677 206.134521 170.261936
v 316.599448 206.134521 166.691605
v 313.711916 206.134521 164.376436
v 310.014995 206.134521 164.200627
v 306.920805 206.134521 166.231422
v 305.611203 206.134521 169.693053
v 306.586433 206.134521 173.263384
v 309.473951 206.134521 175.578559
v 313.170885 206.134521 175.754362
v 316.265062 206.134521 173.723572
vt 0.221994 0.496632
vt 0.163036 0.496632
vt 0.221994 0.508154
vt 0.163036 0.508154
vt 0.221994 0.519653
vt 0.163036 0.519653
vt 0.221994 0.531095
vt 0.163036 0.531095
vt 0.221994 0.542350
vt 0.163036 0.542350
vt 0.221994 0.553614
vt 0.163036 0.439760
vt 0.221994 0.450931
vt 0.163036 0.450931
vt 0.221994 0.462187
vt 0.163036 0.462187
vt 0.221994 0.473630
vt 0.163036 0.473630
vt 0.221994 0.485134
vt 0.163036 0.485134
vt 0.226862 0.496632
vt 0.226862 0.508154
vt 0.226862 0.519653
vt 0.226862 0.531095
vt 0.226862 0.542350
vt 0.226862 0.553614
vt 0.226862 0.450931
vt 0.226862 0.462187
vt 0.226862 0.473630
vt 0.226862 0.485134
vt 0.158126 0.496632
vt 0.158126 0.508154
vt 0.158126 0.519653
vt 0.158126 0.531095
vt 0.158126 0.542350
vt 0.158126 0.439760
vt 0.158126 0.450931
vt 0.158126 0.462187
vt 0.158126 0.473630
vt 0.158126 0.485134
vt 0.258188 0.076279
vt 0.407045 0.271537
vt 0.264295 0.067875
vt 0.264297 0.057486
vt 0.258191 0.049080
vt 0.248311 0.045869
vt 0.238431 0.049078
vt 0.232323 0.057482
vt 0.232321 0.067871
vt 0.238427 0.076276
vt 0.248307 0.079488
vt 0.403834 0.261657
vt 0.395429 0.255551
vt 0.385040 0.255552
vt 0.376635 0.261659
vt 0.373426 0.271540
vt 0.376637 0.281420
vt 0.385043 0.287526
vt 0.395432 0.287525
vt 0.403836 0.281418
vt 0.405874 0.271530
vt 0.390236 0.271539
vt 0.257505 0.075327
vt 0.248309 0.062678
vt 0.402882 0.262340
vt 0.395060 0.256663
vt 0.385395 0.256669
vt 0.377579 0.262354
vt 0.374598 0.271547
vt 0.377589 0.280737
vt 0.385411 0.286414
vt 0.395076 0.286409
vt 0.402892 0.280723
vt 0.248314 0.078316
vt 0.239121 0.075333
vt 0.233438 0.067515
vt 0.233435 0.057851
vt 0.239113 0.050030
vt 0.248304 0.047040
vt 0.257497 0.050024
vt 0.263180 0.057841
vt 0.263183 0.067506
vt 0.156730 0.485134
vt 0.156730 0.473630
vt 0.156730 0.462188
vt 0.156730 0.450931
vt 0.156730 0.441473
vt 0.156730 0.542350
vt 0.156730 0.531095
vt 0.156730 0.519653
vt 0.156730 0.508154
vt 0.156730 0.496631
vt 0.228265 0.485134
vt 0.228265 0.473630
vt 0.228265 0.462187
vt 0.228265 0.450931
vt 0.228265 0.552014
vt 0.228265 0.542350
vt 0.228265 0.531095
vt 0.228265 0.519653
vt 0.228265 0.508154
vt 0.228265 0.496631
vt 0.156730 0.551378
vt 0.228265 0.442086
vt 0.226862 0.439760
vt 0.158126 0.553614
vt 0.221994 0.439760
vt 0.163036 0.553614
vn 0.998687 0.019211 0.047484
vn 0.998687 -0.019211 0.047485
vn 0.835869 -0.019211 -0.548593
vn 0.835869 0.019211 -0.548593
vn 0.353779 -0.019212 -0.935132
vn 0.353779 0.019212 -0.935132
vn -0.263448 -0.019211 -0.964482
vn -0.263448 0.019211 -0.964482
vn -0.780039 -0.019211 -0.625436
vn -0.780039 0.019211 -0.625436
vn -0.998687 -0.019211 -0.047490
vn -0.998687 0.019211 -0.047490
vn -0.835868 -0.019211 0.548594
vn -0.835868 0.019211 0.548594
vn -0.353781 -0.019211 0.935131
vn -0.353781 0.019211 0.935131
vn 0.263442 -0.019213 0.964484
vn 0.263442 0.019213 0.964484
vn 0.780044 -0.019212 0.625430
vn 0.780044 0.019212 0.625430
vn 0.902133 -0.429320 0.042901
vn 0.704621 -0.429332 0.564963
vn 0.755058 -0.429315 -0.495556
vn 0.319574 -0.429317 -0.844725
vn -0.237981 -0.429315 -0.871237
vn -0.704626 -0.429314 -0.564970
vn -0.902135 -0.429316 -0.042902
vn -0.755056 -0.429313 0.495561
vn -0.319574 -0.429317 0.844725
vn 0.237973 -0.429329 0.871232
vn 0.902131 0.429324 0.042900
vn 0.755058 0.429318 -0.495554
vn 0.319574 0.429320 -0.844723
vn -0.237982 0.429318 -0.871235
vn -0.704626 0.429317 -0.564968
vn -0.902134 0.429318 -0.042902
vn -0.755055 0.429316 0.495559
vn -0.319573 0.429320 0.844723
vn 0.237974 0.429332 0.871230
vn 0.704619 0.429336 0.564963
vn -0.483260 0.875176 -0.022977
vn -0.377465 0.875172 -0.302645
vn -0.483271 -0.875169 -0.022977
vn -0.404488 -0.875167 0.265466
vn -0.127488 0.875167 -0.466723
vn 0.171194 0.875169 -0.452518
vn 0.404484 0.875171 -0.265459
vn 0.483268 0.875171 0.022978
vn 0.377463 0.875172 0.302647
vn 0.127483 0.875167 0.466723
vn -0.171186 0.875166 0.452527
vn -0.404474 0.875173 0.265467
vn -0.171198 -0.875162 0.452529
vn 0.127486 -0.875163 0.466729
vn 0.377475 -0.875166 0.302651
vn 0.483274 -0.875168 0.022977
vn 0.404488 -0.875168 -0.265462
vn 0.171199 -0.875166 -0.452522
vn -0.127483 -0.875164 -0.466729
vn -0.377468 -0.875169 -0.302649
vn 0.000000 -1.000000 0.000000
vn -0.247348 -0.968855 -0.011763
vn -0.193195 -0.968855 -0.154904
vn -0.247345 0.968856 -0.011763
vn -0.193194 0.968856 -0.154902
vn -0.000000 1.000000 0.000000
vn -0.207022 -0.968855 0.135875
vn -0.087623 -0.968855 0.231608
vn 0.065248 -0.968855 0.238878
vn 0.193196 -0.968855 0.154904
vn 0.247346 -0.968856 0.011763
vn 0.207020 -0.968856 -0.135874
vn 0.087620 -0.968855 -0.231609
vn -0.065248 -0.968855 -0.238878
vn -0.207023 0.968855 0.135873
vn -0.087622 0.968856 0.231606
vn 0.065250 0.968856 0.238875
vn 0.193193 0.968856 0.154902
vn 0.247345 0.968856 0.011763
vn 0.207019 0.968856 -0.135873
vn 0.087620 0.968856 -0.231606
vn -0.065249 0.968856 -0.238875
s 1
g S_U_14 group1 Cans_Atonofcans Can_Beast_08
usemtl S_P29_01_aiStandardSurface5SG
f 1383/1843/2165 1373/1842/2166 1374/1844/2167 1384/1845/2168
f 1384/1845/2168 1374/1844/2167 1375/1846/2169 1385/1847/2170
f 1385/1847/2170 1375/1846/2169 1376/1848/2171 1386/1849/2172
f 1386/1849/2172 1376/1848/2171 1377/1850/2173 1387/1851/2174
f 1387/1851/2174 1377/1850/2173 1378/1852/2175 1388/1949/2176
f 1388/1853/2176 1378/1948/2175 1379/1854/2177 1389/1855/2178
f 1389/1855/2178 1379/1854/2177 1380/1856/2179 1390/1857/2180
f 1390/1857/2180 1380/1856/2179 1381/1858/2181 1391/1859/2182
f 1391/1859/2182 1381/1858/2181 1382/1860/2183 1392/1861/2184
f 1383/1843/2165 1392/1861/2184 1382/1860/2183 1373/1842/2166
f 1393/1862/2185 1373/1842/2166 1382/1860/2183 1402/1871/2186
f 1393/1862/2185 1394/1863/2187 1374/1844/2167 1373/1842/2166
f 1394/1863/2187 1395/1864/2188 1375/1846/2169 1374/1844/2167
f 1395/1864/2188 1396/1865/2189 1376/1848/2171 1375/1846/2169
f 1396/1865/2189 1397/1866/2190 1377/1850/2173 1376/1848/2171
f 1397/1866/2190 1398/1867/2191 1378/1852/2175 1377/1850/2173
f 1398/1946/2191 1399/1868/2192 1379/1854/2177 1378/1948/2175
f 1399/1868/2192 1400/1869/2193 1380/1856/2179 1379/1854/2177
f 1400/1869/2193 1401/1870/2194 1381/1858/2181 1380/1856/2179
f 1401/1870/2194 1402/1871/2186 1382/1860/2183 1381/1858/2181
f 1403/1872/2195 1383/1843/2165 1384/1845/2168 1404/1873/2196
f 1404/1873/2196 1384/1845/2168 1385/1847/2170 1405/1874/2197
f 1405/1874/2197 1385/1847/2170 1386/1849/2172 1406/1875/2198
f 1406/1875/2198 1386/1849/2172 1387/1851/2174 1407/1876/2199
f 1407/1876/2199 1387/1851/2174 1388/1949/2176 1408/1947/2200
f 1408/1877/2200 1388/1853/2176 1389/1855/2178 1409/1878/2201
f 1409/1878/2201 1389/1855/2178 1390/1857/2180 1410/1879/2202
f 1410/1879/2202 1390/1857/2180 1391/1859/2182 1411/1880/2203
f 1411/1880/2203 1391/1859/2182 1392/1861/2184 1412/1881/2204
f 1403/1872/2195 1412/1881/2204 1392/1861/2184 1383/1843/2165
f 1403/1872/2195 1423/1933/2205 1432/1924/2206 1412/1881/2204
f 1393/1862/2185 1413/1943/2207 1414/1942/2208 1394/1863/2187
f 1411/1880/2203 1412/1881/2204 1432/1924/2206 1431/1925/2209
f 1410/1879/2202 1411/1880/2203 1431/1925/2209 1430/1926/2210
f 1409/1878/2201 1410/1879/2202 1430/1926/2210 1429/1927/2211
f 1408/1877/2200 1409/1878/2201 1429/1927/2211 1428/1928/2212
f 1407/1876/2199 1408/1947/2200 1428/1944/2212 1427/1929/2213
f 1406/1875/2198 1407/1876/2199 1427/1929/2213 1426/1930/2214
f 1405/1874/2197 1406/1875/2198 1426/1930/2214 1425/1931/2215
f 1404/1873/2196 1405/1874/2197 1425/1931/2215 1424/1932/2216
f 1403/1872/2195 1404/1873/2196 1424/1932/2216 1423/1933/2205
f 1394/1863/2187 1414/1942/2208 1415/1941/2217 1395/1864/2188
f 1395/1864/2188 1415/1941/2217 1416/1940/2218 1396/1865/2189
f 1396/1865/2189 1416/1940/2218 1417/1939/2219 1397/1866/2190
f 1397/1866/2190 1417/1939/2219 1418/1938/2220 1398/1867/2191
f 1398/1946/2191 1418/1945/2220 1419/1937/2221 1399/1868/2192
f 1399/1868/2192 1419/1937/2221 1420/1936/2222 1400/1869/2193
f 1400/1869/2193 1420/1936/2222 1421/1935/2223 1401/1870/2194
f 1401/1870/2194 1421/1935/2223 1422/1934/2224 1402/1871/2186
f 1393/1862/2185 1402/1871/2186 1422/1934/2224 1413/1943/2207
f 1433/1903/2225 1435/1902/2226 1444/1914/2227
f 1435/1902/2226 1413/1883/2207 1422/1901/2224 1444/1914/2227
f 1423/1882/2205 1445/1904/2228 1454/1923/2229 1432/1884/2206
f 1445/1904/2228 1434/1905/2230 1454/1923/2229
f 1413/1883/2207 1435/1902/2226 1436/1906/2231 1414/1893/2208
f 1435/1902/2226 1433/1903/2225 1436/1906/2231
f 1414/1893/2208 1436/1906/2231 1437/1907/2232 1415/1894/2217
f 1436/1906/2231 1433/1903/2225 1437/1907/2232
f 1415/1894/2217 1437/1907/2232 1438/1908/2233 1416/1895/2218
f 1437/1907/2232 1433/1903/2225 1438/1908/2233
f 1416/1895/2218 1438/1908/2233 1439/1909/2234 1417/1896/2219
f 1438/1908/2233 1433/1903/2225 1439/1909/2234
f 1417/1896/2219 1439/1909/2234 1440/1910/2235 1418/1897/2220
f 1439/1909/2234 1433/1903/2225 1440/1910/2235
f 1418/1897/2220 1440/1910/2235 1441/1911/2236 1419/1898/2221
f 1440/1910/2235 1433/1903/2225 1441/1911/2236
f 1419/1898/2221 1441/1911/2236 1442/1912/2237 1420/1899/2222
f 1441/1911/2236 1433/1903/2225 1442/1912/2237
f 1420/1899/2222 1442/1912/2237 1443/1913/2238 1421/1900/2223
f 1442/1912/2237 1433/1903/2225 1443/1913/2238
f 1421/1900/2223 1443/1913/2238 1444/1914/2227 1422/1901/2224
f 1443/1913/2238 1433/1903/2225 1444/1914/2227
f 1434/1905/2230 1445/1904/2228 1446/1915/2239
f 1445/1904/2228 1423/1882/2205 1424/1892/2216 1446/1915/2239
f 1434/1905/2230 1446/1915/2239 1447/1916/2240
f 1446/1915/2239 1424/1892/2216 1425/1891/2215 1447/1916/2240
f 1434/1905/2230 1447/1916/2240 1448/1917/2241
f 1447/1916/2240 1425/1891/2215 1426/1890/2214 1448/1917/2241
f 1434/1905/2230 1448/1917/2241 1449/1918/2242
f 1448/1917/2241 1426/1890/2214 1427/1889/2213 1449/1918/2242
f 1434/1905/2230 1449/1918/2242 1450/1919/2243
f 1449/1918/2242 1427/1889/2213 1428/1888/2212 1450/1919/2243
f 1434/1905/2230 1450/1919/2243 1451/1920/2244
f 1450/1919/2243 1428/1888/2212 1429/1887/2211 1451/1920/2244
f 1434/1905/2230 1451/1920/2244 1452/1921/2245
f 1451/1920/2244 1429/1887/2211 1430/1886/2210 1452/1921/2245
f 1434/1905/2230 1452/1921/2245 1453/1922/2246
f 1452/1921/2245 1430/1886/2210 1431/1885/2209 1453/1922/2246
f 1434/1905/2230 1453/1922/2246 1454/1923/2229
f 1453/1922/2246 1431/1885/2209 1432/1884/2206 1454/1923/2229
g default
v 338.136814 178.014060 170.325317
v 336.944278 178.014060 165.959438
v 333.413279 178.014060 163.128255
v 328.892557 178.014060 162.913311
v 325.108811 178.014060 165.396618
v 323.507368 178.014060 169.629678
v 324.699904 178.014060 173.995564
v 328.230919 178.014060 176.826735
v 332.751677 178.014060 177.041729
v 336.535423 178.014060 174.558422
v 338.136814 204.506072 170.325317
v 336.944278 204.506072 165.959438
v 333.413279 204.506072 163.128255
v 328.892557 204.506072 162.913311
v 325.108811 204.506072 165.396618
v 323.507368 204.506072 169.629678
v 324.699904 204.506072 173.995564
v 328.230919 204.506072 176.826735
v 332.751677 204.506072 177.041729
v 336.535423 204.506072 174.558422
v 337.535621 175.868423 170.296762
v 336.441099 175.868423 166.289701
v 333.200287 175.868423 163.691245
v 329.051115 175.868423 163.493955
v 325.578410 175.868423 165.773157
v 324.108578 175.868423 169.658220
v 325.203120 175.868423 173.665345
v 328.443909 175.868423 176.263751
v 332.593055 175.868423 176.461045
v 336.065773 175.868423 174.181846
v 337.535621 206.651687 170.296762
v 336.441099 206.651687 166.289701
v 333.200287 206.651687 163.691245
v 329.051115 206.651687 163.493955
v 325.578410 206.651687 165.773157
v 324.108578 206.651687 169.658220
v 325.203120 206.651687 173.665345
v 328.443909 206.651687 176.263751
v 332.593055 206.651687 176.461045
v 336.065773 206.651687 174.181846
v 336.934324 175.868423 170.268123
v 335.937841 175.868423 166.619938
v 332.987298 175.868423 164.254221
v 329.209728 175.868423 164.074577
v 326.048010 175.868423 166.149687
v 324.709861 175.868423 169.686864
v 325.706328 175.868423 173.335063
v 328.656869 175.868423 175.700787
v 332.434469 175.868423 175.880405
v 335.596174 175.868423 173.805308
v 336.934324 206.651687 170.268123
v 335.937841 206.651687 166.619938
v 332.987298 206.651687 164.254221
v 329.209728 206.651687 164.074577
v 326.048010 206.651687 166.149687
v 324.709861 206.651687 169.686864
v 325.706328 206.651687 173.335063
v 328.656869 206.651687 175.700787
v 332.434469 206.651687 175.880405
v 335.596174 206.651687 173.805308
v 330.822106 176.634864 169.977492
v 330.822106 205.885253 169.977492
v 336.803835 176.385597 170.261936
v 335.828606 176.385597 166.691605
v 332.941074 176.385597 164.376436
v 329.244154 176.385597 164.200627
v 326.149963 176.385597 166.231422
v 324.840361 176.385597 169.693053
v 325.815591 176.385597 173.263384
v 328.703109 176.385597 175.578559
v 332.400043 176.385597 175.754362
v 335.494220 176.385597 173.723572
v 336.803835 206.134521 170.261936
v 335.828606 206.134521 166.691605
v 332.941074 206.134521 164.376436
v 329.244154 206.134521 164.200627
v 326.149963 206.134521 166.231422
v 324.840361 206.134521 169.693053
v 325.815591 206.134521 173.263384
v 328.703109 206.134521 175.578559
v 332.400043 206.134521 175.754362
v 335.494220 206.134521 173.723572
vt 0.221994 0.496632
vt 0.163036 0.496632
vt 0.221994 0.508154
vt 0.163036 0.508154
vt 0.221994 0.519653
vt 0.163036 0.519653
vt 0.221994 0.531095
vt 0.163036 0.531095
vt 0.221994 0.542350
vt 0.163036 0.542350
vt 0.221994 0.553614
vt 0.163036 0.439760
vt 0.221994 0.450931
vt 0.163036 0.450931
vt 0.221994 0.462187
vt 0.163036 0.462187
vt 0.221994 0.473630
vt 0.163036 0.473630
vt 0.221994 0.485134
vt 0.163036 0.485134
vt 0.226862 0.496632
vt 0.226862 0.508154
vt 0.226862 0.519653
vt 0.226862 0.531095
vt 0.226862 0.542350
vt 0.226862 0.553614
vt 0.226862 0.450931
vt 0.226862 0.462187
vt 0.226862 0.473630
vt 0.226862 0.485134
vt 0.158126 0.496632
vt 0.158126 0.508154
vt 0.158126 0.519653
vt 0.158126 0.531095
vt 0.158126 0.542350
vt 0.158126 0.439760
vt 0.158126 0.450931
vt 0.158126 0.462187
vt 0.158126 0.473630
vt 0.158126 0.485134
vt 0.258188 0.076279
vt 0.407045 0.271537
vt 0.264295 0.067875
vt 0.264297 0.057486
vt 0.258191 0.049080
vt 0.248311 0.045869
vt 0.238431 0.049078
vt 0.232323 0.057482
vt 0.232321 0.067871
vt 0.238427 0.076276
vt 0.248307 0.079488
vt 0.403834 0.261657
vt 0.395429 0.255551
vt 0.385040 0.255552
vt 0.376635 0.261659
vt 0.373426 0.271540
vt 0.376637 0.281420
vt 0.385043 0.287526
vt 0.395432 0.287525
vt 0.403836 0.281418
vt 0.405874 0.271530
vt 0.390236 0.271539
vt 0.257505 0.075327
vt 0.248309 0.062678
vt 0.402882 0.262340
vt 0.395060 0.256663
vt 0.385395 0.256669
vt 0.377579 0.262354
vt 0.374598 0.271547
vt 0.377589 0.280737
vt 0.385411 0.286414
vt 0.395076 0.286409
vt 0.402892 0.280723
vt 0.248314 0.078316
vt 0.239121 0.075333
vt 0.233438 0.067515
vt 0.233435 0.057851
vt 0.239113 0.050030
vt 0.248304 0.047040
vt 0.257497 0.050024
vt 0.263180 0.057841
vt 0.263183 0.067506
vt 0.156730 0.485134
vt 0.156730 0.473630
vt 0.156730 0.462188
vt 0.156730 0.450931
vt 0.156730 0.441473
vt 0.156730 0.542350
vt 0.156730 0.531095
vt 0.156730 0.519653
vt 0.156730 0.508154
vt 0.156730 0.496631
vt 0.228265 0.485134
vt 0.228265 0.473630
vt 0.228265 0.462187
vt 0.228265 0.450931
vt 0.228265 0.552014
vt 0.228265 0.542350
vt 0.228265 0.531095
vt 0.228265 0.519653
vt 0.228265 0.508154
vt 0.228265 0.496631
vt 0.156730 0.551378
vt 0.228265 0.442086
vt 0.226862 0.439760
vt 0.158126 0.553614
vt 0.221994 0.439760
vt 0.163036 0.553614
vn 0.998687 0.019211 0.047484
vn 0.998687 -0.019211 0.047485
vn 0.835869 -0.019211 -0.548593
vn 0.835869 0.019211 -0.548593
vn 0.353779 -0.019212 -0.935132
vn 0.353779 0.019212 -0.935132
vn -0.263448 -0.019211 -0.964482
vn -0.263448 0.019211 -0.964482
vn -0.780039 -0.019211 -0.625436
vn -0.780039 0.019211 -0.625436
vn -0.998687 -0.019211 -0.047490
vn -0.998687 0.019211 -0.047490
vn -0.835868 -0.019211 0.548594
vn -0.835868 0.019211 0.548594
vn -0.353781 -0.019211 0.935131
vn -0.353781 0.019211 0.935131
vn 0.263442 -0.019213 0.964484
vn 0.263442 0.019213 0.964484
vn 0.780044 -0.019212 0.625430
vn 0.780044 0.019212 0.625430
vn 0.902133 -0.429320 0.042901
vn 0.704621 -0.429332 0.564963
vn 0.755058 -0.429315 -0.495556
vn 0.319574 -0.429317 -0.844725
vn -0.237981 -0.429315 -0.871237
vn -0.704626 -0.429314 -0.564970
vn -0.902135 -0.429316 -0.042902
vn -0.755056 -0.429313 0.495561
vn -0.319574 -0.429317 0.844725
vn 0.237973 -0.429329 0.871232
vn 0.902131 0.429324 0.042900
vn 0.755058 0.429318 -0.495554
vn 0.319574 0.429320 -0.844723
vn -0.237982 0.429318 -0.871235
vn -0.704626 0.429317 -0.564968
vn -0.902134 0.429318 -0.042902
vn -0.755055 0.429316 0.495559
vn -0.319573 0.429320 0.844723
vn 0.237974 0.429332 0.871230
vn 0.704619 0.429336 0.564963
vn -0.483260 0.875176 -0.022977
vn -0.377465 0.875172 -0.302645
vn -0.483271 -0.875169 -0.022977
vn -0.404488 -0.875167 0.265466
vn -0.127488 0.875167 -0.466723
vn 0.171194 0.875169 -0.452518
vn 0.404484 0.875171 -0.265459
vn 0.483268 0.875171 0.022978
vn 0.377463 0.875172 0.302647
vn 0.127483 0.875167 0.466723
vn -0.171186 0.875166 0.452527
vn -0.404474 0.875173 0.265467
vn -0.171198 -0.875162 0.452529
vn 0.127486 -0.875163 0.466729
vn 0.377475 -0.875166 0.302651
vn 0.483274 -0.875168 0.022977
vn 0.404488 -0.875168 -0.265462
vn 0.171199 -0.875166 -0.452522
vn -0.127483 -0.875164 -0.466729
vn -0.377468 -0.875169 -0.302649
vn 0.000000 -1.000000 0.000000
vn -0.247348 -0.968855 -0.011763
vn -0.193195 -0.968855 -0.154904
vn -0.247345 0.968856 -0.011763
vn -0.193194 0.968856 -0.154902
vn -0.000000 1.000000 0.000000
vn -0.207022 -0.968855 0.135875
vn -0.087623 -0.968855 0.231608
vn 0.065248 -0.968855 0.238878
vn 0.193196 -0.968855 0.154904
vn 0.247346 -0.968856 0.011763
vn 0.207020 -0.968856 -0.135874
vn 0.087620 -0.968855 -0.231609
vn -0.065248 -0.968855 -0.238878
vn -0.207023 0.968855 0.135873
vn -0.087622 0.968856 0.231606
vn 0.065250 0.968856 0.238875
vn 0.193193 0.968856 0.154902
vn 0.247345 0.968856 0.011763
vn 0.207019 0.968856 -0.135873
vn 0.087620 0.968856 -0.231606
vn -0.065249 0.968856 -0.238875
s 1
g S_U_14 group1 Cans_Atonofcans Can_Beast_09
usemtl S_P29_01_aiStandardSurface5SG
f 1465/1951/2247 1455/1950/2248 1456/1952/2249 1466/1953/2250
f 1466/1953/2250 1456/1952/2249 1457/1954/2251 1467/1955/2252
f 1467/1955/2252 1457/1954/2251 1458/1956/2253 1468/1957/2254
f 1468/1957/2254 1458/1956/2253 1459/1958/2255 1469/1959/2256
f 1469/1959/2256 1459/1958/2255 1460/1960/2257 1470/2057/2258
f 1470/1961/2258 1460/2056/2257 1461/1962/2259 1471/1963/2260
f 1471/1963/2260 1461/1962/2259 1462/1964/2261 1472/1965/2262
f 1472/1965/2262 1462/1964/2261 1463/1966/2263 1473/1967/2264
f 1473/1967/2264 1463/1966/2263 1464/1968/2265 1474/1969/2266
f 1465/1951/2247 1474/1969/2266 1464/1968/2265 1455/1950/2248
f 1475/1970/2267 1455/1950/2248 1464/1968/2265 1484/1979/2268
f 1475/1970/2267 1476/1971/2269 1456/1952/2249 1455/1950/2248
f 1476/1971/2269 1477/1972/2270 1457/1954/2251 1456/1952/2249
f 1477/1972/2270 1478/1973/2271 1458/1956/2253 1457/1954/2251
f 1478/1973/2271 1479/1974/2272 1459/1958/2255 1458/1956/2253
f 1479/1974/2272 1480/1975/2273 1460/1960/2257 1459/1958/2255
f 1480/2054/2273 1481/1976/2274 1461/1962/2259 1460/2056/2257
f 1481/1976/2274 1482/1977/2275 1462/1964/2261 1461/1962/2259
f 1482/1977/2275 1483/1978/2276 1463/1966/2263 1462/1964/2261
f 1483/1978/2276 1484/1979/2268 1464/1968/2265 1463/1966/2263
f 1485/1980/2277 1465/1951/2247 1466/1953/2250 1486/1981/2278
f 1486/1981/2278 1466/1953/2250 1467/1955/2252 1487/1982/2279
f 1487/1982/2279 1467/1955/2252 1468/1957/2254 1488/1983/2280
f 1488/1983/2280 1468/1957/2254 1469/1959/2256 1489/1984/2281
f 1489/1984/2281 1469/1959/2256 1470/2057/2258 1490/2055/2282
f 1490/1985/2282 1470/1961/2258 1471/1963/2260 1491/1986/2283
f 1491/1986/2283 1471/1963/2260 1472/1965/2262 1492/1987/2284
f 1492/1987/2284 1472/1965/2262 1473/1967/2264 1493/1988/2285
f 1493/1988/2285 1473/1967/2264 1474/1969/2266 1494/1989/2286
f 1485/1980/2277 1494/1989/2286 1474/1969/2266 1465/1951/2247
f 1485/1980/2277 1505/2041/2287 1514/2032/2288 1494/1989/2286
f 1475/1970/2267 1495/2051/2289 1496/2050/2290 1476/1971/2269
f 1493/1988/2285 1494/1989/2286 1514/2032/2288 1513/2033/2291
f 1492/1987/2284 1493/1988/2285 1513/2033/2291 1512/2034/2292
f 1491/1986/2283 1492/1987/2284 1512/2034/2292 1511/2035/2293
f 1490/1985/2282 1491/1986/2283 1511/2035/2293 1510/2036/2294
f 1489/1984/2281 1490/2055/2282 1510/2052/2294 1509/2037/2295
f 1488/1983/2280 1489/1984/2281 1509/2037/2295 1508/2038/2296
f 1487/1982/2279 1488/1983/2280 1508/2038/2296 1507/2039/2297
f 1486/1981/2278 1487/1982/2279 1507/2039/2297 1506/2040/2298
f 1485/1980/2277 1486/1981/2278 1506/2040/2298 1505/2041/2287
f 1476/1971/2269 1496/2050/2290 1497/2049/2299 1477/1972/2270
f 1477/1972/2270 1497/2049/2299 1498/2048/2300 1478/1973/2271
f 1478/1973/2271 1498/2048/2300 1499/2047/2301 1479/1974/2272
f 1479/1974/2272 1499/2047/2301 1500/2046/2302 1480/1975/2273
f 1480/2054/2273 1500/2053/2302 1501/2045/2303 1481/1976/2274
f 1481/1976/2274 1501/2045/2303 1502/2044/2304 1482/1977/2275
f 1482/1977/2275 1502/2044/2304 1503/2043/2305 1483/1978/2276
f 1483/1978/2276 1503/2043/2305 1504/2042/2306 1484/1979/2268
f 1475/1970/2267 1484/1979/2268 1504/2042/2306 1495/2051/2289
f 1515/2011/2307 1517/2010/2308 1526/2022/2309
f 1517/2010/2308 1495/1991/2289 1504/2009/2306 1526/2022/2309
f 1505/1990/2287 1527/2012/2310 1536/2031/2311 1514/1992/2288
f 1527/2012/2310 1516/2013/2312 1536/2031/2311
f 1495/1991/2289 1517/2010/2308 1518/2014/2313 1496/2001/2290
f 1517/2010/2308 1515/2011/2307 1518/2014/2313
f 1496/2001/2290 1518/2014/2313 1519/2015/2314 1497/2002/2299
f 1518/2014/2313 1515/2011/2307 1519/2015/2314
f 1497/2002/2299 1519/2015/2314 1520/2016/2315 1498/2003/2300
f 1519/2015/2314 1515/2011/2307 1520/2016/2315
f 1498/2003/2300 1520/2016/2315 1521/2017/2316 1499/2004/2301
f 1520/2016/2315 1515/2011/2307 1521/2017/2316
f 1499/2004/2301 1521/2017/2316 1522/2018/2317 1500/2005/2302
f 1521/2017/2316 1515/2011/2307 1522/2018/2317
f 1500/2005/2302 1522/2018/2317 1523/2019/2318 1501/2006/2303
f 1522/2018/2317 1515/2011/2307 1523/2019/2318
f 1501/2006/2303 1523/2019/2318 1524/2020/2319 1502/2007/2304
f 1523/2019/2318 1515/2011/2307 1524/2020/2319
f 1502/2007/2304 1524/2020/2319 1525/2021/2320 1503/2008/2305
f 1524/2020/2319 1515/2011/2307 1525/2021/2320
f 1503/2008/2305 1525/2021/2320 1526/2022/2309 1504/2009/2306
f 1525/2021/2320 1515/2011/2307 1526/2022/2309
f 1516/2013/2312 1527/2012/2310 1528/2023/2321
f 1527/2012/2310 1505/1990/2287 1506/2000/2298 1528/2023/2321
f 1516/2013/2312 1528/2023/2321 1529/2024/2322
f 1528/2023/2321 1506/2000/2298 1507/1999/2297 1529/2024/2322
f 1516/2013/2312 1529/2024/2322 1530/2025/2323
f 1529/2024/2322 1507/1999/2297 1508/1998/2296 1530/2025/2323
f 1516/2013/2312 1530/2025/2323 1531/2026/2324
f 1530/2025/2323 1508/1998/2296 1509/1997/2295 1531/2026/2324
f 1516/2013/2312 1531/2026/2324 1532/2027/2325
f 1531/2026/2324 1509/1997/2295 1510/1996/2294 1532/2027/2325
f 1516/2013/2312 1532/2027/2325 1533/2028/2326
f 1532/2027/2325 1510/1996/2294 1511/1995/2293 1533/2028/2326
f 1516/2013/2312 1533/2028/2326 1534/2029/2327
f 1533/2028/2326 1511/1995/2293 1512/1994/2292 1534/2029/2327
f 1516/2013/2312 1534/2029/2327 1535/2030/2328
f 1534/2029/2327 1512/1994/2292 1513/1993/2291 1535/2030/2328
f 1516/2013/2312 1535/2030/2328 1536/2031/2311
f 1535/2030/2328 1513/1993/2291 1514/1992/2288 1536/2031/2311
g default
v 357.389057 178.014060 170.325317
v 356.196520 178.014060 165.959438
v 352.665521 178.014060 163.128255
v 348.144799 178.014060 162.913311
v 344.361053 178.014060 165.396618
v 342.759610 178.014060 169.629678
v 343.952146 178.014060 173.995564
v 347.483161 178.014060 176.826735
v 352.003919 178.014060 177.041729
v 355.787665 178.014060 174.558422
v 357.389057 204.506072 170.325317
v 356.196520 204.506072 165.959438
v 352.665521 204.506072 163.128255
v 348.144799 204.506072 162.913311
v 344.361053 204.506072 165.396618
v 342.759610 204.506072 169.629678
v 343.952146 204.506072 173.995564
v 347.483161 204.506072 176.826735
v 352.003919 204.506072 177.041729
v 355.787665 204.506072 174.558422
v 356.787863 175.868423 170.296762
v 355.693341 175.868423 166.289701
v 352.452530 175.868423 163.691245
v 348.303357 175.868423 163.493955
v 344.830652 175.868423 165.773157
v 343.360820 175.868423 169.658220
v 344.455362 175.868423 173.665345
v 347.696151 175.868423 176.263751
v 351.845297 175.868423 176.461045
v 355.318015 175.868423 174.181846
v 356.787863 206.651687 170.296762
v 355.693341 206.651687 166.289701
v 352.452530 206.651687 163.691245
v 348.303357 206.651687 163.493955
v 344.830652 206.651687 165.773157
v 343.360820 206.651687 169.658220
v 344.455362 206.651687 173.665345
v 347.696151 206.651687 176.263751
v 351.845297 206.651687 176.461045
v 355.318015 206.651687 174.181846
v 356.186566 175.868423 170.268123
v 355.190083 175.868423 166.619938
v 352.239540 175.868423 164.254221
v 348.461971 175.868423 164.074577
v 345.300252 175.868423 166.149687
v 343.962103 175.868423 169.686864
v 344.958570 175.868423 173.335063
v 347.909111 175.868423 175.700787
v 351.686712 175.868423 175.880405
v 354.848416 175.868423 173.805308
v 356.186566 206.651687 170.268123
v 355.190083 206.651687 166.619938
v 352.239540 206.651687 164.254221
v 348.461971 206.651687 164.074577
v 345.300252 206.651687 166.149687
v 343.962103 206.651687 169.686864
v 344.958570 206.651687 173.335063
v 347.909111 206.651687 175.700787
v 351.686712 206.651687 175.880405
v 354.848416 206.651687 173.805308
v 350.074348 176.634864 169.977492
v 350.074348 205.885253 169.977492
v 356.056078 176.385597 170.261936
v 355.080848 176.385597 166.691605
v 352.193317 176.385597 164.376436
v 348.496396 176.385597 164.200627
v 345.402205 176.385597 166.231422
v 344.092603 176.385597 169.693053
v 345.067833 176.385597 173.263384
v 347.955351 176.385597 175.578559
v 351.652285 176.385597 175.754362
v 354.746462 176.385597 173.723572
v 356.056078 206.134521 170.261936
v 355.080848 206.134521 166.691605
v 352.193317 206.134521 164.376436
v 348.496396 206.134521 164.200627
v 345.402205 206.134521 166.231422
v 344.092603 206.134521 169.693053
v 345.067833 206.134521 173.263384
v 347.955351 206.134521 175.578559
v 351.652285 206.134521 175.754362
v 354.746462 206.134521 173.723572
vt 0.221994 0.496632
vt 0.163036 0.496632
vt 0.221994 0.508154
vt 0.163036 0.508154
vt 0.221994 0.519653
vt 0.163036 0.519653
vt 0.221994 0.531095
vt 0.163036 0.531095
vt 0.221994 0.542350
vt 0.163036 0.542350
vt 0.221994 0.553614
vt 0.163036 0.439760
vt 0.221994 0.450931
vt 0.163036 0.450931
vt 0.221994 0.462187
vt 0.163036 0.462187
vt 0.221994 0.473630
vt 0.163036 0.473630
vt 0.221994 0.485134
vt 0.163036 0.485134
vt 0.226862 0.496632
vt 0.226862 0.508154
vt 0.226862 0.519653
vt 0.226862 0.531095
vt 0.226862 0.542350
vt 0.226862 0.553614
vt 0.226862 0.450931
vt 0.226862 0.462187
vt 0.226862 0.473630
vt 0.226862 0.485134
vt 0.158126 0.496632
vt 0.158126 0.508154
vt 0.158126 0.519653
vt 0.158126 0.531095
vt 0.158126 0.542350
vt 0.158126 0.439760
vt 0.158126 0.450931
vt 0.158126 0.462187
vt 0.158126 0.473630
vt 0.158126 0.485134
vt 0.258188 0.076279
vt 0.407045 0.271537
vt 0.264295 0.067875
vt 0.264297 0.057486
vt 0.258191 0.049080
vt 0.248311 0.045869
vt 0.238431 0.049078
vt 0.232323 0.057482
vt 0.232321 0.067871
vt 0.238427 0.076276
vt 0.248307 0.079488
vt 0.403834 0.261657
vt 0.395429 0.255551
vt 0.385040 0.255552
vt 0.376635 0.261659
vt 0.373426 0.271540
vt 0.376637 0.281420
vt 0.385043 0.287526
vt 0.395432 0.287525
vt 0.403836 0.281418
vt 0.405874 0.271530
vt 0.390236 0.271539
vt 0.257505 0.075327
vt 0.248309 0.062678
vt 0.402882 0.262340
vt 0.395060 0.256663
vt 0.385395 0.256669
vt 0.377579 0.262354
vt 0.374598 0.271547
vt 0.377589 0.280737
vt 0.385411 0.286414
vt 0.395076 0.286409
vt 0.402892 0.280723
vt 0.248314 0.078316
vt 0.239121 0.075333
vt 0.233438 0.067515
vt 0.233435 0.057851
vt 0.239113 0.050030
vt 0.248304 0.047040
vt 0.257497 0.050024
vt 0.263180 0.057841
vt 0.263183 0.067506
vt 0.156730 0.485134
vt 0.156730 0.473630
vt 0.156730 0.462188
vt 0.156730 0.450931
vt 0.156730 0.441473
vt 0.156730 0.542350
vt 0.156730 0.531095
vt 0.156730 0.519653
vt 0.156730 0.508154
vt 0.156730 0.496631
vt 0.228265 0.485134
vt 0.228265 0.473630
vt 0.228265 0.462187
vt 0.228265 0.450931
vt 0.228265 0.552014
vt 0.228265 0.542350
vt 0.228265 0.531095
vt 0.228265 0.519653
vt 0.228265 0.508154
vt 0.228265 0.496631
vt 0.156730 0.551378
vt 0.228265 0.442086
vt 0.226862 0.439760
vt 0.158126 0.553614
vt 0.221994 0.439760
vt 0.163036 0.553614
vn 0.998687 0.019211 0.047484
vn 0.998687 -0.019211 0.047485
vn 0.835869 -0.019211 -0.548593
vn 0.835869 0.019211 -0.548593
vn 0.353779 -0.019212 -0.935132
vn 0.353779 0.019212 -0.935132
vn -0.263448 -0.019211 -0.964482
vn -0.263448 0.019211 -0.964482
vn -0.780039 -0.019211 -0.625436
vn -0.780039 0.019211 -0.625436
vn -0.998687 -0.019211 -0.047490
vn -0.998687 0.019211 -0.047490
vn -0.835868 -0.019211 0.548594
vn -0.835868 0.019211 0.548594
vn -0.353781 -0.019211 0.935131
vn -0.353781 0.019211 0.935131
vn 0.263442 -0.019213 0.964484
vn 0.263442 0.019213 0.964484
vn 0.780044 -0.019212 0.625430
vn 0.780044 0.019212 0.625430
vn 0.902133 -0.429320 0.042901
vn 0.704621 -0.429332 0.564963
vn 0.755058 -0.429315 -0.495556
vn 0.319574 -0.429317 -0.844725
vn -0.237981 -0.429315 -0.871237
vn -0.704626 -0.429314 -0.564970
vn -0.902135 -0.429316 -0.042902
vn -0.755056 -0.429313 0.495561
vn -0.319574 -0.429317 0.844725
vn 0.237973 -0.429329 0.871232
vn 0.902131 0.429324 0.042900
vn 0.755058 0.429318 -0.495554
vn 0.319574 0.429320 -0.844723
vn -0.237982 0.429318 -0.871235
vn -0.704626 0.429317 -0.564968
vn -0.902134 0.429318 -0.042902
vn -0.755055 0.429316 0.495559
vn -0.319573 0.429320 0.844723
vn 0.237974 0.429332 0.871230
vn 0.704619 0.429336 0.564963
vn -0.483260 0.875176 -0.022977
vn -0.377465 0.875172 -0.302645
vn -0.483271 -0.875169 -0.022977
vn -0.404488 -0.875167 0.265466
vn -0.127488 0.875167 -0.466723
vn 0.171194 0.875169 -0.452518
vn 0.404484 0.875171 -0.265459
vn 0.483268 0.875171 0.022978
vn 0.377463 0.875172 0.302647
vn 0.127483 0.875167 0.466723
vn -0.171186 0.875166 0.452527
vn -0.404474 0.875173 0.265467
vn -0.171198 -0.875162 0.452529
vn 0.127486 -0.875163 0.466729
vn 0.377475 -0.875166 0.302651
vn 0.483274 -0.875168 0.022977
vn 0.404488 -0.875168 -0.265462
vn 0.171199 -0.875166 -0.452522
vn -0.127483 -0.875164 -0.466729
vn -0.377468 -0.875169 -0.302649
vn 0.000000 -1.000000 0.000000
vn -0.247348 -0.968855 -0.011763
vn -0.193195 -0.968855 -0.154904
vn -0.247345 0.968856 -0.011763
vn -0.193194 0.968856 -0.154902
vn -0.000000 1.000000 0.000000
vn -0.207022 -0.968855 0.135875
vn -0.087623 -0.968855 0.231608
vn 0.065248 -0.968855 0.238878
vn 0.193196 -0.968855 0.154904
vn 0.247346 -0.968856 0.011763
vn 0.207020 -0.968856 -0.135874
vn 0.087620 -0.968855 -0.231609
vn -0.065248 -0.968855 -0.238878
vn -0.207023 0.968855 0.135873
vn -0.087622 0.968856 0.231606
vn 0.065250 0.968856 0.238875
vn 0.193193 0.968856 0.154902
vn 0.247345 0.968856 0.011763
vn 0.207019 0.968856 -0.135873
vn 0.087620 0.968856 -0.231606
vn -0.065249 0.968856 -0.238875
s 1
g S_U_14 group1 Cans_Atonofcans Can_Beast_10
usemtl S_P29_01_aiStandardSurface5SG
f 1547/2059/2329 1537/2058/2330 1538/2060/2331 1548/2061/2332
f 1548/2061/2332 1538/2060/2331 1539/2062/2333 1549/2063/2334
f 1549/2063/2334 1539/2062/2333 1540/2064/2335 1550/2065/2336
f 1550/2065/2336 1540/2064/2335 1541/2066/2337 1551/2067/2338
f 1551/2067/2338 1541/2066/2337 1542/2068/2339 1552/2165/2340
f 1552/2069/2340 1542/2164/2339 1543/2070/2341 1553/2071/2342
f 1553/2071/2342 1543/2070/2341 1544/2072/2343 1554/2073/2344
f 1554/2073/2344 1544/2072/2343 1545/2074/2345 1555/2075/2346
f 1555/2075/2346 1545/2074/2345 1546/2076/2347 1556/2077/2348
f 1547/2059/2329 1556/2077/2348 1546/2076/2347 1537/2058/2330
f 1557/2078/2349 1537/2058/2330 1546/2076/2347 1566/2087/2350
f 1557/2078/2349 1558/2079/2351 1538/2060/2331 1537/2058/2330
f 1558/2079/2351 1559/2080/2352 1539/2062/2333 1538/2060/2331
f 1559/2080/2352 1560/2081/2353 1540/2064/2335 1539/2062/2333
f 1560/2081/2353 1561/2082/2354 1541/2066/2337 1540/2064/2335
f 1561/2082/2354 1562/2083/2355 1542/2068/2339 1541/2066/2337
f 1562/2162/2355 1563/2084/2356 1543/2070/2341 1542/2164/2339
f 1563/2084/2356 1564/2085/2357 1544/2072/2343 1543/2070/2341
f 1564/2085/2357 1565/2086/2358 1545/2074/2345 1544/2072/2343
f 1565/2086/2358 1566/2087/2350 1546/2076/2347 1545/2074/2345
f 1567/2088/2359 1547/2059/2329 1548/2061/2332 1568/2089/2360
f 1568/2089/2360 1548/2061/2332 1549/2063/2334 1569/2090/2361
f 1569/2090/2361 1549/2063/2334 1550/2065/2336 1570/2091/2362
f 1570/2091/2362 1550/2065/2336 1551/2067/2338 1571/2092/2363
f 1571/2092/2363 1551/2067/2338 1552/2165/2340 1572/2163/2364
f 1572/2093/2364 1552/2069/2340 1553/2071/2342 1573/2094/2365
f 1573/2094/2365 1553/2071/2342 1554/2073/2344 1574/2095/2366
f 1574/2095/2366 1554/2073/2344 1555/2075/2346 1575/2096/2367
f 1575/2096/2367 1555/2075/2346 1556/2077/2348 1576/2097/2368
f 1567/2088/2359 1576/2097/2368 1556/2077/2348 1547/2059/2329
f 1567/2088/2359 1587/2149/2369 1596/2140/2370 1576/2097/2368
f 1557/2078/2349 1577/2159/2371 1578/2158/2372 1558/2079/2351
f 1575/2096/2367 1576/2097/2368 1596/2140/2370 1595/2141/2373
f 1574/2095/2366 1575/2096/2367 1595/2141/2373 1594/2142/2374
f 1573/2094/2365 1574/2095/2366 1594/2142/2374 1593/2143/2375
f 1572/2093/2364 1573/2094/2365 1593/2143/2375 1592/2144/2376
f 1571/2092/2363 1572/2163/2364 1592/2160/2376 1591/2145/2377
f 1570/2091/2362 1571/2092/2363 1591/2145/2377 1590/2146/2378
f 1569/2090/2361 1570/2091/2362 1590/2146/2378 1589/2147/2379
f 1568/2089/2360 1569/2090/2361 1589/2147/2379 1588/2148/2380
f 1567/2088/2359 1568/2089/2360 1588/2148/2380 1587/2149/2369
f 1558/2079/2351 1578/2158/2372 1579/2157/2381 1559/2080/2352
f 1559/2080/2352 1579/2157/2381 1580/2156/2382 1560/2081/2353
f 1560/2081/2353 1580/2156/2382 1581/2155/2383 1561/2082/2354
f 1561/2082/2354 1581/2155/2383 1582/2154/2384 1562/2083/2355
f 1562/2162/2355 1582/2161/2384 1583/2153/2385 1563/2084/2356
f 1563/2084/2356 1583/2153/2385 1584/2152/2386 1564/2085/2357
f 1564/2085/2357 1584/2152/2386 1585/2151/2387 1565/2086/2358
f 1565/2086/2358 1585/2151/2387 1586/2150/2388 1566/2087/2350
f 1557/2078/2349 1566/2087/2350 1586/2150/2388 1577/2159/2371
f 1597/2119/2389 1599/2118/2390 1608/2130/2391
f 1599/2118/2390 1577/2099/2371 1586/2117/2388 1608/2130/2391
f 1587/2098/2369 1609/2120/2392 1618/2139/2393 1596/2100/2370
f 1609/2120/2392 1598/2121/2394 1618/2139/2393
f 1577/2099/2371 1599/2118/2390 1600/2122/2395 1578/2109/2372
f 1599/2118/2390 1597/2119/2389 1600/2122/2395
f 1578/2109/2372 1600/2122/2395 1601/2123/2396 1579/2110/2381
f 1600/2122/2395 1597/2119/2389 1601/2123/2396
f 1579/2110/2381 1601/2123/2396 1602/2124/2397 1580/2111/2382
f 1601/2123/2396 1597/2119/2389 1602/2124/2397
f 1580/2111/2382 1602/2124/2397 1603/2125/2398 1581/2112/2383
f 1602/2124/2397 1597/2119/2389 1603/2125/2398
f 1581/2112/2383 1603/2125/2398 1604/2126/2399 1582/2113/2384
f 1603/2125/2398 1597/2119/2389 1604/2126/2399
f 1582/2113/2384 1604/2126/2399 1605/2127/2400 1583/2114/2385
f 1604/2126/2399 1597/2119/2389 1605/2127/2400
f 1583/2114/2385 1605/2127/2400 1606/2128/2401 1584/2115/2386
f 1605/2127/2400 1597/2119/2389 1606/2128/2401
f 1584/2115/2386 1606/2128/2401 1607/2129/2402 1585/2116/2387
f 1606/2128/2401 1597/2119/2389 1607/2129/2402
f 1585/2116/2387 1607/2129/2402 1608/2130/2391 1586/2117/2388
f 1607/2129/2402 1597/2119/2389 1608/2130/2391
f 1598/2121/2394 1609/2120/2392 1610/2131/2403
f 1609/2120/2392 1587/2098/2369 1588/2108/2380 1610/2131/2403
f 1598/2121/2394 1610/2131/2403 1611/2132/2404
f 1610/2131/2403 1588/2108/2380 1589/2107/2379 1611/2132/2404
f 1598/2121/2394 1611/2132/2404 1612/2133/2405
f 1611/2132/2404 1589/2107/2379 1590/2106/2378 1612/2133/2405
f 1598/2121/2394 1612/2133/2405 1613/2134/2406
f 1612/2133/2405 1590/2106/2378 1591/2105/2377 1613/2134/2406
f 1598/2121/2394 1613/2134/2406 1614/2135/2407
f 1613/2134/2406 1591/2105/2377 1592/2104/2376 1614/2135/2407
f 1598/2121/2394 1614/2135/2407 1615/2136/2408
f 1614/2135/2407 1592/2104/2376 1593/2103/2375 1615/2136/2408
f 1598/2121/2394 1615/2136/2408 1616/2137/2409
f 1615/2136/2408 1593/2103/2375 1594/2102/2374 1616/2137/2409
f 1598/2121/2394 1616/2137/2409 1617/2138/2410
f 1616/2137/2409 1594/2102/2374 1595/2101/2373 1617/2138/2410
f 1598/2121/2394 1617/2138/2410 1618/2139/2393
f 1617/2138/2410 1595/2101/2373 1596/2100/2370 1618/2139/2393
g default
v 376.865060 178.014060 170.325317
v 375.672523 178.014060 165.959438
v 372.141524 178.014060 163.128255
v 367.620802 178.014060 162.913311
v 363.837056 178.014060 165.396618
v 362.235614 178.014060 169.629678
v 363.428150 178.014060 173.995564
v 366.959164 178.014060 176.826735
v 371.479922 178.014060 177.041729
v 375.263669 178.014060 174.558422
v 376.865060 204.506072 170.325317
v 375.672523 204.506072 165.959438
v 372.141524 204.506072 163.128255
v 367.620802 204.506072 162.913311
v 363.837056 204.506072 165.396618
v 362.235614 204.506072 169.629678
v 363.428150 204.506072 173.995564
v 366.959164 204.506072 176.826735
v 371.479922 204.506072 177.041729
v 375.263669 204.506072 174.558422
v 376.263867 175.868423 170.296762
v 375.169345 175.868423 166.289701
v 371.928533 175.868423 163.691245
v 367.779360 175.868423 163.493955
v 364.306655 175.868423 165.773157
v 362.836823 175.868423 169.658220
v 363.931366 175.868423 173.665345
v 367.172154 175.868423 176.263751
v 371.321300 175.868423 176.461045
v 374.794018 175.868423 174.181846
v 376.263867 206.651687 170.296762
v 375.169345 206.651687 166.289701
v 371.928533 206.651687 163.691245
v 367.779360 206.651687 163.493955
v 364.306655 206.651687 165.773157
v 362.836823 206.651687 169.658220
v 363.931366 206.651687 173.665345
v 367.172154 206.651687 176.263751
v 371.321300 206.651687 176.461045
v 374.794018 206.651687 174.181846
v 375.662569 175.868423 170.268123
v 374.666086 175.868423 166.619938
v 371.715544 175.868423 164.254221
v 367.937974 175.868423 164.074577
v 364.776255 175.868423 166.149687
v 363.438106 175.868423 169.686864
v 364.434573 175.868423 173.335063
v 367.385115 175.868423 175.700787
v 371.162715 175.868423 175.880405
v 374.324419 175.868423 173.805308
v 375.662569 206.651687 170.268123
v 374.666086 206.651687 166.619938
v 371.715544 206.651687 164.254221
v 367.937974 206.651687 164.074577
v 364.776255 206.651687 166.149687
v 363.438106 206.651687 169.686864
v 364.434573 206.651687 173.335063
v 367.385115 206.651687 175.700787
v 371.162715 206.651687 175.880405
v 374.324419 206.651687 173.805308
v 369.550351 176.634864 169.977492
v 369.550351 205.885253 169.977492
v 375.532081 176.385597 170.261936
v 374.556852 176.385597 166.691605
v 371.669320 176.385597 164.376436
v 367.972399 176.385597 164.200627
v 364.878209 176.385597 166.231422
v 363.568607 176.385597 169.693053
v 364.543836 176.385597 173.263384
v 367.431354 176.385597 175.578559
v 371.128289 176.385597 175.754362
v 374.222466 176.385597 173.723572
v 375.532081 206.134521 170.261936
v 374.556852 206.134521 166.691605
v 371.669320 206.134521 164.376436
v 367.972399 206.134521 164.200627
v 364.878209 206.134521 166.231422
v 363.568607 206.134521 169.693053
v 364.543836 206.134521 173.263384
v 367.431354 206.134521 175.578559
v 371.128289 206.134521 175.754362
v 374.222466 206.134521 173.723572
vt 0.221994 0.496632
vt 0.163036 0.496632
vt 0.221994 0.508154
vt 0.163036 0.508154
vt 0.221994 0.519653
vt 0.163036 0.519653
vt 0.221994 0.531095
vt 0.163036 0.531095
vt 0.221994 0.542350
vt 0.163036 0.542350
vt 0.221994 0.553614
vt 0.163036 0.439760
vt 0.221994 0.450931
vt 0.163036 0.450931
vt 0.221994 0.462187
vt 0.163036 0.462187
vt 0.221994 0.473630
vt 0.163036 0.473630
vt 0.221994 0.485134
vt 0.163036 0.485134
vt 0.226862 0.496632
vt 0.226862 0.508154
vt 0.226862 0.519653
vt 0.226862 0.531095
vt 0.226862 0.542350
vt 0.226862 0.553614
vt 0.226862 0.450931
vt 0.226862 0.462187
vt 0.226862 0.473630
vt 0.226862 0.485134
vt 0.158126 0.496632
vt 0.158126 0.508154
vt 0.158126 0.519653
vt 0.158126 0.531095
vt 0.158126 0.542350
vt 0.158126 0.439760
vt 0.158126 0.450931
vt 0.158126 0.462187
vt 0.158126 0.473630
vt 0.158126 0.485134
vt 0.258188 0.076279
vt 0.407045 0.271537
vt 0.264295 0.067875
vt 0.264297 0.057486
vt 0.258191 0.049080
vt 0.248311 0.045869
vt 0.238431 0.049078
vt 0.232323 0.057482
vt 0.232321 0.067871
vt 0.238427 0.076276
vt 0.248307 0.079488
vt 0.403834 0.261657
vt 0.395429 0.255551
vt 0.385040 0.255552
vt 0.376635 0.261659
vt 0.373426 0.271540
vt 0.376637 0.281420
vt 0.385043 0.287526
vt 0.395432 0.287525
vt 0.403836 0.281418
vt 0.405874 0.271530
vt 0.390236 0.271539
vt 0.257505 0.075327
vt 0.248309 0.062678
vt 0.402882 0.262340
vt 0.395060 0.256663
vt 0.385395 0.256669
vt 0.377579 0.262354
vt 0.374598 0.271547
vt 0.377589 0.280737
vt 0.385411 0.286414
vt 0.395076 0.286409
vt 0.402892 0.280723
vt 0.248314 0.078316
vt 0.239121 0.075333
vt 0.233438 0.067515
vt 0.233435 0.057851
vt 0.239113 0.050030
vt 0.248304 0.047040
vt 0.257497 0.050024
vt 0.263180 0.057841
vt 0.263183 0.067506
vt 0.156730 0.485134
vt 0.156730 0.473630
vt 0.156730 0.462188
vt 0.156730 0.450931
vt 0.156730 0.441473
vt 0.156730 0.542350
vt 0.156730 0.531095
vt 0.156730 0.519653
vt 0.156730 0.508154
vt 0.156730 0.496631
vt 0.228265 0.485134
vt 0.228265 0.473630
vt 0.228265 0.462187
vt 0.228265 0.450931
vt 0.228265 0.552014
vt 0.228265 0.542350
vt 0.228265 0.531095
vt 0.228265 0.519653
vt 0.228265 0.508154
vt 0.228265 0.496631
vt 0.156730 0.551378
vt 0.228265 0.442086
vt 0.226862 0.439760
vt 0.158126 0.553614
vt 0.221994 0.439760
vt 0.163036 0.553614
vn 0.998687 0.019211 0.047484
vn 0.998687 -0.019211 0.047485
vn 0.835869 -0.019211 -0.548593
vn 0.835869 0.019211 -0.548593
vn 0.353779 -0.019212 -0.935132
vn 0.353779 0.019212 -0.935132
vn -0.263448 -0.019211 -0.964482
vn -0.263448 0.019211 -0.964482
vn -0.780039 -0.019211 -0.625436
vn -0.780039 0.019211 -0.625436
vn -0.998687 -0.019211 -0.047490
vn -0.998687 0.019211 -0.047490
vn -0.835868 -0.019211 0.548594
vn -0.835868 0.019211 0.548594
vn -0.353781 -0.019211 0.935131
vn -0.353781 0.019211 0.935131
vn 0.263442 -0.019213 0.964484
vn 0.263442 0.019213 0.964484
vn 0.780044 -0.019212 0.625430
vn 0.780044 0.019212 0.625430
vn 0.902133 -0.429320 0.042901
vn 0.704621 -0.429332 0.564963
vn 0.755058 -0.429315 -0.495556
vn 0.319574 -0.429317 -0.844725
vn -0.237981 -0.429315 -0.871237
vn -0.704626 -0.429314 -0.564970
vn -0.902135 -0.429316 -0.042902
vn -0.755056 -0.429313 0.495561
vn -0.319574 -0.429317 0.844725
vn 0.237973 -0.429329 0.871232
vn 0.902131 0.429324 0.042900
vn 0.755058 0.429318 -0.495554
vn 0.319574 0.429320 -0.844723
vn -0.237982 0.429318 -0.871235
vn -0.704626 0.429317 -0.564968
vn -0.902134 0.429318 -0.042902
vn -0.755055 0.429316 0.495559
vn -0.319573 0.429320 0.844723
vn 0.237974 0.429332 0.871230
vn 0.704619 0.429336 0.564963
vn -0.483260 0.875176 -0.022977
vn -0.377465 0.875172 -0.302645
vn -0.483271 -0.875169 -0.022977
vn -0.404488 -0.875167 0.265466
vn -0.127488 0.875167 -0.466723
vn 0.171194 0.875169 -0.452518
vn 0.404484 0.875171 -0.265459
vn 0.483268 0.875171 0.022978
vn 0.377463 0.875172 0.302647
vn 0.127483 0.875167 0.466723
vn -0.171186 0.875166 0.452527
vn -0.404474 0.875173 0.265467
vn -0.171198 -0.875162 0.452529
vn 0.127486 -0.875163 0.466729
vn 0.377475 -0.875166 0.302651
vn 0.483274 -0.875168 0.022977
vn 0.404488 -0.875168 -0.265462
vn 0.171199 -0.875166 -0.452522
vn -0.127483 -0.875164 -0.466729
vn -0.377468 -0.875169 -0.302649
vn 0.000000 -1.000000 0.000000
vn -0.247348 -0.968855 -0.011763
vn -0.193195 -0.968855 -0.154904
vn -0.247345 0.968856 -0.011763
vn -0.193194 0.968856 -0.154902
vn -0.000000 1.000000 0.000000
vn -0.207022 -0.968855 0.135875
vn -0.087623 -0.968855 0.231608
vn 0.065248 -0.968855 0.238878
vn 0.193196 -0.968855 0.154904
vn 0.247346 -0.968856 0.011763
vn 0.207020 -0.968856 -0.135874
vn 0.087620 -0.968855 -0.231609
vn -0.065248 -0.968855 -0.238878
vn -0.207023 0.968855 0.135873
vn -0.087622 0.968856 0.231606
vn 0.065250 0.968856 0.238875
vn 0.193193 0.968856 0.154902
vn 0.247345 0.968856 0.011763
vn 0.207019 0.968856 -0.135873
vn 0.087620 0.968856 -0.231606
vn -0.065249 0.968856 -0.238875
s 1
g S_U_14 group1 Cans_Atonofcans Can_Beast_11
usemtl S_P29_01_aiStandardSurface5SG
f 1629/2167/2411 1619/2166/2412 1620/2168/2413 1630/2169/2414
f 1630/2169/2414 1620/2168/2413 1621/2170/2415 1631/2171/2416
f 1631/2171/2416 1621/2170/2415 1622/2172/2417 1632/2173/2418
f 1632/2173/2418 1622/2172/2417 1623/2174/2419 1633/2175/2420
f 1633/2175/2420 1623/2174/2419 1624/2176/2421 1634/2273/2422
f 1634/2177/2422 1624/2272/2421 1625/2178/2423 1635/2179/2424
f 1635/2179/2424 1625/2178/2423 1626/2180/2425 1636/2181/2426
f 1636/2181/2426 1626/2180/2425 1627/2182/2427 1637/2183/2428
f 1637/2183/2428 1627/2182/2427 1628/2184/2429 1638/2185/2430
f 1629/2167/2411 1638/2185/2430 1628/2184/2429 1619/2166/2412
f 1639/2186/2431 1619/2166/2412 1628/2184/2429 1648/2195/2432
f 1639/2186/2431 1640/2187/2433 1620/2168/2413 1619/2166/2412
f 1640/2187/2433 1641/2188/2434 1621/2170/2415 1620/2168/2413
f 1641/2188/2434 1642/2189/2435 1622/2172/2417 1621/2170/2415
f 1642/2189/2435 1643/2190/2436 1623/2174/2419 1622/2172/2417
f 1643/2190/2436 1644/2191/2437 1624/2176/2421 1623/2174/2419
f 1644/2270/2437 1645/2192/2438 1625/2178/2423 1624/2272/2421
f 1645/2192/2438 1646/2193/2439 1626/2180/2425 1625/2178/2423
f 1646/2193/2439 1647/2194/2440 1627/2182/2427 1626/2180/2425
f 1647/2194/2440 1648/2195/2432 1628/2184/2429 1627/2182/2427
f 1649/2196/2441 1629/2167/2411 1630/2169/2414 1650/2197/2442
f 1650/2197/2442 1630/2169/2414 1631/2171/2416 1651/2198/2443
f 1651/2198/2443 1631/2171/2416 1632/2173/2418 1652/2199/2444
f 1652/2199/2444 1632/2173/2418 1633/2175/2420 1653/2200/2445
f 1653/2200/2445 1633/2175/2420 1634/2273/2422 1654/2271/2446
f 1654/2201/2446 1634/2177/2422 1635/2179/2424 1655/2202/2447
f 1655/2202/2447 1635/2179/2424 1636/2181/2426 1656/2203/2448
f 1656/2203/2448 1636/2181/2426 1637/2183/2428 1657/2204/2449
f 1657/2204/2449 1637/2183/2428 1638/2185/2430 1658/2205/2450
f 1649/2196/2441 1658/2205/2450 1638/2185/2430 1629/2167/2411
f 1649/2196/2441 1669/2257/2451 1678/2248/2452 1658/2205/2450
f 1639/2186/2431 1659/2267/2453 1660/2266/2454 1640/2187/2433
f 1657/2204/2449 1658/2205/2450 1678/2248/2452 1677/2249/2455
f 1656/2203/2448 1657/2204/2449 1677/2249/2455 1676/2250/2456
f 1655/2202/2447 1656/2203/2448 1676/2250/2456 1675/2251/2457
f 1654/2201/2446 1655/2202/2447 1675/2251/2457 1674/2252/2458
f 1653/2200/2445 1654/2271/2446 1674/2268/2458 1673/2253/2459
f 1652/2199/2444 1653/2200/2445 1673/2253/2459 1672/2254/2460
f 1651/2198/2443 1652/2199/2444 1672/2254/2460 1671/2255/2461
f 1650/2197/2442 1651/2198/2443 1671/2255/2461 1670/2256/2462
f 1649/2196/2441 1650/2197/2442 1670/2256/2462 1669/2257/2451
f 1640/2187/2433 1660/2266/2454 1661/2265/2463 1641/2188/2434
f 1641/2188/2434 1661/2265/2463 1662/2264/2464 1642/2189/2435
f 1642/2189/2435 1662/2264/2464 1663/2263/2465 1643/2190/2436
f 1643/2190/2436 1663/2263/2465 1664/2262/2466 1644/2191/2437
f 1644/2270/2437 1664/2269/2466 1665/2261/2467 1645/2192/2438
f 1645/2192/2438 1665/2261/2467 1666/2260/2468 1646/2193/2439
f 1646/2193/2439 1666/2260/2468 1667/2259/2469 1647/2194/2440
f 1647/2194/2440 1667/2259/2469 1668/2258/2470 1648/2195/2432
f 1639/2186/2431 1648/2195/2432 1668/2258/2470 1659/2267/2453
f 1679/2227/2471 1681/2226/2472 1690/2238/2473
f 1681/2226/2472 1659/2207/2453 1668/2225/2470 1690/2238/2473
f 1669/2206/2451 1691/2228/2474 1700/2247/2475 1678/2208/2452
f 1691/2228/2474 1680/2229/2476 1700/2247/2475
f 1659/2207/2453 1681/2226/2472 1682/2230/2477 1660/2217/2454
f 1681/2226/2472 1679/2227/2471 1682/2230/2477
f 1660/2217/2454 1682/2230/2477 1683/2231/2478 1661/2218/2463
f 1682/2230/2477 1679/2227/2471 1683/2231/2478
f 1661/2218/2463 1683/2231/2478 1684/2232/2479 1662/2219/2464
f 1683/2231/2478 1679/2227/2471 1684/2232/2479
f 1662/2219/2464 1684/2232/2479 1685/2233/2480 1663/2220/2465
f 1684/2232/2479 1679/2227/2471 1685/2233/2480
f 1663/2220/2465 1685/2233/2480 1686/2234/2481 1664/2221/2466
f 1685/2233/2480 1679/2227/2471 1686/2234/2481
f 1664/2221/2466 1686/2234/2481 1687/2235/2482 1665/2222/2467
f 1686/2234/2481 1679/2227/2471 1687/2235/2482
f 1665/2222/2467 1687/2235/2482 1688/2236/2483 1666/2223/2468
f 1687/2235/2482 1679/2227/2471 1688/2236/2483
f 1666/2223/2468 1688/2236/2483 1689/2237/2484 1667/2224/2469
f 1688/2236/2483 1679/2227/2471 1689/2237/2484
f 1667/2224/2469 1689/2237/2484 1690/2238/2473 1668/2225/2470
f 1689/2237/2484 1679/2227/2471 1690/2238/2473
f 1680/2229/2476 1691/2228/2474 1692/2239/2485
f 1691/2228/2474 1669/2206/2451 1670/2216/2462 1692/2239/2485
f 1680/2229/2476 1692/2239/2485 1693/2240/2486
f 1692/2239/2485 1670/2216/2462 1671/2215/2461 1693/2240/2486
f 1680/2229/2476 1693/2240/2486 1694/2241/2487
f 1693/2240/2486 1671/2215/2461 1672/2214/2460 1694/2241/2487
f 1680/2229/2476 1694/2241/2487 1695/2242/2488
f 1694/2241/2487 1672/2214/2460 1673/2213/2459 1695/2242/2488
f 1680/2229/2476 1695/2242/2488 1696/2243/2489
f 1695/2242/2488 1673/2213/2459 1674/2212/2458 1696/2243/2489
f 1680/2229/2476 1696/2243/2489 1697/2244/2490
f 1696/2243/2489 1674/2212/2458 1675/2211/2457 1697/2244/2490
f 1680/2229/2476 1697/2244/2490 1698/2245/2491
f 1697/2244/2490 1675/2211/2457 1676/2210/2456 1698/2245/2491
f 1680/2229/2476 1698/2245/2491 1699/2246/2492
f 1698/2245/2491 1676/2210/2456 1677/2209/2455 1699/2246/2492
f 1680/2229/2476 1699/2246/2492 1700/2247/2475
f 1699/2246/2492 1677/2209/2455 1678/2208/2452 1700/2247/2475
g default
v 396.947478 178.014060 170.325317
v 395.754942 178.014060 165.959438
v 392.223943 178.014060 163.128255
v 387.703221 178.014060 162.913311
v 383.919475 178.014060 165.396618
v 382.318032 178.014060 169.629678
v 383.510568 178.014060 173.995564
v 387.041583 178.014060 176.826735
v 391.562341 178.014060 177.041729
v 395.346087 178.014060 174.558422
v 396.947478 204.506072 170.325317
v 395.754942 204.506072 165.959438
v 392.223943 204.506072 163.128255
v 387.703221 204.506072 162.913311
v 383.919475 204.506072 165.396618
v 382.318032 204.506072 169.629678
v 383.510568 204.506072 173.995564
v 387.041583 204.506072 176.826735
v 391.562341 204.506072 177.041729
v 395.346087 204.506072 174.558422
v 396.346285 175.868423 170.296762
v 395.251763 175.868423 166.289701
v 392.010951 175.868423 163.691245
v 387.861779 175.868423 163.493955
v 384.389074 175.868423 165.773157
v 382.919242 175.868423 169.658220
v 384.013784 175.868423 173.665345
v 387.254573 175.868423 176.263751
v 391.403718 175.868423 176.461045
v 394.876437 175.868423 174.181846
v 396.346285 206.651687 170.296762
v 395.251763 206.651687 166.289701
v 392.010951 206.651687 163.691245
v 387.861779 206.651687 163.493955
v 384.389074 206.651687 165.773157
v 382.919242 206.651687 169.658220
v 384.013784 206.651687 173.665345
v 387.254573 206.651687 176.263751
v 391.403718 206.651687 176.461045
v 394.876437 206.651687 174.181846
v 395.744988 175.868423 170.268123
v 394.748505 175.868423 166.619938
v 391.797962 175.868423 164.254221
v 388.020392 175.868423 164.074577
v 384.858674 175.868423 166.149687
v 383.520524 175.868423 169.686864
v 384.516992 175.868423 173.335063
v 387.467533 175.868423 175.700787
v 391.245133 175.868423 175.880405
v 394.406837 175.868423 173.805308
v 395.744988 206.651687 170.268123
v 394.748505 206.651687 166.619938
v 391.797962 206.651687 164.254221
v 388.020392 206.651687 164.074577
v 384.858674 206.651687 166.149687
v 383.520524 206.651687 169.686864
v 384.516992 206.651687 173.335063
v 387.467533 206.651687 175.700787
v 391.245133 206.651687 175.880405
v 394.406837 206.651687 173.805308
v 389.632769 176.634864 169.977492
v 389.632769 205.885253 169.977492
v 395.614499 176.385597 170.261936
v 394.639270 176.385597 166.691605
v 391.751738 176.385597 164.376436
v 388.054817 176.385597 164.200627
v 384.960627 176.385597 166.231422
v 383.651025 176.385597 169.693053
v 384.626255 176.385597 173.263384
v 387.513773 176.385597 175.578559
v 391.210707 176.385597 175.754362
v 394.304884 176.385597 173.723572
v 395.614499 206.134521 170.261936
v 394.639270 206.134521 166.691605
v 391.751738 206.134521 164.376436
v 388.054817 206.134521 164.200627
v 384.960627 206.134521 166.231422
v 383.651025 206.134521 169.693053
v 384.626255 206.134521 173.263384
v 387.513773 206.134521 175.578559
v 391.210707 206.134521 175.754362
v 394.304884 206.134521 173.723572
vt 0.221994 0.496632
vt 0.163036 0.496632
vt 0.221994 0.508154
vt 0.163036 0.508154
vt 0.221994 0.519653
vt 0.163036 0.519653
vt 0.221994 0.531095
vt 0.163036 0.531095
vt 0.221994 0.542350
vt 0.163036 0.542350
vt 0.221994 0.553614
vt 0.163036 0.439760
vt 0.221994 0.450931
vt 0.163036 0.450931
vt 0.221994 0.462187
vt 0.163036 0.462187
vt 0.221994 0.473630
vt 0.163036 0.473630
vt 0.221994 0.485134
vt 0.163036 0.485134
vt 0.226862 0.496632
vt 0.226862 0.508154
vt 0.226862 0.519653
vt 0.226862 0.531095
vt 0.226862 0.542350
vt 0.226862 0.553614
vt 0.226862 0.450931
vt 0.226862 0.462187
vt 0.226862 0.473630
vt 0.226862 0.485134
vt 0.158126 0.496632
vt 0.158126 0.508154
vt 0.158126 0.519653
vt 0.158126 0.531095
vt 0.158126 0.542350
vt 0.158126 0.439760
vt 0.158126 0.450931
vt 0.158126 0.462187
vt 0.158126 0.473630
vt 0.158126 0.485134
vt 0.258188 0.076279
vt 0.407045 0.271537
vt 0.264295 0.067875
vt 0.264297 0.057486
vt 0.258191 0.049080
vt 0.248311 0.045869
vt 0.238431 0.049078
vt 0.232323 0.057482
vt 0.232321 0.067871
vt 0.238427 0.076276
vt 0.248307 0.079488
vt 0.403834 0.261657
vt 0.395429 0.255551
vt 0.385040 0.255552
vt 0.376635 0.261659
vt 0.373426 0.271540
vt 0.376637 0.281420
vt 0.385043 0.287526
vt 0.395432 0.287525
vt 0.403836 0.281418
vt 0.405874 0.271530
vt 0.390236 0.271539
vt 0.257505 0.075327
vt 0.248309 0.062678
vt 0.402882 0.262340
vt 0.395060 0.256663
vt 0.385395 0.256669
vt 0.377579 0.262354
vt 0.374598 0.271547
vt 0.377589 0.280737
vt 0.385411 0.286414
vt 0.395076 0.286409
vt 0.402892 0.280723
vt 0.248314 0.078316
vt 0.239121 0.075333
vt 0.233438 0.067515
vt 0.233435 0.057851
vt 0.239113 0.050030
vt 0.248304 0.047040
vt 0.257497 0.050024
vt 0.263180 0.057841
vt 0.263183 0.067506
vt 0.156730 0.485134
vt 0.156730 0.473630
vt 0.156730 0.462188
vt 0.156730 0.450931
vt 0.156730 0.441473
vt 0.156730 0.542350
vt 0.156730 0.531095
vt 0.156730 0.519653
vt 0.156730 0.508154
vt 0.156730 0.496631
vt 0.228265 0.485134
vt 0.228265 0.473630
vt 0.228265 0.462187
vt 0.228265 0.450931
vt 0.228265 0.552014
vt 0.228265 0.542350
vt 0.228265 0.531095
vt 0.228265 0.519653
vt 0.228265 0.508154
vt 0.228265 0.496631
vt 0.156730 0.551378
vt 0.228265 0.442086
vt 0.226862 0.439760
vt 0.158126 0.553614
vt 0.221994 0.439760
vt 0.163036 0.553614
vn 0.998687 0.019211 0.047484
vn 0.998687 -0.019211 0.047485
vn 0.835869 -0.019211 -0.548593
vn 0.835869 0.019211 -0.548593
vn 0.353779 -0.019212 -0.935132
vn 0.353779 0.019212 -0.935132
vn -0.263448 -0.019211 -0.964482
vn -0.263448 0.019211 -0.964482
vn -0.780039 -0.019211 -0.625436
vn -0.780039 0.019211 -0.625436
vn -0.998687 -0.019211 -0.047490
vn -0.998687 0.019211 -0.047490
vn -0.835868 -0.019211 0.548594
vn -0.835868 0.019211 0.548594
vn -0.353781 -0.019211 0.935131
vn -0.353781 0.019211 0.935131
vn 0.263442 -0.019213 0.964484
vn 0.263442 0.019213 0.964484
vn 0.780044 -0.019212 0.625430
vn 0.780044 0.019212 0.625430
vn 0.902133 -0.429320 0.042901
vn 0.704621 -0.429332 0.564963
vn 0.755058 -0.429315 -0.495556
vn 0.319574 -0.429317 -0.844725
vn -0.237981 -0.429315 -0.871237
vn -0.704626 -0.429314 -0.564970
vn -0.902135 -0.429316 -0.042902
vn -0.755056 -0.429313 0.495561
vn -0.319574 -0.429317 0.844725
vn 0.237973 -0.429329 0.871232
vn 0.902131 0.429324 0.042900
vn 0.755058 0.429318 -0.495554
vn 0.319574 0.429320 -0.844723
vn -0.237982 0.429318 -0.871235
vn -0.704626 0.429317 -0.564968
vn -0.902134 0.429318 -0.042902
vn -0.755055 0.429316 0.495559
vn -0.319573 0.429320 0.844723
vn 0.237974 0.429332 0.871230
vn 0.704619 0.429336 0.564963
vn -0.483260 0.875176 -0.022977
vn -0.377465 0.875172 -0.302645
vn -0.483271 -0.875169 -0.022977
vn -0.404488 -0.875167 0.265466
vn -0.127488 0.875167 -0.466723
vn 0.171194 0.875169 -0.452518
vn 0.404484 0.875171 -0.265459
vn 0.483268 0.875171 0.022978
vn 0.377463 0.875172 0.302647
vn 0.127483 0.875167 0.466723
vn -0.171186 0.875166 0.452527
vn -0.404474 0.875173 0.265467
vn -0.171198 -0.875162 0.452529
vn 0.127486 -0.875163 0.466729
vn 0.377475 -0.875166 0.302651
vn 0.483274 -0.875168 0.022977
vn 0.404488 -0.875168 -0.265462
vn 0.171199 -0.875166 -0.452522
vn -0.127483 -0.875164 -0.466729
vn -0.377468 -0.875169 -0.302649
vn 0.000000 -1.000000 0.000000
vn -0.247348 -0.968855 -0.011763
vn -0.193195 -0.968855 -0.154904
vn -0.247345 0.968856 -0.011763
vn -0.193194 0.968856 -0.154902
vn -0.000000 1.000000 0.000000
vn -0.207022 -0.968855 0.135875
vn -0.087623 -0.968855 0.231608
vn 0.065248 -0.968855 0.238878
vn 0.193196 -0.968855 0.154904
vn 0.247346 -0.968856 0.011763
vn 0.207020 -0.968856 -0.135874
vn 0.087620 -0.968855 -0.231609
vn -0.065248 -0.968855 -0.238878
vn -0.207023 0.968855 0.135873
vn -0.087622 0.968856 0.231606
vn 0.065250 0.968856 0.238875
vn 0.193193 0.968856 0.154902
vn 0.247345 0.968856 0.011763
vn 0.207019 0.968856 -0.135873
vn 0.087620 0.968856 -0.231606
vn -0.065249 0.968856 -0.238875
s 1
g S_U_14 group1 Cans_Atonofcans Can_Beast_12
usemtl S_P29_01_aiStandardSurface5SG
f 1711/2275/2493 1701/2274/2494 1702/2276/2495 1712/2277/2496
f 1712/2277/2496 1702/2276/2495 1703/2278/2497 1713/2279/2498
f 1713/2279/2498 1703/2278/2497 1704/2280/2499 1714/2281/2500
f 1714/2281/2500 1704/2280/2499 1705/2282/2501 1715/2283/2502
f 1715/2283/2502 1705/2282/2501 1706/2284/2503 1716/2381/2504
f 1716/2285/2504 1706/2380/2503 1707/2286/2505 1717/2287/2506
f 1717/2287/2506 1707/2286/2505 1708/2288/2507 1718/2289/2508
f 1718/2289/2508 1708/2288/2507 1709/2290/2509 1719/2291/2510
f 1719/2291/2510 1709/2290/2509 1710/2292/2511 1720/2293/2512
f 1711/2275/2493 1720/2293/2512 1710/2292/2511 1701/2274/2494
f 1721/2294/2513 1701/2274/2494 1710/2292/2511 1730/2303/2514
f 1721/2294/2513 1722/2295/2515 1702/2276/2495 1701/2274/2494
f 1722/2295/2515 1723/2296/2516 1703/2278/2497 1702/2276/2495
f 1723/2296/2516 1724/2297/2517 1704/2280/2499 1703/2278/2497
f 1724/2297/2517 1725/2298/2518 1705/2282/2501 1704/2280/2499
f 1725/2298/2518 1726/2299/2519 1706/2284/2503 1705/2282/2501
f 1726/2378/2519 1727/2300/2520 1707/2286/2505 1706/2380/2503
f 1727/2300/2520 1728/2301/2521 1708/2288/2507 1707/2286/2505
f 1728/2301/2521 1729/2302/2522 1709/2290/2509 1708/2288/2507
f 1729/2302/2522 1730/2303/2514 1710/2292/2511 1709/2290/2509
f 1731/2304/2523 1711/2275/2493 1712/2277/2496 1732/2305/2524
f 1732/2305/2524 1712/2277/2496 1713/2279/2498 1733/2306/2525
f 1733/2306/2525 1713/2279/2498 1714/2281/2500 1734/2307/2526
f 1734/2307/2526 1714/2281/2500 1715/2283/2502 1735/2308/2527
f 1735/2308/2527 1715/2283/2502 1716/2381/2504 1736/2379/2528
f 1736/2309/2528 1716/2285/2504 1717/2287/2506 1737/2310/2529
f 1737/2310/2529 1717/2287/2506 1718/2289/2508 1738/2311/2530
f 1738/2311/2530 1718/2289/2508 1719/2291/2510 1739/2312/2531
f 1739/2312/2531 1719/2291/2510 1720/2293/2512 1740/2313/2532
f 1731/2304/2523 1740/2313/2532 1720/2293/2512 1711/2275/2493
f 1731/2304/2523 1751/2365/2533 1760/2356/2534 1740/2313/2532
f 1721/2294/2513 1741/2375/2535 1742/2374/2536 1722/2295/2515
f 1739/2312/2531 1740/2313/2532 1760/2356/2534 1759/2357/2537
f 1738/2311/2530 1739/2312/2531 1759/2357/2537 1758/2358/2538
f 1737/2310/2529 1738/2311/2530 1758/2358/2538 1757/2359/2539
f 1736/2309/2528 1737/2310/2529 1757/2359/2539 1756/2360/2540
f 1735/2308/2527 1736/2379/2528 1756/2376/2540 1755/2361/2541
f 1734/2307/2526 1735/2308/2527 1755/2361/2541 1754/2362/2542
f 1733/2306/2525 1734/2307/2526 1754/2362/2542 1753/2363/2543
f 1732/2305/2524 1733/2306/2525 1753/2363/2543 1752/2364/2544
f 1731/2304/2523 1732/2305/2524 1752/2364/2544 1751/2365/2533
f 1722/2295/2515 1742/2374/2536 1743/2373/2545 1723/2296/2516
f 1723/2296/2516 1743/2373/2545 1744/2372/2546 1724/2297/2517
f 1724/2297/2517 1744/2372/2546 1745/2371/2547 1725/2298/2518
f 1725/2298/2518 1745/2371/2547 1746/2370/2548 1726/2299/2519
f 1726/2378/2519 1746/2377/2548 1747/2369/2549 1727/2300/2520
f 1727/2300/2520 1747/2369/2549 1748/2368/2550 1728/2301/2521
f 1728/2301/2521 1748/2368/2550 1749/2367/2551 1729/2302/2522
f 1729/2302/2522 1749/2367/2551 1750/2366/2552 1730/2303/2514
f 1721/2294/2513 1730/2303/2514 1750/2366/2552 1741/2375/2535
f 1761/2335/2553 1763/2334/2554 1772/2346/2555
f 1763/2334/2554 1741/2315/2535 1750/2333/2552 1772/2346/2555
f 1751/2314/2533 1773/2336/2556 1782/2355/2557 1760/2316/2534
f 1773/2336/2556 1762/2337/2558 1782/2355/2557
f 1741/2315/2535 1763/2334/2554 1764/2338/2559 1742/2325/2536
f 1763/2334/2554 1761/2335/2553 1764/2338/2559
f 1742/2325/2536 1764/2338/2559 1765/2339/2560 1743/2326/2545
f 1764/2338/2559 1761/2335/2553 1765/2339/2560
f 1743/2326/2545 1765/2339/2560 1766/2340/2561 1744/2327/2546
f 1765/2339/2560 1761/2335/2553 1766/2340/2561
f 1744/2327/2546 1766/2340/2561 1767/2341/2562 1745/2328/2547
f 1766/2340/2561 1761/2335/2553 1767/2341/2562
f 1745/2328/2547 1767/2341/2562 1768/2342/2563 1746/2329/2548
f 1767/2341/2562 1761/2335/2553 1768/2342/2563
f 1746/2329/2548 1768/2342/2563 1769/2343/2564 1747/2330/2549
f 1768/2342/2563 1761/2335/2553 1769/2343/2564
f 1747/2330/2549 1769/2343/2564 1770/2344/2565 1748/2331/2550
f 1769/2343/2564 1761/2335/2553 1770/2344/2565
f 1748/2331/2550 1770/2344/2565 1771/2345/2566 1749/2332/2551
f 1770/2344/2565 1761/2335/2553 1771/2345/2566
f 1749/2332/2551 1771/2345/2566 1772/2346/2555 1750/2333/2552
f 1771/2345/2566 1761/2335/2553 1772/2346/2555
f 1762/2337/2558 1773/2336/2556 1774/2347/2567
f 1773/2336/2556 1751/2314/2533 1752/2324/2544 1774/2347/2567
f 1762/2337/2558 1774/2347/2567 1775/2348/2568
f 1774/2347/2567 1752/2324/2544 1753/2323/2543 1775/2348/2568
f 1762/2337/2558 1775/2348/2568 1776/2349/2569
f 1775/2348/2568 1753/2323/2543 1754/2322/2542 1776/2349/2569
f 1762/2337/2558 1776/2349/2569 1777/2350/2570
f 1776/2349/2569 1754/2322/2542 1755/2321/2541 1777/2350/2570
f 1762/2337/2558 1777/2350/2570 1778/2351/2571
f 1777/2350/2570 1755/2321/2541 1756/2320/2540 1778/2351/2571
f 1762/2337/2558 1778/2351/2571 1779/2352/2572
f 1778/2351/2571 1756/2320/2540 1757/2319/2539 1779/2352/2572
f 1762/2337/2558 1779/2352/2572 1780/2353/2573
f 1779/2352/2572 1757/2319/2539 1758/2318/2538 1780/2353/2573
f 1762/2337/2558 1780/2353/2573 1781/2354/2574
f 1780/2353/2573 1758/2318/2538 1759/2317/2537 1781/2354/2574
f 1762/2337/2558 1781/2354/2574 1782/2355/2557
f 1781/2354/2574 1759/2317/2537 1760/2316/2534 1782/2355/2557
g default
v 416.868509 178.014060 170.325317
v 415.675972 178.014060 165.959438
v 412.144973 178.014060 163.128255
v 407.624252 178.014060 162.913311
v 403.840505 178.014060 165.396618
v 402.239063 178.014060 169.629678
v 403.431599 178.014060 173.995564
v 406.962613 178.014060 176.826735
v 411.483371 178.014060 177.041729
v 415.267118 178.014060 174.558422
v 416.868509 204.506072 170.325317
v 415.675972 204.506072 165.959438
v 412.144973 204.506072 163.128255
v 407.624252 204.506072 162.913311
v 403.840505 204.506072 165.396618
v 402.239063 204.506072 169.629678
v 403.431599 204.506072 173.995564
v 406.962613 204.506072 176.826735
v 411.483371 204.506072 177.041729
v 415.267118 204.506072 174.558422
v 416.267316 175.868423 170.296762
v 415.172794 175.868423 166.289701
v 411.931982 175.868423 163.691245
v 407.782809 175.868423 163.493955
v 404.310104 175.868423 165.773157
v 402.840272 175.868423 169.658220
v 403.934815 175.868423 173.665345
v 407.175603 175.868423 176.263751
v 411.324749 175.868423 176.461045
v 414.797467 175.868423 174.181846
v 416.267316 206.651687 170.296762
v 415.172794 206.651687 166.289701
v 411.931982 206.651687 163.691245
v 407.782809 206.651687 163.493955
v 404.310104 206.651687 165.773157
v 402.840272 206.651687 169.658220
v 403.934815 206.651687 173.665345
v 407.175603 206.651687 176.263751
v 411.324749 206.651687 176.461045
v 414.797467 206.651687 174.181846
v 415.666019 175.868423 170.268123
v 414.669535 175.868423 166.619938
v 411.718993 175.868423 164.254221
v 407.941423 175.868423 164.074577
v 404.779704 175.868423 166.149687
v 403.441555 175.868423 169.686864
v 404.438023 175.868423 173.335063
v 407.388564 175.868423 175.700787
v 411.166164 175.868423 175.880405
v 414.327868 175.868423 173.805308
v 415.666019 206.651687 170.268123
v 414.669535 206.651687 166.619938
v 411.718993 206.651687 164.254221
v 407.941423 206.651687 164.074577
v 404.779704 206.651687 166.149687
v 403.441555 206.651687 169.686864
v 404.438023 206.651687 173.335063
v 407.388564 206.651687 175.700787
v 411.166164 206.651687 175.880405
v 414.327868 206.651687 173.805308
v 409.553800 176.634864 169.977492
v 409.553800 205.885253 169.977492
v 415.535530 176.385597 170.261936
v 414.560301 176.385597 166.691605
v 411.672769 176.385597 164.376436
v 407.975848 176.385597 164.200627
v 404.881658 176.385597 166.231422
v 403.572056 176.385597 169.693053
v 404.547285 176.385597 173.263384
v 407.434804 176.385597 175.578559
v 411.131738 176.385597 175.754362
v 414.225915 176.385597 173.723572
v 415.535530 206.134521 170.261936
v 414.560301 206.134521 166.691605
v 411.672769 206.134521 164.376436
v 407.975848 206.134521 164.200627
v 404.881658 206.134521 166.231422
v 403.572056 206.134521 169.693053
v 404.547285 206.134521 173.263384
v 407.434804 206.134521 175.578559
v 411.131738 206.134521 175.754362
v 414.225915 206.134521 173.723572
vt 0.221994 0.496632
vt 0.163036 0.496632
vt 0.221994 0.508154
vt 0.163036 0.508154
vt 0.221994 0.519653
vt 0.163036 0.519653
vt 0.221994 0.531095
vt 0.163036 0.531095
vt 0.221994 0.542350
vt 0.163036 0.542350
vt 0.221994 0.553614
vt 0.163036 0.439760
vt 0.221994 0.450931
vt 0.163036 0.450931
vt 0.221994 0.462187
vt 0.163036 0.462187
vt 0.221994 0.473630
vt 0.163036 0.473630
vt 0.221994 0.485134
vt 0.163036 0.485134
vt 0.226862 0.496632
vt 0.226862 0.508154
vt 0.226862 0.519653
vt 0.226862 0.531095
vt 0.226862 0.542350
vt 0.226862 0.553614
vt 0.226862 0.450931
vt 0.226862 0.462187
vt 0.226862 0.473630
vt 0.226862 0.485134
vt 0.158126 0.496632
vt 0.158126 0.508154
vt 0.158126 0.519653
vt 0.158126 0.531095
vt 0.158126 0.542350
vt 0.158126 0.439760
vt 0.158126 0.450931
vt 0.158126 0.462187
vt 0.158126 0.473630
vt 0.158126 0.485134
vt 0.258188 0.076279
vt 0.407045 0.271537
vt 0.264295 0.067875
vt 0.264297 0.057486
vt 0.258191 0.049080
vt 0.248311 0.045869
vt 0.238431 0.049078
vt 0.232323 0.057482
vt 0.232321 0.067871
vt 0.238427 0.076276
vt 0.248307 0.079488
vt 0.403834 0.261657
vt 0.395429 0.255551
vt 0.385040 0.255552
vt 0.376635 0.261659
vt 0.373426 0.271540
vt 0.376637 0.281420
vt 0.385043 0.287526
vt 0.395432 0.287525
vt 0.403836 0.281418
vt 0.405874 0.271530
vt 0.390236 0.271539
vt 0.257505 0.075327
vt 0.248309 0.062678
vt 0.402882 0.262340
vt 0.395060 0.256663
vt 0.385395 0.256669
vt 0.377579 0.262354
vt 0.374598 0.271547
vt 0.377589 0.280737
vt 0.385411 0.286414
vt 0.395076 0.286409
vt 0.402892 0.280723
vt 0.248314 0.078316
vt 0.239121 0.075333
vt 0.233438 0.067515
vt 0.233435 0.057851
vt 0.239113 0.050030
vt 0.248304 0.047040
vt 0.257497 0.050024
vt 0.263180 0.057841
vt 0.263183 0.067506
vt 0.156730 0.485134
vt 0.156730 0.473630
vt 0.156730 0.462188
vt 0.156730 0.450931
vt 0.156730 0.441473
vt 0.156730 0.542350
vt 0.156730 0.531095
vt 0.156730 0.519653
vt 0.156730 0.508154
vt 0.156730 0.496631
vt 0.228265 0.485134
vt 0.228265 0.473630
vt 0.228265 0.462187
vt 0.228265 0.450931
vt 0.228265 0.552014
vt 0.228265 0.542350
vt 0.228265 0.531095
vt 0.228265 0.519653
vt 0.228265 0.508154
vt 0.228265 0.496631
vt 0.156730 0.551378
vt 0.228265 0.442086
vt 0.226862 0.439760
vt 0.158126 0.553614
vt 0.221994 0.439760
vt 0.163036 0.553614
vn 0.998687 0.019211 0.047484
vn 0.998687 -0.019211 0.047485
vn 0.835869 -0.019211 -0.548593
vn 0.835869 0.019211 -0.548593
vn 0.353779 -0.019212 -0.935132
vn 0.353779 0.019212 -0.935132
vn -0.263448 -0.019211 -0.964482
vn -0.263448 0.019211 -0.964482
vn -0.780039 -0.019211 -0.625436
vn -0.780039 0.019211 -0.625436
vn -0.998687 -0.019211 -0.047490
vn -0.998687 0.019211 -0.047490
vn -0.835868 -0.019211 0.548594
vn -0.835868 0.019211 0.548594
vn -0.353781 -0.019211 0.935131
vn -0.353781 0.019211 0.935131
vn 0.263442 -0.019213 0.964484
vn 0.263442 0.019213 0.964484
vn 0.780044 -0.019212 0.625430
vn 0.780044 0.019212 0.625430
vn 0.902133 -0.429320 0.042901
vn 0.704621 -0.429332 0.564963
vn 0.755058 -0.429315 -0.495556
vn 0.319574 -0.429317 -0.844725
vn -0.237981 -0.429315 -0.871237
vn -0.704626 -0.429314 -0.564970
vn -0.902135 -0.429316 -0.042902
vn -0.755056 -0.429313 0.495561
vn -0.319574 -0.429317 0.844725
vn 0.237973 -0.429329 0.871232
vn 0.902131 0.429324 0.042900
vn 0.755058 0.429318 -0.495554
vn 0.319574 0.429320 -0.844723
vn -0.237982 0.429318 -0.871235
vn -0.704626 0.429317 -0.564968
vn -0.902134 0.429318 -0.042902
vn -0.755055 0.429316 0.495559
vn -0.319573 0.429320 0.844723
vn 0.237974 0.429332 0.871230
vn 0.704619 0.429336 0.564963
vn -0.483260 0.875176 -0.022977
vn -0.377465 0.875172 -0.302645
vn -0.483271 -0.875169 -0.022977
vn -0.404488 -0.875167 0.265466
vn -0.127488 0.875167 -0.466723
vn 0.171194 0.875169 -0.452518
vn 0.404484 0.875171 -0.265459
vn 0.483268 0.875171 0.022978
vn 0.377463 0.875172 0.302647
vn 0.127483 0.875167 0.466723
vn -0.171186 0.875166 0.452527
vn -0.404474 0.875173 0.265467
vn -0.171198 -0.875162 0.452529
vn 0.127486 -0.875163 0.466729
vn 0.377475 -0.875166 0.302651
vn 0.483274 -0.875168 0.022977
vn 0.404488 -0.875168 -0.265462
vn 0.171199 -0.875166 -0.452522
vn -0.127483 -0.875164 -0.466729
vn -0.377468 -0.875169 -0.302649
vn 0.000000 -1.000000 0.000000
vn -0.247348 -0.968855 -0.011763
vn -0.193195 -0.968855 -0.154904
vn -0.247345 0.968856 -0.011763
vn -0.193194 0.968856 -0.154902
vn -0.000000 1.000000 0.000000
vn -0.207022 -0.968855 0.135875
vn -0.087623 -0.968855 0.231608
vn 0.065248 -0.968855 0.238878
vn 0.193196 -0.968855 0.154904
vn 0.247346 -0.968856 0.011763
vn 0.207020 -0.968856 -0.135874
vn 0.087620 -0.968855 -0.231609
vn -0.065248 -0.968855 -0.238878
vn -0.207023 0.968855 0.135873
vn -0.087622 0.968856 0.231606
vn 0.065250 0.968856 0.238875
vn 0.193193 0.968856 0.154902
vn 0.247345 0.968856 0.011763
vn 0.207019 0.968856 -0.135873
vn 0.087620 0.968856 -0.231606
vn -0.065249 0.968856 -0.238875
s 1
g S_U_14 group1 Cans_Atonofcans Can_Beast_13
usemtl S_P29_01_aiStandardSurface5SG
f 1793/2383/2575 1783/2382/2576 1784/2384/2577 1794/2385/2578
f 1794/2385/2578 1784/2384/2577 1785/2386/2579 1795/2387/2580
f 1795/2387/2580 1785/2386/2579 1786/2388/2581 1796/2389/2582
f 1796/2389/2582 1786/2388/2581 1787/2390/2583 1797/2391/2584
f 1797/2391/2584 1787/2390/2583 1788/2392/2585 1798/2489/2586
f 1798/2393/2586 1788/2488/2585 1789/2394/2587 1799/2395/2588
f 1799/2395/2588 1789/2394/2587 1790/2396/2589 1800/2397/2590
f 1800/2397/2590 1790/2396/2589 1791/2398/2591 1801/2399/2592
f 1801/2399/2592 1791/2398/2591 1792/2400/2593 1802/2401/2594
f 1793/2383/2575 1802/2401/2594 1792/2400/2593 1783/2382/2576
f 1803/2402/2595 1783/2382/2576 1792/2400/2593 1812/2411/2596
f 1803/2402/2595 1804/2403/2597 1784/2384/2577 1783/2382/2576
f 1804/2403/2597 1805/2404/2598 1785/2386/2579 1784/2384/2577
f 1805/2404/2598 1806/2405/2599 1786/2388/2581 1785/2386/2579
f 1806/2405/2599 1807/2406/2600 1787/2390/2583 1786/2388/2581
f 1807/2406/2600 1808/2407/2601 1788/2392/2585 1787/2390/2583
f 1808/2486/2601 1809/2408/2602 1789/2394/2587 1788/2488/2585
f 1809/2408/2602 1810/2409/2603 1790/2396/2589 1789/2394/2587
f 1810/2409/2603 1811/2410/2604 1791/2398/2591 1790/2396/2589
f 1811/2410/2604 1812/2411/2596 1792/2400/2593 1791/2398/2591
f 1813/2412/2605 1793/2383/2575 1794/2385/2578 1814/2413/2606
f 1814/2413/2606 1794/2385/2578 1795/2387/2580 1815/2414/2607
f 1815/2414/2607 1795/2387/2580 1796/2389/2582 1816/2415/2608
f 1816/2415/2608 1796/2389/2582 1797/2391/2584 1817/2416/2609
f 1817/2416/2609 1797/2391/2584 1798/2489/2586 1818/2487/2610
f 1818/2417/2610 1798/2393/2586 1799/2395/2588 1819/2418/2611
f 1819/2418/2611 1799/2395/2588 1800/2397/2590 1820/2419/2612
f 1820/2419/2612 1800/2397/2590 1801/2399/2592 1821/2420/2613
f 1821/2420/2613 1801/2399/2592 1802/2401/2594 1822/2421/2614
f 1813/2412/2605 1822/2421/2614 1802/2401/2594 1793/2383/2575
f 1813/2412/2605 1833/2473/2615 1842/2464/2616 1822/2421/2614
f 1803/2402/2595 1823/2483/2617 1824/2482/2618 1804/2403/2597
f 1821/2420/2613 1822/2421/2614 1842/2464/2616 1841/2465/2619
f 1820/2419/2612 1821/2420/2613 1841/2465/2619 1840/2466/2620
f 1819/2418/2611 1820/2419/2612 1840/2466/2620 1839/2467/2621
f 1818/2417/2610 1819/2418/2611 1839/2467/2621 1838/2468/2622
f 1817/2416/2609 1818/2487/2610 1838/2484/2622 1837/2469/2623
f 1816/2415/2608 1817/2416/2609 1837/2469/2623 1836/2470/2624
f 1815/2414/2607 1816/2415/2608 1836/2470/2624 1835/2471/2625
f 1814/2413/2606 1815/2414/2607 1835/2471/2625 1834/2472/2626
f 1813/2412/2605 1814/2413/2606 1834/2472/2626 1833/2473/2615
f 1804/2403/2597 1824/2482/2618 1825/2481/2627 1805/2404/2598
f 1805/2404/2598 1825/2481/2627 1826/2480/2628 1806/2405/2599
f 1806/2405/2599 1826/2480/2628 1827/2479/2629 1807/2406/2600
f 1807/2406/2600 1827/2479/2629 1828/2478/2630 1808/2407/2601
f 1808/2486/2601 1828/2485/2630 1829/2477/2631 1809/2408/2602
f 1809/2408/2602 1829/2477/2631 1830/2476/2632 1810/2409/2603
f 1810/2409/2603 1830/2476/2632 1831/2475/2633 1811/2410/2604
f 1811/2410/2604 1831/2475/2633 1832/2474/2634 1812/2411/2596
f 1803/2402/2595 1812/2411/2596 1832/2474/2634 1823/2483/2617
f 1843/2443/2635 1845/2442/2636 1854/2454/2637
f 1845/2442/2636 1823/2423/2617 1832/2441/2634 1854/2454/2637
f 1833/2422/2615 1855/2444/2638 1864/2463/2639 1842/2424/2616
f 1855/2444/2638 1844/2445/2640 1864/2463/2639
f 1823/2423/2617 1845/2442/2636 1846/2446/2641 1824/2433/2618
f 1845/2442/2636 1843/2443/2635 1846/2446/2641
f 1824/2433/2618 1846/2446/2641 1847/2447/2642 1825/2434/2627
f 1846/2446/2641 1843/2443/2635 1847/2447/2642
f 1825/2434/2627 1847/2447/2642 1848/2448/2643 1826/2435/2628
f 1847/2447/2642 1843/2443/2635 1848/2448/2643
f 1826/2435/2628 1848/2448/2643 1849/2449/2644 1827/2436/2629
f 1848/2448/2643 1843/2443/2635 1849/2449/2644
f 1827/2436/2629 1849/2449/2644 1850/2450/2645 1828/2437/2630
f 1849/2449/2644 1843/2443/2635 1850/2450/2645
f 1828/2437/2630 1850/2450/2645 1851/2451/2646 1829/2438/2631
f 1850/2450/2645 1843/2443/2635 1851/2451/2646
f 1829/2438/2631 1851/2451/2646 1852/2452/2647 1830/2439/2632
f 1851/2451/2646 1843/2443/2635 1852/2452/2647
f 1830/2439/2632 1852/2452/2647 1853/2453/2648 1831/2440/2633
f 1852/2452/2647 1843/2443/2635 1853/2453/2648
f 1831/2440/2633 1853/2453/2648 1854/2454/2637 1832/2441/2634
f 1853/2453/2648 1843/2443/2635 1854/2454/2637
f 1844/2445/2640 1855/2444/2638 1856/2455/2649
f 1855/2444/2638 1833/2422/2615 1834/2432/2626 1856/2455/2649
f 1844/2445/2640 1856/2455/2649 1857/2456/2650
f 1856/2455/2649 1834/2432/2626 1835/2431/2625 1857/2456/2650
f 1844/2445/2640 1857/2456/2650 1858/2457/2651
f 1857/2456/2650 1835/2431/2625 1836/2430/2624 1858/2457/2651
f 1844/2445/2640 1858/2457/2651 1859/2458/2652
f 1858/2457/2651 1836/2430/2624 1837/2429/2623 1859/2458/2652
f 1844/2445/2640 1859/2458/2652 1860/2459/2653
f 1859/2458/2652 1837/2429/2623 1838/2428/2622 1860/2459/2653
f 1844/2445/2640 1860/2459/2653 1861/2460/2654
f 1860/2459/2653 1838/2428/2622 1839/2427/2621 1861/2460/2654
f 1844/2445/2640 1861/2460/2654 1862/2461/2655
f 1861/2460/2654 1839/2427/2621 1840/2426/2620 1862/2461/2655
f 1844/2445/2640 1862/2461/2655 1863/2462/2656
f 1862/2461/2655 1840/2426/2620 1841/2425/2619 1863/2462/2656
f 1844/2445/2640 1863/2462/2656 1864/2463/2639
f 1863/2462/2656 1841/2425/2619 1842/2424/2616 1864/2463/2639
g default
v 437.664581 178.014060 170.325317
v 436.472044 178.014060 165.959438
v 432.941045 178.014060 163.128255
v 428.420323 178.014060 162.913311
v 424.636577 178.014060 165.396618
v 423.035134 178.014060 169.629678
v 424.227670 178.014060 173.995564
v 427.758685 178.014060 176.826735
v 432.279443 178.014060 177.041729
v 436.063190 178.014060 174.558422
v 437.664581 204.506072 170.325317
v 436.472044 204.506072 165.959438
v 432.941045 204.506072 163.128255
v 428.420323 204.506072 162.913311
v 424.636577 204.506072 165.396618
v 423.035134 204.506072 169.629678
v 424.227670 204.506072 173.995564
v 427.758685 204.506072 176.826735
v 432.279443 204.506072 177.041729
v 436.063190 204.506072 174.558422
v 437.063387 175.868423 170.296762
v 435.968866 175.868423 166.289701
v 432.728054 175.868423 163.691245
v 428.578881 175.868423 163.493955
v 425.106176 175.868423 165.773157
v 423.636344 175.868423 169.658220
v 424.730887 175.868423 173.665345
v 427.971675 175.868423 176.263751
v 432.120821 175.868423 176.461045
v 435.593539 175.868423 174.181846
v 437.063387 206.651687 170.296762
v 435.968866 206.651687 166.289701
v 432.728054 206.651687 163.691245
v 428.578881 206.651687 163.493955
v 425.106176 206.651687 165.773157
v 423.636344 206.651687 169.658220
v 424.730887 206.651687 173.665345
v 427.971675 206.651687 176.263751
v 432.120821 206.651687 176.461045
v 435.593539 206.651687 174.181846
v 436.462090 175.868423 170.268123
v 435.465607 175.868423 166.619938
v 432.515065 175.868423 164.254221
v 428.737495 175.868423 164.074577
v 425.575776 175.868423 166.149687
v 424.237627 175.868423 169.686864
v 425.234094 175.868423 173.335063
v 428.184636 175.868423 175.700787
v 431.962236 175.868423 175.880405
v 435.123940 175.868423 173.805308
v 436.462090 206.651687 170.268123
v 435.465607 206.651687 166.619938
v 432.515065 206.651687 164.254221
v 428.737495 206.651687 164.074577
v 425.575776 206.651687 166.149687
v 424.237627 206.651687 169.686864
v 425.234094 206.651687 173.335063
v 428.184636 206.651687 175.700787
v 431.962236 206.651687 175.880405
v 435.123940 206.651687 173.805308
v 430.349872 176.634864 169.977492
v 430.349872 205.885253 169.977492
v 436.331602 176.385597 170.261936
v 435.356372 176.385597 166.691605
v 432.468841 176.385597 164.376436
v 428.771920 176.385597 164.200627
v 425.677729 176.385597 166.231422
v 424.368128 176.385597 169.693053
v 425.343357 176.385597 173.263384
v 428.230875 176.385597 175.578559
v 431.927809 176.385597 175.754362
v 435.021986 176.385597 173.723572
v 436.331602 206.134521 170.261936
v 435.356372 206.134521 166.691605
v 432.468841 206.134521 164.376436
v 428.771920 206.134521 164.200627
v 425.677729 206.134521 166.231422
v 424.368128 206.134521 169.693053
v 425.343357 206.134521 173.263384
v 428.230875 206.134521 175.578559
v 431.927809 206.134521 175.754362
v 435.021986 206.134521 173.723572
vt 0.221994 0.496632
vt 0.163036 0.496632
vt 0.221994 0.508154
vt 0.163036 0.508154
vt 0.221994 0.519653
vt 0.163036 0.519653
vt 0.221994 0.531095
vt 0.163036 0.531095
vt 0.221994 0.542350
vt 0.163036 0.542350
vt 0.221994 0.553614
vt 0.163036 0.439760
vt 0.221994 0.450931
vt 0.163036 0.450931
vt 0.221994 0.462187
vt 0.163036 0.462187
vt 0.221994 0.473630
vt 0.163036 0.473630
vt 0.221994 0.485134
vt 0.163036 0.485134
vt 0.226862 0.496632
vt 0.226862 0.508154
vt 0.226862 0.519653
vt 0.226862 0.531095
vt 0.226862 0.542350
vt 0.226862 0.553614
vt 0.226862 0.450931
vt 0.226862 0.462187
vt 0.226862 0.473630
vt 0.226862 0.485134
vt 0.158126 0.496632
vt 0.158126 0.508154
vt 0.158126 0.519653
vt 0.158126 0.531095
vt 0.158126 0.542350
vt 0.158126 0.439760
vt 0.158126 0.450931
vt 0.158126 0.462187
vt 0.158126 0.473630
vt 0.158126 0.485134
vt 0.258188 0.076279
vt 0.407045 0.271537
vt 0.264295 0.067875
vt 0.264297 0.057486
vt 0.258191 0.049080
vt 0.248311 0.045869
vt 0.238431 0.049078
vt 0.232323 0.057482
vt 0.232321 0.067871
vt 0.238427 0.076276
vt 0.248307 0.079488
vt 0.403834 0.261657
vt 0.395429 0.255551
vt 0.385040 0.255552
vt 0.376635 0.261659
vt 0.373426 0.271540
vt 0.376637 0.281420
vt 0.385043 0.287526
vt 0.395432 0.287525
vt 0.403836 0.281418
vt 0.405874 0.271530
vt 0.390236 0.271539
vt 0.257505 0.075327
vt 0.248309 0.062678
vt 0.402882 0.262340
vt 0.395060 0.256663
vt 0.385395 0.256669
vt 0.377579 0.262354
vt 0.374598 0.271547
vt 0.377589 0.280737
vt 0.385411 0.286414
vt 0.395076 0.286409
vt 0.402892 0.280723
vt 0.248314 0.078316
vt 0.239121 0.075333
vt 0.233438 0.067515
vt 0.233435 0.057851
vt 0.239113 0.050030
vt 0.248304 0.047040
vt 0.257497 0.050024
vt 0.263180 0.057841
vt 0.263183 0.067506
vt 0.156730 0.485134
vt 0.156730 0.473630
vt 0.156730 0.462188
vt 0.156730 0.450931
vt 0.156730 0.441473
vt 0.156730 0.542350
vt 0.156730 0.531095
vt 0.156730 0.519653
vt 0.156730 0.508154
vt 0.156730 0.496631
vt 0.228265 0.485134
vt 0.228265 0.473630
vt 0.228265 0.462187
vt 0.228265 0.450931
vt 0.228265 0.552014
vt 0.228265 0.542350
vt 0.228265 0.531095
vt 0.228265 0.519653
vt 0.228265 0.508154
vt 0.228265 0.496631
vt 0.156730 0.551378
vt 0.228265 0.442086
vt 0.226862 0.439760
vt 0.158126 0.553614
vt 0.221994 0.439760
vt 0.163036 0.553614
vn 0.998687 0.019211 0.047484
vn 0.998687 -0.019211 0.047485
vn 0.835869 -0.019211 -0.548593
vn 0.835869 0.019211 -0.548593
vn 0.353779 -0.019212 -0.935132
vn 0.353779 0.019212 -0.935132
vn -0.263448 -0.019211 -0.964482
vn -0.263448 0.019211 -0.964482
vn -0.780039 -0.019211 -0.625436
vn -0.780039 0.019211 -0.625436
vn -0.998687 -0.019211 -0.047490
vn -0.998687 0.019211 -0.047490
vn -0.835868 -0.019211 0.548594
vn -0.835868 0.019211 0.548594
vn -0.353781 -0.019211 0.935131
vn -0.353781 0.019211 0.935131
vn 0.263442 -0.019213 0.964484
vn 0.263442 0.019213 0.964484
vn 0.780044 -0.019212 0.625430
vn 0.780044 0.019212 0.625430
vn 0.902133 -0.429320 0.042901
vn 0.704621 -0.429332 0.564963
vn 0.755058 -0.429315 -0.495556
vn 0.319574 -0.429317 -0.844725
vn -0.237981 -0.429315 -0.871237
vn -0.704626 -0.429314 -0.564970
vn -0.902135 -0.429316 -0.042902
vn -0.755056 -0.429313 0.495561
vn -0.319574 -0.429317 0.844725
vn 0.237973 -0.429329 0.871232
vn 0.902131 0.429324 0.042900
vn 0.755058 0.429318 -0.495554
vn 0.319574 0.429320 -0.844723
vn -0.237982 0.429318 -0.871235
vn -0.704626 0.429317 -0.564968
vn -0.902134 0.429318 -0.042902
vn -0.755055 0.429316 0.495559
vn -0.319573 0.429320 0.844723
vn 0.237974 0.429332 0.871230
vn 0.704619 0.429336 0.564963
vn -0.483260 0.875176 -0.022977
vn -0.377465 0.875172 -0.302645
vn -0.483271 -0.875169 -0.022977
vn -0.404488 -0.875167 0.265466
vn -0.127488 0.875167 -0.466723
vn 0.171194 0.875169 -0.452518
vn 0.404484 0.875171 -0.265459
vn 0.483268 0.875171 0.022978
vn 0.377463 0.875172 0.302647
vn 0.127483 0.875167 0.466723
vn -0.171186 0.875166 0.452527
vn -0.404474 0.875173 0.265467
vn -0.171198 -0.875162 0.452529
vn 0.127486 -0.875163 0.466729
vn 0.377475 -0.875166 0.302651
vn 0.483274 -0.875168 0.022977
vn 0.404488 -0.875168 -0.265462
vn 0.171199 -0.875166 -0.452522
vn -0.127483 -0.875164 -0.466729
vn -0.377468 -0.875169 -0.302649
vn 0.000000 -1.000000 0.000000
vn -0.247348 -0.968855 -0.011763
vn -0.193195 -0.968855 -0.154904
vn -0.247345 0.968856 -0.011763
vn -0.193194 0.968856 -0.154902
vn -0.000000 1.000000 0.000000
vn -0.207022 -0.968855 0.135875
vn -0.087623 -0.968855 0.231608
vn 0.065248 -0.968855 0.238878
vn 0.193196 -0.968855 0.154904
vn 0.247346 -0.968856 0.011763
vn 0.207020 -0.968856 -0.135874
vn 0.087620 -0.968855 -0.231609
vn -0.065248 -0.968855 -0.238878
vn -0.207023 0.968855 0.135873
vn -0.087622 0.968856 0.231606
vn 0.065250 0.968856 0.238875
vn 0.193193 0.968856 0.154902
vn 0.247345 0.968856 0.011763
vn 0.207019 0.968856 -0.135873
vn 0.087620 0.968856 -0.231606
vn -0.065249 0.968856 -0.238875
s 1
g S_U_14 group1 Cans_Atonofcans Can_Beast_14
usemtl S_P29_01_aiStandardSurface5SG
f 1875/2491/2657 1865/2490/2658 1866/2492/2659 1876/2493/2660
f 1876/2493/2660 1866/2492/2659 1867/2494/2661 1877/2495/2662
f 1877/2495/2662 1867/2494/2661 1868/2496/2663 1878/2497/2664
f 1878/2497/2664 1868/2496/2663 1869/2498/2665 1879/2499/2666
f 1879/2499/2666 1869/2498/2665 1870/2500/2667 1880/2597/2668
f 1880/2501/2668 1870/2596/2667 1871/2502/2669 1881/2503/2670
f 1881/2503/2670 1871/2502/2669 1872/2504/2671 1882/2505/2672
f 1882/2505/2672 1872/2504/2671 1873/2506/2673 1883/2507/2674
f 1883/2507/2674 1873/2506/2673 1874/2508/2675 1884/2509/2676
f 1875/2491/2657 1884/2509/2676 1874/2508/2675 1865/2490/2658
f 1885/2510/2677 1865/2490/2658 1874/2508/2675 1894/2519/2678
f 1885/2510/2677 1886/2511/2679 1866/2492/2659 1865/2490/2658
f 1886/2511/2679 1887/2512/2680 1867/2494/2661 1866/2492/2659
f 1887/2512/2680 1888/2513/2681 1868/2496/2663 1867/2494/2661
f 1888/2513/2681 1889/2514/2682 1869/2498/2665 1868/2496/2663
f 1889/2514/2682 1890/2515/2683 1870/2500/2667 1869/2498/2665
f 1890/2594/2683 1891/2516/2684 1871/2502/2669 1870/2596/2667
f 1891/2516/2684 1892/2517/2685 1872/2504/2671 1871/2502/2669
f 1892/2517/2685 1893/2518/2686 1873/2506/2673 1872/2504/2671
f 1893/2518/2686 1894/2519/2678 1874/2508/2675 1873/2506/2673
f 1895/2520/2687 1875/2491/2657 1876/2493/2660 1896/2521/2688
f 1896/2521/2688 1876/2493/2660 1877/2495/2662 1897/2522/2689
f 1897/2522/2689 1877/2495/2662 1878/2497/2664 1898/2523/2690
f 1898/2523/2690 1878/2497/2664 1879/2499/2666 1899/2524/2691
f 1899/2524/2691 1879/2499/2666 1880/2597/2668 1900/2595/2692
f 1900/2525/2692 1880/2501/2668 1881/2503/2670 1901/2526/2693
f 1901/2526/2693 1881/2503/2670 1882/2505/2672 1902/2527/2694
f 1902/2527/2694 1882/2505/2672 1883/2507/2674 1903/2528/2695
f 1903/2528/2695 1883/2507/2674 1884/2509/2676 1904/2529/2696
f 1895/2520/2687 1904/2529/2696 1884/2509/2676 1875/2491/2657
f 1895/2520/2687 1915/2581/2697 1924/2572/2698 1904/2529/2696
f 1885/2510/2677 1905/2591/2699 1906/2590/2700 1886/2511/2679
f 1903/2528/2695 1904/2529/2696 1924/2572/2698 1923/2573/2701
f 1902/2527/2694 1903/2528/2695 1923/2573/2701 1922/2574/2702
f 1901/2526/2693 1902/2527/2694 1922/2574/2702 1921/2575/2703
f 1900/2525/2692 1901/2526/2693 1921/2575/2703 1920/2576/2704
f 1899/2524/2691 1900/2595/2692 1920/2592/2704 1919/2577/2705
f 1898/2523/2690 1899/2524/2691 1919/2577/2705 1918/2578/2706
f 1897/2522/2689 1898/2523/2690 1918/2578/2706 1917/2579/2707
f 1896/2521/2688 1897/2522/2689 1917/2579/2707 1916/2580/2708
f 1895/2520/2687 1896/2521/2688 1916/2580/2708 1915/2581/2697
f 1886/2511/2679 1906/2590/2700 1907/2589/2709 1887/2512/2680
f 1887/2512/2680 1907/2589/2709 1908/2588/2710 1888/2513/2681
f 1888/2513/2681 1908/2588/2710 1909/2587/2711 1889/2514/2682
f 1889/2514/2682 1909/2587/2711 1910/2586/2712 1890/2515/2683
f 1890/2594/2683 1910/2593/2712 1911/2585/2713 1891/2516/2684
f 1891/2516/2684 1911/2585/2713 1912/2584/2714 1892/2517/2685
f 1892/2517/2685 1912/2584/2714 1913/2583/2715 1893/2518/2686
f 1893/2518/2686 1913/2583/2715 1914/2582/2716 1894/2519/2678
f 1885/2510/2677 1894/2519/2678 1914/2582/2716 1905/2591/2699
f 1925/2551/2717 1927/2550/2718 1936/2562/2719
f 1927/2550/2718 1905/2531/2699 1914/2549/2716 1936/2562/2719
f 1915/2530/2697 1937/2552/2720 1946/2571/2721 1924/2532/2698
f 1937/2552/2720 1926/2553/2722 1946/2571/2721
f 1905/2531/2699 1927/2550/2718 1928/2554/2723 1906/2541/2700
f 1927/2550/2718 1925/2551/2717 1928/2554/2723
f 1906/2541/2700 1928/2554/2723 1929/2555/2724 1907/2542/2709
f 1928/2554/2723 1925/2551/2717 1929/2555/2724
f 1907/2542/2709 1929/2555/2724 1930/2556/2725 1908/2543/2710
f 1929/2555/2724 1925/2551/2717 1930/2556/2725
f 1908/2543/2710 1930/2556/2725 1931/2557/2726 1909/2544/2711
f 1930/2556/2725 1925/2551/2717 1931/2557/2726
f 1909/2544/2711 1931/2557/2726 1932/2558/2727 1910/2545/2712
f 1931/2557/2726 1925/2551/2717 1932/2558/2727
f 1910/2545/2712 1932/2558/2727 1933/2559/2728 1911/2546/2713
f 1932/2558/2727 1925/2551/2717 1933/2559/2728
f 1911/2546/2713 1933/2559/2728 1934/2560/2729 1912/2547/2714
f 1933/2559/2728 1925/2551/2717 1934/2560/2729
f 1912/2547/2714 1934/2560/2729 1935/2561/2730 1913/2548/2715
f 1934/2560/2729 1925/2551/2717 1935/2561/2730
f 1913/2548/2715 1935/2561/2730 1936/2562/2719 1914/2549/2716
f 1935/2561/2730 1925/2551/2717 1936/2562/2719
f 1926/2553/2722 1937/2552/2720 1938/2563/2731
f 1937/2552/2720 1915/2530/2697 1916/2540/2708 1938/2563/2731
f 1926/2553/2722 1938/2563/2731 1939/2564/2732
f 1938/2563/2731 1916/2540/2708 1917/2539/2707 1939/2564/2732
f 1926/2553/2722 1939/2564/2732 1940/2565/2733
f 1939/2564/2732 1917/2539/2707 1918/2538/2706 1940/2565/2733
f 1926/2553/2722 1940/2565/2733 1941/2566/2734
f 1940/2565/2733 1918/2538/2706 1919/2537/2705 1941/2566/2734
f 1926/2553/2722 1941/2566/2734 1942/2567/2735
f 1941/2566/2734 1919/2537/2705 1920/2536/2704 1942/2567/2735
f 1926/2553/2722 1942/2567/2735 1943/2568/2736
f 1942/2567/2735 1920/2536/2704 1921/2535/2703 1943/2568/2736
f 1926/2553/2722 1943/2568/2736 1944/2569/2737
f 1943/2568/2736 1921/2535/2703 1922/2534/2702 1944/2569/2737
f 1926/2553/2722 1944/2569/2737 1945/2570/2738
f 1944/2569/2737 1922/2534/2702 1923/2533/2701 1945/2570/2738
f 1926/2553/2722 1945/2570/2738 1946/2571/2721
f 1945/2570/2738 1923/2533/2701 1924/2532/2698 1946/2571/2721
g default
v 98.333643 137.373310 167.764095
v 96.278063 137.373310 164.406971
v 92.641798 137.373310 162.899274
v 88.813808 137.373310 163.816859
v 86.256208 137.373310 166.809187
v 85.945978 137.373310 170.733442
v 88.001527 137.373310 174.090476
v 91.637822 137.373310 175.598263
v 95.465824 137.373310 174.680677
v 98.023434 137.373310 171.688335
v 98.333643 156.393185 167.764095
v 96.278063 156.393185 164.406971
v 92.641798 156.393185 162.899274
v 88.813808 156.393185 163.816859
v 86.256208 156.393185 166.809187
v 85.945978 156.393185 170.733442
v 88.001527 156.393185 174.090476
v 91.637822 156.393185 175.598263
v 95.465824 156.393185 174.680677
v 98.023434 156.393185 171.688335
v 97.824542 135.832865 167.886142
v 95.937958 135.832865 164.804980
v 92.600567 135.832865 163.421178
v 89.087200 135.832865 164.263381
v 86.739833 135.832865 167.009778
v 86.455078 135.832865 170.611395
v 88.341684 135.832865 173.692543
v 91.679075 135.832865 175.076344
v 95.192451 135.832865 174.234246
v 97.539778 135.832865 171.487772
v 97.824542 157.933630 167.886142
v 95.937958 157.933630 164.804980
v 92.600567 157.933630 163.421178
v 89.087200 157.933630 164.263381
v 86.739833 157.933630 167.009778
v 86.455078 157.933630 170.611395
v 88.341684 157.933630 173.692543
v 91.679075 157.933630 175.076344
v 95.192451 157.933630 174.234246
v 97.539778 157.933630 171.487772
v 97.315425 135.832865 168.008191
v 95.597757 135.832865 165.202943
v 92.559295 135.832865 163.943123
v 89.360572 135.832865 164.709812
v 87.223410 135.832865 167.210281
v 86.964195 135.832865 170.489346
v 88.681790 135.832865 173.294534
v 91.720304 135.832865 174.554429
v 94.919044 135.832865 173.787738
v 97.056185 135.832865 171.287283
v 97.315425 157.933630 168.008191
v 95.597757 157.933630 165.202943
v 92.559295 157.933630 163.943123
v 89.360572 157.933630 164.709812
v 87.223410 157.933630 167.210281
v 86.964195 157.933630 170.489346
v 88.681790 157.933630 173.294534
v 91.720304 157.933630 174.554429
v 94.919044 157.933630 173.787738
v 97.056185 157.933630 171.287283
v 92.139783 136.383125 169.248725
v 92.139783 157.383370 169.248725
v 97.204912 136.204146 168.034632
v 95.523935 136.204146 165.289296
v 92.550366 136.204146 164.056371
v 89.419876 136.204146 164.806722
v 87.328394 136.204146 167.253788
v 87.074744 136.204146 170.462865
v 88.755707 136.204146 173.208226
v 91.729270 136.204146 174.441152
v 94.859735 136.204146 173.690828
v 96.951236 136.204146 171.243736
v 97.204912 157.562348 168.034632
v 95.523935 157.562348 165.289296
v 92.550366 157.562348 164.056371
v 89.419876 157.562348 164.806722
v 87.328394 157.562348 167.253788
v 87.074744 157.562348 170.462865
v 88.755707 157.562348 173.208226
v 91.729270 157.562348 174.441152
v 94.859735 157.562348 173.690828
v 96.951236 157.562348 171.243736
vt 0.189189 0.064750
vt 0.189189 0.098401
vt 0.195765 0.064750
vt 0.195765 0.098401
vt 0.202329 0.064750
vt 0.202329 0.098401
vt 0.208859 0.064750
vt 0.208859 0.098401
vt 0.215283 0.064750
vt 0.215283 0.098401
vt 0.221712 0.064750
vt 0.156730 0.098401
vt 0.163105 0.064750
vt 0.163105 0.098401
vt 0.169530 0.064750
vt 0.169530 0.098401
vt 0.176061 0.064750
vt 0.176061 0.098401
vt 0.182627 0.064750
vt 0.182627 0.098401
vt 0.189189 0.061972
vt 0.195765 0.061972
vt 0.202329 0.061972
vt 0.208859 0.061972
vt 0.215283 0.061972
vt 0.221712 0.061972
vt 0.163105 0.061972
vt 0.169530 0.061972
vt 0.176061 0.061972
vt 0.182627 0.061972
vt 0.189189 0.101203
vt 0.195765 0.101203
vt 0.202329 0.101203
vt 0.208859 0.101203
vt 0.215283 0.101203
vt 0.156730 0.101203
vt 0.163105 0.101203
vt 0.169530 0.101203
vt 0.176061 0.101203
vt 0.182627 0.101203
vt 0.237006 0.032992
vt 0.306943 0.253598
vt 0.240491 0.028195
vt 0.240492 0.022266
vt 0.237008 0.017468
vt 0.231369 0.015635
vt 0.225729 0.017467
vt 0.222243 0.022263
vt 0.222242 0.028193
vt 0.225727 0.032990
vt 0.231366 0.034823
vt 0.305110 0.247959
vt 0.300313 0.244474
vt 0.294384 0.244475
vt 0.289587 0.247960
vt 0.287755 0.253600
vt 0.289588 0.259239
vt 0.294386 0.262724
vt 0.300315 0.262723
vt 0.305112 0.259237
vt 0.306275 0.253594
vt 0.297349 0.253599
vt 0.236616 0.032448
vt 0.231367 0.025229
vt 0.304567 0.248348
vt 0.300103 0.245109
vt 0.294586 0.245112
vt 0.290126 0.248357
vt 0.288424 0.253604
vt 0.290132 0.258849
vt 0.294596 0.262089
vt 0.300112 0.262086
vt 0.304573 0.258841
vt 0.231370 0.034154
vt 0.226124 0.032452
vt 0.222880 0.027990
vt 0.222878 0.022474
vt 0.226119 0.018010
vt 0.231365 0.016304
vt 0.236611 0.018007
vt 0.239855 0.022468
vt 0.239857 0.027985
vt 0.182627 0.102000
vt 0.176061 0.102000
vt 0.169530 0.102000
vt 0.163105 0.102000
vt 0.157708 0.102000
vt 0.215283 0.102000
vt 0.208859 0.102000
vt 0.202329 0.102000
vt 0.195765 0.102000
vt 0.189189 0.102000
vt 0.182627 0.061172
vt 0.176061 0.061172
vt 0.169530 0.061172
vt 0.163105 0.061172
vt 0.220798 0.061172
vt 0.215283 0.061172
vt 0.208859 0.061172
vt 0.202329 0.061172
vt 0.195765 0.061172
vt 0.189189 0.061172
vt 0.220435 0.102000
vt 0.158057 0.061172
vt 0.156730 0.061972
vt 0.221712 0.101203
vt 0.156730 0.064750
vt 0.221712 0.098401
vn 0.972195 0.023038 -0.233039
vn 0.972195 -0.023039 -0.233039
vn 0.649548 -0.023038 -0.759972
vn 0.649548 0.023038 -0.759971
vn 0.078791 -0.023039 -0.996625
vn 0.078791 0.023039 -0.996625
vn -0.522051 -0.023040 -0.852603
vn -0.522052 0.023040 -0.852603
vn -0.923498 -0.023039 -0.382911
vn -0.923498 0.023039 -0.382911
vn -0.972196 -0.023038 0.233035
vn -0.972196 0.023038 0.233035
vn -0.649548 -0.023038 0.759971
vn -0.649548 0.023038 0.759971
vn -0.078803 -0.023038 0.996624
vn -0.078803 0.023037 0.996624
vn 0.522051 -0.023038 0.852603
vn 0.522052 0.023038 0.852603
vn 0.923498 -0.023039 0.382910
vn 0.923498 0.023039 0.382910
vn 0.843528 -0.497574 -0.202190
vn 0.801273 -0.497577 0.332232
vn 0.563585 -0.497575 -0.659387
vn 0.068363 -0.497576 -0.864722
vn -0.452963 -0.497577 -0.739758
vn -0.801275 -0.497573 -0.332233
vn -0.843532 -0.497567 0.202193
vn -0.563583 -0.497565 0.659396
vn -0.068375 -0.497568 0.864726
vn 0.452958 -0.497570 0.739766
vn 0.843528 0.497574 -0.202190
vn 0.563586 0.497575 -0.659386
vn 0.068364 0.497576 -0.864722
vn -0.452964 0.497577 -0.739757
vn -0.801278 0.497571 -0.332230
vn -0.843533 0.497565 0.202192
vn -0.563584 0.497564 0.659396
vn -0.068376 0.497567 0.864727
vn 0.452961 0.497569 0.739764
vn 0.801275 0.497577 0.332229
vn -0.400848 0.911093 0.096072
vn -0.380764 0.911093 -0.157887
vn -0.400836 -0.911099 0.096071
vn -0.267798 -0.911099 0.313341
vn -0.215236 0.911095 -0.351539
vn 0.032492 0.911094 -0.410915
vn 0.267836 0.911094 -0.313322
vn 0.400839 0.911097 -0.096077
vn 0.380781 0.911088 0.157875
vn 0.215260 0.911082 0.351558
vn -0.032486 0.911086 0.410934
vn -0.267824 0.911091 0.313341
vn -0.032476 -0.911087 0.410933
vn 0.215245 -0.911084 0.351563
vn 0.380784 -0.911087 0.157875
vn 0.400855 -0.911089 -0.096081
vn 0.267836 -0.911094 -0.313324
vn 0.032486 -0.911095 -0.410915
vn -0.215238 -0.911095 -0.351537
vn -0.380764 -0.911093 -0.157886
vn 0.000000 -1.000000 0.000000
vn -0.202116 -0.978162 0.048451
vn -0.191993 -0.978163 -0.079601
vn -0.202114 0.978163 0.048451
vn -0.191990 0.978163 -0.079601
vn -0.000001 1.000000 0.000000
vn -0.135040 -0.978162 0.157997
vn -0.016378 -0.978163 0.207194
vn 0.108536 -0.978162 0.177253
vn 0.191989 -0.978163 0.079608
vn 0.202118 -0.978162 -0.048450
vn 0.135037 -0.978162 -0.158002
vn 0.016382 -0.978163 -0.207193
vn -0.108535 -0.978163 -0.177248
vn -0.135048 0.978161 0.157997
vn -0.016385 0.978163 0.207195
vn 0.108542 0.978162 0.177251
vn 0.191996 0.978162 0.079606
vn 0.202118 0.978162 -0.048449
vn 0.135036 0.978162 -0.158001
vn 0.016377 0.978163 -0.207192
vn -0.108539 0.978163 -0.177248
s 1
g S_U_14 group1 Cans_Atonofcans Can_Guna_01
usemtl S_P29_01_aiStandardSurface5SG
f 1957/2599/2739 1947/2598/2740 1948/2600/2741 1958/2601/2742
f 1958/2601/2742 1948/2600/2741 1949/2602/2743 1959/2603/2744
f 1959/2603/2744 1949/2602/2743 1950/2604/2745 1960/2605/2746
f 1960/2605/2746 1950/2604/2745 1951/2606/2747 1961/2607/2748
f 1961/2607/2748 1951/2606/2747 1952/2608/2749 1962/2705/2750
f 1962/2609/2750 1952/2704/2749 1953/2610/2751 1963/2611/2752
f 1963/2611/2752 1953/2610/2751 1954/2612/2753 1964/2613/2754
f 1964/2613/2754 1954/2612/2753 1955/2614/2755 1965/2615/2756
f 1965/2615/2756 1955/2614/2755 1956/2616/2757 1966/2617/2758
f 1957/2599/2739 1966/2617/2758 1956/2616/2757 1947/2598/2740
f 1967/2618/2759 1947/2598/2740 1956/2616/2757 1976/2627/2760
f 1967/2618/2759 1968/2619/2761 1948/2600/2741 1947/2598/2740
f 1968/2619/2761 1969/2620/2762 1949/2602/2743 1948/2600/2741
f 1969/2620/2762 1970/2621/2763 1950/2604/2745 1949/2602/2743
f 1970/2621/2763 1971/2622/2764 1951/2606/2747 1950/2604/2745
f 1971/2622/2764 1972/2623/2765 1952/2608/2749 1951/2606/2747
f 1972/2702/2765 1973/2624/2766 1953/2610/2751 1952/2704/2749
f 1973/2624/2766 1974/2625/2767 1954/2612/2753 1953/2610/2751
f 1974/2625/2767 1975/2626/2768 1955/2614/2755 1954/2612/2753
f 1975/2626/2768 1976/2627/2760 1956/2616/2757 1955/2614/2755
f 1977/2628/2769 1957/2599/2739 1958/2601/2742 1978/2629/2770
f 1978/2629/2770 1958/2601/2742 1959/2603/2744 1979/2630/2771
f 1979/2630/2771 1959/2603/2744 1960/2605/2746 1980/2631/2772
f 1980/2631/2772 1960/2605/2746 1961/2607/2748 1981/2632/2773
f 1981/2632/2773 1961/2607/2748 1962/2705/2750 1982/2703/2774
f 1982/2633/2774 1962/2609/2750 1963/2611/2752 1983/2634/2775
f 1983/2634/2775 1963/2611/2752 1964/2613/2754 1984/2635/2776
f 1984/2635/2776 1964/2613/2754 1965/2615/2756 1985/2636/2777
f 1985/2636/2777 1965/2615/2756 1966/2617/2758 1986/2637/2778
f 1977/2628/2769 1986/2637/2778 1966/2617/2758 1957/2599/2739
f 1977/2628/2769 1997/2689/2779 2006/2680/2780 1986/2637/2778
f 1967/2618/2759 1987/2699/2781 1988/2698/2782 1968/2619/2761
f 1985/2636/2777 1986/2637/2778 2006/2680/2780 2005/2681/2783
f 1984/2635/2776 1985/2636/2777 2005/2681/2783 2004/2682/2784
f 1983/2634/2775 1984/2635/2776 2004/2682/2784 2003/2683/2785
f 1982/2633/2774 1983/2634/2775 2003/2683/2785 2002/2684/2786
f 1981/2632/2773 1982/2703/2774 2002/2700/2786 2001/2685/2787
f 1980/2631/2772 1981/2632/2773 2001/2685/2787 2000/2686/2788
f 1979/2630/2771 1980/2631/2772 2000/2686/2788 1999/2687/2789
f 1978/2629/2770 1979/2630/2771 1999/2687/2789 1998/2688/2790
f 1977/2628/2769 1978/2629/2770 1998/2688/2790 1997/2689/2779
f 1968/2619/2761 1988/2698/2782 1989/2697/2791 1969/2620/2762
f 1969/2620/2762 1989/2697/2791 1990/2696/2792 1970/2621/2763
f 1970/2621/2763 1990/2696/2792 1991/2695/2793 1971/2622/2764
f 1971/2622/2764 1991/2695/2793 1992/2694/2794 1972/2623/2765
f 1972/2702/2765 1992/2701/2794 1993/2693/2795 1973/2624/2766
f 1973/2624/2766 1993/2693/2795 1994/2692/2796 1974/2625/2767
f 1974/2625/2767 1994/2692/2796 1995/2691/2797 1975/2626/2768
f 1975/2626/2768 1995/2691/2797 1996/2690/2798 1976/2627/2760
f 1967/2618/2759 1976/2627/2760 1996/2690/2798 1987/2699/2781
f 2007/2659/2799 2009/2658/2800 2018/2670/2801
f 2009/2658/2800 1987/2639/2781 1996/2657/2798 2018/2670/2801
f 1997/2638/2779 2019/2660/2802 2028/2679/2803 2006/2640/2780
f 2019/2660/2802 2008/2661/2804 2028/2679/2803
f 1987/2639/2781 2009/2658/2800 2010/2662/2805 1988/2649/2782
f 2009/2658/2800 2007/2659/2799 2010/2662/2805
f 1988/2649/2782 2010/2662/2805 2011/2663/2806 1989/2650/2791
f 2010/2662/2805 2007/2659/2799 2011/2663/2806
f 1989/2650/2791 2011/2663/2806 2012/2664/2807 1990/2651/2792
f 2011/2663/2806 2007/2659/2799 2012/2664/2807
f 1990/2651/2792 2012/2664/2807 2013/2665/2808 1991/2652/2793
f 2012/2664/2807 2007/2659/2799 2013/2665/2808
f 1991/2652/2793 2013/2665/2808 2014/2666/2809 1992/2653/2794
f 2013/2665/2808 2007/2659/2799 2014/2666/2809
f 1992/2653/2794 2014/2666/2809 2015/2667/2810 1993/2654/2795
f 2014/2666/2809 2007/2659/2799 2015/2667/2810
f 1993/2654/2795 2015/2667/2810 2016/2668/2811 1994/2655/2796
f 2015/2667/2810 2007/2659/2799 2016/2668/2811
f 1994/2655/2796 2016/2668/2811 2017/2669/2812 1995/2656/2797
f 2016/2668/2811 2007/2659/2799 2017/2669/2812
f 1995/2656/2797 2017/2669/2812 2018/2670/2801 1996/2657/2798
f 2017/2669/2812 2007/2659/2799 2018/2670/2801
f 2008/2661/2804 2019/2660/2802 2020/2671/2813
f 2019/2660/2802 1997/2638/2779 1998/2648/2790 2020/2671/2813
f 2008/2661/2804 2020/2671/2813 2021/2672/2814
f 2020/2671/2813 1998/2648/2790 1999/2647/2789 2021/2672/2814
f 2008/2661/2804 2021/2672/2814 2022/2673/2815
f 2021/2672/2814 1999/2647/2789 2000/2646/2788 2022/2673/2815
f 2008/2661/2804 2022/2673/2815 2023/2674/2816
f 2022/2673/2815 2000/2646/2788 2001/2645/2787 2023/2674/2816
f 2008/2661/2804 2023/2674/2816 2024/2675/2817
f 2023/2674/2816 2001/2645/2787 2002/2644/2786 2024/2675/2817
f 2008/2661/2804 2024/2675/2817 2025/2676/2818
f 2024/2675/2817 2002/2644/2786 2003/2643/2785 2025/2676/2818
f 2008/2661/2804 2025/2676/2818 2026/2677/2819
f 2025/2676/2818 2003/2643/2785 2004/2642/2784 2026/2677/2819
f 2008/2661/2804 2026/2677/2819 2027/2678/2820
f 2026/2677/2819 2004/2642/2784 2005/2641/2783 2027/2678/2820
f 2008/2661/2804 2027/2678/2820 2028/2679/2803
f 2027/2678/2820 2005/2641/2783 2006/2640/2780 2028/2679/2803
g default
v 118.223998 137.373310 167.764095
v 116.168419 137.373310 164.406971
v 112.532154 137.373310 162.899274
v 108.704164 137.373310 163.816859
v 106.146564 137.373310 166.809187
v 105.836334 137.373310 170.733442
v 107.891882 137.373310 174.090476
v 111.528178 137.373310 175.598263
v 115.356180 137.373310 174.680677
v 117.913790 137.373310 171.688335
v 118.223998 156.393185 167.764095
v 116.168419 156.393185 164.406971
v 112.532154 156.393185 162.899274
v 108.704164 156.393185 163.816859
v 106.146564 156.393185 166.809187
v 105.836334 156.393185 170.733442
v 107.891882 156.393185 174.090476
v 111.528178 156.393185 175.598263
v 115.356180 156.393185 174.680677
v 117.913790 156.393185 171.688335
v 117.714898 135.832865 167.886142
v 115.828313 135.832865 164.804980
v 112.490923 135.832865 163.421178
v 108.977556 135.832865 164.263381
v 106.630189 135.832865 167.009778
v 106.345434 135.832865 170.611395
v 108.232040 135.832865 173.692543
v 111.569431 135.832865 175.076344
v 115.082807 135.832865 174.234246
v 117.430134 135.832865 171.487772
v 117.714898 157.933630 167.886142
v 115.828313 157.933630 164.804980
v 112.490923 157.933630 163.421178
v 108.977556 157.933630 164.263381
v 106.630189 157.933630 167.009778
v 106.345434 157.933630 170.611395
v 108.232040 157.933630 173.692543
v 111.569431 157.933630 175.076344
v 115.082807 157.933630 174.234246
v 117.430134 157.933630 171.487772
v 117.205781 135.832865 168.008191
v 115.488113 135.832865 165.202943
v 112.449651 135.832865 163.943123
v 109.250928 135.832865 164.709812
v 107.113766 135.832865 167.210281
v 106.854551 135.832865 170.489346
v 108.572146 135.832865 173.294534
v 111.610660 135.832865 174.554429
v 114.809400 135.832865 173.787738
v 116.946541 135.832865 171.287283
v 117.205781 157.933630 168.008191
v 115.488113 157.933630 165.202943
v 112.449651 157.933630 163.943123
v 109.250928 157.933630 164.709812
v 107.113766 157.933630 167.210281
v 106.854551 157.933630 170.489346
v 108.572146 157.933630 173.294534
v 111.610660 157.933630 174.554429
v 114.809400 157.933630 173.787738
v 116.946541 157.933630 171.287283
v 112.030139 136.383125 169.248725
v 112.030139 157.383370 169.248725
v 117.095268 136.204146 168.034632
v 115.414291 136.204146 165.289296
v 112.440721 136.204146 164.056371
v 109.310232 136.204146 164.806722
v 107.218750 136.204146 167.253788
v 106.965100 136.204146 170.462865
v 108.646063 136.204146 173.208226
v 111.619626 136.204146 174.441152
v 114.750091 136.204146 173.690828
v 116.841592 136.204146 171.243736
v 117.095268 157.562348 168.034632
v 115.414291 157.562348 165.289296
v 112.440721 157.562348 164.056371
v 109.310232 157.562348 164.806722
v 107.218750 157.562348 167.253788
v 106.965100 157.562348 170.462865
v 108.646063 157.562348 173.208226
v 111.619626 157.562348 174.441152
v 114.750091 157.562348 173.690828
v 116.841592 157.562348 171.243736
vt 0.189189 0.064750
vt 0.189189 0.098401
vt 0.195765 0.064750
vt 0.195765 0.098401
vt 0.202329 0.064750
vt 0.202329 0.098401
vt 0.208859 0.064750
vt 0.208859 0.098401
vt 0.215283 0.064750
vt 0.215283 0.098401
vt 0.221712 0.064750
vt 0.156730 0.098401
vt 0.163105 0.064750
vt 0.163105 0.098401
vt 0.169530 0.064750
vt 0.169530 0.098401
vt 0.176061 0.064750
vt 0.176061 0.098401
vt 0.182627 0.064750
vt 0.182627 0.098401
vt 0.189189 0.061972
vt 0.195765 0.061972
vt 0.202329 0.061972
vt 0.208859 0.061972
vt 0.215283 0.061972
vt 0.221712 0.061972
vt 0.163105 0.061972
vt 0.169530 0.061972
vt 0.176061 0.061972
vt 0.182627 0.061972
vt 0.189189 0.101203
vt 0.195765 0.101203
vt 0.202329 0.101203
vt 0.208859 0.101203
vt 0.215283 0.101203
vt 0.156730 0.101203
vt 0.163105 0.101203
vt 0.169530 0.101203
vt 0.176061 0.101203
vt 0.182627 0.101203
vt 0.237006 0.032992
vt 0.306943 0.253598
vt 0.240491 0.028195
vt 0.240492 0.022266
vt 0.237008 0.017468
vt 0.231369 0.015635
vt 0.225729 0.017467
vt 0.222243 0.022263
vt 0.222242 0.028193
vt 0.225727 0.032990
vt 0.231366 0.034823
vt 0.305110 0.247959
vt 0.300313 0.244474
vt 0.294384 0.244475
vt 0.289587 0.247960
vt 0.287755 0.253600
vt 0.289588 0.259239
vt 0.294386 0.262724
vt 0.300315 0.262723
vt 0.305112 0.259237
vt 0.306275 0.253594
vt 0.297349 0.253599
vt 0.236616 0.032448
vt 0.231367 0.025229
vt 0.304567 0.248348
vt 0.300103 0.245109
vt 0.294586 0.245112
vt 0.290126 0.248357
vt 0.288424 0.253604
vt 0.290132 0.258849
vt 0.294596 0.262089
vt 0.300112 0.262086
vt 0.304573 0.258841
vt 0.231370 0.034154
vt 0.226124 0.032452
vt 0.222880 0.027990
vt 0.222878 0.022474
vt 0.226119 0.018010
vt 0.231365 0.016304
vt 0.236611 0.018007
vt 0.239855 0.022468
vt 0.239857 0.027985
vt 0.182627 0.102000
vt 0.176061 0.102000
vt 0.169530 0.102000
vt 0.163105 0.102000
vt 0.157708 0.102000
vt 0.215283 0.102000
vt 0.208859 0.102000
vt 0.202329 0.102000
vt 0.195765 0.102000
vt 0.189189 0.102000
vt 0.182627 0.061172
vt 0.176061 0.061172
vt 0.169530 0.061172
vt 0.163105 0.061172
vt 0.220798 0.061172
vt 0.215283 0.061172
vt 0.208859 0.061172
vt 0.202329 0.061172
vt 0.195765 0.061172
vt 0.189189 0.061172
vt 0.220435 0.102000
vt 0.158057 0.061172
vt 0.156730 0.061972
vt 0.221712 0.101203
vt 0.156730 0.064750
vt 0.221712 0.098401
vn 0.972195 0.023038 -0.233039
vn 0.972195 -0.023039 -0.233039
vn 0.649548 -0.023038 -0.759972
vn 0.649548 0.023038 -0.759971
vn 0.078791 -0.023039 -0.996625
vn 0.078791 0.023039 -0.996625
vn -0.522051 -0.023040 -0.852603
vn -0.522052 0.023040 -0.852603
vn -0.923498 -0.023039 -0.382911
vn -0.923498 0.023039 -0.382911
vn -0.972196 -0.023038 0.233035
vn -0.972196 0.023038 0.233035
vn -0.649548 -0.023038 0.759971
vn -0.649548 0.023038 0.759971
vn -0.078803 -0.023038 0.996624
vn -0.078803 0.023037 0.996624
vn 0.522051 -0.023038 0.852603
vn 0.522052 0.023038 0.852603
vn 0.923498 -0.023039 0.382910
vn 0.923498 0.023039 0.382910
vn 0.843528 -0.497574 -0.202190
vn 0.801273 -0.497577 0.332232
vn 0.563585 -0.497575 -0.659387
vn 0.068363 -0.497576 -0.864722
vn -0.452963 -0.497577 -0.739758
vn -0.801275 -0.497573 -0.332233
vn -0.843532 -0.497567 0.202193
vn -0.563583 -0.497565 0.659396
vn -0.068375 -0.497568 0.864726
vn 0.452958 -0.497570 0.739766
vn 0.843528 0.497574 -0.202190
vn 0.563586 0.497575 -0.659386
vn 0.068364 0.497576 -0.864722
vn -0.452964 0.497577 -0.739757
vn -0.801278 0.497571 -0.332230
vn -0.843533 0.497565 0.202192
vn -0.563584 0.497564 0.659396
vn -0.068376 0.497567 0.864727
vn 0.452961 0.497569 0.739764
vn 0.801275 0.497577 0.332229
vn -0.400848 0.911093 0.096072
vn -0.380764 0.911093 -0.157887
vn -0.400836 -0.911099 0.096071
vn -0.267798 -0.911099 0.313341
vn -0.215236 0.911095 -0.351539
vn 0.032492 0.911094 -0.410915
vn 0.267836 0.911094 -0.313322
vn 0.400839 0.911097 -0.096077
vn 0.380781 0.911088 0.157875
vn 0.215260 0.911082 0.351558
vn -0.032486 0.911086 0.410934
vn -0.267824 0.911091 0.313341
vn -0.032476 -0.911087 0.410933
vn 0.215245 -0.911084 0.351563
vn 0.380784 -0.911087 0.157875
vn 0.400855 -0.911089 -0.096081
vn 0.267836 -0.911094 -0.313324
vn 0.032486 -0.911095 -0.410915
vn -0.215238 -0.911095 -0.351537
vn -0.380764 -0.911093 -0.157886
vn 0.000000 -1.000000 0.000000
vn -0.202116 -0.978162 0.048451
vn -0.191993 -0.978163 -0.079601
vn -0.202114 0.978163 0.048451
vn -0.191990 0.978163 -0.079601
vn -0.000001 1.000000 0.000000
vn -0.135040 -0.978162 0.157997
vn -0.016378 -0.978163 0.207194
vn 0.108536 -0.978162 0.177253
vn 0.191989 -0.978163 0.079608
vn 0.202118 -0.978162 -0.048450
vn 0.135037 -0.978162 -0.158002
vn 0.016382 -0.978163 -0.207193
vn -0.108535 -0.978163 -0.177248
vn -0.135048 0.978161 0.157997
vn -0.016385 0.978163 0.207195
vn 0.108542 0.978162 0.177251
vn 0.191996 0.978162 0.079606
vn 0.202118 0.978162 -0.048449
vn 0.135036 0.978162 -0.158001
vn 0.016377 0.978163 -0.207192
vn -0.108539 0.978163 -0.177248
s 1
g S_U_14 group1 Cans_Atonofcans Can_Guna_02
usemtl S_P29_01_aiStandardSurface5SG
f 2039/2707/2821 2029/2706/2822 2030/2708/2823 2040/2709/2824
f 2040/2709/2824 2030/2708/2823 2031/2710/2825 2041/2711/2826
f 2041/2711/2826 2031/2710/2825 2032/2712/2827 2042/2713/2828
f 2042/2713/2828 2032/2712/2827 2033/2714/2829 2043/2715/2830
f 2043/2715/2830 2033/2714/2829 2034/2716/2831 2044/2813/2832
f 2044/2717/2832 2034/2812/2831 2035/2718/2833 2045/2719/2834
f 2045/2719/2834 2035/2718/2833 2036/2720/2835 2046/2721/2836
f 2046/2721/2836 2036/2720/2835 2037/2722/2837 2047/2723/2838
f 2047/2723/2838 2037/2722/2837 2038/2724/2839 2048/2725/2840
f 2039/2707/2821 2048/2725/2840 2038/2724/2839 2029/2706/2822
f 2049/2726/2841 2029/2706/2822 2038/2724/2839 2058/2735/2842
f 2049/2726/2841 2050/2727/2843 2030/2708/2823 2029/2706/2822
f 2050/2727/2843 2051/2728/2844 2031/2710/2825 2030/2708/2823
f 2051/2728/2844 2052/2729/2845 2032/2712/2827 2031/2710/2825
f 2052/2729/2845 2053/2730/2846 2033/2714/2829 2032/2712/2827
f 2053/2730/2846 2054/2731/2847 2034/2716/2831 2033/2714/2829
f 2054/2810/2847 2055/2732/2848 2035/2718/2833 2034/2812/2831
f 2055/2732/2848 2056/2733/2849 2036/2720/2835 2035/2718/2833
f 2056/2733/2849 2057/2734/2850 2037/2722/2837 2036/2720/2835
f 2057/2734/2850 2058/2735/2842 2038/2724/2839 2037/2722/2837
f 2059/2736/2851 2039/2707/2821 2040/2709/2824 2060/2737/2852
f 2060/2737/2852 2040/2709/2824 2041/2711/2826 2061/2738/2853
f 2061/2738/2853 2041/2711/2826 2042/2713/2828 2062/2739/2854
f 2062/2739/2854 2042/2713/2828 2043/2715/2830 2063/2740/2855
f 2063/2740/2855 2043/2715/2830 2044/2813/2832 2064/2811/2856
f 2064/2741/2856 2044/2717/2832 2045/2719/2834 2065/2742/2857
f 2065/2742/2857 2045/2719/2834 2046/2721/2836 2066/2743/2858
f 2066/2743/2858 2046/2721/2836 2047/2723/2838 2067/2744/2859
f 2067/2744/2859 2047/2723/2838 2048/2725/2840 2068/2745/2860
f 2059/2736/2851 2068/2745/2860 2048/2725/2840 2039/2707/2821
f 2059/2736/2851 2079/2797/2861 2088/2788/2862 2068/2745/2860
f 2049/2726/2841 2069/2807/2863 2070/2806/2864 2050/2727/2843
f 2067/2744/2859 2068/2745/2860 2088/2788/2862 2087/2789/2865
f 2066/2743/2858 2067/2744/2859 2087/2789/2865 2086/2790/2866
f 2065/2742/2857 2066/2743/2858 2086/2790/2866 2085/2791/2867
f 2064/2741/2856 2065/2742/2857 2085/2791/2867 2084/2792/2868
f 2063/2740/2855 2064/2811/2856 2084/2808/2868 2083/2793/2869
f 2062/2739/2854 2063/2740/2855 2083/2793/2869 2082/2794/2870
f 2061/2738/2853 2062/2739/2854 2082/2794/2870 2081/2795/2871
f 2060/2737/2852 2061/2738/2853 2081/2795/2871 2080/2796/2872
f 2059/2736/2851 2060/2737/2852 2080/2796/2872 2079/2797/2861
f 2050/2727/2843 2070/2806/2864 2071/2805/2873 2051/2728/2844
f 2051/2728/2844 2071/2805/2873 2072/2804/2874 2052/2729/2845
f 2052/2729/2845 2072/2804/2874 2073/2803/2875 2053/2730/2846
f 2053/2730/2846 2073/2803/2875 2074/2802/2876 2054/2731/2847
f 2054/2810/2847 2074/2809/2876 2075/2801/2877 2055/2732/2848
f 2055/2732/2848 2075/2801/2877 2076/2800/2878 2056/2733/2849
f 2056/2733/2849 2076/2800/2878 2077/2799/2879 2057/2734/2850
f 2057/2734/2850 2077/2799/2879 2078/2798/2880 2058/2735/2842
f 2049/2726/2841 2058/2735/2842 2078/2798/2880 2069/2807/2863
f 2089/2767/2881 2091/2766/2882 2100/2778/2883
f 2091/2766/2882 2069/2747/2863 2078/2765/2880 2100/2778/2883
f 2079/2746/2861 2101/2768/2884 2110/2787/2885 2088/2748/2862
f 2101/2768/2884 2090/2769/2886 2110/2787/2885
f 2069/2747/2863 2091/2766/2882 2092/2770/2887 2070/2757/2864
f 2091/2766/2882 2089/2767/2881 2092/2770/2887
f 2070/2757/2864 2092/2770/2887 2093/2771/2888 2071/2758/2873
f 2092/2770/2887 2089/2767/2881 2093/2771/2888
f 2071/2758/2873 2093/2771/2888 2094/2772/2889 2072/2759/2874
f 2093/2771/2888 2089/2767/2881 2094/2772/2889
f 2072/2759/2874 2094/2772/2889 2095/2773/2890 2073/2760/2875
f 2094/2772/2889 2089/2767/2881 2095/2773/2890
f 2073/2760/2875 2095/2773/2890 2096/2774/2891 2074/2761/2876
f 2095/2773/2890 2089/2767/2881 2096/2774/2891
f 2074/2761/2876 2096/2774/2891 2097/2775/2892 2075/2762/2877
f 2096/2774/2891 2089/2767/2881 2097/2775/2892
f 2075/2762/2877 2097/2775/2892 2098/2776/2893 2076/2763/2878
f 2097/2775/2892 2089/2767/2881 2098/2776/2893
f 2076/2763/2878 2098/2776/2893 2099/2777/2894 2077/2764/2879
f 2098/2776/2893 2089/2767/2881 2099/2777/2894
f 2077/2764/2879 2099/2777/2894 2100/2778/2883 2078/2765/2880
f 2099/2777/2894 2089/2767/2881 2100/2778/2883
f 2090/2769/2886 2101/2768/2884 2102/2779/2895
f 2101/2768/2884 2079/2746/2861 2080/2756/2872 2102/2779/2895
f 2090/2769/2886 2102/2779/2895 2103/2780/2896
f 2102/2779/2895 2080/2756/2872 2081/2755/2871 2103/2780/2896
f 2090/2769/2886 2103/2780/2896 2104/2781/2897
f 2103/2780/2896 2081/2755/2871 2082/2754/2870 2104/2781/2897
f 2090/2769/2886 2104/2781/2897 2105/2782/2898
f 2104/2781/2897 2082/2754/2870 2083/2753/2869 2105/2782/2898
f 2090/2769/2886 2105/2782/2898 2106/2783/2899
f 2105/2782/2898 2083/2753/2869 2084/2752/2868 2106/2783/2899
f 2090/2769/2886 2106/2783/2899 2107/2784/2900
f 2106/2783/2899 2084/2752/2868 2085/2751/2867 2107/2784/2900
f 2090/2769/2886 2107/2784/2900 2108/2785/2901
f 2107/2784/2900 2085/2751/2867 2086/2750/2866 2108/2785/2901
f 2090/2769/2886 2108/2785/2901 2109/2786/2902
f 2108/2785/2901 2086/2750/2866 2087/2749/2865 2109/2786/2902
f 2090/2769/2886 2109/2786/2902 2110/2787/2885
f 2109/2786/2902 2087/2749/2865 2088/2748/2862 2110/2787/2885
g default
v 137.230338 137.373310 167.764095
v 135.174759 137.373310 164.406971
v 131.538494 137.373310 162.899274
v 127.710504 137.373310 163.816859
v 125.152904 137.373310 166.809187
v 124.842674 137.373310 170.733442
v 126.898223 137.373310 174.090476
v 130.534518 137.373310 175.598263
v 134.362520 137.373310 174.680677
v 136.920130 137.373310 171.688335
v 137.230338 156.393185 167.764095
v 135.174759 156.393185 164.406971
v 131.538494 156.393185 162.899274
v 127.710504 156.393185 163.816859
v 125.152904 156.393185 166.809187
v 124.842674 156.393185 170.733442
v 126.898223 156.393185 174.090476
v 130.534518 156.393185 175.598263
v 134.362520 156.393185 174.680677
v 136.920130 156.393185 171.688335
v 136.721238 135.832865 167.886142
v 134.834653 135.832865 164.804980
v 131.497263 135.832865 163.421178
v 127.983896 135.832865 164.263381
v 125.636529 135.832865 167.009778
v 125.351774 135.832865 170.611395
v 127.238380 135.832865 173.692543
v 130.575771 135.832865 175.076344
v 134.089147 135.832865 174.234246
v 136.436474 135.832865 171.487772
v 136.721238 157.933630 167.886142
v 134.834653 157.933630 164.804980
v 131.497263 157.933630 163.421178
v 127.983896 157.933630 164.263381
v 125.636529 157.933630 167.009778
v 125.351774 157.933630 170.611395
v 127.238380 157.933630 173.692543
v 130.575771 157.933630 175.076344
v 134.089147 157.933630 174.234246
v 136.436474 157.933630 171.487772
v 136.212121 135.832865 168.008191
v 134.494453 135.832865 165.202943
v 131.455991 135.832865 163.943123
v 128.257268 135.832865 164.709812
v 126.120106 135.832865 167.210281
v 125.860891 135.832865 170.489346
v 127.578486 135.832865 173.294534
v 130.617000 135.832865 174.554429
v 133.815740 135.832865 173.787738
v 135.952881 135.832865 171.287283
v 136.212121 157.933630 168.008191
v 134.494453 157.933630 165.202943
v 131.455991 157.933630 163.943123
v 128.257268 157.933630 164.709812
v 126.120106 157.933630 167.210281
v 125.860891 157.933630 170.489346
v 127.578486 157.933630 173.294534
v 130.617000 157.933630 174.554429
v 133.815740 157.933630 173.787738
v 135.952881 157.933630 171.287283
v 131.036479 136.383125 169.248725
v 131.036479 157.383370 169.248725
v 136.101608 136.204146 168.034632
v 134.420631 136.204146 165.289296
v 131.447061 136.204146 164.056371
v 128.316572 136.204146 164.806722
v 126.225090 136.204146 167.253788
v 125.971440 136.204146 170.462865
v 127.652403 136.204146 173.208226
v 130.625966 136.204146 174.441152
v 133.756431 136.204146 173.690828
v 135.847932 136.204146 171.243736
v 136.101608 157.562348 168.034632
v 134.420631 157.562348 165.289296
v 131.447061 157.562348 164.056371
v 128.316572 157.562348 164.806722
v 126.225090 157.562348 167.253788
v 125.971440 157.562348 170.462865
v 127.652403 157.562348 173.208226
v 130.625966 157.562348 174.441152
v 133.756431 157.562348 173.690828
v 135.847932 157.562348 171.243736
vt 0.189189 0.064750
vt 0.189189 0.098401
vt 0.195765 0.064750
vt 0.195765 0.098401
vt 0.202329 0.064750
vt 0.202329 0.098401
vt 0.208859 0.064750
vt 0.208859 0.098401
vt 0.215283 0.064750
vt 0.215283 0.098401
vt 0.221712 0.064750
vt 0.156730 0.098401
vt 0.163105 0.064750
vt 0.163105 0.098401
vt 0.169530 0.064750
vt 0.169530 0.098401
vt 0.176061 0.064750
vt 0.176061 0.098401
vt 0.182627 0.064750
vt 0.182627 0.098401
vt 0.189189 0.061972
vt 0.195765 0.061972
vt 0.202329 0.061972
vt 0.208859 0.061972
vt 0.215283 0.061972
vt 0.221712 0.061972
vt 0.163105 0.061972
vt 0.169530 0.061972
vt 0.176061 0.061972
vt 0.182627 0.061972
vt 0.189189 0.101203
vt 0.195765 0.101203
vt 0.202329 0.101203
vt 0.208859 0.101203
vt 0.215283 0.101203
vt 0.156730 0.101203
vt 0.163105 0.101203
vt 0.169530 0.101203
vt 0.176061 0.101203
vt 0.182627 0.101203
vt 0.237006 0.032992
vt 0.306943 0.253598
vt 0.240491 0.028195
vt 0.240492 0.022266
vt 0.237008 0.017468
vt 0.231369 0.015635
vt 0.225729 0.017467
vt 0.222243 0.022263
vt 0.222242 0.028193
vt 0.225727 0.032990
vt 0.231366 0.034823
vt 0.305110 0.247959
vt 0.300313 0.244474
vt 0.294384 0.244475
vt 0.289587 0.247960
vt 0.287755 0.253600
vt 0.289588 0.259239
vt 0.294386 0.262724
vt 0.300315 0.262723
vt 0.305112 0.259237
vt 0.306275 0.253594
vt 0.297349 0.253599
vt 0.236616 0.032448
vt 0.231367 0.025229
vt 0.304567 0.248348
vt 0.300103 0.245109
vt 0.294586 0.245112
vt 0.290126 0.248357
vt 0.288424 0.253604
vt 0.290132 0.258849
vt 0.294596 0.262089
vt 0.300112 0.262086
vt 0.304573 0.258841
vt 0.231370 0.034154
vt 0.226124 0.032452
vt 0.222880 0.027990
vt 0.222878 0.022474
vt 0.226119 0.018010
vt 0.231365 0.016304
vt 0.236611 0.018007
vt 0.239855 0.022468
vt 0.239857 0.027985
vt 0.182627 0.102000
vt 0.176061 0.102000
vt 0.169530 0.102000
vt 0.163105 0.102000
vt 0.157708 0.102000
vt 0.215283 0.102000
vt 0.208859 0.102000
vt 0.202329 0.102000
vt 0.195765 0.102000
vt 0.189189 0.102000
vt 0.182627 0.061172
vt 0.176061 0.061172
vt 0.169530 0.061172
vt 0.163105 0.061172
vt 0.220798 0.061172
vt 0.215283 0.061172
vt 0.208859 0.061172
vt 0.202329 0.061172
vt 0.195765 0.061172
vt 0.189189 0.061172
vt 0.220435 0.102000
vt 0.158057 0.061172
vt 0.156730 0.061972
vt 0.221712 0.101203
vt 0.156730 0.064750
vt 0.221712 0.098401
vn 0.972195 0.023038 -0.233039
vn 0.972195 -0.023039 -0.233039
vn 0.649548 -0.023038 -0.759972
vn 0.649548 0.023038 -0.759971
vn 0.078791 -0.023039 -0.996625
vn 0.078791 0.023039 -0.996625
vn -0.522051 -0.023040 -0.852603
vn -0.522052 0.023040 -0.852603
vn -0.923498 -0.023039 -0.382911
vn -0.923498 0.023039 -0.382911
vn -0.972196 -0.023038 0.233035
vn -0.972196 0.023038 0.233035
vn -0.649548 -0.023038 0.759971
vn -0.649548 0.023038 0.759971
vn -0.078803 -0.023038 0.996624
vn -0.078803 0.023037 0.996624
vn 0.522051 -0.023038 0.852603
vn 0.522052 0.023038 0.852603
vn 0.923498 -0.023039 0.382910
vn 0.923498 0.023039 0.382910
vn 0.843528 -0.497574 -0.202190
vn 0.801273 -0.497577 0.332232
vn 0.563585 -0.497575 -0.659387
vn 0.068363 -0.497576 -0.864722
vn -0.452963 -0.497577 -0.739758
vn -0.801275 -0.497573 -0.332233
vn -0.843532 -0.497567 0.202193
vn -0.563583 -0.497565 0.659396
vn -0.068375 -0.497568 0.864726
vn 0.452958 -0.497570 0.739766
vn 0.843528 0.497574 -0.202190
vn 0.563586 0.497575 -0.659386
vn 0.068364 0.497576 -0.864722
vn -0.452964 0.497577 -0.739757
vn -0.801278 0.497571 -0.332230
vn -0.843533 0.497565 0.202192
vn -0.563584 0.497564 0.659396
vn -0.068376 0.497567 0.864727
vn 0.452961 0.497569 0.739764
vn 0.801275 0.497577 0.332229
vn -0.400848 0.911093 0.096072
vn -0.380764 0.911093 -0.157887
vn -0.400836 -0.911099 0.096071
vn -0.267798 -0.911099 0.313341
vn -0.215236 0.911095 -0.351539
vn 0.032492 0.911094 -0.410915
vn 0.267836 0.911094 -0.313322
vn 0.400839 0.911097 -0.096077
vn 0.380781 0.911088 0.157875
vn 0.215260 0.911082 0.351558
vn -0.032486 0.911086 0.410934
vn -0.267824 0.911091 0.313341
vn -0.032476 -0.911087 0.410933
vn 0.215245 -0.911084 0.351563
vn 0.380784 -0.911087 0.157875
vn 0.400855 -0.911089 -0.096081
vn 0.267836 -0.911094 -0.313324
vn 0.032486 -0.911095 -0.410915
vn -0.215238 -0.911095 -0.351537
vn -0.380764 -0.911093 -0.157886
vn 0.000000 -1.000000 0.000000
vn -0.202116 -0.978162 0.048451
vn -0.191993 -0.978163 -0.079601
vn -0.202114 0.978163 0.048451
vn -0.191990 0.978163 -0.079601
vn -0.000001 1.000000 0.000000
vn -0.135040 -0.978162 0.157997
vn -0.016378 -0.978163 0.207194
vn 0.108536 -0.978162 0.177253
vn 0.191989 -0.978163 0.079608
vn 0.202118 -0.978162 -0.048450
vn 0.135037 -0.978162 -0.158002
vn 0.016382 -0.978163 -0.207193
vn -0.108535 -0.978163 -0.177248
vn -0.135048 0.978161 0.157997
vn -0.016385 0.978163 0.207195
vn 0.108542 0.978162 0.177251
vn 0.191996 0.978162 0.079606
vn 0.202118 0.978162 -0.048449
vn 0.135036 0.978162 -0.158001
vn 0.016377 0.978163 -0.207192
vn -0.108539 0.978163 -0.177248
s 1
g S_U_14 group1 Cans_Atonofcans Can_Guna_03
usemtl S_P29_01_aiStandardSurface5SG
f 2121/2815/2903 2111/2814/2904 2112/2816/2905 2122/2817/2906
f 2122/2817/2906 2112/2816/2905 2113/2818/2907 2123/2819/2908
f 2123/2819/2908 2113/2818/2907 2114/2820/2909 2124/2821/2910
f 2124/2821/2910 2114/2820/2909 2115/2822/2911 2125/2823/2912
f 2125/2823/2912 2115/2822/2911 2116/2824/2913 2126/2921/2914
f 2126/2825/2914 2116/2920/2913 2117/2826/2915 2127/2827/2916
f 2127/2827/2916 2117/2826/2915 2118/2828/2917 2128/2829/2918
f 2128/2829/2918 2118/2828/2917 2119/2830/2919 2129/2831/2920
f 2129/2831/2920 2119/2830/2919 2120/2832/2921 2130/2833/2922
f 2121/2815/2903 2130/2833/2922 2120/2832/2921 2111/2814/2904
f 2131/2834/2923 2111/2814/2904 2120/2832/2921 2140/2843/2924
f 2131/2834/2923 2132/2835/2925 2112/2816/2905 2111/2814/2904
f 2132/2835/2925 2133/2836/2926 2113/2818/2907 2112/2816/2905
f 2133/2836/2926 2134/2837/2927 2114/2820/2909 2113/2818/2907
f 2134/2837/2927 2135/2838/2928 2115/2822/2911 2114/2820/2909
f 2135/2838/2928 2136/2839/2929 2116/2824/2913 2115/2822/2911
f 2136/2918/2929 2137/2840/2930 2117/2826/2915 2116/2920/2913
f 2137/2840/2930 2138/2841/2931 2118/2828/2917 2117/2826/2915
f 2138/2841/2931 2139/2842/2932 2119/2830/2919 2118/2828/2917
f 2139/2842/2932 2140/2843/2924 2120/2832/2921 2119/2830/2919
f 2141/2844/2933 2121/2815/2903 2122/2817/2906 2142/2845/2934
f 2142/2845/2934 2122/2817/2906 2123/2819/2908 2143/2846/2935
f 2143/2846/2935 2123/2819/2908 2124/2821/2910 2144/2847/2936
f 2144/2847/2936 2124/2821/2910 2125/2823/2912 2145/2848/2937
f 2145/2848/2937 2125/2823/2912 2126/2921/2914 2146/2919/2938
f 2146/2849/2938 2126/2825/2914 2127/2827/2916 2147/2850/2939
f 2147/2850/2939 2127/2827/2916 2128/2829/2918 2148/2851/2940
f 2148/2851/2940 2128/2829/2918 2129/2831/2920 2149/2852/2941
f 2149/2852/2941 2129/2831/2920 2130/2833/2922 2150/2853/2942
f 2141/2844/2933 2150/2853/2942 2130/2833/2922 2121/2815/2903
f 2141/2844/2933 2161/2905/2943 2170/2896/2944 2150/2853/2942
f 2131/2834/2923 2151/2915/2945 2152/2914/2946 2132/2835/2925
f 2149/2852/2941 2150/2853/2942 2170/2896/2944 2169/2897/2947
f 2148/2851/2940 2149/2852/2941 2169/2897/2947 2168/2898/2948
f 2147/2850/2939 2148/2851/2940 2168/2898/2948 2167/2899/2949
f 2146/2849/2938 2147/2850/2939 2167/2899/2949 2166/2900/2950
f 2145/2848/2937 2146/2919/2938 2166/2916/2950 2165/2901/2951
f 2144/2847/2936 2145/2848/2937 2165/2901/2951 2164/2902/2952
f 2143/2846/2935 2144/2847/2936 2164/2902/2952 2163/2903/2953
f 2142/2845/2934 2143/2846/2935 2163/2903/2953 2162/2904/2954
f 2141/2844/2933 2142/2845/2934 2162/2904/2954 2161/2905/2943
f 2132/2835/2925 2152/2914/2946 2153/2913/2955 2133/2836/2926
f 2133/2836/2926 2153/2913/2955 2154/2912/2956 2134/2837/2927
f 2134/2837/2927 2154/2912/2956 2155/2911/2957 2135/2838/2928
f 2135/2838/2928 2155/2911/2957 2156/2910/2958 2136/2839/2929
f 2136/2918/2929 2156/2917/2958 2157/2909/2959 2137/2840/2930
f 2137/2840/2930 2157/2909/2959 2158/2908/2960 2138/2841/2931
f 2138/2841/2931 2158/2908/2960 2159/2907/2961 2139/2842/2932
f 2139/2842/2932 2159/2907/2961 2160/2906/2962 2140/2843/2924
f 2131/2834/2923 2140/2843/2924 2160/2906/2962 2151/2915/2945
f 2171/2875/2963 2173/2874/2964 2182/2886/2965
f 2173/2874/2964 2151/2855/2945 2160/2873/2962 2182/2886/2965
f 2161/2854/2943 2183/2876/2966 2192/2895/2967 2170/2856/2944
f 2183/2876/2966 2172/2877/2968 2192/2895/2967
f 2151/2855/2945 2173/2874/2964 2174/2878/2969 2152/2865/2946
f 2173/2874/2964 2171/2875/2963 2174/2878/2969
f 2152/2865/2946 2174/2878/2969 2175/2879/2970 2153/2866/2955
f 2174/2878/2969 2171/2875/2963 2175/2879/2970
f 2153/2866/2955 2175/2879/2970 2176/2880/2971 2154/2867/2956
f 2175/2879/2970 2171/2875/2963 2176/2880/2971
f 2154/2867/2956 2176/2880/2971 2177/2881/2972 2155/2868/2957
f 2176/2880/2971 2171/2875/2963 2177/2881/2972
f 2155/2868/2957 2177/2881/2972 2178/2882/2973 2156/2869/2958
f 2177/2881/2972 2171/2875/2963 2178/2882/2973
f 2156/2869/2958 2178/2882/2973 2179/2883/2974 2157/2870/2959
f 2178/2882/2973 2171/2875/2963 2179/2883/2974
f 2157/2870/2959 2179/2883/2974 2180/2884/2975 2158/2871/2960
f 2179/2883/2974 2171/2875/2963 2180/2884/2975
f 2158/2871/2960 2180/2884/2975 2181/2885/2976 2159/2872/2961
f 2180/2884/2975 2171/2875/2963 2181/2885/2976
f 2159/2872/2961 2181/2885/2976 2182/2886/2965 2160/2873/2962
f 2181/2885/2976 2171/2875/2963 2182/2886/2965
f 2172/2877/2968 2183/2876/2966 2184/2887/2977
f 2183/2876/2966 2161/2854/2943 2162/2864/2954 2184/2887/2977
f 2172/2877/2968 2184/2887/2977 2185/2888/2978
f 2184/2887/2977 2162/2864/2954 2163/2863/2953 2185/2888/2978
f 2172/2877/2968 2185/2888/2978 2186/2889/2979
f 2185/2888/2978 2163/2863/2953 2164/2862/2952 2186/2889/2979
f 2172/2877/2968 2186/2889/2979 2187/2890/2980
f 2186/2889/2979 2164/2862/2952 2165/2861/2951 2187/2890/2980
f 2172/2877/2968 2187/2890/2980 2188/2891/2981
f 2187/2890/2980 2165/2861/2951 2166/2860/2950 2188/2891/2981
f 2172/2877/2968 2188/2891/2981 2189/2892/2982
f 2188/2891/2981 2166/2860/2950 2167/2859/2949 2189/2892/2982
f 2172/2877/2968 2189/2892/2982 2190/2893/2983
f 2189/2892/2982 2167/2859/2949 2168/2858/2948 2190/2893/2983
f 2172/2877/2968 2190/2893/2983 2191/2894/2984
f 2190/2893/2983 2168/2858/2948 2169/2857/2947 2191/2894/2984
f 2172/2877/2968 2191/2894/2984 2192/2895/2967
f 2191/2894/2984 2169/2857/2947 2170/2856/2944 2192/2895/2967
g default
v 156.678686 137.373310 167.764095
v 154.623107 137.373310 164.406971
v 150.986842 137.373310 162.899274
v 147.158852 137.373310 163.816859
v 144.601252 137.373310 166.809187
v 144.291022 137.373310 170.733442
v 146.346570 137.373310 174.090476
v 149.982866 137.373310 175.598263
v 153.810868 137.373310 174.680677
v 156.368478 137.373310 171.688335
v 156.678686 156.393185 167.764095
v 154.623107 156.393185 164.406971
v 150.986842 156.393185 162.899274
v 147.158852 156.393185 163.816859
v 144.601252 156.393185 166.809187
v 144.291022 156.393185 170.733442
v 146.346570 156.393185 174.090476
v 149.982866 156.393185 175.598263
v 153.810868 156.393185 174.680677
v 156.368478 156.393185 171.688335
v 156.169586 135.832865 167.886142
v 154.283001 135.832865 164.804980
v 150.945611 135.832865 163.421178
v 147.432243 135.832865 164.263381
v 145.084877 135.832865 167.009778
v 144.800122 135.832865 170.611395
v 146.686728 135.832865 173.692543
v 150.024119 135.832865 175.076344
v 153.537495 135.832865 174.234246
v 155.884822 135.832865 171.487772
v 156.169586 157.933630 167.886142
v 154.283001 157.933630 164.804980
v 150.945611 157.933630 163.421178
v 147.432243 157.933630 164.263381
v 145.084877 157.933630 167.009778
v 144.800122 157.933630 170.611395
v 146.686728 157.933630 173.692543
v 150.024119 157.933630 175.076344
v 153.537495 157.933630 174.234246
v 155.884822 157.933630 171.487772
v 155.660469 135.832865 168.008191
v 153.942801 135.832865 165.202943
v 150.904339 135.832865 163.943123
v 147.705616 135.832865 164.709812
v 145.568454 135.832865 167.210281
v 145.309239 135.832865 170.489346
v 147.026834 135.832865 173.294534
v 150.065348 135.832865 174.554429
v 153.264088 135.832865 173.787738
v 155.401229 135.832865 171.287283
v 155.660469 157.933630 168.008191
v 153.942801 157.933630 165.202943
v 150.904339 157.933630 163.943123
v 147.705616 157.933630 164.709812
v 145.568454 157.933630 167.210281
v 145.309239 157.933630 170.489346
v 147.026834 157.933630 173.294534
v 150.065348 157.933630 174.554429
v 153.264088 157.933630 173.787738
v 155.401229 157.933630 171.287283
v 150.484827 136.383125 169.248725
v 150.484827 157.383370 169.248725
v 155.549956 136.204146 168.034632
v 153.868979 136.204146 165.289296
v 150.895409 136.204146 164.056371
v 147.764920 136.204146 164.806722
v 145.673438 136.204146 167.253788
v 145.419788 136.204146 170.462865
v 147.100751 136.204146 173.208226
v 150.074314 136.204146 174.441152
v 153.204779 136.204146 173.690828
v 155.296280 136.204146 171.243736
v 155.549956 157.562348 168.034632
v 153.868979 157.562348 165.289296
v 150.895409 157.562348 164.056371
v 147.764920 157.562348 164.806722
v 145.673438 157.562348 167.253788
v 145.419788 157.562348 170.462865
v 147.100751 157.562348 173.208226
v 150.074314 157.562348 174.441152
v 153.204779 157.562348 173.690828
v 155.296280 157.562348 171.243736
vt 0.189189 0.064750
vt 0.189189 0.098401
vt 0.195765 0.064750
vt 0.195765 0.098401
vt 0.202329 0.064750
vt 0.202329 0.098401
vt 0.208859 0.064750
vt 0.208859 0.098401
vt 0.215283 0.064750
vt 0.215283 0.098401
vt 0.221712 0.064750
vt 0.156730 0.098401
vt 0.163105 0.064750
vt 0.163105 0.098401
vt 0.169530 0.064750
vt 0.169530 0.098401
vt 0.176061 0.064750
vt 0.176061 0.098401
vt 0.182627 0.064750
vt 0.182627 0.098401
vt 0.189189 0.061972
vt 0.195765 0.061972
vt 0.202329 0.061972
vt 0.208859 0.061972
vt 0.215283 0.061972
vt 0.221712 0.061972
vt 0.163105 0.061972
vt 0.169530 0.061972
vt 0.176061 0.061972
vt 0.182627 0.061972
vt 0.189189 0.101203
vt 0.195765 0.101203
vt 0.202329 0.101203
vt 0.208859 0.101203
vt 0.215283 0.101203
vt 0.156730 0.101203
vt 0.163105 0.101203
vt 0.169530 0.101203
vt 0.176061 0.101203
vt 0.182627 0.101203
vt 0.237006 0.032992
vt 0.306943 0.253598
vt 0.240491 0.028195
vt 0.240492 0.022266
vt 0.237008 0.017468
vt 0.231369 0.015635
vt 0.225729 0.017467
vt 0.222243 0.022263
vt 0.222242 0.028193
vt 0.225727 0.032990
vt 0.231366 0.034823
vt 0.305110 0.247959
vt 0.300313 0.244474
vt 0.294384 0.244475
vt 0.289587 0.247960
vt 0.287755 0.253600
vt 0.289588 0.259239
vt 0.294386 0.262724
vt 0.300315 0.262723
vt 0.305112 0.259237
vt 0.306275 0.253594
vt 0.297349 0.253599
vt 0.236616 0.032448
vt 0.231367 0.025229
vt 0.304567 0.248348
vt 0.300103 0.245109
vt 0.294586 0.245112
vt 0.290126 0.248357
vt 0.288424 0.253604
vt 0.290132 0.258849
vt 0.294596 0.262089
vt 0.300112 0.262086
vt 0.304573 0.258841
vt 0.231370 0.034154
vt 0.226124 0.032452
vt 0.222880 0.027990
vt 0.222878 0.022474
vt 0.226119 0.018010
vt 0.231365 0.016304
vt 0.236611 0.018007
vt 0.239855 0.022468
vt 0.239857 0.027985
vt 0.182627 0.102000
vt 0.176061 0.102000
vt 0.169530 0.102000
vt 0.163105 0.102000
vt 0.157708 0.102000
vt 0.215283 0.102000
vt 0.208859 0.102000
vt 0.202329 0.102000
vt 0.195765 0.102000
vt 0.189189 0.102000
vt 0.182627 0.061172
vt 0.176061 0.061172
vt 0.169530 0.061172
vt 0.163105 0.061172
vt 0.220798 0.061172
vt 0.215283 0.061172
vt 0.208859 0.061172
vt 0.202329 0.061172
vt 0.195765 0.061172
vt 0.189189 0.061172
vt 0.220435 0.102000
vt 0.158057 0.061172
vt 0.156730 0.061972
vt 0.221712 0.101203
vt 0.156730 0.064750
vt 0.221712 0.098401
vn 0.972195 0.023038 -0.233039
vn 0.972195 -0.023039 -0.233039
vn 0.649548 -0.023038 -0.759972
vn 0.649548 0.023038 -0.759971
vn 0.078791 -0.023039 -0.996625
vn 0.078791 0.023039 -0.996625
vn -0.522051 -0.023040 -0.852603
vn -0.522052 0.023040 -0.852603
vn -0.923498 -0.023039 -0.382911
vn -0.923498 0.023039 -0.382911
vn -0.972196 -0.023038 0.233035
vn -0.972196 0.023038 0.233035
vn -0.649548 -0.023038 0.759971
vn -0.649548 0.023038 0.759971
vn -0.078803 -0.023038 0.996624
vn -0.078803 0.023037 0.996624
vn 0.522051 -0.023038 0.852603
vn 0.522052 0.023038 0.852603
vn 0.923498 -0.023039 0.382910
vn 0.923498 0.023039 0.382910
vn 0.843528 -0.497574 -0.202190
vn 0.801273 -0.497577 0.332232
vn 0.563585 -0.497575 -0.659387
vn 0.068363 -0.497576 -0.864722
vn -0.452963 -0.497577 -0.739758
vn -0.801275 -0.497573 -0.332233
vn -0.843532 -0.497567 0.202193
vn -0.563583 -0.497565 0.659396
vn -0.068375 -0.497568 0.864726
vn 0.452958 -0.497570 0.739766
vn 0.843528 0.497574 -0.202190
vn 0.563586 0.497575 -0.659386
vn 0.068364 0.497576 -0.864722
vn -0.452964 0.497577 -0.739757
vn -0.801278 0.497571 -0.332230
vn -0.843533 0.497565 0.202192
vn -0.563584 0.497564 0.659396
vn -0.068376 0.497567 0.864727
vn 0.452961 0.497569 0.739764
vn 0.801275 0.497577 0.332229
vn -0.400848 0.911093 0.096072
vn -0.380764 0.911093 -0.157887
vn -0.400836 -0.911099 0.096071
vn -0.267798 -0.911099 0.313341
vn -0.215236 0.911095 -0.351539
vn 0.032492 0.911094 -0.410915
vn 0.267836 0.911094 -0.313322
vn 0.400839 0.911097 -0.096077
vn 0.380781 0.911088 0.157875
vn 0.215260 0.911082 0.351558
vn -0.032486 0.911086 0.410934
vn -0.267824 0.911091 0.313341
vn -0.032476 -0.911087 0.410933
vn 0.215245 -0.911084 0.351563
vn 0.380784 -0.911087 0.157875
vn 0.400855 -0.911089 -0.096081
vn 0.267836 -0.911094 -0.313324
vn 0.032486 -0.911095 -0.410915
vn -0.215238 -0.911095 -0.351537
vn -0.380764 -0.911093 -0.157886
vn 0.000000 -1.000000 0.000000
vn -0.202116 -0.978162 0.048451
vn -0.191993 -0.978163 -0.079601
vn -0.202114 0.978163 0.048451
vn -0.191990 0.978163 -0.079601
vn -0.000001 1.000000 0.000000
vn -0.135040 -0.978162 0.157997
vn -0.016378 -0.978163 0.207194
vn 0.108536 -0.978162 0.177253
vn 0.191989 -0.978163 0.079608
vn 0.202118 -0.978162 -0.048450
vn 0.135037 -0.978162 -0.158002
vn 0.016382 -0.978163 -0.207193
vn -0.108535 -0.978163 -0.177248
vn -0.135048 0.978161 0.157997
vn -0.016385 0.978163 0.207195
vn 0.108542 0.978162 0.177251
vn 0.191996 0.978162 0.079606
vn 0.202118 0.978162 -0.048449
vn 0.135036 0.978162 -0.158001
vn 0.016377 0.978163 -0.207192
vn -0.108539 0.978163 -0.177248
s 1
g S_U_14 group1 Cans_Atonofcans Can_Guna_04
usemtl S_P29_01_aiStandardSurface5SG
f 2203/2923/2985 2193/2922/2986 2194/2924/2987 2204/2925/2988
f 2204/2925/2988 2194/2924/2987 2195/2926/2989 2205/2927/2990
f 2205/2927/2990 2195/2926/2989 2196/2928/2991 2206/2929/2992
f 2206/2929/2992 2196/2928/2991 2197/2930/2993 2207/2931/2994
f 2207/2931/2994 2197/2930/2993 2198/2932/2995 2208/3029/2996
f 2208/2933/2996 2198/3028/2995 2199/2934/2997 2209/2935/2998
f 2209/2935/2998 2199/2934/2997 2200/2936/2999 2210/2937/3000
f 2210/2937/3000 2200/2936/2999 2201/2938/3001 2211/2939/3002
f 2211/2939/3002 2201/2938/3001 2202/2940/3003 2212/2941/3004
f 2203/2923/2985 2212/2941/3004 2202/2940/3003 2193/2922/2986
f 2213/2942/3005 2193/2922/2986 2202/2940/3003 2222/2951/3006
f 2213/2942/3005 2214/2943/3007 2194/2924/2987 2193/2922/2986
f 2214/2943/3007 2215/2944/3008 2195/2926/2989 2194/2924/2987
f 2215/2944/3008 2216/2945/3009 2196/2928/2991 2195/2926/2989
f 2216/2945/3009 2217/2946/3010 2197/2930/2993 2196/2928/2991
f 2217/2946/3010 2218/2947/3011 2198/2932/2995 2197/2930/2993
f 2218/3026/3011 2219/2948/3012 2199/2934/2997 2198/3028/2995
f 2219/2948/3012 2220/2949/3013 2200/2936/2999 2199/2934/2997
f 2220/2949/3013 2221/2950/3014 2201/2938/3001 2200/2936/2999
f 2221/2950/3014 2222/2951/3006 2202/2940/3003 2201/2938/3001
f 2223/2952/3015 2203/2923/2985 2204/2925/2988 2224/2953/3016
f 2224/2953/3016 2204/2925/2988 2205/2927/2990 2225/2954/3017
f 2225/2954/3017 2205/2927/2990 2206/2929/2992 2226/2955/3018
f 2226/2955/3018 2206/2929/2992 2207/2931/2994 2227/2956/3019
f 2227/2956/3019 2207/2931/2994 2208/3029/2996 2228/3027/3020
f 2228/2957/3020 2208/2933/2996 2209/2935/2998 2229/2958/3021
f 2229/2958/3021 2209/2935/2998 2210/2937/3000 2230/2959/3022
f 2230/2959/3022 2210/2937/3000 2211/2939/3002 2231/2960/3023
f 2231/2960/3023 2211/2939/3002 2212/2941/3004 2232/2961/3024
f 2223/2952/3015 2232/2961/3024 2212/2941/3004 2203/2923/2985
f 2223/2952/3015 2243/3013/3025 2252/3004/3026 2232/2961/3024
f 2213/2942/3005 2233/3023/3027 2234/3022/3028 2214/2943/3007
f 2231/2960/3023 2232/2961/3024 2252/3004/3026 2251/3005/3029
f 2230/2959/3022 2231/2960/3023 2251/3005/3029 2250/3006/3030
f 2229/2958/3021 2230/2959/3022 2250/3006/3030 2249/3007/3031
f 2228/2957/3020 2229/2958/3021 2249/3007/3031 2248/3008/3032
f 2227/2956/3019 2228/3027/3020 2248/3024/3032 2247/3009/3033
f 2226/2955/3018 2227/2956/3019 2247/3009/3033 2246/3010/3034
f 2225/2954/3017 2226/2955/3018 2246/3010/3034 2245/3011/3035
f 2224/2953/3016 2225/2954/3017 2245/3011/3035 2244/3012/3036
f 2223/2952/3015 2224/2953/3016 2244/3012/3036 2243/3013/3025
f 2214/2943/3007 2234/3022/3028 2235/3021/3037 2215/2944/3008
f 2215/2944/3008 2235/3021/3037 2236/3020/3038 2216/2945/3009
f 2216/2945/3009 2236/3020/3038 2237/3019/3039 2217/2946/3010
f 2217/2946/3010 2237/3019/3039 2238/3018/3040 2218/2947/3011
f 2218/3026/3011 2238/3025/3040 2239/3017/3041 2219/2948/3012
f 2219/2948/3012 2239/3017/3041 2240/3016/3042 2220/2949/3013
f 2220/2949/3013 2240/3016/3042 2241/3015/3043 2221/2950/3014
f 2221/2950/3014 2241/3015/3043 2242/3014/3044 2222/2951/3006
f 2213/2942/3005 2222/2951/3006 2242/3014/3044 2233/3023/3027
f 2253/2983/3045 2255/2982/3046 2264/2994/3047
f 2255/2982/3046 2233/2963/3027 2242/2981/3044 2264/2994/3047
f 2243/2962/3025 2265/2984/3048 2274/3003/3049 2252/2964/3026
f 2265/2984/3048 2254/2985/3050 2274/3003/3049
f 2233/2963/3027 2255/2982/3046 2256/2986/3051 2234/2973/3028
f 2255/2982/3046 2253/2983/3045 2256/2986/3051
f 2234/2973/3028 2256/2986/3051 2257/2987/3052 2235/2974/3037
f 2256/2986/3051 2253/2983/3045 2257/2987/3052
f 2235/2974/3037 2257/2987/3052 2258/2988/3053 2236/2975/3038
f 2257/2987/3052 2253/2983/3045 2258/2988/3053
f 2236/2975/3038 2258/2988/3053 2259/2989/3054 2237/2976/3039
f 2258/2988/3053 2253/2983/3045 2259/2989/3054
f 2237/2976/3039 2259/2989/3054 2260/2990/3055 2238/2977/3040
f 2259/2989/3054 2253/2983/3045 2260/2990/3055
f 2238/2977/3040 2260/2990/3055 2261/2991/3056 2239/2978/3041
f 2260/2990/3055 2253/2983/3045 2261/2991/3056
f 2239/2978/3041 2261/2991/3056 2262/2992/3057 2240/2979/3042
f 2261/2991/3056 2253/2983/3045 2262/2992/3057
f 2240/2979/3042 2262/2992/3057 2263/2993/3058 2241/2980/3043
f 2262/2992/3057 2253/2983/3045 2263/2993/3058
f 2241/2980/3043 2263/2993/3058 2264/2994/3047 2242/2981/3044
f 2263/2993/3058 2253/2983/3045 2264/2994/3047
f 2254/2985/3050 2265/2984/3048 2266/2995/3059
f 2265/2984/3048 2243/2962/3025 2244/2972/3036 2266/2995/3059
f 2254/2985/3050 2266/2995/3059 2267/2996/3060
f 2266/2995/3059 2244/2972/3036 2245/2971/3035 2267/2996/3060
f 2254/2985/3050 2267/2996/3060 2268/2997/3061
f 2267/2996/3060 2245/2971/3035 2246/2970/3034 2268/2997/3061
f 2254/2985/3050 2268/2997/3061 2269/2998/3062
f 2268/2997/3061 2246/2970/3034 2247/2969/3033 2269/2998/3062
f 2254/2985/3050 2269/2998/3062 2270/2999/3063
f 2269/2998/3062 2247/2969/3033 2248/2968/3032 2270/2999/3063
f 2254/2985/3050 2270/2999/3063 2271/3000/3064
f 2270/2999/3063 2248/2968/3032 2249/2967/3031 2271/3000/3064
f 2254/2985/3050 2271/3000/3064 2272/3001/3065
f 2271/3000/3064 2249/2967/3031 2250/2966/3030 2272/3001/3065
f 2254/2985/3050 2272/3001/3065 2273/3002/3066
f 2272/3001/3065 2250/2966/3030 2251/2965/3029 2273/3002/3066
f 2254/2985/3050 2273/3002/3066 2274/3003/3049
f 2273/3002/3066 2251/2965/3029 2252/2964/3026 2274/3003/3049
g default
v 176.569042 137.373310 167.764095
v 174.513463 137.373310 164.406971
v 170.877198 137.373310 162.899274
v 167.049208 137.373310 163.816859
v 164.491608 137.373310 166.809187
v 164.181378 137.373310 170.733442
v 166.236926 137.373310 174.090476
v 169.873222 137.373310 175.598263
v 173.701224 137.373310 174.680677
v 176.258833 137.373310 171.688335
v 176.569042 156.393185 167.764095
v 174.513463 156.393185 164.406971
v 170.877198 156.393185 162.899274
v 167.049208 156.393185 163.816859
v 164.491608 156.393185 166.809187
v 164.181378 156.393185 170.733442
v 166.236926 156.393185 174.090476
v 169.873222 156.393185 175.598263
v 173.701224 156.393185 174.680677
v 176.258833 156.393185 171.688335
v 176.059942 135.832865 167.886142
v 174.173357 135.832865 164.804980
v 170.835967 135.832865 163.421178
v 167.322599 135.832865 164.263381
v 164.975233 135.832865 167.009778
v 164.690478 135.832865 170.611395
v 166.577084 135.832865 173.692543
v 169.914474 135.832865 175.076344
v 173.427851 135.832865 174.234246
v 175.775177 135.832865 171.487772
v 176.059942 157.933630 167.886142
v 174.173357 157.933630 164.804980
v 170.835967 157.933630 163.421178
v 167.322599 157.933630 164.263381
v 164.975233 157.933630 167.009778
v 164.690478 157.933630 170.611395
v 166.577084 157.933630 173.692543
v 169.914474 157.933630 175.076344
v 173.427851 157.933630 174.234246
v 175.775177 157.933630 171.487772
v 175.550825 135.832865 168.008191
v 173.833157 135.832865 165.202943
v 170.794695 135.832865 163.943123
v 167.595972 135.832865 164.709812
v 165.458810 135.832865 167.210281
v 165.199595 135.832865 170.489346
v 166.917190 135.832865 173.294534
v 169.955704 135.832865 174.554429
v 173.154444 135.832865 173.787738
v 175.291585 135.832865 171.287283
v 175.550825 157.933630 168.008191
v 173.833157 157.933630 165.202943
v 170.794695 157.933630 163.943123
v 167.595972 157.933630 164.709812
v 165.458810 157.933630 167.210281
v 165.199595 157.933630 170.489346
v 166.917190 157.933630 173.294534
v 169.955704 157.933630 174.554429
v 173.154444 157.933630 173.787738
v 175.291585 157.933630 171.287283
v 170.375183 136.383125 169.248725
v 170.375183 157.383370 169.248725
v 175.440312 136.204146 168.034632
v 173.759335 136.204146 165.289296
v 170.785765 136.204146 164.056371
v 167.655276 136.204146 164.806722
v 165.563794 136.204146 167.253788
v 165.310143 136.204146 170.462865
v 166.991106 136.204146 173.208226
v 169.964670 136.204146 174.441152
v 173.095134 136.204146 173.690828
v 175.186636 136.204146 171.243736
v 175.440312 157.562348 168.034632
v 173.759335 157.562348 165.289296
v 170.785765 157.562348 164.056371
v 167.655276 157.562348 164.806722
v 165.563794 157.562348 167.253788
v 165.310143 157.562348 170.462865
v 166.991106 157.562348 173.208226
v 169.964670 157.562348 174.441152
v 173.095134 157.562348 173.690828
v 175.186636 157.562348 171.243736
vt 0.189189 0.064750
vt 0.189189 0.098401
vt 0.195765 0.064750
vt 0.195765 0.098401
vt 0.202329 0.064750
vt 0.202329 0.098401
vt 0.208859 0.064750
vt 0.208859 0.098401
vt 0.215283 0.064750
vt 0.215283 0.098401
vt 0.221712 0.064750
vt 0.156730 0.098401
vt 0.163105 0.064750
vt 0.163105 0.098401
vt 0.169530 0.064750
vt 0.169530 0.098401
vt 0.176061 0.064750
vt 0.176061 0.098401
vt 0.182627 0.064750
vt 0.182627 0.098401
vt 0.189189 0.061972
vt 0.195765 0.061972
vt 0.202329 0.061972
vt 0.208859 0.061972
vt 0.215283 0.061972
vt 0.221712 0.061972
vt 0.163105 0.061972
vt 0.169530 0.061972
vt 0.176061 0.061972
vt 0.182627 0.061972
vt 0.189189 0.101203
vt 0.195765 0.101203
vt 0.202329 0.101203
vt 0.208859 0.101203
vt 0.215283 0.101203
vt 0.156730 0.101203
vt 0.163105 0.101203
vt 0.169530 0.101203
vt 0.176061 0.101203
vt 0.182627 0.101203
vt 0.237006 0.032992
vt 0.306943 0.253598
vt 0.240491 0.028195
vt 0.240492 0.022266
vt 0.237008 0.017468
vt 0.231369 0.015635
vt 0.225729 0.017467
vt 0.222243 0.022263
vt 0.222242 0.028193
vt 0.225727 0.032990
vt 0.231366 0.034823
vt 0.305110 0.247959
vt 0.300313 0.244474
vt 0.294384 0.244475
vt 0.289587 0.247960
vt 0.287755 0.253600
vt 0.289588 0.259239
vt 0.294386 0.262724
vt 0.300315 0.262723
vt 0.305112 0.259237
vt 0.306275 0.253594
vt 0.297349 0.253599
vt 0.236616 0.032448
vt 0.231367 0.025229
vt 0.304567 0.248348
vt 0.300103 0.245109
vt 0.294586 0.245112
vt 0.290126 0.248357
vt 0.288424 0.253604
vt 0.290132 0.258849
vt 0.294596 0.262089
vt 0.300112 0.262086
vt 0.304573 0.258841
vt 0.231370 0.034154
vt 0.226124 0.032452
vt 0.222880 0.027990
vt 0.222878 0.022474
vt 0.226119 0.018010
vt 0.231365 0.016304
vt 0.236611 0.018007
vt 0.239855 0.022468
vt 0.239857 0.027985
vt 0.182627 0.102000
vt 0.176061 0.102000
vt 0.169530 0.102000
vt 0.163105 0.102000
vt 0.157708 0.102000
vt 0.215283 0.102000
vt 0.208859 0.102000
vt 0.202329 0.102000
vt 0.195765 0.102000
vt 0.189189 0.102000
vt 0.182627 0.061172
vt 0.176061 0.061172
vt 0.169530 0.061172
vt 0.163105 0.061172
vt 0.220798 0.061172
vt 0.215283 0.061172
vt 0.208859 0.061172
vt 0.202329 0.061172
vt 0.195765 0.061172
vt 0.189189 0.061172
vt 0.220435 0.102000
vt 0.158057 0.061172
vt 0.156730 0.061972
vt 0.221712 0.101203
vt 0.156730 0.064750
vt 0.221712 0.098401
vn 0.972195 0.023038 -0.233039
vn 0.972195 -0.023039 -0.233039
vn 0.649548 -0.023038 -0.759972
vn 0.649548 0.023038 -0.759971
vn 0.078791 -0.023039 -0.996625
vn 0.078791 0.023039 -0.996625
vn -0.522051 -0.023040 -0.852603
vn -0.522052 0.023040 -0.852603
vn -0.923498 -0.023039 -0.382911
vn -0.923498 0.023039 -0.382911
vn -0.972196 -0.023038 0.233035
vn -0.972196 0.023038 0.233035
vn -0.649548 -0.023038 0.759971
vn -0.649548 0.023038 0.759971
vn -0.078803 -0.023038 0.996624
vn -0.078803 0.023037 0.996624
vn 0.522051 -0.023038 0.852603
vn 0.522052 0.023038 0.852603
vn 0.923498 -0.023039 0.382910
vn 0.923498 0.023039 0.382910
vn 0.843528 -0.497574 -0.202190
vn 0.801273 -0.497577 0.332232
vn 0.563585 -0.497575 -0.659387
vn 0.068363 -0.497576 -0.864722
vn -0.452963 -0.497577 -0.739758
vn -0.801275 -0.497573 -0.332233
vn -0.843532 -0.497567 0.202193
vn -0.563583 -0.497565 0.659396
vn -0.068375 -0.497568 0.864726
vn 0.452958 -0.497570 0.739766
vn 0.843528 0.497574 -0.202190
vn 0.563586 0.497575 -0.659386
vn 0.068364 0.497576 -0.864722
vn -0.452964 0.497577 -0.739757
vn -0.801278 0.497571 -0.332230
vn -0.843533 0.497565 0.202192
vn -0.563584 0.497564 0.659396
vn -0.068376 0.497567 0.864727
vn 0.452961 0.497569 0.739764
vn 0.801275 0.497577 0.332229
vn -0.400848 0.911093 0.096072
vn -0.380764 0.911093 -0.157887
vn -0.400836 -0.911099 0.096071
vn -0.267798 -0.911099 0.313341
vn -0.215236 0.911095 -0.351539
vn 0.032492 0.911094 -0.410915
vn 0.267836 0.911094 -0.313322
vn 0.400839 0.911097 -0.096077
vn 0.380781 0.911088 0.157875
vn 0.215260 0.911082 0.351558
vn -0.032486 0.911086 0.410934
vn -0.267824 0.911091 0.313341
vn -0.032476 -0.911087 0.410933
vn 0.215245 -0.911084 0.351563
vn 0.380784 -0.911087 0.157875
vn 0.400855 -0.911089 -0.096081
vn 0.267836 -0.911094 -0.313324
vn 0.032486 -0.911095 -0.410915
vn -0.215238 -0.911095 -0.351537
vn -0.380764 -0.911093 -0.157886
vn 0.000000 -1.000000 0.000000
vn -0.202116 -0.978162 0.048451
vn -0.191993 -0.978163 -0.079601
vn -0.202114 0.978163 0.048451
vn -0.191990 0.978163 -0.079601
vn -0.000001 1.000000 0.000000
vn -0.135040 -0.978162 0.157997
vn -0.016378 -0.978163 0.207194
vn 0.108536 -0.978162 0.177253
vn 0.191989 -0.978163 0.079608
vn 0.202118 -0.978162 -0.048450
vn 0.135037 -0.978162 -0.158002
vn 0.016382 -0.978163 -0.207193
vn -0.108535 -0.978163 -0.177248
vn -0.135048 0.978161 0.157997
vn -0.016385 0.978163 0.207195
vn 0.108542 0.978162 0.177251
vn 0.191996 0.978162 0.079606
vn 0.202118 0.978162 -0.048449
vn 0.135036 0.978162 -0.158001
vn 0.016377 0.978163 -0.207192
vn -0.108539 0.978163 -0.177248
s 1
g S_U_14 group1 Cans_Atonofcans Can_Guna_05
usemtl S_P29_01_aiStandardSurface5SG
f 2285/3031/3067 2275/3030/3068 2276/3032/3069 2286/3033/3070
f 2286/3033/3070 2276/3032/3069 2277/3034/3071 2287/3035/3072
f 2287/3035/3072 2277/3034/3071 2278/3036/3073 2288/3037/3074
f 2288/3037/3074 2278/3036/3073 2279/3038/3075 2289/3039/3076
f 2289/3039/3076 2279/3038/3075 2280/3040/3077 2290/3137/3078
f 2290/3041/3078 2280/3136/3077 2281/3042/3079 2291/3043/3080
f 2291/3043/3080 2281/3042/3079 2282/3044/3081 2292/3045/3082
f 2292/3045/3082 2282/3044/3081 2283/3046/3083 2293/3047/3084
f 2293/3047/3084 2283/3046/3083 2284/3048/3085 2294/3049/3086
f 2285/3031/3067 2294/3049/3086 2284/3048/3085 2275/3030/3068
f 2295/3050/3087 2275/3030/3068 2284/3048/3085 2304/3059/3088
f 2295/3050/3087 2296/3051/3089 2276/3032/3069 2275/3030/3068
f 2296/3051/3089 2297/3052/3090 2277/3034/3071 2276/3032/3069
f 2297/3052/3090 2298/3053/3091 2278/3036/3073 2277/3034/3071
f 2298/3053/3091 2299/3054/3092 2279/3038/3075 2278/3036/3073
f 2299/3054/3092 2300/3055/3093 2280/3040/3077 2279/3038/3075
f 2300/3134/3093 2301/3056/3094 2281/3042/3079 2280/3136/3077
f 2301/3056/3094 2302/3057/3095 2282/3044/3081 2281/3042/3079
f 2302/3057/3095 2303/3058/3096 2283/3046/3083 2282/3044/3081
f 2303/3058/3096 2304/3059/3088 2284/3048/3085 2283/3046/3083
f 2305/3060/3097 2285/3031/3067 2286/3033/3070 2306/3061/3098
f 2306/3061/3098 2286/3033/3070 2287/3035/3072 2307/3062/3099
f 2307/3062/3099 2287/3035/3072 2288/3037/3074 2308/3063/3100
f 2308/3063/3100 2288/3037/3074 2289/3039/3076 2309/3064/3101
f 2309/3064/3101 2289/3039/3076 2290/3137/3078 2310/3135/3102
f 2310/3065/3102 2290/3041/3078 2291/3043/3080 2311/3066/3103
f 2311/3066/3103 2291/3043/3080 2292/3045/3082 2312/3067/3104
f 2312/3067/3104 2292/3045/3082 2293/3047/3084 2313/3068/3105
f 2313/3068/3105 2293/3047/3084 2294/3049/3086 2314/3069/3106
f 2305/3060/3097 2314/3069/3106 2294/3049/3086 2285/3031/3067
f 2305/3060/3097 2325/3121/3107 2334/3112/3108 2314/3069/3106
f 2295/3050/3087 2315/3131/3109 2316/3130/3110 2296/3051/3089
f 2313/3068/3105 2314/3069/3106 2334/3112/3108 2333/3113/3111
f 2312/3067/3104 2313/3068/3105 2333/3113/3111 2332/3114/3112
f 2311/3066/3103 2312/3067/3104 2332/3114/3112 2331/3115/3113
f 2310/3065/3102 2311/3066/3103 2331/3115/3113 2330/3116/3114
f 2309/3064/3101 2310/3135/3102 2330/3132/3114 2329/3117/3115
f 2308/3063/3100 2309/3064/3101 2329/3117/3115 2328/3118/3116
f 2307/3062/3099 2308/3063/3100 2328/3118/3116 2327/3119/3117
f 2306/3061/3098 2307/3062/3099 2327/3119/3117 2326/3120/3118
f 2305/3060/3097 2306/3061/3098 2326/3120/3118 2325/3121/3107
f 2296/3051/3089 2316/3130/3110 2317/3129/3119 2297/3052/3090
f 2297/3052/3090 2317/3129/3119 2318/3128/3120 2298/3053/3091
f 2298/3053/3091 2318/3128/3120 2319/3127/3121 2299/3054/3092
f 2299/3054/3092 2319/3127/3121 2320/3126/3122 2300/3055/3093
f 2300/3134/3093 2320/3133/3122 2321/3125/3123 2301/3056/3094
f 2301/3056/3094 2321/3125/3123 2322/3124/3124 2302/3057/3095
f 2302/3057/3095 2322/3124/3124 2323/3123/3125 2303/3058/3096
f 2303/3058/3096 2323/3123/3125 2324/3122/3126 2304/3059/3088
f 2295/3050/3087 2304/3059/3088 2324/3122/3126 2315/3131/3109
f 2335/3091/3127 2337/3090/3128 2346/3102/3129
f 2337/3090/3128 2315/3071/3109 2324/3089/3126 2346/3102/3129
f 2325/3070/3107 2347/3092/3130 2356/3111/3131 2334/3072/3108
f 2347/3092/3130 2336/3093/3132 2356/3111/3131
f 2315/3071/3109 2337/3090/3128 2338/3094/3133 2316/3081/3110
f 2337/3090/3128 2335/3091/3127 2338/3094/3133
f 2316/3081/3110 2338/3094/3133 2339/3095/3134 2317/3082/3119
f 2338/3094/3133 2335/3091/3127 2339/3095/3134
f 2317/3082/3119 2339/3095/3134 2340/3096/3135 2318/3083/3120
f 2339/3095/3134 2335/3091/3127 2340/3096/3135
f 2318/3083/3120 2340/3096/3135 2341/3097/3136 2319/3084/3121
f 2340/3096/3135 2335/3091/3127 2341/3097/3136
f 2319/3084/3121 2341/3097/3136 2342/3098/3137 2320/3085/3122
f 2341/3097/3136 2335/3091/3127 2342/3098/3137
f 2320/3085/3122 2342/3098/3137 2343/3099/3138 2321/3086/3123
f 2342/3098/3137 2335/3091/3127 2343/3099/3138
f 2321/3086/3123 2343/3099/3138 2344/3100/3139 2322/3087/3124
f 2343/3099/3138 2335/3091/3127 2344/3100/3139
f 2322/3087/3124 2344/3100/3139 2345/3101/3140 2323/3088/3125
f 2344/3100/3139 2335/3091/3127 2345/3101/3140
f 2323/3088/3125 2345/3101/3140 2346/3102/3129 2324/3089/3126
f 2345/3101/3140 2335/3091/3127 2346/3102/3129
f 2336/3093/3132 2347/3092/3130 2348/3103/3141
f 2347/3092/3130 2325/3070/3107 2326/3080/3118 2348/3103/3141
f 2336/3093/3132 2348/3103/3141 2349/3104/3142
f 2348/3103/3141 2326/3080/3118 2327/3079/3117 2349/3104/3142
f 2336/3093/3132 2349/3104/3142 2350/3105/3143
f 2349/3104/3142 2327/3079/3117 2328/3078/3116 2350/3105/3143
f 2336/3093/3132 2350/3105/3143 2351/3106/3144
f 2350/3105/3143 2328/3078/3116 2329/3077/3115 2351/3106/3144
f 2336/3093/3132 2351/3106/3144 2352/3107/3145
f 2351/3106/3144 2329/3077/3115 2330/3076/3114 2352/3107/3145
f 2336/3093/3132 2352/3107/3145 2353/3108/3146
f 2352/3107/3145 2330/3076/3114 2331/3075/3113 2353/3108/3146
f 2336/3093/3132 2353/3108/3146 2354/3109/3147
f 2353/3108/3146 2331/3075/3113 2332/3074/3112 2354/3109/3147
f 2336/3093/3132 2354/3109/3147 2355/3110/3148
f 2354/3109/3147 2332/3074/3112 2333/3073/3111 2355/3110/3148
f 2336/3093/3132 2355/3110/3148 2356/3111/3131
f 2355/3110/3148 2333/3073/3111 2334/3072/3108 2356/3111/3131
g default
v 196.459398 137.373310 167.764095
v 194.403819 137.373310 164.406971
v 190.767554 137.373310 162.899274
v 186.939563 137.373310 163.816859
v 184.381964 137.373310 166.809187
v 184.071733 137.373310 170.733442
v 186.127282 137.373310 174.090476
v 189.763578 137.373310 175.598263
v 193.591580 137.373310 174.680677
v 196.149189 137.373310 171.688335
v 196.459398 156.393185 167.764095
v 194.403819 156.393185 164.406971
v 190.767554 156.393185 162.899274
v 186.939563 156.393185 163.816859
v 184.381964 156.393185 166.809187
v 184.071733 156.393185 170.733442
v 186.127282 156.393185 174.090476
v 189.763578 156.393185 175.598263
v 193.591580 156.393185 174.680677
v 196.149189 156.393185 171.688335
v 195.950298 135.832865 167.886142
v 194.063713 135.832865 164.804980
v 190.726323 135.832865 163.421178
v 187.212955 135.832865 164.263381
v 184.865588 135.832865 167.009778
v 184.580834 135.832865 170.611395
v 186.467440 135.832865 173.692543
v 189.804830 135.832865 175.076344
v 193.318207 135.832865 174.234246
v 195.665533 135.832865 171.487772
v 195.950298 157.933630 167.886142
v 194.063713 157.933630 164.804980
v 190.726323 157.933630 163.421178
v 187.212955 157.933630 164.263381
v 184.865588 157.933630 167.009778
v 184.580834 157.933630 170.611395
v 186.467440 157.933630 173.692543
v 189.804830 157.933630 175.076344
v 193.318207 157.933630 174.234246
v 195.665533 157.933630 171.487772
v 195.441181 135.832865 168.008191
v 193.723513 135.832865 165.202943
v 190.685050 135.832865 163.943123
v 187.486328 135.832865 164.709812
v 185.349166 135.832865 167.210281
v 185.089951 135.832865 170.489346
v 186.807545 135.832865 173.294534
v 189.846060 135.832865 174.554429
v 193.044800 135.832865 173.787738
v 195.181941 135.832865 171.287283
v 195.441181 157.933630 168.008191
v 193.723513 157.933630 165.202943
v 190.685050 157.933630 163.943123
v 187.486328 157.933630 164.709812
v 185.349166 157.933630 167.210281
v 185.089951 157.933630 170.489346
v 186.807545 157.933630 173.294534
v 189.846060 157.933630 174.554429
v 193.044800 157.933630 173.787738
v 195.181941 157.933630 171.287283
v 190.265539 136.383125 169.248725
v 190.265539 157.383370 169.248725
v 195.330668 136.204146 168.034632
v 193.649691 136.204146 165.289296
v 190.676121 136.204146 164.056371
v 187.545631 136.204146 164.806722
v 185.454150 136.204146 167.253788
v 185.200499 136.204146 170.462865
v 186.881462 136.204146 173.208226
v 189.855026 136.204146 174.441152
v 192.985490 136.204146 173.690828
v 195.076992 136.204146 171.243736
v 195.330668 157.562348 168.034632
v 193.649691 157.562348 165.289296
v 190.676121 157.562348 164.056371
v 187.545631 157.562348 164.806722
v 185.454150 157.562348 167.253788
v 185.200499 157.562348 170.462865
v 186.881462 157.562348 173.208226
v 189.855026 157.562348 174.441152
v 192.985490 157.562348 173.690828
v 195.076992 157.562348 171.243736
vt 0.189189 0.064750
vt 0.189189 0.098401
vt 0.195765 0.064750
vt 0.195765 0.098401
vt 0.202329 0.064750
vt 0.202329 0.098401
vt 0.208859 0.064750
vt 0.208859 0.098401
vt 0.215283 0.064750
vt 0.215283 0.098401
vt 0.221712 0.064750
vt 0.156730 0.098401
vt 0.163105 0.064750
vt 0.163105 0.098401
vt 0.169530 0.064750
vt 0.169530 0.098401
vt 0.176061 0.064750
vt 0.176061 0.098401
vt 0.182627 0.064750
vt 0.182627 0.098401
vt 0.189189 0.061972
vt 0.195765 0.061972
vt 0.202329 0.061972
vt 0.208859 0.061972
vt 0.215283 0.061972
vt 0.221712 0.061972
vt 0.163105 0.061972
vt 0.169530 0.061972
vt 0.176061 0.061972
vt 0.182627 0.061972
vt 0.189189 0.101203
vt 0.195765 0.101203
vt 0.202329 0.101203
vt 0.208859 0.101203
vt 0.215283 0.101203
vt 0.156730 0.101203
vt 0.163105 0.101203
vt 0.169530 0.101203
vt 0.176061 0.101203
vt 0.182627 0.101203
vt 0.237006 0.032992
vt 0.306943 0.253598
vt 0.240491 0.028195
vt 0.240492 0.022266
vt 0.237008 0.017468
vt 0.231369 0.015635
vt 0.225729 0.017467
vt 0.222243 0.022263
vt 0.222242 0.028193
vt 0.225727 0.032990
vt 0.231366 0.034823
vt 0.305110 0.247959
vt 0.300313 0.244474
vt 0.294384 0.244475
vt 0.289587 0.247960
vt 0.287755 0.253600
vt 0.289588 0.259239
vt 0.294386 0.262724
vt 0.300315 0.262723
vt 0.305112 0.259237
vt 0.306275 0.253594
vt 0.297349 0.253599
vt 0.236616 0.032448
vt 0.231367 0.025229
vt 0.304567 0.248348
vt 0.300103 0.245109
vt 0.294586 0.245112
vt 0.290126 0.248357
vt 0.288424 0.253604
vt 0.290132 0.258849
vt 0.294596 0.262089
vt 0.300112 0.262086
vt 0.304573 0.258841
vt 0.231370 0.034154
vt 0.226124 0.032452
vt 0.222880 0.027990
vt 0.222878 0.022474
vt 0.226119 0.018010
vt 0.231365 0.016304
vt 0.236611 0.018007
vt 0.239855 0.022468
vt 0.239857 0.027985
vt 0.182627 0.102000
vt 0.176061 0.102000
vt 0.169530 0.102000
vt 0.163105 0.102000
vt 0.157708 0.102000
vt 0.215283 0.102000
vt 0.208859 0.102000
vt 0.202329 0.102000
vt 0.195765 0.102000
vt 0.189189 0.102000
vt 0.182627 0.061172
vt 0.176061 0.061172
vt 0.169530 0.061172
vt 0.163105 0.061172
vt 0.220798 0.061172
vt 0.215283 0.061172
vt 0.208859 0.061172
vt 0.202329 0.061172
vt 0.195765 0.061172
vt 0.189189 0.061172
vt 0.220435 0.102000
vt 0.158057 0.061172
vt 0.156730 0.061972
vt 0.221712 0.101203
vt 0.156730 0.064750
vt 0.221712 0.098401
vn 0.972195 0.023038 -0.233039
vn 0.972195 -0.023039 -0.233039
vn 0.649548 -0.023038 -0.759972
vn 0.649548 0.023038 -0.759971
vn 0.078791 -0.023039 -0.996625
vn 0.078791 0.023039 -0.996625
vn -0.522051 -0.023040 -0.852603
vn -0.522052 0.023040 -0.852603
vn -0.923498 -0.023039 -0.382911
vn -0.923498 0.023039 -0.382911
vn -0.972196 -0.023038 0.233035
vn -0.972196 0.023038 0.233035
vn -0.649548 -0.023038 0.759971
vn -0.649548 0.023038 0.759971
vn -0.078803 -0.023038 0.996624
vn -0.078803 0.023037 0.996624
vn 0.522051 -0.023038 0.852603
vn 0.522052 0.023038 0.852603
vn 0.923498 -0.023039 0.382910
vn 0.923498 0.023039 0.382910
vn 0.843528 -0.497574 -0.202190
vn 0.801273 -0.497577 0.332232
vn 0.563585 -0.497575 -0.659387
vn 0.068363 -0.497576 -0.864722
vn -0.452963 -0.497577 -0.739758
vn -0.801275 -0.497573 -0.332233
vn -0.843532 -0.497567 0.202193
vn -0.563583 -0.497565 0.659396
vn -0.068375 -0.497568 0.864726
vn 0.452958 -0.497570 0.739766
vn 0.843528 0.497574 -0.202190
vn 0.563586 0.497575 -0.659386
vn 0.068364 0.497576 -0.864722
vn -0.452964 0.497577 -0.739757
vn -0.801278 0.497571 -0.332230
vn -0.843533 0.497565 0.202192
vn -0.563584 0.497564 0.659396
vn -0.068376 0.497567 0.864727
vn 0.452961 0.497569 0.739764
vn 0.801275 0.497577 0.332229
vn -0.400848 0.911093 0.096072
vn -0.380764 0.911093 -0.157887
vn -0.400836 -0.911099 0.096071
vn -0.267798 -0.911099 0.313341
vn -0.215236 0.911095 -0.351539
vn 0.032492 0.911094 -0.410915
vn 0.267836 0.911094 -0.313322
vn 0.400839 0.911097 -0.096077
vn 0.380781 0.911088 0.157875
vn 0.215260 0.911082 0.351558
vn -0.032486 0.911086 0.410934
vn -0.267824 0.911091 0.313341
vn -0.032476 -0.911087 0.410933
vn 0.215245 -0.911084 0.351563
vn 0.380784 -0.911087 0.157875
vn 0.400855 -0.911089 -0.096081
vn 0.267836 -0.911094 -0.313324
vn 0.032486 -0.911095 -0.410915
vn -0.215238 -0.911095 -0.351537
vn -0.380764 -0.911093 -0.157886
vn 0.000000 -1.000000 0.000000
vn -0.202116 -0.978162 0.048451
vn -0.191993 -0.978163 -0.079601
vn -0.202114 0.978163 0.048451
vn -0.191990 0.978163 -0.079601
vn -0.000001 1.000000 0.000000
vn -0.135040 -0.978162 0.157997
vn -0.016378 -0.978163 0.207194
vn 0.108536 -0.978162 0.177253
vn 0.191989 -0.978163 0.079608
vn 0.202118 -0.978162 -0.048450
vn 0.135037 -0.978162 -0.158002
vn 0.016382 -0.978163 -0.207193
vn -0.108535 -0.978163 -0.177248
vn -0.135048 0.978161 0.157997
vn -0.016385 0.978163 0.207195
vn 0.108542 0.978162 0.177251
vn 0.191996 0.978162 0.079606
vn 0.202118 0.978162 -0.048449
vn 0.135036 0.978162 -0.158001
vn 0.016377 0.978163 -0.207192
vn -0.108539 0.978163 -0.177248
s 1
g S_U_14 group1 Cans_Atonofcans Can_Guna_06
usemtl S_P29_01_aiStandardSurface5SG
f 2367/3139/3149 2357/3138/3150 2358/3140/3151 2368/3141/3152
f 2368/3141/3152 2358/3140/3151 2359/3142/3153 2369/3143/3154
f 2369/3143/3154 2359/3142/3153 2360/3144/3155 2370/3145/3156
f 2370/3145/3156 2360/3144/3155 2361/3146/3157 2371/3147/3158
f 2371/3147/3158 2361/3146/3157 2362/3148/3159 2372/3245/3160
f 2372/3149/3160 2362/3244/3159 2363/3150/3161 2373/3151/3162
f 2373/3151/3162 2363/3150/3161 2364/3152/3163 2374/3153/3164
f 2374/3153/3164 2364/3152/3163 2365/3154/3165 2375/3155/3166
f 2375/3155/3166 2365/3154/3165 2366/3156/3167 2376/3157/3168
f 2367/3139/3149 2376/3157/3168 2366/3156/3167 2357/3138/3150
f 2377/3158/3169 2357/3138/3150 2366/3156/3167 2386/3167/3170
f 2377/3158/3169 2378/3159/3171 2358/3140/3151 2357/3138/3150
f 2378/3159/3171 2379/3160/3172 2359/3142/3153 2358/3140/3151
f 2379/3160/3172 2380/3161/3173 2360/3144/3155 2359/3142/3153
f 2380/3161/3173 2381/3162/3174 2361/3146/3157 2360/3144/3155
f 2381/3162/3174 2382/3163/3175 2362/3148/3159 2361/3146/3157
f 2382/3242/3175 2383/3164/3176 2363/3150/3161 2362/3244/3159
f 2383/3164/3176 2384/3165/3177 2364/3152/3163 2363/3150/3161
f 2384/3165/3177 2385/3166/3178 2365/3154/3165 2364/3152/3163
f 2385/3166/3178 2386/3167/3170 2366/3156/3167 2365/3154/3165
f 2387/3168/3179 2367/3139/3149 2368/3141/3152 2388/3169/3180
f 2388/3169/3180 2368/3141/3152 2369/3143/3154 2389/3170/3181
f 2389/3170/3181 2369/3143/3154 2370/3145/3156 2390/3171/3182
f 2390/3171/3182 2370/3145/3156 2371/3147/3158 2391/3172/3183
f 2391/3172/3183 2371/3147/3158 2372/3245/3160 2392/3243/3184
f 2392/3173/3184 2372/3149/3160 2373/3151/3162 2393/3174/3185
f 2393/3174/3185 2373/3151/3162 2374/3153/3164 2394/3175/3186
f 2394/3175/3186 2374/3153/3164 2375/3155/3166 2395/3176/3187
f 2395/3176/3187 2375/3155/3166 2376/3157/3168 2396/3177/3188
f 2387/3168/3179 2396/3177/3188 2376/3157/3168 2367/3139/3149
f 2387/3168/3179 2407/3229/3189 2416/3220/3190 2396/3177/3188
f 2377/3158/3169 2397/3239/3191 2398/3238/3192 2378/3159/3171
f 2395/3176/3187 2396/3177/3188 2416/3220/3190 2415/3221/3193
f 2394/3175/3186 2395/3176/3187 2415/3221/3193 2414/3222/3194
f 2393/3174/3185 2394/3175/3186 2414/3222/3194 2413/3223/3195
f 2392/3173/3184 2393/3174/3185 2413/3223/3195 2412/3224/3196
f 2391/3172/3183 2392/3243/3184 2412/3240/3196 2411/3225/3197
f 2390/3171/3182 2391/3172/3183 2411/3225/3197 2410/3226/3198
f 2389/3170/3181 2390/3171/3182 2410/3226/3198 2409/3227/3199
f 2388/3169/3180 2389/3170/3181 2409/3227/3199 2408/3228/3200
f 2387/3168/3179 2388/3169/3180 2408/3228/3200 2407/3229/3189
f 2378/3159/3171 2398/3238/3192 2399/3237/3201 2379/3160/3172
f 2379/3160/3172 2399/3237/3201 2400/3236/3202 2380/3161/3173
f 2380/3161/3173 2400/3236/3202 2401/3235/3203 2381/3162/3174
f 2381/3162/3174 2401/3235/3203 2402/3234/3204 2382/3163/3175
f 2382/3242/3175 2402/3241/3204 2403/3233/3205 2383/3164/3176
f 2383/3164/3176 2403/3233/3205 2404/3232/3206 2384/3165/3177
f 2384/3165/3177 2404/3232/3206 2405/3231/3207 2385/3166/3178
f 2385/3166/3178 2405/3231/3207 2406/3230/3208 2386/3167/3170
f 2377/3158/3169 2386/3167/3170 2406/3230/3208 2397/3239/3191
f 2417/3199/3209 2419/3198/3210 2428/3210/3211
f 2419/3198/3210 2397/3179/3191 2406/3197/3208 2428/3210/3211
f 2407/3178/3189 2429/3200/3212 2438/3219/3213 2416/3180/3190
f 2429/3200/3212 2418/3201/3214 2438/3219/3213
f 2397/3179/3191 2419/3198/3210 2420/3202/3215 2398/3189/3192
f 2419/3198/3210 2417/3199/3209 2420/3202/3215
f 2398/3189/3192 2420/3202/3215 2421/3203/3216 2399/3190/3201
f 2420/3202/3215 2417/3199/3209 2421/3203/3216
f 2399/3190/3201 2421/3203/3216 2422/3204/3217 2400/3191/3202
f 2421/3203/3216 2417/3199/3209 2422/3204/3217
f 2400/3191/3202 2422/3204/3217 2423/3205/3218 2401/3192/3203
f 2422/3204/3217 2417/3199/3209 2423/3205/3218
f 2401/3192/3203 2423/3205/3218 2424/3206/3219 2402/3193/3204
f 2423/3205/3218 2417/3199/3209 2424/3206/3219
f 2402/3193/3204 2424/3206/3219 2425/3207/3220 2403/3194/3205
f 2424/3206/3219 2417/3199/3209 2425/3207/3220
f 2403/3194/3205 2425/3207/3220 2426/3208/3221 2404/3195/3206
f 2425/3207/3220 2417/3199/3209 2426/3208/3221
f 2404/3195/3206 2426/3208/3221 2427/3209/3222 2405/3196/3207
f 2426/3208/3221 2417/3199/3209 2427/3209/3222
f 2405/3196/3207 2427/3209/3222 2428/3210/3211 2406/3197/3208
f 2427/3209/3222 2417/3199/3209 2428/3210/3211
f 2418/3201/3214 2429/3200/3212 2430/3211/3223
f 2429/3200/3212 2407/3178/3189 2408/3188/3200 2430/3211/3223
f 2418/3201/3214 2430/3211/3223 2431/3212/3224
f 2430/3211/3223 2408/3188/3200 2409/3187/3199 2431/3212/3224
f 2418/3201/3214 2431/3212/3224 2432/3213/3225
f 2431/3212/3224 2409/3187/3199 2410/3186/3198 2432/3213/3225
f 2418/3201/3214 2432/3213/3225 2433/3214/3226
f 2432/3213/3225 2410/3186/3198 2411/3185/3197 2433/3214/3226
f 2418/3201/3214 2433/3214/3226 2434/3215/3227
f 2433/3214/3226 2411/3185/3197 2412/3184/3196 2434/3215/3227
f 2418/3201/3214 2434/3215/3227 2435/3216/3228
f 2434/3215/3227 2412/3184/3196 2413/3183/3195 2435/3216/3228
f 2418/3201/3214 2435/3216/3228 2436/3217/3229
f 2435/3216/3228 2413/3183/3195 2414/3182/3194 2436/3217/3229
f 2418/3201/3214 2436/3217/3229 2437/3218/3230
f 2436/3217/3229 2414/3182/3194 2415/3181/3193 2437/3218/3230
f 2418/3201/3214 2437/3218/3230 2438/3219/3213
f 2437/3218/3230 2415/3181/3193 2416/3180/3190 2438/3219/3213
g default
v 216.570758 137.373310 167.764095
v 214.515179 137.373310 164.406971
v 210.878914 137.373310 162.899274
v 207.050923 137.373310 163.816859
v 204.493323 137.373310 166.809187
v 204.183093 137.373310 170.733442
v 206.238642 137.373310 174.090476
v 209.874938 137.373310 175.598263
v 213.702939 137.373310 174.680677
v 216.260549 137.373310 171.688335
v 216.570758 156.393185 167.764095
v 214.515179 156.393185 164.406971
v 210.878914 156.393185 162.899274
v 207.050923 156.393185 163.816859
v 204.493323 156.393185 166.809187
v 204.183093 156.393185 170.733442
v 206.238642 156.393185 174.090476
v 209.874938 156.393185 175.598263
v 213.702939 156.393185 174.680677
v 216.260549 156.393185 171.688335
v 216.061658 135.832865 167.886142
v 214.175073 135.832865 164.804980
v 210.837682 135.832865 163.421178
v 207.324315 135.832865 164.263381
v 204.976948 135.832865 167.009778
v 204.692193 135.832865 170.611395
v 206.578800 135.832865 173.692543
v 209.916190 135.832865 175.076344
v 213.429567 135.832865 174.234246
v 215.776893 135.832865 171.487772
v 216.061658 157.933630 167.886142
v 214.175073 157.933630 164.804980
v 210.837682 157.933630 163.421178
v 207.324315 157.933630 164.263381
v 204.976948 157.933630 167.009778
v 204.692193 157.933630 170.611395
v 206.578800 157.933630 173.692543
v 209.916190 157.933630 175.076344
v 213.429567 157.933630 174.234246
v 215.776893 157.933630 171.487772
v 215.552540 135.832865 168.008191
v 213.834873 135.832865 165.202943
v 210.796410 135.832865 163.943123
v 207.597688 135.832865 164.709812
v 205.460525 135.832865 167.210281
v 205.201311 135.832865 170.489346
v 206.918905 135.832865 173.294534
v 209.957420 135.832865 174.554429
v 213.156159 135.832865 173.787738
v 215.293300 135.832865 171.287283
v 215.552540 157.933630 168.008191
v 213.834873 157.933630 165.202943
v 210.796410 157.933630 163.943123
v 207.597688 157.933630 164.709812
v 205.460525 157.933630 167.210281
v 205.201311 157.933630 170.489346
v 206.918905 157.933630 173.294534
v 209.957420 157.933630 174.554429
v 213.156159 157.933630 173.787738
v 215.293300 157.933630 171.287283
v 210.376899 136.383125 169.248725
v 210.376899 157.383370 169.248725
v 215.442027 136.204146 168.034632
v 213.761050 136.204146 165.289296
v 210.787481 136.204146 164.056371
v 207.656991 136.204146 164.806722
v 205.565510 136.204146 167.253788
v 205.311859 136.204146 170.462865
v 206.992822 136.204146 173.208226
v 209.966386 136.204146 174.441152
v 213.096850 136.204146 173.690828
v 215.188351 136.204146 171.243736
v 215.442027 157.562348 168.034632
v 213.761050 157.562348 165.289296
v 210.787481 157.562348 164.056371
v 207.656991 157.562348 164.806722
v 205.565510 157.562348 167.253788
v 205.311859 157.562348 170.462865
v 206.992822 157.562348 173.208226
v 209.966386 157.562348 174.441152
v 213.096850 157.562348 173.690828
v 215.188351 157.562348 171.243736
vt 0.189189 0.064750
vt 0.189189 0.098401
vt 0.195765 0.064750
vt 0.195765 0.098401
vt 0.202329 0.064750
vt 0.202329 0.098401
vt 0.208859 0.064750
vt 0.208859 0.098401
vt 0.215283 0.064750
vt 0.215283 0.098401
vt 0.221712 0.064750
vt 0.156730 0.098401
vt 0.163105 0.064750
vt 0.163105 0.098401
vt 0.169530 0.064750
vt 0.169530 0.098401
vt 0.176061 0.064750
vt 0.176061 0.098401
vt 0.182627 0.064750
vt 0.182627 0.098401
vt 0.189189 0.061972
vt 0.195765 0.061972
vt 0.202329 0.061972
vt 0.208859 0.061972
vt 0.215283 0.061972
vt 0.221712 0.061972
vt 0.163105 0.061972
vt 0.169530 0.061972
vt 0.176061 0.061972
vt 0.182627 0.061972
vt 0.189189 0.101203
vt 0.195765 0.101203
vt 0.202329 0.101203
vt 0.208859 0.101203
vt 0.215283 0.101203
vt 0.156730 0.101203
vt 0.163105 0.101203
vt 0.169530 0.101203
vt 0.176061 0.101203
vt 0.182627 0.101203
vt 0.237006 0.032992
vt 0.306943 0.253598
vt 0.240491 0.028195
vt 0.240492 0.022266
vt 0.237008 0.017468
vt 0.231369 0.015635
vt 0.225729 0.017467
vt 0.222243 0.022263
vt 0.222242 0.028193
vt 0.225727 0.032990
vt 0.231366 0.034823
vt 0.305110 0.247959
vt 0.300313 0.244474
vt 0.294384 0.244475
vt 0.289587 0.247960
vt 0.287755 0.253600
vt 0.289588 0.259239
vt 0.294386 0.262724
vt 0.300315 0.262723
vt 0.305112 0.259237
vt 0.306275 0.253594
vt 0.297349 0.253599
vt 0.236616 0.032448
vt 0.231367 0.025229
vt 0.304567 0.248348
vt 0.300103 0.245109
vt 0.294586 0.245112
vt 0.290126 0.248357
vt 0.288424 0.253604
vt 0.290132 0.258849
vt 0.294596 0.262089
vt 0.300112 0.262086
vt 0.304573 0.258841
vt 0.231370 0.034154
vt 0.226124 0.032452
vt 0.222880 0.027990
vt 0.222878 0.022474
vt 0.226119 0.018010
vt 0.231365 0.016304
vt 0.236611 0.018007
vt 0.239855 0.022468
vt 0.239857 0.027985
vt 0.182627 0.102000
vt 0.176061 0.102000
vt 0.169530 0.102000
vt 0.163105 0.102000
vt 0.157708 0.102000
vt 0.215283 0.102000
vt 0.208859 0.102000
vt 0.202329 0.102000
vt 0.195765 0.102000
vt 0.189189 0.102000
vt 0.182627 0.061172
vt 0.176061 0.061172
vt 0.169530 0.061172
vt 0.163105 0.061172
vt 0.220798 0.061172
vt 0.215283 0.061172
vt 0.208859 0.061172
vt 0.202329 0.061172
vt 0.195765 0.061172
vt 0.189189 0.061172
vt 0.220435 0.102000
vt 0.158057 0.061172
vt 0.156730 0.061972
vt 0.221712 0.101203
vt 0.156730 0.064750
vt 0.221712 0.098401
vn 0.972195 0.023038 -0.233039
vn 0.972195 -0.023039 -0.233039
vn 0.649548 -0.023038 -0.759972
vn 0.649548 0.023038 -0.759971
vn 0.078791 -0.023039 -0.996625
vn 0.078791 0.023039 -0.996625
vn -0.522051 -0.023040 -0.852603
vn -0.522052 0.023040 -0.852603
vn -0.923498 -0.023039 -0.382911
vn -0.923498 0.023039 -0.382911
vn -0.972196 -0.023038 0.233035
vn -0.972196 0.023038 0.233035
vn -0.649548 -0.023038 0.759971
vn -0.649548 0.023038 0.759971
vn -0.078803 -0.023038 0.996624
vn -0.078803 0.023037 0.996624
vn 0.522051 -0.023038 0.852603
vn 0.522052 0.023038 0.852603
vn 0.923498 -0.023039 0.382910
vn 0.923498 0.023039 0.382910
vn 0.843528 -0.497574 -0.202190
vn 0.801273 -0.497577 0.332232
vn 0.563585 -0.497575 -0.659387
vn 0.068363 -0.497576 -0.864722
vn -0.452963 -0.497577 -0.739758
vn -0.801275 -0.497573 -0.332233
vn -0.843532 -0.497567 0.202193
vn -0.563583 -0.497565 0.659396
vn -0.068375 -0.497568 0.864726
vn 0.452958 -0.497570 0.739766
vn 0.843528 0.497574 -0.202190
vn 0.563586 0.497575 -0.659386
vn 0.068364 0.497576 -0.864722
vn -0.452964 0.497577 -0.739757
vn -0.801278 0.497571 -0.332230
vn -0.843533 0.497565 0.202192
vn -0.563584 0.497564 0.659396
vn -0.068376 0.497567 0.864727
vn 0.452961 0.497569 0.739764
vn 0.801275 0.497577 0.332229
vn -0.400848 0.911093 0.096072
vn -0.380764 0.911093 -0.157887
vn -0.400836 -0.911099 0.096071
vn -0.267798 -0.911099 0.313341
vn -0.215236 0.911095 -0.351539
vn 0.032492 0.911094 -0.410915
vn 0.267836 0.911094 -0.313322
vn 0.400839 0.911097 -0.096077
vn 0.380781 0.911088 0.157875
vn 0.215260 0.911082 0.351558
vn -0.032486 0.911086 0.410934
vn -0.267824 0.911091 0.313341
vn -0.032476 -0.911087 0.410933
vn 0.215245 -0.911084 0.351563
vn 0.380784 -0.911087 0.157875
vn 0.400855 -0.911089 -0.096081
vn 0.267836 -0.911094 -0.313324
vn 0.032486 -0.911095 -0.410915
vn -0.215238 -0.911095 -0.351537
vn -0.380764 -0.911093 -0.157886
vn 0.000000 -1.000000 0.000000
vn -0.202116 -0.978162 0.048451
vn -0.191993 -0.978163 -0.079601
vn -0.202114 0.978163 0.048451
vn -0.191990 0.978163 -0.079601
vn -0.000001 1.000000 0.000000
vn -0.135040 -0.978162 0.157997
vn -0.016378 -0.978163 0.207194
vn 0.108536 -0.978162 0.177253
vn 0.191989 -0.978163 0.079608
vn 0.202118 -0.978162 -0.048450
vn 0.135037 -0.978162 -0.158002
vn 0.016382 -0.978163 -0.207193
vn -0.108535 -0.978163 -0.177248
vn -0.135048 0.978161 0.157997
vn -0.016385 0.978163 0.207195
vn 0.108542 0.978162 0.177251
vn 0.191996 0.978162 0.079606
vn 0.202118 0.978162 -0.048449
vn 0.135036 0.978162 -0.158001
vn 0.016377 0.978163 -0.207192
vn -0.108539 0.978163 -0.177248
s 1
g S_U_14 group1 Cans_Atonofcans Can_Guna_07
usemtl S_P29_01_aiStandardSurface5SG
f 2449/3247/3231 2439/3246/3232 2440/3248/3233 2450/3249/3234
f 2450/3249/3234 2440/3248/3233 2441/3250/3235 2451/3251/3236
f 2451/3251/3236 2441/3250/3235 2442/3252/3237 2452/3253/3238
f 2452/3253/3238 2442/3252/3237 2443/3254/3239 2453/3255/3240
f 2453/3255/3240 2443/3254/3239 2444/3256/3241 2454/3353/3242
f 2454/3257/3242 2444/3352/3241 2445/3258/3243 2455/3259/3244
f 2455/3259/3244 2445/3258/3243 2446/3260/3245 2456/3261/3246
f 2456/3261/3246 2446/3260/3245 2447/3262/3247 2457/3263/3248
f 2457/3263/3248 2447/3262/3247 2448/3264/3249 2458/3265/3250
f 2449/3247/3231 2458/3265/3250 2448/3264/3249 2439/3246/3232
f 2459/3266/3251 2439/3246/3232 2448/3264/3249 2468/3275/3252
f 2459/3266/3251 2460/3267/3253 2440/3248/3233 2439/3246/3232
f 2460/3267/3253 2461/3268/3254 2441/3250/3235 2440/3248/3233
f 2461/3268/3254 2462/3269/3255 2442/3252/3237 2441/3250/3235
f 2462/3269/3255 2463/3270/3256 2443/3254/3239 2442/3252/3237
f 2463/3270/3256 2464/3271/3257 2444/3256/3241 2443/3254/3239
f 2464/3350/3257 2465/3272/3258 2445/3258/3243 2444/3352/3241
f 2465/3272/3258 2466/3273/3259 2446/3260/3245 2445/3258/3243
f 2466/3273/3259 2467/3274/3260 2447/3262/3247 2446/3260/3245
f 2467/3274/3260 2468/3275/3252 2448/3264/3249 2447/3262/3247
f 2469/3276/3261 2449/3247/3231 2450/3249/3234 2470/3277/3262
f 2470/3277/3262 2450/3249/3234 2451/3251/3236 2471/3278/3263
f 2471/3278/3263 2451/3251/3236 2452/3253/3238 2472/3279/3264
f 2472/3279/3264 2452/3253/3238 2453/3255/3240 2473/3280/3265
f 2473/3280/3265 2453/3255/3240 2454/3353/3242 2474/3351/3266
f 2474/3281/3266 2454/3257/3242 2455/3259/3244 2475/3282/3267
f 2475/3282/3267 2455/3259/3244 2456/3261/3246 2476/3283/3268
f 2476/3283/3268 2456/3261/3246 2457/3263/3248 2477/3284/3269
f 2477/3284/3269 2457/3263/3248 2458/3265/3250 2478/3285/3270
f 2469/3276/3261 2478/3285/3270 2458/3265/3250 2449/3247/3231
f 2469/3276/3261 2489/3337/3271 2498/3328/3272 2478/3285/3270
f 2459/3266/3251 2479/3347/3273 2480/3346/3274 2460/3267/3253
f 2477/3284/3269 2478/3285/3270 2498/3328/3272 2497/3329/3275
f 2476/3283/3268 2477/3284/3269 2497/3329/3275 2496/3330/3276
f 2475/3282/3267 2476/3283/3268 2496/3330/3276 2495/3331/3277
f 2474/3281/3266 2475/3282/3267 2495/3331/3277 2494/3332/3278
f 2473/3280/3265 2474/3351/3266 2494/3348/3278 2493/3333/3279
f 2472/3279/3264 2473/3280/3265 2493/3333/3279 2492/3334/3280
f 2471/3278/3263 2472/3279/3264 2492/3334/3280 2491/3335/3281
f 2470/3277/3262 2471/3278/3263 2491/3335/3281 2490/3336/3282
f 2469/3276/3261 2470/3277/3262 2490/3336/3282 2489/3337/3271
f 2460/3267/3253 2480/3346/3274 2481/3345/3283 2461/3268/3254
f 2461/3268/3254 2481/3345/3283 2482/3344/3284 2462/3269/3255
f 2462/3269/3255 2482/3344/3284 2483/3343/3285 2463/3270/3256
f 2463/3270/3256 2483/3343/3285 2484/3342/3286 2464/3271/3257
f 2464/3350/3257 2484/3349/3286 2485/3341/3287 2465/3272/3258
f 2465/3272/3258 2485/3341/3287 2486/3340/3288 2466/3273/3259
f 2466/3273/3259 2486/3340/3288 2487/3339/3289 2467/3274/3260
f 2467/3274/3260 2487/3339/3289 2488/3338/3290 2468/3275/3252
f 2459/3266/3251 2468/3275/3252 2488/3338/3290 2479/3347/3273
f 2499/3307/3291 2501/3306/3292 2510/3318/3293
f 2501/3306/3292 2479/3287/3273 2488/3305/3290 2510/3318/3293
f 2489/3286/3271 2511/3308/3294 2520/3327/3295 2498/3288/3272
f 2511/3308/3294 2500/3309/3296 2520/3327/3295
f 2479/3287/3273 2501/3306/3292 2502/3310/3297 2480/3297/3274
f 2501/3306/3292 2499/3307/3291 2502/3310/3297
f 2480/3297/3274 2502/3310/3297 2503/3311/3298 2481/3298/3283
f 2502/3310/3297 2499/3307/3291 2503/3311/3298
f 2481/3298/3283 2503/3311/3298 2504/3312/3299 2482/3299/3284
f 2503/3311/3298 2499/3307/3291 2504/3312/3299
f 2482/3299/3284 2504/3312/3299 2505/3313/3300 2483/3300/3285
f 2504/3312/3299 2499/3307/3291 2505/3313/3300
f 2483/3300/3285 2505/3313/3300 2506/3314/3301 2484/3301/3286
f 2505/3313/3300 2499/3307/3291 2506/3314/3301
f 2484/3301/3286 2506/3314/3301 2507/3315/3302 2485/3302/3287
f 2506/3314/3301 2499/3307/3291 2507/3315/3302
f 2485/3302/3287 2507/3315/3302 2508/3316/3303 2486/3303/3288
f 2507/3315/3302 2499/3307/3291 2508/3316/3303
f 2486/3303/3288 2508/3316/3303 2509/3317/3304 2487/3304/3289
f 2508/3316/3303 2499/3307/3291 2509/3317/3304
f 2487/3304/3289 2509/3317/3304 2510/3318/3293 2488/3305/3290
f 2509/3317/3304 2499/3307/3291 2510/3318/3293
f 2500/3309/3296 2511/3308/3294 2512/3319/3305
f 2511/3308/3294 2489/3286/3271 2490/3296/3282 2512/3319/3305
f 2500/3309/3296 2512/3319/3305 2513/3320/3306
f 2512/3319/3305 2490/3296/3282 2491/3295/3281 2513/3320/3306
f 2500/3309/3296 2513/3320/3306 2514/3321/3307
f 2513/3320/3306 2491/3295/3281 2492/3294/3280 2514/3321/3307
f 2500/3309/3296 2514/3321/3307 2515/3322/3308
f 2514/3321/3307 2492/3294/3280 2493/3293/3279 2515/3322/3308
f 2500/3309/3296 2515/3322/3308 2516/3323/3309
f 2515/3322/3308 2493/3293/3279 2494/3292/3278 2516/3323/3309
f 2500/3309/3296 2516/3323/3309 2517/3324/3310
f 2516/3323/3309 2494/3292/3278 2495/3291/3277 2517/3324/3310
f 2500/3309/3296 2517/3324/3310 2518/3325/3311
f 2517/3324/3310 2495/3291/3277 2496/3290/3276 2518/3325/3311
f 2500/3309/3296 2518/3325/3311 2519/3326/3312
f 2518/3325/3311 2496/3290/3276 2497/3289/3275 2519/3326/3312
f 2500/3309/3296 2519/3326/3312 2520/3327/3295
f 2519/3326/3312 2497/3289/3275 2498/3288/3272 2520/3327/3295
g default
v 319.560949 137.373310 167.764095
v 317.505370 137.373310 164.406971
v 313.869104 137.373310 162.899274
v 310.041114 137.373310 163.816859
v 307.483514 137.373310 166.809187
v 307.173284 137.373310 170.733442
v 309.228833 137.373310 174.090476
v 312.865129 137.373310 175.598263
v 316.693130 137.373310 174.680677
v 319.250740 137.373310 171.688335
v 319.560949 156.393185 167.764095
v 317.505370 156.393185 164.406971
v 313.869104 156.393185 162.899274
v 310.041114 156.393185 163.816859
v 307.483514 156.393185 166.809187
v 307.173284 156.393185 170.733442
v 309.228833 156.393185 174.090476
v 312.865129 156.393185 175.598263
v 316.693130 156.393185 174.680677
v 319.250740 156.393185 171.688335
v 319.051849 135.832865 167.886142
v 317.165264 135.832865 164.804980
v 313.827873 135.832865 163.421178
v 310.314506 135.832865 164.263381
v 307.967139 135.832865 167.009778
v 307.682384 135.832865 170.611395
v 309.568990 135.832865 173.692543
v 312.906381 135.832865 175.076344
v 316.419758 135.832865 174.234246
v 318.767084 135.832865 171.487772
v 319.051849 157.933630 167.886142
v 317.165264 157.933630 164.804980
v 313.827873 157.933630 163.421178
v 310.314506 157.933630 164.263381
v 307.967139 157.933630 167.009778
v 307.682384 157.933630 170.611395
v 309.568990 157.933630 173.692543
v 312.906381 157.933630 175.076344
v 316.419758 157.933630 174.234246
v 318.767084 157.933630 171.487772
v 318.542731 135.832865 168.008191
v 316.825064 135.832865 165.202943
v 313.786601 135.832865 163.943123
v 310.587879 135.832865 164.709812
v 308.450716 135.832865 167.210281
v 308.191502 135.832865 170.489346
v 309.909096 135.832865 173.294534
v 312.947611 135.832865 174.554429
v 316.146350 135.832865 173.787738
v 318.283491 135.832865 171.287283
v 318.542731 157.933630 168.008191
v 316.825064 157.933630 165.202943
v 313.786601 157.933630 163.943123
v 310.587879 157.933630 164.709812
v 308.450716 157.933630 167.210281
v 308.191502 157.933630 170.489346
v 309.909096 157.933630 173.294534
v 312.947611 157.933630 174.554429
v 316.146350 157.933630 173.787738
v 318.283491 157.933630 171.287283
v 313.367090 136.383125 169.248725
v 313.367090 157.383370 169.248725
v 318.432218 136.204146 168.034632
v 316.751241 136.204146 165.289296
v 313.777672 136.204146 164.056371
v 310.647182 136.204146 164.806722
v 308.555700 136.204146 167.253788
v 308.302050 136.204146 170.462865
v 309.983013 136.204146 173.208226
v 312.956577 136.204146 174.441152
v 316.087041 136.204146 173.690828
v 318.178542 136.204146 171.243736
v 318.432218 157.562348 168.034632
v 316.751241 157.562348 165.289296
v 313.777672 157.562348 164.056371
v 310.647182 157.562348 164.806722
v 308.555700 157.562348 167.253788
v 308.302050 157.562348 170.462865
v 309.983013 157.562348 173.208226
v 312.956577 157.562348 174.441152
v 316.087041 157.562348 173.690828
v 318.178542 157.562348 171.243736
vt 0.189189 0.064750
vt 0.189189 0.098401
vt 0.195765 0.064750
vt 0.195765 0.098401
vt 0.202329 0.064750
vt 0.202329 0.098401
vt 0.208859 0.064750
vt 0.208859 0.098401
vt 0.215283 0.064750
vt 0.215283 0.098401
vt 0.221712 0.064750
vt 0.156730 0.098401
vt 0.163105 0.064750
vt 0.163105 0.098401
vt 0.169530 0.064750
vt 0.169530 0.098401
vt 0.176061 0.064750
vt 0.176061 0.098401
vt 0.182627 0.064750
vt 0.182627 0.098401
vt 0.189189 0.061972
vt 0.195765 0.061972
vt 0.202329 0.061972
vt 0.208859 0.061972
vt 0.215283 0.061972
vt 0.221712 0.061972
vt 0.163105 0.061972
vt 0.169530 0.061972
vt 0.176061 0.061972
vt 0.182627 0.061972
vt 0.189189 0.101203
vt 0.195765 0.101203
vt 0.202329 0.101203
vt 0.208859 0.101203
vt 0.215283 0.101203
vt 0.156730 0.101203
vt 0.163105 0.101203
vt 0.169530 0.101203
vt 0.176061 0.101203
vt 0.182627 0.101203
vt 0.237006 0.032992
vt 0.306943 0.253598
vt 0.240491 0.028195
vt 0.240492 0.022266
vt 0.237008 0.017468
vt 0.231369 0.015635
vt 0.225729 0.017467
vt 0.222243 0.022263
vt 0.222242 0.028193
vt 0.225727 0.032990
vt 0.231366 0.034823
vt 0.305110 0.247959
vt 0.300313 0.244474
vt 0.294384 0.244475
vt 0.289587 0.247960
vt 0.287755 0.253600
vt 0.289588 0.259239
vt 0.294386 0.262724
vt 0.300315 0.262723
vt 0.305112 0.259237
vt 0.306275 0.253594
vt 0.297349 0.253599
vt 0.236616 0.032448
vt 0.231367 0.025229
vt 0.304567 0.248348
vt 0.300103 0.245109
vt 0.294586 0.245112
vt 0.290126 0.248357
vt 0.288424 0.253604
vt 0.290132 0.258849
vt 0.294596 0.262089
vt 0.300112 0.262086
vt 0.304573 0.258841
vt 0.231370 0.034154
vt 0.226124 0.032452
vt 0.222880 0.027990
vt 0.222878 0.022474
vt 0.226119 0.018010
vt 0.231365 0.016304
vt 0.236611 0.018007
vt 0.239855 0.022468
vt 0.239857 0.027985
vt 0.182627 0.102000
vt 0.176061 0.102000
vt 0.169530 0.102000
vt 0.163105 0.102000
vt 0.157708 0.102000
vt 0.215283 0.102000
vt 0.208859 0.102000
vt 0.202329 0.102000
vt 0.195765 0.102000
vt 0.189189 0.102000
vt 0.182627 0.061172
vt 0.176061 0.061172
vt 0.169530 0.061172
vt 0.163105 0.061172
vt 0.220798 0.061172
vt 0.215283 0.061172
vt 0.208859 0.061172
vt 0.202329 0.061172
vt 0.195765 0.061172
vt 0.189189 0.061172
vt 0.220435 0.102000
vt 0.158057 0.061172
vt 0.156730 0.061972
vt 0.221712 0.101203
vt 0.156730 0.064750
vt 0.221712 0.098401
vn 0.972195 0.023038 -0.233039
vn 0.972195 -0.023039 -0.233039
vn 0.649548 -0.023038 -0.759972
vn 0.649548 0.023038 -0.759971
vn 0.078791 -0.023039 -0.996625
vn 0.078791 0.023039 -0.996625
vn -0.522051 -0.023040 -0.852603
vn -0.522052 0.023040 -0.852603
vn -0.923498 -0.023039 -0.382911
vn -0.923498 0.023039 -0.382911
vn -0.972196 -0.023038 0.233035
vn -0.972196 0.023038 0.233035
vn -0.649548 -0.023038 0.759971
vn -0.649548 0.023038 0.759971
vn -0.078803 -0.023038 0.996624
vn -0.078803 0.023037 0.996624
vn 0.522051 -0.023038 0.852603
vn 0.522052 0.023038 0.852603
vn 0.923498 -0.023039 0.382910
vn 0.923498 0.023039 0.382910
vn 0.843528 -0.497574 -0.202190
vn 0.801273 -0.497577 0.332232
vn 0.563585 -0.497575 -0.659387
vn 0.068363 -0.497576 -0.864722
vn -0.452963 -0.497577 -0.739758
vn -0.801275 -0.497573 -0.332233
vn -0.843532 -0.497567 0.202193
vn -0.563583 -0.497565 0.659396
vn -0.068375 -0.497568 0.864726
vn 0.452958 -0.497570 0.739766
vn 0.843528 0.497574 -0.202190
vn 0.563586 0.497575 -0.659386
vn 0.068364 0.497576 -0.864722
vn -0.452964 0.497577 -0.739757
vn -0.801278 0.497571 -0.332230
vn -0.843533 0.497565 0.202192
vn -0.563584 0.497564 0.659396
vn -0.068376 0.497567 0.864727
vn 0.452961 0.497569 0.739764
vn 0.801275 0.497577 0.332229
vn -0.400848 0.911093 0.096072
vn -0.380764 0.911093 -0.157887
vn -0.400836 -0.911099 0.096071
vn -0.267798 -0.911099 0.313341
vn -0.215236 0.911095 -0.351539
vn 0.032492 0.911094 -0.410915
vn 0.267836 0.911094 -0.313322
vn 0.400839 0.911097 -0.096077
vn 0.380781 0.911088 0.157875
vn 0.215260 0.911082 0.351558
vn -0.032486 0.911086 0.410934
vn -0.267824 0.911091 0.313341
vn -0.032476 -0.911087 0.410933
vn 0.215245 -0.911084 0.351563
vn 0.380784 -0.911087 0.157875
vn 0.400855 -0.911089 -0.096081
vn 0.267836 -0.911094 -0.313324
vn 0.032486 -0.911095 -0.410915
vn -0.215238 -0.911095 -0.351537
vn -0.380764 -0.911093 -0.157886
vn 0.000000 -1.000000 0.000000
vn -0.202116 -0.978162 0.048451
vn -0.191993 -0.978163 -0.079601
vn -0.202114 0.978163 0.048451
vn -0.191990 0.978163 -0.079601
vn -0.000001 1.000000 0.000000
vn -0.135040 -0.978162 0.157997
vn -0.016378 -0.978163 0.207194
vn 0.108536 -0.978162 0.177253
vn 0.191989 -0.978163 0.079608
vn 0.202118 -0.978162 -0.048450
vn 0.135037 -0.978162 -0.158002
vn 0.016382 -0.978163 -0.207193
vn -0.108535 -0.978163 -0.177248
vn -0.135048 0.978161 0.157997
vn -0.016385 0.978163 0.207195
vn 0.108542 0.978162 0.177251
vn 0.191996 0.978162 0.079606
vn 0.202118 0.978162 -0.048449
vn 0.135036 0.978162 -0.158001
vn 0.016377 0.978163 -0.207192
vn -0.108539 0.978163 -0.177248
s 1
g S_U_14 group1 Cans_Atonofcans Can_Guna_08
usemtl S_P29_01_aiStandardSurface5SG
f 2531/3355/3313 2521/3354/3314 2522/3356/3315 2532/3357/3316
f 2532/3357/3316 2522/3356/3315 2523/3358/3317 2533/3359/3318
f 2533/3359/3318 2523/3358/3317 2524/3360/3319 2534/3361/3320
f 2534/3361/3320 2524/3360/3319 2525/3362/3321 2535/3363/3322
f 2535/3363/3322 2525/3362/3321 2526/3364/3323 2536/3461/3324
f 2536/3365/3324 2526/3460/3323 2527/3366/3325 2537/3367/3326
f 2537/3367/3326 2527/3366/3325 2528/3368/3327 2538/3369/3328
f 2538/3369/3328 2528/3368/3327 2529/3370/3329 2539/3371/3330
f 2539/3371/3330 2529/3370/3329 2530/3372/3331 2540/3373/3332
f 2531/3355/3313 2540/3373/3332 2530/3372/3331 2521/3354/3314
f 2541/3374/3333 2521/3354/3314 2530/3372/3331 2550/3383/3334
f 2541/3374/3333 2542/3375/3335 2522/3356/3315 2521/3354/3314
f 2542/3375/3335 2543/3376/3336 2523/3358/3317 2522/3356/3315
f 2543/3376/3336 2544/3377/3337 2524/3360/3319 2523/3358/3317
f 2544/3377/3337 2545/3378/3338 2525/3362/3321 2524/3360/3319
f 2545/3378/3338 2546/3379/3339 2526/3364/3323 2525/3362/3321
f 2546/3458/3339 2547/3380/3340 2527/3366/3325 2526/3460/3323
f 2547/3380/3340 2548/3381/3341 2528/3368/3327 2527/3366/3325
f 2548/3381/3341 2549/3382/3342 2529/3370/3329 2528/3368/3327
f 2549/3382/3342 2550/3383/3334 2530/3372/3331 2529/3370/3329
f 2551/3384/3343 2531/3355/3313 2532/3357/3316 2552/3385/3344
f 2552/3385/3344 2532/3357/3316 2533/3359/3318 2553/3386/3345
f 2553/3386/3345 2533/3359/3318 2534/3361/3320 2554/3387/3346
f 2554/3387/3346 2534/3361/3320 2535/3363/3322 2555/3388/3347
f 2555/3388/3347 2535/3363/3322 2536/3461/3324 2556/3459/3348
f 2556/3389/3348 2536/3365/3324 2537/3367/3326 2557/3390/3349
f 2557/3390/3349 2537/3367/3326 2538/3369/3328 2558/3391/3350
f 2558/3391/3350 2538/3369/3328 2539/3371/3330 2559/3392/3351
f 2559/3392/3351 2539/3371/3330 2540/3373/3332 2560/3393/3352
f 2551/3384/3343 2560/3393/3352 2540/3373/3332 2531/3355/3313
f 2551/3384/3343 2571/3445/3353 2580/3436/3354 2560/3393/3352
f 2541/3374/3333 2561/3455/3355 2562/3454/3356 2542/3375/3335
f 2559/3392/3351 2560/3393/3352 2580/3436/3354 2579/3437/3357
f 2558/3391/3350 2559/3392/3351 2579/3437/3357 2578/3438/3358
f 2557/3390/3349 2558/3391/3350 2578/3438/3358 2577/3439/3359
f 2556/3389/3348 2557/3390/3349 2577/3439/3359 2576/3440/3360
f 2555/3388/3347 2556/3459/3348 2576/3456/3360 2575/3441/3361
f 2554/3387/3346 2555/3388/3347 2575/3441/3361 2574/3442/3362
f 2553/3386/3345 2554/3387/3346 2574/3442/3362 2573/3443/3363
f 2552/3385/3344 2553/3386/3345 2573/3443/3363 2572/3444/3364
f 2551/3384/3343 2552/3385/3344 2572/3444/3364 2571/3445/3353
f 2542/3375/3335 2562/3454/3356 2563/3453/3365 2543/3376/3336
f 2543/3376/3336 2563/3453/3365 2564/3452/3366 2544/3377/3337
f 2544/3377/3337 2564/3452/3366 2565/3451/3367 2545/3378/3338
f 2545/3378/3338 2565/3451/3367 2566/3450/3368 2546/3379/3339
f 2546/3458/3339 2566/3457/3368 2567/3449/3369 2547/3380/3340
f 2547/3380/3340 2567/3449/3369 2568/3448/3370 2548/3381/3341
f 2548/3381/3341 2568/3448/3370 2569/3447/3371 2549/3382/3342
f 2549/3382/3342 2569/3447/3371 2570/3446/3372 2550/3383/3334
f 2541/3374/3333 2550/3383/3334 2570/3446/3372 2561/3455/3355
f 2581/3415/3373 2583/3414/3374 2592/3426/3375
f 2583/3414/3374 2561/3395/3355 2570/3413/3372 2592/3426/3375
f 2571/3394/3353 2593/3416/3376 2602/3435/3377 2580/3396/3354
f 2593/3416/3376 2582/3417/3378 2602/3435/3377
f 2561/3395/3355 2583/3414/3374 2584/3418/3379 2562/3405/3356
f 2583/3414/3374 2581/3415/3373 2584/3418/3379
f 2562/3405/3356 2584/3418/3379 2585/3419/3380 2563/3406/3365
f 2584/3418/3379 2581/3415/3373 2585/3419/3380
f 2563/3406/3365 2585/3419/3380 2586/3420/3381 2564/3407/3366
f 2585/3419/3380 2581/3415/3373 2586/3420/3381
f 2564/3407/3366 2586/3420/3381 2587/3421/3382 2565/3408/3367
f 2586/3420/3381 2581/3415/3373 2587/3421/3382
f 2565/3408/3367 2587/3421/3382 2588/3422/3383 2566/3409/3368
f 2587/3421/3382 2581/3415/3373 2588/3422/3383
f 2566/3409/3368 2588/3422/3383 2589/3423/3384 2567/3410/3369
f 2588/3422/3383 2581/3415/3373 2589/3423/3384
f 2567/3410/3369 2589/3423/3384 2590/3424/3385 2568/3411/3370
f 2589/3423/3384 2581/3415/3373 2590/3424/3385
f 2568/3411/3370 2590/3424/3385 2591/3425/3386 2569/3412/3371
f 2590/3424/3385 2581/3415/3373 2591/3425/3386
f 2569/3412/3371 2591/3425/3386 2592/3426/3375 2570/3413/3372
f 2591/3425/3386 2581/3415/3373 2592/3426/3375
f 2582/3417/3378 2593/3416/3376 2594/3427/3387
f 2593/3416/3376 2571/3394/3353 2572/3404/3364 2594/3427/3387
f 2582/3417/3378 2594/3427/3387 2595/3428/3388
f 2594/3427/3387 2572/3404/3364 2573/3403/3363 2595/3428/3388
f 2582/3417/3378 2595/3428/3388 2596/3429/3389
f 2595/3428/3388 2573/3403/3363 2574/3402/3362 2596/3429/3389
f 2582/3417/3378 2596/3429/3389 2597/3430/3390
f 2596/3429/3389 2574/3402/3362 2575/3401/3361 2597/3430/3390
f 2582/3417/3378 2597/3430/3390 2598/3431/3391
f 2597/3430/3390 2575/3401/3361 2576/3400/3360 2598/3431/3391
f 2582/3417/3378 2598/3431/3391 2599/3432/3392
f 2598/3431/3391 2576/3400/3360 2577/3399/3359 2599/3432/3392
f 2582/3417/3378 2599/3432/3392 2600/3433/3393
f 2599/3432/3392 2577/3399/3359 2578/3398/3358 2600/3433/3393
f 2582/3417/3378 2600/3433/3393 2601/3434/3394
f 2600/3433/3393 2578/3398/3358 2579/3397/3357 2601/3434/3394
f 2582/3417/3378 2601/3434/3394 2602/3435/3377
f 2601/3434/3394 2579/3397/3357 2580/3396/3354 2602/3435/3377
g default
v 339.451305 137.373310 167.764095
v 337.395725 137.373310 164.406971
v 333.759460 137.373310 162.899274
v 329.931470 137.373310 163.816859
v 327.373870 137.373310 166.809187
v 327.063640 137.373310 170.733442
v 329.119189 137.373310 174.090476
v 332.755484 137.373310 175.598263
v 336.583486 137.373310 174.680677
v 339.141096 137.373310 171.688335
v 339.451305 156.393185 167.764095
v 337.395725 156.393185 164.406971
v 333.759460 156.393185 162.899274
v 329.931470 156.393185 163.816859
v 327.373870 156.393185 166.809187
v 327.063640 156.393185 170.733442
v 329.119189 156.393185 174.090476
v 332.755484 156.393185 175.598263
v 336.583486 156.393185 174.680677
v 339.141096 156.393185 171.688335
v 338.942205 135.832865 167.886142
v 337.055620 135.832865 164.804980
v 333.718229 135.832865 163.421178
v 330.204862 135.832865 164.263381
v 327.857495 135.832865 167.009778
v 327.572740 135.832865 170.611395
v 329.459346 135.832865 173.692543
v 332.796737 135.832865 175.076344
v 336.310114 135.832865 174.234246
v 338.657440 135.832865 171.487772
v 338.942205 157.933630 167.886142
v 337.055620 157.933630 164.804980
v 333.718229 157.933630 163.421178
v 330.204862 157.933630 164.263381
v 327.857495 157.933630 167.009778
v 327.572740 157.933630 170.611395
v 329.459346 157.933630 173.692543
v 332.796737 157.933630 175.076344
v 336.310114 157.933630 174.234246
v 338.657440 157.933630 171.487772
v 338.433087 135.832865 168.008191
v 336.715419 135.832865 165.202943
v 333.676957 135.832865 163.943123
v 330.478234 135.832865 164.709812
v 328.341072 135.832865 167.210281
v 328.081858 135.832865 170.489346
v 329.799452 135.832865 173.294534
v 332.837966 135.832865 174.554429
v 336.036706 135.832865 173.787738
v 338.173847 135.832865 171.287283
v 338.433087 157.933630 168.008191
v 336.715419 157.933630 165.202943
v 333.676957 157.933630 163.943123
v 330.478234 157.933630 164.709812
v 328.341072 157.933630 167.210281
v 328.081858 157.933630 170.489346
v 329.799452 157.933630 173.294534
v 332.837966 157.933630 174.554429
v 336.036706 157.933630 173.787738
v 338.173847 157.933630 171.287283
v 333.257446 136.383125 169.248725
v 333.257446 157.383370 169.248725
v 338.322574 136.204146 168.034632
v 336.641597 136.204146 165.289296
v 333.668028 136.204146 164.056371
v 330.537538 136.204146 164.806722
v 328.446056 136.204146 167.253788
v 328.192406 136.204146 170.462865
v 329.873369 136.204146 173.208226
v 332.846933 136.204146 174.441152
v 335.977397 136.204146 173.690828
v 338.068898 136.204146 171.243736
v 338.322574 157.562348 168.034632
v 336.641597 157.562348 165.289296
v 333.668028 157.562348 164.056371
v 330.537538 157.562348 164.806722
v 328.446056 157.562348 167.253788
v 328.192406 157.562348 170.462865
v 329.873369 157.562348 173.208226
v 332.846933 157.562348 174.441152
v 335.977397 157.562348 173.690828
v 338.068898 157.562348 171.243736
vt 0.189189 0.064750
vt 0.189189 0.098401
vt 0.195765 0.064750
vt 0.195765 0.098401
vt 0.202329 0.064750
vt 0.202329 0.098401
vt 0.208859 0.064750
vt 0.208859 0.098401
vt 0.215283 0.064750
vt 0.215283 0.098401
vt 0.221712 0.064750
vt 0.156730 0.098401
vt 0.163105 0.064750
vt 0.163105 0.098401
vt 0.169530 0.064750
vt 0.169530 0.098401
vt 0.176061 0.064750
vt 0.176061 0.098401
vt 0.182627 0.064750
vt 0.182627 0.098401
vt 0.189189 0.061972
vt 0.195765 0.061972
vt 0.202329 0.061972
vt 0.208859 0.061972
vt 0.215283 0.061972
vt 0.221712 0.061972
vt 0.163105 0.061972
vt 0.169530 0.061972
vt 0.176061 0.061972
vt 0.182627 0.061972
vt 0.189189 0.101203
vt 0.195765 0.101203
vt 0.202329 0.101203
vt 0.208859 0.101203
vt 0.215283 0.101203
vt 0.156730 0.101203
vt 0.163105 0.101203
vt 0.169530 0.101203
vt 0.176061 0.101203
vt 0.182627 0.101203
vt 0.237006 0.032992
vt 0.306943 0.253598
vt 0.240491 0.028195
vt 0.240492 0.022266
vt 0.237008 0.017468
vt 0.231369 0.015635
vt 0.225729 0.017467
vt 0.222243 0.022263
vt 0.222242 0.028193
vt 0.225727 0.032990
vt 0.231366 0.034823
vt 0.305110 0.247959
vt 0.300313 0.244474
vt 0.294384 0.244475
vt 0.289587 0.247960
vt 0.287755 0.253600
vt 0.289588 0.259239
vt 0.294386 0.262724
vt 0.300315 0.262723
vt 0.305112 0.259237
vt 0.306275 0.253594
vt 0.297349 0.253599
vt 0.236616 0.032448
vt 0.231367 0.025229
vt 0.304567 0.248348
vt 0.300103 0.245109
vt 0.294586 0.245112
vt 0.290126 0.248357
vt 0.288424 0.253604
vt 0.290132 0.258849
vt 0.294596 0.262089
vt 0.300112 0.262086
vt 0.304573 0.258841
vt 0.231370 0.034154
vt 0.226124 0.032452
vt 0.222880 0.027990
vt 0.222878 0.022474
vt 0.226119 0.018010
vt 0.231365 0.016304
vt 0.236611 0.018007
vt 0.239855 0.022468
vt 0.239857 0.027985
vt 0.182627 0.102000
vt 0.176061 0.102000
vt 0.169530 0.102000
vt 0.163105 0.102000
vt 0.157708 0.102000
vt 0.215283 0.102000
vt 0.208859 0.102000
vt 0.202329 0.102000
vt 0.195765 0.102000
vt 0.189189 0.102000
vt 0.182627 0.061172
vt 0.176061 0.061172
vt 0.169530 0.061172
vt 0.163105 0.061172
vt 0.220798 0.061172
vt 0.215283 0.061172
vt 0.208859 0.061172
vt 0.202329 0.061172
vt 0.195765 0.061172
vt 0.189189 0.061172
vt 0.220435 0.102000
vt 0.158057 0.061172
vt 0.156730 0.061972
vt 0.221712 0.101203
vt 0.156730 0.064750
vt 0.221712 0.098401
vn 0.972195 0.023038 -0.233039
vn 0.972195 -0.023039 -0.233039
vn 0.649548 -0.023038 -0.759972
vn 0.649548 0.023038 -0.759971
vn 0.078791 -0.023039 -0.996625
vn 0.078791 0.023039 -0.996625
vn -0.522051 -0.023040 -0.852603
vn -0.522052 0.023040 -0.852603
vn -0.923498 -0.023039 -0.382911
vn -0.923498 0.023039 -0.382911
vn -0.972196 -0.023038 0.233035
vn -0.972196 0.023038 0.233035
vn -0.649548 -0.023038 0.759971
vn -0.649548 0.023038 0.759971
vn -0.078803 -0.023038 0.996624
vn -0.078803 0.023037 0.996624
vn 0.522051 -0.023038 0.852603
vn 0.522052 0.023038 0.852603
vn 0.923498 -0.023039 0.382910
vn 0.923498 0.023039 0.382910
vn 0.843528 -0.497574 -0.202190
vn 0.801273 -0.497577 0.332232
vn 0.563585 -0.497575 -0.659387
vn 0.068363 -0.497576 -0.864722
vn -0.452963 -0.497577 -0.739758
vn -0.801275 -0.497573 -0.332233
vn -0.843532 -0.497567 0.202193
vn -0.563583 -0.497565 0.659396
vn -0.068375 -0.497568 0.864726
vn 0.452958 -0.497570 0.739766
vn 0.843528 0.497574 -0.202190
vn 0.563586 0.497575 -0.659386
vn 0.068364 0.497576 -0.864722
vn -0.452964 0.497577 -0.739757
vn -0.801278 0.497571 -0.332230
vn -0.843533 0.497565 0.202192
vn -0.563584 0.497564 0.659396
vn -0.068376 0.497567 0.864727
vn 0.452961 0.497569 0.739764
vn 0.801275 0.497577 0.332229
vn -0.400848 0.911093 0.096072
vn -0.380764 0.911093 -0.157887
vn -0.400836 -0.911099 0.096071
vn -0.267798 -0.911099 0.313341
vn -0.215236 0.911095 -0.351539
vn 0.032492 0.911094 -0.410915
vn 0.267836 0.911094 -0.313322
vn 0.400839 0.911097 -0.096077
vn 0.380781 0.911088 0.157875
vn 0.215260 0.911082 0.351558
vn -0.032486 0.911086 0.410934
vn -0.267824 0.911091 0.313341
vn -0.032476 -0.911087 0.410933
vn 0.215245 -0.911084 0.351563
vn 0.380784 -0.911087 0.157875
vn 0.400855 -0.911089 -0.096081
vn 0.267836 -0.911094 -0.313324
vn 0.032486 -0.911095 -0.410915
vn -0.215238 -0.911095 -0.351537
vn -0.380764 -0.911093 -0.157886
vn 0.000000 -1.000000 0.000000
vn -0.202116 -0.978162 0.048451
vn -0.191993 -0.978163 -0.079601
vn -0.202114 0.978163 0.048451
vn -0.191990 0.978163 -0.079601
vn -0.000001 1.000000 0.000000
vn -0.135040 -0.978162 0.157997
vn -0.016378 -0.978163 0.207194
vn 0.108536 -0.978162 0.177253
vn 0.191989 -0.978163 0.079608
vn 0.202118 -0.978162 -0.048450
vn 0.135037 -0.978162 -0.158002
vn 0.016382 -0.978163 -0.207193
vn -0.108535 -0.978163 -0.177248
vn -0.135048 0.978161 0.157997
vn -0.016385 0.978163 0.207195
vn 0.108542 0.978162 0.177251
vn 0.191996 0.978162 0.079606
vn 0.202118 0.978162 -0.048449
vn 0.135036 0.978162 -0.158001
vn 0.016377 0.978163 -0.207192
vn -0.108539 0.978163 -0.177248
s 1
g S_U_14 group1 Cans_Atonofcans Can_Guna_09
usemtl S_P29_01_aiStandardSurface5SG
f 2613/3463/3395 2603/3462/3396 2604/3464/3397 2614/3465/3398
f 2614/3465/3398 2604/3464/3397 2605/3466/3399 2615/3467/3400
f 2615/3467/3400 2605/3466/3399 2606/3468/3401 2616/3469/3402
f 2616/3469/3402 2606/3468/3401 2607/3470/3403 2617/3471/3404
f 2617/3471/3404 2607/3470/3403 2608/3472/3405 2618/3569/3406
f 2618/3473/3406 2608/3568/3405 2609/3474/3407 2619/3475/3408
f 2619/3475/3408 2609/3474/3407 2610/3476/3409 2620/3477/3410
f 2620/3477/3410 2610/3476/3409 2611/3478/3411 2621/3479/3412
f 2621/3479/3412 2611/3478/3411 2612/3480/3413 2622/3481/3414
f 2613/3463/3395 2622/3481/3414 2612/3480/3413 2603/3462/3396
f 2623/3482/3415 2603/3462/3396 2612/3480/3413 2632/3491/3416
f 2623/3482/3415 2624/3483/3417 2604/3464/3397 2603/3462/3396
f 2624/3483/3417 2625/3484/3418 2605/3466/3399 2604/3464/3397
f 2625/3484/3418 2626/3485/3419 2606/3468/3401 2605/3466/3399
f 2626/3485/3419 2627/3486/3420 2607/3470/3403 2606/3468/3401
f 2627/3486/3420 2628/3487/3421 2608/3472/3405 2607/3470/3403
f 2628/3566/3421 2629/3488/3422 2609/3474/3407 2608/3568/3405
f 2629/3488/3422 2630/3489/3423 2610/3476/3409 2609/3474/3407
f 2630/3489/3423 2631/3490/3424 2611/3478/3411 2610/3476/3409
f 2631/3490/3424 2632/3491/3416 2612/3480/3413 2611/3478/3411
f 2633/3492/3425 2613/3463/3395 2614/3465/3398 2634/3493/3426
f 2634/3493/3426 2614/3465/3398 2615/3467/3400 2635/3494/3427
f 2635/3494/3427 2615/3467/3400 2616/3469/3402 2636/3495/3428
f 2636/3495/3428 2616/3469/3402 2617/3471/3404 2637/3496/3429
f 2637/3496/3429 2617/3471/3404 2618/3569/3406 2638/3567/3430
f 2638/3497/3430 2618/3473/3406 2619/3475/3408 2639/3498/3431
f 2639/3498/3431 2619/3475/3408 2620/3477/3410 2640/3499/3432
f 2640/3499/3432 2620/3477/3410 2621/3479/3412 2641/3500/3433
f 2641/3500/3433 2621/3479/3412 2622/3481/3414 2642/3501/3434
f 2633/3492/3425 2642/3501/3434 2622/3481/3414 2613/3463/3395
f 2633/3492/3425 2653/3553/3435 2662/3544/3436 2642/3501/3434
f 2623/3482/3415 2643/3563/3437 2644/3562/3438 2624/3483/3417
f 2641/3500/3433 2642/3501/3434 2662/3544/3436 2661/3545/3439
f 2640/3499/3432 2641/3500/3433 2661/3545/3439 2660/3546/3440
f 2639/3498/3431 2640/3499/3432 2660/3546/3440 2659/3547/3441
f 2638/3497/3430 2639/3498/3431 2659/3547/3441 2658/3548/3442
f 2637/3496/3429 2638/3567/3430 2658/3564/3442 2657/3549/3443
f 2636/3495/3428 2637/3496/3429 2657/3549/3443 2656/3550/3444
f 2635/3494/3427 2636/3495/3428 2656/3550/3444 2655/3551/3445
f 2634/3493/3426 2635/3494/3427 2655/3551/3445 2654/3552/3446
f 2633/3492/3425 2634/3493/3426 2654/3552/3446 2653/3553/3435
f 2624/3483/3417 2644/3562/3438 2645/3561/3447 2625/3484/3418
f 2625/3484/3418 2645/3561/3447 2646/3560/3448 2626/3485/3419
f 2626/3485/3419 2646/3560/3448 2647/3559/3449 2627/3486/3420
f 2627/3486/3420 2647/3559/3449 2648/3558/3450 2628/3487/3421
f 2628/3566/3421 2648/3565/3450 2649/3557/3451 2629/3488/3422
f 2629/3488/3422 2649/3557/3451 2650/3556/3452 2630/3489/3423
f 2630/3489/3423 2650/3556/3452 2651/3555/3453 2631/3490/3424
f 2631/3490/3424 2651/3555/3453 2652/3554/3454 2632/3491/3416
f 2623/3482/3415 2632/3491/3416 2652/3554/3454 2643/3563/3437
f 2663/3523/3455 2665/3522/3456 2674/3534/3457
f 2665/3522/3456 2643/3503/3437 2652/3521/3454 2674/3534/3457
f 2653/3502/3435 2675/3524/3458 2684/3543/3459 2662/3504/3436
f 2675/3524/3458 2664/3525/3460 2684/3543/3459
f 2643/3503/3437 2665/3522/3456 2666/3526/3461 2644/3513/3438
f 2665/3522/3456 2663/3523/3455 2666/3526/3461
f 2644/3513/3438 2666/3526/3461 2667/3527/3462 2645/3514/3447
f 2666/3526/3461 2663/3523/3455 2667/3527/3462
f 2645/3514/3447 2667/3527/3462 2668/3528/3463 2646/3515/3448
f 2667/3527/3462 2663/3523/3455 2668/3528/3463
f 2646/3515/3448 2668/3528/3463 2669/3529/3464 2647/3516/3449
f 2668/3528/3463 2663/3523/3455 2669/3529/3464
f 2647/3516/3449 2669/3529/3464 2670/3530/3465 2648/3517/3450
f 2669/3529/3464 2663/3523/3455 2670/3530/3465
f 2648/3517/3450 2670/3530/3465 2671/3531/3466 2649/3518/3451
f 2670/3530/3465 2663/3523/3455 2671/3531/3466
f 2649/3518/3451 2671/3531/3466 2672/3532/3467 2650/3519/3452
f 2671/3531/3466 2663/3523/3455 2672/3532/3467
f 2650/3519/3452 2672/3532/3467 2673/3533/3468 2651/3520/3453
f 2672/3532/3467 2663/3523/3455 2673/3533/3468
f 2651/3520/3453 2673/3533/3468 2674/3534/3457 2652/3521/3454
f 2673/3533/3468 2663/3523/3455 2674/3534/3457
f 2664/3525/3460 2675/3524/3458 2676/3535/3469
f 2675/3524/3458 2653/3502/3435 2654/3512/3446 2676/3535/3469
f 2664/3525/3460 2676/3535/3469 2677/3536/3470
f 2676/3535/3469 2654/3512/3446 2655/3511/3445 2677/3536/3470
f 2664/3525/3460 2677/3536/3470 2678/3537/3471
f 2677/3536/3470 2655/3511/3445 2656/3510/3444 2678/3537/3471
f 2664/3525/3460 2678/3537/3471 2679/3538/3472
f 2678/3537/3471 2656/3510/3444 2657/3509/3443 2679/3538/3472
f 2664/3525/3460 2679/3538/3472 2680/3539/3473
f 2679/3538/3472 2657/3509/3443 2658/3508/3442 2680/3539/3473
f 2664/3525/3460 2680/3539/3473 2681/3540/3474
f 2680/3539/3473 2658/3508/3442 2659/3507/3441 2681/3540/3474
f 2664/3525/3460 2681/3540/3474 2682/3541/3475
f 2681/3540/3474 2659/3507/3441 2660/3506/3440 2682/3541/3475
f 2664/3525/3460 2682/3541/3475 2683/3542/3476
f 2682/3541/3475 2660/3506/3440 2661/3505/3439 2683/3542/3476
f 2664/3525/3460 2683/3542/3476 2684/3543/3459
f 2683/3542/3476 2661/3505/3439 2662/3504/3436 2684/3543/3459
g default
v 358.457645 137.373310 167.764095
v 356.402065 137.373310 164.406971
v 352.765800 137.373310 162.899274
v 348.937810 137.373310 163.816859
v 346.380210 137.373310 166.809187
v 346.069980 137.373310 170.733442
v 348.125529 137.373310 174.090476
v 351.761824 137.373310 175.598263
v 355.589826 137.373310 174.680677
v 358.147436 137.373310 171.688335
v 358.457645 156.393185 167.764095
v 356.402065 156.393185 164.406971
v 352.765800 156.393185 162.899274
v 348.937810 156.393185 163.816859
v 346.380210 156.393185 166.809187
v 346.069980 156.393185 170.733442
v 348.125529 156.393185 174.090476
v 351.761824 156.393185 175.598263
v 355.589826 156.393185 174.680677
v 358.147436 156.393185 171.688335
v 357.948545 135.832865 167.886142
v 356.061960 135.832865 164.804980
v 352.724569 135.832865 163.421178
v 349.211202 135.832865 164.263381
v 346.863835 135.832865 167.009778
v 346.579080 135.832865 170.611395
v 348.465686 135.832865 173.692543
v 351.803077 135.832865 175.076344
v 355.316454 135.832865 174.234246
v 357.663780 135.832865 171.487772
v 357.948545 157.933630 167.886142
v 356.061960 157.933630 164.804980
v 352.724569 157.933630 163.421178
v 349.211202 157.933630 164.263381
v 346.863835 157.933630 167.009778
v 346.579080 157.933630 170.611395
v 348.465686 157.933630 173.692543
v 351.803077 157.933630 175.076344
v 355.316454 157.933630 174.234246
v 357.663780 157.933630 171.487772
v 357.439427 135.832865 168.008191
v 355.721760 135.832865 165.202943
v 352.683297 135.832865 163.943123
v 349.484575 135.832865 164.709812
v 347.347412 135.832865 167.210281
v 347.088198 135.832865 170.489346
v 348.805792 135.832865 173.294534
v 351.844306 135.832865 174.554429
v 355.043046 135.832865 173.787738
v 357.180187 135.832865 171.287283
v 357.439427 157.933630 168.008191
v 355.721760 157.933630 165.202943
v 352.683297 157.933630 163.943123
v 349.484575 157.933630 164.709812
v 347.347412 157.933630 167.210281
v 347.088198 157.933630 170.489346
v 348.805792 157.933630 173.294534
v 351.844306 157.933630 174.554429
v 355.043046 157.933630 173.787738
v 357.180187 157.933630 171.287283
v 352.263786 136.383125 169.248725
v 352.263786 157.383370 169.248725
v 357.328914 136.204146 168.034632
v 355.647937 136.204146 165.289296
v 352.674368 136.204146 164.056371
v 349.543878 136.204146 164.806722
v 347.452396 136.204146 167.253788
v 347.198746 136.204146 170.462865
v 348.879709 136.204146 173.208226
v 351.853273 136.204146 174.441152
v 354.983737 136.204146 173.690828
v 357.075238 136.204146 171.243736
v 357.328914 157.562348 168.034632
v 355.647937 157.562348 165.289296
v 352.674368 157.562348 164.056371
v 349.543878 157.562348 164.806722
v 347.452396 157.562348 167.253788
v 347.198746 157.562348 170.462865
v 348.879709 157.562348 173.208226
v 351.853273 157.562348 174.441152
v 354.983737 157.562348 173.690828
v 357.075238 157.562348 171.243736
vt 0.189189 0.064750
vt 0.189189 0.098401
vt 0.195765 0.064750
vt 0.195765 0.098401
vt 0.202329 0.064750
vt 0.202329 0.098401
vt 0.208859 0.064750
vt 0.208859 0.098401
vt 0.215283 0.064750
vt 0.215283 0.098401
vt 0.221712 0.064750
vt 0.156730 0.098401
vt 0.163105 0.064750
vt 0.163105 0.098401
vt 0.169530 0.064750
vt 0.169530 0.098401
vt 0.176061 0.064750
vt 0.176061 0.098401
vt 0.182627 0.064750
vt 0.182627 0.098401
vt 0.189189 0.061972
vt 0.195765 0.061972
vt 0.202329 0.061972
vt 0.208859 0.061972
vt 0.215283 0.061972
vt 0.221712 0.061972
vt 0.163105 0.061972
vt 0.169530 0.061972
vt 0.176061 0.061972
vt 0.182627 0.061972
vt 0.189189 0.101203
vt 0.195765 0.101203
vt 0.202329 0.101203
vt 0.208859 0.101203
vt 0.215283 0.101203
vt 0.156730 0.101203
vt 0.163105 0.101203
vt 0.169530 0.101203
vt 0.176061 0.101203
vt 0.182627 0.101203
vt 0.237006 0.032992
vt 0.306943 0.253598
vt 0.240491 0.028195
vt 0.240492 0.022266
vt 0.237008 0.017468
vt 0.231369 0.015635
vt 0.225729 0.017467
vt 0.222243 0.022263
vt 0.222242 0.028193
vt 0.225727 0.032990
vt 0.231366 0.034823
vt 0.305110 0.247959
vt 0.300313 0.244474
vt 0.294384 0.244475
vt 0.289587 0.247960
vt 0.287755 0.253600
vt 0.289588 0.259239
vt 0.294386 0.262724
vt 0.300315 0.262723
vt 0.305112 0.259237
vt 0.306275 0.253594
vt 0.297349 0.253599
vt 0.236616 0.032448
vt 0.231367 0.025229
vt 0.304567 0.248348
vt 0.300103 0.245109
vt 0.294586 0.245112
vt 0.290126 0.248357
vt 0.288424 0.253604
vt 0.290132 0.258849
vt 0.294596 0.262089
vt 0.300112 0.262086
vt 0.304573 0.258841
vt 0.231370 0.034154
vt 0.226124 0.032452
vt 0.222880 0.027990
vt 0.222878 0.022474
vt 0.226119 0.018010
vt 0.231365 0.016304
vt 0.236611 0.018007
vt 0.239855 0.022468
vt 0.239857 0.027985
vt 0.182627 0.102000
vt 0.176061 0.102000
vt 0.169530 0.102000
vt 0.163105 0.102000
vt 0.157708 0.102000
vt 0.215283 0.102000
vt 0.208859 0.102000
vt 0.202329 0.102000
vt 0.195765 0.102000
vt 0.189189 0.102000
vt 0.182627 0.061172
vt 0.176061 0.061172
vt 0.169530 0.061172
vt 0.163105 0.061172
vt 0.220798 0.061172
vt 0.215283 0.061172
vt 0.208859 0.061172
vt 0.202329 0.061172
vt 0.195765 0.061172
vt 0.189189 0.061172
vt 0.220435 0.102000
vt 0.158057 0.061172
vt 0.156730 0.061972
vt 0.221712 0.101203
vt 0.156730 0.064750
vt 0.221712 0.098401
vn 0.972195 0.023038 -0.233039
vn 0.972195 -0.023039 -0.233039
vn 0.649548 -0.023038 -0.759972
vn 0.649548 0.023038 -0.759971
vn 0.078791 -0.023039 -0.996625
vn 0.078791 0.023039 -0.996625
vn -0.522051 -0.023040 -0.852603
vn -0.522052 0.023040 -0.852603
vn -0.923498 -0.023039 -0.382911
vn -0.923498 0.023039 -0.382911
vn -0.972196 -0.023038 0.233035
vn -0.972196 0.023038 0.233035
vn -0.649548 -0.023038 0.759971
vn -0.649548 0.023038 0.759971
vn -0.078803 -0.023038 0.996624
vn -0.078803 0.023037 0.996624
vn 0.522051 -0.023038 0.852603
vn 0.522052 0.023038 0.852603
vn 0.923498 -0.023039 0.382910
vn 0.923498 0.023039 0.382910
vn 0.843528 -0.497574 -0.202190
vn 0.801273 -0.497577 0.332232
vn 0.563585 -0.497575 -0.659387
vn 0.068363 -0.497576 -0.864722
vn -0.452963 -0.497577 -0.739758
vn -0.801275 -0.497573 -0.332233
vn -0.843532 -0.497567 0.202193
vn -0.563583 -0.497565 0.659396
vn -0.068375 -0.497568 0.864726
vn 0.452958 -0.497570 0.739766
vn 0.843528 0.497574 -0.202190
vn 0.563586 0.497575 -0.659386
vn 0.068364 0.497576 -0.864722
vn -0.452964 0.497577 -0.739757
vn -0.801278 0.497571 -0.332230
vn -0.843533 0.497565 0.202192
vn -0.563584 0.497564 0.659396
vn -0.068376 0.497567 0.864727
vn 0.452961 0.497569 0.739764
vn 0.801275 0.497577 0.332229
vn -0.400848 0.911093 0.096072
vn -0.380764 0.911093 -0.157887
vn -0.400836 -0.911099 0.096071
vn -0.267798 -0.911099 0.313341
vn -0.215236 0.911095 -0.351539
vn 0.032492 0.911094 -0.410915
vn 0.267836 0.911094 -0.313322
vn 0.400839 0.911097 -0.096077
vn 0.380781 0.911088 0.157875
vn 0.215260 0.911082 0.351558
vn -0.032486 0.911086 0.410934
vn -0.267824 0.911091 0.313341
vn -0.032476 -0.911087 0.410933
vn 0.215245 -0.911084 0.351563
vn 0.380784 -0.911087 0.157875
vn 0.400855 -0.911089 -0.096081
vn 0.267836 -0.911094 -0.313324
vn 0.032486 -0.911095 -0.410915
vn -0.215238 -0.911095 -0.351537
vn -0.380764 -0.911093 -0.157886
vn 0.000000 -1.000000 0.000000
vn -0.202116 -0.978162 0.048451
vn -0.191993 -0.978163 -0.079601
vn -0.202114 0.978163 0.048451
vn -0.191990 0.978163 -0.079601
vn -0.000001 1.000000 0.000000
vn -0.135040 -0.978162 0.157997
vn -0.016378 -0.978163 0.207194
vn 0.108536 -0.978162 0.177253
vn 0.191989 -0.978163 0.079608
vn 0.202118 -0.978162 -0.048450
vn 0.135037 -0.978162 -0.158002
vn 0.016382 -0.978163 -0.207193
vn -0.108535 -0.978163 -0.177248
vn -0.135048 0.978161 0.157997
vn -0.016385 0.978163 0.207195
vn 0.108542 0.978162 0.177251
vn 0.191996 0.978162 0.079606
vn 0.202118 0.978162 -0.048449
vn 0.135036 0.978162 -0.158001
vn 0.016377 0.978163 -0.207192
vn -0.108539 0.978163 -0.177248
s 1
g S_U_14 group1 Cans_Atonofcans Can_Guna_10
usemtl S_P29_01_aiStandardSurface5SG
f 2695/3571/3477 2685/3570/3478 2686/3572/3479 2696/3573/3480
f 2696/3573/3480 2686/3572/3479 2687/3574/3481 2697/3575/3482
f 2697/3575/3482 2687/3574/3481 2688/3576/3483 2698/3577/3484
f 2698/3577/3484 2688/3576/3483 2689/3578/3485 2699/3579/3486
f 2699/3579/3486 2689/3578/3485 2690/3580/3487 2700/3677/3488
f 2700/3581/3488 2690/3676/3487 2691/3582/3489 2701/3583/3490
f 2701/3583/3490 2691/3582/3489 2692/3584/3491 2702/3585/3492
f 2702/3585/3492 2692/3584/3491 2693/3586/3493 2703/3587/3494
f 2703/3587/3494 2693/3586/3493 2694/3588/3495 2704/3589/3496
f 2695/3571/3477 2704/3589/3496 2694/3588/3495 2685/3570/3478
f 2705/3590/3497 2685/3570/3478 2694/3588/3495 2714/3599/3498
f 2705/3590/3497 2706/3591/3499 2686/3572/3479 2685/3570/3478
f 2706/3591/3499 2707/3592/3500 2687/3574/3481 2686/3572/3479
f 2707/3592/3500 2708/3593/3501 2688/3576/3483 2687/3574/3481
f 2708/3593/3501 2709/3594/3502 2689/3578/3485 2688/3576/3483
f 2709/3594/3502 2710/3595/3503 2690/3580/3487 2689/3578/3485
f 2710/3674/3503 2711/3596/3504 2691/3582/3489 2690/3676/3487
f 2711/3596/3504 2712/3597/3505 2692/3584/3491 2691/3582/3489
f 2712/3597/3505 2713/3598/3506 2693/3586/3493 2692/3584/3491
f 2713/3598/3506 2714/3599/3498 2694/3588/3495 2693/3586/3493
f 2715/3600/3507 2695/3571/3477 2696/3573/3480 2716/3601/3508
f 2716/3601/3508 2696/3573/3480 2697/3575/3482 2717/3602/3509
f 2717/3602/3509 2697/3575/3482 2698/3577/3484 2718/3603/3510
f 2718/3603/3510 2698/3577/3484 2699/3579/3486 2719/3604/3511
f 2719/3604/3511 2699/3579/3486 2700/3677/3488 2720/3675/3512
f 2720/3605/3512 2700/3581/3488 2701/3583/3490 2721/3606/3513
f 2721/3606/3513 2701/3583/3490 2702/3585/3492 2722/3607/3514
f 2722/3607/3514 2702/3585/3492 2703/3587/3494 2723/3608/3515
f 2723/3608/3515 2703/3587/3494 2704/3589/3496 2724/3609/3516
f 2715/3600/3507 2724/3609/3516 2704/3589/3496 2695/3571/3477
f 2715/3600/3507 2735/3661/3517 2744/3652/3518 2724/3609/3516
f 2705/3590/3497 2725/3671/3519 2726/3670/3520 2706/3591/3499
f 2723/3608/3515 2724/3609/3516 2744/3652/3518 2743/3653/3521
f 2722/3607/3514 2723/3608/3515 2743/3653/3521 2742/3654/3522
f 2721/3606/3513 2722/3607/3514 2742/3654/3522 2741/3655/3523
f 2720/3605/3512 2721/3606/3513 2741/3655/3523 2740/3656/3524
f 2719/3604/3511 2720/3675/3512 2740/3672/3524 2739/3657/3525
f 2718/3603/3510 2719/3604/3511 2739/3657/3525 2738/3658/3526
f 2717/3602/3509 2718/3603/3510 2738/3658/3526 2737/3659/3527
f 2716/3601/3508 2717/3602/3509 2737/3659/3527 2736/3660/3528
f 2715/3600/3507 2716/3601/3508 2736/3660/3528 2735/3661/3517
f 2706/3591/3499 2726/3670/3520 2727/3669/3529 2707/3592/3500
f 2707/3592/3500 2727/3669/3529 2728/3668/3530 2708/3593/3501
f 2708/3593/3501 2728/3668/3530 2729/3667/3531 2709/3594/3502
f 2709/3594/3502 2729/3667/3531 2730/3666/3532 2710/3595/3503
f 2710/3674/3503 2730/3673/3532 2731/3665/3533 2711/3596/3504
f 2711/3596/3504 2731/3665/3533 2732/3664/3534 2712/3597/3505
f 2712/3597/3505 2732/3664/3534 2733/3663/3535 2713/3598/3506
f 2713/3598/3506 2733/3663/3535 2734/3662/3536 2714/3599/3498
f 2705/3590/3497 2714/3599/3498 2734/3662/3536 2725/3671/3519
f 2745/3631/3537 2747/3630/3538 2756/3642/3539
f 2747/3630/3538 2725/3611/3519 2734/3629/3536 2756/3642/3539
f 2735/3610/3517 2757/3632/3540 2766/3651/3541 2744/3612/3518
f 2757/3632/3540 2746/3633/3542 2766/3651/3541
f 2725/3611/3519 2747/3630/3538 2748/3634/3543 2726/3621/3520
f 2747/3630/3538 2745/3631/3537 2748/3634/3543
f 2726/3621/3520 2748/3634/3543 2749/3635/3544 2727/3622/3529
f 2748/3634/3543 2745/3631/3537 2749/3635/3544
f 2727/3622/3529 2749/3635/3544 2750/3636/3545 2728/3623/3530
f 2749/3635/3544 2745/3631/3537 2750/3636/3545
f 2728/3623/3530 2750/3636/3545 2751/3637/3546 2729/3624/3531
f 2750/3636/3545 2745/3631/3537 2751/3637/3546
f 2729/3624/3531 2751/3637/3546 2752/3638/3547 2730/3625/3532
f 2751/3637/3546 2745/3631/3537 2752/3638/3547
f 2730/3625/3532 2752/3638/3547 2753/3639/3548 2731/3626/3533
f 2752/3638/3547 2745/3631/3537 2753/3639/3548
f 2731/3626/3533 2753/3639/3548 2754/3640/3549 2732/3627/3534
f 2753/3639/3548 2745/3631/3537 2754/3640/3549
f 2732/3627/3534 2754/3640/3549 2755/3641/3550 2733/3628/3535
f 2754/3640/3549 2745/3631/3537 2755/3641/3550
f 2733/3628/3535 2755/3641/3550 2756/3642/3539 2734/3629/3536
f 2755/3641/3550 2745/3631/3537 2756/3642/3539
f 2746/3633/3542 2757/3632/3540 2758/3643/3551
f 2757/3632/3540 2735/3610/3517 2736/3620/3528 2758/3643/3551
f 2746/3633/3542 2758/3643/3551 2759/3644/3552
f 2758/3643/3551 2736/3620/3528 2737/3619/3527 2759/3644/3552
f 2746/3633/3542 2759/3644/3552 2760/3645/3553
f 2759/3644/3552 2737/3619/3527 2738/3618/3526 2760/3645/3553
f 2746/3633/3542 2760/3645/3553 2761/3646/3554
f 2760/3645/3553 2738/3618/3526 2739/3617/3525 2761/3646/3554
f 2746/3633/3542 2761/3646/3554 2762/3647/3555
f 2761/3646/3554 2739/3617/3525 2740/3616/3524 2762/3647/3555
f 2746/3633/3542 2762/3647/3555 2763/3648/3556
f 2762/3647/3555 2740/3616/3524 2741/3615/3523 2763/3648/3556
f 2746/3633/3542 2763/3648/3556 2764/3649/3557
f 2763/3648/3556 2741/3615/3523 2742/3614/3522 2764/3649/3557
f 2746/3633/3542 2764/3649/3557 2765/3650/3558
f 2764/3649/3557 2742/3614/3522 2743/3613/3521 2765/3650/3558
f 2746/3633/3542 2765/3650/3558 2766/3651/3541
f 2765/3650/3558 2743/3613/3521 2744/3612/3518 2766/3651/3541
g default
v 377.905993 137.373310 167.764095
v 375.850413 137.373310 164.406971
v 372.214148 137.373310 162.899274
v 368.386158 137.373310 163.816859
v 365.828558 137.373310 166.809187
v 365.518328 137.373310 170.733442
v 367.573877 137.373310 174.090476
v 371.210172 137.373310 175.598263
v 375.038174 137.373310 174.680677
v 377.595784 137.373310 171.688335
v 377.905993 156.393185 167.764095
v 375.850413 156.393185 164.406971
v 372.214148 156.393185 162.899274
v 368.386158 156.393185 163.816859
v 365.828558 156.393185 166.809187
v 365.518328 156.393185 170.733442
v 367.573877 156.393185 174.090476
v 371.210172 156.393185 175.598263
v 375.038174 156.393185 174.680677
v 377.595784 156.393185 171.688335
v 377.396893 135.832865 167.886142
v 375.510308 135.832865 164.804980
v 372.172917 135.832865 163.421178
v 368.659550 135.832865 164.263381
v 366.312183 135.832865 167.009778
v 366.027428 135.832865 170.611395
v 367.914034 135.832865 173.692543
v 371.251425 135.832865 175.076344
v 374.764802 135.832865 174.234246
v 377.112128 135.832865 171.487772
v 377.396893 157.933630 167.886142
v 375.510308 157.933630 164.804980
v 372.172917 157.933630 163.421178
v 368.659550 157.933630 164.263381
v 366.312183 157.933630 167.009778
v 366.027428 157.933630 170.611395
v 367.914034 157.933630 173.692543
v 371.251425 157.933630 175.076344
v 374.764802 157.933630 174.234246
v 377.112128 157.933630 171.487772
v 376.887775 135.832865 168.008191
v 375.170107 135.832865 165.202943
v 372.131645 135.832865 163.943123
v 368.932922 135.832865 164.709812
v 366.795760 135.832865 167.210281
v 366.536546 135.832865 170.489346
v 368.254140 135.832865 173.294534
v 371.292654 135.832865 174.554429
v 374.491394 135.832865 173.787738
v 376.628535 135.832865 171.287283
v 376.887775 157.933630 168.008191
v 375.170107 157.933630 165.202943
v 372.131645 157.933630 163.943123
v 368.932922 157.933630 164.709812
v 366.795760 157.933630 167.210281
v 366.536546 157.933630 170.489346
v 368.254140 157.933630 173.294534
v 371.292654 157.933630 174.554429
v 374.491394 157.933630 173.787738
v 376.628535 157.933630 171.287283
v 371.712134 136.383125 169.248725
v 371.712134 157.383370 169.248725
v 376.777262 136.204146 168.034632
v 375.096285 136.204146 165.289296
v 372.122716 136.204146 164.056371
v 368.992226 136.204146 164.806722
v 366.900744 136.204146 167.253788
v 366.647094 136.204146 170.462865
v 368.328057 136.204146 173.208226
v 371.301621 136.204146 174.441152
v 374.432085 136.204146 173.690828
v 376.523586 136.204146 171.243736
v 376.777262 157.562348 168.034632
v 375.096285 157.562348 165.289296
v 372.122716 157.562348 164.056371
v 368.992226 157.562348 164.806722
v 366.900744 157.562348 167.253788
v 366.647094 157.562348 170.462865
v 368.328057 157.562348 173.208226
v 371.301621 157.562348 174.441152
v 374.432085 157.562348 173.690828
v 376.523586 157.562348 171.243736
vt 0.189189 0.064750
vt 0.189189 0.098401
vt 0.195765 0.064750
vt 0.195765 0.098401
vt 0.202329 0.064750
vt 0.202329 0.098401
vt 0.208859 0.064750
vt 0.208859 0.098401
vt 0.215283 0.064750
vt 0.215283 0.098401
vt 0.221712 0.064750
vt 0.156730 0.098401
vt 0.163105 0.064750
vt 0.163105 0.098401
vt 0.169530 0.064750
vt 0.169530 0.098401
vt 0.176061 0.064750
vt 0.176061 0.098401
vt 0.182627 0.064750
vt 0.182627 0.098401
vt 0.189189 0.061972
vt 0.195765 0.061972
vt 0.202329 0.061972
vt 0.208859 0.061972
vt 0.215283 0.061972
vt 0.221712 0.061972
vt 0.163105 0.061972
vt 0.169530 0.061972
vt 0.176061 0.061972
vt 0.182627 0.061972
vt 0.189189 0.101203
vt 0.195765 0.101203
vt 0.202329 0.101203
vt 0.208859 0.101203
vt 0.215283 0.101203
vt 0.156730 0.101203
vt 0.163105 0.101203
vt 0.169530 0.101203
vt 0.176061 0.101203
vt 0.182627 0.101203
vt 0.237006 0.032992
vt 0.306943 0.253598
vt 0.240491 0.028195
vt 0.240492 0.022266
vt 0.237008 0.017468
vt 0.231369 0.015635
vt 0.225729 0.017467
vt 0.222243 0.022263
vt 0.222242 0.028193
vt 0.225727 0.032990
vt 0.231366 0.034823
vt 0.305110 0.247959
vt 0.300313 0.244474
vt 0.294384 0.244475
vt 0.289587 0.247960
vt 0.287755 0.253600
vt 0.289588 0.259239
vt 0.294386 0.262724
vt 0.300315 0.262723
vt 0.305112 0.259237
vt 0.306275 0.253594
vt 0.297349 0.253599
vt 0.236616 0.032448
vt 0.231367 0.025229
vt 0.304567 0.248348
vt 0.300103 0.245109
vt 0.294586 0.245112
vt 0.290126 0.248357
vt 0.288424 0.253604
vt 0.290132 0.258849
vt 0.294596 0.262089
vt 0.300112 0.262086
vt 0.304573 0.258841
vt 0.231370 0.034154
vt 0.226124 0.032452
vt 0.222880 0.027990
vt 0.222878 0.022474
vt 0.226119 0.018010
vt 0.231365 0.016304
vt 0.236611 0.018007
vt 0.239855 0.022468
vt 0.239857 0.027985
vt 0.182627 0.102000
vt 0.176061 0.102000
vt 0.169530 0.102000
vt 0.163105 0.102000
vt 0.157708 0.102000
vt 0.215283 0.102000
vt 0.208859 0.102000
vt 0.202329 0.102000
vt 0.195765 0.102000
vt 0.189189 0.102000
vt 0.182627 0.061172
vt 0.176061 0.061172
vt 0.169530 0.061172
vt 0.163105 0.061172
vt 0.220798 0.061172
vt 0.215283 0.061172
vt 0.208859 0.061172
vt 0.202329 0.061172
vt 0.195765 0.061172
vt 0.189189 0.061172
vt 0.220435 0.102000
vt 0.158057 0.061172
vt 0.156730 0.061972
vt 0.221712 0.101203
vt 0.156730 0.064750
vt 0.221712 0.098401
vn 0.972195 0.023038 -0.233039
vn 0.972195 -0.023039 -0.233039
vn 0.649548 -0.023038 -0.759972
vn 0.649548 0.023038 -0.759971
vn 0.078791 -0.023039 -0.996625
vn 0.078791 0.023039 -0.996625
vn -0.522051 -0.023040 -0.852603
vn -0.522052 0.023040 -0.852603
vn -0.923498 -0.023039 -0.382911
vn -0.923498 0.023039 -0.382911
vn -0.972196 -0.023038 0.233035
vn -0.972196 0.023038 0.233035
vn -0.649548 -0.023038 0.759971
vn -0.649548 0.023038 0.759971
vn -0.078803 -0.023038 0.996624
vn -0.078803 0.023037 0.996624
vn 0.522051 -0.023038 0.852603
vn 0.522052 0.023038 0.852603
vn 0.923498 -0.023039 0.382910
vn 0.923498 0.023039 0.382910
vn 0.843528 -0.497574 -0.202190
vn 0.801273 -0.497577 0.332232
vn 0.563585 -0.497575 -0.659387
vn 0.068363 -0.497576 -0.864722
vn -0.452963 -0.497577 -0.739758
vn -0.801275 -0.497573 -0.332233
vn -0.843532 -0.497567 0.202193
vn -0.563583 -0.497565 0.659396
vn -0.068375 -0.497568 0.864726
vn 0.452958 -0.497570 0.739766
vn 0.843528 0.497574 -0.202190
vn 0.563586 0.497575 -0.659386
vn 0.068364 0.497576 -0.864722
vn -0.452964 0.497577 -0.739757
vn -0.801278 0.497571 -0.332230
vn -0.843533 0.497565 0.202192
vn -0.563584 0.497564 0.659396
vn -0.068376 0.497567 0.864727
vn 0.452961 0.497569 0.739764
vn 0.801275 0.497577 0.332229
vn -0.400848 0.911093 0.096072
vn -0.380764 0.911093 -0.157887
vn -0.400836 -0.911099 0.096071
vn -0.267798 -0.911099 0.313341
vn -0.215236 0.911095 -0.351539
vn 0.032492 0.911094 -0.410915
vn 0.267836 0.911094 -0.313322
vn 0.400839 0.911097 -0.096077
vn 0.380781 0.911088 0.157875
vn 0.215260 0.911082 0.351558
vn -0.032486 0.911086 0.410934
vn -0.267824 0.911091 0.313341
vn -0.032476 -0.911087 0.410933
vn 0.215245 -0.911084 0.351563
vn 0.380784 -0.911087 0.157875
vn 0.400855 -0.911089 -0.096081
vn 0.267836 -0.911094 -0.313324
vn 0.032486 -0.911095 -0.410915
vn -0.215238 -0.911095 -0.351537
vn -0.380764 -0.911093 -0.157886
vn 0.000000 -1.000000 0.000000
vn -0.202116 -0.978162 0.048451
vn -0.191993 -0.978163 -0.079601
vn -0.202114 0.978163 0.048451
vn -0.191990 0.978163 -0.079601
vn -0.000001 1.000000 0.000000
vn -0.135040 -0.978162 0.157997
vn -0.016378 -0.978163 0.207194
vn 0.108536 -0.978162 0.177253
vn 0.191989 -0.978163 0.079608
vn 0.202118 -0.978162 -0.048450
vn 0.135037 -0.978162 -0.158002
vn 0.016382 -0.978163 -0.207193
vn -0.108535 -0.978163 -0.177248
vn -0.135048 0.978161 0.157997
vn -0.016385 0.978163 0.207195
vn 0.108542 0.978162 0.177251
vn 0.191996 0.978162 0.079606
vn 0.202118 0.978162 -0.048449
vn 0.135036 0.978162 -0.158001
vn 0.016377 0.978163 -0.207192
vn -0.108539 0.978163 -0.177248
s 1
g S_U_14 group1 Cans_Atonofcans Can_Guna_11
usemtl S_P29_01_aiStandardSurface5SG
f 2777/3679/3559 2767/3678/3560 2768/3680/3561 2778/3681/3562
f 2778/3681/3562 2768/3680/3561 2769/3682/3563 2779/3683/3564
f 2779/3683/3564 2769/3682/3563 2770/3684/3565 2780/3685/3566
f 2780/3685/3566 2770/3684/3565 2771/3686/3567 2781/3687/3568
f 2781/3687/3568 2771/3686/3567 2772/3688/3569 2782/3785/3570
f 2782/3689/3570 2772/3784/3569 2773/3690/3571 2783/3691/3572
f 2783/3691/3572 2773/3690/3571 2774/3692/3573 2784/3693/3574
f 2784/3693/3574 2774/3692/3573 2775/3694/3575 2785/3695/3576
f 2785/3695/3576 2775/3694/3575 2776/3696/3577 2786/3697/3578
f 2777/3679/3559 2786/3697/3578 2776/3696/3577 2767/3678/3560
f 2787/3698/3579 2767/3678/3560 2776/3696/3577 2796/3707/3580
f 2787/3698/3579 2788/3699/3581 2768/3680/3561 2767/3678/3560
f 2788/3699/3581 2789/3700/3582 2769/3682/3563 2768/3680/3561
f 2789/3700/3582 2790/3701/3583 2770/3684/3565 2769/3682/3563
f 2790/3701/3583 2791/3702/3584 2771/3686/3567 2770/3684/3565
f 2791/3702/3584 2792/3703/3585 2772/3688/3569 2771/3686/3567
f 2792/3782/3585 2793/3704/3586 2773/3690/3571 2772/3784/3569
f 2793/3704/3586 2794/3705/3587 2774/3692/3573 2773/3690/3571
f 2794/3705/3587 2795/3706/3588 2775/3694/3575 2774/3692/3573
f 2795/3706/3588 2796/3707/3580 2776/3696/3577 2775/3694/3575
f 2797/3708/3589 2777/3679/3559 2778/3681/3562 2798/3709/3590
f 2798/3709/3590 2778/3681/3562 2779/3683/3564 2799/3710/3591
f 2799/3710/3591 2779/3683/3564 2780/3685/3566 2800/3711/3592
f 2800/3711/3592 2780/3685/3566 2781/3687/3568 2801/3712/3593
f 2801/3712/3593 2781/3687/3568 2782/3785/3570 2802/3783/3594
f 2802/3713/3594 2782/3689/3570 2783/3691/3572 2803/3714/3595
f 2803/3714/3595 2783/3691/3572 2784/3693/3574 2804/3715/3596
f 2804/3715/3596 2784/3693/3574 2785/3695/3576 2805/3716/3597
f 2805/3716/3597 2785/3695/3576 2786/3697/3578 2806/3717/3598
f 2797/3708/3589 2806/3717/3598 2786/3697/3578 2777/3679/3559
f 2797/3708/3589 2817/3769/3599 2826/3760/3600 2806/3717/3598
f 2787/3698/3579 2807/3779/3601 2808/3778/3602 2788/3699/3581
f 2805/3716/3597 2806/3717/3598 2826/3760/3600 2825/3761/3603
f 2804/3715/3596 2805/3716/3597 2825/3761/3603 2824/3762/3604
f 2803/3714/3595 2804/3715/3596 2824/3762/3604 2823/3763/3605
f 2802/3713/3594 2803/3714/3595 2823/3763/3605 2822/3764/3606
f 2801/3712/3593 2802/3783/3594 2822/3780/3606 2821/3765/3607
f 2800/3711/3592 2801/3712/3593 2821/3765/3607 2820/3766/3608
f 2799/3710/3591 2800/3711/3592 2820/3766/3608 2819/3767/3609
f 2798/3709/3590 2799/3710/3591 2819/3767/3609 2818/3768/3610
f 2797/3708/3589 2798/3709/3590 2818/3768/3610 2817/3769/3599
f 2788/3699/3581 2808/3778/3602 2809/3777/3611 2789/3700/3582
f 2789/3700/3582 2809/3777/3611 2810/3776/3612 2790/3701/3583
f 2790/3701/3583 2810/3776/3612 2811/3775/3613 2791/3702/3584
f 2791/3702/3584 2811/3775/3613 2812/3774/3614 2792/3703/3585
f 2792/3782/3585 2812/3781/3614 2813/3773/3615 2793/3704/3586
f 2793/3704/3586 2813/3773/3615 2814/3772/3616 2794/3705/3587
f 2794/3705/3587 2814/3772/3616 2815/3771/3617 2795/3706/3588
f 2795/3706/3588 2815/3771/3617 2816/3770/3618 2796/3707/3580
f 2787/3698/3579 2796/3707/3580 2816/3770/3618 2807/3779/3601
f 2827/3739/3619 2829/3738/3620 2838/3750/3621
f 2829/3738/3620 2807/3719/3601 2816/3737/3618 2838/3750/3621
f 2817/3718/3599 2839/3740/3622 2848/3759/3623 2826/3720/3600
f 2839/3740/3622 2828/3741/3624 2848/3759/3623
f 2807/3719/3601 2829/3738/3620 2830/3742/3625 2808/3729/3602
f 2829/3738/3620 2827/3739/3619 2830/3742/3625
f 2808/3729/3602 2830/3742/3625 2831/3743/3626 2809/3730/3611
f 2830/3742/3625 2827/3739/3619 2831/3743/3626
f 2809/3730/3611 2831/3743/3626 2832/3744/3627 2810/3731/3612
f 2831/3743/3626 2827/3739/3619 2832/3744/3627
f 2810/3731/3612 2832/3744/3627 2833/3745/3628 2811/3732/3613
f 2832/3744/3627 2827/3739/3619 2833/3745/3628
f 2811/3732/3613 2833/3745/3628 2834/3746/3629 2812/3733/3614
f 2833/3745/3628 2827/3739/3619 2834/3746/3629
f 2812/3733/3614 2834/3746/3629 2835/3747/3630 2813/3734/3615
f 2834/3746/3629 2827/3739/3619 2835/3747/3630
f 2813/3734/3615 2835/3747/3630 2836/3748/3631 2814/3735/3616
f 2835/3747/3630 2827/3739/3619 2836/3748/3631
f 2814/3735/3616 2836/3748/3631 2837/3749/3632 2815/3736/3617
f 2836/3748/3631 2827/3739/3619 2837/3749/3632
f 2815/3736/3617 2837/3749/3632 2838/3750/3621 2816/3737/3618
f 2837/3749/3632 2827/3739/3619 2838/3750/3621
f 2828/3741/3624 2839/3740/3622 2840/3751/3633
f 2839/3740/3622 2817/3718/3599 2818/3728/3610 2840/3751/3633
f 2828/3741/3624 2840/3751/3633 2841/3752/3634
f 2840/3751/3633 2818/3728/3610 2819/3727/3609 2841/3752/3634
f 2828/3741/3624 2841/3752/3634 2842/3753/3635
f 2841/3752/3634 2819/3727/3609 2820/3726/3608 2842/3753/3635
f 2828/3741/3624 2842/3753/3635 2843/3754/3636
f 2842/3753/3635 2820/3726/3608 2821/3725/3607 2843/3754/3636
f 2828/3741/3624 2843/3754/3636 2844/3755/3637
f 2843/3754/3636 2821/3725/3607 2822/3724/3606 2844/3755/3637
f 2828/3741/3624 2844/3755/3637 2845/3756/3638
f 2844/3755/3637 2822/3724/3606 2823/3723/3605 2845/3756/3638
f 2828/3741/3624 2845/3756/3638 2846/3757/3639
f 2845/3756/3638 2823/3723/3605 2824/3722/3604 2846/3757/3639
f 2828/3741/3624 2846/3757/3639 2847/3758/3640
f 2846/3757/3639 2824/3722/3604 2825/3721/3603 2847/3758/3640
f 2828/3741/3624 2847/3758/3640 2848/3759/3623
f 2847/3758/3640 2825/3721/3603 2826/3720/3600 2848/3759/3623
g default
v 397.796349 137.373310 167.764095
v 395.740769 137.373310 164.406971
v 392.104504 137.373310 162.899274
v 388.276514 137.373310 163.816859
v 385.718914 137.373310 166.809187
v 385.408684 137.373310 170.733442
v 387.464233 137.373310 174.090476
v 391.100528 137.373310 175.598263
v 394.928530 137.373310 174.680677
v 397.486140 137.373310 171.688335
v 397.796349 156.393185 167.764095
v 395.740769 156.393185 164.406971
v 392.104504 156.393185 162.899274
v 388.276514 156.393185 163.816859
v 385.718914 156.393185 166.809187
v 385.408684 156.393185 170.733442
v 387.464233 156.393185 174.090476
v 391.100528 156.393185 175.598263
v 394.928530 156.393185 174.680677
v 397.486140 156.393185 171.688335
v 397.287248 135.832865 167.886142
v 395.400664 135.832865 164.804980
v 392.063273 135.832865 163.421178
v 388.549906 135.832865 164.263381
v 386.202539 135.832865 167.009778
v 385.917784 135.832865 170.611395
v 387.804390 135.832865 173.692543
v 391.141781 135.832865 175.076344
v 394.655157 135.832865 174.234246
v 397.002484 135.832865 171.487772
v 397.287248 157.933630 167.886142
v 395.400664 157.933630 164.804980
v 392.063273 157.933630 163.421178
v 388.549906 157.933630 164.263381
v 386.202539 157.933630 167.009778
v 385.917784 157.933630 170.611395
v 387.804390 157.933630 173.692543
v 391.141781 157.933630 175.076344
v 394.655157 157.933630 174.234246
v 397.002484 157.933630 171.487772
v 396.778131 135.832865 168.008191
v 395.060463 135.832865 165.202943
v 392.022001 135.832865 163.943123
v 388.823278 135.832865 164.709812
v 386.686116 135.832865 167.210281
v 386.426901 135.832865 170.489346
v 388.144496 135.832865 173.294534
v 391.183010 135.832865 174.554429
v 394.381750 135.832865 173.787738
v 396.518891 135.832865 171.287283
v 396.778131 157.933630 168.008191
v 395.060463 157.933630 165.202943
v 392.022001 157.933630 163.943123
v 388.823278 157.933630 164.709812
v 386.686116 157.933630 167.210281
v 386.426901 157.933630 170.489346
v 388.144496 157.933630 173.294534
v 391.183010 157.933630 174.554429
v 394.381750 157.933630 173.787738
v 396.518891 157.933630 171.287283
v 391.602489 136.383125 169.248725
v 391.602489 157.383370 169.248725
v 396.667618 136.204146 168.034632
v 394.986641 136.204146 165.289296
v 392.013072 136.204146 164.056371
v 388.882582 136.204146 164.806722
v 386.791100 136.204146 167.253788
v 386.537450 136.204146 170.462865
v 388.218413 136.204146 173.208226
v 391.191976 136.204146 174.441152
v 394.322441 136.204146 173.690828
v 396.413942 136.204146 171.243736
v 396.667618 157.562348 168.034632
v 394.986641 157.562348 165.289296
v 392.013072 157.562348 164.056371
v 388.882582 157.562348 164.806722
v 386.791100 157.562348 167.253788
v 386.537450 157.562348 170.462865
v 388.218413 157.562348 173.208226
v 391.191976 157.562348 174.441152
v 394.322441 157.562348 173.690828
v 396.413942 157.562348 171.243736
vt 0.189189 0.064750
vt 0.189189 0.098401
vt 0.195765 0.064750
vt 0.195765 0.098401
vt 0.202329 0.064750
vt 0.202329 0.098401
vt 0.208859 0.064750
vt 0.208859 0.098401
vt 0.215283 0.064750
vt 0.215283 0.098401
vt 0.221712 0.064750
vt 0.156730 0.098401
vt 0.163105 0.064750
vt 0.163105 0.098401
vt 0.169530 0.064750
vt 0.169530 0.098401
vt 0.176061 0.064750
vt 0.176061 0.098401
vt 0.182627 0.064750
vt 0.182627 0.098401
vt 0.189189 0.061972
vt 0.195765 0.061972
vt 0.202329 0.061972
vt 0.208859 0.061972
vt 0.215283 0.061972
vt 0.221712 0.061972
vt 0.163105 0.061972
vt 0.169530 0.061972
vt 0.176061 0.061972
vt 0.182627 0.061972
vt 0.189189 0.101203
vt 0.195765 0.101203
vt 0.202329 0.101203
vt 0.208859 0.101203
vt 0.215283 0.101203
vt 0.156730 0.101203
vt 0.163105 0.101203
vt 0.169530 0.101203
vt 0.176061 0.101203
vt 0.182627 0.101203
vt 0.237006 0.032992
vt 0.306943 0.253598
vt 0.240491 0.028195
vt 0.240492 0.022266
vt 0.237008 0.017468
vt 0.231369 0.015635
vt 0.225729 0.017467
vt 0.222243 0.022263
vt 0.222242 0.028193
vt 0.225727 0.032990
vt 0.231366 0.034823
vt 0.305110 0.247959
vt 0.300313 0.244474
vt 0.294384 0.244475
vt 0.289587 0.247960
vt 0.287755 0.253600
vt 0.289588 0.259239
vt 0.294386 0.262724
vt 0.300315 0.262723
vt 0.305112 0.259237
vt 0.306275 0.253594
vt 0.297349 0.253599
vt 0.236616 0.032448
vt 0.231367 0.025229
vt 0.304567 0.248348
vt 0.300103 0.245109
vt 0.294586 0.245112
vt 0.290126 0.248357
vt 0.288424 0.253604
vt 0.290132 0.258849
vt 0.294596 0.262089
vt 0.300112 0.262086
vt 0.304573 0.258841
vt 0.231370 0.034154
vt 0.226124 0.032452
vt 0.222880 0.027990
vt 0.222878 0.022474
vt 0.226119 0.018010
vt 0.231365 0.016304
vt 0.236611 0.018007
vt 0.239855 0.022468
vt 0.239857 0.027985
vt 0.182627 0.102000
vt 0.176061 0.102000
vt 0.169530 0.102000
vt 0.163105 0.102000
vt 0.157708 0.102000
vt 0.215283 0.102000
vt 0.208859 0.102000
vt 0.202329 0.102000
vt 0.195765 0.102000
vt 0.189189 0.102000
vt 0.182627 0.061172
vt 0.176061 0.061172
vt 0.169530 0.061172
vt 0.163105 0.061172
vt 0.220798 0.061172
vt 0.215283 0.061172
vt 0.208859 0.061172
vt 0.202329 0.061172
vt 0.195765 0.061172
vt 0.189189 0.061172
vt 0.220435 0.102000
vt 0.158057 0.061172
vt 0.156730 0.061972
vt 0.221712 0.101203
vt 0.156730 0.064750
vt 0.221712 0.098401
vn 0.972195 0.023038 -0.233039
vn 0.972195 -0.023039 -0.233039
vn 0.649548 -0.023038 -0.759972
vn 0.649548 0.023038 -0.759971
vn 0.078791 -0.023039 -0.996625
vn 0.078791 0.023039 -0.996625
vn -0.522051 -0.023040 -0.852603
vn -0.522052 0.023040 -0.852603
vn -0.923498 -0.023039 -0.382911
vn -0.923498 0.023039 -0.382911
vn -0.972196 -0.023038 0.233035
vn -0.972196 0.023038 0.233035
vn -0.649548 -0.023038 0.759971
vn -0.649548 0.023038 0.759971
vn -0.078803 -0.023038 0.996624
vn -0.078803 0.023037 0.996624
vn 0.522051 -0.023038 0.852603
vn 0.522052 0.023038 0.852603
vn 0.923498 -0.023039 0.382910
vn 0.923498 0.023039 0.382910
vn 0.843528 -0.497574 -0.202190
vn 0.801273 -0.497577 0.332232
vn 0.563585 -0.497575 -0.659387
vn 0.068363 -0.497576 -0.864722
vn -0.452963 -0.497577 -0.739758
vn -0.801275 -0.497573 -0.332233
vn -0.843532 -0.497567 0.202193
vn -0.563583 -0.497565 0.659396
vn -0.068375 -0.497568 0.864726
vn 0.452958 -0.497570 0.739766
vn 0.843528 0.497574 -0.202190
vn 0.563586 0.497575 -0.659386
vn 0.068364 0.497576 -0.864722
vn -0.452964 0.497577 -0.739757
vn -0.801278 0.497571 -0.332230
vn -0.843533 0.497565 0.202192
vn -0.563584 0.497564 0.659396
vn -0.068376 0.497567 0.864727
vn 0.452961 0.497569 0.739764
vn 0.801275 0.497577 0.332229
vn -0.400848 0.911093 0.096072
vn -0.380764 0.911093 -0.157887
vn -0.400836 -0.911099 0.096071
vn -0.267798 -0.911099 0.313341
vn -0.215236 0.911095 -0.351539
vn 0.032492 0.911094 -0.410915
vn 0.267836 0.911094 -0.313322
vn 0.400839 0.911097 -0.096077
vn 0.380781 0.911088 0.157875
vn 0.215260 0.911082 0.351558
vn -0.032486 0.911086 0.410934
vn -0.267824 0.911091 0.313341
vn -0.032476 -0.911087 0.410933
vn 0.215245 -0.911084 0.351563
vn 0.380784 -0.911087 0.157875
vn 0.400855 -0.911089 -0.096081
vn 0.267836 -0.911094 -0.313324
vn 0.032486 -0.911095 -0.410915
vn -0.215238 -0.911095 -0.351537
vn -0.380764 -0.911093 -0.157886
vn 0.000000 -1.000000 0.000000
vn -0.202116 -0.978162 0.048451
vn -0.191993 -0.978163 -0.079601
vn -0.202114 0.978163 0.048451
vn -0.191990 0.978163 -0.079601
vn -0.000001 1.000000 0.000000
vn -0.135040 -0.978162 0.157997
vn -0.016378 -0.978163 0.207194
vn 0.108536 -0.978162 0.177253
vn 0.191989 -0.978163 0.079608
vn 0.202118 -0.978162 -0.048450
vn 0.135037 -0.978162 -0.158002
vn 0.016382 -0.978163 -0.207193
vn -0.108535 -0.978163 -0.177248
vn -0.135048 0.978161 0.157997
vn -0.016385 0.978163 0.207195
vn 0.108542 0.978162 0.177251
vn 0.191996 0.978162 0.079606
vn 0.202118 0.978162 -0.048449
vn 0.135036 0.978162 -0.158001
vn 0.016377 0.978163 -0.207192
vn -0.108539 0.978163 -0.177248
s 1
g S_U_14 group1 Cans_Atonofcans Can_Guna_12
usemtl S_P29_01_aiStandardSurface5SG
f 2859/3787/3641 2849/3786/3642 2850/3788/3643 2860/3789/3644
f 2860/3789/3644 2850/3788/3643 2851/3790/3645 2861/3791/3646
f 2861/3791/3646 2851/3790/3645 2852/3792/3647 2862/3793/3648
f 2862/3793/3648 2852/3792/3647 2853/3794/3649 2863/3795/3650
f 2863/3795/3650 2853/3794/3649 2854/3796/3651 2864/3893/3652
f 2864/3797/3652 2854/3892/3651 2855/3798/3653 2865/3799/3654
f 2865/3799/3654 2855/3798/3653 2856/3800/3655 2866/3801/3656
f 2866/3801/3656 2856/3800/3655 2857/3802/3657 2867/3803/3658
f 2867/3803/3658 2857/3802/3657 2858/3804/3659 2868/3805/3660
f 2859/3787/3641 2868/3805/3660 2858/3804/3659 2849/3786/3642
f 2869/3806/3661 2849/3786/3642 2858/3804/3659 2878/3815/3662
f 2869/3806/3661 2870/3807/3663 2850/3788/3643 2849/3786/3642
f 2870/3807/3663 2871/3808/3664 2851/3790/3645 2850/3788/3643
f 2871/3808/3664 2872/3809/3665 2852/3792/3647 2851/3790/3645
f 2872/3809/3665 2873/3810/3666 2853/3794/3649 2852/3792/3647
f 2873/3810/3666 2874/3811/3667 2854/3796/3651 2853/3794/3649
f 2874/3890/3667 2875/3812/3668 2855/3798/3653 2854/3892/3651
f 2875/3812/3668 2876/3813/3669 2856/3800/3655 2855/3798/3653
f 2876/3813/3669 2877/3814/3670 2857/3802/3657 2856/3800/3655
f 2877/3814/3670 2878/3815/3662 2858/3804/3659 2857/3802/3657
f 2879/3816/3671 2859/3787/3641 2860/3789/3644 2880/3817/3672
f 2880/3817/3672 2860/3789/3644 2861/3791/3646 2881/3818/3673
f 2881/3818/3673 2861/3791/3646 2862/3793/3648 2882/3819/3674
f 2882/3819/3674 2862/3793/3648 2863/3795/3650 2883/3820/3675
f 2883/3820/3675 2863/3795/3650 2864/3893/3652 2884/3891/3676
f 2884/3821/3676 2864/3797/3652 2865/3799/3654 2885/3822/3677
f 2885/3822/3677 2865/3799/3654 2866/3801/3656 2886/3823/3678
f 2886/3823/3678 2866/3801/3656 2867/3803/3658 2887/3824/3679
f 2887/3824/3679 2867/3803/3658 2868/3805/3660 2888/3825/3680
f 2879/3816/3671 2888/3825/3680 2868/3805/3660 2859/3787/3641
f 2879/3816/3671 2899/3877/3681 2908/3868/3682 2888/3825/3680
f 2869/3806/3661 2889/3887/3683 2890/3886/3684 2870/3807/3663
f 2887/3824/3679 2888/3825/3680 2908/3868/3682 2907/3869/3685
f 2886/3823/3678 2887/3824/3679 2907/3869/3685 2906/3870/3686
f 2885/3822/3677 2886/3823/3678 2906/3870/3686 2905/3871/3687
f 2884/3821/3676 2885/3822/3677 2905/3871/3687 2904/3872/3688
f 2883/3820/3675 2884/3891/3676 2904/3888/3688 2903/3873/3689
f 2882/3819/3674 2883/3820/3675 2903/3873/3689 2902/3874/3690
f 2881/3818/3673 2882/3819/3674 2902/3874/3690 2901/3875/3691
f 2880/3817/3672 2881/3818/3673 2901/3875/3691 2900/3876/3692
f 2879/3816/3671 2880/3817/3672 2900/3876/3692 2899/3877/3681
f 2870/3807/3663 2890/3886/3684 2891/3885/3693 2871/3808/3664
f 2871/3808/3664 2891/3885/3693 2892/3884/3694 2872/3809/3665
f 2872/3809/3665 2892/3884/3694 2893/3883/3695 2873/3810/3666
f 2873/3810/3666 2893/3883/3695 2894/3882/3696 2874/3811/3667
f 2874/3890/3667 2894/3889/3696 2895/3881/3697 2875/3812/3668
f 2875/3812/3668 2895/3881/3697 2896/3880/3698 2876/3813/3669
f 2876/3813/3669 2896/3880/3698 2897/3879/3699 2877/3814/3670
f 2877/3814/3670 2897/3879/3699 2898/3878/3700 2878/3815/3662
f 2869/3806/3661 2878/3815/3662 2898/3878/3700 2889/3887/3683
f 2909/3847/3701 2911/3846/3702 2920/3858/3703
f 2911/3846/3702 2889/3827/3683 2898/3845/3700 2920/3858/3703
f 2899/3826/3681 2921/3848/3704 2930/3867/3705 2908/3828/3682
f 2921/3848/3704 2910/3849/3706 2930/3867/3705
f 2889/3827/3683 2911/3846/3702 2912/3850/3707 2890/3837/3684
f 2911/3846/3702 2909/3847/3701 2912/3850/3707
f 2890/3837/3684 2912/3850/3707 2913/3851/3708 2891/3838/3693
f 2912/3850/3707 2909/3847/3701 2913/3851/3708
f 2891/3838/3693 2913/3851/3708 2914/3852/3709 2892/3839/3694
f 2913/3851/3708 2909/3847/3701 2914/3852/3709
f 2892/3839/3694 2914/3852/3709 2915/3853/3710 2893/3840/3695
f 2914/3852/3709 2909/3847/3701 2915/3853/3710
f 2893/3840/3695 2915/3853/3710 2916/3854/3711 2894/3841/3696
f 2915/3853/3710 2909/3847/3701 2916/3854/3711
f 2894/3841/3696 2916/3854/3711 2917/3855/3712 2895/3842/3697
f 2916/3854/3711 2909/3847/3701 2917/3855/3712
f 2895/3842/3697 2917/3855/3712 2918/3856/3713 2896/3843/3698
f 2917/3855/3712 2909/3847/3701 2918/3856/3713
f 2896/3843/3698 2918/3856/3713 2919/3857/3714 2897/3844/3699
f 2918/3856/3713 2909/3847/3701 2919/3857/3714
f 2897/3844/3699 2919/3857/3714 2920/3858/3703 2898/3845/3700
f 2919/3857/3714 2909/3847/3701 2920/3858/3703
f 2910/3849/3706 2921/3848/3704 2922/3859/3715
f 2921/3848/3704 2899/3826/3681 2900/3836/3692 2922/3859/3715
f 2910/3849/3706 2922/3859/3715 2923/3860/3716
f 2922/3859/3715 2900/3836/3692 2901/3835/3691 2923/3860/3716
f 2910/3849/3706 2923/3860/3716 2924/3861/3717
f 2923/3860/3716 2901/3835/3691 2902/3834/3690 2924/3861/3717
f 2910/3849/3706 2924/3861/3717 2925/3862/3718
f 2924/3861/3717 2902/3834/3690 2903/3833/3689 2925/3862/3718
f 2910/3849/3706 2925/3862/3718 2926/3863/3719
f 2925/3862/3718 2903/3833/3689 2904/3832/3688 2926/3863/3719
f 2910/3849/3706 2926/3863/3719 2927/3864/3720
f 2926/3863/3719 2904/3832/3688 2905/3831/3687 2927/3864/3720
f 2910/3849/3706 2927/3864/3720 2928/3865/3721
f 2927/3864/3720 2905/3831/3687 2906/3830/3686 2928/3865/3721
f 2910/3849/3706 2928/3865/3721 2929/3866/3722
f 2928/3865/3721 2906/3830/3686 2907/3829/3685 2929/3866/3722
f 2910/3849/3706 2929/3866/3722 2930/3867/3705
f 2929/3866/3722 2907/3829/3685 2908/3828/3682 2930/3867/3705
g default
v 417.686704 137.373310 167.764095
v 415.631125 137.373310 164.406971
v 411.994860 137.373310 162.899274
v 408.166870 137.373310 163.816859
v 405.609270 137.373310 166.809187
v 405.299040 137.373310 170.733442
v 407.354588 137.373310 174.090476
v 410.990884 137.373310 175.598263
v 414.818886 137.373310 174.680677
v 417.376496 137.373310 171.688335
v 417.686704 156.393185 167.764095
v 415.631125 156.393185 164.406971
v 411.994860 156.393185 162.899274
v 408.166870 156.393185 163.816859
v 405.609270 156.393185 166.809187
v 405.299040 156.393185 170.733442
v 407.354588 156.393185 174.090476
v 410.990884 156.393185 175.598263
v 414.818886 156.393185 174.680677
v 417.376496 156.393185 171.688335
v 417.177604 135.832865 167.886142
v 415.291019 135.832865 164.804980
v 411.953629 135.832865 163.421178
v 408.440262 135.832865 164.263381
v 406.092895 135.832865 167.009778
v 405.808140 135.832865 170.611395
v 407.694746 135.832865 173.692543
v 411.032137 135.832865 175.076344
v 414.545513 135.832865 174.234246
v 416.892840 135.832865 171.487772
v 417.177604 157.933630 167.886142
v 415.291019 157.933630 164.804980
v 411.953629 157.933630 163.421178
v 408.440262 157.933630 164.263381
v 406.092895 157.933630 167.009778
v 405.808140 157.933630 170.611395
v 407.694746 157.933630 173.692543
v 411.032137 157.933630 175.076344
v 414.545513 157.933630 174.234246
v 416.892840 157.933630 171.487772
v 416.668487 135.832865 168.008191
v 414.950819 135.832865 165.202943
v 411.912357 135.832865 163.943123
v 408.713634 135.832865 164.709812
v 406.576472 135.832865 167.210281
v 406.317257 135.832865 170.489346
v 408.034852 135.832865 173.294534
v 411.073366 135.832865 174.554429
v 414.272106 135.832865 173.787738
v 416.409247 135.832865 171.287283
v 416.668487 157.933630 168.008191
v 414.950819 157.933630 165.202943
v 411.912357 157.933630 163.943123
v 408.713634 157.933630 164.709812
v 406.576472 157.933630 167.210281
v 406.317257 157.933630 170.489346
v 408.034852 157.933630 173.294534
v 411.073366 157.933630 174.554429
v 414.272106 157.933630 173.787738
v 416.409247 157.933630 171.287283
v 411.492845 136.383125 169.248725
v 411.492845 157.383370 169.248725
v 416.557974 136.204146 168.034632
v 414.876997 136.204146 165.289296
v 411.903427 136.204146 164.056371
v 408.772938 136.204146 164.806722
v 406.681456 136.204146 167.253788
v 406.427806 136.204146 170.462865
v 408.108769 136.204146 173.208226
v 411.082332 136.204146 174.441152
v 414.212797 136.204146 173.690828
v 416.304298 136.204146 171.243736
v 416.557974 157.562348 168.034632
v 414.876997 157.562348 165.289296
v 411.903427 157.562348 164.056371
v 408.772938 157.562348 164.806722
v 406.681456 157.562348 167.253788
v 406.427806 157.562348 170.462865
v 408.108769 157.562348 173.208226
v 411.082332 157.562348 174.441152
v 414.212797 157.562348 173.690828
v 416.304298 157.562348 171.243736
vt 0.189189 0.064750
vt 0.189189 0.098401
vt 0.195765 0.064750
vt 0.195765 0.098401
vt 0.202329 0.064750
vt 0.202329 0.098401
vt 0.208859 0.064750
vt 0.208859 0.098401
vt 0.215283 0.064750
vt 0.215283 0.098401
vt 0.221712 0.064750
vt 0.156730 0.098401
vt 0.163105 0.064750
vt 0.163105 0.098401
vt 0.169530 0.064750
vt 0.169530 0.098401
vt 0.176061 0.064750
vt 0.176061 0.098401
vt 0.182627 0.064750
vt 0.182627 0.098401
vt 0.189189 0.061972
vt 0.195765 0.061972
vt 0.202329 0.061972
vt 0.208859 0.061972
vt 0.215283 0.061972
vt 0.221712 0.061972
vt 0.163105 0.061972
vt 0.169530 0.061972
vt 0.176061 0.061972
vt 0.182627 0.061972
vt 0.189189 0.101203
vt 0.195765 0.101203
vt 0.202329 0.101203
vt 0.208859 0.101203
vt 0.215283 0.101203
vt 0.156730 0.101203
vt 0.163105 0.101203
vt 0.169530 0.101203
vt 0.176061 0.101203
vt 0.182627 0.101203
vt 0.237006 0.032992
vt 0.306943 0.253598
vt 0.240491 0.028195
vt 0.240492 0.022266
vt 0.237008 0.017468
vt 0.231369 0.015635
vt 0.225729 0.017467
vt 0.222243 0.022263
vt 0.222242 0.028193
vt 0.225727 0.032990
vt 0.231366 0.034823
vt 0.305110 0.247959
vt 0.300313 0.244474
vt 0.294384 0.244475
vt 0.289587 0.247960
vt 0.287755 0.253600
vt 0.289588 0.259239
vt 0.294386 0.262724
vt 0.300315 0.262723
vt 0.305112 0.259237
vt 0.306275 0.253594
vt 0.297349 0.253599
vt 0.236616 0.032448
vt 0.231367 0.025229
vt 0.304567 0.248348
vt 0.300103 0.245109
vt 0.294586 0.245112
vt 0.290126 0.248357
vt 0.288424 0.253604
vt 0.290132 0.258849
vt 0.294596 0.262089
vt 0.300112 0.262086
vt 0.304573 0.258841
vt 0.231370 0.034154
vt 0.226124 0.032452
vt 0.222880 0.027990
vt 0.222878 0.022474
vt 0.226119 0.018010
vt 0.231365 0.016304
vt 0.236611 0.018007
vt 0.239855 0.022468
vt 0.239857 0.027985
vt 0.182627 0.102000
vt 0.176061 0.102000
vt 0.169530 0.102000
vt 0.163105 0.102000
vt 0.157708 0.102000
vt 0.215283 0.102000
vt 0.208859 0.102000
vt 0.202329 0.102000
vt 0.195765 0.102000
vt 0.189189 0.102000
vt 0.182627 0.061172
vt 0.176061 0.061172
vt 0.169530 0.061172
vt 0.163105 0.061172
vt 0.220798 0.061172
vt 0.215283 0.061172
vt 0.208859 0.061172
vt 0.202329 0.061172
vt 0.195765 0.061172
vt 0.189189 0.061172
vt 0.220435 0.102000
vt 0.158057 0.061172
vt 0.156730 0.061972
vt 0.221712 0.101203
vt 0.156730 0.064750
vt 0.221712 0.098401
vn 0.972195 0.023038 -0.233039
vn 0.972195 -0.023039 -0.233039
vn 0.649548 -0.023038 -0.759972
vn 0.649548 0.023038 -0.759971
vn 0.078791 -0.023039 -0.996625
vn 0.078791 0.023039 -0.996625
vn -0.522051 -0.023040 -0.852603
vn -0.522052 0.023040 -0.852603
vn -0.923498 -0.023039 -0.382911
vn -0.923498 0.023039 -0.382911
vn -0.972196 -0.023038 0.233035
vn -0.972196 0.023038 0.233035
vn -0.649548 -0.023038 0.759971
vn -0.649548 0.023038 0.759971
vn -0.078803 -0.023038 0.996624
vn -0.078803 0.023037 0.996624
vn 0.522051 -0.023038 0.852603
vn 0.522052 0.023038 0.852603
vn 0.923498 -0.023039 0.382910
vn 0.923498 0.023039 0.382910
vn 0.843528 -0.497574 -0.202190
vn 0.801273 -0.497577 0.332232
vn 0.563585 -0.497575 -0.659387
vn 0.068363 -0.497576 -0.864722
vn -0.452963 -0.497577 -0.739758
vn -0.801275 -0.497573 -0.332233
vn -0.843532 -0.497567 0.202193
vn -0.563583 -0.497565 0.659396
vn -0.068375 -0.497568 0.864726
vn 0.452958 -0.497570 0.739766
vn 0.843528 0.497574 -0.202190
vn 0.563586 0.497575 -0.659386
vn 0.068364 0.497576 -0.864722
vn -0.452964 0.497577 -0.739757
vn -0.801278 0.497571 -0.332230
vn -0.843533 0.497565 0.202192
vn -0.563584 0.497564 0.659396
vn -0.068376 0.497567 0.864727
vn 0.452961 0.497569 0.739764
vn 0.801275 0.497577 0.332229
vn -0.400848 0.911093 0.096072
vn -0.380764 0.911093 -0.157887
vn -0.400836 -0.911099 0.096071
vn -0.267798 -0.911099 0.313341
vn -0.215236 0.911095 -0.351539
vn 0.032492 0.911094 -0.410915
vn 0.267836 0.911094 -0.313322
vn 0.400839 0.911097 -0.096077
vn 0.380781 0.911088 0.157875
vn 0.215260 0.911082 0.351558
vn -0.032486 0.911086 0.410934
vn -0.267824 0.911091 0.313341
vn -0.032476 -0.911087 0.410933
vn 0.215245 -0.911084 0.351563
vn 0.380784 -0.911087 0.157875
vn 0.400855 -0.911089 -0.096081
vn 0.267836 -0.911094 -0.313324
vn 0.032486 -0.911095 -0.410915
vn -0.215238 -0.911095 -0.351537
vn -0.380764 -0.911093 -0.157886
vn 0.000000 -1.000000 0.000000
vn -0.202116 -0.978162 0.048451
vn -0.191993 -0.978163 -0.079601
vn -0.202114 0.978163 0.048451
vn -0.191990 0.978163 -0.079601
vn -0.000001 1.000000 0.000000
vn -0.135040 -0.978162 0.157997
vn -0.016378 -0.978163 0.207194
vn 0.108536 -0.978162 0.177253
vn 0.191989 -0.978163 0.079608
vn 0.202118 -0.978162 -0.048450
vn 0.135037 -0.978162 -0.158002
vn 0.016382 -0.978163 -0.207193
vn -0.108535 -0.978163 -0.177248
vn -0.135048 0.978161 0.157997
vn -0.016385 0.978163 0.207195
vn 0.108542 0.978162 0.177251
vn 0.191996 0.978162 0.079606
vn 0.202118 0.978162 -0.048449
vn 0.135036 0.978162 -0.158001
vn 0.016377 0.978163 -0.207192
vn -0.108539 0.978163 -0.177248
s 1
g S_U_14 group1 Cans_Atonofcans Can_Guna_13
usemtl S_P29_01_aiStandardSurface5SG
f 2941/3895/3723 2931/3894/3724 2932/3896/3725 2942/3897/3726
f 2942/3897/3726 2932/3896/3725 2933/3898/3727 2943/3899/3728
f 2943/3899/3728 2933/3898/3727 2934/3900/3729 2944/3901/3730
f 2944/3901/3730 2934/3900/3729 2935/3902/3731 2945/3903/3732
f 2945/3903/3732 2935/3902/3731 2936/3904/3733 2946/4001/3734
f 2946/3905/3734 2936/4000/3733 2937/3906/3735 2947/3907/3736
f 2947/3907/3736 2937/3906/3735 2938/3908/3737 2948/3909/3738
f 2948/3909/3738 2938/3908/3737 2939/3910/3739 2949/3911/3740
f 2949/3911/3740 2939/3910/3739 2940/3912/3741 2950/3913/3742
f 2941/3895/3723 2950/3913/3742 2940/3912/3741 2931/3894/3724
f 2951/3914/3743 2931/3894/3724 2940/3912/3741 2960/3923/3744
f 2951/3914/3743 2952/3915/3745 2932/3896/3725 2931/3894/3724
f 2952/3915/3745 2953/3916/3746 2933/3898/3727 2932/3896/3725
f 2953/3916/3746 2954/3917/3747 2934/3900/3729 2933/3898/3727
f 2954/3917/3747 2955/3918/3748 2935/3902/3731 2934/3900/3729
f 2955/3918/3748 2956/3919/3749 2936/3904/3733 2935/3902/3731
f 2956/3998/3749 2957/3920/3750 2937/3906/3735 2936/4000/3733
f 2957/3920/3750 2958/3921/3751 2938/3908/3737 2937/3906/3735
f 2958/3921/3751 2959/3922/3752 2939/3910/3739 2938/3908/3737
f 2959/3922/3752 2960/3923/3744 2940/3912/3741 2939/3910/3739
f 2961/3924/3753 2941/3895/3723 2942/3897/3726 2962/3925/3754
f 2962/3925/3754 2942/3897/3726 2943/3899/3728 2963/3926/3755
f 2963/3926/3755 2943/3899/3728 2944/3901/3730 2964/3927/3756
f 2964/3927/3756 2944/3901/3730 2945/3903/3732 2965/3928/3757
f 2965/3928/3757 2945/3903/3732 2946/4001/3734 2966/3999/3758
f 2966/3929/3758 2946/3905/3734 2947/3907/3736 2967/3930/3759
f 2967/3930/3759 2947/3907/3736 2948/3909/3738 2968/3931/3760
f 2968/3931/3760 2948/3909/3738 2949/3911/3740 2969/3932/3761
f 2969/3932/3761 2949/3911/3740 2950/3913/3742 2970/3933/3762
f 2961/3924/3753 2970/3933/3762 2950/3913/3742 2941/3895/3723
f 2961/3924/3753 2981/3985/3763 2990/3976/3764 2970/3933/3762
f 2951/3914/3743 2971/3995/3765 2972/3994/3766 2952/3915/3745
f 2969/3932/3761 2970/3933/3762 2990/3976/3764 2989/3977/3767
f 2968/3931/3760 2969/3932/3761 2989/3977/3767 2988/3978/3768
f 2967/3930/3759 2968/3931/3760 2988/3978/3768 2987/3979/3769
f 2966/3929/3758 2967/3930/3759 2987/3979/3769 2986/3980/3770
f 2965/3928/3757 2966/3999/3758 2986/3996/3770 2985/3981/3771
f 2964/3927/3756 2965/3928/3757 2985/3981/3771 2984/3982/3772
f 2963/3926/3755 2964/3927/3756 2984/3982/3772 2983/3983/3773
f 2962/3925/3754 2963/3926/3755 2983/3983/3773 2982/3984/3774
f 2961/3924/3753 2962/3925/3754 2982/3984/3774 2981/3985/3763
f 2952/3915/3745 2972/3994/3766 2973/3993/3775 2953/3916/3746
f 2953/3916/3746 2973/3993/3775 2974/3992/3776 2954/3917/3747
f 2954/3917/3747 2974/3992/3776 2975/3991/3777 2955/3918/3748
f 2955/3918/3748 2975/3991/3777 2976/3990/3778 2956/3919/3749
f 2956/3998/3749 2976/3997/3778 2977/3989/3779 2957/3920/3750
f 2957/3920/3750 2977/3989/3779 2978/3988/3780 2958/3921/3751
f 2958/3921/3751 2978/3988/3780 2979/3987/3781 2959/3922/3752
f 2959/3922/3752 2979/3987/3781 2980/3986/3782 2960/3923/3744
f 2951/3914/3743 2960/3923/3744 2980/3986/3782 2971/3995/3765
f 2991/3955/3783 2993/3954/3784 3002/3966/3785
f 2993/3954/3784 2971/3935/3765 2980/3953/3782 3002/3966/3785
f 2981/3934/3763 3003/3956/3786 3012/3975/3787 2990/3936/3764
f 3003/3956/3786 2992/3957/3788 3012/3975/3787
f 2971/3935/3765 2993/3954/3784 2994/3958/3789 2972/3945/3766
f 2993/3954/3784 2991/3955/3783 2994/3958/3789
f 2972/3945/3766 2994/3958/3789 2995/3959/3790 2973/3946/3775
f 2994/3958/3789 2991/3955/3783 2995/3959/3790
f 2973/3946/3775 2995/3959/3790 2996/3960/3791 2974/3947/3776
f 2995/3959/3790 2991/3955/3783 2996/3960/3791
f 2974/3947/3776 2996/3960/3791 2997/3961/3792 2975/3948/3777
f 2996/3960/3791 2991/3955/3783 2997/3961/3792
f 2975/3948/3777 2997/3961/3792 2998/3962/3793 2976/3949/3778
f 2997/3961/3792 2991/3955/3783 2998/3962/3793
f 2976/3949/3778 2998/3962/3793 2999/3963/3794 2977/3950/3779
f 2998/3962/3793 2991/3955/3783 2999/3963/3794
f 2977/3950/3779 2999/3963/3794 3000/3964/3795 2978/3951/3780
f 2999/3963/3794 2991/3955/3783 3000/3964/3795
f 2978/3951/3780 3000/3964/3795 3001/3965/3796 2979/3952/3781
f 3000/3964/3795 2991/3955/3783 3001/3965/3796
f 2979/3952/3781 3001/3965/3796 3002/3966/3785 2980/3953/3782
f 3001/3965/3796 2991/3955/3783 3002/3966/3785
f 2992/3957/3788 3003/3956/3786 3004/3967/3797
f 3003/3956/3786 2981/3934/3763 2982/3944/3774 3004/3967/3797
f 2992/3957/3788 3004/3967/3797 3005/3968/3798
f 3004/3967/3797 2982/3944/3774 2983/3943/3773 3005/3968/3798
f 2992/3957/3788 3005/3968/3798 3006/3969/3799
f 3005/3968/3798 2983/3943/3773 2984/3942/3772 3006/3969/3799
f 2992/3957/3788 3006/3969/3799 3007/3970/3800
f 3006/3969/3799 2984/3942/3772 2985/3941/3771 3007/3970/3800
f 2992/3957/3788 3007/3970/3800 3008/3971/3801
f 3007/3970/3800 2985/3941/3771 2986/3940/3770 3008/3971/3801
f 2992/3957/3788 3008/3971/3801 3009/3972/3802
f 3008/3971/3801 2986/3940/3770 2987/3939/3769 3009/3972/3802
f 2992/3957/3788 3009/3972/3802 3010/3973/3803
f 3009/3972/3802 2987/3939/3769 2988/3938/3768 3010/3973/3803
f 2992/3957/3788 3010/3973/3803 3011/3974/3804
f 3010/3973/3803 2988/3938/3768 2989/3937/3767 3011/3974/3804
f 2992/3957/3788 3011/3974/3804 3012/3975/3787
f 3011/3974/3804 2989/3937/3767 2990/3936/3764 3012/3975/3787
g default
v 437.798064 137.373310 167.764095
v 435.742485 137.373310 164.406971
v 432.106220 137.373310 162.899274
v 428.278230 137.373310 163.816859
v 425.720630 137.373310 166.809187
v 425.410400 137.373310 170.733442
v 427.465948 137.373310 174.090476
v 431.102244 137.373310 175.598263
v 434.930246 137.373310 174.680677
v 437.487855 137.373310 171.688335
v 437.798064 156.393185 167.764095
v 435.742485 156.393185 164.406971
v 432.106220 156.393185 162.899274
v 428.278230 156.393185 163.816859
v 425.720630 156.393185 166.809187
v 425.410400 156.393185 170.733442
v 427.465948 156.393185 174.090476
v 431.102244 156.393185 175.598263
v 434.930246 156.393185 174.680677
v 437.487855 156.393185 171.688335
v 437.288964 135.832865 167.886142
v 435.402379 135.832865 164.804980
v 432.064989 135.832865 163.421178
v 428.551621 135.832865 164.263381
v 426.204255 135.832865 167.009778
v 425.919500 135.832865 170.611395
v 427.806106 135.832865 173.692543
v 431.143496 135.832865 175.076344
v 434.656873 135.832865 174.234246
v 437.004199 135.832865 171.487772
v 437.288964 157.933630 167.886142
v 435.402379 157.933630 164.804980
v 432.064989 157.933630 163.421178
v 428.551621 157.933630 164.263381
v 426.204255 157.933630 167.009778
v 425.919500 157.933630 170.611395
v 427.806106 157.933630 173.692543
v 431.143496 157.933630 175.076344
v 434.656873 157.933630 174.234246
v 437.004199 157.933630 171.487772
v 436.779847 135.832865 168.008191
v 435.062179 135.832865 165.202943
v 432.023717 135.832865 163.943123
v 428.824994 135.832865 164.709812
v 426.687832 135.832865 167.210281
v 426.428617 135.832865 170.489346
v 428.146211 135.832865 173.294534
v 431.184726 135.832865 174.554429
v 434.383466 135.832865 173.787738
v 436.520607 135.832865 171.287283
v 436.779847 157.933630 168.008191
v 435.062179 157.933630 165.202943
v 432.023717 157.933630 163.943123
v 428.824994 157.933630 164.709812
v 426.687832 157.933630 167.210281
v 426.428617 157.933630 170.489346
v 428.146211 157.933630 173.294534
v 431.184726 157.933630 174.554429
v 434.383466 157.933630 173.787738
v 436.520607 157.933630 171.287283
v 431.604205 136.383125 169.248725
v 431.604205 157.383370 169.248725
v 436.669334 136.204146 168.034632
v 434.988357 136.204146 165.289296
v 432.014787 136.204146 164.056371
v 428.884298 136.204146 164.806722
v 426.792816 136.204146 167.253788
v 426.539165 136.204146 170.462865
v 428.220128 136.204146 173.208226
v 431.193692 136.204146 174.441152
v 434.324156 136.204146 173.690828
v 436.415658 136.204146 171.243736
v 436.669334 157.562348 168.034632
v 434.988357 157.562348 165.289296
v 432.014787 157.562348 164.056371
v 428.884298 157.562348 164.806722
v 426.792816 157.562348 167.253788
v 426.539165 157.562348 170.462865
v 428.220128 157.562348 173.208226
v 431.193692 157.562348 174.441152
v 434.324156 157.562348 173.690828
v 436.415658 157.562348 171.243736
vt 0.189189 0.064750
vt 0.189189 0.098401
vt 0.195765 0.064750
vt 0.195765 0.098401
vt 0.202329 0.064750
vt 0.202329 0.098401
vt 0.208859 0.064750
vt 0.208859 0.098401
vt 0.215283 0.064750
vt 0.215283 0.098401
vt 0.221712 0.064750
vt 0.156730 0.098401
vt 0.163105 0.064750
vt 0.163105 0.098401
vt 0.169530 0.064750
vt 0.169530 0.098401
vt 0.176061 0.064750
vt 0.176061 0.098401
vt 0.182627 0.064750
vt 0.182627 0.098401
vt 0.189189 0.061972
vt 0.195765 0.061972
vt 0.202329 0.061972
vt 0.208859 0.061972
vt 0.215283 0.061972
vt 0.221712 0.061972
vt 0.163105 0.061972
vt 0.169530 0.061972
vt 0.176061 0.061972
vt 0.182627 0.061972
vt 0.189189 0.101203
vt 0.195765 0.101203
vt 0.202329 0.101203
vt 0.208859 0.101203
vt 0.215283 0.101203
vt 0.156730 0.101203
vt 0.163105 0.101203
vt 0.169530 0.101203
vt 0.176061 0.101203
vt 0.182627 0.101203
vt 0.237006 0.032992
vt 0.306943 0.253598
vt 0.240491 0.028195
vt 0.240492 0.022266
vt 0.237008 0.017468
vt 0.231369 0.015635
vt 0.225729 0.017467
vt 0.222243 0.022263
vt 0.222242 0.028193
vt 0.225727 0.032990
vt 0.231366 0.034823
vt 0.305110 0.247959
vt 0.300313 0.244474
vt 0.294384 0.244475
vt 0.289587 0.247960
vt 0.287755 0.253600
vt 0.289588 0.259239
vt 0.294386 0.262724
vt 0.300315 0.262723
vt 0.305112 0.259237
vt 0.306275 0.253594
vt 0.297349 0.253599
vt 0.236616 0.032448
vt 0.231367 0.025229
vt 0.304567 0.248348
vt 0.300103 0.245109
vt 0.294586 0.245112
vt 0.290126 0.248357
vt 0.288424 0.253604
vt 0.290132 0.258849
vt 0.294596 0.262089
vt 0.300112 0.262086
vt 0.304573 0.258841
vt 0.231370 0.034154
vt 0.226124 0.032452
vt 0.222880 0.027990
vt 0.222878 0.022474
vt 0.226119 0.018010
vt 0.231365 0.016304
vt 0.236611 0.018007
vt 0.239855 0.022468
vt 0.239857 0.027985
vt 0.182627 0.102000
vt 0.176061 0.102000
vt 0.169530 0.102000
vt 0.163105 0.102000
vt 0.157708 0.102000
vt 0.215283 0.102000
vt 0.208859 0.102000
vt 0.202329 0.102000
vt 0.195765 0.102000
vt 0.189189 0.102000
vt 0.182627 0.061172
vt 0.176061 0.061172
vt 0.169530 0.061172
vt 0.163105 0.061172
vt 0.220798 0.061172
vt 0.215283 0.061172
vt 0.208859 0.061172
vt 0.202329 0.061172
vt 0.195765 0.061172
vt 0.189189 0.061172
vt 0.220435 0.102000
vt 0.158057 0.061172
vt 0.156730 0.061972
vt 0.221712 0.101203
vt 0.156730 0.064750
vt 0.221712 0.098401
vn 0.972195 0.023038 -0.233039
vn 0.972195 -0.023039 -0.233039
vn 0.649548 -0.023038 -0.759972
vn 0.649548 0.023038 -0.759971
vn 0.078791 -0.023039 -0.996625
vn 0.078791 0.023039 -0.996625
vn -0.522051 -0.023040 -0.852603
vn -0.522052 0.023040 -0.852603
vn -0.923498 -0.023039 -0.382911
vn -0.923498 0.023039 -0.382911
vn -0.972196 -0.023038 0.233035
vn -0.972196 0.023038 0.233035
vn -0.649548 -0.023038 0.759971
vn -0.649548 0.023038 0.759971
vn -0.078803 -0.023038 0.996624
vn -0.078803 0.023037 0.996624
vn 0.522051 -0.023038 0.852603
vn 0.522052 0.023038 0.852603
vn 0.923498 -0.023039 0.382910
vn 0.923498 0.023039 0.382910
vn 0.843528 -0.497574 -0.202190
vn 0.801273 -0.497577 0.332232
vn 0.563585 -0.497575 -0.659387
vn 0.068363 -0.497576 -0.864722
vn -0.452963 -0.497577 -0.739758
vn -0.801275 -0.497573 -0.332233
vn -0.843532 -0.497567 0.202193
vn -0.563583 -0.497565 0.659396
vn -0.068375 -0.497568 0.864726
vn 0.452958 -0.497570 0.739766
vn 0.843528 0.497574 -0.202190
vn 0.563586 0.497575 -0.659386
vn 0.068364 0.497576 -0.864722
vn -0.452964 0.497577 -0.739757
vn -0.801278 0.497571 -0.332230
vn -0.843533 0.497565 0.202192
vn -0.563584 0.497564 0.659396
vn -0.068376 0.497567 0.864727
vn 0.452961 0.497569 0.739764
vn 0.801275 0.497577 0.332229
vn -0.400848 0.911093 0.096072
vn -0.380764 0.911093 -0.157887
vn -0.400836 -0.911099 0.096071
vn -0.267798 -0.911099 0.313341
vn -0.215236 0.911095 -0.351539
vn 0.032492 0.911094 -0.410915
vn 0.267836 0.911094 -0.313322
vn 0.400839 0.911097 -0.096077
vn 0.380781 0.911088 0.157875
vn 0.215260 0.911082 0.351558
vn -0.032486 0.911086 0.410934
vn -0.267824 0.911091 0.313341
vn -0.032476 -0.911087 0.410933
vn 0.215245 -0.911084 0.351563
vn 0.380784 -0.911087 0.157875
vn 0.400855 -0.911089 -0.096081
vn 0.267836 -0.911094 -0.313324
vn 0.032486 -0.911095 -0.410915
vn -0.215238 -0.911095 -0.351537
vn -0.380764 -0.911093 -0.157886
vn 0.000000 -1.000000 0.000000
vn -0.202116 -0.978162 0.048451
vn -0.191993 -0.978163 -0.079601
vn -0.202114 0.978163 0.048451
vn -0.191990 0.978163 -0.079601
vn -0.000001 1.000000 0.000000
vn -0.135040 -0.978162 0.157997
vn -0.016378 -0.978163 0.207194
vn 0.108536 -0.978162 0.177253
vn 0.191989 -0.978163 0.079608
vn 0.202118 -0.978162 -0.048450
vn 0.135037 -0.978162 -0.158002
vn 0.016382 -0.978163 -0.207193
vn -0.108535 -0.978163 -0.177248
vn -0.135048 0.978161 0.157997
vn -0.016385 0.978163 0.207195
vn 0.108542 0.978162 0.177251
vn 0.191996 0.978162 0.079606
vn 0.202118 0.978162 -0.048449
vn 0.135036 0.978162 -0.158001
vn 0.016377 0.978163 -0.207192
vn -0.108539 0.978163 -0.177248
s 1
g S_U_14 group1 Cans_Atonofcans Can_Guna_14
usemtl S_P29_01_aiStandardSurface5SG
f 3023/4003/3805 3013/4002/3806 3014/4004/3807 3024/4005/3808
f 3024/4005/3808 3014/4004/3807 3015/4006/3809 3025/4007/3810
f 3025/4007/3810 3015/4006/3809 3016/4008/3811 3026/4009/3812
f 3026/4009/3812 3016/4008/3811 3017/4010/3813 3027/4011/3814
f 3027/4011/3814 3017/4010/3813 3018/4012/3815 3028/4109/3816
f 3028/4013/3816 3018/4108/3815 3019/4014/3817 3029/4015/3818
f 3029/4015/3818 3019/4014/3817 3020/4016/3819 3030/4017/3820
f 3030/4017/3820 3020/4016/3819 3021/4018/3821 3031/4019/3822
f 3031/4019/3822 3021/4018/3821 3022/4020/3823 3032/4021/3824
f 3023/4003/3805 3032/4021/3824 3022/4020/3823 3013/4002/3806
f 3033/4022/3825 3013/4002/3806 3022/4020/3823 3042/4031/3826
f 3033/4022/3825 3034/4023/3827 3014/4004/3807 3013/4002/3806
f 3034/4023/3827 3035/4024/3828 3015/4006/3809 3014/4004/3807
f 3035/4024/3828 3036/4025/3829 3016/4008/3811 3015/4006/3809
f 3036/4025/3829 3037/4026/3830 3017/4010/3813 3016/4008/3811
f 3037/4026/3830 3038/4027/3831 3018/4012/3815 3017/4010/3813
f 3038/4106/3831 3039/4028/3832 3019/4014/3817 3018/4108/3815
f 3039/4028/3832 3040/4029/3833 3020/4016/3819 3019/4014/3817
f 3040/4029/3833 3041/4030/3834 3021/4018/3821 3020/4016/3819
f 3041/4030/3834 3042/4031/3826 3022/4020/3823 3021/4018/3821
f 3043/4032/3835 3023/4003/3805 3024/4005/3808 3044/4033/3836
f 3044/4033/3836 3024/4005/3808 3025/4007/3810 3045/4034/3837
f 3045/4034/3837 3025/4007/3810 3026/4009/3812 3046/4035/3838
f 3046/4035/3838 3026/4009/3812 3027/4011/3814 3047/4036/3839
f 3047/4036/3839 3027/4011/3814 3028/4109/3816 3048/4107/3840
f 3048/4037/3840 3028/4013/3816 3029/4015/3818 3049/4038/3841
f 3049/4038/3841 3029/4015/3818 3030/4017/3820 3050/4039/3842
f 3050/4039/3842 3030/4017/3820 3031/4019/3822 3051/4040/3843
f 3051/4040/3843 3031/4019/3822 3032/4021/3824 3052/4041/3844
f 3043/4032/3835 3052/4041/3844 3032/4021/3824 3023/4003/3805
f 3043/4032/3835 3063/4093/3845 3072/4084/3846 3052/4041/3844
f 3033/4022/3825 3053/4103/3847 3054/4102/3848 3034/4023/3827
f 3051/4040/3843 3052/4041/3844 3072/4084/3846 3071/4085/3849
f 3050/4039/3842 3051/4040/3843 3071/4085/3849 3070/4086/3850
f 3049/4038/3841 3050/4039/3842 3070/4086/3850 3069/4087/3851
f 3048/4037/3840 3049/4038/3841 3069/4087/3851 3068/4088/3852
f 3047/4036/3839 3048/4107/3840 3068/4104/3852 3067/4089/3853
f 3046/4035/3838 3047/4036/3839 3067/4089/3853 3066/4090/3854
f 3045/4034/3837 3046/4035/3838 3066/4090/3854 3065/4091/3855
f 3044/4033/3836 3045/4034/3837 3065/4091/3855 3064/4092/3856
f 3043/4032/3835 3044/4033/3836 3064/4092/3856 3063/4093/3845
f 3034/4023/3827 3054/4102/3848 3055/4101/3857 3035/4024/3828
f 3035/4024/3828 3055/4101/3857 3056/4100/3858 3036/4025/3829
f 3036/4025/3829 3056/4100/3858 3057/4099/3859 3037/4026/3830
f 3037/4026/3830 3057/4099/3859 3058/4098/3860 3038/4027/3831
f 3038/4106/3831 3058/4105/3860 3059/4097/3861 3039/4028/3832
f 3039/4028/3832 3059/4097/3861 3060/4096/3862 3040/4029/3833
f 3040/4029/3833 3060/4096/3862 3061/4095/3863 3041/4030/3834
f 3041/4030/3834 3061/4095/3863 3062/4094/3864 3042/4031/3826
f 3033/4022/3825 3042/4031/3826 3062/4094/3864 3053/4103/3847
f 3073/4063/3865 3075/4062/3866 3084/4074/3867
f 3075/4062/3866 3053/4043/3847 3062/4061/3864 3084/4074/3867
f 3063/4042/3845 3085/4064/3868 3094/4083/3869 3072/4044/3846
f 3085/4064/3868 3074/4065/3870 3094/4083/3869
f 3053/4043/3847 3075/4062/3866 3076/4066/3871 3054/4053/3848
f 3075/4062/3866 3073/4063/3865 3076/4066/3871
f 3054/4053/3848 3076/4066/3871 3077/4067/3872 3055/4054/3857
f 3076/4066/3871 3073/4063/3865 3077/4067/3872
f 3055/4054/3857 3077/4067/3872 3078/4068/3873 3056/4055/3858
f 3077/4067/3872 3073/4063/3865 3078/4068/3873
f 3056/4055/3858 3078/4068/3873 3079/4069/3874 3057/4056/3859
f 3078/4068/3873 3073/4063/3865 3079/4069/3874
f 3057/4056/3859 3079/4069/3874 3080/4070/3875 3058/4057/3860
f 3079/4069/3874 3073/4063/3865 3080/4070/3875
f 3058/4057/3860 3080/4070/3875 3081/4071/3876 3059/4058/3861
f 3080/4070/3875 3073/4063/3865 3081/4071/3876
f 3059/4058/3861 3081/4071/3876 3082/4072/3877 3060/4059/3862
f 3081/4071/3876 3073/4063/3865 3082/4072/3877
f 3060/4059/3862 3082/4072/3877 3083/4073/3878 3061/4060/3863
f 3082/4072/3877 3073/4063/3865 3083/4073/3878
f 3061/4060/3863 3083/4073/3878 3084/4074/3867 3062/4061/3864
f 3083/4073/3878 3073/4063/3865 3084/4074/3867
f 3074/4065/3870 3085/4064/3868 3086/4075/3879
f 3085/4064/3868 3063/4042/3845 3064/4052/3856 3086/4075/3879
f 3074/4065/3870 3086/4075/3879 3087/4076/3880
f 3086/4075/3879 3064/4052/3856 3065/4051/3855 3087/4076/3880
f 3074/4065/3870 3087/4076/3880 3088/4077/3881
f 3087/4076/3880 3065/4051/3855 3066/4050/3854 3088/4077/3881
f 3074/4065/3870 3088/4077/3881 3089/4078/3882
f 3088/4077/3881 3066/4050/3854 3067/4049/3853 3089/4078/3882
f 3074/4065/3870 3089/4078/3882 3090/4079/3883
f 3089/4078/3882 3067/4049/3853 3068/4048/3852 3090/4079/3883
f 3074/4065/3870 3090/4079/3883 3091/4080/3884
f 3090/4079/3883 3068/4048/3852 3069/4047/3851 3091/4080/3884
f 3074/4065/3870 3091/4080/3884 3092/4081/3885
f 3091/4080/3884 3069/4047/3851 3070/4046/3850 3092/4081/3885
f 3074/4065/3870 3092/4081/3885 3093/4082/3886
f 3092/4081/3885 3070/4046/3850 3071/4045/3849 3093/4082/3886
f 3074/4065/3870 3093/4082/3886 3094/4083/3869
f 3093/4082/3886 3071/4045/3849 3072/4044/3846 3094/4083/3869
g default
v 437.664581 98.602892 170.325317
v 436.472044 98.602892 165.959438
v 432.941045 98.602892 163.128255
v 428.420323 98.602892 162.913311
v 424.636577 98.602892 165.396618
v 423.035134 98.602892 169.629678
v 424.227670 98.602892 173.995564
v 427.758685 98.602892 176.826735
v 432.279443 98.602892 177.041729
v 436.063190 98.602892 174.558422
v 437.664581 125.094904 170.325317
v 436.472044 125.094904 165.959438
v 432.941045 125.094904 163.128255
v 428.420323 125.094904 162.913311
v 424.636577 125.094904 165.396618
v 423.035134 125.094904 169.629678
v 424.227670 125.094904 173.995564
v 427.758685 125.094904 176.826735
v 432.279443 125.094904 177.041729
v 436.063190 125.094904 174.558422
v 437.063387 96.457254 170.296762
v 435.968866 96.457254 166.289701
v 432.728054 96.457254 163.691245
v 428.578881 96.457254 163.493955
v 425.106176 96.457254 165.773157
v 423.636344 96.457254 169.658220
v 424.730887 96.457254 173.665345
v 427.971675 96.457254 176.263751
v 432.120821 96.457254 176.461045
v 435.593539 96.457254 174.181846
v 437.063387 127.240519 170.296762
v 435.968866 127.240519 166.289701
v 432.728054 127.240519 163.691245
v 428.578881 127.240519 163.493955
v 425.106176 127.240519 165.773157
v 423.636344 127.240519 169.658220
v 424.730887 127.240519 173.665345
v 427.971675 127.240519 176.263751
v 432.120821 127.240519 176.461045
v 435.593539 127.240519 174.181846
v 436.462090 96.457254 170.268123
v 435.465607 96.457254 166.619938
v 432.515065 96.457254 164.254221
v 428.737495 96.457254 164.074577
v 425.575776 96.457254 166.149687
v 424.237627 96.457254 169.686864
v 425.234094 96.457254 173.335063
v 428.184636 96.457254 175.700787
v 431.962236 96.457254 175.880405
v 435.123940 96.457254 173.805308
v 436.462090 127.240519 170.268123
v 435.465607 127.240519 166.619938
v 432.515065 127.240519 164.254221
v 428.737495 127.240519 164.074577
v 425.575776 127.240519 166.149687
v 424.237627 127.240519 169.686864
v 425.234094 127.240519 173.335063
v 428.184636 127.240519 175.700787
v 431.962236 127.240519 175.880405
v 435.123940 127.240519 173.805308
v 430.349872 97.223696 169.977492
v 430.349872 126.474085 169.977492
v 436.331602 96.974428 170.261936
v 435.356372 96.974428 166.691605
v 432.468841 96.974428 164.376436
v 428.771920 96.974428 164.200627
v 425.677729 96.974428 166.231422
v 424.368128 96.974428 169.693053
v 425.343357 96.974428 173.263384
v 428.230875 96.974428 175.578559
v 431.927809 96.974428 175.754362
v 435.021986 96.974428 173.723572
v 436.331602 126.723352 170.261936
v 435.356372 126.723352 166.691605
v 432.468841 126.723352 164.376436
v 428.771920 126.723352 164.200627
v 425.677729 126.723352 166.231422
v 424.368128 126.723352 169.693053
v 425.343357 126.723352 173.263384
v 428.230875 126.723352 175.578559
v 431.927809 126.723352 175.754362
v 435.021986 126.723352 173.723572
vt 0.221994 0.496632
vt 0.163036 0.496632
vt 0.221994 0.508154
vt 0.163036 0.508154
vt 0.221994 0.519653
vt 0.163036 0.519653
vt 0.221994 0.531095
vt 0.163036 0.531095
vt 0.221994 0.542350
vt 0.163036 0.542350
vt 0.221994 0.553614
vt 0.163036 0.439760
vt 0.221994 0.450931
vt 0.163036 0.450931
vt 0.221994 0.462187
vt 0.163036 0.462187
vt 0.221994 0.473630
vt 0.163036 0.473630
vt 0.221994 0.485134
vt 0.163036 0.485134
vt 0.226862 0.496632
vt 0.226862 0.508154
vt 0.226862 0.519653
vt 0.226862 0.531095
vt 0.226862 0.542350
vt 0.226862 0.553614
vt 0.226862 0.450931
vt 0.226862 0.462187
vt 0.226862 0.473630
vt 0.226862 0.485134
vt 0.158126 0.496632
vt 0.158126 0.508154
vt 0.158126 0.519653
vt 0.158126 0.531095
vt 0.158126 0.542350
vt 0.158126 0.439760
vt 0.158126 0.450931
vt 0.158126 0.462187
vt 0.158126 0.473630
vt 0.158126 0.485134
vt 0.258188 0.076279
vt 0.407045 0.271537
vt 0.264295 0.067875
vt 0.264297 0.057486
vt 0.258191 0.049080
vt 0.248311 0.045869
vt 0.238431 0.049078
vt 0.232323 0.057482
vt 0.232321 0.067871
vt 0.238427 0.076276
vt 0.248307 0.079488
vt 0.403834 0.261657
vt 0.395429 0.255551
vt 0.385040 0.255552
vt 0.376635 0.261659
vt 0.373426 0.271540
vt 0.376637 0.281420
vt 0.385043 0.287526
vt 0.395432 0.287525
vt 0.403836 0.281418
vt 0.405874 0.271530
vt 0.390236 0.271539
vt 0.257505 0.075327
vt 0.248309 0.062678
vt 0.402882 0.262340
vt 0.395060 0.256663
vt 0.385395 0.256669
vt 0.377579 0.262354
vt 0.374598 0.271547
vt 0.377589 0.280737
vt 0.385411 0.286414
vt 0.395076 0.286409
vt 0.402892 0.280723
vt 0.248314 0.078316
vt 0.239121 0.075333
vt 0.233438 0.067515
vt 0.233435 0.057851
vt 0.239113 0.050030
vt 0.248304 0.047040
vt 0.257497 0.050024
vt 0.263180 0.057841
vt 0.263183 0.067506
vt 0.156730 0.485134
vt 0.156730 0.473630
vt 0.156730 0.462188
vt 0.156730 0.450931
vt 0.156730 0.441473
vt 0.156730 0.542350
vt 0.156730 0.531095
vt 0.156730 0.519653
vt 0.156730 0.508154
vt 0.156730 0.496631
vt 0.228265 0.485134
vt 0.228265 0.473630
vt 0.228265 0.462187
vt 0.228265 0.450931
vt 0.228265 0.552014
vt 0.228265 0.542350
vt 0.228265 0.531095
vt 0.228265 0.519653
vt 0.228265 0.508154
vt 0.228265 0.496631
vt 0.156730 0.551378
vt 0.228265 0.442086
vt 0.226862 0.439760
vt 0.158126 0.553614
vt 0.221994 0.439760
vt 0.163036 0.553614
vn 0.998687 0.019211 0.047484
vn 0.998687 -0.019211 0.047485
vn 0.835869 -0.019211 -0.548593
vn 0.835869 0.019211 -0.548593
vn 0.353779 -0.019212 -0.935132
vn 0.353779 0.019212 -0.935132
vn -0.263448 -0.019211 -0.964482
vn -0.263448 0.019211 -0.964482
vn -0.780039 -0.019211 -0.625436
vn -0.780039 0.019211 -0.625436
vn -0.998687 -0.019211 -0.047490
vn -0.998687 0.019211 -0.047490
vn -0.835868 -0.019211 0.548594
vn -0.835868 0.019211 0.548594
vn -0.353781 -0.019211 0.935131
vn -0.353781 0.019211 0.935131
vn 0.263442 -0.019213 0.964484
vn 0.263442 0.019213 0.964484
vn 0.780044 -0.019212 0.625430
vn 0.780044 0.019212 0.625430
vn 0.902133 -0.429320 0.042901
vn 0.704621 -0.429332 0.564963
vn 0.755058 -0.429315 -0.495556
vn 0.319574 -0.429317 -0.844725
vn -0.237981 -0.429315 -0.871237
vn -0.704626 -0.429314 -0.564970
vn -0.902135 -0.429316 -0.042902
vn -0.755056 -0.429313 0.495561
vn -0.319574 -0.429317 0.844725
vn 0.237973 -0.429329 0.871232
vn 0.902131 0.429324 0.042900
vn 0.755058 0.429318 -0.495554
vn 0.319574 0.429320 -0.844723
vn -0.237982 0.429318 -0.871235
vn -0.704626 0.429317 -0.564968
vn -0.902134 0.429318 -0.042902
vn -0.755055 0.429316 0.495559
vn -0.319573 0.429320 0.844723
vn 0.237974 0.429332 0.871230
vn 0.704619 0.429336 0.564963
vn -0.483260 0.875176 -0.022977
vn -0.377465 0.875172 -0.302645
vn -0.483271 -0.875169 -0.022977
vn -0.404488 -0.875167 0.265466
vn -0.127488 0.875167 -0.466723
vn 0.171194 0.875169 -0.452518
vn 0.404484 0.875171 -0.265459
vn 0.483268 0.875171 0.022978
vn 0.377463 0.875172 0.302647
vn 0.127483 0.875167 0.466723
vn -0.171186 0.875166 0.452527
vn -0.404474 0.875173 0.265467
vn -0.171198 -0.875162 0.452529
vn 0.127486 -0.875163 0.466729
vn 0.377475 -0.875166 0.302651
vn 0.483274 -0.875168 0.022977
vn 0.404488 -0.875168 -0.265462
vn 0.171199 -0.875166 -0.452522
vn -0.127483 -0.875164 -0.466729
vn -0.377468 -0.875169 -0.302649
vn 0.000000 -1.000000 0.000000
vn -0.247348 -0.968855 -0.011763
vn -0.193195 -0.968855 -0.154904
vn -0.247345 0.968856 -0.011763
vn -0.193194 0.968856 -0.154902
vn -0.000000 1.000000 0.000000
vn -0.207022 -0.968855 0.135875
vn -0.087623 -0.968855 0.231608
vn 0.065248 -0.968855 0.238878
vn 0.193196 -0.968855 0.154904
vn 0.247346 -0.968856 0.011763
vn 0.207020 -0.968856 -0.135874
vn 0.087620 -0.968855 -0.231609
vn -0.065248 -0.968855 -0.238878
vn -0.207023 0.968855 0.135873
vn -0.087622 0.968856 0.231606
vn 0.065250 0.968856 0.238875
vn 0.193193 0.968856 0.154902
vn 0.247345 0.968856 0.011763
vn 0.207019 0.968856 -0.135873
vn 0.087620 0.968856 -0.231606
vn -0.065249 0.968856 -0.238875
s 1
g S_U_14 group1 Cans_Atonofcans Can_Beast_15
usemtl S_P29_01_aiStandardSurface5SG
f 3105/4111/3887 3095/4110/3888 3096/4112/3889 3106/4113/3890
f 3106/4113/3890 3096/4112/3889 3097/4114/3891 3107/4115/3892
f 3107/4115/3892 3097/4114/3891 3098/4116/3893 3108/4117/3894
f 3108/4117/3894 3098/4116/3893 3099/4118/3895 3109/4119/3896
f 3109/4119/3896 3099/4118/3895 3100/4120/3897 3110/4217/3898
f 3110/4121/3898 3100/4216/3897 3101/4122/3899 3111/4123/3900
f 3111/4123/3900 3101/4122/3899 3102/4124/3901 3112/4125/3902
f 3112/4125/3902 3102/4124/3901 3103/4126/3903 3113/4127/3904
f 3113/4127/3904 3103/4126/3903 3104/4128/3905 3114/4129/3906
f 3105/4111/3887 3114/4129/3906 3104/4128/3905 3095/4110/3888
f 3115/4130/3907 3095/4110/3888 3104/4128/3905 3124/4139/3908
f 3115/4130/3907 3116/4131/3909 3096/4112/3889 3095/4110/3888
f 3116/4131/3909 3117/4132/3910 3097/4114/3891 3096/4112/3889
f 3117/4132/3910 3118/4133/3911 3098/4116/3893 3097/4114/3891
f 3118/4133/3911 3119/4134/3912 3099/4118/3895 3098/4116/3893
f 3119/4134/3912 3120/4135/3913 3100/4120/3897 3099/4118/3895
f 3120/4214/3913 3121/4136/3914 3101/4122/3899 3100/4216/3897
f 3121/4136/3914 3122/4137/3915 3102/4124/3901 3101/4122/3899
f 3122/4137/3915 3123/4138/3916 3103/4126/3903 3102/4124/3901
f 3123/4138/3916 3124/4139/3908 3104/4128/3905 3103/4126/3903
f 3125/4140/3917 3105/4111/3887 3106/4113/3890 3126/4141/3918
f 3126/4141/3918 3106/4113/3890 3107/4115/3892 3127/4142/3919
f 3127/4142/3919 3107/4115/3892 3108/4117/3894 3128/4143/3920
f 3128/4143/3920 3108/4117/3894 3109/4119/3896 3129/4144/3921
f 3129/4144/3921 3109/4119/3896 3110/4217/3898 3130/4215/3922
f 3130/4145/3922 3110/4121/3898 3111/4123/3900 3131/4146/3923
f 3131/4146/3923 3111/4123/3900 3112/4125/3902 3132/4147/3924
f 3132/4147/3924 3112/4125/3902 3113/4127/3904 3133/4148/3925
f 3133/4148/3925 3113/4127/3904 3114/4129/3906 3134/4149/3926
f 3125/4140/3917 3134/4149/3926 3114/4129/3906 3105/4111/3887
f 3125/4140/3917 3145/4201/3927 3154/4192/3928 3134/4149/3926
f 3115/4130/3907 3135/4211/3929 3136/4210/3930 3116/4131/3909
f 3133/4148/3925 3134/4149/3926 3154/4192/3928 3153/4193/3931
f 3132/4147/3924 3133/4148/3925 3153/4193/3931 3152/4194/3932
f 3131/4146/3923 3132/4147/3924 3152/4194/3932 3151/4195/3933
f 3130/4145/3922 3131/4146/3923 3151/4195/3933 3150/4196/3934
f 3129/4144/3921 3130/4215/3922 3150/4212/3934 3149/4197/3935
f 3128/4143/3920 3129/4144/3921 3149/4197/3935 3148/4198/3936
f 3127/4142/3919 3128/4143/3920 3148/4198/3936 3147/4199/3937
f 3126/4141/3918 3127/4142/3919 3147/4199/3937 3146/4200/3938
f 3125/4140/3917 3126/4141/3918 3146/4200/3938 3145/4201/3927
f 3116/4131/3909 3136/4210/3930 3137/4209/3939 3117/4132/3910
f 3117/4132/3910 3137/4209/3939 3138/4208/3940 3118/4133/3911
f 3118/4133/3911 3138/4208/3940 3139/4207/3941 3119/4134/3912
f 3119/4134/3912 3139/4207/3941 3140/4206/3942 3120/4135/3913
f 3120/4214/3913 3140/4213/3942 3141/4205/3943 3121/4136/3914
f 3121/4136/3914 3141/4205/3943 3142/4204/3944 3122/4137/3915
f 3122/4137/3915 3142/4204/3944 3143/4203/3945 3123/4138/3916
f 3123/4138/3916 3143/4203/3945 3144/4202/3946 3124/4139/3908
f 3115/4130/3907 3124/4139/3908 3144/4202/3946 3135/4211/3929
f 3155/4171/3947 3157/4170/3948 3166/4182/3949
f 3157/4170/3948 3135/4151/3929 3144/4169/3946 3166/4182/3949
f 3145/4150/3927 3167/4172/3950 3176/4191/3951 3154/4152/3928
f 3167/4172/3950 3156/4173/3952 3176/4191/3951
f 3135/4151/3929 3157/4170/3948 3158/4174/3953 3136/4161/3930
f 3157/4170/3948 3155/4171/3947 3158/4174/3953
f 3136/4161/3930 3158/4174/3953 3159/4175/3954 3137/4162/3939
f 3158/4174/3953 3155/4171/3947 3159/4175/3954
f 3137/4162/3939 3159/4175/3954 3160/4176/3955 3138/4163/3940
f 3159/4175/3954 3155/4171/3947 3160/4176/3955
f 3138/4163/3940 3160/4176/3955 3161/4177/3956 3139/4164/3941
f 3160/4176/3955 3155/4171/3947 3161/4177/3956
f 3139/4164/3941 3161/4177/3956 3162/4178/3957 3140/4165/3942
f 3161/4177/3956 3155/4171/3947 3162/4178/3957
f 3140/4165/3942 3162/4178/3957 3163/4179/3958 3141/4166/3943
f 3162/4178/3957 3155/4171/3947 3163/4179/3958
f 3141/4166/3943 3163/4179/3958 3164/4180/3959 3142/4167/3944
f 3163/4179/3958 3155/4171/3947 3164/4180/3959
f 3142/4167/3944 3164/4180/3959 3165/4181/3960 3143/4168/3945
f 3164/4180/3959 3155/4171/3947 3165/4181/3960
f 3143/4168/3945 3165/4181/3960 3166/4182/3949 3144/4169/3946
f 3165/4181/3960 3155/4171/3947 3166/4182/3949
f 3156/4173/3952 3167/4172/3950 3168/4183/3961
f 3167/4172/3950 3145/4150/3927 3146/4160/3938 3168/4183/3961
f 3156/4173/3952 3168/4183/3961 3169/4184/3962
f 3168/4183/3961 3146/4160/3938 3147/4159/3937 3169/4184/3962
f 3156/4173/3952 3169/4184/3962 3170/4185/3963
f 3169/4184/3962 3147/4159/3937 3148/4158/3936 3170/4185/3963
f 3156/4173/3952 3170/4185/3963 3171/4186/3964
f 3170/4185/3963 3148/4158/3936 3149/4157/3935 3171/4186/3964
f 3156/4173/3952 3171/4186/3964 3172/4187/3965
f 3171/4186/3964 3149/4157/3935 3150/4156/3934 3172/4187/3965
f 3156/4173/3952 3172/4187/3965 3173/4188/3966
f 3172/4187/3965 3150/4156/3934 3151/4155/3933 3173/4188/3966
f 3156/4173/3952 3173/4188/3966 3174/4189/3967
f 3173/4188/3966 3151/4155/3933 3152/4154/3932 3174/4189/3967
f 3156/4173/3952 3174/4189/3967 3175/4190/3968
f 3174/4189/3967 3152/4154/3932 3153/4153/3931 3175/4190/3968
f 3156/4173/3952 3175/4190/3968 3176/4191/3951
f 3175/4190/3968 3153/4153/3931 3154/4152/3928 3176/4191/3951
g default
v 416.868509 98.602892 170.325317
v 415.675972 98.602892 165.959438
v 412.144973 98.602892 163.128255
v 407.624252 98.602892 162.913311
v 403.840505 98.602892 165.396618
v 402.239063 98.602892 169.629678
v 403.431599 98.602892 173.995564
v 406.962613 98.602892 176.826735
v 411.483371 98.602892 177.041729
v 415.267118 98.602892 174.558422
v 416.868509 125.094904 170.325317
v 415.675972 125.094904 165.959438
v 412.144973 125.094904 163.128255
v 407.624252 125.094904 162.913311
v 403.840505 125.094904 165.396618
v 402.239063 125.094904 169.629678
v 403.431599 125.094904 173.995564
v 406.962613 125.094904 176.826735
v 411.483371 125.094904 177.041729
v 415.267118 125.094904 174.558422
v 416.267316 96.457254 170.296762
v 415.172794 96.457254 166.289701
v 411.931982 96.457254 163.691245
v 407.782809 96.457254 163.493955
v 404.310104 96.457254 165.773157
v 402.840272 96.457254 169.658220
v 403.934815 96.457254 173.665345
v 407.175603 96.457254 176.263751
v 411.324749 96.457254 176.461045
v 414.797467 96.457254 174.181846
v 416.267316 127.240519 170.296762
v 415.172794 127.240519 166.289701
v 411.931982 127.240519 163.691245
v 407.782809 127.240519 163.493955
v 404.310104 127.240519 165.773157
v 402.840272 127.240519 169.658220
v 403.934815 127.240519 173.665345
v 407.175603 127.240519 176.263751
v 411.324749 127.240519 176.461045
v 414.797467 127.240519 174.181846
v 415.666019 96.457254 170.268123
v 414.669535 96.457254 166.619938
v 411.718993 96.457254 164.254221
v 407.941423 96.457254 164.074577
v 404.779704 96.457254 166.149687
v 403.441555 96.457254 169.686864
v 404.438023 96.457254 173.335063
v 407.388564 96.457254 175.700787
v 411.166164 96.457254 175.880405
v 414.327868 96.457254 173.805308
v 415.666019 127.240519 170.268123
v 414.669535 127.240519 166.619938
v 411.718993 127.240519 164.254221
v 407.941423 127.240519 164.074577
v 404.779704 127.240519 166.149687
v 403.441555 127.240519 169.686864
v 404.438023 127.240519 173.335063
v 407.388564 127.240519 175.700787
v 411.166164 127.240519 175.880405
v 414.327868 127.240519 173.805308
v 409.553800 97.223696 169.977492
v 409.553800 126.474085 169.977492
v 415.535530 96.974428 170.261936
v 414.560301 96.974428 166.691605
v 411.672769 96.974428 164.376436
v 407.975848 96.974428 164.200627
v 404.881658 96.974428 166.231422
v 403.572056 96.974428 169.693053
v 404.547285 96.974428 173.263384
v 407.434804 96.974428 175.578559
v 411.131738 96.974428 175.754362
v 414.225915 96.974428 173.723572
v 415.535530 126.723352 170.261936
v 414.560301 126.723352 166.691605
v 411.672769 126.723352 164.376436
v 407.975848 126.723352 164.200627
v 404.881658 126.723352 166.231422
v 403.572056 126.723352 169.693053
v 404.547285 126.723352 173.263384
v 407.434804 126.723352 175.578559
v 411.131738 126.723352 175.754362
v 414.225915 126.723352 173.723572
vt 0.221994 0.496632
vt 0.163036 0.496632
vt 0.221994 0.508154
vt 0.163036 0.508154
vt 0.221994 0.519653
vt 0.163036 0.519653
vt 0.221994 0.531095
vt 0.163036 0.531095
vt 0.221994 0.542350
vt 0.163036 0.542350
vt 0.221994 0.553614
vt 0.163036 0.439760
vt 0.221994 0.450931
vt 0.163036 0.450931
vt 0.221994 0.462187
vt 0.163036 0.462187
vt 0.221994 0.473630
vt 0.163036 0.473630
vt 0.221994 0.485134
vt 0.163036 0.485134
vt 0.226862 0.496632
vt 0.226862 0.508154
vt 0.226862 0.519653
vt 0.226862 0.531095
vt 0.226862 0.542350
vt 0.226862 0.553614
vt 0.226862 0.450931
vt 0.226862 0.462187
vt 0.226862 0.473630
vt 0.226862 0.485134
vt 0.158126 0.496632
vt 0.158126 0.508154
vt 0.158126 0.519653
vt 0.158126 0.531095
vt 0.158126 0.542350
vt 0.158126 0.439760
vt 0.158126 0.450931
vt 0.158126 0.462187
vt 0.158126 0.473630
vt 0.158126 0.485134
vt 0.258188 0.076279
vt 0.407045 0.271537
vt 0.264295 0.067875
vt 0.264297 0.057486
vt 0.258191 0.049080
vt 0.248311 0.045869
vt 0.238431 0.049078
vt 0.232323 0.057482
vt 0.232321 0.067871
vt 0.238427 0.076276
vt 0.248307 0.079488
vt 0.403834 0.261657
vt 0.395429 0.255551
vt 0.385040 0.255552
vt 0.376635 0.261659
vt 0.373426 0.271540
vt 0.376637 0.281420
vt 0.385043 0.287526
vt 0.395432 0.287525
vt 0.403836 0.281418
vt 0.405874 0.271530
vt 0.390236 0.271539
vt 0.257505 0.075327
vt 0.248309 0.062678
vt 0.402882 0.262340
vt 0.395060 0.256663
vt 0.385395 0.256669
vt 0.377579 0.262354
vt 0.374598 0.271547
vt 0.377589 0.280737
vt 0.385411 0.286414
vt 0.395076 0.286409
vt 0.402892 0.280723
vt 0.248314 0.078316
vt 0.239121 0.075333
vt 0.233438 0.067515
vt 0.233435 0.057851
vt 0.239113 0.050030
vt 0.248304 0.047040
vt 0.257497 0.050024
vt 0.263180 0.057841
vt 0.263183 0.067506
vt 0.156730 0.485134
vt 0.156730 0.473630
vt 0.156730 0.462188
vt 0.156730 0.450931
vt 0.156730 0.441473
vt 0.156730 0.542350
vt 0.156730 0.531095
vt 0.156730 0.519653
vt 0.156730 0.508154
vt 0.156730 0.496631
vt 0.228265 0.485134
vt 0.228265 0.473630
vt 0.228265 0.462187
vt 0.228265 0.450931
vt 0.228265 0.552014
vt 0.228265 0.542350
vt 0.228265 0.531095
vt 0.228265 0.519653
vt 0.228265 0.508154
vt 0.228265 0.496631
vt 0.156730 0.551378
vt 0.228265 0.442086
vt 0.226862 0.439760
vt 0.158126 0.553614
vt 0.221994 0.439760
vt 0.163036 0.553614
vn 0.998687 0.019211 0.047484
vn 0.998687 -0.019211 0.047485
vn 0.835869 -0.019211 -0.548593
vn 0.835869 0.019211 -0.548593
vn 0.353779 -0.019212 -0.935132
vn 0.353779 0.019212 -0.935132
vn -0.263448 -0.019211 -0.964482
vn -0.263448 0.019211 -0.964482
vn -0.780039 -0.019211 -0.625436
vn -0.780039 0.019211 -0.625436
vn -0.998687 -0.019211 -0.047490
vn -0.998687 0.019211 -0.047490
vn -0.835868 -0.019211 0.548594
vn -0.835868 0.019211 0.548594
vn -0.353781 -0.019211 0.935131
vn -0.353781 0.019211 0.935131
vn 0.263442 -0.019213 0.964484
vn 0.263442 0.019213 0.964484
vn 0.780044 -0.019212 0.625430
vn 0.780044 0.019212 0.625430
vn 0.902133 -0.429320 0.042901
vn 0.704621 -0.429332 0.564963
vn 0.755058 -0.429315 -0.495556
vn 0.319574 -0.429317 -0.844725
vn -0.237981 -0.429315 -0.871237
vn -0.704626 -0.429314 -0.564970
vn -0.902135 -0.429316 -0.042902
vn -0.755056 -0.429313 0.495561
vn -0.319574 -0.429317 0.844725
vn 0.237973 -0.429329 0.871232
vn 0.902131 0.429324 0.042900
vn 0.755058 0.429318 -0.495554
vn 0.319574 0.429320 -0.844723
vn -0.237982 0.429318 -0.871235
vn -0.704626 0.429317 -0.564968
vn -0.902134 0.429318 -0.042902
vn -0.755055 0.429316 0.495559
vn -0.319573 0.429320 0.844723
vn 0.237974 0.429332 0.871230
vn 0.704619 0.429336 0.564963
vn -0.483260 0.875176 -0.022977
vn -0.377465 0.875172 -0.302645
vn -0.483271 -0.875169 -0.022977
vn -0.404488 -0.875167 0.265466
vn -0.127488 0.875167 -0.466723
vn 0.171194 0.875169 -0.452518
vn 0.404484 0.875171 -0.265459
vn 0.483268 0.875171 0.022978
vn 0.377463 0.875172 0.302647
vn 0.127483 0.875167 0.466723
vn -0.171186 0.875166 0.452527
vn -0.404474 0.875173 0.265467
vn -0.171198 -0.875162 0.452529
vn 0.127486 -0.875163 0.466729
vn 0.377475 -0.875166 0.302651
vn 0.483274 -0.875168 0.022977
vn 0.404488 -0.875168 -0.265462
vn 0.171199 -0.875166 -0.452522
vn -0.127483 -0.875164 -0.466729
vn -0.377468 -0.875169 -0.302649
vn 0.000000 -1.000000 0.000000
vn -0.247348 -0.968855 -0.011763
vn -0.193195 -0.968855 -0.154904
vn -0.247345 0.968856 -0.011763
vn -0.193194 0.968856 -0.154902
vn -0.000000 1.000000 0.000000
vn -0.207022 -0.968855 0.135875
vn -0.087623 -0.968855 0.231608
vn 0.065248 -0.968855 0.238878
vn 0.193196 -0.968855 0.154904
vn 0.247346 -0.968856 0.011763
vn 0.207020 -0.968856 -0.135874
vn 0.087620 -0.968855 -0.231609
vn -0.065248 -0.968855 -0.238878
vn -0.207023 0.968855 0.135873
vn -0.087622 0.968856 0.231606
vn 0.065250 0.968856 0.238875
vn 0.193193 0.968856 0.154902
vn 0.247345 0.968856 0.011763
vn 0.207019 0.968856 -0.135873
vn 0.087620 0.968856 -0.231606
vn -0.065249 0.968856 -0.238875
s 1
g S_U_14 group1 Cans_Atonofcans Can_Beast_16
usemtl S_P29_01_aiStandardSurface5SG
f 3187/4219/3969 3177/4218/3970 3178/4220/3971 3188/4221/3972
f 3188/4221/3972 3178/4220/3971 3179/4222/3973 3189/4223/3974
f 3189/4223/3974 3179/4222/3973 3180/4224/3975 3190/4225/3976
f 3190/4225/3976 3180/4224/3975 3181/4226/3977 3191/4227/3978
f 3191/4227/3978 3181/4226/3977 3182/4228/3979 3192/4325/3980
f 3192/4229/3980 3182/4324/3979 3183/4230/3981 3193/4231/3982
f 3193/4231/3982 3183/4230/3981 3184/4232/3983 3194/4233/3984
f 3194/4233/3984 3184/4232/3983 3185/4234/3985 3195/4235/3986
f 3195/4235/3986 3185/4234/3985 3186/4236/3987 3196/4237/3988
f 3187/4219/3969 3196/4237/3988 3186/4236/3987 3177/4218/3970
f 3197/4238/3989 3177/4218/3970 3186/4236/3987 3206/4247/3990
f 3197/4238/3989 3198/4239/3991 3178/4220/3971 3177/4218/3970
f 3198/4239/3991 3199/4240/3992 3179/4222/3973 3178/4220/3971
f 3199/4240/3992 3200/4241/3993 3180/4224/3975 3179/4222/3973
f 3200/4241/3993 3201/4242/3994 3181/4226/3977 3180/4224/3975
f 3201/4242/3994 3202/4243/3995 3182/4228/3979 3181/4226/3977
f 3202/4322/3995 3203/4244/3996 3183/4230/3981 3182/4324/3979
f 3203/4244/3996 3204/4245/3997 3184/4232/3983 3183/4230/3981
f 3204/4245/3997 3205/4246/3998 3185/4234/3985 3184/4232/3983
f 3205/4246/3998 3206/4247/3990 3186/4236/3987 3185/4234/3985
f 3207/4248/3999 3187/4219/3969 3188/4221/3972 3208/4249/4000
f 3208/4249/4000 3188/4221/3972 3189/4223/3974 3209/4250/4001
f 3209/4250/4001 3189/4223/3974 3190/4225/3976 3210/4251/4002
f 3210/4251/4002 3190/4225/3976 3191/4227/3978 3211/4252/4003
f 3211/4252/4003 3191/4227/3978 3192/4325/3980 3212/4323/4004
f 3212/4253/4004 3192/4229/3980 3193/4231/3982 3213/4254/4005
f 3213/4254/4005 3193/4231/3982 3194/4233/3984 3214/4255/4006
f 3214/4255/4006 3194/4233/3984 3195/4235/3986 3215/4256/4007
f 3215/4256/4007 3195/4235/3986 3196/4237/3988 3216/4257/4008
f 3207/4248/3999 3216/4257/4008 3196/4237/3988 3187/4219/3969
f 3207/4248/3999 3227/4309/4009 3236/4300/4010 3216/4257/4008
f 3197/4238/3989 3217/4319/4011 3218/4318/4012 3198/4239/3991
f 3215/4256/4007 3216/4257/4008 3236/4300/4010 3235/4301/4013
f 3214/4255/4006 3215/4256/4007 3235/4301/4013 3234/4302/4014
f 3213/4254/4005 3214/4255/4006 3234/4302/4014 3233/4303/4015
f 3212/4253/4004 3213/4254/4005 3233/4303/4015 3232/4304/4016
f 3211/4252/4003 3212/4323/4004 3232/4320/4016 3231/4305/4017
f 3210/4251/4002 3211/4252/4003 3231/4305/4017 3230/4306/4018
f 3209/4250/4001 3210/4251/4002 3230/4306/4018 3229/4307/4019
f 3208/4249/4000 3209/4250/4001 3229/4307/4019 3228/4308/4020
f 3207/4248/3999 3208/4249/4000 3228/4308/4020 3227/4309/4009
f 3198/4239/3991 3218/4318/4012 3219/4317/4021 3199/4240/3992
f 3199/4240/3992 3219/4317/4021 3220/4316/4022 3200/4241/3993
f 3200/4241/3993 3220/4316/4022 3221/4315/4023 3201/4242/3994
f 3201/4242/3994 3221/4315/4023 3222/4314/4024 3202/4243/3995
f 3202/4322/3995 3222/4321/4024 3223/4313/4025 3203/4244/3996
f 3203/4244/3996 3223/4313/4025 3224/4312/4026 3204/4245/3997
f 3204/4245/3997 3224/4312/4026 3225/4311/4027 3205/4246/3998
f 3205/4246/3998 3225/4311/4027 3226/4310/4028 3206/4247/3990
f 3197/4238/3989 3206/4247/3990 3226/4310/4028 3217/4319/4011
f 3237/4279/4029 3239/4278/4030 3248/4290/4031
f 3239/4278/4030 3217/4259/4011 3226/4277/4028 3248/4290/4031
f 3227/4258/4009 3249/4280/4032 3258/4299/4033 3236/4260/4010
f 3249/4280/4032 3238/4281/4034 3258/4299/4033
f 3217/4259/4011 3239/4278/4030 3240/4282/4035 3218/4269/4012
f 3239/4278/4030 3237/4279/4029 3240/4282/4035
f 3218/4269/4012 3240/4282/4035 3241/4283/4036 3219/4270/4021
f 3240/4282/4035 3237/4279/4029 3241/4283/4036
f 3219/4270/4021 3241/4283/4036 3242/4284/4037 3220/4271/4022
f 3241/4283/4036 3237/4279/4029 3242/4284/4037
f 3220/4271/4022 3242/4284/4037 3243/4285/4038 3221/4272/4023
f 3242/4284/4037 3237/4279/4029 3243/4285/4038
f 3221/4272/4023 3243/4285/4038 3244/4286/4039 3222/4273/4024
f 3243/4285/4038 3237/4279/4029 3244/4286/4039
f 3222/4273/4024 3244/4286/4039 3245/4287/4040 3223/4274/4025
f 3244/4286/4039 3237/4279/4029 3245/4287/4040
f 3223/4274/4025 3245/4287/4040 3246/4288/4041 3224/4275/4026
f 3245/4287/4040 3237/4279/4029 3246/4288/4041
f 3224/4275/4026 3246/4288/4041 3247/4289/4042 3225/4276/4027
f 3246/4288/4041 3237/4279/4029 3247/4289/4042
f 3225/4276/4027 3247/4289/4042 3248/4290/4031 3226/4277/4028
f 3247/4289/4042 3237/4279/4029 3248/4290/4031
f 3238/4281/4034 3249/4280/4032 3250/4291/4043
f 3249/4280/4032 3227/4258/4009 3228/4268/4020 3250/4291/4043
f 3238/4281/4034 3250/4291/4043 3251/4292/4044
f 3250/4291/4043 3228/4268/4020 3229/4267/4019 3251/4292/4044
f 3238/4281/4034 3251/4292/4044 3252/4293/4045
f 3251/4292/4044 3229/4267/4019 3230/4266/4018 3252/4293/4045
f 3238/4281/4034 3252/4293/4045 3253/4294/4046
f 3252/4293/4045 3230/4266/4018 3231/4265/4017 3253/4294/4046
f 3238/4281/4034 3253/4294/4046 3254/4295/4047
f 3253/4294/4046 3231/4265/4017 3232/4264/4016 3254/4295/4047
f 3238/4281/4034 3254/4295/4047 3255/4296/4048
f 3254/4295/4047 3232/4264/4016 3233/4263/4015 3255/4296/4048
f 3238/4281/4034 3255/4296/4048 3256/4297/4049
f 3255/4296/4048 3233/4263/4015 3234/4262/4014 3256/4297/4049
f 3238/4281/4034 3256/4297/4049 3257/4298/4050
f 3256/4297/4049 3234/4262/4014 3235/4261/4013 3257/4298/4050
f 3238/4281/4034 3257/4298/4050 3258/4299/4033
f 3257/4298/4050 3235/4261/4013 3236/4260/4010 3258/4299/4033
g default
v 396.947478 98.602892 170.325317
v 395.754942 98.602892 165.959438
v 392.223943 98.602892 163.128255
v 387.703221 98.602892 162.913311
v 383.919475 98.602892 165.396618
v 382.318032 98.602892 169.629678
v 383.510568 98.602892 173.995564
v 387.041583 98.602892 176.826735
v 391.562341 98.602892 177.041729
v 395.346087 98.602892 174.558422
v 396.947478 125.094904 170.325317
v 395.754942 125.094904 165.959438
v 392.223943 125.094904 163.128255
v 387.703221 125.094904 162.913311
v 383.919475 125.094904 165.396618
v 382.318032 125.094904 169.629678
v 383.510568 125.094904 173.995564
v 387.041583 125.094904 176.826735
v 391.562341 125.094904 177.041729
v 395.346087 125.094904 174.558422
v 396.346285 96.457254 170.296762
v 395.251763 96.457254 166.289701
v 392.010951 96.457254 163.691245
v 387.861779 96.457254 163.493955
v 384.389074 96.457254 165.773157
v 382.919242 96.457254 169.658220
v 384.013784 96.457254 173.665345
v 387.254573 96.457254 176.263751
v 391.403718 96.457254 176.461045
v 394.876437 96.457254 174.181846
v 396.346285 127.240519 170.296762
v 395.251763 127.240519 166.289701
v 392.010951 127.240519 163.691245
v 387.861779 127.240519 163.493955
v 384.389074 127.240519 165.773157
v 382.919242 127.240519 169.658220
v 384.013784 127.240519 173.665345
v 387.254573 127.240519 176.263751
v 391.403718 127.240519 176.461045
v 394.876437 127.240519 174.181846
v 395.744988 96.457254 170.268123
v 394.748505 96.457254 166.619938
v 391.797962 96.457254 164.254221
v 388.020392 96.457254 164.074577
v 384.858674 96.457254 166.149687
v 383.520524 96.457254 169.686864
v 384.516992 96.457254 173.335063
v 387.467533 96.457254 175.700787
v 391.245133 96.457254 175.880405
v 394.406837 96.457254 173.805308
v 395.744988 127.240519 170.268123
v 394.748505 127.240519 166.619938
v 391.797962 127.240519 164.254221
v 388.020392 127.240519 164.074577
v 384.858674 127.240519 166.149687
v 383.520524 127.240519 169.686864
v 384.516992 127.240519 173.335063
v 387.467533 127.240519 175.700787
v 391.245133 127.240519 175.880405
v 394.406837 127.240519 173.805308
v 389.632769 97.223696 169.977492
v 389.632769 126.474085 169.977492
v 395.614499 96.974428 170.261936
v 394.639270 96.974428 166.691605
v 391.751738 96.974428 164.376436
v 388.054817 96.974428 164.200627
v 384.960627 96.974428 166.231422
v 383.651025 96.974428 169.693053
v 384.626255 96.974428 173.263384
v 387.513773 96.974428 175.578559
v 391.210707 96.974428 175.754362
v 394.304884 96.974428 173.723572
v 395.614499 126.723352 170.261936
v 394.639270 126.723352 166.691605
v 391.751738 126.723352 164.376436
v 388.054817 126.723352 164.200627
v 384.960627 126.723352 166.231422
v 383.651025 126.723352 169.693053
v 384.626255 126.723352 173.263384
v 387.513773 126.723352 175.578559
v 391.210707 126.723352 175.754362
v 394.304884 126.723352 173.723572
vt 0.221994 0.496632
vt 0.163036 0.496632
vt 0.221994 0.508154
vt 0.163036 0.508154
vt 0.221994 0.519653
vt 0.163036 0.519653
vt 0.221994 0.531095
vt 0.163036 0.531095
vt 0.221994 0.542350
vt 0.163036 0.542350
vt 0.221994 0.553614
vt 0.163036 0.439760
vt 0.221994 0.450931
vt 0.163036 0.450931
vt 0.221994 0.462187
vt 0.163036 0.462187
vt 0.221994 0.473630
vt 0.163036 0.473630
vt 0.221994 0.485134
vt 0.163036 0.485134
vt 0.226862 0.496632
vt 0.226862 0.508154
vt 0.226862 0.519653
vt 0.226862 0.531095
vt 0.226862 0.542350
vt 0.226862 0.553614
vt 0.226862 0.450931
vt 0.226862 0.462187
vt 0.226862 0.473630
vt 0.226862 0.485134
vt 0.158126 0.496632
vt 0.158126 0.508154
vt 0.158126 0.519653
vt 0.158126 0.531095
vt 0.158126 0.542350
vt 0.158126 0.439760
vt 0.158126 0.450931
vt 0.158126 0.462187
vt 0.158126 0.473630
vt 0.158126 0.485134
vt 0.258188 0.076279
vt 0.407045 0.271537
vt 0.264295 0.067875
vt 0.264297 0.057486
vt 0.258191 0.049080
vt 0.248311 0.045869
vt 0.238431 0.049078
vt 0.232323 0.057482
vt 0.232321 0.067871
vt 0.238427 0.076276
vt 0.248307 0.079488
vt 0.403834 0.261657
vt 0.395429 0.255551
vt 0.385040 0.255552
vt 0.376635 0.261659
vt 0.373426 0.271540
vt 0.376637 0.281420
vt 0.385043 0.287526
vt 0.395432 0.287525
vt 0.403836 0.281418
vt 0.405874 0.271530
vt 0.390236 0.271539
vt 0.257505 0.075327
vt 0.248309 0.062678
vt 0.402882 0.262340
vt 0.395060 0.256663
vt 0.385395 0.256669
vt 0.377579 0.262354
vt 0.374598 0.271547
vt 0.377589 0.280737
vt 0.385411 0.286414
vt 0.395076 0.286409
vt 0.402892 0.280723
vt 0.248314 0.078316
vt 0.239121 0.075333
vt 0.233438 0.067515
vt 0.233435 0.057851
vt 0.239113 0.050030
vt 0.248304 0.047040
vt 0.257497 0.050024
vt 0.263180 0.057841
vt 0.263183 0.067506
vt 0.156730 0.485134
vt 0.156730 0.473630
vt 0.156730 0.462188
vt 0.156730 0.450931
vt 0.156730 0.441473
vt 0.156730 0.542350
vt 0.156730 0.531095
vt 0.156730 0.519653
vt 0.156730 0.508154
vt 0.156730 0.496631
vt 0.228265 0.485134
vt 0.228265 0.473630
vt 0.228265 0.462187
vt 0.228265 0.450931
vt 0.228265 0.552014
vt 0.228265 0.542350
vt 0.228265 0.531095
vt 0.228265 0.519653
vt 0.228265 0.508154
vt 0.228265 0.496631
vt 0.156730 0.551378
vt 0.228265 0.442086
vt 0.226862 0.439760
vt 0.158126 0.553614
vt 0.221994 0.439760
vt 0.163036 0.553614
vn 0.998687 0.019211 0.047484
vn 0.998687 -0.019211 0.047485
vn 0.835869 -0.019211 -0.548593
vn 0.835869 0.019211 -0.548593
vn 0.353779 -0.019212 -0.935132
vn 0.353779 0.019212 -0.935132
vn -0.263448 -0.019211 -0.964482
vn -0.263448 0.019211 -0.964482
vn -0.780039 -0.019211 -0.625436
vn -0.780039 0.019211 -0.625436
vn -0.998687 -0.019211 -0.047490
vn -0.998687 0.019211 -0.047490
vn -0.835868 -0.019211 0.548594
vn -0.835868 0.019211 0.548594
vn -0.353781 -0.019211 0.935131
vn -0.353781 0.019211 0.935131
vn 0.263442 -0.019213 0.964484
vn 0.263442 0.019213 0.964484
vn 0.780044 -0.019212 0.625430
vn 0.780044 0.019212 0.625430
vn 0.902133 -0.429320 0.042901
vn 0.704621 -0.429332 0.564963
vn 0.755058 -0.429315 -0.495556
vn 0.319574 -0.429317 -0.844725
vn -0.237981 -0.429315 -0.871237
vn -0.704626 -0.429314 -0.564970
vn -0.902135 -0.429316 -0.042902
vn -0.755056 -0.429313 0.495561
vn -0.319574 -0.429317 0.844725
vn 0.237973 -0.429329 0.871232
vn 0.902131 0.429324 0.042900
vn 0.755058 0.429318 -0.495554
vn 0.319574 0.429320 -0.844723
vn -0.237982 0.429318 -0.871235
vn -0.704626 0.429317 -0.564968
vn -0.902134 0.429318 -0.042902
vn -0.755055 0.429316 0.495559
vn -0.319573 0.429320 0.844723
vn 0.237974 0.429332 0.871230
vn 0.704619 0.429336 0.564963
vn -0.483260 0.875176 -0.022977
vn -0.377465 0.875172 -0.302645
vn -0.483271 -0.875169 -0.022977
vn -0.404488 -0.875167 0.265466
vn -0.127488 0.875167 -0.466723
vn 0.171194 0.875169 -0.452518
vn 0.404484 0.875171 -0.265459
vn 0.483268 0.875171 0.022978
vn 0.377463 0.875172 0.302647
vn 0.127483 0.875167 0.466723
vn -0.171186 0.875166 0.452527
vn -0.404474 0.875173 0.265467
vn -0.171198 -0.875162 0.452529
vn 0.127486 -0.875163 0.466729
vn 0.377475 -0.875166 0.302651
vn 0.483274 -0.875168 0.022977
vn 0.404488 -0.875168 -0.265462
vn 0.171199 -0.875166 -0.452522
vn -0.127483 -0.875164 -0.466729
vn -0.377468 -0.875169 -0.302649
vn 0.000000 -1.000000 0.000000
vn -0.247348 -0.968855 -0.011763
vn -0.193195 -0.968855 -0.154904
vn -0.247345 0.968856 -0.011763
vn -0.193194 0.968856 -0.154902
vn -0.000000 1.000000 0.000000
vn -0.207022 -0.968855 0.135875
vn -0.087623 -0.968855 0.231608
vn 0.065248 -0.968855 0.238878
vn 0.193196 -0.968855 0.154904
vn 0.247346 -0.968856 0.011763
vn 0.207020 -0.968856 -0.135874
vn 0.087620 -0.968855 -0.231609
vn -0.065248 -0.968855 -0.238878
vn -0.207023 0.968855 0.135873
vn -0.087622 0.968856 0.231606
vn 0.065250 0.968856 0.238875
vn 0.193193 0.968856 0.154902
vn 0.247345 0.968856 0.011763
vn 0.207019 0.968856 -0.135873
vn 0.087620 0.968856 -0.231606
vn -0.065249 0.968856 -0.238875
s 1
g S_U_14 group1 Cans_Atonofcans Can_Beast_17
usemtl S_P29_01_aiStandardSurface5SG
f 3269/4327/4051 3259/4326/4052 3260/4328/4053 3270/4329/4054
f 3270/4329/4054 3260/4328/4053 3261/4330/4055 3271/4331/4056
f 3271/4331/4056 3261/4330/4055 3262/4332/4057 3272/4333/4058
f 3272/4333/4058 3262/4332/4057 3263/4334/4059 3273/4335/4060
f 3273/4335/4060 3263/4334/4059 3264/4336/4061 3274/4433/4062
f 3274/4337/4062 3264/4432/4061 3265/4338/4063 3275/4339/4064
f 3275/4339/4064 3265/4338/4063 3266/4340/4065 3276/4341/4066
f 3276/4341/4066 3266/4340/4065 3267/4342/4067 3277/4343/4068
f 3277/4343/4068 3267/4342/4067 3268/4344/4069 3278/4345/4070
f 3269/4327/4051 3278/4345/4070 3268/4344/4069 3259/4326/4052
f 3279/4346/4071 3259/4326/4052 3268/4344/4069 3288/4355/4072
f 3279/4346/4071 3280/4347/4073 3260/4328/4053 3259/4326/4052
f 3280/4347/4073 3281/4348/4074 3261/4330/4055 3260/4328/4053
f 3281/4348/4074 3282/4349/4075 3262/4332/4057 3261/4330/4055
f 3282/4349/4075 3283/4350/4076 3263/4334/4059 3262/4332/4057
f 3283/4350/4076 3284/4351/4077 3264/4336/4061 3263/4334/4059
f 3284/4430/4077 3285/4352/4078 3265/4338/4063 3264/4432/4061
f 3285/4352/4078 3286/4353/4079 3266/4340/4065 3265/4338/4063
f 3286/4353/4079 3287/4354/4080 3267/4342/4067 3266/4340/4065
f 3287/4354/4080 3288/4355/4072 3268/4344/4069 3267/4342/4067
f 3289/4356/4081 3269/4327/4051 3270/4329/4054 3290/4357/4082
f 3290/4357/4082 3270/4329/4054 3271/4331/4056 3291/4358/4083
f 3291/4358/4083 3271/4331/4056 3272/4333/4058 3292/4359/4084
f 3292/4359/4084 3272/4333/4058 3273/4335/4060 3293/4360/4085
f 3293/4360/4085 3273/4335/4060 3274/4433/4062 3294/4431/4086
f 3294/4361/4086 3274/4337/4062 3275/4339/4064 3295/4362/4087
f 3295/4362/4087 3275/4339/4064 3276/4341/4066 3296/4363/4088
f 3296/4363/4088 3276/4341/4066 3277/4343/4068 3297/4364/4089
f 3297/4364/4089 3277/4343/4068 3278/4345/4070 3298/4365/4090
f 3289/4356/4081 3298/4365/4090 3278/4345/4070 3269/4327/4051
f 3289/4356/4081 3309/4417/4091 3318/4408/4092 3298/4365/4090
f 3279/4346/4071 3299/4427/4093 3300/4426/4094 3280/4347/4073
f 3297/4364/4089 3298/4365/4090 3318/4408/4092 3317/4409/4095
f 3296/4363/4088 3297/4364/4089 3317/4409/4095 3316/4410/4096
f 3295/4362/4087 3296/4363/4088 3316/4410/4096 3315/4411/4097
f 3294/4361/4086 3295/4362/4087 3315/4411/4097 3314/4412/4098
f 3293/4360/4085 3294/4431/4086 3314/4428/4098 3313/4413/4099
f 3292/4359/4084 3293/4360/4085 3313/4413/4099 3312/4414/4100
f 3291/4358/4083 3292/4359/4084 3312/4414/4100 3311/4415/4101
f 3290/4357/4082 3291/4358/4083 3311/4415/4101 3310/4416/4102
f 3289/4356/4081 3290/4357/4082 3310/4416/4102 3309/4417/4091
f 3280/4347/4073 3300/4426/4094 3301/4425/4103 3281/4348/4074
f 3281/4348/4074 3301/4425/4103 3302/4424/4104 3282/4349/4075
f 3282/4349/4075 3302/4424/4104 3303/4423/4105 3283/4350/4076
f 3283/4350/4076 3303/4423/4105 3304/4422/4106 3284/4351/4077
f 3284/4430/4077 3304/4429/4106 3305/4421/4107 3285/4352/4078
f 3285/4352/4078 3305/4421/4107 3306/4420/4108 3286/4353/4079
f 3286/4353/4079 3306/4420/4108 3307/4419/4109 3287/4354/4080
f 3287/4354/4080 3307/4419/4109 3308/4418/4110 3288/4355/4072
f 3279/4346/4071 3288/4355/4072 3308/4418/4110 3299/4427/4093
f 3319/4387/4111 3321/4386/4112 3330/4398/4113
f 3321/4386/4112 3299/4367/4093 3308/4385/4110 3330/4398/4113
f 3309/4366/4091 3331/4388/4114 3340/4407/4115 3318/4368/4092
f 3331/4388/4114 3320/4389/4116 3340/4407/4115
f 3299/4367/4093 3321/4386/4112 3322/4390/4117 3300/4377/4094
f 3321/4386/4112 3319/4387/4111 3322/4390/4117
f 3300/4377/4094 3322/4390/4117 3323/4391/4118 3301/4378/4103
f 3322/4390/4117 3319/4387/4111 3323/4391/4118
f 3301/4378/4103 3323/4391/4118 3324/4392/4119 3302/4379/4104
f 3323/4391/4118 3319/4387/4111 3324/4392/4119
f 3302/4379/4104 3324/4392/4119 3325/4393/4120 3303/4380/4105
f 3324/4392/4119 3319/4387/4111 3325/4393/4120
f 3303/4380/4105 3325/4393/4120 3326/4394/4121 3304/4381/4106
f 3325/4393/4120 3319/4387/4111 3326/4394/4121
f 3304/4381/4106 3326/4394/4121 3327/4395/4122 3305/4382/4107
f 3326/4394/4121 3319/4387/4111 3327/4395/4122
f 3305/4382/4107 3327/4395/4122 3328/4396/4123 3306/4383/4108
f 3327/4395/4122 3319/4387/4111 3328/4396/4123
f 3306/4383/4108 3328/4396/4123 3329/4397/4124 3307/4384/4109
f 3328/4396/4123 3319/4387/4111 3329/4397/4124
f 3307/4384/4109 3329/4397/4124 3330/4398/4113 3308/4385/4110
f 3329/4397/4124 3319/4387/4111 3330/4398/4113
f 3320/4389/4116 3331/4388/4114 3332/4399/4125
f 3331/4388/4114 3309/4366/4091 3310/4376/4102 3332/4399/4125
f 3320/4389/4116 3332/4399/4125 3333/4400/4126
f 3332/4399/4125 3310/4376/4102 3311/4375/4101 3333/4400/4126
f 3320/4389/4116 3333/4400/4126 3334/4401/4127
f 3333/4400/4126 3311/4375/4101 3312/4374/4100 3334/4401/4127
f 3320/4389/4116 3334/4401/4127 3335/4402/4128
f 3334/4401/4127 3312/4374/4100 3313/4373/4099 3335/4402/4128
f 3320/4389/4116 3335/4402/4128 3336/4403/4129
f 3335/4402/4128 3313/4373/4099 3314/4372/4098 3336/4403/4129
f 3320/4389/4116 3336/4403/4129 3337/4404/4130
f 3336/4403/4129 3314/4372/4098 3315/4371/4097 3337/4404/4130
f 3320/4389/4116 3337/4404/4130 3338/4405/4131
f 3337/4404/4130 3315/4371/4097 3316/4370/4096 3338/4405/4131
f 3320/4389/4116 3338/4405/4131 3339/4406/4132
f 3338/4405/4131 3316/4370/4096 3317/4369/4095 3339/4406/4132
f 3320/4389/4116 3339/4406/4132 3340/4407/4115
f 3339/4406/4132 3317/4369/4095 3318/4368/4092 3340/4407/4115
g default
v 376.865060 98.602892 170.325317
v 375.672523 98.602892 165.959438
v 372.141524 98.602892 163.128255
v 367.620802 98.602892 162.913311
v 363.837056 98.602892 165.396618
v 362.235614 98.602892 169.629678
v 363.428150 98.602892 173.995564
v 366.959164 98.602892 176.826735
v 371.479922 98.602892 177.041729
v 375.263669 98.602892 174.558422
v 376.865060 125.094904 170.325317
v 375.672523 125.094904 165.959438
v 372.141524 125.094904 163.128255
v 367.620802 125.094904 162.913311
v 363.837056 125.094904 165.396618
v 362.235614 125.094904 169.629678
v 363.428150 125.094904 173.995564
v 366.959164 125.094904 176.826735
v 371.479922 125.094904 177.041729
v 375.263669 125.094904 174.558422
v 376.263867 96.457254 170.296762
v 375.169345 96.457254 166.289701
v 371.928533 96.457254 163.691245
v 367.779360 96.457254 163.493955
v 364.306655 96.457254 165.773157
v 362.836823 96.457254 169.658220
v 363.931366 96.457254 173.665345
v 367.172154 96.457254 176.263751
v 371.321300 96.457254 176.461045
v 374.794018 96.457254 174.181846
v 376.263867 127.240519 170.296762
v 375.169345 127.240519 166.289701
v 371.928533 127.240519 163.691245
v 367.779360 127.240519 163.493955
v 364.306655 127.240519 165.773157
v 362.836823 127.240519 169.658220
v 363.931366 127.240519 173.665345
v 367.172154 127.240519 176.263751
v 371.321300 127.240519 176.461045
v 374.794018 127.240519 174.181846
v 375.662569 96.457254 170.268123
v 374.666086 96.457254 166.619938
v 371.715544 96.457254 164.254221
v 367.937974 96.457254 164.074577
v 364.776255 96.457254 166.149687
v 363.438106 96.457254 169.686864
v 364.434573 96.457254 173.335063
v 367.385115 96.457254 175.700787
v 371.162715 96.457254 175.880405
v 374.324419 96.457254 173.805308
v 375.662569 127.240519 170.268123
v 374.666086 127.240519 166.619938
v 371.715544 127.240519 164.254221
v 367.937974 127.240519 164.074577
v 364.776255 127.240519 166.149687
v 363.438106 127.240519 169.686864
v 364.434573 127.240519 173.335063
v 367.385115 127.240519 175.700787
v 371.162715 127.240519 175.880405
v 374.324419 127.240519 173.805308
v 369.550351 97.223696 169.977492
v 369.550351 126.474085 169.977492
v 375.532081 96.974428 170.261936
v 374.556852 96.974428 166.691605
v 371.669320 96.974428 164.376436
v 367.972399 96.974428 164.200627
v 364.878209 96.974428 166.231422
v 363.568607 96.974428 169.693053
v 364.543836 96.974428 173.263384
v 367.431354 96.974428 175.578559
v 371.128289 96.974428 175.754362
v 374.222466 96.974428 173.723572
v 375.532081 126.723352 170.261936
v 374.556852 126.723352 166.691605
v 371.669320 126.723352 164.376436
v 367.972399 126.723352 164.200627
v 364.878209 126.723352 166.231422
v 363.568607 126.723352 169.693053
v 364.543836 126.723352 173.263384
v 367.431354 126.723352 175.578559
v 371.128289 126.723352 175.754362
v 374.222466 126.723352 173.723572
vt 0.221994 0.496632
vt 0.163036 0.496632
vt 0.221994 0.508154
vt 0.163036 0.508154
vt 0.221994 0.519653
vt 0.163036 0.519653
vt 0.221994 0.531095
vt 0.163036 0.531095
vt 0.221994 0.542350
vt 0.163036 0.542350
vt 0.221994 0.553614
vt 0.163036 0.439760
vt 0.221994 0.450931
vt 0.163036 0.450931
vt 0.221994 0.462187
vt 0.163036 0.462187
vt 0.221994 0.473630
vt 0.163036 0.473630
vt 0.221994 0.485134
vt 0.163036 0.485134
vt 0.226862 0.496632
vt 0.226862 0.508154
vt 0.226862 0.519653
vt 0.226862 0.531095
vt 0.226862 0.542350
vt 0.226862 0.553614
vt 0.226862 0.450931
vt 0.226862 0.462187
vt 0.226862 0.473630
vt 0.226862 0.485134
vt 0.158126 0.496632
vt 0.158126 0.508154
vt 0.158126 0.519653
vt 0.158126 0.531095
vt 0.158126 0.542350
vt 0.158126 0.439760
vt 0.158126 0.450931
vt 0.158126 0.462187
vt 0.158126 0.473630
vt 0.158126 0.485134
vt 0.258188 0.076279
vt 0.407045 0.271537
vt 0.264295 0.067875
vt 0.264297 0.057486
vt 0.258191 0.049080
vt 0.248311 0.045869
vt 0.238431 0.049078
vt 0.232323 0.057482
vt 0.232321 0.067871
vt 0.238427 0.076276
vt 0.248307 0.079488
vt 0.403834 0.261657
vt 0.395429 0.255551
vt 0.385040 0.255552
vt 0.376635 0.261659
vt 0.373426 0.271540
vt 0.376637 0.281420
vt 0.385043 0.287526
vt 0.395432 0.287525
vt 0.403836 0.281418
vt 0.405874 0.271530
vt 0.390236 0.271539
vt 0.257505 0.075327
vt 0.248309 0.062678
vt 0.402882 0.262340
vt 0.395060 0.256663
vt 0.385395 0.256669
vt 0.377579 0.262354
vt 0.374598 0.271547
vt 0.377589 0.280737
vt 0.385411 0.286414
vt 0.395076 0.286409
vt 0.402892 0.280723
vt 0.248314 0.078316
vt 0.239121 0.075333
vt 0.233438 0.067515
vt 0.233435 0.057851
vt 0.239113 0.050030
vt 0.248304 0.047040
vt 0.257497 0.050024
vt 0.263180 0.057841
vt 0.263183 0.067506
vt 0.156730 0.485134
vt 0.156730 0.473630
vt 0.156730 0.462188
vt 0.156730 0.450931
vt 0.156730 0.441473
vt 0.156730 0.542350
vt 0.156730 0.531095
vt 0.156730 0.519653
vt 0.156730 0.508154
vt 0.156730 0.496631
vt 0.228265 0.485134
vt 0.228265 0.473630
vt 0.228265 0.462187
vt 0.228265 0.450931
vt 0.228265 0.552014
vt 0.228265 0.542350
vt 0.228265 0.531095
vt 0.228265 0.519653
vt 0.228265 0.508154
vt 0.228265 0.496631
vt 0.156730 0.551378
vt 0.228265 0.442086
vt 0.226862 0.439760
vt 0.158126 0.553614
vt 0.221994 0.439760
vt 0.163036 0.553614
vn 0.998687 0.019211 0.047484
vn 0.998687 -0.019211 0.047485
vn 0.835869 -0.019211 -0.548593
vn 0.835869 0.019211 -0.548593
vn 0.353779 -0.019212 -0.935132
vn 0.353779 0.019212 -0.935132
vn -0.263448 -0.019211 -0.964482
vn -0.263448 0.019211 -0.964482
vn -0.780039 -0.019211 -0.625436
vn -0.780039 0.019211 -0.625436
vn -0.998687 -0.019211 -0.047490
vn -0.998687 0.019211 -0.047490
vn -0.835868 -0.019211 0.548594
vn -0.835868 0.019211 0.548594
vn -0.353781 -0.019211 0.935131
vn -0.353781 0.019211 0.935131
vn 0.263442 -0.019213 0.964484
vn 0.263442 0.019213 0.964484
vn 0.780044 -0.019212 0.625430
vn 0.780044 0.019212 0.625430
vn 0.902133 -0.429320 0.042901
vn 0.704621 -0.429332 0.564963
vn 0.755058 -0.429315 -0.495556
vn 0.319574 -0.429317 -0.844725
vn -0.237981 -0.429315 -0.871237
vn -0.704626 -0.429314 -0.564970
vn -0.902135 -0.429316 -0.042902
vn -0.755056 -0.429313 0.495561
vn -0.319574 -0.429317 0.844725
vn 0.237973 -0.429329 0.871232
vn 0.902131 0.429324 0.042900
vn 0.755058 0.429318 -0.495554
vn 0.319574 0.429320 -0.844723
vn -0.237982 0.429318 -0.871235
vn -0.704626 0.429317 -0.564968
vn -0.902134 0.429318 -0.042902
vn -0.755055 0.429316 0.495559
vn -0.319573 0.429320 0.844723
vn 0.237974 0.429332 0.871230
vn 0.704619 0.429336 0.564963
vn -0.483260 0.875176 -0.022977
vn -0.377465 0.875172 -0.302645
vn -0.483271 -0.875169 -0.022977
vn -0.404488 -0.875167 0.265466
vn -0.127488 0.875167 -0.466723
vn 0.171194 0.875169 -0.452518
vn 0.404484 0.875171 -0.265459
vn 0.483268 0.875171 0.022978
vn 0.377463 0.875172 0.302647
vn 0.127483 0.875167 0.466723
vn -0.171186 0.875166 0.452527
vn -0.404474 0.875173 0.265467
vn -0.171198 -0.875162 0.452529
vn 0.127486 -0.875163 0.466729
vn 0.377475 -0.875166 0.302651
vn 0.483274 -0.875168 0.022977
vn 0.404488 -0.875168 -0.265462
vn 0.171199 -0.875166 -0.452522
vn -0.127483 -0.875164 -0.466729
vn -0.377468 -0.875169 -0.302649
vn 0.000000 -1.000000 0.000000
vn -0.247348 -0.968855 -0.011763
vn -0.193195 -0.968855 -0.154904
vn -0.247345 0.968856 -0.011763
vn -0.193194 0.968856 -0.154902
vn -0.000000 1.000000 0.000000
vn -0.207022 -0.968855 0.135875
vn -0.087623 -0.968855 0.231608
vn 0.065248 -0.968855 0.238878
vn 0.193196 -0.968855 0.154904
vn 0.247346 -0.968856 0.011763
vn 0.207020 -0.968856 -0.135874
vn 0.087620 -0.968855 -0.231609
vn -0.065248 -0.968855 -0.238878
vn -0.207023 0.968855 0.135873
vn -0.087622 0.968856 0.231606
vn 0.065250 0.968856 0.238875
vn 0.193193 0.968856 0.154902
vn 0.247345 0.968856 0.011763
vn 0.207019 0.968856 -0.135873
vn 0.087620 0.968856 -0.231606
vn -0.065249 0.968856 -0.238875
s 1
g S_U_14 group1 Cans_Atonofcans Can_Beast_18
usemtl S_P29_01_aiStandardSurface5SG
f 3351/4435/4133 3341/4434/4134 3342/4436/4135 3352/4437/4136
f 3352/4437/4136 3342/4436/4135 3343/4438/4137 3353/4439/4138
f 3353/4439/4138 3343/4438/4137 3344/4440/4139 3354/4441/4140
f 3354/4441/4140 3344/4440/4139 3345/4442/4141 3355/4443/4142
f 3355/4443/4142 3345/4442/4141 3346/4444/4143 3356/4541/4144
f 3356/4445/4144 3346/4540/4143 3347/4446/4145 3357/4447/4146
f 3357/4447/4146 3347/4446/4145 3348/4448/4147 3358/4449/4148
f 3358/4449/4148 3348/4448/4147 3349/4450/4149 3359/4451/4150
f 3359/4451/4150 3349/4450/4149 3350/4452/4151 3360/4453/4152
f 3351/4435/4133 3360/4453/4152 3350/4452/4151 3341/4434/4134
f 3361/4454/4153 3341/4434/4134 3350/4452/4151 3370/4463/4154
f 3361/4454/4153 3362/4455/4155 3342/4436/4135 3341/4434/4134
f 3362/4455/4155 3363/4456/4156 3343/4438/4137 3342/4436/4135
f 3363/4456/4156 3364/4457/4157 3344/4440/4139 3343/4438/4137
f 3364/4457/4157 3365/4458/4158 3345/4442/4141 3344/4440/4139
f 3365/4458/4158 3366/4459/4159 3346/4444/4143 3345/4442/4141
f 3366/4538/4159 3367/4460/4160 3347/4446/4145 3346/4540/4143
f 3367/4460/4160 3368/4461/4161 3348/4448/4147 3347/4446/4145
f 3368/4461/4161 3369/4462/4162 3349/4450/4149 3348/4448/4147
f 3369/4462/4162 3370/4463/4154 3350/4452/4151 3349/4450/4149
f 3371/4464/4163 3351/4435/4133 3352/4437/4136 3372/4465/4164
f 3372/4465/4164 3352/4437/4136 3353/4439/4138 3373/4466/4165
f 3373/4466/4165 3353/4439/4138 3354/4441/4140 3374/4467/4166
f 3374/4467/4166 3354/4441/4140 3355/4443/4142 3375/4468/4167
f 3375/4468/4167 3355/4443/4142 3356/4541/4144 3376/4539/4168
f 3376/4469/4168 3356/4445/4144 3357/4447/4146 3377/4470/4169
f 3377/4470/4169 3357/4447/4146 3358/4449/4148 3378/4471/4170
f 3378/4471/4170 3358/4449/4148 3359/4451/4150 3379/4472/4171
f 3379/4472/4171 3359/4451/4150 3360/4453/4152 3380/4473/4172
f 3371/4464/4163 3380/4473/4172 3360/4453/4152 3351/4435/4133
f 3371/4464/4163 3391/4525/4173 3400/4516/4174 3380/4473/4172
f 3361/4454/4153 3381/4535/4175 3382/4534/4176 3362/4455/4155
f 3379/4472/4171 3380/4473/4172 3400/4516/4174 3399/4517/4177
f 3378/4471/4170 3379/4472/4171 3399/4517/4177 3398/4518/4178
f 3377/4470/4169 3378/4471/4170 3398/4518/4178 3397/4519/4179
f 3376/4469/4168 3377/4470/4169 3397/4519/4179 3396/4520/4180
f 3375/4468/4167 3376/4539/4168 3396/4536/4180 3395/4521/4181
f 3374/4467/4166 3375/4468/4167 3395/4521/4181 3394/4522/4182
f 3373/4466/4165 3374/4467/4166 3394/4522/4182 3393/4523/4183
f 3372/4465/4164 3373/4466/4165 3393/4523/4183 3392/4524/4184
f 3371/4464/4163 3372/4465/4164 3392/4524/4184 3391/4525/4173
f 3362/4455/4155 3382/4534/4176 3383/4533/4185 3363/4456/4156
f 3363/4456/4156 3383/4533/4185 3384/4532/4186 3364/4457/4157
f 3364/4457/4157 3384/4532/4186 3385/4531/4187 3365/4458/4158
f 3365/4458/4158 3385/4531/4187 3386/4530/4188 3366/4459/4159
f 3366/4538/4159 3386/4537/4188 3387/4529/4189 3367/4460/4160
f 3367/4460/4160 3387/4529/4189 3388/4528/4190 3368/4461/4161
f 3368/4461/4161 3388/4528/4190 3389/4527/4191 3369/4462/4162
f 3369/4462/4162 3389/4527/4191 3390/4526/4192 3370/4463/4154
f 3361/4454/4153 3370/4463/4154 3390/4526/4192 3381/4535/4175
f 3401/4495/4193 3403/4494/4194 3412/4506/4195
f 3403/4494/4194 3381/4475/4175 3390/4493/4192 3412/4506/4195
f 3391/4474/4173 3413/4496/4196 3422/4515/4197 3400/4476/4174
f 3413/4496/4196 3402/4497/4198 3422/4515/4197
f 3381/4475/4175 3403/4494/4194 3404/4498/4199 3382/4485/4176
f 3403/4494/4194 3401/4495/4193 3404/4498/4199
f 3382/4485/4176 3404/4498/4199 3405/4499/4200 3383/4486/4185
f 3404/4498/4199 3401/4495/4193 3405/4499/4200
f 3383/4486/4185 3405/4499/4200 3406/4500/4201 3384/4487/4186
f 3405/4499/4200 3401/4495/4193 3406/4500/4201
f 3384/4487/4186 3406/4500/4201 3407/4501/4202 3385/4488/4187
f 3406/4500/4201 3401/4495/4193 3407/4501/4202
f 3385/4488/4187 3407/4501/4202 3408/4502/4203 3386/4489/4188
f 3407/4501/4202 3401/4495/4193 3408/4502/4203
f 3386/4489/4188 3408/4502/4203 3409/4503/4204 3387/4490/4189
f 3408/4502/4203 3401/4495/4193 3409/4503/4204
f 3387/4490/4189 3409/4503/4204 3410/4504/4205 3388/4491/4190
f 3409/4503/4204 3401/4495/4193 3410/4504/4205
f 3388/4491/4190 3410/4504/4205 3411/4505/4206 3389/4492/4191
f 3410/4504/4205 3401/4495/4193 3411/4505/4206
f 3389/4492/4191 3411/4505/4206 3412/4506/4195 3390/4493/4192
f 3411/4505/4206 3401/4495/4193 3412/4506/4195
f 3402/4497/4198 3413/4496/4196 3414/4507/4207
f 3413/4496/4196 3391/4474/4173 3392/4484/4184 3414/4507/4207
f 3402/4497/4198 3414/4507/4207 3415/4508/4208
f 3414/4507/4207 3392/4484/4184 3393/4483/4183 3415/4508/4208
f 3402/4497/4198 3415/4508/4208 3416/4509/4209
f 3415/4508/4208 3393/4483/4183 3394/4482/4182 3416/4509/4209
f 3402/4497/4198 3416/4509/4209 3417/4510/4210
f 3416/4509/4209 3394/4482/4182 3395/4481/4181 3417/4510/4210
f 3402/4497/4198 3417/4510/4210 3418/4511/4211
f 3417/4510/4210 3395/4481/4181 3396/4480/4180 3418/4511/4211
f 3402/4497/4198 3418/4511/4211 3419/4512/4212
f 3418/4511/4211 3396/4480/4180 3397/4479/4179 3419/4512/4212
f 3402/4497/4198 3419/4512/4212 3420/4513/4213
f 3419/4512/4212 3397/4479/4179 3398/4478/4178 3420/4513/4213
f 3402/4497/4198 3420/4513/4213 3421/4514/4214
f 3420/4513/4213 3398/4478/4178 3399/4477/4177 3421/4514/4214
f 3402/4497/4198 3421/4514/4214 3422/4515/4197
f 3421/4514/4214 3399/4477/4177 3400/4476/4174 3422/4515/4197
g default
v 357.389057 98.602892 170.325317
v 356.196520 98.602892 165.959438
v 352.665521 98.602892 163.128255
v 348.144799 98.602892 162.913311
v 344.361053 98.602892 165.396618
v 342.759610 98.602892 169.629678
v 343.952146 98.602892 173.995564
v 347.483161 98.602892 176.826735
v 352.003919 98.602892 177.041729
v 355.787665 98.602892 174.558422
v 357.389057 125.094904 170.325317
v 356.196520 125.094904 165.959438
v 352.665521 125.094904 163.128255
v 348.144799 125.094904 162.913311
v 344.361053 125.094904 165.396618
v 342.759610 125.094904 169.629678
v 343.952146 125.094904 173.995564
v 347.483161 125.094904 176.826735
v 352.003919 125.094904 177.041729
v 355.787665 125.094904 174.558422
v 356.787863 96.457254 170.296762
v 355.693341 96.457254 166.289701
v 352.452530 96.457254 163.691245
v 348.303357 96.457254 163.493955
v 344.830652 96.457254 165.773157
v 343.360820 96.457254 169.658220
v 344.455362 96.457254 173.665345
v 347.696151 96.457254 176.263751
v 351.845297 96.457254 176.461045
v 355.318015 96.457254 174.181846
v 356.787863 127.240519 170.296762
v 355.693341 127.240519 166.289701
v 352.452530 127.240519 163.691245
v 348.303357 127.240519 163.493955
v 344.830652 127.240519 165.773157
v 343.360820 127.240519 169.658220
v 344.455362 127.240519 173.665345
v 347.696151 127.240519 176.263751
v 351.845297 127.240519 176.461045
v 355.318015 127.240519 174.181846
v 356.186566 96.457254 170.268123
v 355.190083 96.457254 166.619938
v 352.239540 96.457254 164.254221
v 348.461971 96.457254 164.074577
v 345.300252 96.457254 166.149687
v 343.962103 96.457254 169.686864
v 344.958570 96.457254 173.335063
v 347.909111 96.457254 175.700787
v 351.686712 96.457254 175.880405
v 354.848416 96.457254 173.805308
v 356.186566 127.240519 170.268123
v 355.190083 127.240519 166.619938
v 352.239540 127.240519 164.254221
v 348.461971 127.240519 164.074577
v 345.300252 127.240519 166.149687
v 343.962103 127.240519 169.686864
v 344.958570 127.240519 173.335063
v 347.909111 127.240519 175.700787
v 351.686712 127.240519 175.880405
v 354.848416 127.240519 173.805308
v 350.074348 97.223696 169.977492
v 350.074348 126.474085 169.977492
v 356.056078 96.974428 170.261936
v 355.080848 96.974428 166.691605
v 352.193317 96.974428 164.376436
v 348.496396 96.974428 164.200627
v 345.402205 96.974428 166.231422
v 344.092603 96.974428 169.693053
v 345.067833 96.974428 173.263384
v 347.955351 96.974428 175.578559
v 351.652285 96.974428 175.754362
v 354.746462 96.974428 173.723572
v 356.056078 126.723352 170.261936
v 355.080848 126.723352 166.691605
v 352.193317 126.723352 164.376436
v 348.496396 126.723352 164.200627
v 345.402205 126.723352 166.231422
v 344.092603 126.723352 169.693053
v 345.067833 126.723352 173.263384
v 347.955351 126.723352 175.578559
v 351.652285 126.723352 175.754362
v 354.746462 126.723352 173.723572
vt 0.221994 0.496632
vt 0.163036 0.496632
vt 0.221994 0.508154
vt 0.163036 0.508154
vt 0.221994 0.519653
vt 0.163036 0.519653
vt 0.221994 0.531095
vt 0.163036 0.531095
vt 0.221994 0.542350
vt 0.163036 0.542350
vt 0.221994 0.553614
vt 0.163036 0.439760
vt 0.221994 0.450931
vt 0.163036 0.450931
vt 0.221994 0.462187
vt 0.163036 0.462187
vt 0.221994 0.473630
vt 0.163036 0.473630
vt 0.221994 0.485134
vt 0.163036 0.485134
vt 0.226862 0.496632
vt 0.226862 0.508154
vt 0.226862 0.519653
vt 0.226862 0.531095
vt 0.226862 0.542350
vt 0.226862 0.553614
vt 0.226862 0.450931
vt 0.226862 0.462187
vt 0.226862 0.473630
vt 0.226862 0.485134
vt 0.158126 0.496632
vt 0.158126 0.508154
vt 0.158126 0.519653
vt 0.158126 0.531095
vt 0.158126 0.542350
vt 0.158126 0.439760
vt 0.158126 0.450931
vt 0.158126 0.462187
vt 0.158126 0.473630
vt 0.158126 0.485134
vt 0.258188 0.076279
vt 0.407045 0.271537
vt 0.264295 0.067875
vt 0.264297 0.057486
vt 0.258191 0.049080
vt 0.248311 0.045869
vt 0.238431 0.049078
vt 0.232323 0.057482
vt 0.232321 0.067871
vt 0.238427 0.076276
vt 0.248307 0.079488
vt 0.403834 0.261657
vt 0.395429 0.255551
vt 0.385040 0.255552
vt 0.376635 0.261659
vt 0.373426 0.271540
vt 0.376637 0.281420
vt 0.385043 0.287526
vt 0.395432 0.287525
vt 0.403836 0.281418
vt 0.405874 0.271530
vt 0.390236 0.271539
vt 0.257505 0.075327
vt 0.248309 0.062678
vt 0.402882 0.262340
vt 0.395060 0.256663
vt 0.385395 0.256669
vt 0.377579 0.262354
vt 0.374598 0.271547
vt 0.377589 0.280737
vt 0.385411 0.286414
vt 0.395076 0.286409
vt 0.402892 0.280723
vt 0.248314 0.078316
vt 0.239121 0.075333
vt 0.233438 0.067515
vt 0.233435 0.057851
vt 0.239113 0.050030
vt 0.248304 0.047040
vt 0.257497 0.050024
vt 0.263180 0.057841
vt 0.263183 0.067506
vt 0.156730 0.485134
vt 0.156730 0.473630
vt 0.156730 0.462188
vt 0.156730 0.450931
vt 0.156730 0.441473
vt 0.156730 0.542350
vt 0.156730 0.531095
vt 0.156730 0.519653
vt 0.156730 0.508154
vt 0.156730 0.496631
vt 0.228265 0.485134
vt 0.228265 0.473630
vt 0.228265 0.462187
vt 0.228265 0.450931
vt 0.228265 0.552014
vt 0.228265 0.542350
vt 0.228265 0.531095
vt 0.228265 0.519653
vt 0.228265 0.508154
vt 0.228265 0.496631
vt 0.156730 0.551378
vt 0.228265 0.442086
vt 0.226862 0.439760
vt 0.158126 0.553614
vt 0.221994 0.439760
vt 0.163036 0.553614
vn 0.998687 0.019211 0.047484
vn 0.998687 -0.019211 0.047485
vn 0.835869 -0.019211 -0.548593
vn 0.835869 0.019211 -0.548593
vn 0.353779 -0.019212 -0.935132
vn 0.353779 0.019212 -0.935132
vn -0.263448 -0.019211 -0.964482
vn -0.263448 0.019211 -0.964482
vn -0.780039 -0.019211 -0.625436
vn -0.780039 0.019211 -0.625436
vn -0.998687 -0.019211 -0.047490
vn -0.998687 0.019211 -0.047490
vn -0.835868 -0.019211 0.548594
vn -0.835868 0.019211 0.548594
vn -0.353781 -0.019211 0.935131
vn -0.353781 0.019211 0.935131
vn 0.263442 -0.019213 0.964484
vn 0.263442 0.019213 0.964484
vn 0.780044 -0.019212 0.625430
vn 0.780044 0.019212 0.625430
vn 0.902133 -0.429320 0.042901
vn 0.704621 -0.429332 0.564963
vn 0.755058 -0.429315 -0.495556
vn 0.319574 -0.429317 -0.844725
vn -0.237981 -0.429315 -0.871237
vn -0.704626 -0.429314 -0.564970
vn -0.902135 -0.429316 -0.042902
vn -0.755056 -0.429313 0.495561
vn -0.319574 -0.429317 0.844725
vn 0.237973 -0.429329 0.871232
vn 0.902131 0.429324 0.042900
vn 0.755058 0.429318 -0.495554
vn 0.319574 0.429320 -0.844723
vn -0.237982 0.429318 -0.871235
vn -0.704626 0.429317 -0.564968
vn -0.902134 0.429318 -0.042902
vn -0.755055 0.429316 0.495559
vn -0.319573 0.429320 0.844723
vn 0.237974 0.429332 0.871230
vn 0.704619 0.429336 0.564963
vn -0.483260 0.875176 -0.022977
vn -0.377465 0.875172 -0.302645
vn -0.483271 -0.875169 -0.022977
vn -0.404488 -0.875167 0.265466
vn -0.127488 0.875167 -0.466723
vn 0.171194 0.875169 -0.452518
vn 0.404484 0.875171 -0.265459
vn 0.483268 0.875171 0.022978
vn 0.377463 0.875172 0.302647
vn 0.127483 0.875167 0.466723
vn -0.171186 0.875166 0.452527
vn -0.404474 0.875173 0.265467
vn -0.171198 -0.875162 0.452529
vn 0.127486 -0.875163 0.466729
vn 0.377475 -0.875166 0.302651
vn 0.483274 -0.875168 0.022977
vn 0.404488 -0.875168 -0.265462
vn 0.171199 -0.875166 -0.452522
vn -0.127483 -0.875164 -0.466729
vn -0.377468 -0.875169 -0.302649
vn 0.000000 -1.000000 0.000000
vn -0.247348 -0.968855 -0.011763
vn -0.193195 -0.968855 -0.154904
vn -0.247345 0.968856 -0.011763
vn -0.193194 0.968856 -0.154902
vn -0.000000 1.000000 0.000000
vn -0.207022 -0.968855 0.135875
vn -0.087623 -0.968855 0.231608
vn 0.065248 -0.968855 0.238878
vn 0.193196 -0.968855 0.154904
vn 0.247346 -0.968856 0.011763
vn 0.207020 -0.968856 -0.135874
vn 0.087620 -0.968855 -0.231609
vn -0.065248 -0.968855 -0.238878
vn -0.207023 0.968855 0.135873
vn -0.087622 0.968856 0.231606
vn 0.065250 0.968856 0.238875
vn 0.193193 0.968856 0.154902
vn 0.247345 0.968856 0.011763
vn 0.207019 0.968856 -0.135873
vn 0.087620 0.968856 -0.231606
vn -0.065249 0.968856 -0.238875
s 1
g S_U_14 group1 Cans_Atonofcans Can_Beast_19
usemtl S_P29_01_aiStandardSurface5SG
f 3433/4543/4215 3423/4542/4216 3424/4544/4217 3434/4545/4218
f 3434/4545/4218 3424/4544/4217 3425/4546/4219 3435/4547/4220
f 3435/4547/4220 3425/4546/4219 3426/4548/4221 3436/4549/4222
f 3436/4549/4222 3426/4548/4221 3427/4550/4223 3437/4551/4224
f 3437/4551/4224 3427/4550/4223 3428/4552/4225 3438/4649/4226
f 3438/4553/4226 3428/4648/4225 3429/4554/4227 3439/4555/4228
f 3439/4555/4228 3429/4554/4227 3430/4556/4229 3440/4557/4230
f 3440/4557/4230 3430/4556/4229 3431/4558/4231 3441/4559/4232
f 3441/4559/4232 3431/4558/4231 3432/4560/4233 3442/4561/4234
f 3433/4543/4215 3442/4561/4234 3432/4560/4233 3423/4542/4216
f 3443/4562/4235 3423/4542/4216 3432/4560/4233 3452/4571/4236
f 3443/4562/4235 3444/4563/4237 3424/4544/4217 3423/4542/4216
f 3444/4563/4237 3445/4564/4238 3425/4546/4219 3424/4544/4217
f 3445/4564/4238 3446/4565/4239 3426/4548/4221 3425/4546/4219
f 3446/4565/4239 3447/4566/4240 3427/4550/4223 3426/4548/4221
f 3447/4566/4240 3448/4567/4241 3428/4552/4225 3427/4550/4223
f 3448/4646/4241 3449/4568/4242 3429/4554/4227 3428/4648/4225
f 3449/4568/4242 3450/4569/4243 3430/4556/4229 3429/4554/4227
f 3450/4569/4243 3451/4570/4244 3431/4558/4231 3430/4556/4229
f 3451/4570/4244 3452/4571/4236 3432/4560/4233 3431/4558/4231
f 3453/4572/4245 3433/4543/4215 3434/4545/4218 3454/4573/4246
f 3454/4573/4246 3434/4545/4218 3435/4547/4220 3455/4574/4247
f 3455/4574/4247 3435/4547/4220 3436/4549/4222 3456/4575/4248
f 3456/4575/4248 3436/4549/4222 3437/4551/4224 3457/4576/4249
f 3457/4576/4249 3437/4551/4224 3438/4649/4226 3458/4647/4250
f 3458/4577/4250 3438/4553/4226 3439/4555/4228 3459/4578/4251
f 3459/4578/4251 3439/4555/4228 3440/4557/4230 3460/4579/4252
f 3460/4579/4252 3440/4557/4230 3441/4559/4232 3461/4580/4253
f 3461/4580/4253 3441/4559/4232 3442/4561/4234 3462/4581/4254
f 3453/4572/4245 3462/4581/4254 3442/4561/4234 3433/4543/4215
f 3453/4572/4245 3473/4633/4255 3482/4624/4256 3462/4581/4254
f 3443/4562/4235 3463/4643/4257 3464/4642/4258 3444/4563/4237
f 3461/4580/4253 3462/4581/4254 3482/4624/4256 3481/4625/4259
f 3460/4579/4252 3461/4580/4253 3481/4625/4259 3480/4626/4260
f 3459/4578/4251 3460/4579/4252 3480/4626/4260 3479/4627/4261
f 3458/4577/4250 3459/4578/4251 3479/4627/4261 3478/4628/4262
f 3457/4576/4249 3458/4647/4250 3478/4644/4262 3477/4629/4263
f 3456/4575/4248 3457/4576/4249 3477/4629/4263 3476/4630/4264
f 3455/4574/4247 3456/4575/4248 3476/4630/4264 3475/4631/4265
f 3454/4573/4246 3455/4574/4247 3475/4631/4265 3474/4632/4266
f 3453/4572/4245 3454/4573/4246 3474/4632/4266 3473/4633/4255
f 3444/4563/4237 3464/4642/4258 3465/4641/4267 3445/4564/4238
f 3445/4564/4238 3465/4641/4267 3466/4640/4268 3446/4565/4239
f 3446/4565/4239 3466/4640/4268 3467/4639/4269 3447/4566/4240
f 3447/4566/4240 3467/4639/4269 3468/4638/4270 3448/4567/4241
f 3448/4646/4241 3468/4645/4270 3469/4637/4271 3449/4568/4242
f 3449/4568/4242 3469/4637/4271 3470/4636/4272 3450/4569/4243
f 3450/4569/4243 3470/4636/4272 3471/4635/4273 3451/4570/4244
f 3451/4570/4244 3471/4635/4273 3472/4634/4274 3452/4571/4236
f 3443/4562/4235 3452/4571/4236 3472/4634/4274 3463/4643/4257
f 3483/4603/4275 3485/4602/4276 3494/4614/4277
f 3485/4602/4276 3463/4583/4257 3472/4601/4274 3494/4614/4277
f 3473/4582/4255 3495/4604/4278 3504/4623/4279 3482/4584/4256
f 3495/4604/4278 3484/4605/4280 3504/4623/4279
f 3463/4583/4257 3485/4602/4276 3486/4606/4281 3464/4593/4258
f 3485/4602/4276 3483/4603/4275 3486/4606/4281
f 3464/4593/4258 3486/4606/4281 3487/4607/4282 3465/4594/4267
f 3486/4606/4281 3483/4603/4275 3487/4607/4282
f 3465/4594/4267 3487/4607/4282 3488/4608/4283 3466/4595/4268
f 3487/4607/4282 3483/4603/4275 3488/4608/4283
f 3466/4595/4268 3488/4608/4283 3489/4609/4284 3467/4596/4269
f 3488/4608/4283 3483/4603/4275 3489/4609/4284
f 3467/4596/4269 3489/4609/4284 3490/4610/4285 3468/4597/4270
f 3489/4609/4284 3483/4603/4275 3490/4610/4285
f 3468/4597/4270 3490/4610/4285 3491/4611/4286 3469/4598/4271
f 3490/4610/4285 3483/4603/4275 3491/4611/4286
f 3469/4598/4271 3491/4611/4286 3492/4612/4287 3470/4599/4272
f 3491/4611/4286 3483/4603/4275 3492/4612/4287
f 3470/4599/4272 3492/4612/4287 3493/4613/4288 3471/4600/4273
f 3492/4612/4287 3483/4603/4275 3493/4613/4288
f 3471/4600/4273 3493/4613/4288 3494/4614/4277 3472/4601/4274
f 3493/4613/4288 3483/4603/4275 3494/4614/4277
f 3484/4605/4280 3495/4604/4278 3496/4615/4289
f 3495/4604/4278 3473/4582/4255 3474/4592/4266 3496/4615/4289
f 3484/4605/4280 3496/4615/4289 3497/4616/4290
f 3496/4615/4289 3474/4592/4266 3475/4591/4265 3497/4616/4290
f 3484/4605/4280 3497/4616/4290 3498/4617/4291
f 3497/4616/4290 3475/4591/4265 3476/4590/4264 3498/4617/4291
f 3484/4605/4280 3498/4617/4291 3499/4618/4292
f 3498/4617/4291 3476/4590/4264 3477/4589/4263 3499/4618/4292
f 3484/4605/4280 3499/4618/4292 3500/4619/4293
f 3499/4618/4292 3477/4589/4263 3478/4588/4262 3500/4619/4293
f 3484/4605/4280 3500/4619/4293 3501/4620/4294
f 3500/4619/4293 3478/4588/4262 3479/4587/4261 3501/4620/4294
f 3484/4605/4280 3501/4620/4294 3502/4621/4295
f 3501/4620/4294 3479/4587/4261 3480/4586/4260 3502/4621/4295
f 3484/4605/4280 3502/4621/4295 3503/4622/4296
f 3502/4621/4295 3480/4586/4260 3481/4585/4259 3503/4622/4296
f 3484/4605/4280 3503/4622/4296 3504/4623/4279
f 3503/4622/4296 3481/4585/4259 3482/4584/4256 3504/4623/4279
g default
v 338.136814 98.602892 170.325317
v 336.944278 98.602892 165.959438
v 333.413279 98.602892 163.128255
v 328.892557 98.602892 162.913311
v 325.108811 98.602892 165.396618
v 323.507368 98.602892 169.629678
v 324.699904 98.602892 173.995564
v 328.230919 98.602892 176.826735
v 332.751677 98.602892 177.041729
v 336.535423 98.602892 174.558422
v 338.136814 125.094904 170.325317
v 336.944278 125.094904 165.959438
v 333.413279 125.094904 163.128255
v 328.892557 125.094904 162.913311
v 325.108811 125.094904 165.396618
v 323.507368 125.094904 169.629678
v 324.699904 125.094904 173.995564
v 328.230919 125.094904 176.826735
v 332.751677 125.094904 177.041729
v 336.535423 125.094904 174.558422
v 337.535621 96.457254 170.296762
v 336.441099 96.457254 166.289701
v 333.200287 96.457254 163.691245
v 329.051115 96.457254 163.493955
v 325.578410 96.457254 165.773157
v 324.108578 96.457254 169.658220
v 325.203120 96.457254 173.665345
v 328.443909 96.457254 176.263751
v 332.593055 96.457254 176.461045
v 336.065773 96.457254 174.181846
v 337.535621 127.240519 170.296762
v 336.441099 127.240519 166.289701
v 333.200287 127.240519 163.691245
v 329.051115 127.240519 163.493955
v 325.578410 127.240519 165.773157
v 324.108578 127.240519 169.658220
v 325.203120 127.240519 173.665345
v 328.443909 127.240519 176.263751
v 332.593055 127.240519 176.461045
v 336.065773 127.240519 174.181846
v 336.934324 96.457254 170.268123
v 335.937841 96.457254 166.619938
v 332.987298 96.457254 164.254221
v 329.209728 96.457254 164.074577
v 326.048010 96.457254 166.149687
v 324.709861 96.457254 169.686864
v 325.706328 96.457254 173.335063
v 328.656869 96.457254 175.700787
v 332.434469 96.457254 175.880405
v 335.596174 96.457254 173.805308
v 336.934324 127.240519 170.268123
v 335.937841 127.240519 166.619938
v 332.987298 127.240519 164.254221
v 329.209728 127.240519 164.074577
v 326.048010 127.240519 166.149687
v 324.709861 127.240519 169.686864
v 325.706328 127.240519 173.335063
v 328.656869 127.240519 175.700787
v 332.434469 127.240519 175.880405
v 335.596174 127.240519 173.805308
v 330.822106 97.223696 169.977492
v 330.822106 126.474085 169.977492
v 336.803835 96.974428 170.261936
v 335.828606 96.974428 166.691605
v 332.941074 96.974428 164.376436
v 329.244154 96.974428 164.200627
v 326.149963 96.974428 166.231422
v 324.840361 96.974428 169.693053
v 325.815591 96.974428 173.263384
v 328.703109 96.974428 175.578559
v 332.400043 96.974428 175.754362
v 335.494220 96.974428 173.723572
v 336.803835 126.723352 170.261936
v 335.828606 126.723352 166.691605
v 332.941074 126.723352 164.376436
v 329.244154 126.723352 164.200627
v 326.149963 126.723352 166.231422
v 324.840361 126.723352 169.693053
v 325.815591 126.723352 173.263384
v 328.703109 126.723352 175.578559
v 332.400043 126.723352 175.754362
v 335.494220 126.723352 173.723572
vt 0.221994 0.496632
vt 0.163036 0.496632
vt 0.221994 0.508154
vt 0.163036 0.508154
vt 0.221994 0.519653
vt 0.163036 0.519653
vt 0.221994 0.531095
vt 0.163036 0.531095
vt 0.221994 0.542350
vt 0.163036 0.542350
vt 0.221994 0.553614
vt 0.163036 0.439760
vt 0.221994 0.450931
vt 0.163036 0.450931
vt 0.221994 0.462187
vt 0.163036 0.462187
vt 0.221994 0.473630
vt 0.163036 0.473630
vt 0.221994 0.485134
vt 0.163036 0.485134
vt 0.226862 0.496632
vt 0.226862 0.508154
vt 0.226862 0.519653
vt 0.226862 0.531095
vt 0.226862 0.542350
vt 0.226862 0.553614
vt 0.226862 0.450931
vt 0.226862 0.462187
vt 0.226862 0.473630
vt 0.226862 0.485134
vt 0.158126 0.496632
vt 0.158126 0.508154
vt 0.158126 0.519653
vt 0.158126 0.531095
vt 0.158126 0.542350
vt 0.158126 0.439760
vt 0.158126 0.450931
vt 0.158126 0.462187
vt 0.158126 0.473630
vt 0.158126 0.485134
vt 0.258188 0.076279
vt 0.407045 0.271537
vt 0.264295 0.067875
vt 0.264297 0.057486
vt 0.258191 0.049080
vt 0.248311 0.045869
vt 0.238431 0.049078
vt 0.232323 0.057482
vt 0.232321 0.067871
vt 0.238427 0.076276
vt 0.248307 0.079488
vt 0.403834 0.261657
vt 0.395429 0.255551
vt 0.385040 0.255552
vt 0.376635 0.261659
vt 0.373426 0.271540
vt 0.376637 0.281420
vt 0.385043 0.287526
vt 0.395432 0.287525
vt 0.403836 0.281418
vt 0.405874 0.271530
vt 0.390236 0.271539
vt 0.257505 0.075327
vt 0.248309 0.062678
vt 0.402882 0.262340
vt 0.395060 0.256663
vt 0.385395 0.256669
vt 0.377579 0.262354
vt 0.374598 0.271547
vt 0.377589 0.280737
vt 0.385411 0.286414
vt 0.395076 0.286409
vt 0.402892 0.280723
vt 0.248314 0.078316
vt 0.239121 0.075333
vt 0.233438 0.067515
vt 0.233435 0.057851
vt 0.239113 0.050030
vt 0.248304 0.047040
vt 0.257497 0.050024
vt 0.263180 0.057841
vt 0.263183 0.067506
vt 0.156730 0.485134
vt 0.156730 0.473630
vt 0.156730 0.462188
vt 0.156730 0.450931
vt 0.156730 0.441473
vt 0.156730 0.542350
vt 0.156730 0.531095
vt 0.156730 0.519653
vt 0.156730 0.508154
vt 0.156730 0.496631
vt 0.228265 0.485134
vt 0.228265 0.473630
vt 0.228265 0.462187
vt 0.228265 0.450931
vt 0.228265 0.552014
vt 0.228265 0.542350
vt 0.228265 0.531095
vt 0.228265 0.519653
vt 0.228265 0.508154
vt 0.228265 0.496631
vt 0.156730 0.551378
vt 0.228265 0.442086
vt 0.226862 0.439760
vt 0.158126 0.553614
vt 0.221994 0.439760
vt 0.163036 0.553614
vn 0.998687 0.019211 0.047484
vn 0.998687 -0.019211 0.047485
vn 0.835869 -0.019211 -0.548593
vn 0.835869 0.019211 -0.548593
vn 0.353779 -0.019212 -0.935132
vn 0.353779 0.019212 -0.935132
vn -0.263448 -0.019211 -0.964482
vn -0.263448 0.019211 -0.964482
vn -0.780039 -0.019211 -0.625436
vn -0.780039 0.019211 -0.625436
vn -0.998687 -0.019211 -0.047490
vn -0.998687 0.019211 -0.047490
vn -0.835868 -0.019211 0.548594
vn -0.835868 0.019211 0.548594
vn -0.353781 -0.019211 0.935131
vn -0.353781 0.019211 0.935131
vn 0.263442 -0.019213 0.964484
vn 0.263442 0.019213 0.964484
vn 0.780044 -0.019212 0.625430
vn 0.780044 0.019212 0.625430
vn 0.902133 -0.429320 0.042901
vn 0.704621 -0.429332 0.564963
vn 0.755058 -0.429315 -0.495556
vn 0.319574 -0.429317 -0.844725
vn -0.237981 -0.429315 -0.871237
vn -0.704626 -0.429314 -0.564970
vn -0.902135 -0.429316 -0.042902
vn -0.755056 -0.429313 0.495561
vn -0.319574 -0.429317 0.844725
vn 0.237973 -0.429329 0.871232
vn 0.902131 0.429324 0.042900
vn 0.755058 0.429318 -0.495554
vn 0.319574 0.429320 -0.844723
vn -0.237982 0.429318 -0.871235
vn -0.704626 0.429317 -0.564968
vn -0.902134 0.429318 -0.042902
vn -0.755055 0.429316 0.495559
vn -0.319573 0.429320 0.844723
vn 0.237974 0.429332 0.871230
vn 0.704619 0.429336 0.564963
vn -0.483260 0.875176 -0.022977
vn -0.377465 0.875172 -0.302645
vn -0.483271 -0.875169 -0.022977
vn -0.404488 -0.875167 0.265466
vn -0.127488 0.875167 -0.466723
vn 0.171194 0.875169 -0.452518
vn 0.404484 0.875171 -0.265459
vn 0.483268 0.875171 0.022978
vn 0.377463 0.875172 0.302647
vn 0.127483 0.875167 0.466723
vn -0.171186 0.875166 0.452527
vn -0.404474 0.875173 0.265467
vn -0.171198 -0.875162 0.452529
vn 0.127486 -0.875163 0.466729
vn 0.377475 -0.875166 0.302651
vn 0.483274 -0.875168 0.022977
vn 0.404488 -0.875168 -0.265462
vn 0.171199 -0.875166 -0.452522
vn -0.127483 -0.875164 -0.466729
vn -0.377468 -0.875169 -0.302649
vn 0.000000 -1.000000 0.000000
vn -0.247348 -0.968855 -0.011763
vn -0.193195 -0.968855 -0.154904
vn -0.247345 0.968856 -0.011763
vn -0.193194 0.968856 -0.154902
vn -0.000000 1.000000 0.000000
vn -0.207022 -0.968855 0.135875
vn -0.087623 -0.968855 0.231608
vn 0.065248 -0.968855 0.238878
vn 0.193196 -0.968855 0.154904
vn 0.247346 -0.968856 0.011763
vn 0.207020 -0.968856 -0.135874
vn 0.087620 -0.968855 -0.231609
vn -0.065248 -0.968855 -0.238878
vn -0.207023 0.968855 0.135873
vn -0.087622 0.968856 0.231606
vn 0.065250 0.968856 0.238875
vn 0.193193 0.968856 0.154902
vn 0.247345 0.968856 0.011763
vn 0.207019 0.968856 -0.135873
vn 0.087620 0.968856 -0.231606
vn -0.065249 0.968856 -0.238875
s 1
g S_U_14 group1 Cans_Atonofcans Can_Beast_20
usemtl S_P29_01_aiStandardSurface5SG
f 3515/4651/4297 3505/4650/4298 3506/4652/4299 3516/4653/4300
f 3516/4653/4300 3506/4652/4299 3507/4654/4301 3517/4655/4302
f 3517/4655/4302 3507/4654/4301 3508/4656/4303 3518/4657/4304
f 3518/4657/4304 3508/4656/4303 3509/4658/4305 3519/4659/4306
f 3519/4659/4306 3509/4658/4305 3510/4660/4307 3520/4757/4308
f 3520/4661/4308 3510/4756/4307 3511/4662/4309 3521/4663/4310
f 3521/4663/4310 3511/4662/4309 3512/4664/4311 3522/4665/4312
f 3522/4665/4312 3512/4664/4311 3513/4666/4313 3523/4667/4314
f 3523/4667/4314 3513/4666/4313 3514/4668/4315 3524/4669/4316
f 3515/4651/4297 3524/4669/4316 3514/4668/4315 3505/4650/4298
f 3525/4670/4317 3505/4650/4298 3514/4668/4315 3534/4679/4318
f 3525/4670/4317 3526/4671/4319 3506/4652/4299 3505/4650/4298
f 3526/4671/4319 3527/4672/4320 3507/4654/4301 3506/4652/4299
f 3527/4672/4320 3528/4673/4321 3508/4656/4303 3507/4654/4301
f 3528/4673/4321 3529/4674/4322 3509/4658/4305 3508/4656/4303
f 3529/4674/4322 3530/4675/4323 3510/4660/4307 3509/4658/4305
f 3530/4754/4323 3531/4676/4324 3511/4662/4309 3510/4756/4307
f 3531/4676/4324 3532/4677/4325 3512/4664/4311 3511/4662/4309
f 3532/4677/4325 3533/4678/4326 3513/4666/4313 3512/4664/4311
f 3533/4678/4326 3534/4679/4318 3514/4668/4315 3513/4666/4313
f 3535/4680/4327 3515/4651/4297 3516/4653/4300 3536/4681/4328
f 3536/4681/4328 3516/4653/4300 3517/4655/4302 3537/4682/4329
f 3537/4682/4329 3517/4655/4302 3518/4657/4304 3538/4683/4330
f 3538/4683/4330 3518/4657/4304 3519/4659/4306 3539/4684/4331
f 3539/4684/4331 3519/4659/4306 3520/4757/4308 3540/4755/4332
f 3540/4685/4332 3520/4661/4308 3521/4663/4310 3541/4686/4333
f 3541/4686/4333 3521/4663/4310 3522/4665/4312 3542/4687/4334
f 3542/4687/4334 3522/4665/4312 3523/4667/4314 3543/4688/4335
f 3543/4688/4335 3523/4667/4314 3524/4669/4316 3544/4689/4336
f 3535/4680/4327 3544/4689/4336 3524/4669/4316 3515/4651/4297
f 3535/4680/4327 3555/4741/4337 3564/4732/4338 3544/4689/4336
f 3525/4670/4317 3545/4751/4339 3546/4750/4340 3526/4671/4319
f 3543/4688/4335 3544/4689/4336 3564/4732/4338 3563/4733/4341
f 3542/4687/4334 3543/4688/4335 3563/4733/4341 3562/4734/4342
f 3541/4686/4333 3542/4687/4334 3562/4734/4342 3561/4735/4343
f 3540/4685/4332 3541/4686/4333 3561/4735/4343 3560/4736/4344
f 3539/4684/4331 3540/4755/4332 3560/4752/4344 3559/4737/4345
f 3538/4683/4330 3539/4684/4331 3559/4737/4345 3558/4738/4346
f 3537/4682/4329 3538/4683/4330 3558/4738/4346 3557/4739/4347
f 3536/4681/4328 3537/4682/4329 3557/4739/4347 3556/4740/4348
f 3535/4680/4327 3536/4681/4328 3556/4740/4348 3555/4741/4337
f 3526/4671/4319 3546/4750/4340 3547/4749/4349 3527/4672/4320
f 3527/4672/4320 3547/4749/4349 3548/4748/4350 3528/4673/4321
f 3528/4673/4321 3548/4748/4350 3549/4747/4351 3529/4674/4322
f 3529/4674/4322 3549/4747/4351 3550/4746/4352 3530/4675/4323
f 3530/4754/4323 3550/4753/4352 3551/4745/4353 3531/4676/4324
f 3531/4676/4324 3551/4745/4353 3552/4744/4354 3532/4677/4325
f 3532/4677/4325 3552/4744/4354 3553/4743/4355 3533/4678/4326
f 3533/4678/4326 3553/4743/4355 3554/4742/4356 3534/4679/4318
f 3525/4670/4317 3534/4679/4318 3554/4742/4356 3545/4751/4339
f 3565/4711/4357 3567/4710/4358 3576/4722/4359
f 3567/4710/4358 3545/4691/4339 3554/4709/4356 3576/4722/4359
f 3555/4690/4337 3577/4712/4360 3586/4731/4361 3564/4692/4338
f 3577/4712/4360 3566/4713/4362 3586/4731/4361
f 3545/4691/4339 3567/4710/4358 3568/4714/4363 3546/4701/4340
f 3567/4710/4358 3565/4711/4357 3568/4714/4363
f 3546/4701/4340 3568/4714/4363 3569/4715/4364 3547/4702/4349
f 3568/4714/4363 3565/4711/4357 3569/4715/4364
f 3547/4702/4349 3569/4715/4364 3570/4716/4365 3548/4703/4350
f 3569/4715/4364 3565/4711/4357 3570/4716/4365
f 3548/4703/4350 3570/4716/4365 3571/4717/4366 3549/4704/4351
f 3570/4716/4365 3565/4711/4357 3571/4717/4366
f 3549/4704/4351 3571/4717/4366 3572/4718/4367 3550/4705/4352
f 3571/4717/4366 3565/4711/4357 3572/4718/4367
f 3550/4705/4352 3572/4718/4367 3573/4719/4368 3551/4706/4353
f 3572/4718/4367 3565/4711/4357 3573/4719/4368
f 3551/4706/4353 3573/4719/4368 3574/4720/4369 3552/4707/4354
f 3573/4719/4368 3565/4711/4357 3574/4720/4369
f 3552/4707/4354 3574/4720/4369 3575/4721/4370 3553/4708/4355
f 3574/4720/4369 3565/4711/4357 3575/4721/4370
f 3553/4708/4355 3575/4721/4370 3576/4722/4359 3554/4709/4356
f 3575/4721/4370 3565/4711/4357 3576/4722/4359
f 3566/4713/4362 3577/4712/4360 3578/4723/4371
f 3577/4712/4360 3555/4690/4337 3556/4700/4348 3578/4723/4371
f 3566/4713/4362 3578/4723/4371 3579/4724/4372
f 3578/4723/4371 3556/4700/4348 3557/4699/4347 3579/4724/4372
f 3566/4713/4362 3579/4724/4372 3580/4725/4373
f 3579/4724/4372 3557/4699/4347 3558/4698/4346 3580/4725/4373
f 3566/4713/4362 3580/4725/4373 3581/4726/4374
f 3580/4725/4373 3558/4698/4346 3559/4697/4345 3581/4726/4374
f 3566/4713/4362 3581/4726/4374 3582/4727/4375
f 3581/4726/4374 3559/4697/4345 3560/4696/4344 3582/4727/4375
f 3566/4713/4362 3582/4727/4375 3583/4728/4376
f 3582/4727/4375 3560/4696/4344 3561/4695/4343 3583/4728/4376
f 3566/4713/4362 3583/4728/4376 3584/4729/4377
f 3583/4728/4376 3561/4695/4343 3562/4694/4342 3584/4729/4377
f 3566/4713/4362 3584/4729/4377 3585/4730/4378
f 3584/4729/4377 3562/4694/4342 3563/4693/4341 3585/4730/4378
f 3566/4713/4362 3585/4730/4378 3586/4731/4361
f 3585/4730/4378 3563/4693/4341 3564/4692/4338 3586/4731/4361
g default
v 318.907656 98.602892 170.325317
v 317.715119 98.602892 165.959438
v 314.184120 98.602892 163.128255
v 309.663399 98.602892 162.913311
v 305.879652 98.602892 165.396618
v 304.278210 98.602892 169.629678
v 305.470746 98.602892 173.995564
v 309.001760 98.602892 176.826735
v 313.522519 98.602892 177.041729
v 317.306265 98.602892 174.558422
v 318.907656 125.094904 170.325317
v 317.715119 125.094904 165.959438
v 314.184120 125.094904 163.128255
v 309.663399 125.094904 162.913311
v 305.879652 125.094904 165.396618
v 304.278210 125.094904 169.629678
v 305.470746 125.094904 173.995564
v 309.001760 125.094904 176.826735
v 313.522519 125.094904 177.041729
v 317.306265 125.094904 174.558422
v 318.306463 96.457254 170.296762
v 317.211941 96.457254 166.289701
v 313.971129 96.457254 163.691245
v 309.821956 96.457254 163.493955
v 306.349251 96.457254 165.773157
v 304.879419 96.457254 169.658220
v 305.973962 96.457254 173.665345
v 309.214750 96.457254 176.263751
v 313.363896 96.457254 176.461045
v 316.836614 96.457254 174.181846
v 318.306463 127.240519 170.296762
v 317.211941 127.240519 166.289701
v 313.971129 127.240519 163.691245
v 309.821956 127.240519 163.493955
v 306.349251 127.240519 165.773157
v 304.879419 127.240519 169.658220
v 305.973962 127.240519 173.665345
v 309.214750 127.240519 176.263751
v 313.363896 127.240519 176.461045
v 316.836614 127.240519 174.181846
v 317.705166 96.457254 170.268123
v 316.708682 96.457254 166.619938
v 313.758140 96.457254 164.254221
v 309.980570 96.457254 164.074577
v 306.818852 96.457254 166.149687
v 305.480702 96.457254 169.686864
v 306.477170 96.457254 173.335063
v 309.427711 96.457254 175.700787
v 313.205311 96.457254 175.880405
v 316.367015 96.457254 173.805308
v 317.705166 127.240519 170.268123
v 316.708682 127.240519 166.619938
v 313.758140 127.240519 164.254221
v 309.980570 127.240519 164.074577
v 306.818852 127.240519 166.149687
v 305.480702 127.240519 169.686864
v 306.477170 127.240519 173.335063
v 309.427711 127.240519 175.700787
v 313.205311 127.240519 175.880405
v 316.367015 127.240519 173.805308
v 311.592947 97.223696 169.977492
v 311.592947 126.474085 169.977492
v 317.574677 96.974428 170.261936
v 316.599448 96.974428 166.691605
v 313.711916 96.974428 164.376436
v 310.014995 96.974428 164.200627
v 306.920805 96.974428 166.231422
v 305.611203 96.974428 169.693053
v 306.586433 96.974428 173.263384
v 309.473951 96.974428 175.578559
v 313.170885 96.974428 175.754362
v 316.265062 96.974428 173.723572
v 317.574677 126.723352 170.261936
v 316.599448 126.723352 166.691605
v 313.711916 126.723352 164.376436
v 310.014995 126.723352 164.200627
v 306.920805 126.723352 166.231422
v 305.611203 126.723352 169.693053
v 306.586433 126.723352 173.263384
v 309.473951 126.723352 175.578559
v 313.170885 126.723352 175.754362
v 316.265062 126.723352 173.723572
vt 0.221994 0.496632
vt 0.163036 0.496632
vt 0.221994 0.508154
vt 0.163036 0.508154
vt 0.221994 0.519653
vt 0.163036 0.519653
vt 0.221994 0.531095
vt 0.163036 0.531095
vt 0.221994 0.542350
vt 0.163036 0.542350
vt 0.221994 0.553614
vt 0.163036 0.439760
vt 0.221994 0.450931
vt 0.163036 0.450931
vt 0.221994 0.462187
vt 0.163036 0.462187
vt 0.221994 0.473630
vt 0.163036 0.473630
vt 0.221994 0.485134
vt 0.163036 0.485134
vt 0.226862 0.496632
vt 0.226862 0.508154
vt 0.226862 0.519653
vt 0.226862 0.531095
vt 0.226862 0.542350
vt 0.226862 0.553614
vt 0.226862 0.450931
vt 0.226862 0.462187
vt 0.226862 0.473630
vt 0.226862 0.485134
vt 0.158126 0.496632
vt 0.158126 0.508154
vt 0.158126 0.519653
vt 0.158126 0.531095
vt 0.158126 0.542350
vt 0.158126 0.439760
vt 0.158126 0.450931
vt 0.158126 0.462187
vt 0.158126 0.473630
vt 0.158126 0.485134
vt 0.258188 0.076279
vt 0.407045 0.271537
vt 0.264295 0.067875
vt 0.264297 0.057486
vt 0.258191 0.049080
vt 0.248311 0.045869
vt 0.238431 0.049078
vt 0.232323 0.057482
vt 0.232321 0.067871
vt 0.238427 0.076276
vt 0.248307 0.079488
vt 0.403834 0.261657
vt 0.395429 0.255551
vt 0.385040 0.255552
vt 0.376635 0.261659
vt 0.373426 0.271540
vt 0.376637 0.281420
vt 0.385043 0.287526
vt 0.395432 0.287525
vt 0.403836 0.281418
vt 0.405874 0.271530
vt 0.390236 0.271539
vt 0.257505 0.075327
vt 0.248309 0.062678
vt 0.402882 0.262340
vt 0.395060 0.256663
vt 0.385395 0.256669
vt 0.377579 0.262354
vt 0.374598 0.271547
vt 0.377589 0.280737
vt 0.385411 0.286414
vt 0.395076 0.286409
vt 0.402892 0.280723
vt 0.248314 0.078316
vt 0.239121 0.075333
vt 0.233438 0.067515
vt 0.233435 0.057851
vt 0.239113 0.050030
vt 0.248304 0.047040
vt 0.257497 0.050024
vt 0.263180 0.057841
vt 0.263183 0.067506
vt 0.156730 0.485134
vt 0.156730 0.473630
vt 0.156730 0.462188
vt 0.156730 0.450931
vt 0.156730 0.441473
vt 0.156730 0.542350
vt 0.156730 0.531095
vt 0.156730 0.519653
vt 0.156730 0.508154
vt 0.156730 0.496631
vt 0.228265 0.485134
vt 0.228265 0.473630
vt 0.228265 0.462187
vt 0.228265 0.450931
vt 0.228265 0.552014
vt 0.228265 0.542350
vt 0.228265 0.531095
vt 0.228265 0.519653
vt 0.228265 0.508154
vt 0.228265 0.496631
vt 0.156730 0.551378
vt 0.228265 0.442086
vt 0.226862 0.439760
vt 0.158126 0.553614
vt 0.221994 0.439760
vt 0.163036 0.553614
vn 0.998687 0.019211 0.047484
vn 0.998687 -0.019211 0.047485
vn 0.835869 -0.019211 -0.548593
vn 0.835869 0.019211 -0.548593
vn 0.353779 -0.019212 -0.935132
vn 0.353779 0.019212 -0.935132
vn -0.263448 -0.019211 -0.964482
vn -0.263448 0.019211 -0.964482
vn -0.780039 -0.019211 -0.625436
vn -0.780039 0.019211 -0.625436
vn -0.998687 -0.019211 -0.047490
vn -0.998687 0.019211 -0.047490
vn -0.835868 -0.019211 0.548594
vn -0.835868 0.019211 0.548594
vn -0.353781 -0.019211 0.935131
vn -0.353781 0.019211 0.935131
vn 0.263442 -0.019213 0.964484
vn 0.263442 0.019213 0.964484
vn 0.780044 -0.019212 0.625430
vn 0.780044 0.019212 0.625430
vn 0.902133 -0.429320 0.042901
vn 0.704621 -0.429332 0.564963
vn 0.755058 -0.429315 -0.495556
vn 0.319574 -0.429317 -0.844725
vn -0.237981 -0.429315 -0.871237
vn -0.704626 -0.429314 -0.564970
vn -0.902135 -0.429316 -0.042902
vn -0.755056 -0.429313 0.495561
vn -0.319574 -0.429317 0.844725
vn 0.237973 -0.429329 0.871232
vn 0.902131 0.429324 0.042900
vn 0.755058 0.429318 -0.495554
vn 0.319574 0.429320 -0.844723
vn -0.237982 0.429318 -0.871235
vn -0.704626 0.429317 -0.564968
vn -0.902134 0.429318 -0.042902
vn -0.755055 0.429316 0.495559
vn -0.319573 0.429320 0.844723
vn 0.237974 0.429332 0.871230
vn 0.704619 0.429336 0.564963
vn -0.483260 0.875176 -0.022977
vn -0.377465 0.875172 -0.302645
vn -0.483271 -0.875169 -0.022977
vn -0.404488 -0.875167 0.265466
vn -0.127488 0.875167 -0.466723
vn 0.171194 0.875169 -0.452518
vn 0.404484 0.875171 -0.265459
vn 0.483268 0.875171 0.022978
vn 0.377463 0.875172 0.302647
vn 0.127483 0.875167 0.466723
vn -0.171186 0.875166 0.452527
vn -0.404474 0.875173 0.265467
vn -0.171198 -0.875162 0.452529
vn 0.127486 -0.875163 0.466729
vn 0.377475 -0.875166 0.302651
vn 0.483274 -0.875168 0.022977
vn 0.404488 -0.875168 -0.265462
vn 0.171199 -0.875166 -0.452522
vn -0.127483 -0.875164 -0.466729
vn -0.377468 -0.875169 -0.302649
vn 0.000000 -1.000000 0.000000
vn -0.247348 -0.968855 -0.011763
vn -0.193195 -0.968855 -0.154904
vn -0.247345 0.968856 -0.011763
vn -0.193194 0.968856 -0.154902
vn -0.000000 1.000000 0.000000
vn -0.207022 -0.968855 0.135875
vn -0.087623 -0.968855 0.231608
vn 0.065248 -0.968855 0.238878
vn 0.193196 -0.968855 0.154904
vn 0.247346 -0.968856 0.011763
vn 0.207020 -0.968856 -0.135874
vn 0.087620 -0.968855 -0.231609
vn -0.065248 -0.968855 -0.238878
vn -0.207023 0.968855 0.135873
vn -0.087622 0.968856 0.231606
vn 0.065250 0.968856 0.238875
vn 0.193193 0.968856 0.154902
vn 0.247345 0.968856 0.011763
vn 0.207019 0.968856 -0.135873
vn 0.087620 0.968856 -0.231606
vn -0.065249 0.968856 -0.238875
s 1
g S_U_14 group1 Cans_Atonofcans Can_Beast_21
usemtl S_P29_01_aiStandardSurface5SG
f 3597/4759/4379 3587/4758/4380 3588/4760/4381 3598/4761/4382
f 3598/4761/4382 3588/4760/4381 3589/4762/4383 3599/4763/4384
f 3599/4763/4384 3589/4762/4383 3590/4764/4385 3600/4765/4386
f 3600/4765/4386 3590/4764/4385 3591/4766/4387 3601/4767/4388
f 3601/4767/4388 3591/4766/4387 3592/4768/4389 3602/4865/4390
f 3602/4769/4390 3592/4864/4389 3593/4770/4391 3603/4771/4392
f 3603/4771/4392 3593/4770/4391 3594/4772/4393 3604/4773/4394
f 3604/4773/4394 3594/4772/4393 3595/4774/4395 3605/4775/4396
f 3605/4775/4396 3595/4774/4395 3596/4776/4397 3606/4777/4398
f 3597/4759/4379 3606/4777/4398 3596/4776/4397 3587/4758/4380
f 3607/4778/4399 3587/4758/4380 3596/4776/4397 3616/4787/4400
f 3607/4778/4399 3608/4779/4401 3588/4760/4381 3587/4758/4380
f 3608/4779/4401 3609/4780/4402 3589/4762/4383 3588/4760/4381
f 3609/4780/4402 3610/4781/4403 3590/4764/4385 3589/4762/4383
f 3610/4781/4403 3611/4782/4404 3591/4766/4387 3590/4764/4385
f 3611/4782/4404 3612/4783/4405 3592/4768/4389 3591/4766/4387
f 3612/4862/4405 3613/4784/4406 3593/4770/4391 3592/4864/4389
f 3613/4784/4406 3614/4785/4407 3594/4772/4393 3593/4770/4391
f 3614/4785/4407 3615/4786/4408 3595/4774/4395 3594/4772/4393
f 3615/4786/4408 3616/4787/4400 3596/4776/4397 3595/4774/4395
f 3617/4788/4409 3597/4759/4379 3598/4761/4382 3618/4789/4410
f 3618/4789/4410 3598/4761/4382 3599/4763/4384 3619/4790/4411
f 3619/4790/4411 3599/4763/4384 3600/4765/4386 3620/4791/4412
f 3620/4791/4412 3600/4765/4386 3601/4767/4388 3621/4792/4413
f 3621/4792/4413 3601/4767/4388 3602/4865/4390 3622/4863/4414
f 3622/4793/4414 3602/4769/4390 3603/4771/4392 3623/4794/4415
f 3623/4794/4415 3603/4771/4392 3604/4773/4394 3624/4795/4416
f 3624/4795/4416 3604/4773/4394 3605/4775/4396 3625/4796/4417
f 3625/4796/4417 3605/4775/4396 3606/4777/4398 3626/4797/4418
f 3617/4788/4409 3626/4797/4418 3606/4777/4398 3597/4759/4379
f 3617/4788/4409 3637/4849/4419 3646/4840/4420 3626/4797/4418
f 3607/4778/4399 3627/4859/4421 3628/4858/4422 3608/4779/4401
f 3625/4796/4417 3626/4797/4418 3646/4840/4420 3645/4841/4423
f 3624/4795/4416 3625/4796/4417 3645/4841/4423 3644/4842/4424
f 3623/4794/4415 3624/4795/4416 3644/4842/4424 3643/4843/4425
f 3622/4793/4414 3623/4794/4415 3643/4843/4425 3642/4844/4426
f 3621/4792/4413 3622/4863/4414 3642/4860/4426 3641/4845/4427
f 3620/4791/4412 3621/4792/4413 3641/4845/4427 3640/4846/4428
f 3619/4790/4411 3620/4791/4412 3640/4846/4428 3639/4847/4429
f 3618/4789/4410 3619/4790/4411 3639/4847/4429 3638/4848/4430
f 3617/4788/4409 3618/4789/4410 3638/4848/4430 3637/4849/4419
f 3608/4779/4401 3628/4858/4422 3629/4857/4431 3609/4780/4402
f 3609/4780/4402 3629/4857/4431 3630/4856/4432 3610/4781/4403
f 3610/4781/4403 3630/4856/4432 3631/4855/4433 3611/4782/4404
f 3611/4782/4404 3631/4855/4433 3632/4854/4434 3612/4783/4405
f 3612/4862/4405 3632/4861/4434 3633/4853/4435 3613/4784/4406
f 3613/4784/4406 3633/4853/4435 3634/4852/4436 3614/4785/4407
f 3614/4785/4407 3634/4852/4436 3635/4851/4437 3615/4786/4408
f 3615/4786/4408 3635/4851/4437 3636/4850/4438 3616/4787/4400
f 3607/4778/4399 3616/4787/4400 3636/4850/4438 3627/4859/4421
f 3647/4819/4439 3649/4818/4440 3658/4830/4441
f 3649/4818/4440 3627/4799/4421 3636/4817/4438 3658/4830/4441
f 3637/4798/4419 3659/4820/4442 3668/4839/4443 3646/4800/4420
f 3659/4820/4442 3648/4821/4444 3668/4839/4443
f 3627/4799/4421 3649/4818/4440 3650/4822/4445 3628/4809/4422
f 3649/4818/4440 3647/4819/4439 3650/4822/4445
f 3628/4809/4422 3650/4822/4445 3651/4823/4446 3629/4810/4431
f 3650/4822/4445 3647/4819/4439 3651/4823/4446
f 3629/4810/4431 3651/4823/4446 3652/4824/4447 3630/4811/4432
f 3651/4823/4446 3647/4819/4439 3652/4824/4447
f 3630/4811/4432 3652/4824/4447 3653/4825/4448 3631/4812/4433
f 3652/4824/4447 3647/4819/4439 3653/4825/4448
f 3631/4812/4433 3653/4825/4448 3654/4826/4449 3632/4813/4434
f 3653/4825/4448 3647/4819/4439 3654/4826/4449
f 3632/4813/4434 3654/4826/4449 3655/4827/4450 3633/4814/4435
f 3654/4826/4449 3647/4819/4439 3655/4827/4450
f 3633/4814/4435 3655/4827/4450 3656/4828/4451 3634/4815/4436
f 3655/4827/4450 3647/4819/4439 3656/4828/4451
f 3634/4815/4436 3656/4828/4451 3657/4829/4452 3635/4816/4437
f 3656/4828/4451 3647/4819/4439 3657/4829/4452
f 3635/4816/4437 3657/4829/4452 3658/4830/4441 3636/4817/4438
f 3657/4829/4452 3647/4819/4439 3658/4830/4441
f 3648/4821/4444 3659/4820/4442 3660/4831/4453
f 3659/4820/4442 3637/4798/4419 3638/4808/4430 3660/4831/4453
f 3648/4821/4444 3660/4831/4453 3661/4832/4454
f 3660/4831/4453 3638/4808/4430 3639/4807/4429 3661/4832/4454
f 3648/4821/4444 3661/4832/4454 3662/4833/4455
f 3661/4832/4454 3639/4807/4429 3640/4806/4428 3662/4833/4455
f 3648/4821/4444 3662/4833/4455 3663/4834/4456
f 3662/4833/4455 3640/4806/4428 3641/4805/4427 3663/4834/4456
f 3648/4821/4444 3663/4834/4456 3664/4835/4457
f 3663/4834/4456 3641/4805/4427 3642/4804/4426 3664/4835/4457
f 3648/4821/4444 3664/4835/4457 3665/4836/4458
f 3664/4835/4457 3642/4804/4426 3643/4803/4425 3665/4836/4458
f 3648/4821/4444 3665/4836/4458 3666/4837/4459
f 3665/4836/4458 3643/4803/4425 3644/4802/4424 3666/4837/4459
f 3648/4821/4444 3666/4837/4459 3667/4838/4460
f 3666/4837/4459 3644/4802/4424 3645/4801/4423 3667/4838/4460
f 3648/4821/4444 3667/4838/4460 3668/4839/4443
f 3667/4838/4460 3645/4801/4423 3646/4800/4420 3668/4839/4443
g default
v 217.617374 98.602892 170.325317
v 216.424838 98.602892 165.959438
v 212.893839 98.602892 163.128255
v 208.373117 98.602892 162.913311
v 204.589371 98.602892 165.396618
v 202.987928 98.602892 169.629678
v 204.180464 98.602892 173.995564
v 207.711479 98.602892 176.826735
v 212.232237 98.602892 177.041729
v 216.015983 98.602892 174.558422
v 217.617374 125.094904 170.325317
v 216.424838 125.094904 165.959438
v 212.893839 125.094904 163.128255
v 208.373117 125.094904 162.913311
v 204.589371 125.094904 165.396618
v 202.987928 125.094904 169.629678
v 204.180464 125.094904 173.995564
v 207.711479 125.094904 176.826735
v 212.232237 125.094904 177.041729
v 216.015983 125.094904 174.558422
v 217.016181 96.457254 170.296762
v 215.921659 96.457254 166.289701
v 212.680847 96.457254 163.691245
v 208.531675 96.457254 163.493955
v 205.058970 96.457254 165.773157
v 203.589138 96.457254 169.658220
v 204.683680 96.457254 173.665345
v 207.924469 96.457254 176.263751
v 212.073615 96.457254 176.461045
v 215.546333 96.457254 174.181846
v 217.016181 127.240519 170.296762
v 215.921659 127.240519 166.289701
v 212.680847 127.240519 163.691245
v 208.531675 127.240519 163.493955
v 205.058970 127.240519 165.773157
v 203.589138 127.240519 169.658220
v 204.683680 127.240519 173.665345
v 207.924469 127.240519 176.263751
v 212.073615 127.240519 176.461045
v 215.546333 127.240519 174.181846
v 216.414884 96.457254 170.268123
v 215.418401 96.457254 166.619938
v 212.467858 96.457254 164.254221
v 208.690288 96.457254 164.074577
v 205.528570 96.457254 166.149687
v 204.190421 96.457254 169.686864
v 205.186888 96.457254 173.335063
v 208.137429 96.457254 175.700787
v 211.915029 96.457254 175.880405
v 215.076734 96.457254 173.805308
v 216.414884 127.240519 170.268123
v 215.418401 127.240519 166.619938
v 212.467858 127.240519 164.254221
v 208.690288 127.240519 164.074577
v 205.528570 127.240519 166.149687
v 204.190421 127.240519 169.686864
v 205.186888 127.240519 173.335063
v 208.137429 127.240519 175.700787
v 211.915029 127.240519 175.880405
v 215.076734 127.240519 173.805308
v 210.302666 97.223696 169.977492
v 210.302666 126.474085 169.977492
v 216.284395 96.974428 170.261936
v 215.309166 96.974428 166.691605
v 212.421635 96.974428 164.376436
v 208.724714 96.974428 164.200627
v 205.630523 96.974428 166.231422
v 204.320921 96.974428 169.693053
v 205.296151 96.974428 173.263384
v 208.183669 96.974428 175.578559
v 211.880603 96.974428 175.754362
v 214.974780 96.974428 173.723572
v 216.284395 126.723352 170.261936
v 215.309166 126.723352 166.691605
v 212.421635 126.723352 164.376436
v 208.724714 126.723352 164.200627
v 205.630523 126.723352 166.231422
v 204.320921 126.723352 169.693053
v 205.296151 126.723352 173.263384
v 208.183669 126.723352 175.578559
v 211.880603 126.723352 175.754362
v 214.974780 126.723352 173.723572
vt 0.221994 0.496632
vt 0.163036 0.496632
vt 0.221994 0.508154
vt 0.163036 0.508154
vt 0.221994 0.519653
vt 0.163036 0.519653
vt 0.221994 0.531095
vt 0.163036 0.531095
vt 0.221994 0.542350
vt 0.163036 0.542350
vt 0.221994 0.553614
vt 0.163036 0.439760
vt 0.221994 0.450931
vt 0.163036 0.450931
vt 0.221994 0.462187
vt 0.163036 0.462187
vt 0.221994 0.473630
vt 0.163036 0.473630
vt 0.221994 0.485134
vt 0.163036 0.485134
vt 0.226862 0.496632
vt 0.226862 0.508154
vt 0.226862 0.519653
vt 0.226862 0.531095
vt 0.226862 0.542350
vt 0.226862 0.553614
vt 0.226862 0.450931
vt 0.226862 0.462187
vt 0.226862 0.473630
vt 0.226862 0.485134
vt 0.158126 0.496632
vt 0.158126 0.508154
vt 0.158126 0.519653
vt 0.158126 0.531095
vt 0.158126 0.542350
vt 0.158126 0.439760
vt 0.158126 0.450931
vt 0.158126 0.462187
vt 0.158126 0.473630
vt 0.158126 0.485134
vt 0.258188 0.076279
vt 0.407045 0.271537
vt 0.264295 0.067875
vt 0.264297 0.057486
vt 0.258191 0.049080
vt 0.248311 0.045869
vt 0.238431 0.049078
vt 0.232323 0.057482
vt 0.232321 0.067871
vt 0.238427 0.076276
vt 0.248307 0.079488
vt 0.403834 0.261657
vt 0.395429 0.255551
vt 0.385040 0.255552
vt 0.376635 0.261659
vt 0.373426 0.271540
vt 0.376637 0.281420
vt 0.385043 0.287526
vt 0.395432 0.287525
vt 0.403836 0.281418
vt 0.405874 0.271530
vt 0.390236 0.271539
vt 0.257505 0.075327
vt 0.248309 0.062678
vt 0.402882 0.262340
vt 0.395060 0.256663
vt 0.385395 0.256669
vt 0.377579 0.262354
vt 0.374598 0.271547
vt 0.377589 0.280737
vt 0.385411 0.286414
vt 0.395076 0.286409
vt 0.402892 0.280723
vt 0.248314 0.078316
vt 0.239121 0.075333
vt 0.233438 0.067515
vt 0.233435 0.057851
vt 0.239113 0.050030
vt 0.248304 0.047040
vt 0.257497 0.050024
vt 0.263180 0.057841
vt 0.263183 0.067506
vt 0.156730 0.485134
vt 0.156730 0.473630
vt 0.156730 0.462188
vt 0.156730 0.450931
vt 0.156730 0.441473
vt 0.156730 0.542350
vt 0.156730 0.531095
vt 0.156730 0.519653
vt 0.156730 0.508154
vt 0.156730 0.496631
vt 0.228265 0.485134
vt 0.228265 0.473630
vt 0.228265 0.462187
vt 0.228265 0.450931
vt 0.228265 0.552014
vt 0.228265 0.542350
vt 0.228265 0.531095
vt 0.228265 0.519653
vt 0.228265 0.508154
vt 0.228265 0.496631
vt 0.156730 0.551378
vt 0.228265 0.442086
vt 0.226862 0.439760
vt 0.158126 0.553614
vt 0.221994 0.439760
vt 0.163036 0.553614
vn 0.998687 0.019211 0.047484
vn 0.998687 -0.019211 0.047485
vn 0.835869 -0.019211 -0.548593
vn 0.835869 0.019211 -0.548593
vn 0.353779 -0.019212 -0.935132
vn 0.353779 0.019212 -0.935132
vn -0.263448 -0.019211 -0.964482
vn -0.263448 0.019211 -0.964482
vn -0.780039 -0.019211 -0.625436
vn -0.780039 0.019211 -0.625436
vn -0.998687 -0.019211 -0.047490
vn -0.998687 0.019211 -0.047490
vn -0.835868 -0.019211 0.548594
vn -0.835868 0.019211 0.548594
vn -0.353781 -0.019211 0.935131
vn -0.353781 0.019211 0.935131
vn 0.263442 -0.019213 0.964484
vn 0.263442 0.019213 0.964484
vn 0.780044 -0.019212 0.625430
vn 0.780044 0.019212 0.625430
vn 0.902133 -0.429320 0.042901
vn 0.704621 -0.429332 0.564963
vn 0.755058 -0.429315 -0.495556
vn 0.319574 -0.429317 -0.844725
vn -0.237981 -0.429315 -0.871237
vn -0.704626 -0.429314 -0.564970
vn -0.902135 -0.429316 -0.042902
vn -0.755056 -0.429313 0.495561
vn -0.319574 -0.429317 0.844725
vn 0.237973 -0.429329 0.871232
vn 0.902131 0.429324 0.042900
vn 0.755058 0.429318 -0.495554
vn 0.319574 0.429320 -0.844723
vn -0.237982 0.429318 -0.871235
vn -0.704626 0.429317 -0.564968
vn -0.902134 0.429318 -0.042902
vn -0.755055 0.429316 0.495559
vn -0.319573 0.429320 0.844723
vn 0.237974 0.429332 0.871230
vn 0.704619 0.429336 0.564963
vn -0.483260 0.875176 -0.022977
vn -0.377465 0.875172 -0.302645
vn -0.483271 -0.875169 -0.022977
vn -0.404488 -0.875167 0.265466
vn -0.127488 0.875167 -0.466723
vn 0.171194 0.875169 -0.452518
vn 0.404484 0.875171 -0.265459
vn 0.483268 0.875171 0.022978
vn 0.377463 0.875172 0.302647
vn 0.127483 0.875167 0.466723
vn -0.171186 0.875166 0.452527
vn -0.404474 0.875173 0.265467
vn -0.171198 -0.875162 0.452529
vn 0.127486 -0.875163 0.466729
vn 0.377475 -0.875166 0.302651
vn 0.483274 -0.875168 0.022977
vn 0.404488 -0.875168 -0.265462
vn 0.171199 -0.875166 -0.452522
vn -0.127483 -0.875164 -0.466729
vn -0.377468 -0.875169 -0.302649
vn 0.000000 -1.000000 0.000000
vn -0.247348 -0.968855 -0.011763
vn -0.193195 -0.968855 -0.154904
vn -0.247345 0.968856 -0.011763
vn -0.193194 0.968856 -0.154902
vn -0.000000 1.000000 0.000000
vn -0.207022 -0.968855 0.135875
vn -0.087623 -0.968855 0.231608
vn 0.065248 -0.968855 0.238878
vn 0.193196 -0.968855 0.154904
vn 0.247346 -0.968856 0.011763
vn 0.207020 -0.968856 -0.135874
vn 0.087620 -0.968855 -0.231609
vn -0.065248 -0.968855 -0.238878
vn -0.207023 0.968855 0.135873
vn -0.087622 0.968856 0.231606
vn 0.065250 0.968856 0.238875
vn 0.193193 0.968856 0.154902
vn 0.247345 0.968856 0.011763
vn 0.207019 0.968856 -0.135873
vn 0.087620 0.968856 -0.231606
vn -0.065249 0.968856 -0.238875
s 1
g S_U_14 group1 Cans_Atonofcans Can_Beast_22
usemtl S_P29_01_aiStandardSurface5SG
f 3679/4867/4461 3669/4866/4462 3670/4868/4463 3680/4869/4464
f 3680/4869/4464 3670/4868/4463 3671/4870/4465 3681/4871/4466
f 3681/4871/4466 3671/4870/4465 3672/4872/4467 3682/4873/4468
f 3682/4873/4468 3672/4872/4467 3673/4874/4469 3683/4875/4470
f 3683/4875/4470 3673/4874/4469 3674/4876/4471 3684/4973/4472
f 3684/4877/4472 3674/4972/4471 3675/4878/4473 3685/4879/4474
f 3685/4879/4474 3675/4878/4473 3676/4880/4475 3686/4881/4476
f 3686/4881/4476 3676/4880/4475 3677/4882/4477 3687/4883/4478
f 3687/4883/4478 3677/4882/4477 3678/4884/4479 3688/4885/4480
f 3679/4867/4461 3688/4885/4480 3678/4884/4479 3669/4866/4462
f 3689/4886/4481 3669/4866/4462 3678/4884/4479 3698/4895/4482
f 3689/4886/4481 3690/4887/4483 3670/4868/4463 3669/4866/4462
f 3690/4887/4483 3691/4888/4484 3671/4870/4465 3670/4868/4463
f 3691/4888/4484 3692/4889/4485 3672/4872/4467 3671/4870/4465
f 3692/4889/4485 3693/4890/4486 3673/4874/4469 3672/4872/4467
f 3693/4890/4486 3694/4891/4487 3674/4876/4471 3673/4874/4469
f 3694/4970/4487 3695/4892/4488 3675/4878/4473 3674/4972/4471
f 3695/4892/4488 3696/4893/4489 3676/4880/4475 3675/4878/4473
f 3696/4893/4489 3697/4894/4490 3677/4882/4477 3676/4880/4475
f 3697/4894/4490 3698/4895/4482 3678/4884/4479 3677/4882/4477
f 3699/4896/4491 3679/4867/4461 3680/4869/4464 3700/4897/4492
f 3700/4897/4492 3680/4869/4464 3681/4871/4466 3701/4898/4493
f 3701/4898/4493 3681/4871/4466 3682/4873/4468 3702/4899/4494
f 3702/4899/4494 3682/4873/4468 3683/4875/4470 3703/4900/4495
f 3703/4900/4495 3683/4875/4470 3684/4973/4472 3704/4971/4496
f 3704/4901/4496 3684/4877/4472 3685/4879/4474 3705/4902/4497
f 3705/4902/4497 3685/4879/4474 3686/4881/4476 3706/4903/4498
f 3706/4903/4498 3686/4881/4476 3687/4883/4478 3707/4904/4499
f 3707/4904/4499 3687/4883/4478 3688/4885/4480 3708/4905/4500
f 3699/4896/4491 3708/4905/4500 3688/4885/4480 3679/4867/4461
f 3699/4896/4491 3719/4957/4501 3728/4948/4502 3708/4905/4500
f 3689/4886/4481 3709/4967/4503 3710/4966/4504 3690/4887/4483
f 3707/4904/4499 3708/4905/4500 3728/4948/4502 3727/4949/4505
f 3706/4903/4498 3707/4904/4499 3727/4949/4505 3726/4950/4506
f 3705/4902/4497 3706/4903/4498 3726/4950/4506 3725/4951/4507
f 3704/4901/4496 3705/4902/4497 3725/4951/4507 3724/4952/4508
f 3703/4900/4495 3704/4971/4496 3724/4968/4508 3723/4953/4509
f 3702/4899/4494 3703/4900/4495 3723/4953/4509 3722/4954/4510
f 3701/4898/4493 3702/4899/4494 3722/4954/4510 3721/4955/4511
f 3700/4897/4492 3701/4898/4493 3721/4955/4511 3720/4956/4512
f 3699/4896/4491 3700/4897/4492 3720/4956/4512 3719/4957/4501
f 3690/4887/4483 3710/4966/4504 3711/4965/4513 3691/4888/4484
f 3691/4888/4484 3711/4965/4513 3712/4964/4514 3692/4889/4485
f 3692/4889/4485 3712/4964/4514 3713/4963/4515 3693/4890/4486
f 3693/4890/4486 3713/4963/4515 3714/4962/4516 3694/4891/4487
f 3694/4970/4487 3714/4969/4516 3715/4961/4517 3695/4892/4488
f 3695/4892/4488 3715/4961/4517 3716/4960/4518 3696/4893/4489
f 3696/4893/4489 3716/4960/4518 3717/4959/4519 3697/4894/4490
f 3697/4894/4490 3717/4959/4519 3718/4958/4520 3698/4895/4482
f 3689/4886/4481 3698/4895/4482 3718/4958/4520 3709/4967/4503
f 3729/4927/4521 3731/4926/4522 3740/4938/4523
f 3731/4926/4522 3709/4907/4503 3718/4925/4520 3740/4938/4523
f 3719/4906/4501 3741/4928/4524 3750/4947/4525 3728/4908/4502
f 3741/4928/4524 3730/4929/4526 3750/4947/4525
f 3709/4907/4503 3731/4926/4522 3732/4930/4527 3710/4917/4504
f 3731/4926/4522 3729/4927/4521 3732/4930/4527
f 3710/4917/4504 3732/4930/4527 3733/4931/4528 3711/4918/4513
f 3732/4930/4527 3729/4927/4521 3733/4931/4528
f 3711/4918/4513 3733/4931/4528 3734/4932/4529 3712/4919/4514
f 3733/4931/4528 3729/4927/4521 3734/4932/4529
f 3712/4919/4514 3734/4932/4529 3735/4933/4530 3713/4920/4515
f 3734/4932/4529 3729/4927/4521 3735/4933/4530
f 3713/4920/4515 3735/4933/4530 3736/4934/4531 3714/4921/4516
f 3735/4933/4530 3729/4927/4521 3736/4934/4531
f 3714/4921/4516 3736/4934/4531 3737/4935/4532 3715/4922/4517
f 3736/4934/4531 3729/4927/4521 3737/4935/4532
f 3715/4922/4517 3737/4935/4532 3738/4936/4533 3716/4923/4518
f 3737/4935/4532 3729/4927/4521 3738/4936/4533
f 3716/4923/4518 3738/4936/4533 3739/4937/4534 3717/4924/4519
f 3738/4936/4533 3729/4927/4521 3739/4937/4534
f 3717/4924/4519 3739/4937/4534 3740/4938/4523 3718/4925/4520
f 3739/4937/4534 3729/4927/4521 3740/4938/4523
f 3730/4929/4526 3741/4928/4524 3742/4939/4535
f 3741/4928/4524 3719/4906/4501 3720/4916/4512 3742/4939/4535
f 3730/4929/4526 3742/4939/4535 3743/4940/4536
f 3742/4939/4535 3720/4916/4512 3721/4915/4511 3743/4940/4536
f 3730/4929/4526 3743/4940/4536 3744/4941/4537
f 3743/4940/4536 3721/4915/4511 3722/4914/4510 3744/4941/4537
f 3730/4929/4526 3744/4941/4537 3745/4942/4538
f 3744/4941/4537 3722/4914/4510 3723/4913/4509 3745/4942/4538
f 3730/4929/4526 3745/4942/4538 3746/4943/4539
f 3745/4942/4538 3723/4913/4509 3724/4912/4508 3746/4943/4539
f 3730/4929/4526 3746/4943/4539 3747/4944/4540
f 3746/4943/4539 3724/4912/4508 3725/4911/4507 3747/4944/4540
f 3730/4929/4526 3747/4944/4540 3748/4945/4541
f 3747/4944/4540 3725/4911/4507 3726/4910/4506 3748/4945/4541
f 3730/4929/4526 3748/4945/4541 3749/4946/4542
f 3748/4945/4541 3726/4910/4506 3727/4909/4505 3749/4946/4542
f 3730/4929/4526 3749/4946/4542 3750/4947/4525
f 3749/4946/4542 3727/4909/4505 3728/4908/4502 3750/4947/4525
g default
v 196.821303 98.602892 170.325317
v 195.628766 98.602892 165.959438
v 192.097767 98.602892 163.128255
v 187.577045 98.602892 162.913311
v 183.793299 98.602892 165.396618
v 182.191856 98.602892 169.629678
v 183.384392 98.602892 173.995564
v 186.915407 98.602892 176.826735
v 191.436165 98.602892 177.041729
v 195.219912 98.602892 174.558422
v 196.821303 125.094904 170.325317
v 195.628766 125.094904 165.959438
v 192.097767 125.094904 163.128255
v 187.577045 125.094904 162.913311
v 183.793299 125.094904 165.396618
v 182.191856 125.094904 169.629678
v 183.384392 125.094904 173.995564
v 186.915407 125.094904 176.826735
v 191.436165 125.094904 177.041729
v 195.219912 125.094904 174.558422
v 196.220109 96.457254 170.296762
v 195.125588 96.457254 166.289701
v 191.884776 96.457254 163.691245
v 187.735603 96.457254 163.493955
v 184.262898 96.457254 165.773157
v 182.793066 96.457254 169.658220
v 183.887609 96.457254 173.665345
v 187.128397 96.457254 176.263751
v 191.277543 96.457254 176.461045
v 194.750261 96.457254 174.181846
v 196.220109 127.240519 170.296762
v 195.125588 127.240519 166.289701
v 191.884776 127.240519 163.691245
v 187.735603 127.240519 163.493955
v 184.262898 127.240519 165.773157
v 182.793066 127.240519 169.658220
v 183.887609 127.240519 173.665345
v 187.128397 127.240519 176.263751
v 191.277543 127.240519 176.461045
v 194.750261 127.240519 174.181846
v 195.618812 96.457254 170.268123
v 194.622329 96.457254 166.619938
v 191.671787 96.457254 164.254221
v 187.894217 96.457254 164.074577
v 184.732498 96.457254 166.149687
v 183.394349 96.457254 169.686864
v 184.390816 96.457254 173.335063
v 187.341358 96.457254 175.700787
v 191.118958 96.457254 175.880405
v 194.280662 96.457254 173.805308
v 195.618812 127.240519 170.268123
v 194.622329 127.240519 166.619938
v 191.671787 127.240519 164.254221
v 187.894217 127.240519 164.074577
v 184.732498 127.240519 166.149687
v 183.394349 127.240519 169.686864
v 184.390816 127.240519 173.335063
v 187.341358 127.240519 175.700787
v 191.118958 127.240519 175.880405
v 194.280662 127.240519 173.805308
v 189.506594 97.223696 169.977492
v 189.506594 126.474085 169.977492
v 195.488324 96.974428 170.261936
v 194.513094 96.974428 166.691605
v 191.625563 96.974428 164.376436
v 187.928642 96.974428 164.200627
v 184.834452 96.974428 166.231422
v 183.524850 96.974428 169.693053
v 184.500079 96.974428 173.263384
v 187.387597 96.974428 175.578559
v 191.084532 96.974428 175.754362
v 194.178709 96.974428 173.723572
v 195.488324 126.723352 170.261936
v 194.513094 126.723352 166.691605
v 191.625563 126.723352 164.376436
v 187.928642 126.723352 164.200627
v 184.834452 126.723352 166.231422
v 183.524850 126.723352 169.693053
v 184.500079 126.723352 173.263384
v 187.387597 126.723352 175.578559
v 191.084532 126.723352 175.754362
v 194.178709 126.723352 173.723572
vt 0.221994 0.496632
vt 0.163036 0.496632
vt 0.221994 0.508154
vt 0.163036 0.508154
vt 0.221994 0.519653
vt 0.163036 0.519653
vt 0.221994 0.531095
vt 0.163036 0.531095
vt 0.221994 0.542350
vt 0.163036 0.542350
vt 0.221994 0.553614
vt 0.163036 0.439760
vt 0.221994 0.450931
vt 0.163036 0.450931
vt 0.221994 0.462187
vt 0.163036 0.462187
vt 0.221994 0.473630
vt 0.163036 0.473630
vt 0.221994 0.485134
vt 0.163036 0.485134
vt 0.226862 0.496632
vt 0.226862 0.508154
vt 0.226862 0.519653
vt 0.226862 0.531095
vt 0.226862 0.542350
vt 0.226862 0.553614
vt 0.226862 0.450931
vt 0.226862 0.462187
vt 0.226862 0.473630
vt 0.226862 0.485134
vt 0.158126 0.496632
vt 0.158126 0.508154
vt 0.158126 0.519653
vt 0.158126 0.531095
vt 0.158126 0.542350
vt 0.158126 0.439760
vt 0.158126 0.450931
vt 0.158126 0.462187
vt 0.158126 0.473630
vt 0.158126 0.485134
vt 0.258188 0.076279
vt 0.407045 0.271537
vt 0.264295 0.067875
vt 0.264297 0.057486
vt 0.258191 0.049080
vt 0.248311 0.045869
vt 0.238431 0.049078
vt 0.232323 0.057482
vt 0.232321 0.067871
vt 0.238427 0.076276
vt 0.248307 0.079488
vt 0.403834 0.261657
vt 0.395429 0.255551
vt 0.385040 0.255552
vt 0.376635 0.261659
vt 0.373426 0.271540
vt 0.376637 0.281420
vt 0.385043 0.287526
vt 0.395432 0.287525
vt 0.403836 0.281418
vt 0.405874 0.271530
vt 0.390236 0.271539
vt 0.257505 0.075327
vt 0.248309 0.062678
vt 0.402882 0.262340
vt 0.395060 0.256663
vt 0.385395 0.256669
vt 0.377579 0.262354
vt 0.374598 0.271547
vt 0.377589 0.280737
vt 0.385411 0.286414
vt 0.395076 0.286409
vt 0.402892 0.280723
vt 0.248314 0.078316
vt 0.239121 0.075333
vt 0.233438 0.067515
vt 0.233435 0.057851
vt 0.239113 0.050030
vt 0.248304 0.047040
vt 0.257497 0.050024
vt 0.263180 0.057841
vt 0.263183 0.067506
vt 0.156730 0.485134
vt 0.156730 0.473630
vt 0.156730 0.462188
vt 0.156730 0.450931
vt 0.156730 0.441473
vt 0.156730 0.542350
vt 0.156730 0.531095
vt 0.156730 0.519653
vt 0.156730 0.508154
vt 0.156730 0.496631
vt 0.228265 0.485134
vt 0.228265 0.473630
vt 0.228265 0.462187
vt 0.228265 0.450931
vt 0.228265 0.552014
vt 0.228265 0.542350
vt 0.228265 0.531095
vt 0.228265 0.519653
vt 0.228265 0.508154
vt 0.228265 0.496631
vt 0.156730 0.551378
vt 0.228265 0.442086
vt 0.226862 0.439760
vt 0.158126 0.553614
vt 0.221994 0.439760
vt 0.163036 0.553614
vn 0.998687 0.019211 0.047484
vn 0.998687 -0.019211 0.047485
vn 0.835869 -0.019211 -0.548593
vn 0.835869 0.019211 -0.548593
vn 0.353779 -0.019212 -0.935132
vn 0.353779 0.019212 -0.935132
vn -0.263448 -0.019211 -0.964482
vn -0.263448 0.019211 -0.964482
vn -0.780039 -0.019211 -0.625436
vn -0.780039 0.019211 -0.625436
vn -0.998687 -0.019211 -0.047490
vn -0.998687 0.019211 -0.047490
vn -0.835868 -0.019211 0.548594
vn -0.835868 0.019211 0.548594
vn -0.353781 -0.019211 0.935131
vn -0.353781 0.019211 0.935131
vn 0.263442 -0.019213 0.964484
vn 0.263442 0.019213 0.964484
vn 0.780044 -0.019212 0.625430
vn 0.780044 0.019212 0.625430
vn 0.902133 -0.429320 0.042901
vn 0.704621 -0.429332 0.564963
vn 0.755058 -0.429315 -0.495556
vn 0.319574 -0.429317 -0.844725
vn -0.237981 -0.429315 -0.871237
vn -0.704626 -0.429314 -0.564970
vn -0.902135 -0.429316 -0.042902
vn -0.755056 -0.429313 0.495561
vn -0.319574 -0.429317 0.844725
vn 0.237973 -0.429329 0.871232
vn 0.902131 0.429324 0.042900
vn 0.755058 0.429318 -0.495554
vn 0.319574 0.429320 -0.844723
vn -0.237982 0.429318 -0.871235
vn -0.704626 0.429317 -0.564968
vn -0.902134 0.429318 -0.042902
vn -0.755055 0.429316 0.495559
vn -0.319573 0.429320 0.844723
vn 0.237974 0.429332 0.871230
vn 0.704619 0.429336 0.564963
vn -0.483260 0.875176 -0.022977
vn -0.377465 0.875172 -0.302645
vn -0.483271 -0.875169 -0.022977
vn -0.404488 -0.875167 0.265466
vn -0.127488 0.875167 -0.466723
vn 0.171194 0.875169 -0.452518
vn 0.404484 0.875171 -0.265459
vn 0.483268 0.875171 0.022978
vn 0.377463 0.875172 0.302647
vn 0.127483 0.875167 0.466723
vn -0.171186 0.875166 0.452527
vn -0.404474 0.875173 0.265467
vn -0.171198 -0.875162 0.452529
vn 0.127486 -0.875163 0.466729
vn 0.377475 -0.875166 0.302651
vn 0.483274 -0.875168 0.022977
vn 0.404488 -0.875168 -0.265462
vn 0.171199 -0.875166 -0.452522
vn -0.127483 -0.875164 -0.466729
vn -0.377468 -0.875169 -0.302649
vn 0.000000 -1.000000 0.000000
vn -0.247348 -0.968855 -0.011763
vn -0.193195 -0.968855 -0.154904
vn -0.247345 0.968856 -0.011763
vn -0.193194 0.968856 -0.154902
vn -0.000000 1.000000 0.000000
vn -0.207022 -0.968855 0.135875
vn -0.087623 -0.968855 0.231608
vn 0.065248 -0.968855 0.238878
vn 0.193196 -0.968855 0.154904
vn 0.247346 -0.968856 0.011763
vn 0.207020 -0.968856 -0.135874
vn 0.087620 -0.968855 -0.231609
vn -0.065248 -0.968855 -0.238878
vn -0.207023 0.968855 0.135873
vn -0.087622 0.968856 0.231606
vn 0.065250 0.968856 0.238875
vn 0.193193 0.968856 0.154902
vn 0.247345 0.968856 0.011763
vn 0.207019 0.968856 -0.135873
vn 0.087620 0.968856 -0.231606
vn -0.065249 0.968856 -0.238875
s 1
g S_U_14 group1 Cans_Atonofcans Can_Beast_23
usemtl S_P29_01_aiStandardSurface5SG
f 3761/4975/4543 3751/4974/4544 3752/4976/4545 3762/4977/4546
f 3762/4977/4546 3752/4976/4545 3753/4978/4547 3763/4979/4548
f 3763/4979/4548 3753/4978/4547 3754/4980/4549 3764/4981/4550
f 3764/4981/4550 3754/4980/4549 3755/4982/4551 3765/4983/4552
f 3765/4983/4552 3755/4982/4551 3756/4984/4553 3766/5081/4554
f 3766/4985/4554 3756/5080/4553 3757/4986/4555 3767/4987/4556
f 3767/4987/4556 3757/4986/4555 3758/4988/4557 3768/4989/4558
f 3768/4989/4558 3758/4988/4557 3759/4990/4559 3769/4991/4560
f 3769/4991/4560 3759/4990/4559 3760/4992/4561 3770/4993/4562
f 3761/4975/4543 3770/4993/4562 3760/4992/4561 3751/4974/4544
f 3771/4994/4563 3751/4974/4544 3760/4992/4561 3780/5003/4564
f 3771/4994/4563 3772/4995/4565 3752/4976/4545 3751/4974/4544
f 3772/4995/4565 3773/4996/4566 3753/4978/4547 3752/4976/4545
f 3773/4996/4566 3774/4997/4567 3754/4980/4549 3753/4978/4547
f 3774/4997/4567 3775/4998/4568 3755/4982/4551 3754/4980/4549
f 3775/4998/4568 3776/4999/4569 3756/4984/4553 3755/4982/4551
f 3776/5078/4569 3777/5000/4570 3757/4986/4555 3756/5080/4553
f 3777/5000/4570 3778/5001/4571 3758/4988/4557 3757/4986/4555
f 3778/5001/4571 3779/5002/4572 3759/4990/4559 3758/4988/4557
f 3779/5002/4572 3780/5003/4564 3760/4992/4561 3759/4990/4559
f 3781/5004/4573 3761/4975/4543 3762/4977/4546 3782/5005/4574
f 3782/5005/4574 3762/4977/4546 3763/4979/4548 3783/5006/4575
f 3783/5006/4575 3763/4979/4548 3764/4981/4550 3784/5007/4576
f 3784/5007/4576 3764/4981/4550 3765/4983/4552 3785/5008/4577
f 3785/5008/4577 3765/4983/4552 3766/5081/4554 3786/5079/4578
f 3786/5009/4578 3766/4985/4554 3767/4987/4556 3787/5010/4579
f 3787/5010/4579 3767/4987/4556 3768/4989/4558 3788/5011/4580
f 3788/5011/4580 3768/4989/4558 3769/4991/4560 3789/5012/4581
f 3789/5012/4581 3769/4991/4560 3770/4993/4562 3790/5013/4582
f 3781/5004/4573 3790/5013/4582 3770/4993/4562 3761/4975/4543
f 3781/5004/4573 3801/5065/4583 3810/5056/4584 3790/5013/4582
f 3771/4994/4563 3791/5075/4585 3792/5074/4586 3772/4995/4565
f 3789/5012/4581 3790/5013/4582 3810/5056/4584 3809/5057/4587
f 3788/5011/4580 3789/5012/4581 3809/5057/4587 3808/5058/4588
f 3787/5010/4579 3788/5011/4580 3808/5058/4588 3807/5059/4589
f 3786/5009/4578 3787/5010/4579 3807/5059/4589 3806/5060/4590
f 3785/5008/4577 3786/5079/4578 3806/5076/4590 3805/5061/4591
f 3784/5007/4576 3785/5008/4577 3805/5061/4591 3804/5062/4592
f 3783/5006/4575 3784/5007/4576 3804/5062/4592 3803/5063/4593
f 3782/5005/4574 3783/5006/4575 3803/5063/4593 3802/5064/4594
f 3781/5004/4573 3782/5005/4574 3802/5064/4594 3801/5065/4583
f 3772/4995/4565 3792/5074/4586 3793/5073/4595 3773/4996/4566
f 3773/4996/4566 3793/5073/4595 3794/5072/4596 3774/4997/4567
f 3774/4997/4567 3794/5072/4596 3795/5071/4597 3775/4998/4568
f 3775/4998/4568 3795/5071/4597 3796/5070/4598 3776/4999/4569
f 3776/5078/4569 3796/5077/4598 3797/5069/4599 3777/5000/4570
f 3777/5000/4570 3797/5069/4599 3798/5068/4600 3778/5001/4571
f 3778/5001/4571 3798/5068/4600 3799/5067/4601 3779/5002/4572
f 3779/5002/4572 3799/5067/4601 3800/5066/4602 3780/5003/4564
f 3771/4994/4563 3780/5003/4564 3800/5066/4602 3791/5075/4585
f 3811/5035/4603 3813/5034/4604 3822/5046/4605
f 3813/5034/4604 3791/5015/4585 3800/5033/4602 3822/5046/4605
f 3801/5014/4583 3823/5036/4606 3832/5055/4607 3810/5016/4584
f 3823/5036/4606 3812/5037/4608 3832/5055/4607
f 3791/5015/4585 3813/5034/4604 3814/5038/4609 3792/5025/4586
f 3813/5034/4604 3811/5035/4603 3814/5038/4609
f 3792/5025/4586 3814/5038/4609 3815/5039/4610 3793/5026/4595
f 3814/5038/4609 3811/5035/4603 3815/5039/4610
f 3793/5026/4595 3815/5039/4610 3816/5040/4611 3794/5027/4596
f 3815/5039/4610 3811/5035/4603 3816/5040/4611
f 3794/5027/4596 3816/5040/4611 3817/5041/4612 3795/5028/4597
f 3816/5040/4611 3811/5035/4603 3817/5041/4612
f 3795/5028/4597 3817/5041/4612 3818/5042/4613 3796/5029/4598
f 3817/5041/4612 3811/5035/4603 3818/5042/4613
f 3796/5029/4598 3818/5042/4613 3819/5043/4614 3797/5030/4599
f 3818/5042/4613 3811/5035/4603 3819/5043/4614
f 3797/5030/4599 3819/5043/4614 3820/5044/4615 3798/5031/4600
f 3819/5043/4614 3811/5035/4603 3820/5044/4615
f 3798/5031/4600 3820/5044/4615 3821/5045/4616 3799/5032/4601
f 3820/5044/4615 3811/5035/4603 3821/5045/4616
f 3799/5032/4601 3821/5045/4616 3822/5046/4605 3800/5033/4602
f 3821/5045/4616 3811/5035/4603 3822/5046/4605
f 3812/5037/4608 3823/5036/4606 3824/5047/4617
f 3823/5036/4606 3801/5014/4583 3802/5024/4594 3824/5047/4617
f 3812/5037/4608 3824/5047/4617 3825/5048/4618
f 3824/5047/4617 3802/5024/4594 3803/5023/4593 3825/5048/4618
f 3812/5037/4608 3825/5048/4618 3826/5049/4619
f 3825/5048/4618 3803/5023/4593 3804/5022/4592 3826/5049/4619
f 3812/5037/4608 3826/5049/4619 3827/5050/4620
f 3826/5049/4619 3804/5022/4592 3805/5021/4591 3827/5050/4620
f 3812/5037/4608 3827/5050/4620 3828/5051/4621
f 3827/5050/4620 3805/5021/4591 3806/5020/4590 3828/5051/4621
f 3812/5037/4608 3828/5051/4621 3829/5052/4622
f 3828/5051/4621 3806/5020/4590 3807/5019/4589 3829/5052/4622
f 3812/5037/4608 3829/5052/4622 3830/5053/4623
f 3829/5052/4622 3807/5019/4589 3808/5018/4588 3830/5053/4623
f 3812/5037/4608 3830/5053/4623 3831/5054/4624
f 3830/5053/4623 3808/5018/4588 3809/5017/4587 3831/5054/4624
f 3812/5037/4608 3831/5054/4624 3832/5055/4607
f 3831/5054/4624 3809/5017/4587 3810/5016/4584 3832/5055/4607
g default
v 176.900272 98.602892 170.325317
v 175.707735 98.602892 165.959438
v 172.176736 98.602892 163.128255
v 167.656015 98.602892 162.913311
v 163.872268 98.602892 165.396618
v 162.270826 98.602892 169.629678
v 163.463362 98.602892 173.995564
v 166.994376 98.602892 176.826735
v 171.515135 98.602892 177.041729
v 175.298881 98.602892 174.558422
v 176.900272 125.094904 170.325317
v 175.707735 125.094904 165.959438
v 172.176736 125.094904 163.128255
v 167.656015 125.094904 162.913311
v 163.872268 125.094904 165.396618
v 162.270826 125.094904 169.629678
v 163.463362 125.094904 173.995564
v 166.994376 125.094904 176.826735
v 171.515135 125.094904 177.041729
v 175.298881 125.094904 174.558422
v 176.299079 96.457254 170.296762
v 175.204557 96.457254 166.289701
v 171.963745 96.457254 163.691245
v 167.814572 96.457254 163.493955
v 164.341867 96.457254 165.773157
v 162.872035 96.457254 169.658220
v 163.966578 96.457254 173.665345
v 167.207366 96.457254 176.263751
v 171.356512 96.457254 176.461045
v 174.829230 96.457254 174.181846
v 176.299079 127.240519 170.296762
v 175.204557 127.240519 166.289701
v 171.963745 127.240519 163.691245
v 167.814572 127.240519 163.493955
v 164.341867 127.240519 165.773157
v 162.872035 127.240519 169.658220
v 163.966578 127.240519 173.665345
v 167.207366 127.240519 176.263751
v 171.356512 127.240519 176.461045
v 174.829230 127.240519 174.181846
v 175.697782 96.457254 170.268123
v 174.701298 96.457254 166.619938
v 171.750756 96.457254 164.254221
v 167.973186 96.457254 164.074577
v 164.811468 96.457254 166.149687
v 163.473318 96.457254 169.686864
v 164.469786 96.457254 173.335063
v 167.420327 96.457254 175.700787
v 171.197927 96.457254 175.880405
v 174.359631 96.457254 173.805308
v 175.697782 127.240519 170.268123
v 174.701298 127.240519 166.619938
v 171.750756 127.240519 164.254221
v 167.973186 127.240519 164.074577
v 164.811468 127.240519 166.149687
v 163.473318 127.240519 169.686864
v 164.469786 127.240519 173.335063
v 167.420327 127.240519 175.700787
v 171.197927 127.240519 175.880405
v 174.359631 127.240519 173.805308
v 169.585563 97.223696 169.977492
v 169.585563 126.474085 169.977492
v 175.567293 96.974428 170.261936
v 174.592064 96.974428 166.691605
v 171.704532 96.974428 164.376436
v 168.007611 96.974428 164.200627
v 164.913421 96.974428 166.231422
v 163.603819 96.974428 169.693053
v 164.579049 96.974428 173.263384
v 167.466567 96.974428 175.578559
v 171.163501 96.974428 175.754362
v 174.257678 96.974428 173.723572
v 175.567293 126.723352 170.261936
v 174.592064 126.723352 166.691605
v 171.704532 126.723352 164.376436
v 168.007611 126.723352 164.200627
v 164.913421 126.723352 166.231422
v 163.603819 126.723352 169.693053
v 164.579049 126.723352 173.263384
v 167.466567 126.723352 175.578559
v 171.163501 126.723352 175.754362
v 174.257678 126.723352 173.723572
vt 0.221994 0.496632
vt 0.163036 0.496632
vt 0.221994 0.508154
vt 0.163036 0.508154
vt 0.221994 0.519653
vt 0.163036 0.519653
vt 0.221994 0.531095
vt 0.163036 0.531095
vt 0.221994 0.542350
vt 0.163036 0.542350
vt 0.221994 0.553614
vt 0.163036 0.439760
vt 0.221994 0.450931
vt 0.163036 0.450931
vt 0.221994 0.462187
vt 0.163036 0.462187
vt 0.221994 0.473630
vt 0.163036 0.473630
vt 0.221994 0.485134
vt 0.163036 0.485134
vt 0.226862 0.496632
vt 0.226862 0.508154
vt 0.226862 0.519653
vt 0.226862 0.531095
vt 0.226862 0.542350
vt 0.226862 0.553614
vt 0.226862 0.450931
vt 0.226862 0.462187
vt 0.226862 0.473630
vt 0.226862 0.485134
vt 0.158126 0.496632
vt 0.158126 0.508154
vt 0.158126 0.519653
vt 0.158126 0.531095
vt 0.158126 0.542350
vt 0.158126 0.439760
vt 0.158126 0.450931
vt 0.158126 0.462187
vt 0.158126 0.473630
vt 0.158126 0.485134
vt 0.258188 0.076279
vt 0.407045 0.271537
vt 0.264295 0.067875
vt 0.264297 0.057486
vt 0.258191 0.049080
vt 0.248311 0.045869
vt 0.238431 0.049078
vt 0.232323 0.057482
vt 0.232321 0.067871
vt 0.238427 0.076276
vt 0.248307 0.079488
vt 0.403834 0.261657
vt 0.395429 0.255551
vt 0.385040 0.255552
vt 0.376635 0.261659
vt 0.373426 0.271540
vt 0.376637 0.281420
vt 0.385043 0.287526
vt 0.395432 0.287525
vt 0.403836 0.281418
vt 0.405874 0.271530
vt 0.390236 0.271539
vt 0.257505 0.075327
vt 0.248309 0.062678
vt 0.402882 0.262340
vt 0.395060 0.256663
vt 0.385395 0.256669
vt 0.377579 0.262354
vt 0.374598 0.271547
vt 0.377589 0.280737
vt 0.385411 0.286414
vt 0.395076 0.286409
vt 0.402892 0.280723
vt 0.248314 0.078316
vt 0.239121 0.075333
vt 0.233438 0.067515
vt 0.233435 0.057851
vt 0.239113 0.050030
vt 0.248304 0.047040
vt 0.257497 0.050024
vt 0.263180 0.057841
vt 0.263183 0.067506
vt 0.156730 0.485134
vt 0.156730 0.473630
vt 0.156730 0.462188
vt 0.156730 0.450931
vt 0.156730 0.441473
vt 0.156730 0.542350
vt 0.156730 0.531095
vt 0.156730 0.519653
vt 0.156730 0.508154
vt 0.156730 0.496631
vt 0.228265 0.485134
vt 0.228265 0.473630
vt 0.228265 0.462187
vt 0.228265 0.450931
vt 0.228265 0.552014
vt 0.228265 0.542350
vt 0.228265 0.531095
vt 0.228265 0.519653
vt 0.228265 0.508154
vt 0.228265 0.496631
vt 0.156730 0.551378
vt 0.228265 0.442086
vt 0.226862 0.439760
vt 0.158126 0.553614
vt 0.221994 0.439760
vt 0.163036 0.553614
vn 0.998687 0.019211 0.047484
vn 0.998687 -0.019211 0.047485
vn 0.835869 -0.019211 -0.548593
vn 0.835869 0.019211 -0.548593
vn 0.353779 -0.019212 -0.935132
vn 0.353779 0.019212 -0.935132
vn -0.263448 -0.019211 -0.964482
vn -0.263448 0.019211 -0.964482
vn -0.780039 -0.019211 -0.625436
vn -0.780039 0.019211 -0.625436
vn -0.998687 -0.019211 -0.047490
vn -0.998687 0.019211 -0.047490
vn -0.835868 -0.019211 0.548594
vn -0.835868 0.019211 0.548594
vn -0.353781 -0.019211 0.935131
vn -0.353781 0.019211 0.935131
vn 0.263442 -0.019213 0.964484
vn 0.263442 0.019213 0.964484
vn 0.780044 -0.019212 0.625430
vn 0.780044 0.019212 0.625430
vn 0.902133 -0.429320 0.042901
vn 0.704621 -0.429332 0.564963
vn 0.755058 -0.429315 -0.495556
vn 0.319574 -0.429317 -0.844725
vn -0.237981 -0.429315 -0.871237
vn -0.704626 -0.429314 -0.564970
vn -0.902135 -0.429316 -0.042902
vn -0.755056 -0.429313 0.495561
vn -0.319574 -0.429317 0.844725
vn 0.237973 -0.429329 0.871232
vn 0.902131 0.429324 0.042900
vn 0.755058 0.429318 -0.495554
vn 0.319574 0.429320 -0.844723
vn -0.237982 0.429318 -0.871235
vn -0.704626 0.429317 -0.564968
vn -0.902134 0.429318 -0.042902
vn -0.755055 0.429316 0.495559
vn -0.319573 0.429320 0.844723
vn 0.237974 0.429332 0.871230
vn 0.704619 0.429336 0.564963
vn -0.483260 0.875176 -0.022977
vn -0.377465 0.875172 -0.302645
vn -0.483271 -0.875169 -0.022977
vn -0.404488 -0.875167 0.265466
vn -0.127488 0.875167 -0.466723
vn 0.171194 0.875169 -0.452518
vn 0.404484 0.875171 -0.265459
vn 0.483268 0.875171 0.022978
vn 0.377463 0.875172 0.302647
vn 0.127483 0.875167 0.466723
vn -0.171186 0.875166 0.452527
vn -0.404474 0.875173 0.265467
vn -0.171198 -0.875162 0.452529
vn 0.127486 -0.875163 0.466729
vn 0.377475 -0.875166 0.302651
vn 0.483274 -0.875168 0.022977
vn 0.404488 -0.875168 -0.265462
vn 0.171199 -0.875166 -0.452522
vn -0.127483 -0.875164 -0.466729
vn -0.377468 -0.875169 -0.302649
vn 0.000000 -1.000000 0.000000
vn -0.247348 -0.968855 -0.011763
vn -0.193195 -0.968855 -0.154904
vn -0.247345 0.968856 -0.011763
vn -0.193194 0.968856 -0.154902
vn -0.000000 1.000000 0.000000
vn -0.207022 -0.968855 0.135875
vn -0.087623 -0.968855 0.231608
vn 0.065248 -0.968855 0.238878
vn 0.193196 -0.968855 0.154904
vn 0.247346 -0.968856 0.011763
vn 0.207020 -0.968856 -0.135874
vn 0.087620 -0.968855 -0.231609
vn -0.065248 -0.968855 -0.238878
vn -0.207023 0.968855 0.135873
vn -0.087622 0.968856 0.231606
vn 0.065250 0.968856 0.238875
vn 0.193193 0.968856 0.154902
vn 0.247345 0.968856 0.011763
vn 0.207019 0.968856 -0.135873
vn 0.087620 0.968856 -0.231606
vn -0.065249 0.968856 -0.238875
s 1
g S_U_14 group1 Cans_Atonofcans Can_Beast_24
usemtl S_P29_01_aiStandardSurface5SG
f 3843/5083/4625 3833/5082/4626 3834/5084/4627 3844/5085/4628
f 3844/5085/4628 3834/5084/4627 3835/5086/4629 3845/5087/4630
f 3845/5087/4630 3835/5086/4629 3836/5088/4631 3846/5089/4632
f 3846/5089/4632 3836/5088/4631 3837/5090/4633 3847/5091/4634
f 3847/5091/4634 3837/5090/4633 3838/5092/4635 3848/5189/4636
f 3848/5093/4636 3838/5188/4635 3839/5094/4637 3849/5095/4638
f 3849/5095/4638 3839/5094/4637 3840/5096/4639 3850/5097/4640
f 3850/5097/4640 3840/5096/4639 3841/5098/4641 3851/5099/4642
f 3851/5099/4642 3841/5098/4641 3842/5100/4643 3852/5101/4644
f 3843/5083/4625 3852/5101/4644 3842/5100/4643 3833/5082/4626
f 3853/5102/4645 3833/5082/4626 3842/5100/4643 3862/5111/4646
f 3853/5102/4645 3854/5103/4647 3834/5084/4627 3833/5082/4626
f 3854/5103/4647 3855/5104/4648 3835/5086/4629 3834/5084/4627
f 3855/5104/4648 3856/5105/4649 3836/5088/4631 3835/5086/4629
f 3856/5105/4649 3857/5106/4650 3837/5090/4633 3836/5088/4631
f 3857/5106/4650 3858/5107/4651 3838/5092/4635 3837/5090/4633
f 3858/5186/4651 3859/5108/4652 3839/5094/4637 3838/5188/4635
f 3859/5108/4652 3860/5109/4653 3840/5096/4639 3839/5094/4637
f 3860/5109/4653 3861/5110/4654 3841/5098/4641 3840/5096/4639
f 3861/5110/4654 3862/5111/4646 3842/5100/4643 3841/5098/4641
f 3863/5112/4655 3843/5083/4625 3844/5085/4628 3864/5113/4656
f 3864/5113/4656 3844/5085/4628 3845/5087/4630 3865/5114/4657
f 3865/5114/4657 3845/5087/4630 3846/5089/4632 3866/5115/4658
f 3866/5115/4658 3846/5089/4632 3847/5091/4634 3867/5116/4659
f 3867/5116/4659 3847/5091/4634 3848/5189/4636 3868/5187/4660
f 3868/5117/4660 3848/5093/4636 3849/5095/4638 3869/5118/4661
f 3869/5118/4661 3849/5095/4638 3850/5097/4640 3870/5119/4662
f 3870/5119/4662 3850/5097/4640 3851/5099/4642 3871/5120/4663
f 3871/5120/4663 3851/5099/4642 3852/5101/4644 3872/5121/4664
f 3863/5112/4655 3872/5121/4664 3852/5101/4644 3843/5083/4625
f 3863/5112/4655 3883/5173/4665 3892/5164/4666 3872/5121/4664
f 3853/5102/4645 3873/5183/4667 3874/5182/4668 3854/5103/4647
f 3871/5120/4663 3872/5121/4664 3892/5164/4666 3891/5165/4669
f 3870/5119/4662 3871/5120/4663 3891/5165/4669 3890/5166/4670
f 3869/5118/4661 3870/5119/4662 3890/5166/4670 3889/5167/4671
f 3868/5117/4660 3869/5118/4661 3889/5167/4671 3888/5168/4672
f 3867/5116/4659 3868/5187/4660 3888/5184/4672 3887/5169/4673
f 3866/5115/4658 3867/5116/4659 3887/5169/4673 3886/5170/4674
f 3865/5114/4657 3866/5115/4658 3886/5170/4674 3885/5171/4675
f 3864/5113/4656 3865/5114/4657 3885/5171/4675 3884/5172/4676
f 3863/5112/4655 3864/5113/4656 3884/5172/4676 3883/5173/4665
f 3854/5103/4647 3874/5182/4668 3875/5181/4677 3855/5104/4648
f 3855/5104/4648 3875/5181/4677 3876/5180/4678 3856/5105/4649
f 3856/5105/4649 3876/5180/4678 3877/5179/4679 3857/5106/4650
f 3857/5106/4650 3877/5179/4679 3878/5178/4680 3858/5107/4651
f 3858/5186/4651 3878/5185/4680 3879/5177/4681 3859/5108/4652
f 3859/5108/4652 3879/5177/4681 3880/5176/4682 3860/5109/4653
f 3860/5109/4653 3880/5176/4682 3881/5175/4683 3861/5110/4654
f 3861/5110/4654 3881/5175/4683 3882/5174/4684 3862/5111/4646
f 3853/5102/4645 3862/5111/4646 3882/5174/4684 3873/5183/4667
f 3893/5143/4685 3895/5142/4686 3904/5154/4687
f 3895/5142/4686 3873/5123/4667 3882/5141/4684 3904/5154/4687
f 3883/5122/4665 3905/5144/4688 3914/5163/4689 3892/5124/4666
f 3905/5144/4688 3894/5145/4690 3914/5163/4689
f 3873/5123/4667 3895/5142/4686 3896/5146/4691 3874/5133/4668
f 3895/5142/4686 3893/5143/4685 3896/5146/4691
f 3874/5133/4668 3896/5146/4691 3897/5147/4692 3875/5134/4677
f 3896/5146/4691 3893/5143/4685 3897/5147/4692
f 3875/5134/4677 3897/5147/4692 3898/5148/4693 3876/5135/4678
f 3897/5147/4692 3893/5143/4685 3898/5148/4693
f 3876/5135/4678 3898/5148/4693 3899/5149/4694 3877/5136/4679
f 3898/5148/4693 3893/5143/4685 3899/5149/4694
f 3877/5136/4679 3899/5149/4694 3900/5150/4695 3878/5137/4680
f 3899/5149/4694 3893/5143/4685 3900/5150/4695
f 3878/5137/4680 3900/5150/4695 3901/5151/4696 3879/5138/4681
f 3900/5150/4695 3893/5143/4685 3901/5151/4696
f 3879/5138/4681 3901/5151/4696 3902/5152/4697 3880/5139/4682
f 3901/5151/4696 3893/5143/4685 3902/5152/4697
f 3880/5139/4682 3902/5152/4697 3903/5153/4698 3881/5140/4683
f 3902/5152/4697 3893/5143/4685 3903/5153/4698
f 3881/5140/4683 3903/5153/4698 3904/5154/4687 3882/5141/4684
f 3903/5153/4698 3893/5143/4685 3904/5154/4687
f 3894/5145/4690 3905/5144/4688 3906/5155/4699
f 3905/5144/4688 3883/5122/4665 3884/5132/4676 3906/5155/4699
f 3894/5145/4690 3906/5155/4699 3907/5156/4700
f 3906/5155/4699 3884/5132/4676 3885/5131/4675 3907/5156/4700
f 3894/5145/4690 3907/5156/4700 3908/5157/4701
f 3907/5156/4700 3885/5131/4675 3886/5130/4674 3908/5157/4701
f 3894/5145/4690 3908/5157/4701 3909/5158/4702
f 3908/5157/4701 3886/5130/4674 3887/5129/4673 3909/5158/4702
f 3894/5145/4690 3909/5158/4702 3910/5159/4703
f 3909/5158/4702 3887/5129/4673 3888/5128/4672 3910/5159/4703
f 3894/5145/4690 3910/5159/4703 3911/5160/4704
f 3910/5159/4703 3888/5128/4672 3889/5127/4671 3911/5160/4704
f 3894/5145/4690 3911/5160/4704 3912/5161/4705
f 3911/5160/4704 3889/5127/4671 3890/5126/4670 3912/5161/4705
f 3894/5145/4690 3912/5161/4705 3913/5162/4706
f 3912/5161/4705 3890/5126/4670 3891/5125/4669 3913/5162/4706
f 3894/5145/4690 3913/5162/4706 3914/5163/4689
f 3913/5162/4706 3891/5125/4669 3892/5124/4666 3914/5163/4689
g default
v 156.817854 98.602892 170.325317
v 155.625317 98.602892 165.959438
v 152.094318 98.602892 163.128255
v 147.573596 98.602892 162.913311
v 143.789850 98.602892 165.396618
v 142.188407 98.602892 169.629678
v 143.380943 98.602892 173.995564
v 146.911958 98.602892 176.826735
v 151.432716 98.602892 177.041729
v 155.216463 98.602892 174.558422
v 156.817854 125.094904 170.325317
v 155.625317 125.094904 165.959438
v 152.094318 125.094904 163.128255
v 147.573596 125.094904 162.913311
v 143.789850 125.094904 165.396618
v 142.188407 125.094904 169.629678
v 143.380943 125.094904 173.995564
v 146.911958 125.094904 176.826735
v 151.432716 125.094904 177.041729
v 155.216463 125.094904 174.558422
v 156.216660 96.457254 170.296762
v 155.122139 96.457254 166.289701
v 151.881327 96.457254 163.691245
v 147.732154 96.457254 163.493955
v 144.259449 96.457254 165.773157
v 142.789617 96.457254 169.658220
v 143.884160 96.457254 173.665345
v 147.124948 96.457254 176.263751
v 151.274094 96.457254 176.461045
v 154.746812 96.457254 174.181846
v 156.216660 127.240519 170.296762
v 155.122139 127.240519 166.289701
v 151.881327 127.240519 163.691245
v 147.732154 127.240519 163.493955
v 144.259449 127.240519 165.773157
v 142.789617 127.240519 169.658220
v 143.884160 127.240519 173.665345
v 147.124948 127.240519 176.263751
v 151.274094 127.240519 176.461045
v 154.746812 127.240519 174.181846
v 155.615363 96.457254 170.268123
v 154.618880 96.457254 166.619938
v 151.668338 96.457254 164.254221
v 147.890768 96.457254 164.074577
v 144.729049 96.457254 166.149687
v 143.390900 96.457254 169.686864
v 144.387367 96.457254 173.335063
v 147.337909 96.457254 175.700787
v 151.115509 96.457254 175.880405
v 154.277213 96.457254 173.805308
v 155.615363 127.240519 170.268123
v 154.618880 127.240519 166.619938
v 151.668338 127.240519 164.254221
v 147.890768 127.240519 164.074577
v 144.729049 127.240519 166.149687
v 143.390900 127.240519 169.686864
v 144.387367 127.240519 173.335063
v 147.337909 127.240519 175.700787
v 151.115509 127.240519 175.880405
v 154.277213 127.240519 173.805308
v 149.503145 97.223696 169.977492
v 149.503145 126.474085 169.977492
v 155.484875 96.974428 170.261936
v 154.509645 96.974428 166.691605
v 151.622114 96.974428 164.376436
v 147.925193 96.974428 164.200627
v 144.831002 96.974428 166.231422
v 143.521401 96.974428 169.693053
v 144.496630 96.974428 173.263384
v 147.384148 96.974428 175.578559
v 151.081083 96.974428 175.754362
v 154.175260 96.974428 173.723572
v 155.484875 126.723352 170.261936
v 154.509645 126.723352 166.691605
v 151.622114 126.723352 164.376436
v 147.925193 126.723352 164.200627
v 144.831002 126.723352 166.231422
v 143.521401 126.723352 169.693053
v 144.496630 126.723352 173.263384
v 147.384148 126.723352 175.578559
v 151.081083 126.723352 175.754362
v 154.175260 126.723352 173.723572
vt 0.221994 0.496632
vt 0.163036 0.496632
vt 0.221994 0.508154
vt 0.163036 0.508154
vt 0.221994 0.519653
vt 0.163036 0.519653
vt 0.221994 0.531095
vt 0.163036 0.531095
vt 0.221994 0.542350
vt 0.163036 0.542350
vt 0.221994 0.553614
vt 0.163036 0.439760
vt 0.221994 0.450931
vt 0.163036 0.450931
vt 0.221994 0.462187
vt 0.163036 0.462187
vt 0.221994 0.473630
vt 0.163036 0.473630
vt 0.221994 0.485134
vt 0.163036 0.485134
vt 0.226862 0.496632
vt 0.226862 0.508154
vt 0.226862 0.519653
vt 0.226862 0.531095
vt 0.226862 0.542350
vt 0.226862 0.553614
vt 0.226862 0.450931
vt 0.226862 0.462187
vt 0.226862 0.473630
vt 0.226862 0.485134
vt 0.158126 0.496632
vt 0.158126 0.508154
vt 0.158126 0.519653
vt 0.158126 0.531095
vt 0.158126 0.542350
vt 0.158126 0.439760
vt 0.158126 0.450931
vt 0.158126 0.462187
vt 0.158126 0.473630
vt 0.158126 0.485134
vt 0.258188 0.076279
vt 0.407045 0.271537
vt 0.264295 0.067875
vt 0.264297 0.057486
vt 0.258191 0.049080
vt 0.248311 0.045869
vt 0.238431 0.049078
vt 0.232323 0.057482
vt 0.232321 0.067871
vt 0.238427 0.076276
vt 0.248307 0.079488
vt 0.403834 0.261657
vt 0.395429 0.255551
vt 0.385040 0.255552
vt 0.376635 0.261659
vt 0.373426 0.271540
vt 0.376637 0.281420
vt 0.385043 0.287526
vt 0.395432 0.287525
vt 0.403836 0.281418
vt 0.405874 0.271530
vt 0.390236 0.271539
vt 0.257505 0.075327
vt 0.248309 0.062678
vt 0.402882 0.262340
vt 0.395060 0.256663
vt 0.385395 0.256669
vt 0.377579 0.262354
vt 0.374598 0.271547
vt 0.377589 0.280737
vt 0.385411 0.286414
vt 0.395076 0.286409
vt 0.402892 0.280723
vt 0.248314 0.078316
vt 0.239121 0.075333
vt 0.233438 0.067515
vt 0.233435 0.057851
vt 0.239113 0.050030
vt 0.248304 0.047040
vt 0.257497 0.050024
vt 0.263180 0.057841
vt 0.263183 0.067506
vt 0.156730 0.485134
vt 0.156730 0.473630
vt 0.156730 0.462188
vt 0.156730 0.450931
vt 0.156730 0.441473
vt 0.156730 0.542350
vt 0.156730 0.531095
vt 0.156730 0.519653
vt 0.156730 0.508154
vt 0.156730 0.496631
vt 0.228265 0.485134
vt 0.228265 0.473630
vt 0.228265 0.462187
vt 0.228265 0.450931
vt 0.228265 0.552014
vt 0.228265 0.542350
vt 0.228265 0.531095
vt 0.228265 0.519653
vt 0.228265 0.508154
vt 0.228265 0.496631
vt 0.156730 0.551378
vt 0.228265 0.442086
vt 0.226862 0.439760
vt 0.158126 0.553614
vt 0.221994 0.439760
vt 0.163036 0.553614
vn 0.998687 0.019211 0.047484
vn 0.998687 -0.019211 0.047485
vn 0.835869 -0.019211 -0.548593
vn 0.835869 0.019211 -0.548593
vn 0.353779 -0.019212 -0.935132
vn 0.353779 0.019212 -0.935132
vn -0.263448 -0.019211 -0.964482
vn -0.263448 0.019211 -0.964482
vn -0.780039 -0.019211 -0.625436
vn -0.780039 0.019211 -0.625436
vn -0.998687 -0.019211 -0.047490
vn -0.998687 0.019211 -0.047490
vn -0.835868 -0.019211 0.548594
vn -0.835868 0.019211 0.548594
vn -0.353781 -0.019211 0.935131
vn -0.353781 0.019211 0.935131
vn 0.263442 -0.019213 0.964484
vn 0.263442 0.019213 0.964484
vn 0.780044 -0.019212 0.625430
vn 0.780044 0.019212 0.625430
vn 0.902133 -0.429320 0.042901
vn 0.704621 -0.429332 0.564963
vn 0.755058 -0.429315 -0.495556
vn 0.319574 -0.429317 -0.844725
vn -0.237981 -0.429315 -0.871237
vn -0.704626 -0.429314 -0.564970
vn -0.902135 -0.429316 -0.042902
vn -0.755056 -0.429313 0.495561
vn -0.319574 -0.429317 0.844725
vn 0.237973 -0.429329 0.871232
vn 0.902131 0.429324 0.042900
vn 0.755058 0.429318 -0.495554
vn 0.319574 0.429320 -0.844723
vn -0.237982 0.429318 -0.871235
vn -0.704626 0.429317 -0.564968
vn -0.902134 0.429318 -0.042902
vn -0.755055 0.429316 0.495559
vn -0.319573 0.429320 0.844723
vn 0.237974 0.429332 0.871230
vn 0.704619 0.429336 0.564963
vn -0.483260 0.875176 -0.022977
vn -0.377465 0.875172 -0.302645
vn -0.483271 -0.875169 -0.022977
vn -0.404488 -0.875167 0.265466
vn -0.127488 0.875167 -0.466723
vn 0.171194 0.875169 -0.452518
vn 0.404484 0.875171 -0.265459
vn 0.483268 0.875171 0.022978
vn 0.377463 0.875172 0.302647
vn 0.127483 0.875167 0.466723
vn -0.171186 0.875166 0.452527
vn -0.404474 0.875173 0.265467
vn -0.171198 -0.875162 0.452529
vn 0.127486 -0.875163 0.466729
vn 0.377475 -0.875166 0.302651
vn 0.483274 -0.875168 0.022977
vn 0.404488 -0.875168 -0.265462
vn 0.171199 -0.875166 -0.452522
vn -0.127483 -0.875164 -0.466729
vn -0.377468 -0.875169 -0.302649
vn 0.000000 -1.000000 0.000000
vn -0.247348 -0.968855 -0.011763
vn -0.193195 -0.968855 -0.154904
vn -0.247345 0.968856 -0.011763
vn -0.193194 0.968856 -0.154902
vn -0.000000 1.000000 0.000000
vn -0.207022 -0.968855 0.135875
vn -0.087623 -0.968855 0.231608
vn 0.065248 -0.968855 0.238878
vn 0.193196 -0.968855 0.154904
vn 0.247346 -0.968856 0.011763
vn 0.207020 -0.968856 -0.135874
vn 0.087620 -0.968855 -0.231609
vn -0.065248 -0.968855 -0.238878
vn -0.207023 0.968855 0.135873
vn -0.087622 0.968856 0.231606
vn 0.065250 0.968856 0.238875
vn 0.193193 0.968856 0.154902
vn 0.247345 0.968856 0.011763
vn 0.207019 0.968856 -0.135873
vn 0.087620 0.968856 -0.231606
vn -0.065249 0.968856 -0.238875
s 1
g S_U_14 group1 Cans_Atonofcans Can_Beast_25
usemtl S_P29_01_aiStandardSurface5SG
f 3925/5191/4707 3915/5190/4708 3916/5192/4709 3926/5193/4710
f 3926/5193/4710 3916/5192/4709 3917/5194/4711 3927/5195/4712
f 3927/5195/4712 3917/5194/4711 3918/5196/4713 3928/5197/4714
f 3928/5197/4714 3918/5196/4713 3919/5198/4715 3929/5199/4716
f 3929/5199/4716 3919/5198/4715 3920/5200/4717 3930/5297/4718
f 3930/5201/4718 3920/5296/4717 3921/5202/4719 3931/5203/4720
f 3931/5203/4720 3921/5202/4719 3922/5204/4721 3932/5205/4722
f 3932/5205/4722 3922/5204/4721 3923/5206/4723 3933/5207/4724
f 3933/5207/4724 3923/5206/4723 3924/5208/4725 3934/5209/4726
f 3925/5191/4707 3934/5209/4726 3924/5208/4725 3915/5190/4708
f 3935/5210/4727 3915/5190/4708 3924/5208/4725 3944/5219/4728
f 3935/5210/4727 3936/5211/4729 3916/5192/4709 3915/5190/4708
f 3936/5211/4729 3937/5212/4730 3917/5194/4711 3916/5192/4709
f 3937/5212/4730 3938/5213/4731 3918/5196/4713 3917/5194/4711
f 3938/5213/4731 3939/5214/4732 3919/5198/4715 3918/5196/4713
f 3939/5214/4732 3940/5215/4733 3920/5200/4717 3919/5198/4715
f 3940/5294/4733 3941/5216/4734 3921/5202/4719 3920/5296/4717
f 3941/5216/4734 3942/5217/4735 3922/5204/4721 3921/5202/4719
f 3942/5217/4735 3943/5218/4736 3923/5206/4723 3922/5204/4721
f 3943/5218/4736 3944/5219/4728 3924/5208/4725 3923/5206/4723
f 3945/5220/4737 3925/5191/4707 3926/5193/4710 3946/5221/4738
f 3946/5221/4738 3926/5193/4710 3927/5195/4712 3947/5222/4739
f 3947/5222/4739 3927/5195/4712 3928/5197/4714 3948/5223/4740
f 3948/5223/4740 3928/5197/4714 3929/5199/4716 3949/5224/4741
f 3949/5224/4741 3929/5199/4716 3930/5297/4718 3950/5295/4742
f 3950/5225/4742 3930/5201/4718 3931/5203/4720 3951/5226/4743
f 3951/5226/4743 3931/5203/4720 3932/5205/4722 3952/5227/4744
f 3952/5227/4744 3932/5205/4722 3933/5207/4724 3953/5228/4745
f 3953/5228/4745 3933/5207/4724 3934/5209/4726 3954/5229/4746
f 3945/5220/4737 3954/5229/4746 3934/5209/4726 3925/5191/4707
f 3945/5220/4737 3965/5281/4747 3974/5272/4748 3954/5229/4746
f 3935/5210/4727 3955/5291/4749 3956/5290/4750 3936/5211/4729
f 3953/5228/4745 3954/5229/4746 3974/5272/4748 3973/5273/4751
f 3952/5227/4744 3953/5228/4745 3973/5273/4751 3972/5274/4752
f 3951/5226/4743 3952/5227/4744 3972/5274/4752 3971/5275/4753
f 3950/5225/4742 3951/5226/4743 3971/5275/4753 3970/5276/4754
f 3949/5224/4741 3950/5295/4742 3970/5292/4754 3969/5277/4755
f 3948/5223/4740 3949/5224/4741 3969/5277/4755 3968/5278/4756
f 3947/5222/4739 3948/5223/4740 3968/5278/4756 3967/5279/4757
f 3946/5221/4738 3947/5222/4739 3967/5279/4757 3966/5280/4758
f 3945/5220/4737 3946/5221/4738 3966/5280/4758 3965/5281/4747
f 3936/5211/4729 3956/5290/4750 3957/5289/4759 3937/5212/4730
f 3937/5212/4730 3957/5289/4759 3958/5288/4760 3938/5213/4731
f 3938/5213/4731 3958/5288/4760 3959/5287/4761 3939/5214/4732
f 3939/5214/4732 3959/5287/4761 3960/5286/4762 3940/5215/4733
f 3940/5294/4733 3960/5293/4762 3961/5285/4763 3941/5216/4734
f 3941/5216/4734 3961/5285/4763 3962/5284/4764 3942/5217/4735
f 3942/5217/4735 3962/5284/4764 3963/5283/4765 3943/5218/4736
f 3943/5218/4736 3963/5283/4765 3964/5282/4766 3944/5219/4728
f 3935/5210/4727 3944/5219/4728 3964/5282/4766 3955/5291/4749
f 3975/5251/4767 3977/5250/4768 3986/5262/4769
f 3977/5250/4768 3955/5231/4749 3964/5249/4766 3986/5262/4769
f 3965/5230/4747 3987/5252/4770 3996/5271/4771 3974/5232/4748
f 3987/5252/4770 3976/5253/4772 3996/5271/4771
f 3955/5231/4749 3977/5250/4768 3978/5254/4773 3956/5241/4750
f 3977/5250/4768 3975/5251/4767 3978/5254/4773
f 3956/5241/4750 3978/5254/4773 3979/5255/4774 3957/5242/4759
f 3978/5254/4773 3975/5251/4767 3979/5255/4774
f 3957/5242/4759 3979/5255/4774 3980/5256/4775 3958/5243/4760
f 3979/5255/4774 3975/5251/4767 3980/5256/4775
f 3958/5243/4760 3980/5256/4775 3981/5257/4776 3959/5244/4761
f 3980/5256/4775 3975/5251/4767 3981/5257/4776
f 3959/5244/4761 3981/5257/4776 3982/5258/4777 3960/5245/4762
f 3981/5257/4776 3975/5251/4767 3982/5258/4777
f 3960/5245/4762 3982/5258/4777 3983/5259/4778 3961/5246/4763
f 3982/5258/4777 3975/5251/4767 3983/5259/4778
f 3961/5246/4763 3983/5259/4778 3984/5260/4779 3962/5247/4764
f 3983/5259/4778 3975/5251/4767 3984/5260/4779
f 3962/5247/4764 3984/5260/4779 3985/5261/4780 3963/5248/4765
f 3984/5260/4779 3975/5251/4767 3985/5261/4780
f 3963/5248/4765 3985/5261/4780 3986/5262/4769 3964/5249/4766
f 3985/5261/4780 3975/5251/4767 3986/5262/4769
f 3976/5253/4772 3987/5252/4770 3988/5263/4781
f 3987/5252/4770 3965/5230/4747 3966/5240/4758 3988/5263/4781
f 3976/5253/4772 3988/5263/4781 3989/5264/4782
f 3988/5263/4781 3966/5240/4758 3967/5239/4757 3989/5264/4782
f 3976/5253/4772 3989/5264/4782 3990/5265/4783
f 3989/5264/4782 3967/5239/4757 3968/5238/4756 3990/5265/4783
f 3976/5253/4772 3990/5265/4783 3991/5266/4784
f 3990/5265/4783 3968/5238/4756 3969/5237/4755 3991/5266/4784
f 3976/5253/4772 3991/5266/4784 3992/5267/4785
f 3991/5266/4784 3969/5237/4755 3970/5236/4754 3992/5267/4785
f 3976/5253/4772 3992/5267/4785 3993/5268/4786
f 3992/5267/4785 3970/5236/4754 3971/5235/4753 3993/5268/4786
f 3976/5253/4772 3993/5268/4786 3994/5269/4787
f 3993/5268/4786 3971/5235/4753 3972/5234/4752 3994/5269/4787
f 3976/5253/4772 3994/5269/4787 3995/5270/4788
f 3994/5269/4787 3972/5234/4752 3973/5233/4751 3995/5270/4788
f 3976/5253/4772 3995/5270/4788 3996/5271/4771
f 3995/5270/4788 3973/5233/4751 3974/5232/4748 3996/5271/4771
g default
v 137.341850 98.602892 170.325317
v 136.149314 98.602892 165.959438
v 132.618315 98.602892 163.128255
v 128.097593 98.602892 162.913311
v 124.313847 98.602892 165.396618
v 122.712404 98.602892 169.629678
v 123.904940 98.602892 173.995564
v 127.435955 98.602892 176.826735
v 131.956713 98.602892 177.041729
v 135.740459 98.602892 174.558422
v 137.341850 125.094904 170.325317
v 136.149314 125.094904 165.959438
v 132.618315 125.094904 163.128255
v 128.097593 125.094904 162.913311
v 124.313847 125.094904 165.396618
v 122.712404 125.094904 169.629678
v 123.904940 125.094904 173.995564
v 127.435955 125.094904 176.826735
v 131.956713 125.094904 177.041729
v 135.740459 125.094904 174.558422
v 136.740657 96.457254 170.296762
v 135.646135 96.457254 166.289701
v 132.405323 96.457254 163.691245
v 128.256151 96.457254 163.493955
v 124.783446 96.457254 165.773157
v 123.313614 96.457254 169.658220
v 124.408156 96.457254 173.665345
v 127.648945 96.457254 176.263751
v 131.798090 96.457254 176.461045
v 135.270809 96.457254 174.181846
v 136.740657 127.240519 170.296762
v 135.646135 127.240519 166.289701
v 132.405323 127.240519 163.691245
v 128.256151 127.240519 163.493955
v 124.783446 127.240519 165.773157
v 123.313614 127.240519 169.658220
v 124.408156 127.240519 173.665345
v 127.648945 127.240519 176.263751
v 131.798090 127.240519 176.461045
v 135.270809 127.240519 174.181846
v 136.139360 96.457254 170.268123
v 135.142877 96.457254 166.619938
v 132.192334 96.457254 164.254221
v 128.414764 96.457254 164.074577
v 125.253046 96.457254 166.149687
v 123.914896 96.457254 169.686864
v 124.911364 96.457254 173.335063
v 127.861905 96.457254 175.700787
v 131.639505 96.457254 175.880405
v 134.801209 96.457254 173.805308
v 136.139360 127.240519 170.268123
v 135.142877 127.240519 166.619938
v 132.192334 127.240519 164.254221
v 128.414764 127.240519 164.074577
v 125.253046 127.240519 166.149687
v 123.914896 127.240519 169.686864
v 124.911364 127.240519 173.335063
v 127.861905 127.240519 175.700787
v 131.639505 127.240519 175.880405
v 134.801209 127.240519 173.805308
v 130.027141 97.223696 169.977492
v 130.027141 126.474085 169.977492
v 136.008871 96.974428 170.261936
v 135.033642 96.974428 166.691605
v 132.146110 96.974428 164.376436
v 128.449189 96.974428 164.200627
v 125.354999 96.974428 166.231422
v 124.045397 96.974428 169.693053
v 125.020627 96.974428 173.263384
v 127.908145 96.974428 175.578559
v 131.605079 96.974428 175.754362
v 134.699256 96.974428 173.723572
v 136.008871 126.723352 170.261936
v 135.033642 126.723352 166.691605
v 132.146110 126.723352 164.376436
v 128.449189 126.723352 164.200627
v 125.354999 126.723352 166.231422
v 124.045397 126.723352 169.693053
v 125.020627 126.723352 173.263384
v 127.908145 126.723352 175.578559
v 131.605079 126.723352 175.754362
v 134.699256 126.723352 173.723572
vt 0.221994 0.496632
vt 0.163036 0.496632
vt 0.221994 0.508154
vt 0.163036 0.508154
vt 0.221994 0.519653
vt 0.163036 0.519653
vt 0.221994 0.531095
vt 0.163036 0.531095
vt 0.221994 0.542350
vt 0.163036 0.542350
vt 0.221994 0.553614
vt 0.163036 0.439760
vt 0.221994 0.450931
vt 0.163036 0.450931
vt 0.221994 0.462187
vt 0.163036 0.462187
vt 0.221994 0.473630
vt 0.163036 0.473630
vt 0.221994 0.485134
vt 0.163036 0.485134
vt 0.226862 0.496632
vt 0.226862 0.508154
vt 0.226862 0.519653
vt 0.226862 0.531095
vt 0.226862 0.542350
vt 0.226862 0.553614
vt 0.226862 0.450931
vt 0.226862 0.462187
vt 0.226862 0.473630
vt 0.226862 0.485134
vt 0.158126 0.496632
vt 0.158126 0.508154
vt 0.158126 0.519653
vt 0.158126 0.531095
vt 0.158126 0.542350
vt 0.158126 0.439760
vt 0.158126 0.450931
vt 0.158126 0.462187
vt 0.158126 0.473630
vt 0.158126 0.485134
vt 0.258188 0.076279
vt 0.407045 0.271537
vt 0.264295 0.067875
vt 0.264297 0.057486
vt 0.258191 0.049080
vt 0.248311 0.045869
vt 0.238431 0.049078
vt 0.232323 0.057482
vt 0.232321 0.067871
vt 0.238427 0.076276
vt 0.248307 0.079488
vt 0.403834 0.261657
vt 0.395429 0.255551
vt 0.385040 0.255552
vt 0.376635 0.261659
vt 0.373426 0.271540
vt 0.376637 0.281420
vt 0.385043 0.287526
vt 0.395432 0.287525
vt 0.403836 0.281418
vt 0.405874 0.271530
vt 0.390236 0.271539
vt 0.257505 0.075327
vt 0.248309 0.062678
vt 0.402882 0.262340
vt 0.395060 0.256663
vt 0.385395 0.256669
vt 0.377579 0.262354
vt 0.374598 0.271547
vt 0.377589 0.280737
vt 0.385411 0.286414
vt 0.395076 0.286409
vt 0.402892 0.280723
vt 0.248314 0.078316
vt 0.239121 0.075333
vt 0.233438 0.067515
vt 0.233435 0.057851
vt 0.239113 0.050030
vt 0.248304 0.047040
vt 0.257497 0.050024
vt 0.263180 0.057841
vt 0.263183 0.067506
vt 0.156730 0.485134
vt 0.156730 0.473630
vt 0.156730 0.462188
vt 0.156730 0.450931
vt 0.156730 0.441473
vt 0.156730 0.542350
vt 0.156730 0.531095
vt 0.156730 0.519653
vt 0.156730 0.508154
vt 0.156730 0.496631
vt 0.228265 0.485134
vt 0.228265 0.473630
vt 0.228265 0.462187
vt 0.228265 0.450931
vt 0.228265 0.552014
vt 0.228265 0.542350
vt 0.228265 0.531095
vt 0.228265 0.519653
vt 0.228265 0.508154
vt 0.228265 0.496631
vt 0.156730 0.551378
vt 0.228265 0.442086
vt 0.226862 0.439760
vt 0.158126 0.553614
vt 0.221994 0.439760
vt 0.163036 0.553614
vn 0.998687 0.019211 0.047484
vn 0.998687 -0.019211 0.047485
vn 0.835869 -0.019211 -0.548593
vn 0.835869 0.019211 -0.548593
vn 0.353779 -0.019212 -0.935132
vn 0.353779 0.019212 -0.935132
vn -0.263448 -0.019211 -0.964482
vn -0.263448 0.019211 -0.964482
vn -0.780039 -0.019211 -0.625436
vn -0.780039 0.019211 -0.625436
vn -0.998687 -0.019211 -0.047490
vn -0.998687 0.019211 -0.047490
vn -0.835868 -0.019211 0.548594
vn -0.835868 0.019211 0.548594
vn -0.353781 -0.019211 0.935131
vn -0.353781 0.019211 0.935131
vn 0.263442 -0.019213 0.964484
vn 0.263442 0.019213 0.964484
vn 0.780044 -0.019212 0.625430
vn 0.780044 0.019212 0.625430
vn 0.902133 -0.429320 0.042901
vn 0.704621 -0.429332 0.564963
vn 0.755058 -0.429315 -0.495556
vn 0.319574 -0.429317 -0.844725
vn -0.237981 -0.429315 -0.871237
vn -0.704626 -0.429314 -0.564970
vn -0.902135 -0.429316 -0.042902
vn -0.755056 -0.429313 0.495561
vn -0.319574 -0.429317 0.844725
vn 0.237973 -0.429329 0.871232
vn 0.902131 0.429324 0.042900
vn 0.755058 0.429318 -0.495554
vn 0.319574 0.429320 -0.844723
vn -0.237982 0.429318 -0.871235
vn -0.704626 0.429317 -0.564968
vn -0.902134 0.429318 -0.042902
vn -0.755055 0.429316 0.495559
vn -0.319573 0.429320 0.844723
vn 0.237974 0.429332 0.871230
vn 0.704619 0.429336 0.564963
vn -0.483260 0.875176 -0.022977
vn -0.377465 0.875172 -0.302645
vn -0.483271 -0.875169 -0.022977
vn -0.404488 -0.875167 0.265466
vn -0.127488 0.875167 -0.466723
vn 0.171194 0.875169 -0.452518
vn 0.404484 0.875171 -0.265459
vn 0.483268 0.875171 0.022978
vn 0.377463 0.875172 0.302647
vn 0.127483 0.875167 0.466723
vn -0.171186 0.875166 0.452527
vn -0.404474 0.875173 0.265467
vn -0.171198 -0.875162 0.452529
vn 0.127486 -0.875163 0.466729
vn 0.377475 -0.875166 0.302651
vn 0.483274 -0.875168 0.022977
vn 0.404488 -0.875168 -0.265462
vn 0.171199 -0.875166 -0.452522
vn -0.127483 -0.875164 -0.466729
vn -0.377468 -0.875169 -0.302649
vn 0.000000 -1.000000 0.000000
vn -0.247348 -0.968855 -0.011763
vn -0.193195 -0.968855 -0.154904
vn -0.247345 0.968856 -0.011763
vn -0.193194 0.968856 -0.154902
vn -0.000000 1.000000 0.000000
vn -0.207022 -0.968855 0.135875
vn -0.087623 -0.968855 0.231608
vn 0.065248 -0.968855 0.238878
vn 0.193196 -0.968855 0.154904
vn 0.247346 -0.968856 0.011763
vn 0.207020 -0.968856 -0.135874
vn 0.087620 -0.968855 -0.231609
vn -0.065248 -0.968855 -0.238878
vn -0.207023 0.968855 0.135873
vn -0.087622 0.968856 0.231606
vn 0.065250 0.968856 0.238875
vn 0.193193 0.968856 0.154902
vn 0.247345 0.968856 0.011763
vn 0.207019 0.968856 -0.135873
vn 0.087620 0.968856 -0.231606
vn -0.065249 0.968856 -0.238875
s 1
g S_U_14 group1 Cans_Atonofcans Can_Beast_26
usemtl S_P29_01_aiStandardSurface5SG
f 4007/5299/4789 3997/5298/4790 3998/5300/4791 4008/5301/4792
f 4008/5301/4792 3998/5300/4791 3999/5302/4793 4009/5303/4794
f 4009/5303/4794 3999/5302/4793 4000/5304/4795 4010/5305/4796
f 4010/5305/4796 4000/5304/4795 4001/5306/4797 4011/5307/4798
f 4011/5307/4798 4001/5306/4797 4002/5308/4799 4012/5405/4800
f 4012/5309/4800 4002/5404/4799 4003/5310/4801 4013/5311/4802
f 4013/5311/4802 4003/5310/4801 4004/5312/4803 4014/5313/4804
f 4014/5313/4804 4004/5312/4803 4005/5314/4805 4015/5315/4806
f 4015/5315/4806 4005/5314/4805 4006/5316/4807 4016/5317/4808
f 4007/5299/4789 4016/5317/4808 4006/5316/4807 3997/5298/4790
f 4017/5318/4809 3997/5298/4790 4006/5316/4807 4026/5327/4810
f 4017/5318/4809 4018/5319/4811 3998/5300/4791 3997/5298/4790
f 4018/5319/4811 4019/5320/4812 3999/5302/4793 3998/5300/4791
f 4019/5320/4812 4020/5321/4813 4000/5304/4795 3999/5302/4793
f 4020/5321/4813 4021/5322/4814 4001/5306/4797 4000/5304/4795
f 4021/5322/4814 4022/5323/4815 4002/5308/4799 4001/5306/4797
f 4022/5402/4815 4023/5324/4816 4003/5310/4801 4002/5404/4799
f 4023/5324/4816 4024/5325/4817 4004/5312/4803 4003/5310/4801
f 4024/5325/4817 4025/5326/4818 4005/5314/4805 4004/5312/4803
f 4025/5326/4818 4026/5327/4810 4006/5316/4807 4005/5314/4805
f 4027/5328/4819 4007/5299/4789 4008/5301/4792 4028/5329/4820
f 4028/5329/4820 4008/5301/4792 4009/5303/4794 4029/5330/4821
f 4029/5330/4821 4009/5303/4794 4010/5305/4796 4030/5331/4822
f 4030/5331/4822 4010/5305/4796 4011/5307/4798 4031/5332/4823
f 4031/5332/4823 4011/5307/4798 4012/5405/4800 4032/5403/4824
f 4032/5333/4824 4012/5309/4800 4013/5311/4802 4033/5334/4825
f 4033/5334/4825 4013/5311/4802 4014/5313/4804 4034/5335/4826
f 4034/5335/4826 4014/5313/4804 4015/5315/4806 4035/5336/4827
f 4035/5336/4827 4015/5315/4806 4016/5317/4808 4036/5337/4828
f 4027/5328/4819 4036/5337/4828 4016/5317/4808 4007/5299/4789
f 4027/5328/4819 4047/5389/4829 4056/5380/4830 4036/5337/4828
f 4017/5318/4809 4037/5399/4831 4038/5398/4832 4018/5319/4811
f 4035/5336/4827 4036/5337/4828 4056/5380/4830 4055/5381/4833
f 4034/5335/4826 4035/5336/4827 4055/5381/4833 4054/5382/4834
f 4033/5334/4825 4034/5335/4826 4054/5382/4834 4053/5383/4835
f 4032/5333/4824 4033/5334/4825 4053/5383/4835 4052/5384/4836
f 4031/5332/4823 4032/5403/4824 4052/5400/4836 4051/5385/4837
f 4030/5331/4822 4031/5332/4823 4051/5385/4837 4050/5386/4838
f 4029/5330/4821 4030/5331/4822 4050/5386/4838 4049/5387/4839
f 4028/5329/4820 4029/5330/4821 4049/5387/4839 4048/5388/4840
f 4027/5328/4819 4028/5329/4820 4048/5388/4840 4047/5389/4829
f 4018/5319/4811 4038/5398/4832 4039/5397/4841 4019/5320/4812
f 4019/5320/4812 4039/5397/4841 4040/5396/4842 4020/5321/4813
f 4020/5321/4813 4040/5396/4842 4041/5395/4843 4021/5322/4814
f 4021/5322/4814 4041/5395/4843 4042/5394/4844 4022/5323/4815
f 4022/5402/4815 4042/5401/4844 4043/5393/4845 4023/5324/4816
f 4023/5324/4816 4043/5393/4845 4044/5392/4846 4024/5325/4817
f 4024/5325/4817 4044/5392/4846 4045/5391/4847 4025/5326/4818
f 4025/5326/4818 4045/5391/4847 4046/5390/4848 4026/5327/4810
f 4017/5318/4809 4026/5327/4810 4046/5390/4848 4037/5399/4831
f 4057/5359/4849 4059/5358/4850 4068/5370/4851
f 4059/5358/4850 4037/5339/4831 4046/5357/4848 4068/5370/4851
f 4047/5338/4829 4069/5360/4852 4078/5379/4853 4056/5340/4830
f 4069/5360/4852 4058/5361/4854 4078/5379/4853
f 4037/5339/4831 4059/5358/4850 4060/5362/4855 4038/5349/4832
f 4059/5358/4850 4057/5359/4849 4060/5362/4855
f 4038/5349/4832 4060/5362/4855 4061/5363/4856 4039/5350/4841
f 4060/5362/4855 4057/5359/4849 4061/5363/4856
f 4039/5350/4841 4061/5363/4856 4062/5364/4857 4040/5351/4842
f 4061/5363/4856 4057/5359/4849 4062/5364/4857
f 4040/5351/4842 4062/5364/4857 4063/5365/4858 4041/5352/4843
f 4062/5364/4857 4057/5359/4849 4063/5365/4858
f 4041/5352/4843 4063/5365/4858 4064/5366/4859 4042/5353/4844
f 4063/5365/4858 4057/5359/4849 4064/5366/4859
f 4042/5353/4844 4064/5366/4859 4065/5367/4860 4043/5354/4845
f 4064/5366/4859 4057/5359/4849 4065/5367/4860
f 4043/5354/4845 4065/5367/4860 4066/5368/4861 4044/5355/4846
f 4065/5367/4860 4057/5359/4849 4066/5368/4861
f 4044/5355/4846 4066/5368/4861 4067/5369/4862 4045/5356/4847
f 4066/5368/4861 4057/5359/4849 4067/5369/4862
f 4045/5356/4847 4067/5369/4862 4068/5370/4851 4046/5357/4848
f 4067/5369/4862 4057/5359/4849 4068/5370/4851
f 4058/5361/4854 4069/5360/4852 4070/5371/4863
f 4069/5360/4852 4047/5338/4829 4048/5348/4840 4070/5371/4863
f 4058/5361/4854 4070/5371/4863 4071/5372/4864
f 4070/5371/4863 4048/5348/4840 4049/5347/4839 4071/5372/4864
f 4058/5361/4854 4071/5372/4864 4072/5373/4865
f 4071/5372/4864 4049/5347/4839 4050/5346/4838 4072/5373/4865
f 4058/5361/4854 4072/5373/4865 4073/5374/4866
f 4072/5373/4865 4050/5346/4838 4051/5345/4837 4073/5374/4866
f 4058/5361/4854 4073/5374/4866 4074/5375/4867
f 4073/5374/4866 4051/5345/4837 4052/5344/4836 4074/5375/4867
f 4058/5361/4854 4074/5375/4867 4075/5376/4868
f 4074/5375/4867 4052/5344/4836 4053/5343/4835 4075/5376/4868
f 4058/5361/4854 4075/5376/4868 4076/5377/4869
f 4075/5376/4868 4053/5343/4835 4054/5342/4834 4076/5377/4869
f 4058/5361/4854 4076/5377/4869 4077/5378/4870
f 4076/5377/4869 4054/5342/4834 4055/5341/4833 4077/5378/4870
f 4058/5361/4854 4077/5378/4870 4078/5379/4853
f 4077/5378/4870 4055/5341/4833 4056/5340/4830 4078/5379/4853
g default
v 118.089608 98.602892 170.325317
v 116.897072 98.602892 165.959438
v 113.366072 98.602892 163.128255
v 108.845351 98.602892 162.913311
v 105.061604 98.602892 165.396618
v 103.460162 98.602892 169.629678
v 104.652698 98.602892 173.995564
v 108.183712 98.602892 176.826735
v 112.704471 98.602892 177.041729
v 116.488217 98.602892 174.558422
v 118.089608 125.094904 170.325317
v 116.897072 125.094904 165.959438
v 113.366072 125.094904 163.128255
v 108.845351 125.094904 162.913311
v 105.061604 125.094904 165.396618
v 103.460162 125.094904 169.629678
v 104.652698 125.094904 173.995564
v 108.183712 125.094904 176.826735
v 112.704471 125.094904 177.041729
v 116.488217 125.094904 174.558422
v 117.488415 96.457254 170.296762
v 116.393893 96.457254 166.289701
v 113.153081 96.457254 163.691245
v 109.003908 96.457254 163.493955
v 105.531204 96.457254 165.773157
v 104.061371 96.457254 169.658220
v 105.155914 96.457254 173.665345
v 108.396703 96.457254 176.263751
v 112.545848 96.457254 176.461045
v 116.018566 96.457254 174.181846
v 117.488415 127.240519 170.296762
v 116.393893 127.240519 166.289701
v 113.153081 127.240519 163.691245
v 109.003908 127.240519 163.493955
v 105.531204 127.240519 165.773157
v 104.061371 127.240519 169.658220
v 105.155914 127.240519 173.665345
v 108.396703 127.240519 176.263751
v 112.545848 127.240519 176.461045
v 116.018566 127.240519 174.181846
v 116.887118 96.457254 170.268123
v 115.890635 96.457254 166.619938
v 112.940092 96.457254 164.254221
v 109.162522 96.457254 164.074577
v 106.000804 96.457254 166.149687
v 104.662654 96.457254 169.686864
v 105.659122 96.457254 173.335063
v 108.609663 96.457254 175.700787
v 112.387263 96.457254 175.880405
v 115.548967 96.457254 173.805308
v 116.887118 127.240519 170.268123
v 115.890635 127.240519 166.619938
v 112.940092 127.240519 164.254221
v 109.162522 127.240519 164.074577
v 106.000804 127.240519 166.149687
v 104.662654 127.240519 169.686864
v 105.659122 127.240519 173.335063
v 108.609663 127.240519 175.700787
v 112.387263 127.240519 175.880405
v 115.548967 127.240519 173.805308
v 110.774899 97.223696 169.977492
v 110.774899 126.474085 169.977492
v 116.756629 96.974428 170.261936
v 115.781400 96.974428 166.691605
v 112.893868 96.974428 164.376436
v 109.196947 96.974428 164.200627
v 106.102757 96.974428 166.231422
v 104.793155 96.974428 169.693053
v 105.768385 96.974428 173.263384
v 108.655903 96.974428 175.578559
v 112.352837 96.974428 175.754362
v 115.447014 96.974428 173.723572
v 116.756629 126.723352 170.261936
v 115.781400 126.723352 166.691605
v 112.893868 126.723352 164.376436
v 109.196947 126.723352 164.200627
v 106.102757 126.723352 166.231422
v 104.793155 126.723352 169.693053
v 105.768385 126.723352 173.263384
v 108.655903 126.723352 175.578559
v 112.352837 126.723352 175.754362
v 115.447014 126.723352 173.723572
vt 0.221994 0.496632
vt 0.163036 0.496632
vt 0.221994 0.508154
vt 0.163036 0.508154
vt 0.221994 0.519653
vt 0.163036 0.519653
vt 0.221994 0.531095
vt 0.163036 0.531095
vt 0.221994 0.542350
vt 0.163036 0.542350
vt 0.221994 0.553614
vt 0.163036 0.439760
vt 0.221994 0.450931
vt 0.163036 0.450931
vt 0.221994 0.462187
vt 0.163036 0.462187
vt 0.221994 0.473630
vt 0.163036 0.473630
vt 0.221994 0.485134
vt 0.163036 0.485134
vt 0.226862 0.496632
vt 0.226862 0.508154
vt 0.226862 0.519653
vt 0.226862 0.531095
vt 0.226862 0.542350
vt 0.226862 0.553614
vt 0.226862 0.450931
vt 0.226862 0.462187
vt 0.226862 0.473630
vt 0.226862 0.485134
vt 0.158126 0.496632
vt 0.158126 0.508154
vt 0.158126 0.519653
vt 0.158126 0.531095
vt 0.158126 0.542350
vt 0.158126 0.439760
vt 0.158126 0.450931
vt 0.158126 0.462187
vt 0.158126 0.473630
vt 0.158126 0.485134
vt 0.258188 0.076279
vt 0.407045 0.271537
vt 0.264295 0.067875
vt 0.264297 0.057486
vt 0.258191 0.049080
vt 0.248311 0.045869
vt 0.238431 0.049078
vt 0.232323 0.057482
vt 0.232321 0.067871
vt 0.238427 0.076276
vt 0.248307 0.079488
vt 0.403834 0.261657
vt 0.395429 0.255551
vt 0.385040 0.255552
vt 0.376635 0.261659
vt 0.373426 0.271540
vt 0.376637 0.281420
vt 0.385043 0.287526
vt 0.395432 0.287525
vt 0.403836 0.281418
vt 0.405874 0.271530
vt 0.390236 0.271539
vt 0.257505 0.075327
vt 0.248309 0.062678
vt 0.402882 0.262340
vt 0.395060 0.256663
vt 0.385395 0.256669
vt 0.377579 0.262354
vt 0.374598 0.271547
vt 0.377589 0.280737
vt 0.385411 0.286414
vt 0.395076 0.286409
vt 0.402892 0.280723
vt 0.248314 0.078316
vt 0.239121 0.075333
vt 0.233438 0.067515
vt 0.233435 0.057851
vt 0.239113 0.050030
vt 0.248304 0.047040
vt 0.257497 0.050024
vt 0.263180 0.057841
vt 0.263183 0.067506
vt 0.156730 0.485134
vt 0.156730 0.473630
vt 0.156730 0.462188
vt 0.156730 0.450931
vt 0.156730 0.441473
vt 0.156730 0.542350
vt 0.156730 0.531095
vt 0.156730 0.519653
vt 0.156730 0.508154
vt 0.156730 0.496631
vt 0.228265 0.485134
vt 0.228265 0.473630
vt 0.228265 0.462187
vt 0.228265 0.450931
vt 0.228265 0.552014
vt 0.228265 0.542350
vt 0.228265 0.531095
vt 0.228265 0.519653
vt 0.228265 0.508154
vt 0.228265 0.496631
vt 0.156730 0.551378
vt 0.228265 0.442086
vt 0.226862 0.439760
vt 0.158126 0.553614
vt 0.221994 0.439760
vt 0.163036 0.553614
vn 0.998687 0.019211 0.047484
vn 0.998687 -0.019211 0.047485
vn 0.835869 -0.019211 -0.548593
vn 0.835869 0.019211 -0.548593
vn 0.353779 -0.019212 -0.935132
vn 0.353779 0.019212 -0.935132
vn -0.263448 -0.019211 -0.964482
vn -0.263448 0.019211 -0.964482
vn -0.780039 -0.019211 -0.625436
vn -0.780039 0.019211 -0.625436
vn -0.998687 -0.019211 -0.047490
vn -0.998687 0.019211 -0.047490
vn -0.835868 -0.019211 0.548594
vn -0.835868 0.019211 0.548594
vn -0.353781 -0.019211 0.935131
vn -0.353781 0.019211 0.935131
vn 0.263442 -0.019213 0.964484
vn 0.263442 0.019213 0.964484
vn 0.780044 -0.019212 0.625430
vn 0.780044 0.019212 0.625430
vn 0.902133 -0.429320 0.042901
vn 0.704621 -0.429332 0.564963
vn 0.755058 -0.429315 -0.495556
vn 0.319574 -0.429317 -0.844725
vn -0.237981 -0.429315 -0.871237
vn -0.704626 -0.429314 -0.564970
vn -0.902135 -0.429316 -0.042902
vn -0.755056 -0.429313 0.495561
vn -0.319574 -0.429317 0.844725
vn 0.237973 -0.429329 0.871232
vn 0.902131 0.429324 0.042900
vn 0.755058 0.429318 -0.495554
vn 0.319574 0.429320 -0.844723
vn -0.237982 0.429318 -0.871235
vn -0.704626 0.429317 -0.564968
vn -0.902134 0.429318 -0.042902
vn -0.755055 0.429316 0.495559
vn -0.319573 0.429320 0.844723
vn 0.237974 0.429332 0.871230
vn 0.704619 0.429336 0.564963
vn -0.483260 0.875176 -0.022977
vn -0.377465 0.875172 -0.302645
vn -0.483271 -0.875169 -0.022977
vn -0.404488 -0.875167 0.265466
vn -0.127488 0.875167 -0.466723
vn 0.171194 0.875169 -0.452518
vn 0.404484 0.875171 -0.265459
vn 0.483268 0.875171 0.022978
vn 0.377463 0.875172 0.302647
vn 0.127483 0.875167 0.466723
vn -0.171186 0.875166 0.452527
vn -0.404474 0.875173 0.265467
vn -0.171198 -0.875162 0.452529
vn 0.127486 -0.875163 0.466729
vn 0.377475 -0.875166 0.302651
vn 0.483274 -0.875168 0.022977
vn 0.404488 -0.875168 -0.265462
vn 0.171199 -0.875166 -0.452522
vn -0.127483 -0.875164 -0.466729
vn -0.377468 -0.875169 -0.302649
vn 0.000000 -1.000000 0.000000
vn -0.247348 -0.968855 -0.011763
vn -0.193195 -0.968855 -0.154904
vn -0.247345 0.968856 -0.011763
vn -0.193194 0.968856 -0.154902
vn -0.000000 1.000000 0.000000
vn -0.207022 -0.968855 0.135875
vn -0.087623 -0.968855 0.231608
vn 0.065248 -0.968855 0.238878
vn 0.193196 -0.968855 0.154904
vn 0.247346 -0.968856 0.011763
vn 0.207020 -0.968856 -0.135874
vn 0.087620 -0.968855 -0.231609
vn -0.065248 -0.968855 -0.238878
vn -0.207023 0.968855 0.135873
vn -0.087622 0.968856 0.231606
vn 0.065250 0.968856 0.238875
vn 0.193193 0.968856 0.154902
vn 0.247345 0.968856 0.011763
vn 0.207019 0.968856 -0.135873
vn 0.087620 0.968856 -0.231606
vn -0.065249 0.968856 -0.238875
s 1
g S_U_14 group1 Cans_Atonofcans Can_Beast_27
usemtl S_P29_01_aiStandardSurface5SG
f 4089/5407/4871 4079/5406/4872 4080/5408/4873 4090/5409/4874
f 4090/5409/4874 4080/5408/4873 4081/5410/4875 4091/5411/4876
f 4091/5411/4876 4081/5410/4875 4082/5412/4877 4092/5413/4878
f 4092/5413/4878 4082/5412/4877 4083/5414/4879 4093/5415/4880
f 4093/5415/4880 4083/5414/4879 4084/5416/4881 4094/5513/4882
f 4094/5417/4882 4084/5512/4881 4085/5418/4883 4095/5419/4884
f 4095/5419/4884 4085/5418/4883 4086/5420/4885 4096/5421/4886
f 4096/5421/4886 4086/5420/4885 4087/5422/4887 4097/5423/4888
f 4097/5423/4888 4087/5422/4887 4088/5424/4889 4098/5425/4890
f 4089/5407/4871 4098/5425/4890 4088/5424/4889 4079/5406/4872
f 4099/5426/4891 4079/5406/4872 4088/5424/4889 4108/5435/4892
f 4099/5426/4891 4100/5427/4893 4080/5408/4873 4079/5406/4872
f 4100/5427/4893 4101/5428/4894 4081/5410/4875 4080/5408/4873
f 4101/5428/4894 4102/5429/4895 4082/5412/4877 4081/5410/4875
f 4102/5429/4895 4103/5430/4896 4083/5414/4879 4082/5412/4877
f 4103/5430/4896 4104/5431/4897 4084/5416/4881 4083/5414/4879
f 4104/5510/4897 4105/5432/4898 4085/5418/4883 4084/5512/4881
f 4105/5432/4898 4106/5433/4899 4086/5420/4885 4085/5418/4883
f 4106/5433/4899 4107/5434/4900 4087/5422/4887 4086/5420/4885
f 4107/5434/4900 4108/5435/4892 4088/5424/4889 4087/5422/4887
f 4109/5436/4901 4089/5407/4871 4090/5409/4874 4110/5437/4902
f 4110/5437/4902 4090/5409/4874 4091/5411/4876 4111/5438/4903
f 4111/5438/4903 4091/5411/4876 4092/5413/4878 4112/5439/4904
f 4112/5439/4904 4092/5413/4878 4093/5415/4880 4113/5440/4905
f 4113/5440/4905 4093/5415/4880 4094/5513/4882 4114/5511/4906
f 4114/5441/4906 4094/5417/4882 4095/5419/4884 4115/5442/4907
f 4115/5442/4907 4095/5419/4884 4096/5421/4886 4116/5443/4908
f 4116/5443/4908 4096/5421/4886 4097/5423/4888 4117/5444/4909
f 4117/5444/4909 4097/5423/4888 4098/5425/4890 4118/5445/4910
f 4109/5436/4901 4118/5445/4910 4098/5425/4890 4089/5407/4871
f 4109/5436/4901 4129/5497/4911 4138/5488/4912 4118/5445/4910
f 4099/5426/4891 4119/5507/4913 4120/5506/4914 4100/5427/4893
f 4117/5444/4909 4118/5445/4910 4138/5488/4912 4137/5489/4915
f 4116/5443/4908 4117/5444/4909 4137/5489/4915 4136/5490/4916
f 4115/5442/4907 4116/5443/4908 4136/5490/4916 4135/5491/4917
f 4114/5441/4906 4115/5442/4907 4135/5491/4917 4134/5492/4918
f 4113/5440/4905 4114/5511/4906 4134/5508/4918 4133/5493/4919
f 4112/5439/4904 4113/5440/4905 4133/5493/4919 4132/5494/4920
f 4111/5438/4903 4112/5439/4904 4132/5494/4920 4131/5495/4921
f 4110/5437/4902 4111/5438/4903 4131/5495/4921 4130/5496/4922
f 4109/5436/4901 4110/5437/4902 4130/5496/4922 4129/5497/4911
f 4100/5427/4893 4120/5506/4914 4121/5505/4923 4101/5428/4894
f 4101/5428/4894 4121/5505/4923 4122/5504/4924 4102/5429/4895
f 4102/5429/4895 4122/5504/4924 4123/5503/4925 4103/5430/4896
f 4103/5430/4896 4123/5503/4925 4124/5502/4926 4104/5431/4897
f 4104/5510/4897 4124/5509/4926 4125/5501/4927 4105/5432/4898
f 4105/5432/4898 4125/5501/4927 4126/5500/4928 4106/5433/4899
f 4106/5433/4899 4126/5500/4928 4127/5499/4929 4107/5434/4900
f 4107/5434/4900 4127/5499/4929 4128/5498/4930 4108/5435/4892
f 4099/5426/4891 4108/5435/4892 4128/5498/4930 4119/5507/4913
f 4139/5467/4931 4141/5466/4932 4150/5478/4933
f 4141/5466/4932 4119/5447/4913 4128/5465/4930 4150/5478/4933
f 4129/5446/4911 4151/5468/4934 4160/5487/4935 4138/5448/4912
f 4151/5468/4934 4140/5469/4936 4160/5487/4935
f 4119/5447/4913 4141/5466/4932 4142/5470/4937 4120/5457/4914
f 4141/5466/4932 4139/5467/4931 4142/5470/4937
f 4120/5457/4914 4142/5470/4937 4143/5471/4938 4121/5458/4923
f 4142/5470/4937 4139/5467/4931 4143/5471/4938
f 4121/5458/4923 4143/5471/4938 4144/5472/4939 4122/5459/4924
f 4143/5471/4938 4139/5467/4931 4144/5472/4939
f 4122/5459/4924 4144/5472/4939 4145/5473/4940 4123/5460/4925
f 4144/5472/4939 4139/5467/4931 4145/5473/4940
f 4123/5460/4925 4145/5473/4940 4146/5474/4941 4124/5461/4926
f 4145/5473/4940 4139/5467/4931 4146/5474/4941
f 4124/5461/4926 4146/5474/4941 4147/5475/4942 4125/5462/4927
f 4146/5474/4941 4139/5467/4931 4147/5475/4942
f 4125/5462/4927 4147/5475/4942 4148/5476/4943 4126/5463/4928
f 4147/5475/4942 4139/5467/4931 4148/5476/4943
f 4126/5463/4928 4148/5476/4943 4149/5477/4944 4127/5464/4929
f 4148/5476/4943 4139/5467/4931 4149/5477/4944
f 4127/5464/4929 4149/5477/4944 4150/5478/4933 4128/5465/4930
f 4149/5477/4944 4139/5467/4931 4150/5478/4933
f 4140/5469/4936 4151/5468/4934 4152/5479/4945
f 4151/5468/4934 4129/5446/4911 4130/5456/4922 4152/5479/4945
f 4140/5469/4936 4152/5479/4945 4153/5480/4946
f 4152/5479/4945 4130/5456/4922 4131/5455/4921 4153/5480/4946
f 4140/5469/4936 4153/5480/4946 4154/5481/4947
f 4153/5480/4946 4131/5455/4921 4132/5454/4920 4154/5481/4947
f 4140/5469/4936 4154/5481/4947 4155/5482/4948
f 4154/5481/4947 4132/5454/4920 4133/5453/4919 4155/5482/4948
f 4140/5469/4936 4155/5482/4948 4156/5483/4949
f 4155/5482/4948 4133/5453/4919 4134/5452/4918 4156/5483/4949
f 4140/5469/4936 4156/5483/4949 4157/5484/4950
f 4156/5483/4949 4134/5452/4918 4135/5451/4917 4157/5484/4950
f 4140/5469/4936 4157/5484/4950 4158/5485/4951
f 4157/5484/4950 4135/5451/4917 4136/5450/4916 4158/5485/4951
f 4140/5469/4936 4158/5485/4951 4159/5486/4952
f 4158/5485/4951 4136/5450/4916 4137/5449/4915 4159/5486/4952
f 4140/5469/4936 4159/5486/4952 4160/5487/4935
f 4159/5486/4952 4137/5449/4915 4138/5448/4912 4160/5487/4935
g default
v 98.860450 98.602892 170.325317
v 97.667913 98.602892 165.959438
v 94.136914 98.602892 163.128255
v 89.616192 98.602892 162.913311
v 85.832446 98.602892 165.396618
v 84.231004 98.602892 169.629678
v 85.423540 98.602892 173.995564
v 88.954554 98.602892 176.826735
v 93.475312 98.602892 177.041729
v 97.259059 98.602892 174.558422
v 98.860450 125.094904 170.325317
v 97.667913 125.094904 165.959438
v 94.136914 125.094904 163.128255
v 89.616192 125.094904 162.913311
v 85.832446 125.094904 165.396618
v 84.231004 125.094904 169.629678
v 85.423540 125.094904 173.995564
v 88.954554 125.094904 176.826735
v 93.475312 125.094904 177.041729
v 97.259059 125.094904 174.558422
v 98.259257 96.457254 170.296762
v 97.164735 96.457254 166.289701
v 93.923923 96.457254 163.691245
v 89.774750 96.457254 163.493955
v 86.302045 96.457254 165.773157
v 84.832213 96.457254 169.658220
v 85.926756 96.457254 173.665345
v 89.167544 96.457254 176.263751
v 93.316690 96.457254 176.461045
v 96.789408 96.457254 174.181846
v 98.259257 127.240519 170.296762
v 97.164735 127.240519 166.289701
v 93.923923 127.240519 163.691245
v 89.774750 127.240519 163.493955
v 86.302045 127.240519 165.773157
v 84.832213 127.240519 169.658220
v 85.926756 127.240519 173.665345
v 89.167544 127.240519 176.263751
v 93.316690 127.240519 176.461045
v 96.789408 127.240519 174.181846
v 97.657959 96.457254 170.268123
v 96.661476 96.457254 166.619938
v 93.710934 96.457254 164.254221
v 89.933364 96.457254 164.074577
v 86.771645 96.457254 166.149687
v 85.433496 96.457254 169.686864
v 86.429963 96.457254 173.335063
v 89.380505 96.457254 175.700787
v 93.158105 96.457254 175.880405
v 96.319809 96.457254 173.805308
v 97.657959 127.240519 170.268123
v 96.661476 127.240519 166.619938
v 93.710934 127.240519 164.254221
v 89.933364 127.240519 164.074577
v 86.771645 127.240519 166.149687
v 85.433496 127.240519 169.686864
v 86.429963 127.240519 173.335063
v 89.380505 127.240519 175.700787
v 93.158105 127.240519 175.880405
v 96.319809 127.240519 173.805308
v 91.545741 97.223696 169.977492
v 91.545741 126.474085 169.977492
v 97.527471 96.974428 170.261936
v 96.552242 96.974428 166.691605
v 93.664710 96.974428 164.376436
v 89.967789 96.974428 164.200627
v 86.873599 96.974428 166.231422
v 85.563997 96.974428 169.693053
v 86.539226 96.974428 173.263384
v 89.426745 96.974428 175.578559
v 93.123679 96.974428 175.754362
v 96.217856 96.974428 173.723572
v 97.527471 126.723352 170.261936
v 96.552242 126.723352 166.691605
v 93.664710 126.723352 164.376436
v 89.967789 126.723352 164.200627
v 86.873599 126.723352 166.231422
v 85.563997 126.723352 169.693053
v 86.539226 126.723352 173.263384
v 89.426745 126.723352 175.578559
v 93.123679 126.723352 175.754362
v 96.217856 126.723352 173.723572
vt 0.221994 0.496632
vt 0.163036 0.496632
vt 0.221994 0.508154
vt 0.163036 0.508154
vt 0.221994 0.519653
vt 0.163036 0.519653
vt 0.221994 0.531095
vt 0.163036 0.531095
vt 0.221994 0.542350
vt 0.163036 0.542350
vt 0.221994 0.553614
vt 0.163036 0.439760
vt 0.221994 0.450931
vt 0.163036 0.450931
vt 0.221994 0.462187
vt 0.163036 0.462187
vt 0.221994 0.473630
vt 0.163036 0.473630
vt 0.221994 0.485134
vt 0.163036 0.485134
vt 0.226862 0.496632
vt 0.226862 0.508154
vt 0.226862 0.519653
vt 0.226862 0.531095
vt 0.226862 0.542350
vt 0.226862 0.553614
vt 0.226862 0.450931
vt 0.226862 0.462187
vt 0.226862 0.473630
vt 0.226862 0.485134
vt 0.158126 0.496632
vt 0.158126 0.508154
vt 0.158126 0.519653
vt 0.158126 0.531095
vt 0.158126 0.542350
vt 0.158126 0.439760
vt 0.158126 0.450931
vt 0.158126 0.462187
vt 0.158126 0.473630
vt 0.158126 0.485134
vt 0.258188 0.076279
vt 0.407045 0.271537
vt 0.264295 0.067875
vt 0.264297 0.057486
vt 0.258191 0.049080
vt 0.248311 0.045869
vt 0.238431 0.049078
vt 0.232323 0.057482
vt 0.232321 0.067871
vt 0.238427 0.076276
vt 0.248307 0.079488
vt 0.403834 0.261657
vt 0.395429 0.255551
vt 0.385040 0.255552
vt 0.376635 0.261659
vt 0.373426 0.271540
vt 0.376637 0.281420
vt 0.385043 0.287526
vt 0.395432 0.287525
vt 0.403836 0.281418
vt 0.405874 0.271530
vt 0.390236 0.271539
vt 0.257505 0.075327
vt 0.248309 0.062678
vt 0.402882 0.262340
vt 0.395060 0.256663
vt 0.385395 0.256669
vt 0.377579 0.262354
vt 0.374598 0.271547
vt 0.377589 0.280737
vt 0.385411 0.286414
vt 0.395076 0.286409
vt 0.402892 0.280723
vt 0.248314 0.078316
vt 0.239121 0.075333
vt 0.233438 0.067515
vt 0.233435 0.057851
vt 0.239113 0.050030
vt 0.248304 0.047040
vt 0.257497 0.050024
vt 0.263180 0.057841
vt 0.263183 0.067506
vt 0.156730 0.485134
vt 0.156730 0.473630
vt 0.156730 0.462188
vt 0.156730 0.450931
vt 0.156730 0.441473
vt 0.156730 0.542350
vt 0.156730 0.531095
vt 0.156730 0.519653
vt 0.156730 0.508154
vt 0.156730 0.496631
vt 0.228265 0.485134
vt 0.228265 0.473630
vt 0.228265 0.462187
vt 0.228265 0.450931
vt 0.228265 0.552014
vt 0.228265 0.542350
vt 0.228265 0.531095
vt 0.228265 0.519653
vt 0.228265 0.508154
vt 0.228265 0.496631
vt 0.156730 0.551378
vt 0.228265 0.442086
vt 0.226862 0.439760
vt 0.158126 0.553614
vt 0.221994 0.439760
vt 0.163036 0.553614
vn 0.998687 0.019211 0.047484
vn 0.998687 -0.019211 0.047485
vn 0.835869 -0.019211 -0.548593
vn 0.835869 0.019211 -0.548593
vn 0.353779 -0.019212 -0.935132
vn 0.353779 0.019212 -0.935132
vn -0.263448 -0.019211 -0.964482
vn -0.263448 0.019211 -0.964482
vn -0.780039 -0.019211 -0.625436
vn -0.780039 0.019211 -0.625436
vn -0.998687 -0.019211 -0.047490
vn -0.998687 0.019211 -0.047490
vn -0.835868 -0.019211 0.548594
vn -0.835868 0.019211 0.548594
vn -0.353781 -0.019211 0.935131
vn -0.353781 0.019211 0.935131
vn 0.263442 -0.019213 0.964484
vn 0.263442 0.019213 0.964484
vn 0.780044 -0.019212 0.625430
vn 0.780044 0.019212 0.625430
vn 0.902133 -0.429320 0.042901
vn 0.704621 -0.429332 0.564963
vn 0.755058 -0.429315 -0.495556
vn 0.319574 -0.429317 -0.844725
vn -0.237981 -0.429315 -0.871237
vn -0.704626 -0.429314 -0.564970
vn -0.902135 -0.429316 -0.042902
vn -0.755056 -0.429313 0.495561
vn -0.319574 -0.429317 0.844725
vn 0.237973 -0.429329 0.871232
vn 0.902131 0.429324 0.042900
vn 0.755058 0.429318 -0.495554
vn 0.319574 0.429320 -0.844723
vn -0.237982 0.429318 -0.871235
vn -0.704626 0.429317 -0.564968
vn -0.902134 0.429318 -0.042902
vn -0.755055 0.429316 0.495559
vn -0.319573 0.429320 0.844723
vn 0.237974 0.429332 0.871230
vn 0.704619 0.429336 0.564963
vn -0.483260 0.875176 -0.022977
vn -0.377465 0.875172 -0.302645
vn -0.483271 -0.875169 -0.022977
vn -0.404488 -0.875167 0.265466
vn -0.127488 0.875167 -0.466723
vn 0.171194 0.875169 -0.452518
vn 0.404484 0.875171 -0.265459
vn 0.483268 0.875171 0.022978
vn 0.377463 0.875172 0.302647
vn 0.127483 0.875167 0.466723
vn -0.171186 0.875166 0.452527
vn -0.404474 0.875173 0.265467
vn -0.171198 -0.875162 0.452529
vn 0.127486 -0.875163 0.466729
vn 0.377475 -0.875166 0.302651
vn 0.483274 -0.875168 0.022977
vn 0.404488 -0.875168 -0.265462
vn 0.171199 -0.875166 -0.452522
vn -0.127483 -0.875164 -0.466729
vn -0.377468 -0.875169 -0.302649
vn 0.000000 -1.000000 0.000000
vn -0.247348 -0.968855 -0.011763
vn -0.193195 -0.968855 -0.154904
vn -0.247345 0.968856 -0.011763
vn -0.193194 0.968856 -0.154902
vn -0.000000 1.000000 0.000000
vn -0.207022 -0.968855 0.135875
vn -0.087623 -0.968855 0.231608
vn 0.065248 -0.968855 0.238878
vn 0.193196 -0.968855 0.154904
vn 0.247346 -0.968856 0.011763
vn 0.207020 -0.968856 -0.135874
vn 0.087620 -0.968855 -0.231609
vn -0.065248 -0.968855 -0.238878
vn -0.207023 0.968855 0.135873
vn -0.087622 0.968856 0.231606
vn 0.065250 0.968856 0.238875
vn 0.193193 0.968856 0.154902
vn 0.247345 0.968856 0.011763
vn 0.207019 0.968856 -0.135873
vn 0.087620 0.968856 -0.231606
vn -0.065249 0.968856 -0.238875
s 1
g S_U_14 group1 Cans_Atonofcans Can_Beast_28
usemtl S_P29_01_aiStandardSurface5SG
f 4171/5515/4953 4161/5514/4954 4162/5516/4955 4172/5517/4956
f 4172/5517/4956 4162/5516/4955 4163/5518/4957 4173/5519/4958
f 4173/5519/4958 4163/5518/4957 4164/5520/4959 4174/5521/4960
f 4174/5521/4960 4164/5520/4959 4165/5522/4961 4175/5523/4962
f 4175/5523/4962 4165/5522/4961 4166/5524/4963 4176/5621/4964
f 4176/5525/4964 4166/5620/4963 4167/5526/4965 4177/5527/4966
f 4177/5527/4966 4167/5526/4965 4168/5528/4967 4178/5529/4968
f 4178/5529/4968 4168/5528/4967 4169/5530/4969 4179/5531/4970
f 4179/5531/4970 4169/5530/4969 4170/5532/4971 4180/5533/4972
f 4171/5515/4953 4180/5533/4972 4170/5532/4971 4161/5514/4954
f 4181/5534/4973 4161/5514/4954 4170/5532/4971 4190/5543/4974
f 4181/5534/4973 4182/5535/4975 4162/5516/4955 4161/5514/4954
f 4182/5535/4975 4183/5536/4976 4163/5518/4957 4162/5516/4955
f 4183/5536/4976 4184/5537/4977 4164/5520/4959 4163/5518/4957
f 4184/5537/4977 4185/5538/4978 4165/5522/4961 4164/5520/4959
f 4185/5538/4978 4186/5539/4979 4166/5524/4963 4165/5522/4961
f 4186/5618/4979 4187/5540/4980 4167/5526/4965 4166/5620/4963
f 4187/5540/4980 4188/5541/4981 4168/5528/4967 4167/5526/4965
f 4188/5541/4981 4189/5542/4982 4169/5530/4969 4168/5528/4967
f 4189/5542/4982 4190/5543/4974 4170/5532/4971 4169/5530/4969
f 4191/5544/4983 4171/5515/4953 4172/5517/4956 4192/5545/4984
f 4192/5545/4984 4172/5517/4956 4173/5519/4958 4193/5546/4985
f 4193/5546/4985 4173/5519/4958 4174/5521/4960 4194/5547/4986
f 4194/5547/4986 4174/5521/4960 4175/5523/4962 4195/5548/4987
f 4195/5548/4987 4175/5523/4962 4176/5621/4964 4196/5619/4988
f 4196/5549/4988 4176/5525/4964 4177/5527/4966 4197/5550/4989
f 4197/5550/4989 4177/5527/4966 4178/5529/4968 4198/5551/4990
f 4198/5551/4990 4178/5529/4968 4179/5531/4970 4199/5552/4991
f 4199/5552/4991 4179/5531/4970 4180/5533/4972 4200/5553/4992
f 4191/5544/4983 4200/5553/4992 4180/5533/4972 4171/5515/4953
f 4191/5544/4983 4211/5605/4993 4220/5596/4994 4200/5553/4992
f 4181/5534/4973 4201/5615/4995 4202/5614/4996 4182/5535/4975
f 4199/5552/4991 4200/5553/4992 4220/5596/4994 4219/5597/4997
f 4198/5551/4990 4199/5552/4991 4219/5597/4997 4218/5598/4998
f 4197/5550/4989 4198/5551/4990 4218/5598/4998 4217/5599/4999
f 4196/5549/4988 4197/5550/4989 4217/5599/4999 4216/5600/5000
f 4195/5548/4987 4196/5619/4988 4216/5616/5000 4215/5601/5001
f 4194/5547/4986 4195/5548/4987 4215/5601/5001 4214/5602/5002
f 4193/5546/4985 4194/5547/4986 4214/5602/5002 4213/5603/5003
f 4192/5545/4984 4193/5546/4985 4213/5603/5003 4212/5604/5004
f 4191/5544/4983 4192/5545/4984 4212/5604/5004 4211/5605/4993
f 4182/5535/4975 4202/5614/4996 4203/5613/5005 4183/5536/4976
f 4183/5536/4976 4203/5613/5005 4204/5612/5006 4184/5537/4977
f 4184/5537/4977 4204/5612/5006 4205/5611/5007 4185/5538/4978
f 4185/5538/4978 4205/5611/5007 4206/5610/5008 4186/5539/4979
f 4186/5618/4979 4206/5617/5008 4207/5609/5009 4187/5540/4980
f 4187/5540/4980 4207/5609/5009 4208/5608/5010 4188/5541/4981
f 4188/5541/4981 4208/5608/5010 4209/5607/5011 4189/5542/4982
f 4189/5542/4982 4209/5607/5011 4210/5606/5012 4190/5543/4974
f 4181/5534/4973 4190/5543/4974 4210/5606/5012 4201/5615/4995
f 4221/5575/5013 4223/5574/5014 4232/5586/5015
f 4223/5574/5014 4201/5555/4995 4210/5573/5012 4232/5586/5015
f 4211/5554/4993 4233/5576/5016 4242/5595/5017 4220/5556/4994
f 4233/5576/5016 4222/5577/5018 4242/5595/5017
f 4201/5555/4995 4223/5574/5014 4224/5578/5019 4202/5565/4996
f 4223/5574/5014 4221/5575/5013 4224/5578/5019
f 4202/5565/4996 4224/5578/5019 4225/5579/5020 4203/5566/5005
f 4224/5578/5019 4221/5575/5013 4225/5579/5020
f 4203/5566/5005 4225/5579/5020 4226/5580/5021 4204/5567/5006
f 4225/5579/5020 4221/5575/5013 4226/5580/5021
f 4204/5567/5006 4226/5580/5021 4227/5581/5022 4205/5568/5007
f 4226/5580/5021 4221/5575/5013 4227/5581/5022
f 4205/5568/5007 4227/5581/5022 4228/5582/5023 4206/5569/5008
f 4227/5581/5022 4221/5575/5013 4228/5582/5023
f 4206/5569/5008 4228/5582/5023 4229/5583/5024 4207/5570/5009
f 4228/5582/5023 4221/5575/5013 4229/5583/5024
f 4207/5570/5009 4229/5583/5024 4230/5584/5025 4208/5571/5010
f 4229/5583/5024 4221/5575/5013 4230/5584/5025
f 4208/5571/5010 4230/5584/5025 4231/5585/5026 4209/5572/5011
f 4230/5584/5025 4221/5575/5013 4231/5585/5026
f 4209/5572/5011 4231/5585/5026 4232/5586/5015 4210/5573/5012
f 4231/5585/5026 4221/5575/5013 4232/5586/5015
f 4222/5577/5018 4233/5576/5016 4234/5587/5027
f 4233/5576/5016 4211/5554/4993 4212/5564/5004 4234/5587/5027
f 4222/5577/5018 4234/5587/5027 4235/5588/5028
f 4234/5587/5027 4212/5564/5004 4213/5563/5003 4235/5588/5028
f 4222/5577/5018 4235/5588/5028 4236/5589/5029
f 4235/5588/5028 4213/5563/5003 4214/5562/5002 4236/5589/5029
f 4222/5577/5018 4236/5589/5029 4237/5590/5030
f 4236/5589/5029 4214/5562/5002 4215/5561/5001 4237/5590/5030
f 4222/5577/5018 4237/5590/5030 4238/5591/5031
f 4237/5590/5030 4215/5561/5001 4216/5560/5000 4238/5591/5031
f 4222/5577/5018 4238/5591/5031 4239/5592/5032
f 4238/5591/5031 4216/5560/5000 4217/5559/4999 4239/5592/5032
f 4222/5577/5018 4239/5592/5032 4240/5593/5033
f 4239/5592/5032 4217/5559/4999 4218/5558/4998 4240/5593/5033
f 4222/5577/5018 4240/5593/5033 4241/5594/5034
f 4240/5593/5033 4218/5558/4998 4219/5557/4997 4241/5594/5034
f 4222/5577/5018 4241/5594/5034 4242/5595/5017
f 4241/5594/5034 4219/5557/4997 4220/5556/4994 4242/5595/5017
