# This file uses centimeters as units for non-parametric coordinates.

mtllib SU20.mtl
g default
v -631.735840 -1.013658 293.255676
v -638.099243 -1.013658 290.619904
v -640.734985 -1.013658 284.256561
v -638.099243 857.568970 284.256561
v -640.734985 851.205566 284.256561
v -638.099243 851.205566 290.619904
v -631.735840 851.205566 293.255676
v -631.735840 857.568970 290.619904
v -631.735840 860.204712 284.256561
v -638.099243 857.568970 -297.619629
v -631.735840 860.204712 -297.619629
v -631.735840 857.568970 -303.982971
v -631.735840 851.205566 -306.618774
v -638.099243 851.205566 -303.982971
v -640.734985 851.205566 -297.619629
v -640.734985 -1.013658 -297.619629
v -638.099243 -1.013658 -303.982971
v -631.735840 -1.013658 -306.618774
v -82.142380 -1.013657 284.256561
v -84.778152 -1.013657 290.619904
v -91.141479 -1.013657 293.255676
v -91.141479 857.568970 290.619904
v -91.141479 851.205566 293.255676
v -84.778152 851.205566 290.619904
v -82.142380 851.205566 284.256561
v -84.778152 857.568970 284.256561
v -91.141479 860.204712 284.256561
v -84.778152 857.568970 -297.619629
v -82.142380 851.205566 -297.619629
v -84.778152 851.205566 -303.982971
v -91.141479 851.205566 -306.618774
v -91.141479 857.568970 -303.982971
v -91.141479 860.204712 -297.619629
v -91.141479 -1.013657 -306.618774
v -84.778152 -1.013657 -303.982971
v -82.142380 -1.013657 -297.619629
v -636.929688 856.399414 289.450378
v -636.929688 856.399414 -302.813477
v -85.947662 856.399414 289.450378
v -85.947662 856.399414 -302.813477
vt 0.290843 2.130172
vt 0.279859 2.130173
vt 0.260282 0.771044
vt 0.290723 0.771043
vt 0.247758 2.130174
vt 0.247618 0.771045
vt 1.486523 -0.662088
vt 1.497368 -0.660480
vt 1.497223 0.268483
vt 1.486342 0.270091
vt 1.218705 0.770961
vt 1.508321 -0.660076
vt 1.508186 0.268091
vt 1.229690 0.770960
vt -1.451408 2.133053
vt 1.218826 2.130090
vt -1.440552 0.773933
vt -1.440423 2.133052
vt -0.746237 2.130251
vt -0.758901 2.130252
vt 1.229949 0.770741
vt -0.746376 0.771121
vt 1.219094 2.129861
vt 1.218965 0.770742
vt -0.578412 0.773851
vt -0.567428 0.773850
vt 0.280134 2.129951
vt 2.371052 -0.670926
vt 2.370653 -0.659974
vt 1.507921 -0.671036
vt -0.578283 2.132970
vt 0.290989 0.770831
vt 0.291118 2.129950
vt 2.384874 0.282554
vt 2.379284 0.276970
vt 2.372655 -0.681769
vt 1.506303 -0.681917
vt 2.370918 0.279153
vt 2.372535 0.290033
vt 1.506183 0.289885
vt 1.507786 0.279042
vt 2.370517 0.268192
vt 2.381615 -0.660367
vt 2.381470 0.268596
vt 2.392496 -0.661974
vt 2.392315 0.270203
vt 1.499554 -0.668854
vt 1.493964 -0.674438
vt 1.493825 0.282441
vt 1.499408 0.276852
vt 2.379430 -0.668736
vt 2.385013 -0.674324
vt -1.451537 0.773934
vt 1.229811 2.130089
vt 1.230079 2.129860
vt -0.759041 0.771123
vt 0.260422 2.130173
vt 0.279738 0.771044
vt 0.280005 0.770832
vt -0.567299 2.132968
vn -0.999927 -0.002398 0.011829
vn -0.707107 -0.001621 0.707105
vn -0.707107 0.001621 0.707105
vn -0.999927 0.002398 0.011829
vn -0.707107 -0.001621 0.707105
vn -0.010566 -0.002401 0.999941
vn -0.010566 0.002401 0.999941
vn -0.707107 0.001621 0.707105
vn -0.999927 0.002398 0.011829
vn -0.707110 0.707103 0.000000
vn -0.707088 0.707081 -0.007984
vn -0.999927 0.002398 -0.011829
vn -0.707088 0.707081 0.007984
vn -0.010587 0.999944 0.000000
vn -0.010484 0.999876 -0.011749
vn -0.707088 0.707081 -0.007984
vn 0.007126 0.707087 0.707091
vn 0.010484 0.999876 0.011749
vn -0.010484 0.999876 0.011749
vn 0.000000 0.923881 0.382680
vn 0.010566 0.002401 0.999941
vn 0.007126 0.707087 0.707091
vn -0.007126 0.707087 0.707091
vn 0.000000 0.002422 0.999997
vn 0.007126 0.707087 -0.707091
vn 0.010566 0.002401 -0.999941
vn -0.010566 0.002401 -0.999941
vn 0.000000 0.382681 -0.923881
vn 0.010484 0.999876 -0.011749
vn 0.007126 0.707087 -0.707091
vn -0.007126 0.707087 -0.707091
vn 0.000000 0.999930 -0.011852
vn -0.999927 0.002398 -0.011829
vn -0.707107 0.001621 -0.707105
vn -0.707107 -0.001621 -0.707105
vn -0.999927 -0.002398 -0.011829
vn -0.707107 0.001621 -0.707105
vn -0.010566 0.002401 -0.999941
vn -0.010566 -0.002401 -0.999941
vn -0.707107 -0.001621 -0.707105
vn 0.010566 -0.002401 0.999941
vn 0.707106 -0.001621 0.707106
vn 0.707106 0.001621 0.707106
vn 0.010566 0.002401 0.999941
vn 0.707106 -0.001621 0.707106
vn 0.999927 -0.002398 0.011829
vn 0.999927 0.002398 0.011829
vn 0.707106 0.001621 0.707106
vn 0.010484 0.999876 0.011749
vn 0.382679 0.923881 0.000000
vn 0.707086 0.707083 -0.007984
vn 0.010484 0.999876 -0.011749
vn 0.707086 0.707083 0.007984
vn 0.999997 0.002422 0.000000
vn 0.999927 0.002398 -0.011829
vn 0.707086 0.707083 -0.007984
vn 0.010566 0.002401 -0.999941
vn 0.707106 0.001621 -0.707106
vn 0.707106 -0.001621 -0.707106
vn 0.010566 -0.002401 -0.999941
vn 0.707106 0.001621 -0.707106
vn 0.999927 0.002398 -0.011829
vn 0.999927 -0.002398 -0.011829
vn 0.707106 -0.001621 -0.707106
vn 0.010566 -0.002401 0.999941
vn 0.010566 0.002401 0.999941
vn -0.010566 0.002401 0.999941
vn 0.000000 0.000000 1.000000
vn 0.000000 1.000000 0.000000
vn 0.000000 1.000000 0.000000
vn 0.000000 1.000000 0.000000
vn 0.000000 1.000000 0.000000
vn 0.010566 0.002401 -0.999941
vn 0.000000 -0.002422 -0.999997
vn -0.010566 -0.002401 -0.999941
vn 0.000000 0.000000 -1.000000
vn 0.999927 0.002398 0.011829
vn 0.999927 -0.002398 0.011829
vn 0.999927 -0.002398 -0.011829
vn 1.000000 0.000000 0.000000
vn -0.999927 -0.002398 0.011829
vn -0.999927 0.002398 0.011829
vn -0.999927 0.002398 -0.011829
vn -1.000000 0.000000 0.000000
vn -0.007126 0.707087 0.707091
vn -0.010484 0.999876 0.011749
vn -0.707088 0.707081 0.007984
vn -0.577351 0.577342 0.577358
vn -0.707088 0.707081 0.007984
vn -0.999927 0.002398 0.011829
vn -0.707107 0.001621 0.707105
vn -0.577351 0.577342 0.577358
vn -0.707107 0.001621 0.707105
vn -0.010566 0.002401 0.999941
vn -0.007126 0.707087 0.707091
vn -0.577351 0.577342 0.577358
vn -0.707107 0.001621 -0.707105
vn -0.999927 0.002398 -0.011829
vn -0.707088 0.707081 -0.007984
vn -0.577351 0.577343 -0.577357
vn -0.707088 0.707081 -0.007984
vn -0.010484 0.999876 -0.011749
vn -0.007126 0.707087 -0.707091
vn -0.577351 0.577343 -0.577357
vn -0.007126 0.707087 -0.707091
vn -0.010566 0.002401 -0.999941
vn -0.707107 0.001621 -0.707105
vn -0.577351 0.577343 -0.577357
vn 0.707086 0.707083 0.007984
vn 0.010484 0.999876 0.011749
vn 0.007126 0.707087 0.707091
vn 0.577352 0.577345 0.577354
vn 0.007126 0.707087 0.707091
vn 0.010566 0.002401 0.999941
vn 0.707106 0.001621 0.707106
vn 0.577352 0.577345 0.577354
vn 0.707106 0.001621 0.707106
vn 0.999927 0.002398 0.011829
vn 0.707086 0.707083 0.007984
vn 0.577352 0.577345 0.577354
vn 0.007126 0.707087 -0.707091
vn 0.010484 0.999876 -0.011749
vn 0.707086 0.707083 -0.007984
vn 0.577352 0.577346 -0.577353
vn 0.707086 0.707083 -0.007984
vn 0.999927 0.002398 -0.011829
vn 0.707106 0.001621 -0.707106
vn 0.577352 0.577346 -0.577353
vn 0.707106 0.001621 -0.707106
vn 0.010566 0.002401 -0.999941
vn 0.007126 0.707087 -0.707091
vn 0.577352 0.577346 -0.577353
s off
g Unit_Base_12 S_U_20
usemtl aiStandardSurface1SG7
f 3/1/1 2/2/2 6/58/3 5/4/4
f 2/57/5 1/5/6 7/6/7 6/3/8
f 5/7/9 4/8/10 10/9/11 15/10/12
f 4/8/13 9/12/14 11/13/15 10/9/16
f 22/28/17 27/29/18 9/12/19 8/30/20
f 23/36/21 22/28/22 8/30/23 7/37/24
f 32/38/25 31/39/26 13/40/27 12/41/28
f 33/42/29 32/38/30 12/41/31 11/13/32
f 15/11/33 14/14/34 17/54/35 16/16/36
f 14/53/37 13/17/38 18/18/39 17/15/40
f 21/19/41 20/20/42 24/56/43 23/22/44
f 20/55/45 19/23/46 25/24/47 24/21/48
f 27/29/49 26/43/50 28/44/51 33/42/52
f 26/43/53 25/45/54 29/46/55 28/44/56
f 31/25/57 30/26/58 35/60/59 34/31/60
f 30/59/61 29/32/62 36/33/63 35/27/64
f 21/19/65 23/22/66 7/6/67 1/5/68
f 27/29/69 33/42/70 11/13/71 9/12/72
f 31/25/73 34/31/74 18/18/75 13/17/76
f 25/24/77 19/23/78 36/33/79 29/32/80
f 3/1/81 5/4/82 15/11/83 16/16/84
f 8/30/85 9/12/86 4/8/87 37/47/88
f 4/8/89 5/7/90 6/48/91 37/47/92
f 6/48/93 7/37/94 8/30/95 37/47/96
f 14/49/97 15/10/98 10/9/99 38/50/100
f 10/9/101 11/13/102 12/41/103 38/50/104
f 12/41/105 13/40/106 14/49/107 38/50/108
f 26/43/109 27/29/110 22/28/111 39/51/112
f 22/28/113 23/36/114 24/52/115 39/51/116
f 24/52/117 25/45/118 26/43/119 39/51/120
f 32/38/121 33/42/122 28/44/123 40/35/124
f 28/44/125 29/46/126 30/34/127 40/35/128
f 30/34/129 31/39/130 32/38/131 40/35/132
g default
v -79.074776 0.010864 289.233154
v -81.699989 0.003845 282.913025
v -72.755806 0.000000 291.861084
v -79.074776 603.049561 289.233154
v -72.755806 603.060425 291.861084
v -72.755531 609.377563 289.244934
v -72.763680 612.004761 282.924744
v -79.084084 609.375122 282.913879
v -81.699989 603.056641 282.913025
v -79.074776 603.049561 -316.982849
v -81.699989 603.056641 -310.662720
v -79.084663 609.375122 -310.664612
v -72.765602 612.004761 -310.676392
v -72.756508 609.377563 -316.995239
v -72.755806 603.060425 -319.610779
v -79.074776 0.010864 -316.982849
v -72.755806 0.000000 -319.610779
v -81.699989 0.003845 -310.662720
v 293.913269 0.010864 289.233154
v 287.594299 0.000000 291.861084
v 296.538483 0.003845 282.913025
v 293.913269 603.049561 289.233154
v 296.538483 603.056641 282.913025
v 293.923157 609.375122 282.914917
v 287.604065 612.004761 282.926697
v 287.595001 609.377563 289.245483
v 287.594299 603.060425 291.861084
v 293.913269 603.049561 -316.982849
v 287.594299 603.060425 -319.610779
v 287.594055 609.377563 -316.994690
v 287.602173 612.004761 -310.674500
v 293.922577 609.375122 -310.663635
v 296.538483 603.056641 -310.662720
v 287.582672 0.011566 -319.610779
v 293.909851 0.016785 -316.982910
v 296.538483 0.003845 -310.662720
v -77.914955 608.207275 288.073669
v -77.915382 608.207275 -315.823792
v 292.753876 608.207275 288.074097
v 292.753479 608.207275 -315.823425
vt 0.406501 0.038914
vt 0.417199 0.038924
vt 0.417303 0.981515
vt 0.406606 0.981528
vt 0.427895 0.038906
vt 0.505433 0.013917
vt 0.511043 0.014115
vt 0.511105 0.501942
vt 0.505492 0.502136
vt 0.008588 0.498467
vt 0.002964 0.498461
vt 0.493957 0.501549
vt 0.008552 0.002964
vt 0.488370 0.997049
vt 0.488333 0.501540
vt 0.428000 0.981531
vt 0.991148 0.038843
vt 0.499884 0.013097
vt 0.499925 0.502959
vt 1.001845 0.038859
vt 1.001950 0.981450
vt 0.991253 0.981469
vt 1.012542 0.038847
vt 0.192286 0.997070
vt 0.186663 0.997062
vt 0.510837 0.008509
vt 0.807441 0.008468
vt 0.807238 0.014066
vt 0.186629 0.501576
vt 0.192259 0.501571
vt 0.181040 0.997068
vt 1.012647 0.981460
vt 0.811791 0.506381
vt 0.814656 0.509236
vt 0.509996 0.002943
vt 0.808269 0.002930
vt 0.510074 0.513079
vt 0.510902 0.507541
vt 0.807506 0.507499
vt 0.808347 0.513065
vt 0.807299 0.501893
vt 0.812851 0.013872
vt 0.812910 0.502091
vt 0.818417 0.013049
vt 0.818458 0.502911
vt 0.503686 0.006772
vt 0.506551 0.009627
vt 0.503752 0.509279
vt 0.506611 0.506420
vt 0.814591 0.006729
vt 0.811732 0.009588
vt 0.493993 0.997039
vt 0.002930 0.002971
vt 1.940342 0.038744
vt 1.940447 0.981357
vt 0.181005 0.501566
vn -0.999886 -0.004231 0.014493
vn -0.923619 -0.002653 0.383302
vn -0.923619 0.002654 0.383302
vn -0.999886 0.004231 0.014493
vn -0.383701 -0.002652 0.923454
vn -0.017375 -0.004222 0.999840
vn -0.017375 0.004222 0.999840
vn -0.383701 0.002653 0.923454
vn -0.384552 0.923042 0.010646
vn -0.019168 0.999816 0.000000
vn -0.018905 0.999697 -0.015755
vn -0.384589 0.923027 -0.010643
vn -0.999886 0.004231 0.014493
vn -0.924203 0.381903 0.000001
vn -0.924508 0.381016 -0.010570
vn -0.999886 0.004231 -0.014493
vn -0.018905 0.999697 0.015756
vn -0.000002 0.922926 0.384978
vn 0.012749 0.923278 0.383921
vn 0.018904 0.999697 0.015755
vn -0.012671 0.381031 0.924476
vn 0.000000 0.004297 0.999991
vn 0.017375 0.004222 0.999840
vn 0.012672 0.380995 0.924490
vn -0.999886 0.004231 -0.014493
vn -0.923619 0.002653 -0.383302
vn -0.923619 -0.002654 -0.383302
vn -0.999886 -0.004231 -0.014493
vn -0.383701 0.002652 -0.923454
vn -0.017375 0.004222 -0.999840
vn -0.017375 -0.004222 -0.999840
vn -0.383701 -0.002653 -0.923454
vn -0.017375 0.004222 -0.999840
vn 0.000001 0.382063 -0.924136
vn 0.012672 0.381032 -0.924475
vn 0.017375 0.004222 -0.999840
vn -0.012749 0.923276 -0.383926
vn 0.000000 0.999872 -0.016007
vn 0.018905 0.999697 -0.015756
vn 0.012753 0.923294 -0.383881
vn 0.017375 -0.004222 0.999840
vn 0.383701 -0.002653 0.923454
vn 0.383701 0.002652 0.923454
vn 0.017375 0.004222 0.999840
vn 0.999886 -0.004231 0.014493
vn 0.999886 0.004231 0.014493
vn 0.018904 0.999697 0.015755
vn 0.385462 0.922724 -0.000001
vn 0.384552 0.923042 -0.010646
vn 0.018905 0.999697 -0.015756
vn 0.924508 0.381016 0.010570
vn 0.999991 0.004293 0.000000
vn 0.999886 0.004231 -0.014501
vn 0.924493 0.381053 -0.010570
vn 0.017375 0.004222 -0.999840
vn 0.383489 0.002647 -0.923542
vn 0.383484 -0.002660 -0.923544
vn 0.017381 -0.004224 -0.999840
vn 0.923532 0.002652 -0.383512
vn 0.999886 0.004231 -0.014501
vn 0.999886 -0.004232 -0.014494
vn 0.923530 -0.002654 -0.383517
vn -0.017375 0.004222 0.999840
vn -0.017375 -0.004222 0.999840
vn 0.999886 -0.004232 -0.014494
vn 0.999886 0.004231 -0.014501
vn 0.019168 0.999816 0.000000
vn 0.018905 0.999697 -0.015756
vn -0.018905 0.999697 -0.015755
vn -0.018905 0.999697 0.015756
vn -0.017375 0.004222 -0.999840
vn 0.017375 0.004222 -0.999840
vn 0.017381 -0.004224 -0.999840
vn -0.017375 -0.004222 -0.999840
vn -0.924493 0.381052 0.010570
vn -0.999886 0.004231 0.014493
vn -0.923619 0.002654 0.383302
vn -0.887536 0.324976 0.326605
vn -0.383701 0.002653 0.923454
vn -0.017375 0.004222 0.999840
vn -0.012671 0.381031 0.924476
vn -0.327133 0.325030 0.887322
vn -0.012753 0.923294 0.383881
vn -0.018905 0.999697 0.015756
vn -0.384552 0.923042 0.010646
vn -0.327152 0.886709 0.326678
vn -0.012672 0.380996 -0.924490
vn -0.017375 0.004222 -0.999840
vn -0.383701 0.002652 -0.923454
vn -0.327159 0.324926 -0.887350
vn -0.923619 0.002653 -0.383302
vn -0.999886 0.004231 -0.014493
vn -0.924508 0.381016 -0.010570
vn -0.887564 0.324874 -0.326631
vn -0.384589 0.923027 -0.010643
vn -0.018905 0.999697 -0.015755
vn -0.012749 0.923276 -0.383926
vn -0.327226 0.886657 -0.326747
vn 0.012672 0.380995 0.924490
vn 0.017375 0.004222 0.999840
vn 0.383701 0.002652 0.923454
vn 0.327159 0.324927 0.887350
vn 0.923619 0.002653 0.383302
vn 0.999886 0.004231 0.014493
vn 0.924508 0.381016 0.010570
vn 0.887564 0.324874 0.326629
vn 0.384587 0.923028 0.010643
vn 0.018904 0.999697 0.015755
vn 0.012749 0.923278 0.383921
vn 0.327227 0.886657 0.326746
vn 0.924493 0.381053 -0.010570
vn 0.999886 0.004231 -0.014501
vn 0.923532 0.002652 -0.383512
vn 0.887536 0.324977 -0.326605
vn 0.383489 0.002647 -0.923542
vn 0.017375 0.004222 -0.999840
vn 0.012672 0.381032 -0.924475
vn 0.327135 0.325029 -0.887321
vn 0.012753 0.923294 -0.383881
vn 0.018905 0.999697 -0.015756
vn 0.384552 0.923042 -0.010646
vn 0.327153 0.886711 -0.326673
s off
g S_U_20 Unit_Base_13
usemtl TsL07_Network1:set1
f 42/61/133 41/62/134 44/63/135 49/64/136
f 41/62/137 43/65/138 45/76/139 44/63/140
f 48/66/141 47/67/142 53/68/143 52/69/144
f 49/78/145 48/66/146 52/69/147 51/79/148
f 47/67/149 46/86/150 66/87/151 65/88/152
f 46/86/153 45/95/154 67/96/155 66/87/156
f 51/70/157 50/71/158 56/113/159 58/73/160
f 50/112/161 55/74/162 57/75/163 56/72/164
f 55/97/165 54/98/166 70/99/167 69/100/168
f 54/98/169 53/68/170 71/101/171 70/99/172
s 1
f 60/77/173 59/80/174 62/81/175 67/82/176
f 59/80/174 61/83/177 63/92/178 62/81/175
s off
f 65/88/179 64/102/180 72/103/181 71/101/182
f 64/102/183 63/104/184 73/105/185 72/103/186
f 69/84/187 68/85/188 75/89/189 74/90/190
f 68/85/191 73/91/192 76/116/193 75/89/194
s 1
f 45/76/195 43/65/196 60/77/173 67/82/176
f 63/92/178 61/83/177 76/114/197 73/115/198
s off
f 65/88/199 71/101/200 53/68/201 47/67/202
f 55/74/203 69/84/204 74/90/205 57/75/206
f 48/66/207 49/78/208 44/106/209 77/107/210
f 44/106/211 45/95/212 46/86/213 77/107/214
f 46/86/215 47/67/216 48/66/217 77/107/218
f 54/98/219 55/97/220 50/108/221 78/109/222
f 50/108/223 51/79/224 52/69/225 78/109/226
f 52/69/227 53/68/228 54/98/229 78/109/230
f 66/87/231 67/96/232 62/110/233 79/111/234
f 62/110/235 63/104/236 64/102/237 79/111/238
f 64/102/239 65/88/240 66/87/241 79/111/242
f 72/103/243 73/105/244 68/94/245 80/93/246
f 68/94/247 69/100/248 70/99/249 80/93/250
f 70/99/251 71/101/252 72/103/253 80/93/254
g default
v 300.794098 -3.984482 222.498123
v 297.783356 -3.984482 221.251022
v 296.536285 -3.984482 218.240311
v 296.536285 329.800537 218.240311
v 297.783356 329.800537 221.251022
v 300.794098 329.800537 222.498123
v 300.794098 329.800537 -245.459793
v 297.783356 329.800537 -244.212723
v 296.536285 329.800537 -241.201981
v 296.536285 -3.984482 -241.201981
v 297.783356 -3.984482 -244.212723
v 300.794098 -3.984482 -245.459793
v 607.132202 -3.984482 218.240311
v 605.885132 -3.984482 221.251022
v 602.874390 -3.984482 222.498123
v 602.874390 329.800537 222.498123
v 605.885132 329.800537 221.251022
v 607.132202 329.800537 218.240311
v 607.132202 329.800537 -241.201981
v 605.885132 329.800537 -244.212723
v 602.874390 329.800537 -245.459793
v 602.874390 -3.984482 -245.459793
v 605.885132 -3.984482 -244.212723
v 607.132202 -3.984482 -241.201981
vt -1.485430 -0.624186
vt -1.473055 -0.624189
vt -1.472733 0.643403
vt -1.485109 0.643406
vt -1.460679 -0.624192
vt -1.460357 0.643400
vt 2.653067 0.642356
vt 2.640691 0.642359
vt 2.640369 -0.625233
vt 2.652745 -0.625236
vt 2.628315 0.642362
vt 2.627993 -0.625230
vt -0.313490 -0.624483
vt -0.301114 -0.624487
vt -0.131480 0.643105
vt -0.313168 0.643109
vt -0.119427 -0.624490
vt -0.119105 0.643102
vt 1.481127 0.642653
vt 1.468751 0.642656
vt 1.637741 -0.624936
vt 1.480805 -0.624939
vt 1.625687 0.642660
vt 1.625365 -0.624933
vt -0.131802 -0.624487
vt -0.300792 0.643105
vt 1.638063 0.642656
vt 1.468429 -0.624936
vn -0.923880 0.000000 0.382682
vn -0.923880 0.000000 0.382682
vn -0.923880 0.000000 0.382682
vn -0.923880 0.000000 0.382682
vn -0.382682 0.000000 0.923880
vn -0.382682 0.000000 0.923880
vn -0.382682 0.000000 0.923880
vn -0.382682 0.000000 0.923880
vn -0.923880 0.000000 -0.382682
vn -0.923880 0.000000 -0.382682
vn -0.923880 0.000000 -0.382682
vn -0.923880 0.000000 -0.382682
vn -0.382682 0.000000 -0.923880
vn -0.382682 0.000000 -0.923880
vn -0.382682 0.000000 -0.923880
vn -0.382682 0.000000 -0.923880
vn 0.382682 0.000000 0.923880
vn 0.382682 0.000000 0.923880
vn 0.382682 0.000000 0.923880
vn 0.382682 0.000000 0.923880
vn 0.923880 0.000000 0.382682
vn 0.923880 0.000000 0.382682
vn 0.923880 0.000000 0.382682
vn 0.923880 0.000000 0.382682
vn 0.382682 0.000000 -0.923880
vn 0.382682 0.000000 -0.923880
vn 0.382682 0.000000 -0.923880
vn 0.382682 0.000000 -0.923880
vn 0.923880 0.000000 -0.382682
vn 0.923880 0.000000 -0.382682
vn 0.923880 0.000000 -0.382682
vn 0.923880 0.000000 -0.382682
vn 0.000000 0.000000 1.000000
vn 0.000000 0.000000 1.000000
vn 0.000000 0.000000 1.000000
vn 0.000000 0.000000 1.000000
vn 0.000000 0.000000 -1.000000
vn 0.000000 0.000000 -1.000000
vn 0.000000 0.000000 -1.000000
vn 0.000000 0.000000 -1.000000
vn 1.000000 0.000000 0.000000
vn 1.000000 0.000000 0.000000
vn 1.000000 0.000000 0.000000
vn 1.000000 0.000000 0.000000
s off
g S_U_20 Unit_Base_14
usemtl aiStandardSurface1SG9
f 83/117/255 82/118/256 85/119/257 84/120/258
f 82/118/259 81/121/260 86/122/261 85/119/262
f 89/123/263 88/124/264 91/125/265 90/126/266
f 88/124/267 87/127/268 92/128/269 91/125/270
f 95/129/271 94/130/272 97/142/273 96/132/274
f 94/141/275 93/133/276 98/134/277 97/131/278
f 101/135/279 100/136/280 103/144/281 102/138/282
f 100/143/283 99/139/284 104/140/285 103/137/286
f 86/122/287 81/121/288 95/129/289 96/132/290
f 102/138/291 92/128/292 87/127/293 101/135/294
f 98/134/295 93/133/296 104/140/297 99/139/298
g default
v -643.054199 801.150635 300.709595
v -646.267822 801.159058 292.706604
v -638.550781 804.614624 285.400269
v -635.353882 812.348267 282.448608
v -632.246826 812.299683 290.018738
v -624.745361 812.251099 293.154236
v -627.780273 804.576050 296.357239
v -635.295654 801.142456 304.024597
v -83.599823 801.150635 300.709595
v -91.358368 801.142456 304.024597
v -98.971130 804.606445 296.367188
v -102.011078 812.353271 293.154236
v -94.437164 812.294556 290.051575
v -91.300110 812.236206 282.560669
v -88.091431 804.577759 285.484863
v -80.386169 801.159058 292.706604
v -643.054199 867.792236 300.709656
v -635.295654 867.800781 304.024597
v -627.682861 864.336426 296.367188
v -624.642944 856.589600 293.154236
v -632.216797 856.648682 290.051575
v -635.353882 856.707031 282.560669
v -638.562622 864.365234 285.484863
v -646.267822 867.784180 292.706604
v -83.599823 867.792236 300.709656
v -80.386139 867.784180 292.706604
v -88.103210 864.328613 285.400269
v -91.300110 856.594971 282.448608
v -94.407196 856.643555 290.018738
v -101.908661 856.692139 293.154236
v -98.873749 864.367188 296.357300
v -91.358337 867.800781 304.024597
v -643.054199 867.792236 -313.523895
v -646.267822 867.784180 -305.520844
v -638.550781 864.328613 -298.214508
v -635.353882 856.594971 -295.262848
v -632.246826 856.643555 -302.832977
v -624.745361 856.692139 -305.968475
v -627.780273 864.367188 -309.171539
v -635.295654 867.800781 -316.838837
v -83.599823 867.792236 -313.523895
v -91.358337 867.800781 -316.838837
v -98.971130 864.336426 -309.181427
v -102.011078 856.589600 -305.968475
v -94.437164 856.648682 -302.865814
v -91.300110 856.707031 -295.374908
v -88.091431 864.365234 -298.299103
v -80.386139 867.784180 -305.520844
v -643.054199 801.150635 -313.523834
v -635.295654 801.142456 -316.838837
v -627.682861 804.606445 -309.181427
v -624.642944 812.353271 -305.968475
v -632.216919 812.294556 -302.865814
v -635.353882 812.236206 -295.374908
v -638.562622 804.577759 -298.299103
v -646.267822 801.159058 -305.520844
v -83.599823 801.150635 -313.523834
v -80.386169 801.159058 -305.520844
v -88.103241 804.614624 -298.214508
v -91.300110 812.348267 -295.262848
v -94.407196 812.299683 -302.832977
v -101.908630 812.251099 -305.968475
v -98.873749 804.576050 -309.171539
v -91.358368 801.142456 -316.838837
v -665.698730 803.489624 311.509827
v -657.657593 800.654175 303.693298
v -654.069458 800.668579 310.975159
v -645.405762 800.683960 313.994080
v -654.347900 803.484863 322.267822
v -658.225586 810.974609 325.615479
v -665.880005 810.973511 322.445984
v -669.050537 810.970825 314.794250
v -60.955292 803.489624 311.509827
v -57.603455 810.970825 314.794250
v -60.703278 810.850952 322.446472
v -68.188385 810.734375 325.615479
v -71.955109 803.420288 322.315979
v -80.801147 800.673828 314.213806
v -72.454315 800.663696 311.134277
v -68.996460 800.654175 303.693298
v -60.955292 865.453125 311.509827
v -68.996460 868.288818 303.693298
v -72.584564 868.274414 310.975159
v -81.248199 868.259277 313.994080
v -72.306091 865.457764 322.267822
v -68.428375 857.968506 325.615479
v -60.774017 857.969482 322.445984
v -57.603455 857.972168 314.794250
v -665.698730 865.453125 311.509827
v -669.050537 857.972168 314.794250
v -665.950806 858.091797 322.446472
v -658.465698 858.208496 325.615479
v -654.698853 865.522705 322.315979
v -645.852905 868.269287 314.213867
v -654.199707 868.279297 311.134277
v -657.657593 868.288818 303.693298
v -665.698730 865.453125 -324.324066
v -657.657593 868.288818 -316.507538
v -654.069458 868.274414 -323.789398
v -645.405762 868.259277 -326.808319
v -654.347900 865.457764 -335.082062
v -658.225586 857.968506 -338.429718
v -665.880005 857.969482 -335.260223
v -669.050537 857.972168 -327.608490
v -60.955292 865.453125 -324.324066
v -57.603455 857.972168 -327.608490
v -60.703278 858.091797 -335.260712
v -68.188385 858.208496 -338.429718
v -71.955109 865.522705 -335.130219
v -80.801147 868.269287 -327.028107
v -72.454285 868.279297 -323.948517
v -68.996460 868.288818 -316.507538
v -60.955292 803.489624 -324.324066
v -68.996460 800.654175 -316.507538
v -72.584625 800.668579 -323.789398
v -81.248230 800.683960 -326.808319
v -72.306122 803.484863 -335.082062
v -68.428406 810.974609 -338.429718
v -60.774017 810.973511 -335.260223
v -57.603455 810.970825 -327.608490
v -665.698730 803.489624 -324.324066
v -669.050537 810.970825 -327.608490
v -665.950806 810.850952 -335.260712
v -658.465698 810.734375 -338.429718
v -654.698853 803.420288 -335.130219
v -645.852905 800.673828 -327.028046
v -654.199707 800.663696 -323.948517
v -657.657593 800.654175 -316.507538
v -635.367065 804.595337 293.165405
v -91.304993 804.592773 293.190491
v -635.348999 864.350342 293.190491
v -91.286957 864.347900 293.165405
v -635.367065 864.347900 -305.979645
v -91.304993 864.350342 -306.004730
v -635.348999 804.592773 -306.004730
v -91.286957 804.595337 -305.979645
v -662.401611 803.489380 319.068787
v -64.158325 803.455444 319.116516
v -64.252472 865.453369 319.068787
v -662.495728 865.487305 319.116516
v -662.401611 865.453369 -331.883026
v -64.158325 865.487305 -331.930756
v -64.252472 803.489380 -331.883026
v -662.495728 803.455444 -331.930756
vt 0.517906 0.628703
vt 0.519490 0.631743
vt 0.515712 0.635238
vt 0.514194 0.632572
vt 0.522499 0.633290
vt 0.518910 0.636542
vt 0.523311 0.624643
vt 0.520633 0.626002
vt 0.520703 0.425501
vt 0.523355 0.426890
vt 0.517985 0.422799
vt 0.525306 0.630588
vt 0.701181 0.630494
vt 0.704015 0.633196
vt 0.526721 0.627937
vt 0.699758 0.627820
vt 0.706972 0.631614
vt 0.710790 0.635170
vt 0.707750 0.636508
vt 0.708504 0.628546
vt 0.304125 0.582883
vt 0.301167 0.584466
vt 0.297349 0.580910
vt 0.300389 0.579571
vt 0.299636 0.587534
vt 0.295914 0.583651
vt 0.308381 0.588259
vt 0.306959 0.585585
vt 0.482834 0.585484
vt 0.481419 0.588136
vt 0.485640 0.582782
vt 0.302354 0.590223
vt 0.302354 0.790479
vt 0.299622 0.793198
vt 0.305009 0.591591
vt 0.305041 0.789106
vt 0.490234 0.587369
vt 0.488650 0.584329
vt 0.492428 0.580834
vt 0.493946 0.583500
vt 0.489229 0.579530
vt 0.484829 0.591429
vt 0.487507 0.590070
vt 0.487445 0.790572
vt 0.484792 0.789182
vt 0.490163 0.793273
vt 0.301146 0.796282
vt 0.297380 0.799782
vt 0.295906 0.797082
vt 0.304100 0.797877
vt 0.300531 0.801123
vt 0.306882 0.795181
vt 0.712225 0.632429
vt 0.705786 0.625857
vt 0.705793 0.425601
vt 0.708526 0.422882
vt 0.703131 0.624489
vt 0.703107 0.426973
vt 0.522443 0.418183
vt 0.519503 0.419750
vt 0.515680 0.416187
vt 0.518699 0.414868
vt 0.514262 0.418909
vt 0.526732 0.423561
vt 0.525291 0.420887
vt 0.701266 0.420898
vt 0.699870 0.423542
vt 0.704048 0.418203
vt 0.707002 0.419798
vt 0.710768 0.416298
vt 0.712242 0.418998
vt 0.707617 0.414957
vt 0.511397 0.635283
vt 0.482857 0.795185
vt 0.485705 0.797889
vt 0.450483 0.944668
vt 0.511466 0.416176
vt 0.508715 0.636737
vt 0.508795 0.414700
vt 0.514101 0.642073
vt 0.515780 0.639403
vt 0.308278 0.792538
vt 0.481415 0.792512
vt 0.453220 0.944670
vt 0.488645 0.796323
vt 0.492468 0.799885
vt 0.453201 0.960239
vt 0.489449 0.801205
vt 0.493885 0.797163
vt 0.496743 0.580789
vt 0.496682 0.799896
vt 0.450473 0.960197
vt 0.455957 0.944670
vt 0.499425 0.579335
vt 0.499353 0.801372
vt 0.455887 0.960277
vt 0.494038 0.573999
vt 0.710829 0.639310
vt 0.712452 0.641931
vt 0.492359 0.576669
vt 0.717694 0.636619
vt 0.715021 0.635156
vt 0.715041 0.416274
vt 0.717719 0.414797
vt 0.712389 0.409427
vt 0.710732 0.412099
vt 0.297310 0.576770
vt 0.295687 0.574149
vt 0.290445 0.579461
vt 0.293118 0.580924
vt 0.515617 0.412064
vt 0.513987 0.409443
vt 0.522320 0.628987
vt 0.524315 0.626988
vt 0.293107 0.799806
vt 0.290429 0.801283
vt 0.295759 0.806653
vt 0.297416 0.803981
vt 0.704138 0.628848
vt 0.702125 0.626828
vt 0.650909 0.944477
vt 0.492531 0.804008
vt 0.494161 0.806629
vt 0.653595 0.944515
vt 0.304002 0.587231
vt 0.306015 0.589251
vt 0.653576 0.960084
vt 0.485820 0.587086
vt 0.650839 0.960084
vt 0.483825 0.589084
vt 0.231874 0.924922
vt 0.231864 0.940452
vt 0.303963 0.793516
vt 0.305956 0.791518
vt 0.485802 0.793548
vt 0.483785 0.791521
vt 0.497311 0.576107
vt 0.495277 0.578083
vt 0.294529 0.578180
vt 0.292516 0.576228
vt 0.292526 0.804539
vt 0.294541 0.802543
vt 0.495290 0.802619
vt 0.497301 0.804575
vt 0.656313 0.940474
vt 0.653576 0.940471
vt 0.653595 0.924903
vt 0.231874 0.944529
vt 0.650839 0.940472
vt 0.650909 0.924865
vt 0.455887 0.940667
vt 0.453201 0.940629
vt 0.453220 0.925061
vt 0.455957 0.925061
vt 0.450473 0.940588
vt 0.450483 0.925058
vt 0.522345 0.422525
vt 0.524363 0.424552
vt 0.704185 0.422563
vt 0.702191 0.424562
vt 0.510828 0.639965
vt 0.512862 0.637989
vt 0.713610 0.637900
vt 0.715623 0.639852
vt 0.715622 0.411541
vt 0.713607 0.413537
vt 0.512858 0.413454
vt 0.510847 0.411497
vt 0.656322 0.924945
vt 0.231864 0.960059
vt 0.656323 0.944557
vt 0.656313 0.960086
vn 0.031218 -0.999421 -0.013499
vn 0.031218 -0.999421 -0.013499
vn 0.031218 -0.999421 -0.013499
vn 0.031218 -0.999421 -0.013499
vn 0.090236 -0.991750 -0.091049
vn 0.001233 -0.986654 -0.162829
vn -0.000786 -0.980069 0.198657
vn -0.075712 -0.993483 0.085203
vn 0.997931 -0.063857 -0.007464
vn 0.922224 -0.386586 -0.007324
vn 0.922223 -0.386590 0.007280
vn 0.997907 -0.064259 0.007210
vn 0.405354 -0.914157 -0.002206
vn 0.147102 -0.989120 -0.001278
vn 0.147112 -0.989119 0.001280
vn 0.405316 -0.914174 0.002289
vn 0.001233 -0.986654 -0.162829
vn 0.002191 -0.912683 -0.408663
vn -0.002108 -0.912667 -0.408698
vn -0.001225 -0.986727 -0.162385
vn 0.006351 -0.386211 -0.922389
vn 0.006403 -0.064123 -0.997922
vn -0.006650 -0.063747 -0.997944
vn -0.006372 -0.386233 -0.922379
vn -0.001225 -0.986727 -0.162385
vn -0.089902 -0.991831 -0.090491
vn 0.077657 -0.993734 0.080386
vn 0.000601 -0.979840 0.199783
vn -0.089902 -0.991831 -0.090491
vn -0.147111 -0.989119 -0.001280
vn 0.204289 -0.978910 0.000789
vn 0.077657 -0.993734 0.080386
vn -0.147111 -0.989119 -0.001280
vn -0.405315 -0.914174 -0.002289
vn -0.405353 -0.914158 0.002206
vn -0.147102 -0.989121 0.001278
vn -0.922224 -0.386587 -0.007280
vn -0.997907 -0.064258 -0.007210
vn -0.997931 -0.063856 0.007464
vn -0.922226 -0.386583 0.007324
vn 0.001225 0.986727 -0.162385
vn 0.089908 0.991830 -0.090499
vn -0.077669 0.993733 0.080387
vn -0.000601 0.979836 0.199802
vn 0.089908 0.991830 -0.090499
vn 0.147104 0.989120 -0.001280
vn -0.204311 0.978906 0.000789
vn -0.077669 0.993733 0.080387
vn 0.006651 0.063747 -0.997944
vn 0.006373 0.386232 -0.922380
vn -0.006351 0.386209 -0.922389
vn -0.006403 0.064123 -0.997921
vn 0.002107 0.912664 -0.408705
vn 0.001225 0.986727 -0.162385
vn -0.001233 0.986654 -0.162826
vn -0.002191 0.912680 -0.408670
vn 0.147104 0.989120 -0.001280
vn 0.405314 0.914175 -0.002288
vn 0.405352 0.914158 0.002206
vn 0.147093 0.989122 0.001277
vn 0.922224 0.386588 -0.007281
vn 0.997907 0.064259 -0.007210
vn 0.997931 0.063857 0.007464
vn 0.922225 0.386585 0.007324
vn -0.147093 0.989122 -0.001277
vn -0.090239 0.991749 -0.091052
vn 0.075720 0.993481 0.085216
vn 0.204356 0.978896 0.000859
vn -0.090239 0.991749 -0.091052
vn -0.001233 0.986654 -0.162826
vn 0.000787 0.980065 0.198677
vn 0.075720 0.993481 0.085216
vn -0.997931 0.063857 -0.007464
vn -0.922224 0.386586 -0.007324
vn -0.922223 0.386590 0.007281
vn -0.997907 0.064259 0.007210
vn -0.405352 0.914158 -0.002206
vn -0.147093 0.989122 -0.001277
vn -0.147104 0.989120 0.001280
vn -0.405315 0.914174 0.002288
vn 0.147093 0.989122 0.001277
vn 0.090239 0.991749 0.091052
vn -0.075720 0.993481 -0.085216
vn -0.204356 0.978896 -0.000859
vn 0.090239 0.991749 0.091052
vn 0.001233 0.986654 0.162827
vn -0.000787 0.980065 -0.198677
vn -0.075720 0.993481 -0.085216
vn 0.001233 0.986654 0.162827
vn 0.002191 0.912680 0.408669
vn -0.002107 0.912664 0.408705
vn -0.001225 0.986727 0.162385
vn 0.006351 0.386209 0.922389
vn 0.006403 0.064123 0.997921
vn -0.006651 0.063747 0.997944
vn -0.006373 0.386232 0.922380
vn -0.001225 0.986727 0.162385
vn -0.089908 0.991830 0.090499
vn 0.077669 0.993733 -0.080386
vn 0.000601 0.979836 -0.199803
vn -0.089908 0.991830 0.090499
vn -0.147104 0.989120 0.001280
vn 0.204311 0.978906 -0.000789
vn 0.077669 0.993733 -0.080386
vn 0.001225 -0.986727 0.162385
vn 0.089902 -0.991831 0.090491
vn -0.077657 -0.993734 -0.080386
vn -0.000601 -0.979840 -0.199783
vn 0.089902 -0.991831 0.090491
vn 0.147112 -0.989119 0.001280
vn -0.204289 -0.978910 -0.000789
vn -0.077657 -0.993734 -0.080386
vn 0.006650 -0.063748 0.997944
vn 0.006372 -0.386234 0.922379
vn -0.006351 -0.386212 0.922388
vn -0.006403 -0.064123 0.997921
vn 0.002108 -0.912667 0.408699
vn 0.001225 -0.986727 0.162385
vn -0.001233 -0.986654 0.162829
vn -0.002191 -0.912683 0.408663
vn -0.147102 -0.989121 0.001278
vn -0.090236 -0.991750 0.091049
vn 0.075712 -0.993483 -0.085203
vn 0.204333 -0.978901 -0.000858
vn -0.090236 -0.991750 0.091049
vn -0.001233 -0.986654 0.162829
vn 0.000786 -0.980069 -0.198657
vn 0.075712 -0.993483 -0.085203
vn -0.204334 -0.978901 0.000858
vn -0.329239 -0.944240 0.003581
vn -0.329424 -0.944176 -0.003354
vn -0.204289 -0.978910 -0.000789
vn -0.911580 -0.411082 0.005730
vn -0.998217 -0.059323 0.006545
vn -0.998226 -0.059158 -0.006800
vn -0.911600 -0.411040 -0.005581
vn -0.005911 -0.058309 0.998281
vn -0.005247 -0.411695 0.911307
vn 0.004825 -0.411665 0.911322
vn 0.005603 -0.058849 0.998251
vn -0.002902 -0.947967 0.318357
vn -0.000786 -0.980069 0.198657
vn 0.000601 -0.979840 0.199783
vn 0.002678 -0.947991 0.318285
vn -0.998217 -0.059323 0.006545
vn -0.925342 -0.000698 0.379133
vn -0.925342 -0.000698 0.379133
vn -0.998225 0.059158 0.006799
vn -0.386182 -0.001277 0.922422
vn -0.005911 -0.058309 0.998281
vn -0.005603 0.058849 0.998251
vn -0.386182 -0.001277 0.922422
vn 0.998225 -0.059159 0.006800
vn 0.911599 -0.411043 0.005581
vn 0.911579 -0.411085 -0.005730
vn 0.998217 -0.059323 -0.006545
vn 0.329424 -0.944176 0.003354
vn 0.204289 -0.978910 0.000789
vn 0.204333 -0.978901 -0.000858
vn 0.329239 -0.944240 -0.003581
vn 0.005603 -0.058849 0.998251
vn 0.386180 0.001277 0.922423
vn 0.386180 0.001277 0.922423
vn 0.005911 0.058309 0.998281
vn 0.925340 0.000698 0.379139
vn 0.998225 -0.059159 0.006800
vn 0.998217 0.059324 0.006545
vn 0.925339 0.000698 0.379139
vn 0.204356 0.978896 0.000859
vn 0.329265 0.944231 0.003581
vn 0.329450 0.944167 -0.003354
vn 0.204311 0.978906 -0.000789
vn 0.911574 0.411096 0.005729
vn 0.998217 0.059324 0.006545
vn 0.998225 0.059159 -0.006800
vn 0.911594 0.411054 -0.005582
vn 0.005911 0.058309 0.998281
vn 0.005247 0.411696 0.911306
vn -0.004824 0.411667 0.911322
vn -0.005603 0.058849 0.998251
vn 0.002903 0.947958 0.318383
vn 0.000787 0.980065 0.198677
vn -0.000601 0.979836 0.199802
vn -0.002679 0.947983 0.318310
vn -0.998225 0.059158 0.006799
vn -0.911595 0.411051 0.005581
vn -0.911575 0.411093 -0.005729
vn -0.998217 0.059323 -0.006545
vn -0.329450 0.944167 0.003354
vn -0.204311 0.978906 0.000789
vn -0.204356 0.978896 -0.000859
vn -0.329265 0.944231 -0.003581
vn -0.005911 0.058309 -0.998281
vn -0.005247 0.411697 -0.911306
vn 0.004824 0.411667 -0.911322
vn 0.005603 0.058849 -0.998251
vn -0.002903 0.947957 -0.318384
vn -0.000787 0.980065 -0.198677
vn 0.000601 0.979836 -0.199803
vn 0.002679 0.947983 -0.318311
vn -0.998217 0.059323 -0.006545
vn -0.925342 0.000698 -0.379133
vn -0.925342 0.000698 -0.379133
vn -0.998226 -0.059158 -0.006800
vn -0.386180 0.001277 -0.922423
vn -0.005911 0.058309 -0.998281
vn -0.005603 -0.058849 -0.998251
vn -0.386180 0.001277 -0.922423
vn 0.005603 0.058849 -0.998251
vn 0.386181 -0.001277 -0.922422
vn 0.386181 -0.001277 -0.922422
vn 0.005911 -0.058309 -0.998281
vn 0.925340 -0.000698 -0.379139
vn 0.998225 0.059159 -0.006800
vn 0.998217 -0.059323 -0.006545
vn 0.925340 -0.000698 -0.379139
vn 0.005911 -0.058309 -0.998281
vn 0.005247 -0.411695 -0.911307
vn -0.004825 -0.411666 -0.911322
vn -0.005603 -0.058849 -0.998251
vn 0.002902 -0.947967 -0.318356
vn 0.000786 -0.980069 -0.198657
vn -0.000601 -0.979840 -0.199783
vn -0.002678 -0.947992 -0.318284
vn -0.005911 -0.058309 0.998281
vn 0.005603 -0.058849 0.998251
vn 0.005911 0.058309 0.998281
vn -0.005603 0.058849 0.998251
vn -0.005911 0.058309 -0.998281
vn 0.005603 0.058849 -0.998251
vn 0.005911 -0.058309 -0.998281
vn -0.005603 -0.058849 -0.998251
vn 0.998225 -0.059159 0.006800
vn 0.998217 -0.059323 -0.006545
vn 0.998225 0.059159 -0.006800
vn 0.998217 0.059324 0.006545
vn -0.998226 -0.059158 -0.006800
vn -0.998217 -0.059323 0.006545
vn -0.998225 0.059158 0.006799
vn -0.998217 0.059323 -0.006545
vn 0.001233 -0.986654 -0.162829
vn -0.001225 -0.986727 -0.162385
vn 0.000601 -0.979840 0.199783
vn -0.000786 -0.980069 0.198657
vn -0.001233 0.986654 -0.162826
vn 0.001225 0.986727 -0.162385
vn -0.000601 0.979836 0.199802
vn 0.000787 0.980065 0.198677
vn 0.001233 0.986654 0.162827
vn -0.001225 0.986727 0.162385
vn 0.000601 0.979836 -0.199803
vn -0.000787 0.980065 -0.198677
vn -0.001233 -0.986654 0.162829
vn 0.001225 -0.986727 0.162385
vn -0.000601 -0.979840 -0.199783
vn 0.000786 -0.980069 -0.198657
vn -0.147111 -0.989119 -0.001280
vn -0.147102 -0.989121 0.001278
vn 0.204333 -0.978901 -0.000858
vn 0.204289 -0.978910 0.000789
vn -0.147104 0.989120 0.001280
vn -0.147093 0.989122 -0.001277
vn 0.204356 0.978896 0.000859
vn 0.204311 0.978906 -0.000789
vn 0.147112 -0.989119 0.001280
vn 0.147102 -0.989120 -0.001278
vn -0.204334 -0.978901 0.000858
vn -0.204289 -0.978910 -0.000789
vn 0.147104 0.989120 -0.001280
vn 0.147093 0.989122 0.001277
vn -0.204356 0.978896 -0.000859
vn -0.204311 0.978906 0.000789
vn 0.002191 -0.912683 -0.408663
vn 0.001233 -0.986654 -0.162829
vn 0.090236 -0.991750 -0.091049
vn 0.219697 -0.952422 -0.211249
vn 0.090236 -0.991750 -0.091049
vn 0.147102 -0.989120 -0.001278
vn 0.405354 -0.914157 -0.002206
vn 0.219697 -0.952422 -0.211249
vn 0.922224 -0.386586 -0.007324
vn 0.997931 -0.063857 -0.007464
vn 0.920583 -0.084073 -0.381391
vn 0.817089 -0.467570 -0.337258
vn 0.381566 -0.076596 -0.921163
vn 0.006403 -0.064123 -0.997922
vn 0.006351 -0.386211 -0.922389
vn 0.339184 -0.471770 -0.813872
vn -0.405315 -0.914174 -0.002289
vn -0.147111 -0.989119 -0.001280
vn -0.089902 -0.991831 -0.090491
vn -0.218224 -0.952462 -0.212592
vn -0.089902 -0.991831 -0.090491
vn -0.001225 -0.986727 -0.162385
vn -0.002108 -0.912667 -0.408698
vn -0.218224 -0.952462 -0.212592
vn -0.006372 -0.386233 -0.922379
vn -0.006650 -0.063747 -0.997944
vn -0.381101 -0.084827 -0.920634
vn -0.338118 -0.470261 -0.815188
vn -0.920992 -0.076974 -0.381901
vn -0.997907 -0.064258 -0.007210
vn -0.922224 -0.386587 -0.007280
vn -0.815174 -0.470088 -0.338392
vn 0.405314 0.914175 -0.002288
vn 0.147104 0.989120 -0.001280
vn 0.089908 0.991830 -0.090499
vn 0.218220 0.952463 -0.212590
vn 0.089908 0.991830 -0.090499
vn 0.001225 0.986727 -0.162385
vn 0.002107 0.912664 -0.408705
vn 0.218220 0.952463 -0.212590
vn 0.006373 0.386232 -0.922380
vn 0.006651 0.063747 -0.997944
vn 0.381102 0.084848 -0.920631
vn 0.338130 0.470266 -0.815180
vn 0.920992 0.076974 -0.381902
vn 0.997907 0.064259 -0.007210
vn 0.922224 0.386588 -0.007281
vn 0.815168 0.470095 -0.338395
vn -0.002191 0.912680 -0.408670
vn -0.001233 0.986654 -0.162826
vn -0.090239 0.991749 -0.091052
vn -0.219687 0.952426 -0.211238
vn -0.090239 0.991749 -0.091052
vn -0.147093 0.989122 -0.001277
vn -0.405352 0.914158 -0.002206
vn -0.219687 0.952426 -0.211238
vn -0.922224 0.386586 -0.007324
vn -0.997931 0.063857 -0.007464
vn -0.920583 0.084072 -0.381390
vn -0.817092 0.467569 -0.337254
vn -0.381565 0.076596 -0.921163
vn -0.006403 0.064123 -0.997921
vn -0.006351 0.386209 -0.922389
vn -0.339180 0.471768 -0.813875
vn 0.002191 0.912680 0.408669
vn 0.001233 0.986654 0.162827
vn 0.090239 0.991749 0.091052
vn 0.219687 0.952427 0.211238
vn 0.090239 0.991749 0.091052
vn 0.147093 0.989122 0.001277
vn 0.405352 0.914158 0.002206
vn 0.219687 0.952427 0.211238
vn 0.922225 0.386585 0.007324
vn 0.997931 0.063857 0.007464
vn 0.920584 0.084072 0.381388
vn 0.817092 0.467567 0.337255
vn 0.381565 0.076596 0.921163
vn 0.006403 0.064123 0.997921
vn 0.006351 0.386209 0.922389
vn 0.339182 0.471768 0.813874
vn -0.405315 0.914174 0.002288
vn -0.147104 0.989120 0.001280
vn -0.089908 0.991830 0.090499
vn -0.218221 0.952463 0.212589
vn -0.089908 0.991830 0.090499
vn -0.001225 0.986727 0.162385
vn -0.002107 0.912664 0.408705
vn -0.218221 0.952463 0.212589
vn -0.006373 0.386232 0.922380
vn -0.006651 0.063747 0.997944
vn -0.381102 0.084848 0.920631
vn -0.338129 0.470265 0.815181
vn -0.920992 0.076974 0.381902
vn -0.997907 0.064259 0.007210
vn -0.922223 0.386590 0.007281
vn -0.815171 0.470091 0.338394
vn 0.405316 -0.914174 0.002289
vn 0.147112 -0.989119 0.001280
vn 0.089902 -0.991831 0.090491
vn 0.218223 -0.952462 0.212590
vn 0.089902 -0.991831 0.090491
vn 0.001225 -0.986727 0.162385
vn 0.002108 -0.912667 0.408699
vn 0.218223 -0.952462 0.212590
vn 0.006372 -0.386234 0.922379
vn 0.006650 -0.063748 0.997944
vn 0.381101 -0.084827 0.920634
vn 0.338117 -0.470262 0.815187
vn 0.920993 -0.076974 0.381898
vn 0.997907 -0.064259 0.007210
vn 0.922223 -0.386590 0.007280
vn 0.815174 -0.470087 0.338391
vn -0.002191 -0.912683 0.408663
vn -0.001233 -0.986654 0.162829
vn -0.090236 -0.991750 0.091049
vn -0.219697 -0.952422 0.211249
vn -0.090236 -0.991750 0.091049
vn -0.147102 -0.989121 0.001278
vn -0.405353 -0.914158 0.002206
vn -0.219697 -0.952422 0.211249
vn -0.922226 -0.386583 0.007324
vn -0.997931 -0.063856 0.007464
vn -0.920583 -0.084073 0.381391
vn -0.817089 -0.467573 0.337256
vn -0.381565 -0.076596 0.921163
vn -0.006403 -0.064123 0.997921
vn -0.006351 -0.386212 0.922388
vn -0.339183 -0.471772 0.813871
vn -0.791100 -0.510834 0.336466
vn -0.998217 -0.059323 0.006545
vn -0.911580 -0.411082 0.005730
vn -0.791100 -0.510834 0.336466
vn -0.329239 -0.944240 0.003581
vn -0.204334 -0.978901 0.000858
vn -0.075712 -0.993483 0.085203
vn -0.155337 -0.971669 0.178130
vn -0.075712 -0.993483 0.085203
vn -0.000786 -0.980069 0.198657
vn -0.002902 -0.947967 0.318357
vn -0.155337 -0.971669 0.178130
vn -0.005247 -0.411695 0.911307
vn -0.005911 -0.058309 0.998281
vn -0.322162 -0.515012 0.794339
vn -0.322162 -0.515012 0.794339
vn 0.077657 -0.993734 0.080386
vn 0.204289 -0.978910 0.000789
vn 0.329424 -0.944176 0.003354
vn 0.162094 -0.971834 0.171065
vn 0.911599 -0.411043 0.005581
vn 0.998225 -0.059159 0.006800
vn 0.797372 -0.508994 0.324226
vn 0.797373 -0.508993 0.324226
vn 0.333295 -0.518524 0.787431
vn 0.005603 -0.058849 0.998251
vn 0.004825 -0.411665 0.911322
vn 0.333295 -0.518524 0.787431
vn 0.002678 -0.947991 0.318285
vn 0.000601 -0.979840 0.199783
vn 0.077657 -0.993734 0.080386
vn 0.162094 -0.971834 0.171065
vn 0.791088 0.510851 0.336469
vn 0.998217 0.059324 0.006545
vn 0.911574 0.411096 0.005729
vn 0.791088 0.510851 0.336469
vn 0.329265 0.944231 0.003581
vn 0.204356 0.978896 0.000859
vn 0.075720 0.993481 0.085216
vn 0.155350 0.971662 0.178155
vn 0.075720 0.993481 0.085216
vn 0.000787 0.980065 0.198677
vn 0.002903 0.947958 0.318383
vn 0.155350 0.971662 0.178155
vn 0.005247 0.411696 0.911306
vn 0.005911 0.058309 0.998281
vn 0.322159 0.515028 0.794330
vn 0.322159 0.515028 0.794330
vn -0.077669 0.993733 0.080387
vn -0.204311 0.978906 0.000789
vn -0.329450 0.944167 0.003354
vn -0.162120 0.971831 0.171063
vn -0.911595 0.411051 0.005581
vn -0.998225 0.059158 0.006799
vn -0.797371 0.508996 0.324226
vn -0.797371 0.508996 0.324226
vn -0.333300 0.518516 0.787434
vn -0.005603 0.058849 0.998251
vn -0.004824 0.411667 0.911322
vn -0.333300 0.518516 0.787434
vn -0.002679 0.947983 0.318310
vn -0.000601 0.979836 0.199802
vn -0.077669 0.993733 0.080387
vn -0.162120 0.971831 0.171063
vn -0.791090 0.510849 -0.336465
vn -0.998217 0.059323 -0.006545
vn -0.911575 0.411093 -0.005729
vn -0.791090 0.510849 -0.336465
vn -0.329265 0.944231 -0.003581
vn -0.204356 0.978896 -0.000859
vn -0.075720 0.993481 -0.085216
vn -0.155350 0.971662 -0.178155
vn -0.075720 0.993481 -0.085216
vn -0.000787 0.980065 -0.198677
vn -0.002903 0.947957 -0.318384
vn -0.155350 0.971662 -0.178155
vn -0.005247 0.411697 -0.911306
vn -0.005911 0.058309 -0.998281
vn -0.322158 0.515029 -0.794329
vn -0.322158 0.515029 -0.794329
vn 0.077669 0.993733 -0.080386
vn 0.204311 0.978906 -0.000789
vn 0.329450 0.944167 -0.003354
vn 0.162120 0.971831 -0.171063
vn 0.911594 0.411054 -0.005582
vn 0.998225 0.059159 -0.006800
vn 0.797366 0.509001 -0.324231
vn 0.797366 0.509001 -0.324231
vn 0.333303 0.518516 -0.787433
vn 0.005603 0.058849 -0.998251
vn 0.004824 0.411667 -0.911322
vn 0.333303 0.518516 -0.787433
vn 0.002679 0.947983 -0.318311
vn 0.000601 0.979836 -0.199803
vn 0.077669 0.993733 -0.080386
vn 0.162120 0.971831 -0.171063
vn 0.791098 -0.510835 -0.336470
vn 0.998217 -0.059323 -0.006545
vn 0.911579 -0.411085 -0.005730
vn 0.791098 -0.510835 -0.336470
vn 0.329239 -0.944240 -0.003581
vn 0.204333 -0.978901 -0.000858
vn 0.075712 -0.993483 -0.085203
vn 0.155337 -0.971669 -0.178130
vn 0.075712 -0.993483 -0.085203
vn 0.000786 -0.980069 -0.198657
vn 0.002902 -0.947967 -0.318356
vn 0.155337 -0.971669 -0.178130
vn 0.005247 -0.411695 -0.911307
vn 0.005911 -0.058309 -0.998281
vn 0.322163 -0.515011 -0.794339
vn 0.322163 -0.515011 -0.794339
vn -0.077657 -0.993734 -0.080386
vn -0.204289 -0.978910 -0.000789
vn -0.329424 -0.944176 -0.003354
vn -0.162094 -0.971835 -0.171065
vn -0.911600 -0.411040 -0.005581
vn -0.998226 -0.059158 -0.006800
vn -0.797378 -0.508989 -0.324221
vn -0.797378 -0.508989 -0.324221
vn -0.333294 -0.518522 -0.787432
vn -0.005603 -0.058849 -0.998251
vn -0.004825 -0.411666 -0.911322
vn -0.333294 -0.518522 -0.787432
vn -0.002678 -0.947992 -0.318284
vn -0.000601 -0.979840 -0.199783
vn -0.077657 -0.993734 -0.080386
vn -0.162094 -0.971835 -0.171065
s off
g S_U_20 Roof_05
usemtl aiStandardSurface1SG4
f 106/145/299 105/146/300 171/147/301 170/148/302
f 105/146/303 112/149/304 172/150/305 171/147/306
f 108/151/307 107/152/308 159/153/309 158/154/310
f 107/152/311 106/145/312 160/155/313 159/153/314
f 112/149/315 111/156/316 115/157/317 114/158/318
f 111/156/319 110/159/320 116/160/321 115/157/322
f 114/158/323 113/161/324 183/162/325 182/163/326
f 113/161/327 120/164/328 184/197/329 183/162/330
f 120/164/331 119/198/332 163/199/333 162/200/334
f 119/198/335 118/201/336 164/202/337 163/199/338
f 122/165/339 121/166/340 199/167/341 198/168/342
f 121/166/343 128/169/344 200/170/345 199/167/346
f 124/171/347 123/172/348 135/173/349 134/174/350
f 123/172/351 122/165/352 136/175/353 135/173/354
f 128/169/355 127/176/356 139/177/357 138/178/358
f 127/176/359 126/179/360 140/180/361 139/177/362
f 130/181/363 129/182/364 187/183/365 186/184/366
f 129/182/367 136/175/368 188/185/369 187/183/370
f 132/186/371 131/187/372 151/188/373 150/189/374
f 131/187/375 130/181/376 152/190/377 151/188/378
f 138/178/379 137/191/380 203/192/381 202/193/382
f 137/191/383 144/194/384 204/195/385 203/192/386
f 144/194/387 143/196/388 147/218/389 146/219/390
f 143/196/391 142/226/392 148/227/393 147/218/394
f 146/219/395 145/229/396 215/230/397 214/232/398
f 145/229/399 152/190/400 216/233/401 215/230/402
f 154/203/403 153/204/404 231/205/405 230/206/406
f 153/204/407 160/155/408 232/207/409 231/205/410
f 156/208/411 155/209/412 167/210/413 166/211/414
f 155/209/415 154/203/416 168/212/417 167/210/418
f 162/200/419 161/213/420 219/214/421 218/215/422
f 161/213/423 168/212/424 220/216/425 219/214/426
f 170/148/427 169/217/428 225/221/429 232/207/430
f 169/217/431 176/222/432 226/223/433 225/221/434
f 174/224/435 173/225/436 181/242/437 180/243/438
f 173/225/439 172/150/440 182/163/441 181/242/442
f 176/220/443 175/228/444 195/231/445 194/236/446
f 175/228/447 174/237/448 196/240/449 195/231/450
f 178/245/451 177/246/452 217/247/453 224/248/454
f 177/246/455 184/197/456 218/215/457 217/247/458
f 180/265/459 179/268/460 191/271/461 190/273/462
f 179/268/463 178/315/464 192/316/465 191/271/466
f 186/184/467 185/234/468 209/235/469 216/233/470
f 185/234/471 192/238/472 210/239/473 209/235/474
f 190/241/475 189/244/476 197/251/477 196/252/478
f 189/244/479 188/185/480 198/168/481 197/251/482
f 194/253/483 193/254/484 201/259/485 208/260/486
f 193/254/487 200/170/488 202/193/489 201/259/490
f 206/261/491 205/262/492 213/266/493 212/267/494
f 205/262/495 204/195/496 214/232/497 213/266/498
f 208/289/499 207/290/500 227/291/501 226/313/502
f 207/290/503 206/293/504 228/294/505 227/291/506
f 212/295/507 211/296/508 223/297/509 222/298/510
f 211/296/511 210/299/512 224/300/513 223/297/514
f 222/249/515 221/250/516 229/255/517 228/256/518
f 221/250/519 220/216/520 230/206/521 229/255/522
f 174/237/523 180/265/524 190/273/525 196/240/526
f 206/293/527 212/295/528 222/298/529 228/294/530
f 178/275/531 224/300/532 210/299/533 192/276/534
f 226/292/535 176/220/536 194/236/537 208/314/538
f 112/149/539 114/158/540 182/163/541 172/150/542
f 136/175/543 122/165/544 198/168/545 188/185/546
f 144/194/547 146/219/548 214/232/549 204/195/550
f 168/212/551 154/203/552 230/206/553 220/216/554
f 120/164/555 162/200/556 218/215/557 184/197/558
f 152/190/559 130/181/560 186/184/561 216/233/562
f 160/155/563 106/145/564 170/148/565 232/207/566
f 128/169/567 138/178/568 202/193/569 200/170/570
f 111/156/571 112/149/572 105/146/573 233/257/574
f 105/146/575 106/145/576 107/152/577 233/257/578
f 107/152/579 108/151/580 109/258/581 233/257/582
f 109/258/583 110/159/584 111/156/585 233/257/586
f 119/198/587 120/164/588 113/161/589 234/263/590
f 113/161/591 114/158/592 115/157/593 234/263/594
f 115/157/595 116/160/596 117/264/597 234/263/598
f 117/264/599 118/201/600 119/198/601 234/263/602
f 127/176/603 128/169/604 121/166/605 235/269/606
f 121/166/607 122/165/608 123/172/609 235/269/610
f 123/172/611 124/171/612 125/270/613 235/269/614
f 125/270/615 126/179/616 127/176/617 235/269/618
f 135/173/619 136/175/620 129/182/621 236/272/622
f 129/182/623 130/181/624 131/187/625 236/272/626
f 131/187/627 132/186/628 133/274/629 236/272/630
f 133/274/631 134/174/632 135/173/633 236/272/634
f 143/196/635 144/194/636 137/191/637 237/277/638
f 137/191/639 138/178/640 139/177/641 237/277/642
f 139/177/643 140/180/644 141/278/645 237/277/646
f 141/278/647 142/226/648 143/196/649 237/277/650
f 151/188/651 152/190/652 145/229/653 238/279/654
f 145/229/655 146/219/656 147/218/657 238/279/658
f 147/218/659 148/227/660 149/280/661 238/279/662
f 149/280/663 150/189/664 151/188/665 238/279/666
f 159/153/667 160/155/668 153/204/669 239/301/670
f 153/204/671 154/203/672 155/209/673 239/301/674
f 155/209/675 156/208/676 157/302/677 239/301/678
f 157/302/679 158/154/680 159/153/681 239/301/682
f 167/210/683 168/212/684 161/213/685 240/303/686
f 161/213/687 162/200/688 163/199/689 240/303/690
f 163/199/691 164/202/692 165/304/693 240/303/694
f 165/304/695 166/211/696 167/210/697 240/303/698
f 175/305/699 176/222/700 169/217/701 241/306/702
f 169/217/703 170/148/704 171/147/705 241/306/706
f 171/147/707 172/150/708 173/225/709 241/306/710
f 173/225/711 174/224/712 175/305/713 241/306/714
f 183/162/715 184/197/716 177/246/717 242/307/718
f 177/246/719 178/245/720 179/308/721 242/307/722
f 179/308/723 180/243/724 181/242/725 242/307/726
f 181/242/727 182/163/728 183/162/729 242/307/730
f 191/281/731 192/238/732 185/234/733 243/282/734
f 185/234/735 186/184/736 187/183/737 243/282/738
f 187/183/739 188/185/740 189/244/741 243/282/742
f 189/244/743 190/241/744 191/281/745 243/282/746
f 199/167/747 200/170/748 193/254/749 244/283/750
f 193/254/751 194/253/752 195/284/753 244/283/754
f 195/284/755 196/252/756 197/251/757 244/283/758
f 197/251/759 198/168/760 199/167/761 244/283/762
f 207/285/763 208/260/764 201/259/765 245/286/766
f 201/259/767 202/193/768 203/192/769 245/286/770
f 203/192/771 204/195/772 205/262/773 245/286/774
f 205/262/775 206/261/776 207/285/777 245/286/778
f 215/230/779 216/233/780 209/235/781 246/287/782
f 209/235/783 210/239/784 211/288/785 246/287/786
f 211/288/787 212/267/788 213/266/789 246/287/790
f 213/266/791 214/232/792 215/230/793 246/287/794
f 223/309/795 224/248/796 217/247/797 247/310/798
f 217/247/799 218/215/800 219/214/801 247/310/802
f 219/214/803 220/216/804 221/250/805 247/310/806
f 221/250/807 222/249/808 223/309/809 247/310/810
f 231/205/811 232/207/812 225/221/813 248/311/814
f 225/221/815 226/223/816 227/312/817 248/311/818
f 227/312/819 228/256/820 229/255/821 248/311/822
f 229/255/823 230/206/824 231/205/825 248/311/826
g default
v 295.262512 326.840271 290.291168
v 299.292419 325.023132 290.291168
v 299.292419 326.840271 294.321045
v 299.292419 331.227295 295.990265
v 295.262512 331.227295 294.321045
v 293.593292 331.227295 290.291168
v 667.381226 326.840271 290.291168
v 669.050537 331.227295 290.291168
v 667.381226 331.227295 294.321045
v 663.351440 331.227295 295.990265
v 663.351440 326.840271 294.321045
v 663.351440 325.023132 290.291168
v 295.262512 354.230347 290.291168
v 293.593292 349.843323 290.291168
v 295.262512 349.843323 294.321045
v 299.292419 349.843323 295.990265
v 299.292419 354.230347 294.321045
v 299.292419 356.047607 290.291168
v 667.381226 354.230347 290.291168
v 663.351440 356.047607 290.291168
v 663.351440 354.230347 294.321045
v 663.351440 349.843323 295.990265
v 667.381226 349.843323 294.321045
v 669.050537 349.843323 290.291168
v 295.262512 349.843323 -318.647217
v 293.593292 349.843323 -314.617310
v 295.262512 354.230347 -314.617310
v 299.292419 356.047607 -314.617310
v 299.292419 354.230347 -318.647217
v 299.292419 349.843323 -320.316406
v 667.381226 349.843323 -318.647217
v 663.351440 349.843323 -320.316406
v 663.351440 354.230347 -318.647217
v 663.351440 356.047607 -314.617310
v 667.381226 354.230347 -314.617310
v 669.050537 349.843323 -314.617310
v 295.262512 326.840271 -314.617310
v 293.593292 331.227295 -314.617310
v 295.262512 331.227295 -318.647217
v 299.292419 331.227295 -320.316406
v 299.292419 326.840271 -318.647217
v 299.292419 325.023132 -314.617310
v 667.381226 326.840271 -314.617310
v 663.351440 325.023132 -314.617310
v 663.351440 326.840271 -318.647217
v 663.351440 331.227295 -320.316406
v 667.381226 331.227295 -318.647217
v 669.050537 331.227295 -314.617310
v 296.003174 327.646545 293.580383
v 666.640625 327.646545 293.580383
v 296.003174 353.424133 293.580383
v 666.640625 353.424133 293.580383
v 296.003174 353.424133 -317.906555
v 666.640625 353.424133 -317.906555
v 296.003174 327.646545 -317.906555
v 666.640625 327.646545 -317.906555
vt 0.847160 0.845577
vt 0.845702 0.845636
vt 0.845660 0.645621
vt 0.847118 0.645678
vt 0.844169 0.845880
vt 0.213443 0.984251
vt 0.214885 0.984251
vt 0.844130 0.645380
vt 0.508715 0.758794
vt 0.846855 0.848560
vt 0.847100 0.847032
vt 0.213444 0.990402
vt 0.967541 0.847011
vt 0.967787 0.848545
vt 0.967481 0.845555
vt 0.510156 0.752643
vt 0.510157 0.758794
vt 0.630444 0.752634
vt 0.631885 0.752634
vt 0.631885 0.758785
vt 0.970469 0.845854
vt 0.968939 0.845613
vt 0.630444 0.758785
vt 0.968897 0.645597
vt 0.970430 0.645353
vt 0.967439 0.645656
vt 0.577928 0.984175
vt 0.577928 0.990326
vt 0.473605 0.757701
vt 0.472163 0.757701
vt 0.870751 0.005624
vt 0.872281 0.005866
vt 0.472163 0.751550
vt 0.872304 0.205881
vt 0.870771 0.206125
vt 0.873738 0.005923
vt 0.873762 0.205822
vt 0.873678 0.004467
vt 0.994120 0.004457
vt 0.994059 0.005912
vt 0.873433 0.002934
vt 0.994364 0.002930
vt 0.995517 0.005853
vt 0.995540 0.205869
vt 0.013578 0.984265
vt 0.994083 0.205811
vt 0.470722 0.757701
vt 0.470722 0.751551
vt 0.350435 0.757711
vt 0.348994 0.757711
vt 0.779234 0.984159
vt 0.350434 0.751560
vt 0.997050 0.005609
vt 0.997070 0.206110
vt 0.777794 0.990310
vt 0.777793 0.984160
vt 0.968608 0.644490
vt 0.969393 0.643704
vt 0.995251 0.206978
vt 0.996038 0.207763
vt 0.847058 0.644222
vt 0.967499 0.644201
vt 0.846812 0.642689
vt 0.967744 0.642674
vt 0.845206 0.847529
vt 0.845991 0.846743
vt 0.873457 0.208805
vt 0.873701 0.207277
vt 0.994143 0.207267
vt 0.994388 0.208801
vt 0.872570 0.004756
vt 0.871783 0.003972
vt 0.968649 0.846722
vt 0.969436 0.847506
vt 0.845950 0.644511
vt 0.845163 0.643727
vt 0.996014 0.003960
vt 0.995228 0.004746
vt 0.871807 0.207774
vt 0.872593 0.206988
vt 0.508715 0.752643
vt 0.214885 0.990401
vt 0.779235 0.990310
vt 0.348993 0.751560
vt 0.473604 0.751550
vt 0.013578 0.990416
vt 0.633326 0.752634
vt 0.633326 0.758785
vn -0.411058 -0.911609 0.000000
vn -0.411058 -0.911609 0.000000
vn -0.411058 -0.911609 0.000000
vn -0.411058 -0.911609 0.000000
vn -0.934652 -0.355565 0.000519
vn -0.997383 -0.072205 0.003707
vn -0.997383 -0.072205 -0.003707
vn -0.934652 -0.355565 -0.000519
vn -0.004543 -0.072169 0.997382
vn -0.000739 -0.355542 0.934660
vn 0.000739 -0.355542 0.934660
vn 0.004543 -0.072169 0.997382
vn -0.005974 -0.911885 0.410402
vn -0.005194 -0.999978 0.004233
vn 0.005194 -0.999978 0.004233
vn 0.005974 -0.911885 0.410402
vn -0.997383 -0.072205 0.003707
vn -0.925220 -0.050089 0.376110
vn -0.925220 0.050089 0.376110
vn -0.997383 0.072205 0.003707
vn -0.376139 -0.049893 0.925219
vn -0.004543 -0.072169 0.997382
vn -0.004543 0.072169 0.997382
vn -0.376139 0.049893 0.925219
vn 0.997383 -0.072207 0.003707
vn 0.934648 -0.355573 0.000519
vn 0.934648 -0.355573 -0.000519
vn 0.997383 -0.072207 -0.003707
vn 0.410522 -0.911837 0.004910
vn 0.005194 -0.999978 0.004233
vn 0.005194 -0.999978 -0.004233
vn 0.410522 -0.911837 -0.004910
vn 0.004543 -0.072169 0.997382
vn 0.376142 -0.049893 0.925218
vn 0.376141 0.049893 0.925218
vn 0.004543 0.072169 0.997382
vn 0.925217 -0.050090 0.376117
vn 0.997383 -0.072207 0.003707
vn 0.997383 0.072207 0.003707
vn 0.925217 0.050090 0.376117
vn -0.997383 0.072205 0.003707
vn -0.934652 0.355565 0.000519
vn -0.934652 0.355565 -0.000519
vn -0.997383 0.072205 -0.003707
vn -0.410542 0.911829 0.004910
vn -0.005195 0.999978 0.004234
vn -0.005195 0.999978 -0.004234
vn -0.410542 0.911829 -0.004910
vn -0.005195 0.999978 0.004234
vn -0.005974 0.911875 0.410424
vn 0.005974 0.911875 0.410424
vn 0.005195 0.999978 0.004234
vn -0.000739 0.355542 0.934660
vn -0.004543 0.072169 0.997382
vn 0.004543 0.072169 0.997382
vn 0.000739 0.355542 0.934660
vn 0.005195 0.999978 0.004234
vn 0.410544 0.911828 0.004910
vn 0.410544 0.911828 -0.004910
vn 0.005195 0.999978 -0.004234
vn 0.934648 0.355573 0.000519
vn 0.997383 0.072207 0.003707
vn 0.997383 0.072207 -0.003707
vn 0.934648 0.355573 -0.000519
vn -0.997383 0.072205 -0.003707
vn -0.925220 0.050089 -0.376109
vn -0.925220 -0.050089 -0.376109
vn -0.997383 -0.072205 -0.003707
vn -0.376138 0.049893 -0.925219
vn -0.004543 0.072169 -0.997382
vn -0.004543 -0.072169 -0.997382
vn -0.376138 -0.049892 -0.925219
vn -0.004543 0.072169 -0.997382
vn -0.000739 0.355542 -0.934660
vn 0.000739 0.355542 -0.934660
vn 0.004543 0.072169 -0.997382
vn -0.005974 0.911875 -0.410424
vn -0.005195 0.999978 -0.004234
vn 0.005195 0.999978 -0.004234
vn 0.005974 0.911875 -0.410424
vn 0.004543 0.072169 -0.997382
vn 0.376141 0.049893 -0.925218
vn 0.376141 -0.049893 -0.925218
vn 0.004543 -0.072169 -0.997382
vn 0.925217 0.050090 -0.376117
vn 0.997383 0.072207 -0.003707
vn 0.997383 -0.072207 -0.003707
vn 0.925217 -0.050090 -0.376117
vn -0.005194 -0.999978 -0.004233
vn -0.005974 -0.911885 -0.410402
vn 0.005974 -0.911885 -0.410402
vn 0.005194 -0.999978 -0.004233
vn -0.000739 -0.355542 -0.934660
vn -0.004543 -0.072169 -0.997382
vn 0.004543 -0.072169 -0.997382
vn 0.000739 -0.355542 -0.934660
vn -0.004543 -0.072169 0.997382
vn 0.004543 -0.072169 0.997382
vn 0.004543 0.072169 0.997382
vn -0.004543 0.072169 0.997382
vn -0.005195 0.999978 0.004234
vn 0.005195 0.999978 0.004234
vn 0.005195 0.999978 -0.004234
vn -0.005195 0.999978 -0.004234
vn -0.004543 0.072169 -0.997382
vn 0.004543 0.072169 -0.997382
vn 0.004543 -0.072169 -0.997382
vn -0.004543 -0.072169 -0.997382
vn -0.005194 -0.999978 -0.004233
vn 0.005194 -0.999978 -0.004233
vn 0.005194 -0.999978 0.004233
vn -0.005194 -0.999978 0.004233
vn 0.997383 -0.072207 0.003707
vn 0.997383 -0.072207 -0.003707
vn 0.997383 0.072207 -0.003707
vn 0.997383 0.072207 0.003707
vn -0.997383 -0.072205 -0.003707
vn -0.997383 -0.072205 0.003707
vn -0.997383 0.072205 0.003707
vn -0.997383 0.072205 -0.003707
vn -0.925220 -0.050089 0.376110
vn -0.997383 -0.072205 0.003707
vn -0.934652 -0.355565 0.000519
vn -0.895348 -0.301290 0.327989
vn -0.410519 -0.911839 0.004910
vn -0.005194 -0.999978 0.004233
vn -0.005974 -0.911885 0.410402
vn -0.347354 -0.871029 0.347353
vn -0.000739 -0.355542 0.934660
vn -0.004543 -0.072169 0.997382
vn -0.376139 -0.049893 0.925219
vn -0.327988 -0.301288 0.895349
vn 0.005974 -0.911885 0.410402
vn 0.005194 -0.999978 0.004233
vn 0.410522 -0.911837 0.004910
vn 0.347355 -0.871028 0.347353
vn 0.934648 -0.355573 0.000519
vn 0.997383 -0.072207 0.003707
vn 0.925217 -0.050090 0.376117
vn 0.895344 -0.301294 0.327994
vn 0.376142 -0.049893 0.925218
vn 0.004543 -0.072169 0.997382
vn 0.000739 -0.355542 0.934660
vn 0.327992 -0.301289 0.895347
vn -0.005974 0.911875 0.410424
vn -0.005195 0.999978 0.004234
vn -0.410542 0.911829 0.004910
vn -0.347366 0.871019 0.347365
vn -0.934652 0.355565 0.000519
vn -0.997383 0.072205 0.003707
vn -0.925220 0.050089 0.376110
vn -0.895347 0.301291 0.327989
vn -0.376139 0.049893 0.925219
vn -0.004543 0.072169 0.997382
vn -0.000739 0.355542 0.934660
vn -0.327989 0.301288 0.895348
vn 0.925217 0.050090 0.376117
vn 0.997383 0.072207 0.003707
vn 0.934648 0.355573 0.000519
vn 0.895344 0.301295 0.327994
vn 0.410544 0.911828 0.004910
vn 0.005195 0.999978 0.004234
vn 0.005974 0.911875 0.410424
vn 0.347368 0.871019 0.347364
vn 0.000739 0.355542 0.934660
vn 0.004543 0.072169 0.997382
vn 0.376141 0.049893 0.925218
vn 0.327990 0.301289 0.895348
vn -0.000739 0.355542 -0.934660
vn -0.004543 0.072169 -0.997382
vn -0.376138 0.049893 -0.925219
vn -0.327985 0.301287 -0.895350
vn -0.925220 0.050089 -0.376109
vn -0.997383 0.072205 -0.003707
vn -0.934652 0.355565 -0.000519
vn -0.895349 0.301287 -0.327989
vn -0.410542 0.911829 -0.004910
vn -0.005195 0.999978 -0.004234
vn -0.005974 0.911875 -0.410424
vn -0.347364 0.871020 -0.347364
vn 0.934648 0.355573 -0.000519
vn 0.997383 0.072207 -0.003707
vn 0.925217 0.050090 -0.376117
vn 0.895345 0.301293 -0.327993
vn 0.376141 0.049893 -0.925218
vn 0.004543 0.072169 -0.997382
vn 0.000739 0.355542 -0.934660
vn 0.327989 0.301287 -0.895349
vn 0.005974 0.911875 -0.410424
vn 0.005195 0.999978 -0.004234
vn 0.410544 0.911828 -0.004910
vn 0.347366 0.871020 -0.347364
vn -0.005974 -0.911885 -0.410402
vn -0.005194 -0.999978 -0.004233
vn -0.410519 -0.911839 -0.004910
vn -0.347352 -0.871030 -0.347352
vn -0.934652 -0.355565 -0.000519
vn -0.997383 -0.072205 -0.003707
vn -0.925220 -0.050089 -0.376109
vn -0.895349 -0.301288 -0.327989
vn -0.376138 -0.049892 -0.925219
vn -0.004543 -0.072169 -0.997382
vn -0.000739 -0.355542 -0.934660
vn -0.327987 -0.301287 -0.895350
vn 0.925217 -0.050090 -0.376117
vn 0.997383 -0.072207 -0.003707
vn 0.934648 -0.355573 -0.000519
vn 0.895346 -0.301292 -0.327993
vn 0.410522 -0.911837 -0.004910
vn 0.005194 -0.999978 -0.004233
vn 0.005974 -0.911885 -0.410402
vn 0.347354 -0.871029 -0.347352
vn 0.000739 -0.355542 -0.934660
vn 0.004543 -0.072169 -0.997382
vn 0.376141 -0.049893 -0.925218
vn 0.327988 -0.301288 -0.895349
s off
g S_U_20 Roof_Trim_03
usemtl aiStandardSurface1SG4
f 250/317/827 249/318/828 285/319/829 290/320/830
f 249/318/831 254/321/832 286/324/833 285/319/834
f 252/326/835 251/327/836 259/329/837 258/330/838
f 251/327/839 250/317/840 260/331/841 259/329/842
f 254/322/843 253/323/844 263/398/845 262/328/846
f 253/397/847 252/332/848 264/333/849 263/325/850
f 256/337/851 255/338/852 291/340/853 296/341/854
f 255/338/855 260/331/856 292/342/857 291/340/858
f 258/334/859 257/335/860 271/336/861 270/339/862
f 257/335/863 256/403/864 272/404/865 271/336/866
f 262/347/867 261/348/868 275/350/869 274/351/870
f 261/348/871 266/352/872 276/353/873 275/350/874
f 266/352/875 265/354/876 269/355/877 268/356/878
f 265/354/879 264/357/880 270/358/881 269/355/882
f 268/356/883 267/359/884 283/360/885 282/362/886
f 267/359/887 272/369/888 284/370/889 283/360/890
f 274/345/891 273/346/892 287/349/893 286/401/894
f 273/346/895 278/363/896 288/364/897 287/349/898
f 278/383/899 277/384/900 281/385/901 280/386/902
f 277/384/903 276/353/904 282/362/905 281/385/906
f 280/365/907 279/366/908 295/400/909 294/368/910
f 279/399/911 284/371/912 296/372/913 295/367/914
f 290/320/915 289/377/916 293/378/917 292/342/918
f 289/377/919 288/379/920 294/380/921 293/378/922
f 252/332/923 258/334/924 270/339/925 264/333/926
f 266/352/927 268/356/928 282/362/929 276/353/930
f 278/363/931 280/365/932 294/368/933 288/364/934
f 290/320/935 292/342/936 260/331/937 250/317/938
f 256/343/939 296/372/940 284/371/941 272/344/942
f 286/361/943 254/322/944 262/328/945 274/402/946
f 253/381/947 254/321/948 249/318/949 297/382/950
f 249/318/951 250/317/952 251/327/953 297/382/954
f 251/327/955 252/326/956 253/381/957 297/382/958
f 259/329/959 260/331/960 255/338/961 298/389/962
f 255/338/963 256/337/964 257/390/965 298/389/966
f 257/390/967 258/330/968 259/329/969 298/389/970
f 265/354/971 266/352/972 261/348/973 299/387/974
f 261/348/975 262/347/976 263/388/977 299/387/978
f 263/388/979 264/357/980 265/354/981 299/387/982
f 271/393/983 272/369/984 267/359/985 300/394/986
f 267/359/987 268/356/988 269/355/989 300/394/990
f 269/355/991 270/358/992 271/393/993 300/394/994
f 277/384/995 278/383/996 273/395/997 301/396/998
f 273/395/999 274/351/1000 275/350/1001 301/396/1002
f 275/350/1003 276/353/1004 277/384/1005 301/396/1006
f 283/360/1007 284/370/1008 279/376/1009 302/375/1010
f 279/376/1011 280/386/1012 281/385/1013 302/375/1014
f 281/385/1015 282/362/1016 283/360/1017 302/375/1018
f 289/377/1019 290/320/1020 285/319/1021 303/391/1022
f 285/319/1023 286/324/1024 287/392/1025 303/391/1026
f 287/392/1027 288/379/1028 289/377/1029 303/391/1030
f 295/374/1031 296/341/1032 291/340/1033 304/373/1034
f 291/340/1035 292/342/1036 293/378/1037 304/373/1038
f 293/378/1039 294/380/1040 295/374/1041 304/373/1042
g default
v -86.062996 666.278076 297.095642
v -82.221596 664.686890 297.095276
v -82.221596 666.278076 300.936646
v -82.221596 670.119385 302.527832
v -86.062996 670.119995 300.936646
v -87.654152 670.119385 297.095276
v 317.540070 665.668213 296.955872
v 320.551971 668.381958 296.964722
v 319.047699 669.155273 300.934998
v 315.281403 669.913696 302.527832
v 313.816376 666.358765 300.932312
v 313.606232 664.686890 296.964722
v 353.739899 721.494995 297.455322
v 350.145355 723.654297 297.444336
v 349.197418 721.892700 301.041260
v 346.715607 717.758057 302.527832
v 351.531281 717.518433 301.042236
v 353.521820 717.307373 297.444336
v -86.062996 722.063110 297.094299
v -87.654152 718.221680 297.095276
v -86.062996 718.223022 300.936646
v -82.221596 718.221680 302.527832
v -82.221596 722.063110 300.936646
v -82.221596 723.654297 297.095276
v 351.429474 717.405640 -330.015991
v 346.715607 717.758057 -331.548462
v 349.046844 721.871460 -330.014465
v 349.882599 723.654297 -326.290466
v 353.600555 721.420776 -326.297546
v 353.374969 717.089478 -326.290466
v -86.062996 718.223022 -329.957275
v -87.654152 718.221680 -326.115906
v -86.062996 722.063110 -326.115417
v -82.221596 723.654297 -326.115906
v -82.221596 722.063110 -329.957275
v -82.221596 718.221680 -331.548462
v 317.540009 665.668091 -325.979553
v 313.606232 664.686890 -325.985352
v 313.816376 666.358765 -329.952942
v 315.281403 669.913696 -331.548462
v 319.047699 669.155273 -329.955688
v 320.551971 668.381958 -325.985352
v -86.062996 666.278076 -326.116272
v -87.654152 670.119385 -326.115906
v -86.062996 670.119995 -329.957275
v -82.221596 670.119385 -331.548462
v -82.221596 666.278076 -329.957275
v -82.221596 664.686890 -326.115906
v -85.356972 666.984009 300.230713
v 317.046722 666.596069 300.210022
v 352.499664 720.839355 300.388062
v -85.356972 721.357666 300.230286
v 352.379669 720.775879 -329.337708
v -85.356972 721.357666 -329.251099
v 317.047028 666.596069 -329.231812
v -85.356972 666.984009 -329.251343
vt 0.212295 0.911686
vt 0.212343 0.913058
vt 0.008426 0.915493
vt 0.008455 0.914121
vt 0.212541 0.914419
vt 0.424904 0.980161
vt 0.423530 0.980161
vt 0.008248 0.916855
vt 0.472457 0.701306
vt 0.215017 0.912012
vt 0.213663 0.911772
vt 0.424905 0.964268
vt 0.215002 0.782068
vt 0.216289 0.781500
vt 0.213580 0.782125
vt 0.471063 0.717198
vt 0.471083 0.701304
vt 0.339725 0.717099
vt 0.338387 0.717410
vt 0.222354 0.921095
vt 0.213734 0.779453
vt 0.213612 0.780787
vt 0.329360 0.701278
vt 0.005601 0.780751
vt 0.005469 0.779417
vt 0.005646 0.782089
vt 0.220869 0.940278
vt 0.221029 0.920784
vt 0.674483 0.606575
vt 0.676116 0.606740
vt 0.796060 0.650385
vt 0.797443 0.650327
vt 0.801499 0.853317
vt 0.800068 0.853291
vt 0.798785 0.649978
vt 0.013618 0.940321
vt 0.802893 0.853639
vt 0.795370 0.647626
vt 0.795923 0.649070
vt 0.655235 0.647335
vt 0.655092 0.645970
vt 0.655231 0.648707
vt 0.664113 0.622395
vt 0.652502 0.648448
vt 0.653859 0.648654
vt 0.653822 0.857923
vt 0.014943 0.920848
vt 0.015042 0.940255
vt 0.530011 0.606577
vt 0.531385 0.606575
vt 0.531402 0.622469
vt 0.630817 0.980177
vt 0.652464 0.858148
vt 0.655193 0.857850
vt 0.532759 0.606574
vt 0.532776 0.622467
vt 0.006703 0.915976
vt 0.007382 0.915253
vt 0.654148 0.858976
vt 0.653482 0.859699
vt 0.002930 0.781483
vt 0.004223 0.782046
vt 0.007088 0.914223
vt 0.005737 0.914478
vt 0.214072 0.913520
vt 0.213383 0.912806
vt 0.799986 0.854649
vt 0.655222 0.859223
vt 0.799497 0.856099
vt 0.655102 0.860590
vt 0.797458 0.648416
vt 0.797064 0.649409
vt 0.214750 0.781000
vt 0.215326 0.780120
vt 0.003882 0.780098
vt 0.004465 0.780973
vt 0.654168 0.647598
vt 0.653492 0.646884
vt 0.801572 0.855257
vt 0.801131 0.854275
vt 0.472437 0.717199
vt 0.423531 0.964267
vt 0.013578 0.921121
vt 0.665452 0.622705
vt 0.222293 0.940345
vt 0.327697 0.701401
vt 0.530028 0.622470
vt 0.630818 0.964284
vn -0.382689 -0.923877 0.000000
vn -0.382689 -0.923877 0.000000
vn -0.382689 -0.923877 0.000000
vn -0.382689 -0.923877 0.000000
vn -0.923879 -0.382685 0.000000
vn -0.923879 -0.382685 0.000000
vn -0.923879 -0.382685 0.000000
vn -0.923879 -0.382685 0.000000
vn -0.000061 -0.395680 0.918388
vn -0.000061 -0.395680 0.918388
vn -0.000061 -0.395680 0.918388
vn -0.000061 -0.395680 0.918388
vn 0.000169 -0.922687 0.385551
vn 0.000169 -0.922687 0.385551
vn 0.000169 -0.922687 0.385551
vn 0.000169 -0.922687 0.385551
vn -0.923879 0.000000 0.382685
vn -0.923879 0.000000 0.382685
vn -0.923879 0.000000 0.382685
vn -0.923879 0.000000 0.382685
vn -0.382684 0.000000 0.923879
vn -0.382684 0.000000 0.923879
vn -0.382684 0.000000 0.923879
vn -0.382684 0.000000 0.923879
vn 0.669376 -0.742924 0.000000
vn 0.669376 -0.742924 0.000000
vn 0.669376 -0.742923 0.000000
vn 0.669376 -0.742924 0.000000
vn 0.242036 -0.970267 0.000000
vn 0.242036 -0.970267 0.000000
vn 0.242036 -0.970267 0.000000
vn 0.242036 -0.970267 0.000000
vn 0.309024 -0.206341 0.928401
vn 0.309024 -0.206341 0.928401
vn 0.309024 -0.206341 0.928401
vn 0.309024 -0.206341 0.928401
vn 0.753928 -0.509727 0.414453
vn 0.753928 -0.509727 0.414453
vn 0.753928 -0.509727 0.414453
vn 0.753928 -0.509727 0.414453
vn 0.514946 0.857222 -0.000308
vn 0.514946 0.857222 -0.000308
vn 0.514946 0.857222 -0.000308
vn 0.514946 0.857222 -0.000308
vn 0.998646 -0.052017 -0.000308
vn 0.998646 -0.052017 -0.000308
vn 0.998646 -0.052017 -0.000308
vn 0.998646 -0.052017 -0.000308
vn 0.000160 0.359949 0.932972
vn 0.000160 0.359949 0.932972
vn 0.000160 0.359949 0.932972
vn 0.000160 0.359949 0.932972
vn -0.000038 0.911675 0.410913
vn -0.000038 0.911675 0.410913
vn -0.000038 0.911675 0.410913
vn -0.000038 0.911675 0.410913
vn -0.923879 0.382685 0.000000
vn -0.923879 0.382685 0.000000
vn -0.923879 0.382685 0.000000
vn -0.923879 0.382685 0.000000
vn -0.382689 0.923877 0.000000
vn -0.382689 0.923877 0.000000
vn -0.382689 0.923877 0.000000
vn -0.382689 0.923877 0.000000
vn 0.313932 -0.209062 -0.926142
vn 0.313932 -0.209062 -0.926142
vn 0.313932 -0.209062 -0.926142
vn 0.313932 -0.209062 -0.926142
vn 0.755774 -0.509813 -0.410969
vn 0.755774 -0.509813 -0.410969
vn 0.755774 -0.509813 -0.410969
vn 0.755774 -0.509813 -0.410969
vn 0.000098 0.913295 -0.407298
vn 0.000098 0.913295 -0.407298
vn 0.000098 0.913295 -0.407298
vn 0.000098 0.913295 -0.407298
vn 0.000228 0.365591 -0.930776
vn 0.000228 0.365591 -0.930776
vn 0.000228 0.365591 -0.930776
vn 0.000228 0.365591 -0.930776
vn -0.923879 0.000000 -0.382685
vn -0.923879 0.000000 -0.382685
vn -0.923879 0.000000 -0.382685
vn -0.923879 0.000000 -0.382685
vn -0.382684 0.000000 -0.923879
vn -0.382684 0.000000 -0.923879
vn -0.382684 0.000000 -0.923879
vn -0.382684 0.000000 -0.923879
vn -0.000061 -0.395680 -0.918388
vn -0.000061 -0.395680 -0.918388
vn -0.000061 -0.395680 -0.918388
vn -0.000061 -0.395680 -0.918388
vn 0.000169 -0.922687 -0.385551
vn 0.000169 -0.922687 -0.385551
vn 0.000169 -0.922687 -0.385551
vn 0.000169 -0.922687 -0.385551
vn 0.000000 0.000000 1.000000
vn 0.000000 0.000000 1.000000
vn 0.000000 0.000000 1.000000
vn 0.000000 0.000000 1.000000
vn 0.000000 1.000000 0.000000
vn 0.000000 1.000000 0.000000
vn 0.000000 1.000000 0.000000
vn 0.000000 1.000000 0.000000
vn 0.000000 0.000000 -1.000000
vn 0.000000 0.000000 -1.000000
vn 0.000000 0.000000 -1.000000
vn 0.000000 0.000000 -1.000000
vn 0.829280 -0.558834 0.000000
vn 0.829280 -0.558834 0.000000
vn 0.829280 -0.558834 0.000000
vn 0.829280 -0.558834 0.000000
vn -1.000000 0.000000 0.000000
vn -1.000000 0.000000 0.000000
vn -1.000000 0.000000 0.000000
vn -1.000000 0.000000 0.000000
vn -0.887922 -0.325226 0.325303
vn -0.887922 -0.325226 0.325303
vn -0.887922 -0.325226 0.325303
vn -0.887922 -0.325226 0.325303
vn -0.325246 -0.887925 0.325275
vn -0.325246 -0.887925 0.325275
vn -0.325246 -0.887925 0.325275
vn -0.325246 -0.887925 0.325275
vn -0.325288 -0.325237 0.887924
vn -0.325288 -0.325237 0.887924
vn -0.325288 -0.325237 0.887924
vn -0.325288 -0.325237 0.887924
vn 0.191290 -0.921099 0.339093
vn 0.191290 -0.921099 0.339093
vn 0.191290 -0.921099 0.339093
vn 0.191290 -0.921099 0.339093
vn 0.657454 -0.672365 0.340116
vn 0.657454 -0.672365 0.340116
vn 0.657454 -0.672365 0.340116
vn 0.657454 -0.672365 0.340116
vn 0.247134 -0.463134 0.851136
vn 0.247134 -0.463134 0.851136
vn 0.247134 -0.463134 0.851136
vn 0.247134 -0.463134 0.851136
vn 0.894249 -0.104014 0.435317
vn 0.894249 -0.104014 0.435317
vn 0.894249 -0.104014 0.435317
vn 0.894249 -0.104014 0.435317
vn 0.413219 0.800174 0.434709
vn 0.413219 0.800174 0.434709
vn 0.413219 0.800174 0.434709
vn 0.413219 0.800174 0.434709
vn 0.273747 0.146280 0.950613
vn 0.273747 0.146280 0.950613
vn 0.273747 0.146280 0.950613
vn 0.273747 0.146280 0.950613
vn -0.325268 0.887951 0.325184
vn -0.325268 0.887951 0.325184
vn -0.325268 0.887951 0.325184
vn -0.325268 0.887951 0.325184
vn -0.887924 0.325359 0.325164
vn -0.887925 0.325359 0.325164
vn -0.887925 0.325359 0.325164
vn -0.887924 0.325359 0.325164
vn -0.325231 0.325341 0.887906
vn -0.325231 0.325341 0.887906
vn -0.325231 0.325341 0.887906
vn -0.325231 0.325341 0.887906
vn 0.902932 -0.101448 -0.417638
vn 0.902932 -0.101448 -0.417638
vn 0.902932 -0.101448 -0.417638
vn 0.902932 -0.101448 -0.417638
vn 0.287218 0.153554 -0.945477
vn 0.287218 0.153554 -0.945477
vn 0.287218 0.153554 -0.945477
vn 0.287218 0.153554 -0.945477
vn 0.420150 0.805956 -0.417024
vn 0.420150 0.805956 -0.417024
vn 0.420150 0.805956 -0.417024
vn 0.420150 0.805956 -0.417024
vn -0.325211 0.325321 -0.887921
vn -0.325211 0.325321 -0.887921
vn -0.325211 0.325321 -0.887921
vn -0.325211 0.325321 -0.887921
vn -0.887930 0.325331 -0.325176
vn -0.887931 0.325331 -0.325176
vn -0.887931 0.325331 -0.325176
vn -0.887931 0.325331 -0.325176
vn -0.325233 0.887959 -0.325195
vn -0.325233 0.887959 -0.325195
vn -0.325233 0.887959 -0.325195
vn -0.325233 0.887959 -0.325195
vn 0.657603 -0.672199 -0.340157
vn 0.657603 -0.672199 -0.340157
vn 0.657603 -0.672199 -0.340157
vn 0.657603 -0.672199 -0.340157
vn 0.191080 -0.921116 -0.339166
vn 0.191080 -0.921116 -0.339166
vn 0.191080 -0.921116 -0.339166
vn 0.191080 -0.921116 -0.339166
vn 0.247036 -0.462944 -0.851267
vn 0.247036 -0.462944 -0.851267
vn 0.247036 -0.462944 -0.851267
vn 0.247036 -0.462944 -0.851267
vn -0.325245 -0.887923 -0.325281
vn -0.325245 -0.887923 -0.325281
vn -0.325245 -0.887923 -0.325281
vn -0.325245 -0.887923 -0.325281
vn -0.887922 -0.325226 -0.325303
vn -0.887922 -0.325226 -0.325303
vn -0.887922 -0.325226 -0.325303
vn -0.887922 -0.325226 -0.325303
vn -0.325288 -0.325236 -0.887924
vn -0.325288 -0.325236 -0.887924
vn -0.325288 -0.325236 -0.887924
vn -0.325288 -0.325236 -0.887924
s off
g S_U_20 Roof_06
usemtl aiStandardSurface1SG4
f 306/405/1043 305/406/1044 347/407/1045 352/408/1046
f 305/406/1047 310/409/1048 348/412/1049 347/407/1050
f 308/414/1051 307/415/1052 315/417/1053 314/418/1054
f 307/415/1055 306/405/1056 316/419/1057 315/417/1058
f 310/410/1059 309/411/1060 325/486/1061 324/416/1062
f 309/485/1063 308/420/1064 326/421/1065 325/413/1066
f 312/425/1067 311/426/1068 341/428/1069 346/429/1070
f 311/426/1071 316/419/1072 342/430/1073 341/428/1074
f 314/422/1075 313/423/1076 321/490/1077 320/427/1078
f 313/489/1079 312/431/1080 322/432/1081 321/424/1082
f 318/435/1083 317/436/1084 333/437/1085 332/438/1086
f 317/436/1087 322/439/1088 334/441/1089 333/437/1090
f 320/442/1091 319/443/1092 327/444/1093 326/445/1094
f 319/443/1095 318/435/1096 328/446/1097 327/444/1098
f 324/448/1099 323/449/1100 337/450/1101 336/457/1102
f 323/449/1103 328/446/1104 338/458/1105 337/450/1106
f 330/433/1107 329/434/1108 345/488/1109 344/447/1110
f 329/487/1111 334/451/1112 346/452/1113 345/440/1114
f 332/438/1115 331/471/1116 339/472/1117 338/458/1118
f 331/471/1119 330/473/1120 340/474/1121 339/472/1122
f 336/453/1123 335/454/1124 349/455/1125 348/491/1126
f 335/454/1127 340/459/1128 350/460/1129 349/455/1130
f 344/465/1131 343/466/1132 351/467/1133 350/468/1134
f 343/466/1135 342/430/1136 352/408/1137 351/467/1138
f 308/420/1139 314/422/1140 320/427/1141 326/421/1142
f 328/446/1143 318/435/1144 332/438/1145 338/458/1146
f 340/459/1147 330/433/1148 344/447/1149 350/460/1150
f 312/431/1151 346/452/1152 334/451/1153 322/432/1154
f 348/456/1155 310/410/1156 324/416/1157 336/492/1158
f 309/469/1159 310/409/1160 305/406/1161 353/470/1162
f 305/406/1163 306/405/1164 307/415/1165 353/470/1166
f 307/415/1167 308/414/1168 309/469/1169 353/470/1170
f 315/417/1171 316/419/1172 311/426/1173 354/477/1174
f 311/426/1175 312/425/1176 313/478/1177 354/477/1178
f 313/478/1179 314/418/1180 315/417/1181 354/477/1182
f 321/475/1183 322/439/1184 317/436/1185 355/476/1186
f 317/436/1187 318/435/1188 319/443/1189 355/476/1190
f 319/443/1191 320/442/1192 321/475/1193 355/476/1194
f 327/444/1195 328/446/1196 323/449/1197 356/481/1198
f 323/449/1199 324/448/1200 325/482/1201 356/481/1202
f 325/482/1203 326/445/1204 327/444/1205 356/481/1206
f 333/437/1207 334/441/1208 329/483/1209 357/484/1210
f 329/483/1211 330/473/1212 331/471/1213 357/484/1214
f 331/471/1215 332/438/1216 333/437/1217 357/484/1218
f 339/472/1219 340/474/1220 335/464/1221 358/463/1222
f 335/464/1223 336/457/1224 337/450/1225 358/463/1226
f 337/450/1227 338/458/1228 339/472/1229 358/463/1230
f 345/479/1231 346/429/1232 341/428/1233 359/480/1234
f 341/428/1235 342/430/1236 343/466/1237 359/480/1238
f 343/466/1239 344/465/1240 345/479/1241 359/480/1242
f 351/467/1243 352/408/1244 347/407/1245 360/462/1246
f 347/407/1247 348/412/1248 349/461/1249 360/462/1250
f 349/461/1251 350/468/1252 351/467/1253 360/462/1254
g default
v -86.107758 613.710571 297.164062
v -82.434357 612.188965 297.164062
v -82.434357 613.710571 300.837463
v -82.434357 617.383911 302.359070
v -86.107758 617.383911 300.837463
v -87.629364 617.383911 297.164062
v 314.308929 613.710571 297.164062
v 315.830536 617.383911 297.164062
v 314.308929 617.383911 300.837463
v 310.635529 617.383911 302.359070
v 310.635529 613.710571 300.837463
v 310.635529 612.188965 297.164062
v 314.308929 662.622559 297.164062
v 310.635529 664.144043 297.164062
v 310.635529 662.622559 300.837463
v 310.635529 658.949097 302.359070
v 314.308929 658.949097 300.837463
v 315.830536 658.949097 297.164062
v -86.107758 662.622559 297.164062
v -87.629364 658.949097 297.164062
v -86.107758 658.949097 300.837463
v -82.434357 658.949097 302.359070
v -82.434357 662.622559 300.837463
v -82.434357 664.144043 297.164062
v 314.308929 658.949097 -330.195618
v 310.635529 658.949097 -331.717224
v 310.635529 662.622559 -330.195618
v 310.635529 664.144043 -326.522217
v 314.308929 662.622559 -326.522217
v 315.830536 658.949097 -326.522217
v -86.107758 658.949097 -330.195618
v -87.629364 658.949097 -326.522217
v -86.107758 662.622559 -326.522217
v -82.434357 664.144043 -326.522217
v -82.434357 662.622559 -330.195618
v -82.434357 658.949097 -331.717224
v 314.308929 613.710571 -326.522217
v 310.635529 612.188965 -326.522217
v 310.635529 613.710571 -330.195618
v 310.635529 617.383911 -331.717224
v 314.308929 617.383911 -330.195618
v 315.830536 617.383911 -326.522217
v -86.107758 613.710571 -326.522217
v -87.629364 617.383911 -326.522217
v -86.107758 617.383911 -330.195618
v -82.434357 617.383911 -331.717224
v -82.434357 613.710571 -330.195618
v -82.434357 612.188965 -326.522217
v -85.432648 614.385620 300.162354
v 313.633820 614.385620 300.162354
v 313.633820 661.947388 300.162354
v -85.432648 661.947388 300.162354
v 313.633820 661.947388 -329.520508
v -85.432648 661.947388 -329.520508
v 313.633820 614.385620 -329.520508
v -85.432648 614.385620 -329.520508
vt 0.729644 0.211650
vt 0.728332 0.211696
vt 0.728300 0.005510
vt 0.729611 0.005555
vt 0.727031 0.211888
vt 0.009570 0.980271
vt 0.008256 0.980271
vt 0.727001 0.005320
vt 0.508716 0.736206
vt 0.729405 0.214257
vt 0.729596 0.212960
vt 0.009567 0.966538
vt 0.859589 0.212943
vt 0.859781 0.214244
vt 0.859542 0.211632
vt 0.510029 0.722472
vt 0.510029 0.736205
vt 0.639901 0.722467
vt 0.641215 0.722466
vt 0.641216 0.736200
vt 0.862152 0.211867
vt 0.860853 0.211677
vt 0.639902 0.736200
vt 0.860821 0.005491
vt 0.862122 0.005299
vt 0.859509 0.005537
vt 0.785566 0.978748
vt 0.785566 0.992481
vt 0.470845 0.721380
vt 0.472159 0.721380
vt 0.912750 0.220843
vt 0.914062 0.220797
vt 0.914089 0.426983
vt 0.912777 0.426938
vt 0.915363 0.220605
vt 0.992949 0.978739
vt 0.915388 0.427173
vt 0.912989 0.218236
vt 0.912797 0.219533
vt 0.782805 0.219547
vt 0.782613 0.218246
vt 0.782852 0.220858
vt 0.470848 0.735113
vt 0.780242 0.220623
vt 0.781541 0.220812
vt 0.781567 0.426999
vt 0.991636 0.992473
vt 0.991636 0.978739
vt 0.338345 0.721405
vt 0.339659 0.721404
vt 0.339661 0.735138
vt 0.215640 0.980232
vt 0.780267 0.427190
vt 0.782879 0.426952
vt 0.340973 0.721404
vt 0.340975 0.735138
vt 0.727894 0.003840
vt 0.728563 0.004507
vt 0.781830 0.428000
vt 0.781162 0.428668
vt 0.859748 0.002930
vt 0.859557 0.004227
vt 0.729564 0.004244
vt 0.729373 0.002943
vt 0.727927 0.213366
vt 0.728594 0.212698
vt 0.912824 0.428249
vt 0.782832 0.428263
vt 0.913016 0.429550
vt 0.782641 0.429560
vt 0.914467 0.219127
vt 0.913799 0.219795
vt 0.860591 0.212680
vt 0.861259 0.213347
vt 0.861226 0.003821
vt 0.860559 0.004489
vt 0.781803 0.219810
vt 0.781135 0.219143
vt 0.914495 0.428653
vt 0.913826 0.427986
vt 0.992950 0.992472
vt 0.472162 0.735113
vt 0.508715 0.722472
vt 0.008254 0.966538
vt 0.338348 0.735138
vt 0.215637 0.966499
vt 0.642529 0.722466
vt 0.642529 0.736200
vn -0.382685 -0.923879 0.000000
vn -0.382685 -0.923879 0.000000
vn -0.382685 -0.923879 0.000000
vn -0.382685 -0.923879 0.000000
vn -0.923879 -0.382684 0.000000
vn -0.923879 -0.382684 0.000000
vn -0.923879 -0.382684 0.000000
vn -0.923879 -0.382684 0.000000
vn 0.000000 -0.382683 0.923880
vn 0.000000 -0.382683 0.923880
vn 0.000000 -0.382683 0.923880
vn 0.000000 -0.382683 0.923880
vn 0.000000 -0.923881 0.382680
vn 0.000000 -0.923881 0.382680
vn 0.000000 -0.923881 0.382680
vn 0.000000 -0.923881 0.382680
vn -0.923877 0.000000 0.382690
vn -0.923877 0.000000 0.382690
vn -0.923877 0.000000 0.382690
vn -0.923877 0.000000 0.382690
vn -0.382688 0.000000 0.923878
vn -0.382688 0.000000 0.923878
vn -0.382688 0.000000 0.923878
vn -0.382688 0.000000 0.923878
vn 0.923879 -0.382684 0.000000
vn 0.923879 -0.382684 0.000000
vn 0.923879 -0.382684 0.000000
vn 0.923879 -0.382684 0.000000
vn 0.382682 -0.923880 0.000000
vn 0.382682 -0.923880 0.000000
vn 0.382682 -0.923880 0.000000
vn 0.382682 -0.923880 0.000000
vn 0.382688 0.000000 0.923878
vn 0.382688 0.000000 0.923878
vn 0.382688 0.000000 0.923878
vn 0.382688 0.000000 0.923878
vn 0.923877 0.000000 0.382690
vn 0.923877 0.000000 0.382690
vn 0.923877 0.000000 0.382690
vn 0.923877 0.000000 0.382690
vn 0.382682 0.923880 0.000000
vn 0.382682 0.923880 0.000000
vn 0.382682 0.923880 0.000000
vn 0.382682 0.923880 0.000000
vn 0.923879 0.382684 0.000000
vn 0.923879 0.382684 0.000000
vn 0.923879 0.382684 0.000000
vn 0.923879 0.382684 0.000000
vn 0.000000 0.382683 0.923880
vn 0.000000 0.382683 0.923880
vn 0.000000 0.382683 0.923880
vn 0.000000 0.382683 0.923880
vn 0.000000 0.923879 0.382685
vn 0.000000 0.923879 0.382685
vn 0.000000 0.923879 0.382685
vn 0.000000 0.923879 0.382685
vn -0.923879 0.382684 0.000000
vn -0.923879 0.382684 0.000000
vn -0.923879 0.382684 0.000000
vn -0.923879 0.382684 0.000000
vn -0.382685 0.923879 0.000000
vn -0.382685 0.923879 0.000000
vn -0.382685 0.923879 0.000000
vn -0.382685 0.923879 0.000000
vn 0.382688 0.000000 -0.923878
vn 0.382688 0.000000 -0.923878
vn 0.382688 0.000000 -0.923878
vn 0.382688 0.000000 -0.923878
vn 0.923877 0.000000 -0.382690
vn 0.923877 0.000000 -0.382690
vn 0.923877 0.000000 -0.382690
vn 0.923877 0.000000 -0.382690
vn 0.000000 0.923879 -0.382685
vn 0.000000 0.923879 -0.382685
vn 0.000000 0.923879 -0.382685
vn 0.000000 0.923879 -0.382685
vn 0.000000 0.382683 -0.923880
vn 0.000000 0.382683 -0.923880
vn 0.000000 0.382683 -0.923880
vn 0.000000 0.382683 -0.923880
vn -0.923877 0.000000 -0.382690
vn -0.923877 0.000000 -0.382690
vn -0.923877 0.000000 -0.382690
vn -0.923877 0.000000 -0.382690
vn -0.382688 0.000000 -0.923878
vn -0.382688 0.000000 -0.923878
vn -0.382688 0.000000 -0.923878
vn -0.382688 0.000000 -0.923878
vn 0.000000 -0.382683 -0.923880
vn 0.000000 -0.382683 -0.923880
vn 0.000000 -0.382683 -0.923880
vn 0.000000 -0.382683 -0.923880
vn 0.000000 -0.923881 -0.382680
vn 0.000000 -0.923881 -0.382680
vn 0.000000 -0.923881 -0.382680
vn 0.000000 -0.923881 -0.382680
vn 0.000000 0.000000 1.000000
vn 0.000000 0.000000 1.000000
vn 0.000000 0.000000 1.000000
vn 0.000000 0.000000 1.000000
vn 0.000000 1.000000 0.000000
vn 0.000000 1.000000 0.000000
vn 0.000000 1.000000 0.000000
vn 0.000000 1.000000 0.000000
vn 0.000000 0.000000 -1.000000
vn 0.000000 0.000000 -1.000000
vn 0.000000 0.000000 -1.000000
vn 0.000000 0.000000 -1.000000
vn 0.000000 -1.000000 0.000000
vn 0.000000 -1.000000 0.000000
vn 0.000000 -1.000000 0.000000
vn 0.000000 -1.000000 0.000000
vn 1.000000 0.000000 0.000000
vn 1.000000 0.000000 0.000000
vn 1.000000 0.000000 0.000000
vn 1.000000 0.000000 0.000000
vn -1.000000 0.000000 0.000000
vn -1.000000 0.000000 0.000000
vn -1.000000 0.000000 0.000000
vn -1.000000 0.000000 0.000000
vn -0.887917 -0.325270 0.325275
vn -0.887917 -0.325270 0.325275
vn -0.887916 -0.325270 0.325275
vn -0.887917 -0.325270 0.325275
vn -0.325273 -0.887920 0.325261
vn -0.325273 -0.887920 0.325261
vn -0.325273 -0.887920 0.325261
vn -0.325273 -0.887920 0.325261
vn -0.325270 -0.325271 0.887918
vn -0.325270 -0.325271 0.887918
vn -0.325270 -0.325271 0.887918
vn -0.325270 -0.325271 0.887918
vn 0.325272 -0.887923 0.325256
vn 0.325272 -0.887923 0.325256
vn 0.325272 -0.887923 0.325256
vn 0.325272 -0.887923 0.325256
vn 0.887912 -0.325282 0.325274
vn 0.887912 -0.325282 0.325274
vn 0.887912 -0.325282 0.325274
vn 0.887912 -0.325282 0.325274
vn 0.325267 -0.325262 0.887922
vn 0.325267 -0.325262 0.887922
vn 0.325267 -0.325262 0.887922
vn 0.325267 -0.325262 0.887922
vn 0.887916 0.325278 0.325268
vn 0.887916 0.325278 0.325268
vn 0.887916 0.325278 0.325268
vn 0.887916 0.325278 0.325268
vn 0.325274 0.887923 0.325253
vn 0.325274 0.887923 0.325253
vn 0.325274 0.887923 0.325253
vn 0.325274 0.887923 0.325253
vn 0.325268 0.325261 0.887922
vn 0.325268 0.325261 0.887922
vn 0.325268 0.325261 0.887922
vn 0.325268 0.325261 0.887922
vn -0.325275 0.887924 0.325249
vn -0.325275 0.887924 0.325249
vn -0.325275 0.887924 0.325249
vn -0.325275 0.887924 0.325249
vn -0.887917 0.325274 0.325269
vn -0.887917 0.325274 0.325269
vn -0.887917 0.325274 0.325269
vn -0.887917 0.325274 0.325269
vn -0.325266 0.325270 0.887920
vn -0.325266 0.325270 0.887920
vn -0.325266 0.325270 0.887920
vn -0.325266 0.325270 0.887920
vn 0.887914 0.325283 -0.325268
vn 0.887914 0.325283 -0.325268
vn 0.887914 0.325283 -0.325268
vn 0.887914 0.325283 -0.325268
vn 0.325267 0.325262 -0.887922
vn 0.325267 0.325262 -0.887922
vn 0.325267 0.325262 -0.887922
vn 0.325267 0.325262 -0.887922
vn 0.325273 0.887925 -0.325247
vn 0.325273 0.887925 -0.325247
vn 0.325273 0.887925 -0.325247
vn 0.325273 0.887925 -0.325247
vn -0.325267 0.325268 -0.887920
vn -0.325267 0.325268 -0.887920
vn -0.325267 0.325268 -0.887920
vn -0.325267 0.325268 -0.887920
vn -0.887918 0.325271 -0.325269
vn -0.887918 0.325271 -0.325269
vn -0.887918 0.325271 -0.325269
vn -0.887918 0.325271 -0.325269
vn -0.325274 0.887923 -0.325253
vn -0.325274 0.887923 -0.325253
vn -0.325274 0.887923 -0.325253
vn -0.325274 0.887923 -0.325253
vn 0.887914 -0.325278 -0.325274
vn 0.887914 -0.325278 -0.325274
vn 0.887914 -0.325278 -0.325274
vn 0.887914 -0.325278 -0.325274
vn 0.325273 -0.887920 -0.325261
vn 0.325273 -0.887920 -0.325261
vn 0.325273 -0.887920 -0.325261
vn 0.325273 -0.887920 -0.325261
vn 0.325271 -0.325263 -0.887920
vn 0.325271 -0.325263 -0.887920
vn 0.325271 -0.325263 -0.887920
vn 0.325271 -0.325263 -0.887920
vn -0.325274 -0.887921 -0.325258
vn -0.325274 -0.887921 -0.325258
vn -0.325274 -0.887921 -0.325258
vn -0.325274 -0.887921 -0.325258
vn -0.887915 -0.325274 -0.325275
vn -0.887915 -0.325274 -0.325275
vn -0.887915 -0.325274 -0.325275
vn -0.887915 -0.325274 -0.325275
vn -0.325266 -0.325270 -0.887920
vn -0.325266 -0.325270 -0.887920
vn -0.325266 -0.325270 -0.887920
vn -0.325266 -0.325270 -0.887920
s off
g S_U_20 Roof_07
usemtl aiStandardSurface1SG4
f 362/493/1255 361/494/1256 403/495/1257 408/496/1258
f 361/494/1259 366/497/1260 404/500/1261 403/495/1262
f 364/502/1263 363/503/1264 371/505/1265 370/506/1266
f 363/503/1267 362/493/1268 372/507/1269 371/505/1270
f 366/498/1271 365/499/1272 381/576/1273 380/504/1274
f 365/575/1275 364/508/1276 382/509/1277 381/501/1278
f 368/513/1279 367/514/1280 397/516/1281 402/517/1282
f 367/514/1283 372/507/1284 398/518/1285 397/516/1286
f 370/510/1287 369/511/1288 377/512/1289 376/515/1290
f 369/511/1291 368/579/1292 378/580/1293 377/512/1294
f 374/523/1295 373/524/1296 389/525/1297 388/526/1298
f 373/524/1299 378/527/1300 390/529/1301 389/525/1302
f 376/530/1303 375/531/1304 383/532/1305 382/533/1306
f 375/531/1307 374/523/1308 384/534/1309 383/532/1310
f 380/536/1311 379/537/1312 393/538/1313 392/545/1314
f 379/537/1315 384/534/1316 394/546/1317 393/538/1318
f 386/521/1319 385/522/1320 401/574/1321 400/535/1322
f 385/573/1323 390/539/1324 402/540/1325 401/528/1326
f 388/526/1327 387/559/1328 395/560/1329 394/546/1330
f 387/559/1331 386/561/1332 396/562/1333 395/560/1334
f 392/541/1335 391/542/1336 405/543/1337 404/577/1338
f 391/542/1339 396/547/1340 406/548/1341 405/543/1342
f 400/553/1343 399/554/1344 407/555/1345 406/556/1346
f 399/554/1347 398/518/1348 408/496/1349 407/555/1350
f 364/508/1351 370/510/1352 376/515/1353 382/509/1354
f 384/534/1355 374/523/1356 388/526/1357 394/546/1358
f 396/547/1359 386/521/1360 400/535/1361 406/548/1362
f 408/496/1363 398/518/1364 372/507/1365 362/493/1366
f 368/519/1367 402/540/1368 390/539/1369 378/520/1370
f 404/544/1371 366/498/1372 380/504/1373 392/578/1374
f 365/557/1375 366/497/1376 361/494/1377 409/558/1378
f 361/494/1379 362/493/1380 363/503/1381 409/558/1382
f 363/503/1383 364/502/1384 365/557/1385 409/558/1386
f 371/505/1387 372/507/1388 367/514/1389 410/565/1390
f 367/514/1391 368/513/1392 369/566/1393 410/565/1394
f 369/566/1395 370/506/1396 371/505/1397 410/565/1398
f 377/563/1399 378/527/1400 373/524/1401 411/564/1402
f 373/524/1403 374/523/1404 375/531/1405 411/564/1406
f 375/531/1407 376/530/1408 377/563/1409 411/564/1410
f 383/532/1411 384/534/1412 379/537/1413 412/569/1414
f 379/537/1415 380/536/1416 381/570/1417 412/569/1418
f 381/570/1419 382/533/1420 383/532/1421 412/569/1422
f 389/525/1423 390/529/1424 385/571/1425 413/572/1426
f 385/571/1427 386/561/1428 387/559/1429 413/572/1430
f 387/559/1431 388/526/1432 389/525/1433 413/572/1434
f 395/560/1435 396/562/1436 391/552/1437 414/551/1438
f 391/552/1439 392/545/1440 393/538/1441 414/551/1442
f 393/538/1443 394/546/1444 395/560/1445 414/551/1446
f 401/567/1447 402/517/1448 397/516/1449 415/568/1450
f 397/516/1451 398/518/1452 399/554/1453 415/568/1454
f 399/554/1455 400/553/1456 401/567/1457 415/568/1458
f 407/555/1459 408/496/1460 403/495/1461 416/550/1462
f 403/495/1463 404/500/1464 405/549/1465 416/550/1466
f 405/549/1467 406/556/1468 407/555/1469 416/550/1470
g default
v -484.218262 730.381470 284.717255
v -480.625366 739.055542 284.717255
v -471.951111 742.648560 284.717255
v -402.429047 730.381470 284.717255
v -414.696259 742.648560 284.717255
v -406.022034 739.055542 284.717255
v -480.625366 411.213165 284.717255
v -484.218262 419.887421 284.717255
v -471.951111 407.620270 284.717255
v -406.022034 411.213165 284.717255
v -414.696259 407.620270 284.717255
v -402.429047 419.887421 284.717255
v -471.236511 739.056030 312.606873
v -471.741882 741.596313 310.802948
v -471.951111 742.648560 308.262604
v -414.696259 742.648560 308.262604
v -414.905579 741.596313 310.802948
v -415.410858 739.056030 312.606873
v -471.951111 407.620270 308.262604
v -471.741882 408.672485 310.802948
v -471.236511 411.212830 312.606873
v -415.410858 411.212830 312.606873
v -414.905579 408.672485 310.802948
v -414.696259 407.620270 308.262604
v -484.218262 730.381470 308.262604
v -483.166077 730.172119 310.802948
v -480.625732 729.666870 312.606873
v -484.218262 419.887421 308.262604
v -483.166077 420.096649 310.802948
v -480.625732 420.601990 312.606873
v -402.429047 730.381470 308.262604
v -403.481354 730.172119 310.802948
v -406.021667 729.666870 312.606873
v -402.429047 419.887421 308.262604
v -403.481354 420.096649 310.802948
v -406.021667 420.601990 312.606873
v -480.625366 739.055542 308.262604
v -479.820007 738.250244 310.802948
v -477.875732 736.305908 312.606873
v -406.022034 739.055542 308.262604
v -406.827362 738.250244 310.802948
v -408.771637 736.305908 312.606873
v -480.625366 411.213165 308.262604
v -479.820007 412.018524 310.802948
v -477.875732 413.962830 312.606873
v -406.022034 411.213165 308.262604
v -406.827362 412.018524 310.802948
v -408.771637 413.962830 312.606873
vt 0.227746 0.760841
vt 0.228144 0.758752
vt 0.273779 0.758671
vt 0.274151 0.760740
vt 0.228663 0.756371
vt 0.273283 0.756323
vt 0.228523 0.495679
vt 0.228026 0.493332
vt 0.273661 0.493245
vt 0.273143 0.495627
vt 0.227653 0.491264
vt 0.274058 0.491155
vt 0.225930 0.778527
vt 0.276072 0.779306
vt 0.225724 0.472700
vt 0.275867 0.473468
vt 0.285071 0.502027
vt 0.303514 0.499850
vt 0.303470 0.752041
vt 0.285281 0.750005
vt 0.198336 0.499965
vt 0.216525 0.502001
vt 0.216737 0.749967
vt 0.198294 0.752144
vt 0.219978 0.757753
vt 0.217977 0.776888
vt 0.282067 0.757709
vt 0.301621 0.759950
vt 0.219739 0.494296
vt 0.200186 0.492055
vt 0.281829 0.494241
vt 0.283821 0.475103
vt 0.221375 0.749165
vt 0.280642 0.749190
vt 0.278542 0.754247
vt 0.223454 0.754273
vt 0.278352 0.497724
vt 0.280433 0.502829
vt 0.221164 0.502816
vt 0.223264 0.497755
vt 0.280444 0.756118
vt 0.221362 0.495886
vt 0.218909 0.749627
vt 0.221572 0.756148
vt 0.218696 0.502348
vt 0.283110 0.749658
vt 0.282899 0.502367
vt 0.280235 0.495848
vt 0.301548 0.492172
vt 0.218011 0.474541
vt 0.283786 0.777468
vt 0.200260 0.759823
vn 0.000000 0.923876 0.382691
vn 0.000000 0.923876 0.382691
vn 0.000000 0.923876 0.382691
vn 0.000000 0.923876 0.382691
vn -0.030252 0.574717 0.817793
vn -0.010097 0.232145 0.972629
vn 0.010097 0.232144 0.972629
vn 0.030251 0.574718 0.817792
vn -0.010097 -0.232149 0.972628
vn -0.030251 -0.574718 0.817792
vn 0.030250 -0.574718 0.817792
vn 0.010097 -0.232148 0.972628
vn -0.047522 -0.921447 0.385587
vn -0.054374 -0.997692 0.040675
vn 0.054374 -0.997692 0.040675
vn 0.047522 -0.921447 0.385588
vn -0.054418 0.998518 0.000000
vn -0.054376 0.997692 0.040678
vn 0.054376 0.997692 0.040678
vn 0.054418 0.998518 0.000000
vn -0.054374 -0.997692 0.040675
vn -0.054416 -0.998518 0.000000
vn 0.054416 -0.998518 0.000000
vn 0.054374 -0.997692 0.040675
vn 0.999103 -0.011140 0.040866
vn 0.999937 -0.011257 0.000000
vn 0.999937 0.011257 0.000000
vn 0.999103 0.011140 0.040866
vn -0.999937 -0.011256 0.000000
vn -0.999103 -0.011140 0.040862
vn -0.999103 0.011140 0.040862
vn -0.999937 0.011256 0.000000
vn -0.999103 0.011140 0.040862
vn -0.923084 0.382351 0.041513
vn -0.923881 0.382681 0.000000
vn -0.999937 0.011256 0.000000
vn -0.382418 0.923229 0.037492
vn -0.054376 0.997692 0.040678
vn -0.054418 0.998518 0.000000
vn -0.382687 0.923878 0.000000
vn 0.054376 0.997692 0.040678
vn 0.382418 0.923229 0.037492
vn 0.382687 0.923878 0.000000
vn 0.054418 0.998518 0.000000
vn 0.923083 0.382354 0.041515
vn 0.999103 0.011140 0.040866
vn 0.999937 0.011257 0.000000
vn 0.923879 0.382684 0.000000
vn -0.054374 -0.997692 0.040675
vn -0.382407 -0.923233 0.037490
vn -0.382676 -0.923883 0.000000
vn -0.054416 -0.998518 0.000000
vn -0.923085 -0.382348 0.041512
vn -0.999103 -0.011140 0.040862
vn -0.999937 -0.011256 0.000000
vn -0.923882 -0.382678 0.000000
vn 0.999103 -0.011140 0.040866
vn 0.923084 -0.382351 0.041514
vn 0.923881 -0.382681 0.000000
vn 0.999937 -0.011257 0.000000
vn 0.382407 -0.923233 0.037490
vn 0.054374 -0.997692 0.040675
vn 0.054416 -0.998518 0.000000
vn 0.382676 -0.923883 0.000000
vn -0.024199 0.000281 0.999707
vn 0.024199 0.000281 0.999707
vn 0.021099 0.024452 0.999478
vn -0.021099 0.024452 0.999478
vn 0.021099 -0.024451 0.999478
vn 0.024199 -0.000281 0.999707
vn -0.024199 -0.000281 0.999707
vn -0.021099 -0.024451 0.999478
vn -0.021099 0.024452 0.999478
vn 0.021099 0.024452 0.999478
vn 0.010097 0.232144 0.972629
vn -0.010097 0.232145 0.972629
vn -0.024199 -0.000281 0.999707
vn 0.024199 -0.000281 0.999707
vn 0.024199 0.000281 0.999707
vn -0.024199 0.000281 0.999707
vn 0.021099 -0.024451 0.999478
vn -0.021099 -0.024451 0.999478
vn -0.010097 -0.232149 0.972628
vn 0.010097 -0.232148 0.972628
vn 0.054376 0.997692 0.040678
vn 0.047523 0.921438 0.385609
vn 0.353554 0.853547 0.382698
vn 0.382418 0.923229 0.037492
vn 0.030251 0.574718 0.817792
vn 0.010097 0.232144 0.972629
vn 0.021099 0.024452 0.999478
vn 0.417549 0.357521 0.835363
vn -0.054374 -0.997692 0.040675
vn -0.047522 -0.921447 0.385587
vn -0.353549 -0.853557 0.382680
vn -0.382407 -0.923233 0.037490
vn -0.030251 -0.574718 0.817792
vn -0.010097 -0.232149 0.972628
vn -0.021099 -0.024451 0.999478
vn -0.417547 -0.357519 0.835365
vn -0.999103 0.011140 0.040862
vn -0.923521 0.010710 0.383398
vn -0.853555 0.353555 0.382679
vn -0.923084 0.382351 0.041513
vn -0.578401 0.004378 0.815741
vn -0.024199 0.000281 0.999707
vn -0.021099 0.024452 0.999478
vn -0.417547 0.357520 0.835364
vn -0.024199 0.000281 0.999707
vn -0.578401 0.004378 0.815741
vn -0.578401 -0.004378 0.815741
vn -0.024199 -0.000281 0.999707
vn -0.923521 0.010710 0.383398
vn -0.999103 0.011140 0.040862
vn -0.999103 -0.011140 0.040862
vn -0.923522 -0.010710 0.383397
vn 0.999103 0.011140 0.040866
vn 0.923507 0.010710 0.383433
vn 0.923507 -0.010710 0.383433
vn 0.999103 -0.011140 0.040866
vn 0.578407 0.004378 0.815737
vn 0.024199 0.000281 0.999707
vn 0.024199 -0.000281 0.999707
vn 0.578407 -0.004378 0.815737
vn 0.999103 -0.011140 0.040866
vn 0.923507 -0.010710 0.383433
vn 0.853553 -0.353549 0.382689
vn 0.923084 -0.382351 0.041514
vn 0.578407 -0.004378 0.815737
vn 0.024199 -0.000281 0.999707
vn 0.021099 -0.024451 0.999478
vn 0.417549 -0.357519 0.835364
vn -0.010097 0.232145 0.972629
vn -0.030252 0.574717 0.817793
vn -0.417547 0.357520 0.835364
vn -0.021099 0.024452 0.999478
vn -0.047523 0.921438 0.385609
vn -0.054376 0.997692 0.040678
vn -0.382418 0.923229 0.037492
vn -0.353555 0.853547 0.382696
vn 0.024199 0.000281 0.999707
vn 0.578407 0.004378 0.815737
vn 0.417549 0.357521 0.835363
vn 0.021099 0.024452 0.999478
vn 0.923507 0.010710 0.383433
vn 0.999103 0.011140 0.040866
vn 0.923083 0.382354 0.041515
vn 0.853549 0.353551 0.382695
vn -0.024199 -0.000281 0.999707
vn -0.578401 -0.004378 0.815741
vn -0.417547 -0.357519 0.835365
vn -0.021099 -0.024451 0.999478
vn -0.923522 -0.010710 0.383397
vn -0.999103 -0.011140 0.040862
vn -0.923085 -0.382348 0.041512
vn -0.853559 -0.353554 0.382671
vn 0.010097 -0.232148 0.972628
vn 0.030250 -0.574718 0.817792
vn 0.417549 -0.357519 0.835364
vn 0.021099 -0.024451 0.999478
vn 0.047522 -0.921447 0.385588
vn 0.054374 -0.997692 0.040675
vn 0.382407 -0.923233 0.037490
vn 0.353547 -0.853557 0.382682
s off
g S_U_20 Window_10
usemtl set10
f 431/581/1471 430/582/1472 433/583/1473 432/584/1474
f 430/582/1475 429/585/1476 434/586/1477 433/583/1478
f 437/587/1479 436/588/1480 439/589/1481 438/590/1482
f 436/588/1483 435/591/1484 440/592/1485 439/589/1486
f 419/593/1487 431/581/1488 432/584/1489 421/594/1490
f 435/591/1491 425/595/1492 427/596/1493 440/592/1494
f 450/597/1495 428/598/1496 420/599/1497 447/600/1498
f 424/601/1499 444/602/1500 441/603/1501 417/604/1502
f 441/603/1503 453/605/1504 418/632/1505 417/604/1506
f 453/605/1507 431/581/1508 419/593/1509 418/606/1510
f 432/584/1511 456/607/1512 422/631/1513 421/594/1514
f 456/607/1515 447/600/1516 420/599/1517 422/608/1518
f 435/591/1519 459/609/1520 423/630/1521 425/595/1522
f 459/609/1523 444/602/1524 424/601/1525 423/610/1526
f 450/597/1527 462/611/1528 426/629/1529 428/598/1530
f 462/611/1531 440/592/1532 427/596/1533 426/612/1534
f 443/613/1535 449/614/1536 458/615/1537 455/616/1538
f 464/617/1539 452/618/1540 446/619/1541 461/620/1542
f 455/616/1543 458/615/1544 434/586/1545 429/585/1546
f 446/619/1547 452/618/1548 449/614/1549 443/613/1550
f 464/617/1551 461/620/1552 437/587/1553 438/590/1554
f 432/584/1555 433/583/1556 457/621/1557 456/607/1558
f 433/583/1559 434/586/1560 458/615/1561 457/621/1562
f 435/591/1563 436/588/1564 460/622/1565 459/609/1566
f 436/588/1567 437/587/1568 461/620/1569 460/622/1570
f 441/603/1571 442/623/1572 454/624/1573 453/605/1574
f 442/623/1575 443/613/1576 455/616/1577 454/624/1578
f 443/613/1579 442/623/1580 445/625/1581 446/619/1582
f 442/623/1583 441/603/1584 444/602/1585 445/625/1586
f 447/600/1587 448/626/1588 451/627/1589 450/597/1590
f 448/626/1591 449/614/1592 452/618/1593 451/627/1594
f 450/597/1595 451/627/1596 463/628/1597 462/611/1598
f 451/627/1599 452/618/1600 464/617/1601 463/628/1602
f 429/585/1603 430/582/1604 454/624/1605 455/616/1606
f 430/582/1607 431/581/1608 453/605/1609 454/624/1610
f 449/614/1611 448/626/1612 457/621/1613 458/615/1614
f 448/626/1615 447/600/1616 456/607/1617 457/621/1618
f 446/619/1619 445/625/1620 460/622/1621 461/620/1622
f 445/625/1623 444/602/1624 459/609/1625 460/622/1626
f 438/590/1627 439/589/1628 463/628/1629 464/617/1630
f 439/589/1631 440/592/1632 462/611/1633 463/628/1634
g default
v -568.239868 707.358154 273.093536
v -558.292480 730.498169 273.093536
v -534.277344 740.083008 273.093536
v -192.259354 740.083008 273.093536
v -168.244308 730.498169 273.093536
v -158.296951 707.358154 273.093536
v -534.277344 412.800842 273.093536
v -558.292480 422.385590 273.093536
v -568.239868 445.525757 273.093536
v -158.296951 445.525757 273.093536
v -168.244308 422.385590 273.093536
v -192.259354 412.800842 273.093536
v -536.891235 753.682983 273.093536
v -189.645615 753.682983 273.093536
v -536.891235 399.200806 273.093536
v -189.645615 399.200806 273.093536
v -144.696976 442.726440 273.093536
v -144.696976 710.157349 273.093536
v -581.839844 442.726440 273.093536
v -581.839844 710.157349 273.093536
v -568.563354 741.041992 273.093536
v -157.973541 741.041992 273.093536
v -568.563354 411.841736 273.093536
v -157.973557 411.841614 273.093536
v -534.277344 740.083008 316.032043
v -534.507080 741.277954 318.916748
v -535.061401 744.162598 320.111633
v -192.259354 740.083008 316.032043
v -192.029724 741.277954 318.916748
v -191.475311 744.162598 320.111633
v -568.239868 707.358154 316.032043
v -569.434814 707.604126 318.916748
v -572.319458 708.197876 320.111633
v -568.239868 445.525757 316.032043
v -569.434814 445.279785 318.916748
v -572.319458 444.686035 320.111633
v -534.277344 412.800842 316.032043
v -534.507080 411.605957 318.916748
v -535.061401 408.721191 320.111633
v -192.259354 412.800842 316.032043
v -192.029724 411.605957 318.916748
v -191.475311 408.721191 320.111633
v -158.296951 707.358154 316.032043
v -157.102112 707.604126 318.916748
v -154.217377 708.197876 320.111633
v -158.296951 445.525757 316.032043
v -157.102112 445.279785 318.916748
v -154.217377 444.686035 320.111633
v -558.292480 730.498169 316.032043
v -559.194824 731.424561 318.916748
v -561.373413 733.660889 320.111633
v -168.244308 730.498169 316.032043
v -167.341949 731.424561 318.916748
v -165.163406 733.660889 320.111633
v -558.292480 422.385590 316.032043
v -559.194824 421.459198 318.916748
v -561.373413 419.222717 320.111633
v -168.244308 422.385590 316.032043
v -167.341949 421.459198 318.916748
v -165.163406 419.222717 320.111633
v -536.107178 749.603394 320.111633
v -536.661621 752.488159 318.916748
v -536.891235 753.682983 316.032043
v -189.645615 753.682983 316.032043
v -189.875275 752.488159 318.916748
v -190.429657 749.603394 320.111633
v -536.891235 399.200806 316.032043
v -536.661499 400.395630 318.916748
v -536.107056 403.280334 320.111633
v -190.429657 403.280334 320.111633
v -189.875244 400.395630 318.916748
v -189.645615 399.200806 316.032043
v -144.696976 442.726440 316.032043
v -145.891846 442.972412 318.916748
v -148.776535 443.566162 320.111633
v -148.776535 709.317505 320.111633
v -145.891846 709.911377 318.916748
v -144.696976 710.157349 316.032043
v -577.760254 443.566162 320.111633
v -580.644897 442.972412 318.916748
v -581.839844 442.726440 316.032043
v -581.839844 710.157349 316.032043
v -580.644897 709.911377 318.916748
v -577.760254 709.317505 320.111633
v -568.563354 741.041992 316.032043
v -567.660889 740.115479 318.916748
v -565.482422 737.879150 320.111633
v -157.973541 741.041992 316.032043
v -158.875946 740.115479 318.916748
v -161.054474 737.879150 320.111633
v -568.563354 411.841736 316.032043
v -567.660889 412.768066 318.916748
v -565.482422 415.004547 320.111633
v -157.973557 411.841614 316.032043
v -158.875977 412.768066 318.916748
v -161.054504 415.004486 320.111633
vt 0.113913 0.962507
vt 0.113913 0.944313
vt 0.203378 0.944312
vt 0.203379 0.962506
vt 0.405692 0.964173
vt 0.405693 0.982367
vt 0.316227 0.982368
vt 0.316227 0.964174
vt 0.298779 0.964175
vt 0.298779 0.982368
vt 0.229877 0.982369
vt 0.229877 0.964175
vt 0.027563 0.962508
vt 0.027563 0.944314
vt 0.096465 0.944313
vt 0.096465 0.962507
vt 0.105126 0.944313
vt 0.105127 0.962507
vt 0.212164 0.944312
vt 0.212165 0.962506
vt 0.414478 0.964173
vt 0.414479 0.982367
vt 0.307441 0.964174
vt 0.307441 0.982368
vt 0.188799 0.804311
vt 0.562026 0.547520
vt 0.562182 0.546492
vt 0.100680 0.804323
vt 0.677235 0.546401
vt 0.677402 0.547429
vt 0.562380 0.545460
vt 0.677027 0.545370
vt 0.562532 0.429617
vt 0.562318 0.428586
vt 0.100678 0.786129
vt 0.188797 0.786118
vt 0.677429 0.428566
vt 0.677236 0.429598
vt 0.562146 0.427558
vt 0.677581 0.427538
vt 0.106002 0.808317
vt 0.194121 0.808305
vt 0.194123 0.826499
vt 0.691465 0.443527
vt 0.692498 0.443319
vt 0.106005 0.826510
vt 0.692204 0.531942
vt 0.691173 0.531717
vt 0.020067 0.786139
vt 0.087527 0.786131
vt 0.087529 0.804325
vt 0.020070 0.804333
vt 0.092853 0.826512
vt 0.025394 0.826521
vt 0.025391 0.808327
vt 0.092851 0.808318
vt 0.195461 0.804311
vt 0.195459 0.786117
vt 0.094019 0.804324
vt 0.094016 0.786130
vt 0.099343 0.826511
vt 0.099340 0.808317
vt 0.200785 0.826498
vt 0.200783 0.808304
vt 0.693527 0.443154
vt 0.693229 0.532125
vt 0.546351 0.442821
vt 0.547375 0.443010
vt 0.547013 0.531783
vt 0.545983 0.531944
vt 0.548405 0.443241
vt 0.548046 0.531580
vt 0.562735 0.543662
vt 0.676653 0.543573
vt 0.676887 0.431397
vt 0.562915 0.431414
vt 0.689378 0.531314
vt 0.689666 0.443901
vt 0.550200 0.443656
vt 0.549845 0.531214
vt 0.553743 0.539896
vt 0.552393 0.541270
vt 0.685499 0.539867
vt 0.686843 0.541247
vt 0.554084 0.435114
vt 0.552741 0.433733
vt 0.685821 0.435191
vt 0.687171 0.433816
vt 0.563084 0.541602
vt 0.562931 0.542630
vt 0.554510 0.539116
vt 0.555225 0.538385
vt 0.676446 0.542542
vt 0.676282 0.541513
vt 0.551907 0.530854
vt 0.550878 0.531012
vt 0.551229 0.443886
vt 0.552253 0.444073
vt 0.554845 0.435897
vt 0.555556 0.436629
vt 0.563296 0.433472
vt 0.563127 0.432444
vt 0.676695 0.432429
vt 0.676546 0.433457
vt 0.685055 0.435971
vt 0.684339 0.436700
vt 0.687323 0.530911
vt 0.688348 0.531091
vt 0.684737 0.539084
vt 0.684024 0.538350
vt 0.688634 0.444107
vt 0.687604 0.444269
vt 0.687610 0.542037
vt 0.688341 0.542789
vt 0.551974 0.432944
vt 0.551244 0.432191
vt 0.687944 0.433030
vt 0.688677 0.432281
vt 0.551620 0.542056
vt 0.550886 0.542805
vt 0.018902 0.944314
vt 0.018902 0.962508
vt 0.013580 0.804334
vt 0.013578 0.786140
vt 0.221216 0.964175
vt 0.221216 0.982369
vt 0.018904 0.826522
vt 0.018902 0.808328
vn -0.033315 0.999314 0.016168
vn -0.030757 0.922577 0.384586
vn 0.030756 0.922577 0.384586
vn 0.033315 0.999314 0.016168
vn -0.011617 0.380752 0.924604
vn -0.005239 0.157038 0.987579
vn 0.005239 0.157038 0.987579
vn 0.011617 0.380752 0.924604
vn -0.005239 -0.157038 0.987579
vn -0.011617 -0.380753 0.924604
vn 0.011617 -0.380753 0.924604
vn 0.005239 -0.157038 0.987579
vn -0.030756 -0.922580 0.384578
vn -0.033315 -0.999314 0.016167
vn 0.033314 -0.999314 0.016167
vn 0.030756 -0.922579 0.384580
vn 0.162750 -0.006684 0.986645
vn 0.379656 -0.016920 0.924973
vn 0.379656 0.016920 0.924973
vn 0.162749 0.006684 0.986645
vn 0.921907 -0.040351 0.385304
vn 0.998881 -0.044453 0.016176
vn 0.998881 0.044453 0.016176
vn 0.921907 0.040351 0.385304
vn -0.998881 -0.044453 0.016176
vn -0.921905 -0.040351 0.385309
vn -0.921905 0.040351 0.385310
vn -0.998881 0.044453 0.016176
vn -0.379656 -0.016920 0.924973
vn -0.162750 -0.006684 0.986645
vn -0.162749 0.006684 0.986645
vn -0.379655 0.016920 0.924973
vn -0.033342 0.999444 0.000000
vn -0.033315 0.999314 0.016168
vn 0.033315 0.999314 0.016168
vn 0.033342 0.999444 0.000000
vn -0.033315 -0.999314 0.016167
vn -0.033342 -0.999444 0.000000
vn 0.033342 -0.999444 0.000000
vn 0.033314 -0.999314 0.016167
vn 0.998881 -0.044453 0.016176
vn 0.999011 -0.044461 0.000000
vn 0.999011 0.044461 0.000000
vn 0.998881 0.044453 0.016176
vn -0.999011 -0.044461 0.000000
vn -0.998881 -0.044453 0.016176
vn -0.998881 0.044453 0.016176
vn -0.999011 0.044461 0.000000
vn -0.998881 0.044453 0.016176
vn -0.918599 0.394884 0.015584
vn -0.918710 0.394932 0.000000
vn -0.999011 0.044461 0.000000
vn -0.370641 0.928640 0.015911
vn -0.033315 0.999314 0.016168
vn -0.033342 0.999444 0.000000
vn -0.370688 0.928757 0.000000
vn 0.033315 0.999314 0.016168
vn 0.370641 0.928640 0.015911
vn 0.370688 0.928757 0.000000
vn 0.033342 0.999444 0.000000
vn 0.918599 0.394884 0.015584
vn 0.998881 0.044453 0.016176
vn 0.999011 0.044461 0.000000
vn 0.918710 0.394932 0.000000
vn -0.033315 -0.999314 0.016167
vn -0.370638 -0.928641 0.015910
vn -0.370685 -0.928759 0.000000
vn -0.033342 -0.999444 0.000000
vn -0.918600 -0.394882 0.015584
vn -0.998881 -0.044453 0.016176
vn -0.999011 -0.044461 0.000000
vn -0.918711 -0.394930 0.000000
vn 0.998881 -0.044453 0.016176
vn 0.918600 -0.394882 0.015584
vn 0.918711 -0.394930 0.000000
vn 0.999011 -0.044461 0.000000
vn 0.370635 -0.928642 0.015910
vn 0.033314 -0.999314 0.016167
vn 0.033342 -0.999444 0.000000
vn 0.370682 -0.928760 0.000000
vn 0.026177 -0.999657 0.000000
vn -0.026177 -0.999657 0.000000
vn -0.026195 -0.999521 0.016511
vn 0.026195 -0.999521 0.016511
vn 0.026195 0.999521 0.016511
vn -0.026195 0.999521 0.016511
vn -0.026177 0.999657 0.000000
vn 0.026177 0.999657 0.000000
vn -0.999254 0.034887 0.016577
vn -0.999254 -0.034887 0.016577
vn -0.999391 -0.034885 0.000000
vn -0.999391 0.034885 0.000000
vn 0.999391 0.034885 0.000000
vn 0.999391 -0.034885 0.000000
vn 0.999254 -0.034887 0.016579
vn 0.999254 0.034887 0.016579
vn 0.999254 -0.034887 0.016579
vn 0.999391 -0.034885 0.000000
vn 0.918710 -0.394932 0.000000
vn 0.918578 -0.394875 0.016994
vn 0.370635 -0.928629 0.016656
vn 0.370686 -0.928758 0.000000
vn 0.026177 -0.999657 0.000000
vn 0.026195 -0.999521 0.016511
vn -0.026195 -0.999521 0.016511
vn -0.026177 -0.999657 0.000000
vn -0.370687 -0.928758 0.000000
vn -0.370636 -0.928629 0.016655
vn -0.918578 -0.394875 0.016993
vn -0.918710 -0.394933 0.000000
vn -0.999391 -0.034885 0.000000
vn -0.999254 -0.034887 0.016577
vn 0.026195 0.999521 0.016511
vn 0.026177 0.999657 0.000000
vn 0.370681 0.928760 0.000000
vn 0.370630 0.928631 0.016655
vn 0.918579 0.394873 0.016994
vn 0.918712 0.394929 0.000000
vn 0.999391 0.034885 0.000000
vn 0.999254 0.034887 0.016579
vn -0.999254 0.034887 0.016577
vn -0.999391 0.034885 0.000000
vn -0.918711 0.394930 0.000000
vn -0.918579 0.394873 0.016993
vn -0.370630 0.928631 0.016655
vn -0.370682 0.928760 0.000000
vn -0.026177 0.999657 0.000000
vn -0.026195 0.999521 0.016511
vn 0.003340 -0.126963 0.991902
vn -0.003340 -0.126963 0.991902
vn 0.005239 0.157038 0.987579
vn -0.005239 0.157038 0.987579
vn -0.003340 0.126962 0.991902
vn 0.003340 0.126962 0.991902
vn -0.005239 -0.157038 0.987579
vn 0.005239 -0.157038 0.987579
vn -0.121945 -0.004690 0.992526
vn -0.121944 0.004690 0.992526
vn 0.162750 -0.006684 0.986645
vn 0.162749 0.006684 0.986645
vn 0.121945 0.004690 0.992526
vn 0.121946 -0.004690 0.992526
vn -0.162749 0.006684 0.986645
vn -0.162750 -0.006684 0.986645
vn 0.121946 -0.004690 0.992526
vn 0.066062 -0.072033 0.995212
vn -0.122930 0.122032 0.984884
vn -0.162749 0.006684 0.986645
vn 0.066062 -0.072033 0.995212
vn 0.003340 -0.126963 0.991902
vn -0.005239 0.157038 0.987579
vn -0.122930 0.122032 0.984884
vn -0.003340 -0.126963 0.991902
vn -0.066062 -0.072033 0.995212
vn 0.122931 0.122033 0.984884
vn 0.005239 0.157038 0.987579
vn -0.066062 -0.072033 0.995212
vn -0.121945 -0.004690 0.992526
vn 0.162749 0.006684 0.986645
vn 0.122931 0.122033 0.984884
vn 0.003340 0.126962 0.991902
vn 0.066061 0.072032 0.995212
vn -0.122931 -0.122032 0.984884
vn -0.005239 -0.157038 0.987579
vn 0.066061 0.072032 0.995212
vn 0.121945 0.004690 0.992526
vn -0.162750 -0.006684 0.986645
vn -0.122931 -0.122032 0.984884
vn -0.121944 0.004690 0.992526
vn -0.066061 0.072032 0.995212
vn 0.122931 -0.122032 0.984884
vn 0.162750 -0.006684 0.986645
vn -0.066061 0.072032 0.995212
vn -0.003340 0.126962 0.991902
vn 0.005239 -0.157038 0.987579
vn 0.122931 -0.122032 0.984884
vn 0.026195 -0.999521 0.016511
vn 0.024252 -0.922925 0.384214
vn 0.342470 -0.858062 0.382681
vn 0.370635 -0.928629 0.016656
vn 0.010968 -0.380862 0.924567
vn 0.003340 -0.126963 0.991902
vn 0.066062 -0.072033 0.995212
vn 0.253320 -0.252222 0.933924
vn 0.003340 -0.126963 0.991902
vn 0.010968 -0.380862 0.924567
vn -0.010968 -0.380862 0.924567
vn -0.003340 -0.126963 0.991902
vn 0.024252 -0.922925 0.384214
vn 0.026195 -0.999521 0.016511
vn -0.026195 -0.999521 0.016511
vn -0.024252 -0.922926 0.384214
vn 0.999254 -0.034887 0.016579
vn 0.922381 -0.032860 0.384882
vn 0.922380 0.032860 0.384883
vn 0.999254 0.034887 0.016579
vn 0.380290 -0.013463 0.924769
vn 0.121946 -0.004690 0.992526
vn 0.121945 0.004690 0.992526
vn 0.380289 0.013463 0.924770
vn 0.999254 0.034887 0.016579
vn 0.922380 0.032860 0.384883
vn 0.848776 0.364868 0.382690
vn 0.918579 0.394873 0.016994
vn 0.380289 0.013463 0.924770
vn 0.121945 0.004690 0.992526
vn 0.066061 0.072032 0.995212
vn 0.253315 0.252214 0.933927
vn 0.026195 0.999521 0.016511
vn 0.024252 0.922926 0.384214
vn -0.024252 0.922926 0.384214
vn -0.026195 0.999521 0.016511
vn 0.010967 0.380853 0.924570
vn 0.003340 0.126962 0.991902
vn -0.003340 0.126962 0.991902
vn -0.010967 0.380854 0.924570
vn -0.026195 0.999521 0.016511
vn -0.024252 0.922926 0.384214
vn -0.342466 0.858065 0.382677
vn -0.370630 0.928631 0.016655
vn -0.010967 0.380854 0.924570
vn -0.003340 0.126962 0.991902
vn -0.066061 0.072032 0.995212
vn -0.253314 0.252213 0.933928
vn -0.999254 -0.034887 0.016577
vn -0.922391 -0.032860 0.384857
vn -0.848781 -0.364871 0.382675
vn -0.918578 -0.394875 0.016993
vn -0.380282 -0.013463 0.924773
vn -0.121945 -0.004690 0.992526
vn -0.066062 -0.072033 0.995212
vn -0.253319 -0.252220 0.933924
vn -0.121945 -0.004690 0.992526
vn -0.380282 -0.013463 0.924773
vn -0.380281 0.013463 0.924773
vn -0.121944 0.004690 0.992526
vn -0.922391 -0.032860 0.384857
vn -0.999254 -0.034887 0.016577
vn -0.999254 0.034887 0.016577
vn -0.922391 0.032861 0.384857
vn 0.121946 -0.004690 0.992526
vn 0.380290 -0.013463 0.924769
vn 0.253320 -0.252222 0.933924
vn 0.066062 -0.072033 0.995212
vn 0.922381 -0.032860 0.384882
vn 0.999254 -0.034887 0.016579
vn 0.918578 -0.394875 0.016994
vn 0.848775 -0.364870 0.382689
vn -0.003340 -0.126963 0.991902
vn -0.010968 -0.380862 0.924567
vn -0.253319 -0.252220 0.933924
vn -0.066062 -0.072033 0.995212
vn -0.024252 -0.922926 0.384214
vn -0.026195 -0.999521 0.016511
vn -0.370636 -0.928629 0.016655
vn -0.342471 -0.858062 0.382679
vn 0.003340 0.126962 0.991902
vn 0.010967 0.380853 0.924570
vn 0.253315 0.252214 0.933927
vn 0.066061 0.072032 0.995212
vn 0.024252 0.922926 0.384214
vn 0.026195 0.999521 0.016511
vn 0.370630 0.928631 0.016655
vn 0.342466 0.858064 0.382679
vn -0.121944 0.004690 0.992526
vn -0.380281 0.013463 0.924773
vn -0.253314 0.252213 0.933928
vn -0.066061 0.072032 0.995212
vn -0.922391 0.032861 0.384857
vn -0.999254 0.034887 0.016577
vn -0.918579 0.394873 0.016993
vn -0.848782 0.364869 0.382676
vn 0.033315 0.999314 0.016168
vn 0.030756 0.922577 0.384586
vn 0.342471 0.858056 0.382692
vn 0.370641 0.928640 0.015911
vn 0.011617 0.380752 0.924604
vn 0.005239 0.157038 0.987579
vn 0.122931 0.122033 0.984884
vn 0.242069 0.263160 0.933889
vn -0.033315 -0.999314 0.016167
vn -0.030756 -0.922580 0.384578
vn -0.342469 -0.858066 0.382672
vn -0.370638 -0.928641 0.015910
vn -0.011617 -0.380753 0.924604
vn -0.005239 -0.157038 0.987579
vn -0.122931 -0.122032 0.984884
vn -0.242064 -0.263158 0.933891
vn 0.998881 -0.044453 0.016176
vn 0.921907 -0.040351 0.385304
vn 0.848775 -0.364867 0.382692
vn 0.918600 -0.394882 0.015584
vn 0.379656 -0.016920 0.924973
vn 0.162750 -0.006684 0.986645
vn 0.122931 -0.122032 0.984884
vn 0.242066 -0.263159 0.933891
vn -0.998881 0.044453 0.016176
vn -0.921905 0.040351 0.385310
vn -0.848775 0.364867 0.382692
vn -0.918599 0.394884 0.015584
vn -0.379655 0.016920 0.924973
vn -0.162749 0.006684 0.986645
vn -0.122930 0.122032 0.984884
vn -0.242067 0.263158 0.933890
vn -0.005239 0.157038 0.987579
vn -0.011617 0.380752 0.924604
vn -0.242067 0.263158 0.933890
vn -0.122930 0.122032 0.984884
vn -0.030757 0.922577 0.384586
vn -0.033315 0.999314 0.016168
vn -0.370641 0.928640 0.015911
vn -0.342471 0.858056 0.382692
vn 0.162749 0.006684 0.986645
vn 0.379656 0.016920 0.924973
vn 0.242069 0.263160 0.933889
vn 0.122931 0.122033 0.984884
vn 0.921907 0.040351 0.385304
vn 0.998881 0.044453 0.016176
vn 0.918599 0.394884 0.015584
vn 0.848774 0.364869 0.382693
vn -0.162750 -0.006684 0.986645
vn -0.379656 -0.016920 0.924973
vn -0.242064 -0.263158 0.933891
vn -0.122931 -0.122032 0.984884
vn -0.921905 -0.040351 0.385309
vn -0.998881 -0.044453 0.016176
vn -0.918600 -0.394882 0.015584
vn -0.848779 -0.364867 0.382683
vn 0.005239 -0.157038 0.987579
vn 0.011617 -0.380753 0.924604
vn 0.242066 -0.263159 0.933891
vn 0.122931 -0.122032 0.984884
vn 0.030756 -0.922579 0.384580
vn 0.033314 -0.999314 0.016167
vn 0.370635 -0.928642 0.015910
vn 0.342467 -0.858059 0.382689
s off
g S_U_20 Window_Frame_04
usemtl set8
f 527/658/1635 526/659/1636 529/661/1637 528/662/1638
f 526/659/1639 525/663/1640 530/664/1641 529/661/1642
f 533/665/1643 532/666/1644 535/669/1645 534/670/1646
f 532/666/1647 531/671/1648 536/672/1649 535/669/1650
f 539/676/1651 538/677/1652 541/679/1653 540/680/1654
f 538/677/1655 537/697/1656 542/698/1657 541/679/1658
f 545/699/1659 544/700/1660 547/701/1661 546/702/1662
f 544/700/1663 543/703/1664 548/704/1665 547/701/1666
f 477/633/1667 527/634/1668 528/635/1669 478/636/1670
f 531/637/1671 479/638/1672 480/639/1673 536/640/1674
f 537/641/1675 481/642/1676 482/643/1677 542/644/1678
f 483/645/1679 545/646/1680 546/647/1681 484/648/1682
f 546/647/1683 549/649/1684 485/650/1685 484/648/1686
f 549/649/1687 527/634/1688 477/633/1689 485/650/1690
f 528/635/1691 552/651/1692 486/652/1693 478/636/1694
f 552/757/1695 542/644/1696 482/643/1697 486/758/1698
f 531/637/1699 555/653/1700 487/654/1701 479/638/1702
f 555/753/1703 545/646/1704 483/645/1705 487/754/1706
f 537/641/1707 558/655/1708 488/656/1709 481/642/1710
f 558/655/1711 536/640/1712 480/639/1713 488/656/1714
f 467/657/1715 468/660/1716 492/667/1717 489/668/1718
f 501/673/1719 504/674/1720 476/675/1721 471/678/1722
f 510/681/1723 507/682/1724 470/683/1725 474/684/1726
f 473/685/1727 465/686/1728 495/687/1729 498/688/1730
f 495/687/1731 465/686/1732 466/759/1733 513/760/1734
f 513/690/1735 466/689/1736 467/657/1737 489/668/1738
f 492/667/1739 468/660/1740 469/691/1741 516/692/1742
f 516/692/1743 469/691/1744 470/683/1745 507/682/1746
f 501/673/1747 471/678/1748 472/693/1749 519/694/1750
f 519/694/1751 472/693/1752 473/685/1753 498/688/1754
f 510/681/1755 474/684/1756 475/755/1757 522/756/1758
f 522/696/1759 475/695/1760 476/675/1761 504/674/1762
f 491/705/1763 494/706/1764 530/664/1765 525/663/1766
f 506/707/1767 503/708/1768 533/665/1769 534/670/1770
f 509/709/1771 512/710/1772 539/676/1773 540/680/1774
f 500/711/1775 497/712/1776 548/704/1777 543/703/1778
f 497/712/1779 515/713/1780 551/714/1781 548/704/1782
f 515/713/1783 491/705/1784 525/663/1785 551/714/1786
f 494/706/1787 518/715/1788 554/716/1789 530/664/1790
f 518/715/1791 509/709/1792 540/680/1793 554/716/1794
f 503/708/1795 521/717/1796 557/718/1797 533/665/1798
f 521/717/1799 500/711/1800 543/703/1801 557/718/1802
f 512/710/1803 524/719/1804 560/720/1805 539/676/1806
f 524/719/1807 506/707/1808 534/670/1809 560/720/1810
f 489/721/1811 490/722/1812 514/723/1813 513/724/1814
f 490/722/1815 491/705/1816 515/713/1817 514/723/1818
f 491/705/1819 490/722/1820 493/725/1821 494/706/1822
f 490/722/1823 489/721/1824 492/726/1825 493/725/1826
f 495/727/1827 496/728/1828 499/729/1829 498/730/1830
f 496/728/1831 497/712/1832 500/711/1833 499/729/1834
f 498/730/1835 499/729/1836 520/731/1837 519/732/1838
f 499/729/1839 500/711/1840 521/717/1841 520/731/1842
f 501/733/1843 502/734/1844 505/735/1845 504/736/1846
f 502/734/1847 503/708/1848 506/707/1849 505/735/1850
f 504/736/1851 505/735/1852 523/737/1853 522/738/1854
f 505/735/1855 506/707/1856 524/719/1857 523/737/1858
f 507/739/1859 508/740/1860 517/741/1861 516/742/1862
f 508/740/1863 509/709/1864 518/715/1865 517/741/1866
f 509/709/1867 508/740/1868 511/743/1869 512/710/1870
f 508/740/1871 507/739/1872 510/744/1873 511/743/1874
f 497/712/1875 496/728/1876 514/723/1877 515/713/1878
f 496/728/1879 495/727/1880 513/724/1881 514/723/1882
f 494/706/1883 493/725/1884 517/741/1885 518/715/1886
f 493/725/1887 492/726/1888 516/742/1889 517/741/1890
f 503/708/1891 502/734/1892 520/731/1893 521/717/1894
f 502/734/1895 501/733/1896 519/732/1897 520/731/1898
f 512/710/1899 511/743/1900 523/737/1901 524/719/1902
f 511/743/1903 510/744/1904 522/738/1905 523/737/1906
f 528/662/1907 529/661/1908 553/745/1909 552/746/1910
f 529/661/1911 530/664/1912 554/716/1913 553/745/1914
f 531/671/1915 532/666/1916 556/747/1917 555/748/1918
f 532/666/1919 533/665/1920 557/718/1921 556/747/1922
f 537/697/1923 538/677/1924 559/749/1925 558/750/1926
f 538/677/1927 539/676/1928 560/720/1929 559/749/1930
f 546/702/1931 547/701/1932 550/751/1933 549/752/1934
f 547/701/1935 548/704/1936 551/714/1937 550/751/1938
f 525/663/1939 526/659/1940 550/751/1941 551/714/1942
f 526/659/1943 527/658/1944 549/752/1945 550/751/1946
f 540/680/1947 541/679/1948 553/745/1949 554/716/1950
f 541/679/1951 542/698/1952 552/746/1953 553/745/1954
f 543/703/1955 544/700/1956 556/747/1957 557/718/1958
f 544/700/1959 545/699/1960 555/748/1961 556/747/1962
f 534/670/1963 535/669/1964 559/749/1965 560/720/1966
f 535/669/1967 536/672/1968 558/750/1969 559/749/1970
g default
v -538.252441 -7.581985 275.554260
v -189.198563 -7.581985 275.554260
v -538.252441 321.730469 275.554260
v -528.030029 345.507080 275.554260
v -503.350555 355.355591 275.554260
v -224.100433 355.355591 275.554260
v -199.421066 345.507080 275.554260
v -189.198563 321.730469 275.554260
v -507.228485 375.536316 275.554260
v -220.222473 375.536316 275.554260
v -169.017868 -7.581985 275.554260
v -169.017868 325.884827 275.554260
v -558.433105 -7.581985 275.554260
v -558.433105 325.884827 275.554260
v -543.269653 361.153748 275.554260
v -184.181381 361.153748 275.554260
v -543.297119 -7.581985 351.770996
v -538.252441 -7.581985 346.726379
v -539.729980 -7.581985 350.293457
v -538.252441 321.730469 346.726379
v -539.729980 322.034607 350.293457
v -543.297119 322.768921 351.770996
v -184.153870 -7.581985 351.770996
v -187.721008 -7.581985 350.293457
v -189.198563 -7.581985 346.726379
v -189.198563 321.730469 346.726379
v -187.721008 322.034607 350.293457
v -184.153870 322.768921 351.770996
v -503.350555 355.355591 346.726379
v -503.634430 356.833130 350.293457
v -504.319916 360.400269 351.770996
v -224.100433 355.355591 346.726379
v -223.816483 356.833130 350.293457
v -223.131042 360.400269 351.770996
v -528.030029 345.507080 346.726379
v -529.145752 346.652649 350.293457
v -531.839478 349.418335 351.770996
v -199.421066 345.507080 346.726379
v -198.305283 346.652649 350.293457
v -195.611526 349.418335 351.770996
v -506.259125 370.491699 351.770996
v -506.944550 374.058777 350.293457
v -507.228485 375.536316 346.726379
v -220.222473 375.536316 346.726379
v -220.506393 374.058777 350.293457
v -221.191849 370.491699 351.770996
v -170.495407 -7.581985 350.293457
v -174.062515 -7.581985 351.770996
v -169.017868 -7.581985 346.726379
v -174.062515 324.846375 351.770996
v -170.495407 325.580688 350.293457
v -169.017868 325.884827 346.726379
v -556.955566 -7.581985 350.293457
v -558.433105 -7.581985 346.726379
v -553.388428 -7.581985 351.770996
v -558.433105 325.884827 346.726379
v -556.955566 325.580688 350.293457
v -553.388428 324.846375 351.770996
v -543.269653 361.153748 346.726379
v -542.153809 360.008179 350.293457
v -539.460083 357.242493 351.770996
v -184.181381 361.153748 346.726379
v -185.297165 360.008179 350.293457
v -187.990891 357.242493 351.770996
vt 0.555517 0.575029
vt 0.645515 0.740204
vt 0.645515 0.741480
vt 0.555518 0.551513
vt 0.637445 0.674262
vt 0.636410 0.673511
vt 0.645515 0.742756
vt 0.638567 0.674888
vt 0.650347 0.551519
vt 0.528859 0.690952
vt 0.529007 0.689677
vt 0.650346 0.575035
vt 0.623473 0.689676
vt 0.623621 0.690953
vt 0.529199 0.688398
vt 0.623281 0.688398
vt 0.645515 0.746090
vt 0.645515 0.747366
vt 0.675853 0.551520
vt 0.672136 0.467683
vt 0.672135 0.491198
vt 0.642714 0.677098
vt 0.641569 0.676465
vt 0.561956 0.491191
vt 0.645515 0.748641
vt 0.535335 0.748635
vt 0.561956 0.463682
vt 0.561957 0.440166
vt 0.672136 0.440173
vt 0.530011 0.575027
vt 0.542697 0.551512
vt 0.542696 0.575028
vt 0.663168 0.551520
vt 0.663167 0.575035
vt 0.570735 0.495224
vt 0.663001 0.495194
vt 0.663009 0.518710
vt 0.570743 0.518740
vt 0.689969 0.602543
vt 0.581163 0.602579
vt 0.581155 0.579063
vt 0.689962 0.579027
vt 0.524687 0.646064
vt 0.633494 0.646029
vt 0.633502 0.669545
vt 0.524695 0.669580
vt 0.642045 0.646026
vt 0.561963 0.518743
vt 0.671781 0.495191
vt 0.572611 0.602581
vt 0.364967 0.747565
vt 0.364967 0.746289
vt 0.509767 0.677100
vt 0.508715 0.677849
vt 0.364966 0.745014
vt 0.510912 0.676468
vt 0.529712 0.685063
vt 0.622768 0.685057
vt 0.364966 0.741679
vt 0.474116 0.741663
vt 0.520123 0.682320
vt 0.518160 0.685321
vt 0.632357 0.682317
vt 0.634321 0.685318
vt 0.364965 0.739128
vt 0.364966 0.740404
vt 0.515037 0.674265
vt 0.516071 0.673514
vt 0.631607 0.681172
vt 0.630897 0.680077
vt 0.530059 0.682511
vt 0.529910 0.683786
vt 0.520873 0.681175
vt 0.521584 0.680081
vt 0.622570 0.683780
vt 0.622420 0.682504
vt 0.635053 0.686448
vt 0.635758 0.687535
vt 0.517427 0.686450
vt 0.516722 0.687537
vt 0.473772 0.739111
vt 0.473873 0.740387
vt 0.513914 0.674891
vt 0.474803 0.744997
vt 0.535679 0.746083
vt 0.536365 0.742749
vt 0.475046 0.746273
vt 0.475146 0.747548
vt 0.643766 0.677847
vt 0.535436 0.747359
vt 0.536608 0.741473
vt 0.536708 0.740198
vt 0.572604 0.579066
vt 0.671788 0.518707
vt 0.561956 0.495227
vt 0.642053 0.669542
vt 0.530013 0.551511
vt 0.672135 0.463689
vt 0.675851 0.575036
vt 0.561957 0.467676
vn -0.923878 0.000000 0.382688
vn -0.923878 0.000000 0.382688
vn -0.923878 0.000000 0.382688
vn -0.923878 0.000000 0.382688
vn -0.382680 0.000000 0.923881
vn -0.107217 0.000000 0.994236
vn -0.091934 -0.002853 0.995761
vn -0.380583 -0.011781 0.924672
vn -0.044449 0.998818 0.019663
vn -0.040670 0.921963 0.385136
vn 0.040670 0.921963 0.385136
vn 0.044449 0.998818 0.019663
vn -0.016191 0.379979 0.924853
vn -0.005269 0.123366 0.992347
vn 0.005269 0.123366 0.992347
vn 0.016191 0.379979 0.924853
vn 0.107883 0.000000 0.994164
vn 0.382682 0.000000 0.923880
vn 0.380015 0.014926 0.924860
vn 0.124129 0.004864 0.992254
vn 0.923879 0.000000 0.382684
vn 0.999805 0.000000 0.019757
vn 0.998963 0.041061 0.019660
vn 0.922094 0.037517 0.385143
vn -0.999805 0.000000 0.019756
vn -0.923883 0.000000 0.382675
vn -0.922098 0.037517 0.385134
vn -0.998963 0.041061 0.019660
vn -0.382680 0.000000 0.923881
vn -0.107883 0.000000 0.994164
vn -0.124128 0.004864 0.992254
vn -0.380014 0.014926 0.924860
vn -0.044478 0.999010 0.000000
vn -0.044449 0.998818 0.019663
vn 0.044449 0.998818 0.019663
vn 0.044478 0.999010 0.000000
vn 0.998963 0.041061 0.019660
vn 0.999805 0.000000 0.019757
vn 1.000000 0.000000 0.000000
vn 0.999156 0.041088 0.000000
vn -1.000000 0.000000 0.000000
vn -0.999805 0.000000 0.019756
vn -0.998963 0.041061 0.019660
vn -0.999156 0.041088 0.000000
vn -0.998963 0.041061 0.019660
vn -0.918522 0.394908 0.019091
vn -0.918690 0.394980 0.000000
vn -0.999156 0.041088 0.000000
vn -0.370571 0.928608 0.019110
vn -0.044449 0.998818 0.019663
vn -0.044478 0.999010 0.000000
vn -0.370638 0.928777 0.000000
vn 0.044449 0.998818 0.019663
vn 0.370571 0.928608 0.019110
vn 0.370639 0.928777 0.000000
vn 0.044478 0.999010 0.000000
vn 0.918521 0.394910 0.019092
vn 0.998963 0.041061 0.019660
vn 0.999156 0.041088 0.000000
vn 0.918689 0.394982 0.000000
vn 0.032387 -0.999475 0.000000
vn -0.032387 -0.999475 0.000000
vn -0.032403 -0.999272 0.020133
vn 0.032403 -0.999272 0.020133
vn -0.999804 0.000000 0.019774
vn -0.999378 -0.028956 0.020132
vn -0.999581 -0.028940 0.000000
vn -1.000000 0.000000 0.000000
vn 1.000000 0.000000 0.000000
vn 0.999581 -0.028939 0.000000
vn 0.999378 -0.028956 0.020132
vn 0.999804 0.000000 0.019774
vn 0.999378 -0.028956 0.020132
vn 0.999581 -0.028939 0.000000
vn 0.918691 -0.394978 0.000000
vn 0.918496 -0.394895 0.020558
vn 0.370558 -0.928582 0.020531
vn 0.370636 -0.928778 0.000000
vn 0.032387 -0.999475 0.000000
vn 0.032403 -0.999272 0.020133
vn -0.032403 -0.999272 0.020133
vn -0.032387 -0.999475 0.000000
vn -0.370637 -0.928778 0.000000
vn -0.370559 -0.928582 0.020531
vn -0.918495 -0.394898 0.020558
vn -0.918689 -0.394981 0.000000
vn -0.999581 -0.028940 0.000000
vn -0.999378 -0.028956 0.020132
vn 0.003180 -0.092392 0.995718
vn -0.003180 -0.092392 0.995718
vn 0.005269 0.123366 0.992347
vn -0.005269 0.123366 0.992347
vn -0.091934 -0.002853 0.995761
vn -0.107217 0.000000 0.994236
vn 0.107883 0.000000 0.994164
vn 0.124129 0.004864 0.992254
vn 0.107217 0.000000 0.994236
vn 0.091934 -0.002853 0.995761
vn -0.124128 0.004864 0.992254
vn -0.107883 0.000000 0.994164
vn 0.091934 -0.002853 0.995761
vn 0.047114 -0.048902 0.997692
vn -0.098595 0.101642 0.989923
vn -0.124128 0.004864 0.992254
vn 0.047114 -0.048902 0.997692
vn 0.003180 -0.092392 0.995718
vn -0.005269 0.123366 0.992347
vn -0.098595 0.101642 0.989923
vn -0.003180 -0.092392 0.995718
vn -0.047114 -0.048902 0.997692
vn 0.098596 0.101643 0.989923
vn 0.005269 0.123366 0.992347
vn -0.047114 -0.048902 0.997692
vn -0.091934 -0.002853 0.995761
vn 0.124129 0.004864 0.992254
vn 0.098596 0.101643 0.989923
vn 0.107217 0.000000 0.994236
vn 0.382684 0.000000 0.923879
vn 0.380587 -0.011781 0.924670
vn 0.091934 -0.002853 0.995761
vn 0.923879 0.000000 0.382684
vn 0.999804 0.000000 0.019774
vn 0.999378 -0.028956 0.020132
vn 0.922718 -0.027149 0.384518
vn -0.999378 -0.028956 0.020132
vn -0.922718 -0.027150 0.384518
vn -0.848759 -0.364915 0.382682
vn -0.918495 -0.394898 0.020558
vn -0.380583 -0.011781 0.924672
vn -0.091934 -0.002853 0.995761
vn -0.047114 -0.048902 0.997692
vn -0.248317 -0.257091 0.933940
vn 0.032403 -0.999272 0.020133
vn 0.030323 -0.922596 0.384573
vn 0.342425 -0.858080 0.382679
vn 0.370558 -0.928582 0.020531
vn 0.013128 -0.380495 0.924690
vn 0.003180 -0.092392 0.995718
vn 0.047114 -0.048902 0.997692
vn 0.248319 -0.257092 0.933939
vn 0.003180 -0.092392 0.995718
vn 0.013128 -0.380495 0.924690
vn -0.013128 -0.380495 0.924690
vn -0.003180 -0.092392 0.995718
vn 0.030323 -0.922596 0.384573
vn 0.032403 -0.999272 0.020133
vn -0.032403 -0.999272 0.020133
vn -0.030323 -0.922596 0.384574
vn 0.091934 -0.002853 0.995761
vn 0.380587 -0.011781 0.924670
vn 0.248319 -0.257092 0.933939
vn 0.047114 -0.048902 0.997692
vn 0.922718 -0.027149 0.384518
vn 0.999378 -0.028956 0.020132
vn 0.918496 -0.394895 0.020558
vn 0.848759 -0.364913 0.382682
vn -0.003180 -0.092392 0.995718
vn -0.013128 -0.380495 0.924690
vn -0.248317 -0.257091 0.933940
vn -0.047114 -0.048902 0.997692
vn -0.030323 -0.922596 0.384574
vn -0.032403 -0.999272 0.020133
vn -0.370559 -0.928582 0.020531
vn -0.342425 -0.858078 0.382684
vn 0.044449 0.998818 0.019663
vn 0.040670 0.921963 0.385136
vn 0.342425 0.858079 0.382682
vn 0.370571 0.928608 0.019110
vn 0.016191 0.379979 0.924853
vn 0.005269 0.123366 0.992347
vn 0.098596 0.101643 0.989923
vn 0.248542 0.256873 0.933940
vn -0.998963 0.041061 0.019660
vn -0.922098 0.037517 0.385134
vn -0.848761 0.364915 0.382676
vn -0.918522 0.394908 0.019091
vn -0.380014 0.014926 0.924860
vn -0.124128 0.004864 0.992254
vn -0.098595 0.101642 0.989923
vn -0.248541 0.256873 0.933940
vn -0.005269 0.123366 0.992347
vn -0.016191 0.379979 0.924853
vn -0.248541 0.256873 0.933940
vn -0.098595 0.101642 0.989923
vn -0.040670 0.921963 0.385136
vn -0.044449 0.998818 0.019663
vn -0.370571 0.928608 0.019110
vn -0.342425 0.858079 0.382682
vn 0.124129 0.004864 0.992254
vn 0.380015 0.014926 0.924860
vn 0.248542 0.256873 0.933940
vn 0.098596 0.101643 0.989923
vn 0.922094 0.037517 0.385143
vn 0.998963 0.041061 0.019660
vn 0.918521 0.394910 0.019092
vn 0.848759 0.364916 0.382681
s off
g S_U_20 Window_Frame_05
usemtl set8
f 585/762/1971 584/763/1972 587/851/1973 586/852/1974
f 584/763/1975 583/767/1976 588/846/1977 587/851/1978
f 603/770/1979 602/771/1980 605/773/1981 604/774/1982
f 602/771/1983 601/775/1984 606/776/1985 605/773/1986
f 608/777/1987 607/778/1988 611/850/1989 610/845/1990
f 607/778/1991 609/785/1992 612/786/1993 611/850/1994
f 614/811/1995 613/812/1996 617/847/1997 616/848/1998
f 613/812/1999 615/815/2000 618/844/2001 617/847/2002
f 569/761/2003 603/764/2004 604/769/2005 570/772/2006
f 612/860/2007 609/780/2008 571/781/2009 572/784/2010
f 573/787/2011 614/788/2012 616/789/2013 574/858/2014
f 616/857/2015 619/791/2016 575/792/2017 574/790/2018
f 619/791/2019 603/764/2020 569/761/2021 575/792/2022
f 604/769/2023 622/793/2024 576/794/2025 570/772/2026
f 622/793/2027 612/779/2028 572/859/2029 576/794/2030
f 565/795/2031 566/796/2032 592/797/2033 589/798/2034
f 585/799/2035 586/800/2036 568/801/2037 562/802/2038
f 561/803/2039 563/804/2040 580/805/2041 578/806/2042
f 580/805/2043 563/804/2044 564/807/2045 595/856/2046
f 595/808/2047 564/855/2048 565/795/2049 589/798/2050
f 592/797/2051 566/796/2052 567/809/2053 598/854/2054
f 598/810/2055 567/853/2056 568/801/2057 586/800/2058
f 591/817/2059 594/818/2060 606/776/2061 601/775/2062
f 588/846/2063 583/767/2064 608/777/2065 610/845/2066
f 577/819/2067 582/820/2068 618/844/2069 615/815/2070
f 582/843/2071 597/821/2072 621/822/2073 618/816/2074
f 597/821/2075 591/817/2076 601/775/2077 621/822/2078
f 594/818/2079 600/823/2080 624/824/2081 606/776/2082
f 600/823/2083 588/768/2084 610/783/2085 624/824/2086
f 577/819/2087 579/826/2088 581/842/2089 582/820/2090
f 579/826/2091 578/825/2092 580/841/2093 581/842/2094
f 586/766/2095 587/765/2096 599/829/2097 598/830/2098
f 587/765/2099 588/768/2100 600/823/2101 599/829/2102
f 589/831/2103 590/832/2104 596/833/2105 595/834/2106
f 590/832/2107 591/817/2108 597/821/2109 596/833/2110
f 591/817/2111 590/832/2112 593/835/2113 594/818/2114
f 590/832/2115 589/831/2116 592/836/2117 593/835/2118
f 582/843/2119 581/827/2120 596/833/2121 597/821/2122
f 581/827/2123 580/828/2124 595/834/2125 596/833/2126
f 594/818/2127 593/835/2128 599/829/2129 600/823/2130
f 593/835/2131 592/836/2132 598/830/2133 599/829/2134
f 604/774/2135 605/773/2136 623/837/2137 622/838/2138
f 605/773/2139 606/776/2140 624/824/2141 623/837/2142
f 616/814/2143 617/813/2144 620/839/2145 619/840/2146
f 617/813/2147 618/816/2148 621/822/2149 620/839/2150
f 601/775/2151 602/771/2152 620/839/2153 621/822/2154
f 602/771/2155 603/770/2156 619/840/2157 620/839/2158
f 610/783/2159 611/782/2160 623/837/2161 624/824/2162
f 611/782/2163 612/849/2164 622/838/2165 623/837/2166
g default
v -443.680817 354.355835 307.869781
v -443.770660 355.361694 307.453491
v -443.807892 355.778320 306.448517
v -371.170807 355.778320 306.449188
v -371.211761 355.362244 307.453705
v -371.310699 354.357727 307.869781
v -443.807892 355.778320 295.076355
v -371.170807 355.778320 295.077026
v -443.807892 253.256683 295.077026
v -371.170807 253.256683 295.076355
v -443.807892 253.256683 306.449188
v -443.766876 253.672760 307.453705
v -443.667938 254.677277 307.869781
v -371.297882 254.679169 307.869781
v -371.208038 253.673309 307.453491
v -371.170807 253.256683 306.448517
v -362.092316 346.699860 295.076355
v -362.092316 262.335175 295.076935
v -363.514557 346.571075 307.869781
v -362.508881 346.662140 307.453522
v -362.092316 346.699860 306.448608
v -362.092316 262.335175 306.449188
v -362.508392 262.376160 307.453705
v -363.512909 262.475098 307.869781
v -452.886383 346.699860 306.449188
v -452.470306 346.658875 307.453705
v -451.465790 346.559937 307.869781
v -451.464142 262.463959 307.869781
v -452.469818 262.372894 307.453522
v -452.886383 262.335175 306.448608
v -452.886383 346.699860 295.076935
v -452.886383 262.335175 295.076355
v -452.195343 350.174011 306.449188
v -451.803375 350.011658 307.453705
v -450.857147 349.619720 307.869781
v -452.195343 350.174011 295.076385
v -450.227386 353.119324 306.449158
v -449.930634 352.816711 307.453705
v -449.214203 352.086151 307.869781
v -450.227386 353.119324 295.076385
v -447.282074 355.087280 306.449158
v -447.123444 354.694214 307.453705
v -446.740448 353.745300 307.869781
v -447.282074 355.087280 295.076385
v -367.696625 355.087280 306.449158
v -367.862457 354.697235 307.453705
v -368.262848 353.755554 307.869781
v -367.696625 355.087280 295.076385
v -364.751312 353.119324 306.449158
v -365.053558 352.822113 307.453705
v -365.783234 352.104614 307.869781
v -364.751312 353.119324 295.076385
v -362.783356 350.174011 306.449158
v -363.176239 350.014862 307.453705
v -364.124847 349.630676 307.869781
v -362.783356 350.174011 295.076355
v -447.282074 253.947754 306.449158
v -447.116241 254.337799 307.453705
v -446.715851 255.279480 307.869781
v -447.282074 253.947754 295.076385
v -450.227386 255.915710 306.449158
v -449.925140 256.212921 307.453705
v -449.195465 256.930420 307.869781
v -450.227386 255.915710 295.076385
v -452.195343 258.860992 306.449158
v -451.802399 259.020142 307.453705
v -450.853851 259.404327 307.869781
v -452.195343 258.860992 295.076355
v -362.783356 258.860992 306.449188
v -363.175323 259.023346 307.453705
v -364.121552 259.415283 307.869781
v -362.783356 258.860992 295.076385
v -364.751312 255.915710 306.449158
v -365.048065 256.218323 307.453705
v -365.764496 256.948883 307.869781
v -364.751312 255.915710 295.076385
v -367.696625 253.947754 306.449158
v -367.855255 254.340790 307.453705
v -368.238251 255.289703 307.869781
v -367.696625 253.947754 295.076385
vt 0.620749 0.731066
vt 0.272264 0.747158
vt 0.272387 0.745580
vt 0.604234 0.731064
vt 0.377844 0.745593
vt 0.377973 0.747172
vt 0.604247 0.625580
vt 0.620762 0.625582
vt 0.604282 0.356428
vt 0.620797 0.356431
vt 0.272530 0.743998
vt 0.377688 0.744013
vt 0.272562 0.599257
vt 0.272405 0.597677
vt 0.377862 0.597694
vt 0.620784 0.461915
vt 0.604269 0.461912
vt 0.377719 0.599275
vt 0.604266 0.482489
vt 0.620781 0.482491
vt 0.620765 0.605006
vt 0.272277 0.596098
vt 0.377985 0.596115
vt 0.604250 0.605003
vt 0.392146 0.733002
vt 0.390568 0.732869
vt 0.390573 0.610416
vt 0.392152 0.610278
vt 0.388987 0.732714
vt 0.388993 0.610583
vt 0.620730 0.874157
vt 0.604215 0.874155
vt 0.604230 0.751640
vt 0.620745 0.751642
vt 0.604231 0.746496
vt 0.620747 0.746498
vt 0.604232 0.741352
vt 0.620747 0.741354
vt 0.604232 0.736208
vt 0.620748 0.736210
vt 0.604248 0.620436
vt 0.620763 0.620438
vt 0.604248 0.615291
vt 0.620764 0.615294
vt 0.604249 0.610148
vt 0.620765 0.610150
vt 0.604283 0.351284
vt 0.620799 0.351286
vt 0.604284 0.346140
vt 0.620729 0.884445
vt 0.604214 0.879299
vt 0.620729 0.879301
vt 0.604267 0.477345
vt 0.620782 0.477347
vt 0.604267 0.472200
vt 0.620783 0.472203
vt 0.604268 0.467056
vt 0.620784 0.467058
vt 0.382119 0.600162
vt 0.383328 0.597262
vt 0.382726 0.598696
vt 0.385659 0.602570
vt 0.387876 0.600300
vt 0.386774 0.601433
vt 0.262203 0.606118
vt 0.259315 0.604871
vt 0.261256 0.732689
vt 0.259676 0.732856
vt 0.259681 0.610403
vt 0.261262 0.610558
vt 0.258098 0.732994
vt 0.258103 0.610269
vt 0.388047 0.737154
vt 0.262204 0.737124
vt 0.382719 0.744594
vt 0.383351 0.746043
vt 0.382084 0.743139
vt 0.267531 0.598676
vt 0.266899 0.597227
vt 0.268165 0.600131
vt 0.389503 0.605511
vt 0.390946 0.604863
vt 0.388045 0.606148
vt 0.260747 0.737761
vt 0.259303 0.738409
vt 0.263475 0.741839
vt 0.262373 0.742972
vt 0.264590 0.740702
vt 0.267523 0.744577
vt 0.266921 0.746012
vt 0.268131 0.743111
vt 0.386776 0.741859
vt 0.387899 0.742970
vt 0.385642 0.740743
vt 0.389508 0.737778
vt 0.390935 0.738401
vt 0.263474 0.601412
vt 0.262350 0.600302
vt 0.264607 0.602528
vt 0.260741 0.605494
vt 0.604213 0.884443
vt 0.620799 0.346142
vn -0.000006 0.923824 0.382816
vn -0.000006 0.923824 0.382816
vn -0.000006 0.923824 0.382816
vn -0.000006 0.923824 0.382816
vn -0.000008 0.382537 0.923940
vn -0.000008 0.382537 0.923940
vn -0.000008 0.382537 0.923940
vn -0.000008 0.382537 0.923940
vn 0.000008 -0.382537 0.923940
vn 0.000008 -0.382537 0.923940
vn 0.000008 -0.382537 0.923940
vn 0.000008 -0.382537 0.923940
vn 0.000006 -0.923822 0.382822
vn 0.000006 -0.923822 0.382822
vn 0.000006 -0.923822 0.382822
vn 0.000006 -0.923822 0.382822
vn 0.923829 0.000005 0.382806
vn 0.923829 0.000005 0.382806
vn 0.923829 0.000005 0.382806
vn 0.923829 0.000005 0.382806
vn 0.382574 0.000006 0.923925
vn 0.382574 0.000006 0.923925
vn 0.382574 0.000006 0.923925
vn 0.382574 0.000006 0.923925
vn -0.382574 -0.000006 0.923925
vn -0.382574 -0.000006 0.923925
vn -0.382574 -0.000006 0.923925
vn -0.382574 -0.000006 0.923925
vn -0.923834 -0.000004 0.382793
vn -0.923834 -0.000004 0.382793
vn -0.923834 -0.000004 0.382793
vn -0.923834 -0.000004 0.382793
vn 0.000000 1.000000 0.000000
vn 0.000000 1.000000 0.000000
vn 0.000000 1.000000 0.000000
vn 0.000000 1.000000 0.000000
vn 0.000000 -1.000000 0.000000
vn 0.000000 -1.000000 0.000000
vn 0.000000 -1.000000 0.000000
vn 0.000000 -1.000000 0.000000
vn 1.000000 0.000000 0.000000
vn 1.000000 0.000000 0.000000
vn 1.000000 0.000000 0.000000
vn 1.000000 0.000000 0.000000
vn -1.000000 0.000000 0.000000
vn -1.000000 0.000000 0.000000
vn -1.000000 0.000000 0.000000
vn -1.000000 0.000000 0.000000
vn -0.980786 0.195088 0.000000
vn -0.980786 0.195088 0.000000
vn -0.980786 0.195088 0.000000
vn -0.980786 0.195087 0.000000
vn -0.831477 0.555559 0.000000
vn -0.831477 0.555559 0.000000
vn -0.831477 0.555559 0.000000
vn -0.831477 0.555559 0.000000
vn -0.555563 0.831474 0.000000
vn -0.555563 0.831474 0.000000
vn -0.555563 0.831474 0.000000
vn -0.555563 0.831474 0.000000
vn -0.195086 0.980786 0.000000
vn -0.195086 0.980786 0.000000
vn -0.195086 0.980786 0.000000
vn -0.195086 0.980786 0.000000
vn 0.195086 0.980786 0.000000
vn 0.195086 0.980786 0.000000
vn 0.195086 0.980786 0.000000
vn 0.195086 0.980786 0.000000
vn 0.555566 0.831472 0.000000
vn 0.555566 0.831472 0.000000
vn 0.555566 0.831472 0.000000
vn 0.555566 0.831472 0.000000
vn 0.831476 0.555561 0.000000
vn 0.831476 0.555561 0.000000
vn 0.831476 0.555561 0.000000
vn 0.831476 0.555561 0.000000
vn 0.980785 0.195093 0.000000
vn 0.980785 0.195093 0.000000
vn 0.980785 0.195093 0.000000
vn 0.980785 0.195093 0.000000
vn -0.195093 -0.980785 0.000000
vn -0.195093 -0.980785 0.000000
vn -0.195093 -0.980785 0.000000
vn -0.195093 -0.980785 0.000000
vn -0.555563 -0.831474 0.000000
vn -0.555563 -0.831474 0.000000
vn -0.555563 -0.831474 0.000000
vn -0.555563 -0.831474 0.000000
vn -0.831476 -0.555561 0.000000
vn -0.831476 -0.555561 0.000000
vn -0.831476 -0.555561 0.000000
vn -0.831476 -0.555561 0.000000
vn -0.980786 -0.195086 0.000000
vn -0.980786 -0.195086 0.000000
vn -0.980786 -0.195086 0.000000
vn -0.980786 -0.195086 0.000000
vn 0.980785 -0.195092 0.000000
vn 0.980785 -0.195092 0.000000
vn 0.980785 -0.195092 0.000000
vn 0.980785 -0.195092 0.000000
vn 0.831472 -0.555566 0.000000
vn 0.831472 -0.555566 0.000000
vn 0.831472 -0.555566 0.000000
vn 0.831472 -0.555566 0.000000
vn 0.555566 -0.831472 0.000000
vn 0.555566 -0.831472 0.000000
vn 0.555566 -0.831472 0.000000
vn 0.555566 -0.831472 0.000000
vn 0.195095 -0.980784 0.000000
vn 0.195095 -0.980784 0.000000
vn 0.195095 -0.980784 0.000000
vn 0.195095 -0.980784 0.000000
vn 0.000000 0.000000 1.000000
vn 0.000000 0.000000 1.000000
vn 0.000000 0.000000 1.000000
vn 0.000000 0.000000 1.000000
vn 0.180132 0.906357 0.382191
vn 0.180132 0.906357 0.382191
vn 0.180132 0.906357 0.382191
vn 0.180132 0.906357 0.382191
vn 0.074456 0.375836 0.923690
vn 0.074456 0.375836 0.923690
vn 0.074456 0.375836 0.923690
vn 0.074456 0.375836 0.923690
vn -0.180134 -0.906344 0.382219
vn -0.180134 -0.906344 0.382219
vn -0.180134 -0.906344 0.382219
vn -0.180134 -0.906344 0.382219
vn -0.074464 -0.375854 0.923682
vn -0.074464 -0.375854 0.923682
vn -0.074464 -0.375854 0.923682
vn -0.074464 -0.375854 0.923682
vn 0.906131 -0.180242 0.382674
vn 0.906131 -0.180242 0.382674
vn 0.906131 -0.180242 0.382674
vn 0.906131 -0.180242 0.382674
vn 0.375334 -0.074659 0.923878
vn 0.375334 -0.074659 0.923878
vn 0.375334 -0.074660 0.923878
vn 0.375334 -0.074659 0.923878
vn -0.906122 0.180236 0.382698
vn -0.906122 0.180236 0.382698
vn -0.906122 0.180236 0.382698
vn -0.906122 0.180236 0.382698
vn -0.375336 0.074658 0.923877
vn -0.375336 0.074658 0.923877
vn -0.375336 0.074658 0.923877
vn -0.375336 0.074658 0.923877
vn -0.768438 0.513240 0.382214
vn -0.768438 0.513240 0.382214
vn -0.768438 0.513240 0.382214
vn -0.768438 0.513240 0.382214
vn -0.318769 0.212594 0.923683
vn -0.318769 0.212594 0.923683
vn -0.318769 0.212594 0.923683
vn -0.318769 0.212594 0.923683
vn -0.513502 0.768168 0.382405
vn -0.513502 0.768168 0.382405
vn -0.513502 0.768168 0.382405
vn -0.513502 0.768168 0.382405
vn -0.213102 0.318208 0.923759
vn -0.213102 0.318208 0.923759
vn -0.213102 0.318208 0.923759
vn -0.213102 0.318208 0.923759
vn -0.074759 0.375324 0.923874
vn -0.074759 0.375324 0.923874
vn -0.074759 0.375324 0.923874
vn -0.074759 0.375324 0.923874
vn -0.180262 0.906125 0.382680
vn -0.180262 0.906125 0.382680
vn -0.180262 0.906125 0.382680
vn -0.180262 0.906125 0.382680
vn 0.513192 0.768376 0.382403
vn 0.513192 0.768376 0.382403
vn 0.513192 0.768376 0.382403
vn 0.513192 0.768376 0.382403
vn 0.212445 0.318616 0.923770
vn 0.212445 0.318616 0.923770
vn 0.212445 0.318616 0.923770
vn 0.212445 0.318616 0.923770
vn 0.768170 0.513487 0.382422
vn 0.768170 0.513487 0.382422
vn 0.768170 0.513487 0.382422
vn 0.768170 0.513487 0.382422
vn 0.318207 0.213039 0.923774
vn 0.318207 0.213039 0.923774
vn 0.318207 0.213039 0.923774
vn 0.318207 0.213039 0.923774
vn 0.375300 0.074754 0.923884
vn 0.375300 0.074754 0.923884
vn 0.375300 0.074754 0.923884
vn 0.375300 0.074754 0.923884
vn 0.906133 0.180260 0.382661
vn 0.906133 0.180260 0.382661
vn 0.906133 0.180260 0.382661
vn 0.906133 0.180260 0.382661
vn -0.513186 -0.768383 0.382398
vn -0.513186 -0.768383 0.382398
vn -0.513186 -0.768383 0.382398
vn -0.513186 -0.768383 0.382398
vn -0.212441 -0.318613 0.923772
vn -0.212441 -0.318613 0.923772
vn -0.212441 -0.318613 0.923772
vn -0.212441 -0.318613 0.923772
vn -0.768165 -0.513478 0.382443
vn -0.768165 -0.513478 0.382443
vn -0.768165 -0.513478 0.382443
vn -0.768165 -0.513478 0.382443
vn -0.318210 -0.213038 0.923773
vn -0.318210 -0.213038 0.923773
vn -0.318210 -0.213038 0.923773
vn -0.318210 -0.213038 0.923773
vn -0.375319 -0.074756 0.923876
vn -0.375319 -0.074756 0.923876
vn -0.375319 -0.074756 0.923876
vn -0.375319 -0.074756 0.923876
vn -0.906131 -0.180274 0.382660
vn -0.906131 -0.180274 0.382660
vn -0.906131 -0.180274 0.382660
vn -0.906131 -0.180274 0.382660
vn 0.768439 -0.513256 0.382190
vn 0.768439 -0.513256 0.382190
vn 0.768439 -0.513256 0.382190
vn 0.768439 -0.513256 0.382190
vn 0.318751 -0.212592 0.923690
vn 0.318751 -0.212592 0.923690
vn 0.318751 -0.212592 0.923690
vn 0.318751 -0.212592 0.923690
vn 0.513521 -0.768163 0.382390
vn 0.513521 -0.768163 0.382390
vn 0.513521 -0.768163 0.382390
vn 0.513521 -0.768163 0.382390
vn 0.213106 -0.318216 0.923756
vn 0.213106 -0.318216 0.923756
vn 0.213106 -0.318216 0.923756
vn 0.213106 -0.318216 0.923756
vn 0.074757 -0.375312 0.923879
vn 0.074757 -0.375312 0.923879
vn 0.074757 -0.375312 0.923879
vn 0.074757 -0.375312 0.923879
vn 0.180271 -0.906129 0.382665
vn 0.180271 -0.906129 0.382665
vn 0.180271 -0.906129 0.382665
vn 0.180271 -0.906129 0.382665
vn 0.000000 0.000000 1.000000
vn 0.000000 0.000000 1.000000
vn 0.000000 0.000000 1.000000
vn 0.000000 0.000000 1.000000
vn 0.000000 0.000000 1.000000
vn 0.000000 0.000000 1.000000
vn 0.000000 0.000000 1.000000
vn 0.000000 0.000000 1.000000
vn 0.000000 0.000000 1.000000
vn 0.000000 0.000000 1.000000
vn 0.000000 0.000000 1.000000
vn 0.000000 0.000000 1.000000
vn 0.000000 0.000000 1.000000
vn 0.000000 0.000000 1.000000
vn 0.000000 0.000000 1.000000
vn 0.000000 0.000000 1.000000
vn 0.000000 0.000000 1.000000
vn 0.000000 0.000000 1.000000
vn 0.000000 0.000000 1.000000
vn 0.000000 0.000000 1.000000
vn 0.000000 0.000000 1.000000
vn 0.000000 0.000000 1.000000
vn 0.000000 0.000000 1.000000
vn 0.000000 0.000000 1.000000
vn 0.000000 0.000000 1.000000
vn 0.000000 0.000000 1.000000
vn 0.000000 0.000000 1.000000
vn 0.000000 0.000000 1.000000
vn 0.000000 0.000000 1.000000
vn 0.000000 0.000000 1.000000
vn 0.000000 0.000000 1.000000
vn 0.000000 0.000000 1.000000
s off
g S_U_20 Window_11
usemtl set10
f 627/862/2167 626/863/2168 629/865/2169 628/866/2170
f 626/863/2171 625/871/2172 630/872/2173 629/865/2174
f 637/873/2175 636/874/2176 639/875/2177 638/878/2178
f 636/874/2179 635/882/2180 640/883/2181 639/875/2182
f 645/885/2183 644/886/2184 647/887/2185 646/888/2186
f 644/886/2187 643/889/2188 648/890/2189 647/887/2190
f 651/927/2191 650/928/2192 653/929/2193 652/930/2194
f 650/928/2195 649/931/2196 654/932/2197 653/929/2198
f 631/861/2199 627/864/2200 628/867/2201 632/868/2202
f 635/869/2203 633/870/2204 634/876/2205 640/877/2206
f 646/879/2207 642/880/2208 641/881/2209 645/884/2210
f 656/891/2211 654/892/2212 649/893/2213 655/894/2214
f 649/893/2215 657/895/2216 660/896/2217 655/894/2218
f 657/895/2219 661/897/2220 664/898/2221 660/896/2222
f 661/897/2223 665/899/2224 668/900/2225 664/898/2226
f 665/899/2227 627/864/2228 631/861/2229 668/900/2230
f 628/867/2231 669/901/2232 672/902/2233 632/868/2234
f 669/901/2235 673/903/2236 676/904/2237 672/902/2238
f 673/903/2239 677/905/2240 680/906/2241 676/904/2242
f 677/905/2243 645/884/2244 641/881/2245 680/906/2246
f 635/869/2247 681/907/2248 684/908/2249 633/870/2250
f 681/907/2251 685/909/2252 688/962/2253 684/908/2254
f 685/961/2255 689/911/2256 692/912/2257 688/910/2258
f 689/911/2259 654/892/2260 656/891/2261 692/912/2262
f 646/879/2263 693/913/2264 696/914/2265 642/880/2266
f 693/913/2267 697/915/2268 700/916/2269 696/914/2270
f 697/915/2271 701/917/2272 704/918/2273 700/916/2274
f 701/917/2275 640/877/2276 634/876/2277 704/918/2278
f 651/927/2279 643/889/2280 679/933/2281 659/934/2282
f 628/866/2283 629/865/2284 670/935/2285 669/936/2286
f 629/865/2287 630/872/2288 671/937/2289 670/935/2290
f 635/882/2291 636/874/2292 682/938/2293 681/939/2294
f 636/874/2295 637/873/2296 683/940/2297 682/938/2298
f 646/888/2299 647/887/2300 694/941/2301 693/942/2302
f 647/887/2303 648/890/2304 695/943/2305 694/941/2306
f 649/931/2307 650/928/2308 658/944/2309 657/945/2310
f 650/928/2311 651/927/2312 659/934/2313 658/944/2314
f 657/945/2315 658/944/2316 662/946/2317 661/947/2318
f 658/944/2319 659/934/2320 663/948/2321 662/946/2322
f 661/947/2323 662/946/2324 666/949/2325 665/950/2326
f 662/946/2327 663/948/2328 667/951/2329 666/949/2330
f 625/871/2331 626/863/2332 666/949/2333 667/951/2334
f 626/863/2335 627/862/2336 665/950/2337 666/949/2338
f 669/936/2339 670/935/2340 674/952/2341 673/953/2342
f 670/935/2343 671/937/2344 675/954/2345 674/952/2346
f 673/953/2347 674/952/2348 678/955/2349 677/956/2350
f 674/952/2351 675/954/2352 679/933/2353 678/955/2354
f 643/889/2355 644/886/2356 678/955/2357 679/933/2358
f 644/886/2359 645/885/2360 677/956/2361 678/955/2362
f 681/939/2363 682/938/2364 686/957/2365 685/958/2366
f 682/938/2367 683/940/2368 687/959/2369 686/957/2370
f 685/958/2371 686/957/2372 690/960/2373 689/926/2374
f 686/957/2375 687/959/2376 691/925/2377 690/960/2378
f 652/930/2379 653/929/2380 690/960/2381 691/925/2382
f 653/929/2383 654/932/2384 689/926/2385 690/960/2386
f 693/942/2387 694/941/2388 698/924/2389 697/923/2390
f 694/941/2391 695/943/2392 699/922/2393 698/924/2394
f 697/923/2395 698/924/2396 702/921/2397 701/920/2398
f 698/924/2399 699/922/2400 703/919/2401 702/921/2402
f 638/878/2403 639/875/2404 702/921/2405 703/919/2406
f 639/875/2407 640/883/2408 701/920/2409 702/921/2410
f 652/930/2411 648/890/2412 643/889/2413 651/927/2414
f 667/951/2415 671/937/2416 630/872/2417 625/871/2418
f 659/934/2419 679/933/2420 675/954/2421 663/948/2422
f 663/948/2423 675/954/2424 671/937/2425 667/951/2426
f 687/959/2427 699/922/2428 695/943/2429 691/925/2430
f 691/925/2431 695/943/2432 648/890/2433 652/930/2434
f 703/919/2435 683/940/2436 637/873/2437 638/878/2438
f 703/919/2439 699/922/2440 687/959/2441 683/940/2442
g default
v -483.003601 235.316376 307.772430
v -481.216309 242.802383 307.772400
v -476.125977 249.148682 307.772400
v -468.507751 253.389313 307.772430
v -248.157837 235.316376 307.772430
v -249.945251 242.802383 307.772400
v -255.035675 249.148682 307.772400
v -262.653687 253.389313 307.772430
v -246.731750 43.796997 307.772430
v -250.062592 48.136791 307.772430
v -250.062561 33.733040 307.772430
v -246.731750 38.072906 307.772430
v -484.429626 38.072906 307.772430
v -481.098877 33.733047 307.772430
v -481.098877 48.136780 307.772430
v -484.429626 43.796997 307.772430
v -246.731750 189.270950 307.772430
v -250.062592 193.610886 307.772430
v -250.062622 179.207199 307.772430
v -246.731750 183.546967 307.772430
v -484.429626 183.546982 307.772430
v -481.098877 179.207199 307.772430
v -481.098877 193.610886 307.772430
v -484.429626 189.270935 307.772430
v -246.731750 87.862549 307.772430
v -250.062592 92.202347 307.772430
v -250.062592 78.255539 307.772430
v -246.731750 82.595329 307.772430
v -484.429626 82.595337 307.772430
v -481.098877 78.255539 307.772430
v -481.098877 92.202332 307.772430
v -484.429626 87.862541 307.772430
v -246.731750 144.748581 307.772430
v -250.062592 149.088440 307.772430
v -250.062592 135.141602 307.772430
v -246.731750 139.481354 307.772430
v -484.429626 139.481369 307.772430
v -481.098877 135.141602 307.772430
v -481.098877 149.088440 307.772430
v -484.429626 144.748581 307.772430
v -257.447723 48.326538 298.718170
v -257.488647 47.955727 297.822937
v -257.587524 47.060501 297.452118
v -257.587524 34.809402 297.452118
v -257.488647 33.914169 297.822937
v -257.447723 33.543350 298.718170
v -249.423859 42.882988 297.452118
v -248.528625 43.186935 297.822937
v -248.157837 43.312836 298.718170
v -248.157837 38.557068 298.718170
v -248.528625 38.682961 297.822937
v -249.423859 38.986908 297.452118
v -481.737549 38.986893 297.452118
v -482.632812 38.682961 297.822937
v -483.003601 38.557068 298.718170
v -483.003601 43.312836 298.718170
v -482.632812 43.186935 297.822937
v -481.737549 42.882996 297.452118
v -473.713806 33.543350 298.718170
v -473.672852 33.914169 297.822937
v -473.574036 34.809402 297.452118
v -473.574036 47.060501 297.452118
v -473.672852 47.955727 297.822937
v -473.713806 48.326538 298.718170
v -257.447723 193.800430 298.718170
v -257.488647 193.429611 297.822937
v -257.587494 192.534378 297.452118
v -257.587524 180.283600 297.452118
v -257.488647 179.388367 297.822937
v -257.447723 179.017548 298.718170
v -249.423859 188.356949 297.452118
v -248.528625 188.660889 297.822937
v -248.157837 188.786789 298.718170
v -248.157837 184.031143 298.718170
v -248.528625 184.157043 297.822937
v -249.423859 184.460983 297.452118
v -481.737549 184.460983 297.452118
v -482.632812 184.157043 297.822937
v -483.003601 184.031143 298.718170
v -483.003601 188.786789 298.718170
v -482.632812 188.660889 297.822937
v -481.737549 188.356964 297.452118
v -473.713806 179.017548 298.718170
v -473.672852 179.388367 297.822937
v -473.574036 180.283600 297.452118
v -473.574036 192.534378 297.452118
v -473.672852 193.429611 297.822937
v -473.713806 193.800430 298.718170
v -257.447723 92.392090 298.718170
v -257.488647 92.021271 297.822937
v -257.587524 91.126045 297.452118
v -257.587524 79.331833 297.452118
v -257.488647 78.436607 297.822937
v -257.447723 78.065788 298.718170
v -249.423859 86.948532 297.452118
v -248.528625 87.252480 297.822937
v -248.157837 87.378380 298.718170
v -248.157837 83.079498 298.718170
v -248.528625 83.205399 297.822937
v -249.423859 83.509346 297.452118
v -481.737549 83.509338 297.452118
v -482.632812 83.205399 297.822937
v -483.003601 83.079498 298.718170
v -483.003601 87.378380 298.718170
v -482.632812 87.252480 297.822937
v -481.737549 86.948540 297.452118
v -473.713806 78.065788 298.718170
v -473.672852 78.436607 297.822937
v -473.574036 79.331833 297.452118
v -473.574036 91.126045 297.452118
v -473.672852 92.021271 297.822937
v -473.713806 92.392090 298.718170
v -257.447723 149.278091 298.718170
v -257.488647 148.907272 297.822937
v -257.587524 148.012039 297.452118
v -257.587524 136.217926 297.452118
v -257.488647 135.322693 297.822937
v -257.447723 134.951874 298.718170
v -249.423859 143.834579 297.452118
v -248.528625 144.138519 297.822937
v -248.157837 144.264420 298.718170
v -248.157837 139.965530 298.718170
v -248.528625 140.091431 297.822937
v -249.423859 140.395386 297.452118
v -481.737549 140.395370 297.452118
v -482.632812 140.091431 297.822937
v -483.003601 139.965530 298.718170
v -483.003601 144.264420 298.718170
v -482.632812 144.138519 297.822937
v -481.737549 143.834595 297.452118
v -473.713806 134.951874 298.718170
v -473.672852 135.322693 297.822937
v -473.574036 136.217926 297.452118
v -473.574036 148.012039 297.452118
v -473.672852 148.907272 297.822937
v -473.713806 149.278091 298.718170
v -251.603333 45.722687 297.452118
v -251.091003 46.525475 297.822937
v -250.878784 46.858002 298.718170
v -251.603363 36.147141 297.452118
v -251.091003 35.344360 297.822937
v -250.878784 35.011833 298.718170
v -479.558105 36.147141 297.452118
v -480.070496 35.344360 297.822937
v -480.282715 35.011833 298.718170
v -479.558105 45.722694 297.452118
v -480.070496 46.525475 297.822937
v -480.282715 46.858002 298.718170
v -251.603333 191.196762 297.452118
v -251.091003 191.999557 297.822937
v -250.878784 192.332077 298.718170
v -251.603333 181.621292 297.452118
v -251.091003 180.818497 297.822937
v -250.878784 180.485977 298.718170
v -479.558105 181.621292 297.452118
v -480.070496 180.818497 297.822937
v -480.282715 180.485977 298.718170
v -479.558105 191.196762 297.452118
v -480.070496 191.999557 297.822937
v -480.282715 192.332077 298.718170
v -251.603333 89.788239 297.452118
v -251.091003 90.591019 297.822937
v -250.878784 90.923546 298.718170
v -251.603333 80.669632 297.452118
v -251.091003 79.866852 297.822937
v -250.878784 79.534325 298.718170
v -479.558105 80.669632 297.452118
v -480.070496 79.866852 297.822937
v -480.282715 79.534325 298.718170
v -479.558105 89.788239 297.452118
v -480.070496 90.591019 297.822937
v -480.282715 90.923546 298.718170
v -251.603333 146.674332 297.452118
v -251.091003 147.477127 297.822937
v -250.878784 147.809647 298.718170
v -251.603333 137.555710 297.452118
v -251.091003 136.752914 297.822937
v -250.878784 136.420395 298.718170
v -479.558105 137.555710 297.452118
v -480.070496 136.752914 297.822937
v -480.282715 136.420395 298.718170
v -479.558105 146.674332 297.452118
v -480.070496 147.477127 297.822937
v -480.282715 147.809647 298.718170
v -483.421265 38.415260 307.354736
v -483.003601 38.557068 306.346375
v -483.421265 43.454636 307.354736
v -483.003601 43.312836 306.346375
v -483.421265 183.889328 307.354736
v -483.003601 184.031143 306.346375
v -483.421265 188.928589 307.354736
v -483.003601 188.786789 306.346375
v -483.421265 82.937691 307.354736
v -483.003601 83.079498 306.346375
v -483.421265 87.520187 307.354736
v -483.003601 87.378380 306.346375
v -483.421265 139.823715 307.354736
v -483.003601 139.965530 306.346375
v -483.421265 144.406235 307.354736
v -483.003601 144.264420 306.346375
v -257.290283 93.818138 307.772430
v -257.401611 92.809769 307.354736
v -257.447723 92.392090 306.346375
v -473.871277 93.818138 307.772430
v -473.759949 92.809769 307.354736
v -473.713806 92.392090 306.346375
v -473.871277 195.226486 307.772430
v -473.759949 194.218109 307.354736
v -473.713806 193.800430 306.346375
v -247.740112 43.454643 307.354736
v -248.157837 43.312836 306.346375
v -247.740112 38.415253 307.354736
v -248.157837 38.557068 306.346375
v -247.740112 87.520187 307.354736
v -248.157837 87.378380 306.346375
v -247.740112 82.937691 307.354736
v -248.157837 83.079498 306.346375
v -247.740112 144.406235 307.354736
v -248.157837 144.264420 306.346375
v -247.740112 139.823715 307.354736
v -248.157837 139.965530 306.346375
v -247.740112 188.928604 307.354736
v -248.157837 188.786789 306.346375
v -247.740112 183.889328 307.354736
v -248.157837 184.031143 306.346375
v -257.290283 49.752594 307.772430
v -257.401611 48.744225 307.354736
v -257.447723 48.326538 306.346375
v -257.290283 32.117302 307.772430
v -257.401611 33.125671 307.354736
v -257.447723 33.543350 306.346375
v -473.871277 32.117302 307.772430
v -473.759949 33.125671 307.354736
v -473.713806 33.543350 306.346375
v -473.871277 49.752594 307.772430
v -473.759949 48.744225 307.354736
v -473.713806 48.326538 306.346375
v -257.290283 195.226486 307.772430
v -257.401611 194.218109 307.354736
v -257.447723 193.800430 306.346375
v -257.290283 177.591492 307.772430
v -257.401611 178.599869 307.354736
v -257.447723 179.017548 306.346375
v -473.871277 177.591492 307.772430
v -473.759949 178.599869 307.354736
v -473.713806 179.017548 306.346375
v -257.290283 76.639740 307.772430
v -257.401611 77.648109 307.354736
v -257.447723 78.065788 306.346375
v -473.871277 76.639740 307.772430
v -473.759949 77.648109 307.354736
v -473.713806 78.065788 306.346375
v -257.290283 150.704147 307.772430
v -257.401611 149.695770 307.354736
v -257.447723 149.278091 306.346375
v -257.290283 133.525818 307.772430
v -257.401611 134.534195 307.354736
v -257.447723 134.951874 306.346375
v -473.871277 133.525818 307.772430
v -473.759949 134.534195 307.354736
v -473.713806 134.951874 306.346375
v -473.871277 150.704147 307.772430
v -473.759949 149.695770 307.354736
v -473.713806 149.278091 306.346375
v -250.639709 47.232544 307.354736
v -250.878784 46.858002 306.346375
v -250.639709 34.637283 307.354736
v -250.878784 35.011833 306.346375
v -480.521790 34.637283 307.354736
v -480.282715 35.011833 306.346375
v -480.521790 47.232544 307.354736
v -480.282715 46.858002 306.346375
v -250.639709 192.706635 307.354736
v -250.878784 192.332077 306.346375
v -250.639709 180.111420 307.354736
v -250.878784 180.485977 306.346375
v -480.521790 180.111420 307.354736
v -480.282715 180.485977 306.346375
v -480.521790 192.706635 307.354736
v -480.282715 192.332077 306.346375
v -250.639709 91.298096 307.354736
v -250.878784 90.923546 306.346375
v -250.639709 79.159775 307.354736
v -250.878784 79.534325 306.346375
v -480.521790 79.159775 307.354736
v -480.282715 79.534325 306.346375
v -480.521790 91.298096 307.354736
v -480.282715 90.923546 306.346375
v -250.639709 148.184204 307.354736
v -250.878784 147.809647 306.346375
v -250.639709 136.045837 307.354736
v -250.878784 136.420395 306.346375
v -480.521790 136.045837 307.354736
v -480.282715 136.420395 306.346375
v -480.521790 148.184204 307.354736
v -480.282715 147.809647 306.346375
v -544.070435 242.802383 306.283539
v -543.702759 242.538727 307.336334
v -542.815308 241.902191 307.772430
v -545.340088 235.050842 307.772430
v -546.392822 235.238647 307.336334
v -546.828979 235.316437 306.283539
v -544.070435 242.802383 288.998810
v -546.828979 235.316437 288.998810
v -220.578323 254.878387 288.998810
v -271.639771 254.878387 305.694397
v -271.039307 254.778900 307.163788
v -269.589661 254.538666 307.772430
v -248.157837 -7.562408 307.772430
v -184.333038 -7.562408 288.998810
v -184.333038 40.934944 288.998810
v -184.333038 -7.562408 306.283539
v -184.769119 -7.562408 307.336334
v -185.821930 -7.562408 307.772430
v -184.333038 40.934944 306.283539
v -184.769119 40.934944 307.336334
v -185.821930 40.934944 307.772430
v -184.333038 235.316437 288.998810
v -187.092072 242.802383 288.998810
v -184.333038 235.316437 306.283539
v -184.769119 235.238632 307.336334
v -185.821930 235.050797 307.772430
v -187.092072 242.802383 306.283539
v -187.459656 242.538712 307.336334
v -188.347076 241.902161 307.772430
v -194.949295 249.148682 288.998810
v -194.949295 249.148682 306.283539
v -195.166245 248.763336 307.336334
v -195.690002 247.833038 307.772430
v -206.707642 253.389313 288.998810
v -206.707642 253.389313 306.283539
v -206.806290 252.961304 307.336334
v -207.044464 251.928009 307.772430
v -220.658020 253.389496 307.772430
v -220.601669 254.442291 307.336334
v -220.578323 254.878387 306.283539
v -546.828979 -7.562408 288.998810
v -546.392822 -7.562408 307.336334
v -546.828979 -7.562408 306.283539
v -545.340088 -7.562408 307.772430
v -483.003601 -7.562408 307.772430
v -510.583191 254.878387 288.998810
v -510.503540 253.389496 307.772430
v -510.559875 254.442291 307.336334
v -510.583191 254.878387 306.283539
v -459.521423 254.878387 305.694397
v -460.121887 254.778900 307.163788
v -461.571533 254.538666 307.772430
v -524.453979 253.389313 288.998810
v -524.453979 253.389313 306.283539
v -524.355347 252.961304 307.336334
v -524.117188 251.928009 307.772430
v -536.213135 249.148682 288.998810
v -536.213135 249.148682 306.283539
v -535.996094 248.763336 307.336334
v -535.472412 247.833038 307.772430
v -546.828979 40.934944 288.998810
v -546.828979 40.934944 306.283539
v -546.392822 40.934944 307.336334
v -545.340088 40.934944 307.772430
v -546.828979 142.115082 306.283539
v -546.392822 142.115082 307.336334
v -545.340088 142.115082 307.772430
v -546.828979 142.115082 288.998810
v -184.333038 142.115082 288.998810
v -184.333038 142.115082 306.283539
v -184.769119 142.115082 307.336334
v -185.821930 142.115082 307.772430
v -545.340088 186.409058 307.772430
v -546.392822 186.409058 307.336334
v -546.828979 186.409058 306.283539
v -546.828979 186.409058 288.998810
v -184.333038 186.409058 288.998810
v -184.333038 186.409058 306.283539
v -184.769119 186.409058 307.336334
v -185.821930 186.409058 307.772430
v -546.828979 85.228935 306.283539
v -546.392822 85.228935 307.336334
v -545.340088 85.228935 307.772430
v -546.828979 85.228935 288.998810
v -184.333038 85.228943 288.998810
v -184.333038 85.228943 306.283539
v -184.769119 85.228943 307.336334
v -185.821930 85.228943 307.772430
vt 0.425594 0.684989
vt 0.426036 0.682464
vt 0.421402 0.688573
vt 0.423924 0.687136
vt 0.348012 0.682642
vt 0.348534 0.685175
vt 0.350275 0.687315
vt 0.352853 0.688743
vt 0.426535 0.617875
vt 0.427696 0.616351
vt 0.427694 0.614340
vt 0.426557 0.612804
vt 0.348152 0.612880
vt 0.347006 0.614392
vt 0.346984 0.616405
vt 0.348116 0.617951
vt 0.351539 0.668597
vt 0.426487 0.666750
vt 0.426789 0.664546
vt 0.425724 0.662709
vt 0.348345 0.663039
vt 0.347264 0.664698
vt 0.347451 0.666834
vt 0.348963 0.668464
vt 0.426343 0.633026
vt 0.427511 0.631531
vt 0.427541 0.629693
vt 0.426410 0.628129
vt 0.348034 0.628234
vt 0.346885 0.629785
vt 0.346887 0.631645
vt 0.348038 0.633175
vt 0.425997 0.652462
vt 0.427171 0.650986
vt 0.427230 0.649149
vt 0.426110 0.647577
vt 0.348077 0.647748
vt 0.346941 0.649306
vt 0.346973 0.651163
vt 0.348147 0.652693
vt 0.216711 0.873247
vt 0.304093 0.822777
vt 0.216715 0.873073
vt 0.040315 0.830985
vt 0.375457 0.818719
vt 0.040308 0.831305
vt 0.035192 0.830824
vt 0.175939 0.873376
vt 0.378473 0.819995
vt 0.036727 0.831076
vt 0.378152 0.821386
vt 0.378154 0.820103
vt 0.115296 0.831097
vt 0.115245 0.830783
vt 0.301077 0.821501
vt 0.218680 0.873211
vt 0.301398 0.820109
vt 0.301397 0.821393
vt 0.240894 0.854218
vt 0.538351 0.677940
vt 0.240903 0.854538
vt 0.301194 0.836088
vt 0.609716 0.673904
vt 0.301187 0.836408
vt 0.296071 0.835928
vt 0.372302 0.854123
vt 0.612732 0.675181
vt 0.297605 0.836179
vt 0.612410 0.676572
vt 0.612412 0.675289
vt 0.376175 0.836207
vt 0.376124 0.835892
vt 0.535335 0.676663
vt 0.237282 0.854472
vt 0.535657 0.675272
vt 0.535655 0.676555
vt 0.017307 0.861810
vt 0.298769 0.831307
vt 0.017311 0.862130
vt 0.040162 0.838308
vt 0.370133 0.827419
vt 0.040154 0.838628
vt 0.035184 0.838171
vt 0.260503 0.861691
vt 0.373150 0.828695
vt 0.036571 0.838399
vt 0.372828 0.829936
vt 0.372830 0.828803
vt 0.115144 0.838423
vt 0.115092 0.838108
vt 0.295753 0.830031
vt 0.013692 0.862017
vt 0.296074 0.828790
vt 0.296073 0.829923
vt 0.288910 0.866870
vt 0.128399 0.834719
vt 0.288914 0.867190
vt 0.301041 0.843410
vt 0.199763 0.830820
vt 0.301033 0.843730
vt 0.296063 0.843272
vt 0.100707 0.866634
vt 0.202780 0.832096
vt 0.297450 0.843500
vt 0.202458 0.833336
vt 0.202460 0.832204
vt 0.376023 0.843531
vt 0.375971 0.843217
vt 0.125383 0.833443
vt 0.285295 0.867072
vt 0.125704 0.832203
vt 0.125703 0.833335
vt 0.377431 0.822321
vt 0.377435 0.819166
vt 0.304093 0.818728
vt 0.611689 0.677507
vt 0.611694 0.674352
vt 0.538352 0.673892
vt 0.372112 0.827866
vt 0.372106 0.830870
vt 0.370132 0.831316
vt 0.298770 0.827410
vt 0.199763 0.834717
vt 0.128399 0.830822
vt 0.375492 0.823088
vt 0.177859 0.873070
vt 0.375457 0.822768
vt 0.304058 0.818408
vt 0.111725 0.831331
vt 0.038165 0.830907
vt 0.038142 0.831227
vt 0.176696 0.873285
vt 0.176682 0.873111
vt 0.113854 0.830930
vt 0.302119 0.819175
vt 0.113876 0.831251
vt 0.217883 0.873288
vt 0.302115 0.822329
vt 0.217899 0.873115
vt 0.609750 0.678273
vt 0.368790 0.854786
vt 0.609715 0.677953
vt 0.538318 0.673571
vt 0.372604 0.836440
vt 0.299044 0.836010
vt 0.299021 0.836330
vt 0.370915 0.854331
vt 0.370951 0.854649
vt 0.374733 0.836040
vt 0.536379 0.674338
vt 0.374755 0.836360
vt 0.238738 0.854254
vt 0.536373 0.677492
vt 0.238725 0.854573
vt 0.370167 0.831636
vt 0.256982 0.862306
vt 0.298735 0.827090
vt 0.111572 0.838657
vt 0.038011 0.838230
vt 0.037988 0.838550
vt 0.259114 0.861880
vt 0.259145 0.862198
vt 0.113701 0.838256
vt 0.296796 0.827856
vt 0.113722 0.838577
vt 0.015150 0.861818
vt 0.296790 0.830860
vt 0.015133 0.862137
vt 0.199798 0.835037
vt 0.097186 0.867244
vt 0.128364 0.830502
vt 0.372450 0.843765
vt 0.298890 0.843331
vt 0.201741 0.831267
vt 0.298867 0.843652
vt 0.099318 0.866821
vt 0.201737 0.834271
vt 0.099349 0.867140
vt 0.374580 0.843365
vt 0.126426 0.831268
vt 0.374601 0.843685
vt 0.286754 0.866874
vt 0.126421 0.834272
vt 0.286736 0.867194
vt 0.423827 0.633622
vt 0.350556 0.633810
vt 0.423271 0.661891
vt 0.423479 0.653025
vt 0.350814 0.662272
vt 0.350660 0.653292
vt 0.423917 0.627428
vt 0.424011 0.618482
vt 0.350549 0.627599
vt 0.350601 0.618608
vt 0.423626 0.646847
vt 0.350568 0.647090
vt 0.424039 0.612123
vt 0.350656 0.612222
vt 0.422671 0.668422
vt 0.423936 0.617758
vt 0.423957 0.612851
vt 0.427022 0.614518
vt 0.427009 0.616099
vt 0.347682 0.616171
vt 0.347683 0.614620
vt 0.350732 0.612952
vt 0.350681 0.617881
vt 0.422422 0.667244
vt 0.423186 0.662605
vt 0.426070 0.664619
vt 0.425793 0.666358
vt 0.348125 0.666344
vt 0.347887 0.664668
vt 0.350915 0.662993
vt 0.351800 0.667503
vt 0.423754 0.632899
vt 0.423832 0.628150
vt 0.426836 0.629903
vt 0.426826 0.631282
vt 0.347555 0.631422
vt 0.347565 0.630009
vt 0.350626 0.628326
vt 0.350633 0.633083
vt 0.423413 0.652306
vt 0.423533 0.647568
vt 0.426519 0.649346
vt 0.426493 0.650718
vt 0.347629 0.650913
vt 0.347622 0.649511
vt 0.350653 0.647816
vt 0.350725 0.652567
vt 0.426130 0.617267
vt 0.426145 0.613389
vt 0.348540 0.613446
vt 0.348531 0.617339
vt 0.424734 0.667449
vt 0.425325 0.663071
vt 0.348749 0.663576
vt 0.349205 0.667341
vt 0.425949 0.632408
vt 0.425990 0.628728
vt 0.348435 0.628820
vt 0.348443 0.632567
vt 0.425608 0.651814
vt 0.425684 0.648168
vt 0.348475 0.648312
vt 0.348537 0.652069
vt 0.347353 0.614508
vt 0.347338 0.616286
vt 0.348332 0.617636
vt 0.347588 0.664698
vt 0.347798 0.666597
vt 0.349073 0.667896
vt 0.347234 0.629898
vt 0.347228 0.631531
vt 0.348249 0.632862
vt 0.347291 0.649410
vt 0.347308 0.651037
vt 0.348350 0.652372
vt 0.423786 0.633260
vt 0.426137 0.632708
vt 0.350600 0.633446
vt 0.422447 0.667590
vt 0.351782 0.667849
vt 0.427344 0.616224
vt 0.427353 0.614434
vt 0.426342 0.613105
vt 0.427160 0.631405
vt 0.427184 0.629800
vt 0.426192 0.628437
vt 0.426823 0.650850
vt 0.426870 0.649249
vt 0.425889 0.647881
vt 0.426130 0.666554
vt 0.426426 0.664587
vt 0.425517 0.662911
vt 0.423969 0.618120
vt 0.426324 0.617562
vt 0.350699 0.612587
vt 0.423993 0.612487
vt 0.348356 0.613173
vt 0.350646 0.618244
vt 0.424899 0.667898
vt 0.350870 0.662633
vt 0.423223 0.662248
vt 0.348555 0.663317
vt 0.350592 0.627963
vt 0.423870 0.627789
vt 0.348244 0.628537
vt 0.423441 0.652666
vt 0.425793 0.652130
vt 0.350616 0.647453
vt 0.423574 0.647208
vt 0.348285 0.648041
vt 0.350698 0.652929
vt 0.327926 0.684748
vt 0.327615 0.684990
vt 0.326635 0.682512
vt 0.327015 0.682412
vt 0.327313 0.685229
vt 0.455766 0.767311
vt 0.418619 0.689189
vt 0.418429 0.689687
vt 0.419098 0.688966
vt 0.439785 0.688077
vt 0.439877 0.688453
vt 0.435326 0.688955
vt 0.435300 0.688570
vt 0.439969 0.688828
vt 0.447329 0.761893
vt 0.326303 0.599042
vt 0.326101 0.615290
vt 0.325716 0.615281
vt 0.326688 0.599042
vt 0.326485 0.615298
vt 0.472484 0.777111
vt 0.338785 0.689080
vt 0.355672 0.689347
vt 0.355881 0.689845
vt 0.338798 0.688694
vt 0.355182 0.689126
vt 0.456460 0.777113
vt 0.325941 0.650493
vt 0.325556 0.650489
vt 0.326325 0.650497
vt 0.456460 0.771402
vt 0.472484 0.771400
vt 0.392236 0.777122
vt 0.389600 0.777122
vt 0.449099 0.615866
vt 0.449230 0.599042
vt 0.389599 0.771411
vt 0.392235 0.771411
vt 0.446436 0.685185
vt 0.447401 0.682617
vt 0.386262 0.777122
vt 0.443861 0.687374
vt 0.472940 0.761695
vt 0.468810 0.767407
vt 0.468810 0.761696
vt 0.464200 0.761696
vt 0.334057 0.688941
vt 0.376817 0.767321
vt 0.330024 0.687460
vt 0.368381 0.761709
vt 0.385252 0.761901
vt 0.363772 0.767420
vt 0.347561 0.599042
vt 0.330393 0.686778
vt 0.334216 0.688184
vt 0.363772 0.761709
vt 0.359642 0.767421
vt 0.642853 0.762778
vt 0.639517 0.768490
vt 0.448566 0.651021
vt 0.326576 0.665959
vt 0.639516 0.762779
vt 0.325805 0.665998
vt 0.448036 0.666450
vt 0.636881 0.768490
vt 0.636880 0.762779
vt 0.572656 0.768498
vt 0.556632 0.768500
vt 0.556631 0.762789
vt 0.326352 0.630628
vt 0.572655 0.762787
vt 0.325583 0.630612
vt 0.606087 0.768494
vt 0.448998 0.631227
vt 0.606086 0.762783
vt 0.445811 0.684718
vt 0.446643 0.682435
vt 0.443472 0.686702
vt 0.448329 0.615856
vt 0.448229 0.631208
vt 0.447267 0.666428
vt 0.447796 0.650990
vt 0.330207 0.687120
vt 0.326190 0.665978
vt 0.448461 0.599042
vt 0.448846 0.599042
vt 0.448714 0.615861
vt 0.447022 0.682532
vt 0.447652 0.666421
vt 0.446128 0.684953
vt 0.443668 0.687039
vt 0.334136 0.688563
vt 0.448614 0.631218
vt 0.448181 0.651006
vt 0.325967 0.630620
vt 0.427266 0.599042
vt 0.238711 0.857084
vt 0.237203 0.857033
vt 0.240959 0.857065
vt 0.374958 0.838847
vt 0.372655 0.838965
vt 0.376476 0.838673
vt 0.298848 0.838833
vt 0.297323 0.838688
vt 0.301135 0.838929
vt 0.371315 0.856993
vt 0.368747 0.857307
vt 0.295753 0.838455
vt 0.286686 0.869704
vt 0.285179 0.869631
vt 0.288962 0.869710
vt 0.374804 0.846172
vt 0.372501 0.846290
vt 0.376320 0.845999
vt 0.298696 0.846154
vt 0.297172 0.846009
vt 0.300982 0.846250
vt 0.099554 0.869621
vt 0.097269 0.869767
vt 0.295753 0.845803
vt 0.015087 0.864647
vt 0.013579 0.864577
vt 0.017362 0.864650
vt 0.113925 0.841064
vt 0.111622 0.841182
vt 0.115441 0.840890
vt 0.037817 0.841053
vt 0.036293 0.840908
vt 0.040103 0.841149
vt 0.259354 0.864679
vt 0.257069 0.864829
vt 0.034874 0.840702
vt 0.217977 0.871751
vt 0.218796 0.871822
vt 0.216739 0.871701
vt 0.114079 0.833738
vt 0.111776 0.833856
vt 0.115597 0.833564
vt 0.037970 0.833730
vt 0.036444 0.833584
vt 0.040257 0.833825
vt 0.176589 0.871760
vt 0.177834 0.871699
vt 0.034874 0.833352
vt 0.377281 0.842963
vt 0.126238 0.834557
vt 0.372443 0.843445
vt 0.126243 0.830983
vt 0.297498 0.843188
vt 0.201924 0.830982
vt 0.097174 0.866925
vt 0.201919 0.834556
vt 0.128364 0.835039
vt 0.125386 0.832093
vt 0.202776 0.833446
vt 0.199798 0.830500
vt 0.377578 0.835611
vt 0.536190 0.677777
vt 0.372597 0.836120
vt 0.536196 0.674053
vt 0.297653 0.835866
vt 0.611877 0.674067
vt 0.368774 0.854466
vt 0.611871 0.677792
vt 0.538316 0.678260
vt 0.535339 0.675163
vt 0.612729 0.676682
vt 0.609751 0.673584
vt 0.116402 0.837855
vt 0.296608 0.831145
vt 0.111565 0.838337
vt 0.296613 0.827571
vt 0.036620 0.838086
vt 0.372294 0.827582
vt 0.256970 0.861986
vt 0.372289 0.831155
vt 0.298734 0.831628
vt 0.295756 0.828681
vt 0.373146 0.830045
vt 0.370168 0.827099
vt 0.116699 0.830501
vt 0.301932 0.822614
vt 0.111718 0.831011
vt 0.301937 0.818890
vt 0.036774 0.830763
vt 0.377618 0.818881
vt 0.177863 0.873244
vt 0.377613 0.822606
vt 0.304058 0.823097
vt 0.301080 0.820000
vt 0.378470 0.821495
vt 0.375492 0.818399
vt 0.435351 0.689339
vt 0.423030 0.777118
vt 0.423029 0.771407
vt 0.620722 0.768492
vt 0.620721 0.762781
vt 0.408394 0.771408
vt 0.408395 0.777120
vt 0.587291 0.768496
vt 0.587290 0.762785
vt 0.441825 0.777115
vt 0.441825 0.771404
vt 0.326257 0.682600
vt 0.338774 0.689465
vt 0.325919 0.599042
vt 0.642854 0.768489
vt 0.359641 0.761710
vt 0.472940 0.767406
vt 0.386262 0.771411
vt 0.377390 0.843270
vt 0.377757 0.845791
vt 0.101034 0.869461
vt 0.100799 0.866946
vt 0.116511 0.838161
vt 0.116878 0.840682
vt 0.260834 0.864517
vt 0.260596 0.862003
vt 0.377687 0.835917
vt 0.378065 0.838439
vt 0.372829 0.856627
vt 0.372399 0.854434
vt 0.116808 0.830808
vt 0.117187 0.833329
vt 0.175783 0.871836
vt 0.175891 0.873206
vt 0.285372 0.866755
vt 0.296168 0.842960
vt 0.013768 0.861701
vt 0.035289 0.837858
vt 0.237354 0.854154
vt 0.296175 0.835616
vt 0.218632 0.873381
vt 0.035296 0.830512
vt 0.425072 0.668392
vn 0.000000 0.000004 1.000000
vn 0.000000 0.000004 1.000000
vn 0.000000 0.000004 1.000000
vn 0.000000 0.000004 1.000000
vn 0.000000 -0.000007 1.000000
vn 0.000000 -0.000007 1.000000
vn 0.000000 -0.000007 1.000000
vn 0.000000 -0.000007 1.000000
vn 0.000000 0.000000 1.000000
vn 0.000000 0.000000 1.000000
vn 0.000000 0.000000 1.000000
vn 0.000000 0.000000 1.000000
vn 0.000000 -0.382687 0.923878
vn 0.000000 -0.382686 0.923878
vn 0.000000 -0.382686 0.923878
vn 0.000000 -0.382686 0.923878
vn 0.000000 -0.923879 0.382685
vn 0.000000 -0.923880 0.382683
vn 0.000000 -0.923880 0.382683
vn 0.000000 -0.923880 0.382683
vn 0.000000 0.382686 0.923878
vn 0.000000 0.382685 0.923879
vn 0.000000 0.382685 0.923879
vn 0.000000 0.382685 0.923879
vn 0.000000 0.923880 0.382683
vn 0.000000 0.923882 0.382677
vn 0.000000 0.923882 0.382677
vn 0.000000 0.923882 0.382677
vn -0.923878 0.000000 0.382688
vn -0.923878 0.000000 0.382688
vn -0.923878 0.000000 0.382688
vn -0.923878 0.000000 0.382688
vn -0.382674 0.000000 0.923883
vn -0.382674 0.000000 0.923883
vn -0.382674 0.000000 0.923883
vn -0.382674 0.000000 0.923883
vn 0.923889 0.000000 0.382661
vn 0.923889 0.000000 0.382661
vn 0.923889 0.000000 0.382661
vn 0.923889 0.000000 0.382661
vn 0.382694 0.000000 0.923875
vn 0.382693 0.000000 0.923876
vn 0.382694 0.000000 0.923875
vn 0.382694 0.000000 0.923875
vn 0.000000 -0.382688 0.923878
vn 0.000000 -0.382680 0.923881
vn 0.000000 -0.382680 0.923881
vn 0.000000 -0.382680 0.923881
vn -0.000001 -0.923881 0.382681
vn 0.000001 -0.923886 0.382667
vn 0.000001 -0.923886 0.382667
vn 0.000001 -0.923886 0.382667
vn 0.000000 0.382680 0.923881
vn 0.000000 0.382682 0.923880
vn 0.000000 0.382682 0.923880
vn 0.000000 0.382682 0.923880
vn 0.000000 0.923880 0.382683
vn 0.000000 0.923874 0.382697
vn 0.000000 0.923874 0.382697
vn 0.000000 0.923874 0.382697
vn -0.923877 0.000000 0.382690
vn -0.923877 0.000000 0.382690
vn -0.923877 0.000000 0.382690
vn -0.923877 0.000000 0.382690
vn -0.382684 0.000000 0.923879
vn -0.382684 0.000000 0.923879
vn -0.382684 0.000000 0.923879
vn -0.382684 0.000000 0.923879
vn 0.923888 0.000000 0.382662
vn 0.923888 0.000000 0.382662
vn 0.923888 0.000000 0.382662
vn 0.923888 0.000000 0.382662
vn 0.382679 0.000000 0.923881
vn 0.382679 0.000000 0.923881
vn 0.382679 0.000000 0.923881
vn 0.382679 0.000000 0.923881
vn 0.000000 -0.382688 0.923878
vn 0.000000 -0.382686 0.923878
vn 0.000000 -0.382686 0.923878
vn 0.000000 -0.382686 0.923878
vn 0.000000 -0.923877 0.382689
vn 0.000000 -0.923880 0.382683
vn 0.000000 -0.923880 0.382683
vn 0.000000 -0.923880 0.382683
vn 0.000000 0.382689 0.923877
vn 0.000000 0.382685 0.923879
vn 0.000000 0.382685 0.923879
vn 0.000000 0.382685 0.923879
vn 0.000000 0.923877 0.382691
vn 0.000000 0.923881 0.382681
vn 0.000000 0.923881 0.382681
vn 0.000000 0.923881 0.382681
vn -0.923876 0.000000 0.382691
vn -0.923876 0.000000 0.382691
vn -0.923876 0.000000 0.382691
vn -0.923876 0.000000 0.382691
vn -0.382684 0.000000 0.923879
vn -0.382684 0.000000 0.923879
vn -0.382684 0.000000 0.923879
vn -0.382684 0.000000 0.923879
vn 0.923888 0.000000 0.382664
vn 0.923888 0.000000 0.382664
vn 0.923888 0.000000 0.382664
vn 0.923888 0.000000 0.382664
vn 0.382664 0.000000 0.923888
vn 0.382664 0.000000 0.923888
vn 0.382664 0.000000 0.923888
vn 0.382664 0.000000 0.923888
vn -0.000001 -0.382688 0.923878
vn 0.000001 -0.382686 0.923878
vn 0.000001 -0.382686 0.923878
vn 0.000001 -0.382686 0.923878
vn -0.000001 -0.923881 0.382681
vn 0.000001 -0.923880 0.382683
vn 0.000001 -0.923880 0.382683
vn 0.000001 -0.923880 0.382683
vn 0.000000 0.382683 0.923880
vn 0.000000 0.382685 0.923879
vn 0.000000 0.382685 0.923879
vn 0.000000 0.382685 0.923879
vn -0.000001 0.923880 0.382683
vn 0.000001 0.923881 0.382681
vn 0.000001 0.923881 0.382681
vn 0.000001 0.923881 0.382681
vn -0.923876 0.000000 0.382693
vn -0.923876 0.000000 0.382693
vn -0.923876 0.000000 0.382693
vn -0.923876 0.000000 0.382693
vn -0.382670 0.000000 0.923885
vn -0.382670 0.000000 0.923885
vn -0.382670 0.000000 0.923885
vn -0.382670 0.000000 0.923885
vn 0.923887 0.000000 0.382666
vn 0.923887 0.000000 0.382666
vn 0.923887 0.000000 0.382666
vn 0.923887 0.000000 0.382666
vn 0.382677 0.000000 0.923882
vn 0.382677 0.000000 0.923882
vn 0.382677 0.000000 0.923882
vn 0.382677 0.000000 0.923882
vn -0.000008 0.000000 1.000000
vn -0.000008 0.000000 1.000000
vn -0.000008 0.000000 1.000000
vn -0.000008 0.000000 1.000000
vn 0.000000 0.000000 1.000000
vn 0.000000 0.000000 1.000000
vn 0.000000 0.000000 1.000000
vn 0.000000 0.000000 1.000000
vn 0.000008 0.000000 1.000000
vn 0.000008 0.000000 1.000000
vn 0.000008 0.000000 1.000000
vn 0.000008 0.000000 1.000000
vn 0.000000 0.000000 1.000000
vn 0.000000 0.000000 1.000000
vn 0.000000 0.000000 1.000000
vn 0.000000 0.000000 1.000000
vn -0.000003 0.000000 1.000000
vn -0.000003 0.000000 1.000000
vn -0.000003 0.000000 1.000000
vn -0.000003 0.000000 1.000000
vn 0.000000 0.000000 1.000000
vn 0.000000 0.000000 1.000000
vn 0.000000 0.000000 1.000000
vn 0.000000 0.000000 1.000000
vn 0.000000 0.000000 1.000000
vn 0.000000 0.000000 1.000000
vn 0.000000 0.000000 1.000000
vn 0.000000 0.000000 1.000000
vn -0.083485 0.373468 0.923879
vn -0.083485 0.373468 0.923879
vn -0.083485 0.373468 0.923879
vn -0.083485 0.373468 0.923879
vn -0.201561 0.901626 0.382680
vn -0.201561 0.901626 0.382680
vn -0.201561 0.901626 0.382680
vn -0.201561 0.901626 0.382680
vn -0.303583 -0.233002 0.923876
vn -0.303583 -0.233002 0.923876
vn -0.303583 -0.233002 0.923876
vn -0.303583 -0.233002 0.923876
vn -0.732897 -0.562506 0.382686
vn -0.732897 -0.562506 0.382686
vn -0.732897 -0.562506 0.382686
vn -0.732897 -0.562506 0.382686
vn 0.303590 0.232990 0.923877
vn 0.303590 0.232990 0.923877
vn 0.303590 0.232990 0.923877
vn 0.303590 0.232990 0.923877
vn 0.732920 0.562491 0.382664
vn 0.732920 0.562491 0.382664
vn 0.732920 0.562491 0.382664
vn 0.732920 0.562491 0.382664
vn 0.083496 -0.373466 0.923879
vn 0.083496 -0.373466 0.923879
vn 0.083496 -0.373466 0.923879
vn 0.083496 -0.373466 0.923879
vn 0.201567 -0.901623 0.382683
vn 0.201567 -0.901624 0.382682
vn 0.201567 -0.901624 0.382682
vn 0.201567 -0.901623 0.382683
vn -0.083485 0.373468 0.923879
vn -0.083485 0.373468 0.923879
vn -0.083485 0.373468 0.923879
vn -0.083485 0.373468 0.923879
vn -0.201552 0.901631 0.382672
vn -0.201552 0.901631 0.382672
vn -0.201552 0.901631 0.382672
vn -0.201552 0.901631 0.382672
vn -0.303587 -0.232992 0.923878
vn -0.303587 -0.232992 0.923878
vn -0.303587 -0.232992 0.923878
vn -0.303587 -0.232992 0.923878
vn -0.732917 -0.562488 0.382674
vn -0.732917 -0.562488 0.382674
vn -0.732917 -0.562488 0.382674
vn -0.732917 -0.562488 0.382674
vn 0.303579 0.232994 0.923880
vn 0.303579 0.232994 0.923880
vn 0.303579 0.232994 0.923880
vn 0.303579 0.232994 0.923880
vn 0.732914 0.562497 0.382666
vn 0.732914 0.562498 0.382666
vn 0.732914 0.562498 0.382666
vn 0.732914 0.562498 0.382666
vn 0.083485 -0.373465 0.923880
vn 0.083485 -0.373465 0.923880
vn 0.083485 -0.373465 0.923880
vn 0.083485 -0.373465 0.923880
vn 0.201540 -0.901632 0.382677
vn 0.201540 -0.901632 0.382677
vn 0.201540 -0.901632 0.382677
vn 0.201540 -0.901632 0.382677
vn -0.083490 0.373468 0.923878
vn -0.083490 0.373468 0.923878
vn -0.083490 0.373468 0.923878
vn -0.083490 0.373468 0.923878
vn -0.201565 0.901622 0.382687
vn -0.201565 0.901622 0.382687
vn -0.201565 0.901622 0.382687
vn -0.201565 0.901622 0.382687
vn -0.303582 -0.233001 0.923877
vn -0.303582 -0.233001 0.923877
vn -0.303582 -0.233001 0.923877
vn -0.303582 -0.233001 0.923877
vn -0.732899 -0.562508 0.382680
vn -0.732899 -0.562508 0.382680
vn -0.732899 -0.562508 0.382680
vn -0.732899 -0.562508 0.382680
vn 0.303582 0.232996 0.923878
vn 0.303582 0.232996 0.923878
vn 0.303582 0.232996 0.923878
vn 0.303582 0.232996 0.923878
vn 0.732913 0.562497 0.382669
vn 0.732913 0.562497 0.382669
vn 0.732913 0.562497 0.382669
vn 0.732913 0.562497 0.382669
vn 0.083491 -0.373468 0.923878
vn 0.083491 -0.373468 0.923878
vn 0.083491 -0.373468 0.923878
vn 0.083491 -0.373468 0.923878
vn 0.201562 -0.901624 0.382683
vn 0.201562 -0.901624 0.382683
vn 0.201562 -0.901624 0.382683
vn 0.201562 -0.901624 0.382683
vn -0.083494 0.373465 0.923879
vn -0.083494 0.373465 0.923879
vn -0.083494 0.373465 0.923879
vn -0.083494 0.373465 0.923879
vn -0.201559 0.901620 0.382696
vn -0.201559 0.901620 0.382696
vn -0.201559 0.901620 0.382696
vn -0.201559 0.901620 0.382696
vn -0.303576 -0.232997 0.923880
vn -0.303576 -0.232997 0.923880
vn -0.303576 -0.232997 0.923880
vn -0.303576 -0.232997 0.923880
vn -0.732912 -0.562496 0.382672
vn -0.732912 -0.562496 0.382672
vn -0.732912 -0.562496 0.382672
vn -0.732912 -0.562496 0.382672
vn 0.303584 0.232997 0.923877
vn 0.303584 0.232997 0.923877
vn 0.303584 0.232997 0.923877
vn 0.303584 0.232997 0.923877
vn 0.732905 0.562502 0.382676
vn 0.732905 0.562502 0.382676
vn 0.732905 0.562502 0.382676
vn 0.732905 0.562502 0.382676
vn 0.083485 -0.373465 0.923880
vn 0.083485 -0.373465 0.923880
vn 0.083485 -0.373465 0.923880
vn 0.083485 -0.373465 0.923880
vn 0.201559 -0.901628 0.382675
vn 0.201559 -0.901629 0.382675
vn 0.201559 -0.901628 0.382675
vn 0.201559 -0.901628 0.382675
vn -0.201561 -0.901626 0.382680
vn -0.201561 -0.901626 0.382680
vn -0.201561 -0.901626 0.382680
vn -0.201561 -0.901626 0.382680
vn -0.083485 -0.373468 0.923879
vn -0.083485 -0.373468 0.923879
vn -0.083485 -0.373468 0.923879
vn -0.083485 -0.373468 0.923879
vn -0.732910 0.562494 0.382678
vn -0.732910 0.562494 0.382678
vn -0.732910 0.562494 0.382678
vn -0.732910 0.562494 0.382678
vn -0.303576 0.232998 0.923880
vn -0.303576 0.232998 0.923880
vn -0.303576 0.232998 0.923880
vn -0.303576 0.232998 0.923880
vn 0.201563 0.901628 0.382675
vn 0.201563 0.901628 0.382675
vn 0.201563 0.901628 0.382675
vn 0.201563 0.901628 0.382675
vn 0.083481 0.373467 0.923880
vn 0.083481 0.373467 0.923880
vn 0.083481 0.373467 0.923880
vn 0.083481 0.373467 0.923880
vn 0.732914 -0.562498 0.382666
vn 0.732914 -0.562498 0.382666
vn 0.732914 -0.562497 0.382666
vn 0.732914 -0.562498 0.382666
vn 0.303582 -0.232996 0.923878
vn 0.303582 -0.232996 0.923878
vn 0.303582 -0.232996 0.923878
vn 0.303582 -0.232996 0.923878
vn -0.201539 -0.901634 0.382673
vn -0.201539 -0.901634 0.382673
vn -0.201539 -0.901634 0.382673
vn -0.201539 -0.901634 0.382673
vn -0.083485 -0.373468 0.923879
vn -0.083485 -0.373468 0.923879
vn -0.083485 -0.373468 0.923879
vn -0.083485 -0.373468 0.923879
vn -0.732912 0.562507 0.382658
vn -0.732912 0.562507 0.382658
vn -0.732912 0.562507 0.382658
vn -0.732912 0.562507 0.382658
vn -0.303579 0.232999 0.923878
vn -0.303579 0.232999 0.923878
vn -0.303579 0.232999 0.923878
vn -0.303579 0.232999 0.923878
vn 0.201556 0.901636 0.382659
vn 0.201556 0.901636 0.382659
vn 0.201556 0.901636 0.382659
vn 0.201556 0.901636 0.382659
vn 0.083485 0.373465 0.923880
vn 0.083485 0.373465 0.923880
vn 0.083485 0.373465 0.923880
vn 0.083485 0.373465 0.923880
vn 0.732926 -0.562484 0.382664
vn 0.732926 -0.562484 0.382664
vn 0.732926 -0.562484 0.382664
vn 0.732926 -0.562484 0.382664
vn 0.303577 -0.232992 0.923881
vn 0.303577 -0.232992 0.923881
vn 0.303577 -0.232992 0.923881
vn 0.303577 -0.232992 0.923881
vn -0.201559 -0.901620 0.382696
vn -0.201559 -0.901620 0.382696
vn -0.201559 -0.901620 0.382696
vn -0.201559 -0.901620 0.382696
vn -0.083496 -0.373471 0.923877
vn -0.083496 -0.373471 0.923877
vn -0.083496 -0.373471 0.923877
vn -0.083496 -0.373471 0.923877
vn -0.732907 0.562503 0.382673
vn -0.732907 0.562503 0.382673
vn -0.732907 0.562503 0.382673
vn -0.732907 0.562503 0.382673
vn -0.303580 0.233000 0.923878
vn -0.303580 0.233000 0.923878
vn -0.303580 0.233000 0.923878
vn -0.303580 0.233000 0.923878
vn 0.201566 0.901620 0.382691
vn 0.201566 0.901620 0.382691
vn 0.201566 0.901620 0.382691
vn 0.201566 0.901620 0.382691
vn 0.083492 0.373472 0.923877
vn 0.083492 0.373472 0.923877
vn 0.083492 0.373472 0.923877
vn 0.083492 0.373472 0.923877
vn 0.732907 -0.562504 0.382670
vn 0.732907 -0.562504 0.382670
vn 0.732907 -0.562504 0.382670
vn 0.732907 -0.562504 0.382670
vn 0.303584 -0.232997 0.923877
vn 0.303584 -0.232997 0.923877
vn 0.303584 -0.232997 0.923877
vn 0.303584 -0.232997 0.923877
vn -0.201556 -0.901624 0.382688
vn -0.201556 -0.901624 0.382688
vn -0.201556 -0.901624 0.382688
vn -0.201555 -0.901624 0.382688
vn -0.083485 -0.373468 0.923879
vn -0.083485 -0.373468 0.923879
vn -0.083485 -0.373468 0.923879
vn -0.083485 -0.373468 0.923879
vn -0.732897 0.562506 0.382686
vn -0.732897 0.562506 0.382686
vn -0.732897 0.562506 0.382686
vn -0.732897 0.562506 0.382686
vn -0.303583 0.233002 0.923876
vn -0.303583 0.233002 0.923876
vn -0.303583 0.233002 0.923876
vn -0.303583 0.233002 0.923876
vn 0.201562 0.901621 0.382691
vn 0.201562 0.901621 0.382691
vn 0.201562 0.901621 0.382691
vn 0.201562 0.901621 0.382691
vn 0.083491 0.373468 0.923878
vn 0.083491 0.373468 0.923878
vn 0.083491 0.373468 0.923878
vn 0.083491 0.373468 0.923878
vn 0.732921 -0.562492 0.382662
vn 0.732921 -0.562492 0.382662
vn 0.732921 -0.562492 0.382662
vn 0.732921 -0.562492 0.382662
vn 0.303562 -0.232993 0.923885
vn 0.303562 -0.232993 0.923885
vn 0.303562 -0.232993 0.923885
vn 0.303562 -0.232993 0.923885
vn 0.000000 0.000000 1.000000
vn 0.000000 0.000000 1.000000
vn 0.000000 0.000000 1.000000
vn 0.000000 0.000000 1.000000
vn 0.000000 0.000000 1.000000
vn 0.000000 0.000000 1.000000
vn 0.000000 0.000000 1.000000
vn -0.000002 0.000000 1.000000
vn -0.000002 0.000000 1.000000
vn -0.000002 0.000000 1.000000
vn -0.000002 0.000000 1.000000
vn 0.000000 0.000000 1.000000
vn 0.000000 0.000000 1.000000
vn 0.000000 0.000000 1.000000
vn 0.000000 0.000000 1.000000
vn 0.000000 0.000000 1.000000
vn 0.000000 0.000000 1.000000
vn 0.000000 0.000000 1.000000
vn 0.000000 0.000000 1.000000
vn 0.000000 0.000000 1.000000
vn 0.000000 0.000000 1.000000
vn 0.000000 0.000000 1.000000
vn 0.000000 0.000000 1.000000
vn 0.000003 0.000000 1.000000
vn 0.000000 0.000000 1.000000
vn 0.000000 0.000000 1.000000
vn 0.000000 0.000000 1.000000
vn 0.000000 0.000000 1.000000
vn 0.000000 0.000000 1.000000
vn 0.000000 -1.000000 0.000000
vn 0.000000 -1.000000 0.000000
vn 0.000000 -1.000000 0.000000
vn 0.000000 -1.000000 0.000000
vn 0.000000 1.000000 0.000000
vn 0.000000 1.000000 0.000000
vn 0.000000 1.000000 0.000000
vn 0.000000 1.000000 0.000000
vn -1.000000 0.000000 0.000000
vn -1.000000 0.000000 0.000000
vn -1.000000 0.000000 0.000000
vn -1.000000 0.000000 0.000000
vn 1.000000 0.000000 0.000000
vn 1.000000 0.000000 0.000000
vn 1.000000 0.000000 0.000000
vn 1.000000 0.000000 0.000000
vn -0.000001 -1.000000 0.000000
vn 0.000001 -1.000000 0.000000
vn -0.000001 -1.000000 0.000000
vn -0.000001 -1.000000 0.000000
vn 0.000000 1.000000 0.000000
vn 0.000000 1.000000 0.000000
vn 0.000000 1.000000 0.000000
vn 0.000000 1.000000 0.000000
vn -1.000000 0.000000 0.000000
vn -1.000000 0.000000 0.000000
vn -1.000000 0.000000 0.000000
vn -1.000000 0.000000 0.000000
vn 1.000000 0.000000 0.000000
vn 1.000000 0.000000 0.000000
vn 1.000000 0.000000 0.000000
vn 1.000000 0.000000 0.000000
vn 0.000000 -1.000000 0.000000
vn 0.000000 -1.000000 0.000000
vn 0.000000 -1.000000 0.000000
vn 0.000000 -1.000000 0.000000
vn 0.000000 1.000000 0.000000
vn 0.000000 1.000000 0.000000
vn 0.000000 1.000000 0.000000
vn 0.000000 1.000000 0.000000
vn -1.000000 0.000000 0.000000
vn -1.000000 0.000000 0.000000
vn -1.000000 0.000000 0.000000
vn -1.000000 0.000000 0.000000
vn 1.000000 0.000000 0.000000
vn 1.000000 0.000000 0.000000
vn 1.000000 0.000000 0.000000
vn 1.000000 0.000000 0.000000
vn -0.000001 -1.000000 0.000000
vn 0.000001 -1.000000 0.000000
vn -0.000001 -1.000000 0.000000
vn -0.000001 -1.000000 0.000000
vn -0.000001 1.000000 0.000000
vn -0.000001 1.000000 0.000000
vn 0.000001 1.000000 0.000000
vn 0.000001 1.000000 0.000000
vn -1.000000 0.000000 0.000000
vn -1.000000 0.000000 0.000000
vn -1.000000 0.000000 0.000000
vn -1.000000 0.000000 0.000000
vn 1.000000 0.000000 0.000000
vn 1.000000 0.000000 0.000000
vn 1.000000 0.000000 0.000000
vn 1.000000 0.000000 0.000000
vn -0.793283 -0.608853 0.000000
vn -0.793283 -0.608853 0.000000
vn -0.793283 -0.608853 0.000000
vn -0.793283 -0.608853 0.000000
vn -0.218173 -0.975910 0.000000
vn -0.218173 -0.975910 0.000000
vn -0.218173 -0.975910 0.000000
vn -0.218173 -0.975910 0.000000
vn -0.218164 0.975912 0.000000
vn -0.218164 0.975912 0.000000
vn -0.218164 0.975912 0.000000
vn -0.218164 0.975912 0.000000
vn -0.793288 0.608847 0.000000
vn -0.793288 0.608847 0.000000
vn -0.793288 0.608847 0.000000
vn -0.793288 0.608847 0.000000
vn 0.793293 0.608840 0.000000
vn 0.793293 0.608840 0.000000
vn 0.793293 0.608840 0.000000
vn 0.793293 0.608840 0.000000
vn 0.218165 0.975912 0.000000
vn 0.218165 0.975912 0.000000
vn 0.218165 0.975912 0.000000
vn 0.218165 0.975912 0.000000
vn 0.218175 -0.975910 0.000000
vn 0.218175 -0.975910 0.000000
vn 0.218175 -0.975910 0.000000
vn 0.218175 -0.975910 0.000000
vn 0.793288 -0.608846 0.000000
vn 0.793288 -0.608846 0.000000
vn 0.793288 -0.608846 0.000000
vn 0.793288 -0.608846 0.000000
vn -0.793293 -0.608840 0.000000
vn -0.793293 -0.608840 0.000000
vn -0.793293 -0.608840 0.000000
vn -0.793293 -0.608840 0.000000
vn -0.218146 -0.975916 0.000000
vn -0.218146 -0.975916 0.000000
vn -0.218146 -0.975916 0.000000
vn -0.218146 -0.975916 0.000000
vn -0.218157 0.975914 0.000000
vn -0.218157 0.975914 0.000000
vn -0.218157 0.975914 0.000000
vn -0.218157 0.975914 0.000000
vn -0.793283 0.608853 0.000000
vn -0.793283 0.608853 0.000000
vn -0.793283 0.608853 0.000000
vn -0.793283 0.608853 0.000000
vn 0.793288 0.608846 0.000000
vn 0.793288 0.608846 0.000000
vn 0.793288 0.608846 0.000000
vn 0.793288 0.608846 0.000000
vn 0.218158 0.975913 0.000000
vn 0.218158 0.975913 0.000000
vn 0.218158 0.975913 0.000000
vn 0.218158 0.975913 0.000000
vn 0.218148 -0.975916 0.000000
vn 0.218148 -0.975916 0.000000
vn 0.218148 -0.975916 0.000000
vn 0.218148 -0.975916 0.000000
vn 0.793298 -0.608833 0.000000
vn 0.793298 -0.608833 0.000000
vn 0.793298 -0.608833 0.000000
vn 0.793298 -0.608833 0.000000
vn -0.793283 -0.608853 0.000000
vn -0.793283 -0.608853 0.000000
vn -0.793283 -0.608853 0.000000
vn -0.793283 -0.608853 0.000000
vn -0.218173 -0.975910 0.000000
vn -0.218173 -0.975910 0.000000
vn -0.218173 -0.975910 0.000000
vn -0.218173 -0.975910 0.000000
vn -0.218172 0.975910 0.000000
vn -0.218172 0.975910 0.000000
vn -0.218172 0.975910 0.000000
vn -0.218172 0.975910 0.000000
vn -0.793284 0.608852 0.000000
vn -0.793284 0.608852 0.000000
vn -0.793284 0.608852 0.000000
vn -0.793284 0.608852 0.000000
vn 0.793289 0.608845 0.000000
vn 0.793289 0.608845 0.000000
vn 0.793289 0.608845 0.000000
vn 0.793289 0.608845 0.000000
vn 0.218174 0.975910 0.000000
vn 0.218174 0.975910 0.000000
vn 0.218174 0.975910 0.000000
vn 0.218174 0.975910 0.000000
vn 0.218175 -0.975910 0.000000
vn 0.218175 -0.975910 0.000000
vn 0.218175 -0.975910 0.000000
vn 0.218175 -0.975910 0.000000
vn 0.793288 -0.608846 0.000000
vn 0.793288 -0.608846 0.000000
vn 0.793288 -0.608846 0.000000
vn 0.793288 -0.608846 0.000000
vn -0.793288 -0.608847 0.000000
vn -0.793288 -0.608847 0.000000
vn -0.793288 -0.608847 0.000000
vn -0.793288 -0.608847 0.000000
vn -0.218159 -0.975913 0.000000
vn -0.218159 -0.975913 0.000000
vn -0.218159 -0.975913 0.000000
vn -0.218159 -0.975913 0.000000
vn -0.218170 0.975911 0.000000
vn -0.218170 0.975911 0.000000
vn -0.218170 0.975911 0.000000
vn -0.218170 0.975911 0.000000
vn -0.793281 0.608856 0.000000
vn -0.793281 0.608856 0.000000
vn -0.793281 0.608856 0.000000
vn -0.793281 0.608856 0.000000
vn 0.793286 0.608849 0.000000
vn 0.793286 0.608849 0.000000
vn 0.793286 0.608849 0.000000
vn 0.793286 0.608849 0.000000
vn 0.218171 0.975911 0.000000
vn 0.218171 0.975911 0.000000
vn 0.218171 0.975911 0.000000
vn 0.218171 0.975911 0.000000
vn 0.218160 -0.975913 0.000000
vn 0.218160 -0.975913 0.000000
vn 0.218160 -0.975913 0.000000
vn 0.218160 -0.975913 0.000000
vn 0.793293 -0.608840 0.000000
vn 0.793293 -0.608840 0.000000
vn 0.793293 -0.608840 0.000000
vn 0.793293 -0.608840 0.000000
vn 0.382680 0.000000 0.923881
vn 0.382680 0.000000 0.923881
vn 0.382680 0.000000 0.923881
vn 0.382680 0.000000 0.923881
vn 0.923876 0.000000 0.382692
vn 0.923876 0.000000 0.382692
vn 0.923876 0.000000 0.382692
vn 0.923876 0.000000 0.382692
vn 0.303582 -0.233001 0.923877
vn 0.303582 -0.233001 0.923877
vn 0.303582 -0.233001 0.923877
vn 0.303582 -0.233001 0.923877
vn 0.732898 -0.562498 0.382696
vn 0.732898 -0.562498 0.382696
vn 0.732898 -0.562498 0.382696
vn 0.732898 -0.562498 0.382696
vn 0.382706 0.000000 0.923870
vn 0.382705 0.000000 0.923871
vn 0.382705 0.000000 0.923871
vn 0.382706 0.000000 0.923870
vn 0.923876 0.000000 0.382693
vn 0.923876 0.000000 0.382693
vn 0.923876 0.000000 0.382693
vn 0.923876 0.000000 0.382693
vn 0.303597 -0.232996 0.923873
vn 0.303597 -0.232996 0.923873
vn 0.303597 -0.232996 0.923873
vn 0.303597 -0.232996 0.923873
vn 0.732906 -0.562485 0.382700
vn 0.732906 -0.562485 0.382700
vn 0.732906 -0.562485 0.382700
vn 0.732906 -0.562485 0.382700
vn 0.382685 0.000000 0.923879
vn 0.382685 0.000000 0.923879
vn 0.382685 0.000000 0.923879
vn 0.382685 0.000000 0.923879
vn 0.923877 0.000000 0.382690
vn 0.923877 0.000000 0.382690
vn 0.923877 0.000000 0.382690
vn 0.923877 0.000000 0.382690
vn 0.303582 -0.233001 0.923877
vn 0.303582 -0.233001 0.923877
vn 0.303582 -0.233001 0.923877
vn 0.303582 -0.233001 0.923877
vn 0.732898 -0.562498 0.382696
vn 0.732898 -0.562498 0.382696
vn 0.732898 -0.562498 0.382696
vn 0.732898 -0.562498 0.382696
vn 0.382685 0.000000 0.923879
vn 0.382685 0.000000 0.923879
vn 0.382685 0.000000 0.923879
vn 0.382685 0.000000 0.923879
vn 0.923876 0.000000 0.382691
vn 0.923876 0.000000 0.382691
vn 0.923876 0.000000 0.382691
vn 0.923876 0.000000 0.382691
vn 0.303600 -0.232998 0.923872
vn 0.303600 -0.232998 0.923872
vn 0.303600 -0.232998 0.923872
vn 0.303600 -0.232998 0.923872
vn 0.732906 -0.562485 0.382700
vn 0.732906 -0.562485 0.382700
vn 0.732906 -0.562485 0.382700
vn 0.732906 -0.562485 0.382700
vn 0.000000 -0.382693 0.923876
vn 0.000000 -0.382693 0.923876
vn 0.000000 -0.382693 0.923876
vn 0.000000 -0.382693 0.923876
vn 0.000000 -0.923878 0.382688
vn 0.000000 -0.923878 0.382688
vn 0.000000 -0.923879 0.382686
vn 0.000000 -0.923879 0.382686
vn -0.083502 -0.373476 0.923874
vn -0.083502 -0.373476 0.923874
vn -0.083502 -0.373476 0.923874
vn -0.083502 -0.373476 0.923874
vn -0.201565 -0.901627 0.382676
vn -0.201565 -0.901627 0.382676
vn -0.201565 -0.901627 0.382676
vn -0.201565 -0.901627 0.382676
vn 0.000000 -0.382688 0.923878
vn 0.000000 -0.382688 0.923878
vn 0.000000 -0.382695 0.923875
vn 0.000000 -0.382695 0.923875
vn 0.000000 -0.923881 0.382681
vn 0.000000 -0.923881 0.382681
vn -0.000001 -0.923876 0.382693
vn -0.000001 -0.923876 0.382693
vn -0.382679 0.000000 0.923881
vn -0.382679 0.000000 0.923881
vn -0.382679 0.000000 0.923881
vn -0.382679 0.000000 0.923881
vn -0.923876 0.000000 0.382692
vn -0.923876 0.000000 0.382692
vn -0.923876 0.000000 0.382692
vn -0.923876 0.000000 0.382692
vn -0.303594 0.233000 0.923873
vn -0.303594 0.233000 0.923873
vn -0.303594 0.233000 0.923873
vn -0.303594 0.233000 0.923873
vn -0.732905 0.562494 0.382690
vn -0.732905 0.562494 0.382690
vn -0.732905 0.562494 0.382690
vn -0.732905 0.562494 0.382690
vn -0.382704 0.000000 0.923871
vn -0.382704 0.000000 0.923871
vn -0.382704 0.000000 0.923871
vn -0.382704 0.000000 0.923871
vn -0.923877 0.000000 0.382690
vn -0.923877 0.000000 0.382690
vn -0.923877 0.000000 0.382690
vn -0.923877 0.000000 0.382690
vn -0.303578 0.233005 0.923877
vn -0.303578 0.233005 0.923877
vn -0.303578 0.233005 0.923877
vn -0.303578 0.233005 0.923877
vn -0.732900 0.562499 0.382691
vn -0.732900 0.562499 0.382691
vn -0.732900 0.562499 0.382691
vn -0.732900 0.562499 0.382691
vn -0.382684 0.000000 0.923879
vn -0.382684 0.000000 0.923879
vn -0.382684 0.000000 0.923879
vn -0.382684 0.000000 0.923879
vn -0.923876 0.000000 0.382691
vn -0.923876 0.000000 0.382691
vn -0.923876 0.000000 0.382691
vn -0.923876 0.000000 0.382691
vn -0.303578 0.233005 0.923877
vn -0.303578 0.233005 0.923877
vn -0.303578 0.233005 0.923877
vn -0.303578 0.233005 0.923877
vn -0.732894 0.562504 0.382694
vn -0.732894 0.562504 0.382694
vn -0.732894 0.562504 0.382694
vn -0.732894 0.562504 0.382694
vn -0.382704 0.000000 0.923871
vn -0.382704 0.000000 0.923871
vn -0.382704 0.000000 0.923871
vn -0.382704 0.000000 0.923871
vn -0.923879 0.000000 0.382685
vn -0.923879 0.000000 0.382685
vn -0.923879 0.000000 0.382685
vn -0.923879 0.000000 0.382685
vn -0.303603 0.233007 0.923869
vn -0.303603 0.233007 0.923869
vn -0.303603 0.233007 0.923869
vn -0.303603 0.233007 0.923869
vn -0.732888 0.562499 0.382715
vn -0.732888 0.562499 0.382715
vn -0.732888 0.562499 0.382715
vn -0.732888 0.562499 0.382715
vn 0.000000 -0.382693 0.923876
vn 0.000000 -0.382693 0.923876
vn 0.000000 -0.382694 0.923875
vn 0.000000 -0.382694 0.923875
vn 0.000000 -0.923879 0.382684
vn 0.000000 -0.923879 0.382684
vn 0.000000 -0.923879 0.382686
vn 0.000000 -0.923879 0.382686
vn -0.083498 -0.373476 0.923874
vn -0.083498 -0.373476 0.923874
vn -0.083498 -0.373476 0.923874
vn -0.083498 -0.373476 0.923874
vn -0.201564 -0.901622 0.382687
vn -0.201564 -0.901622 0.382687
vn -0.201564 -0.901622 0.382687
vn -0.201564 -0.901622 0.382687
vn 0.000000 0.382694 0.923875
vn 0.000000 0.382694 0.923875
vn 0.000000 0.382693 0.923876
vn 0.000000 0.382693 0.923876
vn 0.000000 0.923877 0.382689
vn 0.000000 0.923877 0.382689
vn 0.000000 0.923877 0.382690
vn 0.000000 0.923878 0.382688
vn 0.083491 0.373477 0.923875
vn 0.083491 0.373477 0.923875
vn 0.083491 0.373477 0.923875
vn 0.083491 0.373477 0.923875
vn 0.201557 0.901623 0.382690
vn 0.201557 0.901623 0.382690
vn 0.201557 0.901623 0.382690
vn 0.201557 0.901623 0.382690
vn -0.083481 -0.373471 0.923878
vn -0.083481 -0.373471 0.923878
vn -0.083481 -0.373471 0.923878
vn -0.083481 -0.373471 0.923878
vn -0.201541 -0.901631 0.382678
vn -0.201541 -0.901631 0.382678
vn -0.201541 -0.901631 0.382678
vn -0.201541 -0.901631 0.382678
vn 0.000000 0.382690 0.923877
vn 0.000000 0.382690 0.923877
vn 0.000000 0.382688 0.923878
vn 0.000000 0.382688 0.923878
vn 0.000000 0.923881 0.382679
vn 0.000000 0.923881 0.382679
vn 0.000000 0.923881 0.382679
vn 0.000000 0.923881 0.382681
vn 0.083490 0.373474 0.923876
vn 0.083490 0.373474 0.923876
vn 0.083490 0.373474 0.923876
vn 0.083490 0.373474 0.923876
vn 0.201549 0.901623 0.382694
vn 0.201549 0.901623 0.382694
vn 0.201549 0.901623 0.382694
vn 0.201549 0.901623 0.382694
vn 0.000000 0.382695 0.923875
vn 0.000000 0.382695 0.923875
vn 0.000000 0.382693 0.923876
vn 0.000000 0.382693 0.923876
vn 0.000000 0.923878 0.382686
vn 0.000000 0.923878 0.382686
vn 0.000000 0.923879 0.382686
vn 0.000000 0.923881 0.382681
vn 0.083498 0.373476 0.923874
vn 0.083498 0.373476 0.923874
vn 0.083498 0.373476 0.923874
vn 0.083498 0.373476 0.923874
vn 0.201561 0.901623 0.382686
vn 0.201561 0.901623 0.382686
vn 0.201561 0.901623 0.382686
vn 0.201561 0.901623 0.382686
vn 0.000001 -0.382688 0.923878
vn 0.000001 -0.382688 0.923878
vn 0.000000 -0.382690 0.923877
vn 0.000000 -0.382690 0.923877
vn 0.000001 -0.923881 0.382681
vn 0.000001 -0.923881 0.382681
vn -0.000001 -0.923876 0.382693
vn -0.000001 -0.923876 0.382693
vn -0.083486 -0.373477 0.923875
vn -0.083486 -0.373477 0.923875
vn -0.083486 -0.373477 0.923875
vn -0.083486 -0.373477 0.923875
vn -0.201555 -0.901622 0.382691
vn -0.201556 -0.901622 0.382691
vn -0.201556 -0.901622 0.382691
vn -0.201556 -0.901622 0.382691
vn 0.000000 0.382693 0.923876
vn 0.000000 0.382693 0.923876
vn 0.000000 0.382691 0.923877
vn 0.000000 0.382691 0.923877
vn 0.000001 0.923878 0.382686
vn 0.000001 0.923878 0.382686
vn 0.000001 0.923879 0.382686
vn -0.000001 0.923881 0.382681
vn 0.083490 0.373474 0.923876
vn 0.083490 0.373474 0.923876
vn 0.083490 0.373474 0.923876
vn 0.083490 0.373474 0.923876
vn 0.201565 0.901623 0.382685
vn 0.201565 0.901623 0.382686
vn 0.201565 0.901623 0.382685
vn 0.201565 0.901623 0.382685
vn -0.732894 -0.562504 0.382694
vn -0.732894 -0.562504 0.382694
vn -0.732894 -0.562504 0.382694
vn -0.732894 -0.562504 0.382694
vn -0.303589 -0.233005 0.923874
vn -0.303589 -0.233005 0.923874
vn -0.303589 -0.233005 0.923874
vn -0.303589 -0.233005 0.923874
vn -0.201556 0.901624 0.382687
vn -0.201556 0.901624 0.382687
vn -0.201556 0.901624 0.382687
vn -0.201556 0.901624 0.382687
vn -0.083494 0.373475 0.923875
vn -0.083494 0.373475 0.923875
vn -0.083494 0.373475 0.923875
vn -0.083494 0.373475 0.923875
vn 0.732902 0.562492 0.382698
vn 0.732902 0.562492 0.382698
vn 0.732902 0.562492 0.382698
vn 0.732902 0.562492 0.382698
vn 0.303600 0.232998 0.923872
vn 0.303600 0.232998 0.923872
vn 0.303600 0.232998 0.923872
vn 0.303600 0.232998 0.923872
vn 0.201569 -0.901620 0.382689
vn 0.201569 -0.901620 0.382689
vn 0.201569 -0.901620 0.382689
vn 0.201569 -0.901620 0.382689
vn 0.083495 -0.373477 0.923874
vn 0.083495 -0.373477 0.923874
vn 0.083495 -0.373477 0.923874
vn 0.083495 -0.373477 0.923874
vn -0.732902 -0.562492 0.382698
vn -0.732902 -0.562492 0.382698
vn -0.732902 -0.562492 0.382698
vn -0.732902 -0.562492 0.382698
vn -0.303616 -0.233001 0.923866
vn -0.303616 -0.233001 0.923866
vn -0.303616 -0.233001 0.923866
vn -0.303616 -0.233001 0.923866
vn -0.201549 0.901630 0.382678
vn -0.201549 0.901630 0.382678
vn -0.201549 0.901630 0.382678
vn -0.201549 0.901630 0.382678
vn -0.083490 0.373477 0.923875
vn -0.083490 0.373477 0.923875
vn -0.083490 0.373477 0.923875
vn -0.083490 0.373477 0.923875
vn 0.732898 0.562498 0.382696
vn 0.732898 0.562498 0.382696
vn 0.732898 0.562498 0.382696
vn 0.732898 0.562498 0.382696
vn 0.303590 0.232999 0.923875
vn 0.303590 0.232999 0.923875
vn 0.303590 0.232999 0.923875
vn 0.303590 0.232999 0.923875
vn 0.201541 -0.901624 0.382694
vn 0.201541 -0.901624 0.382694
vn 0.201541 -0.901624 0.382694
vn 0.201541 -0.901624 0.382694
vn 0.083482 -0.373474 0.923877
vn 0.083482 -0.373474 0.923877
vn 0.083482 -0.373474 0.923877
vn 0.083482 -0.373474 0.923877
vn -0.732894 -0.562504 0.382694
vn -0.732894 -0.562504 0.382694
vn -0.732894 -0.562504 0.382694
vn -0.732894 -0.562504 0.382694
vn -0.303588 -0.233004 0.923874
vn -0.303588 -0.233004 0.923874
vn -0.303588 -0.233004 0.923874
vn -0.303588 -0.233004 0.923874
vn -0.201560 0.901625 0.382684
vn -0.201560 0.901625 0.382684
vn -0.201560 0.901625 0.382684
vn -0.201560 0.901625 0.382684
vn -0.083493 0.373471 0.923877
vn -0.083493 0.373471 0.923877
vn -0.083493 0.373471 0.923877
vn -0.083493 0.373471 0.923877
vn 0.732904 0.562493 0.382693
vn 0.732904 0.562493 0.382693
vn 0.732904 0.562493 0.382693
vn 0.732904 0.562493 0.382693
vn 0.303582 0.233001 0.923877
vn 0.303582 0.233001 0.923877
vn 0.303582 0.233001 0.923877
vn 0.303582 0.233001 0.923877
vn 0.201564 -0.901620 0.382692
vn 0.201564 -0.901620 0.382692
vn 0.201564 -0.901620 0.382692
vn 0.201564 -0.901620 0.382692
vn 0.083495 -0.373477 0.923874
vn 0.083495 -0.373477 0.923874
vn 0.083495 -0.373477 0.923874
vn 0.083495 -0.373477 0.923874
vn -0.732902 -0.562492 0.382698
vn -0.732902 -0.562492 0.382698
vn -0.732902 -0.562492 0.382698
vn -0.732902 -0.562492 0.382698
vn -0.303598 -0.233003 0.923871
vn -0.303598 -0.233003 0.923871
vn -0.303598 -0.233003 0.923871
vn -0.303598 -0.233003 0.923871
vn -0.201563 0.901621 0.382690
vn -0.201563 0.901621 0.382690
vn -0.201563 0.901621 0.382690
vn -0.201563 0.901621 0.382690
vn -0.083490 0.373477 0.923875
vn -0.083490 0.373477 0.923875
vn -0.083490 0.373477 0.923875
vn -0.083490 0.373477 0.923875
vn 0.732898 0.562498 0.382696
vn 0.732898 0.562498 0.382696
vn 0.732898 0.562498 0.382696
vn 0.732898 0.562498 0.382696
vn 0.303603 0.233000 0.923870
vn 0.303603 0.233000 0.923870
vn 0.303603 0.233000 0.923870
vn 0.303603 0.233000 0.923870
vn 0.201557 -0.901621 0.382693
vn 0.201557 -0.901621 0.382693
vn 0.201557 -0.901621 0.382693
vn 0.201557 -0.901621 0.382693
vn 0.083487 -0.373480 0.923874
vn 0.083487 -0.373479 0.923874
vn 0.083487 -0.373480 0.923874
vn 0.083487 -0.373480 0.923874
vn -0.359102 0.132323 0.923870
vn -0.359102 0.132323 0.923870
vn -0.359102 0.132323 0.923870
vn -0.359102 0.132323 0.923870
vn -0.866892 0.319444 0.382692
vn -0.866892 0.319444 0.382692
vn -0.866892 0.319444 0.382692
vn -0.866892 0.319444 0.382692
vn -0.000907 0.978142 0.207936
vn 0.000907 0.978145 0.207920
vn 0.000907 0.978145 0.207920
vn 0.000907 0.978145 0.207920
vn -0.004172 0.625634 0.780106
vn 0.004172 0.625624 0.780114
vn 0.004172 0.625624 0.780114
vn 0.004172 0.625624 0.780114
vn 0.040851 0.380506 0.923876
vn 0.040851 0.380506 0.923876
vn 0.040851 0.380506 0.923876
vn 0.040851 0.380506 0.923876
vn 0.098616 0.918598 0.382691
vn 0.098616 0.918598 0.382691
vn 0.098616 0.918598 0.382691
vn 0.098616 0.918598 0.382691
vn -0.923877 0.000000 0.382691
vn -0.923877 0.000000 0.382691
vn -0.923877 0.000000 0.382691
vn -0.923877 0.000000 0.382691
vn -0.382689 0.000000 0.923877
vn -0.382689 0.000000 0.923877
vn -0.382689 0.000000 0.923877
vn -0.382689 0.000000 0.923877
vn -0.001688 0.978268 0.207336
vn -0.001688 0.978268 0.207336
vn -0.001688 0.978268 0.207336
vn -0.001688 0.978268 0.207336
vn -0.008132 0.633727 0.773514
vn -0.008132 0.633727 0.773514
vn -0.008132 0.633727 0.773514
vn -0.008132 0.633727 0.773514
vn -0.923875 0.000000 0.382695
vn -0.923877 0.000000 0.382690
vn -0.923877 0.000000 0.382690
vn -0.923877 0.000000 0.382690
vn -0.382705 0.000000 0.923871
vn -0.382694 0.000000 0.923875
vn -0.382694 0.000000 0.923875
vn -0.382694 0.000000 0.923875
vn 0.000000 0.000002 1.000000
vn 0.000000 0.000002 1.000000
vn 0.000000 0.000002 1.000000
vn 0.000000 0.000002 1.000000
vn 0.000000 1.000000 0.000000
vn 0.000000 1.000000 0.000000
vn 0.000000 1.000000 0.000000
vn 0.000000 1.000000 0.000000
vn 1.000000 0.000000 0.000000
vn 1.000000 0.000000 0.000000
vn 1.000000 0.000000 0.000000
vn 1.000000 0.000000 0.000000
vn 0.938300 0.345822 0.000000
vn 0.938300 0.345822 0.000000
vn 0.938300 0.345822 0.000000
vn 0.938300 0.345822 0.000000
vn 0.628342 0.777937 0.000000
vn 0.628342 0.777937 0.000000
vn 0.628342 0.777937 0.000000
vn 0.628342 0.777937 0.000000
vn 0.339260 0.940693 0.000000
vn 0.339260 0.940693 0.000000
vn 0.339260 0.940693 0.000000
vn 0.339260 0.940693 0.000000
vn 0.106741 0.994287 0.000000
vn 0.106741 0.994287 0.000000
vn 0.106741 0.994287 0.000000
vn 0.106741 0.994287 0.000000
vn 0.000000 1.000000 0.000000
vn 0.000000 1.000000 0.000000
vn 0.000000 1.000000 0.000000
vn -0.106740 0.994287 0.000000
vn -0.106740 0.994287 0.000000
vn -0.106740 0.994287 0.000000
vn -0.106740 0.994287 0.000000
vn -0.339241 0.940699 0.000000
vn -0.339241 0.940699 0.000000
vn -0.339241 0.940699 0.000000
vn -0.339241 0.940699 0.000000
vn -0.628338 0.777941 0.000000
vn -0.628338 0.777941 0.000000
vn -0.628338 0.777941 0.000000
vn -0.628338 0.777941 0.000000
vn -0.938320 0.345767 0.000000
vn -0.938320 0.345767 0.000000
vn -0.938320 0.345767 0.000000
vn -0.938320 0.345767 0.000000
vn -1.000000 0.000000 0.000000
vn -1.000000 0.000000 0.000000
vn -1.000000 0.000000 0.000000
vn -1.000000 0.000000 0.000000
vn 0.000000 0.000000 1.000000
vn 0.000000 0.000000 1.000000
vn 0.000000 0.000000 1.000000
vn 0.000000 0.000000 1.000000
vn 0.000001 -0.000005 1.000000
vn 0.000001 -0.000005 1.000000
vn 0.000001 -0.000005 1.000000
vn 0.000001 -0.000005 1.000000
vn 0.000001 -0.000001 1.000000
vn 0.000001 -0.000001 1.000000
vn 0.000001 -0.000001 1.000000
vn 0.000001 -0.000001 1.000000
vn 0.000000 0.000000 1.000000
vn 0.000000 0.000000 1.000000
vn 0.000000 0.000000 1.000000
vn 0.000000 0.000000 1.000000
vn 0.000001 0.000000 1.000000
vn 0.000001 0.000000 1.000000
vn 0.000001 0.000000 1.000000
vn 0.000001 0.000000 1.000000
vn 0.000000 0.000000 1.000000
vn 0.000003 0.000000 1.000000
vn 0.000003 0.000000 1.000000
vn 0.000003 0.000000 1.000000
vn -1.000000 0.000000 0.000000
vn -1.000000 0.000000 0.000000
vn -1.000000 0.000000 0.000000
vn -1.000000 0.000000 0.000000
vn 1.000000 0.000000 0.000000
vn 1.000000 0.000000 0.000000
vn 1.000000 0.000000 0.000000
vn 1.000000 0.000000 0.000000
vn -0.000001 0.000000 1.000000
vn -0.000001 0.000000 1.000000
vn -0.000001 0.000000 1.000000
vn -1.000000 0.000000 0.000000
vn -1.000000 0.000000 0.000000
vn -1.000000 0.000000 0.000000
vn -1.000000 0.000000 0.000000
vn 1.000000 0.000000 0.000000
vn 1.000000 0.000000 0.000000
vn 1.000000 0.000000 0.000000
vn 1.000000 0.000000 0.000000
vn 0.000000 0.000000 1.000000
vn 0.000000 0.000000 1.000000
vn 0.000000 0.000000 1.000000
vn 0.000000 0.000000 1.000000
vn -1.000000 0.000000 0.000000
vn -1.000000 0.000000 0.000000
vn -1.000000 0.000000 0.000000
vn -1.000000 0.000000 0.000000
vn 1.000000 0.000000 0.000000
vn 1.000000 0.000000 0.000000
vn 1.000000 0.000000 0.000000
vn 1.000000 0.000000 0.000000
vn 0.000000 0.000000 1.000000
vn 0.000000 0.000000 1.000000
vn 0.000000 0.000000 1.000000
vn 0.000000 0.000000 1.000000
vn -1.000000 0.000000 0.000000
vn -1.000000 0.000000 0.000000
vn -1.000000 0.000000 0.000000
vn -1.000000 0.000000 0.000000
vn 1.000000 0.000000 0.000000
vn 1.000000 0.000000 0.000000
vn 1.000000 0.000000 0.000000
vn 1.000000 0.000000 0.000000
vn 0.000000 0.000002 1.000000
vn 0.000000 0.000002 1.000000
vn 0.000000 0.000002 1.000000
vn 0.000000 0.000002 1.000000
vn -0.000001 -0.000001 1.000000
vn -0.000001 -0.000001 1.000000
vn -0.000001 -0.000001 1.000000
vn -0.000001 -0.000001 1.000000
vn -0.000001 -0.000005 1.000000
vn -0.000001 -0.000005 1.000000
vn -0.000001 -0.000005 1.000000
vn -0.000001 -0.000005 1.000000
vn -0.000001 0.000000 1.000000
vn -0.000001 0.000000 1.000000
vn -0.000001 0.000000 1.000000
vn -0.000001 0.000000 1.000000
vn 0.000000 1.000000 0.000000
vn 0.000000 1.000000 0.000000
vn 0.000000 1.000000 0.000000
vn 0.000000 0.000000 1.000000
vn 0.000000 0.000000 1.000000
vn 0.000000 0.000000 1.000000
vn 0.000000 0.000000 1.000000
vn 0.000000 0.000000 1.000000
vn 0.000000 0.000000 1.000000
vn 0.000000 0.000000 1.000000
vn -0.000002 0.000000 1.000000
vn 0.000000 0.000000 1.000000
vn 0.000000 0.000000 1.000000
vn 0.000000 0.000000 1.000000
vn 0.000000 0.000000 1.000000
vn 0.000000 0.000000 1.000000
vn 0.000000 0.000000 1.000000
vn 0.000000 0.000000 1.000000
vn 0.000000 0.000000 1.000000
vn 0.000000 0.000000 1.000000
vn 0.000000 0.000000 1.000000
vn 0.000000 0.000000 1.000000
vn 0.000000 0.000000 1.000000
vn 0.000000 0.000000 1.000000
vn 0.000000 0.000000 1.000000
vn 0.000000 0.000000 1.000000
vn 0.000000 0.000000 1.000000
vn 0.000000 0.000000 1.000000
vn 0.000000 0.000000 1.000000
vn 0.000000 0.000000 1.000000
vn 0.000000 0.000000 1.000000
vn -0.580502 0.718731 0.382679
vn -0.580502 0.718731 0.382679
vn -0.580502 0.718731 0.382679
vn -0.580502 0.718731 0.382679
vn -0.240462 0.297712 0.923875
vn -0.240462 0.297713 0.923875
vn -0.240462 0.297713 0.923875
vn -0.240462 0.297713 0.923875
vn -0.382716 0.000000 0.923866
vn -0.382716 0.000000 0.923866
vn -0.382716 0.000000 0.923866
vn -0.382716 0.000000 0.923866
vn -0.923876 0.000000 0.382692
vn -0.923876 0.000000 0.382692
vn -0.923876 0.000000 0.382692
vn -0.923876 0.000000 0.382692
vn 0.382684 0.000000 0.923879
vn 0.382684 0.000000 0.923879
vn 0.382684 0.000000 0.923879
vn 0.382684 0.000000 0.923879
vn 0.923881 0.000000 0.382679
vn 0.923881 0.000000 0.382679
vn 0.923881 0.000000 0.382679
vn 0.923881 0.000000 0.382679
vn 0.923881 0.000000 0.382681
vn 0.923881 0.000000 0.382681
vn 0.923881 0.000000 0.382681
vn 0.923881 0.000000 0.382681
vn 0.382694 0.000000 0.923875
vn 0.382694 0.000000 0.923875
vn 0.382694 0.000000 0.923875
vn 0.382694 0.000000 0.923875
vn 0.359079 0.132343 0.923877
vn 0.359079 0.132343 0.923877
vn 0.359079 0.132343 0.923877
vn 0.359079 0.132343 0.923877
vn 0.866875 0.319498 0.382685
vn 0.866876 0.319498 0.382685
vn 0.866876 0.319498 0.382685
vn 0.866876 0.319498 0.382685
vn 0.240460 0.297706 0.923878
vn 0.240460 0.297706 0.923878
vn 0.240460 0.297706 0.923878
vn 0.240460 0.297706 0.923878
vn 0.580513 0.718722 0.382679
vn 0.580513 0.718722 0.382679
vn 0.580513 0.718722 0.382679
vn 0.580513 0.718722 0.382679
vn 0.129832 0.359979 0.923883
vn 0.129832 0.359978 0.923883
vn 0.129832 0.359979 0.923883
vn 0.129832 0.359979 0.923883
vn 0.313431 0.869085 0.382691
vn 0.313431 0.869085 0.382691
vn 0.313431 0.869085 0.382691
vn 0.313431 0.869085 0.382691
vn 0.001688 0.978268 0.207337
vn 0.001688 0.978268 0.207337
vn 0.001688 0.978268 0.207337
vn 0.001688 0.978268 0.207337
vn 0.008132 0.633736 0.773507
vn 0.008132 0.633736 0.773507
vn 0.008132 0.633736 0.773507
vn 0.008132 0.633736 0.773507
vn -0.040848 0.380497 0.923880
vn -0.040848 0.380497 0.923880
vn -0.040848 0.380497 0.923880
vn -0.040848 0.380497 0.923880
vn -0.098615 0.918599 0.382688
vn -0.098615 0.918599 0.382688
vn -0.098615 0.918599 0.382688
vn -0.098615 0.918599 0.382688
vn -0.129829 0.359992 0.923878
vn -0.129829 0.359992 0.923878
vn -0.129829 0.359992 0.923878
vn -0.129829 0.359992 0.923878
vn -0.313413 0.869086 0.382703
vn -0.313413 0.869086 0.382703
vn -0.313413 0.869086 0.382703
vn -0.313413 0.869086 0.382703
vn 0.923882 0.000000 0.382678
vn 0.923882 0.000000 0.382678
vn 0.923880 0.000000 0.382683
vn 0.923880 0.000000 0.382683
vn 0.382690 0.000000 0.923877
vn 0.382690 0.000000 0.923877
vn 0.382700 0.000000 0.923873
vn 0.382700 0.000000 0.923873
vn -0.923874 0.000000 0.382697
vn -0.923874 0.000000 0.382697
vn -0.923874 0.000000 0.382697
vn -0.923874 0.000000 0.382697
vn -0.382696 0.000000 0.923874
vn -0.382696 0.000000 0.923874
vn -0.382696 0.000000 0.923874
vn -0.382696 0.000000 0.923874
vn -0.382694 0.000000 0.923875
vn -0.382694 0.000000 0.923875
vn -0.382694 0.000000 0.923875
vn -0.382694 0.000000 0.923875
vn -0.923876 0.000000 0.382693
vn -0.923876 0.000000 0.382693
vn -0.923876 0.000000 0.382693
vn -0.923876 0.000000 0.382693
vn 0.923880 0.000000 0.382682
vn 0.923880 0.000000 0.382682
vn 0.923880 0.000000 0.382682
vn 0.923880 0.000000 0.382682
vn 0.382689 0.000000 0.923877
vn 0.382689 0.000000 0.923877
vn 0.382689 0.000000 0.923877
vn 0.382689 0.000000 0.923877
vn 0.382691 0.000000 0.923876
vn 0.382691 0.000000 0.923876
vn 0.382691 0.000000 0.923876
vn 0.382691 0.000000 0.923876
vn 0.923879 0.000000 0.382685
vn 0.923879 0.000000 0.382685
vn 0.923879 0.000000 0.382685
vn 0.923879 0.000000 0.382685
vn 0.000000 0.000000 1.000000
vn 0.000000 0.000000 1.000000
vn 0.000000 0.000000 1.000000
vn -0.000001 0.000000 1.000000
vn -0.000001 0.000000 1.000000
vn -0.000001 0.000000 1.000000
vn -0.000001 0.000000 1.000000
vn 0.000000 0.000000 1.000000
vn 0.000000 0.000000 1.000000
vn 0.000000 0.000000 1.000000
vn 0.000000 0.000000 1.000000
vn 0.000000 0.000000 1.000000
vn 0.000000 0.000000 1.000000
vn 0.000000 0.000000 1.000000
vn 0.000000 0.000000 1.000000
vn 0.000000 0.000000 1.000000
vn 0.000000 0.000000 1.000000
vn 0.000001 0.000000 1.000000
vn 0.000001 0.000000 1.000000
vn 0.000001 0.000000 1.000000
vn 0.000001 0.000000 1.000000
vn 0.000000 0.000000 1.000000
vn 0.000000 0.000000 1.000000
vn 0.000000 0.000000 1.000000
vn 0.000000 0.000000 1.000000
vn 0.000000 0.000000 1.000000
vn 0.000000 0.000000 1.000000
vn 0.000000 0.000000 1.000000
vn 0.000001 0.000000 1.000000
vn 0.000001 0.000000 1.000000
vn 0.000001 0.000000 1.000000
vn 0.000001 0.000000 1.000000
vn 0.000000 0.000000 1.000000
vn 0.000000 0.000000 1.000000
vn 0.000000 0.000000 1.000000
vn 0.000000 0.000000 1.000000
vn 0.000000 0.000000 1.000000
vn 0.000000 0.000000 1.000000
vn 0.000000 0.000000 1.000000
vn 0.000001 0.000000 1.000000
vn 0.000001 0.000000 1.000000
vn 0.000001 0.000000 1.000000
vn 0.000001 0.000000 1.000000
vn 0.000003 0.000000 1.000000
vn 0.000003 0.000000 1.000000
vn 0.000000 0.000000 1.000000
vn 0.000000 0.000000 1.000000
vn 0.000000 0.000000 1.000000
vn 0.000000 0.000000 1.000000
vn 0.000000 0.000000 1.000000
vn -0.000003 0.000000 1.000000
vn 0.000002 0.000000 1.000000
vn 0.000002 0.000000 1.000000
vn 0.000002 0.000000 1.000000
vn 0.000002 0.000000 1.000000
vn 0.000001 0.000000 1.000000
vn 0.000001 0.000000 1.000000
vn 0.000001 0.000000 1.000000
vn 0.000000 0.000000 1.000000
vn 0.000000 0.000000 1.000000
vn 0.000000 0.000000 1.000000
vn 0.000000 0.000000 1.000000
vn 0.000000 0.000000 1.000000
vn 0.000000 0.000000 1.000000
vn 0.000000 0.000000 1.000000
vn 0.000000 0.000000 1.000000
vn 0.000000 0.000000 1.000000
vn 0.000000 0.000000 1.000000
vn 0.000000 0.000000 1.000000
vn 0.000002 0.000000 1.000000
vn 0.000002 0.000000 1.000000
vn 0.000002 0.000000 1.000000
vn 0.000002 0.000000 1.000000
vn 0.000000 0.000000 1.000000
vn 0.000000 0.000000 1.000000
vn 0.000000 0.000000 1.000000
vn 0.000000 0.000000 1.000000
vn 0.000003 0.000000 1.000000
vn 0.000003 0.000000 1.000000
vn 0.000003 0.000000 1.000000
vn 0.000003 0.000000 1.000000
vn 0.000000 0.000000 1.000000
vn 0.000000 0.000000 1.000000
vn 0.000000 0.000000 1.000000
vn 0.000000 0.000000 1.000000
vn 0.000004 0.000000 1.000000
vn 0.000004 0.000000 1.000000
vn 0.000004 0.000000 1.000000
vn 0.000004 0.000000 1.000000
vn -0.000002 0.000000 1.000000
vn -0.000002 0.000000 1.000000
vn -0.000002 0.000000 1.000000
vn -0.000002 0.000000 1.000000
vn 0.000000 0.000000 1.000000
vn 0.000000 0.000000 1.000000
vn 0.000000 0.000000 1.000000
vn 0.000000 0.000000 1.000000
vn 0.000000 0.000000 1.000000
vn 0.000000 0.000000 1.000000
vn 0.000000 0.000000 1.000000
vn 0.000000 0.000000 1.000000
vn -0.000005 0.000000 1.000000
vn -0.000005 0.000000 1.000000
vn -0.000005 0.000000 1.000000
vn -0.000005 0.000000 1.000000
vn 0.000001 0.000000 1.000000
vn 0.000001 0.000000 1.000000
vn 0.000001 0.000000 1.000000
vn 0.000001 0.000000 1.000000
vn -0.000008 0.000000 1.000000
vn -0.000008 0.000000 1.000000
vn -0.000008 0.000000 1.000000
vn -0.000008 0.000000 1.000000
vn 0.000002 0.000000 1.000000
vn 0.000002 0.000000 1.000000
vn 0.000002 0.000000 1.000000
vn 0.000002 0.000000 1.000000
vn -0.000004 0.000000 1.000000
vn -0.000004 0.000000 1.000000
vn -0.000004 0.000000 1.000000
vn -0.000004 0.000000 1.000000
vn 0.000000 0.000000 1.000000
vn 0.000000 0.000000 1.000000
vn 0.000000 0.000000 1.000000
s off
g S_U_20 Gate_04
usemtl set8
f 709/964/2443 710/963/2444 706/968/2445 705/967/2446
f 711/966/2447 712/965/2448 708/970/2449 707/969/2450
f 710/963/2451 711/966/2452 707/969/2453 706/968/2454
f 767/1446/2455 766/1004/2456 747/1089/2457 746/1087/2458
f 768/1005/2459 767/1003/2460 746/1444/2461 745/1088/2462
f 749/1449/2463 748/1007/2464 765/1077/2465 764/1090/2466
f 750/1008/2467 749/1006/2468 764/1440/2469 763/1091/2470
f 753/1009/2471 752/1491/2472 755/1442/2473 754/1012/2474
f 752/1448/2475 751/1013/2476 756/1014/2477 755/1011/2478
f 759/1015/2479 758/1016/2480 761/1438/2481 760/1480/2482
f 758/1447/2483 757/1019/2484 762/1020/2485 761/1017/2486
f 791/1422/2487 790/1022/2488 771/1104/2489 770/1102/2490
f 792/1023/2491 791/1021/2492 770/1420/2493 769/1103/2494
f 773/1425/2495 772/1025/2496 789/1080/2497 788/1105/2498
f 774/1026/2499 773/1024/2500 788/1416/2501 787/1106/2502
f 777/1027/2503 776/1489/2504 779/1418/2505 778/1030/2506
f 776/1424/2507 775/1031/2508 780/1032/2509 779/1029/2510
f 783/1033/2511 782/1034/2512 785/1414/2513 784/1476/2514
f 782/1423/2515 781/1037/2516 786/1038/2517 785/1035/2518
f 815/1434/2519 814/1040/2520 795/1083/2521 794/1117/2522
f 816/1041/2523 815/1039/2524 794/1432/2525 793/1118/2526
f 797/1437/2527 796/1043/2528 813/1084/2529 812/1119/2530
f 798/1044/2531 797/1042/2532 812/1428/2533 811/1120/2534
f 801/1045/2535 800/1487/2536 803/1430/2537 802/1048/2538
f 800/1436/2539 799/1049/2540 804/1050/2541 803/1047/2542
f 807/1051/2543 806/1052/2544 809/1426/2545 808/1472/2546
f 806/1435/2547 805/1055/2548 810/1056/2549 809/1053/2550
f 839/1410/2551 838/1058/2552 819/1085/2553 818/1131/2554
f 840/1059/2555 839/1057/2556 818/1408/2557 817/1132/2558
f 821/1413/2559 820/1061/2560 837/1086/2561 836/1133/2562
f 822/1062/2563 821/1060/2564 836/1404/2565 835/1134/2566
f 825/1063/2567 824/1485/2568 827/1406/2569 826/1066/2570
f 824/1412/2571 823/1067/2572 828/1068/2573 827/1065/2574
f 831/1069/2575 830/1070/2576 833/1402/2577 832/1468/2578
f 830/1411/2579 829/1073/2580 834/1074/2581 833/1071/2582
f 756/1014/2583 751/1013/2584 841/1075/2585 844/1076/2586
f 766/1004/2587 765/1077/2588 748/1007/2589 747/1089/2590
f 780/1032/2591 775/1031/2592 853/1078/2593 856/1079/2594
f 790/1022/2595 789/1080/2596 772/1025/2597 771/1104/2598
f 868/1081/2599 865/1082/2600 795/1083/2601 796/1043/2602
f 814/1040/2603 813/1084/2604 796/1043/2605 795/1083/2606
f 820/1061/2607 819/1085/2608 838/1058/2609 837/1086/2610
f 748/1007/2611 749/1449/2612 845/1443/2613 844/1076/2614
f 749/1006/2615 750/1008/2616 846/1093/2617 845/1092/2618
f 751/1013/2619 752/1448/2620 842/1445/2621 841/1075/2622
f 752/1010/2623 753/1483/2624 843/1095/2625 842/1094/2626
f 757/1019/2627 758/1447/2628 848/1441/2629 847/1097/2630
f 758/1016/2631 759/1015/2632 849/1098/2633 848/1096/2634
f 766/1004/2635 767/1446/2636 851/1439/2637 850/1100/2638
f 767/1003/2639 768/1005/2640 852/1101/2641 851/1099/2642
f 772/1025/2643 773/1425/2644 857/1419/2645 856/1079/2646
f 773/1024/2647 774/1026/2648 858/1108/2649 857/1107/2650
f 775/1031/2651 776/1424/2652 854/1421/2653 853/1078/2654
f 776/1028/2655 777/1479/2656 855/1110/2657 854/1109/2658
f 781/1037/2659 782/1423/2660 860/1417/2661 859/1112/2662
f 782/1034/2663 783/1033/2664 861/1113/2665 860/1111/2666
f 790/1022/2667 791/1422/2668 863/1415/2669 862/1115/2670
f 791/1021/2671 792/1023/2672 864/1116/2673 863/1114/2674
f 796/1043/2675 797/1437/2676 869/1431/2677 868/1081/2678
f 797/1042/2679 798/1044/2680 870/1122/2681 869/1121/2682
f 799/1049/2683 800/1436/2684 866/1433/2685 865/1082/2686
f 800/1046/2687 801/1475/2688 867/1124/2689 866/1123/2690
f 805/1055/2691 806/1435/2692 872/1429/2693 871/1126/2694
f 806/1052/2695 807/1051/2696 873/1127/2697 872/1125/2698
f 814/1040/2699 815/1434/2700 875/1427/2701 874/1129/2702
f 815/1039/2703 816/1041/2704 876/1130/2705 875/1128/2706
f 820/1061/2707 821/1413/2708 881/1407/2709 880/1136/2710
f 821/1060/2711 822/1062/2712 882/1137/2713 881/1135/2714
f 823/1067/2715 824/1412/2716 878/1409/2717 877/1139/2718
f 824/1064/2719 825/1471/2720 879/1140/2721 878/1138/2722
f 829/1073/2723 830/1411/2724 884/1405/2725 883/1142/2726
f 830/1070/2727 831/1069/2728 885/1143/2729 884/1141/2730
f 838/1058/2731 839/1410/2732 887/1403/2733 886/1145/2734
f 839/1057/2735 840/1059/2736 888/1146/2737 887/1144/2738
f 745/1088/2739 746/1444/2740 842/1094/2741 843/1095/2742
f 746/1087/2743 747/1089/2744 841/1075/2745 842/1445/2746
f 754/1012/2747 755/1442/2748 845/1092/2749 846/1093/2750
f 755/1011/2751 756/1014/2752 844/1076/2753 845/1443/2754
f 763/1091/2755 764/1440/2756 848/1096/2757 849/1098/2758
f 764/1090/2759 765/1077/2760 847/1097/2761 848/1441/2762
f 760/1018/2763 761/1490/2764 851/1099/2765 852/1101/2766
f 761/1017/2767 762/1020/2768 850/1100/2769 851/1439/2770
f 769/1103/2771 770/1420/2772 854/1109/2773 855/1110/2774
f 770/1102/2775 771/1104/2776 853/1078/2777 854/1421/2778
f 778/1030/2779 779/1418/2780 857/1107/2781 858/1108/2782
f 779/1029/2783 780/1032/2784 856/1079/2785 857/1419/2786
f 787/1106/2787 788/1416/2788 860/1111/2789 861/1113/2790
f 788/1105/2791 789/1080/2792 859/1112/2793 860/1417/2794
f 784/1036/2795 785/1488/2796 863/1114/2797 864/1116/2798
f 785/1035/2799 786/1038/2800 862/1115/2801 863/1415/2802
f 793/1118/2803 794/1432/2804 866/1123/2805 867/1124/2806
f 794/1117/2807 795/1083/2808 865/1082/2809 866/1433/2810
f 802/1048/2811 803/1430/2812 869/1121/2813 870/1122/2814
f 803/1047/2815 804/1050/2816 868/1081/2817 869/1431/2818
f 811/1120/2819 812/1428/2820 872/1125/2821 873/1127/2822
f 812/1119/2823 813/1084/2824 871/1126/2825 872/1429/2826
f 808/1054/2827 809/1486/2828 875/1128/2829 876/1130/2830
f 809/1053/2831 810/1056/2832 874/1129/2833 875/1427/2834
f 817/1132/2835 818/1408/2836 878/1138/2837 879/1140/2838
f 818/1131/2839 819/1085/2840 877/1139/2841 878/1409/2842
f 826/1066/2843 827/1406/2844 881/1135/2845 882/1137/2846
f 827/1065/2847 828/1068/2848 880/1136/2849 881/1407/2850
f 835/1134/2851 836/1404/2852 884/1141/2853 885/1143/2854
f 836/1133/2855 837/1086/2856 883/1142/2857 884/1405/2858
f 832/1072/2859 833/1484/2860 887/1144/2861 888/1146/2862
f 833/1071/2863 834/1074/2864 886/1145/2865 887/1403/2866
f 908/1148/2867 905/1147/2868 960/1157/2869 963/1158/2870
s 1
f 911/979/2871 705/967/2872 727/986/2873
s off
f 723/982/2874 945/1149/2875 957/1150/2876 738/995/2877
f 948/1151/2878 966/1152/2879 957/1150/2880 945/1149/2881
f 731/990/2882 951/1153/2883 930/1154/2884 714/971/2885
f 954/1155/2886 939/1156/2887 930/1154/2888 951/1153/2889
s 2
f 715/974/2890 933/1159/2891 1013/1353/2892
f 936/1160/2893 718/975/2894 1045/1310/2895
s off
f 768/1005/2896 745/1088/2897 932/1400/2898 941/1392/2899
f 935/1398/2900 750/1008/2901 763/1091/2902 938/1394/2903
f 754/1012/2904 917/1397/2905 915/1401/2906 753/1009/2907
f 760/1480/2908 892/1481/2909 890/1395/2910 759/1015/2911
f 792/1023/2912 769/1103/2913 944/1364/2914 913/1356/2915
f 947/1362/2916 774/1026/2917 787/1106/2918 950/1358/2919
f 778/1030/2920 929/1361/2921 927/1365/2922 777/1027/2923
f 784/1476/2924 896/1477/2925 894/1359/2926 783/1033/2927
f 816/1041/2928 793/1118/2929 907/1388/2930 910/1380/2931
f 953/1386/2932 798/1044/2933 811/1120/2934 956/1382/2935
f 802/1048/2936 921/1385/2937 919/1389/2938 801/1045/2939
f 808/1472/2940 900/1473/2941 898/1383/2942 807/1051/2943
f 840/1059/2944 817/1132/2945 959/1376/2946 968/1368/2947
f 962/1374/2948 822/1062/2949 835/1134/2950 965/1370/2951
f 826/1066/2952 925/1373/2953 923/1377/2954 825/1063/2955
f 832/1468/2956 904/1469/2957 902/1371/2958 831/1069/2959
f 915/1482/2960 970/1399/2961 843/1095/2962 753/1483/2963
f 970/1399/2964 932/1400/2965 745/1088/2966 843/1095/2967
f 935/1398/2968 972/1396/2969 846/1093/2970 750/1008/2971
f 972/1396/2972 917/1397/2973 754/1012/2974 846/1093/2975
f 890/1395/2976 974/1393/2977 849/1098/2978 759/1015/2979
f 974/1393/2980 938/1394/2981 763/1091/2982 849/1098/2983
f 941/1392/2984 976/1390/2985 852/1101/2986 768/1005/2987
f 976/1390/2988 892/1391/2989 760/1018/2990 852/1101/2991
f 927/1478/2992 978/1363/2993 855/1110/2994 777/1479/2995
f 978/1363/2996 944/1364/2997 769/1103/2998 855/1110/2999
f 947/1362/3000 980/1360/3001 858/1108/3002 774/1026/3003
f 980/1360/3004 929/1361/3005 778/1030/3006 858/1108/3007
f 894/1359/3008 982/1357/3009 861/1113/3010 783/1033/3011
f 982/1357/3012 950/1358/3013 787/1106/3014 861/1113/3015
f 913/1356/3016 984/1354/3017 864/1116/3018 792/1023/3019
f 984/1354/3020 896/1355/3021 784/1036/3022 864/1116/3023
f 919/1474/3024 986/1387/3025 867/1124/3026 801/1475/3027
f 986/1387/3028 907/1388/3029 793/1118/3030 867/1124/3031
f 953/1386/3032 988/1384/3033 870/1122/3034 798/1044/3035
f 988/1384/3036 921/1385/3037 802/1048/3038 870/1122/3039
f 898/1383/3040 990/1381/3041 873/1127/3042 807/1051/3043
f 990/1381/3044 956/1382/3045 811/1120/3046 873/1127/3047
f 910/1380/3048 992/1378/3049 876/1130/3050 816/1041/3051
f 992/1378/3052 900/1379/3053 808/1054/3054 876/1130/3055
f 923/1470/3056 994/1375/3057 879/1140/3058 825/1471/3059
f 994/1375/3060 959/1376/3061 817/1132/3062 879/1140/3063
f 962/1374/3064 996/1372/3065 882/1137/3066 822/1062/3067
f 996/1372/3068 925/1373/3069 826/1066/3070 882/1137/3071
f 902/1371/3072 998/1369/3073 885/1143/3074 831/1069/3075
f 998/1369/3076 965/1370/3077 835/1134/3078 885/1143/3079
f 968/1368/3080 1000/1366/3081 888/1146/3082 840/1059/3083
f 1000/1366/3084 904/1367/3085 832/1072/3086 888/1146/3087
f 717/976/3088 889/1210/3089 891/1211/3090 720/977/3091
f 889/1210/3092 890/1167/3093 892/1166/3094 891/1211/3095
f 720/977/3096 891/1211/3097 975/1212/3098 719/978/3099
f 891/1211/3100 892/1166/3101 976/1197/3102 975/1212/3103
f 725/984/3104 893/1213/3105 895/1214/3106 728/985/3107
f 893/1213/3108 894/1175/3109 896/1174/3110 895/1214/3111
f 728/985/3112 895/1214/3113 983/1215/3114 727/986/3115
f 895/1214/3116 896/1174/3117 984/1201/3118 983/1215/3119
f 733/992/3120 897/1216/3121 899/1217/3122 736/993/3123
f 897/1216/3124 898/1183/3125 900/1182/3126 899/1217/3127
f 736/993/3128 899/1217/3129 991/1218/3130 735/994/3131
f 899/1217/3132 900/1182/3133 992/1205/3134 991/1218/3135
f 741/1000/3136 901/1219/3137 903/1220/3138 744/1001/3139
f 901/1219/3140 902/1191/3141 904/1190/3142 903/1220/3143
f 744/1001/3144 903/1220/3145 999/1221/3146 743/1002/3147
f 903/1220/3148 904/1190/3149 1000/1209/3150 999/1221/3151
f 906/1222/3152 905/1147/3153 908/1148/3154 909/1224/3155
f 907/1178/3156 906/1222/3157 909/1224/3158 910/1185/3159
f 905/1147/3160 906/1222/3161 985/1223/3162 730/987/3163
f 906/1222/3164 907/1178/3165 986/1202/3166 985/1223/3167
f 943/1225/3168 942/1161/3169 911/979/3170 912/1226/3171
f 944/1170/3172 943/1225/3173 912/1226/3174 913/1177/3175
f 713/972/3176 914/1227/3177 916/1228/3178 716/973/3179
f 914/1227/3180 915/1165/3181 917/1164/3182 916/1228/3183
f 716/973/3184 916/1228/3185 971/1229/3186 715/974/3187
f 916/1228/3188 917/1164/3189 972/1195/3190 971/1229/3191
f 729/988/3192 918/1230/3193 920/1231/3194 732/989/3195
f 918/1230/3196 919/1181/3197 921/1180/3198 920/1231/3199
f 732/989/3200 920/1231/3201 987/1232/3202 731/990/3203
f 920/1231/3204 921/1180/3205 988/1203/3206 987/1232/3207
f 737/996/3208 922/1233/3209 924/1234/3210 740/997/3211
f 922/1233/3212 923/1189/3213 925/1188/3214 924/1234/3215
f 740/997/3216 924/1234/3217 995/1235/3218 739/998/3219
f 924/1234/3220 925/1188/3221 996/1207/3222 995/1235/3223
f 721/980/3224 926/1236/3225 928/1237/3226 724/981/3227
f 926/1236/3228 927/1173/3229 929/1172/3230 928/1237/3231
f 724/981/3232 928/1237/3233 979/1238/3234 723/982/3235
f 928/1237/3236 929/1172/3237 980/1199/3238 979/1238/3239
f 931/1239/3240 930/1154/3241 939/1156/3242 940/1244/3243
f 932/1162/3244 931/1239/3245 940/1244/3246 941/1169/3247
f 930/1154/3248 931/1239/3249 969/1240/3250 714/971/3251
f 931/1239/3252 932/1162/3253 970/1194/3254 969/1240/3255
f 937/1241/3256 936/1160/3257 933/1159/3258 934/1242/3259
f 935/1163/3260 938/1168/3261 937/1241/3262 934/1242/3263
f 936/1160/3264 937/1241/3265 973/1243/3266 718/975/3267
f 937/1241/3268 938/1168/3269 974/1196/3270 973/1243/3271
f 942/1161/3272 943/1225/3273 977/1245/3274 722/1492/3275
f 943/1225/3276 944/1170/3277 978/1198/3278 977/1245/3279
f 949/1246/3280 948/1151/3281 945/1149/3282 946/1247/3283
f 947/1171/3284 950/1176/3285 949/1246/3286 946/1247/3287
f 948/1151/3288 949/1246/3289 981/1248/3290 726/983/3291
f 949/1246/3292 950/1176/3293 982/1200/3294 981/1248/3295
f 955/1249/3296 954/1155/3297 951/1153/3298 952/1250/3299
f 953/1179/3300 956/1184/3301 955/1249/3302 952/1250/3303
f 954/1155/3304 955/1249/3305 989/1251/3306 734/991/3307
f 955/1249/3308 956/1184/3309 990/1204/3310 989/1251/3311
f 958/1252/3312 957/1150/3313 966/1152/3314 967/1257/3315
f 959/1186/3316 958/1252/3317 967/1257/3318 968/1193/3319
f 957/1150/3320 958/1252/3321 993/1253/3322 738/995/3323
f 958/1252/3324 959/1186/3325 994/1206/3326 993/1253/3327
f 964/1254/3328 963/1158/3329 960/1157/3330 961/1255/3331
f 962/1187/3332 965/1192/3333 964/1254/3334 961/1255/3335
f 963/1158/3336 964/1254/3337 997/1256/3338 742/999/3339
f 964/1254/3340 965/1192/3341 998/1208/3342 997/1256/3343
f 915/1165/3344 914/1227/3345 969/1240/3346 970/1194/3347
f 914/1227/3348 713/972/3349 714/971/3350 969/1240/3351
f 935/1163/3352 934/1242/3353 971/1229/3354 972/1195/3355
f 934/1242/3356 933/1159/3357 715/974/3358 971/1229/3359
f 890/1167/3360 889/1210/3361 973/1243/3362 974/1196/3363
f 889/1210/3364 717/976/3365 718/975/3366 973/1243/3367
f 941/1169/3368 940/1244/3369 975/1212/3370 976/1197/3371
f 940/1244/3372 939/1156/3373 719/978/3374 975/1212/3375
f 927/1173/3376 926/1236/3377 977/1245/3378 978/1198/3379
f 926/1236/3380 721/980/3381 722/1492/3382 977/1245/3383
f 947/1171/3384 946/1247/3385 979/1238/3386 980/1199/3387
f 946/1247/3388 945/1149/3389 723/982/3390 979/1238/3391
f 894/1175/3392 893/1213/3393 981/1248/3394 982/1200/3395
f 893/1213/3396 725/984/3397 726/983/3398 981/1248/3399
f 913/1177/3400 912/1226/3401 983/1215/3402 984/1201/3403
f 912/1226/3404 911/979/3405 727/986/3406 983/1215/3407
f 919/1181/3408 918/1230/3409 985/1223/3410 986/1202/3411
f 918/1230/3412 729/988/3413 730/987/3414 985/1223/3415
f 953/1179/3416 952/1250/3417 987/1232/3418 988/1203/3419
f 952/1250/3420 951/1153/3421 731/990/3422 987/1232/3423
f 898/1183/3424 897/1216/3425 989/1251/3426 990/1204/3427
f 897/1216/3428 733/992/3429 734/991/3430 989/1251/3431
f 910/1185/3432 909/1224/3433 991/1218/3434 992/1205/3435
f 909/1224/3436 908/1148/3437 735/994/3438 991/1218/3439
f 923/1189/3440 922/1233/3441 993/1253/3442 994/1206/3443
f 922/1233/3444 737/996/3445 738/995/3446 993/1253/3447
f 962/1187/3448 961/1255/3449 995/1235/3450 996/1207/3451
f 961/1255/3452 960/1157/3453 739/998/3454 995/1235/3455
f 902/1191/3456 901/1219/3457 997/1256/3458 998/1208/3459
f 901/1219/3460 741/1000/3461 742/999/3462 997/1256/3463
f 968/1193/3464 967/1257/3465 999/1221/3466 1000/1209/3467
f 967/1257/3468 966/1152/3469 743/1002/3470 999/1221/3471
f 1003/1258/3472 1002/1259/3473 1005/1260/3474 1004/1261/3475
f 1002/1259/3476 1001/1262/3477 1006/1461/3478 1005/1260/3479
f 1011/1264/3480 1010/1265/3481 1050/1281/3482 1051/1280/3483
f 1012/1266/3484 1011/1264/3485 1051/1280/3486 1052/1283/3487
f 1037/1267/3488 1036/1268/3489 1039/1269/3490 1038/1270/3491
f 1036/1268/3492 1035/1271/3493 1040/1450/3494 1039/1269/3495
f 1043/1463/3496 1042/1273/3497 1063/1274/3498 1062/1275/3499
f 1042/1273/3500 1044/1276/3501 1064/1277/3502 1063/1274/3503
f 1049/1462/3504 1048/1279/3505 1051/1280/3506 1050/1281/3507
f 1048/1279/3508 1047/1282/3509 1052/1283/3510 1051/1280/3511
f 1066/1285/3512 1065/1286/3513 1081/1329/3514 1082/1352/3515
f 1067/1287/3516 1066/1285/3517 1082/1352/3518 1083/1327/3519
f 1004/1261/3520 705/967/3521 706/968/3522 1003/1258/3523
f 1010/1272/3524 1009/1263/3525 1046/1305/3526 1050/1308/3527
f 1014/1278/3528 1015/1284/3529 1019/1288/3530 1016/1289/3531
f 1022/1290/3532 1023/1291/3533 1027/1294/3534 1024/1295/3535
f 1023/1291/3536 1030/1298/3537 1031/1467/3538 1027/1294/3539
f 1030/1466/3540 1034/1301/3541 1035/1302/3542 1031/1300/3543
f 1034/1301/3544 1009/1263/3545 1040/1303/3546 1035/1302/3547
f 1046/1305/3548 1049/1307/3549 1050/1308/3550
f 1046/1305/3551 1053/1309/3552 1054/1313/3553 1049/1307/3554
f 1053/1309/3555 1057/1314/3556 1058/1465/3557 1054/1313/3558
f 1057/1464/3559 1007/1316/3560 1001/1319/3561 1058/1315/3562
f 1007/1316/3563 1008/1322/3564 1006/1323/3565 1001/1319/3566
f 1061/1324/3567 1041/1325/3568 1043/1326/3569 1062/1328/3570
f 1044/1276/3571 1045/1310/3572 718/975/3573 1064/1277/3574
f 1060/1311/3575 707/969/3576 708/970/3577 1056/1312/3578
f 1003/1258/3579 706/968/3580 707/969/3581 1060/1311/3582
f 712/965/3583 1012/1266/3584 1052/1283/3585 708/970/3586
f 1056/1312/3587 708/970/3588 1052/1283/3589 1047/1282/3590
f 742/999/3591 741/1000/3592 736/993/3593 735/994/3594
f 1065/1332/3595 1068/1330/3596 1084/1457/3597 1081/1458/3598
f 1085/1459/3599 1069/1451/3600 1070/1452/3601 1086/1460/3602
f 1073/1318/3603 728/985/3604 727/986/3605
f 1008/1322/3606 1076/1453/3607 1075/1454/3608 1006/1323/3609
f 1078/1455/3610 1077/1456/3611 1022/1290/3612 1024/1295/3613
f 1064/1277/3614 720/977/3615 733/992/3616 1083/1327/3617
f 1084/1457/3618 1061/1324/3619 1062/1328/3620 1081/1458/3621
f 1019/1288/3622 1015/1284/3623 1085/1459/3624 1086/1460/3625
f 1067/1287/3626 744/1001/3627 725/984/3628 1073/1318/3629
f 1076/1453/3630 1068/1330/3631 1065/1332/3632 1075/1454/3633
f 1070/1452/3634 1069/1451/3635 1077/1456/3636 1078/1455/3637
f 1029/1333/3638 710/963/3639 709/964/3640 1026/1334/3641
f 1033/1335/3642 711/966/3643 710/963/3644 1029/1333/3645
f 1037/1267/3646 712/965/3647 711/966/3648 1033/1335/3649
f 1038/1270/3650 1012/1266/3651 712/965/3652 1037/1267/3653
f 1009/1263/3654 1010/1272/3655 1040/1303/3656
f 1021/1336/3657 716/973/3658 715/974/3659
f 1088/1337/3660 732/989/3661 713/972/3662 1021/1336/3663
f 730/987/3664 729/988/3665 740/997/3666 739/998/3667
f 1080/1338/3668 724/981/3669 737/996/3670 1072/1339/3671
f 1026/1334/3672 709/964/3673 722/1492/3674 1080/1338/3675
f 1021/1336/3676 713/972/3677 716/973/3678
f 1088/1337/3679 729/988/3680 732/989/3681
f 1072/1339/3682 737/996/3683 740/997/3684
f 1001/1262/3685 1002/1259/3686 1059/1340/3687 1058/1306/3688
f 1002/1259/3689 1003/1258/3690 1060/1311/3691 1059/1340/3692
f 1004/1261/3693 1005/1260/3694 1074/1341/3695 1073/1318/3696
f 1005/1260/3697 1006/1461/3698 1075/1320/3699 1074/1341/3700
f 1018/1342/3701 1017/1343/3702 1020/1344/3703 1021/1336/3704
f 1017/1343/3705 1016/1293/3706 1019/1292/3707 1020/1344/3708
f 1024/1297/3709 1025/1345/3710 1079/1346/3711 1078/1321/3712
f 1025/1345/3713 1026/1334/3714 1080/1338/3715 1079/1346/3716
f 1026/1334/3717 1025/1345/3718 1028/1347/3719 1029/1333/3720
f 1025/1345/3721 1024/1297/3722 1027/1296/3723 1028/1347/3724
f 1029/1333/3725 1028/1347/3726 1032/1348/3727 1033/1335/3728
f 1028/1347/3729 1027/1296/3730 1031/1299/3731 1032/1348/3732
f 1033/1335/3733 1032/1348/3734 1036/1268/3735 1037/1267/3736
f 1032/1348/3737 1031/1299/3738 1035/1271/3739 1036/1268/3740
f 1010/1265/3741 1011/1264/3742 1039/1269/3743 1040/1450/3744
f 1011/1264/3745 1012/1266/3746 1038/1270/3747 1039/1269/3748
f 1047/1282/3749 1048/1279/3750 1055/1349/3751 1056/1312/3752
f 1048/1279/3753 1049/1462/3754 1054/1304/3755 1055/1349/3756
f 1056/1312/3757 1055/1349/3758 1059/1340/3759 1060/1311/3760
f 1055/1349/3761 1054/1304/3762 1058/1306/3763 1059/1340/3764
f 1087/1350/3765 1086/1331/3766 1070/1317/3767 1071/1351/3768
f 1088/1337/3769 1087/1350/3770 1071/1351/3771 1072/1339/3772
f 1062/1275/3773 1063/1274/3774 1082/1352/3775 1081/1329/3776
f 1063/1274/3777 1064/1277/3778 1083/1327/3779 1082/1352/3780
f 1073/1318/3781 1074/1341/3782 1066/1285/3783 1067/1287/3784
f 1074/1341/3785 1075/1320/3786 1065/1286/3787 1066/1285/3788
f 1078/1321/3789 1079/1346/3790 1071/1351/3791 1070/1317/3792
f 1079/1346/3793 1080/1338/3794 1072/1339/3795 1071/1351/3796
f 1021/1336/3797 1020/1344/3798 1087/1350/3799 1088/1337/3800
f 1020/1344/3801 1019/1292/3802 1086/1331/3803 1087/1350/3804
f 1073/1318/3805 725/984/3806 728/985/3807
f 725/984/3808 744/1001/3809 743/1002/3810 726/983/3811
f 1067/1287/3812 741/1000/3813 744/1001/3814
f 741/1000/3815 1067/1287/3816 1083/1327/3817 736/993/3818
f 1083/1327/3819 733/992/3820 736/993/3821
f 733/992/3822 720/977/3823 719/978/3824 734/991/3825
f 1064/1277/3826 717/976/3827 720/977/3828
f 954/1155/3829 734/991/3830 719/978/3831 939/1156/3832
f 713/972/3833 732/989/3834 731/990/3835 714/971/3836
f 729/988/3837 1088/1337/3838 1072/1339/3839 740/997/3840
f 1080/1338/3841 721/980/3842 724/981/3843
f 737/996/3844 724/981/3845 723/982/3846 738/995/3847
f 905/1147/3848 730/987/3849 739/998/3850 960/1157/3851
f 908/1148/3852 963/1158/3853 742/999/3854 735/994/3855
f 948/1151/3856 726/983/3857 743/1002/3858 966/1152/3859
f 1080/1338/3860 722/1492/3861 721/980/3862
f 1073/1318/3863 727/986/3864 705/967/3865 1004/1261/3866
f 1064/1277/3867 718/975/3868 717/976/3869
f 1021/1336/3870 715/974/3871 1013/1353/3872 1018/1342/3873
f 874/1129/3874 871/1126/3875 813/1084/3876 814/1040/3877
f 805/1055/3878 871/1126/3879 874/1129/3880 810/1056/3881
f 850/1100/3882 847/1097/3883 765/1077/3884 766/1004/3885
f 757/1019/3886 847/1097/3887 850/1100/3888 762/1020/3889
f 804/1050/3890 799/1049/3891 865/1082/3892 868/1081/3893
f 844/1076/3894 841/1075/3895 747/1089/3896 748/1007/3897
f 856/1079/3898 853/1078/3899 771/1104/3900 772/1025/3901
f 828/1068/3902 823/1067/3903 877/1139/3904 880/1136/3905
f 880/1136/3906 877/1139/3907 819/1085/3908 820/1061/3909
f 862/1115/3910 859/1112/3911 789/1080/3912 790/1022/3913
f 781/1037/3914 859/1112/3915 862/1115/3916 786/1038/3917
f 886/1145/3918 883/1142/3919 837/1086/3920 838/1058/3921
f 829/1073/3922 883/1142/3923 886/1145/3924 834/1074/3925
s 1
f 709/964/3926 705/967/2872 911/979/2871 942/1161/3927
f 709/964/3926 942/1161/3927 722/1492/3928
s 2
f 933/1159/2891 936/1160/2893 1045/1310/2895 1013/1353/2892
g default
v 49.681549 237.343445 307.725037
v 50.634171 244.829468 307.724976
v 53.347282 251.175781 307.724976
v 57.407753 255.416382 307.725037
v 174.852783 237.343445 307.725037
v 173.900085 244.829468 307.724976
v 171.186920 251.175781 307.724976
v 167.126556 255.416382 307.725037
v 175.612854 45.824074 307.725037
v 173.837570 50.163864 307.725037
v 173.837570 35.760117 307.725037
v 175.612854 40.099976 307.725037
v 48.921471 40.099983 307.725037
v 50.696739 35.760117 307.725037
v 50.696739 50.163860 307.725037
v 48.921471 45.824066 307.725037
v 175.612854 191.298019 307.725037
v 173.837570 195.637970 307.725037
v 173.837570 181.234253 307.725037
v 175.612854 185.574036 307.725037
v 48.921471 185.574051 307.725037
v 50.696747 181.234253 307.725037
v 50.696739 195.637970 307.725037
v 48.921471 191.298004 307.725037
v 175.612854 89.889618 307.725037
v 173.837570 94.229416 307.725037
v 173.837570 80.282608 307.725037
v 175.612854 84.622406 307.725037
v 48.921471 84.622406 307.725037
v 50.696739 80.282608 307.725037
v 50.696739 94.229401 307.725037
v 48.921471 89.889618 307.725037
v 175.612854 146.775650 307.725037
v 173.837570 151.115509 307.725037
v 173.837570 137.168671 307.725037
v 175.612854 141.508423 307.725037
v 48.921471 141.508438 307.725037
v 50.696747 137.168671 307.725037
v 50.696739 151.115509 307.725037
v 48.921471 146.775650 307.725037
v 169.901306 50.353615 298.670776
v 169.879486 49.982803 297.775513
v 169.826813 49.087570 297.404724
v 169.826813 36.836472 297.404724
v 169.879486 35.941238 297.775513
v 169.901306 35.570427 298.670776
v 174.177979 44.910065 297.404724
v 174.655121 45.214005 297.775513
v 174.852783 45.339905 298.670776
v 174.852783 40.584137 298.670776
v 174.655121 40.710037 297.775513
v 174.177979 41.013977 297.404724
v 50.356346 41.013969 297.404724
v 49.879196 40.710037 297.775513
v 49.681549 40.584137 298.670776
v 49.681549 45.339905 298.670776
v 49.879196 45.214005 297.775513
v 50.356346 44.910065 297.404724
v 54.632950 35.570427 298.670776
v 54.654770 35.941238 297.775513
v 54.707458 36.836472 297.404724
v 54.707451 49.087570 297.404724
v 54.654778 49.982803 297.775513
v 54.632950 50.353615 298.670776
v 169.901306 195.827499 298.670776
v 169.879486 195.456680 297.775513
v 169.826843 194.561447 297.404724
v 169.826813 182.310669 297.404724
v 169.879486 181.415436 297.775513
v 169.901306 181.044617 298.670776
v 174.177979 190.384018 297.404724
v 174.655121 190.687958 297.775513
v 174.852783 190.813858 298.670776
v 174.852783 186.058212 298.670776
v 174.655121 186.184113 297.775513
v 174.177979 186.488052 297.404724
v 50.356346 186.488052 297.404724
v 49.879196 186.184113 297.775513
v 49.681549 186.058212 298.670776
v 49.681549 190.813858 298.670776
v 49.879196 190.687958 297.775513
v 50.356346 190.384033 297.404724
v 54.632950 181.044617 298.670776
v 54.654770 181.415436 297.775513
v 54.707458 182.310669 297.404724
v 54.707451 194.561447 297.404724
v 54.654770 195.456680 297.775513
v 54.632950 195.827499 298.670776
v 169.901306 94.419159 298.670776
v 169.879486 94.048340 297.775513
v 169.826813 93.153122 297.404724
v 169.826813 81.358902 297.404724
v 169.879486 80.463684 297.775513
v 169.901306 80.092865 298.670776
v 174.177979 88.975601 297.404724
v 174.655121 89.279556 297.775513
v 174.852783 89.405457 298.670776
v 174.852783 85.106567 298.670776
v 174.655121 85.232468 297.775513
v 174.177979 85.536423 297.404724
v 50.356346 85.536407 297.404724
v 49.879196 85.232468 297.775513
v 49.681549 85.106567 298.670776
v 49.681549 89.405457 298.670776
v 49.879196 89.279556 297.775513
v 50.356346 88.975616 297.404724
v 54.632950 80.092865 298.670776
v 54.654778 80.463684 297.775513
v 54.707451 81.358902 297.404724
v 54.707451 93.153122 297.404724
v 54.654778 94.048340 297.775513
v 54.632950 94.419159 298.670776
v 169.901306 151.305161 298.670776
v 169.879486 150.934341 297.775513
v 169.826813 150.039108 297.404724
v 169.826813 138.244995 297.404724
v 169.879486 137.349762 297.775513
v 169.901306 136.978943 298.670776
v 174.177979 145.861649 297.404724
v 174.655121 146.165588 297.775513
v 174.852783 146.291489 298.670776
v 174.852783 141.992599 298.670776
v 174.655121 142.118500 297.775513
v 174.177979 142.422455 297.404724
v 50.356346 142.422440 297.404724
v 49.879196 142.118500 297.775513
v 49.681549 141.992599 298.670776
v 49.681549 146.291489 298.670776
v 49.879196 146.165588 297.775513
v 50.356346 145.861664 297.404724
v 54.632950 136.978943 298.670776
v 54.654778 137.349762 297.775513
v 54.707451 138.244995 297.404724
v 54.707458 150.039108 297.404724
v 54.654770 150.934341 297.775513
v 54.632950 151.305161 298.670776
v 173.016327 47.749763 297.404724
v 173.289429 48.552551 297.775513
v 173.402527 48.885071 298.670776
v 173.016327 38.174217 297.404724
v 173.289398 37.371429 297.775513
v 173.402527 37.038910 298.670776
v 51.517975 38.174210 297.404724
v 51.244888 37.371429 297.775513
v 51.131760 37.038910 298.670776
v 51.517967 47.749771 297.404724
v 51.244888 48.552551 297.775513
v 51.131760 48.885071 298.670776
v 173.016327 193.223831 297.404724
v 173.289429 194.026627 297.775513
v 173.402527 194.359146 298.670776
v 173.016327 183.648361 297.404724
v 173.289429 182.845566 297.775513
v 173.402527 182.513046 298.670776
v 51.517967 183.648361 297.404724
v 51.244888 182.845566 297.775513
v 51.131760 182.513046 298.670776
v 51.517967 193.223831 297.404724
v 51.244888 194.026627 297.775513
v 51.131760 194.359146 298.670776
v 173.016327 91.815308 297.404724
v 173.289429 92.618088 297.775513
v 173.402527 92.950623 298.670776
v 173.016327 82.696701 297.404724
v 173.289429 81.893921 297.775513
v 173.402527 81.561401 298.670776
v 51.517967 82.696701 297.404724
v 51.244888 81.893921 297.775513
v 51.131760 81.561401 298.670776
v 51.517967 91.815308 297.404724
v 51.244888 92.618088 297.775513
v 51.131760 92.950623 298.670776
v 173.016327 148.701401 297.404724
v 173.289429 149.504196 297.775513
v 173.402527 149.836716 298.670776
v 173.016327 139.582779 297.404724
v 173.289429 138.779984 297.775513
v 173.402527 138.447464 298.670776
v 51.517967 139.582779 297.404724
v 51.244888 138.779984 297.775513
v 51.131760 138.447464 298.670776
v 51.517967 148.701401 297.404724
v 51.244888 149.504196 297.775513
v 51.131760 149.836716 298.670776
v 49.458923 40.442337 307.307312
v 49.681549 40.584137 306.298950
v 49.458923 45.481712 307.307312
v 49.681549 45.339905 306.298950
v 49.458923 185.916397 307.307312
v 49.681549 186.058212 306.298950
v 49.458923 190.955658 307.307312
v 49.681549 190.813858 306.298950
v 49.458923 84.964767 307.307312
v 49.681549 85.106567 306.298950
v 49.458923 89.547256 307.307312
v 49.681549 89.405457 306.298950
v 49.458923 141.850784 307.307312
v 49.681549 141.992599 306.298950
v 49.458923 146.433304 307.307312
v 49.681549 146.291489 306.298950
v 169.985229 95.845215 307.725037
v 169.925903 94.836838 307.307312
v 169.901306 94.419159 306.298950
v 54.549019 95.845215 307.725037
v 54.608360 94.836838 307.307312
v 54.632950 94.419159 306.298950
v 54.549026 197.253555 307.725037
v 54.608368 196.245178 307.307312
v 54.632950 195.827499 306.298950
v 175.075409 45.481720 307.307312
v 174.852783 45.339905 306.298950
v 175.075409 40.442329 307.307312
v 174.852783 40.584137 306.298950
v 175.075409 89.547256 307.307312
v 174.852783 89.405457 306.298950
v 175.075409 84.964767 307.307312
v 174.852783 85.106567 306.298950
v 175.075409 146.433304 307.307312
v 174.852783 146.291489 306.298950
v 175.075409 141.850784 307.307312
v 174.852783 141.992599 306.298950
v 175.075409 190.955673 307.307312
v 174.852783 190.813858 306.298950
v 175.075409 185.916397 307.307312
v 174.852783 186.058212 306.298950
v 169.985229 51.779663 307.725037
v 169.925903 50.771301 307.307312
v 169.901306 50.353615 306.298950
v 169.985229 34.144379 307.725037
v 169.925903 35.152740 307.307312
v 169.901306 35.570427 306.298950
v 54.549026 34.144379 307.725037
v 54.608360 35.152740 307.307312
v 54.632950 35.570427 306.298950
v 54.549019 51.779663 307.725037
v 54.608360 50.771301 307.307312
v 54.632950 50.353615 306.298950
v 169.985229 197.253555 307.725037
v 169.925903 196.245178 307.307312
v 169.901306 195.827499 306.298950
v 169.985229 179.618561 307.725037
v 169.925903 180.626938 307.307312
v 169.901306 181.044617 306.298950
v 54.549034 179.618561 307.725037
v 54.608368 180.626938 307.307312
v 54.632950 181.044617 306.298950
v 169.985229 78.666809 307.725037
v 169.925903 79.675186 307.307312
v 169.901306 80.092865 306.298950
v 54.549019 78.666809 307.725037
v 54.608360 79.675186 307.307312
v 54.632950 80.092865 306.298950
v 169.985229 152.731216 307.725037
v 169.925903 151.722839 307.307312
v 169.901306 151.305161 306.298950
v 169.985229 135.552887 307.725037
v 169.925903 136.561264 307.307312
v 169.901306 136.978943 306.298950
v 54.549026 135.552887 307.725037
v 54.608360 136.561264 307.307312
v 54.632950 136.978943 306.298950
v 54.549034 152.731216 307.725037
v 54.608368 151.722839 307.307312
v 54.632950 151.305161 306.298950
v 173.529938 49.259621 307.307312
v 173.402527 48.885071 306.298950
v 173.529938 36.664352 307.307312
v 173.402527 37.038910 306.298950
v 51.004356 36.664352 307.307312
v 51.131760 37.038910 306.298950
v 51.004356 49.259613 307.307312
v 51.131760 48.885071 306.298950
v 173.529938 194.733704 307.307312
v 173.402527 194.359146 306.298950
v 173.529938 182.138489 307.307312
v 173.402527 182.513046 306.298950
v 51.004356 182.138489 307.307312
v 51.131760 182.513046 306.298950
v 51.004356 194.733704 307.307312
v 51.131760 194.359146 306.298950
v 173.529938 93.325165 307.307312
v 173.402527 92.950623 306.298950
v 173.529938 81.186844 307.307312
v 173.402527 81.561401 306.298950
v 51.004356 81.186844 307.307312
v 51.131760 81.561401 306.298950
v 51.004356 93.325165 307.307312
v 51.131760 92.950623 306.298950
v 173.529938 150.211273 307.307312
v 173.402527 149.836716 306.298950
v 173.529938 138.072906 307.307312
v 173.402527 138.447464 306.298950
v 51.004356 138.072906 307.307312
v 51.131760 138.447464 306.298950
v 51.004356 150.211273 307.307312
v 51.131760 149.836716 306.298950
v 17.133377 244.829468 306.236145
v 17.329300 244.565796 307.288940
v 17.802307 243.929260 307.725037
v 16.456665 237.077911 307.725037
v 15.895523 237.265717 307.288940
v 15.663101 237.343506 306.236145
v 17.133377 244.829468 288.951416
v 15.663101 237.343506 288.951416
v 189.552460 256.905457 288.951416
v 162.337067 256.905457 305.646973
v 162.657104 256.805969 307.116394
v 163.429749 256.565735 307.725037
v 169.985229 -5.535324 307.725037
v 208.870941 -5.535324 288.951416
v 208.870941 42.962021 288.951416
v 208.870941 -5.535324 306.236145
v 208.638519 -5.535324 307.288940
v 208.077393 -5.535324 307.725037
v 208.870941 42.962021 306.236145
v 208.638519 42.962021 307.288940
v 208.077393 42.962021 307.725037
v 208.870941 237.343506 288.951416
v 207.400421 244.829468 288.951416
v 208.870941 237.343506 306.236145
v 208.638519 237.265701 307.288940
v 208.077393 237.077866 307.725037
v 207.400421 244.829468 306.236145
v 207.204498 244.565796 307.288940
v 206.731506 243.929230 307.725037
v 203.212555 251.175781 288.951416
v 203.212555 251.175781 306.236145
v 203.096924 250.790405 307.288940
v 202.817780 249.860107 307.725037
v 196.945435 255.416382 288.951416
v 196.945435 255.416382 306.236145
v 196.892853 254.988403 307.288940
v 196.765930 253.955078 307.725037
v 189.509979 255.416565 307.725037
v 189.540009 256.469360 307.288940
v 189.552460 256.905457 306.236145
v 15.663101 -5.535324 288.951416
v 15.895523 -5.535324 307.288940
v 15.663101 -5.535324 306.236145
v 16.456665 -5.535324 307.725037
v 54.549026 -5.535324 307.725037
v 34.981812 256.905457 288.951416
v 35.024277 255.416565 307.725037
v 34.994247 256.469360 307.288940
v 34.981812 256.905457 306.236145
v 62.197388 256.905457 305.646973
v 61.877342 256.805969 307.116394
v 61.104706 256.565735 307.725037
v 27.588791 255.416382 288.951416
v 27.588791 255.416382 306.236145
v 27.641373 254.988403 307.288940
v 27.768311 253.955078 307.725037
v 21.321274 251.175781 288.951416
v 21.321274 251.175781 306.236145
v 21.436905 250.790405 307.288940
v 21.716064 249.860107 307.725037
v 15.663101 42.962021 288.951416
v 15.663101 42.962021 306.236145
v 15.895523 42.962021 307.288940
v 16.456665 42.962021 307.725037
v 15.663101 144.142151 306.236145
v 15.895523 144.142151 307.288940
v 16.456665 144.142151 307.725037
v 15.663101 144.142151 288.951416
v 208.870941 144.142151 288.951416
v 208.870941 144.142151 306.236145
v 208.638519 144.142151 307.288940
v 208.077393 144.142151 307.725037
v 16.456665 188.436127 307.725037
v 15.895523 188.436127 307.288940
v 15.663101 188.436127 306.236145
v 15.663101 188.436127 288.951416
v 208.870941 188.436127 288.951416
v 208.870941 188.436127 306.236145
v 208.638519 188.436127 307.288940
v 208.077393 188.436127 307.725037
v 15.663101 87.256012 306.236145
v 15.895523 87.256012 307.288940
v 16.456665 87.256012 307.725037
v 15.663101 87.256012 288.951416
v 208.870941 87.256012 288.951416
v 208.870941 87.256012 306.236145
v 208.638519 87.256012 307.288940
v 208.077393 87.256012 307.725037
vt 0.491817 0.492337
vt 0.492125 0.489861
vt 0.489598 0.495839
vt 0.490930 0.494436
vt 0.450808 0.489921
vt 0.451127 0.492396
vt 0.452024 0.494493
vt 0.453364 0.495892
vt 0.492061 0.428406
vt 0.493005 0.427202
vt 0.493009 0.423797
vt 0.492066 0.422587
vt 0.450873 0.422623
vt 0.449929 0.423826
vt 0.449922 0.427228
vt 0.450863 0.428436
vt 0.492020 0.476585
vt 0.492965 0.475384
vt 0.492973 0.471984
vt 0.492032 0.470775
vt 0.450867 0.470822
vt 0.449925 0.472030
vt 0.449927 0.475436
vt 0.450872 0.476640
vt 0.492046 0.443008
vt 0.492991 0.441805
vt 0.492996 0.438555
vt 0.492055 0.437345
vt 0.450852 0.437374
vt 0.449907 0.438577
vt 0.449898 0.441828
vt 0.450840 0.443037
vt 0.492036 0.461839
vt 0.492980 0.460637
vt 0.492984 0.457388
vt 0.492042 0.456179
vt 0.450845 0.456218
vt 0.449904 0.457426
vt 0.449910 0.460678
vt 0.450855 0.461882
vt 0.728634 0.642418
vt 0.225645 0.837114
vt 0.225645 0.836794
vt 0.766675 0.638376
vt 0.852910 0.855617
vt 0.852909 0.855938
vt 0.768308 0.639656
vt 0.265982 0.836826
vt 0.768106 0.641041
vt 0.768110 0.639762
vt 0.265953 0.836522
vt 0.267400 0.836232
vt 0.727001 0.641138
vt 0.855317 0.855934
vt 0.727203 0.639752
vt 0.727200 0.641031
vt 0.221750 0.836519
vt 0.228173 0.802679
vt 0.812576 0.856245
vt 0.223302 0.836506
vt 0.223272 0.836808
vt 0.266214 0.798634
vt 0.336476 0.853562
vt 0.336476 0.853882
vt 0.267847 0.799914
vt 0.267645 0.801299
vt 0.267649 0.800020
vt 0.225645 0.829278
vt 0.226540 0.801399
vt 0.225645 0.828958
vt 0.226741 0.800013
vt 0.226738 0.801292
vt 0.221750 0.828683
vt 0.249469 0.848472
vt 0.296143 0.854190
vt 0.223302 0.828670
vt 0.223272 0.828972
vt 0.287509 0.844572
vt 0.265982 0.828991
vt 0.265953 0.828687
vt 0.267400 0.828397
vt 0.338884 0.853879
vt 0.289142 0.845851
vt 0.288941 0.847087
vt 0.288944 0.845958
vt 0.938094 0.855674
vt 0.247836 0.847192
vt 0.938094 0.855995
vt 0.248037 0.845957
vt 0.248034 0.847086
vt 0.164284 0.843248
vt 0.055123 0.846168
vt 0.055123 0.845848
vt 0.202325 0.839358
vt 0.051372 0.845601
vt 0.897761 0.856298
vt 0.052778 0.845560
vt 0.052748 0.845862
vt 0.203958 0.840637
vt 0.095461 0.845880
vt 0.203756 0.841873
vt 0.203759 0.840744
vt 0.095433 0.845576
vt 0.096735 0.845316
vt 0.162651 0.841969
vt 0.940502 0.855991
vt 0.162852 0.840733
vt 0.162850 0.841862
vt 0.767720 0.641974
vt 0.767728 0.638828
vt 0.728639 0.638370
vt 0.267259 0.802232
vt 0.267267 0.799086
vt 0.228177 0.798631
vt 0.288562 0.845024
vt 0.288555 0.848019
vt 0.287505 0.848469
vt 0.249473 0.844575
vt 0.202320 0.843255
vt 0.164289 0.839351
vt 0.766693 0.642744
vt 0.766670 0.642424
vt 0.728616 0.638050
vt 0.113687 0.846070
vt 0.113687 0.845750
vt 0.991335 0.855667
vt 0.727589 0.638820
vt 0.991335 0.855987
vt 0.154026 0.845782
vt 0.727581 0.641966
vt 0.153997 0.845478
vt 0.266232 0.803002
vt 0.155299 0.845218
vt 0.266209 0.802682
vt 0.228155 0.798311
vt 0.993743 0.855983
vt 0.109937 0.845503
vt 0.951002 0.856292
vt 0.111343 0.845462
vt 0.111313 0.845764
vt 0.263607 0.836791
vt 0.227128 0.799081
vt 0.263606 0.837112
vt 0.814943 0.855965
vt 0.227120 0.802227
vt 0.814944 0.855645
vt 0.287528 0.848789
vt 0.854100 0.855718
vt 0.249450 0.844255
vt 0.854107 0.856031
vt 0.264786 0.837022
vt 0.264797 0.836708
vt 0.813752 0.855736
vt 0.813743 0.856049
vt 0.224465 0.837016
vt 0.248423 0.845025
vt 0.224457 0.836702
vt 0.298510 0.853911
vt 0.248416 0.848020
vt 0.298510 0.853591
vt 0.202343 0.843575
vt 0.263607 0.828956
vt 0.164266 0.839031
vt 0.263606 0.829276
vt 0.224465 0.829180
vt 0.203378 0.839809
vt 0.224457 0.828866
vt 0.297319 0.853681
vt 0.203370 0.842805
vt 0.297310 0.853994
vt 0.264786 0.829186
vt 0.163239 0.839801
vt 0.264797 0.828873
vt 0.337667 0.853662
vt 0.163231 0.842797
vt 0.337673 0.853975
vt 0.490536 0.443035
vt 0.452349 0.443071
vt 0.490525 0.470740
vt 0.490528 0.461864
vt 0.452376 0.470793
vt 0.452363 0.461906
vt 0.490547 0.437312
vt 0.490551 0.428432
vt 0.452362 0.437348
vt 0.452371 0.428469
vt 0.490533 0.456142
vt 0.452355 0.456186
vt 0.490557 0.422559
vt 0.452381 0.422597
vt 0.490514 0.476611
vt 0.452379 0.476666
vt 0.900128 0.856019
vt 0.900128 0.855698
vt 0.093085 0.845845
vt 0.093084 0.846165
vt 0.053942 0.846070
vt 0.053935 0.845756
vt 0.898937 0.855789
vt 0.898928 0.856102
vt 0.094265 0.846076
vt 0.094276 0.845762
vt 0.939285 0.855775
vt 0.939291 0.856088
vt 0.151649 0.845747
vt 0.151648 0.846067
vt 0.953368 0.856013
vt 0.953369 0.855693
vt 0.992526 0.855767
vt 0.992532 0.856080
vt 0.152829 0.845978
vt 0.152840 0.845664
vt 0.952178 0.855783
vt 0.952168 0.856096
vt 0.112507 0.845972
vt 0.112499 0.845658
vt 0.263735 0.839638
vt 0.853031 0.853096
vt 0.855616 0.853411
vt 0.266354 0.839301
vt 0.222894 0.839316
vt 0.221331 0.839003
vt 0.814818 0.853120
vt 0.225516 0.839634
vt 0.298385 0.851065
vt 0.225516 0.831798
vt 0.222894 0.831480
vt 0.221331 0.831167
vt 0.339183 0.851355
vt 0.266354 0.831465
vt 0.263735 0.831802
vt 0.336597 0.851041
vt 0.900003 0.853173
vt 0.054994 0.848689
vt 0.052374 0.848371
vt 0.050962 0.848089
vt 0.940801 0.853468
vt 0.095830 0.848355
vt 0.093213 0.848692
vt 0.938216 0.853153
vt 0.151778 0.848594
vt 0.450715 0.424699
vt 0.991456 0.853145
vt 0.450713 0.426357
vt 0.994042 0.853460
vt 0.154395 0.848257
vt 0.451216 0.427603
vt 0.110939 0.848273
vt 0.109526 0.847991
vt 0.450713 0.472901
vt 0.953244 0.853167
vt 0.113559 0.848590
vt 0.450715 0.474560
vt 0.265055 0.839524
vt 0.854340 0.853198
vt 0.451222 0.475805
vt 0.450694 0.439451
vt 0.450691 0.440958
vt 0.813510 0.853234
vt 0.451194 0.442204
vt 0.450696 0.458293
vt 0.224196 0.839528
vt 0.297077 0.851180
vt 0.450697 0.459803
vt 0.224196 0.831692
vt 0.265055 0.831688
vt 0.451204 0.461049
vt 0.337907 0.851143
vt 0.898695 0.853287
vt 0.053674 0.848582
vt 0.094532 0.848578
vt 0.490511 0.442675
vt 0.939525 0.853255
vt 0.153097 0.848480
vt 0.491695 0.442175
vt 0.452374 0.442710
vt 0.992766 0.853248
vt 0.951935 0.853282
vt 0.112239 0.848484
vt 0.490489 0.476252
vt 0.221216 0.839327
vt 0.452403 0.476306
vt 0.222863 0.839657
vt 0.492217 0.426328
vt 0.224208 0.839886
vt 0.492218 0.424669
vt 0.266387 0.831806
vt 0.491714 0.423423
vt 0.339229 0.851020
vt 0.337897 0.850785
vt 0.492203 0.440932
vt 0.095864 0.848696
vt 0.492205 0.439425
vt 0.940847 0.853132
vt 0.491702 0.438179
vt 0.492192 0.459762
vt 0.492194 0.458257
vt 0.083172 0.764146
vt 0.491690 0.457011
vt 0.314215 0.781536
vt 0.083172 0.764502
vt 0.492179 0.474510
vt 0.363625 0.781536
vt 0.492182 0.472853
vt 0.491679 0.471608
vt 0.490526 0.428072
vt 0.372532 0.781115
vt 0.491710 0.427573
vt 0.375013 0.781536
vt 0.372532 0.781536
vt 0.002930 0.764507
vt 0.002930 0.764151
vt 0.018955 0.764506
vt 0.452406 0.422956
vt 0.321682 0.781536
vt 0.321682 0.781115
vt 0.490533 0.422919
vt 0.330592 0.781536
vt 0.451222 0.423455
vt 0.452396 0.428109
vt 0.491671 0.475752
vt 0.052388 0.764504
vt 0.452401 0.471153
vt 0.368078 0.787129
vt 0.083179 0.760143
vt 0.067156 0.760146
vt 0.067155 0.754435
vt 0.083178 0.754432
vt 0.002931 0.760157
vt 0.379997 0.787129
vt 0.379997 0.781536
vt 0.382487 0.781536
vt 0.377501 0.787129
vt 0.377501 0.781536
vt 0.375013 0.787129
vt 0.326137 0.787129
vt 0.319201 0.787129
vt 0.319201 0.781536
vt 0.316713 0.787129
vt 0.316713 0.781536
vt 0.314215 0.787129
vt 0.311725 0.787129
vt 0.018955 0.770217
vt 0.002930 0.770218
vt 0.490500 0.471100
vt 0.451218 0.471653
vt 0.452387 0.437708
vt 0.490522 0.437672
vt 0.052388 0.770215
vt 0.033725 0.760152
vt 0.033724 0.754440
vt 0.451202 0.438207
vt 0.067024 0.770215
vt 0.067024 0.764503
vt 0.019089 0.754443
vt 0.019090 0.760154
vt 0.490502 0.461504
vt 0.033591 0.770217
vt 0.033591 0.764505
vt 0.052521 0.760148
vt 0.052520 0.754437
vt 0.491685 0.461004
vt 0.452381 0.456546
vt 0.490509 0.456502
vt 0.451199 0.457051
vt 0.452388 0.461546
vt 0.440297 0.492132
vt 0.440101 0.492359
vt 0.439602 0.489940
vt 0.439836 0.489872
vt 0.488382 0.496220
vt 0.488128 0.496104
vt 0.499367 0.495355
vt 0.499423 0.496104
vt 0.496989 0.496104
vt 0.067024 0.764147
vt 0.496975 0.495838
vt 0.439554 0.409475
vt 0.067154 0.754078
vt 0.382487 0.781115
vt 0.439789 0.409476
vt 0.379997 0.781115
vt 0.377501 0.781115
vt 0.319201 0.781115
vt 0.439771 0.425508
vt 0.439536 0.425508
vt 0.445969 0.496104
vt 0.033724 0.754084
vt 0.445981 0.495912
vt 0.454583 0.496270
vt 0.052388 0.764148
vt 0.454838 0.496104
vt 0.052519 0.754081
vt 0.439746 0.459075
vt 0.439511 0.459076
vt 0.939516 0.852898
vt 0.450760 0.409484
vt 0.109411 0.848315
vt 0.441586 0.494088
vt 0.110907 0.848614
vt 0.443584 0.495436
vt 0.112251 0.848842
vt 0.439767 0.473770
vt 0.900002 0.852812
vt 0.439746 0.440188
vt 0.898700 0.852930
vt 0.227004 0.802511
vt 0.938215 0.852792
vt 0.227012 0.798796
vt 0.267382 0.798802
vt 0.298384 0.850704
vt 0.267374 0.802516
vt 0.228151 0.802999
vt 0.226544 0.799906
vt 0.267842 0.801407
vt 0.266236 0.798314
vt 0.336596 0.850680
vt 0.266387 0.839642
vt 0.855663 0.853075
vt 0.854331 0.852841
vt 0.050846 0.848413
vt 0.502633 0.492046
vt 0.052342 0.848712
vt 0.503083 0.489788
vt 0.053687 0.848940
vt 0.501355 0.494002
vt 0.154428 0.848598
vt 0.503162 0.425526
vt 0.994088 0.853124
vt 0.503150 0.440211
vt 0.992756 0.852890
vt 0.221216 0.831491
vt 0.222863 0.831821
vt 0.224208 0.832050
vt 0.503126 0.473732
vt 0.503139 0.459056
vt 0.263735 0.839998
vt 0.265046 0.839881
vt 0.814818 0.852759
vt 0.853030 0.852735
vt 0.441468 0.494419
vt 0.439532 0.473771
vt 0.503165 0.409459
vt 0.503400 0.409459
vt 0.813515 0.852877
vt 0.503397 0.425526
vt 0.503074 0.489855
vt 0.503361 0.473734
vt 0.503074 0.492272
vt 0.225517 0.839995
vt 0.163115 0.843081
vt 0.297082 0.850822
vt 0.163124 0.839517
vt 0.203493 0.839525
vt 0.263735 0.832163
vt 0.203485 0.843089
vt 0.225517 0.832159
vt 0.248300 0.848305
vt 0.265046 0.832046
vt 0.248308 0.844740
vt 0.288678 0.844739
vt 0.093213 0.849052
vt 0.288670 0.848303
vt 0.054995 0.849049
vt 0.727465 0.642250
vt 0.094523 0.848935
vt 0.727474 0.638535
vt 0.767844 0.638543
vt 0.151778 0.848954
vt 0.767835 0.642258
vt 0.164262 0.843568
vt 0.162655 0.840626
vt 0.203953 0.841980
vt 0.202347 0.839038
vt 0.153088 0.848837
vt 0.249447 0.848792
vt 0.247840 0.845849
vt 0.289138 0.847194
vt 0.287531 0.844252
vt 0.953243 0.852807
vt 0.991455 0.852785
vt 0.728612 0.642738
vt 0.727005 0.639645
vt 0.768303 0.641149
vt 0.766697 0.638056
vt 0.951941 0.852924
vt 0.113560 0.848951
vt 0.002955 0.754090
vt 0.002930 0.754446
vt 0.311725 0.781115
vt 0.311725 0.781536
vt 0.382487 0.787129
vt 0.083172 0.770214
vt 0.492162 0.409442
vt 0.314215 0.781115
vt 0.083178 0.754075
vt 0.503385 0.440212
vt 0.439511 0.440188
vt 0.375013 0.781115
vt 0.503374 0.459057
vt 0.363625 0.781115
vt 0.501476 0.494333
vt 0.443530 0.496104
vt 0.033591 0.764149
vt 0.019089 0.754087
vt 0.018955 0.764150
vt 0.316713 0.781115
vt 0.330592 0.781115
vt 0.295753 0.851072
vt 0.295803 0.851408
vt 0.155809 0.847989
vt 0.155923 0.848312
vt 0.897371 0.853180
vt 0.897421 0.853515
vt 0.267919 0.839004
vt 0.268033 0.839327
vt 0.950612 0.853174
vt 0.950662 0.853510
vt 0.097245 0.848087
vt 0.097358 0.848410
vt 0.267919 0.831168
vt 0.268033 0.831491
vt 0.812186 0.853127
vt 0.812236 0.853462
vt 0.950959 0.855988
vt 0.155401 0.845508
vt 0.096836 0.845606
vt 0.897718 0.855993
vt 0.267502 0.828686
vt 0.296100 0.853886
vt 0.812533 0.855941
vt 0.267502 0.836522
vt 0.110038 0.845212
vt 0.993697 0.856287
vt 0.940456 0.856295
vt 0.051473 0.845310
vt 0.338838 0.854182
vt 0.221851 0.828391
vt 0.221851 0.836227
vt 0.855271 0.856238
vn -0.000001 0.000004 1.000000
vn 0.000000 0.000004 1.000000
vn 0.000000 0.000004 1.000000
vn 0.000000 0.000004 1.000000
vn 0.000000 -0.000007 1.000000
vn 0.000000 -0.000007 1.000000
vn 0.000000 -0.000007 1.000000
vn 0.000000 -0.000007 1.000000
vn 0.000000 0.000000 1.000000
vn 0.000000 0.000000 1.000000
vn 0.000000 0.000000 1.000000
vn 0.000000 0.000000 1.000000
vn 0.000000 -0.382687 0.923878
vn 0.000000 -0.382686 0.923878
vn 0.000000 -0.382686 0.923878
vn 0.000000 -0.382686 0.923878
vn 0.000000 -0.923880 0.382682
vn 0.000000 -0.923881 0.382680
vn 0.000000 -0.923881 0.382680
vn 0.000000 -0.923881 0.382680
vn 0.000000 0.382686 0.923878
vn 0.000000 0.382685 0.923879
vn 0.000000 0.382685 0.923879
vn 0.000000 0.382685 0.923879
vn 0.000000 0.923880 0.382683
vn 0.000000 0.923880 0.382682
vn 0.000000 0.923880 0.382682
vn 0.000000 0.923880 0.382682
vn -0.976485 0.000000 0.215587
vn -0.976485 0.000000 0.215587
vn -0.976485 0.000000 0.215587
vn -0.976485 0.000000 0.215587
vn -0.613639 0.000000 0.789587
vn -0.613639 0.000000 0.789587
vn -0.613639 0.000000 0.789587
vn -0.613639 0.000000 0.789587
vn 0.976486 0.000000 0.215581
vn 0.976486 0.000000 0.215581
vn 0.976486 0.000000 0.215581
vn 0.976486 0.000000 0.215581
vn 0.613644 0.000000 0.789583
vn 0.613644 0.000000 0.789583
vn 0.613644 0.000000 0.789583
vn 0.613644 0.000000 0.789583
vn 0.000000 -0.382681 0.923881
vn 0.000000 -0.382685 0.923879
vn 0.000000 -0.382685 0.923879
vn 0.000000 -0.382685 0.923879
vn -0.000001 -0.923883 0.382674
vn 0.000001 -0.923883 0.382676
vn 0.000001 -0.923883 0.382676
vn 0.000001 -0.923883 0.382676
vn 0.000000 0.382685 0.923879
vn 0.000000 0.382681 0.923881
vn 0.000000 0.382681 0.923881
vn 0.000000 0.382681 0.923881
vn 0.000000 0.923876 0.382691
vn 0.000000 0.923877 0.382689
vn 0.000000 0.923877 0.382689
vn 0.000000 0.923877 0.382689
vn -0.976484 0.000000 0.215588
vn -0.976484 0.000000 0.215588
vn -0.976484 0.000000 0.215588
vn -0.976484 0.000000 0.215588
vn -0.613619 0.000000 0.789602
vn -0.613619 0.000000 0.789602
vn -0.613619 0.000000 0.789602
vn -0.613619 0.000000 0.789602
vn 0.976484 0.000000 0.215588
vn 0.976484 0.000000 0.215588
vn 0.976484 0.000000 0.215588
vn 0.976484 0.000000 0.215588
vn 0.613623 0.000000 0.789599
vn 0.613623 0.000000 0.789599
vn 0.613623 0.000000 0.789599
vn 0.613623 0.000000 0.789599
vn 0.000000 -0.382690 0.923877
vn 0.000000 -0.382691 0.923876
vn 0.000000 -0.382691 0.923876
vn 0.000000 -0.382691 0.923876
vn 0.000000 -0.923877 0.382689
vn 0.000000 -0.923876 0.382691
vn 0.000000 -0.923876 0.382691
vn 0.000000 -0.923876 0.382691
vn 0.000000 0.382688 0.923878
vn 0.000000 0.382687 0.923878
vn 0.000000 0.382687 0.923878
vn 0.000000 0.382687 0.923878
vn 0.000000 0.923879 0.382684
vn 0.000000 0.923880 0.382682
vn 0.000000 0.923880 0.382682
vn 0.000000 0.923880 0.382682
vn -0.976485 0.000000 0.215586
vn -0.976485 0.000000 0.215586
vn -0.976485 0.000000 0.215586
vn -0.976485 0.000000 0.215586
vn -0.613621 0.000000 0.789601
vn -0.613621 0.000000 0.789601
vn -0.613621 0.000000 0.789601
vn -0.613621 0.000000 0.789601
vn 0.976485 0.000000 0.215586
vn 0.976485 0.000000 0.215586
vn 0.976485 0.000000 0.215586
vn 0.976485 0.000000 0.215586
vn 0.613642 0.000000 0.789585
vn 0.613642 0.000000 0.789585
vn 0.613642 0.000000 0.789585
vn 0.613642 0.000000 0.789585
vn -0.000001 -0.382687 0.923878
vn 0.000001 -0.382679 0.923881
vn 0.000001 -0.382679 0.923881
vn 0.000001 -0.382679 0.923881
vn -0.000002 -0.923877 0.382689
vn 0.000003 -0.923883 0.382676
vn 0.000003 -0.923883 0.382676
vn 0.000003 -0.923883 0.382676
vn -0.000001 0.382685 0.923879
vn 0.000001 0.382687 0.923878
vn 0.000001 0.382687 0.923878
vn 0.000001 0.382687 0.923878
vn -0.000002 0.923873 0.382698
vn 0.000002 0.923877 0.382689
vn 0.000002 0.923877 0.382689
vn 0.000002 0.923877 0.382689
vn -0.976485 0.000000 0.215586
vn -0.976485 0.000000 0.215586
vn -0.976485 0.000000 0.215586
vn -0.976485 0.000000 0.215586
vn -0.613619 0.000000 0.789602
vn -0.613619 0.000000 0.789602
vn -0.613619 0.000000 0.789602
vn -0.613619 0.000000 0.789602
vn 0.976485 0.000000 0.215586
vn 0.976485 0.000000 0.215586
vn 0.976485 0.000000 0.215586
vn 0.976485 0.000000 0.215586
vn 0.613624 0.000000 0.789598
vn 0.613624 0.000000 0.789598
vn 0.613624 0.000000 0.789598
vn 0.613624 0.000000 0.789598
vn 0.000008 0.000000 1.000000
vn 0.000008 0.000000 1.000000
vn 0.000008 0.000000 1.000000
vn 0.000008 0.000000 1.000000
vn 0.000000 0.000000 1.000000
vn 0.000000 0.000000 1.000000
vn 0.000000 0.000000 1.000000
vn 0.000000 0.000000 1.000000
vn -0.000023 0.000000 1.000000
vn -0.000023 0.000000 1.000000
vn -0.000023 0.000000 1.000000
vn -0.000023 0.000000 1.000000
vn 0.000000 0.000000 1.000000
vn 0.000000 0.000000 1.000000
vn 0.000000 0.000000 1.000000
vn 0.000000 0.000000 1.000000
vn 0.000002 0.000000 1.000000
vn 0.000002 0.000000 1.000000
vn 0.000002 0.000000 1.000000
vn 0.000002 0.000000 1.000000
vn 0.000000 0.000000 1.000000
vn 0.000000 0.000000 1.000000
vn 0.000000 0.000000 1.000000
vn 0.000000 0.000000 1.000000
vn 0.000000 0.000000 1.000000
vn 0.000000 0.000000 1.000000
vn 0.000000 0.000000 1.000000
vn 0.000000 0.000000 1.000000
vn -0.155295 0.370231 0.915867
vn -0.155295 0.370231 0.915867
vn -0.155295 0.370231 0.915867
vn -0.155295 0.370231 0.915867
vn -0.360163 0.858742 0.364480
vn -0.360163 0.858742 0.364480
vn -0.360163 0.858742 0.364480
vn -0.360163 0.858742 0.364480
vn -0.513093 -0.209896 0.832274
vn -0.513093 -0.209896 0.832274
vn -0.513093 -0.209896 0.832274
vn -0.513093 -0.209896 0.832274
vn -0.896298 -0.366653 0.249432
vn -0.896298 -0.366653 0.249432
vn -0.896298 -0.366653 0.249432
vn -0.896298 -0.366653 0.249432
vn 0.513100 0.209892 0.832270
vn 0.513100 0.209892 0.832270
vn 0.513100 0.209892 0.832270
vn 0.513100 0.209892 0.832270
vn 0.896298 0.366642 0.249445
vn 0.896298 0.366642 0.249445
vn 0.896298 0.366642 0.249445
vn 0.896298 0.366642 0.249445
vn 0.155288 -0.370232 0.915868
vn 0.155288 -0.370232 0.915868
vn 0.155288 -0.370232 0.915868
vn 0.155288 -0.370232 0.915868
vn 0.360187 -0.858732 0.364478
vn 0.360187 -0.858732 0.364478
vn 0.360187 -0.858732 0.364478
vn 0.360187 -0.858732 0.364478
vn -0.155279 0.370238 0.915867
vn -0.155279 0.370238 0.915867
vn -0.155279 0.370238 0.915867
vn -0.155279 0.370238 0.915867
vn -0.360159 0.858732 0.364505
vn -0.360159 0.858732 0.364505
vn -0.360159 0.858732 0.364505
vn -0.360159 0.858732 0.364505
vn -0.513082 -0.209892 0.832282
vn -0.513082 -0.209892 0.832282
vn -0.513082 -0.209892 0.832282
vn -0.513082 -0.209892 0.832282
vn -0.896302 -0.366640 0.249436
vn -0.896302 -0.366640 0.249436
vn -0.896302 -0.366640 0.249436
vn -0.896302 -0.366640 0.249436
vn 0.513106 0.209893 0.832266
vn 0.513106 0.209893 0.832266
vn 0.513106 0.209893 0.832266
vn 0.513106 0.209893 0.832266
vn 0.896296 0.366641 0.249454
vn 0.896297 0.366641 0.249453
vn 0.896296 0.366641 0.249454
vn 0.896297 0.366641 0.249453
vn 0.155268 -0.370228 0.915873
vn 0.155268 -0.370228 0.915873
vn 0.155268 -0.370228 0.915873
vn 0.155268 -0.370228 0.915873
vn 0.360151 -0.858746 0.364480
vn 0.360151 -0.858746 0.364480
vn 0.360151 -0.858747 0.364480
vn 0.360151 -0.858746 0.364480
vn -0.155286 0.370231 0.915869
vn -0.155286 0.370231 0.915869
vn -0.155286 0.370231 0.915869
vn -0.155286 0.370231 0.915869
vn -0.360193 0.858733 0.364471
vn -0.360193 0.858733 0.364471
vn -0.360193 0.858733 0.364471
vn -0.360193 0.858733 0.364471
vn -0.513093 -0.209897 0.832273
vn -0.513093 -0.209897 0.832273
vn -0.513093 -0.209897 0.832273
vn -0.513093 -0.209897 0.832273
vn -0.896293 -0.366659 0.249440
vn -0.896293 -0.366659 0.249440
vn -0.896293 -0.366659 0.249440
vn -0.896293 -0.366659 0.249440
vn 0.513086 0.209896 0.832278
vn 0.513086 0.209896 0.832278
vn 0.513086 0.209896 0.832278
vn 0.513086 0.209896 0.832278
vn 0.896298 0.366642 0.249447
vn 0.896298 0.366642 0.249447
vn 0.896298 0.366642 0.249447
vn 0.896298 0.366642 0.249447
vn 0.155287 -0.370230 0.915869
vn 0.155287 -0.370230 0.915869
vn 0.155287 -0.370230 0.915869
vn 0.155287 -0.370230 0.915869
vn 0.360193 -0.858725 0.364488
vn 0.360193 -0.858725 0.364488
vn 0.360193 -0.858725 0.364488
vn 0.360193 -0.858725 0.364488
vn -0.155282 0.370222 0.915873
vn -0.155282 0.370222 0.915873
vn -0.155282 0.370222 0.915873
vn -0.155282 0.370222 0.915873
vn -0.360187 0.858738 0.364465
vn -0.360187 0.858738 0.364465
vn -0.360187 0.858738 0.364465
vn -0.360187 0.858738 0.364465
vn -0.513088 -0.209894 0.832277
vn -0.513088 -0.209894 0.832277
vn -0.513088 -0.209894 0.832277
vn -0.513088 -0.209894 0.832277
vn -0.896300 -0.366647 0.249432
vn -0.896300 -0.366647 0.249432
vn -0.896300 -0.366647 0.249432
vn -0.896300 -0.366647 0.249432
vn 0.513106 0.209893 0.832266
vn 0.513106 0.209893 0.832266
vn 0.513106 0.209893 0.832266
vn 0.513106 0.209893 0.832266
vn 0.896296 0.366648 0.249445
vn 0.896296 0.366648 0.249445
vn 0.896296 0.366648 0.249445
vn 0.896296 0.366649 0.249445
vn 0.155278 -0.370231 0.915870
vn 0.155278 -0.370231 0.915870
vn 0.155278 -0.370231 0.915870
vn 0.155278 -0.370231 0.915870
vn 0.360173 -0.858739 0.364477
vn 0.360173 -0.858739 0.364477
vn 0.360173 -0.858739 0.364477
vn 0.360173 -0.858739 0.364477
vn -0.360185 -0.858732 0.364480
vn -0.360185 -0.858732 0.364480
vn -0.360185 -0.858732 0.364480
vn -0.360185 -0.858732 0.364480
vn -0.155285 -0.370230 0.915869
vn -0.155285 -0.370230 0.915869
vn -0.155285 -0.370230 0.915869
vn -0.155285 -0.370230 0.915869
vn -0.896295 0.366652 0.249442
vn -0.896295 0.366652 0.249442
vn -0.896295 0.366652 0.249442
vn -0.896295 0.366652 0.249442
vn -0.513112 0.209893 0.832263
vn -0.513112 0.209893 0.832263
vn -0.513112 0.209893 0.832263
vn -0.513112 0.209893 0.832263
vn 0.360173 0.858739 0.364477
vn 0.360173 0.858739 0.364477
vn 0.360173 0.858739 0.364477
vn 0.360173 0.858739 0.364477
vn 0.155278 0.370230 0.915870
vn 0.155278 0.370230 0.915870
vn 0.155278 0.370230 0.915870
vn 0.155278 0.370230 0.915870
vn 0.896295 -0.366648 0.249447
vn 0.896295 -0.366648 0.249447
vn 0.896295 -0.366648 0.249447
vn 0.896295 -0.366648 0.249447
vn 0.513106 -0.209893 0.832266
vn 0.513106 -0.209893 0.832266
vn 0.513106 -0.209893 0.832266
vn 0.513106 -0.209893 0.832266
vn -0.360149 -0.858748 0.364478
vn -0.360149 -0.858748 0.364478
vn -0.360149 -0.858748 0.364478
vn -0.360149 -0.858748 0.364478
vn -0.155268 -0.370228 0.915873
vn -0.155268 -0.370228 0.915873
vn -0.155268 -0.370228 0.915873
vn -0.155268 -0.370228 0.915873
vn -0.896295 0.366652 0.249444
vn -0.896295 0.366652 0.249444
vn -0.896295 0.366652 0.249444
vn -0.896295 0.366652 0.249444
vn -0.513100 0.209896 0.832269
vn -0.513100 0.209896 0.832269
vn -0.513100 0.209896 0.832269
vn -0.513100 0.209896 0.832269
vn 0.360161 0.858731 0.364507
vn 0.360161 0.858731 0.364507
vn 0.360161 0.858731 0.364507
vn 0.360161 0.858731 0.364507
vn 0.155280 0.370234 0.915868
vn 0.155280 0.370234 0.915868
vn 0.155280 0.370234 0.915868
vn 0.155280 0.370234 0.915868
vn 0.896303 -0.366630 0.249446
vn 0.896303 -0.366630 0.249446
vn 0.896303 -0.366630 0.249446
vn 0.896303 -0.366630 0.249446
vn 0.513120 -0.209888 0.832259
vn 0.513120 -0.209888 0.832259
vn 0.513120 -0.209888 0.832259
vn 0.513120 -0.209888 0.832259
vn -0.360192 -0.858730 0.364479
vn -0.360192 -0.858730 0.364479
vn -0.360192 -0.858730 0.364479
vn -0.360192 -0.858730 0.364479
vn -0.155295 -0.370231 0.915867
vn -0.155295 -0.370231 0.915867
vn -0.155295 -0.370231 0.915867
vn -0.155295 -0.370231 0.915867
vn -0.896299 0.366653 0.249428
vn -0.896299 0.366653 0.249427
vn -0.896299 0.366653 0.249428
vn -0.896299 0.366653 0.249427
vn -0.513091 0.209895 0.832275
vn -0.513091 0.209895 0.832275
vn -0.513090 0.209895 0.832275
vn -0.513091 0.209895 0.832275
vn 0.360195 0.858731 0.364473
vn 0.360195 0.858731 0.364473
vn 0.360195 0.858731 0.364473
vn 0.360195 0.858731 0.364473
vn 0.155290 0.370237 0.915866
vn 0.155290 0.370237 0.915866
vn 0.155290 0.370237 0.915866
vn 0.155290 0.370237 0.915866
vn 0.896294 -0.366648 0.249453
vn 0.896294 -0.366648 0.249453
vn 0.896294 -0.366648 0.249453
vn 0.896294 -0.366648 0.249453
vn 0.513109 -0.209894 0.832264
vn 0.513109 -0.209894 0.832264
vn 0.513109 -0.209894 0.832264
vn 0.513109 -0.209894 0.832264
vn -0.360171 -0.858740 0.364475
vn -0.360171 -0.858740 0.364475
vn -0.360171 -0.858740 0.364475
vn -0.360171 -0.858740 0.364475
vn -0.155265 -0.370224 0.915875
vn -0.155265 -0.370224 0.915875
vn -0.155265 -0.370224 0.915875
vn -0.155265 -0.370224 0.915875
vn -0.896294 0.366659 0.249436
vn -0.896294 0.366659 0.249436
vn -0.896294 0.366659 0.249436
vn -0.896294 0.366659 0.249436
vn -0.513090 0.209895 0.832275
vn -0.513090 0.209895 0.832275
vn -0.513090 0.209895 0.832275
vn -0.513091 0.209895 0.832275
vn 0.360190 0.858739 0.364460
vn 0.360190 0.858739 0.364460
vn 0.360190 0.858739 0.364460
vn 0.360190 0.858739 0.364460
vn 0.155274 0.370221 0.915875
vn 0.155274 0.370221 0.915875
vn 0.155274 0.370221 0.915875
vn 0.155274 0.370221 0.915875
vn 0.896302 -0.366636 0.249441
vn 0.896302 -0.366636 0.249441
vn 0.896302 -0.366636 0.249441
vn 0.896302 -0.366636 0.249441
vn 0.513126 -0.209890 0.832255
vn 0.513126 -0.209890 0.832255
vn 0.513126 -0.209890 0.832255
vn 0.513126 -0.209890 0.832255
vn 0.000000 0.000000 1.000000
vn 0.000000 0.000000 1.000000
vn 0.000000 0.000000 1.000000
vn 0.000000 0.000000 1.000000
vn 0.000000 0.000000 1.000000
vn 0.000000 0.000000 1.000000
vn -0.000005 0.000000 1.000000
vn 0.000000 0.000000 1.000000
vn 0.000000 0.000000 1.000000
vn 0.000000 0.000000 1.000000
vn 0.000000 0.000000 1.000000
vn 0.000000 0.000000 1.000000
vn 0.000000 0.000000 1.000000
vn 0.000000 0.000000 1.000000
vn 0.000000 0.000000 1.000000
vn 0.000000 0.000000 1.000000
vn 0.000000 0.000000 1.000000
vn 0.000000 0.000000 1.000000
vn 0.000000 0.000000 1.000000
vn 0.000000 0.000000 1.000000
vn 0.000000 0.000000 1.000000
vn 0.000000 0.000000 1.000000
vn 0.000000 0.000000 1.000000
vn 0.000000 0.000000 1.000000
vn 0.000000 0.000000 1.000000
vn 0.000000 0.000000 1.000000
vn 0.000000 0.000000 1.000000
vn 0.000000 0.000000 1.000000
vn 0.000000 0.000000 1.000000
vn 0.000000 -1.000000 0.000000
vn 0.000000 -1.000000 0.000000
vn 0.000000 -1.000000 0.000000
vn 0.000000 -1.000000 0.000000
vn 0.000000 1.000000 0.000000
vn 0.000000 1.000000 0.000000
vn 0.000000 1.000000 0.000000
vn 0.000000 1.000000 0.000000
vn -1.000000 0.000000 0.000000
vn -1.000000 0.000000 0.000000
vn -1.000000 0.000000 0.000000
vn -1.000000 0.000000 0.000000
vn 1.000000 0.000000 0.000000
vn 1.000000 0.000000 0.000000
vn 1.000000 0.000000 0.000000
vn 1.000000 0.000000 0.000000
vn -0.000001 -1.000000 0.000000
vn 0.000001 -1.000000 0.000000
vn -0.000001 -1.000000 0.000000
vn -0.000001 -1.000000 0.000000
vn 0.000000 1.000000 0.000000
vn 0.000000 1.000000 0.000000
vn 0.000000 1.000000 0.000000
vn 0.000000 1.000000 0.000000
vn -1.000000 0.000000 0.000000
vn -1.000000 0.000000 0.000000
vn -1.000000 0.000000 0.000000
vn -1.000000 0.000000 0.000000
vn 1.000000 0.000000 0.000000
vn 1.000000 0.000000 0.000000
vn 1.000000 0.000000 0.000000
vn 1.000000 0.000000 0.000000
vn 0.000000 -1.000000 0.000000
vn 0.000000 -1.000000 0.000000
vn 0.000000 -1.000000 0.000000
vn 0.000000 -1.000000 0.000000
vn 0.000000 1.000000 0.000000
vn 0.000000 1.000000 0.000000
vn 0.000000 1.000000 0.000000
vn 0.000000 1.000000 0.000000
vn -1.000000 0.000000 0.000000
vn -1.000000 0.000000 0.000000
vn -1.000000 0.000000 0.000000
vn -1.000000 0.000000 0.000000
vn 1.000000 0.000000 0.000000
vn 1.000000 0.000000 0.000000
vn 1.000000 0.000000 0.000000
vn 1.000000 0.000000 0.000000
vn -0.000003 -1.000000 0.000000
vn 0.000003 -1.000000 0.000000
vn -0.000003 -1.000000 0.000000
vn -0.000003 -1.000000 0.000000
vn -0.000002 1.000000 0.000000
vn -0.000002 1.000000 0.000000
vn 0.000002 1.000000 0.000000
vn 0.000002 1.000000 0.000000
vn -1.000000 0.000000 0.000000
vn -1.000000 0.000000 0.000000
vn -1.000000 0.000000 0.000000
vn -1.000000 0.000000 0.000000
vn 1.000000 0.000000 0.000000
vn 1.000000 0.000000 0.000000
vn 1.000000 0.000000 0.000000
vn 1.000000 0.000000 0.000000
vn -0.925550 -0.378625 0.000000
vn -0.925550 -0.378625 0.000000
vn -0.925550 -0.378625 0.000000
vn -0.925550 -0.378625 0.000000
vn -0.386791 -0.922167 0.000000
vn -0.386791 -0.922167 0.000000
vn -0.386791 -0.922167 0.000000
vn -0.386791 -0.922167 0.000000
vn -0.386777 0.922173 0.000000
vn -0.386777 0.922173 0.000000
vn -0.386777 0.922173 0.000000
vn -0.386777 0.922173 0.000000
vn -0.925553 0.378619 0.000000
vn -0.925553 0.378619 0.000000
vn -0.925553 0.378619 0.000000
vn -0.925553 0.378619 0.000000
vn 0.925557 0.378608 0.000000
vn 0.925557 0.378608 0.000000
vn 0.925557 0.378608 0.000000
vn 0.925557 0.378608 0.000000
vn 0.386780 0.922172 0.000000
vn 0.386780 0.922172 0.000000
vn 0.386780 0.922172 0.000000
vn 0.386780 0.922172 0.000000
vn 0.386794 -0.922166 0.000000
vn 0.386794 -0.922166 0.000000
vn 0.386794 -0.922166 0.000000
vn 0.386794 -0.922166 0.000000
vn 0.925555 -0.378614 0.000000
vn 0.925555 -0.378614 0.000000
vn 0.925555 -0.378614 0.000000
vn 0.925555 -0.378614 0.000000
vn -0.925555 -0.378613 0.000000
vn -0.925555 -0.378613 0.000000
vn -0.925555 -0.378613 0.000000
vn -0.925555 -0.378613 0.000000
vn -0.386749 -0.922185 0.000000
vn -0.386749 -0.922185 0.000000
vn -0.386749 -0.922185 0.000000
vn -0.386749 -0.922185 0.000000
vn -0.386767 0.922177 0.000000
vn -0.386767 0.922177 0.000000
vn -0.386767 0.922177 0.000000
vn -0.386767 0.922177 0.000000
vn -0.925550 0.378625 0.000000
vn -0.925550 0.378625 0.000000
vn -0.925550 0.378625 0.000000
vn -0.925550 0.378625 0.000000
vn 0.925555 0.378614 0.000000
vn 0.925555 0.378614 0.000000
vn 0.925555 0.378614 0.000000
vn 0.925555 0.378614 0.000000
vn 0.386770 0.922176 0.000000
vn 0.386770 0.922176 0.000000
vn 0.386770 0.922176 0.000000
vn 0.386770 0.922176 0.000000
vn 0.386752 -0.922184 0.000000
vn 0.386752 -0.922184 0.000000
vn 0.386752 -0.922184 0.000000
vn 0.386752 -0.922184 0.000000
vn 0.925559 -0.378603 0.000000
vn 0.925559 -0.378603 0.000000
vn 0.925559 -0.378603 0.000000
vn 0.925559 -0.378603 0.000000
vn -0.925550 -0.378625 0.000000
vn -0.925550 -0.378625 0.000000
vn -0.925550 -0.378625 0.000000
vn -0.925550 -0.378625 0.000000
vn -0.386790 -0.922168 0.000000
vn -0.386790 -0.922168 0.000000
vn -0.386790 -0.922168 0.000000
vn -0.386790 -0.922168 0.000000
vn -0.386790 0.922168 0.000000
vn -0.386790 0.922168 0.000000
vn -0.386790 0.922168 0.000000
vn -0.386790 0.922168 0.000000
vn -0.925550 0.378625 0.000000
vn -0.925550 0.378625 0.000000
vn -0.925550 0.378625 0.000000
vn -0.925550 0.378625 0.000000
vn 0.925555 0.378614 0.000000
vn 0.925555 0.378614 0.000000
vn 0.925555 0.378614 0.000000
vn 0.925555 0.378614 0.000000
vn 0.386793 0.922167 0.000000
vn 0.386793 0.922167 0.000000
vn 0.386793 0.922167 0.000000
vn 0.386793 0.922167 0.000000
vn 0.386793 -0.922167 0.000000
vn 0.386793 -0.922167 0.000000
vn 0.386793 -0.922167 0.000000
vn 0.386793 -0.922167 0.000000
vn 0.925555 -0.378614 0.000000
vn 0.925555 -0.378614 0.000000
vn 0.925555 -0.378614 0.000000
vn 0.925555 -0.378614 0.000000
vn -0.925553 -0.378619 0.000000
vn -0.925553 -0.378619 0.000000
vn -0.925553 -0.378619 0.000000
vn -0.925553 -0.378619 0.000000
vn -0.386770 -0.922176 0.000000
vn -0.386770 -0.922176 0.000000
vn -0.386770 -0.922176 0.000000
vn -0.386770 -0.922176 0.000000
vn -0.386787 0.922169 0.000000
vn -0.386787 0.922169 0.000000
vn -0.386787 0.922169 0.000000
vn -0.386787 0.922169 0.000000
vn -0.925549 0.378627 0.000000
vn -0.925549 0.378627 0.000000
vn -0.925549 0.378627 0.000000
vn -0.925549 0.378627 0.000000
vn 0.925554 0.378616 0.000000
vn 0.925554 0.378616 0.000000
vn 0.925554 0.378616 0.000000
vn 0.925554 0.378616 0.000000
vn 0.386790 0.922168 0.000000
vn 0.386790 0.922168 0.000000
vn 0.386790 0.922168 0.000000
vn 0.386790 0.922168 0.000000
vn 0.386773 -0.922175 0.000000
vn 0.386773 -0.922175 0.000000
vn 0.386773 -0.922175 0.000000
vn 0.386773 -0.922175 0.000000
vn 0.925557 -0.378608 0.000000
vn 0.925557 -0.378608 0.000000
vn 0.925557 -0.378608 0.000000
vn 0.925557 -0.378608 0.000000
vn 0.613624 0.000000 0.789599
vn 0.613624 0.000000 0.789599
vn 0.613624 0.000000 0.789599
vn 0.613624 0.000000 0.789599
vn 0.976485 0.000000 0.215585
vn 0.976485 0.000000 0.215585
vn 0.976485 0.000000 0.215585
vn 0.976485 0.000000 0.215585
vn 0.513122 -0.209893 0.832256
vn 0.513122 -0.209893 0.832256
vn 0.513122 -0.209893 0.832256
vn 0.513122 -0.209893 0.832256
vn 0.896300 -0.366644 0.249436
vn 0.896300 -0.366644 0.249436
vn 0.896300 -0.366644 0.249436
vn 0.896300 -0.366644 0.249436
vn 0.613632 0.000000 0.789592
vn 0.613632 0.000000 0.789592
vn 0.613632 0.000000 0.789592
vn 0.613632 0.000000 0.789592
vn 0.976485 0.000000 0.215585
vn 0.976485 0.000000 0.215585
vn 0.976485 0.000000 0.215585
vn 0.976485 0.000000 0.215585
vn 0.513117 -0.209891 0.832260
vn 0.513117 -0.209891 0.832260
vn 0.513117 -0.209891 0.832260
vn 0.513117 -0.209891 0.832260
vn 0.896301 -0.366638 0.249441
vn 0.896301 -0.366638 0.249441
vn 0.896301 -0.366638 0.249441
vn 0.896301 -0.366638 0.249441
vn 0.613629 0.000000 0.789594
vn 0.613629 0.000000 0.789594
vn 0.613629 0.000000 0.789594
vn 0.613629 0.000000 0.789594
vn 0.976484 0.000000 0.215590
vn 0.976484 0.000000 0.215590
vn 0.976484 0.000000 0.215590
vn 0.976484 0.000000 0.215590
vn 0.513094 -0.209897 0.832273
vn 0.513094 -0.209897 0.832273
vn 0.513094 -0.209897 0.832273
vn 0.513094 -0.209897 0.832273
vn 0.896297 -0.366649 0.249441
vn 0.896297 -0.366649 0.249441
vn 0.896297 -0.366649 0.249441
vn 0.896297 -0.366649 0.249441
vn 0.613651 0.000000 0.789577
vn 0.613651 0.000000 0.789577
vn 0.613651 0.000000 0.789577
vn 0.613651 0.000000 0.789577
vn 0.976485 0.000000 0.215584
vn 0.976485 0.000000 0.215584
vn 0.976485 0.000000 0.215584
vn 0.976485 0.000000 0.215584
vn 0.513121 -0.209893 0.832257
vn 0.513121 -0.209893 0.832257
vn 0.513121 -0.209893 0.832257
vn 0.513121 -0.209893 0.832257
vn 0.896302 -0.366639 0.249437
vn 0.896302 -0.366639 0.249437
vn 0.896302 -0.366639 0.249437
vn 0.896302 -0.366639 0.249437
vn 0.000000 -0.382693 0.923876
vn 0.000000 -0.382693 0.923876
vn 0.000000 -0.382692 0.923876
vn 0.000000 -0.382692 0.923876
vn 0.000000 -0.923879 0.382685
vn 0.000000 -0.923879 0.382685
vn 0.000000 -0.923880 0.382683
vn 0.000000 -0.923880 0.382683
vn -0.155297 -0.370233 0.915866
vn -0.155297 -0.370233 0.915866
vn -0.155297 -0.370233 0.915866
vn -0.155297 -0.370233 0.915866
vn -0.360184 -0.858733 0.364478
vn -0.360184 -0.858733 0.364478
vn -0.360184 -0.858733 0.364478
vn -0.360184 -0.858733 0.364478
vn 0.000001 -0.382690 0.923877
vn 0.000001 -0.382690 0.923877
vn 0.000000 -0.382692 0.923876
vn 0.000000 -0.382692 0.923876
vn 0.000001 -0.923882 0.382678
vn 0.000001 -0.923882 0.382678
vn -0.000001 -0.923877 0.382689
vn -0.000001 -0.923877 0.382689
vn -0.613649 0.000000 0.789579
vn -0.613649 0.000000 0.789579
vn -0.613649 0.000000 0.789579
vn -0.613649 0.000000 0.789579
vn -0.976484 0.000000 0.215590
vn -0.976484 0.000000 0.215590
vn -0.976484 0.000000 0.215590
vn -0.976484 0.000000 0.215590
vn -0.513117 0.209896 0.832259
vn -0.513117 0.209896 0.832259
vn -0.513117 0.209896 0.832259
vn -0.513117 0.209896 0.832259
vn -0.896295 0.366653 0.249443
vn -0.896295 0.366653 0.249443
vn -0.896295 0.366653 0.249443
vn -0.896295 0.366653 0.249443
vn -0.613635 0.000000 0.789590
vn -0.613635 0.000000 0.789590
vn -0.613635 0.000000 0.789590
vn -0.613635 0.000000 0.789590
vn -0.976484 0.000000 0.215590
vn -0.976484 0.000000 0.215590
vn -0.976484 0.000000 0.215590
vn -0.976484 0.000000 0.215590
vn -0.513121 0.209897 0.832256
vn -0.513121 0.209897 0.832256
vn -0.513121 0.209897 0.832256
vn -0.513121 0.209897 0.832256
vn -0.896295 0.366653 0.249443
vn -0.896295 0.366653 0.249443
vn -0.896295 0.366653 0.249443
vn -0.896295 0.366653 0.249443
vn -0.613656 0.000000 0.789574
vn -0.613656 0.000000 0.789574
vn -0.613656 0.000000 0.789574
vn -0.613656 0.000000 0.789574
vn -0.976485 0.000000 0.215584
vn -0.976485 0.000000 0.215584
vn -0.976485 0.000000 0.215584
vn -0.976485 0.000000 0.215584
vn -0.513098 0.209903 0.832269
vn -0.513098 0.209903 0.832269
vn -0.513098 0.209903 0.832269
vn -0.513098 0.209903 0.832269
vn -0.896291 0.366657 0.249450
vn -0.896291 0.366657 0.249450
vn -0.896291 0.366657 0.249450
vn -0.896291 0.366657 0.249450
vn -0.613637 0.000000 0.789588
vn -0.613637 0.000000 0.789588
vn -0.613637 0.000000 0.789588
vn -0.613637 0.000000 0.789588
vn -0.976486 0.000000 0.215580
vn -0.976486 0.000000 0.215580
vn -0.976486 0.000000 0.215580
vn -0.976486 0.000000 0.215580
vn -0.513090 0.209900 0.832275
vn -0.513090 0.209900 0.832275
vn -0.513090 0.209900 0.832275
vn -0.513090 0.209900 0.832275
vn -0.896295 0.366653 0.249443
vn -0.896295 0.366653 0.249443
vn -0.896295 0.366653 0.249443
vn -0.896295 0.366653 0.249443
vn 0.000000 -0.382695 0.923875
vn 0.000000 -0.382695 0.923875
vn 0.000000 -0.382694 0.923875
vn 0.000000 -0.382695 0.923875
vn 0.000000 -0.923878 0.382688
vn 0.000000 -0.923878 0.382688
vn 0.000000 -0.923877 0.382689
vn 0.000000 -0.923877 0.382689
vn -0.155292 -0.370238 0.915865
vn -0.155292 -0.370238 0.915865
vn -0.155292 -0.370238 0.915865
vn -0.155292 -0.370238 0.915865
vn -0.360191 -0.858731 0.364477
vn -0.360191 -0.858731 0.364477
vn -0.360191 -0.858731 0.364477
vn -0.360191 -0.858731 0.364477
vn 0.000000 0.382694 0.923875
vn 0.000000 0.382694 0.923875
vn 0.000000 0.382695 0.923875
vn 0.000000 0.382695 0.923875
vn 0.000000 0.923878 0.382686
vn 0.000000 0.923878 0.382686
vn 0.000000 0.923878 0.382686
vn 0.000000 0.923878 0.382688
vn 0.155287 0.370237 0.915866
vn 0.155287 0.370237 0.915866
vn 0.155287 0.370237 0.915866
vn 0.155287 0.370237 0.915866
vn 0.360174 0.858737 0.364479
vn 0.360174 0.858737 0.364479
vn 0.360174 0.858737 0.364479
vn 0.360174 0.858737 0.364479
vn -0.155271 -0.370240 0.915867
vn -0.155271 -0.370240 0.915867
vn -0.155271 -0.370240 0.915867
vn -0.155271 -0.370240 0.915868
vn -0.360147 -0.858749 0.364478
vn -0.360147 -0.858749 0.364478
vn -0.360147 -0.858749 0.364478
vn -0.360147 -0.858749 0.364478
vn 0.000000 0.382686 0.923878
vn 0.000000 0.382686 0.923878
vn 0.000000 0.382690 0.923877
vn 0.000000 0.382690 0.923877
vn 0.000000 0.923883 0.382676
vn 0.000000 0.923883 0.382676
vn 0.000000 0.923883 0.382676
vn 0.000000 0.923882 0.382678
vn 0.155286 0.370235 0.915867
vn 0.155286 0.370235 0.915867
vn 0.155286 0.370235 0.915867
vn 0.155286 0.370235 0.915867
vn 0.360159 0.858739 0.364490
vn 0.360160 0.858739 0.364490
vn 0.360160 0.858739 0.364490
vn 0.360160 0.858739 0.364490
vn 0.000000 0.382692 0.923876
vn 0.000000 0.382692 0.923876
vn 0.000000 0.382690 0.923877
vn 0.000000 0.382690 0.923877
vn 0.000000 0.923877 0.382689
vn 0.000000 0.923877 0.382689
vn 0.000000 0.923877 0.382689
vn 0.000000 0.923879 0.382685
vn 0.155302 0.370239 0.915863
vn 0.155302 0.370239 0.915863
vn 0.155302 0.370239 0.915863
vn 0.155302 0.370239 0.915863
vn 0.360186 0.858729 0.364487
vn 0.360186 0.858729 0.364487
vn 0.360186 0.858729 0.364487
vn 0.360186 0.858729 0.364487
vn 0.000001 -0.382695 0.923875
vn 0.000001 -0.382695 0.923875
vn -0.000001 -0.382697 0.923874
vn -0.000001 -0.382697 0.923874
vn 0.000002 -0.923876 0.382691
vn 0.000002 -0.923876 0.382691
vn -0.000002 -0.923877 0.382689
vn -0.000002 -0.923877 0.382689
vn -0.155285 -0.370239 0.915865
vn -0.155285 -0.370239 0.915865
vn -0.155285 -0.370239 0.915865
vn -0.155285 -0.370239 0.915865
vn -0.360164 -0.858738 0.364488
vn -0.360164 -0.858738 0.364488
vn -0.360164 -0.858738 0.364488
vn -0.360164 -0.858738 0.364488
vn 0.000001 0.382692 0.923876
vn 0.000001 0.382692 0.923876
vn -0.000001 0.382692 0.923876
vn -0.000001 0.382693 0.923876
vn 0.000002 0.923880 0.382683
vn 0.000002 0.923880 0.382683
vn 0.000002 0.923880 0.382683
vn -0.000002 0.923879 0.382685
vn 0.155300 0.370233 0.915865
vn 0.155300 0.370233 0.915865
vn 0.155300 0.370233 0.915865
vn 0.155300 0.370233 0.915865
vn 0.360186 0.858729 0.364487
vn 0.360186 0.858729 0.364487
vn 0.360186 0.858729 0.364487
vn 0.360186 0.858729 0.364487
vn -0.896295 -0.366653 0.249441
vn -0.896295 -0.366653 0.249441
vn -0.896295 -0.366653 0.249441
vn -0.896295 -0.366653 0.249441
vn -0.513108 -0.209900 0.832263
vn -0.513108 -0.209900 0.832263
vn -0.513108 -0.209900 0.832263
vn -0.513108 -0.209900 0.832263
vn -0.360172 0.858738 0.364480
vn -0.360172 0.858738 0.364480
vn -0.360172 0.858738 0.364480
vn -0.360172 0.858738 0.364480
vn -0.155292 0.370238 0.915865
vn -0.155292 0.370237 0.915865
vn -0.155292 0.370238 0.915865
vn -0.155292 0.370237 0.915865
vn 0.896305 0.366634 0.249434
vn 0.896305 0.366634 0.249434
vn 0.896305 0.366634 0.249434
vn 0.896305 0.366634 0.249434
vn 0.513133 0.209890 0.832250
vn 0.513133 0.209890 0.832250
vn 0.513133 0.209890 0.832250
vn 0.513133 0.209890 0.832250
vn 0.360193 -0.858729 0.364480
vn 0.360193 -0.858729 0.364480
vn 0.360193 -0.858729 0.364480
vn 0.360193 -0.858729 0.364480
vn 0.155293 -0.370235 0.915866
vn 0.155293 -0.370235 0.915866
vn 0.155293 -0.370235 0.915866
vn 0.155293 -0.370235 0.915866
vn -0.896296 -0.366647 0.249447
vn -0.896296 -0.366647 0.249447
vn -0.896296 -0.366647 0.249447
vn -0.896296 -0.366647 0.249447
vn -0.513113 -0.209894 0.832262
vn -0.513113 -0.209894 0.832262
vn -0.513113 -0.209894 0.832262
vn -0.513113 -0.209894 0.832262
vn -0.360160 0.858745 0.364476
vn -0.360160 0.858745 0.364476
vn -0.360160 0.858745 0.364476
vn -0.360160 0.858745 0.364476
vn -0.155285 0.370239 0.915865
vn -0.155285 0.370239 0.915865
vn -0.155285 0.370239 0.915865
vn -0.155285 0.370239 0.915865
vn 0.896300 0.366644 0.249437
vn 0.896300 0.366644 0.249437
vn 0.896300 0.366644 0.249437
vn 0.896300 0.366644 0.249437
vn 0.513112 0.209898 0.832262
vn 0.513112 0.209898 0.832262
vn 0.513112 0.209898 0.832262
vn 0.513112 0.209898 0.832262
vn 0.360149 -0.858748 0.364480
vn 0.360149 -0.858748 0.364480
vn 0.360149 -0.858748 0.364480
vn 0.360149 -0.858748 0.364480
vn 0.155278 -0.370236 0.915868
vn 0.155278 -0.370236 0.915868
vn 0.155278 -0.370236 0.915868
vn 0.155278 -0.370236 0.915868
vn -0.896295 -0.366653 0.249440
vn -0.896295 -0.366653 0.249440
vn -0.896295 -0.366653 0.249440
vn -0.896295 -0.366653 0.249440
vn -0.513105 -0.209899 0.832265
vn -0.513105 -0.209899 0.832265
vn -0.513105 -0.209899 0.832265
vn -0.513105 -0.209899 0.832265
vn -0.360183 0.858731 0.364485
vn -0.360183 0.858731 0.364485
vn -0.360183 0.858731 0.364485
vn -0.360183 0.858731 0.364485
vn -0.155292 0.370239 0.915864
vn -0.155292 0.370239 0.915864
vn -0.155292 0.370239 0.915864
vn -0.155292 0.370239 0.915864
vn 0.896300 0.366644 0.249437
vn 0.896300 0.366644 0.249437
vn 0.896300 0.366644 0.249437
vn 0.896300 0.366644 0.249437
vn 0.513108 0.209895 0.832265
vn 0.513108 0.209895 0.832265
vn 0.513108 0.209895 0.832265
vn 0.513108 0.209895 0.832265
vn 0.360187 -0.858734 0.364474
vn 0.360187 -0.858734 0.364474
vn 0.360187 -0.858734 0.364474
vn 0.360188 -0.858734 0.364474
vn 0.155293 -0.370234 0.915866
vn 0.155293 -0.370234 0.915866
vn 0.155293 -0.370234 0.915866
vn 0.155293 -0.370234 0.915866
vn -0.896297 -0.366648 0.249443
vn -0.896297 -0.366648 0.249443
vn -0.896297 -0.366648 0.249443
vn -0.896297 -0.366648 0.249443
vn -0.513109 -0.209900 0.832263
vn -0.513109 -0.209900 0.832262
vn -0.513109 -0.209900 0.832263
vn -0.513109 -0.209900 0.832262
vn -0.360185 0.858736 0.364472
vn -0.360185 0.858736 0.364472
vn -0.360185 0.858736 0.364472
vn -0.360185 0.858736 0.364472
vn -0.155291 0.370236 0.915866
vn -0.155291 0.370236 0.915866
vn -0.155291 0.370236 0.915866
vn -0.155291 0.370236 0.915866
vn 0.896295 0.366648 0.249448
vn 0.896295 0.366648 0.249448
vn 0.896295 0.366648 0.249447
vn 0.896295 0.366648 0.249448
vn 0.513114 0.209898 0.832260
vn 0.513114 0.209898 0.832260
vn 0.513114 0.209898 0.832260
vn 0.513114 0.209898 0.832260
vn 0.360166 -0.858736 0.364489
vn 0.360166 -0.858736 0.364489
vn 0.360166 -0.858736 0.364489
vn 0.360166 -0.858736 0.364489
vn 0.155288 -0.370241 0.915864
vn 0.155288 -0.370241 0.915864
vn 0.155288 -0.370241 0.915864
vn 0.155288 -0.370241 0.915864
vn -0.585296 0.114955 0.802629
vn -0.585296 0.114955 0.802629
vn -0.585296 0.114955 0.802629
vn -0.585296 0.114955 0.802629
vn -0.956102 0.187787 0.224956
vn -0.956102 0.187786 0.224956
vn -0.956102 0.187786 0.224956
vn -0.956102 0.187786 0.224956
vn -0.001701 0.978145 0.207916
vn 0.001701 0.978142 0.207930
vn 0.001701 0.978142 0.207930
vn 0.001701 0.978142 0.207930
vn -0.007827 0.625610 0.780097
vn 0.007828 0.625622 0.780087
vn 0.007828 0.625622 0.780087
vn 0.007828 0.625622 0.780087
vn 0.076481 0.379714 0.921937
vn 0.076481 0.379714 0.921937
vn 0.076481 0.379714 0.921937
vn 0.076481 0.379714 0.921937
vn 0.182793 0.907544 0.378088
vn 0.182793 0.907544 0.378088
vn 0.182793 0.907544 0.378088
vn 0.182793 0.907544 0.378088
vn -0.976488 0.000000 0.215574
vn -0.976488 0.000000 0.215574
vn -0.976488 0.000000 0.215574
vn -0.976488 0.000000 0.215574
vn -0.613630 0.000000 0.789594
vn -0.613630 0.000000 0.789594
vn -0.613630 0.000000 0.789594
vn -0.613630 0.000000 0.789594
vn -0.003167 0.978262 0.207349
vn -0.003167 0.978262 0.207349
vn -0.003167 0.978262 0.207349
vn -0.003167 0.978262 0.207349
vn -0.015256 0.633681 0.773444
vn -0.015256 0.633681 0.773444
vn -0.015256 0.633681 0.773444
vn -0.015256 0.633681 0.773444
vn -0.976487 0.000000 0.215576
vn -0.976488 0.000000 0.215573
vn -0.976488 0.000000 0.215573
vn -0.976488 0.000000 0.215573
vn -0.613629 0.000000 0.789595
vn -0.613636 0.000000 0.789589
vn -0.613636 0.000000 0.789589
vn -0.613636 0.000000 0.789589
vn 0.000001 0.000002 1.000000
vn 0.000001 0.000002 1.000000
vn 0.000001 0.000002 1.000000
vn 0.000001 0.000002 1.000000
vn 0.000000 1.000000 0.000000
vn 0.000000 1.000000 0.000000
vn 0.000000 1.000000 0.000000
vn 0.000000 1.000000 0.000000
vn 1.000000 0.000000 0.000000
vn 1.000000 0.000000 0.000000
vn 1.000000 0.000000 0.000000
vn 1.000000 0.000000 0.000000
vn 0.981247 0.192753 0.000000
vn 0.981247 0.192753 0.000000
vn 0.981247 0.192753 0.000000
vn 0.981247 0.192753 0.000000
vn 0.834653 0.550776 0.000000
vn 0.834653 0.550776 0.000000
vn 0.834653 0.550776 0.000000
vn 0.834653 0.550776 0.000000
vn 0.560409 0.828216 0.000000
vn 0.560409 0.828216 0.000000
vn 0.560409 0.828216 0.000000
vn 0.560409 0.828216 0.000000
vn 0.197452 0.980313 0.000000
vn 0.197452 0.980313 0.000000
vn 0.197452 0.980313 0.000000
vn 0.197452 0.980313 0.000000
vn 0.000000 1.000000 0.000000
vn 0.000000 1.000000 0.000000
vn 0.000000 1.000000 0.000000
vn -0.197451 0.980313 0.000000
vn -0.197451 0.980313 0.000000
vn -0.197451 0.980313 0.000000
vn -0.197451 0.980313 0.000000
vn -0.560385 0.828232 0.000000
vn -0.560385 0.828232 0.000000
vn -0.560385 0.828232 0.000000
vn -0.560385 0.828232 0.000000
vn -0.834650 0.550780 0.000000
vn -0.834650 0.550780 0.000000
vn -0.834650 0.550780 0.000000
vn -0.834650 0.550780 0.000000
vn -0.981253 0.192723 0.000000
vn -0.981253 0.192723 0.000000
vn -0.981253 0.192723 0.000000
vn -0.981253 0.192723 0.000000
vn -1.000000 0.000000 0.000000
vn -1.000000 0.000000 0.000000
vn -1.000000 0.000000 0.000000
vn -1.000000 0.000000 0.000000
vn 0.000000 0.000000 1.000000
vn 0.000000 0.000000 1.000000
vn 0.000000 0.000000 1.000000
vn 0.000000 0.000000 1.000000
vn 0.000001 -0.000005 1.000000
vn 0.000001 -0.000005 1.000000
vn 0.000001 -0.000005 1.000000
vn 0.000001 -0.000005 1.000000
vn 0.000001 -0.000001 1.000000
vn 0.000001 -0.000001 1.000000
vn 0.000001 -0.000001 1.000000
vn 0.000001 -0.000001 1.000000
vn 0.000000 0.000000 1.000000
vn 0.000000 0.000000 1.000000
vn 0.000000 0.000000 1.000000
vn 0.000000 0.000000 1.000000
vn 0.000001 0.000000 1.000000
vn 0.000001 0.000000 1.000000
vn 0.000001 0.000000 1.000000
vn 0.000001 0.000000 1.000000
vn 0.000001 0.000000 1.000000
vn 0.000003 0.000000 1.000000
vn 0.000003 0.000000 1.000000
vn 0.000003 0.000000 1.000000
vn -1.000000 0.000000 0.000000
vn -1.000000 0.000000 0.000000
vn -1.000000 0.000000 0.000000
vn -1.000000 0.000000 0.000000
vn 1.000000 0.000000 0.000000
vn 1.000000 0.000000 0.000000
vn 1.000000 0.000000 0.000000
vn 1.000000 0.000000 0.000000
vn 0.000000 0.000000 1.000000
vn 0.000000 0.000000 1.000000
vn 0.000000 0.000000 1.000000
vn -1.000000 0.000000 0.000000
vn -1.000000 0.000000 0.000000
vn -1.000000 0.000000 0.000000
vn -1.000000 0.000000 0.000000
vn 1.000000 0.000000 0.000000
vn 1.000000 0.000000 0.000000
vn 1.000000 0.000000 0.000000
vn 1.000000 0.000000 0.000000
vn 0.000000 0.000000 1.000000
vn 0.000000 0.000000 1.000000
vn 0.000000 0.000000 1.000000
vn 0.000000 0.000000 1.000000
vn -1.000000 0.000000 0.000000
vn -1.000000 0.000000 0.000000
vn -1.000000 0.000000 0.000000
vn -1.000000 0.000000 0.000000
vn 1.000000 0.000000 0.000000
vn 1.000000 0.000000 0.000000
vn 1.000000 0.000000 0.000000
vn 1.000000 0.000000 0.000000
vn 0.000000 0.000000 1.000000
vn 0.000000 0.000000 1.000000
vn 0.000000 0.000000 1.000000
vn 0.000000 0.000000 1.000000
vn -1.000000 0.000000 0.000000
vn -1.000000 0.000000 0.000000
vn -1.000000 0.000000 0.000000
vn -1.000000 0.000000 0.000000
vn 1.000000 0.000000 0.000000
vn 1.000000 0.000000 0.000000
vn 1.000000 0.000000 0.000000
vn 1.000000 0.000000 0.000000
vn -0.000001 0.000002 1.000000
vn -0.000001 0.000002 1.000000
vn -0.000001 0.000002 1.000000
vn -0.000001 0.000002 1.000000
vn -0.000001 -0.000001 1.000000
vn -0.000001 -0.000001 1.000000
vn -0.000001 -0.000001 1.000000
vn -0.000001 -0.000001 1.000000
vn -0.000001 -0.000005 1.000000
vn -0.000001 -0.000005 1.000000
vn -0.000001 -0.000005 1.000000
vn -0.000001 -0.000005 1.000000
vn 0.000000 0.000000 1.000000
vn 0.000000 0.000000 1.000000
vn 0.000000 0.000000 1.000000
vn 0.000000 0.000000 1.000000
vn 0.000000 1.000000 0.000000
vn 0.000000 1.000000 0.000000
vn 0.000000 1.000000 0.000000
vn 0.000000 0.000000 1.000000
vn 0.000000 0.000000 1.000000
vn 0.000000 0.000000 1.000000
vn 0.000000 0.000000 1.000000
vn 0.000000 0.000000 1.000000
vn 0.000000 0.000000 1.000000
vn 0.000000 0.000000 1.000000
vn -0.000005 0.000000 1.000000
vn 0.000000 0.000000 1.000000
vn 0.000000 0.000000 1.000000
vn 0.000000 0.000000 1.000000
vn 0.000000 0.000000 1.000000
vn 0.000000 0.000000 1.000000
vn 0.000000 0.000000 1.000000
vn 0.000000 0.000000 1.000000
vn 0.000000 0.000000 1.000000
vn 0.000000 0.000000 1.000000
vn 0.000000 0.000000 1.000000
vn 0.000000 0.000000 1.000000
vn 0.000000 0.000000 1.000000
vn 0.000000 0.000000 1.000000
vn 0.000000 0.000000 1.000000
vn 0.000000 0.000000 1.000000
vn 0.000000 0.000000 1.000000
vn 0.000000 0.000000 1.000000
vn 0.000000 0.000000 1.000000
vn 0.000000 0.000000 1.000000
vn 0.000000 0.000000 1.000000
vn -0.800915 0.528521 0.281426
vn -0.800915 0.528521 0.281426
vn -0.800915 0.528521 0.281426
vn -0.800915 0.528521 0.281426
vn -0.421489 0.278136 0.863127
vn -0.421489 0.278135 0.863127
vn -0.421489 0.278136 0.863127
vn -0.421489 0.278135 0.863127
vn -0.613641 0.000000 0.789586
vn -0.613641 0.000000 0.789585
vn -0.613641 0.000000 0.789585
vn -0.613641 0.000000 0.789585
vn -0.976486 0.000000 0.215579
vn -0.976486 0.000000 0.215579
vn -0.976486 0.000000 0.215579
vn -0.976486 0.000000 0.215579
vn 0.613640 0.000000 0.789586
vn 0.613640 0.000000 0.789586
vn 0.613640 0.000000 0.789586
vn 0.613640 0.000000 0.789586
vn 0.976488 0.000000 0.215574
vn 0.976488 0.000000 0.215574
vn 0.976488 0.000000 0.215574
vn 0.976488 0.000000 0.215574
vn 0.976487 0.000000 0.215575
vn 0.976487 0.000000 0.215575
vn 0.976487 0.000000 0.215575
vn 0.976487 0.000000 0.215575
vn 0.613652 0.000000 0.789577
vn 0.613651 0.000000 0.789577
vn 0.613651 0.000000 0.789577
vn 0.613651 0.000000 0.789577
vn 0.585295 0.114974 0.802627
vn 0.585295 0.114974 0.802627
vn 0.585295 0.114974 0.802627
vn 0.585295 0.114974 0.802627
vn 0.956094 0.187819 0.224962
vn 0.956094 0.187819 0.224962
vn 0.956094 0.187819 0.224962
vn 0.956094 0.187819 0.224962
vn 0.421509 0.278133 0.863118
vn 0.421509 0.278133 0.863118
vn 0.421509 0.278133 0.863118
vn 0.421509 0.278133 0.863118
vn 0.800922 0.528517 0.281414
vn 0.800922 0.528517 0.281414
vn 0.800922 0.528517 0.281414
vn 0.800922 0.528517 0.281414
vn 0.238575 0.352590 0.904855
vn 0.238575 0.352590 0.904855
vn 0.238575 0.352590 0.904855
vn 0.238575 0.352590 0.904855
vn 0.526486 0.778089 0.342623
vn 0.526486 0.778089 0.342623
vn 0.526486 0.778089 0.342623
vn 0.526486 0.778089 0.342623
vn 0.003168 0.978265 0.207336
vn 0.003168 0.978265 0.207336
vn 0.003168 0.978265 0.207336
vn 0.003168 0.978265 0.207336
vn 0.015256 0.633678 0.773447
vn 0.015256 0.633678 0.773447
vn 0.015256 0.633678 0.773447
vn 0.015256 0.633678 0.773447
vn -0.076480 0.379710 0.921939
vn -0.076480 0.379710 0.921939
vn -0.076480 0.379710 0.921939
vn -0.076480 0.379710 0.921939
vn -0.182795 0.907544 0.378086
vn -0.182795 0.907544 0.378086
vn -0.182795 0.907544 0.378086
vn -0.182796 0.907544 0.378086
vn -0.238570 0.352594 0.904855
vn -0.238570 0.352594 0.904855
vn -0.238570 0.352594 0.904855
vn -0.238570 0.352594 0.904855
vn -0.526461 0.778100 0.342636
vn -0.526461 0.778100 0.342636
vn -0.526461 0.778100 0.342636
vn -0.526461 0.778100 0.342636
vn 0.976488 0.000000 0.215573
vn 0.976488 0.000000 0.215573
vn 0.976487 0.000000 0.215576
vn 0.976487 0.000000 0.215576
vn 0.613647 0.000000 0.789581
vn 0.613647 0.000000 0.789581
vn 0.613639 0.000000 0.789586
vn 0.613639 0.000000 0.789586
vn -0.976488 0.000000 0.215574
vn -0.976488 0.000000 0.215574
vn -0.976488 0.000000 0.215574
vn -0.976488 0.000000 0.215574
vn -0.613638 0.000000 0.789588
vn -0.613638 0.000000 0.789588
vn -0.613638 0.000000 0.789588
vn -0.613638 0.000000 0.789588
vn -0.613636 0.000000 0.789589
vn -0.613636 0.000000 0.789589
vn -0.613636 0.000000 0.789589
vn -0.613636 0.000000 0.789589
vn -0.976487 0.000000 0.215575
vn -0.976487 0.000000 0.215575
vn -0.976487 0.000000 0.215575
vn -0.976487 0.000000 0.215575
vn 0.976487 0.000000 0.215575
vn 0.976487 0.000000 0.215575
vn 0.976487 0.000000 0.215575
vn 0.976487 0.000000 0.215575
vn 0.613646 0.000000 0.789581
vn 0.613646 0.000000 0.789581
vn 0.613646 0.000000 0.789581
vn 0.613646 0.000000 0.789581
vn 0.613648 0.000000 0.789580
vn 0.613648 0.000000 0.789580
vn 0.613648 0.000000 0.789580
vn 0.613648 0.000000 0.789580
vn 0.976488 0.000000 0.215574
vn 0.976488 0.000000 0.215574
vn 0.976488 0.000000 0.215574
vn 0.976488 0.000000 0.215574
vn 0.000000 0.000000 1.000000
vn 0.000000 0.000000 1.000000
vn 0.000000 0.000000 1.000000
vn -0.000002 0.000000 1.000000
vn -0.000002 0.000000 1.000000
vn -0.000002 0.000000 1.000000
vn -0.000002 0.000000 1.000000
vn 0.000000 0.000000 1.000000
vn 0.000000 0.000000 1.000000
vn 0.000000 0.000000 1.000000
vn 0.000000 0.000000 1.000000
vn 0.000000 0.000000 1.000000
vn 0.000000 0.000000 1.000000
vn 0.000000 0.000000 1.000000
vn 0.000000 0.000000 1.000000
vn 0.000000 0.000000 1.000000
vn 0.000000 0.000000 1.000000
vn 0.000001 0.000000 1.000000
vn 0.000001 0.000000 1.000000
vn 0.000001 0.000000 1.000000
vn 0.000001 0.000000 1.000000
vn 0.000000 0.000000 1.000000
vn 0.000000 0.000000 1.000000
vn 0.000000 0.000000 1.000000
vn 0.000000 0.000000 1.000000
vn 0.000000 0.000000 1.000000
vn 0.000000 0.000000 1.000000
vn 0.000000 0.000000 1.000000
vn 0.000000 0.000000 1.000000
vn 0.000000 0.000000 1.000000
vn 0.000000 0.000000 1.000000
vn 0.000000 0.000000 1.000000
vn 0.000000 0.000000 1.000000
vn 0.000000 0.000000 1.000000
vn 0.000000 0.000000 1.000000
vn 0.000000 0.000000 1.000000
vn 0.000000 0.000000 1.000000
vn 0.000000 0.000000 1.000000
vn 0.000000 0.000000 1.000000
vn -0.000002 0.000000 1.000000
vn -0.000002 0.000000 1.000000
vn -0.000002 0.000000 1.000000
vn -0.000002 0.000000 1.000000
vn 0.000003 0.000000 1.000000
vn 0.000003 0.000000 1.000000
vn 0.000005 0.000000 1.000000
vn 0.000005 0.000000 1.000000
vn 0.000000 0.000000 1.000000
vn 0.000000 0.000000 1.000000
vn 0.000000 0.000000 1.000000
vn 0.000000 0.000000 1.000000
vn 0.000000 0.000000 1.000000
vn 0.000000 0.000000 1.000000
vn 0.000000 0.000000 1.000000
vn 0.000000 0.000000 1.000000
vn 0.000000 0.000000 1.000000
vn 0.000000 0.000000 1.000000
vn 0.000000 0.000000 1.000000
vn 0.000000 0.000000 1.000000
vn 0.000000 0.000000 1.000000
vn 0.000000 0.000000 1.000000
vn 0.000000 0.000000 1.000000
vn 0.000000 0.000000 1.000000
vn 0.000000 0.000000 1.000000
vn 0.000000 0.000000 1.000000
vn 0.000000 0.000000 1.000000
vn 0.000000 0.000000 1.000000
vn 0.000000 0.000000 1.000000
vn 0.000000 0.000000 1.000000
vn -0.000003 0.000000 1.000000
vn -0.000003 0.000000 1.000000
vn -0.000003 0.000000 1.000000
vn -0.000003 0.000000 1.000000
vn 0.000017 0.000000 1.000000
vn 0.000017 0.000000 1.000000
vn 0.000017 0.000000 1.000000
vn 0.000017 0.000000 1.000000
vn -0.000004 0.000000 1.000000
vn -0.000004 0.000000 1.000000
vn -0.000004 0.000000 1.000000
vn -0.000004 0.000000 1.000000
vn 0.000008 0.000000 1.000000
vn 0.000008 0.000000 1.000000
vn 0.000008 0.000000 1.000000
vn 0.000008 0.000000 1.000000
vn -0.000017 0.000000 1.000000
vn -0.000017 0.000000 1.000000
vn -0.000017 0.000000 1.000000
vn -0.000017 0.000000 1.000000
vn 0.000002 0.000000 1.000000
vn 0.000002 0.000000 1.000000
vn 0.000002 0.000000 1.000000
vn 0.000002 0.000000 1.000000
vn 0.000009 0.000000 1.000000
vn 0.000009 0.000000 1.000000
vn 0.000009 0.000000 1.000000
vn 0.000009 0.000000 1.000000
vn 0.000000 0.000000 1.000000
vn 0.000000 0.000000 1.000000
vn 0.000000 0.000000 1.000000
vn 0.000000 0.000000 1.000000
vn 0.000001 0.000000 1.000000
vn 0.000001 0.000000 1.000000
vn 0.000001 0.000000 1.000000
vn 0.000001 0.000000 1.000000
vn -0.000004 0.000000 1.000000
vn -0.000004 0.000000 1.000000
vn -0.000004 0.000000 1.000000
vn -0.000004 0.000000 1.000000
vn 0.000016 0.000000 1.000000
vn 0.000016 0.000000 1.000000
vn 0.000016 0.000000 1.000000
vn 0.000016 0.000000 1.000000
vn -0.000003 0.000000 1.000000
vn -0.000003 0.000000 1.000000
vn -0.000003 0.000000 1.000000
vn -0.000003 0.000000 1.000000
vn 0.000000 0.000000 1.000000
vn 0.000000 0.000000 1.000000
vn 0.000000 0.000000 1.000000
vn 0.000000 0.000000 1.000000
vn 0.000000 0.000000 1.000000
vn 0.000000 0.000000 1.000000
vn 0.000000 0.000000 1.000000
vn -0.076480 0.379710 0.921939
vn -0.182795 0.907544 0.378086
vn -0.182795 0.907544 0.378086
vn -0.182795 0.907544 0.378086
vn -0.182796 0.907544 0.378086
vn -0.238570 0.352594 0.904855
vn -0.238570 0.352594 0.904855
vn -0.238570 0.352594 0.904855
vn -0.238570 0.352594 0.904855
vn -0.526461 0.778100 0.342636
vn -0.526461 0.778100 0.342636
vn -0.526461 0.778100 0.342636
vn -0.526461 0.778100 0.342636
vn -0.976487 0.000000 0.215575
vn -0.976487 0.000000 0.215575
vn -0.976487 0.000000 0.215575
vn -0.976487 0.000000 0.215575
vn -0.613629 0.000000 0.789595
vn -0.613629 0.000000 0.789595
vn -0.613629 0.000000 0.789595
vn -0.613629 0.000000 0.789595
vn 0.976488 0.000000 0.215573
vn 0.976488 0.000000 0.215573
vn 0.976487 0.000000 0.215576
vn 0.976487 0.000000 0.215576
vn 0.613647 0.000000 0.789581
vn 0.613647 0.000000 0.789581
vn 0.613639 0.000000 0.789586
vn 0.613639 0.000000 0.789586
vn -0.613634 0.000000 0.789591
vn -0.613634 0.000000 0.789591
vn -0.613634 0.000000 0.789591
vn -0.613634 0.000000 0.789591
vn -0.976487 0.000000 0.215576
vn -0.976487 0.000000 0.215576
vn -0.976487 0.000000 0.215576
vn -0.976487 0.000000 0.215576
vn 0.976487 0.000000 0.215576
vn 0.976487 0.000000 0.215576
vn 0.976487 0.000000 0.215576
vn 0.976487 0.000000 0.215576
vn 0.613644 0.000000 0.789583
vn 0.613644 0.000000 0.789583
vn 0.613644 0.000000 0.789583
vn 0.613644 0.000000 0.789583
vn -0.976488 0.000000 0.215574
vn -0.976488 0.000000 0.215574
vn -0.976488 0.000000 0.215574
vn -0.976488 0.000000 0.215574
vn -0.613638 0.000000 0.789588
vn -0.613638 0.000000 0.789588
vn -0.613638 0.000000 0.789588
vn -0.613638 0.000000 0.789588
vn 0.613639 0.000000 0.789586
vn 0.613639 0.000000 0.789586
vn 0.613639 0.000000 0.789586
vn 0.613639 0.000000 0.789586
vn 0.976487 0.000000 0.215575
vn 0.976487 0.000000 0.215575
vn 0.976487 0.000000 0.215575
vn 0.976487 0.000000 0.215575
vn -0.613636 0.000000 0.789589
vn -0.613636 0.000000 0.789589
vn -0.613636 0.000000 0.789589
vn -0.613636 0.000000 0.789589
vn -0.976487 0.000000 0.215575
vn -0.976487 0.000000 0.215575
vn -0.976487 0.000000 0.215575
vn -0.976487 0.000000 0.215575
vn 0.976487 0.000000 0.215575
vn 0.976487 0.000000 0.215575
vn 0.976487 0.000000 0.215575
vn 0.976487 0.000000 0.215575
vn 0.613646 0.000000 0.789581
vn 0.613646 0.000000 0.789581
vn 0.613646 0.000000 0.789581
vn 0.613646 0.000000 0.789581
vn -0.976487 0.000000 0.215577
vn -0.976487 0.000000 0.215577
vn -0.976487 0.000000 0.215577
vn -0.976487 0.000000 0.215577
vn -0.613646 0.000000 0.789582
vn -0.613646 0.000000 0.789582
vn -0.613646 0.000000 0.789582
vn -0.613646 0.000000 0.789582
vn 0.613648 0.000000 0.789580
vn 0.613648 0.000000 0.789580
vn 0.613648 0.000000 0.789580
vn 0.613648 0.000000 0.789580
vn 0.976488 0.000000 0.215574
vn 0.976488 0.000000 0.215574
vn 0.976488 0.000000 0.215574
vn 0.976488 0.000000 0.215574
vn -0.976487 0.000000 0.215579
vn -0.976487 0.000000 0.215579
vn -0.976487 0.000000 0.215579
vn -0.976487 0.000000 0.215579
vn -0.613650 0.000000 0.789578
vn -0.613650 0.000000 0.789578
vn -0.613650 0.000000 0.789578
vn -0.613650 0.000000 0.789578
vn 0.613660 0.000000 0.789570
vn 0.613660 0.000000 0.789570
vn 0.613660 0.000000 0.789570
vn 0.613660 0.000000 0.789570
vn 0.976487 0.000000 0.215579
vn 0.976487 0.000000 0.215579
vn 0.976487 0.000000 0.215579
vn 0.976487 0.000000 0.215579
vn 0.613656 0.000000 0.789573
vn 0.613656 0.000000 0.789573
vn 0.613656 0.000000 0.789573
vn 0.613656 0.000000 0.789573
vn 0.976487 0.000000 0.215577
vn 0.976487 0.000000 0.215577
vn 0.976487 0.000000 0.215577
vn 0.976487 0.000000 0.215577
vn 0.000000 0.000000 1.000000
vn 0.000000 0.000000 1.000000
vn 0.000000 0.000000 1.000000
vn 0.000000 0.000000 1.000000
vn -0.000002 0.000000 1.000000
vn -0.000002 0.000000 1.000000
vn -0.000002 0.000000 1.000000
vn -0.000002 0.000000 1.000000
vn 0.000000 0.000000 1.000000
vn 0.000000 0.000000 1.000000
vn 0.000000 0.000000 1.000000
vn 0.000000 0.000000 1.000000
vn 0.000000 0.000000 1.000000
vn 0.000000 0.000000 1.000000
vn 0.000000 0.000000 1.000000
vn 0.000000 0.000000 1.000000
vn 0.000000 0.000000 1.000000
vn 0.000000 0.000000 1.000000
vn 0.000000 0.000000 1.000000
vn 0.000000 0.000000 1.000000
vn 0.000001 0.000000 1.000000
vn 0.000001 0.000000 1.000000
vn 0.000001 0.000000 1.000000
vn 0.000001 0.000000 1.000000
vn 0.000000 0.000000 1.000000
vn 0.000000 0.000000 1.000000
vn 0.000000 0.000000 1.000000
vn 0.000000 0.000000 1.000000
vn 0.000000 0.000000 1.000000
vn 0.000000 0.000000 1.000000
vn 0.000000 0.000000 1.000000
vn 0.000000 0.000000 1.000000
vn 0.000000 0.000000 1.000000
vn 0.000000 0.000000 1.000000
vn 0.000000 0.000000 1.000000
vn 0.000000 0.000000 1.000000
vn 0.000000 0.000000 1.000000
vn 0.000000 0.000000 1.000000
vn 0.000000 0.000000 1.000000
vn 0.000000 0.000000 1.000000
vn 0.000000 0.000000 1.000000
vn 0.000000 0.000000 1.000000
vn 0.000000 0.000000 1.000000
vn 0.000000 0.000000 1.000000
vn -0.000004 0.000000 1.000000
vn -0.000004 0.000000 1.000000
vn -0.000004 0.000000 1.000000
vn -0.000004 0.000000 1.000000
vn 0.000000 0.000000 1.000000
vn 0.000000 0.000000 1.000000
vn 0.000000 0.000000 1.000000
vn 0.000000 0.000000 1.000000
vn -0.000002 0.000000 1.000000
vn -0.000002 0.000000 1.000000
vn -0.000002 0.000000 1.000000
vn -0.000002 0.000000 1.000000
vn 0.000003 0.000000 1.000000
vn 0.000003 0.000000 1.000000
vn 0.000005 0.000000 1.000000
vn 0.000005 0.000000 1.000000
vn 0.000000 0.000000 1.000000
vn 0.000000 0.000000 1.000000
vn 0.000000 0.000000 1.000000
vn 0.000000 0.000000 1.000000
vn 0.000000 0.000000 1.000000
vn 0.000000 0.000000 1.000000
vn 0.000000 0.000000 1.000000
vn 0.000000 0.000000 1.000000
vn -0.000004 0.000000 1.000000
vn -0.000004 0.000000 1.000000
vn -0.000004 0.000000 1.000000
vn -0.000004 0.000000 1.000000
vn 0.000000 0.000000 1.000000
vn 0.000000 0.000000 1.000000
vn 0.000000 0.000000 1.000000
vn 0.000000 0.000000 1.000000
vn 0.000000 0.000000 1.000000
vn 0.000000 0.000000 1.000000
vn 0.000000 0.000000 1.000000
vn 0.000000 0.000000 1.000000
vn 0.000000 0.000000 1.000000
vn 0.000000 0.000000 1.000000
vn 0.000000 0.000000 1.000000
vn 0.000000 0.000000 1.000000
vn 0.000000 0.000000 1.000000
vn 0.000000 0.000000 1.000000
vn -0.000003 0.000000 1.000000
vn -0.000003 0.000000 1.000000
vn -0.000003 0.000000 1.000000
vn -0.000003 0.000000 1.000000
vn 0.000017 0.000000 1.000000
vn 0.000017 0.000000 1.000000
vn 0.000017 0.000000 1.000000
vn 0.000017 0.000000 1.000000
vn -0.000004 0.000000 1.000000
vn -0.000004 0.000000 1.000000
vn -0.000004 0.000000 1.000000
vn -0.000004 0.000000 1.000000
vn 0.000008 0.000000 1.000000
vn 0.000008 0.000000 1.000000
vn 0.000008 0.000000 1.000000
vn 0.000008 0.000000 1.000000
vn -0.000017 0.000000 1.000000
vn -0.000017 0.000000 1.000000
vn -0.000017 0.000000 1.000000
vn -0.000017 0.000000 1.000000
vn 0.000002 0.000000 1.000000
vn 0.000002 0.000000 1.000000
vn 0.000002 0.000000 1.000000
vn 0.000002 0.000000 1.000000
vn 0.000009 0.000000 1.000000
vn 0.000009 0.000000 1.000000
vn 0.000009 0.000000 1.000000
vn 0.000009 0.000000 1.000000
vn 0.000000 0.000000 1.000000
vn 0.000000 0.000000 1.000000
vn 0.000000 0.000000 1.000000
vn 0.000000 0.000000 1.000000
vn 0.000001 0.000000 1.000000
vn 0.000001 0.000000 1.000000
vn 0.000001 0.000000 1.000000
vn 0.000001 0.000000 1.000000
vn -0.000004 0.000000 1.000000
vn -0.000004 0.000000 1.000000
vn -0.000004 0.000000 1.000000
vn -0.000004 0.000000 1.000000
vn 0.000016 0.000000 1.000000
vn 0.000016 0.000000 1.000000
vn 0.000016 0.000000 1.000000
vn 0.000016 0.000000 1.000000
vn -0.000003 0.000000 1.000000
vn -0.000003 0.000000 1.000000
vn -0.000003 0.000000 1.000000
vn -0.000003 0.000000 1.000000
vn 0.000000 0.000000 1.000000
vn 0.000000 0.000000 1.000000
vn 0.000000 0.000000 1.000000
vn 0.000000 0.000000 1.000000
vn 0.000000 0.000000 1.000000
vn 0.000000 0.000000 1.000000
vn 0.000000 0.000000 1.000000
s off
g S_U_20 Gate_05
usemtl set8
f 1093/1494/3929 1094/1493/3930 1090/1498/3931 1089/1497/3932
f 1095/1496/3933 1096/1495/3934 1092/1500/3935 1091/1499/3936
f 1094/1493/3937 1095/1496/3938 1091/1499/3939 1090/1498/3940
f 1151/1974/3941 1150/1533/3942 1131/1614/3943 1130/1613/3944
f 1152/1534/3945 1151/1535/3946 1130/1633/3947 1129/1635/3948
f 1133/1977/3949 1132/1536/3950 1149/1603/3951 1148/1615/3952
f 1134/1537/3953 1133/1538/3954 1148/1636/3955 1147/1638/3956
f 1137/1540/3957 1136/1543/3958 1139/1544/3959 1138/2024/3960
f 1136/1976/3961 1135/1541/3962 1140/1542/3963 1139/1539/3964
f 1143/1549/3965 1142/2031/3966 1145/1552/3967 1144/1553/3968
f 1142/1975/3969 1141/1547/3970 1146/1548/3971 1145/1545/3972
f 1175/1905/3973 1174/1550/3974 1155/1626/3975 1154/1624/3976
f 1176/1555/3977 1175/1556/3978 1154/1650/3979 1153/1652/3980
f 1157/1908/3981 1156/1554/3982 1173/1606/3983 1172/1627/3984
f 1158/1560/3985 1157/1562/3986 1172/1654/3987 1171/1656/3988
f 1161/1565/3989 1160/2030/3990 1163/1568/3991 1162/1569/3992
f 1160/1907/3993 1159/1558/3994 1164/1559/3995 1163/1557/3996
f 1167/1571/3997 1166/1572/3998 1169/1573/3999 1168/2021/4000
f 1166/1906/4001 1165/1563/4002 1170/1564/4003 1169/1561/4004
f 1199/1968/4005 1198/1566/4006 1179/1609/4007 1178/1639/4008
f 1200/1578/4009 1199/1580/4010 1178/1685/4011 1177/1686/4012
f 1181/1971/4013 1180/1570/4014 1197/1610/4015 1196/1641/4016
f 1182/1584/4017 1181/1585/4018 1196/1687/4019 1195/1688/4020
f 1185/1587/4021 1184/2028/4022 1187/1589/4023 1186/1590/4024
f 1184/1970/4025 1183/1576/4026 1188/1577/4027 1187/1575/4028
f 1191/1592/4029 1190/1595/4030 1193/1596/4031 1192/2019/4032
f 1190/1969/4033 1189/1581/4034 1194/1582/4035 1193/1579/4036
f 1223/1963/4037 1222/1583/4038 1203/1611/4039 1202/1653/4040
f 1224/1616/4041 1223/1617/4042 1202/1697/4043 1201/1698/4044
f 1205/1966/4045 1204/1586/4046 1221/1612/4047 1220/1655/4048
f 1206/1618/4049 1205/1620/4050 1220/1699/4051 1219/1700/4052
f 1209/1621/4053 1208/1623/4054 1211/1625/4055 1210/2018/4056
f 1208/1965/4057 1207/1593/4058 1212/1594/4059 1211/1591/4060
f 1215/1629/4061 1214/2025/4062 1217/1631/4063 1216/1632/4064
f 1214/1964/4065 1213/1599/4066 1218/1600/4067 1217/1597/4068
f 1140/1542/4069 1135/1541/4070 1225/1601/4071 1228/1602/4072
f 1150/1533/4073 1149/1603/4074 1132/1536/4075 1131/1614/4076
f 1164/1559/4077 1159/1558/4078 1237/1604/4079 1240/1605/4080
f 1174/1550/4081 1173/1606/4082 1156/1554/4083 1155/1626/4084
f 1252/1607/4085 1249/1608/4086 1179/1609/4087 1180/1570/4088
f 1198/1566/4089 1197/1610/4090 1180/1570/4091 1179/1609/4092
f 1204/1586/4093 1203/1611/4094 1222/1583/4095 1221/1612/4096
f 1132/1536/4097 1133/1977/4098 1229/1960/4099 1228/1602/4100
f 1133/1538/4101 1134/1537/4102 1230/1640/4103 1229/1642/4104
f 1135/1541/4105 1136/1976/4106 1226/1962/4107 1225/1601/4108
f 1136/1543/4109 1137/1540/4110 1227/1643/4111 1226/1644/4112
f 1141/1547/4113 1142/1975/4114 1232/1959/4115 1231/1619/4116
f 1142/1551/4117 1143/2023/4118 1233/1645/4119 1232/1646/4120
f 1150/1533/4121 1151/1974/4122 1235/1957/4123 1234/1622/4124
f 1151/1535/4125 1152/1534/4126 1236/1647/4127 1235/1649/4128
f 1156/1554/4129 1157/1908/4130 1241/1902/4131 1240/1605/4132
f 1157/1562/4133 1158/1560/4134 1242/1657/4135 1241/1659/4136
f 1159/1558/4137 1160/1907/4138 1238/1904/4139 1237/1604/4140
f 1160/1567/4141 1161/2022/4142 1239/1660/4143 1238/1662/4144
f 1165/1563/4145 1166/1906/4146 1244/1901/4147 1243/1634/4148
f 1166/1572/4149 1167/1571/4150 1245/1663/4151 1244/1665/4152
f 1174/1550/4153 1175/1905/4154 1247/1899/4155 1246/1637/4156
f 1175/1556/4157 1176/1555/4158 1248/1666/4159 1247/1668/4160
f 1180/1570/4161 1181/1971/4162 1253/1953/4163 1252/1607/4164
f 1181/1585/4165 1182/1584/4166 1254/1689/4167 1253/1690/4168
f 1183/1576/4169 1184/1970/4170 1250/1955/4171 1249/1608/4172
f 1184/1588/4173 1185/2020/4174 1251/1691/4175 1250/1692/4176
f 1189/1581/4177 1190/1969/4178 1256/1952/4179 1255/1648/4180
f 1190/1595/4181 1191/1592/4182 1257/1693/4183 1256/1694/4184
f 1198/1566/4185 1199/1968/4186 1259/1950/4187 1258/1651/4188
f 1199/1580/4189 1200/1578/4190 1260/1695/4191 1259/1696/4192
f 1204/1586/4193 1205/1966/4194 1265/1946/4195 1264/1658/4196
f 1205/1620/4197 1206/1618/4198 1266/1701/4199 1265/1702/4200
f 1207/1593/4201 1208/1965/4202 1262/1948/4203 1261/1661/4204
f 1208/1623/4205 1209/1621/4206 1263/1703/4207 1262/1704/4208
f 1213/1599/4209 1214/1964/4210 1268/1945/4211 1267/1664/4212
f 1214/1630/4213 1215/2017/4214 1269/1705/4215 1268/1706/4216
f 1222/1583/4217 1223/1963/4218 1271/1943/4219 1270/1667/4220
f 1223/1617/4221 1224/1616/4222 1272/1707/4223 1271/1708/4224
f 1129/1635/4225 1130/1633/4226 1226/1644/4227 1227/1643/4228
f 1130/1613/4229 1131/1614/4230 1225/1601/4231 1226/1962/4232
f 1138/1546/4233 1139/2032/4234 1229/1642/4235 1230/1640/4236
f 1139/1539/4237 1140/1542/4238 1228/1602/4239 1229/1960/4240
f 1147/1638/4241 1148/1636/4242 1232/1646/4243 1233/1645/4244
f 1148/1615/4245 1149/1603/4246 1231/1619/4247 1232/1959/4248
f 1144/1553/4249 1145/1552/4250 1235/1649/4251 1236/1647/4252
f 1145/1545/4253 1146/1548/4254 1234/1622/4255 1235/1957/4256
f 1153/1652/4257 1154/1650/4258 1238/1662/4259 1239/1660/4260
f 1154/1624/4261 1155/1626/4262 1237/1604/4263 1238/1904/4264
f 1162/1569/4265 1163/1568/4266 1241/1659/4267 1242/1657/4268
f 1163/1557/4269 1164/1559/4270 1240/1605/4271 1241/1902/4272
f 1171/1656/4273 1172/1654/4274 1244/1665/4275 1245/1663/4276
f 1172/1627/4277 1173/1606/4278 1243/1634/4279 1244/1901/4280
f 1168/1574/4281 1169/2029/4282 1247/1668/4283 1248/1666/4284
f 1169/1561/4285 1170/1564/4286 1246/1637/4287 1247/1899/4288
f 1177/1686/4289 1178/1685/4290 1250/1692/4291 1251/1691/4292
f 1178/1639/4293 1179/1609/4294 1249/1608/4295 1250/1955/4296
f 1186/1590/4297 1187/1589/4298 1253/1690/4299 1254/1689/4300
f 1187/1575/4301 1188/1577/4302 1252/1607/4303 1253/1953/4304
f 1195/1688/4305 1196/1687/4306 1256/1694/4307 1257/1693/4308
f 1196/1641/4309 1197/1610/4310 1255/1648/4311 1256/1952/4312
f 1192/1598/4313 1193/2027/4314 1259/1696/4315 1260/1695/4316
f 1193/1579/4317 1194/1582/4318 1258/1651/4319 1259/1950/4320
f 1201/1698/4321 1202/1697/4322 1262/1704/4323 1263/1703/4324
f 1202/1653/4325 1203/1611/4326 1261/1661/4327 1262/1948/4328
f 1210/1628/4329 1211/2026/4330 1265/1702/4331 1266/1701/4332
f 1211/1591/4333 1212/1594/4334 1264/1658/4335 1265/1946/4336
f 1219/1700/4337 1220/1699/4338 1268/1706/4339 1269/1705/4340
f 1220/1655/4341 1221/1612/4342 1267/1664/4343 1268/1945/4344
f 1216/1632/4345 1217/1631/4346 1271/1708/4347 1272/1707/4348
f 1217/1597/4349 1218/1600/4350 1270/1667/4351 1271/1943/4352
f 1292/1670/4353 1289/1669/4354 1344/1679/4355 1347/1680/4356
s 1
f 1295/1684/4357 1089/1497/4358 1111/1516/4359
s off
f 1107/1512/4360 1329/1671/4361 1341/1672/4362 1122/1525/4363
f 1332/1673/4364 1350/1674/4365 1341/1672/4366 1329/1671/4367
f 1115/1520/4368 1335/1675/4369 1314/1676/4370 1098/1501/4371
f 1338/1677/4372 1323/1678/4373 1314/1676/4374 1335/1675/4375
s 2
f 1099/1504/4376 1317/1681/4377 1397/1986/4378
f 1320/1682/4379 1102/1505/4380 1429/1889/4381
s off
f 1152/1534/4382 1129/1635/4383 1316/1709/4384 1325/1716/4385
f 1319/1710/4386 1134/1537/4387 1147/1638/4388 1322/1715/4389
f 1138/2024/4390 1301/2007/4391 1299/1712/4392 1137/1540/4393
f 1144/1553/4394 1276/1713/4395 1274/1714/4396 1143/1549/4397
f 1176/1555/4398 1153/1652/4399 1328/1717/4400 1297/1724/4401
f 1331/1718/4402 1158/1560/4403 1171/1656/4404 1334/1723/4405
f 1162/1569/4406 1313/1719/4407 1311/1720/4408 1161/1565/4409
f 1168/2021/4410 1280/2013/4411 1278/1722/4412 1167/1571/4413
f 1200/1578/4414 1177/1686/4415 1291/1725/4416 1294/1732/4417
f 1337/1726/4418 1182/1584/4419 1195/1688/4420 1340/1731/4421
f 1186/1590/4422 1305/1727/4423 1303/1728/4424 1185/1587/4425
f 1192/2019/4426 1284/2011/4427 1282/1730/4428 1191/1592/4429
f 1224/1616/4430 1201/1698/4431 1343/1733/4432 1352/1744/4433
f 1346/1735/4434 1206/1618/4435 1219/1700/4436 1349/1743/4437
f 1210/2018/4438 1309/2003/4439 1307/1738/4440 1209/1621/4441
f 1216/1632/4442 1288/1740/4443 1286/1741/4444 1215/1629/4445
f 1299/1712/4446 1354/1746/4447 1227/1643/4448 1137/1540/4449
f 1354/1746/4450 1316/1709/4451 1129/1635/4452 1227/1643/4453
f 1319/1710/4454 1356/1747/4455 1230/1640/4456 1134/1537/4457
f 1356/1747/4458 1301/1711/4459 1138/1546/4460 1230/1640/4461
f 1274/2016/4462 1358/1751/4463 1233/1645/4464 1143/2023/4465
f 1358/1751/4466 1322/1715/4467 1147/1638/4468 1233/1645/4469
f 1325/1716/4470 1360/1754/4471 1236/1647/4472 1152/1534/4473
f 1360/1754/4474 1276/1713/4475 1144/1553/4476 1236/1647/4477
f 1311/2002/4478 1362/1755/4479 1239/1660/4480 1161/2022/4481
f 1362/1755/4482 1328/1717/4483 1153/1652/4484 1239/1660/4485
f 1331/1718/4486 1364/1757/4487 1242/1657/4488 1158/1560/4489
f 1364/1757/4490 1313/1719/4491 1162/1569/4492 1242/1657/4493
f 1278/1722/4494 1366/1758/4495 1245/1663/4496 1167/1571/4497
f 1366/1758/4498 1334/1723/4499 1171/1656/4500 1245/1663/4501
f 1297/1724/4502 1368/1760/4503 1248/1666/4504 1176/1555/4505
f 1368/1760/4506 1280/1721/4507 1168/1574/4508 1248/1666/4509
f 1303/2006/4510 1370/1761/4511 1251/1691/4512 1185/2020/4513
f 1370/1761/4514 1291/1725/4515 1177/1686/4516 1251/1691/4517
f 1337/1726/4518 1372/1762/4519 1254/1689/4520 1182/1584/4521
f 1372/1762/4522 1305/1727/4523 1186/1590/4524 1254/1689/4525
f 1282/1730/4526 1374/1763/4527 1257/1693/4528 1191/1592/4529
f 1374/1763/4530 1340/1731/4531 1195/1688/4532 1257/1693/4533
f 1294/1732/4534 1376/1765/4535 1260/1695/4536 1200/1578/4537
f 1376/1765/4538 1284/1729/4539 1192/1598/4540 1260/1695/4541
f 1307/1738/4542 1378/1766/4543 1263/1703/4544 1209/1621/4545
f 1378/1766/4546 1343/1733/4547 1201/1698/4548 1263/1703/4549
f 1346/1735/4550 1380/1769/4551 1266/1701/4552 1206/1618/4553
f 1380/1769/4554 1309/1737/4555 1210/1628/4556 1266/1701/4557
f 1286/2010/4558 1382/1770/4559 1269/1705/4560 1215/2017/4561
f 1382/1770/4562 1349/1743/4563 1219/1700/4564 1269/1705/4565
f 1352/1744/4566 1384/1771/4567 1272/1707/4568 1224/1616/4569
f 1384/1771/4570 1288/1740/4571 1216/1632/4572 1272/1707/4573
f 1101/1506/4574 1273/1734/4575 1275/1736/4576 1104/1507/4577
f 1273/1773/4578 1274/1714/4579 1276/1713/4580 1275/1775/4581
f 1104/1507/4582 1275/1736/4583 1359/1739/4584 1103/1508/4585
f 1275/1775/4586 1276/1713/4587 1360/1754/4588 1359/1777/4589
f 1109/1514/4590 1277/1742/4591 1279/1745/4592 1112/1515/4593
f 1277/1779/4594 1278/1722/4595 1280/2013/4596 1279/2014/4597
f 1112/1515/4598 1279/1745/4599 1367/1748/4600 1111/1516/4601
f 1279/1781/4602 1280/1721/4603 1368/1760/4604 1367/1782/4605
f 1117/1522/4606 1281/1749/4607 1283/1750/4608 1120/1523/4609
f 1281/1784/4610 1282/1730/4611 1284/2011/4612 1283/2012/4613
f 1120/1523/4614 1283/1750/4615 1375/1752/4616 1119/1524/4617
f 1283/1786/4618 1284/1729/4619 1376/1765/4620 1375/1888/4621
f 1125/1530/4622 1285/1753/4623 1287/1756/4624 1128/1531/4625
f 1285/1890/4626 1286/1741/4627 1288/1740/4628 1287/1892/4629
f 1128/1531/4630 1287/1756/4631 1383/1759/4632 1127/1532/4633
f 1287/1892/4634 1288/1740/4635 1384/1771/4636 1383/1894/4637
f 1290/1764/4638 1289/1669/4639 1292/1670/4640 1293/1768/4641
f 1291/1725/4642 1290/1896/4643 1293/1900/4644 1294/1732/4645
f 1289/1669/4646 1290/1764/4647 1369/1767/4648 1114/1517/4649
f 1290/1896/4650 1291/1725/4651 1370/1761/4652 1369/1898/4653
f 1327/1772/4654 1326/1683/4655 1295/1684/4656 1296/1774/4657
f 1328/1717/4658 1327/1903/4659 1296/1909/4660 1297/1724/4661
f 1097/1502/4662 1298/1776/4663 1300/1778/4664 1100/1503/4665
f 1298/1910/4666 1299/1712/4667 1301/2007/4668 1300/2008/4669
f 1100/1503/4670 1300/1778/4671 1355/1780/4672 1099/1504/4673
f 1300/1911/4674 1301/1711/4675 1356/1747/4676 1355/1912/4677
f 1113/1518/4678 1302/1783/4679 1304/1785/4680 1116/1519/4681
f 1302/1913/4682 1303/1728/4683 1305/1727/4684 1304/1915/4685
f 1116/1519/4686 1304/1785/4687 1371/1787/4688 1115/1520/4689
f 1304/1915/4690 1305/1727/4691 1372/1762/4692 1371/1917/4693
f 1121/1526/4694 1306/1788/4695 1308/1789/4696 1124/1527/4697
f 1306/1919/4698 1307/1738/4699 1309/2003/4700 1308/2004/4701
f 1124/1527/4702 1308/1789/4703 1379/1791/4704 1123/1528/4705
f 1308/1921/4706 1309/1737/4707 1380/1769/4708 1379/1923/4709
f 1105/1510/4710 1310/1794/4711 1312/1796/4712 1108/1511/4713
f 1310/1924/4714 1311/1720/4715 1313/1719/4716 1312/1925/4717
f 1108/1511/4718 1312/1796/4719 1363/1797/4720 1107/1512/4721
f 1312/1925/4722 1313/1719/4723 1364/1757/4724 1363/1926/4725
f 1315/1798/4726 1314/1676/4727 1323/1678/4728 1324/1812/4729
f 1316/1709/4730 1315/1929/4731 1324/1942/4732 1325/1716/4733
f 1314/1676/4734 1315/1798/4735 1353/1800/4736 1098/1501/4737
f 1315/1929/4738 1316/1709/4739 1354/1746/4740 1353/1930/4741
f 1321/1806/4742 1320/1682/4743 1317/1681/4744 1318/1809/4745
f 1319/1710/4746 1322/1715/4747 1321/1931/4748 1318/1932/4749
f 1320/1682/4750 1321/1806/4751 1357/1811/4752 1102/1505/4753
f 1321/1931/4754 1322/1715/4755 1358/1751/4756 1357/1937/4757
f 1326/1683/4758 1327/1772/4759 1361/1813/4760 1106/1509/4761
f 1327/1903/4762 1328/1717/4763 1362/1755/4764 1361/1944/4765
f 1333/1815/4766 1332/1673/4767 1329/1671/4768 1330/1837/4769
f 1331/1718/4770 1334/1723/4771 1333/1947/4772 1330/1949/4773
f 1332/1673/4774 1333/1815/4775 1365/1838/4776 1110/1513/4777
f 1333/1947/4778 1334/1723/4779 1366/1758/4780 1365/1951/4781
f 1339/1839/4782 1338/1677/4783 1335/1675/4784 1336/1840/4785
f 1337/1726/4786 1340/1731/4787 1339/1954/4788 1336/1956/4789
f 1338/1677/4790 1339/1839/4791 1373/1844/4792 1118/1521/4793
f 1339/1954/4794 1340/1731/4795 1374/1763/4796 1373/1958/4797
f 1342/1849/4798 1341/1672/4799 1350/1674/4800 1351/1858/4801
f 1343/1733/4802 1342/1961/4803 1351/1979/4804 1352/1744/4805
f 1341/1672/4806 1342/1849/4807 1377/1854/4808 1122/1525/4809
f 1342/1961/4810 1343/1733/4811 1378/1766/4812 1377/1967/4813
f 1348/1855/4814 1347/1680/4815 1344/1679/4816 1345/1856/4817
f 1346/1735/4818 1349/1743/4819 1348/1972/4820 1345/1973/4821
f 1347/1680/4822 1348/1855/4823 1381/1857/4824 1126/1529/4825
f 1348/1972/4826 1349/1743/4827 1382/1770/4828 1381/1978/4829
f 1299/1712/4830 1298/1910/4831 1353/1930/4832 1354/1746/4833
f 1298/1776/4834 1097/1502/4835 1098/1501/4836 1353/1800/4837
f 1319/1710/4838 1318/1932/4839 1355/1912/4840 1356/1747/4841
f 1318/1809/4842 1317/1681/4843 1099/1504/4844 1355/1780/4845
f 1274/2016/4846 1273/2015/4847 1357/1937/4848 1358/1751/4849
f 1273/1734/4850 1101/1506/4851 1102/1505/4852 1357/1811/4853
f 1325/1716/4854 1324/1942/4855 1359/1777/4856 1360/1754/4857
f 1324/1812/4858 1323/1678/4859 1103/1508/4860 1359/1739/4861
f 1311/2002/4862 1310/2001/4863 1361/1944/4864 1362/1755/4865
f 1310/1794/4866 1105/1510/4867 1106/1509/4868 1361/1813/4869
f 1331/1718/4870 1330/1949/4871 1363/1926/4872 1364/1757/4873
f 1330/1837/4874 1329/1671/4875 1107/1512/4876 1363/1797/4877
f 1278/1722/4878 1277/1779/4879 1365/1951/4880 1366/1758/4881
f 1277/1742/4882 1109/1514/4883 1110/1513/4884 1365/1838/4885
f 1297/1724/4886 1296/1909/4887 1367/1782/4888 1368/1760/4889
f 1296/1774/4890 1295/1684/4891 1111/1516/4892 1367/1748/4893
f 1303/2006/4894 1302/2005/4895 1369/1898/4896 1370/1761/4897
f 1302/1783/4898 1113/1518/4899 1114/1517/4900 1369/1767/4901
f 1337/1726/4902 1336/1956/4903 1371/1917/4904 1372/1762/4905
f 1336/1840/4906 1335/1675/4907 1115/1520/4908 1371/1787/4909
f 1282/1730/4910 1281/1784/4911 1373/1958/4912 1374/1763/4913
f 1281/1749/4914 1117/1522/4915 1118/1521/4916 1373/1844/4917
f 1294/1732/4918 1293/1900/4919 1375/1888/4920 1376/1765/4921
f 1293/1768/4922 1292/1670/4923 1119/1524/4924 1375/1752/4925
f 1307/1738/4926 1306/1919/4927 1377/1967/4928 1378/1766/4929
f 1306/1788/4930 1121/1526/4931 1122/1525/4932 1377/1854/4933
f 1346/1735/4934 1345/1973/4935 1379/1923/4936 1380/1769/4937
f 1345/1856/4938 1344/1679/4939 1123/1528/4940 1379/1791/4941
f 1286/2010/4942 1285/2009/4943 1381/1978/4944 1382/1770/4945
f 1285/1753/4946 1125/1530/4947 1126/1529/4948 1381/1857/4949
f 1352/1744/4950 1351/1979/4951 1383/1894/4952 1384/1771/4953
f 1351/1858/4954 1350/1674/4955 1127/1532/4956 1383/1759/4957
f 1387/1859/4958 1386/1860/4959 1389/1861/4960 1388/1862/4961
f 1386/1987/4962 1385/1792/4963 1390/1983/4964 1389/1982/4965
f 1395/1993/4966 1394/1795/4967 1434/1810/4968 1435/2000/4969
f 1396/1863/4970 1395/1864/4971 1435/1884/4972 1436/1882/4973
f 1421/1865/4974 1420/1866/4975 1423/1867/4976 1422/1869/4977
f 1420/1991/4978 1419/1801/4979 1424/1802/4980 1423/1799/4981
f 1427/1803/4982 1426/1804/4983 1447/1998/4984 1446/1805/4985
f 1426/1870/4986 1428/1873/4987 1448/1877/4988 1447/1878/4989
f 1433/1807/4990 1432/1808/4991 1435/2000/4992 1434/1810/4993
f 1432/1879/4994 1431/1881/4995 1436/1882/4996 1435/1884/4997
f 1450/1883/4998 1449/1814/4999 1465/1851/5000 1466/1996/5001
f 1451/1886/5002 1450/1887/5003 1466/1990/5004 1467/1897/5005
f 1388/1862/5006 1089/1497/5007 1090/1498/5008 1387/1859/5009
f 1394/1795/5010 1393/1816/5011 1430/1828/5012 1434/1810/5013
f 1398/1817/5014 1399/1818/5015 1403/1819/5016 1400/1820/5017
f 1406/1984/5018 1407/1822/5019 1411/1823/5020 1408/1824/5021
f 1407/1822/5022 1414/1825/5023 1415/1826/5024 1411/1823/5025
f 1414/1825/5026 1418/1827/5027 1419/1801/5028 1415/1826/5029
f 1418/1827/5030 1393/1816/5031 1424/1802/5032 1419/1801/5033
f 1430/1828/5034 1433/1807/5035 1434/1810/5036
f 1430/1828/5037 1437/1829/5038 1438/1830/5039 1433/1807/5040
f 1437/1829/5041 1441/1831/5042 1442/1832/5043 1438/1830/5044
f 1441/1831/5045 1391/1833/5046 1385/1792/5047 1442/1832/5048
f 1391/1833/5049 1392/1834/5050 1390/1983/5051 1385/1792/5052
f 1445/1835/5053 1425/1836/5054 1427/1803/5055 1446/1805/5056
f 1428/1873/5057 1429/1889/5058 1102/1505/5059 1448/1877/5060
f 1444/1891/5061 1091/1499/5062 1092/1500/5063 1440/1893/5064
f 1387/1859/5065 1090/1498/5066 1091/1499/5067 1444/1891/5068
f 1096/1495/5069 1396/1863/5070 1436/1882/5071 1092/1500/5072
f 1440/1893/5073 1092/1500/5074 1436/1882/5075 1431/1881/5076
f 1126/1529/5077 1125/1530/5078 1120/1523/5079 1119/1524/5080
f 1449/1814/5081 1452/1841/5082 1468/1850/5083 1465/1851/5084
f 1469/1852/5085 1453/1842/5086 1454/1843/5087 1470/1853/5088
f 1457/1895/5089 1112/1515/5090 1111/1516/5091
f 1392/1985/5092 1460/1845/5093 1459/1846/5094 1390/1793/5095
f 1462/1847/5096 1461/1848/5097 1406/1821/5098 1408/1981/5099
f 1448/1877/5100 1104/1507/5101 1117/1522/5102 1467/1897/5103
f 1468/1850/5104 1445/1835/5105 1446/1805/5106 1465/1851/5107
f 1403/1819/5108 1399/1818/5109 1469/1852/5110 1470/1853/5111
f 1451/1886/5112 1128/1531/5113 1109/1514/5114 1457/1895/5115
f 1460/1845/5116 1452/1841/5117 1449/1814/5118 1459/1846/5119
f 1454/1843/5120 1453/1842/5121 1461/1848/5122 1462/1847/5123
f 1413/1914/5124 1094/1493/5125 1093/1494/5126 1410/1916/5127
f 1417/1918/5128 1095/1496/5129 1094/1493/5130 1413/1914/5131
f 1421/1865/5132 1096/1495/5133 1095/1496/5134 1417/1918/5135
f 1422/1869/5136 1396/1863/5137 1096/1495/5138 1421/1865/5139
f 1393/1816/5140 1394/1795/5141 1424/1802/5142
f 1405/1920/5143 1100/1503/5144 1099/1504/5145
f 1472/1922/5146 1116/1519/5147 1097/1502/5148 1405/1920/5149
f 1114/1517/5150 1113/1518/5151 1124/1527/5152 1123/1528/5153
f 1464/1927/5154 1108/1511/5155 1121/1526/5156 1456/1928/5157
f 1410/1916/5158 1093/1494/5159 1106/1509/5160 1464/1927/5161
f 1405/1920/5162 1097/1502/5163 1100/1503/5164
f 1472/1922/5165 1113/1518/5166 1116/1519/5167
f 1456/1928/5168 1121/1526/5169 1124/1527/5170
f 1385/1792/5171 1386/1987/5172 1443/1999/5173 1442/1832/5174
f 1386/1860/5175 1387/1859/5176 1444/1891/5177 1443/1933/5178
f 1388/1862/5179 1389/1861/5180 1458/1934/5181 1457/1895/5182
f 1389/1790/5183 1390/1793/5184 1459/1846/5185 1458/1868/5186
f 1402/1935/5187 1401/1936/5188 1404/1938/5189 1405/1920/5190
f 1401/1988/5191 1400/1820/5192 1403/1819/5193 1404/1871/5194
f 1408/1981/5195 1409/1980/5196 1463/1997/5197 1462/1847/5198
f 1409/1939/5199 1410/1916/5200 1464/1927/5201 1463/1940/5202
f 1410/1916/5203 1409/1939/5204 1412/1941/5205 1413/1914/5206
f 1409/1872/5207 1408/1824/5208 1411/1823/5209 1412/1874/5210
f 1413/1914/5211 1412/1941/5212 1416/1994/5213 1417/1918/5214
f 1412/1874/5215 1411/1823/5216 1415/1826/5217 1416/1875/5218
f 1417/1918/5219 1416/1994/5220 1420/1866/5221 1421/1865/5222
f 1416/1875/5223 1415/1826/5224 1419/1801/5225 1420/1991/5226
f 1394/1795/5227 1395/1993/5228 1423/1799/5229 1424/1802/5230
f 1395/1864/5231 1396/1863/5232 1422/1869/5233 1423/1867/5234
f 1431/1881/5235 1432/1879/5236 1439/1995/5237 1440/1893/5238
f 1432/1808/5239 1433/1807/5240 1438/1830/5241 1439/1876/5242
f 1440/1893/5243 1439/1995/5244 1443/1933/5245 1444/1891/5246
f 1439/1876/5247 1438/1830/5248 1442/1832/5249 1443/1999/5250
f 1471/1885/5251 1470/1853/5252 1454/1843/5253 1455/1880/5254
f 1472/1922/5255 1471/1989/5256 1455/1992/5257 1456/1928/5258
f 1446/1805/5259 1447/1998/5260 1466/1996/5261 1465/1851/5262
f 1447/1878/5263 1448/1877/5264 1467/1897/5265 1466/1990/5266
f 1457/1895/5267 1458/1934/5268 1450/1887/5269 1451/1886/5270
f 1458/1868/5271 1459/1846/5272 1449/1814/5273 1450/1883/5274
f 1462/1847/5275 1463/1997/5276 1455/1880/5277 1454/1843/5278
f 1463/1940/5279 1464/1927/5280 1456/1928/5281 1455/1992/5282
f 1405/1920/5283 1404/1938/5284 1471/1989/5285 1472/1922/5286
f 1404/1871/5287 1403/1819/5288 1470/1853/5289 1471/1885/5290
f 1457/1895/5291 1109/1514/5292 1112/1515/5293
f 1109/1514/5294 1128/1531/5295 1127/1532/5296 1110/1513/5297
f 1451/1886/5298 1125/1530/5299 1128/1531/5300
f 1125/1530/5301 1451/1886/5302 1467/1897/5303 1120/1523/5304
f 1467/1897/5305 1117/1522/5306 1120/1523/5307
f 1117/1522/5308 1104/1507/5309 1103/1508/5310 1118/1521/5311
f 1448/1877/5312 1101/1506/5313 1104/1507/5314
f 1338/1677/5315 1118/1521/5316 1103/1508/5317 1323/1678/5318
f 1097/1502/5319 1116/1519/5320 1115/1520/5321 1098/1501/5322
f 1113/1518/5323 1472/1922/5324 1456/1928/5325 1124/1527/5326
f 1464/1927/5327 1105/1510/5328 1108/1511/5329
f 1121/1526/5330 1108/1511/5331 1107/1512/5332 1122/1525/5333
f 1289/1669/5334 1114/1517/5335 1123/1528/5336 1344/1679/5337
f 1292/1670/5338 1347/1680/5339 1126/1529/5340 1119/1524/5341
f 1332/1673/5342 1110/1513/5343 1127/1532/5344 1350/1674/5345
f 1464/1927/5346 1106/1509/5347 1105/1510/5348
f 1457/1895/5349 1111/1516/5350 1089/1497/5351 1388/1862/5352
f 1448/1877/5353 1102/1505/5354 1101/1506/5355
f 1405/1920/5356 1099/1504/5357 1397/1986/5358 1402/1935/5359
f 1258/1651/5360 1255/1648/5361 1197/1610/5362 1198/1566/5363
f 1189/1581/5364 1255/1648/5365 1258/1651/5366 1194/1582/5367
f 1234/1622/5368 1231/1619/5369 1149/1603/5370 1150/1533/5371
f 1141/1547/5372 1231/1619/5373 1234/1622/5374 1146/1548/5375
f 1188/1577/5376 1183/1576/5377 1249/1608/5378 1252/1607/5379
f 1228/1602/5380 1225/1601/5381 1131/1614/5382 1132/1536/5383
f 1240/1605/5384 1237/1604/5385 1155/1626/5386 1156/1554/5387
f 1212/1594/5388 1207/1593/5389 1261/1661/5390 1264/1658/5391
f 1264/1658/5392 1261/1661/5393 1203/1611/5394 1204/1586/5395
f 1246/1637/5396 1243/1634/5397 1173/1606/5398 1174/1550/5399
f 1165/1563/5400 1243/1634/5401 1246/1637/5402 1170/1564/5403
f 1270/1667/5404 1267/1664/5405 1221/1612/5406 1222/1583/5407
f 1213/1599/5408 1267/1664/5409 1270/1667/5410 1218/1600/5411
s 1
f 1326/1683/5412 1093/1494/5413 1089/1497/4358 1295/1684/4357
f 1106/1509/5414 1093/1494/5413 1326/1683/5412
s 2
f 1317/1681/4377 1320/1682/4379 1429/1889/4381 1397/1986/4378
g default
v 17.387650 -6.012299 259.836731
v 202.731781 -6.012299 259.836731
v 17.387650 220.454391 259.836731
v 27.610100 244.231018 259.836731
v 52.289513 254.079529 259.836731
v 167.829926 254.079529 259.836731
v 192.509277 244.231018 259.836731
v 202.731781 220.454391 259.836731
v 48.411583 274.260254 259.836731
v 171.707886 274.260254 259.836731
v 222.912506 -6.012299 259.836731
v 222.912506 224.608780 259.836731
v -2.793007 -6.012299 259.836731
v -2.793007 224.608780 259.836731
v 12.370430 259.877655 259.836731
v 207.748962 259.877655 259.836731
v 12.343010 -6.012299 336.053589
v 17.387650 -6.012299 331.008911
v 15.910103 -6.012299 334.576050
v 17.387650 220.454391 331.008911
v 15.910103 220.758560 334.576050
v 12.343010 221.492874 336.053589
v 207.776489 -6.012299 336.053589
v 204.209351 -6.012299 334.576050
v 202.731781 -6.012299 331.008911
v 202.731781 220.454391 331.008911
v 204.209351 220.758560 334.576050
v 207.776489 221.492874 336.053589
v 52.289513 254.079529 331.008911
v 52.005608 255.557098 334.576050
v 51.320160 259.124207 336.053589
v 167.829926 254.079529 331.008911
v 168.113861 255.557098 334.576050
v 168.799316 259.124207 336.053589
v 27.610100 244.231018 331.008911
v 26.494316 245.376556 334.576050
v 23.800621 248.142273 336.053589
v 192.509277 244.231018 331.008911
v 193.625061 245.376556 334.576050
v 196.318817 248.142273 336.053589
v 49.380943 269.215607 336.053589
v 48.695496 272.782684 334.576050
v 48.411583 274.260254 331.008911
v 171.707886 274.260254 331.008911
v 171.423981 272.782684 334.576050
v 170.738495 269.215607 336.053589
v 221.434937 -6.012299 334.576050
v 217.867828 -6.012299 336.053589
v 222.912506 -6.012299 331.008911
v 217.867828 223.570312 336.053589
v 221.434937 224.304626 334.576050
v 222.912506 224.608780 331.008911
v -1.315506 -6.012299 334.576050
v -2.793007 -6.012299 331.008911
v 2.251633 -6.012299 336.053589
v -2.793007 224.608780 331.008911
v -1.315506 224.304626 334.576050
v 2.251633 223.570312 336.053589
v 12.370430 259.877655 331.008911
v 13.486214 258.732117 334.576050
v 16.179947 255.966431 336.053589
v 207.748962 259.877655 331.008911
v 206.633179 258.732117 334.576050
v 203.939453 255.966431 336.053589
vt 0.038330 0.684159
vt 0.982594 0.431646
vt 0.983870 0.431612
vt 0.076505 0.684159
vt 0.986164 0.506589
vt 0.984885 0.506464
vt 0.985144 0.431578
vt 0.987448 0.506766
vt 0.604552 0.718467
vt 0.031168 0.750072
vt 0.031326 0.748800
vt 0.498614 0.527607
vt 0.071637 0.748809
vt 0.071794 0.750083
vt 0.031515 0.747523
vt 0.071447 0.747533
vt 0.988476 0.431489
vt 0.989753 0.431455
vt 0.645286 0.694944
vt 0.391590 0.523631
vt 0.417092 0.500111
vt 0.992085 0.507404
vt 0.990804 0.507230
vt 0.493290 0.500098
vt 0.991029 0.431421
vt 0.993362 0.507530
vt 0.493294 0.523613
vt 0.417096 0.523627
vt 0.396914 0.551141
vt 0.396910 0.527625
vt 0.473108 0.527612
vt 0.473113 0.551128
vt 0.485793 0.527610
vt 0.485797 0.551125
vt 0.404407 0.500113
vt 0.404411 0.523629
vt 0.076505 0.707674
vt 0.038329 0.707674
vt 0.086307 0.625135
vt 0.011481 0.625135
vt 0.011481 0.601619
vt 0.086307 0.601619
vt 0.002930 0.574110
vt 0.077756 0.574110
vt 0.077756 0.597626
vt 0.002930 0.597626
vt 0.086307 0.574110
vt 0.029550 0.707674
vt 0.085284 0.684159
vt 0.002930 0.625135
vt 0.931578 0.212795
vt 0.932855 0.212828
vt 0.930592 0.288779
vt 0.929315 0.288907
vt 0.934131 0.212862
vt 0.931874 0.288605
vt 0.032020 0.744189
vt 0.070945 0.744186
vt 0.937463 0.212948
vt 0.935229 0.288137
vt 0.937874 0.297431
vt 0.020272 0.744252
vt 0.080417 0.741435
vt 0.987650 0.518322
vt 0.938738 0.212981
vt 0.936513 0.287959
vt 0.940013 0.213013
vt 0.937792 0.287833
vt 0.079587 0.740350
vt 0.982556 0.514699
vt 0.032368 0.741636
vt 0.032213 0.742909
vt 0.938962 0.296606
vt 0.023926 0.739181
vt 0.070752 0.742908
vt 0.070597 0.741632
vt 0.988752 0.519138
vt 0.084062 0.746528
vt 0.019448 0.745347
vt 0.932762 0.301049
vt 0.002930 0.601619
vt 0.085284 0.707674
vt 0.029550 0.684159
vt 0.086307 0.597626
vt 0.391586 0.500116
vt 0.645290 0.718460
vt 0.498618 0.551123
vt 0.604548 0.694951
vt 0.935037 0.299694
vt 0.933937 0.300511
vt 0.018902 0.746519
vt 0.022548 0.741428
vt 0.023379 0.740344
vt 0.940128 0.296066
vt 0.082693 0.744260
vt 0.083516 0.745356
vt 0.989926 0.519676
vt 0.984812 0.516062
vt 0.983723 0.515238
vt 0.079041 0.739186
vn -0.923877 0.000000 0.382688
vn -0.923877 0.000000 0.382688
vn -0.923877 0.000000 0.382688
vn -0.923877 0.000000 0.382688
vn -0.382679 0.000000 0.923881
vn -0.107066 0.000000 0.994252
vn -0.091269 -0.003984 0.995818
vn -0.379719 -0.016537 0.924954
vn -0.089851 0.995760 0.019730
vn -0.082320 0.918410 0.386972
vn 0.082320 0.918410 0.386971
vn 0.089851 0.995760 0.019730
vn -0.032907 0.377074 0.925598
vn -0.010865 0.124256 0.992191
vn 0.010865 0.124256 0.992191
vn 0.032907 0.377074 0.925598
vn 0.108032 0.000000 0.994147
vn 0.382682 0.000000 0.923880
vn 0.378960 0.020696 0.925182
vn 0.124242 0.006769 0.992229
vn 0.923879 0.000000 0.382684
vn 0.999805 0.000000 0.019753
vn 0.998186 0.056900 0.019697
vn 0.921054 0.052001 0.385947
vn -0.999805 0.000000 0.019753
vn -0.923883 0.000000 0.382675
vn -0.921058 0.052001 0.385939
vn -0.998186 0.056900 0.019697
vn -0.382680 0.000000 0.923881
vn -0.108032 0.000000 0.994147
vn -0.124242 0.006769 0.992229
vn -0.378959 0.020696 0.925182
vn -0.089899 0.995951 0.000000
vn -0.089851 0.995760 0.019730
vn 0.089851 0.995760 0.019730
vn 0.089900 0.995951 0.000000
vn 0.998186 0.056900 0.019697
vn 0.999805 0.000000 0.019753
vn 1.000000 0.000000 0.000000
vn 0.998378 0.056937 0.000000
vn -1.000000 0.000000 0.000000
vn -0.999805 0.000000 0.019753
vn -0.998186 0.056900 0.019697
vn -0.998378 0.056936 0.000000
vn -0.998186 0.056900 0.019697
vn -0.918522 0.394908 0.019092
vn -0.918690 0.394980 0.000000
vn -0.998378 0.056936 0.000000
vn -0.370570 0.928608 0.019110
vn -0.089851 0.995760 0.019730
vn -0.089899 0.995951 0.000000
vn -0.370638 0.928777 0.000000
vn 0.089851 0.995760 0.019730
vn 0.370571 0.928608 0.019110
vn 0.370639 0.928777 0.000000
vn 0.089900 0.995951 0.000000
vn 0.918522 0.394910 0.019092
vn 0.998186 0.056900 0.019697
vn 0.998378 0.056937 0.000000
vn 0.918689 0.394982 0.000000
vn 0.070064 -0.997543 0.000000
vn -0.070064 -0.997543 0.000000
vn -0.070090 -0.997334 0.020292
vn 0.070090 -0.997334 0.020292
vn -0.999804 0.000000 0.019778
vn -0.998962 -0.040838 0.020186
vn -0.999167 -0.040816 0.000000
vn -1.000000 0.000000 0.000000
vn 1.000000 0.000000 0.000000
vn 0.999167 -0.040816 0.000000
vn 0.998962 -0.040837 0.020186
vn 0.999804 0.000000 0.019778
vn 0.998962 -0.040837 0.020186
vn 0.999167 -0.040816 0.000000
vn 0.918690 -0.394979 0.000000
vn 0.918496 -0.394895 0.020558
vn 0.370558 -0.928582 0.020531
vn 0.370636 -0.928778 0.000000
vn 0.070064 -0.997543 0.000000
vn 0.070090 -0.997334 0.020292
vn -0.070090 -0.997334 0.020292
vn -0.070064 -0.997543 0.000000
vn -0.370637 -0.928778 0.000000
vn -0.370559 -0.928582 0.020531
vn -0.918495 -0.394898 0.020558
vn -0.918689 -0.394981 0.000000
vn -0.999167 -0.040816 0.000000
vn -0.998962 -0.040838 0.020186
vn 0.006639 -0.090011 0.995919
vn -0.006639 -0.090011 0.995919
vn 0.010865 0.124256 0.992191
vn -0.010865 0.124256 0.992191
vn -0.091269 -0.003984 0.995818
vn -0.107066 0.000000 0.994252
vn 0.108032 0.000000 0.994147
vn 0.124242 0.006769 0.992229
vn 0.107066 0.000000 0.994252
vn 0.091269 -0.003984 0.995818
vn -0.124242 0.006769 0.992229
vn -0.108032 0.000000 0.994147
vn 0.091269 -0.003984 0.995818
vn 0.047114 -0.048902 0.997692
vn -0.098595 0.101642 0.989923
vn -0.124242 0.006769 0.992229
vn 0.047114 -0.048902 0.997692
vn 0.006639 -0.090011 0.995919
vn -0.010865 0.124256 0.992191
vn -0.098595 0.101642 0.989923
vn -0.006639 -0.090011 0.995919
vn -0.047114 -0.048902 0.997692
vn 0.098595 0.101643 0.989923
vn 0.010865 0.124256 0.992191
vn -0.047114 -0.048902 0.997692
vn -0.091269 -0.003984 0.995818
vn 0.124242 0.006769 0.992229
vn 0.098595 0.101643 0.989923
vn 0.107066 0.000000 0.994252
vn 0.382683 0.000000 0.923880
vn 0.379723 -0.016537 0.924952
vn 0.091269 -0.003984 0.995818
vn 0.923879 0.000000 0.382684
vn 0.999804 0.000000 0.019778
vn 0.998962 -0.040837 0.020186
vn 0.922046 -0.038254 0.385186
vn -0.998962 -0.040838 0.020186
vn -0.922046 -0.038254 0.385186
vn -0.848759 -0.364915 0.382682
vn -0.918495 -0.394898 0.020558
vn -0.379719 -0.016537 0.924954
vn -0.091269 -0.003984 0.995818
vn -0.047114 -0.048902 0.997692
vn -0.248317 -0.257091 0.933940
vn 0.070090 -0.997334 0.020292
vn 0.065370 -0.920051 0.386306
vn 0.342424 -0.858080 0.382681
vn 0.370558 -0.928582 0.020531
vn 0.027933 -0.377948 0.925405
vn 0.006639 -0.090011 0.995919
vn 0.047114 -0.048902 0.997692
vn 0.248319 -0.257092 0.933939
vn 0.006639 -0.090011 0.995919
vn 0.027933 -0.377948 0.925405
vn -0.027933 -0.377948 0.925405
vn -0.006639 -0.090011 0.995919
vn 0.065370 -0.920051 0.386306
vn 0.070090 -0.997334 0.020292
vn -0.070090 -0.997334 0.020292
vn -0.065371 -0.920051 0.386306
vn 0.091269 -0.003984 0.995818
vn 0.379723 -0.016537 0.924952
vn 0.248319 -0.257092 0.933939
vn 0.047114 -0.048902 0.997692
vn 0.922046 -0.038254 0.385186
vn 0.998962 -0.040837 0.020186
vn 0.918496 -0.394895 0.020558
vn 0.848759 -0.364913 0.382682
vn -0.006639 -0.090011 0.995919
vn -0.027933 -0.377948 0.925405
vn -0.248317 -0.257091 0.933940
vn -0.047114 -0.048902 0.997692
vn -0.065371 -0.920051 0.386306
vn -0.070090 -0.997334 0.020292
vn -0.370559 -0.928582 0.020531
vn -0.342425 -0.858079 0.382682
vn 0.089851 0.995760 0.019730
vn 0.082320 0.918410 0.386971
vn 0.342425 0.858080 0.382679
vn 0.370571 0.928608 0.019110
vn 0.032907 0.377074 0.925598
vn 0.010865 0.124256 0.992191
vn 0.098595 0.101643 0.989923
vn 0.248542 0.256874 0.933939
vn -0.998186 0.056900 0.019697
vn -0.921058 0.052001 0.385939
vn -0.848761 0.364915 0.382677
vn -0.918522 0.394908 0.019092
vn -0.378959 0.020696 0.925182
vn -0.124242 0.006769 0.992229
vn -0.098595 0.101642 0.989923
vn -0.248541 0.256873 0.933940
vn -0.010865 0.124256 0.992191
vn -0.032907 0.377074 0.925598
vn -0.248541 0.256873 0.933940
vn -0.098595 0.101642 0.989923
vn -0.082320 0.918410 0.386972
vn -0.089851 0.995760 0.019730
vn -0.370570 0.928608 0.019110
vn -0.342425 0.858080 0.382680
vn 0.124242 0.006769 0.992229
vn 0.378960 0.020696 0.925182
vn 0.248542 0.256874 0.933939
vn 0.098595 0.101643 0.989923
vn 0.921054 0.052001 0.385947
vn 0.998186 0.056900 0.019697
vn 0.918522 0.394910 0.019092
vn 0.848759 0.364916 0.382681
s off
g S_U_20 Window_frame_06
usemtl set8
f 1497/2034/5673 1496/2035/5674 1499/2037/5675 1498/2038/5676
f 1496/2035/5677 1495/2039/5678 1500/2040/5679 1499/2037/5680
f 1515/2042/5681 1514/2043/5682 1517/2045/5683 1516/2046/5684
f 1514/2043/5685 1513/2047/5686 1518/2048/5687 1517/2045/5688
f 1520/2049/5689 1519/2050/5690 1523/2054/5691 1522/2055/5692
f 1519/2050/5693 1521/2057/5694 1524/2058/5695 1523/2054/5696
f 1526/2083/5697 1525/2084/5698 1529/2085/5699 1528/2086/5700
f 1525/2084/5701 1527/2087/5702 1530/2088/5703 1529/2085/5704
f 1481/2041/5705 1515/2120/5706 1516/2051/5707 1482/2118/5708
f 1524/2053/5709 1521/2056/5710 1483/2059/5711 1484/2060/5712
f 1485/2061/5713 1526/2062/5714 1528/2063/5715 1486/2064/5716
f 1528/2063/5717 1531/2065/5718 1487/2066/5719 1486/2064/5720
f 1531/2065/5721 1515/2044/5722 1481/2119/5723 1487/2066/5724
f 1516/2117/5725 1534/2067/5726 1488/2068/5727 1482/2052/5728
f 1534/2067/5729 1524/2053/5730 1484/2060/5731 1488/2068/5732
f 1477/2033/5733 1478/2036/5734 1504/2069/5735 1501/2070/5736
f 1497/2071/5737 1498/2072/5738 1480/2073/5739 1474/2074/5740
f 1473/2075/5741 1475/2076/5742 1492/2077/5743 1490/2078/5744
f 1492/2077/5745 1475/2076/5746 1476/2079/5747 1507/2116/5748
f 1507/2080/5749 1476/2115/5750 1477/2033/5751 1501/2070/5752
f 1504/2069/5753 1478/2036/5754 1479/2081/5755 1510/2114/5756
f 1510/2082/5757 1479/2113/5758 1480/2073/5759 1498/2072/5760
f 1503/2089/5761 1506/2090/5762 1518/2048/5763 1513/2047/5764
f 1500/2040/5765 1495/2039/5766 1520/2049/5767 1522/2055/5768
f 1489/2091/5769 1494/2092/5770 1530/2088/5771 1527/2087/5772
f 1494/2092/5773 1509/2093/5774 1533/2121/5775 1530/2088/5776
f 1509/2124/5777 1503/2089/5778 1513/2047/5779 1533/2094/5780
f 1506/2090/5781 1512/2095/5782 1536/2127/5783 1518/2048/5784
f 1512/2130/5785 1500/2040/5786 1522/2055/5787 1536/2096/5788
f 1489/2091/5789 1491/2097/5790 1493/2098/5791 1494/2092/5792
f 1491/2097/5793 1490/2099/5794 1492/2100/5795 1493/2098/5796
f 1498/2038/5797 1499/2037/5798 1511/2131/5799 1510/2102/5800
f 1499/2037/5801 1500/2040/5802 1512/2130/5803 1511/2131/5804
f 1501/2103/5805 1502/2104/5806 1508/2125/5807 1507/2106/5808
f 1502/2104/5809 1503/2089/5810 1509/2124/5811 1508/2125/5812
f 1503/2089/5813 1502/2104/5814 1505/2107/5815 1506/2090/5816
f 1502/2104/5817 1501/2103/5818 1504/2108/5819 1505/2107/5820
f 1494/2092/5821 1493/2098/5822 1508/2105/5823 1509/2093/5824
f 1493/2098/5825 1492/2100/5826 1507/2126/5827 1508/2105/5828
f 1506/2090/5829 1505/2107/5830 1511/2101/5831 1512/2095/5832
f 1505/2107/5833 1504/2108/5834 1510/2132/5835 1511/2101/5836
f 1516/2046/5837 1517/2045/5838 1535/2128/5839 1534/2110/5840
f 1517/2045/5841 1518/2048/5842 1536/2127/5843 1535/2128/5844
f 1528/2086/5845 1529/2085/5846 1532/2122/5847 1531/2112/5848
f 1529/2085/5849 1530/2088/5850 1533/2121/5851 1532/2122/5852
f 1513/2047/5853 1514/2043/5854 1532/2111/5855 1533/2094/5856
f 1514/2043/5857 1515/2042/5858 1531/2123/5859 1532/2111/5860
f 1522/2055/5861 1523/2054/5862 1535/2109/5863 1536/2096/5864
f 1523/2054/5865 1524/2058/5866 1534/2129/5867 1535/2109/5868
g default
v 371.414276 -6.849670 191.903900
v 532.170776 -6.849670 191.903900
v 371.414276 214.759369 191.903900
v 381.636719 238.536011 191.903900
v 406.316132 248.384521 191.903900
v 497.268890 248.384521 191.903900
v 521.948242 238.536011 191.903900
v 532.170776 214.759369 191.903900
v 402.438202 268.565247 191.903900
v 501.146820 268.565247 191.903900
v 552.351440 -6.849670 191.903900
v 552.351440 218.913757 191.903900
v 351.233612 -6.849670 191.903900
v 351.233612 218.913757 191.903900
v 366.397034 254.182648 191.903900
v 537.187988 254.182648 191.903900
v 366.369629 -6.849670 268.120728
v 371.414276 -6.849670 263.076050
v 369.936707 -6.849670 266.643188
v 371.414276 214.759369 263.076050
v 369.936707 215.063553 266.643188
v 366.369629 215.797867 268.120728
v 537.215454 -6.849670 268.120728
v 533.648315 -6.849670 266.643188
v 532.170776 -6.849670 263.076050
v 532.170776 214.759369 263.076050
v 533.648315 215.063553 266.643188
v 537.215454 215.797867 268.120728
v 406.316132 248.384521 263.076050
v 406.032227 249.862091 266.643188
v 405.346771 253.429199 268.120728
v 497.268890 248.384521 263.076050
v 497.552826 249.862091 266.643188
v 498.238251 253.429199 268.120728
v 381.636719 238.536011 263.076050
v 380.520935 239.681549 266.643188
v 377.827240 242.447235 268.120728
v 521.948242 238.536011 263.076050
v 523.064087 239.681549 266.643188
v 525.757812 242.447235 268.120728
v 403.407562 263.520599 268.120728
v 402.722107 267.087677 266.643188
v 402.438202 268.565247 263.076050
v 501.146820 268.565247 263.076050
v 500.862946 267.087677 266.643188
v 500.177460 263.520599 268.120728
v 550.873901 -6.849670 266.643188
v 547.306763 -6.849670 268.120728
v 552.351440 -6.849670 263.076050
v 547.306763 217.875290 268.120728
v 550.873901 218.609604 266.643188
v 552.351440 218.913757 263.076050
v 352.711121 -6.849670 266.643188
v 351.233612 -6.849670 263.076050
v 356.278259 -6.849670 268.120728
v 351.233612 218.913757 263.076050
v 352.711121 218.609604 266.643188
v 356.278259 217.875290 268.120728
v 366.397034 254.182648 263.076050
v 367.512817 253.037109 266.643188
v 370.206573 250.271423 268.120728
v 537.187988 254.182648 263.076050
v 536.072144 253.037109 266.643188
v 533.378418 250.271423 268.120728
vt 0.499300 0.555125
vt 0.499335 0.556401
vt 0.425965 0.558714
vt 0.426089 0.557435
vt 0.499371 0.557676
vt 0.425789 0.559999
vt 0.792510 0.602760
vt 0.792671 0.601488
vt 0.824849 0.601492
vt 0.825010 0.602766
vt 0.792859 0.600211
vt 0.824661 0.600216
vt 0.499463 0.561008
vt 0.499499 0.562284
vt 0.425156 0.564637
vt 0.425329 0.563355
vt 0.499534 0.563560
vt 0.425031 0.565914
vt 0.675213 0.524325
vt 0.675190 0.525602
vt 0.600828 0.523999
vt 0.600690 0.522724
vt 0.675167 0.526878
vt 0.601013 0.525280
vt 0.793358 0.596877
vt 0.824165 0.596867
vt 0.793063 0.587880
vt 0.793067 0.564364
vt 0.825681 0.564370
vt 0.825677 0.587886
vt 0.521404 0.694946
vt 0.595997 0.694959
vt 0.675109 0.530211
vt 0.595993 0.718475
vt 0.601508 0.528631
vt 0.521399 0.718462
vt 0.727001 0.634053
vt 0.727005 0.610537
vt 0.592237 0.531352
vt 0.781611 0.596941
vt 0.801599 0.610551
vt 0.801595 0.634066
vt 0.814284 0.610553
vt 0.780242 0.587878
vt 0.833635 0.594115
vt 0.838503 0.564372
vt 0.414234 0.560212
vt 0.508715 0.718459
vt 0.675086 0.531486
vt 0.601696 0.529914
vt 0.675064 0.532762
vt 0.601833 0.531191
vt 0.832805 0.593030
vt 0.417851 0.555114
vt 0.793706 0.594323
vt 0.793549 0.595597
vt 0.593070 0.532434
vt 0.785263 0.591869
vt 0.823972 0.595588
vt 0.823814 0.594312
vt 0.413418 0.561314
vt 0.837279 0.599208
vt 0.780787 0.598037
vt 0.588576 0.526271
vt 0.002934 0.680170
vt 0.050540 0.711667
vt 0.002934 0.735192
vt 0.084702 0.629128
vt 0.002934 0.652659
vt 0.076155 0.652645
vt 0.076151 0.629129
vt 0.011709 0.711675
vt 0.041761 0.711669
vt 0.041765 0.735185
vt 0.011714 0.735191
vt 0.084706 0.680154
vt 0.011485 0.680168
vt 0.011481 0.656652
vt 0.084702 0.656639
vt 0.002930 0.629143
vt 0.508719 0.694944
vt 0.838499 0.587888
vt 0.780246 0.564362
vt 0.814279 0.634069
vt 0.002930 0.656654
vt 0.050545 0.735183
vt 0.002930 0.711676
vt 0.084706 0.652643
vt 0.589950 0.528534
vt 0.589124 0.527441
vt 0.780242 0.599209
vt 0.835910 0.596940
vt 0.836734 0.598036
vt 0.412882 0.562490
vt 0.783887 0.594117
vt 0.784717 0.593033
vt 0.593620 0.533595
vt 0.416491 0.557372
vt 0.417314 0.556282
vt 0.832259 0.591866
vn -0.923880 0.000000 0.382683
vn -0.923880 0.000000 0.382683
vn -0.923880 0.000000 0.382683
vn -0.923880 0.000000 0.382683
vn -0.382680 0.000000 0.923881
vn -0.107056 0.000000 0.994253
vn -0.091224 -0.004061 0.995822
vn -0.379662 -0.016859 0.924972
vn -0.106080 0.994162 0.019745
vn -0.097242 0.916739 0.387471
vn 0.097242 0.916739 0.387471
vn 0.106080 0.994162 0.019745
vn -0.038943 0.375999 0.925801
vn -0.012928 0.124584 0.992125
vn 0.012928 0.124584 0.992125
vn 0.038943 0.375999 0.925801
vn 0.108043 0.000000 0.994146
vn 0.382683 0.000000 0.923880
vn 0.378891 0.021081 0.925201
vn 0.124250 0.006897 0.992227
vn 0.923879 0.000000 0.382684
vn 0.999805 0.000000 0.019753
vn 0.998125 0.057956 0.019699
vn 0.920978 0.052967 0.385998
vn -0.999805 0.000000 0.019752
vn -0.923883 0.000000 0.382675
vn -0.920981 0.052966 0.385990
vn -0.998125 0.057955 0.019699
vn -0.382681 0.000000 0.923881
vn -0.108043 0.000000 0.994146
vn -0.124250 0.006897 0.992227
vn -0.378889 0.021081 0.925202
vn -0.106133 0.994352 0.000000
vn -0.106080 0.994162 0.019745
vn 0.106080 0.994162 0.019745
vn 0.106133 0.994352 0.000000
vn 0.998125 0.057956 0.019699
vn 0.999805 0.000000 0.019753
vn 1.000000 0.000000 0.000000
vn 0.998317 0.057993 0.000000
vn -1.000000 0.000000 0.000000
vn -0.999805 0.000000 0.019752
vn -0.998125 0.057955 0.019699
vn -0.998317 0.057992 0.000000
vn -0.998125 0.057955 0.019699
vn -0.918522 0.394908 0.019092
vn -0.918690 0.394980 0.000000
vn -0.998317 0.057992 0.000000
vn -0.370571 0.928608 0.019110
vn -0.106080 0.994162 0.019745
vn -0.106133 0.994352 0.000000
vn -0.370638 0.928777 0.000000
vn 0.106080 0.994162 0.019745
vn 0.370571 0.928608 0.019110
vn 0.370639 0.928777 0.000000
vn 0.106133 0.994352 0.000000
vn 0.918522 0.394910 0.019092
vn 0.998125 0.057956 0.019699
vn 0.998317 0.057993 0.000000
vn 0.918689 0.394982 0.000000
vn 0.084864 -0.996393 0.000000
vn -0.084864 -0.996393 0.000000
vn -0.084891 -0.996183 0.020347
vn 0.084891 -0.996183 0.020347
vn -0.999804 0.000000 0.019778
vn -0.998928 -0.041645 0.020189
vn -0.999133 -0.041623 0.000000
vn -1.000000 0.000000 0.000000
vn 1.000000 0.000000 0.000000
vn 0.999133 -0.041623 0.000000
vn 0.998929 -0.041644 0.020189
vn 0.999804 0.000000 0.019778
vn 0.998929 -0.041644 0.020189
vn 0.999133 -0.041623 0.000000
vn 0.918691 -0.394978 0.000000
vn 0.918496 -0.394895 0.020558
vn 0.370558 -0.928582 0.020531
vn 0.370636 -0.928778 0.000000
vn 0.084864 -0.996393 0.000000
vn 0.084891 -0.996183 0.020347
vn -0.084891 -0.996183 0.020347
vn -0.084864 -0.996393 0.000000
vn -0.370637 -0.928778 0.000000
vn -0.370559 -0.928582 0.020531
vn -0.918495 -0.394898 0.020558
vn -0.918689 -0.394981 0.000000
vn -0.999133 -0.041623 0.000000
vn -0.998928 -0.041645 0.020189
vn 0.007935 -0.089118 0.995990
vn -0.007934 -0.089118 0.995990
vn 0.012928 0.124584 0.992125
vn -0.012928 0.124584 0.992125
vn -0.091224 -0.004061 0.995822
vn -0.107056 0.000000 0.994253
vn 0.108043 0.000000 0.994146
vn 0.124250 0.006897 0.992227
vn 0.107056 0.000000 0.994253
vn 0.091224 -0.004061 0.995822
vn -0.124250 0.006897 0.992227
vn -0.108043 0.000000 0.994146
vn 0.091224 -0.004061 0.995822
vn 0.047114 -0.048902 0.997692
vn -0.098595 0.101642 0.989923
vn -0.124250 0.006897 0.992227
vn 0.047114 -0.048902 0.997692
vn 0.007935 -0.089118 0.995990
vn -0.012928 0.124584 0.992125
vn -0.098595 0.101642 0.989923
vn -0.007934 -0.089118 0.995990
vn -0.047114 -0.048902 0.997692
vn 0.098595 0.101643 0.989923
vn 0.012928 0.124584 0.992125
vn -0.047114 -0.048902 0.997692
vn -0.091224 -0.004061 0.995822
vn 0.124250 0.006897 0.992227
vn 0.098595 0.101643 0.989923
vn 0.107056 0.000000 0.994253
vn 0.382684 0.000000 0.923879
vn 0.379666 -0.016859 0.924970
vn 0.091224 -0.004061 0.995822
vn 0.923879 0.000000 0.382684
vn 0.999804 0.000000 0.019778
vn 0.998929 -0.041644 0.020189
vn 0.921996 -0.039007 0.385230
vn -0.998928 -0.041645 0.020189
vn -0.921996 -0.039007 0.385230
vn -0.848759 -0.364915 0.382682
vn -0.918495 -0.394898 0.020558
vn -0.379662 -0.016859 0.924972
vn -0.091224 -0.004061 0.995822
vn -0.047114 -0.048902 0.997692
vn -0.248317 -0.257090 0.933940
vn 0.084891 -0.996183 0.020347
vn 0.079075 -0.918744 0.386855
vn 0.342424 -0.858080 0.382680
vn 0.370558 -0.928582 0.020531
vn 0.033627 -0.376944 0.925626
vn 0.007935 -0.089118 0.995990
vn 0.047114 -0.048902 0.997692
vn 0.248319 -0.257092 0.933939
vn 0.007935 -0.089118 0.995990
vn 0.033627 -0.376944 0.925626
vn -0.033627 -0.376943 0.925626
vn -0.007934 -0.089118 0.995990
vn 0.079075 -0.918744 0.386855
vn 0.084891 -0.996183 0.020347
vn -0.084891 -0.996183 0.020347
vn -0.079075 -0.918744 0.386855
vn 0.091224 -0.004061 0.995822
vn 0.379666 -0.016859 0.924970
vn 0.248319 -0.257092 0.933939
vn 0.047114 -0.048902 0.997692
vn 0.921996 -0.039007 0.385230
vn 0.998929 -0.041644 0.020189
vn 0.918496 -0.394895 0.020558
vn 0.848760 -0.364913 0.382682
vn -0.007934 -0.089118 0.995990
vn -0.033627 -0.376943 0.925626
vn -0.248317 -0.257090 0.933940
vn -0.047114 -0.048902 0.997692
vn -0.079075 -0.918744 0.386855
vn -0.084891 -0.996183 0.020347
vn -0.370559 -0.928582 0.020531
vn -0.342425 -0.858079 0.382682
vn 0.106080 0.994162 0.019745
vn 0.097242 0.916739 0.387471
vn 0.342425 0.858079 0.382682
vn 0.370571 0.928608 0.019110
vn 0.038943 0.375999 0.925801
vn 0.012928 0.124584 0.992125
vn 0.098595 0.101643 0.989923
vn 0.248542 0.256874 0.933939
vn -0.998125 0.057955 0.019699
vn -0.920981 0.052966 0.385990
vn -0.848761 0.364915 0.382677
vn -0.918522 0.394908 0.019092
vn -0.378889 0.021081 0.925202
vn -0.124250 0.006897 0.992227
vn -0.098595 0.101642 0.989923
vn -0.248541 0.256873 0.933940
vn -0.012928 0.124584 0.992125
vn -0.038943 0.375999 0.925801
vn -0.248541 0.256873 0.933940
vn -0.098595 0.101642 0.989923
vn -0.097242 0.916739 0.387471
vn -0.106080 0.994162 0.019745
vn -0.370571 0.928608 0.019110
vn -0.342425 0.858079 0.382682
vn 0.124250 0.006897 0.992227
vn 0.378891 0.021081 0.925201
vn 0.248542 0.256874 0.933939
vn 0.098595 0.101643 0.989923
vn 0.920978 0.052967 0.385998
vn 0.998125 0.057956 0.019699
vn 0.918522 0.394910 0.019092
vn 0.848759 0.364915 0.382681
s off
g S_U_20 Window_Frame_07
usemtl set8
f 1561/2133/5869 1560/2134/5870 1563/2135/5871 1562/2136/5872
f 1560/2134/5873 1559/2137/5874 1564/2138/5875 1563/2135/5876
f 1579/2139/5877 1578/2140/5878 1581/2141/5879 1580/2142/5880
f 1578/2140/5881 1577/2143/5882 1582/2144/5883 1581/2141/5884
f 1584/2145/5885 1583/2146/5886 1587/2147/5887 1586/2148/5888
f 1583/2146/5889 1585/2149/5890 1588/2150/5891 1587/2147/5892
f 1590/2151/5893 1589/2152/5894 1593/2153/5895 1592/2154/5896
f 1589/2152/5897 1591/2155/5898 1594/2156/5899 1593/2153/5900
f 1545/2159/5901 1579/2160/5902 1580/2161/5903 1546/2162/5904
f 1588/2163/5905 1585/2164/5906 1547/2166/5907 1548/2168/5908
f 1549/2169/5909 1590/2170/5910 1592/2173/5911 1550/2174/5912
f 1592/2173/5913 1595/2175/5914 1551/2216/5915 1550/2174/5916
f 1595/2215/5917 1579/2160/5918 1545/2159/5919 1551/2176/5920
f 1580/2161/5921 1598/2178/5922 1552/2214/5923 1546/2162/5924
f 1598/2213/5925 1588/2163/5926 1548/2168/5927 1552/2180/5928
f 1541/2204/5929 1542/2205/5930 1568/2206/5931 1565/2207/5932
f 1561/2208/5933 1562/2209/5934 1544/2210/5935 1538/2211/5936
f 1537/2212/5937 1539/2203/5938 1556/2202/5939 1554/2201/5940
f 1556/2202/5941 1539/2203/5942 1540/2200/5943 1571/2220/5944
f 1571/2199/5945 1540/2219/5946 1541/2204/5947 1565/2207/5948
f 1568/2206/5949 1542/2205/5950 1543/2198/5951 1574/2218/5952
f 1574/2197/5953 1543/2217/5954 1544/2210/5955 1562/2209/5956
f 1567/2157/5957 1570/2158/5958 1582/2144/5959 1577/2143/5960
f 1564/2138/5961 1559/2137/5962 1584/2145/5963 1586/2148/5964
f 1553/2165/5965 1558/2167/5966 1594/2156/5967 1591/2155/5968
f 1558/2167/5969 1573/2171/5970 1597/2221/5971 1594/2156/5972
f 1573/2227/5973 1567/2157/5974 1577/2143/5975 1597/2172/5976
f 1570/2158/5977 1576/2177/5978 1600/2224/5979 1582/2144/5980
f 1576/2230/5981 1564/2138/5982 1586/2148/5983 1600/2179/5984
f 1553/2165/5985 1555/2181/5986 1557/2182/5987 1558/2167/5988
f 1555/2181/5989 1554/2183/5990 1556/2184/5991 1557/2182/5992
f 1562/2136/5993 1563/2135/5994 1575/2231/5995 1574/2186/5996
f 1563/2135/5997 1564/2138/5998 1576/2230/5999 1575/2231/6000
f 1565/2187/6001 1566/2188/6002 1572/2228/6003 1571/2190/6004
f 1566/2188/6005 1567/2157/6006 1573/2227/6007 1572/2228/6008
f 1567/2157/6009 1566/2188/6010 1569/2191/6011 1570/2158/6012
f 1566/2188/6013 1565/2187/6014 1568/2192/6015 1569/2191/6016
f 1558/2167/6017 1557/2182/6018 1572/2189/6019 1573/2171/6020
f 1557/2182/6021 1556/2184/6022 1571/2229/6023 1572/2189/6024
f 1570/2158/6025 1569/2191/6026 1575/2185/6027 1576/2177/6028
f 1569/2191/6029 1568/2192/6030 1574/2232/6031 1575/2185/6032
f 1580/2142/6033 1581/2141/6034 1599/2225/6035 1598/2194/6036
f 1581/2141/6037 1582/2144/6038 1600/2224/6039 1599/2225/6040
f 1592/2154/6041 1593/2153/6042 1596/2222/6043 1595/2196/6044
f 1593/2153/6045 1594/2156/6046 1597/2221/6047 1596/2222/6048
f 1577/2143/6049 1578/2140/6050 1596/2195/6051 1597/2172/6052
f 1578/2140/6053 1579/2139/6054 1595/2223/6055 1596/2195/6056
f 1586/2148/6057 1587/2147/6058 1599/2193/6059 1600/2179/6060
f 1587/2147/6061 1588/2150/6062 1598/2226/6063 1599/2193/6064
g default
v 395.956879 231.088242 236.242554
v 396.772614 238.409271 236.242523
v 399.095978 244.615723 236.242523
v 402.573151 248.762878 236.242554
v 503.146820 231.088242 236.242554
v 502.330963 238.409271 236.242523
v 500.007538 244.615723 236.242523
v 496.530487 248.762878 236.242554
v 503.797699 43.789658 236.242554
v 502.277405 48.033798 236.242554
v 502.277374 33.947487 236.242554
v 503.797699 38.191704 236.242554
v 395.305969 38.191711 236.242554
v 396.826233 33.947495 236.242554
v 396.826263 48.033798 236.242554
v 395.305969 43.789642 236.242554
v 503.797699 186.057587 236.242554
v 502.277374 190.301880 236.242554
v 502.277405 176.215622 236.242554
v 503.797699 180.459747 236.242554
v 395.305969 180.459763 236.242554
v 396.826263 176.215622 236.242554
v 396.826233 190.301880 236.242554
v 395.305969 186.057571 236.242554
v 503.797699 86.884064 236.242554
v 502.277405 91.128220 236.242554
v 502.277405 77.488770 236.242554
v 503.797699 81.732925 236.242554
v 395.305969 81.732933 236.242554
v 396.826263 77.488785 236.242554
v 396.826263 91.128204 236.242554
v 395.305969 86.884056 236.242554
v 503.797699 142.516418 236.242554
v 502.277405 146.760651 236.242554
v 502.277405 133.121185 236.242554
v 503.797699 137.365280 236.242554
v 395.305969 137.365295 236.242554
v 396.826263 133.121185 236.242554
v 396.826263 146.760651 236.242554
v 395.305969 142.516418 236.242554
v 502.277374 33.947487 236.242554
v 396.826233 33.947495 236.242554
v 498.906647 48.219376 227.188293
v 498.887909 47.856728 226.293060
v 498.842804 46.981232 225.922241
v 498.842804 35.000122 225.922241
v 498.887909 34.124619 226.293060
v 498.906647 33.761978 227.188293
v 502.568939 42.895782 225.922241
v 502.977570 43.193031 226.293060
v 503.146820 43.316154 227.188293
v 503.146820 38.665192 227.188293
v 502.977570 38.788315 226.293060
v 502.568939 39.085564 225.922241
v 396.534729 39.085556 225.922241
v 396.126068 38.788315 226.293060
v 395.956879 38.665192 227.188293
v 395.956879 43.316154 227.188293
v 396.126068 43.193031 226.293060
v 396.534729 42.895790 225.922241
v 400.196991 33.761978 227.188293
v 400.215637 34.124619 226.293060
v 400.260773 35.000122 225.922241
v 400.260773 46.981232 225.922241
v 400.215637 47.856728 226.293060
v 400.196991 48.219376 227.188293
v 498.906647 190.487244 227.188293
v 498.887909 190.124603 226.293060
v 498.842804 189.249100 225.922241
v 498.842804 177.268311 225.922241
v 498.887909 176.392807 226.293060
v 498.906647 176.030151 227.188293
v 502.568939 185.163727 225.922241
v 502.977570 185.460968 226.293060
v 503.146820 185.584091 227.188293
v 503.146820 180.933258 227.188293
v 502.977570 181.056381 226.293060
v 502.568939 181.353622 225.922241
v 396.534729 181.353622 225.922241
v 396.126068 181.056381 226.293060
v 395.956879 180.933258 227.188293
v 395.956879 185.584091 227.188293
v 396.126068 185.460968 226.293060
v 396.534729 185.163742 225.922241
v 400.196991 176.030151 227.188293
v 400.215637 176.392807 226.293060
v 400.260773 177.268311 225.922241
v 400.260773 189.249100 225.922241
v 400.215637 190.124603 226.293060
v 400.196991 190.487244 227.188293
v 498.906647 91.313782 227.188293
v 498.887909 90.951141 226.293060
v 498.842804 90.075638 225.922241
v 498.842804 78.541351 225.922241
v 498.887909 77.665855 226.293060
v 498.906647 77.303215 227.188293
v 502.568939 85.990196 225.922241
v 502.977570 86.287445 226.293060
v 503.146820 86.410568 227.188293
v 503.146820 82.206429 227.188293
v 502.977570 82.329552 226.293060
v 502.568939 82.626801 225.922241
v 396.534729 82.626793 225.922241
v 396.126068 82.329552 226.293060
v 395.956879 82.206429 227.188293
v 395.956879 86.410568 227.188293
v 396.126068 86.287445 226.293060
v 396.534729 85.990204 225.922241
v 400.196991 77.303215 227.188293
v 400.215637 77.665855 226.293060
v 400.260773 78.541351 225.922241
v 400.260773 90.075638 225.922241
v 400.215637 90.951141 226.293060
v 400.196991 91.313782 227.188293
v 498.906647 146.946106 227.188293
v 498.887909 146.583466 226.293060
v 498.842804 145.707962 225.922241
v 498.842804 134.173767 225.922241
v 498.887909 133.298264 226.293060
v 498.906647 132.935623 227.188293
v 502.568939 141.622559 225.922241
v 502.977570 141.919800 226.293060
v 503.146820 142.042923 227.188293
v 503.146820 137.838776 227.188293
v 502.977570 137.961914 226.293060
v 502.568939 138.259171 225.922241
v 396.534729 138.259155 225.922241
v 396.126068 137.961914 226.293060
v 395.956879 137.838776 227.188293
v 395.956879 142.042923 227.188293
v 396.126068 141.919800 226.293060
v 396.534729 141.622574 225.922241
v 400.196991 132.935623 227.188293
v 400.215637 133.298264 226.293060
v 400.260773 134.173767 225.922241
v 400.260773 145.707962 225.922241
v 400.215637 146.583466 226.293060
v 400.196991 146.946106 227.188293
v 501.574127 45.672905 225.922241
v 501.808014 46.457993 226.293060
v 501.904877 46.783188 227.188293
v 501.574127 36.308388 225.922241
v 501.808014 35.523293 226.293060
v 501.904877 35.198097 227.188293
v 397.529510 36.308380 225.922241
v 397.295624 35.523293 226.293060
v 397.198761 35.198097 227.188293
v 397.529480 45.672913 225.922241
v 397.295624 46.457993 226.293060
v 397.198761 46.783188 227.188293
v 501.574127 187.940964 225.922241
v 501.808014 188.726059 226.293060
v 501.904877 189.051254 227.188293
v 501.574188 178.576523 225.922241
v 501.808014 177.791412 226.293060
v 501.904877 177.466217 227.188293
v 397.529480 178.576523 225.922241
v 397.295624 177.791412 226.293060
v 397.198761 177.466217 227.188293
v 397.529480 187.940964 225.922241
v 397.295624 188.726059 226.293060
v 397.198761 189.051254 227.188293
v 501.574127 88.767319 225.922241
v 501.808014 89.552406 226.293060
v 501.904877 89.877602 227.188293
v 501.574127 79.849670 225.922241
v 501.808014 79.064583 226.293060
v 501.904877 78.739380 227.188293
v 397.529480 79.849670 225.922241
v 397.295624 79.064583 226.293060
v 397.198761 78.739380 227.188293
v 397.529480 88.767319 225.922241
v 397.295624 89.552406 226.293060
v 397.198761 89.877602 227.188293
v 501.574127 144.399734 225.922241
v 501.808014 145.184830 226.293060
v 501.904877 145.510025 227.188293
v 501.574127 135.482071 225.922241
v 501.808014 134.696960 226.293060
v 501.904877 134.371780 227.188293
v 397.529480 135.482071 225.922241
v 397.295624 134.696960 226.293060
v 397.198761 134.371780 227.188293
v 397.529480 144.399734 225.922241
v 397.295624 145.184830 226.293060
v 397.198761 145.510025 227.188293
v 395.766235 38.526520 235.824860
v 395.956879 38.665192 234.816498
v 395.766235 43.454834 235.824860
v 395.956879 43.316154 234.816498
v 395.766235 180.794571 235.824860
v 395.956879 180.933258 234.816498
v 395.766235 185.722778 235.824860
v 395.956879 185.584091 234.816498
v 395.766235 82.067741 235.824860
v 395.956879 82.206429 234.816498
v 395.766235 86.549248 235.824860
v 395.956879 86.410568 234.816498
v 395.766235 137.700089 235.824860
v 395.956879 137.838776 234.816498
v 395.766235 142.181625 235.824860
v 395.956879 142.042923 234.816498
v 498.978485 92.708405 236.242554
v 498.927643 91.722260 235.824860
v 498.906647 91.313782 234.816498
v 400.125092 92.708405 236.242554
v 400.175934 91.722260 235.824860
v 400.196991 91.313782 234.816498
v 400.125092 191.881866 236.242554
v 400.175934 190.895721 235.824860
v 400.196991 190.487244 234.816498
v 503.337433 43.454842 235.824860
v 503.146820 43.316154 234.816498
v 503.337433 38.526520 235.824860
v 503.146820 38.665192 234.816498
v 503.337433 86.549248 235.824860
v 503.146820 86.410568 234.816498
v 503.337433 82.067741 235.824860
v 503.146820 82.206429 234.816498
v 503.337433 142.181625 235.824860
v 503.146820 142.042923 234.816498
v 503.337433 137.700089 235.824860
v 503.146820 137.838776 234.816498
v 503.337433 185.722794 235.824860
v 503.146820 185.584091 234.816498
v 503.337433 180.794571 235.824860
v 503.146820 180.933258 234.816498
v 498.978485 49.613998 236.242554
v 498.927643 48.627853 235.824860
v 498.906647 48.219376 234.816498
v 498.978485 32.367355 236.242554
v 498.927643 33.353500 235.824860
v 498.906647 33.761978 234.816498
v 400.125092 32.367355 236.242554
v 400.175934 33.353500 235.824860
v 400.196991 33.761978 234.816498
v 400.125092 49.613998 236.242554
v 400.175934 48.627853 235.824860
v 400.196991 48.219376 234.816498
v 498.978485 191.881866 236.242554
v 498.927643 190.895721 235.824860
v 498.906647 190.487244 234.816498
v 498.978485 174.635529 236.242554
v 498.927643 175.621674 235.824860
v 498.906647 176.030151 234.816498
v 400.125092 174.635529 236.242554
v 400.175934 175.621674 235.824860
v 400.196991 176.030151 234.816498
v 498.978485 75.908592 236.242554
v 498.927643 76.894737 235.824860
v 498.906647 77.303215 234.816498
v 400.125092 75.908592 236.242554
v 400.175934 76.894737 235.824860
v 400.196991 77.303215 234.816498
v 498.978485 148.340729 236.242554
v 498.927643 147.354584 235.824860
v 498.906647 146.946106 234.816498
v 498.978485 131.540985 236.242554
v 498.927643 132.527145 235.824860
v 498.906647 132.935623 234.816498
v 400.125092 131.540985 236.242554
v 400.175934 132.527145 235.824860
v 400.196991 132.935623 234.816498
v 400.125092 148.340729 236.242554
v 400.175934 147.354584 235.824860
v 400.196991 146.946106 234.816498
v 502.014008 47.149490 235.824860
v 501.904877 46.783188 234.816498
v 502.014008 34.831802 235.824860
v 501.904877 35.198097 234.816498
v 397.089630 34.831802 235.824860
v 397.198761 35.198097 234.816498
v 397.089630 47.149483 235.824860
v 397.198761 46.783188 234.816498
v 502.014008 189.417557 235.824860
v 501.904877 189.051254 234.816498
v 502.014008 177.099915 235.824860
v 501.904877 177.466217 234.816498
v 397.089630 177.099915 235.824860
v 397.198761 177.466217 234.816498
v 397.089630 189.417557 235.824860
v 397.198761 189.051254 234.816498
v 502.014008 90.243896 235.824860
v 501.904877 89.877602 234.816498
v 502.014008 78.373085 235.824860
v 501.904877 78.739380 234.816498
v 397.089630 78.373085 235.824860
v 397.198761 78.739380 234.816498
v 397.089630 90.243896 235.824860
v 397.198761 89.877602 234.816498
v 502.014008 145.876328 235.824860
v 501.904877 145.510025 234.816498
v 502.014008 134.005478 235.824860
v 501.904877 134.371780 234.816498
v 397.089630 134.005478 235.824860
v 397.198761 134.371780 234.816498
v 397.089630 145.876328 235.824860
v 397.198761 145.510025 234.816498
v 368.084381 238.409271 234.753662
v 368.252136 238.151428 235.806458
v 368.657166 237.528915 236.242554
v 367.504852 230.828568 236.242554
v 367.024323 231.012238 235.806458
v 366.825287 231.088303 234.753662
v 368.084381 238.409271 217.468933
v 366.825287 231.088303 217.468933
v 515.734863 250.219147 217.468933
v 492.428986 250.219147 234.164520
v 492.703033 250.121857 235.633911
v 493.364716 249.886902 236.242554
v 503.146820 -6.437874 236.242554
v 532.278076 -6.437874 217.468933
v 532.278076 40.990677 217.468933
v 532.278076 -6.437874 234.753662
v 532.079102 -6.437874 235.806458
v 531.598511 -6.437874 236.242554
v 532.278076 40.990677 234.753662
v 532.079102 40.990677 235.806458
v 531.598511 40.990677 236.242554
v 532.278076 231.088303 217.468933
v 531.018799 238.409271 217.468933
v 532.278076 231.088303 234.753662
v 532.079102 231.012222 235.806458
v 531.598511 230.828522 236.242554
v 531.018799 238.409271 234.753662
v 530.851074 238.151413 235.806458
v 530.446045 237.528885 236.242554
v 527.432617 244.615723 217.468933
v 527.432617 244.615723 234.753662
v 527.333618 244.238861 235.806458
v 527.094482 243.329056 236.242554
v 522.065796 248.762878 217.468933
v 522.065796 248.762878 234.753662
v 522.020752 248.344299 235.806458
v 521.911987 247.333801 236.242554
v 515.698486 248.763062 236.242554
v 515.724121 249.792664 235.806458
v 515.734863 250.219147 234.753662
v 366.825287 -6.437874 217.468933
v 367.024323 -6.437874 235.806458
v 366.825287 -6.437874 234.753662
v 367.504852 -6.437874 236.242554
v 395.956879 -6.437874 236.242554
v 383.368774 250.219147 217.468933
v 383.405121 248.763062 236.242554
v 383.379425 249.792664 235.806458
v 383.368774 250.219147 234.753662
v 406.674744 250.219147 234.164520
v 406.400696 250.121857 235.633911
v 405.739044 249.886902 236.242554
v 377.037811 248.762878 217.468933
v 377.037811 248.762878 234.753662
v 377.082825 248.344299 235.806458
v 377.191528 247.333801 236.242554
v 371.670624 244.615723 217.468933
v 371.670624 244.615723 234.753662
v 371.769684 244.238861 235.806458
v 372.008759 243.329056 236.242554
v 366.825287 40.990677 217.468933
v 366.825287 40.990677 234.753662
v 367.024323 40.990677 235.806458
v 367.504852 40.990677 236.242554
v 366.825287 139.940948 234.753662
v 367.024323 139.940948 235.806458
v 367.504852 139.940948 236.242554
v 366.825287 139.940948 217.468933
v 532.278076 139.940948 217.468933
v 532.278076 139.940948 234.753662
v 532.079102 139.940948 235.806458
v 531.598511 139.940948 236.242554
v 367.504852 183.258759 236.242554
v 367.024323 183.258759 235.806458
v 366.825287 183.258759 234.753662
v 366.825287 183.258759 217.468933
v 532.278076 183.258759 217.468933
v 532.278076 183.258759 234.753662
v 532.079102 183.258759 235.806458
v 531.598511 183.258759 236.242554
v 366.825287 84.308502 234.753662
v 367.024323 84.308502 235.806458
v 367.504852 84.308502 236.242554
v 366.825287 84.308502 217.468933
v 532.278076 84.308502 217.468933
v 532.278076 84.308502 234.753662
v 532.079102 84.308502 235.806458
v 531.598511 84.308502 236.242554
vt 0.968832 0.425138
vt 0.969094 0.422718
vt 0.966935 0.428563
vt 0.968074 0.427191
vt 0.933728 0.422782
vt 0.934000 0.425201
vt 0.934766 0.427251
vt 0.935911 0.428619
vt 0.969004 0.362649
vt 0.969814 0.361472
vt 0.969821 0.358143
vt 0.968967 0.357434
vt 0.969104 0.356013
vt 0.933661 0.356047
vt 0.933796 0.357461
vt 0.932940 0.358166
vt 0.932931 0.361491
vt 0.933738 0.362673
vt 0.969021 0.409976
vt 0.969805 0.408564
vt 0.969800 0.405241
vt 0.968991 0.404062
vt 0.933765 0.404120
vt 0.932960 0.405301
vt 0.932966 0.408626
vt 0.933755 0.410036
vt 0.968983 0.376921
vt 0.969793 0.375745
vt 0.969801 0.372568
vt 0.968994 0.371386
vt 0.933724 0.371411
vt 0.932913 0.372588
vt 0.932902 0.375767
vt 0.933710 0.376949
vt 0.968982 0.395325
vt 0.969789 0.394146
vt 0.969789 0.390968
vt 0.968980 0.389789
vt 0.933719 0.389841
vt 0.932913 0.391025
vt 0.932928 0.394203
vt 0.933741 0.395379
vt 0.379024 0.796568
vt 0.531419 0.583297
vt 0.379031 0.796194
vt 0.341656 0.801980
vt 0.563997 0.579337
vt 0.341655 0.802355
vt 0.340121 0.798252
vt 0.340429 0.798384
vt 0.565406 0.580589
vt 0.340180 0.800124
vt 0.565221 0.581943
vt 0.565225 0.580693
vt 0.380748 0.800178
vt 0.380432 0.800069
vt 0.530011 0.582044
vt 0.380621 0.798293
vt 0.530195 0.580691
vt 0.530192 0.581940
vt 0.366083 0.751130
vt 0.531419 0.591879
vt 0.366146 0.751330
vt 0.496449 0.751140
vt 0.563997 0.587921
vt 0.496511 0.751340
vt 0.494129 0.751704
vt 0.494125 0.751504
vt 0.565406 0.589173
vt 0.495094 0.751579
vt 0.565221 0.590526
vt 0.565225 0.589277
vt 0.363764 0.751694
vt 0.363760 0.751494
vt 0.530011 0.590627
vt 0.364729 0.751569
vt 0.530195 0.589274
vt 0.530192 0.590523
vt 0.392814 0.803512
vt 0.531419 0.600315
vt 0.392808 0.803877
vt 0.429195 0.798395
vt 0.563996 0.596503
vt 0.429195 0.798029
vt 0.430682 0.801866
vt 0.430385 0.801739
vt 0.565405 0.597755
vt 0.430625 0.800213
vt 0.565221 0.598962
vt 0.565224 0.597859
vt 0.391144 0.800160
vt 0.391450 0.800263
vt 0.530011 0.599063
vt 0.391266 0.801824
vt 0.530195 0.597857
vt 0.530192 0.598959
vt 0.284782 0.803846
vt 0.164059 0.851693
vt 0.284778 0.804273
vt 0.327322 0.797877
vt 0.196637 0.847883
vt 0.327329 0.797449
vt 0.329057 0.801932
vt 0.328708 0.801781
vt 0.198045 0.849134
vt 0.329000 0.800002
vt 0.197861 0.850341
vt 0.197864 0.849238
vt 0.282815 0.799933
vt 0.283173 0.800052
vt 0.162651 0.850441
vt 0.282964 0.801876
vt 0.162835 0.849235
vt 0.162832 0.850337
vt 0.564890 0.582854
vt 0.564898 0.579780
vt 0.531425 0.579339
vt 0.564890 0.591438
vt 0.564898 0.588363
vt 0.531425 0.587921
vt 0.564898 0.596946
vt 0.564889 0.599873
vt 0.563991 0.600314
vt 0.531424 0.596505
vt 0.196631 0.851693
vt 0.164065 0.847882
vt 0.564012 0.583609
vt 0.341822 0.796269
vt 0.563991 0.583295
vt 0.531404 0.579025
vt 0.379034 0.802212
vt 0.340772 0.801289
vt 0.340596 0.801535
vt 0.340836 0.797195
vt 0.340747 0.796963
vt 0.380050 0.801293
vt 0.530527 0.579779
vt 0.380145 0.801523
vt 0.379968 0.797195
vt 0.530518 0.582854
vt 0.380141 0.796950
vt 0.564012 0.592193
vt 0.492695 0.751796
vt 0.563991 0.591879
vt 0.531404 0.587607
vt 0.362330 0.751786
vt 0.495780 0.751287
vt 0.495848 0.751481
vt 0.493395 0.751576
vt 0.493372 0.751780
vt 0.363030 0.751566
vt 0.530527 0.588362
vt 0.363007 0.751770
vt 0.365415 0.751277
vt 0.530518 0.591437
vt 0.365483 0.751471
vt 0.564012 0.600628
vt 0.429031 0.803803
vt 0.531404 0.596191
vt 0.392808 0.798168
vt 0.430055 0.799073
vt 0.430228 0.798835
vt 0.429992 0.802899
vt 0.430078 0.803123
vt 0.391817 0.799066
vt 0.530526 0.596945
vt 0.391723 0.798843
vt 0.391895 0.802897
vt 0.530518 0.599873
vt 0.391725 0.803135
vt 0.196652 0.852007
vt 0.327083 0.804197
vt 0.164044 0.847569
vt 0.284750 0.797603
vt 0.328332 0.798671
vt 0.197538 0.848325
vt 0.328537 0.798393
vt 0.328234 0.803138
vt 0.197530 0.851252
vt 0.328329 0.803396
vt 0.283597 0.798652
vt 0.163167 0.848323
vt 0.283485 0.798393
vt 0.283705 0.803128
vt 0.163158 0.851251
vt 0.283508 0.803408
vt 0.967687 0.376947
vt 0.935005 0.376982
vt 0.967698 0.404037
vt 0.967689 0.395351
vt 0.935058 0.404090
vt 0.935034 0.395401
vt 0.967701 0.371353
vt 0.967709 0.362674
vt 0.935019 0.371386
vt 0.935031 0.362706
vt 0.967685 0.389757
vt 0.935014 0.389805
vt 0.967718 0.356933
vt 0.935045 0.356964
vt 0.967706 0.409769
vt 0.935069 0.409824
vt 0.340371 0.793719
vt 0.340188 0.804858
vt 0.337788 0.800672
vt 0.338059 0.797613
vt 0.383005 0.797653
vt 0.382841 0.800762
vt 0.380618 0.804875
vt 0.380538 0.793512
vt 0.492691 0.753458
vt 0.496908 0.752950
vt 0.495329 0.753226
vt 0.494289 0.753342
vt 0.364964 0.753216
vt 0.363925 0.753332
vt 0.362326 0.753449
vt 0.366543 0.752941
vt 0.430469 0.806282
vt 0.430649 0.795598
vt 0.432939 0.799724
vt 0.432695 0.802446
vt 0.388956 0.802403
vt 0.389100 0.799636
vt 0.391233 0.795582
vt 0.391315 0.806484
vt 0.328757 0.807096
vt 0.329009 0.794601
vt 0.331731 0.799426
vt 0.331413 0.802638
vt 0.280265 0.802564
vt 0.280421 0.799335
vt 0.282895 0.794590
vt 0.283028 0.807320
vt 0.338946 0.795366
vt 0.338710 0.803054
vt 0.382019 0.803105
vt 0.382027 0.795300
vt 0.493456 0.753432
vt 0.496159 0.753110
vt 0.363092 0.753423
vt 0.365794 0.753100
vt 0.431850 0.804658
vt 0.432073 0.797380
vt 0.389878 0.797328
vt 0.389879 0.804720
vt 0.330388 0.805222
vt 0.330688 0.796671
vt 0.281319 0.796637
vt 0.281350 0.805265
vt 0.933623 0.359020
vt 0.383403 0.797521
vt 0.382311 0.794929
vt 0.933647 0.406151
vt 0.365014 0.753434
vt 0.365875 0.753320
vt 0.933596 0.373443
vt 0.388567 0.802531
vt 0.389598 0.805080
vt 0.933604 0.391875
vt 0.279811 0.802717
vt 0.281023 0.805686
vt 0.430571 0.806705
vt 0.432124 0.805019
vt 0.935029 0.376629
vt 0.492676 0.753694
vt 0.935092 0.409472
vt 0.969131 0.360617
vt 0.337385 0.800781
vt 0.338414 0.803410
vt 0.969110 0.374891
vt 0.433333 0.799619
vt 0.432366 0.797036
vt 0.969105 0.393291
vt 0.332191 0.799299
vt 0.331018 0.796253
vt 0.969117 0.407712
vt 0.495379 0.753443
vt 0.496240 0.753330
vt 0.340267 0.793286
vt 0.338668 0.794995
vt 0.380719 0.805306
vt 0.967695 0.357285
vt 0.382309 0.803472
vt 0.935054 0.362353
vt 0.493432 0.753665
vt 0.362311 0.753685
vt 0.967675 0.404390
vt 0.363067 0.753656
vt 0.391133 0.795160
vt 0.967678 0.371706
vt 0.389592 0.796973
vt 0.328869 0.807591
vt 0.330694 0.805660
vt 0.282774 0.794098
vt 0.967662 0.390110
vt 0.280982 0.796224
vt 0.935057 0.395048
vt 0.924736 0.424939
vt 0.924557 0.425160
vt 0.645754 0.772483
vt 0.924339 0.422732
vt 0.228969 0.818816
vt 0.645754 0.772837
vt 0.965677 0.428823
vt 0.271601 0.818816
vt 0.965894 0.428937
vt 0.975303 0.428080
vt 0.975355 0.428823
vt 0.279229 0.818397
vt 0.973255 0.428555
vt 0.281365 0.818816
vt 0.279229 0.818816
vt 0.567280 0.772851
vt 0.567280 0.772497
vt 0.924031 0.359807
vt 0.582951 0.772848
vt 0.924269 0.344136
vt 0.924246 0.359807
vt 0.235690 0.818816
vt 0.235690 0.818397
vt 0.937171 0.428823
vt 0.243323 0.818816
vt 0.929592 0.428635
vt 0.936953 0.428989
vt 0.924010 0.392651
vt 0.615648 0.772842
vt 0.924225 0.392650
vt 0.275415 0.824412
vt 0.475384 0.787173
vt 0.459712 0.787174
vt 0.459711 0.781463
vt 0.475383 0.781461
vt 0.396910 0.787181
vt 0.285948 0.824412
vt 0.285948 0.818816
vt 0.288376 0.818816
vt 0.283594 0.824412
vt 0.283594 0.818816
vt 0.281365 0.824412
vt 0.239506 0.824412
vt 0.233553 0.824412
vt 0.233553 0.818816
vt 0.231323 0.824412
vt 0.231323 0.818816
vt 0.228969 0.824412
vt 0.226540 0.824412
vt 0.582952 0.778560
vt 0.567281 0.778563
vt 0.933658 0.344146
vt 0.925836 0.426849
vt 0.927541 0.428167
vt 0.615649 0.778554
vt 0.427016 0.787178
vt 0.427015 0.781466
vt 0.924269 0.407008
vt 0.629962 0.778551
vt 0.629961 0.772840
vt 0.412702 0.781468
vt 0.412702 0.787179
vt 0.924214 0.374164
vt 0.597266 0.778557
vt 0.597265 0.772846
vt 0.445398 0.787176
vt 0.445398 0.781464
vt 0.978095 0.424841
vt 0.978483 0.422634
vt 0.977003 0.426755
vt 0.978507 0.359835
vt 0.978487 0.374184
vt 0.978497 0.406916
vt 0.978478 0.392580
vt 0.925726 0.427173
vt 0.629961 0.772486
vt 0.978513 0.344127
vt 0.978728 0.344127
vt 0.459711 0.781109
vt 0.288376 0.818397
vt 0.978711 0.406917
vt 0.285948 0.818397
vt 0.283594 0.818397
vt 0.233553 0.818397
vt 0.978701 0.374185
vt 0.427015 0.781112
vt 0.924000 0.374164
vt 0.615648 0.772488
vt 0.978693 0.392580
vt 0.445398 0.781110
vt 0.969095 0.344111
vt 0.597265 0.772492
vt 0.978722 0.359836
vt 0.412702 0.781114
vt 0.924054 0.407009
vt 0.582951 0.772494
vt 0.927490 0.428823
vt 0.231323 0.818397
vt 0.929579 0.428823
vt 0.243323 0.818397
vt 0.271601 0.818397
vt 0.973268 0.428823
vt 0.977906 0.427079
vt 0.281365 0.818397
vt 0.977906 0.425062
vt 0.977906 0.422700
vt 0.475383 0.781107
vt 0.924126 0.422799
vt 0.228969 0.818397
vt 0.924054 0.344136
vt 0.282935 0.807817
vt 0.934047 0.394562
vt 0.279973 0.799155
vt 0.934031 0.390656
vt 0.329106 0.794103
vt 0.968671 0.390603
vt 0.331846 0.802858
vt 0.968674 0.394509
vt 0.391235 0.806910
vt 0.934021 0.376133
vt 0.388717 0.799480
vt 0.934031 0.372227
vt 0.430740 0.795174
vt 0.968684 0.372201
vt 0.433069 0.802623
vt 0.968676 0.376106
vt 0.366614 0.753166
vt 0.934084 0.408983
vt 0.363928 0.753556
vt 0.934075 0.404933
vt 0.496979 0.753176
vt 0.968684 0.404876
vt 0.494293 0.753565
vt 0.968688 0.408925
vt 0.935037 0.390158
vt 0.967665 0.394998
vt 0.935042 0.371739
vt 0.935083 0.404443
vt 0.967682 0.409416
vt 0.969116 0.406093
vt 0.969104 0.391814
vt 0.969113 0.373419
vt 0.967664 0.376594
vt 0.933609 0.393347
vt 0.933592 0.374915
vt 0.933652 0.407771
vt 0.283231 0.801792
vt 0.163052 0.851529
vt 0.284785 0.798030
vt 0.163061 0.848045
vt 0.328706 0.800081
vt 0.197644 0.848047
vt 0.327022 0.803766
vt 0.197636 0.851531
vt 0.391494 0.801754
vt 0.530411 0.600151
vt 0.392836 0.798533
vt 0.530420 0.596667
vt 0.430376 0.800280
vt 0.565004 0.596667
vt 0.428994 0.803434
vt 0.564996 0.600151
vt 0.364686 0.751375
vt 0.530412 0.591715
vt 0.362344 0.751577
vt 0.530421 0.588084
vt 0.495051 0.751385
vt 0.565005 0.588085
vt 0.492709 0.751586
vt 0.564996 0.591716
vt 0.164039 0.852007
vt 0.162656 0.849129
vt 0.198040 0.850446
vt 0.196657 0.847569
vt 0.531398 0.600629
vt 0.530015 0.597751
vt 0.565400 0.599067
vt 0.564017 0.596189
vt 0.531399 0.592193
vt 0.530016 0.589169
vt 0.565401 0.590631
vt 0.564018 0.587607
vt 0.380618 0.793077
vt 0.934048 0.361857
vt 0.383232 0.800924
vt 0.934057 0.357804
vt 0.340097 0.805293
vt 0.968703 0.357778
vt 0.337677 0.797431
vt 0.968697 0.361833
vt 0.935068 0.357316
vt 0.967686 0.362321
vt 0.969133 0.358996
vt 0.933619 0.360640
vt 0.380384 0.798367
vt 0.530412 0.583132
vt 0.379005 0.801838
vt 0.530421 0.579501
vt 0.340438 0.800053
vt 0.565005 0.579501
vt 0.341860 0.796647
vt 0.564996 0.583133
vt 0.531399 0.583611
vt 0.530016 0.580586
vt 0.565401 0.582048
vt 0.564018 0.579023
vt 0.396910 0.781469
vt 0.396910 0.781115
vt 0.645754 0.778548
vt 0.226540 0.818816
vt 0.288376 0.824412
vt 0.226540 0.818397
vn 0.000000 0.000004 1.000000
vn 0.000000 0.000004 1.000000
vn 0.000000 0.000004 1.000000
vn 0.000000 0.000004 1.000000
vn 0.000000 -0.000007 1.000000
vn 0.000000 -0.000007 1.000000
vn 0.000000 -0.000007 1.000000
vn 0.000000 -0.000007 1.000000
vn 0.000000 0.000000 1.000000
vn 0.000000 0.000000 1.000000
vn 0.000000 0.000000 1.000000
vn 0.000000 0.000000 1.000000
vn 0.000000 0.000000 1.000000
vn 0.000000 0.000000 1.000000
vn 0.000000 0.000000 1.000000
vn 0.000000 0.000000 1.000000
vn 0.000000 0.000000 1.000000
vn 0.000000 0.000000 1.000000
vn 0.000000 -0.390011 0.920810
vn 0.000000 -0.390011 0.920810
vn 0.000000 -0.390011 0.920810
vn 0.000000 -0.390011 0.920810
vn 0.000000 -0.926842 0.375451
vn 0.000000 -0.926843 0.375448
vn 0.000000 -0.926843 0.375448
vn 0.000000 -0.926843 0.375448
vn 0.000000 0.390011 0.920810
vn 0.000000 0.390011 0.920810
vn 0.000000 0.390011 0.920810
vn 0.000000 0.390011 0.920810
vn 0.000000 0.926845 0.375444
vn 0.000000 0.926846 0.375442
vn 0.000000 0.926846 0.375442
vn 0.000000 0.926846 0.375442
vn -0.982594 0.000000 0.185767
vn -0.982594 0.000000 0.185767
vn -0.982594 0.000000 0.185767
vn -0.982594 0.000000 0.185767
vn -0.672016 0.000000 0.740536
vn -0.672016 0.000000 0.740536
vn -0.672016 0.000000 0.740536
vn -0.672016 0.000000 0.740536
vn 0.982606 0.000000 0.185702
vn 0.982606 0.000000 0.185702
vn 0.982606 0.000000 0.185702
vn 0.982606 0.000000 0.185702
vn 0.671973 0.000000 0.740576
vn 0.671973 0.000000 0.740576
vn 0.671973 0.000000 0.740576
vn 0.671973 0.000000 0.740576
vn 0.000000 -0.390005 0.920813
vn 0.000001 -0.390003 0.920814
vn 0.000001 -0.390003 0.920814
vn 0.000001 -0.390003 0.920814
vn -0.000001 -0.926846 0.375442
vn 0.000001 -0.926845 0.375444
vn 0.000001 -0.926845 0.375444
vn 0.000001 -0.926845 0.375444
vn 0.000000 0.390011 0.920810
vn 0.000000 0.390013 0.920809
vn 0.000000 0.390013 0.920809
vn 0.000000 0.390013 0.920809
vn 0.000000 0.926838 0.375462
vn 0.000000 0.926831 0.375478
vn 0.000000 0.926831 0.375478
vn 0.000000 0.926831 0.375478
vn -0.982594 0.000000 0.185768
vn -0.982594 0.000000 0.185768
vn -0.982594 0.000000 0.185768
vn -0.982594 0.000000 0.185768
vn -0.671996 0.000000 0.740555
vn -0.671996 0.000000 0.740555
vn -0.671996 0.000000 0.740555
vn -0.671996 0.000000 0.740555
vn 0.982606 0.000000 0.185703
vn 0.982606 0.000000 0.185703
vn 0.982606 0.000000 0.185703
vn 0.982606 0.000000 0.185703
vn 0.671986 0.000000 0.740564
vn 0.671986 0.000000 0.740564
vn 0.671986 0.000000 0.740564
vn 0.671986 0.000000 0.740564
vn 0.000000 -0.390005 0.920813
vn 0.000000 -0.390011 0.920810
vn 0.000000 -0.390011 0.920810
vn 0.000000 -0.390011 0.920810
vn 0.000000 -0.926846 0.375442
vn 0.000000 -0.926845 0.375444
vn 0.000000 -0.926845 0.375444
vn 0.000000 -0.926845 0.375444
vn 0.000000 0.390011 0.920810
vn 0.000000 0.390013 0.920809
vn 0.000000 0.390013 0.920809
vn 0.000000 0.390013 0.920809
vn 0.000000 0.926845 0.375444
vn 0.000000 0.926846 0.375442
vn 0.000000 0.926846 0.375442
vn 0.000000 0.926846 0.375442
vn -0.982594 0.000000 0.185768
vn -0.982594 0.000000 0.185768
vn -0.982594 0.000000 0.185768
vn -0.982594 0.000000 0.185768
vn -0.672011 0.000000 0.740541
vn -0.672011 0.000000 0.740541
vn -0.672011 0.000000 0.740541
vn -0.672011 0.000000 0.740541
vn 0.982606 0.000000 0.185703
vn 0.982606 0.000000 0.185703
vn 0.982606 0.000000 0.185703
vn 0.982606 0.000000 0.185703
vn 0.671982 0.000000 0.740568
vn 0.671982 0.000000 0.740568
vn 0.671982 0.000000 0.740568
vn 0.671982 0.000000 0.740568
vn -0.000001 -0.390009 0.920811
vn 0.000001 -0.390007 0.920812
vn 0.000001 -0.390007 0.920812
vn 0.000001 -0.390007 0.920812
vn -0.000003 -0.926846 0.375442
vn 0.000003 -0.926845 0.375444
vn 0.000003 -0.926845 0.375444
vn 0.000003 -0.926845 0.375444
vn -0.000001 0.390007 0.920812
vn 0.000001 0.390005 0.920813
vn 0.000001 0.390005 0.920813
vn 0.000001 0.390005 0.920813
vn -0.000002 0.926845 0.375444
vn 0.000002 0.926846 0.375442
vn 0.000002 0.926846 0.375442
vn 0.000002 0.926846 0.375442
vn -0.982594 0.000000 0.185768
vn -0.982594 0.000000 0.185768
vn -0.982594 0.000000 0.185768
vn -0.982594 0.000000 0.185768
vn -0.672011 0.000000 0.740541
vn -0.672011 0.000000 0.740541
vn -0.672011 0.000000 0.740541
vn -0.672011 0.000000 0.740541
vn 0.982606 0.000000 0.185703
vn 0.982606 0.000000 0.185703
vn 0.982606 0.000000 0.185703
vn 0.982606 0.000000 0.185703
vn 0.671999 0.000000 0.740552
vn 0.671999 0.000000 0.740552
vn 0.671999 0.000000 0.740552
vn 0.671999 0.000000 0.740552
vn 0.000000 0.000000 1.000000
vn 0.000000 0.000000 1.000000
vn 0.000000 0.000000 1.000000
vn 0.000000 0.000000 1.000000
vn 0.000000 0.000000 1.000000
vn 0.000000 0.000000 1.000000
vn 0.000000 0.000000 1.000000
vn 0.000000 0.000000 1.000000
vn 0.000000 0.000000 1.000000
vn 0.000000 0.000000 1.000000
vn 0.000000 0.000000 1.000000
vn 0.000000 0.000000 1.000000
vn 0.000000 0.000000 1.000000
vn 0.000000 0.000000 1.000000
vn 0.000000 0.000000 1.000000
vn 0.000000 0.000000 1.000000
vn -0.000001 0.000000 1.000000
vn -0.000001 0.000000 1.000000
vn -0.000001 0.000000 1.000000
vn -0.000001 0.000000 1.000000
vn 0.000000 0.000000 1.000000
vn 0.000000 0.000000 1.000000
vn 0.000000 0.000000 1.000000
vn 0.000000 0.000000 1.000000
vn 0.000000 0.000000 1.000000
vn 0.000000 0.000000 1.000000
vn 0.000000 0.000000 1.000000
vn 0.000000 0.000000 1.000000
vn -0.179983 0.375769 0.909068
vn -0.179983 0.375769 0.909068
vn -0.179983 0.375769 0.909068
vn -0.179983 0.375769 0.909068
vn -0.404572 0.844630 0.350602
vn -0.404572 0.844630 0.350602
vn -0.404572 0.844630 0.350602
vn -0.404572 0.844630 0.350602
vn -0.571841 -0.204852 0.794376
vn -0.571841 -0.204852 0.794376
vn -0.571841 -0.204852 0.794376
vn -0.571841 -0.204852 0.794376
vn -0.918584 -0.329058 0.218915
vn -0.918584 -0.329058 0.218915
vn -0.918584 -0.329058 0.218915
vn -0.918584 -0.329058 0.218915
vn 0.571844 0.204832 0.794379
vn 0.571845 0.204832 0.794379
vn 0.571845 0.204832 0.794379
vn 0.571845 0.204832 0.794379
vn 0.918600 0.329032 0.218887
vn 0.918600 0.329032 0.218887
vn 0.918600 0.329032 0.218887
vn 0.918600 0.329032 0.218887
vn 0.179992 -0.375759 0.909070
vn 0.179992 -0.375759 0.909070
vn 0.179992 -0.375759 0.909070
vn 0.179992 -0.375759 0.909070
vn 0.404584 -0.844634 0.350578
vn 0.404584 -0.844634 0.350578
vn 0.404584 -0.844634 0.350578
vn 0.404584 -0.844634 0.350578
vn -0.179974 0.375768 0.909070
vn -0.179974 0.375768 0.909070
vn -0.179974 0.375768 0.909070
vn -0.179974 0.375768 0.909070
vn -0.404561 0.844637 0.350597
vn -0.404561 0.844637 0.350597
vn -0.404561 0.844637 0.350597
vn -0.404561 0.844637 0.350598
vn -0.571856 -0.204846 0.794367
vn -0.571856 -0.204846 0.794367
vn -0.571856 -0.204846 0.794367
vn -0.571856 -0.204846 0.794367
vn -0.918585 -0.329051 0.218923
vn -0.918585 -0.329051 0.218923
vn -0.918585 -0.329051 0.218923
vn -0.918585 -0.329051 0.218923
vn 0.571854 0.204836 0.794371
vn 0.571854 0.204836 0.794371
vn 0.571854 0.204836 0.794371
vn 0.571854 0.204836 0.794371
vn 0.918598 0.329038 0.218886
vn 0.918598 0.329038 0.218886
vn 0.918598 0.329038 0.218886
vn 0.918598 0.329038 0.218886
vn 0.179969 -0.375757 0.909075
vn 0.179969 -0.375757 0.909075
vn 0.179969 -0.375757 0.909075
vn 0.179969 -0.375757 0.909075
vn 0.404537 -0.844648 0.350598
vn 0.404537 -0.844648 0.350598
vn 0.404537 -0.844648 0.350598
vn 0.404537 -0.844648 0.350598
vn -0.179989 0.375770 0.909066
vn -0.179989 0.375770 0.909066
vn -0.179989 0.375770 0.909066
vn -0.179989 0.375770 0.909066
vn -0.404584 0.844624 0.350602
vn -0.404584 0.844624 0.350602
vn -0.404584 0.844624 0.350602
vn -0.404584 0.844624 0.350602
vn -0.571856 -0.204852 0.794366
vn -0.571856 -0.204852 0.794365
vn -0.571856 -0.204852 0.794366
vn -0.571856 -0.204852 0.794365
vn -0.918582 -0.329060 0.218922
vn -0.918582 -0.329060 0.218922
vn -0.918582 -0.329060 0.218922
vn -0.918582 -0.329060 0.218922
vn 0.571861 0.204838 0.794365
vn 0.571861 0.204838 0.794365
vn 0.571861 0.204838 0.794365
vn 0.571861 0.204838 0.794365
vn 0.918597 0.329038 0.218893
vn 0.918597 0.329038 0.218893
vn 0.918597 0.329038 0.218893
vn 0.918597 0.329038 0.218893
vn 0.179992 -0.375759 0.909070
vn 0.179992 -0.375759 0.909070
vn 0.179992 -0.375759 0.909070
vn 0.179992 -0.375759 0.909070
vn 0.404581 -0.844637 0.350574
vn 0.404581 -0.844637 0.350574
vn 0.404581 -0.844637 0.350574
vn 0.404581 -0.844637 0.350574
vn -0.179989 0.375770 0.909066
vn -0.179989 0.375770 0.909066
vn -0.179989 0.375770 0.909066
vn -0.179989 0.375770 0.909066
vn -0.404577 0.844631 0.350595
vn -0.404577 0.844631 0.350595
vn -0.404577 0.844630 0.350595
vn -0.404577 0.844630 0.350595
vn -0.571838 -0.204851 0.794378
vn -0.571838 -0.204851 0.794378
vn -0.571838 -0.204851 0.794378
vn -0.571838 -0.204851 0.794378
vn -0.918587 -0.329052 0.218914
vn -0.918587 -0.329052 0.218914
vn -0.918587 -0.329052 0.218914
vn -0.918587 -0.329052 0.218914
vn 0.571851 0.204840 0.794372
vn 0.571851 0.204840 0.794372
vn 0.571851 0.204840 0.794372
vn 0.571851 0.204840 0.794372
vn 0.918595 0.329044 0.218890
vn 0.918595 0.329044 0.218890
vn 0.918595 0.329044 0.218890
vn 0.918595 0.329044 0.218890
vn 0.179974 -0.375757 0.909074
vn 0.179974 -0.375757 0.909074
vn 0.179974 -0.375757 0.909074
vn 0.179974 -0.375757 0.909074
vn 0.404566 -0.844647 0.350568
vn 0.404566 -0.844647 0.350568
vn 0.404566 -0.844647 0.350568
vn 0.404566 -0.844647 0.350568
vn -0.404587 -0.844621 0.350605
vn -0.404587 -0.844621 0.350605
vn -0.404587 -0.844621 0.350605
vn -0.404587 -0.844621 0.350605
vn -0.179992 -0.375766 0.909067
vn -0.179992 -0.375766 0.909067
vn -0.179992 -0.375766 0.909067
vn -0.179992 -0.375766 0.909067
vn -0.918585 0.329055 0.218916
vn -0.918585 0.329055 0.218916
vn -0.918585 0.329055 0.218916
vn -0.918585 0.329055 0.218916
vn -0.571849 0.204849 0.794371
vn -0.571849 0.204849 0.794371
vn -0.571849 0.204849 0.794371
vn -0.571849 0.204849 0.794371
vn 0.404569 0.844642 0.350576
vn 0.404569 0.844642 0.350576
vn 0.404569 0.844642 0.350576
vn 0.404569 0.844642 0.350576
vn 0.179982 0.375761 0.909071
vn 0.179982 0.375761 0.909071
vn 0.179982 0.375761 0.909071
vn 0.179982 0.375761 0.909071
vn 0.918598 -0.329038 0.218888
vn 0.918598 -0.329038 0.218888
vn 0.918598 -0.329038 0.218888
vn 0.918598 -0.329038 0.218888
vn 0.571858 -0.204837 0.794368
vn 0.571858 -0.204837 0.794368
vn 0.571858 -0.204837 0.794368
vn 0.571858 -0.204837 0.794368
vn -0.404531 -0.844636 0.350636
vn -0.404531 -0.844636 0.350636
vn -0.404531 -0.844636 0.350636
vn -0.404531 -0.844636 0.350636
vn -0.179971 -0.375779 0.909066
vn -0.179971 -0.375779 0.909066
vn -0.179971 -0.375779 0.909066
vn -0.179971 -0.375779 0.909066
vn -0.918584 0.329061 0.218911
vn -0.918584 0.329061 0.218911
vn -0.918584 0.329061 0.218911
vn -0.918584 0.329061 0.218911
vn -0.571871 0.204849 0.794355
vn -0.571871 0.204849 0.794355
vn -0.571871 0.204849 0.794355
vn -0.571871 0.204849 0.794355
vn 0.404560 0.844646 0.350578
vn 0.404560 0.844646 0.350578
vn 0.404560 0.844646 0.350577
vn 0.404560 0.844646 0.350578
vn 0.179974 0.375757 0.909074
vn 0.179974 0.375757 0.909074
vn 0.179974 0.375757 0.909074
vn 0.179974 0.375757 0.909074
vn 0.918599 -0.329032 0.218891
vn 0.918599 -0.329032 0.218891
vn 0.918599 -0.329032 0.218891
vn 0.918599 -0.329032 0.218891
vn 0.571865 -0.204834 0.794364
vn 0.571865 -0.204834 0.794364
vn 0.571865 -0.204834 0.794364
vn 0.571865 -0.204834 0.794364
vn -0.404588 -0.844623 0.350601
vn -0.404588 -0.844623 0.350601
vn -0.404588 -0.844623 0.350601
vn -0.404588 -0.844623 0.350601
vn -0.179994 -0.375769 0.909065
vn -0.179994 -0.375769 0.909065
vn -0.179994 -0.375769 0.909065
vn -0.179994 -0.375769 0.909065
vn -0.918579 0.329066 0.218925
vn -0.918579 0.329066 0.218925
vn -0.918579 0.329066 0.218925
vn -0.918579 0.329066 0.218925
vn -0.571844 0.204853 0.794374
vn -0.571844 0.204853 0.794374
vn -0.571844 0.204853 0.794374
vn -0.571844 0.204853 0.794374
vn 0.404581 0.844637 0.350574
vn 0.404581 0.844637 0.350574
vn 0.404581 0.844637 0.350574
vn 0.404581 0.844637 0.350574
vn 0.179993 0.375761 0.909069
vn 0.179993 0.375761 0.909069
vn 0.179993 0.375761 0.909069
vn 0.179993 0.375761 0.909069
vn 0.918598 -0.329038 0.218888
vn 0.918598 -0.329038 0.218888
vn 0.918598 -0.329038 0.218888
vn 0.918598 -0.329038 0.218888
vn 0.571854 -0.204841 0.794369
vn 0.571854 -0.204841 0.794369
vn 0.571854 -0.204841 0.794369
vn 0.571854 -0.204841 0.794369
vn -0.404569 -0.844634 0.350596
vn -0.404569 -0.844634 0.350596
vn -0.404569 -0.844634 0.350596
vn -0.404569 -0.844634 0.350596
vn -0.179975 -0.375763 0.909072
vn -0.179975 -0.375763 0.909072
vn -0.179975 -0.375763 0.909072
vn -0.179975 -0.375763 0.909072
vn -0.918580 0.329066 0.218919
vn -0.918580 0.329066 0.218919
vn -0.918580 0.329066 0.218919
vn -0.918580 0.329066 0.218919
vn -0.571842 0.204852 0.794375
vn -0.571842 0.204852 0.794375
vn -0.571842 0.204852 0.794376
vn -0.571842 0.204852 0.794376
vn 0.404578 0.844642 0.350566
vn 0.404578 0.844642 0.350566
vn 0.404578 0.844642 0.350566
vn 0.404578 0.844642 0.350566
vn 0.179986 0.375760 0.909071
vn 0.179986 0.375760 0.909071
vn 0.179986 0.375760 0.909071
vn 0.179986 0.375760 0.909071
vn 0.918599 -0.329032 0.218891
vn 0.918599 -0.329032 0.218891
vn 0.918599 -0.329032 0.218891
vn 0.918599 -0.329032 0.218891
vn 0.571861 -0.204838 0.794365
vn 0.571861 -0.204838 0.794365
vn 0.571861 -0.204838 0.794365
vn 0.571861 -0.204838 0.794365
vn 0.000000 0.000000 1.000000
vn 0.000000 0.000000 1.000000
vn 0.000000 0.000000 1.000000
vn 0.000000 0.000000 1.000000
vn 0.000002 0.000000 1.000000
vn 0.000002 0.000000 1.000000
vn 0.000002 0.000000 1.000000
vn 0.000002 0.000000 1.000000
vn 0.000000 0.000000 1.000000
vn 0.000000 0.000000 1.000000
vn 0.000000 0.000000 1.000000
vn 0.000000 0.000000 1.000000
vn 0.000000 0.000000 1.000000
vn 0.000000 0.000000 1.000000
vn 0.000000 0.000000 1.000000
vn 0.000000 0.000000 1.000000
vn 0.000000 0.000000 1.000000
vn 0.000000 0.000000 1.000000
vn 0.000000 0.000000 1.000000
vn 0.000000 0.000000 1.000000
vn 0.000000 0.000000 1.000000
vn 0.000000 0.000000 1.000000
vn 0.000000 0.000000 1.000000
vn 0.000000 0.000000 1.000000
vn 0.000000 0.000000 1.000000
vn 0.000003 0.000000 1.000000
vn 0.000000 0.000000 1.000000
vn 0.000000 0.000000 1.000000
vn 0.000000 0.000000 1.000000
vn 0.000000 0.000000 1.000000
vn 0.000000 0.000000 1.000000
vn 0.000000 0.000000 1.000000
vn 0.000000 0.000000 1.000000
vn 0.000000 0.000000 1.000000
vn 0.000000 -1.000000 0.000000
vn 0.000000 -1.000000 0.000000
vn 0.000000 -1.000000 0.000000
vn 0.000000 -1.000000 0.000000
vn 0.000000 1.000000 0.000000
vn 0.000000 1.000000 0.000000
vn 0.000000 1.000000 0.000000
vn 0.000000 1.000000 0.000000
vn -1.000000 0.000000 0.000000
vn -1.000000 0.000000 0.000000
vn -1.000000 0.000000 0.000000
vn -1.000000 0.000000 0.000000
vn 1.000000 0.000000 0.000000
vn 1.000000 0.000000 0.000000
vn 1.000000 0.000000 0.000000
vn 1.000000 0.000000 0.000000
vn -0.000001 -1.000000 0.000000
vn 0.000001 -1.000000 0.000000
vn -0.000001 -1.000000 0.000000
vn -0.000001 -1.000000 0.000000
vn 0.000000 1.000000 0.000000
vn 0.000000 1.000000 0.000000
vn 0.000000 1.000000 0.000000
vn 0.000000 1.000000 0.000000
vn -1.000000 0.000000 0.000000
vn -1.000000 0.000000 0.000000
vn -1.000000 0.000000 0.000000
vn -1.000000 0.000000 0.000000
vn 1.000000 0.000000 0.000000
vn 1.000000 0.000000 0.000000
vn 1.000000 0.000000 0.000000
vn 1.000000 0.000000 0.000000
vn 0.000000 -1.000000 0.000000
vn 0.000000 -1.000000 0.000000
vn 0.000000 -1.000000 0.000000
vn 0.000000 -1.000000 0.000000
vn 0.000000 1.000000 0.000000
vn 0.000000 1.000000 0.000000
vn 0.000000 1.000000 0.000000
vn 0.000000 1.000000 0.000000
vn -1.000000 0.000000 0.000000
vn -1.000000 0.000000 0.000000
vn -1.000000 0.000000 0.000000
vn -1.000000 0.000000 0.000000
vn 1.000000 0.000000 0.000000
vn 1.000000 0.000000 0.000000
vn 1.000000 0.000000 0.000000
vn 1.000000 0.000000 0.000000
vn -0.000003 -1.000000 0.000000
vn 0.000003 -1.000000 0.000000
vn -0.000003 -1.000000 0.000000
vn -0.000003 -1.000000 0.000000
vn -0.000002 1.000000 0.000000
vn -0.000002 1.000000 0.000000
vn 0.000002 1.000000 0.000000
vn 0.000002 1.000000 0.000000
vn -1.000000 0.000000 0.000000
vn -1.000000 0.000000 0.000000
vn -1.000000 0.000000 0.000000
vn -1.000000 0.000000 0.000000
vn 1.000000 0.000000 0.000000
vn 1.000000 0.000000 0.000000
vn 1.000000 0.000000 0.000000
vn 1.000000 0.000000 0.000000
vn -0.941418 -0.337241 0.000000
vn -0.941418 -0.337241 0.000000
vn -0.941418 -0.337241 0.000000
vn -0.941418 -0.337241 0.000000
vn -0.432005 -0.901871 0.000000
vn -0.432005 -0.901871 0.000000
vn -0.432005 -0.901871 0.000000
vn -0.432005 -0.901871 0.000000
vn -0.431989 0.901879 0.000000
vn -0.431989 0.901879 0.000000
vn -0.431989 0.901879 0.000000
vn -0.431989 0.901879 0.000000
vn -0.941420 0.337236 0.000000
vn -0.941420 0.337236 0.000000
vn -0.941420 0.337236 0.000000
vn -0.941420 0.337236 0.000000
vn 0.941428 0.337213 0.000000
vn 0.941428 0.337213 0.000000
vn 0.941428 0.337213 0.000000
vn 0.941428 0.337213 0.000000
vn 0.431989 0.901879 0.000000
vn 0.431989 0.901879 0.000000
vn 0.431989 0.901879 0.000000
vn 0.431989 0.901879 0.000000
vn 0.432005 -0.901871 0.000000
vn 0.432005 -0.901871 0.000000
vn 0.432005 -0.901871 0.000000
vn 0.432005 -0.901871 0.000000
vn 0.941427 -0.337218 0.000000
vn 0.941427 -0.337218 0.000000
vn 0.941427 -0.337218 0.000000
vn 0.941427 -0.337218 0.000000
vn -0.941422 -0.337230 0.000000
vn -0.941422 -0.337230 0.000000
vn -0.941422 -0.337230 0.000000
vn -0.941422 -0.337230 0.000000
vn -0.431959 -0.901893 0.000000
vn -0.431959 -0.901893 0.000000
vn -0.431959 -0.901893 0.000000
vn -0.431959 -0.901893 0.000000
vn -0.431977 0.901885 0.000000
vn -0.431977 0.901885 0.000000
vn -0.431977 0.901885 0.000000
vn -0.431977 0.901885 0.000000
vn -0.941418 0.337241 0.000000
vn -0.941418 0.337241 0.000000
vn -0.941418 0.337241 0.000000
vn -0.941418 0.337241 0.000000
vn 0.941427 0.337218 0.000000
vn 0.941427 0.337218 0.000000
vn 0.941427 0.337218 0.000000
vn 0.941427 0.337218 0.000000
vn 0.431977 0.901885 0.000000
vn 0.431977 0.901885 0.000000
vn 0.431977 0.901885 0.000000
vn 0.431977 0.901885 0.000000
vn 0.431959 -0.901893 0.000000
vn 0.431959 -0.901893 0.000000
vn 0.431959 -0.901893 0.000000
vn 0.431959 -0.901893 0.000000
vn 0.941431 -0.337207 0.000000
vn 0.941431 -0.337207 0.000000
vn 0.941431 -0.337207 0.000000
vn 0.941431 -0.337207 0.000000
vn -0.941418 -0.337242 0.000000
vn -0.941418 -0.337242 0.000000
vn -0.941418 -0.337242 0.000000
vn -0.941418 -0.337242 0.000000
vn -0.432005 -0.901871 0.000000
vn -0.432005 -0.901871 0.000000
vn -0.432005 -0.901871 0.000000
vn -0.432005 -0.901871 0.000000
vn -0.432001 0.901873 0.000000
vn -0.432001 0.901873 0.000000
vn -0.432001 0.901873 0.000000
vn -0.432001 0.901873 0.000000
vn -0.941419 0.337240 0.000000
vn -0.941419 0.337240 0.000000
vn -0.941419 0.337240 0.000000
vn -0.941419 0.337240 0.000000
vn 0.941427 0.337217 0.000000
vn 0.941427 0.337217 0.000000
vn 0.941427 0.337217 0.000000
vn 0.941427 0.337217 0.000000
vn 0.432001 0.901873 0.000000
vn 0.432001 0.901873 0.000000
vn 0.432001 0.901873 0.000000
vn 0.432001 0.901873 0.000000
vn 0.432005 -0.901871 0.000000
vn 0.432005 -0.901871 0.000000
vn 0.432005 -0.901871 0.000000
vn 0.432005 -0.901871 0.000000
vn 0.941426 -0.337219 0.000000
vn 0.941426 -0.337219 0.000000
vn 0.941426 -0.337219 0.000000
vn 0.941426 -0.337219 0.000000
vn -0.941420 -0.337236 0.000000
vn -0.941420 -0.337236 0.000000
vn -0.941420 -0.337236 0.000000
vn -0.941420 -0.337236 0.000000
vn -0.431981 -0.901883 0.000000
vn -0.431981 -0.901883 0.000000
vn -0.431981 -0.901883 0.000000
vn -0.431981 -0.901883 0.000000
vn -0.432000 0.901874 0.000000
vn -0.432000 0.901874 0.000000
vn -0.432000 0.901874 0.000000
vn -0.432000 0.901874 0.000000
vn -0.941417 0.337245 0.000000
vn -0.941417 0.337245 0.000000
vn -0.941417 0.337245 0.000000
vn -0.941417 0.337245 0.000000
vn 0.941425 0.337222 0.000000
vn 0.941425 0.337222 0.000000
vn 0.941425 0.337222 0.000000
vn 0.941425 0.337222 0.000000
vn 0.432000 0.901874 0.000000
vn 0.432000 0.901874 0.000000
vn 0.432000 0.901874 0.000000
vn 0.432000 0.901874 0.000000
vn 0.431981 -0.901883 0.000000
vn 0.431981 -0.901883 0.000000
vn 0.431981 -0.901883 0.000000
vn 0.431981 -0.901883 0.000000
vn 0.941428 -0.337213 0.000000
vn 0.941428 -0.337213 0.000000
vn 0.941428 -0.337213 0.000000
vn 0.941428 -0.337213 0.000000
vn 0.672038 0.000000 0.740517
vn 0.672038 0.000000 0.740517
vn 0.672038 0.000000 0.740517
vn 0.672038 0.000000 0.740517
vn 0.982593 0.000000 0.185771
vn 0.982593 0.000000 0.185771
vn 0.982593 0.000000 0.185771
vn 0.982593 0.000000 0.185771
vn 0.571893 -0.204847 0.794340
vn 0.571893 -0.204847 0.794340
vn 0.571893 -0.204847 0.794340
vn 0.571893 -0.204847 0.794340
vn 0.918586 -0.329039 0.218936
vn 0.918586 -0.329039 0.218936
vn 0.918586 -0.329039 0.218936
vn 0.918586 -0.329039 0.218936
vn 0.672027 0.000000 0.740527
vn 0.672027 0.000000 0.740527
vn 0.672027 0.000000 0.740527
vn 0.672027 0.000000 0.740527
vn 0.982593 0.000000 0.185773
vn 0.982593 0.000000 0.185773
vn 0.982593 0.000000 0.185773
vn 0.982593 0.000000 0.185773
vn 0.571886 -0.204844 0.794346
vn 0.571886 -0.204844 0.794346
vn 0.571886 -0.204844 0.794346
vn 0.571886 -0.204844 0.794346
vn 0.918595 -0.329020 0.218927
vn 0.918595 -0.329020 0.218928
vn 0.918595 -0.329020 0.218928
vn 0.918595 -0.329020 0.218927
vn 0.672036 0.000000 0.740518
vn 0.672036 0.000000 0.740518
vn 0.672036 0.000000 0.740518
vn 0.672036 0.000000 0.740518
vn 0.982593 0.000000 0.185770
vn 0.982593 0.000000 0.185771
vn 0.982593 0.000000 0.185771
vn 0.982593 0.000000 0.185771
vn 0.571877 -0.204848 0.794352
vn 0.571877 -0.204848 0.794352
vn 0.571877 -0.204848 0.794352
vn 0.571877 -0.204848 0.794352
vn 0.918592 -0.329030 0.218926
vn 0.918592 -0.329030 0.218926
vn 0.918592 -0.329030 0.218926
vn 0.918592 -0.329030 0.218926
vn 0.672023 0.000000 0.740530
vn 0.672023 0.000000 0.740530
vn 0.672023 0.000000 0.740530
vn 0.672023 0.000000 0.740530
vn 0.982593 0.000000 0.185771
vn 0.982593 0.000000 0.185771
vn 0.982593 0.000000 0.185771
vn 0.982593 0.000000 0.185771
vn 0.571907 -0.204844 0.794330
vn 0.571907 -0.204844 0.794330
vn 0.571907 -0.204844 0.794330
vn 0.571907 -0.204844 0.794330
vn 0.918589 -0.329034 0.218933
vn 0.918589 -0.329034 0.218933
vn 0.918589 -0.329034 0.218933
vn 0.918589 -0.329034 0.218933
vn 0.000000 -0.390022 0.920806
vn 0.000000 -0.390022 0.920806
vn 0.000000 -0.390024 0.920805
vn 0.000000 -0.390024 0.920805
vn 0.000000 -0.926841 0.375454
vn 0.000000 -0.926841 0.375454
vn 0.000000 -0.926839 0.375460
vn 0.000000 -0.926839 0.375460
vn -0.179986 -0.375774 0.909065
vn -0.179986 -0.375774 0.909065
vn -0.179986 -0.375774 0.909065
vn -0.179986 -0.375774 0.909065
vn -0.404579 -0.844633 0.350586
vn -0.404579 -0.844633 0.350586
vn -0.404579 -0.844633 0.350586
vn -0.404579 -0.844633 0.350586
vn 0.000000 -0.390012 0.920810
vn 0.000000 -0.390012 0.920810
vn 0.000000 -0.390020 0.920806
vn 0.000000 -0.390021 0.920806
vn 0.000001 -0.926844 0.375446
vn 0.000001 -0.926844 0.375446
vn -0.000001 -0.926839 0.375460
vn -0.000001 -0.926839 0.375460
vn -0.672027 0.000000 0.740527
vn -0.672027 0.000000 0.740527
vn -0.672027 0.000000 0.740527
vn -0.672027 0.000000 0.740527
vn -0.982598 0.000000 0.185744
vn -0.982598 0.000000 0.185744
vn -0.982598 0.000000 0.185744
vn -0.982598 0.000000 0.185744
vn -0.571905 0.204854 0.794330
vn -0.571905 0.204854 0.794330
vn -0.571905 0.204854 0.794330
vn -0.571905 0.204854 0.794330
vn -0.918586 0.329051 0.218917
vn -0.918586 0.329051 0.218917
vn -0.918586 0.329051 0.218917
vn -0.918586 0.329051 0.218917
vn -0.672024 0.000000 0.740530
vn -0.672024 0.000000 0.740530
vn -0.672024 0.000000 0.740530
vn -0.672024 0.000000 0.740530
vn -0.982599 0.000000 0.185742
vn -0.982599 0.000000 0.185742
vn -0.982599 0.000000 0.185742
vn -0.982599 0.000000 0.185742
vn -0.571894 0.204858 0.794336
vn -0.571894 0.204858 0.794336
vn -0.571894 0.204858 0.794336
vn -0.571894 0.204858 0.794336
vn -0.918586 0.329051 0.218917
vn -0.918586 0.329051 0.218917
vn -0.918586 0.329051 0.218917
vn -0.918586 0.329051 0.218917
vn -0.672034 0.000000 0.740520
vn -0.672034 0.000000 0.740520
vn -0.672034 0.000000 0.740520
vn -0.672034 0.000000 0.740520
vn -0.982599 0.000000 0.185742
vn -0.982599 0.000000 0.185742
vn -0.982599 0.000000 0.185742
vn -0.982599 0.000000 0.185742
vn -0.571868 0.204864 0.794353
vn -0.571868 0.204864 0.794353
vn -0.571868 0.204864 0.794353
vn -0.571868 0.204864 0.794353
vn -0.918584 0.329056 0.218920
vn -0.918584 0.329056 0.218920
vn -0.918584 0.329056 0.218920
vn -0.918584 0.329056 0.218920
vn -0.672024 0.000000 0.740529
vn -0.672024 0.000000 0.740529
vn -0.672024 0.000000 0.740529
vn -0.672024 0.000000 0.740529
vn -0.982599 0.000000 0.185742
vn -0.982599 0.000000 0.185742
vn -0.982599 0.000000 0.185742
vn -0.982599 0.000000 0.185742
vn -0.571875 0.204859 0.794350
vn -0.571875 0.204859 0.794350
vn -0.571875 0.204859 0.794350
vn -0.571875 0.204858 0.794350
vn -0.918582 0.329055 0.218928
vn -0.918582 0.329055 0.218928
vn -0.918582 0.329055 0.218928
vn -0.918582 0.329055 0.218928
vn 0.000000 -0.390020 0.920806
vn 0.000000 -0.390020 0.920806
vn 0.000000 -0.390020 0.920806
vn 0.000000 -0.390021 0.920806
vn 0.000000 -0.926839 0.375458
vn 0.000000 -0.926839 0.375458
vn 0.000000 -0.926840 0.375456
vn 0.000000 -0.926840 0.375456
vn -0.179994 -0.375772 0.909064
vn -0.179994 -0.375772 0.909064
vn -0.179994 -0.375772 0.909064
vn -0.179994 -0.375772 0.909064
vn -0.404579 -0.844633 0.350586
vn -0.404579 -0.844633 0.350586
vn -0.404579 -0.844633 0.350586
vn -0.404579 -0.844633 0.350586
vn 0.000000 0.390019 0.920807
vn 0.000000 0.390019 0.920807
vn 0.000000 0.390018 0.920807
vn 0.000000 0.390018 0.920807
vn 0.000000 0.926840 0.375456
vn 0.000000 0.926840 0.375456
vn 0.000000 0.926840 0.375456
vn 0.000000 0.926839 0.375458
vn 0.179978 0.375771 0.909068
vn 0.179978 0.375771 0.909068
vn 0.179978 0.375771 0.909068
vn 0.179978 0.375771 0.909068
vn 0.404566 0.844633 0.350602
vn 0.404566 0.844633 0.350602
vn 0.404566 0.844633 0.350602
vn 0.404566 0.844633 0.350602
vn -0.179986 -0.375774 0.909065
vn -0.179986 -0.375774 0.909065
vn -0.179986 -0.375774 0.909065
vn -0.179986 -0.375774 0.909065
vn -0.404532 -0.844649 0.350601
vn -0.404532 -0.844649 0.350601
vn -0.404532 -0.844649 0.350601
vn -0.404532 -0.844649 0.350601
vn 0.000000 0.390014 0.920809
vn 0.000000 0.390014 0.920809
vn 0.000000 0.390019 0.920807
vn 0.000000 0.390019 0.920807
vn 0.000000 0.926845 0.375444
vn 0.000000 0.926845 0.375444
vn 0.000000 0.926845 0.375444
vn 0.000000 0.926844 0.375446
vn 0.179990 0.375777 0.909063
vn 0.179990 0.375777 0.909063
vn 0.179990 0.375776 0.909063
vn 0.179990 0.375776 0.909063
vn 0.404558 0.844632 0.350614
vn 0.404558 0.844632 0.350614
vn 0.404558 0.844632 0.350614
vn 0.404558 0.844632 0.350614
vn 0.000000 0.390017 0.920808
vn 0.000000 0.390017 0.920808
vn 0.000000 0.390019 0.920807
vn 0.000000 0.390019 0.920807
vn 0.000000 0.926842 0.375452
vn 0.000000 0.926842 0.375452
vn 0.000000 0.926842 0.375452
vn 0.000000 0.926841 0.375454
vn 0.179996 0.375773 0.909063
vn 0.179996 0.375773 0.909063
vn 0.179996 0.375773 0.909063
vn 0.179996 0.375773 0.909063
vn 0.404576 0.844627 0.350604
vn 0.404576 0.844627 0.350604
vn 0.404576 0.844627 0.350604
vn 0.404576 0.844627 0.350604
vn 0.000001 -0.390015 0.920808
vn 0.000001 -0.390015 0.920808
vn -0.000001 -0.390014 0.920809
vn -0.000001 -0.390014 0.920809
vn 0.000003 -0.926841 0.375454
vn 0.000003 -0.926841 0.375454
vn -0.000003 -0.926842 0.375452
vn -0.000003 -0.926842 0.375452
vn -0.179982 -0.375766 0.909069
vn -0.179982 -0.375765 0.909069
vn -0.179982 -0.375765 0.909069
vn -0.179982 -0.375766 0.909069
vn -0.404555 -0.844643 0.350590
vn -0.404555 -0.844643 0.350590
vn -0.404555 -0.844643 0.350590
vn -0.404555 -0.844643 0.350590
vn 0.000001 0.390011 0.920810
vn 0.000001 0.390011 0.920810
vn -0.000001 0.390012 0.920810
vn -0.000001 0.390012 0.920810
vn 0.000002 0.926845 0.375444
vn 0.000002 0.926845 0.375444
vn 0.000002 0.926845 0.375444
vn -0.000002 0.926841 0.375454
vn 0.179996 0.375773 0.909063
vn 0.179996 0.375773 0.909063
vn 0.179996 0.375773 0.909063
vn 0.179996 0.375773 0.909063
vn 0.404575 0.844625 0.350611
vn 0.404575 0.844625 0.350611
vn 0.404575 0.844625 0.350611
vn 0.404575 0.844625 0.350611
vn -0.918584 -0.329056 0.218919
vn -0.918584 -0.329056 0.218919
vn -0.918584 -0.329056 0.218919
vn -0.918584 -0.329056 0.218919
vn -0.571894 -0.204858 0.794336
vn -0.571894 -0.204858 0.794336
vn -0.571894 -0.204858 0.794336
vn -0.571894 -0.204858 0.794336
vn -0.404561 0.844638 0.350595
vn -0.404561 0.844638 0.350595
vn -0.404561 0.844638 0.350595
vn -0.404561 0.844638 0.350595
vn -0.179986 0.375773 0.909065
vn -0.179986 0.375773 0.909065
vn -0.179986 0.375773 0.909065
vn -0.179986 0.375773 0.909065
vn 0.918591 0.329030 0.218930
vn 0.918591 0.329030 0.218930
vn 0.918591 0.329030 0.218930
vn 0.918591 0.329030 0.218930
vn 0.571889 0.204845 0.794343
vn 0.571889 0.204845 0.794343
vn 0.571889 0.204845 0.794343
vn 0.571889 0.204845 0.794343
vn 0.404585 -0.844627 0.350595
vn 0.404585 -0.844627 0.350595
vn 0.404584 -0.844627 0.350595
vn 0.404585 -0.844627 0.350595
vn 0.179994 -0.375769 0.909065
vn 0.179994 -0.375769 0.909065
vn 0.179994 -0.375769 0.909065
vn 0.179994 -0.375769 0.909065
vn -0.918587 -0.329046 0.218922
vn -0.918587 -0.329046 0.218922
vn -0.918587 -0.329046 0.218922
vn -0.918587 -0.329046 0.218922
vn -0.571890 -0.204856 0.794340
vn -0.571890 -0.204856 0.794340
vn -0.571890 -0.204856 0.794340
vn -0.571890 -0.204856 0.794340
vn -0.404553 0.844641 0.350598
vn -0.404554 0.844640 0.350598
vn -0.404554 0.844640 0.350598
vn -0.404553 0.844641 0.350598
vn -0.179986 0.375774 0.909065
vn -0.179986 0.375774 0.909065
vn -0.179986 0.375774 0.909065
vn -0.179986 0.375774 0.909065
vn 0.918589 0.329034 0.218933
vn 0.918589 0.329034 0.218933
vn 0.918589 0.329034 0.218933
vn 0.918589 0.329034 0.218933
vn 0.571879 0.204849 0.794350
vn 0.571879 0.204849 0.794350
vn 0.571879 0.204849 0.794350
vn 0.571879 0.204849 0.794350
vn 0.404539 -0.844645 0.350603
vn 0.404539 -0.844646 0.350603
vn 0.404539 -0.844645 0.350603
vn 0.404539 -0.844646 0.350603
vn 0.179978 -0.375771 0.909068
vn 0.179978 -0.375771 0.909068
vn 0.179978 -0.375771 0.909068
vn 0.179978 -0.375771 0.909068
vn -0.918587 -0.329051 0.218915
vn -0.918587 -0.329051 0.218915
vn -0.918587 -0.329051 0.218915
vn -0.918587 -0.329051 0.218915
vn -0.571897 -0.204859 0.794334
vn -0.571897 -0.204859 0.794334
vn -0.571897 -0.204859 0.794334
vn -0.571897 -0.204859 0.794334
vn -0.404579 0.844633 0.350586
vn -0.404579 0.844633 0.350586
vn -0.404579 0.844633 0.350586
vn -0.404579 0.844633 0.350586
vn -0.179993 0.375771 0.909065
vn -0.179993 0.375771 0.909065
vn -0.179993 0.375771 0.909065
vn -0.179993 0.375771 0.909065
vn 0.918591 0.329030 0.218928
vn 0.918591 0.329030 0.218928
vn 0.918591 0.329030 0.218928
vn 0.918591 0.329030 0.218928
vn 0.571878 0.204849 0.794351
vn 0.571878 0.204849 0.794351
vn 0.571878 0.204849 0.794351
vn 0.571878 0.204849 0.794351
vn 0.404581 -0.844628 0.350596
vn 0.404581 -0.844628 0.350596
vn 0.404581 -0.844628 0.350596
vn 0.404581 -0.844628 0.350596
vn 0.179995 -0.375770 0.909065
vn 0.179995 -0.375770 0.909065
vn 0.179995 -0.375770 0.909065
vn 0.179995 -0.375770 0.909065
vn -0.918582 -0.329055 0.218928
vn -0.918582 -0.329055 0.218928
vn -0.918582 -0.329055 0.218928
vn -0.918582 -0.329055 0.218928
vn -0.571911 -0.204856 0.794325
vn -0.571911 -0.204856 0.794325
vn -0.571911 -0.204856 0.794325
vn -0.571911 -0.204856 0.794325
vn -0.404575 0.844632 0.350594
vn -0.404575 0.844632 0.350594
vn -0.404575 0.844632 0.350594
vn -0.404575 0.844632 0.350594
vn -0.179993 0.375771 0.909065
vn -0.179993 0.375771 0.909065
vn -0.179993 0.375771 0.909065
vn -0.179993 0.375771 0.909065
vn 0.918589 0.329034 0.218933
vn 0.918589 0.329034 0.218933
vn 0.918589 0.329034 0.218933
vn 0.918589 0.329034 0.218933
vn 0.571877 0.204848 0.794351
vn 0.571877 0.204848 0.794352
vn 0.571877 0.204848 0.794352
vn 0.571877 0.204848 0.794351
vn 0.404560 -0.844637 0.350599
vn 0.404560 -0.844637 0.350600
vn 0.404560 -0.844637 0.350600
vn 0.404560 -0.844637 0.350599
vn 0.179980 -0.375765 0.909070
vn 0.179980 -0.375765 0.909070
vn 0.179980 -0.375765 0.909070
vn 0.179980 -0.375765 0.909070
vn -0.644351 0.110815 0.756658
vn -0.644351 0.110815 0.756658
vn -0.644351 0.110815 0.756658
vn -0.644351 0.110815 0.756658
vn -0.966661 0.166247 0.194751
vn -0.966661 0.166247 0.194752
vn -0.966661 0.166247 0.194751
vn -0.966661 0.166247 0.194752
vn -0.001944 0.979064 0.203543
vn 0.001944 0.979064 0.203542
vn 0.001944 0.979064 0.203542
vn 0.001944 0.979064 0.203542
vn -0.009060 0.634080 0.773214
vn 0.009060 0.634081 0.773213
vn 0.009060 0.634081 0.773213
vn 0.009060 0.634081 0.773213
vn 0.088927 0.386585 0.917956
vn 0.088927 0.386585 0.917956
vn 0.088927 0.386585 0.917956
vn 0.088927 0.386585 0.917956
vn 0.208348 0.905774 0.369006
vn 0.208348 0.905774 0.369006
vn 0.208348 0.905774 0.369006
vn 0.208348 0.905774 0.369006
vn -0.982594 0.000000 0.185764
vn -0.982594 0.000000 0.185764
vn -0.982594 0.000000 0.185764
vn -0.982594 0.000000 0.185764
vn -0.672046 0.000000 0.740510
vn -0.672046 0.000000 0.740510
vn -0.672046 0.000000 0.740510
vn -0.672046 0.000000 0.740510
vn -0.003621 0.979177 0.202976
vn -0.003621 0.979177 0.202976
vn -0.003621 0.979177 0.202976
vn -0.003621 0.979177 0.202976
vn -0.017654 0.642085 0.766430
vn -0.017654 0.642085 0.766430
vn -0.017654 0.642085 0.766430
vn -0.017654 0.642085 0.766430
vn -0.982595 0.000000 0.185763
vn -0.982595 0.000000 0.185763
vn -0.982595 0.000000 0.185763
vn -0.982595 0.000000 0.185763
vn -0.672043 0.000000 0.740512
vn -0.672046 0.000000 0.740510
vn -0.672046 0.000000 0.740510
vn -0.672046 0.000000 0.740510
vn 0.000001 0.000002 1.000000
vn 0.000001 0.000002 1.000000
vn 0.000001 0.000002 1.000000
vn 0.000001 0.000002 1.000000
vn 0.000000 1.000000 0.000000
vn 0.000000 1.000000 0.000000
vn 0.000000 1.000000 0.000000
vn 0.000000 1.000000 0.000000
vn 1.000000 0.000000 0.000000
vn 1.000000 0.000000 0.000000
vn 1.000000 0.000000 0.000000
vn 1.000000 0.000000 0.000000
vn 0.985526 0.169523 0.000000
vn 0.985526 0.169523 0.000000
vn 0.985526 0.169523 0.000000
vn 0.985526 0.169523 0.000000
vn 0.865847 0.500310 0.000000
vn 0.865847 0.500310 0.000000
vn 0.865847 0.500310 0.000000
vn 0.865847 0.500310 0.000000
vn 0.611457 0.791278 0.000000
vn 0.611457 0.791278 0.000000
vn 0.611457 0.791278 0.000000
vn 0.611457 0.791278 0.000000
vn 0.224170 0.974550 0.000000
vn 0.224170 0.974550 0.000000
vn 0.224170 0.974550 0.000000
vn 0.224170 0.974550 0.000000
vn 0.000000 1.000000 0.000000
vn 0.000000 1.000000 0.000000
vn 0.000000 1.000000 0.000000
vn -0.224169 0.974550 0.000000
vn -0.224169 0.974550 0.000000
vn -0.224169 0.974550 0.000000
vn -0.224169 0.974550 0.000000
vn -0.611428 0.791300 0.000000
vn -0.611428 0.791300 0.000000
vn -0.611428 0.791300 0.000000
vn -0.611428 0.791300 0.000000
vn -0.865847 0.500310 0.000000
vn -0.865847 0.500310 0.000000
vn -0.865847 0.500310 0.000000
vn -0.865847 0.500310 0.000000
vn -0.985531 0.169493 0.000000
vn -0.985531 0.169493 0.000000
vn -0.985531 0.169493 0.000000
vn -0.985531 0.169493 0.000000
vn -1.000000 0.000000 0.000000
vn -1.000000 0.000000 0.000000
vn -1.000000 0.000000 0.000000
vn -1.000000 0.000000 0.000000
vn 0.000000 0.000000 1.000000
vn 0.000000 0.000000 1.000000
vn 0.000000 0.000000 1.000000
vn 0.000000 0.000000 1.000000
vn 0.000001 -0.000005 1.000000
vn 0.000001 -0.000005 1.000000
vn 0.000001 -0.000005 1.000000
vn 0.000001 -0.000005 1.000000
vn 0.000002 -0.000001 1.000000
vn 0.000002 -0.000001 1.000000
vn 0.000002 -0.000001 1.000000
vn 0.000002 -0.000001 1.000000
vn -0.000001 0.000000 1.000000
vn 0.000001 0.000000 1.000000
vn 0.000001 0.000000 1.000000
vn 0.000001 0.000000 1.000000
vn -0.000001 0.000000 1.000000
vn -0.000001 0.000000 1.000000
vn -0.000001 0.000000 1.000000
vn -0.000001 0.000000 1.000000
vn 0.000002 0.000000 1.000000
vn 0.000000 0.000000 1.000000
vn 0.000000 0.000000 1.000000
vn 0.000000 0.000000 1.000000
vn -1.000000 0.000000 0.000000
vn -1.000000 0.000000 0.000000
vn -1.000000 0.000000 0.000000
vn -1.000000 0.000000 0.000000
vn 1.000000 0.000000 0.000000
vn 1.000000 0.000000 0.000000
vn 1.000000 0.000000 0.000000
vn 1.000000 0.000000 0.000000
vn 0.000000 0.000000 1.000000
vn 0.000000 0.000000 1.000000
vn 0.000000 0.000000 1.000000
vn -1.000000 0.000000 0.000000
vn -1.000000 0.000000 0.000000
vn -1.000000 0.000000 0.000000
vn -1.000000 0.000000 0.000000
vn 1.000000 0.000000 0.000000
vn 1.000000 0.000000 0.000000
vn 1.000000 0.000000 0.000000
vn 1.000000 0.000000 0.000000
vn 0.000000 0.000000 1.000000
vn 0.000000 0.000000 1.000000
vn 0.000000 0.000000 1.000000
vn 0.000000 0.000000 1.000000
vn -1.000000 0.000000 0.000000
vn -1.000000 0.000000 0.000000
vn -1.000000 0.000000 0.000000
vn -1.000000 0.000000 0.000000
vn 1.000000 0.000000 0.000000
vn 1.000000 0.000000 0.000000
vn 1.000000 0.000000 0.000000
vn 1.000000 0.000000 0.000000
vn 0.000000 0.000000 1.000000
vn 0.000000 0.000000 1.000000
vn 0.000000 0.000000 1.000000
vn 0.000000 0.000000 1.000000
vn -1.000000 0.000000 0.000000
vn -1.000000 0.000000 0.000000
vn -1.000000 0.000000 0.000000
vn -1.000000 0.000000 0.000000
vn 1.000000 0.000000 0.000000
vn 1.000000 0.000000 0.000000
vn 1.000000 0.000000 0.000000
vn 1.000000 0.000000 0.000000
vn -0.000001 0.000002 1.000000
vn -0.000001 0.000002 1.000000
vn -0.000001 0.000002 1.000000
vn -0.000001 0.000002 1.000000
vn -0.000001 -0.000001 1.000000
vn -0.000001 -0.000001 1.000000
vn -0.000001 -0.000001 1.000000
vn -0.000001 -0.000001 1.000000
vn -0.000001 -0.000005 1.000000
vn -0.000001 -0.000005 1.000000
vn -0.000001 -0.000005 1.000000
vn -0.000001 -0.000005 1.000000
vn 0.000001 0.000000 1.000000
vn 0.000001 0.000000 1.000000
vn 0.000001 0.000000 1.000000
vn 0.000001 0.000000 1.000000
vn 0.000000 1.000000 0.000000
vn 0.000000 1.000000 0.000000
vn 0.000000 1.000000 0.000000
vn 0.000000 0.000000 1.000000
vn 0.000000 0.000000 1.000000
vn 0.000000 0.000000 1.000000
vn 0.000000 0.000000 1.000000
vn 0.000000 0.000000 1.000000
vn 0.000000 0.000000 1.000000
vn 0.000000 0.000000 1.000000
vn 0.000001 0.000000 1.000000
vn 0.000000 0.000000 1.000000
vn 0.000000 0.000000 1.000000
vn 0.000000 0.000000 1.000000
vn 0.000000 0.000000 1.000000
vn 0.000000 0.000000 1.000000
vn 0.000000 0.000000 1.000000
vn 0.000000 0.000000 1.000000
vn 0.000000 0.000000 1.000000
vn 0.000000 0.000000 1.000000
vn 0.000000 0.000000 1.000000
vn 0.000000 0.000000 1.000000
vn 0.000000 0.000000 1.000000
vn 0.000000 0.000000 1.000000
vn 0.000000 0.000000 1.000000
vn 0.000000 0.000000 1.000000
vn 0.000000 0.000000 1.000000
vn 0.000000 0.000000 1.000000
vn -0.000001 0.000000 1.000000
vn -0.000001 0.000000 1.000000
vn -0.000001 0.000000 1.000000
vn -0.837875 0.484156 0.252110
vn -0.837875 0.484156 0.252110
vn -0.837875 0.484156 0.252110
vn -0.837875 0.484156 0.252110
vn -0.476234 0.275184 0.835150
vn -0.476234 0.275184 0.835150
vn -0.476234 0.275184 0.835150
vn -0.476234 0.275184 0.835150
vn -0.672033 0.000000 0.740521
vn -0.672033 0.000000 0.740521
vn -0.672033 0.000000 0.740521
vn -0.672033 0.000000 0.740521
vn -0.982595 0.000000 0.185763
vn -0.982595 0.000000 0.185763
vn -0.982595 0.000000 0.185763
vn -0.982595 0.000000 0.185763
vn 0.672046 0.000000 0.740510
vn 0.672046 0.000000 0.740510
vn 0.672046 0.000000 0.740510
vn 0.672046 0.000000 0.740510
vn 0.982594 0.000000 0.185764
vn 0.982594 0.000000 0.185764
vn 0.982594 0.000000 0.185764
vn 0.982594 0.000000 0.185764
vn 0.982595 0.000000 0.185763
vn 0.982595 0.000000 0.185763
vn 0.982595 0.000000 0.185763
vn 0.982595 0.000000 0.185763
vn 0.672033 0.000000 0.740521
vn 0.672033 0.000000 0.740521
vn 0.672033 0.000000 0.740521
vn 0.672033 0.000000 0.740521
vn 0.644355 0.110834 0.756652
vn 0.644355 0.110834 0.756652
vn 0.644355 0.110834 0.756652
vn 0.644355 0.110834 0.756652
vn 0.966652 0.166276 0.194773
vn 0.966652 0.166276 0.194773
vn 0.966652 0.166276 0.194773
vn 0.966652 0.166276 0.194773
vn 0.476231 0.275177 0.835154
vn 0.476231 0.275177 0.835154
vn 0.476231 0.275177 0.835154
vn 0.476231 0.275177 0.835154
vn 0.837885 0.484141 0.252103
vn 0.837885 0.484141 0.252103
vn 0.837885 0.484141 0.252103
vn 0.837885 0.484141 0.252103
vn 0.274984 0.355865 0.893165
vn 0.274984 0.355865 0.893165
vn 0.274984 0.355865 0.893165
vn 0.274984 0.355865 0.893165
vn 0.578777 0.748991 0.322538
vn 0.578777 0.748991 0.322538
vn 0.578777 0.748991 0.322538
vn 0.578777 0.748991 0.322538
vn 0.003621 0.979180 0.202962
vn 0.003621 0.979180 0.202962
vn 0.003621 0.979180 0.202962
vn 0.003621 0.979180 0.202962
vn 0.017654 0.642082 0.766433
vn 0.017654 0.642082 0.766433
vn 0.017654 0.642082 0.766433
vn 0.017654 0.642082 0.766433
vn -0.088925 0.386586 0.917956
vn -0.088925 0.386586 0.917956
vn -0.088925 0.386585 0.917957
vn -0.088925 0.386585 0.917957
vn -0.208347 0.905767 0.369022
vn -0.208347 0.905767 0.369022
vn -0.208347 0.905767 0.369022
vn -0.208347 0.905767 0.369022
vn -0.274973 0.355869 0.893167
vn -0.274973 0.355869 0.893167
vn -0.274973 0.355869 0.893167
vn -0.274973 0.355869 0.893167
vn -0.578751 0.749002 0.322556
vn -0.578752 0.749002 0.322556
vn -0.578752 0.749002 0.322556
vn -0.578751 0.749002 0.322556
vn 0.982595 0.000000 0.185763
vn 0.982595 0.000000 0.185763
vn 0.982595 0.000000 0.185763
vn 0.982595 0.000000 0.185763
vn 0.672046 0.000000 0.740510
vn 0.672046 0.000000 0.740510
vn 0.672043 0.000000 0.740512
vn 0.672043 0.000000 0.740512
vn -0.982595 0.000000 0.185762
vn -0.982595 0.000000 0.185762
vn -0.982595 0.000000 0.185762
vn -0.982595 0.000000 0.185762
vn -0.672033 0.000000 0.740521
vn -0.672033 0.000000 0.740521
vn -0.672033 0.000000 0.740521
vn -0.672033 0.000000 0.740521
vn -0.672046 0.000000 0.740510
vn -0.672046 0.000000 0.740510
vn -0.672046 0.000000 0.740510
vn -0.672046 0.000000 0.740510
vn -0.982595 0.000000 0.185763
vn -0.982595 0.000000 0.185763
vn -0.982595 0.000000 0.185763
vn -0.982595 0.000000 0.185763
vn 0.982595 0.000000 0.185763
vn 0.982595 0.000000 0.185763
vn 0.982595 0.000000 0.185763
vn 0.982595 0.000000 0.185763
vn 0.672046 0.000000 0.740510
vn 0.672046 0.000000 0.740510
vn 0.672046 0.000000 0.740510
vn 0.672046 0.000000 0.740510
vn 0.672033 0.000000 0.740521
vn 0.672033 0.000000 0.740521
vn 0.672033 0.000000 0.740521
vn 0.672033 0.000000 0.740521
vn 0.982595 0.000000 0.185762
vn 0.982595 0.000000 0.185762
vn 0.982595 0.000000 0.185762
vn 0.982595 0.000000 0.185762
vn 0.000000 0.000000 1.000000
vn 0.000000 0.000000 1.000000
vn 0.000000 0.000000 1.000000
vn -0.000001 0.000000 1.000000
vn -0.000001 0.000000 1.000000
vn -0.000001 0.000000 1.000000
vn -0.000001 0.000000 1.000000
vn 0.000001 0.000000 1.000000
vn 0.000001 0.000000 1.000000
vn 0.000001 0.000000 1.000000
vn 0.000000 0.000000 1.000000
vn 0.000000 0.000000 1.000000
vn 0.000000 0.000000 1.000000
vn 0.000000 0.000000 1.000000
vn 0.000000 0.000000 1.000000
vn 0.000000 0.000000 1.000000
vn 0.000000 0.000000 1.000000
vn -0.000001 0.000000 1.000000
vn -0.000001 0.000000 1.000000
vn -0.000001 0.000000 1.000000
vn -0.000001 0.000000 1.000000
vn 0.000000 0.000000 1.000000
vn 0.000000 0.000000 1.000000
vn 0.000000 0.000000 1.000000
vn 0.000000 0.000000 1.000000
vn 0.000000 0.000000 1.000000
vn 0.000000 0.000000 1.000000
vn 0.000000 0.000000 1.000000
vn 0.000001 0.000000 1.000000
vn 0.000001 0.000000 1.000000
vn 0.000001 0.000000 1.000000
vn 0.000001 0.000000 1.000000
vn 0.000000 0.000000 1.000000
vn 0.000000 0.000000 1.000000
vn 0.000000 0.000000 1.000000
vn 0.000000 0.000000 1.000000
vn 0.000000 0.000000 1.000000
vn 0.000000 0.000000 1.000000
vn 0.000000 0.000000 1.000000
vn -0.000001 0.000000 1.000000
vn -0.000001 0.000000 1.000000
vn -0.000001 0.000000 1.000000
vn -0.000001 0.000000 1.000000
vn -0.000003 0.000000 1.000000
vn -0.000003 0.000000 1.000000
vn 0.000000 0.000000 1.000000
vn 0.000000 0.000000 1.000000
vn 0.000000 0.000000 1.000000
vn 0.000000 0.000000 1.000000
vn 0.000000 0.000000 1.000000
vn 0.000003 0.000000 1.000000
vn 0.000000 0.000000 1.000000
vn 0.000000 0.000000 1.000000
vn 0.000000 0.000000 1.000000
vn 0.000000 0.000000 1.000000
vn 0.000000 0.000000 1.000000
vn 0.000000 0.000000 1.000000
vn 0.000000 0.000000 1.000000
vn 0.000000 0.000000 1.000000
vn 0.000000 0.000000 1.000000
vn 0.000000 0.000000 1.000000
vn 0.000000 0.000000 1.000000
vn 0.000000 0.000000 1.000000
vn 0.000000 0.000000 1.000000
vn 0.000000 0.000000 1.000000
vn 0.000000 0.000000 1.000000
vn 0.000000 0.000000 1.000000
vn 0.000000 0.000000 1.000000
vn 0.000000 0.000000 1.000000
vn 0.000001 0.000000 1.000000
vn 0.000001 0.000000 1.000000
vn 0.000001 0.000000 1.000000
vn 0.000001 0.000000 1.000000
vn -0.000010 0.000000 1.000000
vn -0.000010 0.000000 1.000000
vn -0.000010 0.000000 1.000000
vn -0.000010 0.000000 1.000000
vn -0.000004 0.000000 1.000000
vn -0.000004 0.000000 1.000000
vn -0.000004 0.000000 1.000000
vn -0.000004 0.000000 1.000000
vn 0.000009 0.000000 1.000000
vn 0.000009 0.000000 1.000000
vn 0.000009 0.000000 1.000000
vn 0.000009 0.000000 1.000000
vn 0.000010 0.000000 1.000000
vn 0.000010 0.000000 1.000000
vn 0.000010 0.000000 1.000000
vn 0.000010 0.000000 1.000000
vn 0.000000 0.000000 1.000000
vn 0.000000 0.000000 1.000000
vn 0.000000 0.000000 1.000000
vn 0.000000 0.000000 1.000000
vn 0.000001 0.000000 1.000000
vn 0.000001 0.000000 1.000000
vn 0.000001 0.000000 1.000000
vn 0.000001 0.000000 1.000000
vn 0.000000 0.000000 1.000000
vn 0.000000 0.000000 1.000000
vn 0.000000 0.000000 1.000000
vn 0.000000 0.000000 1.000000
vn 0.000001 0.000000 1.000000
vn 0.000001 0.000000 1.000000
vn 0.000001 0.000000 1.000000
vn 0.000001 0.000000 1.000000
vn 0.000000 0.000000 1.000000
vn 0.000000 0.000000 1.000000
vn 0.000000 0.000000 1.000000
vn 0.000000 0.000000 1.000000
vn 0.000000 0.000000 1.000000
vn 0.000000 0.000000 1.000000
vn 0.000000 0.000000 1.000000
vn 0.000000 0.000000 1.000000
vn 0.000001 0.000000 1.000000
vn 0.000001 0.000000 1.000000
vn 0.000001 0.000000 1.000000
vn 0.000001 0.000000 1.000000
vn 0.000000 0.000000 1.000000
vn 0.000000 0.000000 1.000000
vn 0.000000 0.000000 1.000000
vn 0.000000 0.000000 1.000000
vn 0.000000 0.000000 1.000000
vn 0.000000 0.000000 1.000000
vn 0.000001 0.000000 1.000000
vn 0.000001 0.000000 1.000000
vn 0.000001 0.000000 1.000000
vn 0.000001 0.000000 1.000000
vn 0.000000 0.000000 1.000000
vn 0.000000 0.000000 1.000000
vn 0.000000 0.000000 1.000000
vn 0.000000 0.000000 1.000000
s off
g S_U_20 Gate_05_1
usemtl set8
f 1605/2234/6065 1606/2233/6066 1602/2238/6067 1601/2237/6068
f 1607/2236/6069 1608/2235/6070 1604/2240/6071 1603/2239/6072
f 1606/2233/6073 1607/2236/6074 1603/2239/6075 1602/2238/6076
f 1612/2243/6077 1641/2244/6078 1611/2245/6079
f 1614/2246/6080 1642/2247/6081 1613/2248/6082
f 1665/2733/6083 1664/2276/6084 1645/2361/6085 1644/2359/6086
f 1666/2277/6087 1665/2275/6088 1644/2731/6089 1643/2360/6090
f 1647/2736/6091 1646/2279/6092 1663/2349/6093 1662/2362/6094
f 1648/2280/6095 1647/2278/6096 1662/2727/6097 1661/2363/6098
f 1651/2281/6099 1650/2282/6100 1653/2729/6101 1652/2284/6102
f 1650/2735/6103 1649/2285/6104 1654/2286/6105 1653/2283/6106
f 1657/2287/6107 1656/2288/6108 1659/2725/6109 1658/2290/6110
f 1656/2734/6111 1655/2291/6112 1660/2292/6113 1659/2289/6114
f 1689/2709/6115 1688/2294/6116 1669/2376/6117 1668/2374/6118
f 1690/2295/6119 1689/2293/6120 1668/2699/6121 1667/2375/6122
f 1671/2712/6123 1670/2297/6124 1687/2352/6125 1686/2377/6126
f 1672/2298/6127 1671/2296/6128 1686/2695/6129 1685/2378/6130
f 1675/2299/6131 1674/2300/6132 1677/2697/6133 1676/2302/6134
f 1674/2711/6135 1673/2303/6136 1678/2304/6137 1677/2301/6138
f 1681/2305/6139 1680/2306/6140 1683/2693/6141 1682/2308/6142
f 1680/2710/6143 1679/2309/6144 1684/2310/6145 1683/2307/6146
f 1713/2705/6147 1712/2312/6148 1693/2355/6149 1692/2389/6150
f 1714/2313/6151 1713/2311/6152 1692/2691/6153 1691/2390/6154
f 1695/2708/6155 1694/2315/6156 1711/2356/6157 1710/2391/6158
f 1696/2316/6159 1695/2314/6160 1710/2687/6161 1709/2392/6162
f 1699/2317/6163 1698/2318/6164 1701/2689/6165 1700/2320/6166
f 1698/2707/6167 1697/2321/6168 1702/2322/6169 1701/2319/6170
f 1705/2323/6171 1704/2324/6172 1707/2685/6173 1706/2326/6174
f 1704/2706/6175 1703/2327/6176 1708/2328/6177 1707/2325/6178
f 1737/2701/6179 1736/2330/6180 1717/2357/6181 1716/2403/6182
f 1738/2331/6183 1737/2329/6184 1716/2683/6185 1715/2404/6186
f 1719/2704/6187 1718/2333/6188 1735/2358/6189 1734/2405/6190
f 1720/2334/6191 1719/2332/6192 1734/2679/6193 1733/2406/6194
f 1723/2335/6195 1722/2336/6196 1725/2681/6197 1724/2338/6198
f 1722/2703/6199 1721/2339/6200 1726/2340/6201 1725/2337/6202
f 1729/2341/6203 1728/2342/6204 1731/2677/6205 1730/2344/6206
f 1728/2702/6207 1727/2345/6208 1732/2346/6209 1731/2343/6210
f 1654/2286/6211 1649/2285/6212 1739/2347/6213 1742/2348/6214
f 1664/2276/6215 1663/2349/6216 1646/2279/6217 1645/2361/6218
f 1678/2304/6219 1673/2303/6220 1751/2350/6221 1754/2351/6222
f 1688/2294/6223 1687/2352/6224 1670/2297/6225 1669/2376/6226
f 1766/2353/6227 1763/2354/6228 1693/2355/6229 1694/2315/6230
f 1712/2312/6231 1711/2356/6232 1694/2315/6233 1693/2355/6234
f 1718/2333/6235 1717/2357/6236 1736/2330/6237 1735/2358/6238
f 1646/2279/6239 1647/2736/6240 1743/2730/6241 1742/2348/6242
f 1647/2278/6243 1648/2280/6244 1744/2365/6245 1743/2364/6246
f 1649/2285/6247 1650/2735/6248 1740/2732/6249 1739/2347/6250
f 1650/2282/6251 1651/2281/6252 1741/2367/6253 1740/2366/6254
f 1655/2291/6255 1656/2734/6256 1746/2728/6257 1745/2369/6258
f 1656/2288/6259 1657/2287/6260 1747/2370/6261 1746/2368/6262
f 1664/2276/6263 1665/2733/6264 1749/2726/6265 1748/2372/6266
f 1665/2275/6267 1666/2277/6268 1750/2373/6269 1749/2371/6270
f 1670/2297/6271 1671/2712/6272 1755/2698/6273 1754/2351/6274
f 1671/2296/6275 1672/2298/6276 1756/2380/6277 1755/2379/6278
f 1673/2303/6279 1674/2711/6280 1752/2700/6281 1751/2350/6282
f 1674/2300/6283 1675/2299/6284 1753/2382/6285 1752/2381/6286
f 1679/2309/6287 1680/2710/6288 1758/2696/6289 1757/2384/6290
f 1680/2306/6291 1681/2305/6292 1759/2385/6293 1758/2383/6294
f 1688/2294/6295 1689/2709/6296 1761/2694/6297 1760/2387/6298
f 1689/2293/6299 1690/2295/6300 1762/2388/6301 1761/2386/6302
f 1694/2315/6303 1695/2708/6304 1767/2690/6305 1766/2353/6306
f 1695/2314/6307 1696/2316/6308 1768/2394/6309 1767/2393/6310
f 1697/2321/6311 1698/2707/6312 1764/2692/6313 1763/2354/6314
f 1698/2318/6315 1699/2317/6316 1765/2396/6317 1764/2395/6318
f 1703/2327/6319 1704/2706/6320 1770/2688/6321 1769/2398/6322
f 1704/2324/6323 1705/2323/6324 1771/2399/6325 1770/2397/6326
f 1712/2312/6327 1713/2705/6328 1773/2686/6329 1772/2401/6330
f 1713/2311/6331 1714/2313/6332 1774/2402/6333 1773/2400/6334
f 1718/2333/6335 1719/2704/6336 1779/2682/6337 1778/2408/6338
f 1719/2332/6339 1720/2334/6340 1780/2409/6341 1779/2407/6342
f 1721/2339/6343 1722/2703/6344 1776/2684/6345 1775/2411/6346
f 1722/2336/6347 1723/2335/6348 1777/2412/6349 1776/2410/6350
f 1727/2345/6351 1728/2702/6352 1782/2680/6353 1781/2414/6354
f 1728/2342/6355 1729/2341/6356 1783/2415/6357 1782/2413/6358
f 1736/2330/6359 1737/2701/6360 1785/2678/6361 1784/2417/6362
f 1737/2329/6363 1738/2331/6364 1786/2418/6365 1785/2416/6366
f 1643/2360/6367 1644/2731/6368 1740/2366/6369 1741/2367/6370
f 1644/2359/6371 1645/2361/6372 1739/2347/6373 1740/2732/6374
f 1652/2284/6375 1653/2729/6376 1743/2364/6377 1744/2365/6378
f 1653/2283/6379 1654/2286/6380 1742/2348/6381 1743/2730/6382
f 1661/2363/6383 1662/2727/6384 1746/2368/6385 1747/2370/6386
f 1662/2362/6387 1663/2349/6388 1745/2369/6389 1746/2728/6390
f 1658/2290/6391 1659/2725/6392 1749/2371/6393 1750/2373/6394
f 1659/2289/6395 1660/2292/6396 1748/2372/6397 1749/2726/6398
f 1667/2375/6399 1668/2699/6400 1752/2381/6401 1753/2382/6402
f 1668/2374/6403 1669/2376/6404 1751/2350/6405 1752/2700/6406
f 1676/2302/6407 1677/2697/6408 1755/2379/6409 1756/2380/6410
f 1677/2301/6411 1678/2304/6412 1754/2351/6413 1755/2698/6414
f 1685/2378/6415 1686/2695/6416 1758/2383/6417 1759/2385/6418
f 1686/2377/6419 1687/2352/6420 1757/2384/6421 1758/2696/6422
f 1682/2308/6423 1683/2693/6424 1761/2386/6425 1762/2388/6426
f 1683/2307/6427 1684/2310/6428 1760/2387/6429 1761/2694/6430
f 1691/2390/6431 1692/2691/6432 1764/2395/6433 1765/2396/6434
f 1692/2389/6435 1693/2355/6436 1763/2354/6437 1764/2692/6438
f 1700/2320/6439 1701/2689/6440 1767/2393/6441 1768/2394/6442
f 1701/2319/6443 1702/2322/6444 1766/2353/6445 1767/2690/6446
f 1709/2392/6447 1710/2687/6448 1770/2397/6449 1771/2399/6450
f 1710/2391/6451 1711/2356/6452 1769/2398/6453 1770/2688/6454
f 1706/2326/6455 1707/2685/6456 1773/2400/6457 1774/2402/6458
f 1707/2325/6459 1708/2328/6460 1772/2401/6461 1773/2686/6462
f 1715/2404/6463 1716/2683/6464 1776/2410/6465 1777/2412/6466
f 1716/2403/6467 1717/2357/6468 1775/2411/6469 1776/2684/6470
f 1724/2338/6471 1725/2681/6472 1779/2407/6473 1780/2409/6474
f 1725/2337/6475 1726/2340/6476 1778/2408/6477 1779/2682/6478
f 1733/2406/6479 1734/2679/6480 1782/2413/6481 1783/2415/6482
f 1734/2405/6483 1735/2358/6484 1781/2414/6485 1782/2680/6486
f 1730/2344/6487 1731/2677/6488 1785/2416/6489 1786/2418/6490
f 1731/2343/6491 1732/2346/6492 1784/2417/6493 1785/2678/6494
f 1806/2420/6495 1803/2419/6496 1858/2429/6497 1861/2430/6498
f 1619/2254/6499 1843/2421/6500 1855/2422/6501 1634/2267/6502
f 1846/2423/6503 1864/2424/6504 1855/2422/6505 1843/2421/6506
f 1627/2262/6507 1849/2425/6508 1828/2426/6509 1610/2241/6510
f 1852/2427/6511 1837/2428/6512 1828/2426/6513 1849/2425/6514
s 1
f 1611/2245/6515 1641/2244/6516 1831/2431/6517 1911/2621/6518
f 1834/2432/6519 1642/2247/6520 1614/2246/6521 1943/2582/6522
s 2
f 1840/2433/6523 1618/2251/6524 1605/2234/6525
f 1623/2258/6526 1809/2434/6527 1601/2237/6528
s off
f 1666/2277/6529 1643/2360/6530 1830/2435/6531 1839/2442/6532
f 1833/2436/6533 1648/2280/6534 1661/2363/6535 1836/2441/6536
f 1652/2284/6537 1815/2437/6538 1813/2438/6539 1651/2281/6540
f 1658/2290/6541 1790/2439/6542 1788/2440/6543 1657/2287/6544
f 1690/2295/6545 1667/2375/6546 1842/2443/6547 1811/2450/6548
f 1845/2444/6549 1672/2298/6550 1685/2378/6551 1848/2449/6552
f 1676/2302/6553 1827/2445/6554 1825/2446/6555 1675/2299/6556
f 1682/2308/6557 1794/2447/6558 1792/2448/6559 1681/2305/6560
f 1714/2313/6561 1691/2390/6562 1805/2451/6563 1808/2458/6564
f 1851/2452/6565 1696/2316/6566 1709/2392/6567 1854/2457/6568
f 1700/2320/6569 1819/2453/6570 1817/2454/6571 1699/2317/6572
f 1706/2326/6573 1798/2455/6574 1796/2456/6575 1705/2323/6576
f 1738/2331/6577 1715/2404/6578 1857/2459/6579 1866/2466/6580
f 1860/2460/6581 1720/2334/6582 1733/2406/6583 1863/2465/6584
f 1724/2338/6585 1823/2461/6586 1821/2462/6587 1723/2335/6588
f 1730/2344/6589 1802/2463/6590 1800/2464/6591 1729/2341/6592
f 1813/2438/6593 1868/2467/6594 1741/2367/6595 1651/2281/6596
f 1868/2467/6597 1830/2435/6598 1643/2360/6599 1741/2367/6600
f 1833/2436/6601 1870/2468/6602 1744/2365/6603 1648/2280/6604
f 1870/2468/6605 1815/2437/6606 1652/2284/6607 1744/2365/6608
f 1788/2440/6609 1872/2469/6610 1747/2370/6611 1657/2287/6612
f 1872/2469/6613 1836/2441/6614 1661/2363/6615 1747/2370/6616
f 1839/2442/6617 1874/2470/6618 1750/2373/6619 1666/2277/6620
f 1874/2470/6621 1790/2439/6622 1658/2290/6623 1750/2373/6624
f 1825/2446/6625 1876/2471/6626 1753/2382/6627 1675/2299/6628
f 1876/2471/6629 1842/2443/6630 1667/2375/6631 1753/2382/6632
f 1845/2444/6633 1878/2472/6634 1756/2380/6635 1672/2298/6636
f 1878/2472/6637 1827/2445/6638 1676/2302/6639 1756/2380/6640
f 1792/2448/6641 1880/2473/6642 1759/2385/6643 1681/2305/6644
f 1880/2473/6645 1848/2449/6646 1685/2378/6647 1759/2385/6648
f 1811/2450/6649 1882/2474/6650 1762/2388/6651 1690/2295/6652
f 1882/2474/6653 1794/2447/6654 1682/2308/6655 1762/2388/6656
f 1817/2454/6657 1884/2475/6658 1765/2396/6659 1699/2317/6660
f 1884/2475/6661 1805/2451/6662 1691/2390/6663 1765/2396/6664
f 1851/2452/6665 1886/2476/6666 1768/2394/6667 1696/2316/6668
f 1886/2476/6669 1819/2453/6670 1700/2320/6671 1768/2394/6672
f 1796/2456/6673 1888/2477/6674 1771/2399/6675 1705/2323/6676
f 1888/2477/6677 1854/2457/6678 1709/2392/6679 1771/2399/6680
f 1808/2458/6681 1890/2478/6682 1774/2402/6683 1714/2313/6684
f 1890/2478/6685 1798/2455/6686 1706/2326/6687 1774/2402/6688
f 1821/2462/6689 1892/2479/6690 1777/2412/6691 1723/2335/6692
f 1892/2479/6693 1857/2459/6694 1715/2404/6695 1777/2412/6696
f 1860/2460/6697 1894/2480/6698 1780/2409/6699 1720/2334/6700
f 1894/2480/6701 1823/2461/6702 1724/2338/6703 1780/2409/6704
f 1800/2464/6705 1896/2481/6706 1783/2415/6707 1729/2341/6708
f 1896/2481/6709 1863/2465/6710 1733/2406/6711 1783/2415/6712
f 1866/2466/6713 1898/2482/6714 1786/2418/6715 1738/2331/6716
f 1898/2482/6717 1802/2463/6718 1730/2344/6719 1786/2418/6720
f 1613/2248/6721 1787/2483/6722 1789/2724/6723 1616/2249/6724
f 1787/2715/6725 1788/2440/6726 1790/2439/6727 1789/2484/6728
f 1616/2249/6729 1789/2724/6730 1873/2714/6731 1615/2250/6732
f 1789/2484/6733 1790/2439/6734 1874/2470/6735 1873/2485/6736
f 1621/2256/6737 1791/2486/6738 1793/2676/6739 1624/2257/6740
f 1791/2659/6741 1792/2448/6742 1794/2447/6743 1793/2487/6744
f 1624/2257/6745 1793/2676/6746 1881/2658/6747 1623/2258/6748
f 1793/2487/6749 1794/2447/6750 1882/2474/6751 1881/2488/6752
f 1629/2264/6753 1795/2489/6754 1797/2675/6755 1632/2265/6756
f 1795/2651/6757 1796/2456/6758 1798/2455/6759 1797/2490/6760
f 1632/2265/6761 1797/2675/6762 1889/2650/6763 1631/2266/6764
f 1797/2490/6765 1798/2455/6766 1890/2478/6767 1889/2491/6768
f 1637/2272/6769 1799/2492/6770 1801/2674/6771 1640/2273/6772
f 1799/2643/6773 1800/2464/6774 1802/2463/6775 1801/2493/6776
f 1640/2273/6777 1801/2674/6778 1897/2642/6779 1639/2274/6780
f 1801/2493/6781 1802/2463/6782 1898/2482/6783 1897/2494/6784
f 1804/2673/6785 1803/2419/6786 1806/2420/6787 1807/2497/6788
f 1805/2451/6789 1804/2495/6790 1807/2649/6791 1808/2458/6792
f 1803/2419/6793 1804/2673/6794 1883/2656/6795 1626/2259/6796
f 1804/2495/6797 1805/2451/6798 1884/2475/6799 1883/2496/6800
f 1841/2669/6801 1840/2433/6802 1809/2434/6803 1810/2499/6804
f 1842/2443/6805 1841/2498/6806 1810/2657/6807 1811/2450/6808
f 1609/2242/6809 1812/2500/6810 1814/2723/6811 1612/2243/6812
f 1812/2719/6813 1813/2438/6814 1815/2437/6815 1814/2501/6816
f 1612/2243/6817 1814/2723/6818 1869/2718/6819 1641/2244/6820
f 1814/2501/6821 1815/2437/6822 1870/2468/6823 1869/2502/6824
f 1625/2260/6825 1816/2503/6826 1818/2672/6827 1628/2261/6828
f 1816/2655/6829 1817/2454/6830 1819/2453/6831 1818/2504/6832
f 1628/2261/6833 1818/2672/6834 1885/2654/6835 1627/2262/6836
f 1818/2504/6837 1819/2453/6838 1886/2476/6839 1885/2505/6840
f 1633/2268/6841 1820/2506/6842 1822/2671/6843 1636/2269/6844
f 1820/2647/6845 1821/2462/6846 1823/2461/6847 1822/2507/6848
f 1636/2269/6849 1822/2671/6850 1893/2646/6851 1635/2270/6852
f 1822/2507/6853 1823/2461/6854 1894/2480/6855 1893/2508/6856
f 1617/2252/6857 1824/2509/6858 1826/2670/6859 1620/2253/6860
f 1824/2663/6861 1825/2446/6862 1827/2445/6863 1826/2510/6864
f 1620/2253/6865 1826/2670/6866 1877/2662/6867 1619/2254/6868
f 1826/2510/6869 1827/2445/6870 1878/2472/6871 1877/2511/6872
f 1829/2722/6873 1828/2426/6874 1837/2428/6875 1838/2517/6876
f 1830/2435/6877 1829/2512/6878 1838/2713/6879 1839/2442/6880
f 1828/2426/6881 1829/2722/6882 1867/2720/6883 1610/2241/6884
f 1829/2512/6885 1830/2435/6886 1868/2467/6887 1867/2513/6888
f 1835/2721/6889 1834/2432/6890 1831/2431/6891 1832/2515/6892
f 1833/2436/6893 1836/2441/6894 1835/2514/6895 1832/2717/6896
f 1834/2432/6897 1835/2721/6898 1871/2716/6899 1642/2247/6900
f 1835/2514/6901 1836/2441/6902 1872/2469/6903 1871/2516/6904
f 1840/2433/6905 1841/2669/6906 1875/2664/6907 1618/2251/6908
f 1841/2498/6909 1842/2443/6910 1876/2471/6911 1875/2518/6912
f 1847/2668/6913 1846/2423/6914 1843/2421/6915 1844/2520/6916
f 1845/2444/6917 1848/2449/6918 1847/2519/6919 1844/2661/6920
f 1846/2423/6921 1847/2668/6922 1879/2660/6923 1622/2255/6924
f 1847/2519/6925 1848/2449/6926 1880/2473/6927 1879/2521/6928
f 1853/2667/6929 1852/2427/6930 1849/2425/6931 1850/2523/6932
f 1851/2452/6933 1854/2457/6934 1853/2522/6935 1850/2653/6936
f 1852/2427/6937 1853/2667/6938 1887/2652/6939 1630/2263/6940
f 1853/2522/6941 1854/2457/6942 1888/2477/6943 1887/2524/6944
f 1856/2666/6945 1855/2422/6946 1864/2424/6947 1865/2530/6948
f 1857/2459/6949 1856/2525/6950 1865/2641/6951 1866/2466/6952
f 1855/2422/6953 1856/2666/6954 1891/2648/6955 1634/2267/6956
f 1856/2525/6957 1857/2459/6958 1892/2479/6959 1891/2526/6960
f 1862/2665/6961 1861/2430/6962 1858/2429/6963 1859/2528/6964
f 1860/2460/6965 1863/2465/6966 1862/2527/6967 1859/2645/6968
f 1861/2430/6969 1862/2665/6970 1895/2644/6971 1638/2271/6972
f 1862/2527/6973 1863/2465/6974 1896/2481/6975 1895/2529/6976
f 1813/2438/6977 1812/2719/6978 1867/2513/6979 1868/2467/6980
f 1812/2500/6981 1609/2242/6982 1610/2241/6983 1867/2720/6984
f 1833/2436/6985 1832/2717/6986 1869/2502/6987 1870/2468/6988
f 1832/2515/6989 1831/2431/6990 1641/2244/6991 1869/2718/6992
f 1788/2440/6993 1787/2715/6994 1871/2516/6995 1872/2469/6996
f 1787/2483/6997 1613/2248/6998 1642/2247/6999 1871/2716/7000
f 1839/2442/7001 1838/2713/7002 1873/2485/7003 1874/2470/7004
f 1838/2517/7005 1837/2428/7006 1615/2250/7007 1873/2714/7008
f 1825/2446/7009 1824/2663/7010 1875/2518/7011 1876/2471/7012
f 1824/2509/7013 1617/2252/7014 1618/2251/7015 1875/2664/7016
f 1845/2444/7017 1844/2661/7018 1877/2511/7019 1878/2472/7020
f 1844/2520/7021 1843/2421/7022 1619/2254/7023 1877/2662/7024
f 1792/2448/7025 1791/2659/7026 1879/2521/7027 1880/2473/7028
f 1791/2486/7029 1621/2256/7030 1622/2255/7031 1879/2660/7032
f 1811/2450/7033 1810/2657/7034 1881/2488/7035 1882/2474/7036
f 1810/2499/7037 1809/2434/7038 1623/2258/7039 1881/2658/7040
f 1817/2454/7041 1816/2655/7042 1883/2496/7043 1884/2475/7044
f 1816/2503/7045 1625/2260/7046 1626/2259/7047 1883/2656/7048
f 1851/2452/7049 1850/2653/7050 1885/2505/7051 1886/2476/7052
f 1850/2523/7053 1849/2425/7054 1627/2262/7055 1885/2654/7056
f 1796/2456/7057 1795/2651/7058 1887/2524/7059 1888/2477/7060
f 1795/2489/7061 1629/2264/7062 1630/2263/7063 1887/2652/7064
f 1808/2458/7065 1807/2649/7066 1889/2491/7067 1890/2478/7068
f 1807/2497/7069 1806/2420/7070 1631/2266/7071 1889/2650/7072
f 1821/2462/7073 1820/2647/7074 1891/2526/7075 1892/2479/7076
f 1820/2506/7077 1633/2268/7078 1634/2267/7079 1891/2648/7080
f 1860/2460/7081 1859/2645/7082 1893/2508/7083 1894/2480/7084
f 1859/2528/7085 1858/2429/7086 1635/2270/7087 1893/2646/7088
f 1800/2464/7089 1799/2643/7090 1895/2529/7091 1896/2481/7092
f 1799/2492/7093 1637/2272/7094 1638/2271/7095 1895/2644/7096
f 1866/2466/7097 1865/2641/7098 1897/2494/7099 1898/2482/7100
f 1865/2530/7101 1864/2424/7102 1639/2274/7103 1897/2642/7104
f 1901/2531/7105 1900/2532/7106 1903/2638/7107 1902/2534/7108
f 1900/2639/7109 1899/2535/7110 1904/2740/7111 1903/2742/7112
f 1909/2631/7113 1908/2538/7114 1948/2555/7115 1949/2630/7116
f 1910/2539/7117 1909/2537/7118 1949/2554/7119 1950/2557/7120
f 1935/2540/7121 1934/2541/7122 1937/2632/7123 1936/2543/7124
f 1934/2634/7125 1933/2544/7126 1938/2545/7127 1937/2542/7128
f 1941/2546/7129 1940/2547/7130 1961/2626/7131 1960/2549/7132
f 1940/2640/7133 1942/2550/7134 1962/2551/7135 1961/2548/7136
f 1947/2552/7137 1946/2553/7138 1949/2630/7139 1948/2555/7140
f 1946/2629/7141 1945/2556/7142 1950/2557/7143 1949/2554/7144
f 1964/2618/7145 1963/2559/7146 1979/2595/7147 1980/2622/7148
f 1965/2560/7149 1964/2558/7150 1980/2617/7151 1981/2593/7152
f 1902/2534/7153 1601/2237/7154 1602/2238/7155 1901/2531/7156
f 1908/2538/7157 1907/2561/7158 1944/2573/7159 1948/2555/7160
f 1912/2562/7161 1913/2563/7162 1917/2564/7163 1914/2565/7164
f 1920/2741/7165 1921/2567/7166 1925/2568/7167 1922/2569/7168
f 1921/2567/7169 1928/2570/7170 1929/2571/7171 1925/2568/7172
f 1928/2570/7173 1932/2572/7174 1933/2544/7175 1929/2571/7176
f 1932/2572/7177 1907/2561/7178 1938/2545/7179 1933/2544/7180
f 1944/2573/7181 1947/2552/7182 1948/2555/7183
f 1944/2573/7184 1951/2574/7185 1952/2575/7186 1947/2552/7187
f 1951/2574/7188 1955/2576/7189 1956/2577/7190 1952/2575/7191
f 1955/2576/7192 1905/2578/7193 1899/2535/7194 1956/2577/7195
f 1905/2578/7196 1906/2579/7197 1904/2740/7198 1899/2535/7199
f 1959/2580/7200 1939/2581/7201 1941/2546/7202 1960/2549/7203
f 1942/2550/7204 1943/2582/7205 1614/2246/7206 1962/2551/7207
f 1958/2583/7208 1603/2239/7209 1604/2240/7210 1954/2584/7211
f 1901/2531/7212 1602/2238/7213 1603/2239/7214 1958/2583/7215
f 1608/2235/7216 1910/2539/7217 1950/2557/7218 1604/2240/7219
f 1954/2584/7220 1604/2240/7221 1950/2557/7222 1945/2556/7223
f 1638/2271/7224 1637/2272/7225 1632/2265/7226 1631/2266/7227
f 1963/2559/7228 1966/2585/7229 1982/2594/7230 1979/2595/7231
f 1983/2596/7232 1967/2586/7233 1968/2587/7234 1984/2597/7235
f 1971/2588/7236 1624/2257/7237 1623/2258/7238
f 1906/2739/7239 1974/2589/7240 1973/2590/7241 1904/2536/7242
f 1976/2591/7243 1975/2592/7244 1920/2566/7245 1922/2737/7246
f 1962/2551/7247 1616/2249/7248 1629/2264/7249 1981/2593/7250
f 1982/2594/7251 1959/2580/7252 1960/2549/7253 1979/2595/7254
f 1917/2564/7255 1913/2563/7256 1983/2596/7257 1984/2597/7258
f 1965/2560/7259 1640/2273/7260 1621/2256/7261 1971/2588/7262
f 1974/2589/7263 1966/2585/7264 1963/2559/7265 1973/2590/7266
f 1968/2587/7267 1967/2586/7268 1975/2592/7269 1976/2591/7270
f 1927/2598/7271 1606/2233/7272 1605/2234/7273 1924/2599/7274
f 1931/2600/7275 1607/2236/7276 1606/2233/7277 1927/2598/7278
f 1935/2540/7279 1608/2235/7280 1607/2236/7281 1931/2600/7282
f 1936/2543/7283 1910/2539/7284 1608/2235/7285 1935/2540/7286
f 1907/2561/7287 1908/2538/7288 1938/2545/7289
f 1919/2601/7290 1612/2243/7291 1611/2245/7292
f 1986/2602/7293 1628/2261/7294 1609/2242/7295 1919/2601/7296
f 1626/2259/7297 1625/2260/7298 1636/2269/7299 1635/2270/7300
f 1978/2603/7301 1620/2253/7302 1633/2268/7303 1970/2604/7304
f 1924/2599/7305 1605/2234/7306 1618/2251/7307 1978/2603/7308
f 1919/2601/7309 1609/2242/7310 1612/2243/7311
f 1986/2602/7312 1625/2260/7313 1628/2261/7314
f 1970/2604/7315 1633/2268/7316 1636/2269/7317
f 1899/2535/7318 1900/2639/7319 1957/2628/7320 1956/2577/7321
f 1900/2532/7322 1901/2531/7323 1958/2583/7324 1957/2605/7325
f 1902/2534/7326 1903/2638/7327 1972/2625/7328 1971/2588/7329
f 1903/2533/7330 1904/2536/7331 1973/2590/7332 1972/2606/7333
f 1916/2607/7334 1915/2608/7335 1918/2623/7336 1919/2601/7337
f 1915/2637/7338 1914/2565/7339 1917/2564/7340 1918/2609/7341
f 1922/2737/7342 1923/2738/7343 1977/2624/7344 1976/2591/7345
f 1923/2636/7346 1924/2599/7347 1978/2603/7348 1977/2611/7349
f 1924/2599/7350 1923/2636/7351 1926/2635/7352 1927/2598/7353
f 1923/2610/7354 1922/2569/7355 1925/2568/7356 1926/2612/7357
f 1927/2598/7358 1926/2635/7359 1930/2633/7360 1931/2600/7361
f 1926/2612/7362 1925/2568/7363 1929/2571/7364 1930/2613/7365
f 1931/2600/7366 1930/2633/7367 1934/2541/7368 1935/2540/7369
f 1930/2613/7370 1929/2571/7371 1933/2544/7372 1934/2634/7373
f 1908/2538/7374 1909/2631/7375 1937/2542/7376 1938/2545/7377
f 1909/2537/7378 1910/2539/7379 1936/2543/7380 1937/2632/7381
f 1945/2556/7382 1946/2629/7383 1953/2627/7384 1954/2584/7385
f 1946/2553/7386 1947/2552/7387 1952/2575/7388 1953/2614/7389
f 1954/2584/7390 1953/2627/7391 1957/2605/7392 1958/2583/7393
f 1953/2614/7394 1952/2575/7395 1956/2577/7396 1957/2628/7397
f 1985/2620/7398 1984/2597/7399 1968/2587/7400 1969/2616/7401
f 1986/2602/7402 1985/2615/7403 1969/2619/7404 1970/2604/7405
f 1960/2549/7406 1961/2626/7407 1980/2622/7408 1979/2595/7409
f 1961/2548/7410 1962/2551/7411 1981/2593/7412 1980/2617/7413
f 1971/2588/7414 1972/2625/7415 1964/2558/7416 1965/2560/7417
f 1972/2606/7418 1973/2590/7419 1963/2559/7420 1964/2618/7421
f 1976/2591/7422 1977/2624/7423 1969/2616/7424 1968/2587/7425
f 1977/2611/7426 1978/2603/7427 1970/2604/7428 1969/2619/7429
f 1919/2601/7430 1918/2623/7431 1985/2615/7432 1986/2602/7433
f 1918/2609/7434 1917/2564/7435 1984/2597/7436 1985/2620/7437
f 1971/2588/7438 1621/2256/7439 1624/2257/7440
f 1621/2256/7441 1640/2273/7442 1639/2274/7443 1622/2255/7444
f 1965/2560/7445 1637/2272/7446 1640/2273/7447
f 1637/2272/7448 1965/2560/7449 1981/2593/7450 1632/2265/7451
f 1981/2593/7452 1629/2264/7453 1632/2265/7454
f 1629/2264/7455 1616/2249/7456 1615/2250/7457 1630/2263/7458
f 1962/2551/7459 1613/2248/7460 1616/2249/7461
f 1852/2427/7462 1630/2263/7463 1615/2250/7464 1837/2428/7465
f 1609/2242/7466 1628/2261/7467 1627/2262/7468 1610/2241/7469
f 1625/2260/7470 1986/2602/7471 1970/2604/7472 1636/2269/7473
f 1978/2603/7474 1617/2252/7475 1620/2253/7476
f 1633/2268/7477 1620/2253/7478 1619/2254/7479 1634/2267/7480
f 1803/2419/7481 1626/2259/7482 1635/2270/7483 1858/2429/7484
f 1806/2420/7485 1861/2430/7486 1638/2271/7487 1631/2266/7488
f 1846/2423/7489 1622/2255/7490 1639/2274/7491 1864/2424/7492
f 1978/2603/7493 1618/2251/7494 1617/2252/7495
f 1971/2588/7496 1623/2258/7497 1601/2237/7498 1902/2534/7499
f 1962/2551/7500 1614/2246/7501 1613/2248/7502
f 1919/2601/7503 1611/2245/7504 1911/2621/7505 1916/2607/7506
f 1772/2401/7507 1769/2398/7508 1711/2356/7509 1712/2312/7510
f 1703/2327/7511 1769/2398/7512 1772/2401/7513 1708/2328/7514
f 1748/2372/7515 1745/2369/7516 1663/2349/7517 1664/2276/7518
f 1655/2291/7519 1745/2369/7520 1748/2372/7521 1660/2292/7522
f 1702/2322/7523 1697/2321/7524 1763/2354/7525 1766/2353/7526
f 1742/2348/7527 1739/2347/7528 1645/2361/7529 1646/2279/7530
f 1754/2351/7531 1751/2350/7532 1669/2376/7533 1670/2297/7534
f 1726/2340/7535 1721/2339/7536 1775/2411/7537 1778/2408/7538
f 1778/2408/7539 1775/2411/7540 1717/2357/7541 1718/2333/7542
f 1760/2387/7543 1757/2384/7544 1687/2352/7545 1688/2294/7546
f 1679/2309/7547 1757/2384/7548 1760/2387/7549 1684/2310/7550
f 1784/2417/7551 1781/2414/7552 1735/2358/7553 1736/2330/7554
f 1727/2345/7555 1781/2414/7556 1784/2417/7557 1732/2346/7558
s 1
f 1831/2431/6517 1834/2432/6519 1943/2582/6522 1911/2621/6518
s 2
f 1840/2433/6523 1605/2234/6525 1601/2237/6528 1809/2434/6527
g default
v -507.184174 355.287537 308.219116
v -507.263275 356.292053 307.803040
v -507.295990 356.708130 306.798523
v -461.894440 356.708130 306.798523
v -461.935394 356.292053 307.803040
v -462.034332 355.287537 308.219116
v -507.295990 356.708130 295.425659
v -461.894440 356.708130 295.425659
v -534.531494 254.186493 295.426331
v -461.894440 254.186493 295.425659
v -534.531494 254.186493 306.798523
v -534.490479 254.602570 307.803040
v -534.391602 255.607086 308.219116
v -462.021515 255.608978 308.219116
v -461.931671 254.603119 307.802795
v -461.894440 254.186493 306.797852
v -452.815948 347.629669 295.425659
v -452.815948 263.264984 295.426208
v -454.238129 347.500885 308.219116
v -453.232513 347.591949 307.802856
v -452.815948 347.629669 306.797913
v -452.815948 263.264984 306.798523
v -453.232025 263.305969 307.803040
v -454.236542 263.404907 308.219116
v -543.609985 320.394165 306.798523
v -543.193970 320.361420 307.803040
v -542.189453 320.282349 308.219116
v -542.189453 263.404907 308.219116
v -543.193970 263.305969 307.803040
v -543.609985 263.264984 306.798523
v -543.609985 320.394165 295.425659
v -543.609985 263.264984 295.425659
v -541.832642 331.615814 306.798523
v -541.432007 331.485626 307.803040
v -540.464722 331.171356 308.219116
v -541.832642 331.615814 295.425659
v -536.674683 341.738983 306.798523
v -536.333862 341.491364 307.803040
v -535.510986 340.893555 308.219116
v -536.674683 341.738983 295.425659
v -528.640869 349.772797 306.798523
v -528.393188 349.431976 307.803040
v -527.795410 348.609192 308.219116
v -528.640869 349.772797 295.425659
v -518.517700 354.930817 306.798523
v -518.387451 354.530151 307.803040
v -518.073242 353.562897 308.219116
v -518.517700 354.930817 295.425659
v -458.420258 356.017090 306.798462
v -458.586090 355.627045 307.803040
v -458.986481 354.685364 308.219116
v -458.420258 356.017090 295.425659
v -455.474945 354.049133 306.798462
v -455.777191 353.751923 307.803040
v -456.506866 353.034424 308.219116
v -455.474945 354.049133 295.425659
v -453.506989 351.103821 306.798462
v -453.899872 350.944672 307.803040
v -454.848480 350.560486 308.219116
v -453.506989 351.103821 295.425659
v -538.005737 254.877563 306.798523
v -537.843384 255.269501 307.803040
v -537.451416 256.215729 308.219116
v -538.005737 254.877563 295.425659
v -540.951050 256.845520 306.798523
v -540.651001 257.145508 307.803040
v -539.926758 257.869720 308.219116
v -540.951050 256.845520 295.425659
v -542.918945 259.790802 306.798523
v -542.526978 259.953156 307.803040
v -541.580811 260.345093 308.219116
v -542.918945 259.790802 295.425659
v -453.506989 259.790802 306.798523
v -453.898956 259.953156 307.803040
v -454.845184 260.345093 308.219116
v -453.506989 259.790802 295.425659
v -455.474945 256.845520 306.798462
v -455.771698 257.148132 307.803040
v -456.488129 257.878693 308.219116
v -455.474945 256.845520 295.425659
v -458.420258 254.877563 306.798462
v -458.578888 255.270630 307.803040
v -458.961884 256.219543 308.219116
v -458.420258 254.877563 295.425659
vt 0.618025 0.634294
vt 0.061154 0.748018
vt 0.061258 0.746388
vt 0.601509 0.634292
vt 0.129454 0.746302
vt 0.129596 0.747933
vt 0.601520 0.568359
vt 0.618035 0.568362
vt 0.601561 0.299208
vt 0.617995 0.820331
vt 0.061380 0.744755
vt 0.129286 0.744670
vt 0.020948 0.595025
vt 0.020790 0.593393
vt 0.129383 0.593792
vt 0.618060 0.404694
vt 0.601546 0.404692
vt 0.129232 0.595426
vt 0.601542 0.425268
vt 0.618057 0.425271
vt 0.618038 0.547786
vt 0.020661 0.591761
vt 0.129514 0.592162
vt 0.601523 0.547783
vt 0.144212 0.733279
vt 0.142582 0.733145
vt 0.142451 0.606975
vt 0.144081 0.606830
vt 0.140949 0.732987
vt 0.140819 0.607150
vt 0.617999 0.799754
vt 0.601483 0.799752
vt 0.601496 0.716788
vt 0.618012 0.716791
vt 0.601499 0.700289
vt 0.618015 0.700292
vt 0.601501 0.683790
vt 0.618017 0.683792
vt 0.601504 0.667291
vt 0.618020 0.667293
vt 0.601506 0.650791
vt 0.618022 0.650794
vt 0.601520 0.563215
vt 0.618036 0.563218
vt 0.601521 0.558071
vt 0.618037 0.558074
vt 0.601522 0.552927
vt 0.618038 0.552930
vt 0.601481 0.815184
vt 0.617997 0.815186
vt 0.601482 0.810040
vt 0.617997 0.810042
vt 0.601483 0.804896
vt 0.617998 0.804898
vt 0.601543 0.420124
vt 0.618058 0.420127
vt 0.601543 0.414980
vt 0.618059 0.414983
vt 0.601544 0.409836
vt 0.618060 0.409838
vt 0.008648 0.692281
vt 0.007015 0.692397
vt 0.007645 0.606474
vt 0.009275 0.606671
vt 0.005382 0.692491
vt 0.006019 0.606306
vt 0.010272 0.602089
vt 0.139850 0.602564
vt 0.134487 0.745255
vt 0.135147 0.746749
vt 0.133825 0.743756
vt 0.015776 0.594409
vt 0.015152 0.592928
vt 0.016413 0.595921
vt 0.141356 0.601907
vt 0.142848 0.601239
vt 0.009834 0.709167
vt 0.008289 0.709686
vt 0.011395 0.708643
vt 0.017560 0.724197
vt 0.016238 0.725162
vt 0.018891 0.723224
vt 0.029516 0.736118
vt 0.028554 0.737442
vt 0.030485 0.734782
vt 0.044542 0.743755
vt 0.044036 0.745312
vt 0.045050 0.742188
vt 0.138671 0.742421
vt 0.139835 0.743564
vt 0.137497 0.741271
vt 0.141490 0.738204
vt 0.142965 0.738843
vt 0.139979 0.737560
vt 0.011599 0.597219
vt 0.010460 0.596049
vt 0.012758 0.598388
vt 0.008771 0.601421
vt 0.007285 0.600742
vt 0.138555 0.597686
vt 0.139696 0.596518
vt 0.137401 0.598858
vt 0.134392 0.594845
vt 0.135017 0.593365
vt 0.133761 0.596358
vt 0.601480 0.820328
vt 0.618076 0.299210
vn 0.000000 0.923882 0.382678
vn 0.000000 0.923882 0.382678
vn 0.000000 0.923882 0.382678
vn 0.000000 0.923882 0.382678
vn 0.000000 0.382676 0.923883
vn 0.000000 0.382676 0.923883
vn 0.000000 0.382676 0.923883
vn 0.000000 0.382676 0.923883
vn 0.000008 -0.382537 0.923940
vn 0.000008 -0.382537 0.923940
vn 0.000008 -0.382537 0.923940
vn 0.000008 -0.382537 0.923940
vn 0.000006 -0.923822 0.382822
vn 0.000006 -0.923822 0.382822
vn 0.000006 -0.923822 0.382822
vn 0.000006 -0.923822 0.382822
vn 0.923832 0.000004 0.382798
vn 0.923832 0.000004 0.382798
vn 0.923832 0.000004 0.382798
vn 0.923832 0.000004 0.382798
vn 0.382579 0.000006 0.923923
vn 0.382579 0.000006 0.923923
vn 0.382579 0.000006 0.923923
vn 0.382579 0.000006 0.923923
vn -0.382687 0.000000 0.923878
vn -0.382687 0.000000 0.923878
vn -0.382687 0.000000 0.923878
vn -0.382687 0.000000 0.923878
vn -0.923881 0.000000 0.382680
vn -0.923881 0.000000 0.382680
vn -0.923881 0.000000 0.382680
vn -0.923881 0.000000 0.382680
vn 0.000000 1.000000 0.000000
vn 0.000000 1.000000 0.000000
vn 0.000000 1.000000 0.000000
vn 0.000000 1.000000 0.000000
vn 0.000000 -1.000000 0.000000
vn 0.000000 -1.000000 0.000000
vn 0.000000 -1.000000 0.000000
vn 0.000000 -1.000000 0.000000
vn 1.000000 0.000000 0.000000
vn 1.000000 0.000000 0.000000
vn 1.000000 0.000000 0.000000
vn 1.000000 0.000000 0.000000
vn -1.000000 0.000000 0.000000
vn -1.000000 0.000000 0.000000
vn -1.000000 0.000000 0.000000
vn -1.000000 0.000000 0.000000
vn -0.987688 0.156434 0.000000
vn -0.987688 0.156434 0.000000
vn -0.987688 0.156434 0.000000
vn -0.987688 0.156434 0.000000
vn -0.891007 0.453989 0.000000
vn -0.891007 0.453989 0.000000
vn -0.891007 0.453989 0.000000
vn -0.891007 0.453989 0.000000
vn -0.707106 0.707108 0.000000
vn -0.707106 0.707108 0.000000
vn -0.707106 0.707108 0.000000
vn -0.707106 0.707108 0.000000
vn -0.453991 0.891006 0.000000
vn -0.453991 0.891006 0.000000
vn -0.453991 0.891006 0.000000
vn -0.453991 0.891006 0.000000
vn -0.156432 0.987689 0.000000
vn -0.156432 0.987689 0.000000
vn -0.156432 0.987689 0.000000
vn -0.156432 0.987689 0.000000
vn 0.195084 0.980787 0.000000
vn 0.195084 0.980787 0.000000
vn 0.195084 0.980787 0.000000
vn 0.195084 0.980787 0.000000
vn 0.555568 0.831471 0.000000
vn 0.555568 0.831471 0.000000
vn 0.555568 0.831471 0.000000
vn 0.555568 0.831471 0.000000
vn 0.831474 0.555564 0.000000
vn 0.831474 0.555564 0.000000
vn 0.831474 0.555564 0.000000
vn 0.831474 0.555564 0.000000
vn 0.980786 0.195087 0.000000
vn 0.980786 0.195087 0.000000
vn 0.980786 0.195087 0.000000
vn 0.980786 0.195087 0.000000
vn -0.195093 -0.980785 0.000000
vn -0.195093 -0.980785 0.000000
vn -0.195093 -0.980785 0.000000
vn -0.195093 -0.980785 0.000000
vn -0.555563 -0.831475 0.000000
vn -0.555563 -0.831475 0.000000
vn -0.555563 -0.831475 0.000000
vn -0.555563 -0.831475 0.000000
vn -0.831471 -0.555568 0.000000
vn -0.831471 -0.555568 0.000000
vn -0.831471 -0.555568 0.000000
vn -0.831471 -0.555568 0.000000
vn -0.980787 -0.195080 0.000000
vn -0.980787 -0.195080 0.000000
vn -0.980787 -0.195080 0.000000
vn -0.980787 -0.195080 0.000000
vn 0.980786 -0.195085 0.000000
vn 0.980786 -0.195085 0.000000
vn 0.980786 -0.195085 0.000000
vn 0.980786 -0.195085 0.000000
vn 0.831471 -0.555568 0.000000
vn 0.831471 -0.555568 0.000000
vn 0.831471 -0.555568 0.000000
vn 0.831471 -0.555568 0.000000
vn 0.555567 -0.831472 0.000000
vn 0.555567 -0.831472 0.000000
vn 0.555567 -0.831472 0.000000
vn 0.555567 -0.831472 0.000000
vn 0.195093 -0.980785 0.000000
vn 0.195093 -0.980785 0.000000
vn 0.195093 -0.980785 0.000000
vn 0.195093 -0.980785 0.000000
vn 0.000000 0.000000 1.000000
vn 0.000000 0.000000 1.000000
vn 0.000000 0.000000 1.000000
vn 0.000000 0.000000 1.000000
vn 0.180121 0.906357 0.382195
vn 0.180121 0.906357 0.382195
vn 0.180121 0.906357 0.382195
vn 0.180121 0.906357 0.382195
vn 0.074456 0.375829 0.923693
vn 0.074456 0.375829 0.923693
vn 0.074456 0.375829 0.923693
vn 0.074456 0.375829 0.923693
vn -0.180243 -0.906128 0.382680
vn -0.180243 -0.906128 0.382680
vn -0.180243 -0.906128 0.382680
vn -0.180243 -0.906128 0.382680
vn -0.074665 -0.375325 0.923881
vn -0.074665 -0.375325 0.923881
vn -0.074665 -0.375325 0.923881
vn -0.074665 -0.375325 0.923881
vn 0.906124 -0.180244 0.382690
vn 0.906124 -0.180244 0.382690
vn 0.906124 -0.180244 0.382690
vn 0.906124 -0.180244 0.382690
vn 0.375334 -0.074657 0.923878
vn 0.375335 -0.074657 0.923878
vn 0.375335 -0.074657 0.923878
vn 0.375334 -0.074657 0.923878
vn -0.912510 0.144528 0.382672
vn -0.912510 0.144528 0.382672
vn -0.912510 0.144528 0.382672
vn -0.912510 0.144528 0.382672
vn -0.377965 0.059864 0.923882
vn -0.377965 0.059864 0.923882
vn -0.377965 0.059864 0.923882
vn -0.377965 0.059864 0.923882
vn -0.823183 0.419436 0.382678
vn -0.823183 0.419436 0.382678
vn -0.823183 0.419436 0.382678
vn -0.823183 0.419436 0.382678
vn -0.340967 0.173729 0.923883
vn -0.340967 0.173729 0.923883
vn -0.340967 0.173729 0.923883
vn -0.340967 0.173729 0.923883
vn -0.653300 0.653267 0.382677
vn -0.653300 0.653267 0.382677
vn -0.653300 0.653267 0.382677
vn -0.653300 0.653267 0.382677
vn -0.270593 0.270593 0.923882
vn -0.270593 0.270593 0.923882
vn -0.270593 0.270593 0.923882
vn -0.270593 0.270593 0.923882
vn -0.419416 0.823174 0.382721
vn -0.419416 0.823174 0.382721
vn -0.419416 0.823174 0.382721
vn -0.419416 0.823174 0.382721
vn -0.173736 0.340975 0.923879
vn -0.173736 0.340975 0.923879
vn -0.173736 0.340975 0.923879
vn -0.173736 0.340975 0.923879
vn -0.059867 0.377967 0.923881
vn -0.059867 0.377967 0.923881
vn -0.059867 0.377967 0.923881
vn -0.059867 0.377967 0.923881
vn -0.144524 0.912499 0.382698
vn -0.144524 0.912499 0.382698
vn -0.144524 0.912499 0.382698
vn -0.144524 0.912499 0.382698
vn 0.513174 0.768389 0.382402
vn 0.513174 0.768389 0.382401
vn 0.513174 0.768389 0.382402
vn 0.513174 0.768389 0.382402
vn 0.212427 0.318624 0.923771
vn 0.212427 0.318624 0.923771
vn 0.212427 0.318624 0.923771
vn 0.212428 0.318624 0.923771
vn 0.768168 0.513478 0.382437
vn 0.768168 0.513478 0.382437
vn 0.768168 0.513478 0.382437
vn 0.768168 0.513478 0.382437
vn 0.318207 0.213041 0.923774
vn 0.318207 0.213041 0.923774
vn 0.318207 0.213041 0.923774
vn 0.318207 0.213041 0.923774
vn 0.375320 0.074757 0.923876
vn 0.375320 0.074757 0.923876
vn 0.375320 0.074757 0.923876
vn 0.375320 0.074757 0.923876
vn 0.906125 0.180276 0.382673
vn 0.906125 0.180276 0.382673
vn 0.906125 0.180276 0.382673
vn 0.906125 0.180276 0.382673
vn -0.513273 -0.768182 0.382683
vn -0.513273 -0.768182 0.382683
vn -0.513273 -0.768182 0.382683
vn -0.513273 -0.768182 0.382683
vn -0.212603 -0.318180 0.923884
vn -0.212603 -0.318180 0.923884
vn -0.212603 -0.318180 0.923884
vn -0.212603 -0.318180 0.923884
vn -0.768175 -0.513277 0.382692
vn -0.768175 -0.513277 0.382692
vn -0.768175 -0.513277 0.382692
vn -0.768175 -0.513277 0.382692
vn -0.318177 -0.212606 0.923884
vn -0.318177 -0.212606 0.923884
vn -0.318177 -0.212606 0.923884
vn -0.318177 -0.212606 0.923884
vn -0.375330 -0.074652 0.923880
vn -0.375330 -0.074652 0.923880
vn -0.375330 -0.074652 0.923880
vn -0.375330 -0.074652 0.923880
vn -0.906128 -0.180245 0.382680
vn -0.906128 -0.180245 0.382680
vn -0.906128 -0.180245 0.382680
vn -0.906128 -0.180245 0.382680
vn 0.768427 -0.513261 0.382208
vn 0.768427 -0.513261 0.382208
vn 0.768427 -0.513261 0.382208
vn 0.768427 -0.513261 0.382208
vn 0.318751 -0.212594 0.923689
vn 0.318751 -0.212594 0.923689
vn 0.318751 -0.212594 0.923689
vn 0.318751 -0.212594 0.923689
vn 0.513509 -0.768170 0.382393
vn 0.513509 -0.768170 0.382393
vn 0.513509 -0.768170 0.382393
vn 0.513509 -0.768170 0.382393
vn 0.213111 -0.318212 0.923756
vn 0.213111 -0.318212 0.923756
vn 0.213111 -0.318212 0.923756
vn 0.213111 -0.318212 0.923756
vn 0.074773 -0.375302 0.923882
vn 0.074773 -0.375302 0.923882
vn 0.074773 -0.375302 0.923882
vn 0.074773 -0.375302 0.923882
vn 0.180275 -0.906121 0.382682
vn 0.180275 -0.906121 0.382682
vn 0.180275 -0.906121 0.382682
vn 0.180275 -0.906121 0.382682
vn 0.000000 0.000000 1.000000
vn 0.000000 0.000000 1.000000
vn 0.000000 0.000000 1.000000
vn 0.000000 0.000000 1.000000
vn 0.000000 0.000000 1.000000
vn 0.000000 0.000000 1.000000
vn 0.000000 0.000000 1.000000
vn -0.000001 0.000000 1.000000
vn -0.000001 0.000000 1.000000
vn -0.000001 0.000000 1.000000
vn -0.000001 0.000000 1.000000
vn 0.000001 0.000000 1.000000
vn 0.000001 0.000000 1.000000
vn 0.000001 0.000000 1.000000
vn 0.000001 0.000000 1.000000
vn 0.000000 0.000000 1.000000
vn 0.000000 0.000000 1.000000
vn 0.000000 0.000000 1.000000
vn 0.000000 0.000000 1.000000
vn 0.000000 0.000000 1.000000
vn 0.000000 0.000000 1.000000
vn 0.000000 0.000000 1.000000
vn 0.000000 0.000000 1.000000
vn 0.000000 0.000000 1.000000
vn 0.000000 0.000000 1.000000
vn 0.000000 0.000000 1.000000
vn 0.000000 0.000000 1.000000
vn 0.000000 0.000000 1.000000
vn 0.000000 0.000000 1.000000
vn 0.000000 0.000000 1.000000
vn 0.000000 0.000000 1.000000
vn -0.000001 0.000000 1.000000
vn -0.000001 0.000000 1.000000
vn -0.000001 0.000000 1.000000
vn -0.000001 0.000000 1.000000
s off
g S_U_20 Window_11_1
usemtl set10
f 1989/2744/7569 1988/2745/7570 1991/2747/7571 1990/2748/7572
f 1988/2745/7573 1987/2753/7574 1992/2754/7575 1991/2747/7576
f 1999/2755/7577 1998/2756/7578 2001/2757/7579 2000/2760/7580
f 1998/2756/7581 1997/2764/7582 2002/2765/7583 2001/2757/7584
f 2007/2767/7585 2006/2768/7586 2009/2769/7587 2008/2770/7588
f 2006/2768/7589 2005/2771/7590 2010/2772/7591 2009/2769/7592
f 2013/2803/7593 2012/2804/7594 2015/2805/7595 2014/2806/7596
f 2012/2804/7597 2011/2807/7598 2016/2808/7599 2015/2805/7600
f 1993/2743/7601 1989/2746/7602 1990/2749/7603 1994/2750/7604
f 1997/2751/7605 1995/2849/7606 1996/2758/7607 2002/2759/7608
f 2008/2761/7609 2004/2762/7610 2003/2763/7611 2007/2766/7612
f 2018/2773/7613 2016/2774/7614 2011/2775/7615 2017/2776/7616
f 2011/2775/7617 2019/2777/7618 2022/2778/7619 2017/2776/7620
f 2019/2777/7621 2023/2779/7622 2026/2780/7623 2022/2778/7624
f 2023/2779/7625 2027/2781/7626 2030/2782/7627 2026/2780/7628
f 2027/2781/7629 2031/2783/7630 2034/2784/7631 2030/2782/7632
f 2031/2783/7633 1989/2746/7634 1993/2743/7635 2034/2784/7636
f 1990/2749/7637 2035/2785/7638 2038/2786/7639 1994/2750/7640
f 2035/2785/7641 2039/2787/7642 2042/2788/7643 2038/2786/7644
f 2039/2787/7645 2043/2789/7646 2046/2790/7647 2042/2788/7648
f 2043/2789/7649 2007/2766/7650 2003/2763/7651 2046/2790/7652
f 1997/2848/7653 2047/2791/7654 2050/2792/7655 1995/2752/7656
f 2047/2791/7657 2051/2793/7658 2054/2794/7659 2050/2792/7660
f 2051/2793/7661 2055/2795/7662 2058/2796/7663 2054/2794/7664
f 2055/2795/7665 2016/2774/7666 2018/2773/7667 2058/2796/7668
f 2008/2761/7669 2059/2797/7670 2062/2798/7671 2004/2762/7672
f 2059/2797/7673 2063/2799/7674 2066/2800/7675 2062/2798/7676
f 2063/2799/7677 2067/2801/7678 2070/2802/7679 2066/2800/7680
f 2067/2801/7681 2002/2759/7682 1996/2758/7683 2070/2802/7684
f 2057/2809/7685 2061/2810/7686 2010/2772/7687 2014/2806/7688
f 1990/2748/7689 1991/2747/7690 2036/2811/7691 2035/2812/7692
f 1991/2747/7693 1992/2754/7694 2037/2813/7695 2036/2811/7696
f 1997/2764/7697 1998/2756/7698 2048/2814/7699 2047/2815/7700
f 1998/2756/7701 1999/2755/7702 2049/2816/7703 2048/2814/7704
f 2008/2770/7705 2009/2769/7706 2060/2817/7707 2059/2818/7708
f 2009/2769/7709 2010/2772/7710 2061/2810/7711 2060/2817/7712
f 2011/2807/7713 2012/2804/7714 2020/2819/7715 2019/2820/7716
f 2012/2804/7717 2013/2803/7718 2021/2821/7719 2020/2819/7720
f 2019/2820/7721 2020/2819/7722 2024/2822/7723 2023/2823/7724
f 2020/2819/7725 2021/2821/7726 2025/2824/7727 2024/2822/7728
f 2023/2823/7729 2024/2822/7730 2028/2825/7731 2027/2826/7732
f 2024/2822/7733 2025/2824/7734 2029/2827/7735 2028/2825/7736
f 2027/2826/7737 2028/2825/7738 2032/2828/7739 2031/2829/7740
f 2028/2825/7741 2029/2827/7742 2033/2830/7743 2032/2828/7744
f 1987/2753/7745 1988/2745/7746 2032/2828/7747 2033/2830/7748
f 1988/2745/7749 1989/2744/7750 2031/2829/7751 2032/2828/7752
f 2035/2812/7753 2036/2811/7754 2040/2831/7755 2039/2832/7756
f 2036/2811/7757 2037/2813/7758 2041/2833/7759 2040/2831/7760
f 2039/2832/7761 2040/2831/7762 2044/2834/7763 2043/2835/7764
f 2040/2831/7765 2041/2833/7766 2045/2836/7767 2044/2834/7768
f 2005/2771/7769 2006/2768/7770 2044/2834/7771 2045/2836/7772
f 2006/2768/7773 2007/2767/7774 2043/2835/7775 2044/2834/7776
f 2047/2815/7777 2048/2814/7778 2052/2837/7779 2051/2838/7780
f 2048/2814/7781 2049/2816/7782 2053/2839/7783 2052/2837/7784
f 2051/2838/7785 2052/2837/7786 2056/2840/7787 2055/2841/7788
f 2052/2837/7789 2053/2839/7790 2057/2809/7791 2056/2840/7792
f 2014/2806/7793 2015/2805/7794 2056/2840/7795 2057/2809/7796
f 2015/2805/7797 2016/2808/7798 2055/2841/7799 2056/2840/7800
f 2059/2818/7801 2060/2817/7802 2064/2842/7803 2063/2843/7804
f 2060/2817/7805 2061/2810/7806 2065/2844/7807 2064/2842/7808
f 2063/2843/7809 2064/2842/7810 2068/2845/7811 2067/2846/7812
f 2064/2842/7813 2065/2844/7814 2069/2847/7815 2068/2845/7816
f 2000/2760/7817 2001/2757/7818 2068/2845/7819 2069/2847/7820
f 2001/2757/7821 2002/2765/7822 2067/2846/7823 2068/2845/7824
f 2033/2830/7825 1992/2754/7826 1987/2753/7827
f 2013/2803/7828 2005/2771/7829 2045/2836/7830 2021/2821/7831
f 2021/2821/7832 2045/2836/7833 2041/2833/7834 2025/2824/7835
f 2025/2824/7836 2041/2833/7837 2037/2813/7838 2029/2827/7839
f 2014/2806/7840 2010/2772/7841 2005/2771/7842 2013/2803/7843
f 2069/2847/7844 2065/2844/7845 2053/2839/7846 2049/2816/7847
f 2053/2839/7848 2065/2844/7849 2061/2810/7850 2057/2809/7851
f 2069/2847/7852 2049/2816/7853 1999/2755/7854 2000/2760/7855
f 2029/2827/7856 2037/2813/7857 1992/2754/7858 2033/2830/7859
g default
v -565.959106 731.788330 284.717285
v -562.366211 740.462524 284.717285
v -553.692017 744.055542 284.717285
v -484.169891 731.788330 284.717285
v -496.437103 744.055542 284.717285
v -487.762878 740.462524 284.717285
v -562.366211 412.620087 284.717285
v -565.959106 421.294342 284.717285
v -553.692017 409.027191 284.717285
v -487.762878 412.620087 284.717285
v -496.437103 409.027191 284.717285
v -484.169891 421.294342 284.717285
v -552.977417 740.462891 312.533722
v -553.482788 743.003296 310.729797
v -553.692017 744.055542 308.189453
v -496.437103 744.055542 308.189453
v -496.646423 743.003296 310.729797
v -497.151703 740.462891 312.533722
v -553.692017 409.027191 308.189453
v -553.482788 410.079407 310.729797
v -552.977417 412.619751 312.533722
v -497.151703 412.619751 312.533722
v -496.646423 410.079407 310.729797
v -496.437103 409.027191 308.189453
v -565.959106 731.788330 308.189453
v -564.906982 731.579102 310.729797
v -562.366577 731.073730 312.533722
v -565.959106 421.294342 308.189453
v -564.906982 421.503571 310.729797
v -562.366577 422.008911 312.533722
v -484.169891 731.788330 308.189453
v -485.222198 731.579102 310.729797
v -487.762512 731.073730 312.533722
v -484.169891 421.294342 308.189453
v -485.222198 421.503571 310.729797
v -487.762512 422.008911 312.533722
v -562.366211 740.462524 308.189453
v -561.560913 739.657104 310.729797
v -559.616577 737.712769 312.533722
v -487.762878 740.462524 308.189453
v -488.568207 739.657104 310.729797
v -490.512482 737.712769 312.533722
v -562.366211 412.620087 308.189453
v -561.560913 413.425446 310.729797
v -559.616577 415.369751 312.533722
v -487.762878 412.620087 308.189453
v -488.568207 413.425446 310.729797
v -490.512482 415.369751 312.533722
vt 0.134285 0.760664
vt 0.134682 0.758576
vt 0.180289 0.758496
vt 0.180661 0.760563
vt 0.135201 0.756197
vt 0.179794 0.756149
vt 0.135061 0.495665
vt 0.134565 0.493319
vt 0.180172 0.493233
vt 0.179654 0.495613
vt 0.134192 0.491252
vt 0.180569 0.491144
vt 0.132469 0.778338
vt 0.182581 0.779117
vt 0.132264 0.472701
vt 0.182376 0.473468
vt 0.191575 0.502010
vt 0.210006 0.499834
vt 0.209962 0.751869
vt 0.191785 0.749835
vt 0.104894 0.499948
vt 0.123071 0.501983
vt 0.123283 0.749797
vt 0.104851 0.751973
vt 0.126521 0.757578
vt 0.124521 0.776701
vt 0.188572 0.757534
vt 0.208114 0.759773
vt 0.126283 0.494283
vt 0.106742 0.492044
vt 0.188335 0.494229
vt 0.190325 0.475102
vt 0.127918 0.748995
vt 0.187148 0.749020
vt 0.185050 0.754074
vt 0.129996 0.754100
vt 0.184860 0.497709
vt 0.186940 0.502812
vt 0.127707 0.502798
vt 0.129806 0.497740
vt 0.186951 0.755944
vt 0.127905 0.495873
vt 0.125453 0.749457
vt 0.128114 0.755974
vt 0.125241 0.502330
vt 0.189615 0.749488
vt 0.189404 0.502349
vt 0.186742 0.495834
vt 0.208042 0.492160
vt 0.124556 0.474540
vt 0.190290 0.777281
vt 0.106816 0.759646
vn 0.000000 0.923876 0.382691
vn 0.000000 0.923876 0.382691
vn 0.000000 0.923876 0.382691
vn 0.000000 0.923876 0.382691
vn -0.030252 0.574717 0.817793
vn -0.010097 0.232145 0.972629
vn 0.010097 0.232144 0.972629
vn 0.030251 0.574718 0.817792
vn -0.010097 -0.232149 0.972628
vn -0.030251 -0.574718 0.817792
vn 0.030250 -0.574718 0.817792
vn 0.010097 -0.232148 0.972628
vn -0.047522 -0.921447 0.385587
vn -0.054374 -0.997692 0.040675
vn 0.054374 -0.997692 0.040675
vn 0.047522 -0.921447 0.385588
vn -0.054418 0.998518 0.000000
vn -0.054376 0.997692 0.040678
vn 0.054376 0.997692 0.040678
vn 0.054418 0.998518 0.000000
vn -0.054374 -0.997692 0.040675
vn -0.054416 -0.998518 0.000000
vn 0.054416 -0.998518 0.000000
vn 0.054374 -0.997692 0.040675
vn 0.999103 -0.011140 0.040866
vn 0.999937 -0.011257 0.000000
vn 0.999937 0.011257 0.000000
vn 0.999103 0.011140 0.040866
vn -0.999937 -0.011256 0.000000
vn -0.999103 -0.011140 0.040862
vn -0.999103 0.011140 0.040862
vn -0.999937 0.011256 0.000000
vn -0.999103 0.011140 0.040862
vn -0.923084 0.382351 0.041513
vn -0.923881 0.382681 0.000000
vn -0.999937 0.011256 0.000000
vn -0.382418 0.923229 0.037492
vn -0.054376 0.997692 0.040678
vn -0.054418 0.998518 0.000000
vn -0.382687 0.923878 0.000000
vn 0.054376 0.997692 0.040678
vn 0.382418 0.923229 0.037492
vn 0.382687 0.923878 0.000000
vn 0.054418 0.998518 0.000000
vn 0.923083 0.382354 0.041515
vn 0.999103 0.011140 0.040866
vn 0.999937 0.011257 0.000000
vn 0.923879 0.382684 0.000000
vn -0.054374 -0.997692 0.040675
vn -0.382407 -0.923233 0.037490
vn -0.382676 -0.923883 0.000000
vn -0.054416 -0.998518 0.000000
vn -0.923085 -0.382348 0.041512
vn -0.999103 -0.011140 0.040862
vn -0.999937 -0.011256 0.000000
vn -0.923882 -0.382678 0.000000
vn 0.999103 -0.011140 0.040866
vn 0.923084 -0.382351 0.041514
vn 0.923881 -0.382681 0.000000
vn 0.999937 -0.011257 0.000000
vn 0.382407 -0.923233 0.037490
vn 0.054374 -0.997692 0.040675
vn 0.054416 -0.998518 0.000000
vn 0.382676 -0.923883 0.000000
vn -0.024199 0.000281 0.999707
vn 0.024199 0.000281 0.999707
vn 0.021099 0.024452 0.999478
vn -0.021099 0.024452 0.999478
vn 0.021099 -0.024451 0.999478
vn 0.024199 -0.000281 0.999707
vn -0.024199 -0.000281 0.999707
vn -0.021099 -0.024451 0.999478
vn -0.021099 0.024452 0.999478
vn 0.021099 0.024452 0.999478
vn 0.010097 0.232144 0.972629
vn -0.010097 0.232145 0.972629
vn -0.024199 -0.000281 0.999707
vn 0.024199 -0.000281 0.999707
vn 0.024199 0.000281 0.999707
vn -0.024199 0.000281 0.999707
vn 0.021099 -0.024451 0.999478
vn -0.021099 -0.024451 0.999478
vn -0.010097 -0.232149 0.972628
vn 0.010097 -0.232148 0.972628
vn 0.054376 0.997692 0.040678
vn 0.047523 0.921438 0.385609
vn 0.353554 0.853547 0.382698
vn 0.382418 0.923229 0.037492
vn 0.030251 0.574718 0.817792
vn 0.010097 0.232144 0.972629
vn 0.021099 0.024452 0.999478
vn 0.417549 0.357521 0.835363
vn -0.054374 -0.997692 0.040675
vn -0.047522 -0.921447 0.385587
vn -0.353549 -0.853557 0.382680
vn -0.382407 -0.923233 0.037490
vn -0.030251 -0.574718 0.817792
vn -0.010097 -0.232149 0.972628
vn -0.021099 -0.024451 0.999478
vn -0.417547 -0.357519 0.835365
vn -0.999103 0.011140 0.040862
vn -0.923521 0.010710 0.383398
vn -0.853555 0.353555 0.382679
vn -0.923084 0.382351 0.041513
vn -0.578401 0.004378 0.815741
vn -0.024199 0.000281 0.999707
vn -0.021099 0.024452 0.999478
vn -0.417547 0.357520 0.835364
vn -0.024199 0.000281 0.999707
vn -0.578401 0.004378 0.815741
vn -0.578401 -0.004378 0.815741
vn -0.024199 -0.000281 0.999707
vn -0.923521 0.010710 0.383398
vn -0.999103 0.011140 0.040862
vn -0.999103 -0.011140 0.040862
vn -0.923522 -0.010710 0.383397
vn 0.999103 0.011140 0.040866
vn 0.923507 0.010710 0.383433
vn 0.923507 -0.010710 0.383433
vn 0.999103 -0.011140 0.040866
vn 0.578407 0.004378 0.815737
vn 0.024199 0.000281 0.999707
vn 0.024199 -0.000281 0.999707
vn 0.578407 -0.004378 0.815737
vn 0.999103 -0.011140 0.040866
vn 0.923507 -0.010710 0.383433
vn 0.853553 -0.353549 0.382689
vn 0.923084 -0.382351 0.041514
vn 0.578407 -0.004378 0.815737
vn 0.024199 -0.000281 0.999707
vn 0.021099 -0.024451 0.999478
vn 0.417549 -0.357519 0.835364
vn -0.010097 0.232145 0.972629
vn -0.030252 0.574717 0.817793
vn -0.417547 0.357520 0.835364
vn -0.021099 0.024452 0.999478
vn -0.047523 0.921438 0.385609
vn -0.054376 0.997692 0.040678
vn -0.382418 0.923229 0.037492
vn -0.353555 0.853547 0.382696
vn 0.024199 0.000281 0.999707
vn 0.578407 0.004378 0.815737
vn 0.417549 0.357521 0.835363
vn 0.021099 0.024452 0.999478
vn 0.923507 0.010710 0.383433
vn 0.999103 0.011140 0.040866
vn 0.923083 0.382354 0.041515
vn 0.853549 0.353551 0.382695
vn -0.024199 -0.000281 0.999707
vn -0.578401 -0.004378 0.815741
vn -0.417547 -0.357519 0.835365
vn -0.021099 -0.024451 0.999478
vn -0.923522 -0.010710 0.383397
vn -0.999103 -0.011140 0.040862
vn -0.923085 -0.382348 0.041512
vn -0.853559 -0.353554 0.382671
vn 0.010097 -0.232148 0.972628
vn 0.030250 -0.574718 0.817792
vn 0.417549 -0.357519 0.835364
vn 0.021099 -0.024451 0.999478
vn 0.047522 -0.921447 0.385588
vn 0.054374 -0.997692 0.040675
vn 0.382407 -0.923233 0.037490
vn 0.353547 -0.853557 0.382682
s off
g S_U_20 Window_17
usemtl set10
f 2085/2850/7860 2084/2851/7861 2087/2852/7862 2086/2853/7863
f 2084/2851/7864 2083/2854/7865 2088/2855/7866 2087/2852/7867
f 2091/2856/7868 2090/2857/7869 2093/2858/7870 2092/2859/7871
f 2090/2857/7872 2089/2860/7873 2094/2861/7874 2093/2858/7875
f 2073/2862/7876 2085/2850/7877 2086/2853/7878 2075/2863/7879
f 2089/2860/7880 2079/2864/7881 2081/2865/7882 2094/2861/7883
f 2104/2866/7884 2082/2867/7885 2074/2868/7886 2101/2869/7887
f 2078/2870/7888 2098/2871/7889 2095/2872/7890 2071/2873/7891
f 2095/2872/7892 2107/2874/7893 2072/2901/7894 2071/2873/7895
f 2107/2874/7896 2085/2850/7897 2073/2862/7898 2072/2875/7899
f 2086/2853/7900 2110/2876/7901 2076/2900/7902 2075/2863/7903
f 2110/2876/7904 2101/2869/7905 2074/2868/7906 2076/2877/7907
f 2089/2860/7908 2113/2878/7909 2077/2899/7910 2079/2864/7911
f 2113/2878/7912 2098/2871/7913 2078/2870/7914 2077/2879/7915
f 2104/2866/7916 2116/2880/7917 2080/2898/7918 2082/2867/7919
f 2116/2880/7920 2094/2861/7921 2081/2865/7922 2080/2881/7923
f 2097/2882/7924 2103/2883/7925 2112/2884/7926 2109/2885/7927
f 2118/2886/7928 2106/2887/7929 2100/2888/7930 2115/2889/7931
f 2109/2885/7932 2112/2884/7933 2088/2855/7934 2083/2854/7935
f 2100/2888/7936 2106/2887/7937 2103/2883/7938 2097/2882/7939
f 2118/2886/7940 2115/2889/7941 2091/2856/7942 2092/2859/7943
f 2086/2853/7944 2087/2852/7945 2111/2890/7946 2110/2876/7947
f 2087/2852/7948 2088/2855/7949 2112/2884/7950 2111/2890/7951
f 2089/2860/7952 2090/2857/7953 2114/2891/7954 2113/2878/7955
f 2090/2857/7956 2091/2856/7957 2115/2889/7958 2114/2891/7959
f 2095/2872/7960 2096/2892/7961 2108/2893/7962 2107/2874/7963
f 2096/2892/7964 2097/2882/7965 2109/2885/7966 2108/2893/7967
f 2097/2882/7968 2096/2892/7969 2099/2894/7970 2100/2888/7971
f 2096/2892/7972 2095/2872/7973 2098/2871/7974 2099/2894/7975
f 2101/2869/7976 2102/2895/7977 2105/2896/7978 2104/2866/7979
f 2102/2895/7980 2103/2883/7981 2106/2887/7982 2105/2896/7983
f 2104/2866/7984 2105/2896/7985 2117/2897/7986 2116/2880/7987
f 2105/2896/7988 2106/2887/7989 2118/2886/7990 2117/2897/7991
f 2083/2854/7992 2084/2851/7993 2108/2893/7994 2109/2885/7995
f 2084/2851/7996 2085/2850/7997 2107/2874/7998 2108/2893/7999
f 2103/2883/8000 2102/2895/8001 2111/2890/8002 2112/2884/8003
f 2102/2895/8004 2101/2869/8005 2110/2876/8006 2111/2890/8007
f 2100/2888/8008 2099/2894/8009 2114/2891/8010 2115/2889/8011
f 2099/2894/8012 2098/2871/8013 2113/2878/8014 2114/2891/8015
f 2092/2859/8016 2093/2858/8017 2117/2897/8018 2118/2886/8019
f 2093/2858/8020 2094/2861/8021 2116/2880/8022 2117/2897/8023
g default
v -402.620209 731.473511 284.717255
v -399.027313 740.147583 284.717255
v -390.353058 743.740601 284.717255
v -320.830994 731.473511 284.717255
v -333.098206 743.740601 284.717255
v -324.423981 740.147583 284.717255
v -399.027313 412.305206 284.717255
v -402.620209 420.979462 284.717255
v -390.353058 408.712311 284.717255
v -324.423981 412.305206 284.717255
v -333.098206 408.712311 284.717255
v -320.830994 420.979462 284.717255
v -389.638458 740.148071 311.718323
v -390.143829 742.688354 309.914398
v -390.353058 743.740601 307.374054
v -333.098206 743.740601 307.374054
v -333.307526 742.688354 309.914398
v -333.812805 740.148071 311.718323
v -390.353058 408.712311 307.374054
v -390.143829 409.764526 309.914398
v -389.638458 412.304871 311.718323
v -333.812805 412.304871 311.718323
v -333.307526 409.764526 309.914398
v -333.098206 408.712311 307.374054
v -402.620209 731.473511 307.374054
v -401.568024 731.264160 309.914398
v -399.027679 730.758911 311.718323
v -402.620209 420.979462 307.374054
v -401.568024 421.188690 309.914398
v -399.027679 421.694031 311.718323
v -320.830994 731.473511 307.374054
v -321.883301 731.264160 309.914398
v -324.423615 730.758911 311.718323
v -320.830994 420.979462 307.374054
v -321.883301 421.188690 309.914398
v -324.423615 421.694031 311.718323
v -399.027313 740.147583 307.374054
v -398.221954 739.342285 309.914398
v -396.277679 737.397949 311.718323
v -324.423981 740.147583 307.374054
v -325.229309 739.342285 309.914398
v -327.173584 737.397949 311.718323
v -399.027313 412.305206 307.374054
v -398.221954 413.110565 309.914398
v -396.277679 415.054871 311.718323
v -324.423981 412.305206 307.374054
v -325.229309 413.110565 309.914398
v -327.173584 415.054871 311.718323
vt 0.312829 0.758678
vt 0.313224 0.756604
vt 0.358516 0.756524
vt 0.358886 0.758578
vt 0.313739 0.754241
vt 0.358024 0.754194
vt 0.313600 0.495507
vt 0.313107 0.493177
vt 0.358400 0.493091
vt 0.357885 0.495454
vt 0.312737 0.491124
vt 0.358794 0.491017
vt 0.311026 0.776230
vt 0.360793 0.777003
vt 0.310822 0.472700
vt 0.360588 0.473462
vt 0.369723 0.501807
vt 0.388028 0.499646
vt 0.387984 0.749943
vt 0.369932 0.747923
vt 0.283640 0.499760
vt 0.301692 0.501781
vt 0.301903 0.747885
vt 0.283598 0.750046
vt 0.305119 0.755613
vt 0.303133 0.774604
vt 0.366742 0.755569
vt 0.386149 0.757793
vt 0.304882 0.494135
vt 0.285475 0.491910
vt 0.366506 0.494079
vt 0.368482 0.475085
vt 0.306506 0.747089
vt 0.365328 0.747114
vt 0.363244 0.752133
vt 0.308570 0.752159
vt 0.363055 0.497537
vt 0.365120 0.502604
vt 0.306297 0.502590
vt 0.308381 0.497567
vt 0.365132 0.753990
vt 0.306493 0.495713
vt 0.304058 0.747548
vt 0.306701 0.754020
vt 0.303847 0.502125
vt 0.367777 0.747579
vt 0.367568 0.502145
vt 0.364924 0.495674
vt 0.386077 0.492026
vt 0.303167 0.474527
vt 0.368448 0.775180
vt 0.285549 0.757667
vn 0.000000 0.923876 0.382691
vn 0.000000 0.923876 0.382691
vn 0.000000 0.923876 0.382691
vn 0.000000 0.923876 0.382691
vn -0.030252 0.574717 0.817793
vn -0.010097 0.232145 0.972629
vn 0.010097 0.232144 0.972629
vn 0.030251 0.574718 0.817792
vn -0.010097 -0.232149 0.972628
vn -0.030251 -0.574718 0.817792
vn 0.030250 -0.574718 0.817792
vn 0.010097 -0.232148 0.972628
vn -0.047522 -0.921447 0.385587
vn -0.054374 -0.997692 0.040675
vn 0.054374 -0.997692 0.040675
vn 0.047522 -0.921447 0.385588
vn -0.054418 0.998518 0.000000
vn -0.054376 0.997692 0.040678
vn 0.054376 0.997692 0.040678
vn 0.054418 0.998518 0.000000
vn -0.054374 -0.997692 0.040675
vn -0.054416 -0.998518 0.000000
vn 0.054416 -0.998518 0.000000
vn 0.054374 -0.997692 0.040675
vn 0.999103 -0.011140 0.040866
vn 0.999937 -0.011257 0.000000
vn 0.999937 0.011257 0.000000
vn 0.999103 0.011140 0.040866
vn -0.999937 -0.011256 0.000000
vn -0.999103 -0.011140 0.040862
vn -0.999103 0.011140 0.040862
vn -0.999937 0.011256 0.000000
vn -0.999103 0.011140 0.040862
vn -0.923084 0.382351 0.041513
vn -0.923881 0.382681 0.000000
vn -0.999937 0.011256 0.000000
vn -0.382418 0.923229 0.037492
vn -0.054376 0.997692 0.040678
vn -0.054418 0.998518 0.000000
vn -0.382687 0.923878 0.000000
vn 0.054376 0.997692 0.040678
vn 0.382418 0.923229 0.037492
vn 0.382687 0.923878 0.000000
vn 0.054418 0.998518 0.000000
vn 0.923083 0.382354 0.041515
vn 0.999103 0.011140 0.040866
vn 0.999937 0.011257 0.000000
vn 0.923879 0.382684 0.000000
vn -0.054374 -0.997692 0.040675
vn -0.382407 -0.923233 0.037490
vn -0.382676 -0.923883 0.000000
vn -0.054416 -0.998518 0.000000
vn -0.923085 -0.382348 0.041512
vn -0.999103 -0.011140 0.040862
vn -0.999937 -0.011256 0.000000
vn -0.923882 -0.382678 0.000000
vn 0.999103 -0.011140 0.040866
vn 0.923084 -0.382351 0.041514
vn 0.923881 -0.382681 0.000000
vn 0.999937 -0.011257 0.000000
vn 0.382407 -0.923233 0.037490
vn 0.054374 -0.997692 0.040675
vn 0.054416 -0.998518 0.000000
vn 0.382676 -0.923883 0.000000
vn -0.024199 0.000281 0.999707
vn 0.024199 0.000281 0.999707
vn 0.021099 0.024452 0.999478
vn -0.021099 0.024452 0.999478
vn 0.021099 -0.024451 0.999478
vn 0.024199 -0.000281 0.999707
vn -0.024199 -0.000281 0.999707
vn -0.021099 -0.024451 0.999478
vn -0.021099 0.024452 0.999478
vn 0.021099 0.024452 0.999478
vn 0.010097 0.232144 0.972629
vn -0.010097 0.232145 0.972629
vn -0.024199 -0.000281 0.999707
vn 0.024199 -0.000281 0.999707
vn 0.024199 0.000281 0.999707
vn -0.024199 0.000281 0.999707
vn 0.021099 -0.024451 0.999478
vn -0.021099 -0.024451 0.999478
vn -0.010097 -0.232149 0.972628
vn 0.010097 -0.232148 0.972628
vn 0.054376 0.997692 0.040678
vn 0.047523 0.921438 0.385609
vn 0.353554 0.853547 0.382698
vn 0.382418 0.923229 0.037492
vn 0.030251 0.574718 0.817792
vn 0.010097 0.232144 0.972629
vn 0.021099 0.024452 0.999478
vn 0.417549 0.357521 0.835363
vn -0.054374 -0.997692 0.040675
vn -0.047522 -0.921447 0.385587
vn -0.353549 -0.853557 0.382680
vn -0.382407 -0.923233 0.037490
vn -0.030251 -0.574718 0.817792
vn -0.010097 -0.232149 0.972628
vn -0.021099 -0.024451 0.999478
vn -0.417547 -0.357519 0.835365
vn -0.999103 0.011140 0.040862
vn -0.923521 0.010710 0.383398
vn -0.853555 0.353555 0.382679
vn -0.923084 0.382351 0.041513
vn -0.578401 0.004378 0.815741
vn -0.024199 0.000281 0.999707
vn -0.021099 0.024452 0.999478
vn -0.417547 0.357520 0.835364
vn -0.024199 0.000281 0.999707
vn -0.578401 0.004378 0.815741
vn -0.578401 -0.004378 0.815741
vn -0.024199 -0.000281 0.999707
vn -0.923521 0.010710 0.383398
vn -0.999103 0.011140 0.040862
vn -0.999103 -0.011140 0.040862
vn -0.923522 -0.010710 0.383397
vn 0.999103 0.011140 0.040866
vn 0.923507 0.010710 0.383433
vn 0.923507 -0.010710 0.383433
vn 0.999103 -0.011140 0.040866
vn 0.578407 0.004378 0.815737
vn 0.024199 0.000281 0.999707
vn 0.024199 -0.000281 0.999707
vn 0.578407 -0.004378 0.815737
vn 0.999103 -0.011140 0.040866
vn 0.923507 -0.010710 0.383433
vn 0.853553 -0.353549 0.382689
vn 0.923084 -0.382351 0.041514
vn 0.578407 -0.004378 0.815737
vn 0.024199 -0.000281 0.999707
vn 0.021099 -0.024451 0.999478
vn 0.417549 -0.357519 0.835364
vn -0.010097 0.232145 0.972629
vn -0.030252 0.574717 0.817793
vn -0.417547 0.357520 0.835364
vn -0.021099 0.024452 0.999478
vn -0.047523 0.921438 0.385609
vn -0.054376 0.997692 0.040678
vn -0.382418 0.923229 0.037492
vn -0.353555 0.853547 0.382696
vn 0.024199 0.000281 0.999707
vn 0.578407 0.004378 0.815737
vn 0.417549 0.357521 0.835363
vn 0.021099 0.024452 0.999478
vn 0.923507 0.010710 0.383433
vn 0.999103 0.011140 0.040866
vn 0.923083 0.382354 0.041515
vn 0.853549 0.353551 0.382695
vn -0.024199 -0.000281 0.999707
vn -0.578401 -0.004378 0.815741
vn -0.417547 -0.357519 0.835365
vn -0.021099 -0.024451 0.999478
vn -0.923522 -0.010710 0.383397
vn -0.999103 -0.011140 0.040862
vn -0.923085 -0.382348 0.041512
vn -0.853559 -0.353554 0.382671
vn 0.010097 -0.232148 0.972628
vn 0.030250 -0.574718 0.817792
vn 0.417549 -0.357519 0.835364
vn 0.021099 -0.024451 0.999478
vn 0.047522 -0.921447 0.385588
vn 0.054374 -0.997692 0.040675
vn 0.382407 -0.923233 0.037490
vn 0.353547 -0.853557 0.382682
s off
g S_U_20 Window_18
usemtl set10
f 2133/2902/8024 2132/2903/8025 2135/2904/8026 2134/2905/8027
f 2132/2903/8028 2131/2906/8029 2136/2907/8030 2135/2904/8031
f 2139/2908/8032 2138/2909/8033 2141/2910/8034 2140/2911/8035
f 2138/2909/8036 2137/2912/8037 2142/2913/8038 2141/2910/8039
f 2121/2914/8040 2133/2902/8041 2134/2905/8042 2123/2915/8043
f 2137/2912/8044 2127/2916/8045 2129/2917/8046 2142/2913/8047
f 2152/2918/8048 2130/2919/8049 2122/2920/8050 2149/2921/8051
f 2126/2922/8052 2146/2923/8053 2143/2924/8054 2119/2925/8055
f 2143/2924/8056 2155/2926/8057 2120/2953/8058 2119/2925/8059
f 2155/2926/8060 2133/2902/8061 2121/2914/8062 2120/2927/8063
f 2134/2905/8064 2158/2928/8065 2124/2952/8066 2123/2915/8067
f 2158/2928/8068 2149/2921/8069 2122/2920/8070 2124/2929/8071
f 2137/2912/8072 2161/2930/8073 2125/2951/8074 2127/2916/8075
f 2161/2930/8076 2146/2923/8077 2126/2922/8078 2125/2931/8079
f 2152/2918/8080 2164/2932/8081 2128/2950/8082 2130/2919/8083
f 2164/2932/8084 2142/2913/8085 2129/2917/8086 2128/2933/8087
f 2145/2934/8088 2151/2935/8089 2160/2936/8090 2157/2937/8091
f 2166/2938/8092 2154/2939/8093 2148/2940/8094 2163/2941/8095
f 2157/2937/8096 2160/2936/8097 2136/2907/8098 2131/2906/8099
f 2148/2940/8100 2154/2939/8101 2151/2935/8102 2145/2934/8103
f 2166/2938/8104 2163/2941/8105 2139/2908/8106 2140/2911/8107
f 2134/2905/8108 2135/2904/8109 2159/2942/8110 2158/2928/8111
f 2135/2904/8112 2136/2907/8113 2160/2936/8114 2159/2942/8115
f 2137/2912/8116 2138/2909/8117 2162/2943/8118 2161/2930/8119
f 2138/2909/8120 2139/2908/8121 2163/2941/8122 2162/2943/8123
f 2143/2924/8124 2144/2944/8125 2156/2945/8126 2155/2926/8127
f 2144/2944/8128 2145/2934/8129 2157/2937/8130 2156/2945/8131
f 2145/2934/8132 2144/2944/8133 2147/2946/8134 2148/2940/8135
f 2144/2944/8136 2143/2924/8137 2146/2923/8138 2147/2946/8139
f 2149/2921/8140 2150/2947/8141 2153/2948/8142 2152/2918/8143
f 2150/2947/8144 2151/2935/8145 2154/2939/8146 2153/2948/8147
f 2152/2918/8148 2153/2948/8149 2165/2949/8150 2164/2932/8151
f 2153/2948/8152 2154/2939/8153 2166/2938/8154 2165/2949/8155
f 2131/2906/8156 2132/2903/8157 2156/2945/8158 2157/2937/8159
f 2132/2903/8160 2133/2902/8161 2155/2926/8162 2156/2945/8163
f 2151/2935/8164 2150/2947/8165 2159/2942/8166 2160/2936/8167
f 2150/2947/8168 2149/2921/8169 2158/2928/8170 2159/2942/8171
f 2148/2940/8172 2147/2946/8173 2162/2943/8174 2163/2941/8175
f 2147/2946/8176 2146/2923/8177 2161/2930/8178 2162/2943/8179
f 2140/2911/8180 2141/2910/8181 2165/2949/8182 2166/2938/8183
f 2141/2910/8184 2142/2913/8185 2164/2932/8186 2165/2949/8187
g default
v -320.869263 731.336792 284.717255
v -317.276367 740.010986 284.717255
v -308.602112 743.604004 284.717255
v -239.080048 731.336792 284.717255
v -251.347260 743.604004 284.717255
v -242.673035 740.010986 284.717255
v -317.276367 412.168549 284.717255
v -320.869263 420.842804 284.717255
v -308.602112 408.575653 284.717255
v -242.673035 412.168549 284.717255
v -251.347260 408.575653 284.717255
v -239.080048 420.842804 284.717255
v -307.887512 740.011353 312.133026
v -308.392883 742.551758 310.329102
v -308.602112 743.604004 307.788757
v -251.347260 743.604004 307.788757
v -251.556580 742.551758 310.329102
v -252.061859 740.011353 312.133026
v -308.602112 408.575653 307.788757
v -308.392883 409.627869 310.329102
v -307.887512 412.168213 312.133026
v -252.061859 412.168213 312.133026
v -251.556580 409.627869 310.329102
v -251.347260 408.575653 307.788757
v -320.869263 731.336792 307.788757
v -319.817078 731.127563 310.329102
v -317.276733 730.622192 312.133026
v -320.869263 420.842804 307.788757
v -319.817078 421.052032 310.329102
v -317.276733 421.557373 312.133026
v -239.080048 731.336792 307.788757
v -240.132355 731.127563 310.329102
v -242.672668 730.622192 312.133026
v -239.080048 420.842804 307.788757
v -240.132355 421.052032 310.329102
v -242.672668 421.557373 312.133026
v -317.276367 740.010986 307.788757
v -316.471008 739.205566 310.329102
v -314.526733 737.261230 312.133026
v -242.673035 740.010986 307.788757
v -243.478363 739.205566 310.329102
v -245.422638 737.261230 312.133026
v -317.276367 412.168549 307.788757
v -316.471008 412.973907 310.329102
v -314.526733 414.918213 312.133026
v -242.673035 412.168549 307.788757
v -243.478363 412.973907 310.329102
v -245.422638 414.918213 312.133026
vt 0.397874 0.759690
vt 0.398270 0.757609
vt 0.443722 0.757528
vt 0.444093 0.759589
vt 0.398788 0.755237
vt 0.443230 0.755190
vt 0.398648 0.495587
vt 0.398154 0.493249
vt 0.443606 0.493163
vt 0.443090 0.495535
vt 0.397782 0.491189
vt 0.444002 0.491081
vt 0.396065 0.777304
vt 0.446007 0.778080
vt 0.395860 0.472700
vt 0.445802 0.473465
vt 0.454970 0.501910
vt 0.473339 0.499742
vt 0.473295 0.750924
vt 0.455179 0.748897
vt 0.368582 0.499856
vt 0.386698 0.501884
vt 0.386909 0.748859
vt 0.368540 0.751027
vt 0.390137 0.756614
vt 0.388144 0.775672
vt 0.451978 0.756570
vt 0.471454 0.758802
vt 0.389899 0.494210
vt 0.370424 0.491978
vt 0.451741 0.494155
vt 0.453724 0.475094
vt 0.391529 0.748060
vt 0.450558 0.748085
vt 0.448467 0.753122
vt 0.393599 0.753148
vt 0.448278 0.497624
vt 0.450351 0.502709
vt 0.391319 0.502696
vt 0.393411 0.497655
vt 0.450361 0.754985
vt 0.391516 0.495794
vt 0.389072 0.748520
vt 0.391724 0.755015
vt 0.388861 0.502229
vt 0.453016 0.748551
vt 0.452807 0.502249
vt 0.450153 0.495755
vt 0.471382 0.492094
vt 0.388178 0.474533
vt 0.453690 0.776250
vt 0.370498 0.758675
vn 0.000000 0.923876 0.382691
vn 0.000000 0.923876 0.382691
vn 0.000000 0.923876 0.382691
vn 0.000000 0.923876 0.382691
vn -0.030252 0.574717 0.817793
vn -0.010097 0.232145 0.972629
vn 0.010097 0.232144 0.972629
vn 0.030251 0.574718 0.817792
vn -0.010097 -0.232149 0.972628
vn -0.030251 -0.574718 0.817792
vn 0.030250 -0.574718 0.817792
vn 0.010097 -0.232148 0.972628
vn -0.047522 -0.921447 0.385587
vn -0.054374 -0.997692 0.040675
vn 0.054374 -0.997692 0.040675
vn 0.047522 -0.921447 0.385588
vn -0.054418 0.998518 0.000000
vn -0.054376 0.997692 0.040678
vn 0.054376 0.997692 0.040678
vn 0.054418 0.998518 0.000000
vn -0.054374 -0.997692 0.040675
vn -0.054416 -0.998518 0.000000
vn 0.054416 -0.998518 0.000000
vn 0.054374 -0.997692 0.040675
vn 0.999103 -0.011140 0.040866
vn 0.999937 -0.011257 0.000000
vn 0.999937 0.011257 0.000000
vn 0.999103 0.011140 0.040866
vn -0.999937 -0.011256 0.000000
vn -0.999103 -0.011140 0.040862
vn -0.999103 0.011140 0.040862
vn -0.999937 0.011256 0.000000
vn -0.999103 0.011140 0.040862
vn -0.923084 0.382351 0.041513
vn -0.923881 0.382681 0.000000
vn -0.999937 0.011256 0.000000
vn -0.382418 0.923229 0.037492
vn -0.054376 0.997692 0.040678
vn -0.054418 0.998518 0.000000
vn -0.382687 0.923878 0.000000
vn 0.054376 0.997692 0.040678
vn 0.382418 0.923229 0.037492
vn 0.382687 0.923878 0.000000
vn 0.054418 0.998518 0.000000
vn 0.923083 0.382354 0.041515
vn 0.999103 0.011140 0.040866
vn 0.999937 0.011257 0.000000
vn 0.923879 0.382684 0.000000
vn -0.054374 -0.997692 0.040675
vn -0.382407 -0.923233 0.037490
vn -0.382676 -0.923883 0.000000
vn -0.054416 -0.998518 0.000000
vn -0.923085 -0.382348 0.041512
vn -0.999103 -0.011140 0.040862
vn -0.999937 -0.011256 0.000000
vn -0.923882 -0.382678 0.000000
vn 0.999103 -0.011140 0.040866
vn 0.923084 -0.382351 0.041514
vn 0.923881 -0.382681 0.000000
vn 0.999937 -0.011257 0.000000
vn 0.382407 -0.923233 0.037490
vn 0.054374 -0.997692 0.040675
vn 0.054416 -0.998518 0.000000
vn 0.382676 -0.923883 0.000000
vn -0.024199 0.000281 0.999707
vn 0.024199 0.000281 0.999707
vn 0.021099 0.024452 0.999478
vn -0.021099 0.024452 0.999478
vn 0.021099 -0.024451 0.999478
vn 0.024199 -0.000281 0.999707
vn -0.024199 -0.000281 0.999707
vn -0.021099 -0.024451 0.999478
vn -0.021099 0.024452 0.999478
vn 0.021099 0.024452 0.999478
vn 0.010097 0.232144 0.972629
vn -0.010097 0.232145 0.972629
vn -0.024199 -0.000281 0.999707
vn 0.024199 -0.000281 0.999707
vn 0.024199 0.000281 0.999707
vn -0.024199 0.000281 0.999707
vn 0.021099 -0.024451 0.999478
vn -0.021099 -0.024451 0.999478
vn -0.010097 -0.232149 0.972628
vn 0.010097 -0.232148 0.972628
vn 0.054376 0.997692 0.040678
vn 0.047523 0.921438 0.385609
vn 0.353554 0.853547 0.382698
vn 0.382418 0.923229 0.037492
vn 0.030251 0.574718 0.817792
vn 0.010097 0.232144 0.972629
vn 0.021099 0.024452 0.999478
vn 0.417549 0.357521 0.835363
vn -0.054374 -0.997692 0.040675
vn -0.047522 -0.921447 0.385587
vn -0.353549 -0.853557 0.382680
vn -0.382407 -0.923233 0.037490
vn -0.030251 -0.574718 0.817792
vn -0.010097 -0.232149 0.972628
vn -0.021099 -0.024451 0.999478
vn -0.417547 -0.357519 0.835365
vn -0.999103 0.011140 0.040862
vn -0.923521 0.010710 0.383398
vn -0.853555 0.353555 0.382679
vn -0.923084 0.382351 0.041513
vn -0.578401 0.004378 0.815741
vn -0.024199 0.000281 0.999707
vn -0.021099 0.024452 0.999478
vn -0.417547 0.357520 0.835364
vn -0.024199 0.000281 0.999707
vn -0.578401 0.004378 0.815741
vn -0.578401 -0.004378 0.815741
vn -0.024199 -0.000281 0.999707
vn -0.923521 0.010710 0.383398
vn -0.999103 0.011140 0.040862
vn -0.999103 -0.011140 0.040862
vn -0.923522 -0.010710 0.383397
vn 0.999103 0.011140 0.040866
vn 0.923507 0.010710 0.383433
vn 0.923507 -0.010710 0.383433
vn 0.999103 -0.011140 0.040866
vn 0.578407 0.004378 0.815737
vn 0.024199 0.000281 0.999707
vn 0.024199 -0.000281 0.999707
vn 0.578407 -0.004378 0.815737
vn 0.999103 -0.011140 0.040866
vn 0.923507 -0.010710 0.383433
vn 0.853553 -0.353549 0.382689
vn 0.923084 -0.382351 0.041514
vn 0.578407 -0.004378 0.815737
vn 0.024199 -0.000281 0.999707
vn 0.021099 -0.024451 0.999478
vn 0.417549 -0.357519 0.835364
vn -0.010097 0.232145 0.972629
vn -0.030252 0.574717 0.817793
vn -0.417547 0.357520 0.835364
vn -0.021099 0.024452 0.999478
vn -0.047523 0.921438 0.385609
vn -0.054376 0.997692 0.040678
vn -0.382418 0.923229 0.037492
vn -0.353555 0.853547 0.382696
vn 0.024199 0.000281 0.999707
vn 0.578407 0.004378 0.815737
vn 0.417549 0.357521 0.835363
vn 0.021099 0.024452 0.999478
vn 0.923507 0.010710 0.383433
vn 0.999103 0.011140 0.040866
vn 0.923083 0.382354 0.041515
vn 0.853549 0.353551 0.382695
vn -0.024199 -0.000281 0.999707
vn -0.578401 -0.004378 0.815741
vn -0.417547 -0.357519 0.835365
vn -0.021099 -0.024451 0.999478
vn -0.923522 -0.010710 0.383397
vn -0.999103 -0.011140 0.040862
vn -0.923085 -0.382348 0.041512
vn -0.853559 -0.353554 0.382671
vn 0.010097 -0.232148 0.972628
vn 0.030250 -0.574718 0.817792
vn 0.417549 -0.357519 0.835364
vn 0.021099 -0.024451 0.999478
vn 0.047522 -0.921447 0.385588
vn 0.054374 -0.997692 0.040675
vn 0.382407 -0.923233 0.037490
vn 0.353547 -0.853557 0.382682
s off
g S_U_20 Window_19
usemtl set10
f 2181/2954/8188 2180/2955/8189 2183/2956/8190 2182/2957/8191
f 2180/2955/8192 2179/2958/8193 2184/2959/8194 2183/2956/8195
f 2187/2960/8196 2186/2961/8197 2189/2962/8198 2188/2963/8199
f 2186/2961/8200 2185/2964/8201 2190/2965/8202 2189/2962/8203
f 2169/2966/8204 2181/2954/8205 2182/2957/8206 2171/2967/8207
f 2185/2964/8208 2175/2968/8209 2177/2969/8210 2190/2965/8211
f 2200/2970/8212 2178/2971/8213 2170/2972/8214 2197/2973/8215
f 2174/2974/8216 2194/2975/8217 2191/2976/8218 2167/2977/8219
f 2191/2976/8220 2203/2978/8221 2168/3005/8222 2167/2977/8223
f 2203/2978/8224 2181/2954/8225 2169/2966/8226 2168/2979/8227
f 2182/2957/8228 2206/2980/8229 2172/3004/8230 2171/2967/8231
f 2206/2980/8232 2197/2973/8233 2170/2972/8234 2172/2981/8235
f 2185/2964/8236 2209/2982/8237 2173/3003/8238 2175/2968/8239
f 2209/2982/8240 2194/2975/8241 2174/2974/8242 2173/2983/8243
f 2200/2970/8244 2212/2984/8245 2176/3002/8246 2178/2971/8247
f 2212/2984/8248 2190/2965/8249 2177/2969/8250 2176/2985/8251
f 2193/2986/8252 2199/2987/8253 2208/2988/8254 2205/2989/8255
f 2214/2990/8256 2202/2991/8257 2196/2992/8258 2211/2993/8259
f 2205/2989/8260 2208/2988/8261 2184/2959/8262 2179/2958/8263
f 2196/2992/8264 2202/2991/8265 2199/2987/8266 2193/2986/8267
f 2214/2990/8268 2211/2993/8269 2187/2960/8270 2188/2963/8271
f 2182/2957/8272 2183/2956/8273 2207/2994/8274 2206/2980/8275
f 2183/2956/8276 2184/2959/8277 2208/2988/8278 2207/2994/8279
f 2185/2964/8280 2186/2961/8281 2210/2995/8282 2209/2982/8283
f 2186/2961/8284 2187/2960/8285 2211/2993/8286 2210/2995/8287
f 2191/2976/8288 2192/2996/8289 2204/2997/8290 2203/2978/8291
f 2192/2996/8292 2193/2986/8293 2205/2989/8294 2204/2997/8295
f 2193/2986/8296 2192/2996/8297 2195/2998/8298 2196/2992/8299
f 2192/2996/8300 2191/2976/8301 2194/2975/8302 2195/2998/8303
f 2197/2973/8304 2198/2999/8305 2201/3000/8306 2200/2970/8307
f 2198/2999/8308 2199/2987/8309 2202/2991/8310 2201/3000/8311
f 2200/2970/8312 2201/3000/8313 2213/3001/8314 2212/2984/8315
f 2201/3000/8316 2202/2991/8317 2214/2990/8318 2213/3001/8319
f 2179/2958/8320 2180/2955/8321 2204/2997/8322 2205/2989/8323
f 2180/2955/8324 2181/2954/8325 2203/2978/8326 2204/2997/8327
f 2199/2987/8328 2198/2999/8329 2207/2994/8330 2208/2988/8331
f 2198/2999/8332 2197/2973/8333 2206/2980/8334 2207/2994/8335
f 2196/2992/8336 2195/2998/8337 2210/2995/8338 2211/2993/8339
f 2195/2998/8340 2194/2975/8341 2209/2982/8342 2210/2995/8343
f 2188/2963/8344 2189/2962/8345 2213/3001/8346 2214/2990/8347
f 2189/2962/8348 2190/2965/8349 2212/2984/8350 2213/3001/8351
g default
v -239.125153 731.537231 284.717285
v -235.532257 740.211426 284.717285
v -226.858002 743.804443 284.717285
v -157.335938 731.537231 284.717285
v -169.603149 743.804443 284.717285
v -160.928925 740.211426 284.717285
v -235.532257 412.368988 284.717285
v -239.125153 421.043243 284.717285
v -226.858002 408.776093 284.717285
v -160.928925 412.368988 284.717285
v -169.603149 408.776093 284.717285
v -157.335938 421.043243 284.717285
v -226.143402 740.211792 312.293976
v -226.648773 742.752197 310.490051
v -226.858002 743.804443 307.949707
v -169.603149 743.804443 307.949707
v -169.812469 742.752197 310.490051
v -170.317749 740.211792 312.293976
v -226.858002 408.776093 307.949707
v -226.648773 409.828308 310.490051
v -226.143402 412.368652 312.293976
v -170.317749 412.368652 312.293976
v -169.812469 409.828308 310.490051
v -169.603149 408.776093 307.949707
v -239.125153 731.537231 307.949707
v -238.072968 731.328003 310.490051
v -235.532623 730.822632 312.293976
v -239.125153 421.043243 307.949707
v -238.072968 421.252472 310.490051
v -235.532623 421.757812 312.293976
v -157.335938 731.537231 307.949707
v -158.388245 731.328003 310.490051
v -160.928558 730.822632 312.293976
v -157.335938 421.043243 307.949707
v -158.388245 421.252472 310.490051
v -160.928558 421.757812 312.293976
v -235.532257 740.211426 307.949707
v -234.726898 739.406006 310.490051
v -232.782623 737.461670 312.293976
v -160.928925 740.211426 307.949707
v -161.734253 739.406006 310.490051
v -163.678528 737.461670 312.293976
v -235.532257 412.368988 307.949707
v -234.726898 413.174347 310.490051
v -232.782623 415.118652 312.293976
v -160.928925 412.368988 307.949707
v -161.734253 413.174347 310.490051
v -163.678528 415.118652 312.293976
vt 0.482856 0.760081
vt 0.483252 0.757997
vt 0.528766 0.757917
vt 0.529138 0.759981
vt 0.483770 0.755623
vt 0.528273 0.755575
vt 0.483630 0.495619
vt 0.483135 0.493277
vt 0.528650 0.493191
vt 0.528133 0.495566
vt 0.482763 0.491214
vt 0.529046 0.491107
vt 0.481044 0.777720
vt 0.531054 0.778497
vt 0.480839 0.472700
vt 0.530849 0.473466
vt 0.540030 0.501950
vt 0.558424 0.499778
vt 0.558380 0.751304
vt 0.540239 0.749274
vt 0.453524 0.499893
vt 0.471664 0.501924
vt 0.471875 0.749236
vt 0.453481 0.751407
vt 0.475108 0.757001
vt 0.473112 0.776085
vt 0.537033 0.756957
vt 0.556536 0.759192
vt 0.474870 0.494239
vt 0.455368 0.492004
vt 0.536796 0.494185
vt 0.538782 0.475097
vt 0.476501 0.748435
vt 0.535612 0.748460
vt 0.533518 0.753505
vt 0.478575 0.753530
vt 0.533328 0.497658
vt 0.535404 0.502750
vt 0.476291 0.502737
vt 0.478386 0.497689
vt 0.535415 0.755370
vt 0.476489 0.495825
vt 0.474042 0.748896
vt 0.476697 0.755400
vt 0.473830 0.502269
vt 0.538074 0.748928
vt 0.537863 0.502289
vt 0.535207 0.495787
vt 0.556463 0.492120
vt 0.473147 0.474536
vt 0.538747 0.776664
vt 0.455442 0.759065
vn 0.000000 0.923876 0.382691
vn 0.000000 0.923876 0.382691
vn 0.000000 0.923876 0.382691
vn 0.000000 0.923876 0.382691
vn -0.030252 0.574717 0.817793
vn -0.010097 0.232145 0.972629
vn 0.010097 0.232144 0.972629
vn 0.030251 0.574718 0.817792
vn -0.010097 -0.232149 0.972628
vn -0.030251 -0.574718 0.817792
vn 0.030250 -0.574718 0.817792
vn 0.010097 -0.232148 0.972628
vn -0.047522 -0.921447 0.385587
vn -0.054374 -0.997692 0.040675
vn 0.054374 -0.997692 0.040675
vn 0.047522 -0.921447 0.385588
vn -0.054418 0.998518 0.000000
vn -0.054376 0.997692 0.040678
vn 0.054376 0.997692 0.040678
vn 0.054418 0.998518 0.000000
vn -0.054374 -0.997692 0.040675
vn -0.054416 -0.998518 0.000000
vn 0.054416 -0.998518 0.000000
vn 0.054374 -0.997692 0.040675
vn 0.999103 -0.011140 0.040866
vn 0.999937 -0.011257 0.000000
vn 0.999937 0.011257 0.000000
vn 0.999103 0.011140 0.040866
vn -0.999937 -0.011256 0.000000
vn -0.999103 -0.011140 0.040862
vn -0.999103 0.011140 0.040862
vn -0.999937 0.011256 0.000000
vn -0.999103 0.011140 0.040862
vn -0.923084 0.382351 0.041513
vn -0.923881 0.382681 0.000000
vn -0.999937 0.011256 0.000000
vn -0.382418 0.923229 0.037492
vn -0.054376 0.997692 0.040678
vn -0.054418 0.998518 0.000000
vn -0.382687 0.923878 0.000000
vn 0.054376 0.997692 0.040678
vn 0.382418 0.923229 0.037492
vn 0.382687 0.923878 0.000000
vn 0.054418 0.998518 0.000000
vn 0.923083 0.382354 0.041515
vn 0.999103 0.011140 0.040866
vn 0.999937 0.011257 0.000000
vn 0.923879 0.382684 0.000000
vn -0.054374 -0.997692 0.040675
vn -0.382407 -0.923233 0.037490
vn -0.382676 -0.923883 0.000000
vn -0.054416 -0.998518 0.000000
vn -0.923085 -0.382348 0.041512
vn -0.999103 -0.011140 0.040862
vn -0.999937 -0.011256 0.000000
vn -0.923882 -0.382678 0.000000
vn 0.999103 -0.011140 0.040866
vn 0.923084 -0.382351 0.041514
vn 0.923881 -0.382681 0.000000
vn 0.999937 -0.011257 0.000000
vn 0.382407 -0.923233 0.037490
vn 0.054374 -0.997692 0.040675
vn 0.054416 -0.998518 0.000000
vn 0.382676 -0.923883 0.000000
vn -0.024199 0.000281 0.999707
vn 0.024199 0.000281 0.999707
vn 0.021099 0.024452 0.999478
vn -0.021099 0.024452 0.999478
vn 0.021099 -0.024451 0.999478
vn 0.024199 -0.000281 0.999707
vn -0.024199 -0.000281 0.999707
vn -0.021099 -0.024451 0.999478
vn -0.021099 0.024452 0.999478
vn 0.021099 0.024452 0.999478
vn 0.010097 0.232144 0.972629
vn -0.010097 0.232145 0.972629
vn -0.024199 -0.000281 0.999707
vn 0.024199 -0.000281 0.999707
vn 0.024199 0.000281 0.999707
vn -0.024199 0.000281 0.999707
vn 0.021099 -0.024451 0.999478
vn -0.021099 -0.024451 0.999478
vn -0.010097 -0.232149 0.972628
vn 0.010097 -0.232148 0.972628
vn 0.054376 0.997692 0.040678
vn 0.047523 0.921438 0.385609
vn 0.353554 0.853547 0.382698
vn 0.382418 0.923229 0.037492
vn 0.030251 0.574718 0.817792
vn 0.010097 0.232144 0.972629
vn 0.021099 0.024452 0.999478
vn 0.417549 0.357521 0.835363
vn -0.054374 -0.997692 0.040675
vn -0.047522 -0.921447 0.385587
vn -0.353549 -0.853557 0.382680
vn -0.382407 -0.923233 0.037490
vn -0.030251 -0.574718 0.817792
vn -0.010097 -0.232149 0.972628
vn -0.021099 -0.024451 0.999478
vn -0.417547 -0.357519 0.835365
vn -0.999103 0.011140 0.040862
vn -0.923521 0.010710 0.383398
vn -0.853555 0.353555 0.382679
vn -0.923084 0.382351 0.041513
vn -0.578401 0.004378 0.815741
vn -0.024199 0.000281 0.999707
vn -0.021099 0.024452 0.999478
vn -0.417547 0.357520 0.835364
vn -0.024199 0.000281 0.999707
vn -0.578401 0.004378 0.815741
vn -0.578401 -0.004378 0.815741
vn -0.024199 -0.000281 0.999707
vn -0.923521 0.010710 0.383398
vn -0.999103 0.011140 0.040862
vn -0.999103 -0.011140 0.040862
vn -0.923522 -0.010710 0.383397
vn 0.999103 0.011140 0.040866
vn 0.923507 0.010710 0.383433
vn 0.923507 -0.010710 0.383433
vn 0.999103 -0.011140 0.040866
vn 0.578407 0.004378 0.815737
vn 0.024199 0.000281 0.999707
vn 0.024199 -0.000281 0.999707
vn 0.578407 -0.004378 0.815737
vn 0.999103 -0.011140 0.040866
vn 0.923507 -0.010710 0.383433
vn 0.853553 -0.353549 0.382689
vn 0.923084 -0.382351 0.041514
vn 0.578407 -0.004378 0.815737
vn 0.024199 -0.000281 0.999707
vn 0.021099 -0.024451 0.999478
vn 0.417549 -0.357519 0.835364
vn -0.010097 0.232145 0.972629
vn -0.030252 0.574717 0.817793
vn -0.417547 0.357520 0.835364
vn -0.021099 0.024452 0.999478
vn -0.047523 0.921438 0.385609
vn -0.054376 0.997692 0.040678
vn -0.382418 0.923229 0.037492
vn -0.353555 0.853547 0.382696
vn 0.024199 0.000281 0.999707
vn 0.578407 0.004378 0.815737
vn 0.417549 0.357521 0.835363
vn 0.021099 0.024452 0.999478
vn 0.923507 0.010710 0.383433
vn 0.999103 0.011140 0.040866
vn 0.923083 0.382354 0.041515
vn 0.853549 0.353551 0.382695
vn -0.024199 -0.000281 0.999707
vn -0.578401 -0.004378 0.815741
vn -0.417547 -0.357519 0.835365
vn -0.021099 -0.024451 0.999478
vn -0.923522 -0.010710 0.383397
vn -0.999103 -0.011140 0.040862
vn -0.923085 -0.382348 0.041512
vn -0.853559 -0.353554 0.382671
vn 0.010097 -0.232148 0.972628
vn 0.030250 -0.574718 0.817792
vn 0.417549 -0.357519 0.835364
vn 0.021099 -0.024451 0.999478
vn 0.047522 -0.921447 0.385588
vn 0.054374 -0.997692 0.040675
vn 0.382407 -0.923233 0.037490
vn 0.353547 -0.853557 0.382682
s off
g S_U_20 Window_20
usemtl set10
f 2229/3006/8352 2228/3007/8353 2231/3008/8354 2230/3009/8355
f 2228/3007/8356 2227/3010/8357 2232/3011/8358 2231/3008/8359
f 2235/3012/8360 2234/3013/8361 2237/3014/8362 2236/3015/8363
f 2234/3013/8364 2233/3016/8365 2238/3017/8366 2237/3014/8367
f 2217/3018/8368 2229/3006/8369 2230/3009/8370 2219/3019/8371
f 2233/3016/8372 2223/3020/8373 2225/3021/8374 2238/3017/8375
f 2248/3022/8376 2226/3023/8377 2218/3024/8378 2245/3025/8379
f 2222/3026/8380 2242/3027/8381 2239/3028/8382 2215/3029/8383
f 2239/3028/8384 2251/3030/8385 2216/3057/8386 2215/3029/8387
f 2251/3030/8388 2229/3006/8389 2217/3018/8390 2216/3031/8391
f 2230/3009/8392 2254/3032/8393 2220/3056/8394 2219/3019/8395
f 2254/3032/8396 2245/3025/8397 2218/3024/8398 2220/3033/8399
f 2233/3016/8400 2257/3034/8401 2221/3055/8402 2223/3020/8403
f 2257/3034/8404 2242/3027/8405 2222/3026/8406 2221/3035/8407
f 2248/3022/8408 2260/3036/8409 2224/3054/8410 2226/3023/8411
f 2260/3036/8412 2238/3017/8413 2225/3021/8414 2224/3037/8415
f 2241/3038/8416 2247/3039/8417 2256/3040/8418 2253/3041/8419
f 2262/3042/8420 2250/3043/8421 2244/3044/8422 2259/3045/8423
f 2253/3041/8424 2256/3040/8425 2232/3011/8426 2227/3010/8427
f 2244/3044/8428 2250/3043/8429 2247/3039/8430 2241/3038/8431
f 2262/3042/8432 2259/3045/8433 2235/3012/8434 2236/3015/8435
f 2230/3009/8436 2231/3008/8437 2255/3046/8438 2254/3032/8439
f 2231/3008/8440 2232/3011/8441 2256/3040/8442 2255/3046/8443
f 2233/3016/8444 2234/3013/8445 2258/3047/8446 2257/3034/8447
f 2234/3013/8448 2235/3012/8449 2259/3045/8450 2258/3047/8451
f 2239/3028/8452 2240/3048/8453 2252/3049/8454 2251/3030/8455
f 2240/3048/8456 2241/3038/8457 2253/3041/8458 2252/3049/8459
f 2241/3038/8460 2240/3048/8461 2243/3050/8462 2244/3044/8463
f 2240/3048/8464 2239/3028/8465 2242/3027/8466 2243/3050/8467
f 2245/3025/8468 2246/3051/8469 2249/3052/8470 2248/3022/8471
f 2246/3051/8472 2247/3039/8473 2250/3043/8474 2249/3052/8475
f 2248/3022/8476 2249/3052/8477 2261/3053/8478 2260/3036/8479
f 2249/3052/8480 2250/3043/8481 2262/3042/8482 2261/3053/8483
f 2227/3010/8484 2228/3007/8485 2252/3049/8486 2253/3041/8487
f 2228/3007/8488 2229/3006/8489 2251/3030/8490 2252/3049/8491
f 2247/3039/8492 2246/3051/8493 2255/3046/8494 2256/3040/8495
f 2246/3051/8496 2245/3025/8497 2254/3032/8498 2255/3046/8499
f 2244/3044/8500 2243/3050/8501 2258/3047/8502 2259/3045/8503
f 2243/3050/8504 2242/3027/8505 2257/3034/8506 2258/3047/8507
f 2236/3015/8508 2237/3014/8509 2261/3053/8510 2262/3042/8511
f 2237/3014/8512 2238/3017/8513 2260/3036/8514 2261/3053/8515
g default
v -353.334259 354.404602 308.210571
v -353.424103 355.410461 307.794281
v -353.461334 355.827087 306.789307
v -280.824249 355.827087 306.789978
v -280.865204 355.411011 307.794495
v -280.964142 354.406494 308.210571
v -353.461334 355.827087 295.417145
v -280.824249 355.827087 295.417816
v -353.461334 253.305450 295.417816
v -280.824249 253.305450 295.417145
v -353.461334 253.305450 306.789978
v -353.420319 253.721527 307.794495
v -353.321381 254.726044 308.210571
v -280.951324 254.727936 308.210571
v -280.861481 253.722076 307.794281
v -280.824249 253.305450 306.789307
v -271.745758 346.748627 295.417145
v -271.745758 262.383942 295.417725
v -273.167999 346.619843 308.210571
v -272.162323 346.710907 307.794312
v -271.745758 346.748627 306.789398
v -271.745758 262.383942 306.789978
v -272.161835 262.424927 307.794495
v -273.166351 262.523865 308.210571
v -362.539825 346.748627 306.789978
v -362.123749 346.707642 307.794495
v -361.119232 346.608704 308.210571
v -361.117584 262.512726 308.210571
v -362.123260 262.421661 307.794312
v -362.539825 262.383942 306.789398
v -362.539825 346.748627 295.417725
v -362.539825 262.383942 295.417145
v -361.848785 350.222778 306.789978
v -361.456818 350.060425 307.794495
v -360.510590 349.668488 308.210571
v -361.848785 350.222778 295.417175
v -359.880829 353.168091 306.789948
v -359.584076 352.865479 307.794495
v -358.867645 352.134918 308.210571
v -359.880829 353.168091 295.417175
v -356.935516 355.136047 306.789948
v -356.776886 354.742981 307.794495
v -356.393890 353.794067 308.210571
v -356.935516 355.136047 295.417175
v -277.350067 355.136047 306.789948
v -277.515900 354.746002 307.794495
v -277.916290 353.804321 308.210571
v -277.350067 355.136047 295.417175
v -274.404755 353.168091 306.789948
v -274.707001 352.870880 307.794495
v -275.436676 352.153381 308.210571
v -274.404755 353.168091 295.417175
v -272.436798 350.222778 306.789948
v -272.829681 350.063629 307.794495
v -273.778290 349.679443 308.210571
v -272.436798 350.222778 295.417145
v -356.935516 253.996521 306.789948
v -356.769684 254.386566 307.794495
v -356.369293 255.328247 308.210571
v -356.935516 253.996521 295.417175
v -359.880829 255.964478 306.789948
v -359.578583 256.261688 307.794495
v -358.848907 256.979187 308.210571
v -359.880829 255.964478 295.417175
v -361.848785 258.909760 306.789948
v -361.455841 259.068909 307.794495
v -360.507294 259.453094 308.210571
v -361.848785 258.909760 295.417145
v -272.436798 258.909760 306.789978
v -272.828766 259.072113 307.794495
v -273.774994 259.464050 308.210571
v -272.436798 258.909760 295.417175
v -274.404755 255.964478 306.789948
v -274.701508 256.267090 307.794495
v -275.417938 256.997650 308.210571
v -274.404755 255.964478 295.417175
v -277.350067 253.996521 306.789948
v -277.508698 254.389557 307.794495
v -277.891693 255.338470 308.210571
v -277.350067 253.996521 295.417175
vt 0.607649 0.641077
vt 0.171985 0.749939
vt 0.172108 0.748360
vt 0.591134 0.641075
vt 0.277565 0.748374
vt 0.277694 0.749953
vt 0.591147 0.535591
vt 0.607662 0.535593
vt 0.591183 0.266439
vt 0.607698 0.266441
vt 0.172251 0.746779
vt 0.277408 0.746793
vt 0.172283 0.602038
vt 0.172126 0.600458
vt 0.277583 0.600474
vt 0.607685 0.371925
vt 0.591170 0.371923
vt 0.277439 0.602056
vt 0.591166 0.392499
vt 0.607681 0.392502
vt 0.607666 0.515016
vt 0.171998 0.598879
vt 0.277706 0.598896
vt 0.591151 0.515014
vt 0.291867 0.735783
vt 0.290290 0.735650
vt 0.290294 0.613197
vt 0.291872 0.613058
vt 0.288708 0.735495
vt 0.288714 0.613364
vt 0.607630 0.784168
vt 0.591115 0.784166
vt 0.591131 0.661651
vt 0.607646 0.661653
vt 0.591132 0.656507
vt 0.607647 0.656509
vt 0.591132 0.651363
vt 0.607648 0.651365
vt 0.591133 0.646219
vt 0.607648 0.646221
vt 0.591148 0.530446
vt 0.607664 0.530449
vt 0.591149 0.525302
vt 0.607665 0.525305
vt 0.591149 0.520158
vt 0.607665 0.520160
vt 0.591184 0.261295
vt 0.607699 0.261297
vt 0.591184 0.256151
vt 0.607629 0.794456
vt 0.591114 0.789310
vt 0.607630 0.789312
vt 0.591167 0.387355
vt 0.607683 0.387357
vt 0.591168 0.382211
vt 0.607683 0.382213
vt 0.591168 0.377067
vt 0.607684 0.377069
vt 0.281840 0.602943
vt 0.283049 0.600043
vt 0.282447 0.601477
vt 0.285380 0.605350
vt 0.287597 0.603081
vt 0.286495 0.604213
vt 0.161924 0.608899
vt 0.159036 0.607652
vt 0.160977 0.735469
vt 0.159397 0.735637
vt 0.159402 0.613184
vt 0.160983 0.613338
vt 0.157819 0.735775
vt 0.157824 0.613050
vt 0.287768 0.739934
vt 0.161925 0.739905
vt 0.282439 0.747374
vt 0.283072 0.748824
vt 0.281805 0.745920
vt 0.167252 0.601457
vt 0.166619 0.600008
vt 0.167886 0.602912
vt 0.289223 0.608292
vt 0.290667 0.607644
vt 0.287766 0.608929
vt 0.160468 0.740542
vt 0.159024 0.741190
vt 0.163196 0.744620
vt 0.162094 0.745753
vt 0.164311 0.743483
vt 0.167244 0.747358
vt 0.166642 0.748792
vt 0.167852 0.745892
vt 0.286497 0.744640
vt 0.287620 0.745750
vt 0.285363 0.743524
vt 0.289229 0.740558
vt 0.290656 0.741181
vt 0.163194 0.604193
vt 0.162072 0.603083
vt 0.164328 0.605309
vt 0.160462 0.608275
vt 0.591113 0.794454
vt 0.607700 0.256153
vn -0.000006 0.923824 0.382816
vn -0.000006 0.923824 0.382816
vn -0.000006 0.923824 0.382816
vn -0.000006 0.923824 0.382816
vn -0.000008 0.382537 0.923940
vn -0.000008 0.382537 0.923940
vn -0.000008 0.382537 0.923940
vn -0.000008 0.382537 0.923940
vn 0.000008 -0.382537 0.923940
vn 0.000008 -0.382537 0.923940
vn 0.000008 -0.382537 0.923940
vn 0.000008 -0.382537 0.923940
vn 0.000006 -0.923822 0.382822
vn 0.000006 -0.923822 0.382822
vn 0.000006 -0.923822 0.382822
vn 0.000006 -0.923822 0.382822
vn 0.923829 0.000005 0.382806
vn 0.923829 0.000005 0.382806
vn 0.923829 0.000005 0.382806
vn 0.923829 0.000005 0.382806
vn 0.382574 0.000006 0.923925
vn 0.382574 0.000006 0.923925
vn 0.382574 0.000006 0.923925
vn 0.382574 0.000006 0.923925
vn -0.382574 -0.000006 0.923925
vn -0.382574 -0.000006 0.923925
vn -0.382574 -0.000006 0.923925
vn -0.382574 -0.000006 0.923925
vn -0.923834 -0.000004 0.382793
vn -0.923834 -0.000004 0.382793
vn -0.923834 -0.000004 0.382793
vn -0.923834 -0.000004 0.382793
vn 0.000000 1.000000 0.000000
vn 0.000000 1.000000 0.000000
vn 0.000000 1.000000 0.000000
vn 0.000000 1.000000 0.000000
vn 0.000000 -1.000000 0.000000
vn 0.000000 -1.000000 0.000000
vn 0.000000 -1.000000 0.000000
vn 0.000000 -1.000000 0.000000
vn 1.000000 0.000000 0.000000
vn 1.000000 0.000000 0.000000
vn 1.000000 0.000000 0.000000
vn 1.000000 0.000000 0.000000
vn -1.000000 0.000000 0.000000
vn -1.000000 0.000000 0.000000
vn -1.000000 0.000000 0.000000
vn -1.000000 0.000000 0.000000
vn -0.980786 0.195088 0.000000
vn -0.980786 0.195088 0.000000
vn -0.980786 0.195088 0.000000
vn -0.980786 0.195087 0.000000
vn -0.831477 0.555559 0.000000
vn -0.831477 0.555559 0.000000
vn -0.831477 0.555559 0.000000
vn -0.831477 0.555559 0.000000
vn -0.555563 0.831474 0.000000
vn -0.555563 0.831474 0.000000
vn -0.555563 0.831474 0.000000
vn -0.555563 0.831474 0.000000
vn -0.195086 0.980786 0.000000
vn -0.195086 0.980786 0.000000
vn -0.195086 0.980786 0.000000
vn -0.195086 0.980786 0.000000
vn 0.195086 0.980786 0.000000
vn 0.195086 0.980786 0.000000
vn 0.195086 0.980786 0.000000
vn 0.195086 0.980786 0.000000
vn 0.555566 0.831472 0.000000
vn 0.555566 0.831472 0.000000
vn 0.555566 0.831472 0.000000
vn 0.555566 0.831472 0.000000
vn 0.831476 0.555561 0.000000
vn 0.831476 0.555561 0.000000
vn 0.831476 0.555561 0.000000
vn 0.831476 0.555561 0.000000
vn 0.980785 0.195093 0.000000
vn 0.980785 0.195093 0.000000
vn 0.980785 0.195093 0.000000
vn 0.980785 0.195093 0.000000
vn -0.195093 -0.980785 0.000000
vn -0.195093 -0.980785 0.000000
vn -0.195093 -0.980785 0.000000
vn -0.195093 -0.980785 0.000000
vn -0.555563 -0.831474 0.000000
vn -0.555563 -0.831474 0.000000
vn -0.555563 -0.831474 0.000000
vn -0.555563 -0.831474 0.000000
vn -0.831476 -0.555561 0.000000
vn -0.831476 -0.555561 0.000000
vn -0.831476 -0.555561 0.000000
vn -0.831476 -0.555561 0.000000
vn -0.980786 -0.195086 0.000000
vn -0.980786 -0.195086 0.000000
vn -0.980786 -0.195086 0.000000
vn -0.980786 -0.195086 0.000000
vn 0.980785 -0.195092 0.000000
vn 0.980785 -0.195092 0.000000
vn 0.980785 -0.195092 0.000000
vn 0.980785 -0.195092 0.000000
vn 0.831472 -0.555566 0.000000
vn 0.831472 -0.555566 0.000000
vn 0.831472 -0.555566 0.000000
vn 0.831472 -0.555566 0.000000
vn 0.555566 -0.831472 0.000000
vn 0.555566 -0.831472 0.000000
vn 0.555566 -0.831472 0.000000
vn 0.555566 -0.831472 0.000000
vn 0.195095 -0.980784 0.000000
vn 0.195095 -0.980784 0.000000
vn 0.195095 -0.980784 0.000000
vn 0.195095 -0.980784 0.000000
vn 0.000000 0.000000 1.000000
vn 0.000000 0.000000 1.000000
vn 0.000000 0.000000 1.000000
vn 0.000000 0.000000 1.000000
vn 0.180132 0.906357 0.382191
vn 0.180132 0.906357 0.382191
vn 0.180132 0.906357 0.382191
vn 0.180132 0.906357 0.382191
vn 0.074456 0.375836 0.923690
vn 0.074456 0.375836 0.923690
vn 0.074456 0.375836 0.923690
vn 0.074456 0.375836 0.923690
vn -0.180134 -0.906344 0.382219
vn -0.180134 -0.906344 0.382219
vn -0.180134 -0.906344 0.382219
vn -0.180134 -0.906344 0.382219
vn -0.074464 -0.375854 0.923682
vn -0.074464 -0.375854 0.923682
vn -0.074464 -0.375854 0.923682
vn -0.074464 -0.375854 0.923682
vn 0.906131 -0.180242 0.382674
vn 0.906131 -0.180242 0.382674
vn 0.906131 -0.180242 0.382674
vn 0.906131 -0.180242 0.382674
vn 0.375334 -0.074659 0.923878
vn 0.375334 -0.074659 0.923878
vn 0.375334 -0.074660 0.923878
vn 0.375334 -0.074659 0.923878
vn -0.906122 0.180236 0.382698
vn -0.906122 0.180236 0.382698
vn -0.906122 0.180236 0.382698
vn -0.906122 0.180236 0.382698
vn -0.375336 0.074658 0.923877
vn -0.375336 0.074658 0.923877
vn -0.375336 0.074658 0.923877
vn -0.375336 0.074658 0.923877
vn -0.768438 0.513240 0.382214
vn -0.768438 0.513240 0.382214
vn -0.768438 0.513240 0.382214
vn -0.768438 0.513240 0.382214
vn -0.318769 0.212594 0.923683
vn -0.318769 0.212594 0.923683
vn -0.318769 0.212594 0.923683
vn -0.318769 0.212594 0.923683
vn -0.513502 0.768168 0.382405
vn -0.513502 0.768168 0.382405
vn -0.513502 0.768168 0.382405
vn -0.513502 0.768168 0.382405
vn -0.213102 0.318208 0.923759
vn -0.213102 0.318208 0.923759
vn -0.213102 0.318208 0.923759
vn -0.213102 0.318208 0.923759
vn -0.074759 0.375324 0.923874
vn -0.074759 0.375324 0.923874
vn -0.074759 0.375324 0.923874
vn -0.074759 0.375324 0.923874
vn -0.180262 0.906125 0.382680
vn -0.180262 0.906125 0.382680
vn -0.180262 0.906125 0.382680
vn -0.180262 0.906125 0.382680
vn 0.513192 0.768376 0.382403
vn 0.513192 0.768376 0.382403
vn 0.513192 0.768376 0.382403
vn 0.513192 0.768376 0.382403
vn 0.212445 0.318616 0.923770
vn 0.212445 0.318616 0.923770
vn 0.212445 0.318616 0.923770
vn 0.212445 0.318616 0.923770
vn 0.768170 0.513487 0.382422
vn 0.768170 0.513487 0.382422
vn 0.768170 0.513487 0.382422
vn 0.768170 0.513487 0.382422
vn 0.318207 0.213039 0.923774
vn 0.318207 0.213039 0.923774
vn 0.318207 0.213039 0.923774
vn 0.318207 0.213039 0.923774
vn 0.375300 0.074754 0.923884
vn 0.375300 0.074754 0.923884
vn 0.375300 0.074754 0.923884
vn 0.375300 0.074754 0.923884
vn 0.906133 0.180260 0.382661
vn 0.906133 0.180260 0.382661
vn 0.906133 0.180260 0.382661
vn 0.906133 0.180260 0.382661
vn -0.513186 -0.768383 0.382398
vn -0.513186 -0.768383 0.382398
vn -0.513186 -0.768383 0.382398
vn -0.513186 -0.768383 0.382398
vn -0.212441 -0.318613 0.923772
vn -0.212441 -0.318613 0.923772
vn -0.212441 -0.318613 0.923772
vn -0.212441 -0.318613 0.923772
vn -0.768165 -0.513478 0.382443
vn -0.768165 -0.513478 0.382443
vn -0.768165 -0.513478 0.382443
vn -0.768165 -0.513478 0.382443
vn -0.318210 -0.213038 0.923773
vn -0.318210 -0.213038 0.923773
vn -0.318210 -0.213038 0.923773
vn -0.318210 -0.213038 0.923773
vn -0.375319 -0.074756 0.923876
vn -0.375319 -0.074756 0.923876
vn -0.375319 -0.074756 0.923876
vn -0.375319 -0.074756 0.923876
vn -0.906131 -0.180274 0.382660
vn -0.906131 -0.180274 0.382660
vn -0.906131 -0.180274 0.382660
vn -0.906131 -0.180274 0.382660
vn 0.768439 -0.513256 0.382190
vn 0.768439 -0.513256 0.382190
vn 0.768439 -0.513256 0.382190
vn 0.768439 -0.513256 0.382190
vn 0.318751 -0.212592 0.923690
vn 0.318751 -0.212592 0.923690
vn 0.318751 -0.212592 0.923690
vn 0.318751 -0.212592 0.923690
vn 0.513521 -0.768163 0.382390
vn 0.513521 -0.768163 0.382390
vn 0.513521 -0.768163 0.382390
vn 0.513521 -0.768163 0.382390
vn 0.213106 -0.318216 0.923756
vn 0.213106 -0.318216 0.923756
vn 0.213106 -0.318216 0.923756
vn 0.213106 -0.318216 0.923756
vn 0.074757 -0.375312 0.923879
vn 0.074757 -0.375312 0.923879
vn 0.074757 -0.375312 0.923879
vn 0.074757 -0.375312 0.923879
vn 0.180271 -0.906129 0.382665
vn 0.180271 -0.906129 0.382665
vn 0.180271 -0.906129 0.382665
vn 0.180271 -0.906129 0.382665
vn 0.000000 0.000000 1.000000
vn 0.000000 0.000000 1.000000
vn 0.000000 0.000000 1.000000
vn 0.000000 0.000000 1.000000
vn 0.000000 0.000000 1.000000
vn 0.000000 0.000000 1.000000
vn 0.000000 0.000000 1.000000
vn 0.000000 0.000000 1.000000
vn 0.000000 0.000000 1.000000
vn 0.000000 0.000000 1.000000
vn 0.000000 0.000000 1.000000
vn 0.000000 0.000000 1.000000
vn 0.000000 0.000000 1.000000
vn 0.000000 0.000000 1.000000
vn 0.000000 0.000000 1.000000
vn 0.000000 0.000000 1.000000
vn 0.000000 0.000000 1.000000
vn 0.000000 0.000000 1.000000
vn 0.000000 0.000000 1.000000
vn 0.000000 0.000000 1.000000
vn 0.000000 0.000000 1.000000
vn 0.000000 0.000000 1.000000
vn 0.000000 0.000000 1.000000
vn 0.000000 0.000000 1.000000
vn 0.000000 0.000000 1.000000
vn 0.000000 0.000000 1.000000
vn 0.000000 0.000000 1.000000
vn 0.000000 0.000000 1.000000
vn 0.000000 0.000000 1.000000
vn 0.000000 0.000000 1.000000
vn 0.000000 0.000000 1.000000
vn 0.000000 0.000000 1.000000
s off
g S_U_20 Window_16
usemtl set10
f 2265/3059/8516 2264/3060/8517 2267/3062/8518 2266/3063/8519
f 2264/3060/8520 2263/3068/8521 2268/3069/8522 2267/3062/8523
f 2275/3070/8524 2274/3071/8525 2277/3072/8526 2276/3075/8527
f 2274/3071/8528 2273/3079/8529 2278/3080/8530 2277/3072/8531
f 2283/3082/8532 2282/3083/8533 2285/3084/8534 2284/3085/8535
f 2282/3083/8536 2281/3086/8537 2286/3087/8538 2285/3084/8539
f 2289/3124/8540 2288/3125/8541 2291/3126/8542 2290/3127/8543
f 2288/3125/8544 2287/3128/8545 2292/3129/8546 2291/3126/8547
f 2269/3058/8548 2265/3061/8549 2266/3064/8550 2270/3065/8551
f 2273/3066/8552 2271/3067/8553 2272/3073/8554 2278/3074/8555
f 2284/3076/8556 2280/3077/8557 2279/3078/8558 2283/3081/8559
f 2294/3088/8560 2292/3089/8561 2287/3090/8562 2293/3091/8563
f 2287/3090/8564 2295/3092/8565 2298/3093/8566 2293/3091/8567
f 2295/3092/8568 2299/3094/8569 2302/3095/8570 2298/3093/8571
f 2299/3094/8572 2303/3096/8573 2306/3097/8574 2302/3095/8575
f 2303/3096/8576 2265/3061/8577 2269/3058/8578 2306/3097/8579
f 2266/3064/8580 2307/3098/8581 2310/3099/8582 2270/3065/8583
f 2307/3098/8584 2311/3100/8585 2314/3101/8586 2310/3099/8587
f 2311/3100/8588 2315/3102/8589 2318/3103/8590 2314/3101/8591
f 2315/3102/8592 2283/3081/8593 2279/3078/8594 2318/3103/8595
f 2273/3066/8596 2319/3104/8597 2322/3105/8598 2271/3067/8599
f 2319/3104/8600 2323/3106/8601 2326/3159/8602 2322/3105/8603
f 2323/3158/8604 2327/3108/8605 2330/3109/8606 2326/3107/8607
f 2327/3108/8608 2292/3089/8609 2294/3088/8610 2330/3109/8611
f 2284/3076/8612 2331/3110/8613 2334/3111/8614 2280/3077/8615
f 2331/3110/8616 2335/3112/8617 2338/3113/8618 2334/3111/8619
f 2335/3112/8620 2339/3114/8621 2342/3115/8622 2338/3113/8623
f 2339/3114/8624 2278/3074/8625 2272/3073/8626 2342/3115/8627
f 2289/3124/8628 2281/3086/8629 2317/3130/8630 2297/3131/8631
f 2266/3063/8632 2267/3062/8633 2308/3132/8634 2307/3133/8635
f 2267/3062/8636 2268/3069/8637 2309/3134/8638 2308/3132/8639
f 2273/3079/8640 2274/3071/8641 2320/3135/8642 2319/3136/8643
f 2274/3071/8644 2275/3070/8645 2321/3137/8646 2320/3135/8647
f 2284/3085/8648 2285/3084/8649 2332/3138/8650 2331/3139/8651
f 2285/3084/8652 2286/3087/8653 2333/3140/8654 2332/3138/8655
f 2287/3128/8656 2288/3125/8657 2296/3141/8658 2295/3142/8659
f 2288/3125/8660 2289/3124/8661 2297/3131/8662 2296/3141/8663
f 2295/3142/8664 2296/3141/8665 2300/3143/8666 2299/3144/8667
f 2296/3141/8668 2297/3131/8669 2301/3145/8670 2300/3143/8671
f 2299/3144/8672 2300/3143/8673 2304/3146/8674 2303/3147/8675
f 2300/3143/8676 2301/3145/8677 2305/3148/8678 2304/3146/8679
f 2263/3068/8680 2264/3060/8681 2304/3146/8682 2305/3148/8683
f 2264/3060/8684 2265/3059/8685 2303/3147/8686 2304/3146/8687
f 2307/3133/8688 2308/3132/8689 2312/3149/8690 2311/3150/8691
f 2308/3132/8692 2309/3134/8693 2313/3151/8694 2312/3149/8695
f 2311/3150/8696 2312/3149/8697 2316/3152/8698 2315/3153/8699
f 2312/3149/8700 2313/3151/8701 2317/3130/8702 2316/3152/8703
f 2281/3086/8704 2282/3083/8705 2316/3152/8706 2317/3130/8707
f 2282/3083/8708 2283/3082/8709 2315/3153/8710 2316/3152/8711
f 2319/3136/8712 2320/3135/8713 2324/3154/8714 2323/3155/8715
f 2320/3135/8716 2321/3137/8717 2325/3156/8718 2324/3154/8719
f 2323/3155/8720 2324/3154/8721 2328/3157/8722 2327/3123/8723
f 2324/3154/8724 2325/3156/8725 2329/3122/8726 2328/3157/8727
f 2290/3127/8728 2291/3126/8729 2328/3157/8730 2329/3122/8731
f 2291/3126/8732 2292/3129/8733 2327/3123/8734 2328/3157/8735
f 2331/3139/8736 2332/3138/8737 2336/3121/8738 2335/3120/8739
f 2332/3138/8740 2333/3140/8741 2337/3119/8742 2336/3121/8743
f 2335/3120/8744 2336/3121/8745 2340/3118/8746 2339/3117/8747
f 2336/3121/8748 2337/3119/8749 2341/3116/8750 2340/3118/8751
f 2276/3075/8752 2277/3072/8753 2340/3118/8754 2341/3116/8755
f 2277/3072/8756 2278/3080/8757 2339/3117/8758 2340/3118/8759
f 2290/3127/8760 2286/3087/8761 2281/3086/8762 2289/3124/8763
f 2305/3148/8764 2309/3134/8765 2268/3069/8766 2263/3068/8767
f 2297/3131/8768 2317/3130/8769 2313/3151/8770 2301/3145/8771
f 2301/3145/8772 2313/3151/8773 2309/3134/8774 2305/3148/8775
f 2325/3156/8776 2337/3119/8777 2333/3140/8778 2329/3122/8779
f 2329/3122/8780 2333/3140/8781 2286/3087/8782 2290/3127/8783
f 2341/3116/8784 2321/3137/8785 2275/3070/8786 2276/3075/8787
f 2341/3116/8788 2337/3119/8789 2325/3156/8790 2321/3137/8791
g default
v -217.741119 355.287537 308.219116
v -217.662018 356.292053 307.803040
v -217.629303 356.708130 306.798523
v -263.030884 356.708130 306.798523
v -262.989929 356.292053 307.803040
v -262.890991 355.287537 308.219116
v -217.629303 356.708130 295.425659
v -263.030884 356.708130 295.425659
v -190.393799 254.186493 295.426331
v -263.030884 254.186493 295.425659
v -190.393799 254.186493 306.798523
v -190.434814 254.602570 307.803040
v -190.533691 255.607086 308.219116
v -262.903809 255.608978 308.219116
v -262.993652 254.603119 307.802795
v -263.030884 254.186493 306.797852
v -272.109375 347.629669 295.425659
v -272.109375 263.264984 295.426208
v -270.687195 347.500885 308.219116
v -271.692810 347.591949 307.802856
v -272.109375 347.629669 306.797913
v -272.109375 263.264984 306.798523
v -271.693298 263.305969 307.803040
v -270.688782 263.404907 308.219116
v -181.315308 320.394165 306.798523
v -181.731323 320.361420 307.803040
v -182.735840 320.282349 308.219116
v -182.735840 263.404907 308.219116
v -181.731323 263.305969 307.803040
v -181.315308 263.264984 306.798523
v -181.315308 320.394165 295.425659
v -181.315308 263.264984 295.425659
v -183.092651 331.615814 306.798523
v -183.493286 331.485626 307.803040
v -184.460571 331.171356 308.219116
v -183.092651 331.615814 295.425659
v -188.250610 341.738983 306.798523
v -188.591431 341.491364 307.803040
v -189.414307 340.893555 308.219116
v -188.250610 341.738983 295.425659
v -196.284424 349.772797 306.798523
v -196.532104 349.431976 307.803040
v -197.129883 348.609192 308.219116
v -196.284424 349.772797 295.425659
v -206.407593 354.930817 306.798523
v -206.537842 354.530151 307.803040
v -206.852051 353.562897 308.219116
v -206.407593 354.930817 295.425659
v -266.505066 356.017090 306.798462
v -266.339233 355.627045 307.803040
v -265.938843 354.685364 308.219116
v -266.505066 356.017090 295.425659
v -269.450378 354.049133 306.798462
v -269.148132 353.751923 307.803040
v -268.418457 353.034424 308.219116
v -269.450378 354.049133 295.425659
v -271.418335 351.103821 306.798462
v -271.025452 350.944672 307.803040
v -270.076843 350.560486 308.219116
v -271.418335 351.103821 295.425659
v -186.919556 254.877563 306.798523
v -187.081909 255.269501 307.803040
v -187.473877 256.215729 308.219116
v -186.919556 254.877563 295.425659
v -183.974243 256.845520 306.798523
v -184.274292 257.145508 307.803040
v -184.998535 257.869720 308.219116
v -183.974243 256.845520 295.425659
v -182.006348 259.790802 306.798523
v -182.398315 259.953156 307.803040
v -183.344482 260.345093 308.219116
v -182.006348 259.790802 295.425659
v -271.418335 259.790802 306.798523
v -271.026367 259.953156 307.803040
v -270.080139 260.345093 308.219116
v -271.418335 259.790802 295.425659
v -269.450378 256.845520 306.798462
v -269.153625 257.148132 307.803040
v -268.437195 257.878693 308.219116
v -269.450378 256.845520 295.425659
v -266.505066 254.877563 306.798462
v -266.346436 255.270630 307.803040
v -265.963440 256.219543 308.219116
v -266.505066 254.877563 295.425659
vt 0.651604 0.620119
vt 0.538004 0.753217
vt 0.537899 0.751587
vt 0.668119 0.620116
vt 0.469702 0.751552
vt 0.469562 0.753184
vt 0.668110 0.554184
vt 0.651595 0.554186
vt 0.668074 0.285032
vt 0.651629 0.806155
vt 0.537775 0.749955
vt 0.469869 0.749920
vt 0.578095 0.600195
vt 0.578251 0.598563
vt 0.469659 0.599043
vt 0.651572 0.390518
vt 0.668087 0.390516
vt 0.469811 0.600677
vt 0.668091 0.411093
vt 0.651576 0.411095
vt 0.651592 0.533610
vt 0.578380 0.596931
vt 0.469527 0.597413
vt 0.668107 0.533607
vt 0.454935 0.738541
vt 0.456565 0.738406
vt 0.456602 0.612235
vt 0.454971 0.612092
vt 0.458198 0.738247
vt 0.458234 0.612409
vt 0.651626 0.785578
vt 0.668141 0.785576
vt 0.668130 0.702612
vt 0.651615 0.702615
vt 0.668128 0.686113
vt 0.651612 0.686115
vt 0.668126 0.669614
vt 0.651610 0.669617
vt 0.668123 0.653114
vt 0.651608 0.653117
vt 0.668121 0.636616
vt 0.651605 0.636618
vt 0.668110 0.549040
vt 0.651594 0.549042
vt 0.668108 0.543895
vt 0.651593 0.543898
vt 0.668108 0.538751
vt 0.651592 0.538754
vt 0.668143 0.801008
vt 0.651628 0.801010
vt 0.668143 0.795864
vt 0.651627 0.795866
vt 0.668142 0.790720
vt 0.651626 0.790722
vt 0.668090 0.405948
vt 0.651574 0.405951
vt 0.668089 0.400805
vt 0.651574 0.400807
vt 0.668088 0.395660
vt 0.651573 0.395663
vt 0.590467 0.697441
vt 0.592101 0.697556
vt 0.591406 0.611634
vt 0.589776 0.611832
vt 0.593733 0.697649
vt 0.593033 0.611465
vt 0.588776 0.607251
vt 0.459199 0.607823
vt 0.464669 0.750510
vt 0.464009 0.752004
vt 0.465329 0.749010
vt 0.583266 0.599575
vt 0.583889 0.598094
vt 0.582630 0.601087
vt 0.457692 0.607167
vt 0.456200 0.606500
vt 0.589294 0.714328
vt 0.590839 0.714846
vt 0.587733 0.713806
vt 0.581580 0.729364
vt 0.582903 0.730328
vt 0.580248 0.728392
vt 0.569632 0.741293
vt 0.570595 0.742617
vt 0.568663 0.739959
vt 0.554612 0.748942
vt 0.555119 0.750498
vt 0.554103 0.747375
vt 0.460482 0.747679
vt 0.459319 0.748823
vt 0.461656 0.746528
vt 0.457661 0.743463
vt 0.456186 0.744104
vt 0.459171 0.742819
vt 0.587445 0.602382
vt 0.588583 0.601212
vt 0.586287 0.603552
vt 0.590276 0.606582
vt 0.591762 0.605902
vt 0.460490 0.602944
vt 0.459349 0.601777
vt 0.461645 0.604116
vt 0.464651 0.600100
vt 0.464025 0.598620
vt 0.465283 0.601613
vt 0.668144 0.806152
vt 0.651559 0.285035
vn 0.000000 0.923882 0.382678
vn 0.000000 0.923882 0.382678
vn 0.000000 0.923882 0.382678
vn 0.000000 0.923882 0.382678
vn 0.000000 0.382676 0.923883
vn 0.000000 0.382676 0.923883
vn 0.000000 0.382676 0.923883
vn 0.000000 0.382676 0.923883
vn -0.000008 -0.382537 0.923940
vn -0.000008 -0.382537 0.923940
vn -0.000008 -0.382537 0.923940
vn -0.000008 -0.382537 0.923940
vn -0.000006 -0.923822 0.382822
vn -0.000006 -0.923822 0.382822
vn -0.000006 -0.923822 0.382822
vn -0.000006 -0.923822 0.382822
vn -0.923832 0.000004 0.382798
vn -0.923832 0.000004 0.382798
vn -0.923832 0.000004 0.382798
vn -0.923832 0.000004 0.382798
vn -0.382579 0.000006 0.923923
vn -0.382579 0.000006 0.923923
vn -0.382579 0.000006 0.923923
vn -0.382579 0.000006 0.923923
vn 0.382687 0.000000 0.923878
vn 0.382687 0.000000 0.923878
vn 0.382687 0.000000 0.923878
vn 0.382687 0.000000 0.923878
vn 0.923881 0.000000 0.382680
vn 0.923881 0.000000 0.382680
vn 0.923881 0.000000 0.382680
vn 0.923881 0.000000 0.382680
vn 0.000000 1.000000 0.000000
vn 0.000000 1.000000 0.000000
vn 0.000000 1.000000 0.000000
vn 0.000000 1.000000 0.000000
vn 0.000000 -1.000000 0.000000
vn 0.000000 -1.000000 0.000000
vn 0.000000 -1.000000 0.000000
vn 0.000000 -1.000000 0.000000
vn -1.000000 0.000000 0.000000
vn -1.000000 0.000000 0.000000
vn -1.000000 0.000000 0.000000
vn -1.000000 0.000000 0.000000
vn 1.000000 0.000000 0.000000
vn 1.000000 0.000000 0.000000
vn 1.000000 0.000000 0.000000
vn 1.000000 0.000000 0.000000
vn 0.987688 0.156434 0.000000
vn 0.987688 0.156434 0.000000
vn 0.987688 0.156434 0.000000
vn 0.987688 0.156434 0.000000
vn 0.891007 0.453989 0.000000
vn 0.891007 0.453989 0.000000
vn 0.891007 0.453989 0.000000
vn 0.891007 0.453989 0.000000
vn 0.707106 0.707108 0.000000
vn 0.707106 0.707108 0.000000
vn 0.707106 0.707108 0.000000
vn 0.707106 0.707108 0.000000
vn 0.453991 0.891006 0.000000
vn 0.453991 0.891006 0.000000
vn 0.453991 0.891006 0.000000
vn 0.453991 0.891006 0.000000
vn 0.156432 0.987689 0.000000
vn 0.156432 0.987689 0.000000
vn 0.156432 0.987689 0.000000
vn 0.156432 0.987689 0.000000
vn -0.195084 0.980787 0.000000
vn -0.195084 0.980787 0.000000
vn -0.195084 0.980787 0.000000
vn -0.195084 0.980787 0.000000
vn -0.555568 0.831471 0.000000
vn -0.555568 0.831471 0.000000
vn -0.555568 0.831471 0.000000
vn -0.555568 0.831471 0.000000
vn -0.831474 0.555564 0.000000
vn -0.831474 0.555564 0.000000
vn -0.831474 0.555564 0.000000
vn -0.831474 0.555564 0.000000
vn -0.980786 0.195087 0.000000
vn -0.980786 0.195087 0.000000
vn -0.980786 0.195087 0.000000
vn -0.980786 0.195087 0.000000
vn 0.195093 -0.980785 0.000000
vn 0.195093 -0.980785 0.000000
vn 0.195093 -0.980785 0.000000
vn 0.195093 -0.980785 0.000000
vn 0.555563 -0.831475 0.000000
vn 0.555563 -0.831475 0.000000
vn 0.555563 -0.831475 0.000000
vn 0.555563 -0.831475 0.000000
vn 0.831471 -0.555568 0.000000
vn 0.831471 -0.555568 0.000000
vn 0.831471 -0.555568 0.000000
vn 0.831471 -0.555568 0.000000
vn 0.980787 -0.195080 0.000000
vn 0.980787 -0.195080 0.000000
vn 0.980787 -0.195080 0.000000
vn 0.980787 -0.195080 0.000000
vn -0.980786 -0.195085 0.000000
vn -0.980786 -0.195085 0.000000
vn -0.980786 -0.195085 0.000000
vn -0.980786 -0.195085 0.000000
vn -0.831471 -0.555568 0.000000
vn -0.831471 -0.555568 0.000000
vn -0.831471 -0.555568 0.000000
vn -0.831471 -0.555568 0.000000
vn -0.555567 -0.831472 0.000000
vn -0.555567 -0.831472 0.000000
vn -0.555567 -0.831472 0.000000
vn -0.555567 -0.831472 0.000000
vn -0.195093 -0.980785 0.000000
vn -0.195093 -0.980785 0.000000
vn -0.195093 -0.980785 0.000000
vn -0.195093 -0.980785 0.000000
vn 0.000000 0.000000 1.000000
vn 0.000000 0.000000 1.000000
vn 0.000000 0.000000 1.000000
vn 0.000000 0.000000 1.000000
vn -0.180121 0.906357 0.382195
vn -0.180121 0.906357 0.382195
vn -0.180121 0.906357 0.382195
vn -0.180121 0.906357 0.382195
vn -0.074456 0.375829 0.923693
vn -0.074456 0.375829 0.923693
vn -0.074456 0.375829 0.923693
vn -0.074456 0.375829 0.923693
vn 0.180243 -0.906128 0.382680
vn 0.180243 -0.906128 0.382680
vn 0.180243 -0.906128 0.382680
vn 0.180243 -0.906128 0.382680
vn 0.074665 -0.375325 0.923881
vn 0.074665 -0.375325 0.923881
vn 0.074665 -0.375325 0.923881
vn 0.074665 -0.375325 0.923881
vn -0.906124 -0.180244 0.382690
vn -0.906124 -0.180244 0.382690
vn -0.906124 -0.180244 0.382690
vn -0.906124 -0.180244 0.382690
vn -0.375334 -0.074657 0.923878
vn -0.375334 -0.074657 0.923878
vn -0.375335 -0.074657 0.923878
vn -0.375335 -0.074657 0.923878
vn 0.912510 0.144528 0.382672
vn 0.912510 0.144528 0.382672
vn 0.912510 0.144528 0.382672
vn 0.912510 0.144528 0.382672
vn 0.377965 0.059864 0.923882
vn 0.377965 0.059864 0.923882
vn 0.377965 0.059864 0.923882
vn 0.377965 0.059864 0.923882
vn 0.823183 0.419436 0.382678
vn 0.823183 0.419436 0.382678
vn 0.823183 0.419436 0.382678
vn 0.823183 0.419436 0.382678
vn 0.340967 0.173729 0.923883
vn 0.340967 0.173729 0.923883
vn 0.340967 0.173729 0.923883
vn 0.340967 0.173729 0.923883
vn 0.653300 0.653267 0.382677
vn 0.653300 0.653267 0.382677
vn 0.653300 0.653267 0.382677
vn 0.653300 0.653267 0.382677
vn 0.270593 0.270593 0.923882
vn 0.270593 0.270593 0.923882
vn 0.270593 0.270593 0.923882
vn 0.270593 0.270593 0.923882
vn 0.419416 0.823174 0.382721
vn 0.419416 0.823174 0.382721
vn 0.419416 0.823174 0.382721
vn 0.419416 0.823174 0.382721
vn 0.173736 0.340975 0.923879
vn 0.173736 0.340975 0.923879
vn 0.173736 0.340975 0.923879
vn 0.173736 0.340975 0.923879
vn 0.059867 0.377967 0.923881
vn 0.059867 0.377967 0.923881
vn 0.059867 0.377967 0.923881
vn 0.059867 0.377967 0.923881
vn 0.144524 0.912499 0.382698
vn 0.144524 0.912499 0.382698
vn 0.144524 0.912499 0.382698
vn 0.144524 0.912499 0.382698
vn -0.513174 0.768389 0.382402
vn -0.513174 0.768389 0.382402
vn -0.513174 0.768389 0.382402
vn -0.513174 0.768389 0.382401
vn -0.212427 0.318624 0.923771
vn -0.212428 0.318624 0.923771
vn -0.212427 0.318624 0.923771
vn -0.212427 0.318624 0.923771
vn -0.768168 0.513478 0.382437
vn -0.768168 0.513478 0.382437
vn -0.768168 0.513478 0.382437
vn -0.768168 0.513478 0.382437
vn -0.318207 0.213041 0.923774
vn -0.318207 0.213041 0.923774
vn -0.318207 0.213041 0.923774
vn -0.318207 0.213041 0.923774
vn -0.375320 0.074757 0.923876
vn -0.375320 0.074757 0.923876
vn -0.375320 0.074757 0.923876
vn -0.375320 0.074757 0.923876
vn -0.906125 0.180276 0.382673
vn -0.906125 0.180276 0.382673
vn -0.906125 0.180276 0.382673
vn -0.906125 0.180276 0.382673
vn 0.513273 -0.768182 0.382683
vn 0.513273 -0.768182 0.382683
vn 0.513273 -0.768182 0.382683
vn 0.513273 -0.768182 0.382683
vn 0.212603 -0.318180 0.923884
vn 0.212603 -0.318180 0.923884
vn 0.212603 -0.318180 0.923884
vn 0.212603 -0.318180 0.923884
vn 0.768175 -0.513277 0.382692
vn 0.768175 -0.513277 0.382692
vn 0.768175 -0.513277 0.382692
vn 0.768175 -0.513277 0.382692
vn 0.318177 -0.212606 0.923884
vn 0.318177 -0.212606 0.923884
vn 0.318177 -0.212606 0.923884
vn 0.318177 -0.212606 0.923884
vn 0.375330 -0.074652 0.923880
vn 0.375330 -0.074652 0.923880
vn 0.375330 -0.074652 0.923880
vn 0.375330 -0.074652 0.923880
vn 0.906128 -0.180245 0.382680
vn 0.906128 -0.180245 0.382680
vn 0.906128 -0.180245 0.382680
vn 0.906128 -0.180245 0.382680
vn -0.768427 -0.513261 0.382208
vn -0.768427 -0.513261 0.382208
vn -0.768427 -0.513261 0.382208
vn -0.768427 -0.513261 0.382208
vn -0.318751 -0.212594 0.923689
vn -0.318751 -0.212594 0.923689
vn -0.318751 -0.212594 0.923689
vn -0.318751 -0.212594 0.923689
vn -0.513509 -0.768170 0.382393
vn -0.513509 -0.768170 0.382393
vn -0.513509 -0.768170 0.382393
vn -0.513509 -0.768170 0.382393
vn -0.213111 -0.318212 0.923756
vn -0.213111 -0.318212 0.923756
vn -0.213111 -0.318212 0.923756
vn -0.213111 -0.318212 0.923756
vn -0.074773 -0.375302 0.923882
vn -0.074773 -0.375302 0.923882
vn -0.074773 -0.375302 0.923882
vn -0.074773 -0.375302 0.923882
vn -0.180275 -0.906121 0.382682
vn -0.180275 -0.906121 0.382682
vn -0.180275 -0.906121 0.382682
vn -0.180275 -0.906121 0.382682
vn 0.000000 0.000000 1.000000
vn 0.000000 0.000000 1.000000
vn 0.000000 0.000000 1.000000
vn 0.000000 0.000000 1.000000
vn 0.000000 0.000000 1.000000
vn 0.000000 0.000000 1.000000
vn 0.000000 0.000000 1.000000
vn 0.000001 0.000000 1.000000
vn 0.000001 0.000000 1.000000
vn 0.000001 0.000000 1.000000
vn 0.000001 0.000000 1.000000
vn -0.000001 0.000000 1.000000
vn -0.000001 0.000000 1.000000
vn -0.000001 0.000000 1.000000
vn -0.000001 0.000000 1.000000
vn 0.000000 0.000000 1.000000
vn 0.000000 0.000000 1.000000
vn 0.000000 0.000000 1.000000
vn 0.000000 0.000000 1.000000
vn 0.000000 0.000000 1.000000
vn 0.000000 0.000000 1.000000
vn 0.000000 0.000000 1.000000
vn 0.000000 0.000000 1.000000
vn 0.000000 0.000000 1.000000
vn 0.000000 0.000000 1.000000
vn 0.000000 0.000000 1.000000
vn 0.000000 0.000000 1.000000
vn 0.000000 0.000000 1.000000
vn 0.000000 0.000000 1.000000
vn 0.000000 0.000000 1.000000
vn 0.000000 0.000000 1.000000
vn 0.000001 0.000000 1.000000
vn 0.000001 0.000000 1.000000
vn 0.000001 0.000000 1.000000
vn 0.000001 0.000000 1.000000
s off
g S_U_20 Window_11_2
usemtl set10
f 2345/3161/8792 2346/3165/8793 2347/3164/8794 2344/3162/8795
f 2344/3162/8796 2347/3164/8797 2348/3171/8798 2343/3170/8799
f 2355/3172/8800 2356/3177/8801 2357/3174/8802 2354/3173/8803
f 2354/3173/8804 2357/3174/8805 2358/3182/8806 2353/3181/8807
f 2363/3184/8808 2364/3187/8809 2365/3186/8810 2362/3185/8811
f 2362/3185/8812 2365/3186/8813 2366/3189/8814 2361/3188/8815
f 2369/3220/8816 2370/3223/8817 2371/3222/8818 2368/3221/8819
f 2368/3221/8820 2371/3222/8821 2372/3225/8822 2367/3224/8823
f 2349/3160/8824 2350/3167/8825 2346/3166/8826 2345/3163/8827
f 2353/3168/8828 2358/3176/8829 2352/3175/8830 2351/3266/8831
f 2364/3178/8832 2363/3183/8833 2359/3180/8834 2360/3179/8835
f 2374/3190/8836 2373/3193/8837 2367/3192/8838 2372/3191/8839
f 2367/3192/8840 2373/3193/8841 2378/3195/8842 2375/3194/8843
f 2375/3194/8844 2378/3195/8845 2382/3197/8846 2379/3196/8847
f 2379/3196/8848 2382/3197/8849 2386/3199/8850 2383/3198/8851
f 2383/3198/8852 2386/3199/8853 2390/3201/8854 2387/3200/8855
f 2387/3200/8856 2390/3201/8857 2349/3160/8858 2345/3163/8859
f 2346/3166/8860 2350/3167/8861 2394/3203/8862 2391/3202/8863
f 2391/3202/8864 2394/3203/8865 2398/3205/8866 2395/3204/8867
f 2395/3204/8868 2398/3205/8869 2402/3207/8870 2399/3206/8871
f 2399/3206/8872 2402/3207/8873 2359/3180/8874 2363/3183/8875
f 2353/3265/8876 2351/3169/8877 2406/3209/8878 2403/3208/8879
f 2403/3208/8880 2406/3209/8881 2410/3211/8882 2407/3210/8883
f 2407/3210/8884 2410/3211/8885 2414/3213/8886 2411/3212/8887
f 2411/3212/8888 2414/3213/8889 2374/3190/8890 2372/3191/8891
f 2364/3178/8892 2360/3179/8893 2418/3215/8894 2415/3214/8895
f 2415/3214/8896 2418/3215/8897 2422/3217/8898 2419/3216/8899
f 2419/3216/8900 2422/3217/8901 2426/3219/8902 2423/3218/8903
f 2423/3218/8904 2426/3219/8905 2352/3175/8906 2358/3176/8907
f 2413/3226/8908 2370/3223/8909 2366/3189/8910 2417/3227/8911
f 2346/3165/8912 2391/3229/8913 2392/3228/8914 2347/3164/8915
f 2347/3164/8916 2392/3228/8917 2393/3230/8918 2348/3171/8919
f 2353/3181/8920 2403/3232/8921 2404/3231/8922 2354/3173/8923
f 2354/3173/8924 2404/3231/8925 2405/3233/8926 2355/3172/8927
f 2364/3187/8928 2415/3235/8929 2416/3234/8930 2365/3186/8931
f 2365/3186/8932 2416/3234/8933 2417/3227/8934 2366/3189/8935
f 2367/3224/8936 2375/3237/8937 2376/3236/8938 2368/3221/8939
f 2368/3221/8940 2376/3236/8941 2377/3238/8942 2369/3220/8943
f 2375/3237/8944 2379/3240/8945 2380/3239/8946 2376/3236/8947
f 2376/3236/8948 2380/3239/8949 2381/3241/8950 2377/3238/8951
f 2379/3240/8952 2383/3243/8953 2384/3242/8954 2380/3239/8955
f 2380/3239/8956 2384/3242/8957 2385/3244/8958 2381/3241/8959
f 2383/3243/8960 2387/3246/8961 2388/3245/8962 2384/3242/8963
f 2384/3242/8964 2388/3245/8965 2389/3247/8966 2385/3244/8967
f 2343/3170/8968 2389/3247/8969 2388/3245/8970 2344/3162/8971
f 2344/3162/8972 2388/3245/8973 2387/3246/8974 2345/3161/8975
f 2391/3229/8976 2395/3249/8977 2396/3248/8978 2392/3228/8979
f 2392/3228/8980 2396/3248/8981 2397/3250/8982 2393/3230/8983
f 2395/3249/8984 2399/3252/8985 2400/3251/8986 2396/3248/8987
f 2396/3248/8988 2400/3251/8989 2401/3253/8990 2397/3250/8991
f 2361/3188/8992 2401/3253/8993 2400/3251/8994 2362/3185/8995
f 2362/3185/8996 2400/3251/8997 2399/3252/8998 2363/3184/8999
f 2403/3232/9000 2407/3255/9001 2408/3254/9002 2404/3231/9003
f 2404/3231/9004 2408/3254/9005 2409/3256/9006 2405/3233/9007
f 2407/3255/9008 2411/3258/9009 2412/3257/9010 2408/3254/9011
f 2408/3254/9012 2412/3257/9013 2413/3226/9014 2409/3256/9015
f 2370/3223/9016 2413/3226/9017 2412/3257/9018 2371/3222/9019
f 2371/3222/9020 2412/3257/9021 2411/3258/9022 2372/3225/9023
f 2415/3235/9024 2419/3260/9025 2420/3259/9026 2416/3234/9027
f 2416/3234/9028 2420/3259/9029 2421/3261/9030 2417/3227/9031
f 2419/3260/9032 2423/3263/9033 2424/3262/9034 2420/3259/9035
f 2420/3259/9036 2424/3262/9037 2425/3264/9038 2421/3261/9039
f 2356/3177/9040 2425/3264/9041 2424/3262/9042 2357/3174/9043
f 2357/3174/9044 2424/3262/9045 2423/3263/9046 2358/3182/9047
f 2389/3247/9048 2343/3170/9049 2348/3171/9050
f 2369/3220/9051 2377/3238/9052 2401/3253/9053 2361/3188/9054
f 2377/3238/9055 2381/3241/9056 2397/3250/9057 2401/3253/9058
f 2381/3241/9059 2385/3244/9060 2393/3230/9061 2397/3250/9062
f 2370/3223/9063 2369/3220/9064 2361/3188/9065 2366/3189/9066
f 2425/3264/9067 2405/3233/9068 2409/3256/9069 2421/3261/9070
f 2409/3256/9071 2413/3226/9072 2417/3227/9073 2421/3261/9074
f 2425/3264/9075 2356/3177/9076 2355/3172/9077 2405/3233/9078
f 2385/3244/9079 2389/3247/9080 2348/3171/9081 2393/3230/9082
