# This file uses centimeters as units for non-parametric coordinates.

mtllib S_U_01_2.mtl
g default
v 462.959778 249.071350 -361.320892
v 459.152100 258.263855 -361.320892
v 449.959595 262.071472 -361.320892
v 460.098389 246.209900 -362.506134
v 447.098206 259.210144 -362.506134
v 456.290710 255.402405 -362.506134
v 447.098206 4.046478 -362.506134
v 460.098389 17.046631 -362.506134
v 456.290710 7.854126 -362.506134
v 462.959778 14.185272 -361.320892
v 459.152100 4.992767 -361.320892
v 449.959595 1.185089 -361.320892
v 464.144958 250.256531 -358.459534
v 460.337280 259.449036 -358.459534
v 451.144775 263.256714 -358.459534
v 451.144775 -0.000122 -358.459534
v 460.337280 3.807526 -358.459534
v 464.144958 13.000061 -358.459534
v -462.959778 249.071350 -361.320892
v -459.152100 258.263855 -361.320892
v -449.959595 262.071472 -361.320892
v -451.144806 263.256714 -358.459534
v -460.337311 259.449036 -358.459534
v -464.144958 250.256531 -358.459534
v -464.144958 13.000061 -358.459534
v -460.337311 3.807526 -358.459534
v -451.144806 -0.000122 -358.459534
v -462.959778 14.185272 -361.320892
v -459.152100 4.992767 -361.320892
v -449.959595 1.185089 -361.320892
v -460.098389 246.209900 -362.506134
v -456.290741 255.402405 -362.506134
v -447.098267 259.210144 -362.506134
v -456.290710 7.854126 -362.506134
v -460.098389 17.046631 -362.506134
v -447.098206 4.046478 -362.506134
v -462.959778 14.185394 361.320923
v -459.152100 4.992889 361.320923
v -449.959595 1.185211 361.320923
v -451.144806 0.000000 358.459564
v -460.337311 3.807648 358.459564
v -464.144958 13.000183 358.459564
v -464.144958 250.256653 358.459564
v -460.337311 259.449158 358.459564
v -451.144806 263.256836 358.459564
v -462.959778 249.071472 361.320923
v -459.152100 258.263977 361.320923
v -449.959595 262.071594 361.320923
v -460.098389 17.046753 362.506134
v -456.290710 7.854248 362.506134
v -447.098206 4.046600 362.506134
v -447.098267 259.210266 362.506134
v -456.290741 255.402527 362.506134
v -460.098389 246.210022 362.506134
v 462.959778 14.185394 361.320923
v 459.152100 4.992889 361.320923
v 449.959595 1.185211 361.320923
v 447.098206 4.046600 362.506134
v 456.290710 7.854248 362.506134
v 460.098389 17.046753 362.506134
v 460.098389 246.210022 362.506134
v 456.290710 255.402527 362.506134
v 447.098206 259.210266 362.506134
v 462.959778 249.071472 361.320923
v 459.152100 258.263977 361.320923
v 449.959595 262.071594 361.320923
v 464.144958 13.000183 358.459564
v 460.337280 3.807648 358.459564
v 451.144775 0.000000 358.459564
v 451.144775 263.256836 358.459564
v 460.337280 259.449158 358.459564
v 464.144958 250.256653 358.459564
v 453.930176 23.214966 361.320923
v 450.122498 14.022461 361.320923
v 440.929993 10.214783 361.320923
v 453.930176 240.041931 361.320923
v 450.122498 249.234436 361.320923
v 440.929993 253.042053 361.320923
v 456.791565 20.353577 362.506134
v 452.983887 11.161072 362.506134
v 443.791382 7.353424 362.506134
v 443.791382 255.903442 362.506134
v 452.983887 252.095764 362.506134
v 456.791565 242.903259 362.506134
v -453.930176 23.214966 361.320923
v -450.122528 14.022461 361.320923
v -440.930023 10.214783 361.320923
v -443.791382 7.353424 362.506134
v -452.983887 11.161072 362.506134
v -456.791565 20.353577 362.506134
v -456.791565 242.903259 362.506134
v -452.983887 252.095764 362.506134
v -443.791382 255.903442 362.506134
v -453.930176 240.041931 361.320923
v -450.122528 249.234436 361.320923
v -440.930023 253.042053 361.320923
v 440.598145 246.209900 -362.506134
v -440.598175 246.209900 -362.506134
v -440.598175 24.079071 -362.506134
v 440.598145 24.079071 -362.506134
vt 0.029060 0.336037
vt 0.019378 0.331902
vt 0.022494 0.328800
vt 0.032056 0.332800
vt 0.015277 0.322242
vt 0.018509 0.319240
vt 0.029053 0.062691
vt 0.019382 0.066797
vt 0.016787 0.064192
vt 0.027803 0.059453
vt 0.015255 0.076478
vt 0.012021 0.075202
vt 0.970361 0.336021
vt 0.980041 0.331930
vt 0.982632 0.334537
vt 0.971611 0.339259
vt 0.984167 0.322232
vt 0.987403 0.323509
vt 0.970332 0.062641
vt 0.980003 0.066731
vt 0.976905 0.069852
vt 0.967337 0.065879
vt 0.984133 0.076420
vt 0.980900 0.079425
vt -1.247391 1.007698
vt -1.265458 0.996563
vt -1.262878 0.991258
vt -1.249312 0.991328
vt 0.197123 0.188477
vt 0.201645 0.188610
vt 0.201137 0.189961
vt 0.196817 0.189870
vt -5.139122 0.950961
vt -5.242816 0.950961
vt -5.242816 0.914606
vt -5.100283 0.914606
vt 1.924406 0.955085
vt 1.758038 0.955085
vt 1.722387 0.908233
vt 1.924405 0.908233
vt -5.050754 0.949815
vt -5.153491 0.949815
vt -5.153491 0.914091
vt -5.012479 0.914091
vt 2.130713 0.952244
vt 1.973829 0.952244
vt 1.938896 0.908231
vt 2.130713 0.908231
vt 0.702582 0.188618
vt 0.707033 0.188638
vt 0.707033 0.190013
vt 0.703093 0.189961
vt 0.711489 0.188623
vt 0.710978 0.189968
vt 6.012311 0.838668
vt 6.244583 0.838668
vt 6.244583 0.875074
vt 6.063148 0.875074
vt -0.967603 0.844960
vt -0.737287 0.844960
vt -0.787771 0.876766
vt -0.967603 0.876766
vt 5.912278 0.839414
vt 6.141028 0.839414
vt 6.141028 0.875192
vt 5.962505 0.875192
vt -1.240751 0.843624
vt -1.008595 0.843623
vt -1.059973 0.873860
vt -1.240751 0.873860
vt 0.018489 0.079481
vt 0.012044 0.323518
vt 0.987367 0.075143
vt 0.980931 0.319229
vt 0.303710 0.188572
vt 0.304216 0.189919
vt -1.136367 0.955085
vt -1.100876 0.908233
vt -0.862705 0.952244
vt -0.827898 0.908231
vt 0.813623 0.189068
vt 0.814134 0.190416
vt 1.850772 0.844960
vt 1.899229 0.876766
vt 1.631988 0.843623
vt 1.681826 0.873860
vt 1.575167 0.986458
vt 1.572609 0.029444
vt 1.888992 0.028648
vt 1.891612 0.985443
vt 0.315683 0.031045
vt 0.317539 0.991617
vt -0.000516 0.994173
vt -0.001685 0.029687
vt -4.971890 0.875193
vt 6.003281 0.914090
vt 6.104545 0.914606
vt -5.058908 0.875074
vt 0.344168 0.991397
vt 0.342253 0.031152
vt 1.546088 0.029500
vt 1.548635 0.986560
vt -0.028349 0.029511
vt -0.027249 0.994417
vt -1.245294 0.024452
vt 0.027805 0.339316
vt 0.967366 0.332782
vt 0.032048 0.065929
vt 0.971581 0.059403
vt 6.038591 0.949814
vt -0.028813 0.998627
vt 0.312100 0.189927
vt 0.312611 0.188585
vt 6.140390 0.950961
vt -4.922261 0.839415
vt -5.008158 0.838668
vt 0.960560 0.319190
vt 0.976937 0.328810
vt 0.016768 0.334503
vt 0.022485 0.069911
vt 0.982593 0.064123
vt -1.240751 0.955085
vt -1.240751 0.908233
vt 6.141028 0.949814
vt 6.141028 0.914090
vt 1.902266 0.028612
vt 1.904886 0.985406
vt -1.258713 0.024395
vt 1.559346 0.029473
vt 1.561899 0.986508
vt 0.308160 0.189978
vt 0.308161 0.188604
vt 0.817842 0.188272
vt 0.818378 0.189593
vt -0.014964 0.999050
vt -0.013883 0.994303
vt 6.244583 0.914606
vt 6.244583 0.950961
vt -0.967603 0.908231
vt -0.967603 0.952244
vt -0.015017 0.029601
vt 0.328967 0.031099
vt 0.330852 0.991507
vt 2.130713 0.844960
vt 2.130713 0.876766
vt -5.153491 0.839415
vt -5.153491 0.875193
vt -5.242816 0.875074
vt 1.924405 0.873860
vt -5.242816 0.838668
vt 1.924405 0.843624
vt 0.960532 0.086824
vt 0.038862 0.319207
vt 0.038855 0.086871
vn 0.011001 0.373246 -0.927667
vn 0.198753 0.198755 -0.959684
vn 0.056848 0.056847 -0.996763
vn 0.000873 0.127940 -0.991782
vn 0.198753 0.198755 -0.959684
vn 0.371497 0.013032 -0.928343
vn 0.085096 0.000699 -0.996373
vn 0.056848 0.056847 -0.996763
vn 0.008499 -0.922597 -0.385672
vn 0.336557 -0.812520 -0.475962
vn 0.382681 -0.923873 -0.003794
vn 0.012829 -0.999914 -0.002619
vn 0.812520 -0.336558 -0.475962
vn 0.922333 -0.010186 -0.386262
vn 0.999879 -0.015339 -0.002634
vn 0.923873 -0.382681 -0.003794
vn -0.008499 0.922601 -0.385661
vn -0.336554 0.812519 -0.475967
vn -0.382680 0.923873 -0.003794
vn -0.012829 0.999914 -0.002619
vn -0.812521 0.336557 -0.475961
vn -0.922333 0.010186 -0.386262
vn -0.999879 0.015339 -0.002634
vn -0.923873 0.382681 -0.003794
vn -0.011001 -0.373248 -0.927666
vn -0.198754 -0.198755 -0.959684
vn -0.055149 -0.055149 -0.996954
vn -0.000499 -0.073139 -0.997322
vn -0.198754 -0.198755 -0.959684
vn -0.371498 -0.013032 -0.928342
vn -0.109196 -0.000896 -0.994020
vn -0.055149 -0.055149 -0.996954
vn -0.008499 -0.922597 0.385672
vn -0.336556 -0.812521 0.475962
vn -0.382681 -0.923873 0.003794
vn -0.012829 -0.999914 0.002619
vn -0.812521 -0.336557 0.475962
vn -0.922334 -0.010186 0.386260
vn -0.999879 -0.015339 0.002634
vn -0.923873 -0.382681 0.003794
vn -0.011001 0.373246 0.927667
vn -0.198756 0.198756 0.959683
vn -0.120105 0.120103 0.985469
vn -0.001900 0.278579 0.960411
vn -0.198756 0.198756 0.959683
vn -0.371502 0.013032 0.928341
vn -0.277262 0.002276 0.960792
vn -0.120105 0.120103 0.985469
vn 0.011001 -0.373248 0.927666
vn 0.198757 -0.198755 0.959683
vn 0.120106 -0.120103 0.985469
vn 0.001900 -0.278580 0.960411
vn 0.198757 -0.198755 0.959683
vn 0.371502 -0.013032 0.928341
vn 0.277263 -0.002276 0.960791
vn 0.120106 -0.120103 0.985469
vn 0.008499 0.922601 0.385661
vn 0.336556 0.812518 0.475967
vn 0.382680 0.923873 0.003794
vn 0.012829 0.999914 0.002619
vn 0.812521 0.336558 0.475960
vn 0.922334 0.010186 0.386260
vn 0.999879 0.015339 0.002634
vn 0.923873 0.382681 0.003794
vn -0.002710 -0.380368 0.924831
vn -0.198758 -0.198756 0.959683
vn -0.071072 -0.071071 0.994936
vn -0.002994 -0.097463 0.995235
vn -0.198758 -0.198756 0.959683
vn -0.379867 -0.003288 0.925035
vn -0.097787 -0.003604 0.995201
vn -0.071072 -0.071071 0.994936
vn 0.002710 0.380365 0.924832
vn 0.198756 0.198756 0.959683
vn 0.071071 0.071071 0.994936
vn 0.002994 0.097462 0.995235
vn 0.198756 0.198756 0.959683
vn 0.379867 0.003288 0.925035
vn 0.097786 0.003604 0.995201
vn 0.071071 0.071071 0.994936
vn 0.085096 0.000699 -0.996373
vn 0.371497 0.013032 -0.928343
vn 0.371498 -0.013032 -0.928342
vn 0.109196 -0.000896 -0.994020
vn 0.922333 0.010186 -0.386262
vn 0.999879 0.015339 -0.002634
vn 0.999879 -0.015339 -0.002634
vn 0.922333 -0.010186 -0.386262
vn -0.999879 0.015339 -0.002634
vn -0.922333 0.010186 -0.386262
vn -0.922333 -0.010186 -0.386262
vn -0.999879 -0.015339 -0.002634
vn -0.371497 0.013032 -0.928343
vn -0.085096 0.000699 -0.996373
vn -0.109196 -0.000896 -0.994020
vn -0.371498 -0.013032 -0.928342
vn -0.999879 -0.015339 0.002634
vn -0.922334 -0.010186 0.386260
vn -0.922334 0.010186 0.386260
vn -0.999879 0.015339 0.002634
vn -0.371502 -0.013032 0.928341
vn -0.277263 -0.002276 0.960791
vn -0.277262 0.002276 0.960792
vn -0.371502 0.013032 0.928341
vn 0.277263 -0.002276 0.960791
vn 0.371502 -0.013032 0.928341
vn 0.371502 0.013032 0.928341
vn 0.277262 0.002276 0.960792
vn 0.922334 -0.010186 0.386260
vn 0.999879 -0.015339 0.002634
vn 0.999879 0.015339 0.002634
vn 0.922334 0.010186 0.386260
vn -0.379867 0.003288 0.925035
vn -0.097786 0.003604 0.995201
vn -0.097787 -0.003604 0.995201
vn -0.379867 -0.003288 0.925035
vn 0.097786 0.003604 0.995201
vn 0.379867 0.003288 0.925035
vn 0.379867 -0.003288 0.925035
vn 0.097787 -0.003604 0.995201
vn -0.999879 0.015339 0.002634
vn -0.999879 0.015339 -0.002634
vn -0.999879 -0.015339 -0.002634
vn -0.999879 -0.015339 0.002634
vn 0.999879 0.015339 -0.002634
vn 0.999879 0.015339 0.002634
vn 0.999879 -0.015339 0.002634
vn 0.999879 -0.015339 -0.002634
vn 0.277262 0.002276 0.960792
vn -0.097787 -0.003604 0.995201
vn -0.097786 0.003604 0.995201
vn 0.277263 -0.002276 0.960791
vn 0.097787 -0.003604 0.995201
vn -0.277262 0.002276 0.960792
vn -0.277263 -0.002276 0.960791
vn 0.097786 0.003604 0.995201
vn 0.001900 -0.278580 0.960411
vn -0.002994 0.097462 0.995235
vn 0.002994 0.097462 0.995235
vn -0.001900 -0.278580 0.960411
vn -0.002994 -0.097463 0.995235
vn 0.001900 0.278579 0.960411
vn -0.001900 0.278579 0.960411
vn 0.002994 -0.097463 0.995235
vn 0.012829 0.999914 0.002619
vn 0.012829 0.999914 -0.002619
vn -0.012829 0.999914 -0.002619
vn -0.012829 0.999914 0.002619
vn 0.012829 -0.999914 -0.002619
vn 0.012829 -0.999914 0.002619
vn -0.012829 -0.999914 0.002619
vn -0.012829 -0.999914 -0.002619
vn 0.012829 0.999914 -0.002619
vn 0.008499 0.922601 -0.385661
vn -0.008499 0.922601 -0.385661
vn -0.012829 0.999914 -0.002619
vn 0.011001 0.373246 -0.927667
vn 0.000873 0.127940 -0.991782
vn -0.000873 0.127940 -0.991782
vn -0.011001 0.373246 -0.927667
vn 0.000499 -0.073139 -0.997322
vn 0.011001 -0.373248 -0.927666
vn -0.011001 -0.373248 -0.927666
vn -0.000499 -0.073139 -0.997322
vn 0.008499 -0.922597 -0.385672
vn 0.012829 -0.999914 -0.002619
vn -0.012829 -0.999914 -0.002619
vn -0.008499 -0.922597 -0.385672
vn -0.001900 -0.278580 0.960411
vn -0.011001 -0.373248 0.927666
vn 0.011001 -0.373248 0.927666
vn 0.001900 -0.278580 0.960411
vn -0.008499 -0.922597 0.385672
vn -0.012829 -0.999914 0.002619
vn 0.012829 -0.999914 0.002619
vn 0.008499 -0.922597 0.385672
vn -0.012829 0.999914 0.002619
vn -0.008499 0.922601 0.385661
vn 0.008499 0.922601 0.385661
vn 0.012829 0.999914 0.002619
vn -0.011001 0.373246 0.927667
vn -0.001900 0.278579 0.960411
vn 0.001900 0.278579 0.960411
vn 0.011001 0.373246 0.927667
vn -0.002994 0.097462 0.995235
vn -0.002710 0.380365 0.924832
vn 0.002710 0.380365 0.924832
vn 0.002994 0.097462 0.995235
vn -0.002710 -0.380368 0.924831
vn -0.002994 -0.097463 0.995235
vn 0.002994 -0.097463 0.995235
vn 0.002710 -0.380368 0.924831
vn -0.000873 0.127940 -0.991782
vn 0.000000 0.000000 -1.000000
vn -0.085096 0.000699 -0.996373
vn -0.056848 0.056847 -0.996763
vn 0.922333 0.010186 -0.386262
vn 0.812521 0.336557 -0.475961
vn 0.923873 0.382681 -0.003794
vn 0.999879 0.015339 -0.002634
vn 0.336556 0.812519 -0.475965
vn 0.008499 0.922601 -0.385661
vn 0.012829 0.999914 -0.002619
vn 0.382680 0.923873 -0.003794
vn 0.000499 -0.073139 -0.997322
vn 0.055149 -0.055149 -0.996954
vn 0.198754 -0.198755 -0.959684
vn 0.011001 -0.373248 -0.927666
vn 0.055149 -0.055149 -0.996954
vn 0.109196 -0.000896 -0.994020
vn 0.371498 -0.013032 -0.928342
vn 0.198754 -0.198755 -0.959684
vn -0.371497 0.013032 -0.928343
vn -0.198754 0.198755 -0.959684
vn -0.056848 0.056847 -0.996763
vn -0.085096 0.000699 -0.996373
vn -0.198754 0.198755 -0.959684
vn -0.011001 0.373246 -0.927667
vn -0.000873 0.127940 -0.991782
vn -0.056848 0.056847 -0.996763
vn -0.012829 -0.999914 -0.002619
vn -0.382681 -0.923873 -0.003794
vn -0.336557 -0.812521 -0.475962
vn -0.008499 -0.922597 -0.385672
vn -0.923873 -0.382681 -0.003794
vn -0.999879 -0.015339 -0.002634
vn -0.922333 -0.010186 -0.386262
vn -0.812520 -0.336557 -0.475962
vn -0.371502 -0.013032 0.928341
vn -0.198756 -0.198755 0.959684
vn -0.120104 -0.120103 0.985470
vn -0.277263 -0.002276 0.960791
vn -0.198756 -0.198755 0.959684
vn -0.011001 -0.373248 0.927666
vn -0.001900 -0.278580 0.960411
vn -0.120104 -0.120103 0.985470
vn -0.999879 -0.015339 -0.002634
vn -0.923873 -0.382681 -0.003794
vn -0.923873 -0.382681 0.003794
vn -0.999879 -0.015339 0.002634
vn -0.382681 -0.923873 -0.003794
vn -0.012829 -0.999914 -0.002619
vn -0.012829 -0.999914 0.002619
vn -0.382681 -0.923873 0.003794
vn -0.012829 0.999914 -0.002619
vn -0.382680 0.923873 -0.003794
vn -0.382680 0.923873 0.003794
vn -0.012829 0.999914 0.002619
vn -0.923873 0.382681 -0.003794
vn -0.999879 0.015339 -0.002634
vn -0.999879 0.015339 0.002634
vn -0.923873 0.382681 0.003794
vn -0.012829 0.999914 0.002619
vn -0.382680 0.923873 0.003794
vn -0.336556 0.812518 0.475967
vn -0.008499 0.922601 0.385661
vn -0.923873 0.382681 0.003794
vn -0.999879 0.015339 0.002634
vn -0.922334 0.010186 0.386260
vn -0.812521 0.336557 0.475960
vn 0.922334 -0.010186 0.386260
vn 0.812521 -0.336558 0.475961
vn 0.923873 -0.382681 0.003794
vn 0.999879 -0.015339 0.002634
vn 0.336557 -0.812520 0.475962
vn 0.008499 -0.922597 0.385672
vn 0.012829 -0.999914 0.002619
vn 0.382681 -0.923873 0.003794
vn 0.001900 0.278579 0.960411
vn 0.120104 0.120103 0.985470
vn 0.198755 0.198756 0.959684
vn 0.011001 0.373246 0.927667
vn 0.120104 0.120103 0.985470
vn 0.277262 0.002276 0.960792
vn 0.371502 0.013032 0.928341
vn 0.198755 0.198756 0.959684
vn 0.012829 -0.999914 -0.002619
vn 0.382681 -0.923873 -0.003794
vn 0.382681 -0.923873 0.003794
vn 0.012829 -0.999914 0.002619
vn 0.923873 -0.382681 -0.003794
vn 0.999879 -0.015339 -0.002634
vn 0.999879 -0.015339 0.002634
vn 0.923873 -0.382681 0.003794
vn 0.999879 0.015339 -0.002634
vn 0.923873 0.382681 -0.003794
vn 0.923873 0.382681 0.003794
vn 0.999879 0.015339 0.002634
vn 0.382680 0.923873 -0.003794
vn 0.012829 0.999914 -0.002619
vn 0.012829 0.999914 0.002619
vn 0.382680 0.923873 0.003794
vn -0.379867 0.003288 0.925035
vn -0.198756 0.198756 0.959683
vn -0.071069 0.071071 0.994936
vn -0.097786 0.003604 0.995201
vn -0.198756 0.198756 0.959683
vn -0.002710 0.380365 0.924832
vn -0.002994 0.097462 0.995235
vn -0.071069 0.071071 0.994936
vn 0.001900 -0.278580 0.960411
vn 0.120106 -0.120103 0.985469
vn -0.071069 0.071071 0.994936
vn -0.002994 0.097462 0.995235
vn 0.120106 -0.120103 0.985469
vn 0.277263 -0.002276 0.960791
vn -0.097786 0.003604 0.995201
vn -0.071069 0.071071 0.994936
vn 0.277262 0.002276 0.960792
vn 0.120104 0.120103 0.985470
vn -0.071072 -0.071071 0.994936
vn -0.097787 -0.003604 0.995201
vn 0.120104 0.120103 0.985470
vn 0.001900 0.278579 0.960411
vn -0.002994 -0.097463 0.995235
vn -0.071072 -0.071071 0.994936
vn -0.277263 -0.002276 0.960791
vn -0.120104 -0.120103 0.985470
vn 0.071071 0.071071 0.994936
vn 0.097786 0.003604 0.995201
vn -0.120104 -0.120103 0.985470
vn -0.001900 -0.278580 0.960411
vn 0.002994 0.097462 0.995235
vn 0.071071 0.071071 0.994936
vn -0.001900 0.278579 0.960411
vn -0.120105 0.120103 0.985469
vn 0.071071 -0.071072 0.994936
vn 0.002994 -0.097463 0.995235
vn -0.120105 0.120103 0.985469
vn -0.277262 0.002276 0.960792
vn 0.097787 -0.003604 0.995201
vn 0.071071 -0.071072 0.994936
vn 0.002994 -0.097463 0.995235
vn 0.071071 -0.071072 0.994936
vn 0.198756 -0.198756 0.959683
vn 0.002710 -0.380368 0.924831
vn 0.071071 -0.071072 0.994936
vn 0.097787 -0.003604 0.995201
vn 0.379867 -0.003288 0.925035
vn 0.198756 -0.198756 0.959683
vn -0.055149 -0.055149 -0.996954
vn -0.109196 -0.000896 -0.994020
vn 0.000000 0.000000 -1.000000
vn -0.000499 -0.073139 -0.997322
vn 0.085096 0.000699 -0.996373
vn 0.000000 0.000000 -1.000000
vn 0.000873 0.127940 -0.991782
vn 0.056848 0.056847 -0.996763
vn 0.000499 -0.073139 -0.997322
vn 0.000000 0.000000 -1.000000
vn 0.109196 -0.000896 -0.994020
vn 0.055149 -0.055149 -0.996954
vn 0.000873 0.127940 -0.991782
vn 0.000000 0.000000 -1.000000
vn 0.000000 0.000000 -1.000000
vn -0.000873 0.127940 -0.991782
vn -0.000499 -0.073139 -0.997322
vn 0.000000 0.000000 -1.000000
vn 0.000000 0.000000 -1.000000
vn 0.000499 -0.073139 -0.997322
vn 0.000000 0.000000 -1.000000
vn -0.109196 -0.000896 -0.994020
vn -0.085096 0.000699 -0.996373
vn 0.000000 0.000000 -1.000000
vn 0.000000 0.000000 -1.000000
vn 0.000000 0.000000 -1.000000
vn 0.000000 0.000000 -1.000000
vn 0.000000 0.000000 -1.000000
vn 0.109196 -0.000896 -0.994020
vn 0.000000 0.000000 -1.000000
vn 0.000000 0.000000 -1.000000
vn 0.085096 0.000699 -0.996373
s off
g polySurface3 Unit_Base_27 S_U_01_2
usemtl aiStandardSurface7SG
f 3/1/1 2/2/2 6/3/3 5/4/4
f 2/2/5 1/5/6 4/6/7 6/3/8
f 12/7/9 11/8/10 17/9/11 16/10/12
f 11/8/13 10/11/14 18/12/15 17/9/16
f 21/13/17 20/14/18 23/15/19 22/16/20
f 20/14/21 19/17/22 24/18/23 23/15/24
f 30/19/25 29/20/26 34/21/27 36/22/28
f 29/20/29 28/23/30 35/24/31 34/21/32
f 39/25/33 38/26/34 41/27/35 40/28/36
f 38/29/37 37/30/38 42/31/39 41/32/40
usemtl aiStandardSurface6SG
f 48/33/41 47/34/42 53/35/43 52/36/44
f 47/37/45 46/38/46 54/39/47 53/40/48
f 57/41/49 56/42/50 59/43/51 58/44/52
f 56/45/53 55/46/54 60/47/55 59/48/56
usemtl aiStandardSurface7SG
f 66/49/57 65/50/58 71/51/59 70/52/60
f 65/50/61 64/53/62 72/54/63 71/51/64
usemtl aiStandardSurface6SG
f 78/55/65 77/56/66 83/57/67 82/58/68
f 77/59/69 76/60/70 84/61/71 83/62/72
f 87/63/73 86/64/74 89/65/75 88/66/76
f 86/67/77 85/68/78 90/69/79 89/70/80
usemtl aiStandardSurface7SG
f 4/6/81 1/5/82 10/11/83 8/71/84
f 1/5/85 13/72/86 18/12/87 10/11/88
f 24/18/89 19/17/90 28/23/91 25/73/92
f 19/17/93 31/74/94 35/24/95 28/23/96
f 42/31/97 37/30/98 46/75/99 43/76/100
usemtl aiStandardSurface6SG
f 37/77/101 49/78/102 54/39/103 46/38/104
f 60/47/105 55/46/106 64/79/107 61/80/108
usemtl aiStandardSurface7SG
f 55/81/109 67/82/110 72/54/111 64/53/112
usemtl aiStandardSurface6SG
f 73/83/113 79/84/114 84/61/115 76/60/116
f 90/69/117 85/68/118 94/85/119 91/86/120
usemtl aiStandardSurface7SG
f 43/87/121 24/88/122 25/89/123 42/90/124
f 13/91/125 72/92/126 67/93/127 18/94/128
usemtl aiStandardSurface6SG
f 61/80/129 84/61/130 79/84/131 60/47/132
f 91/86/133 54/39/134 49/78/135 90/69/136
f 58/44/137 81/95/138 88/66/139 51/96/140
f 82/58/141 63/97/142 52/36/143 93/98/144
usemtl aiStandardSurface7SG
f 70/99/145 15/100/146 22/101/147 45/102/148
f 16/103/149 69/104/150 40/28/151 27/105/152
f 15/106/153 3/1/154 21/13/155 22/16/156
f 3/1/157 5/4/158 33/107/159 21/13/160
f 7/108/161 12/7/162 30/19/163 36/22/164
f 12/7/165 16/10/166 27/109/167 30/19/168
usemtl aiStandardSurface6SG
f 51/96/169 39/110/170 57/41/171 58/44/172
usemtl aiStandardSurface7SG
f 39/25/173 40/28/174 69/104/175 57/111/176
f 45/112/177 48/113/178 66/49/179 70/52/180
usemtl aiStandardSurface6SG
f 48/33/181 52/36/182 63/97/183 66/114/184
f 81/95/185 75/115/186 87/63/187 88/66/188
f 78/55/189 82/58/190 93/98/191 96/116/192
usemtl aiStandardSurface7SG
f 33/107/193 98/117/194 31/74/195 32/118/196
f 1/5/197 2/2/198 14/119/199 13/72/200
f 2/2/201 3/1/202 15/106/203 14/119/204
f 7/108/205 9/120/206 11/8/207 12/7/208
f 9/120/209 8/71/210 10/11/211 11/8/212
f 19/17/213 20/14/214 32/118/215 31/74/216
f 20/14/217 21/13/218 33/107/219 32/118/220
f 27/109/221 26/121/222 29/20/223 30/19/224
f 26/121/225 25/73/226 28/23/227 29/20/228
usemtl aiStandardSurface6SG
f 37/77/229 38/122/230 50/123/231 49/78/232
f 38/124/233 39/110/234 51/96/235 50/125/236
usemtl aiStandardSurface7SG
f 25/89/237 26/126/238 41/127/239 42/90/240
f 26/128/241 27/105/242 40/28/243 41/27/244
f 22/101/245 23/129/246 44/130/247 45/102/248
f 23/129/249 24/88/250 43/87/251 44/130/252
f 45/112/253 44/131/254 47/132/255 48/113/256
f 44/131/257 43/76/258 46/75/259 47/132/260
f 55/81/261 56/133/262 68/134/263 67/82/264
f 56/135/265 57/111/266 69/104/267 68/136/268
usemtl aiStandardSurface6SG
f 63/97/269 62/137/270 65/138/271 66/114/272
f 62/139/273 61/80/274 64/79/275 65/140/276
usemtl aiStandardSurface7SG
f 16/103/277 17/141/278 68/136/279 69/104/280
f 17/141/281 18/94/282 67/93/283 68/136/284
f 13/91/285 14/142/286 71/143/287 72/92/288
f 14/142/289 15/100/290 70/99/291 71/143/292
usemtl aiStandardSurface6SG
f 73/83/293 74/144/294 80/145/295 79/84/296
f 74/146/297 75/115/298 81/95/299 80/147/300
f 58/44/301 59/43/302 80/147/303 81/95/304
f 59/48/305 60/47/306 79/84/307 80/145/308
f 61/80/309 62/139/310 83/62/311 84/61/312
f 62/137/313 63/97/314 82/58/315 83/57/316
f 49/78/317 50/123/318 89/70/319 90/69/320
f 50/125/321 51/96/322 88/66/323 89/65/324
f 52/36/325 53/35/326 92/148/327 93/98/328
f 53/40/329 54/39/330 91/86/331 92/149/332
f 93/98/333 92/148/334 95/150/335 96/116/336
f 92/149/337 91/86/338 94/85/339 95/151/340
usemtl aiStandardSurface7SG
f 34/21/341 35/24/342 99/152/343 36/22/344
f 4/6/345 97/153/346 5/4/347 6/3/348
f 7/108/349 100/154/350 8/71/351 9/120/352
f 5/4/353 97/153/354 98/117/355 33/107/356
f 36/22/357 99/152/358 100/154/359 7/108/360
f 99/152/361 35/24/362 31/74/363 98/117/364
f 100/154/365 99/152/366 98/117/367 97/153/368
f 8/71/369 100/154/370 97/153/371 4/6/372
g default
v 439.495270 56.537964 340.848236
v 429.055267 45.865967 340.848236
v 436.437469 48.991730 340.848236
v 431.028870 43.848541 340.030762
v 438.411041 46.974304 340.030762
v 441.468842 54.520538 340.030762
v 442.286316 53.684906 338.057190
v 439.228516 46.138641 338.057190
v 431.846344 43.012909 338.057190
v 371.947266 43.848541 340.030762
v 364.565063 46.974304 340.030762
v 361.507263 54.520538 340.030762
v 371.129761 43.012909 338.057190
v 363.747589 46.138641 338.057190
v 360.689758 53.684906 338.057190
v 363.480835 56.537994 340.848236
v 366.538635 48.991730 340.848236
v 373.920837 45.865967 340.848236
v 429.055237 205.059540 340.848236
v 439.495270 194.387543 340.848236
v 436.437469 201.933807 340.848236
v 441.468842 196.404968 340.030762
v 438.411041 203.951202 340.030762
v 431.028870 207.076996 340.030762
v 431.846344 207.912628 338.057190
v 439.228516 204.786835 338.057190
v 442.286316 197.240631 338.057190
v 373.920837 205.059540 340.848236
v 366.538635 201.933777 340.848236
v 363.480835 194.387543 340.848236
v 371.947266 207.076996 340.030762
v 364.565063 203.951202 340.030762
v 361.507263 196.404968 340.030762
v 360.689758 197.240631 338.057190
v 363.747589 204.786835 338.057190
v 371.129761 207.912628 338.057190
v 439.228516 204.786835 329.217651
v 442.286316 197.240631 329.217651
v 431.846344 207.912628 329.217651
v 363.747589 204.786835 329.217651
v 371.129761 207.912628 329.217651
v 360.689758 197.240631 329.217651
v 439.228516 46.138641 329.217651
v 431.846344 43.012909 329.217651
v 442.286316 53.684906 329.217651
v 363.747589 46.138641 329.217651
v 360.689758 53.684906 329.217651
v 371.129761 43.012909 329.217651
v 373.920837 194.387543 340.848267
v 429.055237 194.387543 340.848236
v 373.920837 56.537994 340.848236
v 429.055267 56.537994 340.848236
vt 0.404963 0.167608
vt 0.389804 0.132244
vt 0.397355 0.124659
vt 0.414993 0.162833
vt 0.355224 0.116809
vt 0.360012 0.106833
vt 0.025763 0.167675
vt 0.040925 0.132299
vt 0.050486 0.142075
vt 0.035839 0.177345
vt 0.075498 0.116878
vt 0.084979 0.127128
vt 0.355347 0.889218
vt 0.389923 0.873796
vt 0.397473 0.881383
vt 0.360131 0.899240
vt 0.405089 0.838417
vt 0.415099 0.843192
vt 0.025871 0.838472
vt 0.041036 0.873832
vt 0.033484 0.881419
vt 0.015841 0.843246
vt 0.075617 0.889264
vt 0.070828 0.899242
vt 0.739097 0.044064
vt 0.739125 0.290509
vt 0.345734 0.127055
vt 0.703246 0.290513
vt 0.703217 0.044068
vt 0.897885 0.692850
vt 0.933765 0.692851
vt 0.933755 0.939297
vt 0.070712 0.106856
vt 0.897875 0.939296
vt 0.394887 0.177268
vt 0.395013 0.828747
vt 0.345867 0.878968
vt 0.085108 0.879017
vt 0.015753 0.162900
vt 0.035947 0.828812
vt 0.345718 0.828641
vt 0.380362 0.864018
vt 0.380235 0.142010
vt 0.739199 0.938783
vt 0.033375 0.124712
vt 0.703319 0.938787
vt 0.703253 0.356101
vt 0.050604 0.864067
vt 0.739133 0.356097
vt 0.345600 0.177385
vt 0.085241 0.828693
vt 0.085126 0.177450
vt 0.933767 0.627262
vt 0.897888 0.627261
vt 0.897911 0.044573
vt 0.933790 0.044575
vt 0.897873 0.971835
vt 0.933753 0.971835
vt 0.897886 0.660310
vt 0.933767 0.660312
vt 0.739129 0.323048
vt 0.703249 0.323053
vt 0.739093 0.011524
vt 0.703214 0.011528
vt 0.897912 0.011524
vt 0.933792 0.011525
vt 0.739203 0.971831
vt 0.703323 0.971835
vn 0.799897 -0.015633 0.599933
vn 0.453803 -0.443678 0.772795
vn 0.613429 -0.603363 0.509567
vn 0.919435 -0.027083 0.392308
vn 0.034736 -0.772695 0.633826
vn 0.058685 -0.910311 0.409744
vn -0.799893 -0.015633 0.599939
vn -0.453802 -0.443679 0.772795
vn -0.063455 -0.061607 0.996081
vn -0.090123 -0.000970 0.995930
vn -0.034736 -0.772695 0.633826
vn -0.002359 -0.087618 0.996151
vn 0.034737 0.772695 0.633826
vn 0.453809 0.443677 0.772792
vn 0.613437 0.603359 0.509561
vn 0.058686 0.910313 0.409739
vn 0.799899 0.015633 0.599932
vn 0.919435 0.027083 0.392308
vn -0.799893 0.015633 0.599939
vn -0.453806 0.443678 0.772794
vn -0.613435 0.603359 0.509564
vn -0.919430 0.027083 0.392320
vn -0.034737 0.772695 0.633827
vn -0.058688 0.910313 0.409739
vn -0.045852 0.998948 0.000000
vn 0.045852 0.998948 0.000000
vn 0.045852 0.998948 0.000000
vn -0.045852 0.998948 0.000000
vn -0.045852 -0.998948 0.000000
vn -0.045852 -0.998948 0.000000
vn 0.045852 -0.998948 0.000000
vn 0.045852 -0.998948 0.000000
vn 0.999795 -0.020232 0.000000
vn 0.999795 -0.020232 0.000000
vn 0.999795 0.020232 0.000000
vn 0.999795 0.020232 0.000000
vn -0.999795 -0.020233 0.000000
vn -0.999795 -0.020233 0.000000
vn -0.999795 0.020233 0.000000
vn -0.999795 0.020233 0.000000
vn 0.002360 -0.087618 0.996151
vn -0.058686 -0.910311 0.409744
vn 0.090123 -0.000969 0.995930
vn 0.090123 0.000969 0.995930
vn 0.002360 0.087619 0.996151
vn -0.002360 0.087619 0.996151
vn -0.919430 -0.027083 0.392320
vn -0.090123 0.000969 0.995930
vn 0.000001 0.000000 1.000000
vn 0.063459 0.061607 0.996081
vn 0.063457 -0.061607 0.996081
vn 0.926803 -0.375547 0.000000
vn 0.926803 -0.375547 0.000000
vn 0.389905 -0.920855 0.000000
vn 0.389905 -0.920855 0.000000
vn -0.613427 -0.603363 0.509569
vn -0.714835 -0.699294 0.000000
vn -0.714835 -0.699294 0.000000
vn 0.714835 0.699294 0.000000
vn 0.714835 0.699294 0.000000
vn -0.063462 0.061608 0.996081
vn -0.926801 0.375553 0.000000
vn -0.926801 0.375553 0.000000
vn -0.389911 0.920853 0.000000
vn -0.389911 0.920853 0.000000
vn 0.000001 -0.000000 1.000000
vn -0.000000 0.000000 1.000000
vn 0.000000 -0.000000 1.000000
s 1
g S_U_01_2 Window_56 UV01
usemtl aiStandardSurface3SG
f 106/155/373 105/156/374 108/157/375 107/158/376
f 105/156/374 104/159/377 109/160/378 108/157/375
f 112/161/379 111/162/380 117/163/381 116/164/382
f 111/162/380 110/165/383 118/166/384 117/163/381
f 124/167/385 123/168/386 126/169/387 125/170/388
f 123/168/386 122/171/389 127/172/390 126/169/387
f 133/173/391 132/174/392 135/175/393 134/176/394
f 132/174/392 131/177/395 136/178/396 135/175/393
s 5
f 136/179/397 125/180/398 139/182/399 141/183/400
s 6
f 113/184/401 148/185/402 144/186/403 109/188/404
s 5
f 107/198/405 145/200/406 138/201/407 127/203/408
s 6
f 147/207/409 115/208/410 134/209/411 142/210/412
s 1
f 118/166/384 110/165/383 104/159/377 102/181/413
f 110/165/383 113/187/414 109/160/378 104/159/377
f 101/189/415 106/155/373 122/171/389 120/190/416
f 106/155/373 107/158/376 127/172/390 122/171/389
f 119/191/417 124/167/385 131/177/395 128/192/418
f 124/167/385 125/170/388 136/178/396 131/177/395
f 115/193/419 112/161/379 133/173/391 134/176/394
f 112/161/379 116/164/382 130/194/420 133/173/391
f 119/191/417 150/195/421 120/190/416 121/196/422
f 101/189/415 103/197/423 105/156/374 106/155/373
f 103/197/423 102/181/413 104/159/377 105/156/374
s 5
f 107/198/405 108/221/424 143/222/425 145/200/406
s 6
f 108/211/426 109/188/404 144/186/403 143/212/427
s 1
f 110/165/383 111/162/380 114/199/428 113/187/414
f 111/162/380 112/161/379 115/193/419 114/199/428
s 6
f 113/184/401 114/213/429 146/214/430 148/185/402
f 114/213/429 115/208/410 147/207/409 146/214/430
s 1
f 119/191/417 121/196/422 123/168/386 124/167/385
f 121/196/422 120/190/416 122/171/389 123/168/386
s 5
f 125/180/398 126/215/431 137/216/432 139/182/399
f 126/215/431 127/203/408 138/201/407 137/216/432
s 1
f 130/194/420 129/202/433 132/174/392 133/173/391
f 129/202/433 128/192/418 131/177/395 132/174/392
s 6
f 134/209/411 135/219/434 140/220/435 142/210/412
s 5
f 135/217/436 136/179/397 141/183/400 140/218/437
s 1
f 150/195/421 152/204/438 101/189/415 120/190/416
f 130/194/420 149/205/439 128/192/418 129/202/433
f 116/164/382 151/206/440 149/205/439 130/194/420
f 128/192/418 149/205/439 150/195/421 119/191/417
f 149/205/439 151/206/440 152/204/438 150/195/421
f 116/164/382 117/163/381 118/166/384 151/206/440
f 152/204/438 151/206/440 118/166/384 102/181/413
f 101/189/415 152/204/438 102/181/413 103/197/423
g default
v 358.012115 56.537964 340.848236
v 347.572113 45.865967 340.848236
v 354.954315 48.991730 340.848236
v 349.545715 43.848541 340.030762
v 356.927887 46.974304 340.030762
v 359.985687 54.520538 340.030762
v 360.803162 53.684906 338.057190
v 357.745361 46.138641 338.057190
v 350.363190 43.012909 338.057190
v 290.464111 43.848541 340.030762
v 283.081909 46.974304 340.030762
v 280.024109 54.520538 340.030762
v 289.646606 43.012909 338.057190
v 282.264435 46.138641 338.057190
v 279.206604 53.684906 338.057190
v 281.997681 56.537994 340.848236
v 285.055481 48.991730 340.848236
v 292.437683 45.865967 340.848236
v 347.572083 205.059540 340.848236
v 358.012115 194.387543 340.848236
v 354.954315 201.933807 340.848236
v 359.985687 196.404968 340.030762
v 356.927887 203.951202 340.030762
v 349.545715 207.076996 340.030762
v 350.363190 207.912628 338.057190
v 357.745361 204.786835 338.057190
v 360.803162 197.240631 338.057190
v 292.437683 205.059540 340.848236
v 285.055481 201.933777 340.848236
v 281.997681 194.387543 340.848236
v 290.464111 207.076996 340.030762
v 283.081909 203.951202 340.030762
v 280.024109 196.404968 340.030762
v 279.206604 197.240631 338.057190
v 282.264435 204.786835 338.057190
v 289.646606 207.912628 338.057190
v 357.745361 204.786835 329.217651
v 360.803162 197.240631 329.217651
v 350.363190 207.912628 329.217651
v 282.264435 204.786835 329.217651
v 289.646606 207.912628 329.217651
v 279.206604 197.240631 329.217651
v 357.745361 46.138641 329.217651
v 350.363190 43.012909 329.217651
v 360.803162 53.684906 329.217651
v 282.264435 46.138641 329.217651
v 279.206604 53.684906 329.217651
v 289.646606 43.012909 329.217651
v 292.437683 194.387543 340.848267
v 347.572083 194.387543 340.848236
v 292.437683 56.537994 340.848236
v 347.572113 56.537994 340.848236
vt 0.404963 0.167608
vt 0.389804 0.132244
vt 0.397355 0.124659
vt 0.414993 0.162833
vt 0.355224 0.116809
vt 0.360012 0.106833
vt 0.025763 0.167675
vt 0.040925 0.132299
vt 0.050486 0.142075
vt 0.035839 0.177345
vt 0.075498 0.116878
vt 0.084979 0.127128
vt 0.355347 0.889218
vt 0.389923 0.873796
vt 0.397473 0.881383
vt 0.360131 0.899240
vt 0.405089 0.838417
vt 0.415099 0.843192
vt 0.025871 0.838472
vt 0.041036 0.873832
vt 0.033484 0.881419
vt 0.015841 0.843246
vt 0.075617 0.889264
vt 0.070828 0.899242
vt 0.739097 0.044064
vt 0.739125 0.290509
vt 0.345734 0.127055
vt 0.703246 0.290513
vt 0.703217 0.044068
vt 0.897885 0.692850
vt 0.933765 0.692851
vt 0.933755 0.939297
vt 0.070712 0.106856
vt 0.897875 0.939296
vt 0.394887 0.177268
vt 0.395013 0.828747
vt 0.345867 0.878968
vt 0.085108 0.879017
vt 0.015753 0.162900
vt 0.035947 0.828812
vt 0.345718 0.828641
vt 0.380362 0.864018
vt 0.380235 0.142010
vt 0.739199 0.938783
vt 0.033375 0.124712
vt 0.703319 0.938787
vt 0.703253 0.356101
vt 0.050604 0.864067
vt 0.739133 0.356097
vt 0.345600 0.177385
vt 0.085241 0.828693
vt 0.085126 0.177450
vt 0.933767 0.627262
vt 0.897888 0.627261
vt 0.897911 0.044573
vt 0.933790 0.044575
vt 0.897873 0.971835
vt 0.933753 0.971835
vt 0.897886 0.660310
vt 0.933767 0.660312
vt 0.739129 0.323048
vt 0.703249 0.323053
vt 0.739093 0.011524
vt 0.703214 0.011528
vt 0.897912 0.011524
vt 0.933792 0.011525
vt 0.739203 0.971831
vt 0.703323 0.971835
vn 0.799897 -0.015633 0.599933
vn 0.453803 -0.443679 0.772795
vn 0.613429 -0.603363 0.509567
vn 0.919435 -0.027083 0.392308
vn 0.034736 -0.772695 0.633826
vn 0.058685 -0.910311 0.409744
vn -0.799893 -0.015633 0.599939
vn -0.453802 -0.443678 0.772795
vn -0.063455 -0.061607 0.996081
vn -0.090123 -0.000970 0.995930
vn -0.034736 -0.772695 0.633826
vn -0.002359 -0.087618 0.996151
vn 0.034737 0.772695 0.633826
vn 0.453809 0.443677 0.772792
vn 0.613437 0.603359 0.509561
vn 0.058686 0.910313 0.409739
vn 0.799899 0.015633 0.599932
vn 0.919435 0.027083 0.392308
vn -0.799893 0.015633 0.599939
vn -0.453806 0.443678 0.772794
vn -0.613436 0.603358 0.509565
vn -0.919430 0.027083 0.392320
vn -0.034737 0.772695 0.633827
vn -0.058688 0.910313 0.409739
vn -0.045852 0.998948 0.000000
vn 0.045852 0.998948 0.000000
vn 0.045852 0.998948 0.000000
vn -0.045852 0.998948 0.000000
vn -0.045852 -0.998948 0.000000
vn -0.045852 -0.998948 0.000000
vn 0.045852 -0.998948 0.000000
vn 0.045852 -0.998948 0.000000
vn 0.999795 -0.020232 0.000000
vn 0.999795 -0.020232 0.000000
vn 0.999795 0.020232 0.000000
vn 0.999795 0.020232 0.000000
vn -0.999795 -0.020233 0.000000
vn -0.999795 -0.020233 0.000000
vn -0.999795 0.020233 0.000000
vn -0.999795 0.020233 0.000000
vn 0.002360 -0.087618 0.996151
vn -0.058686 -0.910311 0.409744
vn 0.090123 -0.000969 0.995930
vn 0.090123 0.000969 0.995930
vn 0.002360 0.087619 0.996151
vn -0.002360 0.087619 0.996151
vn -0.919430 -0.027083 0.392320
vn -0.090123 0.000969 0.995930
vn 0.000001 0.000000 1.000000
vn 0.063459 0.061607 0.996081
vn 0.063457 -0.061607 0.996081
vn 0.926803 -0.375547 0.000000
vn 0.926803 -0.375547 0.000000
vn 0.389904 -0.920856 0.000000
vn 0.389904 -0.920856 0.000000
vn -0.613427 -0.603362 0.509569
vn -0.714835 -0.699294 0.000000
vn -0.714835 -0.699294 0.000000
vn 0.714834 0.699295 0.000000
vn 0.714834 0.699295 0.000000
vn -0.063462 0.061608 0.996081
vn -0.926801 0.375553 0.000000
vn -0.926801 0.375553 0.000000
vn -0.389911 0.920853 0.000000
vn -0.389911 0.920853 0.000000
vn 0.000001 -0.000000 1.000000
vn -0.000000 0.000000 1.000000
vn 0.000000 -0.000000 1.000000
s 1
g S_U_01_2 UV01 Window_55
usemtl aiStandardSurface3SG
f 158/223/441 157/224/442 160/225/443 159/226/444
f 157/224/442 156/227/445 161/228/446 160/225/443
f 164/229/447 163/230/448 169/231/449 168/232/450
f 163/230/448 162/233/451 170/234/452 169/231/449
f 176/235/453 175/236/454 178/237/455 177/238/456
f 175/236/454 174/239/457 179/240/458 178/237/455
f 185/241/459 184/242/460 187/243/461 186/244/462
f 184/242/460 183/245/463 188/246/464 187/243/461
s 5
f 188/247/465 177/248/466 191/250/467 193/251/468
s 6
f 165/252/469 200/253/470 196/254/471 161/256/472
s 5
f 159/266/473 197/268/474 190/269/475 179/271/476
s 6
f 199/275/477 167/276/478 186/277/479 194/278/480
s 1
f 170/234/452 162/233/451 156/227/445 154/249/481
f 162/233/451 165/255/482 161/228/446 156/227/445
f 153/257/483 158/223/441 174/239/457 172/258/484
f 158/223/441 159/226/444 179/240/458 174/239/457
f 171/259/485 176/235/453 183/245/463 180/260/486
f 176/235/453 177/238/456 188/246/464 183/245/463
f 167/261/487 164/229/447 185/241/459 186/244/462
f 164/229/447 168/232/450 182/262/488 185/241/459
f 171/259/485 202/263/489 172/258/484 173/264/490
f 153/257/483 155/265/491 157/224/442 158/223/441
f 155/265/491 154/249/481 156/227/445 157/224/442
s 5
f 159/266/473 160/289/492 195/290/493 197/268/474
s 6
f 160/279/494 161/256/472 196/254/471 195/280/495
s 1
f 162/233/451 163/230/448 166/267/496 165/255/482
f 163/230/448 164/229/447 167/261/487 166/267/496
s 6
f 165/252/469 166/281/497 198/282/498 200/253/470
f 166/281/497 167/276/478 199/275/477 198/282/498
s 1
f 171/259/485 173/264/490 175/236/454 176/235/453
f 173/264/490 172/258/484 174/239/457 175/236/454
s 5
f 177/248/466 178/283/499 189/284/500 191/250/467
f 178/283/499 179/271/476 190/269/475 189/284/500
s 1
f 182/262/488 181/270/501 184/242/460 185/241/459
f 181/270/501 180/260/486 183/245/463 184/242/460
s 6
f 186/277/479 187/287/502 192/288/503 194/278/480
s 5
f 187/285/504 188/247/465 193/251/468 192/286/505
s 1
f 202/263/489 204/272/506 153/257/483 172/258/484
f 182/262/488 201/273/507 180/260/486 181/270/501
f 168/232/450 203/274/508 201/273/507 182/262/488
f 180/260/486 201/273/507 202/263/489 171/259/485
f 201/273/507 203/274/508 204/272/506 202/263/489
f 168/232/450 169/231/449 170/234/452 203/274/508
f 204/272/506 203/274/508 170/234/452 154/249/481
f 153/257/483 204/272/506 154/249/481 155/265/491
g default
v 276.910858 56.537964 340.848236
v 266.470856 45.865967 340.848236
v 273.853058 48.991730 340.848236
v 268.444458 43.848541 340.030762
v 275.826630 46.974304 340.030762
v 278.884430 54.520538 340.030762
v 279.701904 53.684906 338.057190
v 276.644104 46.138641 338.057190
v 269.261932 43.012909 338.057190
v 209.362854 43.848541 340.030762
v 201.980652 46.974304 340.030762
v 198.922852 54.520538 340.030762
v 208.545349 43.012909 338.057190
v 201.163177 46.138641 338.057190
v 198.105347 53.684906 338.057190
v 200.896423 56.537994 340.848236
v 203.954224 48.991730 340.848236
v 211.336426 45.865967 340.848236
v 266.470825 205.059540 340.848236
v 276.910858 194.387543 340.848236
v 273.853058 201.933807 340.848236
v 278.884430 196.404968 340.030762
v 275.826630 203.951202 340.030762
v 268.444458 207.076996 340.030762
v 269.261932 207.912628 338.057190
v 276.644104 204.786835 338.057190
v 279.701904 197.240631 338.057190
v 211.336426 205.059540 340.848236
v 203.954224 201.933777 340.848236
v 200.896423 194.387543 340.848236
v 209.362854 207.076996 340.030762
v 201.980652 203.951202 340.030762
v 198.922852 196.404968 340.030762
v 198.105347 197.240631 338.057190
v 201.163177 204.786835 338.057190
v 208.545349 207.912628 338.057190
v 276.644104 204.786835 329.217651
v 279.701904 197.240631 329.217651
v 269.261932 207.912628 329.217651
v 201.163177 204.786835 329.217651
v 208.545349 207.912628 329.217651
v 198.105347 197.240631 329.217651
v 276.644104 46.138641 329.217651
v 269.261932 43.012909 329.217651
v 279.701904 53.684906 329.217651
v 201.163177 46.138641 329.217651
v 198.105347 53.684906 329.217651
v 208.545349 43.012909 329.217651
v 211.336426 194.387543 340.848267
v 266.470825 194.387543 340.848236
v 211.336426 56.537994 340.848236
v 266.470856 56.537994 340.848236
vt 0.404963 0.167608
vt 0.389804 0.132244
vt 0.397355 0.124659
vt 0.414993 0.162833
vt 0.355224 0.116809
vt 0.360012 0.106833
vt 0.025763 0.167675
vt 0.040925 0.132299
vt 0.050486 0.142075
vt 0.035839 0.177345
vt 0.075498 0.116878
vt 0.084979 0.127128
vt 0.355347 0.889218
vt 0.389923 0.873796
vt 0.397473 0.881383
vt 0.360131 0.899240
vt 0.405089 0.838417
vt 0.415099 0.843192
vt 0.025871 0.838472
vt 0.041036 0.873832
vt 0.033484 0.881419
vt 0.015841 0.843246
vt 0.075617 0.889264
vt 0.070828 0.899242
vt 0.739097 0.044064
vt 0.739125 0.290509
vt 0.345734 0.127055
vt 0.703246 0.290513
vt 0.703217 0.044068
vt 0.897885 0.692850
vt 0.933765 0.692851
vt 0.933755 0.939297
vt 0.070712 0.106856
vt 0.897875 0.939296
vt 0.394887 0.177268
vt 0.395013 0.828747
vt 0.345867 0.878968
vt 0.085108 0.879017
vt 0.015753 0.162900
vt 0.035947 0.828812
vt 0.345718 0.828641
vt 0.380362 0.864018
vt 0.380235 0.142010
vt 0.739199 0.938783
vt 0.033375 0.124712
vt 0.703319 0.938787
vt 0.703253 0.356101
vt 0.050604 0.864067
vt 0.739133 0.356097
vt 0.345600 0.177385
vt 0.085241 0.828693
vt 0.085126 0.177450
vt 0.933767 0.627262
vt 0.897888 0.627261
vt 0.897911 0.044573
vt 0.933790 0.044575
vt 0.897873 0.971835
vt 0.933753 0.971835
vt 0.897886 0.660310
vt 0.933767 0.660312
vt 0.739129 0.323048
vt 0.703249 0.323053
vt 0.739093 0.011524
vt 0.703214 0.011528
vt 0.897912 0.011524
vt 0.933792 0.011525
vt 0.739203 0.971831
vt 0.703323 0.971835
vn 0.799897 -0.015633 0.599933
vn 0.453803 -0.443678 0.772795
vn 0.613429 -0.603363 0.509567
vn 0.919435 -0.027083 0.392308
vn 0.034736 -0.772695 0.633826
vn 0.058685 -0.910311 0.409744
vn -0.799893 -0.015633 0.599939
vn -0.453802 -0.443679 0.772795
vn -0.063455 -0.061607 0.996081
vn -0.090123 -0.000970 0.995930
vn -0.034736 -0.772695 0.633826
vn -0.002359 -0.087618 0.996151
vn 0.034737 0.772695 0.633826
vn 0.453809 0.443677 0.772792
vn 0.613437 0.603359 0.509561
vn 0.058686 0.910313 0.409739
vn 0.799899 0.015633 0.599932
vn 0.919435 0.027083 0.392308
vn -0.799893 0.015633 0.599939
vn -0.453806 0.443678 0.772794
vn -0.613435 0.603358 0.509565
vn -0.919430 0.027083 0.392320
vn -0.034737 0.772695 0.633827
vn -0.058688 0.910313 0.409739
vn -0.045852 0.998948 0.000000
vn 0.045852 0.998948 0.000000
vn 0.045852 0.998948 0.000000
vn -0.045852 0.998948 0.000000
vn -0.045852 -0.998948 0.000000
vn -0.045852 -0.998948 0.000000
vn 0.045852 -0.998948 0.000000
vn 0.045852 -0.998948 0.000000
vn 0.999795 -0.020232 0.000000
vn 0.999795 -0.020232 0.000000
vn 0.999795 0.020232 0.000000
vn 0.999795 0.020232 0.000000
vn -0.999795 -0.020233 0.000000
vn -0.999795 -0.020233 0.000000
vn -0.999795 0.020233 0.000000
vn -0.999795 0.020233 0.000000
vn 0.002360 -0.087618 0.996151
vn -0.058686 -0.910311 0.409744
vn 0.090123 -0.000969 0.995930
vn 0.090123 0.000969 0.995930
vn 0.002360 0.087619 0.996151
vn -0.002360 0.087619 0.996151
vn -0.919430 -0.027083 0.392320
vn -0.090123 0.000969 0.995930
vn 0.000001 0.000000 1.000000
vn 0.063459 0.061607 0.996081
vn 0.063457 -0.061607 0.996081
vn 0.926803 -0.375547 0.000000
vn 0.926803 -0.375547 0.000000
vn 0.389904 -0.920856 0.000000
vn 0.389904 -0.920856 0.000000
vn -0.613427 -0.603363 0.509569
vn -0.714834 -0.699294 0.000000
vn -0.714834 -0.699294 0.000000
vn 0.714834 0.699295 0.000000
vn 0.714834 0.699295 0.000000
vn -0.063462 0.061608 0.996081
vn -0.926801 0.375553 0.000000
vn -0.926801 0.375553 0.000000
vn -0.389911 0.920853 0.000000
vn -0.389911 0.920853 0.000000
vn 0.000001 -0.000000 1.000000
vn -0.000000 0.000000 1.000000
vn 0.000000 -0.000000 1.000000
s 1
g S_U_01_2 UV01 Window_54
usemtl aiStandardSurface3SG
f 210/291/509 209/292/510 212/293/511 211/294/512
f 209/292/510 208/295/513 213/296/514 212/293/511
f 216/297/515 215/298/516 221/299/517 220/300/518
f 215/298/516 214/301/519 222/302/520 221/299/517
f 228/303/521 227/304/522 230/305/523 229/306/524
f 227/304/522 226/307/525 231/308/526 230/305/523
f 237/309/527 236/310/528 239/311/529 238/312/530
f 236/310/528 235/313/531 240/314/532 239/311/529
s 5
f 240/315/533 229/316/534 243/318/535 245/319/536
s 6
f 217/320/537 252/321/538 248/322/539 213/324/540
s 5
f 211/334/541 249/336/542 242/337/543 231/339/544
s 6
f 251/343/545 219/344/546 238/345/547 246/346/548
s 1
f 222/302/520 214/301/519 208/295/513 206/317/549
f 214/301/519 217/323/550 213/296/514 208/295/513
f 205/325/551 210/291/509 226/307/525 224/326/552
f 210/291/509 211/294/512 231/308/526 226/307/525
f 223/327/553 228/303/521 235/313/531 232/328/554
f 228/303/521 229/306/524 240/314/532 235/313/531
f 219/329/555 216/297/515 237/309/527 238/312/530
f 216/297/515 220/300/518 234/330/556 237/309/527
f 223/327/553 254/331/557 224/326/552 225/332/558
f 205/325/551 207/333/559 209/292/510 210/291/509
f 207/333/559 206/317/549 208/295/513 209/292/510
s 5
f 211/334/541 212/357/560 247/358/561 249/336/542
s 6
f 212/347/562 213/324/540 248/322/539 247/348/563
s 1
f 214/301/519 215/298/516 218/335/564 217/323/550
f 215/298/516 216/297/515 219/329/555 218/335/564
s 6
f 217/320/537 218/349/565 250/350/566 252/321/538
f 218/349/565 219/344/546 251/343/545 250/350/566
s 1
f 223/327/553 225/332/558 227/304/522 228/303/521
f 225/332/558 224/326/552 226/307/525 227/304/522
s 5
f 229/316/534 230/351/567 241/352/568 243/318/535
f 230/351/567 231/339/544 242/337/543 241/352/568
s 1
f 234/330/556 233/338/569 236/310/528 237/309/527
f 233/338/569 232/328/554 235/313/531 236/310/528
s 6
f 238/345/547 239/355/570 244/356/571 246/346/548
s 5
f 239/353/572 240/315/533 245/319/536 244/354/573
s 1
f 254/331/557 256/340/574 205/325/551 224/326/552
f 234/330/556 253/341/575 232/328/554 233/338/569
f 220/300/518 255/342/576 253/341/575 234/330/556
f 232/328/554 253/341/575 254/331/557 223/327/553
f 253/341/575 255/342/576 256/340/574 254/331/557
f 220/300/518 221/299/517 222/302/520 255/342/576
f 256/340/574 255/342/576 222/302/520 206/317/549
f 205/325/551 256/340/574 206/317/549 207/333/559
g default
v 196.147888 56.537964 340.848236
v 185.707886 45.865967 340.848236
v 193.090088 48.991730 340.848236
v 187.681473 43.848541 340.030762
v 195.063660 46.974304 340.030762
v 198.121460 54.520538 340.030762
v 198.938950 53.684906 338.057190
v 195.881134 46.138641 338.057190
v 188.498962 43.012909 338.057190
v 128.599884 43.848541 340.030762
v 121.217682 46.974304 340.030762
v 118.159882 54.520538 340.030762
v 127.782379 43.012909 338.057190
v 120.400208 46.138641 338.057190
v 117.342377 53.684906 338.057190
v 120.133453 56.537994 340.848236
v 123.191254 48.991730 340.848236
v 130.573456 45.865967 340.848236
v 185.707870 205.059540 340.848236
v 196.147888 194.387543 340.848236
v 193.090088 201.933807 340.848236
v 198.121460 196.404968 340.030762
v 195.063660 203.951202 340.030762
v 187.681473 207.076996 340.030762
v 188.498962 207.912628 338.057190
v 195.881134 204.786835 338.057190
v 198.938950 197.240631 338.057190
v 130.573456 205.059540 340.848236
v 123.191254 201.933777 340.848236
v 120.133453 194.387543 340.848236
v 128.599884 207.076996 340.030762
v 121.217682 203.951202 340.030762
v 118.159882 196.404968 340.030762
v 117.342377 197.240631 338.057190
v 120.400208 204.786835 338.057190
v 127.782379 207.912628 338.057190
v 195.881134 204.786835 329.217651
v 198.938950 197.240631 329.217651
v 188.498962 207.912628 329.217651
v 120.400208 204.786835 329.217651
v 127.782379 207.912628 329.217651
v 117.342377 197.240631 329.217651
v 195.881134 46.138641 329.217651
v 188.498962 43.012909 329.217651
v 198.938950 53.684906 329.217651
v 120.400208 46.138641 329.217651
v 117.342377 53.684906 329.217651
v 127.782379 43.012909 329.217651
v 130.573456 194.387543 340.848267
v 185.707855 194.387543 340.848236
v 130.573456 56.537994 340.848236
v 185.707886 56.537994 340.848236
vt 0.404963 0.167608
vt 0.389804 0.132244
vt 0.397355 0.124659
vt 0.414993 0.162833
vt 0.355224 0.116809
vt 0.360012 0.106833
vt 0.025763 0.167675
vt 0.040925 0.132299
vt 0.050486 0.142075
vt 0.035839 0.177345
vt 0.075498 0.116878
vt 0.084979 0.127128
vt 0.355347 0.889218
vt 0.389923 0.873796
vt 0.397473 0.881383
vt 0.360131 0.899240
vt 0.405089 0.838417
vt 0.415099 0.843192
vt 0.025871 0.838472
vt 0.041036 0.873832
vt 0.033484 0.881419
vt 0.015841 0.843246
vt 0.075617 0.889264
vt 0.070828 0.899242
vt 0.739097 0.044064
vt 0.739125 0.290509
vt 0.345734 0.127055
vt 0.703246 0.290513
vt 0.703217 0.044068
vt 0.897885 0.692850
vt 0.933765 0.692851
vt 0.933755 0.939297
vt 0.070712 0.106856
vt 0.897875 0.939296
vt 0.394887 0.177268
vt 0.395013 0.828747
vt 0.345867 0.878968
vt 0.085108 0.879017
vt 0.015753 0.162900
vt 0.035947 0.828812
vt 0.345718 0.828641
vt 0.380362 0.864018
vt 0.380235 0.142010
vt 0.739199 0.938783
vt 0.033375 0.124712
vt 0.703319 0.938787
vt 0.703253 0.356101
vt 0.050604 0.864067
vt 0.739133 0.356097
vt 0.345600 0.177385
vt 0.085241 0.828693
vt 0.085126 0.177450
vt 0.933767 0.627262
vt 0.897888 0.627261
vt 0.897911 0.044573
vt 0.933790 0.044575
vt 0.897873 0.971835
vt 0.933753 0.971835
vt 0.897886 0.660310
vt 0.933767 0.660312
vt 0.739129 0.323048
vt 0.703249 0.323053
vt 0.739093 0.011524
vt 0.703214 0.011528
vt 0.897912 0.011524
vt 0.933792 0.011525
vt 0.739203 0.971831
vt 0.703323 0.971835
vn 0.799895 -0.015633 0.599936
vn 0.453802 -0.443680 0.772795
vn 0.613426 -0.603365 0.509568
vn 0.919433 -0.027083 0.392314
vn 0.034736 -0.772695 0.633827
vn 0.058685 -0.910310 0.409745
vn -0.799893 -0.015633 0.599939
vn -0.453802 -0.443679 0.772795
vn -0.063455 -0.061607 0.996081
vn -0.090123 -0.000970 0.995930
vn -0.034736 -0.772695 0.633827
vn -0.002359 -0.087618 0.996151
vn 0.034737 0.772694 0.633828
vn 0.453808 0.443679 0.772792
vn 0.613434 0.603360 0.509564
vn 0.058686 0.910310 0.409745
vn 0.799896 0.015633 0.599935
vn 0.919433 0.027083 0.392314
vn -0.799893 0.015633 0.599939
vn -0.453806 0.443678 0.772794
vn -0.613435 0.603358 0.509565
vn -0.919430 0.027083 0.392320
vn -0.034737 0.772693 0.633829
vn -0.058687 0.910310 0.409745
vn -0.045852 0.998948 0.000000
vn 0.045852 0.998948 0.000000
vn 0.045852 0.998948 0.000000
vn -0.045852 0.998948 0.000000
vn -0.045852 -0.998948 0.000000
vn -0.045852 -0.998948 0.000000
vn 0.045852 -0.998948 0.000000
vn 0.045852 -0.998948 0.000000
vn 0.999795 -0.020233 0.000000
vn 0.999795 -0.020233 0.000000
vn 0.999795 0.020233 0.000000
vn 0.999795 0.020233 0.000000
vn -0.999795 -0.020233 0.000000
vn -0.999795 -0.020233 0.000000
vn -0.999795 0.020233 0.000000
vn -0.999795 0.020233 0.000000
vn 0.002360 -0.087618 0.996151
vn -0.058686 -0.910310 0.409746
vn 0.090123 -0.000969 0.995930
vn 0.090123 0.000969 0.995930
vn 0.002360 0.087619 0.996151
vn -0.002360 0.087619 0.996151
vn -0.919430 -0.027083 0.392320
vn -0.090123 0.000969 0.995930
vn 0.000001 0.000000 1.000000
vn 0.063459 0.061607 0.996081
vn 0.063457 -0.061607 0.996081
vn 0.926802 -0.375550 0.000000
vn 0.926802 -0.375550 0.000000
vn 0.389905 -0.920855 0.000000
vn 0.389905 -0.920855 0.000000
vn -0.613427 -0.603363 0.509569
vn -0.714834 -0.699294 0.000000
vn -0.714834 -0.699294 0.000000
vn 0.714834 0.699295 0.000000
vn 0.714834 0.699295 0.000000
vn -0.063462 0.061608 0.996081
vn -0.926801 0.375553 0.000000
vn -0.926801 0.375553 0.000000
vn -0.389911 0.920853 0.000000
vn -0.389911 0.920853 0.000000
vn 0.000001 -0.000000 1.000000
vn -0.000000 -0.000000 1.000000
vn 0.000000 -0.000000 1.000000
s 1
g S_U_01_2 UV01 Window_53
usemtl aiStandardSurface3SG
f 262/359/577 261/360/578 264/361/579 263/362/580
f 261/360/578 260/363/581 265/364/582 264/361/579
f 268/365/583 267/366/584 273/367/585 272/368/586
f 267/366/584 266/369/587 274/370/588 273/367/585
f 280/371/589 279/372/590 282/373/591 281/374/592
f 279/372/590 278/375/593 283/376/594 282/373/591
f 289/377/595 288/378/596 291/379/597 290/380/598
f 288/378/596 287/381/599 292/382/600 291/379/597
s 5
f 292/383/601 281/384/602 295/386/603 297/387/604
s 6
f 269/388/605 304/389/606 300/390/607 265/392/608
s 5
f 263/402/609 301/404/610 294/405/611 283/407/612
s 6
f 303/411/613 271/412/614 290/413/615 298/414/616
s 1
f 274/370/588 266/369/587 260/363/581 258/385/617
f 266/369/587 269/391/618 265/364/582 260/363/581
f 257/393/619 262/359/577 278/375/593 276/394/620
f 262/359/577 263/362/580 283/376/594 278/375/593
f 275/395/621 280/371/589 287/381/599 284/396/622
f 280/371/589 281/374/592 292/382/600 287/381/599
f 271/397/623 268/365/583 289/377/595 290/380/598
f 268/365/583 272/368/586 286/398/624 289/377/595
f 275/395/621 306/399/625 276/394/620 277/400/626
f 257/393/619 259/401/627 261/360/578 262/359/577
f 259/401/627 258/385/617 260/363/581 261/360/578
s 5
f 263/402/609 264/425/628 299/426/629 301/404/610
s 6
f 264/415/630 265/392/608 300/390/607 299/416/631
s 1
f 266/369/587 267/366/584 270/403/632 269/391/618
f 267/366/584 268/365/583 271/397/623 270/403/632
s 6
f 269/388/605 270/417/633 302/418/634 304/389/606
f 270/417/633 271/412/614 303/411/613 302/418/634
s 1
f 275/395/621 277/400/626 279/372/590 280/371/589
f 277/400/626 276/394/620 278/375/593 279/372/590
s 5
f 281/384/602 282/419/635 293/420/636 295/386/603
f 282/419/635 283/407/612 294/405/611 293/420/636
s 1
f 286/398/624 285/406/637 288/378/596 289/377/595
f 285/406/637 284/396/622 287/381/599 288/378/596
s 6
f 290/413/615 291/423/638 296/424/639 298/414/616
s 5
f 291/421/640 292/383/601 297/387/604 296/422/641
s 1
f 306/399/625 308/408/642 257/393/619 276/394/620
f 286/398/624 305/409/643 284/396/622 285/406/637
f 272/368/586 307/410/644 305/409/643 286/398/624
f 284/396/622 305/409/643 306/399/625 275/395/621
f 305/409/643 307/410/644 308/408/642 306/399/625
f 272/368/586 273/367/585 274/370/588 307/410/644
f 308/408/642 307/410/644 274/370/588 258/385/617
f 257/393/619 308/408/642 258/385/617 259/401/627
g default
v 115.269928 56.537964 340.848236
v 104.829926 45.865967 340.848236
v 112.212128 48.991730 340.848236
v 106.803513 43.848541 340.030762
v 114.185699 46.974304 340.030762
v 117.243500 54.520538 340.030762
v 118.060989 53.684906 338.057190
v 115.003174 46.138641 338.057190
v 107.621002 43.012909 338.057190
v 47.721924 43.848541 340.030762
v 40.339722 46.974304 340.030762
v 37.281921 54.520538 340.030762
v 46.904419 43.012909 338.057190
v 39.522247 46.138641 338.057190
v 36.464417 53.684906 338.057190
v 39.255493 56.537994 340.848236
v 42.313293 48.991730 340.848236
v 49.695496 45.865967 340.848236
v 104.829910 205.059540 340.848236
v 115.269928 194.387543 340.848236
v 112.212128 201.933807 340.848236
v 117.243500 196.404968 340.030762
v 114.185699 203.951202 340.030762
v 106.803513 207.076996 340.030762
v 107.621002 207.912628 338.057190
v 115.003174 204.786835 338.057190
v 118.060989 197.240631 338.057190
v 49.695496 205.059540 340.848236
v 42.313293 201.933777 340.848236
v 39.255493 194.387543 340.848236
v 47.721924 207.076996 340.030762
v 40.339722 203.951202 340.030762
v 37.281921 196.404968 340.030762
v 36.464417 197.240631 338.057190
v 39.522247 204.786835 338.057190
v 46.904419 207.912628 338.057190
v 115.003174 204.786835 329.217651
v 118.060989 197.240631 329.217651
v 107.621002 207.912628 329.217651
v 39.522247 204.786835 329.217651
v 46.904419 207.912628 329.217651
v 36.464417 197.240631 329.217651
v 115.003174 46.138641 329.217651
v 107.621002 43.012909 329.217651
v 118.060989 53.684906 329.217651
v 39.522247 46.138641 329.217651
v 36.464417 53.684906 329.217651
v 46.904419 43.012909 329.217651
v 49.695496 194.387543 340.848267
v 104.829895 194.387543 340.848236
v 49.695496 56.537994 340.848236
v 104.829926 56.537994 340.848236
vt 0.404963 0.167608
vt 0.389804 0.132244
vt 0.397355 0.124659
vt 0.414993 0.162833
vt 0.355224 0.116809
vt 0.360012 0.106833
vt 0.025763 0.167675
vt 0.040925 0.132299
vt 0.050486 0.142075
vt 0.035839 0.177345
vt 0.075498 0.116878
vt 0.084979 0.127128
vt 0.355347 0.889218
vt 0.389923 0.873796
vt 0.397473 0.881383
vt 0.360131 0.899240
vt 0.405089 0.838417
vt 0.415099 0.843192
vt 0.025871 0.838472
vt 0.041036 0.873832
vt 0.033484 0.881419
vt 0.015841 0.843246
vt 0.075617 0.889264
vt 0.070828 0.899242
vt 0.739097 0.044064
vt 0.739125 0.290509
vt 0.345734 0.127055
vt 0.703246 0.290513
vt 0.703217 0.044068
vt 0.897885 0.692850
vt 0.933765 0.692851
vt 0.933755 0.939297
vt 0.070712 0.106856
vt 0.897875 0.939296
vt 0.394887 0.177268
vt 0.395013 0.828747
vt 0.345867 0.878968
vt 0.085108 0.879017
vt 0.015753 0.162900
vt 0.035947 0.828812
vt 0.345718 0.828641
vt 0.380362 0.864018
vt 0.380235 0.142010
vt 0.739199 0.938783
vt 0.033375 0.124712
vt 0.703319 0.938787
vt 0.703253 0.356101
vt 0.050604 0.864067
vt 0.739133 0.356097
vt 0.345600 0.177385
vt 0.085241 0.828693
vt 0.085126 0.177450
vt 0.933767 0.627262
vt 0.897888 0.627261
vt 0.897911 0.044573
vt 0.933790 0.044575
vt 0.897873 0.971835
vt 0.933753 0.971835
vt 0.897886 0.660310
vt 0.933767 0.660312
vt 0.739129 0.323048
vt 0.703249 0.323053
vt 0.739093 0.011524
vt 0.703214 0.011528
vt 0.897912 0.011524
vt 0.933792 0.011525
vt 0.739203 0.971831
vt 0.703323 0.971835
vn 0.799895 -0.015633 0.599936
vn 0.453802 -0.443679 0.772795
vn 0.613427 -0.603364 0.509568
vn 0.919433 -0.027083 0.392314
vn 0.034736 -0.772695 0.633827
vn 0.058685 -0.910310 0.409745
vn -0.799893 -0.015633 0.599939
vn -0.453802 -0.443679 0.772795
vn -0.063455 -0.061607 0.996081
vn -0.090123 -0.000970 0.995930
vn -0.034736 -0.772695 0.633827
vn -0.002359 -0.087618 0.996151
vn 0.034737 0.772694 0.633828
vn 0.453808 0.443679 0.772792
vn 0.613434 0.603360 0.509564
vn 0.058686 0.910310 0.409745
vn 0.799896 0.015633 0.599935
vn 0.919433 0.027083 0.392314
vn -0.799893 0.015633 0.599939
vn -0.453806 0.443678 0.772794
vn -0.613435 0.603358 0.509565
vn -0.919430 0.027083 0.392320
vn -0.034737 0.772693 0.633829
vn -0.058687 0.910310 0.409745
vn -0.045852 0.998948 0.000000
vn 0.045852 0.998948 0.000000
vn 0.045852 0.998948 0.000000
vn -0.045852 0.998948 0.000000
vn -0.045852 -0.998948 0.000000
vn -0.045852 -0.998948 0.000000
vn 0.045852 -0.998948 0.000000
vn 0.045852 -0.998948 0.000000
vn 0.999795 -0.020233 0.000000
vn 0.999795 -0.020233 0.000000
vn 0.999795 0.020233 0.000000
vn 0.999795 0.020233 0.000000
vn -0.999795 -0.020233 0.000000
vn -0.999795 -0.020233 0.000000
vn -0.999795 0.020233 0.000000
vn -0.999795 0.020233 0.000000
vn 0.002360 -0.087618 0.996151
vn -0.058686 -0.910310 0.409746
vn 0.090123 -0.000969 0.995930
vn 0.090123 0.000969 0.995930
vn 0.002360 0.087619 0.996151
vn -0.002360 0.087619 0.996151
vn -0.919430 -0.027083 0.392320
vn -0.090123 0.000969 0.995930
vn 0.000001 0.000000 1.000000
vn 0.063459 0.061607 0.996081
vn 0.063457 -0.061607 0.996081
vn 0.926803 -0.375548 0.000000
vn 0.926803 -0.375548 0.000000
vn 0.389905 -0.920855 0.000000
vn 0.389905 -0.920855 0.000000
vn -0.613427 -0.603363 0.509569
vn -0.714834 -0.699294 0.000000
vn -0.714834 -0.699294 0.000000
vn 0.714834 0.699294 0.000000
vn 0.714834 0.699294 0.000000
vn -0.063462 0.061608 0.996081
vn -0.926801 0.375554 0.000000
vn -0.926801 0.375554 0.000000
vn -0.389911 0.920853 0.000000
vn -0.389911 0.920853 0.000000
vn 0.000001 -0.000000 1.000000
vn -0.000000 -0.000000 1.000000
vn 0.000000 -0.000000 1.000000
s 1
g S_U_01_2 UV01 Window_52
usemtl aiStandardSurface3SG
f 314/427/645 313/428/646 316/429/647 315/430/648
f 313/428/646 312/431/649 317/432/650 316/429/647
f 320/433/651 319/434/652 325/435/653 324/436/654
f 319/434/652 318/437/655 326/438/656 325/435/653
f 332/439/657 331/440/658 334/441/659 333/442/660
f 331/440/658 330/443/661 335/444/662 334/441/659
f 341/445/663 340/446/664 343/447/665 342/448/666
f 340/446/664 339/449/667 344/450/668 343/447/665
s 5
f 344/451/669 333/452/670 347/454/671 349/455/672
s 6
f 321/456/673 356/457/674 352/458/675 317/460/676
s 5
f 315/470/677 353/472/678 346/473/679 335/475/680
s 6
f 355/479/681 323/480/682 342/481/683 350/482/684
s 1
f 326/438/656 318/437/655 312/431/649 310/453/685
f 318/437/655 321/459/686 317/432/650 312/431/649
f 309/461/687 314/427/645 330/443/661 328/462/688
f 314/427/645 315/430/648 335/444/662 330/443/661
f 327/463/689 332/439/657 339/449/667 336/464/690
f 332/439/657 333/442/660 344/450/668 339/449/667
f 323/465/691 320/433/651 341/445/663 342/448/666
f 320/433/651 324/436/654 338/466/692 341/445/663
f 327/463/689 358/467/693 328/462/688 329/468/694
f 309/461/687 311/469/695 313/428/646 314/427/645
f 311/469/695 310/453/685 312/431/649 313/428/646
s 5
f 315/470/677 316/493/696 351/494/697 353/472/678
s 6
f 316/483/698 317/460/676 352/458/675 351/484/699
s 1
f 318/437/655 319/434/652 322/471/700 321/459/686
f 319/434/652 320/433/651 323/465/691 322/471/700
s 6
f 321/456/673 322/485/701 354/486/702 356/457/674
f 322/485/701 323/480/682 355/479/681 354/486/702
s 1
f 327/463/689 329/468/694 331/440/658 332/439/657
f 329/468/694 328/462/688 330/443/661 331/440/658
s 5
f 333/452/670 334/487/703 345/488/704 347/454/671
f 334/487/703 335/475/680 346/473/679 345/488/704
s 1
f 338/466/692 337/474/705 340/446/664 341/445/663
f 337/474/705 336/464/690 339/449/667 340/446/664
s 6
f 342/481/683 343/491/706 348/492/707 350/482/684
s 5
f 343/489/708 344/451/669 349/455/672 348/490/709
s 1
f 358/467/693 360/476/710 309/461/687 328/462/688
f 338/466/692 357/477/711 336/464/690 337/474/705
f 324/436/654 359/478/712 357/477/711 338/466/692
f 336/464/690 357/477/711 358/467/693 327/463/689
f 357/477/711 359/478/712 360/476/710 358/467/693
f 324/436/654 325/435/653 326/438/656 359/478/712
f 360/476/710 359/478/712 326/438/656 310/453/685
f 309/461/687 360/476/710 310/453/685 311/469/695
g default
v 34.453812 56.537964 340.848236
v 24.013809 45.865967 340.848236
v 31.396011 48.991730 340.848236
v 25.987396 43.848541 340.030762
v 33.369583 46.974304 340.030762
v 36.427383 54.520538 340.030762
v 37.244873 53.684906 338.057190
v 34.187057 46.138641 338.057190
v 26.804886 43.012909 338.057190
v -33.094193 43.848541 340.030762
v -40.476395 46.974304 340.030762
v -43.534195 54.520538 340.030762
v -33.911697 43.012909 338.057190
v -41.293869 46.138641 338.057190
v -44.351700 53.684906 338.057190
v -41.560623 56.537994 340.848236
v -38.502823 48.991730 340.848236
v -31.120621 45.865967 340.848236
v 24.013794 205.059540 340.848236
v 34.453812 194.387543 340.848236
v 31.396011 201.933807 340.848236
v 36.427383 196.404968 340.030762
v 33.369583 203.951202 340.030762
v 25.987396 207.076996 340.030762
v 26.804886 207.912628 338.057190
v 34.187057 204.786835 338.057190
v 37.244873 197.240631 338.057190
v -31.120621 205.059540 340.848236
v -38.502823 201.933777 340.848236
v -41.560623 194.387543 340.848236
v -33.094193 207.076996 340.030762
v -40.476395 203.951202 340.030762
v -43.534195 196.404968 340.030762
v -44.351700 197.240631 338.057190
v -41.293869 204.786835 338.057190
v -33.911697 207.912628 338.057190
v 34.187057 204.786835 329.217651
v 37.244873 197.240631 329.217651
v 26.804886 207.912628 329.217651
v -41.293869 204.786835 329.217651
v -33.911697 207.912628 329.217651
v -44.351700 197.240631 329.217651
v 34.187057 46.138641 329.217651
v 26.804886 43.012909 329.217651
v 37.244873 53.684906 329.217651
v -41.293869 46.138641 329.217651
v -44.351700 53.684906 329.217651
v -33.911697 43.012909 329.217651
v -31.120621 194.387543 340.848267
v 24.013779 194.387543 340.848236
v -31.120621 56.537994 340.848236
v 24.013809 56.537994 340.848236
vt 0.404963 0.167608
vt 0.389804 0.132244
vt 0.397355 0.124659
vt 0.414993 0.162833
vt 0.355224 0.116809
vt 0.360012 0.106833
vt 0.025763 0.167675
vt 0.040925 0.132299
vt 0.050486 0.142075
vt 0.035839 0.177345
vt 0.075498 0.116878
vt 0.084979 0.127128
vt 0.355347 0.889218
vt 0.389923 0.873796
vt 0.397473 0.881383
vt 0.360131 0.899240
vt 0.405089 0.838417
vt 0.415099 0.843192
vt 0.025871 0.838472
vt 0.041036 0.873832
vt 0.033484 0.881419
vt 0.015841 0.843246
vt 0.075617 0.889264
vt 0.070828 0.899242
vt 0.739097 0.044064
vt 0.739125 0.290509
vt 0.345734 0.127055
vt 0.703246 0.290513
vt 0.703217 0.044068
vt 0.897885 0.692850
vt 0.933765 0.692851
vt 0.933755 0.939297
vt 0.070712 0.106856
vt 0.897875 0.939296
vt 0.394887 0.177268
vt 0.395013 0.828747
vt 0.345867 0.878968
vt 0.085108 0.879017
vt 0.015753 0.162900
vt 0.035947 0.828812
vt 0.345718 0.828641
vt 0.380362 0.864018
vt 0.380235 0.142010
vt 0.739199 0.938783
vt 0.033375 0.124712
vt 0.703319 0.938787
vt 0.703253 0.356101
vt 0.050604 0.864067
vt 0.739133 0.356097
vt 0.345600 0.177385
vt 0.085241 0.828693
vt 0.085126 0.177450
vt 0.933767 0.627262
vt 0.897888 0.627261
vt 0.897911 0.044573
vt 0.933790 0.044575
vt 0.897873 0.971835
vt 0.933753 0.971835
vt 0.897886 0.660310
vt 0.933767 0.660312
vt 0.739129 0.323048
vt 0.703249 0.323053
vt 0.739093 0.011524
vt 0.703214 0.011528
vt 0.897912 0.011524
vt 0.933792 0.011525
vt 0.739203 0.971831
vt 0.703323 0.971835
vn 0.799895 -0.015633 0.599936
vn 0.453802 -0.443679 0.772795
vn 0.613427 -0.603364 0.509568
vn 0.919433 -0.027083 0.392314
vn 0.034736 -0.772695 0.633827
vn 0.058685 -0.910310 0.409746
vn -0.799893 -0.015633 0.599939
vn -0.453802 -0.443679 0.772795
vn -0.063455 -0.061607 0.996081
vn -0.090123 -0.000970 0.995930
vn -0.034736 -0.772695 0.633827
vn -0.002359 -0.087618 0.996151
vn 0.034737 0.772694 0.633828
vn 0.453808 0.443679 0.772792
vn 0.613434 0.603360 0.509564
vn 0.058686 0.910310 0.409745
vn 0.799896 0.015633 0.599935
vn 0.919433 0.027083 0.392314
vn -0.799893 0.015633 0.599939
vn -0.453806 0.443678 0.772794
vn -0.613435 0.603358 0.509565
vn -0.919430 0.027083 0.392320
vn -0.034737 0.772693 0.633829
vn -0.058687 0.910310 0.409745
vn -0.045852 0.998948 0.000000
vn 0.045852 0.998948 0.000000
vn 0.045852 0.998948 0.000000
vn -0.045852 0.998948 0.000000
vn -0.045852 -0.998948 0.000000
vn -0.045852 -0.998948 0.000000
vn 0.045852 -0.998948 0.000000
vn 0.045852 -0.998948 0.000000
vn 0.999795 -0.020233 0.000000
vn 0.999795 -0.020233 0.000000
vn 0.999795 0.020233 0.000000
vn 0.999795 0.020233 0.000000
vn -0.999795 -0.020233 0.000000
vn -0.999795 -0.020233 0.000000
vn -0.999795 0.020233 0.000000
vn -0.999795 0.020233 0.000000
vn 0.002360 -0.087618 0.996151
vn -0.058686 -0.910310 0.409746
vn 0.090123 -0.000969 0.995930
vn 0.090123 0.000969 0.995930
vn 0.002360 0.087619 0.996151
vn -0.002360 0.087619 0.996151
vn -0.919430 -0.027083 0.392320
vn -0.090123 0.000969 0.995930
vn 0.000001 0.000000 1.000000
vn 0.063459 0.061607 0.996081
vn 0.063457 -0.061607 0.996081
vn 0.926803 -0.375548 0.000000
vn 0.926803 -0.375548 0.000000
vn 0.389905 -0.920855 0.000000
vn 0.389905 -0.920855 0.000000
vn -0.613427 -0.603363 0.509569
vn -0.714834 -0.699294 0.000000
vn -0.714834 -0.699294 0.000000
vn 0.714834 0.699295 0.000000
vn 0.714834 0.699295 0.000000
vn -0.063462 0.061608 0.996081
vn -0.926801 0.375554 0.000000
vn -0.926801 0.375554 0.000000
vn -0.389911 0.920853 0.000000
vn -0.389911 0.920853 0.000000
vn 0.000001 -0.000000 1.000000
vn -0.000000 -0.000000 1.000000
vn 0.000000 -0.000000 1.000000
s 1
g S_U_01_2 UV01 Window_26
usemtl aiStandardSurface3SG
f 366/495/713 365/496/714 368/497/715 367/498/716
f 365/496/714 364/499/717 369/500/718 368/497/715
f 372/501/719 371/502/720 377/503/721 376/504/722
f 371/502/720 370/505/723 378/506/724 377/503/721
f 384/507/725 383/508/726 386/509/727 385/510/728
f 383/508/726 382/511/729 387/512/730 386/509/727
f 393/513/731 392/514/732 395/515/733 394/516/734
f 392/514/732 391/517/735 396/518/736 395/515/733
s 5
f 396/519/737 385/520/738 399/522/739 401/523/740
s 6
f 373/524/741 408/525/742 404/526/743 369/528/744
s 5
f 367/538/745 405/540/746 398/541/747 387/543/748
s 6
f 407/547/749 375/548/750 394/549/751 402/550/752
s 1
f 378/506/724 370/505/723 364/499/717 362/521/753
f 370/505/723 373/527/754 369/500/718 364/499/717
f 361/529/755 366/495/713 382/511/729 380/530/756
f 366/495/713 367/498/716 387/512/730 382/511/729
f 379/531/757 384/507/725 391/517/735 388/532/758
f 384/507/725 385/510/728 396/518/736 391/517/735
f 375/533/759 372/501/719 393/513/731 394/516/734
f 372/501/719 376/504/722 390/534/760 393/513/731
f 379/531/757 410/535/761 380/530/756 381/536/762
f 361/529/755 363/537/763 365/496/714 366/495/713
f 363/537/763 362/521/753 364/499/717 365/496/714
s 5
f 367/538/745 368/561/764 403/562/765 405/540/746
s 6
f 368/551/766 369/528/744 404/526/743 403/552/767
s 1
f 370/505/723 371/502/720 374/539/768 373/527/754
f 371/502/720 372/501/719 375/533/759 374/539/768
s 6
f 373/524/741 374/553/769 406/554/770 408/525/742
f 374/553/769 375/548/750 407/547/749 406/554/770
s 1
f 379/531/757 381/536/762 383/508/726 384/507/725
f 381/536/762 380/530/756 382/511/729 383/508/726
s 5
f 385/520/738 386/555/771 397/556/772 399/522/739
f 386/555/771 387/543/748 398/541/747 397/556/772
s 1
f 390/534/760 389/542/773 392/514/732 393/513/731
f 389/542/773 388/532/758 391/517/735 392/514/732
s 6
f 394/549/751 395/559/774 400/560/775 402/550/752
s 5
f 395/557/776 396/519/737 401/523/740 400/558/777
s 1
f 410/535/761 412/544/778 361/529/755 380/530/756
f 390/534/760 409/545/779 388/532/758 389/542/773
f 376/504/722 411/546/780 409/545/779 390/534/760
f 388/532/758 409/545/779 410/535/761 379/531/757
f 409/545/779 411/546/780 412/544/778 410/535/761
f 376/504/722 377/503/721 378/506/724 411/546/780
f 412/544/778 411/546/780 378/506/724 362/521/753
f 361/529/755 412/544/778 362/521/753 363/537/763
g default
v -364.849640 56.259186 340.848236
v -375.289642 45.587189 340.848236
v -367.907440 48.712952 340.848236
v -373.316040 43.569763 340.030762
v -365.933868 46.695526 340.030762
v -362.876068 54.241760 340.030762
v -362.058594 53.406128 338.057190
v -365.116394 45.859863 338.057190
v -372.498566 42.734131 338.057190
v -432.397644 43.569763 340.030762
v -439.779846 46.695526 340.030762
v -442.837646 54.241760 340.030762
v -433.215149 42.734131 338.057190
v -440.597321 45.859863 338.057190
v -443.655151 53.406128 338.057190
v -440.864075 56.259216 340.848236
v -437.806274 48.712952 340.848236
v -430.424072 45.587189 340.848236
v -375.289673 204.780762 340.848236
v -364.849640 194.108765 340.848236
v -367.907440 201.655029 340.848236
v -362.876068 196.126190 340.030762
v -365.933868 203.672424 340.030762
v -373.316040 206.798218 340.030762
v -372.498566 207.633850 338.057190
v -365.116394 204.508057 338.057190
v -362.058594 196.961853 338.057190
v -430.424072 204.780762 340.848236
v -437.806274 201.654999 340.848236
v -440.864075 194.108765 340.848236
v -432.397644 206.798218 340.030762
v -439.779846 203.672424 340.030762
v -442.837646 196.126190 340.030762
v -443.655151 196.961853 338.057190
v -440.597321 204.508057 338.057190
v -433.215149 207.633850 338.057190
v -365.116394 204.508057 329.217651
v -362.058594 196.961853 329.217651
v -372.498566 207.633850 329.217651
v -440.597321 204.508057 329.217651
v -433.215149 207.633850 329.217651
v -443.655151 196.961853 329.217651
v -365.116394 45.859863 329.217651
v -372.498566 42.734131 329.217651
v -362.058594 53.406128 329.217651
v -440.597321 45.859863 329.217651
v -443.655151 53.406128 329.217651
v -433.215149 42.734131 329.217651
v -430.424072 194.108765 340.848267
v -375.289673 194.108765 340.848236
v -430.424072 56.259216 340.848236
v -375.289642 56.259216 340.848236
vt 0.404963 0.167608
vt 0.389804 0.132244
vt 0.397355 0.124659
vt 0.414993 0.162833
vt 0.355224 0.116809
vt 0.360012 0.106833
vt 0.025763 0.167675
vt 0.040925 0.132299
vt 0.050486 0.142075
vt 0.035839 0.177345
vt 0.075498 0.116878
vt 0.084979 0.127128
vt 0.355347 0.889218
vt 0.389923 0.873796
vt 0.397473 0.881383
vt 0.360131 0.899240
vt 0.405089 0.838417
vt 0.415099 0.843192
vt 0.025871 0.838472
vt 0.041036 0.873832
vt 0.033484 0.881419
vt 0.015841 0.843246
vt 0.075617 0.889264
vt 0.070828 0.899242
vt 0.739097 0.044064
vt 0.739125 0.290509
vt 0.345734 0.127055
vt 0.703246 0.290513
vt 0.703217 0.044068
vt 0.897885 0.692850
vt 0.933765 0.692851
vt 0.933755 0.939297
vt 0.070712 0.106856
vt 0.897875 0.939296
vt 0.394887 0.177268
vt 0.395013 0.828747
vt 0.345867 0.878968
vt 0.085108 0.879017
vt 0.015753 0.162900
vt 0.035947 0.828812
vt 0.345718 0.828641
vt 0.380362 0.864018
vt 0.380235 0.142010
vt 0.739199 0.938783
vt 0.033375 0.124712
vt 0.703319 0.938787
vt 0.703253 0.356101
vt 0.050604 0.864067
vt 0.739133 0.356097
vt 0.345600 0.177385
vt 0.085241 0.828693
vt 0.085126 0.177450
vt 0.933767 0.627262
vt 0.897888 0.627261
vt 0.897911 0.044573
vt 0.933790 0.044575
vt 0.897873 0.971835
vt 0.933753 0.971835
vt 0.897886 0.660310
vt 0.933767 0.660312
vt 0.739129 0.323048
vt 0.703249 0.323053
vt 0.739093 0.011524
vt 0.703214 0.011528
vt 0.897912 0.011524
vt 0.933792 0.011525
vt 0.739203 0.971831
vt 0.703323 0.971835
vn 0.799897 -0.015633 0.599933
vn 0.453803 -0.443678 0.772795
vn 0.613429 -0.603363 0.509567
vn 0.919435 -0.027083 0.392308
vn 0.034736 -0.772695 0.633826
vn 0.058685 -0.910311 0.409744
vn -0.799893 -0.015633 0.599939
vn -0.453802 -0.443678 0.772796
vn -0.063455 -0.061606 0.996081
vn -0.090123 -0.000970 0.995930
vn -0.034736 -0.772695 0.633826
vn -0.002359 -0.087618 0.996151
vn 0.034737 0.772693 0.633829
vn 0.453809 0.443677 0.772793
vn 0.613437 0.603358 0.509563
vn 0.058686 0.910311 0.409744
vn 0.799898 0.015633 0.599932
vn 0.919435 0.027083 0.392308
vn -0.799893 0.015633 0.599939
vn -0.453805 0.443678 0.772794
vn -0.613435 0.603358 0.509565
vn -0.919430 0.027083 0.392320
vn -0.034737 0.772692 0.633830
vn -0.058687 0.910311 0.409745
vn -0.045852 0.998948 0.000000
vn 0.045852 0.998948 0.000000
vn 0.045852 0.998948 0.000000
vn -0.045852 0.998948 0.000000
vn -0.045852 -0.998948 0.000000
vn -0.045852 -0.998948 0.000000
vn 0.045852 -0.998948 0.000000
vn 0.045852 -0.998948 0.000000
vn 0.999795 -0.020232 0.000000
vn 0.999795 -0.020232 0.000000
vn 0.999795 0.020232 0.000000
vn 0.999795 0.020232 0.000000
vn -0.999795 -0.020233 0.000000
vn -0.999795 -0.020233 0.000000
vn -0.999795 0.020233 0.000000
vn -0.999795 0.020233 0.000000
vn 0.002360 -0.087618 0.996151
vn -0.058686 -0.910311 0.409744
vn 0.090123 -0.000969 0.995930
vn 0.090123 0.000969 0.995930
vn 0.002360 0.087619 0.996151
vn -0.002360 0.087619 0.996151
vn -0.919430 -0.027083 0.392320
vn -0.090123 0.000969 0.995930
vn 0.000001 -0.000000 1.000000
vn 0.063459 0.061607 0.996081
vn 0.063457 -0.061607 0.996081
vn 0.926803 -0.375547 0.000000
vn 0.926803 -0.375547 0.000000
vn 0.389905 -0.920855 0.000000
vn 0.389905 -0.920855 0.000000
vn -0.613427 -0.603362 0.509570
vn -0.714835 -0.699294 0.000000
vn -0.714835 -0.699294 0.000000
vn 0.714835 0.699294 0.000000
vn 0.714835 0.699294 0.000000
vn -0.063462 0.061608 0.996081
vn -0.926801 0.375553 0.000000
vn -0.926801 0.375553 0.000000
vn -0.389911 0.920853 0.000000
vn -0.389911 0.920853 0.000000
vn 0.000001 -0.000000 1.000000
vn -0.000000 0.000000 1.000000
vn 0.000000 -0.000000 1.000000
s 1
g textureEditorIsolateSelectSet3 S_U_01_2 UV01 Window_57
usemtl aiStandardSurface3SG
f 418/563/781 417/564/782 420/565/783 419/566/784
f 417/564/782 416/567/785 421/568/786 420/565/783
f 424/569/787 423/570/788 429/571/789 428/572/790
f 423/570/788 422/573/791 430/574/792 429/571/789
f 436/575/793 435/576/794 438/577/795 437/578/796
f 435/576/794 434/579/797 439/580/798 438/577/795
f 445/581/799 444/582/800 447/583/801 446/584/802
f 444/582/800 443/585/803 448/586/804 447/583/801
s 5
g textureEditorIsolateSelectSet2 textureEditorIsolateSelectSet3 S_U_01_2 UV01 Window_57
f 448/587/805 437/588/806 451/590/807 453/591/808
s 6
f 425/592/809 460/593/810 456/594/811 421/596/812
s 5
f 419/606/813 457/608/814 450/609/815 439/611/816
s 6
f 459/615/817 427/616/818 446/617/819 454/618/820
s 1
g textureEditorIsolateSelectSet3 S_U_01_2 UV01 Window_57
f 430/574/792 422/573/791 416/567/785 414/589/821
f 422/573/791 425/595/822 421/568/786 416/567/785
f 413/597/823 418/563/781 434/579/797 432/598/824
f 418/563/781 419/566/784 439/580/798 434/579/797
f 431/599/825 436/575/793 443/585/803 440/600/826
f 436/575/793 437/578/796 448/586/804 443/585/803
f 427/601/827 424/569/787 445/581/799 446/584/802
f 424/569/787 428/572/790 442/602/828 445/581/799
f 431/599/825 462/603/829 432/598/824 433/604/830
f 413/597/823 415/605/831 417/564/782 418/563/781
f 415/605/831 414/589/821 416/567/785 417/564/782
s 5
g textureEditorIsolateSelectSet2 textureEditorIsolateSelectSet3 S_U_01_2 UV01 Window_57
f 419/606/813 420/629/832 455/630/833 457/608/814
s 6
f 420/619/834 421/596/812 456/594/811 455/620/835
s 1
g textureEditorIsolateSelectSet3 S_U_01_2 UV01 Window_57
f 422/573/791 423/570/788 426/607/836 425/595/822
f 423/570/788 424/569/787 427/601/827 426/607/836
s 6
g textureEditorIsolateSelectSet2 textureEditorIsolateSelectSet3 S_U_01_2 UV01 Window_57
f 425/592/809 426/621/837 458/622/838 460/593/810
f 426/621/837 427/616/818 459/615/817 458/622/838
s 1
g textureEditorIsolateSelectSet3 S_U_01_2 UV01 Window_57
f 431/599/825 433/604/830 435/576/794 436/575/793
f 433/604/830 432/598/824 434/579/797 435/576/794
s 5
g textureEditorIsolateSelectSet2 textureEditorIsolateSelectSet3 S_U_01_2 UV01 Window_57
f 437/588/806 438/623/839 449/624/840 451/590/807
f 438/623/839 439/611/816 450/609/815 449/624/840
s 1
g textureEditorIsolateSelectSet3 S_U_01_2 UV01 Window_57
f 442/602/828 441/610/841 444/582/800 445/581/799
f 441/610/841 440/600/826 443/585/803 444/582/800
s 6
g textureEditorIsolateSelectSet2 textureEditorIsolateSelectSet3 S_U_01_2 UV01 Window_57
f 446/617/819 447/627/842 452/628/843 454/618/820
s 5
f 447/625/844 448/587/805 453/591/808 452/626/845
s 1
g textureEditorIsolateSelectSet3 S_U_01_2 UV01 Window_57
f 462/603/829 464/612/846 413/597/823 432/598/824
f 442/602/828 461/613/847 440/600/826 441/610/841
f 428/572/790 463/614/848 461/613/847 442/602/828
f 440/600/826 461/613/847 462/603/829 431/599/825
f 461/613/847 463/614/848 464/612/846 462/603/829
f 428/572/790 429/571/789 430/574/792 463/614/848
f 464/612/846 463/614/848 430/574/792 414/589/821
f 413/597/823 464/612/846 414/589/821 415/605/831
g default
v -45.855927 56.537964 340.848236
v -56.295929 45.865967 340.848236
v -48.913727 48.991730 340.848236
v -54.322342 43.848541 340.030762
v -46.940155 46.974304 340.030762
v -43.882355 54.520538 340.030762
v -43.064865 53.684906 338.057190
v -46.122681 46.138641 338.057190
v -53.504852 43.012909 338.057190
v -113.403931 43.848541 340.030762
v -120.786133 46.974304 340.030762
v -123.843933 54.520538 340.030762
v -114.221436 43.012909 338.057190
v -121.603607 46.138641 338.057190
v -124.661438 53.684906 338.057190
v -121.870361 56.537994 340.848236
v -118.812561 48.991730 340.848236
v -111.430359 45.865967 340.848236
v -56.295944 205.059540 340.848236
v -45.855927 194.387543 340.848236
v -48.913727 201.933807 340.848236
v -43.882355 196.404968 340.030762
v -46.940155 203.951202 340.030762
v -54.322342 207.076996 340.030762
v -53.504852 207.912628 338.057190
v -46.122681 204.786835 338.057190
v -43.064865 197.240631 338.057190
v -111.430359 205.059540 340.848236
v -118.812561 201.933777 340.848236
v -121.870361 194.387543 340.848236
v -113.403931 207.076996 340.030762
v -120.786133 203.951202 340.030762
v -123.843933 196.404968 340.030762
v -124.661438 197.240631 338.057190
v -121.603607 204.786835 338.057190
v -114.221436 207.912628 338.057190
v -46.122681 204.786835 329.217651
v -43.064865 197.240631 329.217651
v -53.504852 207.912628 329.217651
v -121.603607 204.786835 329.217651
v -114.221436 207.912628 329.217651
v -124.661438 197.240631 329.217651
v -46.122681 46.138641 329.217651
v -53.504852 43.012909 329.217651
v -43.064865 53.684906 329.217651
v -121.603607 46.138641 329.217651
v -124.661438 53.684906 329.217651
v -114.221436 43.012909 329.217651
v -111.430359 194.387543 340.848267
v -56.295959 194.387543 340.848236
v -111.430359 56.537994 340.848236
v -56.295929 56.537994 340.848236
vt 0.404963 0.167608
vt 0.389804 0.132244
vt 0.397355 0.124659
vt 0.414993 0.162833
vt 0.355224 0.116809
vt 0.360012 0.106833
vt 0.025763 0.167675
vt 0.040925 0.132299
vt 0.050486 0.142075
vt 0.035839 0.177345
vt 0.075498 0.116878
vt 0.084979 0.127128
vt 0.355347 0.889218
vt 0.389923 0.873796
vt 0.397473 0.881383
vt 0.360131 0.899240
vt 0.405089 0.838417
vt 0.415099 0.843192
vt 0.025871 0.838472
vt 0.041036 0.873832
vt 0.033484 0.881419
vt 0.015841 0.843246
vt 0.075617 0.889264
vt 0.070828 0.899242
vt 0.739097 0.044064
vt 0.739125 0.290509
vt 0.345734 0.127055
vt 0.703246 0.290513
vt 0.703217 0.044068
vt 0.897885 0.692850
vt 0.933765 0.692851
vt 0.933755 0.939297
vt 0.070712 0.106856
vt 0.897875 0.939296
vt 0.394887 0.177268
vt 0.395013 0.828747
vt 0.345867 0.878968
vt 0.085108 0.879017
vt 0.015753 0.162900
vt 0.035947 0.828812
vt 0.345718 0.828641
vt 0.380362 0.864018
vt 0.380235 0.142010
vt 0.739199 0.938783
vt 0.033375 0.124712
vt 0.703319 0.938787
vt 0.703253 0.356101
vt 0.050604 0.864067
vt 0.739133 0.356097
vt 0.345600 0.177385
vt 0.085241 0.828693
vt 0.085126 0.177450
vt 0.933767 0.627262
vt 0.897888 0.627261
vt 0.897911 0.044573
vt 0.933790 0.044575
vt 0.897873 0.971835
vt 0.933753 0.971835
vt 0.897886 0.660310
vt 0.933767 0.660312
vt 0.739129 0.323048
vt 0.703249 0.323053
vt 0.739093 0.011524
vt 0.703214 0.011528
vt 0.897912 0.011524
vt 0.933792 0.011525
vt 0.739203 0.971831
vt 0.703323 0.971835
vn 0.799895 -0.015633 0.599936
vn 0.453802 -0.443679 0.772795
vn 0.613427 -0.603364 0.509568
vn 0.919433 -0.027083 0.392314
vn 0.034736 -0.772695 0.633827
vn 0.058685 -0.910310 0.409745
vn -0.799893 -0.015633 0.599939
vn -0.453802 -0.443679 0.772795
vn -0.063455 -0.061607 0.996081
vn -0.090123 -0.000970 0.995930
vn -0.034736 -0.772695 0.633827
vn -0.002359 -0.087618 0.996151
vn 0.034737 0.772694 0.633828
vn 0.453808 0.443679 0.772792
vn 0.613434 0.603360 0.509564
vn 0.058686 0.910310 0.409745
vn 0.799896 0.015633 0.599935
vn 0.919433 0.027083 0.392314
vn -0.799893 0.015633 0.599939
vn -0.453806 0.443678 0.772794
vn -0.613435 0.603358 0.509565
vn -0.919430 0.027083 0.392320
vn -0.034737 0.772693 0.633829
vn -0.058687 0.910310 0.409745
vn -0.045852 0.998948 0.000000
vn 0.045852 0.998948 0.000000
vn 0.045852 0.998948 0.000000
vn -0.045852 0.998948 0.000000
vn -0.045852 -0.998948 0.000000
vn -0.045852 -0.998948 0.000000
vn 0.045852 -0.998948 0.000000
vn 0.045852 -0.998948 0.000000
vn 0.999795 -0.020233 0.000000
vn 0.999795 -0.020233 0.000000
vn 0.999795 0.020233 0.000000
vn 0.999795 0.020233 0.000000
vn -0.999795 -0.020233 0.000000
vn -0.999795 -0.020233 0.000000
vn -0.999795 0.020233 0.000000
vn -0.999795 0.020233 0.000000
vn 0.002360 -0.087618 0.996151
vn -0.058686 -0.910310 0.409746
vn 0.090123 -0.000969 0.995930
vn 0.090123 0.000969 0.995930
vn 0.002360 0.087619 0.996151
vn -0.002360 0.087619 0.996151
vn -0.919430 -0.027083 0.392320
vn -0.090123 0.000969 0.995930
vn 0.000001 0.000000 1.000000
vn 0.063459 0.061607 0.996081
vn 0.063457 -0.061607 0.996081
vn 0.926803 -0.375549 0.000000
vn 0.926803 -0.375549 0.000000
vn 0.389905 -0.920855 0.000000
vn 0.389905 -0.920855 0.000000
vn -0.613427 -0.603363 0.509569
vn -0.714834 -0.699294 0.000000
vn -0.714834 -0.699294 0.000000
vn 0.714834 0.699295 0.000000
vn 0.714834 0.699295 0.000000
vn -0.063462 0.061608 0.996081
vn -0.926801 0.375553 0.000000
vn -0.926801 0.375553 0.000000
vn -0.389911 0.920853 0.000000
vn -0.389911 0.920853 0.000000
vn 0.000001 -0.000000 1.000000
vn -0.000000 -0.000000 1.000000
vn 0.000000 -0.000000 1.000000
s 1
g S_U_01_2 UV01 Window_51
usemtl aiStandardSurface3SG
f 470/631/849 469/632/850 472/633/851 471/634/852
f 469/632/850 468/635/853 473/636/854 472/633/851
f 476/637/855 475/638/856 481/639/857 480/640/858
f 475/638/856 474/641/859 482/642/860 481/639/857
f 488/643/861 487/644/862 490/645/863 489/646/864
f 487/644/862 486/647/865 491/648/866 490/645/863
f 497/649/867 496/650/868 499/651/869 498/652/870
f 496/650/868 495/653/871 500/654/872 499/651/869
s 5
f 500/655/873 489/656/874 503/658/875 505/659/876
s 6
f 477/660/877 512/661/878 508/662/879 473/664/880
s 5
f 471/674/881 509/676/882 502/677/883 491/679/884
s 6
f 511/683/885 479/684/886 498/685/887 506/686/888
s 1
f 482/642/860 474/641/859 468/635/853 466/657/889
f 474/641/859 477/663/890 473/636/854 468/635/853
f 465/665/891 470/631/849 486/647/865 484/666/892
f 470/631/849 471/634/852 491/648/866 486/647/865
f 483/667/893 488/643/861 495/653/871 492/668/894
f 488/643/861 489/646/864 500/654/872 495/653/871
f 479/669/895 476/637/855 497/649/867 498/652/870
f 476/637/855 480/640/858 494/670/896 497/649/867
f 483/667/893 514/671/897 484/666/892 485/672/898
f 465/665/891 467/673/899 469/632/850 470/631/849
f 467/673/899 466/657/889 468/635/853 469/632/850
s 5
f 471/674/881 472/697/900 507/698/901 509/676/882
s 6
f 472/687/902 473/664/880 508/662/879 507/688/903
s 1
f 474/641/859 475/638/856 478/675/904 477/663/890
f 475/638/856 476/637/855 479/669/895 478/675/904
s 6
f 477/660/877 478/689/905 510/690/906 512/661/878
f 478/689/905 479/684/886 511/683/885 510/690/906
s 1
f 483/667/893 485/672/898 487/644/862 488/643/861
f 485/672/898 484/666/892 486/647/865 487/644/862
s 5
f 489/656/874 490/691/907 501/692/908 503/658/875
f 490/691/907 491/679/884 502/677/883 501/692/908
s 1
f 494/670/896 493/678/909 496/650/868 497/649/867
f 493/678/909 492/668/894 495/653/871 496/650/868
s 6
f 498/685/887 499/695/910 504/696/911 506/686/888
s 5
f 499/693/912 500/655/873 505/659/876 504/694/913
s 1
f 514/671/897 516/680/914 465/665/891 484/666/892
f 494/670/896 513/681/915 492/668/894 493/678/909
f 480/640/858 515/682/916 513/681/915 494/670/896
f 492/668/894 513/681/915 514/671/897 483/667/893
f 513/681/915 515/682/916 516/680/914 514/671/897
f 480/640/858 481/639/857 482/642/860 515/682/916
f 516/680/914 515/682/916 482/642/860 466/657/889
f 465/665/891 516/680/914 466/657/889 467/673/899
g default
v -287.145874 56.537964 340.848236
v -297.585876 45.865967 340.848236
v -290.203674 48.991730 340.848236
v -295.612305 43.848541 340.030762
v -288.230103 46.974304 340.030762
v -285.172302 54.520538 340.030762
v -284.354797 53.684906 338.057190
v -287.412628 46.138641 338.057190
v -294.794800 43.012909 338.057190
v -354.693878 43.848541 340.030762
v -362.076080 46.974304 340.030762
v -365.133881 54.520538 340.030762
v -355.511383 43.012909 338.057190
v -362.893555 46.138641 338.057190
v -365.951385 53.684906 338.057190
v -363.160309 56.537994 340.848236
v -360.102509 48.991730 340.848236
v -352.720306 45.865967 340.848236
v -297.585876 205.059540 340.848236
v -287.145874 194.387543 340.848236
v -290.203674 201.933807 340.848236
v -285.172302 196.404968 340.030762
v -288.230103 203.951202 340.030762
v -295.612305 207.076996 340.030762
v -294.794800 207.912628 338.057190
v -287.412628 204.786835 338.057190
v -284.354797 197.240631 338.057190
v -352.720306 205.059540 340.848236
v -360.102509 201.933777 340.848236
v -363.160309 194.387543 340.848236
v -354.693878 207.076996 340.030762
v -362.076080 203.951202 340.030762
v -365.133881 196.404968 340.030762
v -365.951385 197.240631 338.057190
v -362.893555 204.786835 338.057190
v -355.511383 207.912628 338.057190
v -287.412628 204.786835 329.217651
v -284.354797 197.240631 329.217651
v -294.794800 207.912628 329.217651
v -362.893555 204.786835 329.217651
v -355.511383 207.912628 329.217651
v -365.951385 197.240631 329.217651
v -287.412628 46.138641 329.217651
v -294.794800 43.012909 329.217651
v -284.354797 53.684906 329.217651
v -362.893555 46.138641 329.217651
v -365.951385 53.684906 329.217651
v -355.511383 43.012909 329.217651
v -352.720306 194.387543 340.848267
v -297.585907 194.387543 340.848236
v -352.720306 56.537994 340.848236
v -297.585876 56.537994 340.848236
vt 0.404963 0.167608
vt 0.389804 0.132244
vt 0.397355 0.124659
vt 0.414993 0.162833
vt 0.355224 0.116809
vt 0.360012 0.106833
vt 0.025763 0.167675
vt 0.040925 0.132299
vt 0.050486 0.142075
vt 0.035839 0.177345
vt 0.075498 0.116878
vt 0.084979 0.127128
vt 0.355347 0.889218
vt 0.389923 0.873796
vt 0.397473 0.881383
vt 0.360131 0.899240
vt 0.405089 0.838417
vt 0.415099 0.843192
vt 0.025871 0.838472
vt 0.041036 0.873832
vt 0.033484 0.881419
vt 0.015841 0.843246
vt 0.075617 0.889264
vt 0.070828 0.899242
vt 0.739097 0.044064
vt 0.739125 0.290509
vt 0.345734 0.127055
vt 0.703246 0.290513
vt 0.703217 0.044068
vt 0.897885 0.692850
vt 0.933765 0.692851
vt 0.933755 0.939297
vt 0.070712 0.106856
vt 0.897875 0.939296
vt 0.394887 0.177268
vt 0.395013 0.828747
vt 0.345867 0.878968
vt 0.085108 0.879017
vt 0.015753 0.162900
vt 0.035947 0.828812
vt 0.345718 0.828641
vt 0.380362 0.864018
vt 0.380235 0.142010
vt 0.739199 0.938783
vt 0.033375 0.124712
vt 0.703319 0.938787
vt 0.703253 0.356101
vt 0.050604 0.864067
vt 0.739133 0.356097
vt 0.345600 0.177385
vt 0.085241 0.828693
vt 0.085126 0.177450
vt 0.933767 0.627262
vt 0.897888 0.627261
vt 0.897911 0.044573
vt 0.933790 0.044575
vt 0.897873 0.971835
vt 0.933753 0.971835
vt 0.897886 0.660310
vt 0.933767 0.660312
vt 0.739129 0.323048
vt 0.703249 0.323053
vt 0.739093 0.011524
vt 0.703214 0.011528
vt 0.897912 0.011524
vt 0.933792 0.011525
vt 0.739203 0.971831
vt 0.703323 0.971835
vn 0.799892 -0.015633 0.599940
vn 0.453801 -0.443680 0.772795
vn 0.613425 -0.603364 0.509570
vn 0.919430 -0.027083 0.392320
vn 0.034736 -0.772695 0.633827
vn 0.058685 -0.910310 0.409746
vn -0.799893 -0.015633 0.599939
vn -0.453802 -0.443678 0.772795
vn -0.063455 -0.061607 0.996081
vn -0.090123 -0.000970 0.995930
vn -0.034736 -0.772695 0.633827
vn -0.002359 -0.087618 0.996151
vn 0.034736 0.772693 0.633829
vn 0.453807 0.443679 0.772793
vn 0.613433 0.603360 0.509566
vn 0.058687 0.910310 0.409745
vn 0.799893 0.015633 0.599939
vn 0.919430 0.027083 0.392320
vn -0.799893 0.015633 0.599939
vn -0.453806 0.443678 0.772794
vn -0.613436 0.603358 0.509565
vn -0.919430 0.027083 0.392320
vn -0.034737 0.772692 0.633830
vn -0.058687 0.910310 0.409745
vn -0.045852 0.998948 0.000000
vn 0.045852 0.998948 0.000000
vn 0.045852 0.998948 0.000000
vn -0.045852 0.998948 0.000000
vn -0.045852 -0.998948 0.000000
vn -0.045852 -0.998948 0.000000
vn 0.045852 -0.998948 0.000000
vn 0.045852 -0.998948 0.000000
vn 0.999795 -0.020233 0.000000
vn 0.999795 -0.020233 0.000000
vn 0.999795 0.020233 0.000000
vn 0.999795 0.020233 0.000000
vn -0.999795 -0.020233 0.000000
vn -0.999795 -0.020233 0.000000
vn -0.999795 0.020233 0.000000
vn -0.999795 0.020233 0.000000
vn 0.002360 -0.087618 0.996151
vn -0.058686 -0.910310 0.409746
vn 0.090123 -0.000969 0.995930
vn 0.090123 0.000969 0.995930
vn 0.002360 0.087619 0.996151
vn -0.002360 0.087619 0.996151
vn -0.919430 -0.027083 0.392320
vn -0.090123 0.000969 0.995930
vn 0.000001 0.000000 1.000000
vn 0.063459 0.061607 0.996081
vn 0.063457 -0.061607 0.996081
vn 0.926802 -0.375550 0.000000
vn 0.926802 -0.375550 0.000000
vn 0.389904 -0.920856 0.000000
vn 0.389904 -0.920856 0.000000
vn -0.613427 -0.603362 0.509569
vn -0.714835 -0.699294 0.000000
vn -0.714835 -0.699294 0.000000
vn 0.714833 0.699296 0.000000
vn 0.714833 0.699296 0.000000
vn -0.063462 0.061608 0.996081
vn -0.926801 0.375553 0.000000
vn -0.926801 0.375553 0.000000
vn -0.389911 0.920853 0.000000
vn -0.389911 0.920853 0.000000
vn 0.000001 -0.000000 1.000000
vn -0.000000 -0.000000 1.000000
vn 0.000000 -0.000000 1.000000
s 1
g S_U_01_2 UV01 Window_48
usemtl aiStandardSurface3SG
f 522/699/917 521/700/918 524/701/919 523/702/920
f 521/700/918 520/703/921 525/704/922 524/701/919
f 528/705/923 527/706/924 533/707/925 532/708/926
f 527/706/924 526/709/927 534/710/928 533/707/925
f 540/711/929 539/712/930 542/713/931 541/714/932
f 539/712/930 538/715/933 543/716/934 542/713/931
f 549/717/935 548/718/936 551/719/937 550/720/938
f 548/718/936 547/721/939 552/722/940 551/719/937
s 5
g textureEditorIsolateSelectSet1 S_U_01_2 UV01 Window_48
f 552/723/941 541/724/942 555/726/943 557/727/944
s 6
f 529/728/945 564/729/946 560/730/947 525/732/948
s 5
f 523/742/949 561/744/950 554/745/951 543/747/952
s 6
g textureEditorIsolateSelectSet textureEditorIsolateSelectSet1 S_U_01_2 UV01 Window_48
f 563/751/953 531/752/954 550/753/955 558/754/956
s 1
g S_U_01_2 UV01 Window_48
f 534/710/928 526/709/927 520/703/921 518/725/957
f 526/709/927 529/731/958 525/704/922 520/703/921
f 517/733/959 522/699/917 538/715/933 536/734/960
f 522/699/917 523/702/920 543/716/934 538/715/933
f 535/735/961 540/711/929 547/721/939 544/736/962
f 540/711/929 541/714/932 552/722/940 547/721/939
f 531/737/963 528/705/923 549/717/935 550/720/938
f 528/705/923 532/708/926 546/738/964 549/717/935
f 535/735/961 566/739/965 536/734/960 537/740/966
f 517/733/959 519/741/967 521/700/918 522/699/917
f 519/741/967 518/725/957 520/703/921 521/700/918
s 5
g textureEditorIsolateSelectSet1 S_U_01_2 UV01 Window_48
f 523/742/949 524/765/968 559/766/969 561/744/950
s 6
f 524/755/970 525/732/948 560/730/947 559/756/971
s 1
g S_U_01_2 UV01 Window_48
f 526/709/927 527/706/924 530/743/972 529/731/958
f 527/706/924 528/705/923 531/737/963 530/743/972
s 6
g textureEditorIsolateSelectSet1 S_U_01_2 UV01 Window_48
f 529/728/945 530/757/973 562/758/974 564/729/946
f 530/757/973 531/752/954 563/751/953 562/758/974
s 1
g S_U_01_2 UV01 Window_48
f 535/735/961 537/740/966 539/712/930 540/711/929
f 537/740/966 536/734/960 538/715/933 539/712/930
s 5
g textureEditorIsolateSelectSet1 S_U_01_2 UV01 Window_48
f 541/724/942 542/759/975 553/760/976 555/726/943
f 542/759/975 543/747/952 554/745/951 553/760/976
s 1
g S_U_01_2 UV01 Window_48
f 546/738/964 545/746/977 548/718/936 549/717/935
f 545/746/977 544/736/962 547/721/939 548/718/936
s 6
g textureEditorIsolateSelectSet1 S_U_01_2 UV01 Window_48
f 550/753/955 551/763/978 556/764/979 558/754/956
s 5
f 551/761/980 552/723/941 557/727/944 556/762/981
s 1
g S_U_01_2 UV01 Window_48
f 566/739/965 568/748/982 517/733/959 536/734/960
f 546/738/964 565/749/983 544/736/962 545/746/977
f 532/708/926 567/750/984 565/749/983 546/738/964
f 544/736/962 565/749/983 566/739/965 535/735/961
f 565/749/983 567/750/984 568/748/982 566/739/965
f 532/708/926 533/707/925 534/710/928 567/750/984
f 568/748/982 567/750/984 534/710/928 518/725/957
f 517/733/959 568/748/982 518/725/957 519/741/967
g default
v -207.109650 56.537964 340.848236
v -217.549652 45.865967 340.848236
v -210.167450 48.991730 340.848236
v -215.576065 43.848541 340.030762
v -208.193878 46.974304 340.030762
v -205.136078 54.520538 340.030762
v -204.318588 53.684906 338.057190
v -207.376404 46.138641 338.057190
v -214.758575 43.012909 338.057190
v -274.657654 43.848541 340.030762
v -282.039856 46.974304 340.030762
v -285.097656 54.520538 340.030762
v -275.475159 43.012909 338.057190
v -282.857330 46.138641 338.057190
v -285.915161 53.684906 338.057190
v -283.124084 56.537994 340.848236
v -280.066284 48.991730 340.848236
v -272.684082 45.865967 340.848236
v -217.549667 205.059540 340.848236
v -207.109650 194.387543 340.848236
v -210.167450 201.933807 340.848236
v -205.136078 196.404968 340.030762
v -208.193878 203.951202 340.030762
v -215.576065 207.076996 340.030762
v -214.758575 207.912628 338.057190
v -207.376404 204.786835 338.057190
v -204.318588 197.240631 338.057190
v -272.684082 205.059540 340.848236
v -280.066284 201.933777 340.848236
v -283.124084 194.387543 340.848236
v -274.657654 207.076996 340.030762
v -282.039856 203.951202 340.030762
v -285.097656 196.404968 340.030762
v -285.915161 197.240631 338.057190
v -282.857330 204.786835 338.057190
v -275.475159 207.912628 338.057190
v -207.376404 204.786835 329.217651
v -204.318588 197.240631 329.217651
v -214.758575 207.912628 329.217651
v -282.857330 204.786835 329.217651
v -275.475159 207.912628 329.217651
v -285.915161 197.240631 329.217651
v -207.376404 46.138641 329.217651
v -214.758575 43.012909 329.217651
v -204.318588 53.684906 329.217651
v -282.857330 46.138641 329.217651
v -285.915161 53.684906 329.217651
v -275.475159 43.012909 329.217651
v -272.684082 194.387543 340.848267
v -217.549683 194.387543 340.848236
v -272.684082 56.537994 340.848236
v -217.549652 56.537994 340.848236
vt 0.404963 0.167608
vt 0.389804 0.132244
vt 0.397355 0.124659
vt 0.414993 0.162833
vt 0.355224 0.116809
vt 0.360012 0.106833
vt 0.025763 0.167675
vt 0.040925 0.132299
vt 0.050486 0.142075
vt 0.035839 0.177345
vt 0.075498 0.116878
vt 0.084979 0.127128
vt 0.355347 0.889218
vt 0.389923 0.873796
vt 0.397473 0.881383
vt 0.360131 0.899240
vt 0.405089 0.838417
vt 0.415099 0.843192
vt 0.025871 0.838472
vt 0.041036 0.873832
vt 0.033484 0.881419
vt 0.015841 0.843246
vt 0.075617 0.889264
vt 0.070828 0.899242
vt 0.739097 0.044064
vt 0.739125 0.290509
vt 0.345734 0.127055
vt 0.703246 0.290513
vt 0.703217 0.044068
vt 0.897885 0.692850
vt 0.933765 0.692851
vt 0.933755 0.939297
vt 0.070712 0.106856
vt 0.897875 0.939296
vt 0.394887 0.177268
vt 0.395013 0.828747
vt 0.345867 0.878968
vt 0.085108 0.879017
vt 0.015753 0.162900
vt 0.035947 0.828812
vt 0.345718 0.828641
vt 0.380362 0.864018
vt 0.380235 0.142010
vt 0.739199 0.938783
vt 0.033375 0.124712
vt 0.703319 0.938787
vt 0.703253 0.356101
vt 0.050604 0.864067
vt 0.739133 0.356097
vt 0.345600 0.177385
vt 0.085241 0.828693
vt 0.085126 0.177450
vt 0.933767 0.627262
vt 0.897888 0.627261
vt 0.897911 0.044573
vt 0.933790 0.044575
vt 0.897873 0.971835
vt 0.933753 0.971835
vt 0.897886 0.660310
vt 0.933767 0.660312
vt 0.739129 0.323048
vt 0.703249 0.323053
vt 0.739093 0.011524
vt 0.703214 0.011528
vt 0.897912 0.011524
vt 0.933792 0.011525
vt 0.739203 0.971831
vt 0.703323 0.971835
vn 0.799895 -0.015633 0.599936
vn 0.453802 -0.443680 0.772795
vn 0.613426 -0.603365 0.509568
vn 0.919433 -0.027083 0.392314
vn 0.034736 -0.772695 0.633827
vn 0.058685 -0.910310 0.409746
vn -0.799893 -0.015633 0.599939
vn -0.453802 -0.443679 0.772795
vn -0.063455 -0.061607 0.996081
vn -0.090123 -0.000970 0.995930
vn -0.034736 -0.772695 0.633827
vn -0.002359 -0.087618 0.996151
vn 0.034737 0.772694 0.633828
vn 0.453808 0.443679 0.772792
vn 0.613434 0.603360 0.509564
vn 0.058686 0.910310 0.409745
vn 0.799896 0.015633 0.599935
vn 0.919433 0.027083 0.392314
vn -0.799893 0.015633 0.599939
vn -0.453806 0.443679 0.772794
vn -0.613435 0.603359 0.509564
vn -0.919430 0.027083 0.392320
vn -0.034737 0.772693 0.633829
vn -0.058687 0.910310 0.409745
vn -0.045852 0.998948 0.000000
vn 0.045852 0.998948 0.000000
vn 0.045852 0.998948 0.000000
vn -0.045852 0.998948 0.000000
vn -0.045852 -0.998948 0.000000
vn -0.045852 -0.998948 0.000000
vn 0.045852 -0.998948 0.000000
vn 0.045852 -0.998948 0.000000
vn 0.999795 -0.020233 0.000000
vn 0.999795 -0.020233 0.000000
vn 0.999795 0.020233 0.000000
vn 0.999795 0.020233 0.000000
vn -0.999795 -0.020233 0.000000
vn -0.999795 -0.020233 0.000000
vn -0.999795 0.020233 0.000000
vn -0.999795 0.020233 0.000000
vn 0.002360 -0.087618 0.996151
vn -0.058686 -0.910310 0.409746
vn 0.090123 -0.000969 0.995930
vn 0.090123 0.000969 0.995930
vn 0.002360 0.087619 0.996151
vn -0.002360 0.087619 0.996151
vn -0.919430 -0.027083 0.392320
vn -0.090123 0.000969 0.995930
vn 0.000001 0.000000 1.000000
vn 0.063459 0.061607 0.996081
vn 0.063457 -0.061607 0.996081
vn 0.926803 -0.375548 0.000000
vn 0.926803 -0.375548 0.000000
vn 0.389905 -0.920855 0.000000
vn 0.389905 -0.920855 0.000000
vn -0.613427 -0.603363 0.509569
vn -0.714834 -0.699295 0.000000
vn -0.714834 -0.699295 0.000000
vn 0.714834 0.699295 0.000000
vn 0.714834 0.699295 0.000000
vn -0.063462 0.061608 0.996081
vn -0.926801 0.375553 0.000000
vn -0.926801 0.375553 0.000000
vn -0.389910 0.920853 0.000000
vn -0.389910 0.920853 0.000000
vn 0.000001 -0.000000 1.000000
vn -0.000000 -0.000000 1.000000
vn 0.000000 -0.000000 1.000000
s 1
g S_U_01_2 UV01 Window_49
usemtl aiStandardSurface3SG
f 574/767/985 573/768/986 576/769/987 575/770/988
f 573/768/986 572/771/989 577/772/990 576/769/987
f 580/773/991 579/774/992 585/775/993 584/776/994
f 579/774/992 578/777/995 586/778/996 585/775/993
f 592/779/997 591/780/998 594/781/999 593/782/1000
f 591/780/998 590/783/1001 595/784/1002 594/781/999
f 601/785/1003 600/786/1004 603/787/1005 602/788/1006
f 600/786/1004 599/789/1007 604/790/1008 603/787/1005
s 5
f 604/791/1009 593/792/1010 607/794/1011 609/795/1012
s 6
f 581/796/1013 616/797/1014 612/798/1015 577/800/1016
s 5
f 575/810/1017 613/812/1018 606/813/1019 595/815/1020
s 6
f 615/819/1021 583/820/1022 602/821/1023 610/822/1024
s 1
f 586/778/996 578/777/995 572/771/989 570/793/1025
f 578/777/995 581/799/1026 577/772/990 572/771/989
f 569/801/1027 574/767/985 590/783/1001 588/802/1028
f 574/767/985 575/770/988 595/784/1002 590/783/1001
f 587/803/1029 592/779/997 599/789/1007 596/804/1030
f 592/779/997 593/782/1000 604/790/1008 599/789/1007
f 583/805/1031 580/773/991 601/785/1003 602/788/1006
f 580/773/991 584/776/994 598/806/1032 601/785/1003
f 587/803/1029 618/807/1033 588/802/1028 589/808/1034
f 569/801/1027 571/809/1035 573/768/986 574/767/985
f 571/809/1035 570/793/1025 572/771/989 573/768/986
s 5
f 575/810/1017 576/833/1036 611/834/1037 613/812/1018
s 6
f 576/823/1038 577/800/1016 612/798/1015 611/824/1039
s 1
f 578/777/995 579/774/992 582/811/1040 581/799/1026
f 579/774/992 580/773/991 583/805/1031 582/811/1040
s 6
f 581/796/1013 582/825/1041 614/826/1042 616/797/1014
f 582/825/1041 583/820/1022 615/819/1021 614/826/1042
s 1
f 587/803/1029 589/808/1034 591/780/998 592/779/997
f 589/808/1034 588/802/1028 590/783/1001 591/780/998
s 5
f 593/792/1010 594/827/1043 605/828/1044 607/794/1011
f 594/827/1043 595/815/1020 606/813/1019 605/828/1044
s 1
f 598/806/1032 597/814/1045 600/786/1004 601/785/1003
f 597/814/1045 596/804/1030 599/789/1007 600/786/1004
s 6
f 602/821/1023 603/831/1046 608/832/1047 610/822/1024
s 5
f 603/829/1048 604/791/1009 609/795/1012 608/830/1049
s 1
f 618/807/1033 620/816/1050 569/801/1027 588/802/1028
f 598/806/1032 617/817/1051 596/804/1030 597/814/1045
f 584/776/994 619/818/1052 617/817/1051 598/806/1032
f 596/804/1030 617/817/1051 618/807/1033 587/803/1029
f 617/817/1051 619/818/1052 620/816/1050 618/807/1033
f 584/776/994 585/775/993 586/778/996 619/818/1052
f 620/816/1050 619/818/1052 586/778/996 570/793/1025
f 569/801/1027 620/816/1050 570/793/1025 571/809/1035
g default
v -126.340942 56.537964 340.848236
v -136.780945 45.865967 340.848236
v -129.398743 48.991730 340.848236
v -134.807358 43.848541 340.030762
v -127.425171 46.974304 340.030762
v -124.367371 54.520538 340.030762
v -123.549881 53.684906 338.057190
v -126.607697 46.138641 338.057190
v -133.989868 43.012909 338.057190
v -193.888947 43.848541 340.030762
v -201.271149 46.974304 340.030762
v -204.328949 54.520538 340.030762
v -194.706451 43.012909 338.057190
v -202.088623 46.138641 338.057190
v -205.146454 53.684906 338.057190
v -202.355377 56.537994 340.848236
v -199.297577 48.991730 340.848236
v -191.915375 45.865967 340.848236
v -136.780960 205.059540 340.848236
v -126.340942 194.387543 340.848236
v -129.398743 201.933807 340.848236
v -124.367371 196.404968 340.030762
v -127.425171 203.951202 340.030762
v -134.807358 207.076996 340.030762
v -133.989868 207.912628 338.057190
v -126.607697 204.786835 338.057190
v -123.549881 197.240631 338.057190
v -191.915375 205.059540 340.848236
v -199.297577 201.933777 340.848236
v -202.355377 194.387543 340.848236
v -193.888947 207.076996 340.030762
v -201.271149 203.951202 340.030762
v -204.328949 196.404968 340.030762
v -205.146454 197.240631 338.057190
v -202.088623 204.786835 338.057190
v -194.706451 207.912628 338.057190
v -126.607697 204.786835 329.217651
v -123.549881 197.240631 329.217651
v -133.989868 207.912628 329.217651
v -202.088623 204.786835 329.217651
v -194.706451 207.912628 329.217651
v -205.146454 197.240631 329.217651
v -126.607697 46.138641 329.217651
v -133.989868 43.012909 329.217651
v -123.549881 53.684906 329.217651
v -202.088623 46.138641 329.217651
v -205.146454 53.684906 329.217651
v -194.706451 43.012909 329.217651
v -191.915375 194.387543 340.848267
v -136.780975 194.387543 340.848236
v -191.915375 56.537994 340.848236
v -136.780945 56.537994 340.848236
vt 0.404963 0.167608
vt 0.389804 0.132244
vt 0.397355 0.124659
vt 0.414993 0.162833
vt 0.355224 0.116809
vt 0.360012 0.106833
vt 0.025763 0.167675
vt 0.040925 0.132299
vt 0.050486 0.142075
vt 0.035839 0.177345
vt 0.075498 0.116878
vt 0.084979 0.127128
vt 0.355347 0.889218
vt 0.389923 0.873796
vt 0.397473 0.881383
vt 0.360131 0.899240
vt 0.405089 0.838417
vt 0.415099 0.843192
vt 0.025871 0.838472
vt 0.041036 0.873832
vt 0.033484 0.881419
vt 0.015841 0.843246
vt 0.075617 0.889264
vt 0.070828 0.899242
vt 0.739097 0.044064
vt 0.739125 0.290509
vt 0.345734 0.127055
vt 0.703246 0.290513
vt 0.703217 0.044068
vt 0.897885 0.692850
vt 0.933765 0.692851
vt 0.933755 0.939297
vt 0.070712 0.106856
vt 0.897875 0.939296
vt 0.394887 0.177268
vt 0.395013 0.828747
vt 0.345867 0.878968
vt 0.085108 0.879017
vt 0.015753 0.162900
vt 0.035947 0.828812
vt 0.345718 0.828641
vt 0.380362 0.864018
vt 0.380235 0.142010
vt 0.739199 0.938783
vt 0.033375 0.124712
vt 0.703319 0.938787
vt 0.703253 0.356101
vt 0.050604 0.864067
vt 0.739133 0.356097
vt 0.345600 0.177385
vt 0.085241 0.828693
vt 0.085126 0.177450
vt 0.933767 0.627262
vt 0.897888 0.627261
vt 0.897911 0.044573
vt 0.933790 0.044575
vt 0.897873 0.971835
vt 0.933753 0.971835
vt 0.897886 0.660310
vt 0.933767 0.660312
vt 0.739129 0.323048
vt 0.703249 0.323053
vt 0.739093 0.011524
vt 0.703214 0.011528
vt 0.897912 0.011524
vt 0.933792 0.011525
vt 0.739203 0.971831
vt 0.703323 0.971835
vn 0.799895 -0.015633 0.599936
vn 0.453802 -0.443680 0.772795
vn 0.613427 -0.603364 0.509568
vn 0.919433 -0.027083 0.392314
vn 0.034736 -0.772695 0.633827
vn 0.058685 -0.910310 0.409746
vn -0.799893 -0.015633 0.599939
vn -0.453802 -0.443679 0.772795
vn -0.063455 -0.061607 0.996081
vn -0.090123 -0.000970 0.995930
vn -0.034736 -0.772695 0.633827
vn -0.002359 -0.087618 0.996151
vn 0.034737 0.772694 0.633828
vn 0.453808 0.443679 0.772792
vn 0.613434 0.603360 0.509564
vn 0.058686 0.910310 0.409745
vn 0.799896 0.015633 0.599935
vn 0.919433 0.027083 0.392314
vn -0.799893 0.015633 0.599939
vn -0.453806 0.443678 0.772794
vn -0.613435 0.603358 0.509565
vn -0.919430 0.027083 0.392320
vn -0.034737 0.772693 0.633829
vn -0.058687 0.910310 0.409745
vn -0.045852 0.998948 0.000000
vn 0.045852 0.998948 0.000000
vn 0.045852 0.998948 0.000000
vn -0.045852 0.998948 0.000000
vn -0.045852 -0.998948 0.000000
vn -0.045852 -0.998948 0.000000
vn 0.045852 -0.998948 0.000000
vn 0.045852 -0.998948 0.000000
vn 0.999795 -0.020233 0.000000
vn 0.999795 -0.020233 0.000000
vn 0.999795 0.020233 0.000000
vn 0.999795 0.020233 0.000000
vn -0.999795 -0.020233 0.000000
vn -0.999795 -0.020233 0.000000
vn -0.999795 0.020233 0.000000
vn -0.999795 0.020233 0.000000
vn 0.002360 -0.087618 0.996151
vn -0.058686 -0.910310 0.409746
vn 0.090123 -0.000969 0.995930
vn 0.090123 0.000969 0.995930
vn 0.002360 0.087619 0.996151
vn -0.002360 0.087619 0.996151
vn -0.919430 -0.027083 0.392320
vn -0.090123 0.000969 0.995930
vn 0.000001 0.000000 1.000000
vn 0.063459 0.061607 0.996081
vn 0.063457 -0.061607 0.996081
vn 0.926803 -0.375548 0.000000
vn 0.926803 -0.375548 0.000000
vn 0.389905 -0.920855 0.000000
vn 0.389905 -0.920855 0.000000
vn -0.613427 -0.603363 0.509569
vn -0.714834 -0.699294 0.000000
vn -0.714834 -0.699294 0.000000
vn 0.714834 0.699295 0.000000
vn 0.714834 0.699295 0.000000
vn -0.063462 0.061608 0.996081
vn -0.926801 0.375553 0.000000
vn -0.926801 0.375553 0.000000
vn -0.389911 0.920853 0.000000
vn -0.389911 0.920853 0.000000
vn 0.000001 -0.000000 1.000000
vn -0.000000 -0.000000 1.000000
vn 0.000000 -0.000000 1.000000
s 1
g S_U_01_2 UV01 Window_50
usemtl aiStandardSurface3SG
f 626/835/1053 625/836/1054 628/837/1055 627/838/1056
f 625/836/1054 624/839/1057 629/840/1058 628/837/1055
f 632/841/1059 631/842/1060 637/843/1061 636/844/1062
f 631/842/1060 630/845/1063 638/846/1064 637/843/1061
f 644/847/1065 643/848/1066 646/849/1067 645/850/1068
f 643/848/1066 642/851/1069 647/852/1070 646/849/1067
f 653/853/1071 652/854/1072 655/855/1073 654/856/1074
f 652/854/1072 651/857/1075 656/858/1076 655/855/1073
s 5
f 656/859/1077 645/860/1078 659/862/1079 661/863/1080
s 6
f 633/864/1081 668/865/1082 664/866/1083 629/868/1084
s 5
f 627/878/1085 665/880/1086 658/881/1087 647/883/1088
s 6
f 667/887/1089 635/888/1090 654/889/1091 662/890/1092
s 1
f 638/846/1064 630/845/1063 624/839/1057 622/861/1093
f 630/845/1063 633/867/1094 629/840/1058 624/839/1057
f 621/869/1095 626/835/1053 642/851/1069 640/870/1096
f 626/835/1053 627/838/1056 647/852/1070 642/851/1069
f 639/871/1097 644/847/1065 651/857/1075 648/872/1098
f 644/847/1065 645/850/1068 656/858/1076 651/857/1075
f 635/873/1099 632/841/1059 653/853/1071 654/856/1074
f 632/841/1059 636/844/1062 650/874/1100 653/853/1071
f 639/871/1097 670/875/1101 640/870/1096 641/876/1102
f 621/869/1095 623/877/1103 625/836/1054 626/835/1053
f 623/877/1103 622/861/1093 624/839/1057 625/836/1054
s 5
f 627/878/1085 628/901/1104 663/902/1105 665/880/1086
s 6
f 628/891/1106 629/868/1084 664/866/1083 663/892/1107
s 1
f 630/845/1063 631/842/1060 634/879/1108 633/867/1094
f 631/842/1060 632/841/1059 635/873/1099 634/879/1108
s 6
f 633/864/1081 634/893/1109 666/894/1110 668/865/1082
f 634/893/1109 635/888/1090 667/887/1089 666/894/1110
s 1
f 639/871/1097 641/876/1102 643/848/1066 644/847/1065
f 641/876/1102 640/870/1096 642/851/1069 643/848/1066
s 5
f 645/860/1078 646/895/1111 657/896/1112 659/862/1079
f 646/895/1111 647/883/1088 658/881/1087 657/896/1112
s 1
f 650/874/1100 649/882/1113 652/854/1072 653/853/1071
f 649/882/1113 648/872/1098 651/857/1075 652/854/1072
s 6
f 654/889/1091 655/899/1114 660/900/1115 662/890/1092
s 5
f 655/897/1116 656/859/1077 661/863/1080 660/898/1117
s 1
f 670/875/1101 672/884/1118 621/869/1095 640/870/1096
f 650/874/1100 669/885/1119 648/872/1098 649/882/1113
f 636/844/1062 671/886/1120 669/885/1119 650/874/1100
f 648/872/1098 669/885/1119 670/875/1101 639/871/1097
f 669/885/1119 671/886/1120 672/884/1118 670/875/1101
f 636/844/1062 637/843/1061 638/846/1064 671/886/1120
f 672/884/1118 671/886/1120 638/846/1064 622/861/1093
f 621/869/1095 672/884/1118 622/861/1093 623/877/1103
g default
v -449.588013 189.794189 336.489746
v -443.187592 204.518951 336.489746
v -427.735687 210.618164 336.489746
v 427.735657 210.618164 336.489746
v 443.187561 204.518951 336.489746
v 449.588013 189.794189 336.489746
v -427.735687 44.009766 336.489746
v -443.187592 50.108948 336.489746
v -449.588013 64.833710 336.489746
v 449.588013 64.833710 336.489746
v 443.187561 50.108948 336.489746
v 427.735657 44.009766 336.489746
v -425.595612 199.380493 336.489746
v 425.595581 199.380493 336.489746
v 425.595581 55.247437 336.489746
v -425.595612 55.247437 336.489746
v 438.343628 187.458740 336.489746
v 438.343628 67.169189 336.489746
v -438.343628 187.458740 336.489746
v -438.343628 67.169189 336.489746
v -434.728577 195.775452 336.489746
v 434.728577 195.775452 336.489746
v -434.728577 58.852386 336.489746
v 434.728577 58.852386 336.489746
v -427.735687 210.618164 360.268066
v -427.579010 209.795410 362.212402
v -427.200745 207.809021 363.017761
v 427.735657 210.618164 360.268066
v 427.578979 209.795410 362.212402
v 427.200684 207.809021 363.017761
v -449.588013 189.794189 360.268066
v -448.764709 189.623230 362.212402
v -446.777161 189.210388 363.017761
v -449.588013 64.833710 360.268066
v -448.764709 65.004700 362.212402
v -446.777161 65.417511 363.017761
v -427.735687 44.009766 360.268066
v -427.579010 44.832520 362.212402
v -427.200745 46.818878 363.017761
v 427.735657 44.009766 360.268066
v 427.578979 44.832520 362.212402
v 427.200745 46.818878 363.017761
v 449.588013 189.794189 360.268066
v 448.764709 189.623230 362.212402
v 446.777161 189.210388 363.017761
v 449.588013 64.833710 360.268066
v 448.764709 65.004700 362.212402
v 446.777161 65.417511 363.017761
v -443.187592 204.518951 360.268066
v -442.568237 203.878784 362.212402
v -441.073059 202.333313 363.017761
v 443.187561 204.518951 360.268066
v 442.568237 203.878784 362.212402
v 441.072998 202.333313 363.017761
v -443.187592 50.108948 360.268066
v -442.568237 50.749084 362.212402
v -441.073059 52.294586 363.017761
v 443.187561 50.108948 360.268066
v 442.568237 50.749084 362.212402
v 441.072998 52.294586 363.017761
v 426.130554 202.189636 363.017761
v 425.752258 200.203278 362.212402
v 425.595581 199.380493 360.268066
v -425.595612 199.380493 360.268066
v -425.752289 200.203278 362.212402
v -426.130585 202.189636 363.017761
v -426.130585 52.438293 363.017761
v -425.752319 54.424622 362.212402
v -425.595612 55.247437 360.268066
v 425.595581 55.247437 360.268066
v 425.752319 54.424622 362.212402
v 426.130554 52.438293 363.017761
v 441.154419 66.585388 363.017761
v 439.166870 66.998169 362.212402
v 438.343628 67.169189 360.268066
v 438.343628 187.458740 360.268066
v 439.166870 187.629730 362.212402
v 441.154419 188.042542 363.017761
v -441.154419 188.042542 363.017761
v -439.166870 187.629730 362.212402
v -438.343628 187.458740 360.268066
v -438.343628 67.169189 360.268066
v -439.166870 66.998169 362.212402
v -441.154419 66.585388 363.017761
v -436.843140 197.961121 363.017761
v -435.347931 196.415649 362.212402
v -434.728577 195.775452 360.268066
v 436.843140 197.961121 363.017761
v 435.347900 196.415649 362.212402
v 434.728577 195.775452 360.268066
v -436.843140 56.666748 363.017761
v -435.347931 58.212219 362.212402
v -434.728577 58.852386 360.268066
v 436.843140 56.666748 363.017761
v 435.347900 58.212219 362.212402
v 434.728577 58.852386 360.268066
v -0.000015 199.380493 336.489746
v -0.000015 199.380493 360.268066
v -0.000015 200.203278 362.212402
v -0.000015 202.189636 363.017761
v -0.000031 207.809021 363.017761
v -0.000015 209.795410 362.212402
v -0.000015 210.618164 360.268066
v -0.000015 210.618164 336.489746
v -0.000015 55.247437 336.489746
v -0.000015 55.247437 360.268066
v 0.000000 54.424622 362.212402
v -0.000015 52.438293 363.017761
v 0.000000 46.818878 363.017761
v -0.000015 44.832520 362.212402
v -0.000015 44.009766 360.268066
v -0.000015 44.009766 336.489746
vt 0.407372 0.937309
vt 0.003185 0.937385
vt 0.961666 0.889244
vt 0.407367 0.914727
vt 0.961667 0.914622
vt 0.407367 0.889251
vt 0.407367 0.911833
vt 0.003181 0.911839
vt 0.425304 0.889251
vt 0.539543 0.889249
vt 0.539543 0.911831
vt 0.425305 0.911833
vt 0.539547 0.937284
vt 0.425309 0.937306
vt 0.425305 0.914723
vt 0.539543 0.914702
vt 0.416697 0.937307
vt 0.416692 0.914725
vt 0.557480 0.889249
vt 0.557480 0.911831
vt 0.548155 0.911831
vt 0.548155 0.889249
vt 0.557480 0.914698
vt 0.557485 0.937281
vt 0.340275 0.682470
vt 0.337117 0.682457
vt 0.022836 0.680989
vt 0.019699 0.680968
vt 0.341426 0.045682
vt 0.023929 0.048361
vt 0.027056 0.048636
vt 0.016514 0.680946
vt 0.344573 0.045951
vt 0.333912 0.682444
vt 0.020748 0.047770
vt 0.338224 0.045093
vt 0.364652 0.030171
vt 0.364298 0.026244
vt 0.588870 0.026244
vt 0.588516 0.030170
vt 0.363547 0.022241
vt 0.589621 0.022241
vt 0.046983 0.032745
vt 0.046632 0.028866
vt 0.270131 0.028867
vt 0.269779 0.032745
vt 0.045885 0.024912
vt 0.270878 0.024913
vt 0.325507 0.682410
vt 0.008164 0.680891
vt 0.012395 0.046109
vt 0.329817 0.043437
vt 0.361417 0.011783
vt 0.591751 0.011782
vt 0.043767 0.014580
vt 0.272996 0.014581
vt 0.021251 0.024464
vt 0.028239 0.031593
vt 0.614408 0.021584
vt 0.623352 0.043438
vt 0.295511 0.024464
vt 0.304368 0.046109
vt 0.614946 0.045093
vt 0.607377 0.028893
vt 0.296016 0.047770
vt 0.288524 0.031593
vt 0.338762 0.021585
vt 0.345791 0.028893
vt 0.629724 0.042573
vt 0.626561 0.042851
vt 0.006065 0.045237
vt 0.009207 0.045520
vt 0.004979 0.680870
vt 0.001841 0.680849
vt 0.042566 0.006781
vt 0.042993 0.010648
vt 0.018541 0.021844
vt 0.015976 0.019403
vt 0.273769 0.010649
vt 0.274197 0.006781
vt 0.617133 0.018898
vt 0.619710 0.016392
vt 0.322301 0.682397
vt 0.326608 0.042850
vt 0.319143 0.682385
vt 0.323445 0.042572
vt 0.592958 0.003891
vt 0.592528 0.007803
vt 0.360640 0.007804
vt 0.360210 0.003892
vt 0.310699 0.045237
vt 0.307556 0.045519
vt 0.336036 0.018899
vt 0.333457 0.016394
vt 0.298222 0.021845
vt 0.300787 0.019404
vt 0.548160 0.937282
vt 0.548155 0.914700
vt 0.416692 0.911833
vt 0.416692 0.889251
vt 0.590123 0.962894
vt 0.590125 0.940311
vt 0.003181 0.965897
vt 0.003184 0.988479
vt 0.003183 0.940256
vt 0.003181 0.962838
vt 0.590126 0.988385
vt 0.590122 0.965803
vt 0.559098 0.965808
vt 0.559102 0.988390
vt 0.440427 0.988409
vt 0.440424 0.965827
vt 0.440424 0.962879
vt 0.440426 0.940297
vt 0.559100 0.940308
vt 0.559098 0.962891
vt 0.574348 0.940310
vt 0.574346 0.962892
vt 0.409399 0.965832
vt 0.425176 0.965829
vt 0.425179 0.988411
vt 0.409403 0.988414
vt 0.409401 0.940294
vt 0.425178 0.940296
vt 0.425176 0.962878
vt 0.409399 0.962876
vt 0.574346 0.965805
vt 0.574350 0.988387
vt 0.292834 0.048362
vt 0.611744 0.045682
vt 0.285997 0.034378
vt 0.604837 0.031753
vt 0.608596 0.045951
vt 0.602759 0.034302
vt 0.348331 0.031753
vt 0.289708 0.048637
vt 0.350411 0.034302
vt 0.283937 0.036845
vt 0.030765 0.034377
vt 0.032826 0.036844
vt 0.297109 0.680969
vt 0.293972 0.680990
vt 0.300294 0.680948
vt 0.308645 0.680892
vt 0.311830 0.680870
vt 0.616040 0.682457
vt 0.314967 0.680849
vt 0.612882 0.682470
vt 0.619246 0.682444
vt 0.627651 0.682411
vt 0.630857 0.682398
vt 0.634015 0.682386
vt 0.996341 0.965737
vt 0.996345 0.988319
vt 0.003181 0.889256
vt 0.961671 0.937204
vt 0.996344 0.940350
vt 0.996341 0.962932
vt 0.003181 0.914803
vt 0.961667 0.911826
vn 0.000000 -0.920935 0.389717
vn 0.000000 -0.699412 0.714719
vn 0.005892 -0.675465 0.737368
vn 0.007822 -0.920680 0.390239
vn 0.000000 -0.105169 0.994454
vn 0.000808 -0.087857 0.996133
vn 0.000000 0.920931 0.389726
vn 0.000000 0.699412 0.714719
vn -0.005892 0.675465 0.737369
vn -0.007821 0.920676 0.390248
vn 0.000000 0.105169 0.994454
vn -0.000808 0.087859 0.996133
vn -0.919694 0.026500 0.391742
vn -0.670151 0.019833 0.741960
vn -0.670152 -0.019832 0.741959
vn -0.919694 -0.026501 0.391742
vn -0.084493 0.002633 0.996421
vn -0.084493 -0.002633 0.996421
vn 0.919693 -0.026500 0.391742
vn 0.670152 -0.019832 0.741959
vn 0.670152 0.019833 0.741959
vn 0.919693 0.026500 0.391742
vn 0.084492 -0.002633 0.996421
vn 0.084493 0.002633 0.996421
vn 0.008292 -0.999966 0.000000
vn 0.000000 -1.000000 0.000000
vn 0.000000 -1.000000 0.000000
vn 0.008292 -0.999966 0.000000
vn 0.000000 1.000000 0.000000
vn -0.008292 0.999966 0.000000
vn -0.008292 0.999966 0.000000
vn 0.000000 1.000000 0.000000
vn -0.999605 0.028098 0.000000
vn -0.999605 -0.028098 0.000000
vn -0.999605 -0.028098 0.000000
vn -0.999605 0.028098 0.000000
vn 0.999605 0.028098 0.000000
vn 0.999605 -0.028098 0.000000
vn 0.999605 -0.028098 0.000000
vn 0.999605 0.028098 0.000000
vn 0.683042 -0.730380 0.000000
vn 0.683042 -0.730380 0.000000
vn -0.008292 -0.999966 0.000000
vn -0.008292 -0.999966 0.000000
vn -0.683040 -0.730381 0.000000
vn -0.683040 -0.730381 0.000000
vn 0.008292 0.999966 0.000000
vn 0.008292 0.999966 0.000000
vn 0.683041 0.730380 0.000000
vn 0.683041 0.730380 0.000000
vn -0.683040 0.730381 0.000000
vn -0.683040 0.730381 0.000000
vn -0.013761 0.999905 0.000000
vn -0.013761 0.999905 0.000000
vn 0.000000 1.000000 0.000000
vn 0.000000 1.000000 0.000000
vn 0.000000 -1.000000 0.000000
vn 0.000000 -1.000000 0.000000
vn 0.013761 -0.999905 0.000000
vn 0.013761 -0.999905 0.000000
vn 0.998952 -0.045773 0.000000
vn 0.998952 -0.045773 0.000000
vn 0.998952 0.045773 0.000000
vn 0.998952 0.045773 0.000000
vn -0.998952 -0.045772 0.000000
vn -0.998952 -0.045772 0.000000
vn -0.998952 0.045772 0.000000
vn -0.998952 0.045772 0.000000
vn -0.689867 0.723936 0.000000
vn -0.689867 0.723936 0.000000
vn 0.013761 0.999905 0.000000
vn 0.689867 0.723936 0.000000
vn 0.689867 0.723936 0.000000
vn 0.013761 0.999905 0.000000
vn -0.013761 -0.999905 0.000000
vn -0.689867 -0.723937 0.000000
vn -0.689867 -0.723937 0.000000
vn -0.013761 -0.999905 0.000000
vn 0.689867 -0.723937 0.000000
vn 0.689867 -0.723937 0.000000
vn 0.000000 0.105430 0.994427
vn -0.001604 0.124412 0.992229
vn 0.000000 -0.105430 0.994427
vn 0.001604 -0.124413 0.992229
vn 0.127177 -0.005489 0.991865
vn 0.127177 0.005489 0.991865
vn -0.127177 0.005489 0.991865
vn -0.127178 -0.005489 0.991865
vn -0.103833 0.109187 0.988583
vn 0.038637 -0.041104 0.998408
vn 0.103833 0.109187 0.988583
vn 0.001604 0.124413 0.992229
vn -0.000808 -0.087857 0.996133
vn -0.038635 -0.041104 0.998408
vn -0.103835 -0.109187 0.988583
vn -0.001604 -0.124413 0.992229
vn 0.000808 0.087858 0.996133
vn 0.038636 0.041104 0.998408
vn 0.103836 -0.109187 0.988583
vn -0.038635 0.041104 0.998408
vn -0.012488 0.920510 0.390519
vn -0.009678 0.722761 0.691030
vn 0.000000 0.699600 0.714534
vn 0.000000 0.920944 0.389695
vn 0.012489 0.920510 0.390519
vn 0.009678 0.722764 0.691027
vn 0.504423 0.529708 0.681885
vn 0.627099 0.658250 0.416478
vn -0.918739 0.041541 0.392674
vn -0.723190 0.032322 0.689892
vn -0.504421 0.529712 0.681884
vn -0.627098 0.658250 0.416479
vn -0.723190 -0.032322 0.689892
vn -0.918739 -0.041542 0.392675
vn -0.012489 -0.920509 0.390522
vn -0.009678 -0.722763 0.691029
vn -0.504421 -0.529714 0.681882
vn -0.627100 -0.658251 0.416475
vn 0.000000 -0.699602 0.714532
vn 0.009678 -0.722762 0.691030
vn 0.000000 -0.920942 0.389699
vn 0.012489 -0.920509 0.390522
vn 0.918739 0.041541 0.392674
vn 0.723190 0.032322 0.689892
vn 0.723190 -0.032322 0.689892
vn 0.918739 -0.041542 0.392674
vn 0.504423 -0.529712 0.681882
vn 0.627099 -0.658254 0.416471
vn -0.005892 -0.675465 0.737369
vn -0.416237 -0.443972 0.793496
vn -0.007822 -0.920680 0.390239
vn -0.621351 -0.663703 0.416440
vn 0.005892 0.675465 0.737368
vn 0.416241 0.443970 0.793495
vn 0.007822 0.920677 0.390247
vn 0.621344 0.663703 0.416450
vn -0.416240 0.443972 0.793494
vn -0.621347 0.663703 0.416445
vn 0.416238 -0.443970 0.793496
vn 0.621349 -0.663702 0.416444
vn 0.000000 -1.000000 0.000000
vn 0.000000 -1.000000 0.000000
vn 0.000000 -0.699411 0.714720
vn 0.000000 -0.920935 0.389717
vn 0.000000 -0.105169 0.994454
vn 0.000000 0.105430 0.994427
vn 0.000000 0.699601 0.714534
vn 0.000000 0.920944 0.389695
vn 0.000000 1.000000 0.000000
vn 0.000000 1.000000 0.000000
vn 0.000000 1.000000 0.000000
vn 0.000000 1.000000 0.000000
vn 0.000000 0.699412 0.714719
vn 0.000000 0.920932 0.389724
vn 0.000000 0.105169 0.994454
vn 0.000000 -0.105429 0.994427
vn 0.000000 -0.699601 0.714534
vn 0.000000 -0.920942 0.389699
vn 0.000000 -1.000000 0.000000
vn 0.000000 -1.000000 0.000000
s 1
g S_U_01_2 Window_Frame_19 UV02
usemtl aiStandardSurface2SG
f 770/929/1121 771/930/1122 737/932/1123 736/933/1124
f 771/930/1122 772/934/1125 738/937/1126 737/932/1123
s 2
f 778/927/1127 779/928/1128 743/931/1129 742/935/1130
f 779/928/1128 780/936/1131 744/938/1132 743/931/1129
f 747/939/1133 746/940/1134 749/941/1135 748/942/1136
f 746/940/1134 745/943/1137 750/944/1138 749/941/1135
s 1
f 753/945/1139 752/946/1140 755/947/1141 754/948/1142
f 752/946/1140 751/949/1143 756/950/1144 755/947/1141
s 5
f 685/903/1145 769/904/1146 770/1061/1147 736/906/1148
s 6
f 778/1057/1149 742/908/1150 687/909/1151 777/910/1152
f 747/911/1153 748/912/1154 689/913/1155 690/914/1156
s 5
f 692/915/1157 691/916/1158 753/917/1159 754/918/1160
f 753/917/1159 691/916/1158 693/919/1161 759/920/1162
f 759/920/1162 693/919/1161 685/903/1145 736/906/1148
s 6
f 735/921/1163 686/922/1164 694/923/1165 762/924/1166
f 762/924/1166 694/923/1165 689/913/1155 748/912/1154
s 5
f 741/925/1167 688/926/1168 695/999/1169 765/1000/1170
f 765/1000/1170 695/999/1169 692/915/1157 754/918/1160
s 6
f 747/911/1153 690/914/1156 696/1001/1171 768/1002/1172
f 768/1002/1172 696/1001/1171 687/909/1151 742/908/1150
s 11
f 675/1003/1173 697/1004/1174 775/1059/1175 776/1060/1176
s 12
f 783/1055/1177 784/1056/1178 684/1009/1179 712/1010/1180
f 718/1011/1181 682/1012/1182 678/1013/1183 715/1014/1184
s 11
f 681/1015/1185 706/1016/1186 703/1017/1187 673/1018/1188
f 703/1017/1187 721/1019/1189 674/1020/1190 673/1018/1188
f 721/1019/1189 697/1004/1174 675/1003/1173 674/1020/1190
s 12
f 700/1021/1191 724/1022/1192 677/1023/1193 676/1024/1194
f 724/1022/1192 715/1014/1184 678/1013/1183 677/1023/1193
s 11
f 709/1025/1195 727/1026/1196 680/1027/1197 679/1028/1198
f 727/1026/1196 706/1016/1186 681/1015/1185 680/1027/1197
s 12
f 718/1011/1181 730/1029/1199 683/1030/1200 682/1012/1182
f 730/1029/1199 712/1010/1180 684/1009/1179 683/1030/1200
s 1
f 773/952/1201 699/953/1202 738/937/1126 772/934/1125
s 2
f 781/951/1203 714/954/1204 744/938/1132 780/936/1131
f 720/955/1205 717/956/1206 750/944/1138 745/943/1137
s 1
f 705/957/1207 708/958/1208 756/950/1144 751/949/1143
f 723/959/1209 705/957/1207 751/949/1143 757/960/1210
f 699/953/1202 723/959/1209 757/960/1210 738/937/1126
s 2
f 726/961/1211 702/962/1212 733/965/1213 760/966/1214
f 717/956/1206 726/961/1211 760/966/1214 750/944/1138
s 1
f 729/963/1215 711/964/1216 739/967/1217 763/968/1218
f 708/958/1208 729/963/1215 763/968/1218 756/950/1144
s 2
f 732/969/1219 720/955/1205 745/943/1137 766/970/1220
f 714/954/1204 732/969/1219 766/970/1220 744/938/1132
s 1
f 697/973/1221 698/974/1222 774/975/1223 775/976/1224
f 698/974/1222 699/953/1202 773/952/1201 774/975/1223
s 2
f 700/971/1225 701/972/1226 725/983/1227 724/984/1228
f 701/972/1226 702/962/1212 726/961/1211 725/983/1227
s 1
f 703/977/1229 704/978/1230 722/979/1231 721/980/1232
f 704/978/1230 705/957/1207 723/959/1209 722/979/1231
f 705/957/1207 704/978/1230 707/981/1233 708/958/1208
f 704/978/1230 703/977/1229 706/982/1234 707/981/1233
f 709/993/1235 710/994/1236 728/997/1237 727/998/1238
f 710/994/1236 711/964/1216 729/963/1215 728/997/1237
s 2
f 781/951/1203 782/985/1239 713/986/1240 714/954/1204
f 782/985/1239 783/987/1241 712/988/1242 713/986/1240
f 715/989/1243 716/990/1244 719/991/1245 718/992/1246
f 716/990/1244 717/956/1206 720/955/1205 719/991/1245
f 718/992/1246 719/991/1245 731/995/1247 730/996/1248
f 719/991/1245 720/955/1205 732/969/1219 731/995/1247
s 1
f 699/953/1202 698/974/1222 722/979/1231 723/959/1209
f 698/974/1222 697/973/1221 721/980/1232 722/979/1231
s 2
f 717/956/1206 716/990/1244 725/983/1227 726/961/1211
f 716/990/1244 715/989/1243 724/984/1228 725/983/1227
s 1
f 708/958/1208 707/981/1233 728/997/1237 729/963/1215
f 707/981/1233 706/982/1234 727/998/1238 728/997/1237
s 2
f 714/954/1204 713/986/1240 731/995/1247 732/969/1219
f 713/986/1240 712/988/1242 730/996/1248 731/995/1247
f 733/965/1213 734/1032/1249 761/1034/1250 760/966/1214
f 734/1032/1249 735/1035/1251 762/1036/1252 761/1034/1250
s 1
f 739/967/1217 740/1031/1253 764/1033/1254 763/968/1218
f 740/1031/1253 741/1038/1255 765/1040/1256 764/1033/1254
s 2
f 745/943/1137 746/940/1134 767/1037/1257 766/970/1220
f 746/940/1134 747/939/1133 768/1039/1258 767/1037/1257
s 1
f 751/949/1143 752/946/1140 758/1041/1259 757/960/1210
f 752/946/1140 753/945/1139 759/1042/1260 758/1041/1259
f 736/933/1124 737/932/1123 758/1041/1259 759/1042/1260
f 737/932/1123 738/937/1126 757/960/1210 758/1041/1259
s 2
f 748/942/1136 749/941/1135 761/1034/1250 762/1036/1252
f 749/941/1135 750/944/1138 760/966/1214 761/1034/1250
s 1
f 754/948/1142 755/947/1141 764/1033/1254 765/1040/1256
f 755/947/1141 756/950/1144 763/968/1218 764/1033/1254
s 2
f 742/935/1130 743/931/1129 767/1037/1257 768/1039/1258
f 743/931/1129 744/938/1132 766/970/1220 767/1037/1257
s 6
f 769/1062/1261 686/922/1164 735/921/1163 770/905/1262
s 2
f 735/1035/1251 734/1032/1249 771/1048/1263 770/1050/1264
f 734/1032/1249 733/965/1213 772/1051/1265 771/1048/1263
f 702/962/1212 773/1052/1266 772/1051/1265 733/965/1213
f 774/1053/1267 773/1052/1266 702/962/1212 701/972/1226
f 775/1054/1268 774/1053/1267 701/972/1226 700/971/1225
s 12
f 776/1006/1269 775/1005/1270 700/1021/1191 676/1024/1194
s 5
f 741/925/1167 778/907/1271 777/1058/1272 688/926/1168
s 1
f 741/1038/1255 740/1031/1253 779/1043/1273 778/1044/1274
f 740/1031/1253 739/967/1217 780/1045/1275 779/1043/1273
f 711/964/1216 781/1046/1276 780/1045/1275 739/967/1217
f 711/964/1216 710/994/1236 782/1047/1277 781/1046/1276
f 710/994/1236 709/993/1235 783/1049/1278 782/1047/1277
s 11
f 709/1025/1195 679/1028/1198 784/1008/1279 783/1007/1280
g default
v 439.744812 11.399994 358.459564
v 448.937317 15.207672 358.459564
v 452.744934 24.400177 358.459564
v 452.744934 238.856689 358.459564
v 448.937317 248.049194 358.459564
v 439.744812 251.856873 358.459564
v 451.559753 25.585388 347.076843
v 447.752075 16.392883 347.076843
v 438.559570 12.585236 347.076843
v 451.559753 237.671448 347.076843
v 447.752075 246.863953 347.076843
v 438.559570 250.671631 347.076843
v 452.744934 24.400177 349.938202
v 448.937317 15.207672 349.938202
v 439.744812 11.399994 349.938202
v 439.744812 251.856873 349.938202
v 448.937317 248.049194 349.938202
v 452.744934 238.856689 349.938202
v -451.559753 25.585388 347.076843
v -447.752106 16.392883 347.076843
v -438.559601 12.585236 347.076843
v -439.744812 11.399994 349.938202
v -448.937317 15.207672 349.938202
v -452.744995 24.400177 349.938202
v -452.744995 238.856689 349.938202
v -448.937317 248.049194 349.938202
v -439.744812 251.856873 349.938202
v -451.559753 237.671448 347.076843
v -447.752106 246.863953 347.076843
v -438.559601 250.671631 347.076843
v -452.744995 24.400177 358.459564
v -448.937317 15.207672 358.459564
v -439.744812 11.399994 358.459564
v -439.744812 251.856873 358.459564
v -448.937317 248.049194 358.459564
v -452.744995 238.856689 358.459564
v 440.929993 10.214783 361.320923
v 450.122498 14.022461 361.320923
v 453.930176 23.214966 361.320923
v -440.930023 253.042053 361.320923
v -450.122528 249.234436 361.320923
v -453.930176 240.041931 361.320923
v 453.930176 240.041931 361.320923
v -453.930176 23.214966 361.320923
v -440.930023 10.214783 361.320923
v 440.929993 253.042053 361.320923
v 450.122498 249.234436 361.320923
v -450.122528 14.022461 361.320923
v 434.497498 15.446594 345.891632
v 444.539062 21.104218 345.891632
v 448.698364 34.762939 345.891632
v 449.017700 230.850891 345.891632
v 444.899353 242.862732 345.891632
v 435.356506 247.810242 345.891632
v -434.707489 211.699097 345.891632
v -447.829376 198.816956 345.891632
v -443.987091 207.926605 345.891632
v -444.891144 195.345734 344.804596
v -441.201599 204.875275 344.802765
v -432.292603 208.822449 344.802338
v -444.876770 58.768341 344.833344
v -441.209839 49.160583 344.835236
v -432.358826 45.180817 344.835541
v -434.641296 42.338531 345.891632
v -443.940247 46.104004 345.891632
v -447.793457 55.192261 345.891632
v 433.147644 211.656494 345.891632
v 443.289001 205.959564 345.891632
v 447.493835 192.206848 345.891632
v 431.984863 208.812866 344.814941
v 440.893494 204.865753 344.815521
v 444.584167 195.336853 344.815948
v -448.698395 28.446777 345.891632
v -444.890747 19.254272 345.891632
v -435.698242 15.446594 345.891632
v -444.890747 244.002625 345.891632
v -448.698395 234.810120 345.891632
v -435.698242 247.810242 345.891632
v 447.983459 59.002350 345.891632
v 443.837524 47.156952 345.891632
v 434.362976 42.288757 345.891632
v 444.596863 58.758514 344.819794
v 440.931091 49.150085 344.820282
v 432.079651 45.170319 344.820892
vt 2.918006 -0.114136
vt 3.006361 -0.077437
vt 2.985920 -0.057590
vt 2.911638 -0.097847
vt 3.039360 0.011236
vt 3.022870 0.017156
vt 2.856389 1.163777
vt 2.894533 1.144566
vt 2.904121 1.154734
vt 2.862626 1.179511
vt 2.914806 1.105753
vt 2.929833 1.113118
vt -1.686320 -0.041374
vt -1.726134 -0.020480
vt -1.736124 -0.030465
vt -1.692693 -0.057431
vt -1.746351 0.019672
vt -1.761931 0.013479
vt -1.656064 1.242085
vt -1.740698 1.209688
vt -1.721775 1.189867
vt -1.649862 1.226117
vt -1.776774 1.126878
vt -1.760774 1.119590
vt 2.988741 1.124869
vt 2.972878 1.117551
vt 2.964183 0.023982
vt 2.979711 0.017926
vt -1.702323 1.107966
vt -1.717460 1.115318
vt -1.821871 0.006394
vt -1.805326 0.012445
vt 2.910897 -0.053387
vt -1.693365 -0.101881
vt 2.863284 1.223079
vt -1.649252 1.182536
vt 2.904496 -0.037339
vt -1.643026 1.166789
vt -1.699705 -0.118179
vt 2.869507 1.239034
vt 2.934374 1.186886
vt 2.953137 1.206488
vt 2.944117 -0.015489
vt 2.954197 -0.025675
vt -1.691295 1.157720
vt -1.681624 1.147676
vt -1.788402 -0.082148
vt -1.767959 -0.062205
vt 2.929708 0.006075
vt 2.883110 -0.021300
vt 2.946809 0.070461
vt -1.653300 0.130163
vt -1.693279 0.140393
vt -1.705934 0.125736
vt -1.665201 0.114315
vt -1.703715 0.188754
vt -1.720332 0.171185
vt -1.669247 1.135008
vt -1.628263 1.151021
vt -1.687493 1.092212
vt 2.902466 1.069986
vt -1.730430 0.034242
vt -1.675255 0.889060
vt -1.690564 0.907489
vt -1.623120 0.966806
vt -1.610759 0.951025
vt 2.822365 0.948105
vt 2.828324 0.963688
vt -1.671230 -0.025302
vt 2.839859 1.148039
vt 2.903797 0.872639
vt 2.887237 0.887795
vt 2.919652 0.191684
vt 2.937542 0.193841
vt 2.881706 0.118016
vt 2.869776 0.134059
vt -1.713365 -0.007790
vt 2.882427 1.126587
vt -1.669489 0.952749
vt -1.656191 0.936092
vt 2.879545 0.941107
vt 2.867548 0.933938
vt 2.922679 0.134474
vt 2.909233 0.144268
vn -0.018328 0.921018 0.389089
vn -0.336558 0.812520 0.475962
vn -0.378545 0.913887 0.146680
vn -0.012608 0.992562 0.121087
vn -0.812521 0.336557 0.475961
vn -0.920373 0.022168 0.390412
vn -0.992505 0.015328 0.121237
vn -0.913887 0.378544 0.146680
vn -0.009213 -0.922488 0.385917
vn -0.336558 -0.812523 0.475957
vn -0.379821 -0.916967 0.122096
vn -0.015081 -0.996095 0.086993
vn -0.812521 -0.336558 0.475960
vn -0.922169 -0.011228 0.386623
vn -0.995995 -0.018319 0.087514
vn -0.916967 -0.379820 0.122097
vn 0.009213 0.922485 0.385922
vn 0.336556 0.812521 0.475962
vn 0.379820 0.916967 0.122098
vn 0.015081 0.996095 0.086994
vn 0.812521 0.336557 0.475961
vn 0.922169 0.011228 0.386623
vn 0.995995 0.018319 0.087514
vn 0.916967 0.379820 0.122097
vn 0.018328 -0.921019 0.389087
vn 0.336558 -0.812522 0.475959
vn 0.378545 -0.913887 0.146679
vn 0.012608 -0.992562 0.121086
vn 0.812521 -0.336558 0.475961
vn 0.920373 -0.022168 0.390412
vn 0.992505 -0.015328 0.121237
vn 0.913887 -0.378545 0.146680
vn -0.992505 0.015328 0.121237
vn -0.920373 0.022168 0.390412
vn -0.920373 -0.022168 0.390412
vn -0.992505 -0.015328 0.121237
vn -0.922169 0.011228 0.386623
vn -0.995995 0.018319 0.087514
vn -0.995995 -0.018319 0.087514
vn -0.922169 -0.011228 0.386623
vn 0.995995 0.018319 0.087514
vn 0.922169 0.011228 0.386623
vn 0.922169 -0.011228 0.386623
vn 0.995995 -0.018319 0.087514
vn 0.920373 0.022168 0.390412
vn 0.992505 0.015328 0.121237
vn 0.992505 -0.015328 0.121237
vn 0.920373 -0.022168 0.390412
vn -0.992505 -0.015328 0.121237
vn -0.995995 -0.018319 0.087514
vn -0.995995 0.018319 0.087514
vn -0.992505 0.015328 0.121237
vn 0.995995 -0.018319 0.087514
vn 0.992505 -0.015328 0.121237
vn 0.992505 0.015328 0.121237
vn 0.995995 0.018319 0.087514
vn -0.012608 0.992562 0.121087
vn -0.015081 0.996095 0.086994
vn 0.015081 0.996095 0.086994
vn 0.012608 0.992562 0.121087
vn -0.015081 -0.996095 0.086993
vn -0.012608 -0.992562 0.121086
vn 0.012608 -0.992562 0.121086
vn 0.015081 -0.996095 0.086993
vn -0.015081 0.996095 0.086994
vn -0.009213 0.922485 0.385922
vn 0.009213 0.922485 0.385922
vn 0.015081 0.996095 0.086994
vn -0.009213 -0.922488 0.385917
vn -0.015081 -0.996095 0.086993
vn 0.015081 -0.996095 0.086993
vn 0.009213 -0.922488 0.385917
vn -0.018328 0.921018 0.389089
vn -0.012608 0.992562 0.121087
vn 0.012608 0.992562 0.121087
vn 0.018328 0.921018 0.389089
vn -0.012608 -0.992562 0.121086
vn -0.018328 -0.921018 0.389088
vn 0.018328 -0.921019 0.389087
vn 0.012608 -0.992562 0.121086
vn -0.012608 -0.992562 0.121086
vn -0.378545 -0.913887 0.146680
vn -0.336557 -0.812521 0.475962
vn -0.018328 -0.921018 0.389088
vn -0.913887 -0.378545 0.146680
vn -0.992505 -0.015328 0.121237
vn -0.920373 -0.022168 0.390412
vn -0.812521 -0.336558 0.475961
vn -0.922169 0.011228 0.386623
vn -0.812521 0.336557 0.475962
vn -0.916967 0.379820 0.122097
vn -0.995995 0.018319 0.087514
vn -0.336556 0.812521 0.475963
vn -0.009213 0.922485 0.385922
vn -0.015081 0.996095 0.086994
vn -0.379820 0.916967 0.122098
vn -0.012608 0.992562 0.121087
vn -0.378545 0.913887 0.146680
vn -0.379820 0.916967 0.122098
vn -0.015081 0.996095 0.086994
vn -0.913887 0.378544 0.146680
vn -0.992505 0.015328 0.121237
vn -0.995995 0.018319 0.087514
vn -0.916967 0.379820 0.122097
vn -0.992505 -0.015328 0.121237
vn -0.913887 -0.378545 0.146680
vn -0.916967 -0.379820 0.122097
vn -0.995995 -0.018319 0.087514
vn -0.378545 -0.913887 0.146680
vn -0.012608 -0.992562 0.121086
vn -0.015081 -0.996095 0.086993
vn -0.379821 -0.916967 0.122096
vn 0.015081 -0.996095 0.086993
vn 0.379821 -0.916967 0.122097
vn 0.336558 -0.812521 0.475960
vn 0.009213 -0.922488 0.385917
vn 0.916967 -0.379820 0.122097
vn 0.995995 -0.018319 0.087514
vn 0.922169 -0.011228 0.386623
vn 0.812521 -0.336558 0.475960
vn 0.920373 0.022168 0.390412
vn 0.812521 0.336557 0.475961
vn 0.913887 0.378544 0.146680
vn 0.992505 0.015328 0.121237
vn 0.336557 0.812520 0.475962
vn 0.018328 0.921018 0.389089
vn 0.012608 0.992562 0.121087
vn 0.378545 0.913887 0.146680
vn 0.015081 0.996095 0.086994
vn 0.379820 0.916967 0.122098
vn 0.378545 0.913887 0.146680
vn 0.012608 0.992562 0.121087
vn 0.916967 0.379820 0.122097
vn 0.995995 0.018319 0.087514
vn 0.992505 0.015328 0.121237
vn 0.913887 0.378544 0.146680
vn 0.995995 -0.018319 0.087514
vn 0.916967 -0.379820 0.122097
vn 0.913887 -0.378545 0.146680
vn 0.992505 -0.015328 0.121237
vn 0.379821 -0.916967 0.122097
vn 0.015081 -0.996095 0.086993
vn 0.012608 -0.992562 0.121086
vn 0.378545 -0.913887 0.146679
vn -0.018600 0.351795 0.935892
vn -0.152875 0.146151 0.977379
vn -0.049279 0.036676 0.998111
vn -0.000493 0.060116 0.998191
vn -0.152875 0.146151 0.977379
vn -0.319751 0.032834 0.946933
vn -0.339088 0.001657 0.940753
vn -0.049279 0.036676 0.998111
vn 0.003150 0.345671 0.938350
vn 0.182446 0.171058 0.968221
vn 0.023437 0.023500 0.999449
vn 0.000620 0.021706 0.999764
vn 0.182446 0.171058 0.968221
vn 0.340269 0.004048 0.940319
vn 0.138810 0.009009 0.990278
vn 0.023437 0.023500 0.999449
vn 0.011874 -0.372495 0.927958
vn 0.198756 -0.198754 0.959684
vn 0.031580 -0.031580 0.999002
vn 0.000294 -0.039684 0.999212
vn 0.198756 -0.198754 0.959684
vn 0.370433 -0.014264 0.928750
vn 0.298949 -0.002713 0.954265
vn 0.031580 -0.031580 0.999002
vn -0.339088 0.001657 0.940753
vn -0.319751 0.032834 0.946933
vn -0.348740 -0.030864 0.936711
vn -0.306082 -0.001246 0.952004
vn 0.370433 0.014264 0.928750
vn 0.320771 0.002911 0.947152
vn 0.298949 -0.002713 0.954265
vn 0.370433 -0.014264 0.928750
vn 0.138810 0.009009 0.990278
vn 0.340269 0.004048 0.940319
vn 0.340363 -0.003969 0.940286
vn 0.137794 -0.008795 0.990422
vn 0.000433 -0.014715 0.999892
vn 0.003024 -0.351486 0.936188
vn -0.005445 -0.354027 0.935219
vn -0.000408 -0.018445 0.999830
vn -0.018600 0.351795 0.935892
vn -0.000493 0.060116 0.998191
vn 0.000427 0.057566 0.998342
vn 0.011892 0.372481 0.927964
vn -0.000350 -0.041194 0.999151
vn -0.014590 -0.364076 0.931255
vn 0.011874 -0.372495 0.927958
vn 0.000294 -0.039684 0.999212
vn -0.204820 -0.001666 0.978798
vn -0.341947 -0.027445 0.939318
vn -0.320169 0.010695 0.947300
vn -0.180339 0.003302 0.983599
vn 0.003150 0.345671 0.938350
vn 0.000620 0.021706 0.999764
vn -0.000685 0.022139 0.999755
vn -0.003537 0.346461 0.938058
vn -0.339088 0.001657 0.940753
vn -0.306082 -0.001246 0.952004
vn -0.204820 -0.001666 0.978798
vn -0.180339 0.003302 0.983599
vn 0.138810 0.009009 0.990278
vn 0.320771 0.002911 0.947152
vn 0.044109 0.044108 0.998053
vn 0.023437 0.023500 0.999449
vn -0.000350 -0.041194 0.999151
vn -0.033063 -0.026669 0.999097
vn -0.171507 -0.170536 0.970311
vn -0.014590 -0.364076 0.931255
vn -0.033063 -0.026669 0.999097
vn -0.306082 -0.001246 0.952004
vn -0.348740 -0.030864 0.936711
vn -0.171507 -0.170536 0.970311
vn 0.000433 -0.014715 0.999892
vn 0.016992 -0.017017 0.999711
vn 0.185081 -0.175541 0.966918
vn 0.003024 -0.351486 0.936188
vn 0.016992 -0.017017 0.999711
vn 0.137794 -0.008795 0.990422
vn 0.340363 -0.003969 0.940286
vn 0.185081 -0.175541 0.966918
vn -0.306082 -0.001246 0.952004
vn -0.033063 -0.026669 0.999097
vn -0.021718 -0.015226 0.999648
vn -0.204820 -0.001666 0.978798
vn -0.033063 -0.026669 0.999097
vn -0.000350 -0.041194 0.999151
vn -0.000408 -0.018445 0.999830
vn -0.021718 -0.015226 0.999648
vn -0.204820 -0.001666 0.978798
vn -0.021718 -0.015226 0.999648
vn -0.281653 -0.262649 0.922869
vn -0.341947 -0.027445 0.939318
vn -0.021718 -0.015226 0.999648
vn -0.000408 -0.018445 0.999830
vn -0.005445 -0.354027 0.935219
vn -0.281653 -0.262649 0.922869
vn 0.370433 0.014264 0.928750
vn 0.198756 0.198755 0.959684
vn 0.044109 0.044108 0.998053
vn 0.320771 0.002911 0.947152
vn 0.198756 0.198755 0.959684
vn 0.011892 0.372481 0.927964
vn 0.000427 0.057566 0.998342
vn 0.044109 0.044108 0.998053
vn -0.000493 0.060116 0.998191
vn -0.049279 0.036676 0.998111
vn -0.029330 0.023488 0.999294
vn -0.000685 0.022139 0.999755
vn -0.049279 0.036676 0.998111
vn -0.339088 0.001657 0.940753
vn -0.180339 0.003302 0.983599
vn -0.029330 0.023488 0.999294
vn -0.000685 0.022139 0.999755
vn -0.029330 0.023488 0.999294
vn -0.212790 0.195294 0.957382
vn -0.003537 0.346461 0.938058
vn -0.029330 0.023488 0.999294
vn -0.180339 0.003302 0.983599
vn -0.320169 0.010695 0.947300
vn -0.212790 0.195294 0.957382
vn 0.031580 -0.031580 0.999002
vn 0.298949 -0.002713 0.954265
vn 0.137794 -0.008795 0.990422
vn 0.016992 -0.017017 0.999711
vn 0.000294 -0.039684 0.999212
vn 0.000433 -0.014715 0.999892
vn -0.000408 -0.018445 0.999830
vn -0.000350 -0.041194 0.999151
vn 0.031580 -0.031580 0.999002
vn 0.016992 -0.017017 0.999711
vn 0.000433 -0.014715 0.999892
vn 0.000294 -0.039684 0.999212
vn 0.137794 -0.008795 0.990422
vn 0.298949 -0.002713 0.954265
vn 0.320771 0.002911 0.947152
vn 0.138810 0.009009 0.990278
vn 0.000620 0.021706 0.999764
vn 0.000427 0.057566 0.998342
vn -0.000493 0.060116 0.998191
vn -0.000685 0.022139 0.999755
vn 0.023437 0.023500 0.999449
vn 0.044109 0.044108 0.998053
vn 0.000427 0.057566 0.998342
vn 0.000620 0.021706 0.999764
s off
g S_U_01_2 polySurface4
usemtl aiStandardSurface5SG
f 821/1063/1281 822/1064/1282 786/1065/1283 785/1066/1284
f 822/1064/1285 823/1067/1286 787/1068/1287 786/1065/1288
f 796/1069/1289 795/1070/1290 801/1071/1291 800/1072/1292
f 795/1070/1293 794/1073/1294 802/1074/1295 801/1071/1296
f 805/1075/1297 804/1076/1298 807/1077/1299 806/1078/1300
f 804/1076/1301 803/1079/1302 808/1080/1303 807/1077/1304
f 824/1081/1305 825/1082/1306 819/1083/1307 818/1084/1308
f 825/1082/1309 826/1085/1310 820/1086/1311 819/1083/1312
f 787/1068/1313 823/1067/1314 827/1087/1315 788/1088/1316
f 791/1089/1317 797/1090/1318 802/1074/1319 794/1073/1320
f 808/1080/1321 803/1079/1322 812/1091/1323 809/1092/1324
f 828/1093/1325 815/1094/1326 820/1086/1327 826/1085/1328
f 788/1088/1329 802/1074/1330 797/1090/1331 787/1068/1332
f 809/1092/1333 820/1086/1334 815/1094/1335 808/1080/1336
f 785/1066/1337 799/1095/1338 806/1078/1339 817/1096/1340
f 800/1072/1341 790/1097/1342 818/1084/1343 811/1098/1344
f 799/1095/1345 793/1099/1346 805/1075/1347 806/1078/1348
f 796/1069/1349 800/1072/1350 811/1098/1351 814/1100/1352
f 821/1063/1353 785/1066/1354 817/1096/1355 829/1101/1356
f 790/1097/1357 830/1102/1358 824/1081/1359 818/1084/1360
f 790/1097/1361 789/1103/1362 831/1104/1363 830/1102/1364
f 789/1103/1365 788/1088/1366 827/1087/1367 831/1104/1368
f 791/1089/1369 792/1105/1370 798/1106/1371 797/1090/1372
f 792/1105/1373 793/1099/1374 799/1095/1375 798/1106/1376
f 785/1066/1377 786/1065/1378 798/1106/1379 799/1095/1380
f 786/1065/1381 787/1068/1382 797/1090/1383 798/1106/1384
f 788/1088/1385 789/1103/1386 801/1071/1387 802/1074/1388
f 789/1103/1389 790/1097/1390 800/1072/1391 801/1071/1392
f 811/1098/1393 810/1107/1394 813/1108/1395 814/1100/1396
f 810/1107/1397 809/1092/1398 812/1091/1399 813/1108/1400
f 828/1093/1401 832/1109/1402 816/1110/1403 815/1094/1404
f 832/1109/1405 829/1101/1406 817/1096/1407 816/1110/1408
f 806/1078/1409 807/1077/1410 816/1110/1411 817/1096/1412
f 807/1077/1413 808/1080/1414 815/1094/1415 816/1110/1416
f 809/1092/1417 810/1107/1418 819/1083/1419 820/1086/1420
f 810/1107/1421 811/1098/1422 818/1084/1423 819/1083/1424
f 793/1099/1425 792/1105/1426 834/1111/1427 833/1112/1428
f 792/1105/1429 791/1089/1430 835/1113/1431 834/1111/1432
f 847/1114/1433 846/1115/1434 849/1116/1435 848/1117/1436
f 846/1115/1437 845/1118/1438 850/1119/1439 849/1116/1440
f 814/1100/1441 813/1108/1442 860/1120/1443 862/1121/1444
f 813/1108/1445 812/1091/1446 861/1122/1447 860/1120/1448
f 835/1113/1449 791/1089/1450 794/1073/1451 836/1123/1452
f 803/1079/1453 857/1124/1454 861/1122/1455 812/1091/1456
f 850/1119/1457 845/1118/1458 842/1125/1459 840/1126/1460
f 839/1127/1461 844/1128/1462 854/1129/1463 851/1130/1464
f 793/1099/1465 833/1112/1466 859/1131/1467 805/1075/1468
f 838/1132/1469 796/1069/1470 814/1100/1471 862/1121/1472
f 853/1133/1473 856/1134/1474 866/1135/1475 863/1136/1476
f 847/1114/1477 848/1117/1478 865/1137/1479 868/1138/1480
f 835/1113/1481 836/1123/1482 853/1133/1483 863/1136/1484
f 850/1119/1485 857/1124/1486 858/1139/1487 849/1116/1488
f 838/1132/1489 837/1140/1490 795/1070/1491 796/1069/1492
f 837/1140/1493 836/1123/1494 794/1073/1495 795/1070/1496
f 839/1127/1497 841/1141/1498 843/1142/1499 844/1128/1500
f 841/1141/1501 840/1126/1502 842/1125/1503 843/1142/1504
f 836/1123/1505 837/1140/1506 852/1143/1507 853/1133/1508
f 837/1140/1509 838/1132/1510 851/1130/1511 852/1143/1512
f 853/1133/1513 852/1143/1514 855/1144/1515 856/1134/1516
f 852/1143/1517 851/1130/1518 854/1129/1519 855/1144/1520
f 803/1079/1521 804/1076/1522 858/1139/1523 857/1124/1524
f 804/1076/1525 805/1075/1526 859/1131/1527 858/1139/1528
f 833/1112/1529 834/1111/1530 864/1145/1531 865/1137/1532
f 834/1111/1533 835/1113/1534 863/1136/1535 864/1145/1536
f 865/1137/1537 864/1145/1538 867/1146/1539 868/1138/1540
f 864/1145/1541 863/1136/1542 866/1135/1543 867/1146/1544
f 860/1120/1545 861/1122/1546 840/1126/1547 841/1141/1548
f 862/1121/1549 839/1127/1550 851/1130/1551 838/1132/1552
f 860/1120/1553 841/1141/1554 839/1127/1555 862/1121/1556
f 840/1126/1557 861/1122/1558 857/1124/1559 850/1119/1560
f 848/1117/1561 859/1131/1562 833/1112/1563 865/1137/1564
f 849/1116/1565 858/1139/1566 859/1131/1567 848/1117/1568
