# This file uses centimeters as units for non-parametric coordinates.

mtllib S_U_05.mtl
g default
v -451.506836 248.193344 336.613342
v -448.762390 247.064926 336.613342
v -448.762390 248.193344 339.337646
v -448.762390 250.917587 340.466064
v -451.506836 250.917587 339.337646
v -452.643616 250.917587 336.613342
v -420.910736 248.193832 336.587891
v -419.774261 250.917587 336.613342
v -420.911041 250.917587 339.337646
v -423.655457 250.917587 340.466064
v -423.650177 248.193405 339.337646
v -423.655457 247.064926 336.613342
v -418.679993 258.013184 336.780823
v -416.036987 259.100159 336.756287
v -416.580475 260.163818 339.407349
v -421.566467 260.809296 340.466064
v -420.900696 255.865158 339.401306
v -419.774261 255.390427 336.756287
v -451.506836 303.388428 339.337646
v -448.762390 303.388428 340.466064
v -448.762390 306.112671 339.337646
v -448.762390 307.241089 336.613342
v -451.506836 306.112671 336.613342
v -452.643616 303.388428 336.613342
v -283.002563 248.193344 339.337646
v -283.002563 247.064926 336.613342
v -280.258148 248.193344 336.613342
v -279.121368 250.917587 336.613342
v -280.258148 250.917587 339.337646
v -283.002563 250.917587 340.466064
v -306.511108 258.013184 336.780823
v -305.416809 255.390427 336.756287
v -304.345215 255.932114 339.407837
v -303.695068 260.879211 340.466064
v -308.675446 260.218323 339.401367
v -309.154083 259.100159 336.756287
v -304.280396 248.193832 336.587891
v -301.535614 247.064926 336.613342
v -301.517090 248.193588 339.337830
v -301.535614 250.917587 340.466064
v -304.280029 250.917587 339.337646
v -305.416809 250.917587 336.613342
v -280.258148 303.388428 339.337646
v -279.121368 303.388428 336.613342
v -280.258148 306.112671 336.613342
v -283.002563 307.241089 336.613342
v -283.002563 306.112671 339.337646
v -283.002563 303.388428 340.466064
v -451.002441 248.694016 338.836914
v -421.415558 248.693466 338.825073
v -419.836914 259.112061 339.611084
v -451.002441 305.612000 338.836914
v -280.762512 248.694016 338.836914
v -305.410065 259.164673 339.611572
v -303.765137 248.693100 338.824524
v -280.762512 305.612000 338.836914
vt 0.039228 0.520887
vt 0.038688 0.510299
vt 0.131694 0.509594
vt 0.131681 0.520155
vt 0.037877 0.499213
vt 0.132169 0.498640
vt 0.141281 0.518952
vt 0.143581 0.537173
vt 0.141265 0.556623
vt 0.151610 0.516157
vt 0.152927 0.533407
vt 0.159976 0.551984
vt 0.564277 0.551615
vt 0.582975 0.556264
vt 0.162066 0.541398
vt 0.562406 0.540971
vt 0.029203 0.716808
vt 0.018132 0.717292
vt 0.017277 0.520397
vt 0.028347 0.520715
vt 0.040060 0.716450
vt 0.039994 0.727414
vt 0.660236 0.715232
vt 0.660346 0.726194
vt 0.662062 0.499265
vt 0.661035 0.510187
vt 0.593290 0.509501
vt 0.592642 0.498694
vt 0.660378 0.520483
vt 0.593184 0.519840
vt 0.671050 0.715521
vt 0.671197 0.520302
vt 0.682197 0.519946
vt 0.682073 0.715928
vt 0.660500 0.737241
vt 0.039886 0.738462
vt 0.580961 0.536871
vt 0.583645 0.518584
vt 0.571790 0.532683
vt 0.573457 0.515625
vt 0.023486 0.505725
vt 0.030261 0.512361
vt 0.145053 0.504386
vt 0.139268 0.511043
vt 0.154988 0.540799
vt 0.148007 0.548903
vt 0.024743 0.732226
vt 0.031415 0.725354
vt 0.669325 0.512198
vt 0.676010 0.505779
vt 0.569569 0.540129
vt 0.576358 0.548497
vt 0.580041 0.504209
vt 0.585729 0.510823
vt 0.668891 0.724060
vt 0.675599 0.730848
vn -0.057875 -0.028702 0.997911
vn -0.027819 -0.706838 0.706828
vn 0.028083 -0.706866 0.706790
vn 0.008775 -0.030351 0.999501
vn -0.025172 -0.924752 0.379738
vn 0.025481 -0.924780 0.379648
vn 0.702194 -0.135851 0.698905
vn 0.667487 -0.111009 0.736300
vn 0.000296 -0.002073 0.999998
vn 0.920785 -0.112204 0.373585
vn 0.900472 -0.131238 0.414640
vn 0.006792 -0.891084 0.453788
vn -0.005965 -0.891314 0.453348
vn -0.000319 -0.002258 0.999997
vn 0.008660 -0.923791 0.382800
vn -0.008466 -0.923672 0.383092
vn -0.704444 0.013895 0.709624
vn -0.923389 0.012589 0.383658
vn -0.923389 -0.012589 0.383658
vn -0.704444 -0.013895 0.709624
vn -0.012865 0.039733 0.999128
vn -0.004498 0.707105 0.707094
vn 0.012048 0.037207 0.999235
vn 0.004498 0.707105 0.707094
vn 0.033238 -0.924904 0.378745
vn 0.036733 -0.706638 0.706621
vn -0.036734 -0.706668 0.706591
vn -0.033948 -0.924866 0.378774
vn 0.073079 -0.027370 0.996951
vn -0.011526 -0.030329 0.999474
vn 0.704446 0.013895 0.709621
vn 0.704446 -0.013895 0.709621
vn 0.923389 -0.012589 0.383658
vn 0.923389 0.012589 0.383658
vn 0.004069 0.924064 0.382216
vn -0.004069 0.924064 0.382216
vn -0.666607 -0.115023 0.736481
vn -0.701159 -0.139284 0.699268
vn -0.904402 -0.132006 0.405749
vn -0.922315 -0.116176 0.368562
vn -0.658804 -0.662929 0.355672
vn -0.574402 -0.578826 0.578812
vn 0.659501 -0.663030 0.354189
vn 0.575862 -0.579879 0.576301
vn 0.620082 -0.628600 0.469425
vn 0.496773 -0.497810 0.710916
vn -0.658804 0.662929 0.355673
vn -0.574401 0.578825 0.578813
vn 0.574407 -0.578823 0.578810
vn 0.658806 -0.662929 0.355668
vn -0.623430 -0.625458 0.469189
vn -0.494380 -0.500214 0.710897
vn -0.658601 -0.662935 0.356037
vn -0.573760 -0.580952 0.577316
vn 0.574406 0.578824 0.578810
vn 0.658804 0.662930 0.355670
s 1
g Wall_Sculptures_08 UV01 S_U_05
usemtl aiStandardSurface2SG1
f 4/1/1 3/2/2 11/3/3 10/4/4
f 3/2/2 2/5/5 12/6/6 11/3/3
f 10/4/4 9/7/7 17/8/8 16/9/9
f 9/7/7 8/10/10 18/11/11 17/8/8
f 16/9/9 15/12/12 35/13/13 34/14/14
f 15/12/12 14/15/15 36/16/16 35/13/13
f 19/17/17 24/18/18 6/19/19 5/20/20
f 4/1/1 20/21/21 19/17/17 5/20/20
f 21/22/22 20/21/21 48/23/23 47/24/24
f 26/25/25 25/26/26 39/27/27 38/28/28
f 25/26/26 30/29/29 40/30/30 39/27/27
f 43/31/31 48/23/23 30/29/29 29/32/32
f 28/33/33 44/34/34 43/31/31 29/32/32
f 16/9/9 20/21/21 4/1/1 10/4/4
f 21/22/22 47/24/24 46/35/35 22/36/36
f 34/14/14 33/37/37 41/38/38 40/30/30
f 33/37/37 32/39/39 42/40/40 41/38/38
f 5/20/20 6/19/19 1/41/41 49/42/42
f 1/41/41 2/5/5 3/2/2 49/42/42
f 3/2/2 4/1/1 5/20/20 49/42/42
f 11/3/3 12/6/6 7/43/43 50/44/44
f 7/43/43 8/10/10 9/7/7 50/44/44
f 9/7/7 10/4/4 11/3/3 50/44/44
f 17/8/8 18/11/11 13/45/45 51/46/46
f 13/45/45 14/15/15 15/12/12 51/46/46
f 15/12/12 16/9/9 51/46/46
f 16/9/9 17/8/8 51/46/46
f 23/47/47 24/18/18 19/17/17 52/48/48
f 19/17/17 20/21/21 21/22/22 52/48/48
f 21/22/22 22/36/36 23/47/47 52/48/48
f 29/32/32 30/29/29 25/26/26 53/49/49
f 25/26/26 26/25/25 27/50/50 53/49/49
f 27/50/50 28/33/33 29/32/32 53/49/49
f 35/13/13 36/16/16 31/51/51 54/52/52
f 31/51/51 32/39/39 33/37/37 54/52/52
f 33/37/37 34/14/14 54/52/52
f 34/14/14 35/13/13 54/52/52
f 41/38/38 42/40/40 37/53/53 55/54/54
f 37/53/53 38/28/28 39/27/27 55/54/54
f 39/27/27 40/30/30 41/38/38 55/54/54
f 47/24/24 48/23/23 43/31/31 56/55/55
f 43/31/31 44/34/34 45/56/56 56/55/55
f 45/56/56 46/35/35 47/24/24 56/55/55
f 34/14/14 48/23/23 20/21/21 16/9/9
f 34/14/14 40/30/30 30/29/29 48/23/23
g default
v -280.186890 248.193344 336.613342
v -277.442444 247.064926 336.613342
v -277.442444 248.193344 339.337646
v -277.442444 250.917587 340.466064
v -280.186890 250.917587 339.337646
v -281.323669 250.917587 336.613342
v -249.590805 248.193832 336.587891
v -248.454330 250.917587 336.613342
v -249.591110 250.917587 339.337646
v -252.335526 250.917587 340.466064
v -252.330246 248.193405 339.337646
v -252.335526 247.064926 336.613342
v -247.360062 258.013184 336.780823
v -244.717056 259.100159 336.756287
v -245.260544 260.163818 339.407349
v -250.246536 260.809296 340.466064
v -249.580765 255.865158 339.401306
v -248.454330 255.390427 336.756287
v -280.186890 303.388428 339.337646
v -277.442444 303.388428 340.466064
v -277.442444 306.112671 339.337646
v -277.442444 307.241089 336.613342
v -280.186890 306.112671 336.613342
v -281.323669 303.388428 336.613342
v -111.682632 248.193344 339.337646
v -111.682632 247.064926 336.613342
v -108.938217 248.193344 336.613342
v -107.801437 250.917587 336.613342
v -108.938217 250.917587 339.337646
v -111.682632 250.917587 340.466064
v -135.191177 258.013184 336.780823
v -134.096878 255.390427 336.756287
v -133.025284 255.932114 339.407837
v -132.375137 260.879211 340.466064
v -137.355515 260.218323 339.401367
v -137.834152 259.100159 336.756287
v -132.960464 248.193832 336.587891
v -130.215683 247.064926 336.613342
v -130.197159 248.193588 339.337830
v -130.215683 250.917587 340.466064
v -132.960098 250.917587 339.337646
v -134.096878 250.917587 336.613342
v -108.938217 303.388428 339.337646
v -107.801437 303.388428 336.613342
v -108.938217 306.112671 336.613342
v -111.682632 307.241089 336.613342
v -111.682632 306.112671 339.337646
v -111.682632 303.388428 340.466064
v -279.682495 248.694016 338.836914
v -250.095627 248.693466 338.825073
v -248.516983 259.112061 339.611084
v -279.682495 305.612000 338.836914
v -109.442581 248.694016 338.836914
v -134.090134 259.164673 339.611572
v -132.445206 248.693100 338.824524
v -109.442581 305.612000 338.836914
vt 0.033047 0.777844
vt 0.032497 0.767124
vt 0.126675 0.766389
vt 0.126663 0.777081
vt 0.031675 0.755900
vt 0.127148 0.755302
vt 0.136379 0.775851
vt 0.138733 0.794297
vt 0.136405 0.814014
vt 0.146826 0.772998
vt 0.148193 0.790452
vt 0.155362 0.809322
vt 0.564970 0.809125
vt 0.583912 0.813846
vt 0.157479 0.798596
vt 0.563074 0.798340
vt 0.022849 0.976269
vt 0.011637 0.976757
vt 0.010815 0.777349
vt 0.022024 0.777671
vt 0.033846 0.975906
vt 0.033775 0.987014
vt 0.662095 0.974871
vt 0.662202 0.985974
vt 0.664013 0.756292
vt 0.662970 0.767324
vt 0.594435 0.766578
vt 0.593791 0.755659
vt 0.662295 0.777721
vt 0.594311 0.777016
vt 0.673039 0.975162
vt 0.673246 0.777541
vt 0.684378 0.777182
vt 0.684201 0.975573
vt 0.662353 0.997164
vt 0.033662 0.998207
vt 0.581909 0.794215
vt 0.584671 0.775730
vt 0.572644 0.789932
vt 0.574387 0.772709
vt 0.017105 0.762493
vt 0.023964 0.769212
vt 0.140184 0.761114
vt 0.134335 0.767853
vt 0.150307 0.797960
vt 0.143228 0.806187
vt 0.018322 0.991887
vt 0.025087 0.984928
vt 0.671350 0.769354
vt 0.678112 0.762870
vt 0.570352 0.797465
vt 0.577221 0.805974
vt 0.581063 0.761217
vt 0.586794 0.767895
vt 0.670855 0.983807
vt 0.677650 0.990675
vn -0.057875 -0.028702 0.997911
vn -0.027819 -0.706838 0.706828
vn 0.028083 -0.706865 0.706790
vn 0.008775 -0.030351 0.999501
vn -0.025172 -0.924754 0.379732
vn 0.025481 -0.924782 0.379644
vn 0.702194 -0.135851 0.698905
vn 0.667487 -0.111012 0.736300
vn 0.000296 -0.002073 0.999998
vn 0.920785 -0.112202 0.373585
vn 0.900472 -0.131242 0.414640
vn 0.006792 -0.891084 0.453788
vn -0.005965 -0.891313 0.453348
vn -0.000319 -0.002258 0.999997
vn 0.008660 -0.923791 0.382800
vn -0.008466 -0.923672 0.383092
vn -0.704444 0.013895 0.709624
vn -0.923389 0.012589 0.383658
vn -0.923389 -0.012589 0.383658
vn -0.704444 -0.013895 0.709624
vn -0.012865 0.039733 0.999128
vn -0.004498 0.707105 0.707094
vn 0.012048 0.037207 0.999235
vn 0.004498 0.707105 0.707095
vn 0.033238 -0.924904 0.378746
vn 0.036733 -0.706638 0.706622
vn -0.036734 -0.706668 0.706591
vn -0.033948 -0.924866 0.378774
vn 0.073079 -0.027370 0.996951
vn -0.011526 -0.030329 0.999474
vn 0.704446 0.013895 0.709621
vn 0.704446 -0.013895 0.709621
vn 0.923389 -0.012589 0.383658
vn 0.923389 0.012589 0.383658
vn 0.004069 0.924064 0.382216
vn -0.004069 0.924064 0.382216
vn -0.666607 -0.115025 0.736481
vn -0.701159 -0.139284 0.699268
vn -0.904401 -0.132009 0.405749
vn -0.922315 -0.116174 0.368562
vn -0.658801 -0.662933 0.355670
vn -0.574400 -0.578829 0.578810
vn 0.659504 -0.663026 0.354191
vn 0.575863 -0.579877 0.576302
vn 0.620082 -0.628599 0.469426
vn 0.496774 -0.497809 0.710917
vn -0.658800 0.662933 0.355671
vn -0.574400 0.578829 0.578811
vn 0.574405 -0.578826 0.578809
vn 0.658804 -0.662932 0.355666
vn -0.623428 -0.625461 0.469188
vn -0.494379 -0.500217 0.710896
vn -0.658598 -0.662938 0.356036
vn -0.573759 -0.580956 0.577314
vn 0.574405 0.578826 0.578809
vn 0.658803 0.662931 0.355669
s 1
g UV01 S_U_05 Wall_Sculptures_09
usemtl aiStandardSurface2SG1
f 60/57/57 59/58/58 67/59/59 66/60/60
f 59/58/58 58/61/61 68/62/62 67/59/59
f 66/60/60 65/63/63 73/64/64 72/65/65
f 65/63/63 64/66/66 74/67/67 73/64/64
f 72/65/65 71/68/68 91/69/69 90/70/70
f 71/68/68 70/71/71 92/72/72 91/69/69
f 75/73/73 80/74/74 62/75/75 61/76/76
f 60/57/57 76/77/77 75/73/73 61/76/76
f 77/78/78 76/77/77 104/79/79 103/80/80
f 82/81/81 81/82/82 95/83/83 94/84/84
f 81/82/82 86/85/85 96/86/86 95/83/83
f 99/87/87 104/79/79 86/85/85 85/88/88
f 84/89/89 100/90/90 99/87/87 85/88/88
f 72/65/65 76/77/77 60/57/57 66/60/60
f 77/78/78 103/80/80 102/91/91 78/92/92
f 90/70/70 89/93/93 97/94/94 96/86/86
f 89/93/93 88/95/95 98/96/96 97/94/94
f 61/76/76 62/75/75 57/97/97 105/98/98
f 57/97/97 58/61/61 59/58/58 105/98/98
f 59/58/58 60/57/57 61/76/76 105/98/98
f 67/59/59 68/62/62 63/99/99 106/100/100
f 63/99/99 64/66/66 65/63/63 106/100/100
f 65/63/63 66/60/60 67/59/59 106/100/100
f 73/64/64 74/67/67 69/101/101 107/102/102
f 69/101/101 70/71/71 71/68/68 107/102/102
f 71/68/68 72/65/65 107/102/102
f 72/65/65 73/64/64 107/102/102
f 79/103/103 80/74/74 75/73/73 108/104/104
f 75/73/73 76/77/77 77/78/78 108/104/104
f 77/78/78 78/92/92 79/103/103 108/104/104
f 85/88/88 86/85/85 81/82/82 109/105/105
f 81/82/82 82/81/81 83/106/106 109/105/105
f 83/106/106 84/89/89 85/88/88 109/105/105
f 91/69/69 92/72/72 87/107/107 110/108/108
f 87/107/107 88/95/95 89/93/93 110/108/108
f 89/93/93 90/70/70 110/108/108
f 90/70/70 91/69/69 110/108/108
f 97/94/94 98/96/96 93/109/109 111/110/110
f 93/109/109 94/84/84 95/83/83 111/110/110
f 95/83/83 96/86/86 97/94/94 111/110/110
f 103/80/80 104/79/79 99/87/87 112/111/111
f 99/87/87 100/90/90 101/112/112 112/111/111
f 101/112/112 102/91/91 103/80/80 112/111/111
f 90/70/70 104/79/79 76/77/77 72/65/65
f 90/70/70 96/86/86 86/85/85 104/79/79
g default
v -108.866974 248.193344 336.613342
v -106.122528 247.064926 336.613342
v -106.122528 248.193344 339.337646
v -106.122528 250.917587 340.466064
v -108.866974 250.917587 339.337646
v -110.003754 250.917587 336.613342
v -78.270874 248.193832 336.587891
v -77.134399 250.917587 336.613342
v -78.271179 250.917587 339.337646
v -81.015594 250.917587 340.466064
v -81.010315 248.193405 339.337646
v -81.015594 247.064926 336.613342
v -76.040131 258.013184 336.780823
v -73.397125 259.100159 336.756287
v -73.940613 260.163818 339.407349
v -78.926605 260.809296 340.466064
v -78.260834 255.865158 339.401306
v -77.134399 255.390427 336.756287
v -108.866974 303.388428 339.337646
v -106.122528 303.388428 340.466064
v -106.122528 306.112671 339.337646
v -106.122528 307.241089 336.613342
v -108.866974 306.112671 336.613342
v -110.003754 303.388428 336.613342
v 59.637299 248.193344 339.337646
v 59.637299 247.064926 336.613342
v 62.381714 248.193344 336.613342
v 63.518494 250.917587 336.613342
v 62.381714 250.917587 339.337646
v 59.637299 250.917587 340.466064
v 36.128754 258.013184 336.780823
v 37.223053 255.390427 336.756287
v 38.294647 255.932114 339.407837
v 38.944794 260.879211 340.466064
v 33.964417 260.218323 339.401367
v 33.485779 259.100159 336.756287
v 38.359467 248.193832 336.587891
v 41.104248 247.064926 336.613342
v 41.122772 248.193588 339.337830
v 41.104248 250.917587 340.466064
v 38.359833 250.917587 339.337646
v 37.223053 250.917587 336.613342
v 62.381714 303.388428 339.337646
v 63.518494 303.388428 336.613342
v 62.381714 306.112671 336.613342
v 59.637299 307.241089 336.613342
v 59.637299 306.112671 339.337646
v 59.637299 303.388428 340.466064
v -108.362579 248.694016 338.836914
v -78.775696 248.693466 338.825073
v -77.197052 259.112061 339.611084
v -108.362579 305.612000 338.836914
v 61.877350 248.694016 338.836914
v 37.229797 259.164673 339.611572
v 38.874725 248.693100 338.824524
v 61.877350 305.612000 338.836914
vt 0.037634 0.275338
vt 0.037096 0.264767
vt 0.129964 0.264082
vt 0.129958 0.274625
vt 0.036288 0.253698
vt 0.130439 0.253144
vt 0.139526 0.273421
vt 0.141838 0.291610
vt 0.139538 0.311045
vt 0.149826 0.270625
vt 0.151168 0.287829
vt 0.158234 0.306421
vt 0.562160 0.306296
vt 0.580837 0.310953
vt 0.160328 0.295843
vt 0.560298 0.295657
vt 0.027522 0.471021
vt 0.016463 0.471498
vt 0.015711 0.274841
vt 0.026766 0.275164
vt 0.038368 0.470668
vt 0.038296 0.481621
vt 0.657912 0.469745
vt 0.658018 0.480695
vt 0.659824 0.254254
vt 0.658792 0.265122
vt 0.591241 0.264377
vt 0.590609 0.253623
vt 0.658130 0.275357
vt 0.591114 0.274661
vt 0.668706 0.470032
vt 0.668927 0.275180
vt 0.679900 0.274828
vt 0.679710 0.470436
vt 0.658166 0.491731
vt 0.038182 0.492660
vt 0.578877 0.291603
vt 0.581617 0.273390
vt 0.569749 0.287370
vt 0.571488 0.270411
vt 0.021919 0.260192
vt 0.028684 0.266826
vt 0.143282 0.258891
vt 0.137515 0.265529
vt 0.153249 0.295216
vt 0.146270 0.303332
vt 0.023064 0.486423
vt 0.029731 0.479559
vt 0.667056 0.267116
vt 0.673719 0.260725
vt 0.567474 0.294791
vt 0.574245 0.303191
vt 0.578072 0.259098
vt 0.583714 0.265675
vt 0.666550 0.478557
vt 0.673250 0.485328
vn -0.057875 -0.028702 0.997911
vn -0.027819 -0.706838 0.706828
vn 0.028083 -0.706866 0.706790
vn 0.008775 -0.030351 0.999501
vn -0.025172 -0.924752 0.379738
vn 0.025481 -0.924780 0.379649
vn 0.702194 -0.135848 0.698905
vn 0.667487 -0.111011 0.736300
vn 0.000296 -0.002073 0.999998
vn 0.920785 -0.112199 0.373585
vn 0.900472 -0.131242 0.414640
vn 0.006792 -0.891084 0.453788
vn -0.005965 -0.891313 0.453348
vn -0.000319 -0.002258 0.999997
vn 0.008660 -0.923791 0.382800
vn -0.008466 -0.923672 0.383092
vn -0.704444 0.013895 0.709624
vn -0.923389 0.012589 0.383658
vn -0.923389 -0.012589 0.383658
vn -0.704444 -0.013895 0.709624
vn -0.012865 0.039733 0.999128
vn -0.004498 0.707105 0.707094
vn 0.012048 0.037207 0.999235
vn 0.004498 0.707105 0.707094
vn 0.033238 -0.924904 0.378746
vn 0.036733 -0.706638 0.706621
vn -0.036734 -0.706668 0.706591
vn -0.033948 -0.924866 0.378774
vn 0.073079 -0.027370 0.996951
vn -0.011526 -0.030329 0.999474
vn 0.704446 0.013895 0.709621
vn 0.704446 -0.013895 0.709621
vn 0.923389 -0.012589 0.383658
vn 0.923389 0.012589 0.383658
vn 0.004069 0.924064 0.382216
vn -0.004069 0.924064 0.382216
vn -0.666607 -0.115025 0.736481
vn -0.701159 -0.139284 0.699268
vn -0.904401 -0.132008 0.405749
vn -0.922315 -0.116174 0.368562
vn -0.658803 -0.662931 0.355671
vn -0.574401 -0.578828 0.578811
vn 0.659506 -0.663023 0.354192
vn 0.575865 -0.579875 0.576303
vn 0.620079 -0.628604 0.469423
vn 0.496772 -0.497813 0.710915
vn -0.658802 0.662931 0.355672
vn -0.574400 0.578828 0.578812
vn 0.574406 -0.578825 0.578809
vn 0.658805 -0.662931 0.355667
vn -0.623429 -0.625459 0.469188
vn -0.494380 -0.500215 0.710896
vn -0.658599 -0.662937 0.356037
vn -0.573759 -0.580955 0.577314
vn 0.574406 0.578825 0.578809
vn 0.658804 0.662930 0.355670
s 1
g UV01 S_U_05 Wall_Sculptures_10
usemtl aiStandardSurface2SG1
f 116/113/113 115/114/114 123/115/115 122/116/116
f 115/114/114 114/117/117 124/118/118 123/115/115
f 122/116/116 121/119/119 129/120/120 128/121/121
f 121/119/119 120/122/122 130/123/123 129/120/120
f 128/121/121 127/124/124 147/125/125 146/126/126
f 127/124/124 126/127/127 148/128/128 147/125/125
f 131/129/129 136/130/130 118/131/131 117/132/132
f 116/113/113 132/133/133 131/129/129 117/132/132
f 133/134/134 132/133/133 160/135/135 159/136/136
f 138/137/137 137/138/138 151/139/139 150/140/140
f 137/138/138 142/141/141 152/142/142 151/139/139
f 155/143/143 160/135/135 142/141/141 141/144/144
f 140/145/145 156/146/146 155/143/143 141/144/144
f 128/121/121 132/133/133 116/113/113 122/116/116
f 133/134/134 159/136/136 158/147/147 134/148/148
f 146/126/126 145/149/149 153/150/150 152/142/142
f 145/149/149 144/151/151 154/152/152 153/150/150
f 117/132/132 118/131/131 113/153/153 161/154/154
f 113/153/153 114/117/117 115/114/114 161/154/154
f 115/114/114 116/113/113 117/132/132 161/154/154
f 123/115/115 124/118/118 119/155/155 162/156/156
f 119/155/155 120/122/122 121/119/119 162/156/156
f 121/119/119 122/116/116 123/115/115 162/156/156
f 129/120/120 130/123/123 125/157/157 163/158/158
f 125/157/157 126/127/127 127/124/124 163/158/158
f 127/124/124 128/121/121 163/158/158
f 128/121/121 129/120/120 163/158/158
f 135/159/159 136/130/130 131/129/129 164/160/160
f 131/129/129 132/133/133 133/134/134 164/160/160
f 133/134/134 134/148/148 135/159/159 164/160/160
f 141/144/144 142/141/141 137/138/138 165/161/161
f 137/138/138 138/137/137 139/162/162 165/161/161
f 139/162/162 140/145/145 141/144/144 165/161/161
f 147/125/125 148/128/128 143/163/163 166/164/164
f 143/163/163 144/151/151 145/149/149 166/164/164
f 145/149/149 146/126/126 166/164/164
f 146/126/126 147/125/125 166/164/164
f 153/150/150 154/152/152 149/165/165 167/166/166
f 149/165/165 150/140/140 151/139/139 167/166/166
f 151/139/139 152/142/142 153/150/150 167/166/166
f 159/136/136 160/135/135 155/143/143 168/167/167
f 155/143/143 156/146/146 157/168/168 168/167/167
f 157/168/168 158/147/147 159/136/136 168/167/167
f 146/126/126 160/135/135 132/133/133 128/121/121
f 146/126/126 152/142/142 142/141/141 160/135/135
g default
v 62.452942 248.193344 336.613342
v 65.197388 247.064926 336.613342
v 65.197388 248.193344 339.337646
v 65.197388 250.917587 340.466064
v 62.452942 250.917587 339.337646
v 61.316162 250.917587 336.613342
v 93.049042 248.193832 336.587891
v 94.185516 250.917587 336.613342
v 93.048737 250.917587 339.337646
v 90.304321 250.917587 340.466064
v 90.309601 248.193405 339.337646
v 90.304321 247.064926 336.613342
v 95.279785 258.013184 336.780823
v 97.922791 259.100159 336.756287
v 97.379303 260.163818 339.407349
v 92.393311 260.809296 340.466064
v 93.059082 255.865158 339.401306
v 94.185516 255.390427 336.756287
v 62.452942 303.388428 339.337646
v 65.197388 303.388428 340.466064
v 65.197388 306.112671 339.337646
v 65.197388 307.241089 336.613342
v 62.452942 306.112671 336.613342
v 61.316162 303.388428 336.613342
v 230.957214 248.193344 339.337646
v 230.957214 247.064926 336.613342
v 233.701630 248.193344 336.613342
v 234.838409 250.917587 336.613342
v 233.701630 250.917587 339.337646
v 230.957214 250.917587 340.466064
v 207.448669 258.013184 336.780823
v 208.542969 255.390427 336.756287
v 209.614563 255.932114 339.407837
v 210.264709 260.879211 340.466064
v 205.284332 260.218323 339.401367
v 204.805695 259.100159 336.756287
v 209.679382 248.193832 336.587891
v 212.424164 247.064926 336.613342
v 212.442688 248.193588 339.337830
v 212.424164 250.917587 340.466064
v 209.679749 250.917587 339.337646
v 208.542969 250.917587 336.613342
v 233.701630 303.388428 339.337646
v 234.838409 303.388428 336.613342
v 233.701630 306.112671 336.613342
v 230.957214 307.241089 336.613342
v 230.957214 306.112671 339.337646
v 230.957214 303.388428 340.466064
v 62.957336 248.694016 338.836914
v 92.544220 248.693466 338.825073
v 94.122864 259.112061 339.611084
v 62.957336 305.612000 338.836914
v 233.197266 248.694016 338.836914
v 208.549713 259.164673 339.611572
v 210.194641 248.693100 338.824524
v 233.197266 305.612000 338.836914
vt 0.039443 0.030411
vt 0.038910 0.019876
vt 0.131426 0.019242
vt 0.131402 0.029742
vt 0.038104 0.008845
vt 0.131890 0.008350
vt 0.140917 0.028557
vt 0.143202 0.046662
vt 0.140912 0.066000
vt 0.151174 0.025797
vt 0.152492 0.042918
vt 0.159525 0.061392
vt 0.561717 0.061173
vt 0.580316 0.065806
vt 0.161606 0.050859
vt 0.559857 0.050581
vt 0.029378 0.225310
vt 0.018363 0.225785
vt 0.017603 0.029915
vt 0.028618 0.030237
vt 0.040182 0.224958
vt 0.040112 0.235866
vt 0.657113 0.223931
vt 0.657219 0.234836
vt 0.658970 0.009242
vt 0.657949 0.020080
vt 0.590637 0.019383
vt 0.589999 0.008658
vt 0.657292 0.030299
vt 0.590520 0.029637
vt 0.667864 0.224216
vt 0.668049 0.030119
vt 0.678983 0.029763
vt 0.678826 0.224618
vt 0.657369 0.245826
vt 0.040001 0.246858
vt 0.578344 0.046534
vt 0.581052 0.028382
vt 0.569245 0.042342
vt 0.570949 0.025430
vt 0.023785 0.015314
vt 0.030536 0.021927
vt 0.144684 0.014099
vt 0.138930 0.020696
vt 0.154550 0.050256
vt 0.147610 0.058325
vt 0.024948 0.240646
vt 0.031586 0.233811
vt 0.666185 0.022073
vt 0.672827 0.015697
vt 0.566997 0.049723
vt 0.573742 0.058078
vt 0.577501 0.014132
vt 0.583134 0.020686
vt 0.665717 0.232706
vt 0.672389 0.239451
vn -0.057875 -0.028702 0.997911
vn -0.027819 -0.706838 0.706828
vn 0.028083 -0.706866 0.706790
vn 0.008775 -0.030351 0.999501
vn -0.025172 -0.924752 0.379738
vn 0.025481 -0.924780 0.379649
vn 0.702194 -0.135849 0.698905
vn 0.667487 -0.111011 0.736300
vn 0.000296 -0.002073 0.999998
vn 0.920785 -0.112200 0.373585
vn 0.900472 -0.131242 0.414640
vn 0.006792 -0.891084 0.453788
vn -0.005965 -0.891313 0.453348
vn -0.000319 -0.002258 0.999997
vn 0.008660 -0.923791 0.382800
vn -0.008466 -0.923672 0.383092
vn -0.704444 0.013895 0.709624
vn -0.923389 0.012589 0.383658
vn -0.923389 -0.012589 0.383658
vn -0.704444 -0.013895 0.709624
vn -0.012865 0.039733 0.999128
vn -0.004498 0.707105 0.707094
vn 0.012048 0.037207 0.999235
vn 0.004498 0.707105 0.707094
vn 0.033238 -0.924904 0.378746
vn 0.036733 -0.706638 0.706621
vn -0.036734 -0.706668 0.706591
vn -0.033948 -0.924866 0.378774
vn 0.073079 -0.027370 0.996951
vn -0.011526 -0.030329 0.999474
vn 0.704446 0.013895 0.709621
vn 0.704446 -0.013895 0.709621
vn 0.923389 -0.012589 0.383658
vn 0.923389 0.012589 0.383658
vn 0.004069 0.924064 0.382216
vn -0.004069 0.924064 0.382216
vn -0.666607 -0.115024 0.736481
vn -0.701159 -0.139284 0.699268
vn -0.904402 -0.132007 0.405749
vn -0.922315 -0.116174 0.368562
vn -0.658803 -0.662931 0.355671
vn -0.574401 -0.578827 0.578811
vn 0.659506 -0.663024 0.354192
vn 0.575865 -0.579875 0.576303
vn 0.620080 -0.628603 0.469424
vn 0.496773 -0.497812 0.710915
vn -0.658803 0.662930 0.355672
vn -0.574401 0.578827 0.578812
vn 0.574405 -0.578826 0.578809
vn 0.658804 -0.662932 0.355667
vn -0.623429 -0.625459 0.469188
vn -0.494380 -0.500216 0.710896
vn -0.658597 -0.662939 0.356035
vn -0.573758 -0.580957 0.577314
vn 0.574406 0.578825 0.578809
vn 0.658804 0.662930 0.355669
s 1
g UV01 S_U_05 Wall_Sculptures_11
usemtl aiStandardSurface2SG1
f 172/169/169 171/170/170 179/171/171 178/172/172
f 171/170/170 170/173/173 180/174/174 179/171/171
f 178/172/172 177/175/175 185/176/176 184/177/177
f 177/175/175 176/178/178 186/179/179 185/176/176
f 184/177/177 183/180/180 203/181/181 202/182/182
f 183/180/180 182/183/183 204/184/184 203/181/181
f 187/185/185 192/186/186 174/187/187 173/188/188
f 172/169/169 188/189/189 187/185/185 173/188/188
f 189/190/190 188/189/189 216/191/191 215/192/192
f 194/193/193 193/194/194 207/195/195 206/196/196
f 193/194/194 198/197/197 208/198/198 207/195/195
f 211/199/199 216/191/191 198/197/197 197/200/200
f 196/201/201 212/202/202 211/199/199 197/200/200
f 184/177/177 188/189/189 172/169/169 178/172/172
f 189/190/190 215/192/192 214/203/203 190/204/204
f 202/182/182 201/205/205 209/206/206 208/198/198
f 201/205/205 200/207/207 210/208/208 209/206/206
f 173/188/188 174/187/187 169/209/209 217/210/210
f 169/209/209 170/173/173 171/170/170 217/210/210
f 171/170/170 172/169/169 173/188/188 217/210/210
f 179/171/171 180/174/174 175/211/211 218/212/212
f 175/211/211 176/178/178 177/175/175 218/212/212
f 177/175/175 178/172/172 179/171/171 218/212/212
f 185/176/176 186/179/179 181/213/213 219/214/214
f 181/213/213 182/183/183 183/180/180 219/214/214
f 183/180/180 184/177/177 219/214/214
f 184/177/177 185/176/176 219/214/214
f 191/215/215 192/186/186 187/185/185 220/216/216
f 187/185/185 188/189/189 189/190/190 220/216/216
f 189/190/190 190/204/204 191/215/215 220/216/216
f 197/200/200 198/197/197 193/194/194 221/217/217
f 193/194/194 194/193/193 195/218/218 221/217/217
f 195/218/218 196/201/201 197/200/200 221/217/217
f 203/181/181 204/184/184 199/219/219 222/220/220
f 199/219/219 200/207/207 201/205/205 222/220/220
f 201/205/205 202/182/182 222/220/220
f 202/182/182 203/181/181 222/220/220
f 209/206/206 210/208/208 205/221/221 223/222/222
f 205/221/221 206/196/196 207/195/195 223/222/222
f 207/195/195 208/198/198 209/206/206 223/222/222
f 215/192/192 216/191/191 211/199/199 224/223/223
f 211/199/199 212/202/202 213/224/224 224/223/223
f 213/224/224 214/203/203 215/192/192 224/223/223
f 202/182/182 216/191/191 188/189/189 184/177/177
f 202/182/182 208/198/198 198/197/197 216/191/191
g default
v 134.763641 287.467010 248.242294
v 108.738991 297.239197 248.242294
v 145.543182 263.874634 248.242294
v 143.379944 170.059525 248.242294
v 145.543198 174.793991 248.242294
v 138.157394 168.098511 248.242294
v -431.066132 170.060287 248.242294
v -425.843506 168.099274 248.242294
v -433.229370 174.794754 248.242294
v -425.843567 297.239807 248.242294
v -431.066132 295.278839 248.242294
v -433.229370 290.544342 248.242294
v 159.929413 267.053162 247.069870
v 145.499237 299.235016 246.882706
v 111.431801 312.302338 247.197128
v -428.535217 312.300293 247.161606
v -441.793732 307.039093 246.788986
v -447.611694 293.720947 247.021744
v -428.535217 153.038788 247.161575
v 140.849121 153.038025 247.161575
v -447.611694 171.618134 247.021744
v 159.925461 171.617340 247.021744
v 154.107513 158.299316 246.788986
v -441.793732 158.300079 246.788986
v 158.203644 270.749817 351.210022
v 159.623001 271.095856 353.959900
v 162.602051 271.707947 354.895630
v 146.862274 297.678528 351.173218
v 147.969879 298.767090 353.933289
v 150.213440 301.060669 354.840088
v 119.491608 308.836243 351.216980
v 119.920387 310.210907 353.972717
v 120.577461 313.155060 354.929565
v -438.121582 308.836853 351.217285
v -438.561005 310.202484 353.970581
v -439.190125 313.124054 354.923218
v -443.612793 306.596527 351.190002
v -444.754425 307.687164 353.927734
v -447.065643 309.950531 354.805054
v -445.890106 301.193634 351.214111
v -447.315735 301.616455 353.956665
v -450.311646 302.291992 354.879150
v -438.121552 156.502457 351.217285
v -438.563293 155.124741 353.969666
v -439.197937 152.174072 354.919922
v 150.435516 156.501694 351.217285
v 150.875031 155.136047 353.970581
v 151.504089 152.214523 354.923218
v -445.890076 164.145676 351.214111
v -447.301514 163.725830 353.957886
v -450.263123 163.057434 354.883484
v 158.204071 164.144913 351.214111
v 159.629700 163.722107 353.956665
v 162.625610 163.046585 354.879150
v 155.926819 158.742004 351.190735
v 157.068069 157.651672 353.928711
v 159.378616 155.388596 354.807129
v -443.612793 158.742813 351.190002
v -444.757660 157.648987 353.927307
v -447.076843 155.377792 354.803467
v 171.955948 273.612061 350.057495
v 170.987579 273.486481 352.997131
v 168.204727 272.961121 354.416687
v 154.413818 305.397278 354.283569
v 156.457611 307.529694 352.829773
v 157.128998 308.276886 349.884949
v 121.534454 318.654755 354.507507
v 122.020744 321.410553 353.111389
v 122.065971 322.397400 350.179138
v -440.695435 322.396118 350.151123
v -440.688049 321.410339 353.081421
v -440.239899 318.656311 354.482239
v -451.112762 314.337677 354.219299
v -453.191132 316.459045 352.742615
v -453.870209 317.186859 349.784302
v -455.896179 303.453674 354.383362
v -458.672424 303.979187 352.954346
v -459.638580 304.054596 350.013428
v -440.695435 142.943222 350.151123
v -440.686218 143.938858 353.082214
v -440.233490 146.716553 354.484924
v 152.547546 146.715790 354.484924
v 153.000214 143.938095 353.082214
v 153.009460 142.942459 350.151123
v -455.874420 161.890121 354.385254
v -458.666016 161.361420 352.954895
v -459.638519 161.284714 350.013428
v 171.952576 161.283920 350.013367
v 170.980011 161.360626 352.954834
v 168.188461 161.889343 354.385254
v 163.426727 151.000977 354.219299
v 165.505096 148.879578 352.742615
v 166.184158 148.151810 349.784302
v -451.117401 150.997055 354.218689
v -453.192474 148.878967 352.742371
v -453.870209 148.152573 349.784302
vt 0.899252 0.018461
vt 0.900142 0.013678
vt 0.951005 0.036739
vt 0.947402 0.040120
vt 0.900698 0.008958
vt 0.734457 0.932292
vt 0.954392 0.033579
vt 0.969484 0.960756
vt 0.974273 0.961448
vt 0.966439 0.980833
vt 0.962810 0.977288
vt 0.795542 0.932292
vt 0.979068 0.961484
vt 0.969998 0.984252
vt 0.704434 0.960820
vt 0.699616 0.961533
vt 0.699241 0.041520
vt 0.795542 0.953277
vt 0.734457 0.043340
vt 0.795542 0.064594
vt 0.734457 0.064594
vt 0.704058 0.042230
vt 0.734457 0.383048
vt 0.795542 0.383048
vt 0.795542 0.391351
vt 0.694819 0.961585
vt 0.734457 0.391351
vt 0.795542 0.399862
vt 0.734457 0.399862
vt 0.694444 0.041472
vt 0.940796 0.046362
vt 0.734457 0.496190
vt 0.795542 0.496190
vt 0.897267 0.027095
vt 0.795542 0.853446
vt 0.867887 0.572455
vt 0.867887 0.590552
vt 0.958602 0.091097
vt 0.803590 0.590552
vt 0.967136 0.089595
vt 0.956064 0.971103
vt 0.803590 0.572455
vt 0.867887 0.609108
vt 0.960883 0.959145
vt 0.803590 0.609108
vt 0.944485 0.976117
vt 0.946306 0.984747
vt 0.867888 0.957329
vt 0.867887 0.960943
vt 0.712597 0.043849
vt 0.803589 0.039332
vt 0.712908 0.959207
vt 0.803590 0.957329
vt 0.729387 0.976053
vt 0.867887 0.042584
vt 0.727557 0.984722
vt 0.803590 0.042584
vt 0.729033 0.027075
vt 0.727210 0.018486
vt 0.717442 0.031984
vt 0.710735 0.025785
vt 0.717784 0.971146
vt 0.711064 0.977320
vt 0.895549 0.036563
vt 0.896290 0.031883
vt 0.937179 0.049811
vt 0.933915 0.052977
vt 0.953813 0.092129
vt 0.949062 0.092846
vt 0.956120 0.958180
vt 0.951363 0.957504
vt 0.952463 0.967472
vt 0.949488 0.964506
vt 0.943429 0.971293
vt 0.942742 0.966563
vt 0.730430 0.971279
vt 0.731112 0.966556
vt 0.722466 0.957526
vt 0.717706 0.958220
vt 0.717354 0.044824
vt 0.722107 0.045511
vt 0.721024 0.035619
vt 0.723980 0.038597
vt 0.721388 0.967498
vt 0.724356 0.964523
vt 0.730092 0.031897
vt 0.730788 0.036621
vt 0.726351 0.013642
vt 0.726053 0.008840
vt 0.971914 0.088817
vt 0.976697 0.088654
vt 0.947158 0.989556
vt 0.947424 0.994340
vt 0.726702 0.989552
vt 0.726434 0.994339
vt 0.707125 0.022229
vt 0.734457 0.853446
vt 0.795542 0.478735
vt 0.734457 0.478735
vt 0.734457 0.870861
vt 0.795542 0.870861
vt 0.703586 0.018803
vt 0.795542 0.862148
vt 0.734457 0.862148
vt 0.795542 0.487495
vt 0.734457 0.487495
vt 0.707448 0.980860
vt 0.703903 0.984274
vt 0.795542 0.043340
vt 0.734457 0.953277
vt 0.867887 0.126184
vt 0.867887 0.500476
vt 0.803590 0.500476
vt 0.803589 0.126184
vt 0.867887 0.119056
vt 0.803590 0.119056
vt 0.867887 0.507899
vt 0.803590 0.507899
vt 0.867887 0.504238
vt 0.803590 0.504238
vt 0.867887 0.122490
vt 0.803589 0.122490
vt 0.867887 0.039332
vt 0.803590 0.960943
vn 0.245936 0.019969 0.969081
vn 0.453288 0.035846 0.890643
vn 0.306117 0.311770 0.899495
vn 0.185461 0.184233 0.965227
vn 0.946770 0.077705 0.312391
vn 0.990396 0.086446 -0.107900
vn 0.910654 0.394751 -0.121988
vn 0.878144 0.373944 0.298378
vn -0.002831 0.235801 0.971797
vn -0.004883 0.452121 0.891943
vn -0.313259 0.314150 0.896202
vn -0.201035 0.199351 0.959085
vn -0.010838 0.947720 0.318920
vn -0.012115 0.996227 -0.085933
vn -0.364858 0.923029 -0.122049
vn -0.360474 0.883600 0.298847
vn -0.002609 -0.237079 0.971487
vn -0.004498 -0.450313 0.892859
vn 0.004500 -0.450307 0.892862
vn 0.002612 -0.237074 0.971488
vn -0.010149 -0.946817 0.321612
vn -0.011393 -0.996251 -0.085753
vn 0.011393 -0.996251 -0.085753
vn 0.010151 -0.946815 0.321619
vn 0.990396 0.086446 -0.107900
vn 0.989451 0.080499 -0.120441
vn 0.909222 0.394321 -0.133519
vn 0.910654 0.394751 -0.121988
vn 0.365297 0.923997 -0.113080
vn 0.364483 0.922804 -0.124840
vn 0.025116 0.994683 -0.099875
vn 0.029943 0.995712 -0.087533
vn -0.012115 0.996227 -0.085933
vn -0.009976 0.995066 -0.098716
vn -0.364072 0.921809 -0.133118
vn -0.364858 0.923029 -0.122049
vn -0.909681 0.393263 -0.133512
vn -0.908341 0.392463 -0.144536
vn -0.992586 0.029211 -0.117984
vn -0.993883 0.033910 -0.105108
vn -0.011393 -0.996251 -0.085753
vn -0.009379 -0.995079 -0.098644
vn 0.009379 -0.995079 -0.098644
vn 0.011393 -0.996251 -0.085753
vn -0.993883 0.033910 -0.105108
vn -0.992586 0.029211 -0.117984
vn -0.992586 -0.029212 -0.117984
vn -0.993882 -0.033911 -0.105110
vn 0.993581 -0.040217 -0.105736
vn 0.992345 -0.034728 -0.118510
vn 0.989451 0.080499 -0.120441
vn 0.990396 0.086446 -0.107900
vn 0.029943 0.995712 -0.087533
vn 0.025116 0.994683 -0.099875
vn -0.009976 0.995066 -0.098716
vn -0.012115 0.996227 -0.085933
vn 0.011393 -0.996251 -0.085753
vn 0.009379 -0.995079 -0.098644
vn 0.364079 -0.921806 -0.133116
vn 0.364860 -0.923034 -0.122006
vn 0.909684 -0.393263 -0.133487
vn 0.908339 -0.392467 -0.144537
vn 0.992345 -0.034728 -0.118510
vn 0.993581 -0.040217 -0.105736
vn -0.993882 -0.033911 -0.105110
vn -0.992586 -0.029212 -0.117984
vn -0.908340 -0.392465 -0.144535
vn -0.909685 -0.393260 -0.133491
vn -0.364856 -0.923035 -0.122011
vn -0.364078 -0.921807 -0.133116
vn -0.009379 -0.995079 -0.098644
vn -0.011393 -0.996251 -0.085753
vn -0.987845 -0.071531 0.138004
vn -0.906555 -0.393440 0.152846
vn -0.907970 -0.394555 0.141128
vn -0.989841 -0.066073 0.125892
vn -0.363435 -0.919583 0.149275
vn -0.023706 -0.991791 0.125653
vn -0.019764 -0.993317 0.113709
vn -0.363673 -0.921301 0.137645
vn 0.005083 -0.992236 0.124269
vn 0.362779 -0.918411 0.157839
vn 0.363140 -0.920246 0.145862
vn 0.004063 -0.993657 0.112378
vn 0.904909 -0.392563 0.164418
vn 0.990763 -0.014337 0.134848
vn 0.992408 -0.012030 0.122398
vn 0.906505 -0.393817 0.152172
vn 0.004771 0.992239 0.124255
vn -0.004772 0.992239 0.124250
vn -0.003813 0.993662 0.112347
vn 0.003813 0.993662 0.112347
vn 0.990763 -0.014337 0.134848
vn 0.990764 0.014338 0.134840
vn 0.992408 0.012030 0.122398
vn 0.992408 -0.012030 0.122398
vn -0.990669 0.017302 0.135190
vn -0.987845 -0.071531 0.138004
vn -0.989841 -0.066073 0.125892
vn -0.992343 0.014534 0.122655
vn -0.023706 -0.991791 0.125653
vn 0.005083 -0.992236 0.124269
vn 0.004063 -0.993657 0.112378
vn -0.019764 -0.993317 0.113709
vn -0.004772 0.992239 0.124250
vn -0.362795 0.918405 0.157837
vn -0.363153 0.920241 0.145862
vn -0.003813 0.993662 0.112347
vn -0.904903 0.392579 0.164415
vn -0.990669 0.017302 0.135190
vn -0.992343 0.014534 0.122655
vn -0.906500 0.393830 0.152171
vn 0.990764 0.014338 0.134840
vn 0.904938 0.392522 0.164356
vn 0.906505 0.393819 0.152170
vn 0.992408 0.012030 0.122398
vn 0.362796 0.918387 0.157941
vn 0.004771 0.992239 0.124255
vn 0.003813 0.993662 0.112347
vn 0.363144 0.920245 0.145859
vn 0.000652 -0.002495 0.999997
vn -0.026478 -0.001181 0.999649
vn 0.245936 0.019969 0.969081
vn 0.185461 0.184233 0.965227
vn -0.000410 -0.039147 0.999233
vn 0.000652 -0.002495 0.999997
vn 0.185461 0.184233 0.965227
vn 0.006881 0.235293 0.971900
vn -0.016767 0.011142 0.999797
vn -0.000291 -0.039415 0.999223
vn -0.002831 0.235801 0.971797
vn -0.201035 0.199351 0.959085
vn 0.024594 0.000541 0.999697
vn -0.016767 0.011142 0.999797
vn -0.201035 0.199351 0.959085
vn -0.248711 0.007333 0.968550
vn 0.000241 0.038672 0.999252
vn -0.000253 0.038655 0.999253
vn -0.002609 -0.237079 0.971487
vn 0.002612 -0.237074 0.971488
vn 0.024699 -0.000510 0.999695
vn 0.024594 0.000541 0.999697
vn -0.248711 0.007333 0.968550
vn -0.248674 -0.007340 0.968559
vn -0.026478 -0.001181 0.999649
vn -0.025977 -0.000754 0.999662
vn 0.247653 -0.008963 0.968807
vn 0.245936 0.019969 0.969081
vn -0.000291 -0.039415 0.999223
vn -0.000410 -0.039147 0.999233
vn 0.006881 0.235293 0.971900
vn -0.002831 0.235801 0.971797
vn 0.016705 -0.011066 0.999799
vn 0.000241 0.038672 0.999252
vn 0.002612 -0.237074 0.971488
vn 0.201091 -0.199512 0.959040
vn -0.025977 -0.000754 0.999662
vn 0.016705 -0.011066 0.999799
vn 0.201091 -0.199512 0.959040
vn 0.247653 -0.008963 0.968807
vn -0.016750 -0.011219 0.999797
vn 0.024699 -0.000510 0.999695
vn -0.248674 -0.007340 0.968559
vn -0.201181 -0.199551 0.959013
vn -0.000253 0.038655 0.999253
vn -0.016750 -0.011219 0.999797
vn -0.201181 -0.199551 0.959013
vn -0.002609 -0.237079 0.971487
vn -0.987845 -0.071531 0.138004
vn -0.884667 -0.061233 0.462185
vn -0.818614 -0.341701 0.461641
vn -0.906555 -0.393440 0.152846
vn -0.295107 -0.020130 0.955252
vn -0.026478 -0.001181 0.999649
vn 0.000652 -0.002495 0.999997
vn -0.195446 -0.196795 0.960767
vn -0.363435 -0.919583 0.149275
vn -0.336815 -0.821552 0.460009
vn -0.021760 -0.893812 0.447913
vn -0.023706 -0.991791 0.125653
vn -0.195446 -0.196795 0.960767
vn 0.000652 -0.002495 0.999997
vn -0.000410 -0.039147 0.999233
vn -0.006908 -0.307705 0.951457
vn -0.023706 -0.991791 0.125653
vn -0.021760 -0.893812 0.447913
vn 0.004788 -0.895031 0.445978
vn 0.005083 -0.992236 0.124269
vn -0.006908 -0.307705 0.951457
vn -0.000410 -0.039147 0.999233
vn -0.000291 -0.039415 0.999223
vn 0.001625 -0.309086 0.951033
vn 0.005083 -0.992236 0.124269
vn 0.004788 -0.895031 0.445978
vn 0.333886 -0.821192 0.462779
vn 0.362779 -0.918411 0.157839
vn 0.001625 -0.309086 0.951033
vn -0.000291 -0.039415 0.999223
vn -0.016767 0.011142 0.999797
vn 0.186658 -0.193894 0.963101
vn 0.904909 -0.392563 0.164418
vn 0.813975 -0.338574 0.472030
vn 0.888735 -0.012561 0.458248
vn 0.990763 -0.014337 0.134848
vn 0.186658 -0.193894 0.963101
vn -0.016767 0.011142 0.999797
vn 0.024594 0.000541 0.999697
vn 0.297128 -0.004200 0.954828
vn 0.990763 -0.014337 0.134848
vn 0.888735 -0.012561 0.458248
vn 0.888766 0.012597 0.458189
vn 0.990764 0.014338 0.134840
vn 0.297128 -0.004200 0.954828
vn 0.024594 0.000541 0.999697
vn 0.024699 -0.000510 0.999695
vn 0.297223 0.004256 0.954799
vn 0.004771 0.992239 0.124255
vn 0.004482 0.894730 0.446584
vn -0.004501 0.894746 0.446552
vn -0.004772 0.992239 0.124250
vn 0.001510 0.307824 0.951442
vn -0.000253 0.038655 0.999253
vn 0.000241 0.038672 0.999252
vn -0.001545 0.307866 0.951428
vn -0.004772 0.992239 0.124250
vn -0.004501 0.894746 0.446552
vn -0.333984 0.821189 0.462712
vn -0.362795 0.918405 0.157837
vn -0.001545 0.307866 0.951428
vn 0.000241 0.038672 0.999252
vn 0.016705 -0.011066 0.999799
vn -0.186833 0.194064 0.963033
vn 0.990764 0.014338 0.134840
vn 0.888766 0.012597 0.458189
vn 0.815176 0.337604 0.470650
vn 0.904938 0.392522 0.164356
vn 0.297223 0.004256 0.954799
vn 0.024699 -0.000510 0.999695
vn -0.016750 -0.011219 0.999797
vn 0.187313 0.192407 0.963272
vn -0.026478 -0.001181 0.999649
vn -0.295107 -0.020130 0.955252
vn -0.297560 0.005039 0.954690
vn -0.025977 -0.000754 0.999662
vn -0.884667 -0.061233 0.462185
vn -0.987845 -0.071531 0.138004
vn -0.990669 0.017302 0.135190
vn -0.888243 0.015156 0.459124
vn -0.025977 -0.000754 0.999662
vn -0.297560 0.005039 0.954690
vn -0.186833 0.194064 0.963033
vn 0.016705 -0.011066 0.999799
vn -0.888243 0.015156 0.459124
vn -0.990669 0.017302 0.135190
vn -0.904903 0.392579 0.164415
vn -0.813973 0.338677 0.471959
vn -0.000253 0.038655 0.999253
vn 0.001510 0.307824 0.951442
vn 0.187313 0.192407 0.963272
vn -0.016750 -0.011219 0.999797
vn 0.004482 0.894730 0.446584
vn 0.004771 0.992239 0.124255
vn 0.362796 0.918387 0.157941
vn 0.333974 0.819917 0.464970
vn 0.990396 0.086446 -0.107900
vn 0.946770 0.077705 0.312391
vn 0.949479 -0.034911 0.311882
vn 0.993581 -0.040217 -0.105736
vn 0.453288 0.035846 0.890643
vn 0.245936 0.019969 0.969081
vn 0.247653 -0.008963 0.968807
vn 0.455773 -0.015922 0.889953
vn 0.185461 0.184233 0.965227
vn 0.306117 0.311770 0.899495
vn 0.012470 0.451203 0.892334
vn 0.006881 0.235293 0.971900
vn 0.360464 0.881905 0.303823
vn 0.365297 0.923997 -0.113080
vn 0.029943 0.995712 -0.087533
vn 0.027890 0.947254 0.319267
vn 0.006881 0.235293 0.971900
vn 0.012470 0.451203 0.892334
vn -0.004883 0.452121 0.891943
vn -0.002831 0.235801 0.971797
vn 0.027890 0.947254 0.319267
vn 0.029943 0.995712 -0.087533
vn -0.012115 0.996227 -0.085933
vn -0.010838 0.947720 0.318920
vn -0.201035 0.199351 0.959085
vn -0.313259 0.314150 0.896202
vn -0.457697 0.013145 0.889011
vn -0.248711 0.007333 0.968550
vn -0.874108 0.386198 0.294595
vn -0.909681 0.393263 -0.133512
vn -0.993883 0.033910 -0.105108
vn -0.949826 0.029247 0.311410
vn -0.248711 0.007333 0.968550
vn -0.457697 0.013145 0.889011
vn -0.457669 -0.013176 0.889025
vn -0.248674 -0.007340 0.968559
vn -0.949826 0.029247 0.311410
vn -0.993883 0.033910 -0.105108
vn -0.993882 -0.033911 -0.105110
vn -0.949810 -0.029256 0.311455
vn 0.002612 -0.237074 0.971488
vn 0.004500 -0.450307 0.892862
vn 0.312382 -0.313380 0.896778
vn 0.201091 -0.199512 0.959040
vn 0.010151 -0.946815 0.321619
vn 0.011393 -0.996251 -0.085753
vn 0.364860 -0.923034 -0.122006
vn 0.360044 -0.883299 0.300253
vn -0.248674 -0.007340 0.968559
vn -0.457669 -0.013176 0.889025
vn -0.312515 -0.313520 0.896682
vn -0.201181 -0.199551 0.959013
vn -0.949810 -0.029256 0.311455
vn -0.993882 -0.033911 -0.105110
vn -0.909685 -0.393260 -0.133491
vn -0.874030 -0.385887 0.295235
vn 0.993581 -0.040217 -0.105736
vn 0.949479 -0.034911 0.311882
vn 0.873931 -0.385918 0.295487
vn 0.909684 -0.393263 -0.133487
vn 0.455773 -0.015922 0.889953
vn 0.247653 -0.008963 0.968807
vn 0.201091 -0.199512 0.959040
vn 0.312382 -0.313380 0.896778
vn -0.011393 -0.996251 -0.085753
vn -0.010149 -0.946817 0.321612
vn -0.360011 -0.883397 0.300004
vn -0.364856 -0.923035 -0.122011
vn -0.004498 -0.450313 0.892859
vn -0.002609 -0.237079 0.971487
vn -0.201181 -0.199551 0.959013
vn -0.312515 -0.313520 0.896682
s off
g UV01 S_U_05 Window_Frame_01
usemtl aiStandardSurface2SG1
f 287/225/225 286/226/226 289/227/227 288/228/228
f 286/226/229 285/229/230 290/231/231 289/227/232
f 296/232/233 295/233/234 298/234/235 297/235/236
f 295/233/237 294/237/238 299/238/239 298/234/240
f 305/239/241 304/240/242 307/241/243 306/246/244
f 304/240/245 303/250/246 308/254/247 307/241/248
f 285/230/249 237/236/250 238/242/251 290/334/252
f 290/243/253 238/333/254 239/244/255 293/245/256
f 294/247/257 240/248/258 241/249/259 299/251/260
f 299/251/261 241/249/262 242/252/263 302/253/264
f 303/256/265 243/257/266 244/259/267 308/321/268
f 302/253/269 242/252/270 245/322/271 311/323/272
f 312/324/273 246/325/274 237/236/275 285/230/276
f 293/245/277 239/244/278 240/248/279 294/247/280
f 308/321/281 244/259/282 247/327/283 317/328/284
f 317/328/285 247/327/286 246/325/287 312/324/288
f 311/323/289 245/322/290 248/329/291 320/330/292
f 320/330/293 248/329/294 243/257/295 303/256/296
f 249/260/297 252/261/298 225/263/299 227/266/300
f 252/261/301 255/267/302 226/269/303 225/263/304
f 258/272/305 261/273/306 235/348/307 234/277/308
f 261/347/309 264/279/310 236/281/311 235/275/312
f 267/335/313 270/336/314 230/337/315 232/338/316
f 264/279/317 273/339/318 233/340/319 236/281/320
f 276/341/321 249/260/322 227/266/323 229/342/324
f 255/267/325 258/272/326 234/277/327 226/269/328
f 270/336/329 279/343/330 228/344/331 230/337/332
f 279/343/333 276/341/334 229/342/335 228/344/336
f 273/339/337 282/345/338 231/346/339 233/340/340
f 282/345/341 267/335/342 232/338/343 231/346/344
f 254/255/345 251/258/346 287/225/347 288/228/348
f 257/262/349 254/255/350 288/228/351 291/264/352
f 263/265/353 260/268/354 296/232/355 297/235/356
f 266/270/357 263/265/358 297/235/359 300/271/360
f 272/274/361 269/276/362 305/239/363 306/246/364
f 275/278/365 266/270/366 300/271/367 309/280/368
f 251/258/369 278/282/370 314/283/371 287/225/372
f 260/268/373 257/262/374 291/264/375 296/232/376
f 281/284/377 272/274/378 306/246/379 315/285/380
f 278/282/381 281/284/382 315/285/383 314/283/384
f 284/286/385 275/278/386 309/280/387 318/287/388
f 269/276/389 284/286/390 318/287/391 305/239/392
f 249/288/393 250/289/394 253/290/395 252/291/396
f 250/289/397 251/258/398 254/255/399 253/290/400
f 252/291/401 253/290/402 256/292/403 255/293/404
f 253/290/405 254/255/406 257/262/407 256/292/408
f 255/293/409 256/292/410 259/294/411 258/295/412
f 256/292/413 257/262/414 260/268/415 259/294/416
f 258/295/417 259/294/418 262/296/419 261/297/420
f 259/294/421 260/268/422 263/265/423 262/296/424
f 261/297/425 262/296/426 265/298/427 264/299/428
f 262/296/429 263/265/430 266/270/431 265/298/432
f 264/299/433 265/298/434 274/300/435 273/301/436
f 265/298/437 266/270/438 275/278/439 274/300/440
f 267/302/441 268/303/442 271/304/443 270/305/444
f 268/303/445 269/276/446 272/274/447 271/304/448
f 270/305/449 271/304/450 280/306/451 279/307/452
f 271/304/453 272/274/454 281/284/455 280/306/456
f 273/301/457 274/300/458 283/308/459 282/309/460
f 274/300/461 275/278/462 284/286/463 283/308/464
f 251/258/465 250/289/466 277/310/467 278/282/468
f 250/289/469 249/288/470 276/311/471 277/310/472
f 278/282/473 277/310/474 280/306/475 281/284/476
f 277/310/477 276/311/478 279/307/479 280/306/480
f 269/276/481 268/303/482 283/308/483 284/286/484
f 268/303/485 267/302/486 282/309/487 283/308/488
f 285/229/489 286/226/490 313/312/491 312/313/492
f 286/226/493 287/225/494 314/283/495 313/312/496
f 288/228/497 289/227/498 292/314/499 291/264/500
f 289/227/501 290/231/502 293/315/503 292/314/504
f 291/264/505 292/314/506 295/233/507 296/232/508
f 292/314/509 293/315/510 294/237/511 295/233/512
f 297/235/513 298/234/514 301/316/515 300/271/516
f 298/234/517 299/238/518 302/317/519 301/316/520
f 300/271/521 301/316/522 310/318/523 309/280/524
f 301/316/525 302/317/526 311/319/527 310/318/528
f 306/246/529 307/241/530 316/320/531 315/285/532
f 307/241/533 308/254/534 317/326/535 316/320/536
f 309/280/537 310/318/538 319/331/539 318/287/540
f 310/318/541 311/319/542 320/332/543 319/331/544
f 312/313/545 313/312/546 316/320/547 317/326/548
f 313/312/549 314/283/550 315/285/551 316/320/552
f 303/250/553 304/240/554 319/331/555 320/332/556
f 304/240/557 305/239/558 318/287/559 319/331/560
g default
v 159.582336 113.648155 347.282715
v 165.114899 115.352242 348.486755
v 167.406525 119.466270 348.985535
v 176.207870 119.466270 -256.740601
v 173.895935 115.352242 -256.324463
v 168.314377 113.648155 -255.319855
v 167.406525 131.104828 348.985535
v 165.114899 135.218872 348.486755
v 159.582336 136.922943 347.282715
v 168.314377 136.922943 -255.319855
v 173.895935 135.218872 -256.324463
v 176.207870 131.104828 -256.740601
v 150.531906 113.648155 -273.035858
v 151.564224 115.352242 -278.572662
v 151.991867 119.466270 -280.866089
v -459.406494 119.466995 -271.954346
v -458.911224 115.352966 -269.677765
v -457.715546 113.648880 -264.181641
v 151.991867 131.104828 -280.866089
v 151.564224 135.218872 -278.572662
v 150.531906 136.922943 -273.035858
v -457.715546 136.923676 -264.181641
v -458.911224 135.219589 -269.677765
v -459.406494 131.105560 -271.954346
v -475.555450 113.648880 -246.108734
v -481.115509 115.352966 -247.183502
v -483.418518 119.466995 -247.628723
v -482.654602 119.466995 347.928711
v -480.353302 115.352966 347.470703
v -474.797607 113.648880 346.365051
v -483.418518 131.105560 -247.628723
v -481.115509 135.219589 -247.183502
v -475.555450 136.923676 -246.108734
v -474.797607 136.923676 346.365051
v -480.353302 135.219589 347.470703
v -482.654602 131.105560 347.928711
v 142.861069 119.466270 372.780762
v 142.412994 115.352242 370.494812
v 141.331223 113.648155 364.976013
v -456.817749 113.648880 364.206787
v -457.929810 115.352966 369.721985
v -458.390442 119.466995 372.006470
v 141.331223 136.922943 364.976013
v 142.412994 135.218872 370.494812
v 142.861069 131.104828 372.780762
v -458.390442 131.105560 372.006470
v -457.929810 135.219589 369.721985
v -456.817749 136.923676 364.206787
v 160.027008 119.466270 365.856689
v 158.289597 115.352242 364.090759
v 154.095200 113.648155 359.827515
v 154.095200 136.922943 359.827515
v 158.289597 135.218872 364.090759
v 160.027008 131.104828 365.856689
v 169.277878 131.104828 -273.924652
v 167.505219 135.218872 -272.171387
v 163.225494 136.922943 -267.938568
v 163.225494 113.648155 -267.938568
v 167.505219 115.352242 -272.171387
v 169.277878 119.466270 -273.924652
v -476.429016 131.105560 -264.670746
v -474.652161 135.219589 -262.942535
v -470.362549 136.923676 -258.770233
v -470.362549 113.648880 -258.770233
v -474.652161 115.352966 -262.942535
v -476.429016 119.466995 -264.670746
v -475.533325 119.466995 364.943237
v -473.772278 115.352966 363.194580
v -469.520721 113.648880 358.972900
v -469.520721 136.923676 358.972900
v -473.772278 135.219589 363.194580
v -475.533325 131.105560 364.943237
v -457.677490 136.923676 -246.425079
v 150.144913 136.922943 -254.998322
v -456.855957 136.923676 346.397095
v 141.711487 136.922943 347.250671
v -457.677551 113.648880 -246.424896
v 150.145050 113.648155 -254.998322
v 141.711502 113.648155 347.250671
v -456.855896 113.648880 346.397278
vt 0.625000 0.805823
vt 0.625000 0.986610
vt 0.625000 0.763808
vt 0.625000 0.694411
vt 0.622007 0.986389
vt 0.621338 0.764526
vt 0.622015 0.263603
vt 0.625000 0.263390
vt 0.625000 0.486192
vt 0.621337 0.485469
vt 0.625000 0.444177
vt 0.625000 0.555589
vt 0.613470 0.687507
vt 0.613470 0.750000
vt 0.386203 0.750000
vt 0.386203 0.687506
vt 0.612867 0.754386
vt 0.386123 0.753287
vt 0.612871 0.495614
vt 0.613470 0.500000
vt 0.386203 0.500000
vt 0.386151 0.496684
vt 0.613470 0.562493
vt 0.386203 0.562494
vt 0.375000 0.694378
vt 0.375000 0.763749
vt 0.375000 0.986164
vt 0.375000 0.805600
vt 0.377998 0.763753
vt 0.378735 0.985257
vt 0.378015 0.486232
vt 0.375000 0.486251
vt 0.375000 0.263836
vt 0.378735 0.264743
vt 0.375000 0.555614
vt 0.375000 0.444400
vt 0.613790 0.996652
vt 0.613588 1.000000
vt 0.386507 1.000000
vt 0.387262 0.995509
vt 0.613588 0.812519
vt 0.386507 0.812510
vt 0.613588 0.437481
vt 0.613588 0.250000
vt 0.386507 0.250000
vt 0.386507 0.437481
vt 0.613751 0.253389
vt 0.387261 0.254491
vt 0.625000 0.812519
vt 0.625000 0.437481
vt 0.625000 0.562494
vt 0.625000 0.687506
vt 0.375000 0.562494
vt 0.375000 0.687506
vt 0.375000 0.812519
vt 0.375000 0.437481
vt 0.613749 0.986635
vt 0.612837 0.764490
vt 0.612908 0.485427
vt 0.618836 0.492617
vt 0.625000 0.750000
vt 0.618832 0.757381
vt 0.625000 0.500000
vt 0.375000 0.750000
vt 0.378029 0.753568
vt 0.375000 1.000000
vt 0.381230 0.992508
vt 0.375000 0.500000
vt 0.378015 0.496447
vt 0.375000 0.250000
vt 0.381230 0.257491
vt 0.625000 1.000000
vt 0.622007 0.996346
vt 0.625000 0.250000
vt 0.622045 0.253615
vt 0.386198 0.486426
vt 0.387214 0.264779
vt 0.613715 0.263401
vt 0.387213 0.985220
vt 0.386171 0.763546
vn 0.989444 -0.139689 0.038575
vn 0.871380 -0.489458 0.033585
vn 0.871960 -0.489557 0.004502
vn 0.990209 -0.139515 0.004637
vn 0.292228 -0.956289 0.010665
vn 0.078273 -0.996928 0.002856
vn 0.080639 -0.996743 0.000595
vn 0.292356 -0.956307 0.002157
vn 0.078273 0.996928 0.002856
vn 0.292228 0.956289 0.010665
vn 0.292356 0.956307 0.002157
vn 0.080639 0.996743 0.000595
vn 0.871380 0.489458 0.033585
vn 0.989444 0.139689 0.038575
vn 0.990209 0.139515 0.004637
vn 0.871960 0.489557 0.004502
vn -0.003992 -0.138481 -0.990357
vn -0.003867 -0.486605 -0.873613
vn -0.027571 -0.486535 -0.873226
vn -0.031617 -0.138651 -0.989836
vn -0.001839 -0.955659 -0.294469
vn -0.000506 -0.996709 -0.081067
vn -0.002356 -0.996885 -0.078830
vn -0.008797 -0.955647 -0.294384
vn -0.000506 0.996708 -0.081068
vn -0.001839 0.955659 -0.294470
vn -0.008797 0.955646 -0.294387
vn -0.002356 0.996885 -0.078831
vn -0.003867 0.486605 -0.873613
vn -0.003992 0.138481 -0.990357
vn -0.031617 0.138651 -0.989836
vn -0.027571 0.486535 -0.873226
vn -0.990081 -0.139684 -0.015125
vn -0.871910 -0.489495 -0.012922
vn -0.871839 -0.489514 0.016499
vn -0.990015 -0.139647 0.019195
vn -0.292377 -0.956296 -0.003717
vn -0.078772 -0.996892 -0.001002
vn -0.079229 -0.996856 0.001329
vn -0.292348 -0.956300 0.004906
vn -0.078772 0.996892 -0.001002
vn -0.292377 0.956296 -0.003717
vn -0.292348 0.956300 0.004906
vn -0.079230 0.996855 0.001329
vn -0.871910 0.489495 -0.012922
vn -0.990081 0.139684 -0.015125
vn -0.990015 0.139647 0.019195
vn -0.871839 0.489515 0.016499
vn 0.000807 -0.996867 0.079087
vn 0.003007 -0.955648 0.294495
vn -0.003996 -0.955652 0.294470
vn -0.001081 -0.996818 0.079701
vn 0.010418 -0.486546 0.873593
vn 0.012177 -0.138665 0.990265
vn -0.015551 -0.138616 0.990224
vn -0.013385 -0.486569 0.873540
vn 0.012177 0.138666 0.990264
vn 0.010418 0.486546 0.873593
vn -0.013385 0.486569 0.873540
vn -0.015551 0.138616 0.990224
vn 0.003007 0.955648 0.294496
vn 0.000807 0.996867 0.079087
vn -0.001081 0.996818 0.079701
vn -0.003996 0.955652 0.294471
vn 0.989444 0.139689 0.038575
vn 0.989444 -0.139689 0.038575
vn 0.990209 -0.139515 0.004637
vn 0.990209 0.139515 0.004637
vn -0.003992 0.138481 -0.990357
vn -0.003992 -0.138481 -0.990357
vn -0.031617 -0.138651 -0.989836
vn -0.031617 0.138651 -0.989836
vn -0.990081 0.139684 -0.015125
vn -0.990081 -0.139684 -0.015125
vn -0.990015 -0.139647 0.019195
vn -0.990015 0.139647 0.019195
vn -0.015551 0.138616 0.990224
vn -0.015551 -0.138616 0.990224
vn 0.012177 -0.138665 0.990265
vn 0.012177 0.138666 0.990264
vn 0.012177 -0.138665 0.990265
vn 0.370932 -0.129397 0.919601
vn 0.370932 0.129397 0.919601
vn 0.012177 0.138666 0.990264
vn 0.908408 -0.130056 0.397342
vn 0.989444 -0.139689 0.038575
vn 0.989444 0.139689 0.038575
vn 0.908408 0.130056 0.397342
vn -0.003992 0.138481 -0.990357
vn 0.369537 0.128801 -0.920246
vn 0.369537 -0.128801 -0.920246
vn -0.003992 -0.138481 -0.990357
vn 0.919618 0.129477 -0.370863
vn 0.990209 0.139515 0.004637
vn 0.990209 -0.139515 0.004637
vn 0.919618 -0.129477 -0.370863
vn -0.990081 0.139684 -0.015125
vn -0.917353 0.130034 -0.376238
vn -0.917353 -0.130034 -0.376238
vn -0.990081 -0.139684 -0.015125
vn -0.390077 0.129373 -0.911648
vn -0.031617 0.138651 -0.989836
vn -0.031617 -0.138651 -0.989836
vn -0.390076 -0.129371 -0.911649
vn -0.990015 -0.139647 0.019195
vn -0.914647 -0.129900 0.382814
vn -0.914647 0.129902 0.382815
vn -0.990015 0.139647 0.019195
vn -0.377758 -0.129236 0.916841
vn -0.015551 -0.138616 0.990224
vn -0.015551 0.138616 0.990224
vn -0.377758 0.129236 0.916841
vn 0.078273 -0.996928 0.002856
vn 0.000000 -1.000000 0.000000
vn 0.000000 -1.000000 0.000000
vn 0.080639 -0.996743 0.000595
vn -0.000506 0.996708 -0.081068
vn 0.000000 1.000000 0.000000
vn 0.080639 0.996743 0.000595
vn 0.075630 0.994242 -0.075914
vn -0.000506 -0.996709 -0.081067
vn -0.001839 -0.955659 -0.294469
vn 0.192257 -0.962183 -0.192979
vn 0.075630 -0.994242 -0.075914
vn -0.003867 -0.486605 -0.873613
vn -0.003992 -0.138481 -0.990357
vn 0.369537 -0.128801 -0.920246
vn 0.325678 -0.485971 -0.811028
vn -0.003992 0.138481 -0.990357
vn -0.003867 0.486605 -0.873613
vn 0.325678 0.485970 -0.811029
vn 0.369537 0.128801 -0.920246
vn -0.001839 0.955659 -0.294470
vn -0.000506 0.996708 -0.081068
vn 0.075630 0.994242 -0.075914
vn 0.192257 0.962183 -0.192979
vn -0.078772 -0.996892 -0.001002
vn -0.292377 -0.956296 -0.003717
vn -0.194922 -0.961761 -0.192408
vn -0.077124 -0.994111 -0.076129
vn -0.871910 -0.489495 -0.012922
vn -0.990081 -0.139684 -0.015125
vn -0.917353 -0.130034 -0.376238
vn -0.807591 -0.487944 -0.331221
vn -0.990015 -0.139647 0.019195
vn -0.871839 -0.489514 0.016499
vn -0.805208 -0.487919 0.337010
vn -0.914647 -0.129900 0.382814
vn -0.292348 -0.956300 0.004906
vn -0.079229 -0.996856 0.001329
vn -0.076162 -0.994137 0.076752
vn -0.192699 -0.961851 0.194190
vn -0.990081 0.139684 -0.015125
vn -0.871910 0.489495 -0.012922
vn -0.807591 0.487944 -0.331221
vn -0.917353 0.130034 -0.376238
vn -0.292377 0.956296 -0.003717
vn -0.078772 0.996892 -0.001002
vn -0.077124 0.994111 -0.076129
vn -0.194922 0.961761 -0.192408
vn -0.079230 0.996855 0.001329
vn -0.292348 0.956300 0.004906
vn -0.192698 0.961851 0.194191
vn -0.076162 0.994137 0.076752
vn -0.871839 0.489515 0.016499
vn -0.990015 0.139647 0.019195
vn -0.914647 0.129902 0.382815
vn -0.805203 0.487927 0.337009
vn 0.012177 -0.138665 0.990265
vn 0.010418 -0.486546 0.873593
vn 0.326933 -0.485974 0.810521
vn 0.370932 -0.129397 0.919601
vn 0.003007 -0.955648 0.294495
vn 0.000807 -0.996867 0.079087
vn 0.075501 -0.994100 0.077881
vn 0.190740 -0.961720 0.196754
vn 0.000807 0.996867 0.079087
vn 0.003007 0.955648 0.294496
vn 0.190740 0.961720 0.196754
vn 0.075501 0.994100 0.077881
vn 0.010418 0.486546 0.873593
vn 0.012177 0.138666 0.990264
vn 0.370932 0.129397 0.919601
vn 0.326933 0.485974 0.810521
vn 0.078273 -0.996928 0.002856
vn 0.292228 -0.956289 0.010665
vn 0.190740 -0.961720 0.196754
vn 0.075501 -0.994100 0.077881
vn 0.871380 -0.489458 0.033585
vn 0.989444 -0.139689 0.038575
vn 0.908408 -0.130056 0.397342
vn 0.799746 -0.487892 0.349812
vn 0.989444 0.139689 0.038575
vn 0.871380 0.489458 0.033585
vn 0.799746 0.487892 0.349811
vn 0.908408 0.130056 0.397342
vn 0.292228 0.956289 0.010665
vn 0.078273 0.996928 0.002856
vn 0.075501 0.994100 0.077881
vn 0.190740 0.961720 0.196754
vn 0.080639 0.996743 0.000595
vn 0.292356 0.956307 0.002157
vn 0.192257 0.962183 -0.192979
vn 0.075630 0.994242 -0.075914
vn 0.871960 0.489557 0.004502
vn 0.990209 0.139515 0.004637
vn 0.919618 0.129477 -0.370863
vn 0.809523 0.487948 -0.326464
vn 0.990209 -0.139515 0.004637
vn 0.871960 -0.489557 0.004502
vn 0.809523 -0.487948 -0.326465
vn 0.919618 -0.129477 -0.370863
vn 0.292356 -0.956307 0.002157
vn 0.080639 -0.996743 0.000595
vn 0.075630 -0.994242 -0.075914
vn 0.192257 -0.962183 -0.192979
vn -0.002356 0.996885 -0.078831
vn -0.008797 0.955646 -0.294387
vn -0.194922 0.961761 -0.192408
vn -0.077124 0.994111 -0.076129
vn -0.027571 0.486535 -0.873226
vn -0.031617 0.138651 -0.989836
vn -0.390077 0.129373 -0.911648
vn -0.343797 0.486017 -0.803487
vn -0.031617 -0.138651 -0.989836
vn -0.027571 -0.486535 -0.873226
vn -0.343796 -0.486012 -0.803490
vn -0.390076 -0.129371 -0.911649
vn -0.008797 -0.955647 -0.294384
vn -0.002356 -0.996885 -0.078830
vn -0.077124 -0.994111 -0.076129
vn -0.194922 -0.961761 -0.192408
vn -0.001081 -0.996818 0.079701
vn -0.003996 -0.955652 0.294470
vn -0.192699 -0.961851 0.194190
vn -0.076162 -0.994137 0.076752
vn -0.013385 -0.486569 0.873540
vn -0.015551 -0.138616 0.990224
vn -0.377758 -0.129236 0.916841
vn -0.332940 -0.485986 0.808065
vn -0.015551 0.138616 0.990224
vn -0.013385 0.486569 0.873540
vn -0.332941 0.485984 0.808066
vn -0.377758 0.129236 0.916841
vn -0.003996 0.955652 0.294471
vn -0.001081 0.996818 0.079701
vn -0.076162 0.994137 0.076752
vn -0.192698 0.961851 0.194191
vn -0.078772 0.996892 -0.001002
vn 0.000000 1.000000 0.000000
vn -0.002356 0.996885 -0.078831
vn -0.077124 0.994111 -0.076129
vn -0.002356 0.996885 -0.078831
vn 0.000000 1.000000 0.000000
vn 0.000000 1.000000 0.000000
vn -0.000506 0.996708 -0.081068
vn -0.079230 0.996855 0.001329
vn 0.000000 1.000000 0.000000
vn 0.000000 1.000000 0.000000
vn -0.078772 0.996892 -0.001002
vn 0.000000 1.000000 0.000000
vn 0.000000 1.000000 0.000000
vn 0.000000 1.000000 0.000000
vn 0.000000 1.000000 0.000000
vn 0.080639 0.996743 0.000595
vn 0.000000 1.000000 0.000000
vn 0.000000 1.000000 0.000000
vn 0.078273 0.996928 0.002856
vn -0.076162 0.994137 0.076752
vn -0.001081 0.996818 0.079701
vn 0.000000 1.000000 0.000000
vn -0.079230 0.996855 0.001329
vn 0.000000 1.000000 0.000000
vn 0.000000 1.000000 0.000000
vn -0.001081 0.996818 0.079701
vn 0.000807 0.996867 0.079087
vn 0.078273 0.996928 0.002856
vn 0.000000 1.000000 0.000000
vn 0.000807 0.996867 0.079087
vn 0.075501 0.994100 0.077881
vn 0.000000 -1.000000 0.000000
vn -0.079229 -0.996856 0.001329
vn -0.078772 -0.996892 -0.001002
vn 0.000000 -1.000000 0.000000
vn 0.000000 -1.000000 0.000000
vn -0.078772 -0.996892 -0.001002
vn -0.077124 -0.994111 -0.076129
vn -0.002356 -0.996885 -0.078830
vn 0.080639 -0.996743 0.000595
vn 0.000000 -1.000000 0.000000
vn -0.000506 -0.996709 -0.081067
vn 0.075630 -0.994242 -0.075914
vn 0.000000 -1.000000 0.000000
vn 0.000000 -1.000000 0.000000
vn 0.000000 -1.000000 0.000000
vn 0.000000 -1.000000 0.000000
vn -0.000506 -0.996709 -0.081067
vn 0.000000 -1.000000 0.000000
vn 0.000000 -1.000000 0.000000
vn -0.002356 -0.996885 -0.078830
vn 0.000807 -0.996867 0.079087
vn 0.000000 -1.000000 0.000000
vn 0.078273 -0.996928 0.002856
vn 0.075501 -0.994100 0.077881
vn -0.001081 -0.996818 0.079701
vn 0.000000 -1.000000 0.000000
vn 0.000000 -1.000000 0.000000
vn 0.000807 -0.996867 0.079087
vn -0.076162 -0.994137 0.076752
vn -0.079229 -0.996856 0.001329
vn 0.000000 -1.000000 0.000000
vn -0.001081 -0.996818 0.079701
s off
g S_U_05 Friezes_01 TRIM
usemtl blinn1SG
f 323/349/561 322/350/562 325/351/563 324/352/564
f 322/350/565 321/353/566 326/354/567 325/351/568
f 329/355/569 328/356/570 331/357/571 330/358/572
f 328/356/573 327/359/574 332/360/575 331/357/576
f 335/361/577 334/362/578 337/363/579 336/364/580
f 334/362/581 333/365/582 338/366/583 337/363/584
f 341/367/585 340/368/586 343/369/587 342/370/588
f 340/368/589 339/371/590 344/372/591 343/369/592
f 347/373/593 346/374/594 349/375/595 348/376/596
f 346/374/597 345/377/598 350/378/599 349/375/600
f 353/379/601 352/380/602 355/381/603 354/382/604
f 352/380/605 351/383/606 356/384/607 355/381/608
f 359/385/609 358/386/610 361/387/611 360/388/612
f 358/386/613 357/389/614 362/390/615 361/387/616
f 365/391/617 364/392/618 367/393/619 366/394/620
f 364/392/621 363/395/622 368/396/623 367/393/624
f 327/359/625 323/349/626 324/352/627 332/360/628
f 339/371/629 335/361/630 336/364/631 344/372/632
f 351/383/633 347/373/634 348/376/635 356/384/636
f 366/394/637 362/390/638 357/389/639 365/391/640
f 357/389/641 369/397/642 374/398/643 365/391/644
f 369/397/645 323/349/646 327/359/647 374/398/648
f 339/371/649 375/399/650 380/400/651 335/361/652
f 375/399/653 332/360/654 324/352/655 380/400/656
f 351/383/657 381/401/658 386/402/659 347/373/660
f 381/401/661 344/372/662 336/364/663 386/402/664
f 348/376/665 387/403/666 392/404/667 356/384/668
f 387/403/669 362/390/670 366/394/671 392/404/672
f 321/353/673 399/405/674 398/406/675 326/354/676
f 341/367/677 394/407/678 330/358/679 377/408/680
f 333/365/681 334/362/682 379/409/683 378/410/684
f 334/362/685 335/361/686 380/400/687 379/409/688
f 339/371/689 340/368/690 376/411/691 375/399/692
f 340/368/693 341/367/694 377/408/695 376/411/696
f 345/377/697 346/374/698 385/412/699 384/413/700
f 346/374/701 347/373/702 386/402/703 385/412/704
f 348/376/705 349/375/706 388/414/707 387/403/708
f 349/375/709 350/378/710 389/415/711 388/414/712
f 351/383/713 352/380/714 382/416/715 381/401/716
f 352/380/717 353/379/718 383/417/719 382/416/720
f 354/382/721 355/381/722 391/418/723 390/419/724
f 355/381/725 356/384/726 392/404/727 391/418/728
f 357/389/729 358/386/730 370/420/731 369/397/732
f 358/386/733 359/385/734 371/421/735 370/420/736
f 363/395/737 364/392/738 373/422/739 372/423/740
f 364/392/741 365/391/742 374/398/743 373/422/744
f 321/353/745 322/350/746 370/420/747 371/421/748
f 322/350/749 323/349/750 369/397/751 370/420/752
f 327/359/753 328/356/754 373/422/755 374/398/756
f 328/356/757 329/355/758 372/423/759 373/422/760
f 330/358/761 331/357/762 376/411/763 377/408/764
f 331/357/765 332/360/766 375/399/767 376/411/768
f 324/352/769 325/351/770 379/409/771 380/400/772
f 325/351/773 326/354/774 378/410/775 379/409/776
f 342/370/777 343/369/778 382/416/779 383/417/780
f 343/369/781 344/372/782 381/401/783 382/416/784
f 336/364/785 337/363/786 385/412/787 386/402/788
f 337/363/789 338/366/790 384/413/791 385/412/792
f 360/388/793 361/387/794 388/414/795 389/415/796
f 361/387/797 362/390/798 387/403/799 388/414/800
f 366/394/801 367/393/802 391/418/803 392/404/804
f 367/393/805 368/396/806 390/419/807 391/418/808
f 353/379/809 393/424/810 342/370/811 383/417/812
f 342/370/813 393/424/814 394/407/815 341/367/816
f 354/382/817 395/425/818 393/424/819 353/379/820
f 394/407/821 393/424/822 395/425/823 396/426/824
f 330/358/825 394/407/826 396/426/827 329/355/828
f 390/419/829 368/396/830 395/425/831 354/382/832
f 396/426/833 395/425/834 368/396/835 363/395/836
f 329/355/837 396/426/838 363/395/839 372/423/840
f 400/427/841 350/378/842 345/377/843 397/428/844
f 397/428/845 345/377/846 384/413/847 338/366/848
f 326/354/849 398/406/850 333/365/851 378/410/852
f 399/405/853 400/427/854 397/428/855 398/406/856
f 333/365/857 398/406/858 397/428/859 338/366/860
f 359/385/861 399/405/862 321/353/863 371/421/864
f 360/388/865 400/427/866 399/405/867 359/385/868
f 389/415/869 350/378/870 400/427/871 360/388/872
g default
v -448.121216 157.213669 338.498169
v 182.297928 157.213272 338.498169
v -448.121216 304.925995 338.498169
v 182.297928 304.925232 338.498169
vt 0.087441 -0.287559
vt 0.912559 -0.287559
vt 0.912559 0.537559
vt 0.087441 0.537559
vn 0.000000 0.000000 1.000000
vn 0.000000 0.000000 1.000000
vn 0.000000 0.000000 1.000000
vn 0.000000 0.000000 1.000000
s off
g S_U_05 TRIM Window_01
usemtl TsL02_Network_Garage
f 401/429/873 402/430/874 404/431/875 403/432/876
g default
v -463.011322 383.119629 -375.747284
v -491.233307 383.119629 -363.560638
v -502.923187 383.119629 -334.139435
v -503.567047 379.150696 -335.670746
v -491.759705 379.150696 -365.027618
v -463.254456 379.150696 -377.187653
v 463.254211 379.152069 -377.187653
v 491.759613 379.152069 -365.027496
v 503.566986 379.152069 -335.670380
v 463.011749 383.120941 -375.747162
v 491.233582 383.120941 -363.560394
v 502.923462 383.120941 -334.138947
v -457.633972 385.664917 -370.903168
v -486.256348 385.664917 -358.949493
v -498.112061 385.664917 -330.090729
v 497.693420 385.666290 -331.110321
v 486.256409 385.666290 -358.949432
v 460.025513 385.666290 -369.904266
v -451.759216 360.618225 -371.350250
v -481.822601 360.618225 -359.885162
v -494.275269 360.618225 -332.205841
v -447.747589 359.117493 -366.679230
v -489.359528 359.117493 -326.905304
v -477.171722 359.117493 -355.029694
v 489.308716 359.118866 -326.861359
v 447.742767 359.118866 -366.679413
v 477.151398 359.118866 -355.013947
v 449.777435 360.619476 -371.350311
v 481.236328 360.619415 -360.432404
v 494.261353 360.619293 -334.076935
v -455.693756 364.667419 -373.935577
v -485.361938 364.667419 -362.223419
v -497.650909 364.667419 -333.947723
v 497.649323 364.668549 -334.277435
v 485.256744 364.668549 -362.319916
v 455.338379 364.668549 -373.935516
v 447.283875 359.118927 366.118591
v 488.827606 359.118927 326.290161
v 476.644135 359.118927 354.446930
v 494.130310 360.617462 334.137238
v 481.039093 360.617401 360.343414
v 449.446350 360.617401 371.201050
v 455.363617 364.668610 373.935455
v 485.264160 364.668610 362.315735
v 497.649323 364.668610 334.263245
v -447.721741 359.117554 366.653320
v -477.162567 359.117554 355.020233
v -489.359528 359.117554 326.904053
v -451.754150 360.618164 371.343262
v -481.820709 360.618225 359.882019
v -494.275269 360.618286 332.203583
v -497.650909 364.667480 333.947723
v -485.361938 364.667480 362.223358
v -455.693756 364.667480 373.935516
v -463.011322 383.119690 375.747284
v -491.233307 383.119690 363.560608
v -502.923187 383.119690 334.139404
v -457.633972 385.664978 370.903137
v -498.112061 385.664978 330.090668
v -486.256348 385.664978 358.949432
v 457.633911 385.666351 370.903015
v 486.256409 385.666351 358.949402
v 498.112213 385.666351 330.090820
v 463.011749 383.121002 375.747162
v 491.233582 383.121002 363.560364
v 502.923462 383.121002 334.138916
v -463.254456 379.150757 377.187622
v -491.759705 379.150757 365.027588
v -503.567047 379.150757 335.670715
v 503.566986 379.152130 335.670319
v 491.759613 379.152130 365.027466
v 463.254211 379.152130 377.187592
v -447.723969 359.117554 326.876984
v 447.322449 359.118927 326.317200
v -447.745422 359.117493 -326.903168
v 447.704041 359.118866 -326.863434
v -461.062286 385.664917 -369.471375
v -489.174988 385.664917 -351.845032
vt 0.354045 0.000053
vt 0.375000 0.000000
vt 0.375000 0.072493
vt 0.353937 0.072493
vt 0.385276 0.000000
vt 0.385218 0.072295
vt 0.625000 0.978538
vt 0.625000 1.000000
vt 0.622733 0.995888
vt 0.622931 0.976547
vt 0.375000 0.270312
vt 0.375000 0.250000
vt 0.376523 0.253050
vt 0.376523 0.273614
vt 0.385601 0.250000
vt 0.387069 0.253050
vt 0.644358 0.249961
vt 0.625000 0.250000
vt 0.625000 0.197738
vt 0.645389 0.197738
vt 0.613350 0.250000
vt 0.613988 0.197738
vt 0.613908 0.500000
vt 0.625000 0.500000
vt 0.625000 0.552262
vt 0.613994 0.552262
vt 0.875000 0.250000
vt 0.855746 0.250000
vt 0.854603 0.197738
vt 0.875000 0.197738
vt 0.145343 0.250000
vt 0.125000 0.250000
vt 0.125000 0.197736
vt 0.145559 0.197736
vt 0.375000 0.500000
vt 0.386146 0.500011
vt 0.385920 0.552264
vt 0.375000 0.552264
vt 0.375000 0.771234
vt 0.375000 0.750000
vt 0.377267 0.754112
vt 0.377267 0.774654
vt 0.385899 0.750000
vt 0.388027 0.754112
vt 0.853766 0.000000
vt 0.875000 0.000000
vt 0.875000 0.072493
vt 0.853936 0.072493
vt 0.625000 0.750000
vt 0.614739 0.749994
vt 0.614635 0.677507
vt 0.625000 0.677507
vt 0.614725 0.000000
vt 0.614654 0.072493
vt 0.385695 1.000000
vt 0.387604 0.995888
vt 0.613433 0.996120
vt 0.614716 0.999999
vt 0.612537 0.253050
vt 0.385920 0.197736
vt 0.612415 0.754112
vt 0.385365 0.677507
vt 0.646064 0.072493
vt 0.146063 0.072493
vt 0.354441 0.197736
vt 0.623465 0.273529
vt 0.625000 0.269376
vt 0.625000 0.480737
vt 0.623338 0.476078
vt 0.612855 0.496660
vt 0.387461 0.496937
vt 0.354658 0.250000
vt 0.376523 0.476386
vt 0.375000 0.479663
vt 0.377267 0.975304
vt 0.375000 0.978765
vt 0.146240 0.000000
vt 0.646234 0.000000
vt 0.622733 0.774661
vt 0.625000 0.771231
vt 0.623325 0.496647
vt 0.612480 0.476091
vt 0.375000 1.000000
vt 0.377267 0.995888
vt 0.625000 0.072493
vt 0.625000 0.000000
vt 0.375000 0.197736
vt 0.623477 0.253050
vt 0.376523 0.496950
vt 0.375000 0.677507
vt 0.125000 0.000000
vt 0.125000 0.072493
vt 0.622733 0.754112
vt 0.387428 0.476372
vt 0.387102 0.273615
vt 0.612532 0.273636
vt 0.386366 0.995888
vt 0.377267 0.990821
vn -0.991435 0.129083 -0.019842
vn -0.908099 0.208739 -0.363021
vn -0.908099 0.208739 -0.363021
vn -0.990444 0.133170 -0.035881
vn -0.908099 0.208739 -0.363021
vn -0.012870 0.270166 -0.962728
vn -0.019577 -0.066879 -0.997569
vn -0.908099 0.208739 -0.363021
vn 0.440855 0.897401 -0.017831
vn 0.255775 0.936104 -0.241432
vn 0.061535 0.996271 -0.060474
vn 0.072872 0.997340 -0.001453
vn -0.275675 -0.961078 -0.018241
vn -0.149976 -0.976007 -0.157851
vn -0.032816 -0.998846 -0.035063
vn -0.045794 -0.998951 -0.000683
vn -0.149976 -0.976007 -0.157851
vn -0.008096 -0.954318 -0.298682
vn -0.000333 -0.998932 -0.046211
vn -0.032816 -0.998846 -0.035063
vn 0.755874 -0.654247 -0.024805
vn 0.660807 -0.684105 -0.308763
vn 0.789972 -0.509471 -0.341150
vn 0.879689 -0.474952 -0.023818
vn 0.660807 -0.684105 -0.308763
vn 0.004080 -0.540876 -0.841092
vn 0.009812 -0.279096 -0.960213
vn 0.789972 -0.509471 -0.341150
vn 0.003991 -0.552285 0.833646
vn 0.245767 -0.698225 0.672370
vn 0.333914 -0.442038 0.832528
vn 0.009873 -0.280241 0.959879
vn 0.245767 -0.698225 0.672370
vn 0.754642 -0.655639 0.025562
vn 0.879342 -0.475599 0.023741
vn 0.333914 -0.442038 0.832528
vn -0.763065 -0.646069 0.018055
vn -0.651515 -0.701800 0.288106
vn -0.789862 -0.514137 0.334337
vn -0.884875 -0.465150 0.025138
vn -0.651515 -0.701800 0.288106
vn -0.005278 -0.552407 0.833558
vn -0.009626 -0.287165 0.957833
vn -0.789862 -0.514137 0.334337
vn -0.450621 0.892424 0.022814
vn -0.254320 0.936181 0.242664
vn -0.057176 0.996747 0.056800
vn -0.075147 0.997172 0.001238
vn -0.254320 0.936181 0.242664
vn -0.014374 0.891060 0.453658
vn -0.000515 0.996892 0.078783
vn -0.057176 0.996747 0.056800
vn 0.991442 0.129030 0.019842
vn 0.908109 0.208690 0.363024
vn 0.908109 0.208690 0.363024
vn 0.990451 0.133116 0.035883
vn 0.908109 0.208690 0.363024
vn 0.012872 0.270166 0.962728
vn 0.019845 -0.065242 0.997672
vn 0.908109 0.208690 0.363024
vn -0.019577 -0.066879 -0.997569
vn -0.012870 0.270166 -0.962728
vn 0.012872 0.270166 -0.962728
vn 0.019869 -0.065121 -0.997680
vn -0.013147 0.906301 -0.422428
vn -0.000472 0.996859 -0.079198
vn 0.000701 0.997539 -0.070107
vn 0.007954 0.904831 -0.425696
vn -0.000333 -0.998932 -0.046211
vn -0.008096 -0.954318 -0.298682
vn 0.005291 -0.953390 -0.301693
vn 0.000409 -0.999147 -0.041299
vn -0.005392 -0.541356 -0.840776
vn -0.009640 -0.285296 -0.958391
vn 0.009812 -0.279096 -0.960213
vn 0.004080 -0.540876 -0.841092
vn -0.000515 0.996892 0.078783
vn -0.014374 0.891060 0.453658
vn 0.014375 0.891060 0.453658
vn 0.000513 0.996907 0.078588
vn -0.012870 0.270166 0.962728
vn -0.019577 -0.066880 0.997569
vn 0.019845 -0.065242 0.997672
vn 0.012872 0.270166 0.962728
vn -0.019577 -0.066879 -0.997569
vn 0.019869 -0.065121 -0.997680
vn 0.009812 -0.279096 -0.960213
vn -0.009640 -0.285296 -0.958391
vn -0.009626 -0.287165 0.957833
vn 0.009873 -0.280241 0.959879
vn 0.019845 -0.065242 0.997672
vn -0.019577 -0.066880 0.997569
vn 0.911361 -0.410805 -0.025684
vn 0.911359 -0.410809 0.025705
vn 0.879342 -0.475599 0.023741
vn 0.879689 -0.474952 -0.023818
vn -0.911268 -0.410974 0.026275
vn -0.911268 -0.410974 -0.026275
vn -0.884873 -0.465154 -0.025135
vn -0.884875 -0.465150 0.025138
vn 0.047901 -0.998852 -0.000567
vn 0.260767 -0.965153 -0.021904
vn 0.255667 -0.966511 0.022162
vn 0.047916 -0.998851 0.000633
vn 0.755874 -0.654247 -0.024805
vn 0.879689 -0.474952 -0.023818
vn 0.879342 -0.475599 0.023741
vn 0.754642 -0.655639 0.025562
vn 0.000422 -0.999164 0.040869
vn 0.005120 -0.957379 0.288788
vn -0.007700 -0.957753 0.287488
vn -0.000312 -0.998945 0.045921
vn 0.003991 -0.552285 0.833646
vn 0.009873 -0.280241 0.959879
vn -0.009626 -0.287165 0.957833
vn -0.005278 -0.552407 0.833558
vn -0.884873 -0.465154 -0.025135
vn -0.763074 -0.646059 -0.018061
vn -0.763065 -0.646069 0.018055
vn -0.884875 -0.465150 0.025138
vn -0.275675 -0.961078 -0.018241
vn -0.045794 -0.998951 -0.000683
vn -0.045804 -0.998950 0.000684
vn -0.275634 -0.961090 0.018244
vn -0.075112 0.997174 -0.001238
vn -0.450621 0.892424 -0.022814
vn -0.450621 0.892424 0.022814
vn -0.075147 0.997172 0.001238
vn -0.991435 0.129083 -0.019842
vn -0.990444 0.133170 -0.035881
vn -0.990444 0.133170 0.035881
vn -0.991435 0.129083 0.019842
vn 0.990451 0.133116 -0.035883
vn 0.991442 0.129030 -0.019842
vn 0.991442 0.129030 0.019842
vn 0.990451 0.133116 0.035883
vn 0.440855 0.897401 -0.017831
vn 0.072872 0.997340 -0.001453
vn 0.076860 0.997041 0.001227
vn 0.437943 0.898735 0.021946
vn 0.032160 -0.998893 0.034332
vn 0.000000 -1.000000 0.000000
vn 0.047916 -0.998851 0.000633
vn 0.061535 0.996271 -0.060474
vn 0.057336 0.996729 0.056958
vn 0.076860 0.997041 0.001227
vn 0.072872 0.997340 -0.001453
vn -0.013147 0.906301 -0.422428
vn -0.144971 0.928695 -0.341333
vn -0.000472 0.996859 -0.079198
vn -0.254319 0.936182 -0.242664
vn -0.355174 0.923760 -0.143244
vn -0.057209 0.996743 -0.056832
vn 0.990451 0.133116 -0.035883
vn 0.908109 0.208690 -0.363024
vn 0.908109 0.208690 -0.363024
vn 0.991442 0.129030 -0.019842
vn 0.908109 0.208690 -0.363024
vn 0.019869 -0.065121 -0.997680
vn 0.012872 0.270166 -0.962728
vn 0.908109 0.208690 -0.363024
vn -0.005392 -0.541356 -0.840776
vn -0.268797 -0.669225 -0.692738
vn -0.338857 -0.437577 -0.832888
vn -0.009640 -0.285296 -0.958391
vn -0.268797 -0.669225 -0.692738
vn -0.763074 -0.646059 -0.018061
vn -0.884873 -0.465154 -0.025135
vn -0.338857 -0.437577 -0.832888
vn 0.047901 -0.998852 -0.000567
vn 0.032761 -0.998854 -0.034895
vn 0.141532 -0.976054 -0.165189
vn 0.260767 -0.965153 -0.021904
vn 0.032761 -0.998854 -0.034895
vn 0.000409 -0.999147 -0.041299
vn 0.005291 -0.953390 -0.301693
vn 0.141532 -0.976054 -0.165189
vn -0.911268 -0.410974 -0.026275
vn -0.827583 -0.442019 -0.346013
vn -0.789894 -0.514083 -0.334345
vn -0.884873 -0.465154 -0.025135
vn -0.827583 -0.442019 -0.346013
vn -0.019577 -0.066879 -0.997569
vn -0.009640 -0.285296 -0.958391
vn -0.789894 -0.514083 -0.334345
vn 0.019869 -0.065121 -0.997680
vn 0.348534 -0.380821 -0.856446
vn 0.334734 -0.437594 -0.834545
vn 0.009812 -0.279096 -0.960213
vn 0.348534 -0.380821 -0.856446
vn 0.911361 -0.410805 -0.025684
vn 0.879689 -0.474952 -0.023818
vn 0.334734 -0.437594 -0.834545
vn 0.000422 -0.999164 0.040869
vn 0.032160 -0.998893 0.034332
vn 0.130624 -0.979497 0.153373
vn 0.005120 -0.957379 0.288788
vn 0.032160 -0.998893 0.034332
vn 0.047916 -0.998851 0.000633
vn 0.255667 -0.966511 0.022162
vn 0.130624 -0.979497 0.153373
vn -0.045804 -0.998950 0.000684
vn -0.032778 -0.998848 0.035058
vn -0.149683 -0.976088 0.157629
vn -0.275634 -0.961090 0.018244
vn -0.032778 -0.998848 0.035058
vn -0.000312 -0.998945 0.045921
vn -0.007700 -0.957753 0.287488
vn -0.149683 -0.976088 0.157629
vn -0.012870 0.270166 0.962728
vn -0.378923 0.277374 0.882882
vn -0.378923 0.277374 0.882882
vn -0.019577 -0.066880 0.997569
vn -0.378923 0.277374 0.882882
vn -0.991435 0.129083 0.019842
vn -0.990444 0.133170 0.035881
vn -0.378923 0.277374 0.882882
vn 0.076860 0.997041 0.001227
vn 0.057336 0.996729 0.056958
vn 0.254328 0.936179 0.242666
vn 0.437943 0.898735 0.021946
vn 0.057336 0.996729 0.056958
vn 0.000513 0.996907 0.078588
vn 0.014375 0.891060 0.453658
vn 0.254328 0.936179 0.242666
vn -0.884875 -0.465150 0.025138
vn -0.789862 -0.514137 0.334337
vn -0.827583 -0.442019 0.346013
vn -0.911268 -0.410974 0.026275
vn -0.789862 -0.514137 0.334337
vn -0.009626 -0.287165 0.957833
vn -0.019577 -0.066880 0.997569
vn -0.827583 -0.442019 0.346013
vn 0.009873 -0.280241 0.959879
vn 0.333914 -0.442038 0.832528
vn 0.348708 -0.380623 0.856463
vn 0.019845 -0.065242 0.997672
vn 0.333914 -0.442038 0.832528
vn 0.879342 -0.475599 0.023741
vn 0.911359 -0.410809 0.025705
vn 0.348708 -0.380623 0.856463
vn 0.255775 0.936104 -0.241432
vn 0.007954 0.904831 -0.425696
vn 0.000701 0.997539 -0.070107
vn 0.061535 0.996271 -0.060474
vn -0.032778 -0.998848 0.035058
vn 0.000000 -1.000000 0.000000
vn -0.000312 -0.998945 0.045921
vn -0.045794 -0.998951 -0.000683
vn 0.000000 -1.000000 0.000000
vn 0.000000 -1.000000 0.000000
vn -0.045804 -0.998950 0.000684
vn 0.047916 -0.998851 0.000633
vn 0.000000 -1.000000 0.000000
vn 0.000000 -1.000000 0.000000
vn 0.047901 -0.998852 -0.000567
vn -0.000312 -0.998945 0.045921
vn 0.000000 -1.000000 0.000000
vn 0.000000 -1.000000 0.000000
vn 0.000422 -0.999164 0.040869
vn -0.045794 -0.998951 -0.000683
vn -0.032816 -0.998846 -0.035063
vn 0.000000 -1.000000 0.000000
vn 0.000409 -0.999147 -0.041299
vn 0.000000 -1.000000 0.000000
vn 0.000000 -1.000000 0.000000
vn -0.000333 -0.998932 -0.046211
vn 0.032761 -0.998854 -0.034895
vn 0.000000 -1.000000 0.000000
vn 0.000409 -0.999147 -0.041299
vn 0.000422 -0.999164 0.040869
vn 0.000000 -1.000000 0.000000
vn 0.032160 -0.998893 0.034332
vn 0.047901 -0.998852 -0.000567
vn 0.000000 -1.000000 0.000000
vn 0.032761 -0.998854 -0.034895
vn -0.045804 -0.998950 0.000684
vn 0.000000 -1.000000 0.000000
vn -0.032778 -0.998848 0.035058
vn 0.000000 -1.000000 0.000000
vn -0.032816 -0.998846 -0.035063
vn -0.000333 -0.998932 -0.046211
vn 0.000513 0.996907 0.078588
vn 0.000701 0.997539 -0.070107
vn -0.000472 0.996859 -0.079198
vn -0.000001 1.000000 -0.000000
vn -0.000515 0.996892 0.078783
vn -0.254319 0.936182 -0.242664
vn -0.057209 0.996743 -0.056832
vn -0.057209 0.996743 -0.056832
vn -0.000000 1.000000 -0.000000
vn -0.057176 0.996747 0.056800
vn -0.450621 0.892424 -0.022814
vn -0.075112 0.997174 -0.001238
vn -0.075112 0.997174 -0.001238
vn -0.075147 0.997172 0.001238
s off
g S_U_05 TRIM Roof_01
usemtl blinn1SG
f 407/433/877 406/434/878 409/435/879 408/436/880
f 406/434/881 405/437/882 410/438/883 409/435/884
f 416/439/885 415/440/886 421/441/887 420/442/888
f 425/443/889 424/444/890 428/445/891 427/446/892
f 424/444/893 423/447/894 426/448/895 428/445/896
f 434/449/897 433/450/898 439/451/899 438/452/900
f 433/450/901 432/453/902 440/454/903 439/451/904
f 446/455/905 445/456/906 448/457/907 447/458/908
f 445/459/909 444/460/910 449/461/911 448/462/912
f 455/463/913 454/464/914 457/465/915 456/466/916
f 454/467/917 453/468/918 458/469/919 457/470/920
f 461/471/921 460/472/922 464/473/923 463/474/924
f 460/472/925 459/475/926 462/476/927 464/473/928
f 470/477/929 469/478/930 475/479/931 474/480/932
f 469/481/933 468/482/934 476/483/935 475/484/936
f 410/438/937 405/437/938 414/485/939 411/486/940
f 405/487/941 417/488/942 422/489/943 414/490/944
f 426/448/945 423/447/946 432/453/947 430/491/948
f 423/447/949 435/492/950 440/454/951 432/453/952
f 462/476/953 459/475/954 468/482/955 465/493/956
f 459/475/957 471/494/958 476/483/959 468/482/960
f 410/438/961 411/486/962 440/454/963 435/492/964
f 458/469/965 447/458/966 476/483/967 471/494/968
f 413/495/969 474/480/970 449/461/971 438/452/972
f 473/496/973 408/436/974 437/497/975 456/466/976
f 429/498/977 434/499/978 444/500/979 442/501/980
f 434/449/981 438/452/982 449/461/983 444/460/984
f 441/502/985 446/455/986 453/468/987 450/503/988
f 446/455/989 447/458/990 458/469/991 453/468/992
f 437/497/993 425/504/994 455/463/995 456/466/996
f 425/443/997 427/446/998 452/505/999 455/506/1000
f 419/507/1001 407/508/1002 461/471/1003 463/474/1004
f 407/433/1005 408/436/1006 473/496/1007 461/509/1008
f 413/495/1009 416/510/1010 470/477/1011 474/480/1012
f 416/439/1013 420/442/1014 467/511/1015 470/512/1016
f 443/513/1017 478/514/1018 442/501/1019
s 1
f 421/441/1020 466/525/1021 467/511/1022 420/442/1023
s 2
f 405/487/1024 481/529/1025 417/488/1026
s 3
f 406/515/1027 482/530/1028 418/516/1029
s off
f 413/495/1030 412/517/1031 415/518/1032 416/510/1033
f 412/517/1034 411/486/1035 414/485/1036 415/518/1037
f 423/447/1038 424/444/1039 436/519/1040 435/492/1041
f 424/444/1042 425/504/1043 437/497/1044 436/519/1045
f 429/498/1046 431/520/1047 433/450/1048 434/499/1049
f 431/520/1050 430/491/1051 432/453/1052 433/450/1053
f 408/436/1054 409/435/1055 436/519/1056 437/497/1057
f 409/435/1058 410/438/1059 435/492/1060 436/519/1061
f 411/486/1062 412/517/1063 439/451/1064 440/454/1065
f 412/517/1066 413/495/1067 438/452/1068 439/451/1069
f 441/502/1070 443/513/1071 445/456/1072 446/455/1073
f 443/513/1074 442/501/1075 444/500/1076 445/456/1077
f 452/505/1078 451/521/1079 454/467/1080 455/506/1081
f 451/521/1082 450/503/1083 453/468/1084 454/467/1085
f 459/475/1086 460/472/1087 472/522/1088 471/494/1089
f 460/523/1090 461/509/1091 473/496/1092 472/524/1093
f 467/511/1094 466/525/1095 469/481/1096 470/512/1097
f 466/525/1098 465/493/1099 468/482/1100 469/481/1101
f 456/466/1102 457/465/1103 472/524/1104 473/496/1105
f 457/470/1106 458/469/1107 471/494/1108 472/522/1109
f 447/458/1110 448/457/1111 475/484/1112 476/483/1113
f 448/462/1114 449/461/1115 474/480/1116 475/479/1117
f 415/440/1118 414/490/1119 422/489/1120 421/441/1121
f 451/521/1122 477/526/1123 450/503/1124
f 427/446/1125 479/527/1126 477/526/1127 452/505/1128
f 442/501/1129 478/514/1130 480/528/1131 429/498/1132
f 450/503/1133 477/526/1134 478/514/1135 441/502/1136
f 427/446/1137 428/445/1138 479/527/1139
f 430/491/1140 480/528/1141 479/527/1142 426/448/1143
f 431/520/1144 480/528/1145 430/491/1146
f 441/502/1147 478/514/1148 443/513/1149
f 429/498/1150 480/528/1151 431/520/1152
f 452/505/1153 477/526/1154 451/521/1155
f 479/527/1156 428/445/1157 426/448/1158
s 1
f 465/493/1159 422/489/1160 417/488/1161 481/529/1162 462/476/1163
f 421/441/1020 422/489/1160 465/493/1159 466/525/1021
s 2
f 405/487/1024 406/515/1164 418/516/1165 481/529/1025
s 1
f 462/476/1163 481/529/1162 418/516/1166 482/530/1167 464/473/1168
s 3
f 406/515/1027 407/508/1169 419/507/1170 482/530/1028
s 1
f 464/473/1168 482/530/1167 419/507/1171 463/474/1172
g default
v -448.709229 45.351288 340.957947
v 479.952515 52.927658 340.957947
v -458.319427 161.435318 340.957947
v -458.319427 314.351440 340.957947
v 479.951843 344.061218 340.957947
v 156.453690 278.425446 338.689087
v 145.101151 305.432892 338.689087
v 117.693596 316.619751 338.689087
v 123.252380 322.097382 340.957947
v 150.659882 310.910553 340.957947
v 162.012482 283.903107 340.957947
v 148.675476 159.165649 338.689087
v 154.175568 161.410583 338.689087
v 156.453735 166.830353 338.689087
v 162.012527 161.352753 340.957947
v 159.734360 155.932953 340.957947
v 154.234268 153.688019 340.957947
v -454.292358 155.933731 340.957947
v -448.792236 153.688797 340.957947
v -443.233490 159.166428 338.689087
v -448.733551 161.411362 338.689087
v -451.011749 166.831131 338.689087
v -448.792267 322.097961 340.957947
v -454.292389 319.853027 340.957947
v -451.011780 308.955627 338.689087
v -448.733582 314.375427 338.689087
v -443.233490 316.620361 338.689087
v 485.562317 39.824764 -346.314209
v 480.126587 37.606091 -346.314209
v 480.126587 39.824764 -351.670532
v 480.126587 45.181118 -353.889221
v 485.562317 45.181118 -351.670532
v 487.813934 45.181118 -346.314209
v 485.561401 357.164124 -346.314209
v 487.813080 351.807800 -346.314209
v 485.561462 351.807800 -351.670532
v 480.125793 351.807739 -353.889221
v 480.125732 357.164124 -351.670532
v 480.125732 359.382751 -346.314209
v -463.929230 39.823425 -346.314209
v -466.180786 45.179779 -346.314209
v -463.929230 45.179779 -351.670532
v -458.493530 45.179779 -353.889221
v -458.493530 39.823425 -351.670532
v -458.493530 37.604752 -346.314209
v -463.929230 357.162170 -346.314148
v -458.493500 359.380859 -346.314148
v -458.493500 357.162170 -351.670532
v -458.493500 351.805786 -353.889221
v -463.929230 351.805786 -351.670532
v -466.180725 351.805786 -346.314148
v -463.878265 47.448685 338.689087
v -461.626678 42.092331 338.689087
v -456.190979 39.873657 338.689087
v -466.180786 45.179779 333.211426
v -463.929230 39.823425 333.211426
v -458.493530 37.604752 333.211426
v -458.319458 52.926315 340.957947
v -456.067932 47.569962 340.957947
v -463.878204 349.536865 338.689026
v -461.626678 354.893250 338.689026
v -456.190979 357.111938 338.689026
v -450.632172 351.634277 340.957947
v -456.067902 349.415649 340.957947
v -458.319427 344.059326 340.957947
v -466.180725 351.805786 333.211426
v -463.929230 357.162170 333.211426
v -458.493500 359.380859 333.211426
v 485.510559 349.538879 338.689026
v 483.258972 354.895203 338.689026
v 477.823303 357.113831 338.689026
v 487.813080 351.807800 333.211426
v 485.561401 357.164124 333.211426
v 480.125732 359.382751 333.211426
v 472.264587 351.636169 340.957947
v 477.700256 349.417542 340.957947
v 480.126587 37.606091 333.211426
v 485.562317 39.824764 333.211426
v 487.813934 45.181118 333.211426
v 477.824097 39.874996 338.689087
v 483.259827 42.093670 338.689087
v 485.511353 47.450024 338.689087
v 477.701050 47.571308 340.957947
v 479.952515 52.927662 340.957947
v 472.265320 45.352627 340.957947
v 484.563354 40.809200 -350.686096
v 484.562408 356.179626 -350.686096
v -462.930237 40.807861 -350.686096
v -462.930206 356.177734 -350.686096
vt -0.891170 0.006995
vt 1.893985 0.007500
vt 1.889070 0.025037
vt -0.885802 0.024618
vt 1.873224 0.042642
vt -0.864065 0.042289
vt -0.894066 0.974935
vt -0.877963 0.957310
vt 1.879645 0.957858
vt 1.895432 0.975463
vt 1.900140 0.993005
vt -0.899408 0.992512
vt -0.927936 0.029812
vt -0.911080 0.041395
vt -0.922137 0.954650
vt -0.939463 0.965448
vt -0.893416 0.061106
vt -0.897666 0.387701
vt 1.922002 0.955209
vt 1.917373 0.047666
vt 1.934399 0.036689
vt 1.939462 0.965057
vt 0.820178 0.851976
vt 0.902031 0.818675
vt 0.917912 0.836188
vt 0.837123 0.869604
vt 0.935944 0.738571
vt 0.953638 0.755865
vt 0.936371 0.407273
vt 0.930075 0.391128
vt -0.840316 0.045531
vt 1.464901 0.031641
vt -0.842689 0.029168
vt 1.464898 0.048313
vt -0.464736 0.047967
vt 0.947319 0.373845
vt -0.464734 0.031295
vt 1.464895 0.064813
vt 0.954636 0.390151
vt 0.913526 0.384596
vt -0.464745 0.064472
vt -0.464742 0.047972
vt 1.464898 0.048306
vt -0.464740 0.064467
vt 1.464738 0.935534
vt 1.464736 0.952033
vt 0.930471 0.367104
vt -0.464898 0.951687
vt -0.464895 0.935188
vt -0.852461 0.382201
vt 1.840224 0.045883
vt -0.839725 0.062060
vt 1.839643 0.062405
vt 1.464896 0.064806
vt -0.464739 0.031300
vt 1.464901 0.031634
vt -0.868830 0.364556
vt 1.839839 0.954439
vt 1.842594 0.029491
vt 1.842204 0.970833
vt -0.875687 0.405854
vt -0.842587 0.970281
vt -0.840211 0.953919
vt 1.839267 0.937909
vt -0.880628 0.832206
vt -0.903294 0.849148
vt -0.874628 0.869832
vt -0.858173 0.852229
vt -0.885418 0.370205
vt -0.868897 0.388852
vt -0.891385 0.865772
vt -0.874313 0.847430
vt -0.464895 0.935194
vt -0.912179 0.969841
vt -0.895699 0.952439
vt -0.903193 0.936942
vt -0.902555 0.027666
vt -0.886403 0.045634
vt -0.909972 0.012186
vt -0.920291 0.984954
vt 1.912756 0.970495
vt 1.897157 0.951595
vt 1.904357 0.935904
vt 1.920990 0.985358
vt 1.464745 0.935528
vt -0.839618 0.937397
vt -0.856319 0.938007
vt -0.856408 0.061445
vt -0.464901 0.968366
vt -0.464898 0.951694
vt 1.915920 0.016279
vt 1.907486 0.031222
vt 1.891111 0.048229
vt 1.899774 0.063043
vt 1.464742 0.952027
vt 1.464740 0.968700
vt -0.872749 0.940468
vt 1.899774 0.063043
vt 1.464732 0.968705
vt -0.464901 0.968359
vt -0.872754 0.059003
vt 1.856324 0.061797
vt 1.855970 0.938527
vt 1.872754 0.059338
vt 1.872315 0.940970
vt -0.861528 0.040438
vt -0.853091 0.048847
vt 1.852633 0.951133
vt 1.861071 0.959543
vt 1.853016 0.049190
vt -0.861449 0.959023
vt -0.853008 0.950605
vt 1.861456 0.040768
vn 0.000001 -0.923881 0.382681
vn 0.000001 -0.923881 0.382681
vn 0.000001 -0.923881 0.382681
vn 0.000001 -0.923881 0.382681
vn 0.000001 -0.382676 0.923882
vn 0.000001 -0.382676 0.923882
vn 0.000001 -0.382676 0.923882
vn 0.000001 -0.382676 0.923882
vn -0.000001 0.382684 0.923879
vn -0.000001 0.382684 0.923879
vn -0.000001 0.382684 0.923879
vn -0.000001 0.382684 0.923879
vn -0.000002 0.923877 0.382689
vn -0.000002 0.923877 0.382689
vn -0.000002 0.923877 0.382689
vn -0.000002 0.923877 0.382689
vn -0.921868 0.000000 0.387505
vn -0.921868 0.000000 0.387505
vn -0.921868 0.000000 0.387505
vn -0.921868 0.000000 0.387505
vn -0.377896 0.000000 0.925848
vn -0.377896 0.000000 0.925848
vn -0.377896 0.000000 0.925848
vn 0.921866 0.000003 0.387510
vn 0.921866 0.000003 0.387510
vn 0.921866 0.000003 0.387510
vn 0.921866 0.000003 0.387510
vn -0.113979 -0.279247 0.953431
vn -0.113979 -0.279247 0.953431
vn -0.113979 -0.279247 0.953431
vn -0.113979 -0.279247 0.953431
vn -0.275429 -0.115776 0.954324
vn -0.275429 -0.115776 0.954324
vn -0.275429 -0.115776 0.954324
vn -0.275429 -0.115776 0.954324
vn -0.275430 0.115775 0.954324
vn -0.275430 0.115775 0.954324
vn -0.275430 0.115775 0.954324
vn -0.275430 0.115775 0.954324
vn -0.113977 0.279248 0.953430
vn -0.113977 0.279248 0.953430
vn -0.113977 0.279248 0.953430
vn -0.113977 0.279248 0.953430
vn 0.000001 0.382677 0.923882
vn 0.000001 0.382677 0.923882
vn 0.000001 0.382677 0.923882
vn 0.000001 0.382677 0.923882
vn 0.296514 0.000000 0.955028
vn 0.296514 0.000000 0.955028
vn 0.296514 0.000000 0.955028
vn 0.296514 0.000000 0.955028
vn -0.377891 -0.000000 0.925850
vn -0.377891 -0.000000 0.925850
vn -0.377891 -0.000000 0.925850
vn -0.377891 -0.000000 0.925850
vn -0.000000 -0.382678 0.923882
vn -0.000000 -0.382678 0.923882
vn -0.000000 -0.382678 0.923882
vn -0.000000 -0.382678 0.923882
vn 0.228622 0.131992 0.964526
vn 0.228622 0.131992 0.964526
vn 0.228622 0.131992 0.964526
vn 0.228622 0.131992 0.964526
vn 0.113980 0.279246 0.953431
vn 0.113980 0.279245 0.953431
vn 0.113980 0.279246 0.953431
vn 0.113980 0.279245 0.953431
vn 0.113977 -0.279248 0.953430
vn 0.113977 -0.279248 0.953431
vn 0.113977 -0.279248 0.953431
vn 0.113977 -0.279248 0.953431
vn 0.228625 -0.131991 0.964525
vn 0.228625 -0.131991 0.964525
vn 0.228625 -0.131991 0.964525
vn 0.228625 -0.131991 0.964525
vn 0.000000 0.000000 1.000000
vn 0.000000 0.000000 1.000000
vn 0.000000 0.000000 1.000000
vn 0.000000 0.000000 1.000000
vn 0.000001 -0.923879 -0.382685
vn 0.000001 -0.923879 -0.382685
vn 0.000001 -0.923879 -0.382685
vn 0.000001 -0.923879 -0.382685
vn 0.000001 -0.382686 -0.923879
vn 0.000001 -0.382686 -0.923879
vn 0.000001 -0.382686 -0.923879
vn 0.000001 -0.382686 -0.923879
vn 0.377898 -0.925847 0.000000
vn 0.377898 -0.925847 0.000000
vn 0.377898 -0.925847 0.000000
vn 0.377898 -0.925847 0.000000
vn 0.921862 -0.387518 0.000000
vn 0.921862 -0.387518 0.000000
vn 0.921862 -0.387518 0.000000
vn 0.921862 -0.387518 0.000000
vn -0.000002 0.923881 -0.382680
vn -0.000002 0.923881 -0.382680
vn -0.000002 0.923881 -0.382680
vn -0.000002 0.923881 -0.382680
vn -0.000001 0.382680 -0.923881
vn -0.000001 0.382680 -0.923881
vn -0.000001 0.382680 -0.923881
vn -0.000001 0.382680 -0.923881
vn 0.921856 0.387533 0.000000
vn 0.921856 0.387533 0.000000
vn 0.921856 0.387533 0.000000
vn 0.921856 0.387533 0.000000
vn 0.377897 0.925848 0.000000
vn 0.377897 0.925848 0.000000
vn 0.377897 0.925848 0.000000
vn 0.377897 0.925848 0.000000
vn 0.377900 0.000001 -0.925846
vn 0.377900 0.000001 -0.925846
vn 0.377900 0.000001 -0.925846
vn 0.377900 0.000001 -0.925846
vn 0.921862 0.000003 -0.387518
vn 0.921862 0.000003 -0.387518
vn 0.921862 0.000003 -0.387518
vn 0.921862 0.000003 -0.387518
vn -0.921868 -0.387504 0.000000
vn -0.921868 -0.387504 0.000000
vn -0.921868 -0.387504 0.000000
vn -0.921868 -0.387504 0.000000
vn -0.377898 -0.925847 0.000000
vn -0.377898 -0.925847 0.000000
vn -0.377898 -0.925847 0.000000
vn -0.377898 -0.925847 0.000000
vn -0.377904 0.000000 -0.925845
vn -0.377904 0.000000 -0.925845
vn -0.377904 0.000000 -0.925845
vn -0.377904 0.000000 -0.925845
vn -0.921867 0.000000 -0.387506
vn -0.921867 0.000000 -0.387506
vn -0.921867 0.000000 -0.387506
vn -0.921867 0.000000 -0.387506
vn -0.113978 0.279255 0.953429
vn -0.113978 0.279255 0.953428
vn -0.113978 0.279255 0.953428
vn -0.113978 0.279255 0.953428
vn -0.275439 0.115779 0.954321
vn -0.275439 0.115779 0.954321
vn -0.275439 0.115779 0.954321
vn -0.275439 0.115779 0.954321
vn 0.000000 0.000000 -1.000000
vn 0.000000 0.000000 -1.000000
vn 0.000000 0.000000 -1.000000
vn 0.000000 0.000000 -1.000000
vn -1.000000 0.000000 0.000000
vn -1.000000 0.000000 0.000000
vn -1.000000 0.000000 0.000000
vn -1.000000 0.000000 0.000000
vn 1.000000 0.000003 0.000000
vn 1.000000 0.000003 0.000000
vn 1.000000 0.000003 0.000000
vn 1.000000 0.000003 0.000000
vn -0.275429 -0.115778 0.954324
vn -0.275429 -0.115778 0.954324
vn -0.275429 -0.115778 0.954324
vn -0.275429 -0.115778 0.954324
vn -0.097112 -0.280001 0.955075
vn -0.097112 -0.280001 0.955075
vn -0.097112 -0.280001 0.955075
vn -0.097112 -0.280001 0.955075
vn -0.332188 -0.813860 0.476743
vn -0.332188 -0.813860 0.476743
vn -0.332188 -0.813860 0.476743
vn -0.332188 -0.813860 0.476743
vn -0.808431 -0.339824 0.480583
vn -0.808431 -0.339824 0.480583
vn -0.808431 -0.339824 0.480583
vn -0.808431 -0.339824 0.480583
vn -0.808430 0.339821 0.480586
vn -0.808430 0.339821 0.480586
vn -0.808430 0.339821 0.480586
vn -0.808430 0.339821 0.480586
vn -0.332190 0.813857 0.476746
vn -0.332190 0.813857 0.476746
vn -0.332190 0.813857 0.476746
vn -0.332190 0.813857 0.476746
vn -0.377900 0.925846 0.000000
vn -0.377900 0.925846 0.000000
vn -0.377900 0.925846 0.000000
vn -0.377900 0.925846 0.000000
vn -0.921872 0.387495 0.000000
vn -0.921872 0.387495 0.000000
vn -0.921872 0.387495 0.000000
vn -0.921872 0.387495 0.000000
vn 0.275435 0.115782 0.954322
vn 0.275435 0.115781 0.954322
vn 0.275435 0.115782 0.954322
vn 0.275435 0.115781 0.954322
vn 0.113979 0.279255 0.953428
vn 0.113979 0.279255 0.953428
vn 0.113979 0.279255 0.953428
vn 0.113979 0.279255 0.953428
vn 0.332186 0.813859 0.476746
vn 0.332186 0.813859 0.476746
vn 0.332186 0.813859 0.476746
vn 0.332186 0.813859 0.476746
vn 0.808426 0.339836 0.480582
vn 0.808426 0.339836 0.480582
vn 0.808426 0.339836 0.480582
vn 0.808426 0.339836 0.480582
vn 0.332188 -0.813860 0.476742
vn 0.332188 -0.813860 0.476742
vn 0.332188 -0.813860 0.476742
vn 0.332188 -0.813860 0.476742
vn 0.808429 -0.339830 0.480582
vn 0.808429 -0.339830 0.480582
vn 0.808429 -0.339830 0.480582
vn 0.808429 -0.339830 0.480582
vn 0.113981 -0.279250 0.953430
vn 0.113981 -0.279249 0.953430
vn 0.113981 -0.279249 0.953430
vn 0.113981 -0.279250 0.953430
vn 0.275430 -0.115773 0.954324
vn 0.275430 -0.115773 0.954324
vn 0.275430 -0.115773 0.954324
vn 0.275430 -0.115773 0.954324
vn 0.885126 -0.329054 -0.329052
vn 0.885126 -0.329054 -0.329052
vn 0.885126 -0.329054 -0.329052
vn 0.885126 -0.329054 -0.329052
vn 0.321012 -0.889283 -0.325771
vn 0.321012 -0.889283 -0.325771
vn 0.321012 -0.889283 -0.325771
vn 0.321012 -0.889283 -0.325771
vn 0.321008 -0.325767 -0.889286
vn 0.321008 -0.325767 -0.889286
vn 0.321008 -0.325767 -0.889286
vn 0.321008 -0.325767 -0.889286
vn 0.321018 0.889281 -0.325772
vn 0.321018 0.889281 -0.325772
vn 0.321018 0.889281 -0.325772
vn 0.321018 0.889281 -0.325772
vn 0.885121 0.329063 -0.329058
vn 0.885121 0.329063 -0.329058
vn 0.885121 0.329063 -0.329058
vn 0.885121 0.329063 -0.329058
vn 0.321021 0.325772 -0.889280
vn 0.321021 0.325772 -0.889280
vn 0.321021 0.325772 -0.889280
vn 0.321021 0.325772 -0.889280
vn -0.321012 -0.889284 -0.325770
vn -0.321012 -0.889284 -0.325770
vn -0.321012 -0.889284 -0.325770
vn -0.321012 -0.889284 -0.325770
vn -0.885130 -0.329043 -0.329052
vn -0.885130 -0.329043 -0.329052
vn -0.885130 -0.329043 -0.329052
vn -0.885130 -0.329043 -0.329052
vn -0.321009 -0.325770 -0.889285
vn -0.321009 -0.325770 -0.889285
vn -0.321009 -0.325770 -0.889285
vn -0.321009 -0.325770 -0.889285
vn -0.885130 0.329048 -0.329046
vn -0.885130 0.329048 -0.329046
vn -0.885130 0.329048 -0.329046
vn -0.885131 0.329048 -0.329046
vn -0.321014 0.889284 -0.325766
vn -0.321015 0.889284 -0.325766
vn -0.321014 0.889284 -0.325766
vn -0.321014 0.889284 -0.325766
vn -0.321017 0.325769 -0.889282
vn -0.321017 0.325769 -0.889282
vn -0.321017 0.325769 -0.889282
vn -0.321017 0.325769 -0.889282
vn 0.000004 0.000000 1.000000
vn 0.000004 0.000000 1.000000
vn 0.000004 0.000000 1.000000
vn 0.000004 0.000000 1.000000
vn -0.000002 0.000000 1.000000
vn -0.000002 0.000000 1.000000
vn -0.000002 0.000000 1.000000
vn -0.000002 0.000000 1.000000
vn 0.000000 0.000000 -1.000000
vn 0.000000 0.000000 -1.000000
vn 0.000000 0.000000 -1.000000
vn -0.000003 0.000000 1.000000
vn -0.000003 0.000000 1.000000
vn -0.000003 0.000000 1.000000
vn -0.000003 0.000000 1.000000
vn 0.000008 0.000000 1.000000
vn 0.000008 0.000000 1.000000
vn 0.000008 0.000000 1.000000
vn 0.000008 0.000000 1.000000
vn -0.377898 0.000000 0.925847
vn -0.377898 0.000000 0.925847
vn -0.377898 0.000000 0.925847
vn -0.377897 0.000000 0.925848
vn -0.377897 0.000000 0.925848
vn -0.377897 0.000000 0.925848
vn -0.377897 0.000000 0.925848
vn -0.000000 0.000000 1.000000
vn -0.000000 0.000000 1.000000
vn -0.000000 0.000000 1.000000
vn -0.000000 0.000000 1.000000
vn -0.000000 0.000000 1.000000
vn -0.000000 0.000000 1.000000
vn -0.000000 0.000000 1.000000
vn -0.000000 0.000000 1.000000
vn 0.000000 0.000000 1.000000
vn 0.000000 0.000000 1.000000
vn 0.000000 0.000000 1.000000
vn 0.000000 0.000000 1.000000
vn 0.000000 0.000000 1.000000
vn 0.000000 0.000000 1.000000
vn 0.000000 0.000000 1.000000
vn 0.000000 0.000000 1.000000
vn 0.000000 0.000000 1.000000
vn 0.000000 0.000000 1.000000
vn 0.000000 0.000000 1.000000
vn 0.000000 0.000000 1.000000
vn -0.000000 0.000000 1.000000
vn -0.000000 0.000000 1.000000
vn -0.000000 0.000000 1.000000
vn -0.000000 0.000000 1.000000
vn 0.000000 0.000000 0.000000
vn 0.377893 0.000001 0.925849
vn 0.377893 0.000001 0.925849
vn 0.377893 0.000001 0.925849
vn 0.377893 0.000001 0.925849
s off
g S_U_05 TRIM Unit_Base_01
usemtl TsL10_Network:TsL10SG
f 539/531/1173 559/532/1174 562/533/1175 536/534/1176
f 562/533/1177 567/535/1178 483/536/1179 536/534/1180
f 544/537/1181 545/538/1182 557/539/1183 553/540/1184
f 556/541/1185 550/542/1186 544/537/1187 553/540/1188
f 537/543/1189 534/544/1190 542/545/1191 548/546/1192
f 534/544/1193 540/547/1194 485/548/1195
f 551/549/1196 564/550/1197 561/551/1198 554/552/1199
f 490/553/1200 489/554/1201 492/555/1202 491/556/1203
f 489/554/1204 488/557/1205 493/558/1206 492/555/1207
f 496/559/1208 495/560/1209 498/566/1210 497/569/1211
f 495/560/1212 494/570/1213 499/577/1214 498/566/1215
f 499/577/1216 494/570/1217 502/580/1218 501/587/1219
f 485/548/1220 504/591/1221 507/595/1222 486/596/1223
f 496/559/1224 497/569/1225 493/558/1226 488/557/1227
f 490/553/1228 491/556/1229 505/597/1230 509/598/1231
f 485/548/1232 500/599/1233 503/600/1234 504/591/1235
f 500/599/1236 501/587/1237 502/580/1238 503/600/1239
f 505/597/1240 506/601/1241 508/602/1242 509/598/1243
f 506/601/1244 486/596/1245 507/595/1246 508/602/1247
f 491/556/1248 557/539/1249 545/538/1250 505/597/1251
f 526/581/1252 512/561/1253 511/563/1254 527/589/1255
f 513/582/1256 512/561/1257 526/581/1258 525/583/1259
f 511/562/1260 510/564/1261 560/565/1262 559/567/1263
f 510/564/1264 515/568/1265 561/574/1266 560/565/1267
f 530/588/1268 529/590/1269 521/592/1270 520/593/1271
f 531/594/1272 530/588/1273 520/593/1274 519/616/1275
f 517/575/1276 516/576/1277 555/578/1278 554/579/1279
f 516/576/1280 521/629/1281 556/630/1282 555/578/1283
f 519/616/1284 518/617/1285 514/618/1286 513/582/1287
f 518/617/1288 517/627/1289 515/631/1290 514/618/1291
f 523/571/1292 522/572/1293 538/573/1294 537/584/1295
f 522/572/1296 527/585/1297 539/586/1298 538/573/1299
f 531/594/1300 525/583/1301 524/632/1302 532/633/1303
f 524/632/1304 523/634/1305 533/635/1306 532/633/1307
f 544/537/1308 543/604/1309 546/605/1310 545/538/1311
f 543/604/1312 542/545/1313 547/606/1314 546/605/1315
f 531/594/1316 519/616/1317 513/582/1318 525/583/1319
f 537/584/1320 548/615/1321 533/603/1322 523/571/1323
f 515/568/1324 517/575/1325 554/579/1326 561/574/1327
f 534/544/1328 535/607/1329 541/608/1330 540/547/1331
f 535/607/1332 536/534/1333 483/536/1334 541/608/1335
f 536/534/1336 535/607/1337 538/609/1338 539/531/1339
f 535/607/1340 534/544/1341 537/543/1342 538/609/1343
f 542/545/1344 543/604/1345 549/610/1346 548/546/1347
f 543/604/1348 544/537/1349 550/542/1350 549/610/1351
f 529/619/1352 528/620/1353 549/625/1354 550/626/1355
f 528/620/1356 533/603/1357 548/615/1358 549/625/1359
f 551/549/1360 552/611/1361 558/612/1362 487/613/1363
f 552/611/1364 553/540/1365 557/539/1366 558/612/1367
f 553/540/1368 552/611/1369 555/614/1370 556/541/1371
f 552/611/1372 551/549/1373 554/552/1374 555/614/1375
f 559/532/1376 560/621/1377 563/622/1378 562/533/1379
f 560/621/1380 561/551/1381 564/550/1382 563/622/1383
f 562/533/1384 563/622/1385 565/623/1386 567/535/1387
f 563/622/1388 564/550/1389 566/624/1390 565/623/1391
f 514/618/1392 515/631/1393 510/636/1394 568/637/1395
f 510/636/1396 511/563/1397 512/561/1398 568/637/1399
f 512/561/1400 513/582/1401 514/618/1402 568/637/1403
f 520/593/1404 521/592/1405 516/641/1406 569/642/1407
f 516/641/1408 517/627/1409 518/617/1410 569/642/1411
f 518/617/1412 519/616/1413 520/593/1414 569/642/1415
f 526/581/1416 527/589/1417 522/643/1418 570/640/1419
f 522/643/1420 523/634/1421 524/632/1422 570/640/1423
f 524/632/1424 525/583/1425 526/581/1426 570/640/1427
f 532/633/1428 533/635/1429 528/639/1430 571/638/1431
f 528/639/1432 529/590/1433 530/588/1434 571/638/1435
f 530/588/1436 531/594/1437 532/633/1438 571/638/1439
f 505/597/1440 545/538/1441 546/605/1442 506/601/1443
f 506/601/1444 546/605/1445 547/606/1446 486/596/1447
f 565/623/1448 566/624/1449 484/628/1450
f 500/599/1451 541/608/1452 483/536/1453 501/587/1454
f 485/548/1455 540/547/1456 541/608/1457 500/599/1458
f 542/545/1459 486/596/1460 547/606/1461
f 534/544/1462 485/548/1463 486/596/1464 542/545/1465
f 492/555/1466 558/612/1467 557/539/1468 491/556/1469
f 493/558/1470 487/613/1471 558/612/1472 492/555/1473
f 497/569/1474 484/628/1475 487/613/1476 493/558/1477
f 497/569/1478 498/566/1479 565/623/1480 484/628/1481
f 567/535/1482 499/577/1483 501/587/1484 483/536/1485
f 565/623/1486 498/566/1487 499/577/1488 567/535/1489
f 484/628/1490 566/624/1491 564/550/1492 551/549/1493 487/613/1494
g default
v -472.791077 37.604092 -393.780487
v -473.683777 36.628368 -397.064697
v -475.485901 34.162693 -399.362305
v 475.482849 34.160213 -399.365662
v 473.680115 36.628918 -397.065918
v 472.793274 37.606106 -393.779663
v 519.925842 37.762768 -351.620850
v 523.283569 36.924953 -352.291443
v 525.882812 34.726910 -353.425720
v 525.886475 34.726803 353.409607
v 523.287292 36.925388 352.273010
v 519.929321 37.763454 351.603943
v -497.643494 0.000000 -407.317261
v -496.891052 2.828255 -410.705444
v -494.557343 6.600445 -411.253113
v 497.550293 0.001328 -406.645996
v 496.946777 2.706238 -410.534058
v 494.810120 6.248005 -411.374207
v 472.791077 37.605404 393.780457
v 473.683777 36.629681 397.064758
v 475.485840 34.164005 399.362366
v -475.482819 34.158855 399.365601
v -473.680206 36.627575 397.065918
v -472.793365 37.604763 393.779663
v 497.643555 0.001328 407.317200
v 496.891113 2.829563 410.705383
v 494.557434 6.601753 411.252991
v -497.550293 0.000000 406.645996
v -496.946808 2.704903 410.533997
v -494.810120 6.246666 411.374207
v 540.196777 0.002979 -367.939575
v 543.592346 3.203732 -367.620239
v 543.679443 7.072609 -366.174622
v 539.969055 0.002979 367.943909
v 543.518311 3.195553 367.651794
v 543.680725 7.067989 366.212646
v -525.886536 34.723858 -353.409607
v -523.287231 36.922436 -352.273071
v -519.929138 37.760494 -351.603943
v -519.925842 37.759777 351.620789
v -523.283569 36.921963 352.291382
v -525.882812 34.723904 353.425659
v -539.969055 0.000004 -367.943970
v -543.518372 3.192554 -367.651917
v -543.680664 7.064987 -366.212799
v -540.197388 0.000004 367.939514
v -543.592712 3.200306 367.620300
v -543.679565 7.069115 366.174744
v 494.706665 34.605251 -395.687866
v 492.757446 36.861492 -393.609406
v 491.178589 37.733395 -390.575165
v 521.913147 34.896191 370.868225
v 519.467468 37.015430 369.440979
v 516.344116 37.813946 367.918213
v 514.402527 0.002975 -402.792664
v 515.071533 2.994572 -406.526367
v 513.596313 6.734478 -407.390930
v -494.706757 34.603909 395.687866
v -492.757568 36.860149 393.609314
v -491.178741 37.732052 390.575073
v -514.402771 0.000000 402.793213
v -515.071777 2.991245 406.526672
v -513.596619 6.731117 407.391052
v 536.323425 0.002979 382.500488
v 539.550415 3.353020 383.684692
v 539.622131 7.259556 383.141113
v -521.913208 34.893230 -370.868225
v -519.467529 37.012463 -369.441040
v -516.344116 37.810986 -367.918213
v -536.323486 0.000004 -382.500610
v -539.550537 3.350021 -383.684753
v -539.622192 7.256557 -383.141205
v -510.941284 34.885258 -385.637695
v -508.729126 37.007626 -383.836731
v -506.233734 37.811398 -381.336548
v -527.723572 0.000004 -394.535187
v -529.771362 3.324825 -397.163177
v -529.133484 7.219517 -397.477844
v -494.673737 34.617840 -395.604736
v -492.702271 36.865650 -393.453613
v -491.054352 37.737804 -390.241211
v -514.621704 0.000004 -403.413330
v -515.158569 3.012630 -406.863953
v -513.616333 6.748672 -407.566223
v 510.954041 34.882351 -385.674072
v 508.758118 37.007320 -383.900635
v 506.309570 37.810772 -381.466064
v 527.622742 0.002979 -394.273621
v 529.722412 3.318230 -397.014404
v 529.111877 7.212864 -397.397217
v 521.881653 34.900372 -370.870911
v 519.413330 37.016933 -369.438049
v 516.234314 37.815380 -367.893677
v 536.521851 0.002979 -382.520630
v 539.674500 3.353554 -383.685455
v 539.703308 7.247482 -383.138733
v 510.941406 34.886562 385.637634
v 508.729126 37.008923 383.836609
v 506.233765 37.812695 381.336487
v 527.723511 0.002979 394.535095
v 529.771179 3.327824 397.163086
v 529.133301 7.222523 397.477783
v 494.673584 34.619144 395.604675
v 492.702148 36.866955 393.453613
v 491.054138 37.739117 390.241150
v 514.621704 0.002979 403.413269
v 515.158508 3.015625 406.863892
v 513.616150 6.751671 407.566223
v -510.954163 34.881008 385.673889
v -508.758240 37.005970 383.900452
v -506.309509 37.809429 381.465881
v -527.623352 0.000004 394.274109
v -529.722717 3.314793 397.014587
v -529.112183 7.209370 397.397339
v -521.881531 34.897396 370.870850
v -519.413208 37.013958 369.437988
v -516.234253 37.812389 367.893616
v -536.522400 0.000004 382.520874
v -539.674866 3.350071 383.685730
v -539.703430 7.243923 383.138916
vt 0.386423 0.336021
vt 0.386216 0.271617
vt 0.388147 0.476281
vt 0.388178 0.503367
vt 0.387898 0.271689
vt 0.389841 0.476219
vt 0.408339 0.513705
vt 0.408437 0.492163
vt 0.591962 0.492384
vt 0.592028 0.513912
vt 0.408592 0.490998
vt 0.591816 0.491250
vt 0.612024 0.503689
vt 0.612076 0.476673
vt 0.611730 0.273591
vt 0.611710 0.337898
vt 0.610405 0.476631
vt 0.610026 0.273646
vt 0.406525 0.257106
vt 0.406372 0.255948
vt 0.591398 0.257668
vt 0.591237 0.258829
vt 0.406441 0.315590
vt 0.591510 0.317150
vt 0.390930 0.977221
vt 0.391306 0.772897
vt 0.388441 0.731541
vt 0.388150 0.872412
vt 0.609071 0.772777
vt 0.608706 0.977089
vt 0.611542 0.879610
vt 0.611596 0.728692
vt 0.407605 0.760088
vt 0.592469 0.760061
vt 0.592657 0.716866
vt 0.407405 0.716821
vt 0.407085 0.877844
vt 0.592570 0.878076
vt 0.592407 0.989898
vt 0.407533 0.989936
vt 0.389837 0.483816
vt 0.388245 0.507716
vt 0.600992 0.491247
vt 0.601853 0.513140
vt 0.388449 0.723674
vt 0.391498 0.766382
vt 0.610089 0.266108
vt 0.611699 0.325430
vt 0.611542 0.878252
vt 0.608511 0.983600
vt 0.601950 0.716247
vt 0.600356 0.760165
vt 0.397274 0.257034
vt 0.396537 0.313332
vt 0.397775 0.876109
vt 0.399646 0.989832
vt 0.387870 0.257009
vt 0.386263 0.313355
vt 0.388121 0.876657
vt 0.391540 0.989818
vt 0.387865 0.264127
vt 0.386336 0.323472
vt 0.388141 0.878003
vt 0.391204 0.983800
vt 0.390032 0.490932
vt 0.388318 0.512946
vt 0.388469 0.716422
vt 0.391738 0.760335
vt 0.399432 0.490947
vt 0.398516 0.512908
vt 0.398114 0.716347
vt 0.399718 0.760230
vt 0.610320 0.491198
vt 0.612049 0.513193
vt 0.611593 0.716456
vt 0.608462 0.760179
vt 0.610380 0.484135
vt 0.612041 0.507984
vt 0.611597 0.723746
vt 0.608798 0.766197
vt 0.609949 0.259046
vt 0.611682 0.315291
vt 0.611531 0.877016
vt 0.608275 0.989651
vt 0.600472 0.258954
vt 0.601407 0.315069
vt 0.601873 0.876804
vt 0.600294 0.989755
vt 0.388223 0.484334
vt 0.601846 0.492396
vt 0.388488 0.977307
vt 0.388488 0.772693
vt 0.388488 0.765259
vt 0.611716 0.265601
vt 0.611512 0.772693
vt 0.611512 0.977307
vt 0.611512 0.984742
vt 0.407214 0.758053
vt 0.592787 0.758053
vt 0.601977 0.758053
vt 0.396407 0.255855
vt 0.407213 0.991947
vt 0.398023 0.991947
vt 0.592787 0.991947
vt 0.388297 0.492139
vt 0.612102 0.492408
vt 0.388488 0.758054
vt 0.611703 0.257856
vt 0.611512 0.991947
vt 0.611512 0.758053
vt 0.386067 0.255759
vt 0.388488 0.991947
vt 0.386141 0.263564
vt 0.388488 0.984742
vt 0.398553 0.492152
vt 0.398024 0.758053
vt 0.612089 0.484664
vt 0.611512 0.765258
vt 0.601363 0.257760
vt 0.601977 0.991947
vn -0.000045 0.998779 -0.049407
vn -0.000037 0.998779 0.049392
vn 0.000045 0.998779 0.049407
vn 0.000037 0.998780 -0.049392
vn -0.002064 0.482676 -0.875796
vn -0.001371 0.819542 -0.573018
vn 0.001310 0.819517 -0.573054
vn 0.002034 0.482608 -0.875834
vn -0.001371 0.819542 -0.573018
vn -0.000045 0.998779 -0.049407
vn 0.000037 0.998780 -0.049392
vn 0.001310 0.819517 -0.573054
vn 0.788987 0.614389 -0.005090
vn 0.484608 0.874725 -0.003256
vn 0.484709 0.874670 0.003206
vn 0.789027 0.614338 0.005060
vn 0.484608 0.874725 -0.003256
vn 0.037665 0.999290 -0.000151
vn 0.037670 0.999290 0.000145
vn 0.484709 0.874670 0.003206
vn 0.002064 0.482676 0.875797
vn 0.001371 0.819538 0.573023
vn -0.001310 0.819514 0.573057
vn -0.002034 0.482607 0.875835
vn 0.001371 0.819538 0.573023
vn 0.000045 0.998779 0.049407
vn -0.000037 0.998779 0.049392
vn -0.001310 0.819514 0.573057
vn -0.037670 0.999290 -0.000145
vn -0.484701 0.874674 -0.003205
vn -0.484601 0.874729 0.003256
vn -0.037665 0.999290 0.000151
vn -0.484701 0.874674 -0.003205
vn -0.789027 0.614337 -0.005060
vn -0.788987 0.614388 0.005090
vn -0.484601 0.874729 0.003256
vn -0.002064 0.482676 -0.875796
vn 0.002034 0.482608 -0.875834
vn 0.005645 0.152354 -0.988310
vn -0.005445 0.151730 -0.988407
vn 0.788987 0.614389 -0.005090
vn 0.789027 0.614338 0.005060
vn 0.876787 0.480754 0.010979
vn 0.939438 0.342586 -0.009502
vn 0.002064 0.482676 0.875797
vn -0.002034 0.482607 0.875835
vn -0.005645 0.152350 0.988310
vn 0.005445 0.151726 0.988408
vn -0.788987 0.614388 0.005090
vn -0.789027 0.614337 -0.005060
vn -0.876788 0.480752 -0.010979
vn -0.939435 0.342595 0.009502
vn 0.005645 0.152354 -0.988310
vn 0.002034 0.482608 -0.875834
vn 0.255184 0.605046 -0.754189
vn 0.348321 0.486017 -0.801536
vn 0.876787 0.480754 0.010979
vn 0.789027 0.614338 0.005060
vn 0.673554 0.675050 0.301051
vn 0.800617 0.464983 0.377894
vn -0.005645 0.152350 0.988310
vn -0.002034 0.482607 0.875835
vn -0.255184 0.605049 0.754187
vn -0.348325 0.486019 0.801533
vn -0.876788 0.480752 -0.010979
vn -0.789027 0.614337 -0.005060
vn -0.673554 0.675050 -0.301051
vn -0.800615 0.464986 -0.377893
vn -0.800615 0.464986 -0.377893
vn -0.673554 0.675050 -0.301051
vn -0.488913 0.670367 -0.558186
vn -0.605710 0.464469 -0.646053
vn -0.605710 0.464469 -0.646053
vn -0.488913 0.670367 -0.558186
vn -0.254751 0.608382 -0.751648
vn -0.353420 0.395526 -0.847734
vn -0.353420 0.395526 -0.847734
vn -0.254751 0.608382 -0.751648
vn -0.002064 0.482676 -0.875796
vn -0.005445 0.151730 -0.988407
vn 0.348321 0.486017 -0.801536
vn 0.255184 0.605046 -0.754189
vn 0.490585 0.668793 -0.558607
vn 0.605060 0.459087 -0.650493
vn 0.605060 0.459087 -0.650493
vn 0.490585 0.668793 -0.558607
vn 0.673388 0.675326 -0.300806
vn 0.799579 0.466196 -0.378597
vn 0.799579 0.466196 -0.378597
vn 0.673388 0.675326 -0.300806
vn 0.788987 0.614389 -0.005090
vn 0.939438 0.342586 -0.009502
vn 0.800617 0.464983 0.377894
vn 0.673554 0.675050 0.301051
vn 0.488912 0.670368 0.558186
vn 0.605711 0.464467 0.646053
vn 0.605711 0.464467 0.646053
vn 0.488912 0.670368 0.558186
vn 0.254752 0.608382 0.751646
vn 0.353421 0.395524 0.847735
vn 0.353421 0.395524 0.847735
vn 0.254752 0.608382 0.751646
vn 0.002064 0.482676 0.875797
vn 0.005445 0.151726 0.988408
vn -0.348325 0.486019 0.801533
vn -0.255184 0.605049 0.754187
vn -0.490588 0.668796 0.558602
vn -0.605062 0.459094 0.650486
vn -0.605062 0.459094 0.650486
vn -0.490588 0.668796 0.558602
vn -0.673388 0.675325 0.300807
vn -0.799575 0.466204 0.378594
vn -0.799575 0.466204 0.378594
vn -0.673388 0.675325 0.300807
vn -0.788987 0.614388 0.005090
vn -0.939435 0.342595 0.009502
vn 0.002034 0.482608 -0.875834
vn 0.001310 0.819517 -0.573054
vn 0.151938 0.870573 -0.467994
vn 0.255184 0.605046 -0.754189
vn 0.001310 0.819517 -0.573054
vn 0.000037 0.998780 -0.049392
vn 0.015804 0.997953 -0.061967
vn 0.151938 0.870573 -0.467994
vn 0.789027 0.614338 0.005060
vn 0.484709 0.874670 0.003206
vn 0.408863 0.894286 0.181889
vn 0.673554 0.675050 0.301051
vn 0.484709 0.874670 0.003206
vn 0.037670 0.999290 0.000145
vn 0.050604 0.998497 0.021046
vn 0.408863 0.894286 0.181889
vn -0.000326 -0.998223 -0.059590
vn -0.001672 -0.795527 -0.605916
vn 0.002196 -0.796071 -0.605199
vn 0.000363 -0.998145 -0.060876
vn -0.007978 -0.181565 -0.983347
vn -0.005445 0.151730 -0.988407
vn 0.005645 0.152354 -0.988310
vn 0.008149 -0.184101 -0.982874
vn 0.000363 -0.998145 -0.060876
vn 0.002196 -0.796071 -0.605199
vn 0.239774 -0.776184 -0.583135
vn 0.068372 -0.986380 -0.149598
vn 0.008149 -0.184101 -0.982874
vn 0.005645 0.152354 -0.988310
vn 0.341073 -0.073503 -0.937159
vn 0.425400 -0.039649 -0.904136
vn -0.002034 0.482607 0.875835
vn -0.001310 0.819514 0.573057
vn -0.151940 0.870571 0.467995
vn -0.255184 0.605049 0.754187
vn -0.001310 0.819514 0.573057
vn -0.000037 0.998779 0.049392
vn -0.015804 0.997953 0.061967
vn -0.151940 0.870571 0.467995
vn 0.000326 -0.998223 0.059593
vn 0.001672 -0.795526 0.605917
vn -0.002196 -0.796071 0.605199
vn -0.000362 -0.998151 0.060789
vn 0.007977 -0.181571 0.983346
vn 0.005445 0.151726 0.988408
vn -0.005645 0.152350 0.988310
vn -0.008149 -0.184107 0.982872
vn -0.000362 -0.998151 0.060789
vn -0.002196 -0.796071 0.605199
vn -0.239749 -0.776199 0.583125
vn -0.068411 -0.986363 0.149693
vn -0.008149 -0.184107 0.982872
vn -0.005645 0.152350 0.988310
vn -0.341063 -0.073502 0.937162
vn -0.425391 -0.039646 0.904141
vn 0.069634 -0.997572 -0.000668
vn 0.677771 -0.735260 -0.004384
vn 0.677424 -0.735577 0.004833
vn 0.069720 -0.997566 0.000709
vn 0.999527 -0.028007 -0.012680
vn 0.939438 0.342586 -0.009502
vn 0.999511 -0.030775 0.005498
vn 0.999500 -0.028777 0.013070
vn 0.069720 -0.997566 0.000709
vn 0.677424 -0.735577 0.004833
vn 0.634494 -0.715767 0.291712
vn 0.159463 -0.984287 0.075833
vn 0.999500 -0.028777 0.013070
vn 0.999511 -0.030775 0.005498
vn 0.800617 0.464983 0.377894
vn 0.898301 0.056418 0.435743
vn -0.789027 0.614337 -0.005060
vn -0.484701 0.874674 -0.003205
vn -0.408861 0.894287 -0.181888
vn -0.673554 0.675050 -0.301051
vn -0.484701 0.874674 -0.003205
vn -0.037670 0.999290 -0.000145
vn -0.050604 0.998497 -0.021045
vn -0.408861 0.894287 -0.181888
vn -0.069795 -0.997561 -0.000710
vn -0.677410 -0.735590 -0.004834
vn -0.634490 -0.715771 -0.291709
vn -0.159484 -0.984283 -0.075843
vn -0.999501 -0.028753 -0.013071
vn -0.999512 -0.030750 -0.005499
vn -0.800615 0.464986 -0.377893
vn -0.898303 0.056426 -0.435738
vn -0.999512 -0.030750 -0.005499
vn -0.999501 -0.028753 -0.013071
vn -0.999528 -0.027981 0.012679
vn -0.939435 0.342595 0.009502
vn -0.677410 -0.735590 -0.004834
vn -0.069795 -0.997561 -0.000710
vn -0.069707 -0.997567 0.000669
vn -0.677757 -0.735273 0.004383
vn 0.255184 0.605046 -0.754189
vn 0.151938 0.870573 -0.467994
vn 0.297150 0.891735 -0.341337
vn 0.490585 0.668793 -0.558607
vn 0.151938 0.870573 -0.467994
vn 0.015804 0.997953 -0.061967
vn 0.036392 0.998373 -0.043897
vn 0.297150 0.891735 -0.341337
vn 0.673554 0.675050 0.301051
vn 0.408863 0.894286 0.181889
vn 0.291817 0.894604 0.338417
vn 0.488912 0.670368 0.558186
vn 0.408863 0.894286 0.181889
vn 0.050604 0.998497 0.021046
vn 0.036041 0.998379 0.044060
vn 0.291817 0.894604 0.338417
vn 0.068372 -0.986380 -0.149598
vn 0.239774 -0.776184 -0.583135
vn 0.466964 -0.726873 -0.503588
vn 0.122778 -0.984101 -0.128340
vn 0.425400 -0.039649 -0.904136
vn 0.341073 -0.073503 -0.937159
vn 0.605060 0.459087 -0.650493
vn 0.694271 0.045199 -0.718293
vn -0.255184 0.605049 0.754187
vn -0.151940 0.870571 0.467995
vn -0.297152 0.891734 0.341336
vn -0.490588 0.668796 0.558602
vn -0.151940 0.870571 0.467995
vn -0.015804 0.997953 0.061967
vn -0.036392 0.998373 0.043897
vn -0.297152 0.891734 0.341336
vn -0.068411 -0.986363 0.149693
vn -0.239749 -0.776199 0.583125
vn -0.466947 -0.726892 0.503575
vn -0.122928 -0.984061 0.128497
vn -0.425391 -0.039646 0.904141
vn -0.341063 -0.073502 0.937162
vn -0.605062 0.459094 0.650486
vn -0.694269 0.045220 0.718293
vn 0.159463 -0.984287 0.075833
vn 0.634494 -0.715767 0.291712
vn 0.485747 -0.712315 0.506613
vn 0.125522 -0.983991 0.126518
vn 0.898301 0.056418 0.435743
vn 0.800617 0.464983 0.377894
vn 0.605711 0.464467 0.646053
vn 0.699191 0.062747 0.712176
vn -0.673554 0.675050 -0.301051
vn -0.408861 0.894287 -0.181888
vn -0.291818 0.894604 -0.338416
vn -0.488913 0.670367 -0.558186
vn -0.408861 0.894287 -0.181888
vn -0.050604 0.998497 -0.021045
vn -0.036040 0.998379 -0.044059
vn -0.291818 0.894604 -0.338416
vn -0.159484 -0.984283 -0.075843
vn -0.634490 -0.715771 -0.291709
vn -0.485745 -0.712320 -0.506608
vn -0.125535 -0.983987 -0.126531
vn -0.898303 0.056426 -0.435738
vn -0.800615 0.464986 -0.377893
vn -0.605710 0.464469 -0.646053
vn -0.699191 0.062757 -0.712175
vn -0.488913 0.670367 -0.558186
vn -0.291818 0.894604 -0.338416
vn -0.149656 0.876531 -0.457490
vn -0.254751 0.608382 -0.751648
vn -0.291818 0.894604 -0.338416
vn -0.036040 0.998379 -0.044059
vn -0.015745 0.998001 -0.061200
vn -0.149656 0.876531 -0.457490
vn -0.125535 -0.983987 -0.126531
vn -0.485745 -0.712320 -0.506608
vn -0.254088 -0.741161 -0.621385
vn -0.070721 -0.985707 -0.152905
vn -0.699191 0.062757 -0.712175
vn -0.605710 0.464469 -0.646053
vn -0.353420 0.395526 -0.847734
vn -0.422108 0.004882 -0.906533
vn -0.000045 0.998779 -0.049407
vn -0.001371 0.819542 -0.573018
vn -0.149656 0.876531 -0.457490
vn -0.015745 0.998001 -0.061200
vn -0.001371 0.819542 -0.573018
vn -0.002064 0.482676 -0.875796
vn -0.254751 0.608382 -0.751648
vn -0.149656 0.876531 -0.457490
vn -0.005445 0.151730 -0.988407
vn -0.007978 -0.181565 -0.983347
vn -0.422108 0.004882 -0.906533
vn -0.353420 0.395526 -0.847734
vn -0.001672 -0.795527 -0.605916
vn -0.000326 -0.998223 -0.059590
vn -0.070721 -0.985707 -0.152905
vn -0.254088 -0.741161 -0.621385
vn 0.490585 0.668793 -0.558607
vn 0.297150 0.891735 -0.341337
vn 0.408006 0.894860 -0.180990
vn 0.673388 0.675326 -0.300806
vn 0.297150 0.891735 -0.341337
vn 0.036392 0.998373 -0.043897
vn 0.050325 0.998516 -0.020800
vn 0.408006 0.894860 -0.180990
vn 0.122778 -0.984101 -0.128340
vn 0.466964 -0.726873 -0.503588
vn 0.636471 -0.711071 -0.298801
vn 0.160288 -0.983969 -0.078182
vn 0.694271 0.045199 -0.718293
vn 0.605060 0.459087 -0.650493
vn 0.799579 0.466196 -0.378597
vn 0.896667 0.061056 -0.438475
vn 0.037665 0.999290 -0.000151
vn 0.484608 0.874725 -0.003256
vn 0.408006 0.894860 -0.180990
vn 0.050325 0.998516 -0.020800
vn 0.484608 0.874725 -0.003256
vn 0.788987 0.614389 -0.005090
vn 0.673388 0.675326 -0.300806
vn 0.408006 0.894860 -0.180990
vn 0.939438 0.342586 -0.009502
vn 0.999527 -0.028007 -0.012680
vn 0.896667 0.061056 -0.438475
vn 0.799579 0.466196 -0.378597
vn 0.677771 -0.735260 -0.004384
vn 0.069634 -0.997572 -0.000668
vn 0.160288 -0.983969 -0.078182
vn 0.636471 -0.711071 -0.298801
vn 0.488912 0.670368 0.558186
vn 0.291817 0.894604 0.338417
vn 0.149657 0.876532 0.457488
vn 0.254752 0.608382 0.751646
vn 0.291817 0.894604 0.338417
vn 0.036041 0.998379 0.044060
vn 0.015746 0.998001 0.061200
vn 0.149657 0.876532 0.457488
vn 0.125522 -0.983991 0.126518
vn 0.485747 -0.712315 0.506613
vn 0.254090 -0.741160 0.621386
vn 0.070718 -0.985709 0.152897
vn 0.699191 0.062747 0.712176
vn 0.605711 0.464467 0.646053
vn 0.353421 0.395524 0.847735
vn 0.422112 0.004875 0.906530
vn 0.000045 0.998779 0.049407
vn 0.001371 0.819538 0.573023
vn 0.149657 0.876532 0.457488
vn 0.015746 0.998001 0.061200
vn 0.001371 0.819538 0.573023
vn 0.002064 0.482676 0.875797
vn 0.254752 0.608382 0.751646
vn 0.149657 0.876532 0.457488
vn 0.005445 0.151726 0.988408
vn 0.007977 -0.181571 0.983346
vn 0.422112 0.004875 0.906530
vn 0.353421 0.395524 0.847735
vn 0.001672 -0.795526 0.605917
vn 0.000326 -0.998223 0.059593
vn 0.070718 -0.985709 0.152897
vn 0.254090 -0.741160 0.621386
vn -0.490588 0.668796 0.558602
vn -0.297152 0.891734 0.341336
vn -0.408003 0.894861 0.180988
vn -0.673388 0.675325 0.300807
vn -0.297152 0.891734 0.341336
vn -0.036392 0.998373 0.043897
vn -0.050325 0.998516 0.020800
vn -0.408003 0.894861 0.180988
vn -0.122928 -0.984061 0.128497
vn -0.466947 -0.726892 0.503575
vn -0.636446 -0.711100 0.298787
vn -0.160548 -0.983917 0.078307
vn -0.694269 0.045220 0.718293
vn -0.605062 0.459094 0.650486
vn -0.799575 0.466204 0.378594
vn -0.896668 0.061096 0.438469
vn -0.037665 0.999290 0.000151
vn -0.484601 0.874729 0.003256
vn -0.408003 0.894861 0.180988
vn -0.050325 0.998516 0.020800
vn -0.484601 0.874729 0.003256
vn -0.788987 0.614388 0.005090
vn -0.673388 0.675325 0.300807
vn -0.408003 0.894861 0.180988
vn -0.939435 0.342595 0.009502
vn -0.999528 -0.027981 0.012679
vn -0.896668 0.061096 0.438469
vn -0.799575 0.466204 0.378594
vn -0.677757 -0.735273 0.004383
vn -0.069707 -0.997567 0.000669
vn -0.160548 -0.983917 0.078307
vn -0.636446 -0.711100 0.298787
vn -0.036392 0.998373 0.043897
vn -0.015804 0.997953 0.061967
vn -0.015745 0.998001 -0.061200
vn -0.036040 0.998379 -0.044059
vn -0.050325 0.998516 0.020800
vn -0.050604 0.998497 -0.021045
vn -0.037670 0.999290 -0.000145
vn -0.037665 0.999290 0.000151
vn 0.015804 0.997953 -0.061967
vn 0.015746 0.998001 0.061200
vn 0.036041 0.998379 0.044060
vn 0.036392 0.998373 -0.043897
vn 0.050325 0.998516 -0.020800
vn 0.050604 0.998497 0.021046
vn 0.037670 0.999290 0.000145
vn 0.037665 0.999290 -0.000151
s 1
g S_U_05 TRIM Foundation_01
usemtl blinn1SG
f 572/648/1495 595/661/1496 590/660/1497 577/649/1498
s off
f 574/644/1499 573/645/1500 576/646/1501 575/647/1502
f 573/645/1503 572/648/1504 577/649/1505 576/646/1506
f 580/650/1507 579/651/1508 582/652/1509 581/653/1510
f 579/651/1511 578/654/1512 583/655/1513 582/652/1514
f 592/656/1515 591/657/1516 594/658/1517 593/659/1518
f 591/657/1519 590/660/1520 595/661/1521 594/658/1522
f 610/662/1523 609/663/1524 612/664/1525 611/665/1526
f 609/663/1527 608/666/1528 613/667/1529 612/664/1530
f 574/644/1531 575/647/1532 589/670/1533 586/671/1534
f 580/650/1535 581/653/1536 607/678/1537 604/679/1538
f 592/656/1539 593/659/1540 601/674/1541 598/675/1542
f 613/667/1543 608/666/1544 616/680/1545 619/681/1546
f 589/670/1547 575/647/1548 620/685/1549 628/688/1550
f 607/678/1551 581/653/1552 623/687/1553 637/694/1554
f 601/674/1555 593/659/1556 629/691/1557 634/692/1558
f 616/680/1559 608/666/1560 638/697/1561 643/698/1562
f 643/698/1563 638/697/1564 644/701/1565 649/702/1566
f 649/702/1567 644/701/1568 650/705/1569 655/706/1570
f 655/706/1571 650/705/1572 574/644/1573 586/671/1574
f 628/688/1575 620/685/1576 656/709/1577 661/710/1578
f 661/710/1579 656/709/1580 662/713/1581 667/714/1582
f 667/714/1583 662/713/1584 580/650/1585 604/679/1586
f 637/694/1587 623/687/1588 668/717/1589 673/718/1590
f 673/718/1591 668/717/1592 674/721/1593 679/722/1594
f 679/722/1595 674/721/1596 592/656/1597 598/675/1598
f 634/692/1599 629/691/1600 680/725/1601 685/726/1602
f 685/726/1603 680/725/1604 686/729/1605 691/730/1606
f 691/730/1607 686/729/1608 613/667/1609 619/681/1610
f 575/647/1611 576/646/1612 621/732/1613 620/685/1614
f 576/646/1615 577/649/1616 622/684/1617 621/732/1618
f 581/653/1619 582/652/1620 624/733/1621 623/687/1622
f 582/652/1623 583/655/1624 625/686/1625 624/733/1626
f 584/668/1627 585/734/1628 588/735/1629 587/669/1630
f 585/734/1631 586/671/1632 589/670/1633 588/735/1634
f 587/669/1635 588/735/1636 627/736/1637 626/689/1638
f 588/735/1639 589/670/1640 628/688/1641 627/736/1642
f 593/659/1643 594/658/1644 630/737/1645 629/691/1646
f 594/658/1647 595/661/1648 631/690/1649 630/737/1650
f 596/672/1651 597/738/1652 600/739/1653 599/673/1654
f 597/738/1655 598/675/1656 601/674/1657 600/739/1658
f 599/673/1659 600/739/1660 633/740/1661 632/693/1662
f 600/739/1663 601/674/1664 634/692/1665 633/740/1666
f 602/676/1667 603/741/1668 606/742/1669 605/677/1670
f 603/741/1671 604/679/1672 607/678/1673 606/742/1674
f 605/677/1675 606/742/1676 636/743/1677 635/695/1678
f 606/742/1679 607/678/1680 637/694/1681 636/743/1682
f 608/666/1683 609/663/1684 639/744/1685 638/697/1686
f 609/663/1687 610/662/1688 640/696/1689 639/744/1690
f 614/683/1691 615/745/1692 642/746/1693 641/699/1694
f 615/745/1695 616/680/1696 643/698/1697 642/746/1698
f 616/680/1699 615/745/1700 618/747/1701 619/681/1702
f 615/745/1703 614/683/1704 617/682/1705 618/747/1706
f 620/685/1707 621/732/1708 657/748/1709 656/709/1710
f 621/732/1711 622/684/1712 658/708/1713 657/748/1714
f 623/687/1715 624/733/1716 669/749/1717 668/717/1718
f 624/733/1719 625/686/1720 670/716/1721 669/749/1722
f 626/689/1723 627/736/1724 660/750/1725 659/711/1726
f 627/736/1727 628/688/1728 661/710/1729 660/750/1730
f 629/691/1731 630/737/1732 681/751/1733 680/725/1734
f 630/737/1735 631/690/1736 682/724/1737 681/751/1738
f 632/693/1739 633/740/1740 684/752/1741 683/727/1742
f 633/740/1743 634/692/1744 685/726/1745 684/752/1746
f 635/695/1747 636/743/1748 672/753/1749 671/719/1750
f 636/743/1751 637/694/1752 673/718/1753 672/753/1754
f 638/697/1755 639/744/1756 645/754/1757 644/701/1758
f 639/744/1759 640/696/1760 646/700/1761 645/754/1762
f 641/699/1763 642/746/1764 648/755/1765 647/703/1766
f 642/746/1767 643/698/1768 649/702/1769 648/755/1770
f 644/701/1771 645/754/1772 651/756/1773 650/705/1774
f 645/754/1775 646/700/1776 652/704/1777 651/756/1778
f 647/703/1779 648/755/1780 654/757/1781 653/707/1782
f 648/755/1783 649/702/1784 655/706/1785 654/757/1786
f 572/648/1787 573/645/1788 651/756/1789 652/704/1790
f 573/645/1791 574/644/1792 650/705/1793 651/756/1794
f 586/671/1795 585/734/1796 654/757/1797 655/706/1798
f 585/734/1799 584/668/1800 653/707/1801 654/757/1802
f 656/709/1803 657/748/1804 663/758/1805 662/713/1806
f 657/748/1807 658/708/1808 664/712/1809 663/758/1810
f 659/711/1811 660/750/1812 666/759/1813 665/715/1814
f 660/750/1815 661/710/1816 667/714/1817 666/759/1818
f 578/654/1819 579/651/1820 663/758/1821 664/712/1822
f 579/651/1823 580/650/1824 662/713/1825 663/758/1826
f 604/679/1827 603/741/1828 666/759/1829 667/714/1830
f 603/741/1831 602/676/1832 665/715/1833 666/759/1834
f 668/717/1835 669/749/1836 675/760/1837 674/721/1838
f 669/749/1839 670/716/1840 676/720/1841 675/760/1842
f 671/719/1843 672/753/1844 678/761/1845 677/723/1846
f 672/753/1847 673/718/1848 679/722/1849 678/761/1850
f 590/660/1851 591/657/1852 675/760/1853 676/720/1854
f 591/657/1855 592/656/1856 674/721/1857 675/760/1858
f 598/675/1859 597/738/1860 678/761/1861 679/722/1862
f 597/738/1863 596/672/1864 677/723/1865 678/761/1866
f 680/725/1867 681/751/1868 687/762/1869 686/729/1870
f 681/751/1871 682/724/1872 688/728/1873 687/762/1874
f 683/727/1875 684/752/1876 690/763/1877 689/731/1878
f 684/752/1879 685/726/1880 691/730/1881 690/763/1882
f 611/665/1883 612/664/1884 687/762/1885 688/728/1886
f 612/664/1887 613/667/1888 686/729/1889 687/762/1890
f 619/681/1891 618/747/1892 690/763/1893 691/730/1894
f 618/747/1895 617/682/1896 689/731/1897 690/763/1898
s 1
f 682/724/1899 631/690/1900 652/704/1901 646/700/1902
f 652/704/1901 631/690/1900 595/661/1496 572/648/1495
f 688/728/1903 640/696/1904 610/662/1905 611/665/1906
f 682/724/1899 646/700/1902 640/696/1904 688/728/1903
f 622/684/1907 676/720/1908 670/716/1909 658/708/1910
f 577/649/1498 590/660/1497 676/720/1908 622/684/1907
f 664/712/1911 625/686/1912 583/655/1913 578/654/1914
f 658/708/1910 670/716/1909 625/686/1912 664/712/1911
g default
v 366.650330 46.116772 372.780487
v 366.650330 110.785583 351.780518
v 366.650330 46.116772 351.780518
v 296.655579 46.116772 351.780518
v 366.650330 110.785583 368.580902
v 366.650330 109.027756 371.550446
v 366.650330 104.783997 372.780487
v 297.901794 92.488037 368.581879
v 296.670959 89.518936 368.581848
v 297.900940 89.518570 371.550842
v 300.870544 89.518188 372.780640
v 300.871277 92.487732 371.550842
v 300.871277 93.717751 368.581848
v 296.655579 46.116772 368.580933
v 300.855164 46.116772 372.780487
v 297.885681 46.116772 371.550476
v 297.901794 92.488037 351.780518
v 300.871277 93.717751 351.780518
v 296.670959 89.518936 351.780518
v 298.447449 91.942177 371.005188
v 356.539856 100.463486 351.780518
v 349.194885 95.472733 351.780518
v 340.489807 93.717758 351.780518
v 342.462708 46.116776 372.780487
v 351.096985 46.116776 372.780487
v 358.623840 46.116772 372.780487
v 358.623840 96.589493 372.780579
v 351.096985 91.357597 372.780609
v 342.462708 89.518181 372.780640
v 356.788269 98.959290 371.550568
v 349.741882 94.171371 371.550629
v 341.390564 92.487724 371.550659
v 340.873718 93.717758 368.581238
v 349.224792 95.401398 368.581116
v 356.271301 100.189316 368.581024
vt -0.003940 0.015650
vt -0.004636 0.018415
vt -0.035264 0.140067
vt -0.032153 0.127712
vt 0.000000 0.131471
vt 0.078836 0.199942
vt 0.078836 0.999999
vt 0.000000 1.000000
vt 0.039412 0.113972
vt 0.000000 0.118080
vt 0.000000 0.000000
vt 0.039413 0.000000
vt 0.000000 0.000000
vt 0.000000 0.000000
vt 0.000000 0.000000
vt 1.000000 0.113399
vt 1.000000 0.125000
vt 1.000000 0.125000
vt 1.000000 0.125000
vt 0.048803 0.000000
vt 0.000000 0.000000
vt 0.000000 0.000000
vt 0.024401 0.125000
vt 0.000000 0.125000
vt 0.826193 0.000000
vt 1.000000 0.000000
vt 1.000000 0.199979
vt 0.829913 0.199971
vt 0.500000 0.125000
vt 0.695633 0.125000
vt 0.751660 0.233634
vt 0.599989 0.299981
vt 1.000000 0.000000
vt 1.000000 0.000000
vt 0.749975 0.000000
vt 0.759943 0.113399
vt 0.421560 0.000000
vt 0.459514 0.113503
vt 0.822707 0.999999
vt 1.000000 0.654172
vt 0.006934 0.138879
vt 0.413099 0.125000
vt 0.500000 0.000000
vt 0.552789 0.113399
vt 1.000000 0.999999
vt 1.000000 0.999999
vn -0.923774 0.382939 0.000000
vn -0.923774 0.382939 0.000000
vn -0.923774 0.382939 0.000000
vn -0.923774 0.382939 0.000000
vn -0.377837 0.925011 0.039930
vn -0.027222 0.997748 0.061310
vn -0.028734 0.999587 0.000000
vn -0.382602 0.923913 0.000000
vn -0.027008 0.025617 0.999307
vn -0.380734 0.016772 0.924532
vn -0.382649 0.000130 0.923894
vn -0.027596 0.000006 0.999619
vn -0.924502 0.016966 0.380800
vn -0.997820 0.025503 0.060860
vn -0.998071 0.000352 0.062089
vn -0.923868 0.000320 0.382710
vn -0.998071 0.000352 0.062089
vn -0.997820 0.025503 0.060860
vn -0.999639 0.026864 0.000000
vn -1.000000 0.000354 0.000000
vn 1.000000 0.000000 0.000000
vn 1.000000 0.000000 0.000000
vn 1.000000 0.000002 0.000000
vn 1.000000 0.000002 0.000000
vn -0.017873 0.924541 0.380663
vn -0.027222 0.997748 0.061310
vn -0.377837 0.925011 0.039930
vn -0.325180 0.887930 0.325329
vn -0.924873 0.378175 0.039929
vn -0.997820 0.025503 0.060860
vn -0.924502 0.016966 0.380800
vn -0.887811 0.325506 0.325326
vn -0.380734 0.016772 0.924532
vn -0.027008 0.025617 0.999307
vn -0.017542 0.380632 0.924560
vn -0.325181 0.325300 0.887940
vn -0.036272 0.921010 0.387846
vn -0.353422 0.840903 0.409848
vn -0.386430 0.919431 0.072925
vn -0.035364 0.997035 0.068348
vn -0.353422 0.840903 0.409848
vn -0.602699 0.694670 0.392667
vn -0.659150 0.749029 0.066906
vn -0.386430 0.919431 0.072925
vn -0.060867 0.059625 0.996363
vn -0.273379 0.267784 0.923881
vn -0.248971 0.284652 0.925736
vn -0.017300 0.019961 0.999651
vn -0.660011 0.646482 0.382683
vn -0.713548 0.698917 0.048632
vn -0.659150 0.749029 0.066906
vn -0.602699 0.694670 0.392667
vn 0.000004 -0.000001 1.000000
vn 0.000007 -0.000001 1.000000
vn -0.060867 0.059625 0.996363
vn -0.017300 0.019961 0.999651
vn -0.027008 0.025617 0.999307
vn -0.027596 0.000006 0.999619
vn 0.000000 -0.000003 1.000000
vn -0.000990 0.021740 0.999763
vn -0.027222 0.997748 0.061310
vn -0.035364 0.997035 0.068348
vn -0.034711 0.999397 0.000793
vn -0.028734 0.999587 0.000000
vn -0.659150 0.749029 0.066906
vn -0.713548 0.698917 0.048632
vn -0.714393 0.699744 0.000000
vn -0.661652 0.749809 0.001660
vn -0.000990 0.021740 0.999763
vn -0.010675 0.380055 0.924902
vn -0.017542 0.380632 0.924560
vn -0.027008 0.025617 0.999307
vn -0.036272 0.921010 0.387846
vn -0.035364 0.997035 0.068348
vn -0.027222 0.997748 0.061310
vn -0.017873 0.924541 0.380663
vn 0.000000 -0.000003 1.000000
vn 0.000001 -0.000003 1.000000
vn -0.008473 0.019451 0.999775
vn -0.000990 0.021740 0.999763
vn 0.000001 -0.000003 1.000000
vn 0.000004 -0.000001 1.000000
vn -0.017300 0.019961 0.999651
vn -0.008473 0.019451 0.999775
vn -0.000990 0.021740 0.999763
vn -0.008473 0.019451 0.999775
vn -0.142775 0.337763 0.930339
vn -0.010675 0.380055 0.924902
vn -0.008473 0.019451 0.999775
vn -0.017300 0.019961 0.999651
vn -0.248971 0.284652 0.925736
vn -0.142775 0.337763 0.930339
vn -0.661652 0.749809 0.001660
vn -0.387459 0.921876 0.004606
vn -0.386430 0.919431 0.072925
vn -0.659150 0.749029 0.066906
vn -0.387459 0.921876 0.004606
vn -0.034711 0.999397 0.000793
vn -0.035364 0.997035 0.068348
vn -0.386430 0.919431 0.072925
vn 1.000000 0.000000 0.000000
vn 1.000000 0.000000 0.000000
vn 1.000000 0.000000 0.000000
vn 1.000000 0.000000 0.000000
vn 0.000008 0.000000 -1.000000
vn 0.000000 0.000000 -1.000000
vn 0.000000 0.000000 -1.000000
s off
g Door_01:Panel02 Door_01:Door_01
usemtl aiStandardSurface4SG
f 700/764/1915 699/765/1916 708/766/1917 710/767/1918
f 699/768/1919 704/769/1920 709/770/1921 708/771/1922
f 702/772/1923 701/773/1924 707/774/1925 706/775/1926
f 701/776/1927 700/764/1928 705/777/1929 707/774/1930
f 705/777/1931 700/764/1932 710/767/1933 695/778/1934
f 698/779/1935 693/780/1936 696/781/1937 697/782/1938
f 703/783/1939 704/769/1940 699/768/1941 711/784/1942
f 699/765/1943 700/764/1944 701/776/1945 711/785/1946
f 701/773/1947 702/772/1948 703/786/1949 711/787/1950
f 723/788/1951 722/789/1952 725/790/1953 724/791/1954
f 722/792/1955 721/793/1956 726/794/1957 725/795/1958
f 698/779/1959 697/782/1960 721/793/1961 718/799/1962
f 697/782/1963 696/781/1964 726/794/1965 721/793/1966
f 717/798/1967 692/797/1968 698/779/1969 718/799/1970
f 702/772/1971 706/775/1972 715/800/1973 720/801/1974
f 704/769/1975 724/791/1976 714/802/1977 709/770/1978
f 726/794/1979 696/781/1980 693/780/1981 712/803/1982
f 720/801/1983 723/805/1984 703/786/1985 702/772/1986
f 723/788/1987 724/791/1988 704/769/1989 703/783/1990
f 715/800/1991 716/806/1992 719/807/1993 720/801/1994
f 716/806/1995 717/798/1996 718/799/1997 719/807/1998
f 720/801/1999 719/807/2000 722/792/2001 723/805/2002
f 719/807/2003 718/799/2004 721/793/2005 722/792/2006
f 712/803/2007 713/808/2008 725/795/2009 726/794/2010
f 713/809/2011 714/802/2012 724/791/2013 725/790/2014
f 692/797/2015 694/796/2016 693/780/2017 698/779/2018
f 708/766/2019 709/804/2020 710/767/2021
g default
v 226.660828 46.116772 372.780487
v 296.655579 46.116772 351.780518
v 226.660828 46.116772 351.780518
v 226.660828 110.785583 351.780518
v 296.655579 46.116772 368.581635
v 295.425720 46.116772 371.550659
v 292.456726 46.116772 372.780487
v 295.441833 92.487625 368.581055
v 292.472839 93.717751 368.581085
v 292.472839 92.487930 371.550629
v 292.472107 89.518890 372.780640
v 295.441101 89.518524 371.550598
v 296.670959 89.518158 368.581055
v 226.660828 110.785583 368.581604
v 226.660828 104.713516 372.780487
v 226.660828 109.007111 371.550659
v 295.441833 92.487625 351.780518
v 296.670959 89.518158 351.780518
v 292.472839 93.717751 351.780518
v 294.896179 91.942047 371.004852
v 252.261780 93.717758 351.780518
v 243.743713 95.460472 351.780518
v 236.594543 100.408569 351.780518
v 234.481750 46.116772 372.780487
v 241.812927 46.116776 372.780487
v 250.259949 46.116776 372.780487
v 250.259949 89.518875 372.780640
v 241.812927 91.348297 372.780609
v 234.481750 96.543625 372.780579
v 251.348816 92.487930 371.550812
v 243.187439 94.157700 371.550812
v 236.337463 98.898682 371.550781
v 236.862610 100.128510 368.581726
v 243.712585 95.387527 368.581726
v 251.874084 93.717758 368.581665
vt 0.960873 0.000000
vt 1.000000 0.000000
vt 0.982001 0.159242
vt 0.960885 0.113974
vt 1.000000 0.000000
vt 1.000000 0.211758
vt 0.921756 0.199979
vt 1.000000 0.131496
vt 1.000000 1.000000
vt 0.921756 0.999999
vt 1.000000 0.240059
vt 1.000000 0.911774
vt 1.000000 0.000000
vt 0.000000 0.113263
vt 0.000000 0.125000
vt 0.000000 0.000000
vt 0.000000 0.000000
vt 1.000000 0.125000
vt 0.951595 0.000000
vt 1.000000 0.000000
vt 0.975798 0.125000
vt 0.500000 0.125000
vt 0.303993 0.125000
vt 0.000000 0.048510
vt 0.000000 0.000000
vt 0.099973 0.024993
vt 0.062422 0.062556
vt 0.000000 0.000000
vt 0.168905 0.000000
vt 0.165346 0.199951
vt 0.000000 0.199945
vt 0.250025 0.000000
vt 0.584453 0.125000
vt 0.536210 0.113389
vt 0.576119 0.000000
vt 0.239336 0.113263
vt 0.172569 0.999999
vt 0.000000 0.125000
vt 0.993513 0.138878
vt 0.305960 0.125000
vt 0.000000 0.125000
vt 0.500000 0.000000
vt 0.445125 0.113263
vt 0.500000 0.125000
vt 0.000000 0.999999
vt 1.035405 0.140056
vt 1.032281 0.127700
vn 0.382718 -0.000136 0.923865
vn 0.382718 -0.000136 0.923865
vn 0.382718 -0.000136 0.923865
vn 0.382718 -0.000136 0.923865
vn 0.923889 -0.000323 0.382660
vn 0.998070 -0.000352 0.062092
vn 0.997839 0.024807 0.060849
vn 0.924535 0.016330 0.380747
vn 0.026858 0.997757 0.061317
vn 0.378004 0.924943 0.039921
vn 0.382769 0.923844 0.000000
vn 0.028349 0.999598 0.000000
vn 0.925079 0.377670 0.039921
vn 0.997839 0.024807 0.060849
vn 0.999658 0.026165 0.000000
vn 0.923982 0.382436 0.000000
vn 0.997839 0.024807 0.060849
vn 0.998070 -0.000352 0.062092
vn 1.000000 -0.000354 0.000000
vn 0.999658 0.026165 0.000000
vn -1.000000 0.000000 0.000000
vn -1.000000 0.000000 0.000000
vn -1.000000 0.000000 0.000000
vn -1.000000 0.000000 0.000000
vn 0.924535 0.016330 0.380747
vn 0.997839 0.024807 0.060849
vn 0.925079 0.377670 0.039921
vn 0.888026 0.325029 0.325217
vn 0.378004 0.924943 0.039921
vn 0.026858 0.997757 0.061317
vn 0.017639 0.924562 0.380623
vn 0.325359 0.887906 0.325215
vn 0.017317 0.380718 0.924529
vn 0.026664 0.025631 0.999316
vn 0.380807 0.016521 0.924507
vn 0.325356 0.325226 0.887903
vn 0.610213 0.687947 0.392898
vn 0.358096 0.838523 0.410666
vn 0.391689 0.917182 0.073188
vn 0.667472 0.741616 0.066991
vn 0.358096 0.838523 0.410666
vn 0.035782 0.921046 0.387807
vn 0.034798 0.997047 0.068456
vn 0.391689 0.917182 0.073188
vn 0.026664 0.025631 0.999316
vn 0.017317 0.380718 0.924529
vn 0.010467 0.380118 0.924879
vn 0.000976 0.021660 0.999765
vn 0.017639 0.924562 0.380623
vn 0.026858 0.997757 0.061317
vn 0.034798 0.997047 0.068456
vn 0.035782 0.921046 0.387807
vn -0.000001 -0.000003 1.000000
vn 0.027206 -0.000013 0.999630
vn 0.026664 0.025631 0.999316
vn 0.000976 0.021660 0.999765
vn -0.000005 -0.000001 1.000000
vn -0.000004 -0.000001 1.000000
vn 0.017672 0.019952 0.999645
vn 0.063331 0.060631 0.996149
vn 0.034798 0.997047 0.068456
vn 0.026858 0.997757 0.061317
vn 0.028349 0.999598 0.000000
vn 0.034149 0.999416 0.000788
vn 0.721527 0.690699 0.048316
vn 0.667472 0.741616 0.066991
vn 0.670002 0.742357 0.001683
vn 0.722371 0.691506 0.000000
vn 0.017672 0.019952 0.999645
vn 0.252012 0.281800 0.925786
vn 0.276427 0.264630 0.923883
vn 0.063331 0.060631 0.996149
vn 0.610213 0.687947 0.392898
vn 0.667472 0.741616 0.066991
vn 0.721527 0.690699 0.048316
vn 0.667381 0.638871 0.382684
vn -0.000004 -0.000001 1.000000
vn -0.000004 -0.000003 1.000000
vn 0.008583 0.019385 0.999775
vn 0.017672 0.019952 0.999645
vn -0.000004 -0.000003 1.000000
vn -0.000001 -0.000003 1.000000
vn 0.000976 0.021660 0.999765
vn 0.008583 0.019385 0.999775
vn 0.017672 0.019952 0.999645
vn 0.008583 0.019385 0.999775
vn 0.144592 0.336442 0.930537
vn 0.252012 0.281800 0.925786
vn 0.008583 0.019385 0.999775
vn 0.000976 0.021660 0.999765
vn 0.010467 0.380118 0.924879
vn 0.144592 0.336442 0.930537
vn 0.034149 0.999416 0.000788
vn 0.392738 0.919638 0.004721
vn 0.391689 0.917182 0.073188
vn 0.034798 0.997047 0.068456
vn 0.392738 0.919638 0.004721
vn 0.670002 0.742357 0.001683
vn 0.667472 0.741616 0.066991
vn 0.391689 0.917182 0.073188
vn -0.000004 0.000000 -1.000000
vn 0.000000 0.000000 -1.000000
vn 0.000000 0.000000 -1.000000
vn -1.000000 0.000000 0.000000
vn -1.000000 0.000000 0.000000
vn -1.000000 0.000000 0.000000
vn -1.000000 0.000000 0.000000
s off
g Door_01:Door_01 Door_01:Panel01
usemtl aiStandardSurface4SG
f 733/810/2022 732/811/2023 738/812/2024 737/813/2025
f 732/811/2026 731/814/2027 739/815/2028 738/812/2029
f 735/816/2030 734/817/2031 743/818/2032 745/819/2033
f 734/820/2034 739/815/2035 744/821/2036 743/818/2037
f 739/815/2038 731/814/2039 728/822/2040 744/821/2041
f 741/823/2042 730/824/2043 729/825/2044 727/826/2045
f 738/812/2046 739/815/2047 734/820/2048 746/827/2049
f 734/817/2050 735/816/2051 736/828/2052 746/829/2053
f 736/830/2054 737/813/2055 738/812/2056 746/827/2057
f 758/833/2058 757/834/2059 760/835/2060 759/836/2061
f 757/837/2062 756/838/2063 761/839/2064 760/840/2065
f 737/813/2066 736/830/2067 756/842/2068 753/843/2069
f 736/828/2070 735/816/2071 761/839/2072 756/838/2073
f 752/844/2074 733/810/2075 737/813/2076 753/843/2077
f 727/826/2078 750/841/2079 755/845/2080 741/823/2081
f 761/839/2082 735/816/2083 745/819/2084 747/846/2085
f 740/847/2086 759/836/2087 749/832/2088 730/824/2089
f 755/845/2090 758/849/2091 742/850/2092 741/823/2093
f 758/833/2094 759/836/2095 740/847/2096 742/850/2097
f 750/841/2098 751/851/2099 754/852/2100 755/845/2101
f 751/851/2102 752/844/2103 753/843/2104 754/852/2105
f 755/845/2106 754/852/2107 757/853/2108 758/849/2109
f 754/852/2110 753/843/2111 756/842/2112 757/853/2113
f 747/846/2114 748/854/2115 760/840/2116 761/839/2117
f 748/831/2118 749/832/2119 759/836/2120 760/835/2121
f 743/855/2122 744/856/2123 745/848/2124
f 740/847/2125 730/824/2126 741/823/2127 742/850/2128
g default
v 244.658508 47.616932 365.445099
v 235.467834 51.423855 365.445099
v 231.660828 60.614578 365.445099
v 231.660828 257.410889 365.445099
v 235.467834 266.601593 365.445099
v 244.658508 270.408539 365.445099
v 348.652649 270.408539 365.445099
v 357.843445 266.601593 365.445099
v 361.650330 257.410889 365.445099
v 361.650330 60.614578 365.445099
v 357.843445 51.423855 365.445099
v 348.652649 47.616932 365.445099
v 221.660828 267.410889 371.445404
v 225.467834 276.601593 371.445404
v 234.658508 280.408539 371.445404
v 222.539490 266.532318 373.566498
v 226.346375 275.723022 373.566498
v 235.537170 279.529938 373.566498
v 237.658142 277.408844 374.445099
v 228.467468 273.601898 374.445099
v 224.660583 264.411163 374.445099
v 222.539490 51.493156 373.566498
v 226.346375 42.302444 373.566498
v 235.537170 38.495525 373.566498
v 224.660583 53.614315 374.445099
v 228.467468 44.423565 374.445099
v 237.658142 40.616631 374.445099
v 234.658508 37.616932 371.445404
v 225.467834 41.423855 371.445404
v 221.660828 50.614578 371.445404
v 357.774109 38.495525 373.566498
v 366.964783 42.302444 373.566498
v 370.771667 51.493156 373.566498
v 355.653015 40.616631 374.445099
v 364.843689 44.423565 374.445099
v 368.650574 53.614315 374.445099
v 371.650330 50.614578 371.445404
v 367.843445 41.423855 371.445404
v 358.652649 37.616932 371.445404
v 358.652649 280.408539 371.445404
v 367.843445 276.601593 371.445404
v 371.650330 267.410889 371.445404
v 357.774109 279.529938 373.566498
v 366.964783 275.723022 373.566498
v 370.771667 266.532318 373.566498
v 368.650574 264.411163 374.445099
v 364.843689 273.601898 374.445099
v 355.653015 277.408844 374.445099
v 228.661194 260.410553 374.445099
v 232.468079 269.601288 374.445099
v 241.658752 273.408234 374.445099
v 230.782288 258.289490 373.566498
v 234.589172 267.480194 373.566498
v 243.779968 271.287109 373.566498
v 244.658508 270.408539 371.445404
v 235.467834 266.601593 371.445404
v 231.660828 257.410889 371.445404
v 230.782288 59.735973 373.566498
v 234.589172 50.545258 373.566498
v 243.779968 46.738342 373.566498
v 231.660828 60.614578 371.445404
v 235.467834 51.423855 371.445404
v 244.658508 47.616932 371.445404
v 241.658875 44.617233 374.445099
v 232.468079 48.424164 374.445099
v 228.661194 57.614914 374.445099
v 349.531311 46.738342 373.566498
v 358.721985 50.545258 373.566498
v 362.528992 59.735973 373.566498
v 348.652649 47.616932 371.445404
v 357.843445 51.423855 371.445404
v 361.650330 60.614578 371.445404
v 364.650085 57.614914 374.445099
v 360.843079 48.424164 374.445099
v 351.652405 44.617233 374.445099
v 362.528992 258.289490 373.566498
v 358.721985 267.480194 373.566498
v 349.531311 271.287109 373.566498
v 361.650330 257.410889 371.445404
v 357.843445 266.601593 371.445404
v 348.652649 270.408539 371.445404
v 351.652405 273.408234 374.445099
v 360.843079 269.601288 374.445099
v 364.650085 260.410553 374.445099
v 367.843445 276.601593 339.535553
v 371.650330 267.410889 339.535553
v 358.652649 280.408539 339.535553
v 225.467834 276.601593 339.535553
v 234.658508 280.408539 339.535553
v 221.660828 267.410889 339.535553
v 367.843445 41.423855 339.535553
v 358.652649 37.616932 339.535553
v 371.650330 50.614578 339.535553
v 225.467834 41.423855 339.535553
v 221.660828 50.614578 339.535553
v 234.658508 37.616932 339.535553
vt 0.375000 0.000000
vt 0.399997 0.000000
vt 0.375000 0.014585
vt 0.375000 0.250000
vt 0.375000 0.235415
vt 0.399998 0.250000
vt 0.625000 0.250000
vt 0.600003 0.250000
vt 0.625000 0.235415
vt 0.625000 0.000000
vt 0.625000 0.014585
vt 0.600002 0.000000
vt 0.396921 0.250000
vt 0.375000 0.250000
vt 0.375000 0.250000
vt 0.397567 0.250000
vt 0.375000 0.236519
vt 0.375000 0.236277
vt 0.396955 0.999994
vt 0.375000 1.000000
vt 0.375000 0.978518
vt 0.396664 0.978518
vt 0.375000 0.000000
vt 0.375000 0.013481
vt 0.353517 0.013384
vt 0.353517 0.000000
vt 0.625018 0.013378
vt 0.625000 0.000000
vt 0.646482 0.000000
vt 0.646482 0.013384
vt 0.625000 1.000000
vt 0.603079 0.999999
vt 0.603336 0.978518
vt 0.625000 0.978518
vt 0.625000 0.236518
vt 0.625000 0.250000
vt 0.625000 0.250000
vt 0.625000 0.236284
vt 0.603079 0.250000
vt 0.602433 0.250000
vt 0.399664 0.250000
vt 0.375000 0.250000
vt 0.375000 0.250000
vt 0.399994 0.250000
vt 0.375000 0.235529
vt 0.375000 0.235415
vt 0.399659 0.000000
vt 0.375000 0.000000
vt 0.375000 0.000000
vt 0.398895 0.000000
vt 0.375000 0.014473
vt 0.375000 0.014203
vt 0.625000 0.014451
vt 0.625000 0.000000
vt 0.625000 0.000000
vt 0.625000 0.014203
vt 0.600336 0.000000
vt 0.601105 0.000000
vt 0.600341 0.250000
vt 0.625000 0.250000
vt 0.625000 0.250000
vt 0.601105 0.250000
vt 0.625000 0.235534
vt 0.625000 0.235797
vt 0.396664 0.271482
vt 0.603336 0.271482
vt 0.603336 0.500000
vt 0.396664 0.500000
vt 0.396664 0.750000
vt 0.603336 0.750000
vt 0.875000 0.013384
vt 0.875000 0.236616
vt 0.646482 0.236616
vt 0.125000 0.013384
vt 0.353518 0.236616
vt 0.125000 0.236616
vt 0.397614 0.000000
vt 0.602422 0.000000
vt 0.625000 0.013853
vt 0.398895 0.250000
vt 0.375000 0.013723
vt 0.375000 0.235797
vt 0.400085 0.000000
vt 0.600006 0.000000
vt 0.625000 0.014663
vt 0.625000 0.235415
vt 0.599915 0.250000
vt 0.375000 0.014585
vt 0.396921 0.000000
vt 0.603079 0.000000
vt 0.353518 0.250000
vt 0.125000 0.250000
vt 0.375000 0.271482
vt 0.375000 0.500000
vt 0.375000 0.000000
vt 0.375000 0.750000
vt 0.125000 0.000000
vt 0.625000 0.000000
vt 0.875000 0.000000
vt 0.625000 0.750000
vt 0.625000 0.271482
vt 0.625000 0.500000
vt 0.646482 0.250000
vt 0.875000 0.250000
vt 0.375000 0.250000
vt 0.375000 0.000000
vt 0.625000 0.000000
vt 0.625000 0.250000
vn -0.022990 0.362876 0.931554
vn -0.198757 0.198758 0.959683
vn -0.095827 0.095827 0.990775
vn -0.003591 0.228359 0.973570
vn -0.198757 0.198758 0.959683
vn -0.370513 0.014189 0.928719
vn -0.235171 0.002121 0.971952
vn -0.095827 0.095827 0.990775
vn -0.019218 -0.920869 0.389399
vn -0.336555 -0.812519 0.475966
vn -0.382513 -0.923470 0.029769
vn -0.029173 -0.999345 0.021415
vn -0.812518 -0.336556 0.475968
vn -0.922168 -0.011216 0.386628
vn -0.999634 -0.017207 0.020877
vn -0.923471 -0.382512 0.029769
vn 0.922168 -0.011216 0.386628
vn 0.812518 -0.336556 0.475968
vn 0.923470 -0.382514 0.029769
vn 0.999634 -0.017207 0.020877
vn 0.336556 -0.812518 0.475967
vn 0.019218 -0.920869 0.389399
vn 0.029173 -0.999345 0.021415
vn 0.382514 -0.923470 0.029769
vn 0.370513 0.014189 0.928719
vn 0.198760 0.198759 0.959682
vn 0.095829 0.095827 0.990775
vn 0.235170 0.002121 0.971952
vn 0.198760 0.198759 0.959682
vn 0.022990 0.362876 0.931554
vn 0.003591 0.228359 0.973570
vn 0.095829 0.095827 0.990775
vn 0.043190 -0.916562 0.397554
vn 0.336553 -0.812517 0.475970
vn 0.378231 -0.913131 0.152094
vn 0.030567 -0.991524 0.126274
vn 0.812517 -0.336555 0.475970
vn 0.920007 -0.024297 0.391149
vn 0.991940 -0.016767 0.125592
vn 0.913131 -0.378232 0.152094
vn 0.006574 0.377061 0.926165
vn 0.198758 0.198759 0.959682
vn 0.050389 0.050390 0.997458
vn 0.004714 0.067977 0.997676
vn 0.198758 0.198759 0.959682
vn 0.379587 0.003628 0.925149
vn 0.066576 0.002690 0.997778
vn 0.050389 0.050390 0.997458
vn -0.379587 0.003628 0.925149
vn -0.198758 0.198760 0.959682
vn -0.050391 0.050390 0.997458
vn -0.066579 0.002690 0.997778
vn -0.198758 0.198760 0.959682
vn -0.006574 0.377061 0.926165
vn -0.004714 0.067978 0.997676
vn -0.050391 0.050390 0.997458
vn -0.006574 -0.377061 0.926165
vn -0.198762 -0.198759 0.959682
vn -0.050390 -0.050390 0.997458
vn -0.004714 -0.067977 0.997676
vn -0.198762 -0.198759 0.959682
vn -0.379587 -0.003628 0.925149
vn -0.066579 -0.002690 0.997778
vn -0.050390 -0.050390 0.997458
vn -0.029173 0.999345 0.021414
vn 0.029173 0.999345 0.021414
vn 0.028572 0.999592 0.000000
vn -0.028572 0.999592 0.000000
vn -0.029173 -0.999345 0.021415
vn -0.028572 -0.999592 0.000000
vn 0.028572 -0.999592 0.000000
vn 0.029173 -0.999345 0.021415
vn 0.999634 -0.017207 0.020877
vn 0.999858 -0.016843 0.000000
vn 0.999858 0.016843 0.000000
vn 0.999634 0.017207 0.020877
vn -0.999858 -0.016843 0.000000
vn -0.999634 -0.017207 0.020877
vn -0.999634 0.017207 0.020877
vn -0.999858 0.016843 0.000000
vn -0.003591 -0.228360 0.973570
vn 0.003591 -0.228360 0.973570
vn -0.004714 0.067978 0.997676
vn 0.004714 0.067977 0.997676
vn 0.235170 -0.002121 0.971952
vn 0.235170 0.002121 0.971952
vn -0.066579 -0.002690 0.997778
vn -0.066579 0.002690 0.997778
vn 0.003591 0.228359 0.973570
vn -0.003591 0.228359 0.973570
vn 0.004714 -0.067977 0.997676
vn -0.004714 -0.067977 0.997676
vn -0.235171 0.002121 0.971952
vn -0.235170 -0.002121 0.971952
vn 0.066576 0.002690 0.997778
vn 0.066577 -0.002690 0.997778
vn 0.030567 0.991525 0.126271
vn -0.030567 0.991525 0.126271
vn -0.033616 0.999435 0.000000
vn 0.033616 0.999435 0.000000
vn -0.991940 0.016767 0.125592
vn -0.991940 -0.016767 0.125592
vn -0.999829 -0.018478 0.000000
vn -0.999829 0.018478 0.000000
vn -0.030567 -0.991524 0.126274
vn 0.030567 -0.991524 0.126274
vn 0.033616 -0.999435 0.000000
vn -0.033616 -0.999435 0.000000
vn 0.991940 -0.016767 0.125592
vn 0.991940 0.016767 0.125592
vn 0.999829 0.018478 0.000000
vn 0.999829 -0.018478 0.000000
vn -0.999634 -0.017207 0.020877
vn -0.922168 -0.011216 0.386628
vn -0.922168 0.011216 0.386628
vn -0.999634 0.017207 0.020877
vn -0.370513 -0.014189 0.928719
vn -0.235170 -0.002121 0.971952
vn -0.235171 0.002121 0.971952
vn -0.370513 0.014189 0.928719
vn -0.003591 -0.228360 0.973570
vn -0.022990 -0.362876 0.931554
vn 0.022990 -0.362876 0.931554
vn 0.003591 -0.228360 0.973570
vn -0.019218 -0.920869 0.389399
vn -0.029173 -0.999345 0.021415
vn 0.029173 -0.999345 0.021415
vn 0.019218 -0.920869 0.389399
vn -0.029173 0.999345 0.021414
vn -0.019218 0.920872 0.389392
vn 0.019218 0.920872 0.389392
vn 0.029173 0.999345 0.021414
vn -0.022990 0.362876 0.931554
vn -0.003591 0.228359 0.973570
vn 0.003591 0.228359 0.973570
vn 0.022990 0.362876 0.931554
vn 0.235170 -0.002121 0.971952
vn 0.370514 -0.014189 0.928719
vn 0.370513 0.014189 0.928719
vn 0.235170 0.002121 0.971952
vn 0.922168 -0.011216 0.386628
vn 0.999634 -0.017207 0.020877
vn 0.999634 0.017207 0.020877
vn 0.922168 0.011216 0.386628
vn 0.066576 0.002690 0.997778
vn 0.379587 0.003628 0.925149
vn 0.379587 -0.003628 0.925149
vn 0.066577 -0.002690 0.997778
vn 0.920007 0.024298 0.391149
vn 0.991940 0.016767 0.125592
vn 0.991940 -0.016767 0.125592
vn 0.920007 -0.024297 0.391149
vn 0.030567 0.991525 0.126271
vn 0.043190 0.916565 0.397546
vn -0.043190 0.916565 0.397546
vn -0.030567 0.991525 0.126271
vn 0.006574 0.377061 0.926165
vn 0.004714 0.067977 0.997676
vn -0.004714 0.067978 0.997676
vn -0.006574 0.377061 0.926165
vn -0.991940 0.016767 0.125592
vn -0.920007 0.024297 0.391149
vn -0.920007 -0.024297 0.391149
vn -0.991940 -0.016767 0.125592
vn -0.379587 0.003628 0.925149
vn -0.066579 0.002690 0.997778
vn -0.066579 -0.002690 0.997778
vn -0.379587 -0.003628 0.925149
vn -0.030567 -0.991524 0.126274
vn -0.043190 -0.916562 0.397554
vn 0.043190 -0.916562 0.397554
vn 0.030567 -0.991524 0.126274
vn -0.006574 -0.377061 0.926165
vn -0.004714 -0.067977 0.997676
vn 0.004714 -0.067977 0.997676
vn 0.006574 -0.377061 0.926165
vn -0.999634 0.017207 0.020877
vn -0.923471 0.382512 0.029769
vn -0.923880 0.382682 0.000000
vn -0.999858 0.016843 0.000000
vn -0.382514 0.923470 0.029768
vn -0.029173 0.999345 0.021414
vn -0.028572 0.999592 0.000000
vn -0.382683 0.923880 0.000000
vn -0.029173 0.999345 0.021414
vn -0.382514 0.923470 0.029768
vn -0.336556 0.812523 0.475958
vn -0.019218 0.920872 0.389392
vn -0.923471 0.382512 0.029769
vn -0.999634 0.017207 0.020877
vn -0.922168 0.011216 0.386628
vn -0.812520 0.336556 0.475964
vn -0.370513 -0.014189 0.928719
vn -0.198759 -0.198759 0.959682
vn -0.095828 -0.095827 0.990775
vn -0.235170 -0.002121 0.971952
vn -0.198759 -0.198759 0.959682
vn -0.022990 -0.362876 0.931554
vn -0.003591 -0.228360 0.973570
vn -0.095828 -0.095827 0.990775
vn -0.029173 -0.999345 0.021415
vn -0.382513 -0.923470 0.029769
vn -0.382683 -0.923880 0.000000
vn -0.028572 -0.999592 0.000000
vn -0.923471 -0.382512 0.029769
vn -0.999634 -0.017207 0.020877
vn -0.999858 -0.016843 0.000000
vn -0.923881 -0.382681 0.000000
vn 0.022990 -0.362876 0.931554
vn 0.198761 -0.198759 0.959682
vn 0.095828 -0.095827 0.990775
vn 0.003591 -0.228360 0.973570
vn 0.198761 -0.198759 0.959682
vn 0.370514 -0.014189 0.928719
vn 0.235170 -0.002121 0.971952
vn 0.095828 -0.095827 0.990775
vn 0.999634 -0.017207 0.020877
vn 0.923470 -0.382514 0.029769
vn 0.923879 -0.382684 0.000000
vn 0.999858 -0.016843 0.000000
vn 0.382514 -0.923470 0.029769
vn 0.029173 -0.999345 0.021415
vn 0.028572 -0.999592 0.000000
vn 0.382684 -0.923879 0.000000
vn 0.029173 0.999345 0.021414
vn 0.382515 0.923470 0.029768
vn 0.382684 0.923879 0.000000
vn 0.028572 0.999592 0.000000
vn 0.923470 0.382515 0.029769
vn 0.999634 0.017207 0.020877
vn 0.999858 0.016843 0.000000
vn 0.923879 0.382684 0.000000
vn 0.999634 0.017207 0.020877
vn 0.923470 0.382515 0.029769
vn 0.812520 0.336556 0.475964
vn 0.922168 0.011216 0.386628
vn 0.382515 0.923470 0.029768
vn 0.029173 0.999345 0.021414
vn 0.019218 0.920872 0.389392
vn 0.336558 0.812523 0.475957
vn -0.003591 0.228359 0.973570
vn -0.095827 0.095827 0.990775
vn 0.050390 -0.050390 0.997458
vn 0.004714 -0.067977 0.997676
vn -0.095827 0.095827 0.990775
vn -0.235171 0.002121 0.971952
vn 0.066577 -0.002690 0.997778
vn 0.050390 -0.050390 0.997458
vn 0.004714 -0.067977 0.997676
vn 0.050390 -0.050390 0.997458
vn 0.198761 -0.198760 0.959682
vn 0.006574 -0.377061 0.926165
vn 0.050390 -0.050390 0.997458
vn 0.066577 -0.002690 0.997778
vn 0.379587 -0.003628 0.925149
vn 0.198761 -0.198760 0.959682
vn 0.999829 -0.018478 0.000000
vn 0.923881 -0.382681 0.000000
vn 0.913131 -0.378232 0.152094
vn 0.991940 -0.016767 0.125592
vn 0.382683 -0.923880 0.000000
vn 0.033616 -0.999435 0.000000
vn 0.030567 -0.991524 0.126274
vn 0.378231 -0.913131 0.152094
vn 0.920007 0.024298 0.391149
vn 0.812517 0.336556 0.475970
vn 0.913131 0.378232 0.152094
vn 0.991940 0.016767 0.125592
vn 0.336556 0.812518 0.475968
vn 0.043190 0.916565 0.397546
vn 0.030567 0.991525 0.126271
vn 0.378231 0.913131 0.152093
vn 0.033616 0.999435 0.000000
vn 0.382682 0.923880 0.000000
vn 0.378231 0.913131 0.152093
vn 0.030567 0.991525 0.126271
vn 0.923881 0.382681 0.000000
vn 0.999829 0.018478 0.000000
vn 0.991940 0.016767 0.125592
vn 0.913131 0.378232 0.152094
vn -0.235170 -0.002121 0.971952
vn -0.095828 -0.095827 0.990775
vn 0.050389 0.050390 0.997458
vn 0.066576 0.002690 0.997778
vn -0.095828 -0.095827 0.990775
vn -0.003591 -0.228360 0.973570
vn 0.004714 0.067977 0.997676
vn 0.050389 0.050390 0.997458
vn -0.043190 0.916565 0.397546
vn -0.336556 0.812518 0.475968
vn -0.378231 0.913131 0.152093
vn -0.030567 0.991525 0.126271
vn -0.812518 0.336555 0.475968
vn -0.920007 0.024297 0.391149
vn -0.991940 0.016767 0.125592
vn -0.913132 0.378231 0.152093
vn -0.999829 0.018478 0.000000
vn -0.923880 0.382682 0.000000
vn -0.913132 0.378231 0.152093
vn -0.991940 0.016767 0.125592
vn -0.382683 0.923880 0.000000
vn -0.033616 0.999435 0.000000
vn -0.030567 0.991525 0.126271
vn -0.378231 0.913131 0.152093
vn 0.003591 -0.228360 0.973570
vn 0.095828 -0.095827 0.990775
vn -0.050391 0.050390 0.997458
vn -0.004714 0.067978 0.997676
vn 0.095828 -0.095827 0.990775
vn 0.235170 -0.002121 0.971952
vn -0.066579 0.002690 0.997778
vn -0.050391 0.050390 0.997458
vn -0.920007 -0.024297 0.391149
vn -0.812515 -0.336555 0.475972
vn -0.913131 -0.378231 0.152095
vn -0.991940 -0.016767 0.125592
vn -0.336554 -0.812517 0.475971
vn -0.043190 -0.916562 0.397554
vn -0.030567 -0.991524 0.126274
vn -0.378231 -0.913131 0.152094
vn -0.033616 -0.999435 0.000000
vn -0.382683 -0.923880 0.000000
vn -0.378231 -0.913131 0.152094
vn -0.030567 -0.991524 0.126274
vn -0.923880 -0.382682 0.000000
vn -0.999829 -0.018478 0.000000
vn -0.991940 -0.016767 0.125592
vn -0.913131 -0.378231 0.152095
vn 0.235170 0.002121 0.971952
vn 0.095829 0.095827 0.990775
vn -0.050390 -0.050390 0.997458
vn -0.066579 -0.002690 0.997778
vn 0.095829 0.095827 0.990775
vn 0.003591 0.228359 0.973570
vn -0.004714 -0.067977 0.997676
vn -0.050390 -0.050390 0.997458
s off
g Door_01:Door_01 Door_01:DoorFrame01
usemtl aiStandardSurface4SG
f 779/869/2129 778/870/2130 781/871/2131 780/872/2132
f 778/870/2133 777/873/2134 782/874/2135 781/871/2136
f 785/875/2137 784/876/2138 790/877/2139 789/878/2140
f 784/879/2141 783/880/2142 791/881/2143 790/882/2144
f 794/883/2145 793/884/2146 799/885/2147 798/886/2148
f 793/887/2149 792/888/2150 800/889/2151 799/890/2152
f 806/891/2153 805/892/2154 808/893/2155 807/894/2156
f 805/892/2157 804/895/2158 809/896/2159 808/893/2160
f 815/897/2161 814/898/2162 817/899/2163 816/900/2164
f 814/898/2165 813/901/2166 818/902/2167 817/899/2168
f 821/903/2169 820/904/2170 826/905/2171 825/906/2172
f 820/904/2173 819/907/2174 827/908/2175 826/905/2176
f 830/909/2177 829/910/2178 835/911/2179 834/912/2180
f 829/910/2181 828/913/2182 836/914/2183 835/911/2184
f 839/915/2185 838/916/2186 844/917/2187 843/918/2188
f 838/916/2189 837/919/2190 845/920/2191 844/917/2192
f 776/921/2193 801/922/2194 848/923/2195 850/924/2196
f 789/878/2197 857/925/2198 853/926/2199 800/889/2200
f 798/886/2201 854/927/2202 847/928/2203 803/929/2204
f 856/930/2205 791/881/2206 774/931/2207 851/932/2208
f 788/933/2209 795/934/2210 836/914/2211 825/906/2212
f 797/935/2213 807/894/2214 845/920/2215 834/912/2216
f 809/896/2217 780/872/2218 812/936/2219 843/918/2220
f 782/874/2221 786/937/2222 827/908/2223 810/938/2224
f 824/939/2225 831/940/2226 773/868/2227 762/858/2228
f 833/941/2229 840/942/2230 770/865/2231 771/867/2232
f 842/943/2233 816/900/2234 767/862/2235 768/864/2236
f 818/902/2237 822/944/2238 764/859/2239 765/861/2240
f 791/881/2241 783/880/2242 777/873/2243 774/931/2244
f 783/880/2245 786/937/2246 782/874/2247 777/873/2248
f 788/933/2249 785/945/2250 792/946/2251 795/934/2252
f 785/875/2253 789/878/2254 800/889/2255 792/888/2256
f 776/921/2257 779/869/2258 804/895/2259 801/922/2260
f 779/869/2261 780/872/2262 809/896/2263 804/895/2264
f 797/935/2265 794/883/2266 806/891/2267 807/894/2268
f 794/883/2269 798/886/2270 803/929/2271 806/891/2272
f 827/908/2273 819/907/2274 813/901/2275 810/938/2276
f 819/907/2277 822/944/2278 818/902/2279 813/901/2280
f 824/939/2281 821/903/2282 828/913/2283 831/940/2284
f 821/903/2285 825/906/2286 836/914/2287 828/913/2288
f 833/941/2289 830/909/2290 837/919/2291 840/942/2292
f 830/909/2293 834/912/2294 845/920/2295 837/919/2296
f 842/943/2297 839/915/2298 815/897/2299 816/900/2300
f 839/915/2301 843/918/2302 812/936/2303 815/897/2304
f 774/931/2305 775/947/2306 849/948/2307 851/932/2308
f 775/949/2309 776/921/2310 850/924/2311 849/950/2312
f 776/921/2313 775/949/2314 778/870/2315 779/869/2316
f 775/947/2317 774/931/2318 777/873/2319 778/870/2320
f 783/880/2321 784/879/2322 787/951/2323 786/937/2324
f 784/879/2325 785/945/2326 788/933/2327 787/951/2328
f 789/878/2329 790/877/2330 855/952/2331 857/925/2332
f 790/882/2333 791/881/2334 856/930/2335 855/953/2336
f 792/946/2337 793/884/2338 796/954/2339 795/934/2340
f 793/884/2341 794/883/2342 797/935/2343 796/954/2344
f 798/886/2345 799/885/2346 852/955/2347 854/927/2348
f 799/890/2349 800/889/2350 853/926/2351 852/956/2352
f 801/922/2353 802/957/2354 846/958/2355 848/923/2356
f 802/959/2357 803/929/2358 847/928/2359 846/960/2360
f 803/929/2361 802/959/2362 805/892/2363 806/891/2364
f 802/957/2365 801/922/2366 804/895/2367 805/892/2368
f 780/872/2369 781/871/2370 811/961/2371 812/936/2372
f 781/871/2373 782/874/2374 810/938/2375 811/961/2376
f 812/936/2377 811/961/2378 814/898/2379 815/897/2380
f 811/961/2381 810/938/2382 813/901/2383 814/898/2384
f 765/861/2385 766/860/2386 817/899/2387 818/902/2388
f 766/860/2389 767/862/2390 816/900/2391 817/899/2392
f 819/907/2393 820/904/2394 823/962/2395 822/944/2396
f 820/904/2397 821/903/2398 824/939/2399 823/962/2400
f 762/858/2401 763/857/2402 823/962/2403 824/939/2404
f 763/857/2405 764/859/2406 822/944/2407 823/962/2408
f 786/937/2409 787/951/2410 826/905/2411 827/908/2412
f 787/951/2413 788/933/2414 825/906/2415 826/905/2416
f 828/913/2417 829/910/2418 832/963/2419 831/940/2420
f 829/910/2421 830/909/2422 833/941/2423 832/963/2424
f 771/867/2425 772/866/2426 832/963/2427 833/941/2428
f 772/866/2429 773/868/2430 831/940/2431 832/963/2432
f 795/934/2433 796/954/2434 835/911/2435 836/914/2436
f 796/954/2437 797/935/2438 834/912/2439 835/911/2440
f 837/919/2441 838/916/2442 841/964/2443 840/942/2444
f 838/916/2445 839/915/2446 842/943/2447 841/964/2448
f 768/864/2449 769/863/2450 841/964/2451 842/943/2452
f 769/863/2453 770/865/2454 840/942/2455 841/964/2456
f 807/894/2457 808/893/2458 844/917/2459 845/920/2460
f 808/893/2461 809/896/2462 843/918/2463 844/917/2464
g default
v 323.647278 270.408508 352.013763
v 269.284607 270.408508 352.013763
v 277.182678 258.107849 368.983521
v 280.028625 257.341278 368.989166
v 279.889221 258.529388 371.851898
v 278.945496 261.142395 373.013763
v 276.208435 260.678619 371.853851
v 275.106995 260.200073 368.989166
v 273.817688 270.408508 373.013763
v 269.284607 270.408508 369.076141
v 270.612244 270.408508 371.860474
v 319.114197 270.408508 373.013763
v 322.319519 270.408508 371.860474
v 323.647278 270.408508 369.076141
v 315.749084 258.107849 368.983521
v 317.824890 260.200073 368.989166
v 316.723450 260.678619 371.853851
v 313.986389 261.142395 373.013763
v 313.042664 258.529388 371.851898
v 312.903259 257.341278 368.989166
v 277.173157 258.091248 352.013763
v 275.142273 260.138275 352.013763
v 279.957458 257.341278 352.013763
v 315.758728 258.091248 352.013763
v 312.974304 257.341278 352.013763
v 317.789612 260.138275 352.013763
v 277.559631 258.752258 371.330017
v 315.372131 258.752258 371.330017
vt 0.916590 0.191647
vt 1.000000 0.126717
vt 1.000000 1.000000
vt 0.918392 1.000000
vt 1.000000 0.126717
vt 0.972871 0.000000
vt 1.000000 0.785953
vt 1.000000 1.000000
vt 0.789605 0.000000
vt 0.936818 0.000000
vt 0.063182 0.000000
vt 0.401795 0.000000
vt 0.936818 0.000000
vt 0.083411 0.191647
vt 0.063182 0.000000
vt 0.833814 0.000000
vt 0.000000 0.000000
vt 0.187505 0.000000
vt 0.083386 0.000000
vt 0.812495 0.000000
vt 1.000000 0.000000
vt 0.176797 0.000000
vt 0.410423 0.000000
vt 0.916614 0.000000
vt 0.176797 0.000000
vt 0.126717 0.000000
vt 1.000000 0.000000
vt 0.785953 0.000000
vt 0.000000 0.126717
vt 0.081608 1.000000
vt 0.000000 1.000000
vt 0.000000 0.000000
vt 1.000000 0.000000
vt 1.000000 0.000000
vt 1.000000 0.000000
vt 0.000000 0.000000
vt 0.000000 0.000000
vt 0.000000 0.000000
vn -0.260092 -0.965583 0.001091
vn -0.260092 -0.965583 0.001091
vn -0.260092 -0.965583 0.001091
vn -0.260092 -0.965583 0.001091
vn -0.712518 -0.700375 0.042334
vn -0.841753 -0.537011 0.055412
vn -0.841729 -0.539900 0.000217
vn -0.709896 -0.704306 0.001089
vn -0.017885 -0.066783 0.997607
vn -0.011864 -0.408904 0.912500
vn 0.011864 -0.408904 0.912500
vn 0.017885 -0.066783 0.997607
vn -0.013318 -0.924618 0.380663
vn -0.019932 -0.998014 0.059756
vn 0.019932 -0.998014 0.059756
vn 0.013318 -0.924618 0.380663
vn -0.841753 -0.537011 0.055412
vn -0.785714 -0.490885 0.376411
vn -0.800711 -0.460362 0.383314
vn -0.867293 -0.495154 0.051240
vn -0.333997 -0.226799 0.914882
vn -0.017885 -0.066783 0.997607
vn -0.049075 -0.027751 0.998410
vn -0.342705 -0.193790 0.919238
vn 0.867293 -0.495154 0.051240
vn 0.800711 -0.460361 0.383314
vn 0.785714 -0.490885 0.376411
vn 0.841754 -0.537010 0.055412
vn 0.342705 -0.193790 0.919238
vn 0.049075 -0.027751 0.998410
vn 0.017885 -0.066783 0.997607
vn 0.333996 -0.226799 0.914882
vn 0.841754 -0.537010 0.055412
vn 0.712522 -0.700371 0.042334
vn 0.709900 -0.704301 0.001089
vn 0.841730 -0.539899 0.000217
vn 0.255500 -0.965896 0.042007
vn 0.019932 -0.998014 0.059756
vn 0.021299 -0.999773 0.000089
vn 0.260092 -0.965583 0.001090
vn -0.049075 -0.027751 0.998410
vn -0.017885 -0.066783 0.997607
vn 0.017885 -0.066783 0.997607
vn 0.049075 -0.027751 0.998410
vn 0.021299 -0.999773 0.000089
vn 0.019932 -0.998014 0.059756
vn -0.019932 -0.998014 0.059756
vn -0.021299 -0.999773 0.000089
vn 0.868646 -0.495434 -0.000001
vn 0.867293 -0.495154 0.051240
vn 0.841754 -0.537010 0.055412
vn 0.841730 -0.539899 0.000217
vn -0.841729 -0.539900 0.000217
vn -0.841753 -0.537011 0.055412
vn -0.867293 -0.495154 0.051240
vn -0.868646 -0.495434 -0.000001
vn -0.785714 -0.490885 0.376411
vn -0.841753 -0.537011 0.055412
vn -0.712518 -0.700375 0.042334
vn -0.694910 -0.636647 0.334337
vn -0.255499 -0.965896 0.042006
vn -0.019932 -0.998014 0.059756
vn -0.013318 -0.924618 0.380663
vn -0.209694 -0.919331 0.332955
vn -0.011864 -0.408904 0.912500
vn -0.017885 -0.066783 0.997607
vn -0.333997 -0.226799 0.914882
vn -0.262068 -0.449602 0.853919
vn 0.013318 -0.924618 0.380663
vn 0.019932 -0.998014 0.059756
vn 0.255500 -0.965896 0.042007
vn 0.209698 -0.919328 0.332960
vn 0.712522 -0.700371 0.042334
vn 0.841754 -0.537010 0.055412
vn 0.785714 -0.490885 0.376411
vn 0.694907 -0.636651 0.334336
vn 0.333996 -0.226799 0.914882
vn 0.017885 -0.066783 0.997607
vn 0.011864 -0.408904 0.912500
vn 0.262067 -0.449601 0.853920
s off
g Door_01:Door_01 Door_01:Button01
usemtl aiStandardSurface4SG
f 861/965/2465 860/966/2466 878/967/2467 880/968/2468
f 860/969/2469 865/970/2470 879/971/2471 878/972/2472
f 863/973/2473 862/974/2474 876/975/2475 875/976/2476
f 862/977/2477 861/965/2478 877/978/2479 876/979/2480
f 865/970/2481 864/980/2482 868/981/2483 867/982/2484
f 864/980/2485 863/973/2486 866/983/2487 868/981/2488
f 871/984/2489 870/985/2490 874/986/2491 873/987/2492
f 870/985/2493 869/988/2494 875/976/2495 874/989/2496
f 873/987/2497 872/990/2498 881/991/2499 883/992/2500
f 872/993/2501 877/978/2502 882/994/2503 881/995/2504
f 866/983/2505 863/973/2506 875/976/2507 869/988/2508
f 882/994/2509 877/978/2510 861/965/2511 880/968/2512
f 858/996/2513 871/984/2514 873/987/2515 883/992/2516
f 879/971/2517 865/970/2518 867/982/2519 859/997/2520
f 864/980/2521 865/970/2522 860/969/2523 884/998/2524
f 860/966/2525 861/965/2526 862/977/2527 884/999/2528
f 862/974/2529 863/973/2530 864/980/2531 884/998/2532
f 876/979/2533 877/978/2534 872/993/2535 885/1000/2536
f 872/990/2537 873/987/2538 874/986/2539 885/1001/2540
f 874/989/2541 875/976/2542 876/975/2543 885/1002/2544
g default
v 361.650330 47.616932 365.377228
v 361.650330 270.408508 365.377228
v 361.650330 133.071014 365.377228
v 361.650330 209.077087 365.377228
v 296.672424 47.616932 362.001495
v 300.048157 47.616932 365.377228
v 297.661194 47.616932 364.388489
v 297.661194 270.408508 364.388489
v 300.048157 270.408508 365.377228
v 296.672424 270.408508 362.001495
v 297.661194 129.624466 364.388489
v 297.151062 131.992355 364.388489
v 295.710999 133.940079 364.388489
v 296.672424 129.177673 362.001495
v 296.162292 131.545563 362.001495
v 294.722351 133.493286 362.001495
v 299.538025 133.071014 365.377228
v 298.098083 135.018723 365.377228
v 300.048157 130.703125 365.377228
v 286.609070 141.954727 364.388489
v 285.169006 143.902435 364.388489
v 284.658875 146.270325 364.388489
v 285.620300 141.507935 362.001495
v 284.180359 143.455643 362.001495
v 283.670105 145.823532 362.001495
v 287.045837 147.348984 365.377228
v 287.556091 144.981094 365.377228
v 288.996033 143.033371 365.377228
v 299.538025 209.077087 365.377228
v 300.048157 211.444977 365.377228
v 298.098083 207.129364 365.377228
v 297.661194 212.523621 364.388489
v 297.151062 210.155731 364.388489
v 295.710999 208.208023 364.388489
v 294.722351 208.654816 362.001495
v 296.162292 210.602524 362.001495
v 296.672424 212.970413 362.001495
v 288.996033 199.114716 365.377228
v 287.556091 197.166992 365.377228
v 287.045837 194.799103 365.377228
v 286.609070 200.193375 364.388489
v 285.169006 198.245667 364.388489
v 284.658875 195.877777 364.388489
v 283.670105 196.324570 362.001495
v 284.180359 198.692459 362.001495
v 285.620300 200.640167 362.001495
v 299.538025 194.799118 365.377228
v 361.650330 194.799118 365.377228
v 299.538025 147.348984 365.377228
v 361.650330 147.348984 365.377228
vt 0.625000 0.000000
vt 0.625000 0.125000
vt 0.625000 0.187500
vt 0.625000 0.250000
vt 0.625000 0.175759
vt 0.508076 0.126788
vt 0.506494 0.122386
vt 0.506494 0.250000
vt 0.506494 0.188976
vt 0.508094 0.185687
vt 0.508091 0.174622
vt 0.496250 0.125000
vt 0.500000 0.125000
vt 0.502744 0.126568
vt 0.500000 0.121161
vt 0.475000 0.127964
vt 0.475000 0.125000
vt 0.481491 0.128577
vt 0.481491 0.131236
vt 0.478750 0.125000
vt 0.485241 0.128222
vt 0.149986 1.000000
vt 0.000000 1.000000
vt 0.000000 0.750026
vt 0.149987 0.750026
vt 1.000000 1.000000
vt 0.957039 1.000000
vt 0.956719 0.750026
vt 1.000000 0.750026
vt 0.047413 1.000000
vt 0.000000 1.000000
vt 0.000000 0.750026
vt 0.046652 0.750026
vt 1.000000 1.000000
vt 0.850013 1.000000
vt 0.850015 0.750026
vt 1.000000 0.750026
vt 0.500000 0.250000
vt 0.500000 0.190185
vt 0.000000 1.000000
vt 0.000000 0.750026
vt 1.000000 0.750026
vt 0.030875 0.750026
vt 0.850014 0.750026
vt 0.149986 0.750026
vt 0.953348 0.750026
vt 1.000000 1.000000
vt 0.030712 1.000000
vt 0.500000 0.000000
vt 0.506494 0.000000
vt 0.850014 1.000000
vt 0.149986 1.000000
vt 0.502744 0.185712
vt 0.496250 0.187500
vt 0.478750 0.187500
vt 0.485241 0.183028
vt 0.952587 1.000000
vt 0.481491 0.179794
vt 0.475000 0.184537
vt 0.000000 1.000000
vt 0.000000 0.750026
vt 1.000000 1.000000
vt 1.000000 0.750026
vt 0.000000 1.000000
vt 0.000000 0.750026
vt 1.000000 1.000000
vt 1.000000 0.750026
vt 0.500000 0.187500
vt 0.481491 0.182453
vt 0.475000 0.187500
vt 0.508080 0.137852
vt 0.625000 0.136741
vn 0.000000 0.000000 1.000000
vn -0.003862 -0.001745 0.999991
vn -0.011469 -0.000102 0.999934
vn -0.015023 0.000000 0.999887
vn -0.011496 0.000142 0.999934
vn 0.000000 0.000000 1.000000
vn 0.000000 0.000000 1.000000
vn 0.000000 0.000000 1.000000
vn -0.003862 0.001745 0.999991
vn 0.000000 0.000000 1.000000
vn 0.000000 0.000000 1.000000
vn -0.257740 -0.277891 0.925390
vn -0.321815 -0.145421 0.935568
vn -0.003862 -0.001745 0.999991
vn -0.097435 -0.100306 0.990174
vn -0.321815 -0.145421 0.935568
vn -0.382064 -0.001616 0.924135
vn -0.011469 -0.000102 0.999934
vn -0.003862 -0.001745 0.999991
vn -0.380518 -0.005610 0.924756
vn -0.321814 -0.145428 0.935567
vn -0.123556 -0.055835 0.990766
vn -0.081882 -0.000581 0.996642
vn -0.321814 -0.145428 0.935567
vn -0.261960 -0.269691 0.926630
vn -0.113385 -0.122249 0.986002
vn -0.123556 -0.055835 0.990766
vn -0.636451 0.666407 0.388370
vn -0.829596 0.374879 0.413807
vn -0.904405 0.408687 0.122583
vn -0.681364 0.722797 0.115355
vn -0.829596 0.374879 0.413807
vn -0.923227 0.009227 0.384145
vn -0.993209 0.008123 0.116061
vn -0.904405 0.408687 0.122583
vn -0.923341 0.007704 0.383904
vn -0.829595 0.374888 0.413801
vn -0.905436 0.409156 0.113038
vn -0.995016 0.010027 0.099212
vn -0.829595 0.374888 0.413801
vn -0.630306 0.672981 0.387054
vn -0.684144 0.722078 0.102713
vn -0.905436 0.409156 0.113038
vn -0.015023 0.000000 0.999887
vn -0.382684 0.000000 0.923879
vn -0.923227 0.009227 0.384145
vn -0.011496 0.000142 0.999934
vn -0.382684 0.000000 0.923879
vn -0.994166 0.000000 0.107857
vn -0.993209 0.008123 0.116061
vn -0.923227 0.009227 0.384145
vn -0.994176 0.000000 0.107767
vn -0.923877 0.000000 0.382689
vn -0.382064 -0.001616 0.924135
vn -0.993232 -0.005787 0.116005
vn -0.923877 0.000000 0.382689
vn -0.015146 0.000000 0.999885
vn -0.011469 -0.000102 0.999934
vn -0.382064 -0.001616 0.924135
vn -0.681365 -0.722797 0.115354
vn -0.257740 -0.277891 0.925390
vn -0.261960 -0.269691 0.926630
vn -0.684144 -0.722078 0.102711
vn -0.257740 -0.277891 0.925390
vn -0.097435 -0.100306 0.990174
vn -0.113385 -0.122249 0.986002
vn -0.261960 -0.269691 0.926630
vn -0.097431 0.100306 0.990175
vn -0.636451 0.666407 0.388370
vn -0.630306 0.672981 0.387054
vn -0.113384 0.122249 0.986002
vn -0.636451 0.666407 0.388370
vn -0.681364 0.722797 0.115355
vn -0.684144 0.722078 0.102713
vn -0.630306 0.672981 0.387054
vn -0.995016 -0.010027 0.099212
vn -0.380518 -0.005610 0.924756
vn -0.923341 0.007704 0.383904
vn -0.995016 0.010027 0.099212
vn -0.380518 -0.005610 0.924756
vn -0.081882 -0.000581 0.996642
vn -0.081882 0.000581 0.996642
vn -0.923341 0.007704 0.383904
vn -0.097431 0.100306 0.990175
vn 0.000000 0.000000 1.000000
vn -0.003862 0.001745 0.999991
vn -0.382064 -0.001616 0.924135
vn -0.321815 -0.145421 0.935568
vn -0.904405 -0.408687 0.122583
vn -0.993232 -0.005787 0.116005
vn -0.321815 -0.145421 0.935568
vn -0.257740 -0.277891 0.925390
vn -0.681365 -0.722797 0.115354
vn -0.904405 -0.408687 0.122583
vn -0.261960 -0.269691 0.926630
vn -0.321814 -0.145428 0.935567
vn -0.905436 -0.409156 0.113037
vn -0.684144 -0.722078 0.102711
vn -0.321814 -0.145428 0.935567
vn -0.380518 -0.005610 0.924756
vn -0.995016 -0.010027 0.099212
vn -0.905436 -0.409156 0.113037
vn -0.097431 0.100306 0.990175
vn -0.003862 0.001745 0.999991
vn -0.829596 0.374879 0.413807
vn -0.636451 0.666407 0.388370
vn -0.003862 0.001745 0.999991
vn -0.011496 0.000142 0.999934
vn -0.923227 0.009227 0.384145
vn -0.829596 0.374879 0.413807
vn -0.081882 0.000581 0.996642
vn -0.123555 0.055834 0.990766
vn -0.829595 0.374888 0.413801
vn -0.923341 0.007704 0.383904
vn -0.123555 0.055834 0.990766
vn -0.113384 0.122249 0.986002
vn -0.630306 0.672981 0.387054
vn -0.829595 0.374888 0.413801
vn -0.081882 -0.000581 0.996642
vn 0.000000 0.000000 1.000000
vn 0.000000 0.000000 1.000000
vn -0.081882 0.000581 0.996642
vn 0.000000 0.000000 1.000000
vn 0.000000 0.000000 1.000000
vn 0.000000 0.000000 1.000000
vn 0.000000 0.000000 1.000000
vn -0.081882 -0.000581 0.996642
vn -0.123556 -0.055835 0.990766
vn 0.000000 0.000000 1.000000
vn 0.000000 0.000000 1.000000
vn 0.000000 0.000000 1.000000
vn -0.003862 -0.001745 0.999991
vn 0.000000 0.000000 1.000000
vn -0.123555 0.055834 0.990766
vn 0.000000 0.000000 1.000000
vn -0.113384 0.122249 0.986002
vn -0.113384 0.122249 0.986002
vn 0.000000 0.000000 1.000000
vn -0.097431 0.100306 0.990175
vn -0.081882 0.000581 0.996642
vn 0.000000 0.000000 1.000000
vn -0.123555 0.055834 0.990766
vn 0.000000 0.000000 1.000000
vn -0.011496 0.000142 0.999934
vn -0.003862 0.001745 0.999991
vn 0.000000 0.000000 1.000000
vn -0.011469 -0.000102 0.999934
vn -0.015146 0.000000 0.999885
vn 0.000000 0.000000 1.000000
vn 0.000000 0.000000 1.000000
vn -0.097435 -0.100306 0.990174
vn -0.003862 -0.001745 0.999991
vn 0.000000 0.000000 1.000000
vn -0.113385 -0.122249 0.986002
vn -0.097435 -0.100306 0.990174
vn 0.000000 0.000000 1.000000
vn -0.123556 -0.055835 0.990766
vn -0.113385 -0.122249 0.986002
s off
g Door_01:Door_01 Door_01:DoorPanel02
usemtl aiStandardSurface4SG
f 888/1004/2545 902/1008/2546 904/1009/2547
f 894/1010/2548 915/1011/2549 889/1005/2550 887/1006/2551
f 889/1005/2552 914/1012/2553 932/1013/2554 933/1007/2555
f 898/1014/2556 897/1015/2557 902/1008/2558 903/1016/2559
f 897/1015/2560 896/1017/2561 904/1009/2562 902/1008/2563
f 907/1018/2564 906/1019/2565 912/1020/2566 911/1021/2567
f 906/1019/2568 905/1022/2569 913/1023/2570 912/1020/2571
f 919/1024/2572 918/1025/2573 921/1026/2574 920/1027/2575
f 918/1028/2576 917/1029/2577 922/1030/2578 921/1031/2579
f 928/1032/2580 927/1033/2581 930/1034/2582 929/1035/2583
f 927/1036/2584 926/1037/2585 931/1038/2586 930/1039/2587
f 894/1010/2588 893/1040/2589 917/1041/2590 915/1011/2591
f 893/1042/2592 895/1043/2593 922/1030/2594 917/1029/2595
f 890/1044/2596 892/1049/2597 896/1050/2598 899/1045/2599
f 892/1051/2600 891/1052/2601 904/1009/2602 896/1017/2603
f 901/1046/2604 898/1053/2605 905/1054/2606 908/1047/2607
f 898/1014/2608 903/1016/2609 913/1023/2610 905/1022/2611
f 916/1055/2612 919/1056/2613 926/1057/2614 923/1058/2615
f 919/1024/2616 920/1027/2617 931/1038/2618 926/1037/2619
f 910/1048/2620 907/1059/2621 928/1032/2622 929/1035/2623
f 907/1018/2624 911/1021/2625 925/1060/2626 928/1061/2627
f 916/1055/2628 932/1013/2629 914/1012/2630
f 896/1050/2631 897/1062/2632 900/1063/2633 899/1045/2634
f 897/1064/2635 898/1053/2636 901/1046/2637 900/1065/2638
f 905/1054/2639 906/1066/2640 909/1067/2641 908/1047/2642
f 906/1068/2643 907/1059/2644 910/1048/2645 909/1069/2646
f 916/1055/2647 914/1012/2648 918/1070/2649 919/1056/2650
f 914/1012/2651 915/1011/2652 917/1041/2653 918/1070/2654
f 925/1060/2655 924/1071/2656 927/1072/2657 928/1061/2658
f 924/1071/2659 923/1058/2660 926/1057/2661 927/1072/2662
f 911/1021/2663 934/1073/2664 932/1013/2665 925/1060/2666
f 933/1007/2667 932/1013/2668 934/1073/2669 935/1074/2670
f 911/1021/2671 912/1020/2672 934/1073/2673
f 935/1074/2674 934/1073/2675 902/1008/2676 888/1004/2677
f 924/1071/2678 932/1013/2679 923/1058/2680
f 923/1058/2681 932/1013/2682 916/1055/2683
f 925/1060/2684 932/1013/2685 924/1071/2686
f 889/1005/2687 915/1011/2688 914/1012/2689
f 888/1004/2690 904/1009/2691 891/1052/2692 886/1003/2693
f 934/1073/2694 903/1016/2695 902/1008/2696
f 934/1073/2697 913/1023/2698 903/1016/2699
f 934/1073/2700 912/1020/2701 913/1023/2702
g default
v 231.660828 47.616932 365.377228
v 231.660828 270.408508 365.377228
v 231.660828 141.930206 365.377228
v 231.660828 200.217896 365.377228
v 280.804626 47.616932 365.377228
v 280.804626 270.408508 365.377228
v 293.296692 47.616932 365.377228
v 296.672424 47.616932 362.001495
v 295.683777 47.616932 364.388489
v 293.296692 270.408508 365.377228
v 295.683777 270.408508 364.388489
v 296.672424 270.408508 362.001495
v 291.346619 131.967834 365.377228
v 293.296692 127.652237 365.377228
v 292.786560 130.020126 365.377228
v 295.683777 128.730881 364.388489
v 295.173523 131.098770 364.388489
v 293.733582 133.046494 364.388489
v 294.722351 133.493286 362.001495
v 296.162292 131.545563 362.001495
v 296.672424 129.177673 362.001495
v 280.804626 141.930206 365.377228
v 282.244568 139.982483 365.377228
v 280.294373 144.298096 365.377228
v 284.631531 141.061142 364.388489
v 283.191589 143.008850 364.388489
v 282.681335 145.376740 364.388489
v 283.670105 145.823532 362.001495
v 284.180359 143.455643 362.001495
v 285.620300 141.507935 362.001495
v 280.804626 200.217896 365.377228
v 280.294373 197.850006 365.377228
v 282.244568 202.165619 365.377228
v 282.681335 196.771362 364.388489
v 283.191589 199.139252 364.388489
v 284.631531 201.086960 364.388489
v 285.620300 200.640167 362.001495
v 284.180359 198.692459 362.001495
v 283.670105 196.324570 362.001495
v 295.683777 213.417206 364.388489
v 295.173523 211.049316 364.388489
v 293.733582 209.101608 364.388489
v 296.672424 212.970413 362.001495
v 296.162292 210.602524 362.001495
v 294.722351 208.654816 362.001495
v 291.346619 210.180267 365.377228
v 292.786560 212.127991 365.377228
v 293.296692 214.495880 365.377228
v 280.804626 214.495865 365.377228
v 231.660828 214.495865 365.377228
v 280.804626 127.652206 365.377228
v 231.660828 127.652206 365.377228
vt 0.375000 0.250000
vt 0.475000 0.250000
vt 0.375000 0.106076
vt 0.375000 0.125000
vt 0.375000 0.187500
vt 0.375000 0.200214
vt 0.375000 0.000000
vt 0.475000 0.000000
vt 0.468205 0.103554
vt 0.466994 0.189481
vt 0.468623 0.201792
vt 0.466992 0.122027
vt 0.468509 0.125920
vt 0.493509 0.250000
vt 0.149986 1.000000
vt 0.000000 1.000000
vt 0.000000 0.750026
vt 0.149986 0.750026
vt 1.000000 1.000000
vt 0.968961 1.000000
vt 0.969125 0.750026
vt 1.000000 0.750026
vt 0.045933 1.000000
vt 0.000000 1.000000
vt 0.000000 0.750026
vt 0.046652 0.750026
vt 1.000000 1.000000
vt 0.850014 1.000000
vt 0.850014 0.750026
vt 1.000000 0.750026
vt 0.149985 1.000000
vt 0.000000 1.000000
vt 0.000000 0.750026
vt 0.149987 0.750026
vt 1.000000 1.000000
vt 0.954083 1.000000
vt 0.953348 0.750026
vt 1.000000 0.750026
vt 0.496250 0.187500
vt 0.500000 0.187500
vt 0.493509 0.191433
vt 0.489760 0.191043
vt 0.500000 0.190225
vt 0.493509 0.194034
vt 0.493509 0.000000
vt 0.500000 0.000000
vt 0.500000 0.121120
vt 0.493509 0.115374
vt 0.000000 1.000000
vt 0.000000 0.750026
vt 1.000000 0.750026
vt 0.043281 0.750026
vt 0.850015 0.750026
vt 0.489760 0.119702
vt 0.496250 0.125000
vt 0.478750 0.125000
vt 0.472259 0.122423
vt 0.475000 0.127870
vt 0.475000 0.184630
vt 0.468509 0.185922
vt 1.000000 1.000000
vt 0.043605 1.000000
vt 0.500000 0.250000
vt 0.850013 1.000000
vt 0.472259 0.189223
vt 0.478750 0.187500
vt 0.493509 0.119119
vt 0.500000 0.125000
vt 0.475000 0.125000
vt 0.475000 0.187500
vt 0.000000 1.000000
vt 0.000000 0.750026
vt 1.000000 1.000000
vt 1.000000 0.750026
vn 0.000000 0.000000 1.000000
vn 0.000000 0.000000 1.000000
vn 0.000000 0.000000 1.000000
vn 0.000000 0.000000 1.000000
vn 0.000000 0.000000 1.000000
vn 0.004861 -0.002196 0.999986
vn 0.000000 0.000000 1.000000
vn 0.000000 0.000000 1.000000
vn 0.000000 0.000000 1.000000
vn 0.004861 0.002196 0.999986
vn 0.013963 0.000191 0.999903
vn 0.630306 0.672981 0.387054
vn 0.829593 0.374888 0.413805
vn 0.905436 0.409156 0.113038
vn 0.684144 0.722078 0.102712
vn 0.829593 0.374888 0.413805
vn 0.923548 0.004814 0.383452
vn 0.995044 0.006312 0.099231
vn 0.905436 0.409156 0.113038
vn 0.923139 0.010379 0.384327
vn 0.829596 0.374880 0.413806
vn 0.904405 0.408687 0.122583
vn 0.993156 0.009178 0.116433
vn 0.829596 0.374880 0.413806
vn 0.636452 0.666407 0.388369
vn 0.681365 0.722797 0.115354
vn 0.904405 0.408687 0.122583
vn 0.636453 -0.666407 0.388368
vn 0.829596 -0.374878 0.413807
vn 0.904405 -0.408687 0.122582
vn 0.681365 -0.722797 0.115353
vn 0.829596 -0.374878 0.413807
vn 0.923139 -0.010379 0.384327
vn 0.993156 -0.009178 0.116433
vn 0.904405 -0.408687 0.122582
vn 0.261956 -0.269690 0.926632
vn 0.321811 -0.145428 0.935569
vn 0.123555 -0.055834 0.990766
vn 0.113383 -0.122249 0.986002
vn 0.321811 -0.145428 0.935569
vn 0.380804 -0.004873 0.924643
vn 0.080961 -0.000496 0.996717
vn 0.123555 -0.055834 0.990766
vn 0.066679 0.000000 0.997775
vn 0.382691 0.000000 0.923876
vn 0.923548 0.004814 0.383452
vn 0.080587 0.000349 0.996748
vn 0.382691 0.000000 0.923876
vn 0.994223 0.000000 0.107336
vn 0.995044 0.006312 0.099231
vn 0.923548 0.004814 0.383452
vn 0.113381 0.122249 0.986002
vn 0.630306 0.672981 0.387054
vn 0.636452 0.666407 0.388369
vn 0.097428 0.100306 0.990175
vn 0.630306 0.672981 0.387054
vn 0.684144 0.722078 0.102712
vn 0.681365 0.722797 0.115354
vn 0.636452 0.666407 0.388369
vn 0.013963 0.000191 0.999903
vn 0.923139 0.010379 0.384327
vn 0.923139 -0.010379 0.384327
vn 0.013963 -0.000191 0.999903
vn 0.923139 0.010379 0.384327
vn 0.993156 0.009178 0.116433
vn 0.993156 -0.009178 0.116433
vn 0.923139 -0.010379 0.384327
vn 0.994233 0.000000 0.107245
vn 0.923878 0.000000 0.382688
vn 0.380804 -0.004873 0.924643
vn 0.995005 -0.008856 0.099433
vn 0.923878 0.000000 0.382688
vn 0.066839 0.000000 0.997764
vn 0.080961 -0.000496 0.996717
vn 0.380804 -0.004873 0.924643
vn 0.684144 -0.722078 0.102710
vn 0.261956 -0.269690 0.926632
vn 0.636453 -0.666407 0.388368
vn 0.681365 -0.722797 0.115353
vn 0.261956 -0.269690 0.926632
vn 0.113383 -0.122249 0.986002
vn 0.097431 -0.100306 0.990175
vn 0.636453 -0.666407 0.388368
vn 0.080587 0.000349 0.996748
vn 0.000000 0.000000 1.000000
vn 0.000000 0.000000 1.000000
vn 0.066679 0.000000 0.997775
vn 0.097431 -0.100306 0.990175
vn 0.000000 0.000000 1.000000
vn 0.004861 -0.002196 0.999986
vn 0.113381 0.122249 0.986002
vn 0.123556 0.055835 0.990766
vn 0.829593 0.374888 0.413805
vn 0.630306 0.672981 0.387054
vn 0.123556 0.055835 0.990766
vn 0.080587 0.000349 0.996748
vn 0.923548 0.004814 0.383452
vn 0.829593 0.374888 0.413805
vn 0.013963 0.000191 0.999903
vn 0.004861 0.002196 0.999986
vn 0.829596 0.374880 0.413806
vn 0.923139 0.010379 0.384327
vn 0.004861 0.002196 0.999986
vn 0.097428 0.100306 0.990175
vn 0.636452 0.666407 0.388369
vn 0.829596 0.374880 0.413806
vn 0.097431 -0.100306 0.990175
vn 0.004861 -0.002196 0.999986
vn 0.829596 -0.374878 0.413807
vn 0.636453 -0.666407 0.388368
vn 0.004861 -0.002196 0.999986
vn 0.013963 -0.000191 0.999903
vn 0.923139 -0.010379 0.384327
vn 0.829596 -0.374878 0.413807
vn 0.380804 -0.004873 0.924643
vn 0.321811 -0.145428 0.935569
vn 0.905436 -0.409156 0.113036
vn 0.995005 -0.008856 0.099433
vn 0.321811 -0.145428 0.935569
vn 0.261956 -0.269690 0.926632
vn 0.684144 -0.722078 0.102710
vn 0.905436 -0.409156 0.113036
vn 0.066839 0.000000 0.997764
vn 0.000000 0.000000 1.000000
vn 0.000000 0.000000 1.000000
vn 0.080961 -0.000496 0.996717
vn 0.000000 0.000000 1.000000
vn 0.000000 0.000000 1.000000
vn 0.000000 0.000000 1.000000
vn 0.000000 0.000000 1.000000
vn 0.000000 0.000000 1.000000
vn 0.097428 0.100306 0.990175
vn 0.004861 0.002196 0.999986
vn 0.000000 0.000000 1.000000
vn 0.000000 0.000000 1.000000
vn 0.004861 0.002196 0.999986
vn 0.000000 0.000000 1.000000
vn 0.113383 -0.122249 0.986002
vn 0.000000 0.000000 1.000000
vn 0.097431 -0.100306 0.990175
vn 0.123555 -0.055834 0.990766
vn 0.000000 0.000000 1.000000
vn 0.113383 -0.122249 0.986002
vn 0.080961 -0.000496 0.996717
vn 0.000000 0.000000 1.000000
vn 0.123555 -0.055834 0.990766
vn 0.000000 0.000000 1.000000
vn 0.013963 -0.000191 0.999903
vn 0.004861 -0.002196 0.999986
vn 0.000000 0.000000 1.000000
vn 0.013963 0.000191 0.999903
vn 0.013963 -0.000191 0.999903
vn 0.000000 0.000000 1.000000
vn 0.113381 0.122249 0.986002
vn 0.097428 0.100306 0.990175
vn 0.000000 0.000000 1.000000
vn 0.113381 0.122249 0.986002
vn 0.000000 0.000000 1.000000
vn 0.123556 0.055835 0.990766
vn 0.123556 0.055835 0.990766
vn 0.000000 0.000000 1.000000
vn 0.080587 0.000349 0.996748
s off
g Door_01:Door_01 Door_01:DoorPanel01
usemtl aiStandardSurface4SG
f 936/1081/2703 940/1082/2704 986/1083/2705 987/1077/2706
f 939/1079/2707 966/1084/2708 984/1085/2709 985/1080/2710
f 938/1078/2711 957/1086/2712 959/1087/2713
f 953/1089/2714 952/1090/2715 955/1091/2716 954/1092/2717
f 952/1093/2718 951/1094/2719 956/1095/2720 955/1096/2721
f 962/1097/2722 961/1098/2723 964/1099/2724 963/1100/2725
f 961/1101/2726 960/1102/2727 965/1103/2728 964/1104/2729
f 971/1105/2730 970/1106/2731 973/1107/2732 972/1108/2733
f 970/1109/2734 969/1110/2735 974/1111/2736 973/1112/2737
f 977/1113/2738 976/1114/2739 982/1115/2740 981/1116/2741
f 976/1114/2742 975/1117/2743 983/1118/2744 982/1115/2745
f 942/1119/2746 944/1120/2747 951/1121/2748 949/1122/2749
f 944/1123/2750 943/1124/2751 956/1095/2752 951/1094/2753
f 948/1128/2754 953/1129/2755 960/1130/2756 958/1131/2757
f 953/1089/2758 954/1092/2759 965/1103/2760 960/1102/2761
f 959/1087/2762 962/1132/2763 969/1133/2764 967/1134/2765
f 962/1097/2766 963/1100/2767 974/1111/2768 969/1110/2769
f 947/1125/2770 946/1135/2771 975/1136/2772 978/1126/2773
f 946/1137/2774 945/1088/2775 983/1118/2776 975/1117/2777
f 980/1127/2778 977/1138/2779 971/1105/2780 972/1108/2781
f 977/1113/2782 981/1116/2783 968/1139/2784 971/1140/2785
f 949/1122/2786 986/1083/2787 940/1082/2788 942/1119/2789
f 968/1139/2790 984/1085/2791 966/1084/2792
f 948/1128/2793 950/1141/2794 952/1142/2795 953/1129/2796
f 950/1141/2797 949/1122/2798 951/1121/2799 952/1142/2800
f 959/1087/2801 957/1086/2802 961/1143/2803 962/1132/2804
f 957/1086/2805 958/1131/2806 960/1130/2807 961/1143/2808
f 968/1139/2809 966/1084/2810 970/1144/2811 971/1140/2812
f 966/1084/2813 967/1134/2814 969/1133/2815 970/1144/2816
f 975/1136/2817 976/1145/2818 979/1146/2819 978/1126/2820
f 976/1147/2821 977/1138/2822 980/1127/2823 979/1148/2824
f 945/1088/2825 941/1076/2826 984/1085/2827 983/1118/2828
f 985/1080/2829 984/1085/2830 941/1076/2831 937/1075/2832
f 986/1083/2833 958/1131/2834 957/1086/2835
f 987/1077/2836 986/1083/2837 957/1086/2838 938/1078/2839
f 981/1116/2840 984/1085/2841 968/1139/2842
f 982/1115/2843 984/1085/2844 981/1116/2845
f 983/1118/2846 984/1085/2847 982/1115/2848
f 939/1079/2849 967/1134/2850 966/1084/2851
f 938/1078/2852 959/1087/2853 967/1134/2854 939/1079/2855
f 948/1128/2856 958/1131/2857 986/1083/2858
f 948/1128/2859 986/1083/2860 950/1141/2861
f 950/1141/2862 986/1083/2863 949/1122/2864
