# This file uses centimeters as units for non-parametric coordinates.

mtllib building.mtl
g default
v -1614.635984 3667.804063 -665.568637
v -2289.045112 3667.804063 -1330.653595
v -1560.708669 3667.804063 -1265.145331
v -2326.795849 3667.804063 -910.931931
v -2163.117404 3667.804063 -714.900324
v -2163.117404 2940.330785 -714.900324
v -1614.635984 2940.330785 -665.568637
v -1560.708669 2940.330785 -1265.145331
v -2289.045112 2940.330785 -1330.653595
v -2326.795849 2940.330785 -910.931931
v -2243.732281 2714.373626 -1276.384092
v -1565.187002 2714.373626 -1215.354160
v -1610.157651 2714.373626 -715.359808
v -2138.014884 2714.373626 -762.836508
v -2275.149699 2714.373626 -927.077778
v -2138.014884 2940.330785 -762.836508
v -1610.157651 2940.330785 -715.359808
v -1565.187002 2940.330785 -1215.354160
v -2243.732281 2940.330785 -1276.384092
v -2275.149699 2940.330785 -927.077778
v -2163.117404 3456.867158 -714.900324
v -1614.635984 3456.867158 -665.568637
v -1560.708669 3456.867158 -1265.145331
v -2289.045112 3456.867158 -1330.653595
v -2326.795849 3456.867158 -910.931931
v -2163.117404 3638.090111 -714.900324
v -1614.635984 3638.090111 -665.568637
v -1560.708669 3638.090111 -1265.145331
v -2289.045112 3638.090111 -1330.653595
v -2326.795849 3638.090111 -910.931931
v -2163.117404 3486.581110 -714.900324
v -1614.635984 3486.581110 -665.568637
v -1560.708669 3486.581110 -1265.145331
v -2289.045112 3486.581110 -1330.653595
v -2326.795849 3486.581110 -910.931931
v -2170.652347 3660.573901 -700.511433
v -2170.652347 3645.321948 -700.511433
v -1601.034530 3645.321948 -649.278689
v -1601.034530 3660.573901 -649.278689
v -2302.646565 3660.573901 -1346.943542
v -1544.418715 3660.573901 -1278.746776
v -1544.418715 3645.321948 -1278.746776
v -2302.646565 3645.321948 -1346.943542
v -2342.298358 3645.321948 -906.085491
v -2342.298358 3660.573901 -906.085491
v -2170.652347 3479.350469 -700.511433
v -2170.652347 3464.100191 -700.511433
v -1601.034530 3464.100191 -649.278689
v -1601.034530 3479.350469 -649.278689
v -1544.418715 3464.100191 -1278.746776
v -1544.418715 3479.350469 -1278.746776
v -2302.646565 3479.350469 -1346.943542
v -2302.646565 3464.100191 -1346.943542
v -2342.298358 3464.100191 -906.085491
v -2342.298358 3479.350469 -906.085491
v -2170.832969 3626.052759 -724.140974
v -2170.832969 3498.621093 -724.140974
v -2319.080284 3626.052759 -901.691281
v -2319.080284 3498.621093 -901.691281
v -2151.127563 3626.052759 -713.821930
v -1626.625835 3626.052759 -666.647032
v -2151.127563 3498.621093 -713.821930
v -1626.625835 3498.621093 -666.647032
v -2290.123506 3626.052759 -1318.663752
v -2325.717455 3626.052759 -922.921774
v -2290.123506 3498.621093 -1318.663752
v -2325.717455 3498.621093 -922.921774
v -2145.818861 3622.249161 -730.383532
v -1628.894033 3622.249161 -683.890117
v -2145.818861 3502.424691 -730.383532
v -1628.894033 3502.424691 -683.890117
v -2273.561889 3622.249161 -1313.355066
v -2308.474354 3622.249161 -925.189995
v -2273.561889 3502.423256 -1313.355066
v -2308.474354 3502.423256 -925.189995
v -2160.244137 3622.249161 -737.937580
v -2160.244137 3502.424691 -737.937580
v -2303.615617 3622.249161 -909.648289
v -2303.615617 3502.424691 -909.648289
v -2141.897805 3667.804063 -755.421624
v -2283.138441 3667.804063 -924.580294
v -1652.939726 3667.804063 -711.443603
v -1606.583638 3667.804063 -1226.841592
v -2250.741370 3667.804063 -1284.778628
v -2141.897802 3709.091489 -755.421659
v -2283.138439 3709.091489 -924.580321
v -1652.939722 3709.091489 -711.443639
v -1606.583637 3709.091489 -1226.841610
v -2250.741368 3709.091489 -1284.778646
v -2148.194415 3718.549408 -743.397521
v -2296.093153 3718.549408 -920.530369
v -1641.573633 3718.549408 -697.830876
v -1592.970892 3718.549408 -1238.207701
v -2262.107459 3718.549408 -1298.391392
v -2148.194415 3736.146822 -743.397521
v -2296.093153 3736.146822 -920.530369
v -1641.573633 3736.146822 -697.830876
v -1592.970892 3736.146822 -1238.207701
v -2262.107459 3736.146822 -1298.391392
v -2137.679066 3736.146822 -763.477805
v -2274.458785 3736.146822 -927.293807
v -1660.554998 3736.146822 -720.564163
v -1615.704170 3736.146822 -1219.226326
v -2243.126094 3736.146822 -1275.658105
v -2137.679066 3722.603964 -763.477805
v -2274.458785 3722.603964 -927.293807
v -1660.554998 3722.603964 -720.564163
v -1615.704170 3722.603964 -1219.226326
v -2243.126094 3722.603964 -1275.658105
vt 0.625000 0.500000
vt 0.375000 0.750000
vt 0.875000 0.250000
vt 0.436735 1.000000
vt 0.375000 0.925007
vt 0.375000 0.324993
vt 0.375000 0.500000
vt 0.125000 0.000000
vt 0.300007 0.000000
vt 0.125000 0.250000
vt 0.436735 0.250000
vt 0.625000 0.250000
vt 0.436735 0.000000
vt 0.300007 0.250000
vt 0.436735 0.125000
vt 0.625000 0.125000
vt 0.625000 0.625000
vt 0.875000 0.125000
vt 0.125000 0.125000
vt 0.375000 0.625000
vt 0.300007 0.125000
vt 0.625000 0.750000
vt 0.625000 1.000000
vt 0.625000 0.000000
vt 0.625000 0.125000
vt 0.436735 0.125000
vt 0.375000 0.625000
vt 0.625000 0.625000
vt 0.300007 0.125000
vt 0.125000 0.125000
vt 0.436735 0.187500
vt 0.625000 0.187500
vt 0.625000 0.562500
vt 0.875000 0.187500
vt 0.125000 0.187500
vt 0.375000 0.562500
vt 0.300007 0.187500
vt 0.436735 0.234375
vt 0.625000 0.234375
vt 0.625000 0.515625
vt 0.875000 0.234375
vt 0.125000 0.234375
vt 0.375000 0.515625
vt 0.300007 0.234375
vt 0.436735 0.203125
vt 0.625000 0.203125
vt 0.625000 0.546875
vt 0.875000 0.203125
vt 0.125000 0.203125
vt 0.375000 0.546875
vt 0.300007 0.203125
vt 0.436735 0.234375
vt 0.625000 0.234375
vt 0.625000 0.250000
vt 0.436735 0.250000
vt 0.375000 0.500000
vt 0.625000 0.500000
vt 0.625000 0.515625
vt 0.375000 0.515625
vt 0.875000 0.234375
vt 0.875000 0.250000
vt 0.125000 0.234375
vt 0.300007 0.234375
vt 0.300007 0.250000
vt 0.125000 0.250000
vt 0.436735 0.187500
vt 0.625000 0.187500
vt 0.625000 0.203125
vt 0.436735 0.203125
vt 0.875000 0.187500
vt 0.875000 0.203125
vt 0.375000 0.546875
vt 0.625000 0.546875
vt 0.625000 0.562500
vt 0.375000 0.562500
vt 0.125000 0.187500
vt 0.300007 0.187500
vt 0.300007 0.203125
vt 0.125000 0.203125
vt 0.436735 0.203125
vt 0.436735 0.234375
vt 0.300007 0.234375
vt 0.300007 0.203125
vt 0.625000 0.234375
vt 0.436735 0.234375
vt 0.436735 0.203125
vt 0.625000 0.203125
vt 0.300007 0.234375
vt 0.125000 0.234375
vt 0.125000 0.203125
vt 0.300007 0.203125
vt 0.625000 0.234375
vt 0.436735 0.234375
vt 0.436735 0.203125
vt 0.625000 0.203125
vt 0.300007 0.234375
vt 0.125000 0.234375
vt 0.125000 0.203125
vt 0.300007 0.203125
vt 0.436735 0.203125
vt 0.436735 0.234375
vt 0.300007 0.234375
vt 0.300007 0.203125
vt 0.375000 0.324993
vt 0.436735 0.250000
vt 0.625000 0.250000
vt 0.625000 0.500000
vt 0.375000 0.500000
vt 0.375000 0.324993
vt 0.436735 0.250000
vt 0.625000 0.250000
vt 0.625000 0.500000
vt 0.375000 0.500000
vt 0.375000 0.324993
vt 0.436735 0.250000
vt 0.625000 0.250000
vt 0.625000 0.500000
vt 0.375000 0.500000
vt 0.375000 0.324993
vt 0.436735 0.250000
vt 0.625000 0.250000
vt 0.625000 0.500000
vt 0.375000 0.500000
vt 0.375000 0.324993
vt 0.436735 0.250000
vt 0.625000 0.250000
vt 0.625000 0.500000
vt 0.375000 0.500000
vt 0.375000 0.324993
vt 0.436735 0.250000
vt 0.625000 0.250000
vt 0.625000 0.500000
vt 0.375000 0.500000
vn -0.089581 0.000000 0.995979
vn -0.089581 0.000000 0.995979
vn -0.089581 0.000000 0.995979
vn -0.089581 0.000000 0.995979
vn 0.089581 0.000000 -0.995979
vn 0.089581 0.000000 -0.995979
vn 0.089581 0.000000 -0.995979
vn 0.089581 0.000000 -0.995979
vn -0.000000 -1.000000 0.000000
vn -0.000000 -1.000000 0.000000
vn -0.000000 -1.000000 0.000000
vn -0.000000 -1.000000 0.000000
vn -0.000000 -1.000000 0.000000
vn 0.995980 0.000000 0.089581
vn 0.995980 0.000000 0.089581
vn 0.995980 0.000000 0.089581
vn 0.995980 0.000000 0.089581
vn -0.995980 0.000000 -0.089581
vn -0.995980 0.000000 -0.089581
vn -0.995980 0.000000 -0.089581
vn -0.995980 0.000000 -0.089581
vn 0.000000 1.000000 0.000000
vn 0.000000 1.000000 0.000000
vn 0.000000 1.000000 0.000000
vn 0.000000 1.000000 0.000000
vn 0.000000 1.000000 0.000000
vn -0.767607 0.000000 0.640921
vn -0.767607 0.000000 0.640921
vn -0.767607 0.000000 0.640921
vn -0.767607 0.000000 0.640921
vn -0.089581 0.000000 0.995979
vn -0.089581 0.000000 0.995979
vn -0.089581 0.000000 0.995979
vn -0.089581 0.000000 0.995979
vn 0.089581 0.000000 -0.995979
vn 0.089581 0.000000 -0.995979
vn 0.089581 0.000000 -0.995979
vn 0.089581 0.000000 -0.995979
vn -0.995980 0.000000 -0.089581
vn -0.995980 0.000000 -0.089581
vn -0.995980 0.000000 -0.089581
vn -0.995980 0.000000 -0.089581
vn -0.767607 0.000000 0.640921
vn -0.767607 0.000000 0.640921
vn -0.767607 0.000000 0.640921
vn -0.767607 0.000000 0.640921
vn 0.000000 -1.000000 0.000000
vn 0.000000 -1.000000 0.000000
vn 0.000000 -1.000000 0.000000
vn 0.000000 -1.000000 0.000000
vn 0.000000 -1.000000 -0.000000
vn 0.000000 -1.000000 -0.000000
vn 0.000000 -1.000000 -0.000000
vn 0.000000 -1.000000 -0.000000
vn 0.000000 -1.000000 0.000000
vn 0.000000 -1.000000 0.000000
vn -0.089581 0.000000 0.995979
vn -0.089581 0.000000 0.995979
vn -0.089581 0.000000 0.995979
vn -0.089581 0.000000 0.995979
vn 0.995980 0.000000 0.089581
vn 0.995980 0.000000 0.089581
vn 0.995980 0.000000 0.089581
vn 0.995980 0.000000 0.089581
vn 0.089581 0.000000 -0.995979
vn 0.089581 0.000000 -0.995979
vn 0.089581 0.000000 -0.995979
vn 0.089581 0.000000 -0.995979
vn -0.995980 0.000000 -0.089581
vn -0.995980 0.000000 -0.089581
vn -0.995980 0.000000 -0.089581
vn -0.995980 0.000000 -0.089581
vn -0.767607 0.000000 0.640921
vn -0.767607 0.000000 0.640921
vn -0.767607 0.000000 0.640921
vn -0.767607 0.000000 0.640921
vn -0.089581 0.000000 0.995979
vn -0.089581 0.000000 0.995979
vn -0.089581 0.000000 0.995979
vn -0.089581 0.000000 0.995979
vn 0.995980 0.000000 0.089581
vn 0.995980 0.000000 0.089581
vn 0.995980 0.000000 0.089581
vn 0.995980 0.000000 0.089581
vn 0.089581 0.000000 -0.995980
vn 0.089581 0.000000 -0.995980
vn 0.089581 0.000000 -0.995980
vn 0.089581 0.000000 -0.995980
vn -0.995980 0.000000 -0.089581
vn -0.995980 0.000000 -0.089581
vn -0.995980 0.000000 -0.089581
vn -0.995980 0.000000 -0.089581
vn -0.767607 0.000000 0.640921
vn -0.767607 0.000000 0.640921
vn -0.767607 0.000000 0.640921
vn -0.767607 0.000000 0.640921
vn -0.089581 0.000000 0.995979
vn -0.089581 0.000000 0.995979
vn -0.089581 0.000000 0.995979
vn -0.089581 0.000000 0.995979
vn 0.995980 0.000000 0.089581
vn 0.995980 0.000000 0.089581
vn 0.995980 0.000000 0.089581
vn 0.995980 0.000000 0.089581
vn 0.089581 0.000000 -0.995979
vn 0.089581 0.000000 -0.995979
vn 0.089581 0.000000 -0.995979
vn 0.089581 0.000000 -0.995979
vn -0.995980 0.000000 -0.089581
vn -0.995980 0.000000 -0.089581
vn -0.995980 0.000000 -0.089581
vn -0.995980 0.000000 -0.089581
vn -0.767607 0.000000 0.640921
vn -0.767607 0.000000 0.640921
vn -0.767607 0.000000 0.640921
vn -0.767607 0.000000 0.640921
vn -0.141252 -0.912244 0.384524
vn -0.038891 -0.900844 0.432397
vn -0.038891 -0.900844 0.432398
vn -0.122252 -0.911008 0.393853
vn 0.127157 0.983589 0.127999
vn -0.059663 0.984917 0.162417
vn -0.122228 0.911044 0.393776
vn -0.038883 0.900884 0.432315
vn -0.081581 0.983642 -0.160605
vn 0.130314 0.983977 -0.121686
vn 0.038884 0.900883 -0.432317
vn 0.038884 0.900883 -0.432317
vn 0.038891 -0.900844 -0.432397
vn 0.038891 -0.900844 -0.432397
vn 0.038891 -0.900844 -0.432397
vn 0.038891 -0.900844 -0.432397
vn 0.432397 -0.900844 0.038891
vn 0.432397 -0.900844 0.038891
vn 0.432397 -0.900844 0.038891
vn 0.432397 -0.900844 0.038891
vn 0.432316 0.900883 0.038883
vn 0.432316 0.900883 0.038883
vn -0.432397 -0.900844 -0.038891
vn -0.402882 -0.912360 0.072703
vn -0.395942 -0.913224 0.096191
vn -0.432397 -0.900844 -0.038891
vn -0.168141 0.985296 0.030342
vn -0.432316 0.900884 -0.038883
vn -0.395866 0.913259 0.096172
vn -0.141272 -0.912219 0.384577
vn -0.038896 -0.900815 0.432456
vn -0.038896 -0.900815 0.432456
vn -0.122269 -0.910982 0.393907
vn -0.038886 0.900872 0.432339
vn -0.141233 0.912269 0.384471
vn -0.122235 0.911033 0.393798
vn -0.038886 0.900872 0.432339
vn 0.432455 -0.900816 0.038896
vn 0.432455 -0.900816 0.038896
vn 0.432455 -0.900816 0.038896
vn 0.432455 -0.900816 0.038896
vn 0.432339 0.900872 0.038886
vn 0.432339 0.900872 0.038886
vn 0.432339 0.900872 0.038886
vn 0.432339 0.900872 0.038886
vn 0.038886 0.900872 -0.432339
vn 0.038886 0.900872 -0.432339
vn 0.038886 0.900872 -0.432339
vn 0.038886 0.900872 -0.432339
vn 0.038896 -0.900816 -0.432456
vn 0.038896 -0.900816 -0.432456
vn 0.038896 -0.900816 -0.432456
vn 0.038896 -0.900816 -0.432456
vn -0.432455 -0.900816 -0.038896
vn -0.402938 -0.912335 0.072712
vn -0.395997 -0.913199 0.096204
vn -0.432455 -0.900816 -0.038896
vn -0.402827 0.912385 0.072692
vn -0.432339 0.900872 -0.038886
vn -0.432339 0.900872 -0.038886
vn -0.395888 0.913249 0.096178
vn -0.767607 -0.000000 0.640920
vn -0.767608 0.000000 0.640920
vn -0.767608 0.000000 0.640920
vn -0.767607 -0.000000 0.640921
vn -0.767607 0.000000 0.640920
vn -0.767607 0.000000 0.640920
vn -0.767607 -0.000000 0.640921
vn -0.767607 -0.000000 0.640921
vn -0.089581 0.000000 0.995979
vn -0.089581 0.000000 0.995979
vn -0.089581 0.000000 0.995979
vn -0.089581 0.000000 0.995979
vn -0.089581 0.000000 0.995979
vn -0.089581 0.000000 0.995979
vn -0.089581 0.000000 0.995979
vn -0.089581 0.000000 0.995979
vn -0.995980 0.000000 -0.089581
vn -0.995980 0.000000 -0.089581
vn -0.995980 0.000000 -0.089581
vn -0.995980 0.000000 -0.089581
vn -0.995980 0.000000 -0.089581
vn -0.995980 0.000000 -0.089581
vn -0.995980 0.000000 -0.089581
vn -0.995980 0.000000 -0.089581
vn -0.019592 -0.975791 0.217825
vn -0.019592 -0.975791 0.217825
vn -0.019592 -0.975791 0.217825
vn -0.019592 -0.975791 0.217825
vn 0.952274 0.000000 0.305245
vn 0.952274 0.000000 0.305245
vn 0.952274 0.000000 0.305245
vn 0.952274 0.000000 0.305245
vn -0.019592 0.975791 0.217825
vn -0.019592 0.975791 0.217825
vn -0.019592 0.975791 0.217825
vn -0.019592 0.975791 0.217825
vn -0.991459 0.000000 0.130419
vn -0.991459 0.000000 0.130419
vn -0.991459 0.000000 0.130419
vn -0.991459 0.000000 0.130419
vn -0.217824 -0.975791 -0.019592
vn -0.217824 -0.975791 -0.019592
vn -0.217824 -0.975791 -0.019592
vn -0.217824 -0.975791 -0.019592
vn -0.305244 0.000000 0.952274
vn -0.305244 0.000000 0.952274
vn -0.305244 0.000000 0.952274
vn -0.305244 0.000000 0.952274
vn -0.217746 0.975809 -0.019585
vn -0.217746 0.975809 -0.019585
vn -0.217746 0.975809 -0.019585
vn -0.217746 0.975809 -0.019585
vn -0.130420 0.000000 -0.991459
vn -0.130420 0.000000 -0.991459
vn -0.130420 0.000000 -0.991459
vn -0.130420 0.000000 -0.991459
vn -0.793289 0.000000 -0.608846
vn -0.793289 0.000000 -0.608846
vn -0.793289 0.000000 -0.608845
vn -0.793289 0.000000 -0.608845
vn -0.167878 -0.975792 0.140170
vn -0.167878 -0.975792 0.140170
vn -0.167878 -0.975792 0.140170
vn -0.167878 -0.975792 0.140170
vn 0.457518 0.000000 0.889200
vn 0.457518 0.000000 0.889200
vn 0.457518 0.000000 0.889200
vn 0.457518 0.000000 0.889200
vn -0.167878 0.975791 0.140171
vn -0.167878 0.975792 0.140171
vn -0.167878 0.975792 0.140171
vn -0.167878 0.975792 0.140171
vn 0.000000 1.000000 -0.000000
vn 0.000000 1.000000 -0.000000
vn 0.000000 1.000000 -0.000000
vn -0.000000 1.000000 0.000000
vn -0.000000 1.000000 0.000000
vn -0.767607 0.000001 0.640921
vn -0.767607 0.000001 0.640921
vn -0.767607 0.000001 0.640921
vn -0.767607 0.000001 0.640921
vn -0.089581 0.000001 0.995979
vn -0.089581 0.000001 0.995979
vn -0.089581 0.000001 0.995979
vn -0.089581 0.000001 0.995979
vn 0.995980 0.000000 0.089581
vn 0.995980 0.000000 0.089581
vn 0.995980 0.000000 0.089581
vn 0.995980 0.000000 0.089581
vn 0.089581 -0.000000 -0.995979
vn 0.089581 -0.000000 -0.995979
vn 0.089581 -0.000000 -0.995979
vn 0.089581 -0.000000 -0.995979
vn -0.995980 -0.000000 -0.089581
vn -0.995980 -0.000000 -0.089581
vn -0.995980 -0.000000 -0.089581
vn -0.995980 -0.000000 -0.089581
vn -0.565223 -0.818442 0.103320
vn -0.194736 -0.817917 0.541378
vn -0.169813 -0.815835 0.552790
vn -0.556643 -0.819861 0.134078
vn 0.325607 -0.881921 0.340874
vn 0.274762 -0.881826 0.383261
vn 0.339504 -0.881860 -0.327200
vn 0.296650 -0.878107 -0.375402
vn -0.211562 -0.876533 -0.432356
vn -0.164493 -0.869097 -0.466490
vn -0.767607 0.000000 0.640920
vn -0.767607 0.000000 0.640920
vn -0.767607 0.000000 0.640920
vn -0.767607 0.000000 0.640920
vn -0.089581 0.000000 0.995979
vn -0.089581 0.000000 0.995979
vn -0.089581 0.000000 0.995979
vn -0.089581 0.000000 0.995979
vn 0.995980 0.000000 0.089581
vn 0.995980 0.000000 0.089581
vn 0.995980 0.000000 0.089581
vn 0.995980 0.000000 0.089581
vn 0.089581 0.000000 -0.995980
vn 0.089581 0.000000 -0.995980
vn 0.089581 0.000000 -0.995980
vn 0.089581 0.000000 -0.995980
vn -0.995980 0.000000 -0.089581
vn -0.995980 0.000000 -0.089581
vn -0.995980 0.000000 -0.089581
vn -0.995980 0.000000 -0.089581
vn -0.000000 1.000000 0.000000
vn -0.000000 1.000000 0.000002
vn -0.000000 1.000000 0.000002
vn -0.000000 1.000000 0.000000
vn -0.000000 1.000000 0.000001
vn -0.000000 1.000000 0.000001
vn -0.000000 1.000000 0.000001
vn -0.000000 1.000000 0.000001
vn -0.000000 1.000000 0.000002
vn -0.000000 1.000000 0.000001
vn 0.767608 0.000000 -0.640920
vn 0.767608 0.000000 -0.640920
vn 0.767608 0.000000 -0.640920
vn 0.767608 0.000000 -0.640920
vn 0.089581 0.000000 -0.995979
vn 0.089581 0.000000 -0.995979
vn 0.089581 0.000000 -0.995979
vn 0.089581 0.000000 -0.995979
vn -0.995980 0.000000 -0.089581
vn -0.995980 0.000000 -0.089581
vn -0.995980 0.000000 -0.089581
vn -0.995980 0.000000 -0.089581
vn -0.089581 0.000000 0.995979
vn -0.089581 0.000000 0.995979
vn -0.089581 0.000000 0.995979
vn -0.089581 0.000000 0.995979
vn 0.995980 0.000000 0.089581
vn 0.995980 0.000000 0.089581
vn 0.995980 0.000000 0.089581
vn 0.995980 0.000000 0.089581
vn 0.000000 0.000000 0.000000
vn 0.000000 0.000000 0.000000
vn 0.995980 0.000000 0.089581
vn 0.995980 0.000000 0.089581
vn 0.995980 0.000000 0.089581
vn 0.995980 0.000000 0.089581
s off
g pCube51 group5
usemtl initialShadingGroup
f 36/55/1 37/52/2 38/53/3 39/54/4
f 40/56/5 41/57/6 42/58/7 43/59/8
f 11/2/9 12/22/10 13/23/11 14/4/12 15/5/13
f 38/53/14 42/60/15 41/61/16 39/54/17
f 43/62/18 44/63/19 45/64/20 40/65/21
f 106/129/22 105/130/23 107/131/24 108/132/25 109/133/26
f 44/63/27 37/52/28 36/55/29 45/64/30
f 16/26/31 14/13/32 13/24/33 17/25/34
f 19/27/35 18/28/36 12/22/37 11/2/38
f 11/8/39 15/9/40 20/29/41 19/30/42
f 15/9/43 14/13/44 16/26/45 20/29/46
s 1
f 7/16/47 6/15/48 16/26/49 17/25/50
f 9/20/51 8/17/52 18/28/53 19/27/54
f 10/21/55 9/19/51 19/30/54 20/29/56
f 6/15/48 10/21/55 20/29/56 16/26/49
s off
f 21/31/57 6/15/58 7/16/59 22/32/60
f 7/16/61 8/18/62 23/34/63 22/32/64
f 24/36/65 23/33/66 8/17/67 9/20/68
f 9/19/69 10/21/70 25/37/71 24/35/72
f 10/21/73 6/15/74 21/31/75 25/37/76
f 69/92/77 68/93/78 70/94/79 71/95/80
f 33/48/81 28/41/82 27/39/83 32/46/84
f 34/50/85 29/43/86 28/40/87 33/47/88
f 73/96/89 72/97/90 74/98/91 75/99/92
f 77/100/93 76/101/94 78/102/95 79/103/96
f 46/69/97 47/66/98 48/67/99 49/68/100
f 48/67/101 50/70/102 51/71/103 49/68/104
f 52/72/105 51/73/106 50/74/107 53/75/108
f 53/76/109 54/77/110 55/78/111 52/79/112
f 54/77/113 47/66/114 46/69/115 55/78/116
s 3
f 26/38/117 27/39/118 38/53/119 37/52/120
s 4
f 1/12/121 5/11/122 36/55/123 39/54/124
f 2/7/125 3/1/126 41/57/127 40/56/128
s off
f 28/40/129 29/43/130 43/59/131 42/58/132
f 27/39/133 28/41/134 42/60/135 38/53/136
s 4
f 3/3/126 1/12/121 39/54/137 41/61/138
s 3
f 29/42/139 30/44/140 44/63/141 43/62/142
s 4
f 4/14/143 2/10/125 40/65/144 45/64/145
s 3
f 30/44/140 26/38/117 37/52/120 44/63/141
s 4
f 5/11/122 4/14/143 45/64/145 36/55/123
s 8
f 21/31/146 22/32/147 48/67/148 47/66/149
s 9
f 32/46/150 31/45/151 46/69/152 49/68/153
s off
f 22/32/154 23/34/155 50/70/156 48/67/157
f 33/48/158 32/46/159 49/68/160 51/71/161
f 34/50/162 33/47/163 51/73/164 52/72/165
f 23/33/166 24/36/167 53/75/168 50/74/169
s 8
f 24/35/170 25/37/171 54/77/172 53/76/173
s 9
f 35/51/174 34/49/175 52/79/176 55/78/177
s 8
f 25/37/171 21/31/146 47/66/149 54/77/172
s 9
f 31/45/151 35/51/174 55/78/177 46/69/152
s 10
f 31/45/178 26/38/179 56/81/180 57/80/181
f 26/38/179 30/44/182 58/82/183 56/81/180
f 30/44/182 35/51/184 59/83/185 58/82/183
f 35/51/184 31/45/178 57/80/181 59/83/185
s 11
f 27/39/186 26/38/187 60/85/188 61/84/189
f 26/38/187 31/45/190 62/86/191 60/85/188
f 31/45/190 32/46/192 63/87/193 62/86/191
f 32/46/192 27/39/186 61/84/189 63/87/193
s 12
f 30/44/194 29/42/195 64/89/196 65/88/197
f 29/42/195 34/49/198 66/90/199 64/89/196
f 34/49/198 35/51/200 67/91/201 66/90/199
f 35/51/200 30/44/194 65/88/197 67/91/201
s off
f 61/84/202 60/85/203 68/93/204 69/92/205
f 60/85/206 62/86/207 70/94/208 68/93/209
f 62/86/210 63/87/211 71/95/212 70/94/213
f 63/87/214 61/84/215 69/92/216 71/95/217
f 65/88/218 64/89/219 72/97/220 73/96/221
f 64/89/222 66/90/223 74/98/224 72/97/225
f 66/90/226 67/91/227 75/99/228 74/98/229
f 67/91/230 65/88/231 73/96/232 75/99/233
f 57/80/234 56/81/235 76/101/236 77/100/237
f 56/81/238 58/82/239 78/102/240 76/101/241
f 58/82/242 59/83/243 79/103/244 78/102/245
f 59/83/246 57/80/247 77/100/248 79/103/249
s 4
f 4/6/143 5/11/122 80/105/250 81/104/251
f 5/11/122 1/12/121 82/106/252 80/105/250
f 1/12/121 3/1/126 83/107/253 82/106/252
f 3/1/126 2/7/125 84/108/254 83/107/253
f 2/7/125 4/6/143 81/104/251 84/108/254
s off
f 81/104/255 80/105/256 85/110/257 86/109/258
f 80/105/259 82/106/260 87/111/261 85/110/262
f 82/106/263 83/107/264 88/112/265 87/111/266
f 83/107/267 84/108/268 89/113/269 88/112/270
f 84/108/271 81/104/272 86/109/273 89/113/274
s 13
f 86/109/275 85/110/276 90/115/277 91/114/278
f 85/110/276 87/111/279 92/116/280 90/115/277
f 87/111/279 88/112/281 93/117/282 92/116/280
f 88/112/281 89/113/283 94/118/284 93/117/282
f 89/113/283 86/109/275 91/114/278 94/118/284
s off
f 91/114/285 90/115/286 95/120/287 96/119/288
f 90/115/289 92/116/290 97/121/291 95/120/292
f 92/116/293 93/117/294 98/122/295 97/121/296
f 93/117/297 94/118/298 99/123/299 98/122/300
f 94/118/301 91/114/302 96/119/303 99/123/304
s 14
f 96/119/305 95/120/306 100/125/307 101/124/308
f 95/120/306 97/121/309 102/126/310 100/125/307
f 97/121/309 98/122/311 103/127/312 102/126/310
f 98/122/311 99/123/313 104/128/314 103/127/312
f 99/123/313 96/119/305 101/124/308 104/128/314
s off
f 101/124/315 100/125/316 105/130/317 106/129/318
f 100/125/319 102/126/320 107/131/321 105/130/322
f 102/126/323 103/127/324 108/132/325 107/131/326
f 103/127/327 104/128/328 109/133/329 108/132/330
f 104/128/331 101/124/332 106/129/333 109/133/334
f 8/18/335 7/16/336 17/25/337 13/23/338 12/22/339 18/28/340
g default
v -1614.636016 2714.373570 -665.568640
v -1614.636016 3423.258605 -665.568640
v -1560.708702 3423.258605 -1265.145334
v -832.372259 3423.258605 -1199.637070
v -1560.708702 2714.373570 -1265.145334
v -832.372259 2714.373570 -1199.637070
v -870.122996 2714.373570 -779.915406
v -1066.154640 2714.373570 -616.236956
v -1066.154640 3223.355417 -616.236956
v -1614.636016 3223.355417 -665.568640
v -1560.708702 3223.355417 -1265.145334
v -832.372259 3223.355417 -1199.637070
v -870.122996 3223.355417 -779.915406
v -1043.893406 3250.172005 -545.029138
v -1620.810577 3250.172005 -596.918403
v -1043.893406 3423.258605 -545.029138
v -1620.810577 3423.258605 -596.918403
v -804.030385 3423.258605 -745.304984
v -804.030385 3250.172005 -745.304984
v -763.722061 3250.172005 -1193.462512
v -763.722061 3423.258605 -1193.462512
v -1055.466934 3261.791802 -546.070088
v -1609.237353 3261.791802 -595.877480
v -1055.466934 3411.638449 -546.070088
v -1609.237353 3411.638449 -595.877480
v -812.950262 3261.791802 -737.857334
v -1034.973615 3261.791802 -552.476796
v -812.950262 3411.638449 -737.857334
v -1034.973615 3411.638449 -552.476796
v -802.989435 3411.638449 -756.878520
v -802.989435 3261.791802 -756.878520
v -764.763012 3261.791802 -1181.888976
v -764.763012 3411.638449 -1181.888976
v -1057.712196 3266.222583 -570.571653
v -1602.656430 3266.222583 -619.585198
v -1057.712196 3407.207668 -570.571653
v -1602.656430 3407.207668 -619.585198
v -826.697083 3407.207668 -763.459467
v -826.697083 3266.222762 -763.459467
v -789.264475 3266.222762 -1179.644086
v -789.264475 3407.207668 -1179.644086
v -831.862793 3266.222583 -753.595114
v -1047.084234 3266.222583 -573.894132
v -831.862793 3407.207668 -753.595114
v -1047.084234 3407.207668 -573.894132
v -1598.108458 3423.258605 -664.082113
v -1066.154640 3423.258605 -616.236956
v -870.122996 3423.258605 -779.915406
v -833.858798 3423.258605 -1183.109379
v -1545.667682 3423.258605 -1247.131116
v -1602.796480 3423.258605 -611.959566
v -1049.253063 3423.258605 -562.172591
v -819.942287 3423.258605 -753.637503
v -781.736245 3423.258605 -1178.421356
v -1560.708702 3441.957484 -1265.145334
v -832.372259 3441.957484 -1199.637070
v -1545.667682 3441.957484 -1247.131116
v -833.858798 3441.957484 -1183.109379
v -1614.636016 3441.957484 -665.568640
v -1598.108458 3441.957484 -664.082113
v -1620.810577 3441.957484 -596.918403
v -1602.796480 3441.957484 -611.959566
v -1043.893406 3441.957484 -545.029138
v -1049.253063 3441.957484 -562.172591
v -804.030385 3441.957484 -745.304984
v -763.722061 3441.957484 -1193.462512
v -781.736245 3441.957484 -1178.421356
v -819.942287 3441.957484 -753.637503
v -1066.154640 2940.330812 -616.236956
v -1614.636016 2940.330812 -665.568640
v -1560.708702 2940.330812 -1265.145334
v -832.372259 2940.330812 -1199.637070
v -870.122996 2940.330812 -779.915406
v -1066.154640 2998.131968 -616.236956
v -1614.636016 2998.131968 -665.568640
v -1560.708702 2998.131968 -1265.145334
v -832.372259 2998.131968 -1199.637070
v -870.122996 2998.131968 -779.915406
v -1060.862736 2940.330812 -599.309452
v -1616.103832 2940.330812 -649.249120
v -1060.862736 2998.131968 -599.309452
v -1616.103832 2998.131968 -649.249120
v -854.411457 2998.131968 -771.687831
v -854.411457 2940.330812 -771.687831
v -816.052732 2940.330812 -1198.169254
v -816.052732 2998.131968 -1198.169254
vt 0.375000 0.250000
vt 0.625000 0.500000
vt 0.375000 0.750000
vt 0.125000 0.000000
vt 0.125000 0.250000
vt 0.625000 0.750000
vt 0.625000 0.925007
vt 0.563265 1.000000
vt 0.375000 1.000000
vt 0.625000 0.324993
vt 0.375000 0.500000
vt 0.375000 0.000000
vt 0.563265 0.000000
vt 0.699993 0.250000
vt 0.875000 0.000000
vt 0.875000 0.250000
vt 0.699993 0.000000
vt 0.563265 0.250000
vt 0.563265 0.125000
vt 0.375000 0.125000
vt 0.125000 0.125000
vt 0.375000 0.625000
vt 0.625000 0.625000
vt 0.875000 0.125000
vt 0.699993 0.125000
vt 0.375000 0.125000
vt 0.563265 0.125000
vt 0.563265 0.250000
vt 0.375000 0.250000
vt 0.699993 0.125000
vt 0.875000 0.125000
vt 0.875000 0.250000
vt 0.699993 0.250000
vt 0.375000 0.125000
vt 0.563265 0.125000
vt 0.563265 0.250000
vt 0.375000 0.250000
vt 0.563265 0.125000
vt 0.699993 0.125000
vt 0.699993 0.250000
vt 0.563265 0.250000
vt 0.699993 0.250000
vt 0.699993 0.125000
vt 0.875000 0.125000
vt 0.875000 0.250000
vt 0.375000 0.125000
vt 0.563265 0.125000
vt 0.563265 0.250000
vt 0.375000 0.250000
vt 0.699993 0.250000
vt 0.699993 0.125000
vt 0.875000 0.125000
vt 0.875000 0.250000
vt 0.563265 0.125000
vt 0.699993 0.125000
vt 0.699993 0.250000
vt 0.563265 0.250000
vt 0.625000 0.500000
vt 0.375000 0.500000
vt 0.375000 0.250000
vt 0.375000 0.250000
vt 0.563265 0.250000
vt 0.699993 0.250000
vt 0.875000 0.250000
vt 0.875000 0.250000
vt 0.625000 0.500000
vt 0.375000 0.500000
vt 0.375000 0.500000
vt 0.625000 0.500000
vt 0.375000 0.250000
vt 0.375000 0.250000
vt 0.375000 0.250000
vt 0.375000 0.250000
vt 0.563265 0.250000
vt 0.563265 0.250000
vt 0.699993 0.250000
vt 0.875000 0.250000
vt 0.875000 0.250000
vt 0.699993 0.250000
vt 0.875000 0.250000
vt 0.875000 0.250000
vt 0.563265 0.062500
vt 0.375000 0.062500
vt 0.125000 0.062500
vt 0.375000 0.687500
vt 0.625000 0.687500
vt 0.875000 0.062500
vt 0.699993 0.062500
vt 0.563265 0.093750
vt 0.375000 0.093750
vt 0.125000 0.093750
vt 0.375000 0.656250
vt 0.625000 0.656250
vt 0.875000 0.093750
vt 0.699993 0.093750
vt 0.375000 0.062500
vt 0.563265 0.062500
vt 0.563265 0.093750
vt 0.375000 0.093750
vt 0.699993 0.062500
vt 0.875000 0.062500
vt 0.875000 0.093750
vt 0.699993 0.093750
vn -0.089581 0.000000 0.995979
vn -0.089581 0.000000 0.995979
vn -0.089581 0.000000 0.995979
vn -0.089581 0.000000 0.995979
vn 0.000000 1.000000 -0.000000
vn -0.000000 1.000000 0.000000
vn -0.000000 1.000000 0.000000
vn 0.000000 1.000000 0.000000
vn 0.000000 1.000000 0.000000
vn 0.089581 0.000000 -0.995979
vn 0.089581 0.000000 -0.995979
vn 0.089581 0.000000 -0.995980
vn 0.089581 0.000000 -0.995980
vn 0.000000 -1.000000 0.000000
vn 0.000000 -1.000000 0.000000
vn 0.000000 -1.000000 0.000000
vn 0.000000 -1.000000 0.000000
vn 0.000000 -1.000000 0.000000
vn 0.995980 0.000000 0.089581
vn 0.995980 0.000000 0.089581
vn 0.995980 0.000000 0.089581
vn 0.995980 0.000000 0.089581
vn -0.995980 0.000000 -0.089581
vn -0.995980 0.000000 -0.089581
vn -0.995980 0.000000 -0.089581
vn -0.995980 0.000000 -0.089581
vn 0.640921 0.000000 0.767607
vn 0.640921 0.000000 0.767607
vn 0.640921 0.000000 0.767607
vn 0.640921 0.000000 0.767607
vn -0.089581 0.000000 0.995979
vn -0.089581 0.000000 0.995979
vn -0.089581 0.000000 0.995979
vn -0.089581 0.000000 0.995979
vn -0.995980 0.000000 -0.089581
vn -0.995980 0.000000 -0.089581
vn -0.995980 0.000000 -0.089581
vn -0.995980 0.000000 -0.089581
vn 0.089581 0.000000 -0.995979
vn 0.089581 0.000000 -0.995979
vn 0.089581 0.000000 -0.995980
vn 0.089581 0.000000 -0.995979
vn 0.995980 0.000000 0.089581
vn 0.995980 0.000000 0.089581
vn 0.995980 0.000000 0.089581
vn 0.995980 0.000000 0.089581
vn 0.640920 0.000000 0.767607
vn 0.640920 0.000000 0.767607
vn 0.640920 0.000000 0.767607
vn 0.640920 0.000000 0.767607
vn -0.032480 -0.931952 0.361124
vn 0.063109 -0.940319 0.334391
vn 0.045840 -0.939496 0.339480
vn -0.032480 -0.931952 0.361124
vn 0.000000 1.000000 -0.000000
vn 0.000000 1.000000 -0.000000
vn -0.995980 0.000000 -0.089581
vn -0.995980 0.000000 -0.089581
vn 0.316845 -0.940393 0.123576
vn 0.361124 -0.931952 0.032480
vn 0.361124 -0.931952 0.032480
vn 0.307487 -0.940919 0.141853
vn 0.089581 0.000000 -0.995979
vn 0.089581 0.000000 -0.995979
vn -0.000000 1.000000 0.000000
vn 0.000000 1.000000 0.000000
vn -0.089581 0.000000 0.995980
vn -0.089580 0.000000 0.995980
vn -0.089580 0.000000 0.995980
vn -0.089581 0.000000 0.995979
vn -0.089580 0.000000 0.995980
vn -0.089580 0.000000 0.995980
vn -0.089581 0.000000 0.995979
vn -0.089581 0.000000 0.995979
vn 0.640920 0.000001 0.767608
vn 0.640919 0.000001 0.767609
vn 0.640919 0.000001 0.767608
vn 0.640920 0.000001 0.767607
vn 0.640919 -0.000002 0.767609
vn 0.640919 -0.000002 0.767608
vn 0.640920 -0.000002 0.767607
vn 0.640921 -0.000002 0.767607
vn 0.995980 -0.000001 0.089581
vn 0.995980 0.000001 0.089581
vn 0.995980 0.000001 0.089581
vn 0.995980 -0.000001 0.089581
vn 0.995980 0.000001 0.089581
vn 0.995980 0.000001 0.089581
vn 0.995980 -0.000001 0.089581
vn 0.995980 -0.000001 0.089581
vn -0.016132 0.983652 0.179358
vn -0.016132 0.983652 0.179358
vn -0.016132 0.983652 0.179358
vn -0.016132 0.983652 0.179358
vn -0.995828 0.000000 0.091255
vn -0.995828 0.000000 0.091255
vn -0.995828 0.000000 0.091255
vn -0.995828 0.000000 0.091255
vn -0.016132 -0.983651 0.179359
vn -0.016132 -0.983651 0.179359
vn -0.016132 -0.983651 0.179359
vn -0.016132 -0.983651 0.179359
vn 0.963566 0.000000 0.267472
vn 0.963566 0.000000 0.267472
vn 0.963566 0.000000 0.267472
vn 0.963566 0.000000 0.267472
vn 0.267473 0.000000 -0.963565
vn 0.267473 0.000000 -0.963565
vn 0.267473 0.000000 -0.963565
vn 0.267473 0.000000 -0.963565
vn 0.179366 0.983650 0.016133
vn 0.179366 0.983650 0.016133
vn 0.179366 0.983650 0.016133
vn 0.179366 0.983650 0.016133
vn 0.091242 0.000000 0.995829
vn 0.091242 0.000000 0.995829
vn 0.091242 0.000000 0.995829
vn 0.091242 0.000000 0.995829
vn 0.179359 -0.983651 0.016132
vn 0.179359 -0.983651 0.016132
vn 0.179359 -0.983651 0.016132
vn 0.179359 -0.983651 0.016132
vn 0.115418 0.983652 0.138233
vn 0.115418 0.983652 0.138233
vn 0.115418 0.983652 0.138233
vn 0.115418 0.983652 0.138233
vn -0.639641 0.000000 0.768674
vn -0.639641 0.000000 0.768674
vn -0.639641 0.000000 0.768674
vn -0.639641 0.000000 0.768674
vn 0.115419 -0.983652 0.138231
vn 0.115419 -0.983652 0.138231
vn 0.115419 -0.983652 0.138231
vn 0.115419 -0.983652 0.138231
vn 0.870473 0.000000 -0.492216
vn 0.870473 0.000000 -0.492216
vn 0.870473 0.000000 -0.492216
vn 0.870473 0.000000 -0.492216
vn 0.000000 1.000000 0.000000
vn 0.000000 1.000000 0.000000
vn 0.000000 1.000000 0.000000
vn 0.000000 1.000000 0.000000
vn 0.000000 1.000000 0.000000
vn 0.000000 1.000000 0.000000
vn 0.000000 1.000000 -0.000001
vn 0.000000 1.000000 -0.000001
vn 0.000000 1.000000 -0.000001
vn 0.000000 1.000000 -0.000000
vn -0.000000 1.000000 0.000000
vn 0.000000 1.000000 0.000000
vn 0.000000 1.000000 0.000000
vn -0.000000 1.000000 0.000000
vn 0.089581 0.000000 -0.995979
vn 0.089581 0.000000 -0.995979
vn 0.089581 0.000000 -0.995979
vn 0.089581 0.000000 -0.995979
vn -0.089581 0.000000 0.995979
vn -0.089581 0.000000 0.995979
vn -0.089581 0.000000 0.995979
vn -0.089581 0.000000 0.995979
vn -0.995980 0.000000 -0.089581
vn -0.995980 0.000000 -0.089581
vn -0.995980 0.000000 -0.089581
vn -0.995980 0.000000 -0.089581
vn 0.995980 0.000000 0.089581
vn 0.995980 0.000000 0.089581
vn 0.995980 0.000000 0.089581
vn 0.995980 0.000000 0.089581
vn -0.995980 0.000000 -0.089581
vn -0.995980 0.000000 -0.089581
vn -0.995980 0.000000 -0.089581
vn -0.995980 0.000000 -0.089581
vn 0.995980 0.000000 0.089581
vn 0.995980 0.000000 0.089581
vn 0.995980 0.000000 0.089581
vn 0.995980 0.000000 0.089581
vn -0.089581 0.000000 0.995979
vn -0.089581 0.000000 0.995979
vn -0.089581 0.000000 0.995979
vn -0.089581 0.000000 0.995979
vn 0.089581 0.000000 -0.995979
vn 0.089581 0.000000 -0.995979
vn 0.089581 0.000000 -0.995979
vn 0.089581 0.000000 -0.995979
vn 0.995980 0.000000 0.089581
vn 0.995980 0.000000 0.089581
vn 0.995980 0.000000 0.089581
vn 0.995980 0.000000 0.089581
vn -0.995980 0.000000 -0.089581
vn -0.995980 0.000000 -0.089581
vn -0.995980 0.000000 -0.089581
vn -0.995980 0.000000 -0.089581
vn 0.089581 0.000000 -0.995979
vn 0.089581 0.000000 -0.995979
vn 0.089581 0.000000 -0.995979
vn 0.089581 0.000000 -0.995979
vn -0.089581 0.000000 0.995979
vn -0.089581 0.000000 0.995979
vn -0.089581 0.000000 0.995979
vn -0.089581 0.000000 0.995979
vn 0.640920 0.000000 0.767607
vn 0.640920 0.000000 0.767607
vn 0.640920 0.000000 0.767607
vn 0.640920 0.000000 0.767607
vn -0.640920 0.000000 -0.767608
vn -0.640920 0.000000 -0.767608
vn -0.640920 0.000000 -0.767608
vn -0.640920 0.000000 -0.767608
vn -0.089581 0.000000 0.995979
vn -0.089581 0.000000 0.995979
vn -0.089581 0.000000 0.995979
vn -0.089581 0.000000 0.995979
vn -0.995980 0.000000 -0.089581
vn -0.995980 0.000000 -0.089581
vn 0.089581 0.000000 -0.995980
vn 0.089581 0.000000 -0.995979
vn 0.995980 0.000000 0.089581
vn 0.995980 0.000000 0.089581
vn 0.995980 0.000000 0.089581
vn 0.995980 0.000000 0.089581
vn 0.640921 0.000000 0.767607
vn 0.640921 0.000000 0.767607
vn 0.640921 0.000000 0.767607
vn 0.640921 0.000000 0.767607
vn -0.089581 0.000000 0.995979
vn -0.089581 0.000000 0.995979
vn -0.089581 0.000000 0.995979
vn -0.089581 0.000000 0.995979
vn 0.995980 0.000000 0.089581
vn 0.995980 0.000000 0.089581
vn 0.995980 0.000000 0.089581
vn 0.995980 0.000000 0.089581
vn 0.640921 0.000000 0.767607
vn 0.640921 0.000000 0.767607
vn 0.640921 0.000000 0.767607
vn 0.640921 0.000000 0.767607
vn 0.000000 -1.000000 0.000000
vn 0.000000 -1.000000 -0.000000
vn 0.000000 -1.000000 -0.000000
vn 0.000000 -1.000000 0.000000
vn -0.000000 1.000000 0.000000
vn -0.000000 1.000000 0.000000
vn -0.000000 1.000000 0.000000
vn -0.000000 1.000000 0.000000
vn -0.995980 0.000000 -0.089581
vn -0.995980 0.000000 -0.089581
vn 0.000000 -1.000000 -0.000000
vn 0.000000 -1.000000 0.000000
vn 0.000000 -1.000000 0.000000
vn 0.000000 -1.000000 -0.000000
vn 0.089581 0.000000 -0.995979
vn 0.089581 0.000000 -0.995979
vn 0.000000 1.000000 0.000000
vn -0.000000 1.000000 0.000000
vn -0.000000 1.000000 0.000000
vn 0.000000 1.000000 0.000000
s off
g group5 pCube52
usemtl initialShadingGroup
f 110/145/341 117/146/342 178/215/343 179/216/344
s 1
f 155/193/345 156/151/346 157/143/347 158/191/348 159/192/349
s 2
f 180/218/350 181/219/351 115/139/352 114/136/353
s off
f 114/136/354 115/139/355 116/140/356 117/141/357 110/142/358
f 182/221/359 116/150/360 115/148/361 181/220/362
s 3
f 114/137/363 110/145/364 179/216/365 180/217/366
s off
f 117/146/367 116/150/368 182/221/369 178/215/370
f 144/179/371 143/180/372 145/181/373 146/182/374
s 3
f 120/154/375 119/153/376 111/134/377 112/138/378
s 2
f 112/144/379 113/135/380 121/156/381 120/155/382
s off
f 147/183/383 148/184/384 149/185/385 150/186/386
f 152/187/387 151/188/388 153/189/389 154/190/390
s 6
f 119/153/391 118/152/392 123/160/393 124/159/394
s 1
f 156/151/346 155/193/345 160/194/395 161/195/396
s 3
f 111/134/377 119/153/376 124/159/397 126/162/398
s 6
f 122/158/399 121/157/400 129/164/401 128/163/402
s 2
f 121/157/381 113/149/380 130/165/403 129/164/404
s 1
f 158/198/348 157/147/347 162/196/405 163/197/406
s 6
f 118/152/392 122/158/399 128/163/402 123/160/393
s 1
f 157/147/347 156/151/346 161/195/396 162/196/405
s 7
f 124/159/407 123/160/408 131/168/409 132/167/410
f 123/160/408 125/161/411 133/169/412 131/168/409
f 125/161/411 126/162/413 134/170/414 133/169/412
f 126/162/413 124/159/407 132/167/410 134/170/414
s 8
f 123/160/415 128/163/416 135/172/417 136/171/418
f 128/163/416 127/166/419 137/173/420 135/172/417
f 127/166/419 125/161/421 138/174/422 137/173/420
f 125/161/421 123/160/415 136/171/418 138/174/422
s 9
f 127/166/423 128/163/424 140/176/425 139/175/426
f 128/163/424 129/164/427 141/177/428 140/176/425
f 129/164/427 130/165/429 142/178/430 141/177/428
f 130/165/429 127/166/423 139/175/426 142/178/430
s off
f 132/167/431 131/168/432 143/180/433 144/179/434
f 131/168/435 133/169/436 145/181/437 143/180/438
f 133/169/439 134/170/440 146/182/441 145/181/442
f 134/170/443 132/167/444 144/179/445 146/182/446
f 139/175/447 140/176/448 148/184/449 147/183/450
f 140/176/451 141/177/452 149/185/453 148/184/454
f 141/177/455 142/178/456 150/186/457 149/185/458
f 142/178/459 139/175/460 147/183/461 150/186/462
f 136/171/463 135/172/464 151/188/465 152/187/466
f 135/172/467 137/173/468 153/189/469 151/188/470
f 137/173/471 138/174/472 154/190/473 153/189/474
f 138/174/475 136/171/476 152/187/477 154/190/478
s 10
f 165/199/479 164/200/480 166/201/481 167/202/482
f 164/200/480 168/203/483 169/204/484 166/201/481
f 168/203/483 170/205/485 171/206/486 169/204/484
f 170/205/485 172/207/487 173/208/488 171/206/486
f 174/209/489 175/210/490 176/211/491 177/212/492
f 175/210/490 165/213/479 167/214/482 176/211/491
f 172/207/487 174/209/489 177/212/492 173/208/488
s off
f 113/135/493 112/144/494 164/200/495 165/199/496
f 159/192/497 158/191/498 167/202/499 166/201/500
f 112/144/501 111/134/502 168/203/503 164/200/504
f 155/193/505 159/192/506 166/201/507 169/204/508
f 111/134/509 126/162/510 170/205/511 168/203/512
f 160/194/513 155/193/514 169/204/515 171/206/516
f 126/162/517 125/161/518 172/207/519 170/205/520
f 161/195/521 160/194/522 171/206/523 173/208/524
f 127/166/525 130/165/526 175/210/527 174/209/528
f 163/197/529 162/196/530 177/212/531 176/211/532
f 130/165/533 113/149/534 165/213/535 175/210/536
f 158/198/537 163/197/538 176/211/539 167/214/540
f 125/161/541 127/166/542 174/209/543 172/207/544
f 162/196/545 161/195/546 173/208/547 177/212/548
f 189/229/549 188/230/550 190/231/551 191/232/552
s 3
f 180/217/366 179/216/365 184/223/553 185/224/554
s 2
f 185/225/555 186/226/556 181/219/351 180/218/350
s off
f 192/236/557 193/233/558 194/234/559 195/235/560
f 188/230/561 193/233/562 192/236/563 190/231/564
f 184/223/565 183/222/566 118/152/567 119/153/568
s 3
f 185/224/554 184/223/553 119/153/376 120/154/375
s 2
f 120/155/382 121/156/381 186/226/556 185/225/555
s off
f 122/158/569 187/228/570 186/227/571 121/157/572
f 183/222/573 187/228/574 122/158/575 118/152/576
s 11
f 179/216/577 178/215/578 188/230/579 189/229/580
s 12
f 183/222/581 184/223/582 191/232/583 190/231/584
s 3
f 184/223/553 179/216/365 189/229/585 191/232/586
s 11
f 182/221/587 181/220/588 194/234/589 193/233/590
s 2
f 181/220/351 186/227/556 195/235/591 194/234/592
s 12
f 186/227/593 187/228/594 192/236/595 195/235/596
s 11
f 178/215/578 182/221/587 193/233/590 188/230/579
s 12
f 187/228/594 183/222/581 190/231/584 192/236/595
g default
v -2323.525835 3003.305071 -876.966097
v -2197.354258 3003.305071 -725.855082
v -2323.525835 3432.228003 -876.966097
v -2197.354258 3432.228003 -725.855082
v -2303.291578 3432.228003 -893.860881
v -2177.120001 3432.228003 -742.749867
v -2303.291578 3003.305071 -893.860881
v -2177.120001 3003.305071 -742.749867
vt 0.375000 0.000000
vt 0.625000 0.000000
vt 0.375000 0.250000
vt 0.625000 0.250000
vt 0.375000 0.500000
vt 0.625000 0.500000
vt 0.375000 0.750000
vt 0.625000 0.750000
vt 0.375000 1.000000
vt 0.625000 1.000000
vt 0.875000 0.000000
vt 0.875000 0.250000
vt 0.125000 0.000000
vt 0.125000 0.250000
vn -0.767607 0.000000 0.640921
vn -0.767607 0.000000 0.640921
vn -0.767607 0.000000 0.640921
vn -0.767607 0.000000 0.640921
vn 0.000000 1.000000 0.000000
vn 0.000000 1.000000 0.000000
vn 0.000000 1.000000 0.000000
vn 0.000000 1.000000 0.000000
vn 0.767607 0.000000 -0.640921
vn 0.767607 0.000000 -0.640921
vn 0.767607 0.000000 -0.640921
vn 0.767607 0.000000 -0.640921
vn 0.000000 -1.000000 0.000000
vn 0.000000 -1.000000 0.000000
vn 0.000000 -1.000000 0.000000
vn 0.000000 -1.000000 0.000000
vn 0.640921 0.000000 0.767607
vn 0.640921 0.000000 0.767607
vn 0.640921 0.000000 0.767607
vn 0.640921 0.000000 0.767607
vn -0.640921 0.000000 -0.767607
vn -0.640921 0.000000 -0.767607
vn -0.640921 0.000000 -0.767607
vn -0.640921 0.000000 -0.767607
s off
g group5 pCube53
usemtl initialShadingGroup
f 196/237/597 197/238/598 199/240/599 198/239/600
f 198/239/601 199/240/602 201/242/603 200/241/604
f 200/241/605 201/242/606 203/244/607 202/243/608
f 202/243/609 203/244/610 197/246/611 196/245/612
f 197/238/613 203/247/614 201/248/615 199/240/616
f 202/249/617 196/237/618 198/239/619 200/250/620
g default
v -2353.392015 3393.321786 -934.808593
v -2359.766340 3405.882723 -935.381915
v -2369.694587 3415.850617 -936.274884
v -2382.204937 3422.251060 -937.400094
v -2396.072762 3424.456331 -938.647398
v -2409.940586 3422.251060 -939.894702
v -2422.450936 3415.850617 -941.019912
v -2432.379226 3405.882723 -941.912885
v -2438.753508 3393.321786 -942.486203
v -2440.949999 3379.397983 -942.683761
v -2438.753508 3365.474179 -942.486203
v -2432.379226 3352.913242 -941.912885
v -2422.450936 3342.944832 -941.019912
v -2409.940586 3336.544905 -939.894702
v -2396.072762 3334.339634 -938.647398
v -2382.204980 3336.544905 -937.400098
v -2369.694673 3342.944832 -936.274892
v -2359.766340 3352.913242 -935.381915
v -2353.392015 3365.474179 -934.808593
v -2351.195567 3379.397983 -934.611039
v -2354.664559 3393.321786 -920.660143
v -2361.038884 3405.882723 -921.233464
v -2370.967132 3415.850617 -922.126434
v -2383.477482 3422.251060 -923.251644
v -2397.345306 3424.456331 -924.498948
v -2411.213130 3422.251060 -925.746252
v -2423.723480 3415.850617 -926.871462
v -2433.651770 3405.882723 -927.764435
v -2440.026053 3393.321786 -928.337753
v -2442.222543 3379.397983 -928.535311
v -2440.026053 3365.474179 -928.337753
v -2433.651770 3352.913242 -927.764435
v -2423.723480 3342.944832 -926.871462
v -2411.213130 3336.544905 -925.746252
v -2397.345306 3334.339634 -924.498948
v -2383.477524 3336.544905 -923.251648
v -2370.967217 3342.944832 -922.126442
v -2361.038884 3352.913242 -921.233464
v -2354.664559 3365.474179 -920.660143
v -2352.468111 3379.397983 -920.462589
v -2396.072762 3379.397983 -938.647398
v -2360.437141 3391.438626 -921.179342
v -2365.949339 3402.300489 -921.675122
v -2374.534792 3410.920641 -922.447318
v -2385.353157 3416.454961 -923.420346
v -2397.345306 3418.361842 -924.498948
v -2409.337541 3416.454961 -925.577557
v -2420.155863 3410.920641 -926.550582
v -2428.741316 3402.300489 -927.322778
v -2434.253471 3391.438626 -927.818554
v -2436.152899 3379.397983 -927.989393
v -2434.253471 3367.357339 -927.818554
v -2428.741316 3356.495476 -927.322778
v -2420.155863 3347.875324 -926.550582
v -2409.337541 3342.340488 -925.577557
v -2397.345306 3340.433608 -924.498948
v -2385.353157 3342.340488 -923.420346
v -2374.534792 3347.875324 -922.447318
v -2365.949339 3356.495476 -921.675122
v -2360.437141 3367.357339 -921.179342
v -2358.537756 3379.397983 -921.008507
v -2359.725700 3391.438626 -929.089314
v -2365.237898 3402.300489 -929.585094
v -2396.633865 3379.397983 -932.408920
v -2373.823351 3410.920641 -930.357289
v -2384.641716 3416.454961 -931.330318
v -2396.633865 3418.361842 -932.408920
v -2408.626099 3416.454961 -933.487529
v -2419.444421 3410.920641 -934.460554
v -2428.029874 3402.300489 -935.232750
v -2433.542029 3391.438626 -935.728525
v -2435.441458 3379.397983 -935.899364
v -2433.542029 3367.357339 -935.728525
v -2428.029874 3356.495476 -935.232750
v -2419.444421 3347.875324 -934.460554
v -2408.626099 3342.340488 -933.487529
v -2396.633865 3340.433608 -932.408920
v -2384.641716 3342.340488 -931.330318
v -2373.823351 3347.875324 -930.357289
v -2365.237898 3356.495476 -929.585094
v -2359.725700 3367.357339 -929.089314
v -2357.826315 3379.397983 -928.918479
vt 0.648603 0.107966
vt 0.626409 0.064408
vt 0.591842 0.029841
vt 0.548284 0.007647
vt 0.500000 -0.000000
vt 0.451716 0.007647
vt 0.408159 0.029841
vt 0.373591 0.064409
vt 0.351397 0.107966
vt 0.343750 0.156250
vt 0.351397 0.204534
vt 0.373591 0.248091
vt 0.408159 0.282659
vt 0.451716 0.304853
vt 0.500000 0.312500
vt 0.548284 0.304853
vt 0.591841 0.282659
vt 0.626409 0.248091
vt 0.648603 0.204534
vt 0.656250 0.156250
vt 0.375000 0.312500
vt 0.387500 0.312500
vt 0.400000 0.312500
vt 0.412500 0.312500
vt 0.425000 0.312500
vt 0.437500 0.312500
vt 0.450000 0.312500
vt 0.462500 0.312500
vt 0.475000 0.312500
vt 0.487500 0.312500
vt 0.500000 0.312500
vt 0.512500 0.312500
vt 0.525000 0.312500
vt 0.537500 0.312500
vt 0.550000 0.312500
vt 0.562500 0.312500
vt 0.575000 0.312500
vt 0.587500 0.312500
vt 0.600000 0.312500
vt 0.612500 0.312500
vt 0.625000 0.312500
vt 0.375000 0.687500
vt 0.387500 0.687500
vt 0.400000 0.687500
vt 0.412500 0.687500
vt 0.425000 0.687500
vt 0.437500 0.687500
vt 0.450000 0.687500
vt 0.462500 0.687500
vt 0.475000 0.687500
vt 0.487500 0.687500
vt 0.500000 0.687500
vt 0.512500 0.687500
vt 0.525000 0.687500
vt 0.537500 0.687500
vt 0.550000 0.687500
vt 0.562500 0.687500
vt 0.575000 0.687500
vt 0.587500 0.687500
vt 0.600000 0.687500
vt 0.612500 0.687500
vt 0.625000 0.687500
vt 0.648603 0.795466
vt 0.626409 0.751908
vt 0.591842 0.717341
vt 0.548284 0.695147
vt 0.500000 0.687500
vt 0.451716 0.695147
vt 0.408159 0.717341
vt 0.373591 0.751909
vt 0.351397 0.795466
vt 0.343750 0.843750
vt 0.351397 0.892034
vt 0.373591 0.935591
vt 0.408159 0.970159
vt 0.451716 0.992353
vt 0.500000 1.000000
vt 0.548284 0.992353
vt 0.591841 0.970159
vt 0.626409 0.935591
vt 0.648603 0.892034
vt 0.656250 0.843750
vt 0.500000 0.156250
vt 0.500000 0.843750
vt 0.648603 0.892034
vt 0.626409 0.935591
vt 0.591841 0.970159
vt 0.548284 0.992353
vt 0.500000 1.000000
vt 0.451716 0.992353
vt 0.408159 0.970159
vt 0.373591 0.935591
vt 0.351397 0.892034
vt 0.343750 0.843750
vt 0.351397 0.795466
vt 0.373591 0.751909
vt 0.408159 0.717341
vt 0.451716 0.695147
vt 0.500000 0.687500
vt 0.548284 0.695147
vt 0.591842 0.717341
vt 0.626409 0.751908
vt 0.648603 0.795466
vt 0.656250 0.843750
vt 0.648603 0.892034
vt 0.626409 0.935591
vt 0.591841 0.970159
vt 0.548284 0.992353
vt 0.500000 1.000000
vt 0.451716 0.992353
vt 0.408159 0.970159
vt 0.373591 0.935591
vt 0.351397 0.892034
vt 0.343750 0.843750
vt 0.351397 0.795466
vt 0.373591 0.751909
vt 0.408159 0.717341
vt 0.451716 0.695147
vt 0.500000 0.687500
vt 0.548284 0.695147
vt 0.591842 0.717341
vt 0.626409 0.751908
vt 0.648603 0.795466
vt 0.656250 0.843750
vn 0.947233 0.309016 0.085196
vn 0.805761 0.587791 0.072472
vn 0.805761 0.587791 0.072472
vn 0.947233 0.309016 0.085196
vn 0.585421 0.809018 0.052654
vn 0.585421 0.809018 0.052654
vn 0.307785 0.951053 0.027683
vn 0.307785 0.951053 0.027683
vn -0.000000 1.000000 0.000000
vn -0.000000 1.000000 0.000000
vn -0.307785 0.951053 -0.027683
vn -0.307785 0.951053 -0.027683
vn -0.585420 0.809019 -0.052654
vn -0.585420 0.809019 -0.052654
vn -0.805761 0.587791 -0.072472
vn -0.805761 0.587791 -0.072472
vn -0.947233 0.309016 -0.085196
vn -0.947233 0.309016 -0.085196
vn -0.995980 0.000000 -0.089581
vn -0.995980 0.000000 -0.089581
vn -0.947233 -0.309016 -0.085196
vn -0.947233 -0.309016 -0.085196
vn -0.805767 -0.587782 -0.072473
vn -0.805767 -0.587782 -0.072473
vn -0.585420 -0.809019 -0.052654
vn -0.585420 -0.809019 -0.052654
vn -0.307769 -0.951058 -0.027681
vn -0.307769 -0.951058 -0.027681
vn -0.000000 -1.000000 -0.000000
vn -0.000000 -1.000000 -0.000000
vn 0.307770 -0.951058 0.027682
vn 0.307770 -0.951058 0.027682
vn 0.585420 -0.809019 0.052654
vn 0.585420 -0.809019 0.052654
vn 0.805765 -0.587784 0.072472
vn 0.805765 -0.587784 0.072472
vn 0.947233 -0.309016 0.085196
vn 0.947233 -0.309016 0.085196
vn 0.995980 -0.000000 0.089581
vn 0.995980 -0.000000 0.089581
vn 0.089581 -0.000000 -0.995980
vn 0.089581 0.000000 -0.995980
vn 0.089581 0.000000 -0.995980
vn 0.089581 -0.000000 -0.995980
vn 0.089581 0.000000 -0.995980
vn 0.089581 0.000000 -0.995980
vn 0.089581 0.000000 -0.995980
vn 0.089581 -0.000000 -0.995980
vn 0.089581 -0.000000 -0.995980
vn 0.089581 0.000000 -0.995980
vn 0.089581 0.000000 -0.995980
vn 0.089581 0.000000 -0.995980
vn 0.089581 0.000000 -0.995980
vn 0.089581 0.000000 -0.995980
vn 0.089581 -0.000000 -0.995980
vn 0.089581 0.000000 -0.995980
vn 0.089581 -0.000000 -0.995980
vn 0.089581 0.000000 -0.995980
vn 0.089581 0.000000 -0.995980
vn 0.089581 0.000000 -0.995980
vn 0.089581 0.000000 -0.995980
vn -0.089581 -0.000000 0.995980
vn -0.089581 -0.000000 0.995980
vn -0.089581 -0.000000 0.995980
vn -0.089581 -0.000000 0.995980
vn -0.089581 -0.000000 0.995980
vn -0.089581 -0.000000 0.995980
vn -0.089581 -0.000000 0.995980
vn -0.089581 -0.000000 0.995980
vn -0.089581 -0.000000 0.995980
vn -0.089581 -0.000000 0.995980
vn -0.089581 -0.000000 0.995980
vn -0.089581 -0.000000 0.995980
vn -0.089581 -0.000000 0.995980
vn -0.089581 -0.000000 0.995980
vn -0.089581 -0.000000 0.995980
vn -0.089581 -0.000000 0.995980
vn -0.089581 -0.000000 0.995980
vn -0.089581 0.000000 0.995980
vn -0.089581 0.000000 0.995980
vn -0.089581 -0.000000 0.995980
vn -0.089581 -0.000000 0.995980
vn -0.089581 0.000000 0.995980
vn -0.089581 -0.000000 0.995980
vn -0.089581 -0.000000 0.995980
vn -0.089581 0.000000 0.995980
vn -0.089581 -0.000000 0.995980
vn -0.089581 -0.000000 0.995980
vn -0.089581 -0.000000 0.995980
vn -0.089581 -0.000000 0.995980
vn -0.089581 -0.000000 0.995980
vn -0.089581 -0.000000 0.995980
vn -0.089581 -0.000000 0.995980
vn -0.089581 -0.000000 0.995980
vn -0.089581 -0.000000 0.995980
vn -0.089581 -0.000000 0.995980
vn -0.089581 -0.000000 0.995980
vn -0.089581 -0.000000 0.995980
vn -0.089581 -0.000000 0.995980
vn -0.089581 -0.000000 0.995980
vn -0.089581 -0.000000 0.995980
vn -0.089581 -0.000000 0.995980
vn -0.089581 -0.000000 0.995980
vn -0.089581 -0.000000 0.995980
vn -0.089581 -0.000000 0.995980
vn -0.089581 -0.000000 0.995980
vn -0.089581 0.000000 0.995980
vn -0.089581 0.000000 0.995980
vn -0.089581 0.000000 0.995980
vn -0.089581 0.000000 0.995980
vn -0.089581 0.000000 0.995980
vn -0.089581 0.000000 0.995980
vn -0.089581 0.000000 0.995980
vn -0.089581 0.000000 0.995980
vn -0.089581 0.000000 0.995980
vn -0.089581 0.000000 0.995980
vn -0.089581 0.000000 0.995980
vn -0.089581 0.000000 0.995980
vn -0.089581 0.000000 0.995980
vn -0.089581 0.000000 0.995980
vn -0.089581 0.000000 0.995980
vn -0.089581 0.000000 0.995980
vn -0.947233 -0.309018 -0.085196
vn -0.805764 -0.587786 -0.072472
vn -0.805764 -0.587786 -0.072472
vn -0.947233 -0.309018 -0.085196
vn -0.585418 -0.809020 -0.052654
vn -0.585418 -0.809020 -0.052654
vn -0.307763 -0.951060 -0.027681
vn -0.307763 -0.951060 -0.027681
vn 0.000000 -1.000000 -0.000000
vn 0.000000 -1.000000 -0.000000
vn 0.307763 -0.951060 0.027681
vn 0.307763 -0.951060 0.027681
vn 0.585419 -0.809019 0.052654
vn 0.585419 -0.809019 0.052654
vn 0.805764 -0.587785 0.072472
vn 0.805764 -0.587785 0.072472
vn 0.947233 -0.309018 0.085196
vn 0.947233 -0.309018 0.085196
vn 0.995980 -0.000000 0.089581
vn 0.995980 -0.000000 0.089581
vn 0.947233 0.309018 0.085196
vn 0.947233 0.309018 0.085196
vn 0.805764 0.587785 0.072472
vn 0.805764 0.587785 0.072472
vn 0.585433 0.809009 0.052655
vn 0.585433 0.809009 0.052655
vn 0.307782 0.951054 0.027683
vn 0.307782 0.951054 0.027683
vn -0.000000 1.000000 -0.000000
vn -0.000000 1.000000 -0.000000
vn -0.307783 0.951054 -0.027683
vn -0.307783 0.951054 -0.027683
vn -0.585433 0.809009 -0.052655
vn -0.585433 0.809009 -0.052655
vn -0.805764 0.587786 -0.072472
vn -0.805764 0.587786 -0.072472
vn -0.947233 0.309018 -0.085196
vn -0.947233 0.309018 -0.085196
vn -0.995980 0.000000 -0.089581
vn -0.995980 0.000000 -0.089581
s 1
g group5 pCylinder16 group4
usemtl initialShadingGroup
f 204/271/621 205/272/622 225/293/623 224/292/624
f 205/272/622 206/273/625 226/294/626 225/293/623
f 206/273/625 207/274/627 227/295/628 226/294/626
f 207/274/627 208/275/629 228/296/630 227/295/628
f 208/275/629 209/276/631 229/297/632 228/296/630
f 209/276/631 210/277/633 230/298/634 229/297/632
f 210/277/633 211/278/635 231/299/636 230/298/634
f 211/278/635 212/279/637 232/300/638 231/299/636
f 212/279/637 213/280/639 233/301/640 232/300/638
f 213/280/639 214/281/641 234/302/642 233/301/640
f 214/281/641 215/282/643 235/303/644 234/302/642
f 215/282/643 216/283/645 236/304/646 235/303/644
f 216/283/645 217/284/647 237/305/648 236/304/646
f 217/284/647 218/285/649 238/306/650 237/305/648
f 218/285/649 219/286/651 239/307/652 238/306/650
f 219/286/651 220/287/653 240/308/654 239/307/652
f 220/287/653 221/288/655 241/309/656 240/308/654
f 221/288/655 222/289/657 242/310/658 241/309/656
f 222/289/657 223/290/659 243/311/660 242/310/658
f 223/290/659 204/291/621 224/312/624 243/311/660
s 2
f 205/252/661 204/251/662 244/333/663
f 206/253/664 205/252/661 244/333/663
f 207/254/665 206/253/664 244/333/663
f 208/255/666 207/254/665 244/333/663
f 209/256/667 208/255/666 244/333/663
f 210/257/668 209/256/667 244/333/663
f 211/258/669 210/257/668 244/333/663
f 212/259/670 211/258/669 244/333/663
f 213/260/671 212/259/670 244/333/663
f 214/261/672 213/260/671 244/333/663
f 215/262/673 214/261/672 244/333/663
f 216/263/674 215/262/673 244/333/663
f 217/264/675 216/263/674 244/333/663
f 218/265/676 217/264/675 244/333/663
f 219/266/677 218/265/676 244/333/663
f 220/267/678 219/266/677 244/333/663
f 221/268/679 220/267/678 244/333/663
f 222/269/680 221/268/679 244/333/663
f 223/270/681 222/269/680 244/333/663
f 204/251/662 223/270/681 244/333/663
s 3
f 265/355/682 266/356/683 267/334/684
f 266/356/683 268/357/685 267/334/684
f 268/357/685 269/358/686 267/334/684
f 269/358/686 270/359/687 267/334/684
f 270/359/687 271/360/688 267/334/684
f 271/360/688 272/361/689 267/334/684
f 272/361/689 273/362/690 267/334/684
f 273/362/690 274/363/691 267/334/684
f 274/363/691 275/364/692 267/334/684
f 275/364/692 276/365/693 267/334/684
f 276/365/693 277/366/694 267/334/684
f 277/366/694 278/367/695 267/334/684
f 278/367/695 279/368/696 267/334/684
f 279/368/696 280/369/697 267/334/684
f 280/369/697 281/370/698 267/334/684
f 281/370/698 282/371/699 267/334/684
f 282/371/699 283/372/700 267/334/684
f 283/372/700 284/373/701 267/334/684
f 284/373/701 285/374/702 267/334/684
f 285/374/702 265/355/682 267/334/684
s 4
f 224/331/703 225/330/704 246/336/705 245/335/706
f 225/330/704 226/329/707 247/337/708 246/336/705
f 226/329/707 227/328/709 248/338/710 247/337/708
f 227/328/709 228/327/711 249/339/712 248/338/710
f 228/327/711 229/326/713 250/340/714 249/339/712
f 229/326/713 230/325/715 251/341/716 250/340/714
f 230/325/715 231/324/717 252/342/718 251/341/716
f 231/324/717 232/323/719 253/343/720 252/342/718
f 232/323/719 233/322/721 254/344/722 253/343/720
f 233/322/721 234/321/723 255/345/724 254/344/722
f 234/321/723 235/320/725 256/346/726 255/345/724
f 235/320/725 236/319/727 257/347/728 256/346/726
f 236/319/727 237/318/729 258/348/730 257/347/728
f 237/318/729 238/317/731 259/349/732 258/348/730
f 238/317/731 239/316/733 260/350/734 259/349/732
f 239/316/733 240/315/735 261/351/736 260/350/734
f 240/315/735 241/314/737 262/352/738 261/351/736
f 241/314/737 242/313/739 263/353/740 262/352/738
f 242/313/739 243/332/741 264/354/742 263/353/740
f 243/332/741 224/331/703 245/335/706 264/354/742
s 5
f 245/335/743 246/336/744 266/356/745 265/355/746
f 246/336/744 247/337/747 268/357/748 266/356/745
f 247/337/747 248/338/749 269/358/750 268/357/748
f 248/338/749 249/339/751 270/359/752 269/358/750
f 249/339/751 250/340/753 271/360/754 270/359/752
f 250/340/753 251/341/755 272/361/756 271/360/754
f 251/341/755 252/342/757 273/362/758 272/361/756
f 252/342/757 253/343/759 274/363/760 273/362/758
f 253/343/759 254/344/761 275/364/762 274/363/760
f 254/344/761 255/345/763 276/365/764 275/364/762
f 255/345/763 256/346/765 277/366/766 276/365/764
f 256/346/765 257/347/767 278/367/768 277/366/766
f 257/347/767 258/348/769 279/368/770 278/367/768
f 258/348/769 259/349/771 280/369/772 279/368/770
f 259/349/771 260/350/773 281/370/774 280/369/772
f 260/350/773 261/351/775 282/371/776 281/370/774
f 261/351/775 262/352/777 283/372/778 282/371/776
f 262/352/777 263/353/779 284/373/780 283/372/778
f 263/353/779 264/354/781 285/374/782 284/373/780
f 264/354/781 245/335/743 265/355/746 285/374/782
g default
v -2356.632340 3105.675065 -933.259714
v -2361.361723 3114.994558 -933.685086
v -2368.727913 3122.390164 -934.347618
v -2378.009875 3127.138925 -935.182459
v -2388.299004 3128.775110 -936.107887
v -2398.588134 3127.138925 -937.033315
v -2407.870095 3122.390164 -937.868156
v -2415.236317 3114.994558 -938.530691
v -2419.965669 3105.675065 -938.956060
v -2421.595339 3095.344401 -939.102636
v -2419.965669 3085.013738 -938.956060
v -2415.236317 3075.694244 -938.530691
v -2407.870095 3068.298256 -937.868156
v -2398.588134 3063.549877 -937.033315
v -2388.299004 3061.913692 -936.107887
v -2378.009906 3063.549877 -935.182462
v -2368.727976 3068.298256 -934.347623
v -2361.361723 3075.694244 -933.685086
v -2356.632340 3085.013738 -933.259714
v -2355.002701 3095.344401 -933.113140
v -2357.576495 3105.675065 -922.762376
v -2362.305878 3114.994558 -923.187748
v -2369.672068 3122.390164 -923.850280
v -2378.954029 3127.138925 -924.685121
v -2389.243159 3128.775110 -925.610549
v -2399.532289 3127.138925 -926.535977
v -2408.814250 3122.390164 -927.370818
v -2416.180472 3114.994558 -928.033353
v -2420.909824 3105.675065 -928.458722
v -2422.539494 3095.344401 -928.605298
v -2420.909824 3085.013738 -928.458722
v -2416.180472 3075.694244 -928.033353
v -2408.814250 3068.298256 -927.370818
v -2399.532289 3063.549877 -926.535977
v -2389.243159 3061.913692 -925.610549
v -2378.954061 3063.549877 -924.685124
v -2369.672131 3068.298256 -923.850285
v -2362.305878 3075.694244 -923.187748
v -2357.576495 3085.013738 -922.762376
v -2355.946856 3095.344401 -922.615802
v -2388.299004 3095.344401 -936.107887
v -2361.859419 3104.277867 -923.147592
v -2365.949154 3112.336746 -923.515432
v -2372.319067 3118.732405 -924.088357
v -2380.345673 3122.838552 -924.810288
v -2389.243159 3124.253348 -925.610549
v -2398.140709 3122.838552 -926.410815
v -2406.167283 3118.732405 -927.132744
v -2412.537196 3112.336746 -927.705669
v -2416.626899 3104.277867 -928.073506
v -2418.036166 3095.344401 -928.200259
v -2416.626899 3086.410935 -928.073506
v -2412.537196 3078.352056 -927.705669
v -2406.167283 3071.956398 -927.132744
v -2398.140709 3067.849867 -926.410815
v -2389.243159 3066.435071 -925.610549
v -2380.345673 3067.849867 -924.810288
v -2372.319067 3071.956398 -924.088357
v -2365.949154 3078.352056 -923.515432
v -2361.859419 3086.410935 -923.147592
v -2360.450184 3095.344401 -923.020842
v -2361.331571 3104.277867 -929.016337
v -2365.421305 3112.336746 -929.384177
v -2388.715311 3095.344401 -931.479294
v -2371.791218 3118.732405 -929.957102
v -2379.817824 3122.838552 -930.679034
v -2388.715311 3124.253348 -931.479294
v -2397.612860 3122.838552 -932.279560
v -2405.639434 3118.732405 -933.001489
v -2412.009348 3112.336746 -933.574414
v -2416.099050 3104.277867 -933.942251
v -2417.508317 3095.344401 -934.069004
v -2416.099050 3086.410935 -933.942251
v -2412.009348 3078.352056 -933.574414
v -2405.639434 3071.956398 -933.001489
v -2397.612860 3067.849867 -932.279560
v -2388.715311 3066.435071 -931.479294
v -2379.817824 3067.849867 -930.679034
v -2371.791218 3071.956398 -929.957102
v -2365.421305 3078.352056 -929.384177
v -2361.331571 3086.410935 -929.016337
v -2359.922336 3095.344401 -928.889587
vt 0.648603 0.107966
vt 0.626409 0.064408
vt 0.591842 0.029841
vt 0.548284 0.007647
vt 0.500000 -0.000000
vt 0.451716 0.007647
vt 0.408159 0.029841
vt 0.373591 0.064409
vt 0.351397 0.107966
vt 0.343750 0.156250
vt 0.351397 0.204534
vt 0.373591 0.248091
vt 0.408159 0.282659
vt 0.451716 0.304853
vt 0.500000 0.312500
vt 0.548284 0.304853
vt 0.591841 0.282659
vt 0.626409 0.248091
vt 0.648603 0.204534
vt 0.656250 0.156250
vt 0.375000 0.312500
vt 0.387500 0.312500
vt 0.400000 0.312500
vt 0.412500 0.312500
vt 0.425000 0.312500
vt 0.437500 0.312500
vt 0.450000 0.312500
vt 0.462500 0.312500
vt 0.475000 0.312500
vt 0.487500 0.312500
vt 0.500000 0.312500
vt 0.512500 0.312500
vt 0.525000 0.312500
vt 0.537500 0.312500
vt 0.550000 0.312500
vt 0.562500 0.312500
vt 0.575000 0.312500
vt 0.587500 0.312500
vt 0.600000 0.312500
vt 0.612500 0.312500
vt 0.625000 0.312500
vt 0.375000 0.687500
vt 0.387500 0.687500
vt 0.400000 0.687500
vt 0.412500 0.687500
vt 0.425000 0.687500
vt 0.437500 0.687500
vt 0.450000 0.687500
vt 0.462500 0.687500
vt 0.475000 0.687500
vt 0.487500 0.687500
vt 0.500000 0.687500
vt 0.512500 0.687500
vt 0.525000 0.687500
vt 0.537500 0.687500
vt 0.550000 0.687500
vt 0.562500 0.687500
vt 0.575000 0.687500
vt 0.587500 0.687500
vt 0.600000 0.687500
vt 0.612500 0.687500
vt 0.625000 0.687500
vt 0.648603 0.795466
vt 0.626409 0.751908
vt 0.591842 0.717341
vt 0.548284 0.695147
vt 0.500000 0.687500
vt 0.451716 0.695147
vt 0.408159 0.717341
vt 0.373591 0.751909
vt 0.351397 0.795466
vt 0.343750 0.843750
vt 0.351397 0.892034
vt 0.373591 0.935591
vt 0.408159 0.970159
vt 0.451716 0.992353
vt 0.500000 1.000000
vt 0.548284 0.992353
vt 0.591841 0.970159
vt 0.626409 0.935591
vt 0.648603 0.892034
vt 0.656250 0.843750
vt 0.500000 0.156250
vt 0.500000 0.843750
vt 0.648603 0.892034
vt 0.626409 0.935591
vt 0.591841 0.970159
vt 0.548284 0.992353
vt 0.500000 1.000000
vt 0.451716 0.992353
vt 0.408159 0.970159
vt 0.373591 0.935591
vt 0.351397 0.892034
vt 0.343750 0.843750
vt 0.351397 0.795466
vt 0.373591 0.751909
vt 0.408159 0.717341
vt 0.451716 0.695147
vt 0.500000 0.687500
vt 0.548284 0.695147
vt 0.591842 0.717341
vt 0.626409 0.751908
vt 0.648603 0.795466
vt 0.656250 0.843750
vt 0.648603 0.892034
vt 0.626409 0.935591
vt 0.591841 0.970159
vt 0.548284 0.992353
vt 0.500000 1.000000
vt 0.451716 0.992353
vt 0.408159 0.970159
vt 0.373591 0.935591
vt 0.351397 0.892034
vt 0.343750 0.843750
vt 0.351397 0.795466
vt 0.373591 0.751909
vt 0.408159 0.717341
vt 0.451716 0.695147
vt 0.500000 0.687500
vt 0.548284 0.695147
vt 0.591842 0.717341
vt 0.626409 0.751908
vt 0.648603 0.795466
vt 0.656250 0.843750
vn 0.947233 0.309016 0.085196
vn 0.805760 0.587791 0.072472
vn 0.805760 0.587791 0.072472
vn 0.947233 0.309016 0.085196
vn 0.585421 0.809018 0.052654
vn 0.585421 0.809018 0.052654
vn 0.307785 0.951053 0.027683
vn 0.307785 0.951053 0.027683
vn -0.000000 1.000000 0.000000
vn -0.000000 1.000000 0.000000
vn -0.307785 0.951053 -0.027683
vn -0.307785 0.951053 -0.027683
vn -0.585420 0.809019 -0.052654
vn -0.585420 0.809019 -0.052654
vn -0.805761 0.587791 -0.072472
vn -0.805761 0.587791 -0.072472
vn -0.947233 0.309016 -0.085196
vn -0.947233 0.309016 -0.085196
vn -0.995980 0.000000 -0.089581
vn -0.995980 0.000000 -0.089581
vn -0.947233 -0.309016 -0.085196
vn -0.947233 -0.309016 -0.085196
vn -0.805767 -0.587782 -0.072473
vn -0.805767 -0.587782 -0.072473
vn -0.585420 -0.809019 -0.052654
vn -0.585420 -0.809019 -0.052654
vn -0.307769 -0.951059 -0.027681
vn -0.307769 -0.951059 -0.027681
vn -0.000000 -1.000000 -0.000000
vn -0.000000 -1.000000 -0.000000
vn 0.307769 -0.951058 0.027682
vn 0.307769 -0.951058 0.027682
vn 0.585420 -0.809019 0.052654
vn 0.585420 -0.809019 0.052654
vn 0.805765 -0.587784 0.072472
vn 0.805765 -0.587784 0.072472
vn 0.947233 -0.309016 0.085196
vn 0.947233 -0.309016 0.085196
vn 0.995980 -0.000000 0.089581
vn 0.995980 -0.000000 0.089581
vn 0.089581 -0.000000 -0.995980
vn 0.089581 0.000000 -0.995980
vn 0.089581 0.000000 -0.995980
vn 0.089581 -0.000000 -0.995980
vn 0.089581 0.000000 -0.995980
vn 0.089581 0.000000 -0.995980
vn 0.089581 0.000000 -0.995980
vn 0.089581 -0.000000 -0.995980
vn 0.089581 -0.000000 -0.995980
vn 0.089581 0.000000 -0.995980
vn 0.089581 0.000000 -0.995980
vn 0.089581 0.000000 -0.995980
vn 0.089581 0.000000 -0.995980
vn 0.089581 0.000000 -0.995980
vn 0.089581 -0.000000 -0.995980
vn 0.089581 0.000000 -0.995980
vn 0.089581 -0.000000 -0.995980
vn 0.089581 0.000000 -0.995980
vn 0.089581 0.000000 -0.995980
vn 0.089581 0.000000 -0.995980
vn 0.089581 0.000000 -0.995980
vn -0.089581 -0.000000 0.995980
vn -0.089581 -0.000000 0.995980
vn -0.089581 -0.000000 0.995980
vn -0.089581 -0.000000 0.995980
vn -0.089581 -0.000000 0.995980
vn -0.089581 -0.000000 0.995980
vn -0.089581 -0.000000 0.995980
vn -0.089581 -0.000000 0.995980
vn -0.089581 -0.000000 0.995980
vn -0.089581 -0.000000 0.995980
vn -0.089581 -0.000000 0.995980
vn -0.089581 -0.000000 0.995980
vn -0.089581 -0.000000 0.995980
vn -0.089581 -0.000000 0.995980
vn -0.089581 -0.000000 0.995980
vn -0.089581 -0.000000 0.995980
vn -0.089581 -0.000000 0.995980
vn -0.089581 0.000000 0.995980
vn -0.089581 0.000000 0.995980
vn -0.089581 -0.000000 0.995980
vn -0.089581 -0.000000 0.995980
vn -0.089581 0.000000 0.995980
vn -0.089581 -0.000000 0.995980
vn -0.089581 -0.000000 0.995980
vn -0.089581 0.000000 0.995980
vn -0.089581 -0.000000 0.995980
vn -0.089581 -0.000000 0.995980
vn -0.089581 -0.000000 0.995980
vn -0.089581 -0.000000 0.995980
vn -0.089581 -0.000000 0.995980
vn -0.089581 -0.000000 0.995980
vn -0.089581 -0.000000 0.995980
vn -0.089581 -0.000000 0.995980
vn -0.089581 -0.000000 0.995980
vn -0.089581 -0.000000 0.995980
vn -0.089581 -0.000000 0.995980
vn -0.089581 -0.000000 0.995980
vn -0.089581 -0.000000 0.995980
vn -0.089581 -0.000000 0.995980
vn -0.089581 -0.000000 0.995980
vn -0.089581 -0.000000 0.995980
vn -0.089581 -0.000000 0.995980
vn -0.089581 -0.000000 0.995980
vn -0.089581 -0.000000 0.995980
vn -0.089581 -0.000000 0.995980
vn -0.089581 0.000000 0.995980
vn -0.089581 0.000000 0.995980
vn -0.089581 0.000000 0.995980
vn -0.089581 0.000000 0.995980
vn -0.089581 0.000000 0.995980
vn -0.089581 0.000000 0.995980
vn -0.089581 0.000000 0.995980
vn -0.089581 0.000000 0.995980
vn -0.089581 0.000000 0.995980
vn -0.089581 0.000000 0.995980
vn -0.089581 0.000000 0.995980
vn -0.089581 0.000000 0.995980
vn -0.089581 0.000000 0.995980
vn -0.089581 0.000000 0.995980
vn -0.089581 0.000000 0.995980
vn -0.089581 0.000000 0.995980
vn -0.947233 -0.309018 -0.085196
vn -0.805764 -0.587786 -0.072472
vn -0.805764 -0.587786 -0.072472
vn -0.947233 -0.309018 -0.085196
vn -0.585418 -0.809020 -0.052654
vn -0.585418 -0.809020 -0.052654
vn -0.307763 -0.951060 -0.027681
vn -0.307763 -0.951060 -0.027681
vn 0.000000 -1.000000 -0.000000
vn 0.000000 -1.000000 -0.000000
vn 0.307763 -0.951060 0.027681
vn 0.307763 -0.951060 0.027681
vn 0.585419 -0.809019 0.052654
vn 0.585419 -0.809019 0.052654
vn 0.805764 -0.587785 0.072472
vn 0.805764 -0.587785 0.072472
vn 0.947232 -0.309018 0.085196
vn 0.947232 -0.309018 0.085196
vn 0.995980 -0.000000 0.089581
vn 0.995980 -0.000000 0.089581
vn 0.947233 0.309018 0.085196
vn 0.947233 0.309018 0.085196
vn 0.805764 0.587785 0.072472
vn 0.805764 0.587785 0.072472
vn 0.585433 0.809009 0.052655
vn 0.585433 0.809009 0.052655
vn 0.307782 0.951054 0.027683
vn 0.307782 0.951054 0.027683
vn -0.000000 1.000000 -0.000000
vn -0.000000 1.000000 -0.000000
vn -0.307783 0.951054 -0.027683
vn -0.307783 0.951054 -0.027683
vn -0.585432 0.809009 -0.052655
vn -0.585432 0.809009 -0.052655
vn -0.805764 0.587786 -0.072472
vn -0.805764 0.587786 -0.072472
vn -0.947233 0.309018 -0.085196
vn -0.947233 0.309018 -0.085196
vn -0.995980 0.000000 -0.089581
vn -0.995980 0.000000 -0.089581
s 1
g group5 group4 pCylinder19
usemtl initialShadingGroup
f 286/395/783 287/396/784 307/417/785 306/416/786
f 287/396/784 288/397/787 308/418/788 307/417/785
f 288/397/787 289/398/789 309/419/790 308/418/788
f 289/398/789 290/399/791 310/420/792 309/419/790
f 290/399/791 291/400/793 311/421/794 310/420/792
f 291/400/793 292/401/795 312/422/796 311/421/794
f 292/401/795 293/402/797 313/423/798 312/422/796
f 293/402/797 294/403/799 314/424/800 313/423/798
f 294/403/799 295/404/801 315/425/802 314/424/800
f 295/404/801 296/405/803 316/426/804 315/425/802
f 296/405/803 297/406/805 317/427/806 316/426/804
f 297/406/805 298/407/807 318/428/808 317/427/806
f 298/407/807 299/408/809 319/429/810 318/428/808
f 299/408/809 300/409/811 320/430/812 319/429/810
f 300/409/811 301/410/813 321/431/814 320/430/812
f 301/410/813 302/411/815 322/432/816 321/431/814
f 302/411/815 303/412/817 323/433/818 322/432/816
f 303/412/817 304/413/819 324/434/820 323/433/818
f 304/413/819 305/414/821 325/435/822 324/434/820
f 305/414/821 286/415/783 306/436/786 325/435/822
s 2
f 287/376/823 286/375/824 326/457/825
f 288/377/826 287/376/823 326/457/825
f 289/378/827 288/377/826 326/457/825
f 290/379/828 289/378/827 326/457/825
f 291/380/829 290/379/828 326/457/825
f 292/381/830 291/380/829 326/457/825
f 293/382/831 292/381/830 326/457/825
f 294/383/832 293/382/831 326/457/825
f 295/384/833 294/383/832 326/457/825
f 296/385/834 295/384/833 326/457/825
f 297/386/835 296/385/834 326/457/825
f 298/387/836 297/386/835 326/457/825
f 299/388/837 298/387/836 326/457/825
f 300/389/838 299/388/837 326/457/825
f 301/390/839 300/389/838 326/457/825
f 302/391/840 301/390/839 326/457/825
f 303/392/841 302/391/840 326/457/825
f 304/393/842 303/392/841 326/457/825
f 305/394/843 304/393/842 326/457/825
f 286/375/824 305/394/843 326/457/825
s 3
f 347/479/844 348/480/845 349/458/846
f 348/480/845 350/481/847 349/458/846
f 350/481/847 351/482/848 349/458/846
f 351/482/848 352/483/849 349/458/846
f 352/483/849 353/484/850 349/458/846
f 353/484/850 354/485/851 349/458/846
f 354/485/851 355/486/852 349/458/846
f 355/486/852 356/487/853 349/458/846
f 356/487/853 357/488/854 349/458/846
f 357/488/854 358/489/855 349/458/846
f 358/489/855 359/490/856 349/458/846
f 359/490/856 360/491/857 349/458/846
f 360/491/857 361/492/858 349/458/846
f 361/492/858 362/493/859 349/458/846
f 362/493/859 363/494/860 349/458/846
f 363/494/860 364/495/861 349/458/846
f 364/495/861 365/496/862 349/458/846
f 365/496/862 366/497/863 349/458/846
f 366/497/863 367/498/864 349/458/846
f 367/498/864 347/479/844 349/458/846
s 4
f 306/455/865 307/454/866 328/460/867 327/459/868
f 307/454/866 308/453/869 329/461/870 328/460/867
f 308/453/869 309/452/871 330/462/872 329/461/870
f 309/452/871 310/451/873 331/463/874 330/462/872
f 310/451/873 311/450/875 332/464/876 331/463/874
f 311/450/875 312/449/877 333/465/878 332/464/876
f 312/449/877 313/448/879 334/466/880 333/465/878
f 313/448/879 314/447/881 335/467/882 334/466/880
f 314/447/881 315/446/883 336/468/884 335/467/882
f 315/446/883 316/445/885 337/469/886 336/468/884
f 316/445/885 317/444/887 338/470/888 337/469/886
f 317/444/887 318/443/889 339/471/890 338/470/888
f 318/443/889 319/442/891 340/472/892 339/471/890
f 319/442/891 320/441/893 341/473/894 340/472/892
f 320/441/893 321/440/895 342/474/896 341/473/894
f 321/440/895 322/439/897 343/475/898 342/474/896
f 322/439/897 323/438/899 344/476/900 343/475/898
f 323/438/899 324/437/901 345/477/902 344/476/900
f 324/437/901 325/456/903 346/478/904 345/477/902
f 325/456/903 306/455/865 327/459/868 346/478/904
s 5
f 327/459/905 328/460/906 348/480/907 347/479/908
f 328/460/906 329/461/909 350/481/910 348/480/907
f 329/461/909 330/462/911 351/482/912 350/481/910
f 330/462/911 331/463/913 352/483/914 351/482/912
f 331/463/913 332/464/915 353/484/916 352/483/914
f 332/464/915 333/465/917 354/485/918 353/484/916
f 333/465/917 334/466/919 355/486/920 354/485/918
f 334/466/919 335/467/921 356/487/922 355/486/920
f 335/467/921 336/468/923 357/488/924 356/487/922
f 336/468/923 337/469/925 358/489/926 357/488/924
f 337/469/925 338/470/927 359/490/928 358/489/926
f 338/470/927 339/471/929 360/491/930 359/490/928
f 339/471/929 340/472/931 361/492/932 360/491/930
f 340/472/931 341/473/933 362/493/934 361/492/932
f 341/473/933 342/474/935 363/494/936 362/493/934
f 342/474/935 343/475/937 364/495/938 363/494/936
f 343/475/937 344/476/939 365/496/940 364/495/938
f 344/476/939 345/477/941 366/497/942 365/496/940
f 345/477/941 346/478/943 367/498/944 366/497/942
f 346/478/943 327/459/905 347/479/908 367/498/944
g default
v -2356.632340 3028.445506 -933.259714
v -2361.361723 3037.765000 -933.685086
v -2368.727913 3045.160605 -934.347618
v -2378.009875 3049.909367 -935.182459
v -2388.299004 3051.545551 -936.107887
v -2398.588134 3049.909367 -937.033315
v -2407.870095 3045.160605 -937.868156
v -2415.236317 3037.765000 -938.530691
v -2419.965669 3028.445506 -938.956060
v -2421.595339 3018.114843 -939.102636
v -2419.965669 3007.784179 -938.956060
v -2415.236317 2998.464686 -938.530691
v -2407.870095 2991.068697 -937.868156
v -2398.588134 2986.320319 -937.033315
v -2388.299004 2984.684134 -936.107887
v -2378.009906 2986.320319 -935.182462
v -2368.727976 2991.068697 -934.347623
v -2361.361723 2998.464686 -933.685086
v -2356.632340 3007.784179 -933.259714
v -2355.002701 3018.114843 -933.113140
v -2357.576495 3028.445506 -922.762376
v -2362.305878 3037.765000 -923.187748
v -2369.672068 3045.160605 -923.850280
v -2378.954029 3049.909367 -924.685121
v -2389.243159 3051.545551 -925.610549
v -2399.532289 3049.909367 -926.535977
v -2408.814250 3045.160605 -927.370818
v -2416.180472 3037.765000 -928.033353
v -2420.909824 3028.445506 -928.458722
v -2422.539494 3018.114843 -928.605298
v -2420.909824 3007.784179 -928.458722
v -2416.180472 2998.464686 -928.033353
v -2408.814250 2991.068697 -927.370818
v -2399.532289 2986.320319 -926.535977
v -2389.243159 2984.684134 -925.610549
v -2378.954061 2986.320319 -924.685124
v -2369.672131 2991.068697 -923.850285
v -2362.305878 2998.464686 -923.187748
v -2357.576495 3007.784179 -922.762376
v -2355.946856 3018.114843 -922.615802
v -2388.299004 3018.114843 -936.107887
v -2361.859419 3027.048309 -923.147592
v -2365.949154 3035.107188 -923.515432
v -2372.319067 3041.502846 -924.088357
v -2380.345673 3045.608994 -924.810288
v -2389.243159 3047.023790 -925.610549
v -2398.140709 3045.608994 -926.410815
v -2406.167283 3041.502846 -927.132744
v -2412.537196 3035.107188 -927.705669
v -2416.626899 3027.048309 -928.073506
v -2418.036166 3018.114843 -928.200259
v -2416.626899 3009.181376 -928.073506
v -2412.537196 3001.122497 -927.705669
v -2406.167283 2994.726839 -927.132744
v -2398.140709 2990.620309 -926.410815
v -2389.243159 2989.205513 -925.610549
v -2380.345673 2990.620309 -924.810288
v -2372.319067 2994.726839 -924.088357
v -2365.949154 3001.122497 -923.515432
v -2361.859419 3009.181376 -923.147592
v -2360.450184 3018.114843 -923.020842
v -2361.331571 3027.048309 -929.016337
v -2365.421305 3035.107188 -929.384177
v -2388.715311 3018.114843 -931.479294
v -2371.791218 3041.502846 -929.957102
v -2379.817824 3045.608994 -930.679034
v -2388.715311 3047.023790 -931.479294
v -2397.612860 3045.608994 -932.279560
v -2405.639434 3041.502846 -933.001489
v -2412.009348 3035.107188 -933.574414
v -2416.099050 3027.048309 -933.942251
v -2417.508317 3018.114843 -934.069004
v -2416.099050 3009.181376 -933.942251
v -2412.009348 3001.122497 -933.574414
v -2405.639434 2994.726839 -933.001489
v -2397.612860 2990.620309 -932.279560
v -2388.715311 2989.205513 -931.479294
v -2379.817824 2990.620309 -930.679034
v -2371.791218 2994.726839 -929.957102
v -2365.421305 3001.122497 -929.384177
v -2361.331571 3009.181376 -929.016337
v -2359.922336 3018.114843 -928.889587
vt 0.648603 0.107966
vt 0.626409 0.064408
vt 0.591842 0.029841
vt 0.548284 0.007647
vt 0.500000 -0.000000
vt 0.451716 0.007647
vt 0.408159 0.029841
vt 0.373591 0.064409
vt 0.351397 0.107966
vt 0.343750 0.156250
vt 0.351397 0.204534
vt 0.373591 0.248091
vt 0.408159 0.282659
vt 0.451716 0.304853
vt 0.500000 0.312500
vt 0.548284 0.304853
vt 0.591841 0.282659
vt 0.626409 0.248091
vt 0.648603 0.204534
vt 0.656250 0.156250
vt 0.375000 0.312500
vt 0.387500 0.312500
vt 0.400000 0.312500
vt 0.412500 0.312500
vt 0.425000 0.312500
vt 0.437500 0.312500
vt 0.450000 0.312500
vt 0.462500 0.312500
vt 0.475000 0.312500
vt 0.487500 0.312500
vt 0.500000 0.312500
vt 0.512500 0.312500
vt 0.525000 0.312500
vt 0.537500 0.312500
vt 0.550000 0.312500
vt 0.562500 0.312500
vt 0.575000 0.312500
vt 0.587500 0.312500
vt 0.600000 0.312500
vt 0.612500 0.312500
vt 0.625000 0.312500
vt 0.375000 0.687500
vt 0.387500 0.687500
vt 0.400000 0.687500
vt 0.412500 0.687500
vt 0.425000 0.687500
vt 0.437500 0.687500
vt 0.450000 0.687500
vt 0.462500 0.687500
vt 0.475000 0.687500
vt 0.487500 0.687500
vt 0.500000 0.687500
vt 0.512500 0.687500
vt 0.525000 0.687500
vt 0.537500 0.687500
vt 0.550000 0.687500
vt 0.562500 0.687500
vt 0.575000 0.687500
vt 0.587500 0.687500
vt 0.600000 0.687500
vt 0.612500 0.687500
vt 0.625000 0.687500
vt 0.648603 0.795466
vt 0.626409 0.751908
vt 0.591842 0.717341
vt 0.548284 0.695147
vt 0.500000 0.687500
vt 0.451716 0.695147
vt 0.408159 0.717341
vt 0.373591 0.751909
vt 0.351397 0.795466
vt 0.343750 0.843750
vt 0.351397 0.892034
vt 0.373591 0.935591
vt 0.408159 0.970159
vt 0.451716 0.992353
vt 0.500000 1.000000
vt 0.548284 0.992353
vt 0.591841 0.970159
vt 0.626409 0.935591
vt 0.648603 0.892034
vt 0.656250 0.843750
vt 0.500000 0.156250
vt 0.500000 0.843750
vt 0.648603 0.892034
vt 0.626409 0.935591
vt 0.591841 0.970159
vt 0.548284 0.992353
vt 0.500000 1.000000
vt 0.451716 0.992353
vt 0.408159 0.970159
vt 0.373591 0.935591
vt 0.351397 0.892034
vt 0.343750 0.843750
vt 0.351397 0.795466
vt 0.373591 0.751909
vt 0.408159 0.717341
vt 0.451716 0.695147
vt 0.500000 0.687500
vt 0.548284 0.695147
vt 0.591842 0.717341
vt 0.626409 0.751908
vt 0.648603 0.795466
vt 0.656250 0.843750
vt 0.648603 0.892034
vt 0.626409 0.935591
vt 0.591841 0.970159
vt 0.548284 0.992353
vt 0.500000 1.000000
vt 0.451716 0.992353
vt 0.408159 0.970159
vt 0.373591 0.935591
vt 0.351397 0.892034
vt 0.343750 0.843750
vt 0.351397 0.795466
vt 0.373591 0.751909
vt 0.408159 0.717341
vt 0.451716 0.695147
vt 0.500000 0.687500
vt 0.548284 0.695147
vt 0.591842 0.717341
vt 0.626409 0.751908
vt 0.648603 0.795466
vt 0.656250 0.843750
vn 0.947233 0.309016 0.085196
vn 0.805760 0.587791 0.072472
vn 0.805760 0.587791 0.072472
vn 0.947233 0.309016 0.085196
vn 0.585421 0.809018 0.052654
vn 0.585421 0.809018 0.052654
vn 0.307785 0.951053 0.027683
vn 0.307785 0.951053 0.027683
vn -0.000000 1.000000 0.000000
vn -0.000000 1.000000 0.000000
vn -0.307785 0.951053 -0.027683
vn -0.307785 0.951053 -0.027683
vn -0.585420 0.809019 -0.052654
vn -0.585420 0.809019 -0.052654
vn -0.805761 0.587791 -0.072472
vn -0.805761 0.587791 -0.072472
vn -0.947233 0.309016 -0.085196
vn -0.947233 0.309016 -0.085196
vn -0.995980 0.000000 -0.089581
vn -0.995980 0.000000 -0.089581
vn -0.947233 -0.309016 -0.085196
vn -0.947233 -0.309016 -0.085196
vn -0.805767 -0.587782 -0.072473
vn -0.805767 -0.587782 -0.072473
vn -0.585420 -0.809019 -0.052654
vn -0.585420 -0.809019 -0.052654
vn -0.307769 -0.951059 -0.027681
vn -0.307769 -0.951059 -0.027681
vn -0.000000 -1.000000 -0.000000
vn -0.000000 -1.000000 -0.000000
vn 0.307769 -0.951058 0.027682
vn 0.307769 -0.951058 0.027682
vn 0.585420 -0.809019 0.052654
vn 0.585420 -0.809019 0.052654
vn 0.805765 -0.587784 0.072472
vn 0.805765 -0.587784 0.072472
vn 0.947233 -0.309016 0.085196
vn 0.947233 -0.309016 0.085196
vn 0.995980 -0.000000 0.089581
vn 0.995980 -0.000000 0.089581
vn 0.089581 -0.000000 -0.995980
vn 0.089581 0.000000 -0.995980
vn 0.089581 0.000000 -0.995980
vn 0.089581 -0.000000 -0.995980
vn 0.089581 0.000000 -0.995980
vn 0.089581 0.000000 -0.995980
vn 0.089581 0.000000 -0.995980
vn 0.089581 -0.000000 -0.995980
vn 0.089581 -0.000000 -0.995980
vn 0.089581 0.000000 -0.995980
vn 0.089581 0.000000 -0.995980
vn 0.089581 0.000000 -0.995980
vn 0.089581 0.000000 -0.995980
vn 0.089581 0.000000 -0.995980
vn 0.089581 -0.000000 -0.995980
vn 0.089581 0.000000 -0.995980
vn 0.089581 -0.000000 -0.995980
vn 0.089581 0.000000 -0.995980
vn 0.089581 0.000000 -0.995980
vn 0.089581 0.000000 -0.995980
vn 0.089581 0.000000 -0.995980
vn -0.089581 -0.000000 0.995980
vn -0.089581 -0.000000 0.995980
vn -0.089581 -0.000000 0.995980
vn -0.089581 -0.000000 0.995980
vn -0.089581 -0.000000 0.995980
vn -0.089581 -0.000000 0.995980
vn -0.089581 -0.000000 0.995980
vn -0.089581 -0.000000 0.995980
vn -0.089581 -0.000000 0.995980
vn -0.089581 -0.000000 0.995980
vn -0.089581 -0.000000 0.995980
vn -0.089581 -0.000000 0.995980
vn -0.089581 -0.000000 0.995980
vn -0.089581 -0.000000 0.995980
vn -0.089581 -0.000000 0.995980
vn -0.089581 -0.000000 0.995980
vn -0.089581 -0.000000 0.995980
vn -0.089581 0.000000 0.995980
vn -0.089581 0.000000 0.995980
vn -0.089581 -0.000000 0.995980
vn -0.089581 -0.000000 0.995980
vn -0.089581 0.000000 0.995980
vn -0.089581 -0.000000 0.995980
vn -0.089581 -0.000000 0.995980
vn -0.089581 0.000000 0.995980
vn -0.089581 -0.000000 0.995980
vn -0.089581 -0.000000 0.995980
vn -0.089581 -0.000000 0.995980
vn -0.089581 -0.000000 0.995980
vn -0.089581 -0.000000 0.995980
vn -0.089581 -0.000000 0.995980
vn -0.089581 -0.000000 0.995980
vn -0.089581 -0.000000 0.995980
vn -0.089581 -0.000000 0.995980
vn -0.089581 -0.000000 0.995980
vn -0.089581 -0.000000 0.995980
vn -0.089581 -0.000000 0.995980
vn -0.089581 -0.000000 0.995980
vn -0.089581 -0.000000 0.995980
vn -0.089581 -0.000000 0.995980
vn -0.089581 -0.000000 0.995980
vn -0.089581 -0.000000 0.995980
vn -0.089581 -0.000000 0.995980
vn -0.089581 -0.000000 0.995980
vn -0.089581 -0.000000 0.995980
vn -0.089581 0.000000 0.995980
vn -0.089581 0.000000 0.995980
vn -0.089581 0.000000 0.995980
vn -0.089581 0.000000 0.995980
vn -0.089581 0.000000 0.995980
vn -0.089581 0.000000 0.995980
vn -0.089581 0.000000 0.995980
vn -0.089581 0.000000 0.995980
vn -0.089581 0.000000 0.995980
vn -0.089581 0.000000 0.995980
vn -0.089581 0.000000 0.995980
vn -0.089581 0.000000 0.995980
vn -0.089581 0.000000 0.995980
vn -0.089581 0.000000 0.995980
vn -0.089581 0.000000 0.995980
vn -0.089581 0.000000 0.995980
vn -0.947233 -0.309018 -0.085196
vn -0.805764 -0.587786 -0.072472
vn -0.805764 -0.587786 -0.072472
vn -0.947233 -0.309018 -0.085196
vn -0.585418 -0.809020 -0.052654
vn -0.585418 -0.809020 -0.052654
vn -0.307763 -0.951060 -0.027681
vn -0.307763 -0.951060 -0.027681
vn 0.000000 -1.000000 -0.000000
vn 0.000000 -1.000000 -0.000000
vn 0.307763 -0.951060 0.027681
vn 0.307763 -0.951060 0.027681
vn 0.585419 -0.809019 0.052654
vn 0.585419 -0.809019 0.052654
vn 0.805764 -0.587785 0.072472
vn 0.805764 -0.587785 0.072472
vn 0.947232 -0.309018 0.085196
vn 0.947232 -0.309018 0.085196
vn 0.995980 -0.000000 0.089581
vn 0.995980 -0.000000 0.089581
vn 0.947233 0.309018 0.085196
vn 0.947233 0.309018 0.085196
vn 0.805764 0.587785 0.072472
vn 0.805764 0.587785 0.072472
vn 0.585433 0.809009 0.052655
vn 0.585433 0.809009 0.052655
vn 0.307782 0.951054 0.027683
vn 0.307782 0.951054 0.027683
vn -0.000000 1.000000 -0.000000
vn -0.000000 1.000000 -0.000000
vn -0.307783 0.951054 -0.027683
vn -0.307783 0.951054 -0.027683
vn -0.585432 0.809009 -0.052655
vn -0.585432 0.809009 -0.052655
vn -0.805764 0.587786 -0.072472
vn -0.805764 0.587786 -0.072472
vn -0.947233 0.309018 -0.085196
vn -0.947233 0.309018 -0.085196
vn -0.995980 0.000000 -0.089581
vn -0.995980 0.000000 -0.089581
s 1
g group5 group4 pCylinder20
usemtl initialShadingGroup
f 368/519/945 369/520/946 389/541/947 388/540/948
f 369/520/946 370/521/949 390/542/950 389/541/947
f 370/521/949 371/522/951 391/543/952 390/542/950
f 371/522/951 372/523/953 392/544/954 391/543/952
f 372/523/953 373/524/955 393/545/956 392/544/954
f 373/524/955 374/525/957 394/546/958 393/545/956
f 374/525/957 375/526/959 395/547/960 394/546/958
f 375/526/959 376/527/961 396/548/962 395/547/960
f 376/527/961 377/528/963 397/549/964 396/548/962
f 377/528/963 378/529/965 398/550/966 397/549/964
f 378/529/965 379/530/967 399/551/968 398/550/966
f 379/530/967 380/531/969 400/552/970 399/551/968
f 380/531/969 381/532/971 401/553/972 400/552/970
f 381/532/971 382/533/973 402/554/974 401/553/972
f 382/533/973 383/534/975 403/555/976 402/554/974
f 383/534/975 384/535/977 404/556/978 403/555/976
f 384/535/977 385/536/979 405/557/980 404/556/978
f 385/536/979 386/537/981 406/558/982 405/557/980
f 386/537/981 387/538/983 407/559/984 406/558/982
f 387/538/983 368/539/945 388/560/948 407/559/984
s 2
f 369/500/985 368/499/986 408/581/987
f 370/501/988 369/500/985 408/581/987
f 371/502/989 370/501/988 408/581/987
f 372/503/990 371/502/989 408/581/987
f 373/504/991 372/503/990 408/581/987
f 374/505/992 373/504/991 408/581/987
f 375/506/993 374/505/992 408/581/987
f 376/507/994 375/506/993 408/581/987
f 377/508/995 376/507/994 408/581/987
f 378/509/996 377/508/995 408/581/987
f 379/510/997 378/509/996 408/581/987
f 380/511/998 379/510/997 408/581/987
f 381/512/999 380/511/998 408/581/987
f 382/513/1000 381/512/999 408/581/987
f 383/514/1001 382/513/1000 408/581/987
f 384/515/1002 383/514/1001 408/581/987
f 385/516/1003 384/515/1002 408/581/987
f 386/517/1004 385/516/1003 408/581/987
f 387/518/1005 386/517/1004 408/581/987
f 368/499/986 387/518/1005 408/581/987
s 3
f 429/603/1006 430/604/1007 431/582/1008
f 430/604/1007 432/605/1009 431/582/1008
f 432/605/1009 433/606/1010 431/582/1008
f 433/606/1010 434/607/1011 431/582/1008
f 434/607/1011 435/608/1012 431/582/1008
f 435/608/1012 436/609/1013 431/582/1008
f 436/609/1013 437/610/1014 431/582/1008
f 437/610/1014 438/611/1015 431/582/1008
f 438/611/1015 439/612/1016 431/582/1008
f 439/612/1016 440/613/1017 431/582/1008
f 440/613/1017 441/614/1018 431/582/1008
f 441/614/1018 442/615/1019 431/582/1008
f 442/615/1019 443/616/1020 431/582/1008
f 443/616/1020 444/617/1021 431/582/1008
f 444/617/1021 445/618/1022 431/582/1008
f 445/618/1022 446/619/1023 431/582/1008
f 446/619/1023 447/620/1024 431/582/1008
f 447/620/1024 448/621/1025 431/582/1008
f 448/621/1025 449/622/1026 431/582/1008
f 449/622/1026 429/603/1006 431/582/1008
s 4
f 388/579/1027 389/578/1028 410/584/1029 409/583/1030
f 389/578/1028 390/577/1031 411/585/1032 410/584/1029
f 390/577/1031 391/576/1033 412/586/1034 411/585/1032
f 391/576/1033 392/575/1035 413/587/1036 412/586/1034
f 392/575/1035 393/574/1037 414/588/1038 413/587/1036
f 393/574/1037 394/573/1039 415/589/1040 414/588/1038
f 394/573/1039 395/572/1041 416/590/1042 415/589/1040
f 395/572/1041 396/571/1043 417/591/1044 416/590/1042
f 396/571/1043 397/570/1045 418/592/1046 417/591/1044
f 397/570/1045 398/569/1047 419/593/1048 418/592/1046
f 398/569/1047 399/568/1049 420/594/1050 419/593/1048
f 399/568/1049 400/567/1051 421/595/1052 420/594/1050
f 400/567/1051 401/566/1053 422/596/1054 421/595/1052
f 401/566/1053 402/565/1055 423/597/1056 422/596/1054
f 402/565/1055 403/564/1057 424/598/1058 423/597/1056
f 403/564/1057 404/563/1059 425/599/1060 424/598/1058
f 404/563/1059 405/562/1061 426/600/1062 425/599/1060
f 405/562/1061 406/561/1063 427/601/1064 426/600/1062
f 406/561/1063 407/580/1065 428/602/1066 427/601/1064
f 407/580/1065 388/579/1027 409/583/1030 428/602/1066
s 5
f 409/583/1067 410/584/1068 430/604/1069 429/603/1070
f 410/584/1068 411/585/1071 432/605/1072 430/604/1069
f 411/585/1071 412/586/1073 433/606/1074 432/605/1072
f 412/586/1073 413/587/1075 434/607/1076 433/606/1074
f 413/587/1075 414/588/1077 435/608/1078 434/607/1076
f 414/588/1077 415/589/1079 436/609/1080 435/608/1078
f 415/589/1079 416/590/1081 437/610/1082 436/609/1080
f 416/590/1081 417/591/1083 438/611/1084 437/610/1082
f 417/591/1083 418/592/1085 439/612/1086 438/611/1084
f 418/592/1085 419/593/1087 440/613/1088 439/612/1086
f 419/593/1087 420/594/1089 441/614/1090 440/613/1088
f 420/594/1089 421/595/1091 442/615/1092 441/614/1090
f 421/595/1091 422/596/1093 443/616/1094 442/615/1092
f 422/596/1093 423/597/1095 444/617/1096 443/616/1094
f 423/597/1095 424/598/1097 445/618/1098 444/617/1096
f 424/598/1097 425/599/1099 446/619/1100 445/618/1098
f 425/599/1099 426/600/1101 447/620/1102 446/619/1100
f 426/600/1101 427/601/1103 448/621/1104 447/620/1102
f 427/601/1103 428/602/1105 449/622/1106 448/621/1104
f 428/602/1105 409/583/1067 429/603/1070 449/622/1106
g default
v -2353.392015 3199.375934 -934.808593
v -2359.766340 3211.936870 -935.381915
v -2369.694587 3221.904765 -936.274884
v -2382.204937 3228.305208 -937.400094
v -2396.072762 3230.510479 -938.647398
v -2409.940586 3228.305208 -939.894702
v -2422.450936 3221.904765 -941.019912
v -2432.379226 3211.936870 -941.912885
v -2438.753508 3199.375934 -942.486203
v -2440.949999 3185.452130 -942.683761
v -2438.753508 3171.528326 -942.486203
v -2432.379226 3158.967390 -941.912885
v -2422.450936 3148.998980 -941.019912
v -2409.940586 3142.599052 -939.894702
v -2396.072762 3140.393781 -938.647398
v -2382.204980 3142.599052 -937.400098
v -2369.694673 3148.998980 -936.274892
v -2359.766340 3158.967390 -935.381915
v -2353.392015 3171.528326 -934.808593
v -2351.195567 3185.452130 -934.611039
v -2354.664559 3199.375934 -920.660143
v -2361.038884 3211.936870 -921.233464
v -2370.967132 3221.904765 -922.126434
v -2383.477482 3228.305208 -923.251644
v -2397.345306 3230.510479 -924.498948
v -2411.213130 3228.305208 -925.746252
v -2423.723480 3221.904765 -926.871462
v -2433.651770 3211.936870 -927.764435
v -2440.026053 3199.375934 -928.337753
v -2442.222543 3185.452130 -928.535311
v -2440.026053 3171.528326 -928.337753
v -2433.651770 3158.967390 -927.764435
v -2423.723480 3148.998980 -926.871462
v -2411.213130 3142.599052 -925.746252
v -2397.345306 3140.393781 -924.498948
v -2383.477524 3142.599052 -923.251648
v -2370.967217 3148.998980 -922.126442
v -2361.038884 3158.967390 -921.233464
v -2354.664559 3171.528326 -920.660143
v -2352.468111 3185.452130 -920.462589
v -2396.072762 3185.452130 -938.647398
v -2360.437141 3197.492773 -921.179342
v -2365.949339 3208.354636 -921.675122
v -2374.534792 3216.974789 -922.447318
v -2385.353157 3222.509109 -923.420346
v -2397.345306 3224.415989 -924.498948
v -2409.337541 3222.509109 -925.577557
v -2420.155863 3216.974789 -926.550582
v -2428.741316 3208.354636 -927.322778
v -2434.253471 3197.492773 -927.818554
v -2436.152899 3185.452130 -927.989393
v -2434.253471 3173.411487 -927.818554
v -2428.741316 3162.549624 -927.322778
v -2420.155863 3153.929471 -926.550582
v -2409.337541 3148.394636 -925.577557
v -2397.345306 3146.487755 -924.498948
v -2385.353157 3148.394636 -923.420346
v -2374.534792 3153.929471 -922.447318
v -2365.949339 3162.549624 -921.675122
v -2360.437141 3173.411487 -921.179342
v -2358.537756 3185.452130 -921.008507
v -2359.725700 3197.492773 -929.089314
v -2365.237898 3208.354636 -929.585094
v -2396.633865 3185.452130 -932.408920
v -2373.823351 3216.974789 -930.357289
v -2384.641716 3222.509109 -931.330318
v -2396.633865 3224.415989 -932.408920
v -2408.626099 3222.509109 -933.487529
v -2419.444421 3216.974789 -934.460554
v -2428.029874 3208.354636 -935.232750
v -2433.542029 3197.492773 -935.728525
v -2435.441458 3185.452130 -935.899364
v -2433.542029 3173.411487 -935.728525
v -2428.029874 3162.549624 -935.232750
v -2419.444421 3153.929471 -934.460554
v -2408.626099 3148.394636 -933.487529
v -2396.633865 3146.487755 -932.408920
v -2384.641716 3148.394636 -931.330318
v -2373.823351 3153.929471 -930.357289
v -2365.237898 3162.549624 -929.585094
v -2359.725700 3173.411487 -929.089314
v -2357.826315 3185.452130 -928.918479
vt 0.648603 0.107966
vt 0.626409 0.064408
vt 0.591842 0.029841
vt 0.548284 0.007647
vt 0.500000 -0.000000
vt 0.451716 0.007647
vt 0.408159 0.029841
vt 0.373591 0.064409
vt 0.351397 0.107966
vt 0.343750 0.156250
vt 0.351397 0.204534
vt 0.373591 0.248091
vt 0.408159 0.282659
vt 0.451716 0.304853
vt 0.500000 0.312500
vt 0.548284 0.304853
vt 0.591841 0.282659
vt 0.626409 0.248091
vt 0.648603 0.204534
vt 0.656250 0.156250
vt 0.375000 0.312500
vt 0.387500 0.312500
vt 0.400000 0.312500
vt 0.412500 0.312500
vt 0.425000 0.312500
vt 0.437500 0.312500
vt 0.450000 0.312500
vt 0.462500 0.312500
vt 0.475000 0.312500
vt 0.487500 0.312500
vt 0.500000 0.312500
vt 0.512500 0.312500
vt 0.525000 0.312500
vt 0.537500 0.312500
vt 0.550000 0.312500
vt 0.562500 0.312500
vt 0.575000 0.312500
vt 0.587500 0.312500
vt 0.600000 0.312500
vt 0.612500 0.312500
vt 0.625000 0.312500
vt 0.375000 0.687500
vt 0.387500 0.687500
vt 0.400000 0.687500
vt 0.412500 0.687500
vt 0.425000 0.687500
vt 0.437500 0.687500
vt 0.450000 0.687500
vt 0.462500 0.687500
vt 0.475000 0.687500
vt 0.487500 0.687500
vt 0.500000 0.687500
vt 0.512500 0.687500
vt 0.525000 0.687500
vt 0.537500 0.687500
vt 0.550000 0.687500
vt 0.562500 0.687500
vt 0.575000 0.687500
vt 0.587500 0.687500
vt 0.600000 0.687500
vt 0.612500 0.687500
vt 0.625000 0.687500
vt 0.648603 0.795466
vt 0.626409 0.751908
vt 0.591842 0.717341
vt 0.548284 0.695147
vt 0.500000 0.687500
vt 0.451716 0.695147
vt 0.408159 0.717341
vt 0.373591 0.751909
vt 0.351397 0.795466
vt 0.343750 0.843750
vt 0.351397 0.892034
vt 0.373591 0.935591
vt 0.408159 0.970159
vt 0.451716 0.992353
vt 0.500000 1.000000
vt 0.548284 0.992353
vt 0.591841 0.970159
vt 0.626409 0.935591
vt 0.648603 0.892034
vt 0.656250 0.843750
vt 0.500000 0.156250
vt 0.500000 0.843750
vt 0.648603 0.892034
vt 0.626409 0.935591
vt 0.591841 0.970159
vt 0.548284 0.992353
vt 0.500000 1.000000
vt 0.451716 0.992353
vt 0.408159 0.970159
vt 0.373591 0.935591
vt 0.351397 0.892034
vt 0.343750 0.843750
vt 0.351397 0.795466
vt 0.373591 0.751909
vt 0.408159 0.717341
vt 0.451716 0.695147
vt 0.500000 0.687500
vt 0.548284 0.695147
vt 0.591842 0.717341
vt 0.626409 0.751908
vt 0.648603 0.795466
vt 0.656250 0.843750
vt 0.648603 0.892034
vt 0.626409 0.935591
vt 0.591841 0.970159
vt 0.548284 0.992353
vt 0.500000 1.000000
vt 0.451716 0.992353
vt 0.408159 0.970159
vt 0.373591 0.935591
vt 0.351397 0.892034
vt 0.343750 0.843750
vt 0.351397 0.795466
vt 0.373591 0.751909
vt 0.408159 0.717341
vt 0.451716 0.695147
vt 0.500000 0.687500
vt 0.548284 0.695147
vt 0.591842 0.717341
vt 0.626409 0.751908
vt 0.648603 0.795466
vt 0.656250 0.843750
vn 0.947233 0.309016 0.085196
vn 0.805761 0.587791 0.072472
vn 0.805761 0.587791 0.072472
vn 0.947233 0.309016 0.085196
vn 0.585421 0.809018 0.052654
vn 0.585421 0.809018 0.052654
vn 0.307785 0.951053 0.027683
vn 0.307785 0.951053 0.027683
vn -0.000000 1.000000 0.000000
vn -0.000000 1.000000 0.000000
vn -0.307785 0.951053 -0.027683
vn -0.307785 0.951053 -0.027683
vn -0.585420 0.809019 -0.052654
vn -0.585420 0.809019 -0.052654
vn -0.805761 0.587791 -0.072472
vn -0.805761 0.587791 -0.072472
vn -0.947233 0.309016 -0.085196
vn -0.947233 0.309016 -0.085196
vn -0.995980 0.000000 -0.089581
vn -0.995980 0.000000 -0.089581
vn -0.947233 -0.309016 -0.085196
vn -0.947233 -0.309016 -0.085196
vn -0.805767 -0.587782 -0.072473
vn -0.805767 -0.587782 -0.072473
vn -0.585420 -0.809019 -0.052654
vn -0.585420 -0.809019 -0.052654
vn -0.307769 -0.951058 -0.027681
vn -0.307769 -0.951058 -0.027681
vn -0.000000 -1.000000 -0.000000
vn -0.000000 -1.000000 -0.000000
vn 0.307770 -0.951058 0.027682
vn 0.307770 -0.951058 0.027682
vn 0.585420 -0.809019 0.052654
vn 0.585420 -0.809019 0.052654
vn 0.805765 -0.587784 0.072472
vn 0.805765 -0.587784 0.072472
vn 0.947233 -0.309016 0.085196
vn 0.947233 -0.309016 0.085196
vn 0.995980 -0.000000 0.089581
vn 0.995980 -0.000000 0.089581
vn 0.089581 -0.000000 -0.995980
vn 0.089581 0.000000 -0.995980
vn 0.089581 0.000000 -0.995980
vn 0.089581 -0.000000 -0.995980
vn 0.089581 0.000000 -0.995980
vn 0.089581 0.000000 -0.995980
vn 0.089581 0.000000 -0.995980
vn 0.089581 -0.000000 -0.995980
vn 0.089581 -0.000000 -0.995980
vn 0.089581 0.000000 -0.995980
vn 0.089581 0.000000 -0.995980
vn 0.089581 0.000000 -0.995980
vn 0.089581 0.000000 -0.995980
vn 0.089581 0.000000 -0.995980
vn 0.089581 -0.000000 -0.995980
vn 0.089581 0.000000 -0.995980
vn 0.089581 -0.000000 -0.995980
vn 0.089581 0.000000 -0.995980
vn 0.089581 0.000000 -0.995980
vn 0.089581 0.000000 -0.995980
vn 0.089581 0.000000 -0.995980
vn -0.089581 -0.000000 0.995980
vn -0.089581 -0.000000 0.995980
vn -0.089581 -0.000000 0.995980
vn -0.089581 -0.000000 0.995980
vn -0.089581 -0.000000 0.995980
vn -0.089581 -0.000000 0.995980
vn -0.089581 -0.000000 0.995980
vn -0.089581 -0.000000 0.995980
vn -0.089581 -0.000000 0.995980
vn -0.089581 -0.000000 0.995980
vn -0.089581 -0.000000 0.995980
vn -0.089581 -0.000000 0.995980
vn -0.089581 -0.000000 0.995980
vn -0.089581 -0.000000 0.995980
vn -0.089581 -0.000000 0.995980
vn -0.089581 -0.000000 0.995980
vn -0.089581 -0.000000 0.995980
vn -0.089581 0.000000 0.995980
vn -0.089581 0.000000 0.995980
vn -0.089581 -0.000000 0.995980
vn -0.089581 -0.000000 0.995980
vn -0.089581 0.000000 0.995980
vn -0.089581 -0.000000 0.995980
vn -0.089581 -0.000000 0.995980
vn -0.089581 0.000000 0.995980
vn -0.089581 -0.000000 0.995980
vn -0.089581 -0.000000 0.995980
vn -0.089581 -0.000000 0.995980
vn -0.089581 -0.000000 0.995980
vn -0.089581 -0.000000 0.995980
vn -0.089581 -0.000000 0.995980
vn -0.089581 -0.000000 0.995980
vn -0.089581 -0.000000 0.995980
vn -0.089581 -0.000000 0.995980
vn -0.089581 -0.000000 0.995980
vn -0.089581 -0.000000 0.995980
vn -0.089581 -0.000000 0.995980
vn -0.089581 -0.000000 0.995980
vn -0.089581 -0.000000 0.995980
vn -0.089581 -0.000000 0.995980
vn -0.089581 -0.000000 0.995980
vn -0.089581 -0.000000 0.995980
vn -0.089581 -0.000000 0.995980
vn -0.089581 -0.000000 0.995980
vn -0.089581 -0.000000 0.995980
vn -0.089581 0.000000 0.995980
vn -0.089581 0.000000 0.995980
vn -0.089581 0.000000 0.995980
vn -0.089581 0.000000 0.995980
vn -0.089581 0.000000 0.995980
vn -0.089581 0.000000 0.995980
vn -0.089581 0.000000 0.995980
vn -0.089581 0.000000 0.995980
vn -0.089581 0.000000 0.995980
vn -0.089581 0.000000 0.995980
vn -0.089581 0.000000 0.995980
vn -0.089581 0.000000 0.995980
vn -0.089581 0.000000 0.995980
vn -0.089581 0.000000 0.995980
vn -0.089581 0.000000 0.995980
vn -0.089581 0.000000 0.995980
vn -0.947233 -0.309018 -0.085196
vn -0.805764 -0.587786 -0.072472
vn -0.805764 -0.587786 -0.072472
vn -0.947233 -0.309018 -0.085196
vn -0.585418 -0.809020 -0.052654
vn -0.585418 -0.809020 -0.052654
vn -0.307763 -0.951060 -0.027681
vn -0.307763 -0.951060 -0.027681
vn 0.000000 -1.000000 -0.000000
vn 0.000000 -1.000000 -0.000000
vn 0.307763 -0.951060 0.027681
vn 0.307763 -0.951060 0.027681
vn 0.585419 -0.809019 0.052654
vn 0.585419 -0.809019 0.052654
vn 0.805764 -0.587785 0.072472
vn 0.805764 -0.587785 0.072472
vn 0.947233 -0.309018 0.085196
vn 0.947233 -0.309018 0.085196
vn 0.995980 -0.000000 0.089581
vn 0.995980 -0.000000 0.089581
vn 0.947233 0.309018 0.085196
vn 0.947233 0.309018 0.085196
vn 0.805764 0.587785 0.072472
vn 0.805764 0.587785 0.072472
vn 0.585433 0.809009 0.052655
vn 0.585433 0.809009 0.052655
vn 0.307782 0.951054 0.027683
vn 0.307782 0.951054 0.027683
vn -0.000000 1.000000 -0.000000
vn -0.000000 1.000000 -0.000000
vn -0.307783 0.951054 -0.027683
vn -0.307783 0.951054 -0.027683
vn -0.585433 0.809009 -0.052655
vn -0.585433 0.809009 -0.052655
vn -0.805764 0.587786 -0.072472
vn -0.805764 0.587786 -0.072472
vn -0.947233 0.309018 -0.085196
vn -0.947233 0.309018 -0.085196
vn -0.995980 0.000000 -0.089581
vn -0.995980 0.000000 -0.089581
s 1
g group5 group4 pCylinder18
usemtl initialShadingGroup
f 450/643/1107 451/644/1108 471/665/1109 470/664/1110
f 451/644/1108 452/645/1111 472/666/1112 471/665/1109
f 452/645/1111 453/646/1113 473/667/1114 472/666/1112
f 453/646/1113 454/647/1115 474/668/1116 473/667/1114
f 454/647/1115 455/648/1117 475/669/1118 474/668/1116
f 455/648/1117 456/649/1119 476/670/1120 475/669/1118
f 456/649/1119 457/650/1121 477/671/1122 476/670/1120
f 457/650/1121 458/651/1123 478/672/1124 477/671/1122
f 458/651/1123 459/652/1125 479/673/1126 478/672/1124
f 459/652/1125 460/653/1127 480/674/1128 479/673/1126
f 460/653/1127 461/654/1129 481/675/1130 480/674/1128
f 461/654/1129 462/655/1131 482/676/1132 481/675/1130
f 462/655/1131 463/656/1133 483/677/1134 482/676/1132
f 463/656/1133 464/657/1135 484/678/1136 483/677/1134
f 464/657/1135 465/658/1137 485/679/1138 484/678/1136
f 465/658/1137 466/659/1139 486/680/1140 485/679/1138
f 466/659/1139 467/660/1141 487/681/1142 486/680/1140
f 467/660/1141 468/661/1143 488/682/1144 487/681/1142
f 468/661/1143 469/662/1145 489/683/1146 488/682/1144
f 469/662/1145 450/663/1107 470/684/1110 489/683/1146
s 2
f 451/624/1147 450/623/1148 490/705/1149
f 452/625/1150 451/624/1147 490/705/1149
f 453/626/1151 452/625/1150 490/705/1149
f 454/627/1152 453/626/1151 490/705/1149
f 455/628/1153 454/627/1152 490/705/1149
f 456/629/1154 455/628/1153 490/705/1149
f 457/630/1155 456/629/1154 490/705/1149
f 458/631/1156 457/630/1155 490/705/1149
f 459/632/1157 458/631/1156 490/705/1149
f 460/633/1158 459/632/1157 490/705/1149
f 461/634/1159 460/633/1158 490/705/1149
f 462/635/1160 461/634/1159 490/705/1149
f 463/636/1161 462/635/1160 490/705/1149
f 464/637/1162 463/636/1161 490/705/1149
f 465/638/1163 464/637/1162 490/705/1149
f 466/639/1164 465/638/1163 490/705/1149
f 467/640/1165 466/639/1164 490/705/1149
f 468/641/1166 467/640/1165 490/705/1149
f 469/642/1167 468/641/1166 490/705/1149
f 450/623/1148 469/642/1167 490/705/1149
s 3
f 511/727/1168 512/728/1169 513/706/1170
f 512/728/1169 514/729/1171 513/706/1170
f 514/729/1171 515/730/1172 513/706/1170
f 515/730/1172 516/731/1173 513/706/1170
f 516/731/1173 517/732/1174 513/706/1170
f 517/732/1174 518/733/1175 513/706/1170
f 518/733/1175 519/734/1176 513/706/1170
f 519/734/1176 520/735/1177 513/706/1170
f 520/735/1177 521/736/1178 513/706/1170
f 521/736/1178 522/737/1179 513/706/1170
f 522/737/1179 523/738/1180 513/706/1170
f 523/738/1180 524/739/1181 513/706/1170
f 524/739/1181 525/740/1182 513/706/1170
f 525/740/1182 526/741/1183 513/706/1170
f 526/741/1183 527/742/1184 513/706/1170
f 527/742/1184 528/743/1185 513/706/1170
f 528/743/1185 529/744/1186 513/706/1170
f 529/744/1186 530/745/1187 513/706/1170
f 530/745/1187 531/746/1188 513/706/1170
f 531/746/1188 511/727/1168 513/706/1170
s 4
f 470/703/1189 471/702/1190 492/708/1191 491/707/1192
f 471/702/1190 472/701/1193 493/709/1194 492/708/1191
f 472/701/1193 473/700/1195 494/710/1196 493/709/1194
f 473/700/1195 474/699/1197 495/711/1198 494/710/1196
f 474/699/1197 475/698/1199 496/712/1200 495/711/1198
f 475/698/1199 476/697/1201 497/713/1202 496/712/1200
f 476/697/1201 477/696/1203 498/714/1204 497/713/1202
f 477/696/1203 478/695/1205 499/715/1206 498/714/1204
f 478/695/1205 479/694/1207 500/716/1208 499/715/1206
f 479/694/1207 480/693/1209 501/717/1210 500/716/1208
f 480/693/1209 481/692/1211 502/718/1212 501/717/1210
f 481/692/1211 482/691/1213 503/719/1214 502/718/1212
f 482/691/1213 483/690/1215 504/720/1216 503/719/1214
f 483/690/1215 484/689/1217 505/721/1218 504/720/1216
f 484/689/1217 485/688/1219 506/722/1220 505/721/1218
f 485/688/1219 486/687/1221 507/723/1222 506/722/1220
f 486/687/1221 487/686/1223 508/724/1224 507/723/1222
f 487/686/1223 488/685/1225 509/725/1226 508/724/1224
f 488/685/1225 489/704/1227 510/726/1228 509/725/1226
f 489/704/1227 470/703/1189 491/707/1192 510/726/1228
s 5
f 491/707/1229 492/708/1230 512/728/1231 511/727/1232
f 492/708/1230 493/709/1233 514/729/1234 512/728/1231
f 493/709/1233 494/710/1235 515/730/1236 514/729/1234
f 494/710/1235 495/711/1237 516/731/1238 515/730/1236
f 495/711/1237 496/712/1239 517/732/1240 516/731/1238
f 496/712/1239 497/713/1241 518/733/1242 517/732/1240
f 497/713/1241 498/714/1243 519/734/1244 518/733/1242
f 498/714/1243 499/715/1245 520/735/1246 519/734/1244
f 499/715/1245 500/716/1247 521/736/1248 520/735/1246
f 500/716/1247 501/717/1249 522/737/1250 521/736/1248
f 501/717/1249 502/718/1251 523/738/1252 522/737/1250
f 502/718/1251 503/719/1253 524/739/1254 523/738/1252
f 503/719/1253 504/720/1255 525/740/1256 524/739/1254
f 504/720/1255 505/721/1257 526/741/1258 525/740/1256
f 505/721/1257 506/722/1259 527/742/1260 526/741/1258
f 506/722/1259 507/723/1261 528/743/1262 527/742/1260
f 507/723/1261 508/724/1263 529/744/1264 528/743/1262
f 508/724/1263 509/725/1265 530/745/1266 529/744/1264
f 509/725/1265 510/726/1267 531/746/1268 530/745/1266
f 510/726/1267 491/707/1229 511/727/1232 531/746/1268
g default
v -2353.392015 3297.356470 -934.808593
v -2359.766340 3309.917406 -935.381915
v -2369.694587 3319.885301 -936.274884
v -2382.204937 3326.285744 -937.400094
v -2396.072762 3328.491015 -938.647398
v -2409.940586 3326.285744 -939.894702
v -2422.450936 3319.885301 -941.019912
v -2432.379226 3309.917406 -941.912885
v -2438.753508 3297.356470 -942.486203
v -2440.949999 3283.432666 -942.683761
v -2438.753508 3269.508862 -942.486203
v -2432.379226 3256.947926 -941.912885
v -2422.450936 3246.979516 -941.019912
v -2409.940586 3240.579588 -939.894702
v -2396.072762 3238.374317 -938.647398
v -2382.204980 3240.579588 -937.400098
v -2369.694673 3246.979516 -936.274892
v -2359.766340 3256.947926 -935.381915
v -2353.392015 3269.508862 -934.808593
v -2351.195567 3283.432666 -934.611039
v -2354.664559 3297.356470 -920.660143
v -2361.038884 3309.917406 -921.233464
v -2370.967132 3319.885301 -922.126434
v -2383.477482 3326.285744 -923.251644
v -2397.345306 3328.491015 -924.498948
v -2411.213130 3326.285744 -925.746252
v -2423.723480 3319.885301 -926.871462
v -2433.651770 3309.917406 -927.764435
v -2440.026053 3297.356470 -928.337753
v -2442.222543 3283.432666 -928.535311
v -2440.026053 3269.508862 -928.337753
v -2433.651770 3256.947926 -927.764435
v -2423.723480 3246.979516 -926.871462
v -2411.213130 3240.579588 -925.746252
v -2397.345306 3238.374317 -924.498948
v -2383.477524 3240.579588 -923.251648
v -2370.967217 3246.979516 -922.126442
v -2361.038884 3256.947926 -921.233464
v -2354.664559 3269.508862 -920.660143
v -2352.468111 3283.432666 -920.462589
v -2396.072762 3283.432666 -938.647398
v -2360.437141 3295.473309 -921.179342
v -2365.949339 3306.335172 -921.675122
v -2374.534792 3314.955325 -922.447318
v -2385.353157 3320.489645 -923.420346
v -2397.345306 3322.396525 -924.498948
v -2409.337541 3320.489645 -925.577557
v -2420.155863 3314.955325 -926.550582
v -2428.741316 3306.335172 -927.322778
v -2434.253471 3295.473309 -927.818554
v -2436.152899 3283.432666 -927.989393
v -2434.253471 3271.392023 -927.818554
v -2428.741316 3260.530159 -927.322778
v -2420.155863 3251.910007 -926.550582
v -2409.337541 3246.375172 -925.577557
v -2397.345306 3244.468291 -924.498948
v -2385.353157 3246.375172 -923.420346
v -2374.534792 3251.910007 -922.447318
v -2365.949339 3260.530159 -921.675122
v -2360.437141 3271.392023 -921.179342
v -2358.537756 3283.432666 -921.008507
v -2359.725700 3295.473309 -929.089314
v -2365.237898 3306.335172 -929.585094
v -2396.633865 3283.432666 -932.408920
v -2373.823351 3314.955325 -930.357289
v -2384.641716 3320.489645 -931.330318
v -2396.633865 3322.396525 -932.408920
v -2408.626099 3320.489645 -933.487529
v -2419.444421 3314.955325 -934.460554
v -2428.029874 3306.335172 -935.232750
v -2433.542029 3295.473309 -935.728525
v -2435.441458 3283.432666 -935.899364
v -2433.542029 3271.392023 -935.728525
v -2428.029874 3260.530159 -935.232750
v -2419.444421 3251.910007 -934.460554
v -2408.626099 3246.375172 -933.487529
v -2396.633865 3244.468291 -932.408920
v -2384.641716 3246.375172 -931.330318
v -2373.823351 3251.910007 -930.357289
v -2365.237898 3260.530159 -929.585094
v -2359.725700 3271.392023 -929.089314
v -2357.826315 3283.432666 -928.918479
vt 0.648603 0.107966
vt 0.626409 0.064408
vt 0.591842 0.029841
vt 0.548284 0.007647
vt 0.500000 -0.000000
vt 0.451716 0.007647
vt 0.408159 0.029841
vt 0.373591 0.064409
vt 0.351397 0.107966
vt 0.343750 0.156250
vt 0.351397 0.204534
vt 0.373591 0.248091
vt 0.408159 0.282659
vt 0.451716 0.304853
vt 0.500000 0.312500
vt 0.548284 0.304853
vt 0.591841 0.282659
vt 0.626409 0.248091
vt 0.648603 0.204534
vt 0.656250 0.156250
vt 0.375000 0.312500
vt 0.387500 0.312500
vt 0.400000 0.312500
vt 0.412500 0.312500
vt 0.425000 0.312500
vt 0.437500 0.312500
vt 0.450000 0.312500
vt 0.462500 0.312500
vt 0.475000 0.312500
vt 0.487500 0.312500
vt 0.500000 0.312500
vt 0.512500 0.312500
vt 0.525000 0.312500
vt 0.537500 0.312500
vt 0.550000 0.312500
vt 0.562500 0.312500
vt 0.575000 0.312500
vt 0.587500 0.312500
vt 0.600000 0.312500
vt 0.612500 0.312500
vt 0.625000 0.312500
vt 0.375000 0.687500
vt 0.387500 0.687500
vt 0.400000 0.687500
vt 0.412500 0.687500
vt 0.425000 0.687500
vt 0.437500 0.687500
vt 0.450000 0.687500
vt 0.462500 0.687500
vt 0.475000 0.687500
vt 0.487500 0.687500
vt 0.500000 0.687500
vt 0.512500 0.687500
vt 0.525000 0.687500
vt 0.537500 0.687500
vt 0.550000 0.687500
vt 0.562500 0.687500
vt 0.575000 0.687500
vt 0.587500 0.687500
vt 0.600000 0.687500
vt 0.612500 0.687500
vt 0.625000 0.687500
vt 0.648603 0.795466
vt 0.626409 0.751908
vt 0.591842 0.717341
vt 0.548284 0.695147
vt 0.500000 0.687500
vt 0.451716 0.695147
vt 0.408159 0.717341
vt 0.373591 0.751909
vt 0.351397 0.795466
vt 0.343750 0.843750
vt 0.351397 0.892034
vt 0.373591 0.935591
vt 0.408159 0.970159
vt 0.451716 0.992353
vt 0.500000 1.000000
vt 0.548284 0.992353
vt 0.591841 0.970159
vt 0.626409 0.935591
vt 0.648603 0.892034
vt 0.656250 0.843750
vt 0.500000 0.156250
vt 0.500000 0.843750
vt 0.648603 0.892034
vt 0.626409 0.935591
vt 0.591841 0.970159
vt 0.548284 0.992353
vt 0.500000 1.000000
vt 0.451716 0.992353
vt 0.408159 0.970159
vt 0.373591 0.935591
vt 0.351397 0.892034
vt 0.343750 0.843750
vt 0.351397 0.795466
vt 0.373591 0.751909
vt 0.408159 0.717341
vt 0.451716 0.695147
vt 0.500000 0.687500
vt 0.548284 0.695147
vt 0.591842 0.717341
vt 0.626409 0.751908
vt 0.648603 0.795466
vt 0.656250 0.843750
vt 0.648603 0.892034
vt 0.626409 0.935591
vt 0.591841 0.970159
vt 0.548284 0.992353
vt 0.500000 1.000000
vt 0.451716 0.992353
vt 0.408159 0.970159
vt 0.373591 0.935591
vt 0.351397 0.892034
vt 0.343750 0.843750
vt 0.351397 0.795466
vt 0.373591 0.751909
vt 0.408159 0.717341
vt 0.451716 0.695147
vt 0.500000 0.687500
vt 0.548284 0.695147
vt 0.591842 0.717341
vt 0.626409 0.751908
vt 0.648603 0.795466
vt 0.656250 0.843750
vn 0.947233 0.309016 0.085196
vn 0.805761 0.587791 0.072472
vn 0.805761 0.587791 0.072472
vn 0.947233 0.309016 0.085196
vn 0.585421 0.809018 0.052654
vn 0.585421 0.809018 0.052654
vn 0.307785 0.951053 0.027683
vn 0.307785 0.951053 0.027683
vn -0.000000 1.000000 0.000000
vn -0.000000 1.000000 0.000000
vn -0.307785 0.951053 -0.027683
vn -0.307785 0.951053 -0.027683
vn -0.585420 0.809019 -0.052654
vn -0.585420 0.809019 -0.052654
vn -0.805761 0.587791 -0.072472
vn -0.805761 0.587791 -0.072472
vn -0.947233 0.309016 -0.085196
vn -0.947233 0.309016 -0.085196
vn -0.995980 0.000000 -0.089581
vn -0.995980 0.000000 -0.089581
vn -0.947233 -0.309016 -0.085196
vn -0.947233 -0.309016 -0.085196
vn -0.805767 -0.587782 -0.072473
vn -0.805767 -0.587782 -0.072473
vn -0.585420 -0.809019 -0.052654
vn -0.585420 -0.809019 -0.052654
vn -0.307769 -0.951058 -0.027681
vn -0.307769 -0.951058 -0.027681
vn -0.000000 -1.000000 -0.000000
vn -0.000000 -1.000000 -0.000000
vn 0.307770 -0.951058 0.027682
vn 0.307770 -0.951058 0.027682
vn 0.585420 -0.809019 0.052654
vn 0.585420 -0.809019 0.052654
vn 0.805765 -0.587784 0.072472
vn 0.805765 -0.587784 0.072472
vn 0.947233 -0.309016 0.085196
vn 0.947233 -0.309016 0.085196
vn 0.995980 -0.000000 0.089581
vn 0.995980 -0.000000 0.089581
vn 0.089581 -0.000000 -0.995980
vn 0.089581 0.000000 -0.995980
vn 0.089581 0.000000 -0.995980
vn 0.089581 -0.000000 -0.995980
vn 0.089581 0.000000 -0.995980
vn 0.089581 0.000000 -0.995980
vn 0.089581 0.000000 -0.995980
vn 0.089581 -0.000000 -0.995980
vn 0.089581 -0.000000 -0.995980
vn 0.089581 0.000000 -0.995980
vn 0.089581 0.000000 -0.995980
vn 0.089581 0.000000 -0.995980
vn 0.089581 0.000000 -0.995980
vn 0.089581 0.000000 -0.995980
vn 0.089581 -0.000000 -0.995980
vn 0.089581 0.000000 -0.995980
vn 0.089581 -0.000000 -0.995980
vn 0.089581 0.000000 -0.995980
vn 0.089581 0.000000 -0.995980
vn 0.089581 0.000000 -0.995980
vn 0.089581 0.000000 -0.995980
vn -0.089581 -0.000000 0.995980
vn -0.089581 -0.000000 0.995980
vn -0.089581 -0.000000 0.995980
vn -0.089581 -0.000000 0.995980
vn -0.089581 -0.000000 0.995980
vn -0.089581 -0.000000 0.995980
vn -0.089581 -0.000000 0.995980
vn -0.089581 -0.000000 0.995980
vn -0.089581 -0.000000 0.995980
vn -0.089581 -0.000000 0.995980
vn -0.089581 -0.000000 0.995980
vn -0.089581 -0.000000 0.995980
vn -0.089581 -0.000000 0.995980
vn -0.089581 -0.000000 0.995980
vn -0.089581 -0.000000 0.995980
vn -0.089581 -0.000000 0.995980
vn -0.089581 -0.000000 0.995980
vn -0.089581 0.000000 0.995980
vn -0.089581 0.000000 0.995980
vn -0.089581 -0.000000 0.995980
vn -0.089581 -0.000000 0.995980
vn -0.089581 0.000000 0.995980
vn -0.089581 -0.000000 0.995980
vn -0.089581 -0.000000 0.995980
vn -0.089581 0.000000 0.995980
vn -0.089581 -0.000000 0.995980
vn -0.089581 -0.000000 0.995980
vn -0.089581 -0.000000 0.995980
vn -0.089581 -0.000000 0.995980
vn -0.089581 -0.000000 0.995980
vn -0.089581 -0.000000 0.995980
vn -0.089581 -0.000000 0.995980
vn -0.089581 -0.000000 0.995980
vn -0.089581 -0.000000 0.995980
vn -0.089581 -0.000000 0.995980
vn -0.089581 -0.000000 0.995980
vn -0.089581 -0.000000 0.995980
vn -0.089581 -0.000000 0.995980
vn -0.089581 -0.000000 0.995980
vn -0.089581 -0.000000 0.995980
vn -0.089581 -0.000000 0.995980
vn -0.089581 -0.000000 0.995980
vn -0.089581 -0.000000 0.995980
vn -0.089581 -0.000000 0.995980
vn -0.089581 -0.000000 0.995980
vn -0.089581 0.000000 0.995980
vn -0.089581 0.000000 0.995980
vn -0.089581 0.000000 0.995980
vn -0.089581 0.000000 0.995980
vn -0.089581 0.000000 0.995980
vn -0.089581 0.000000 0.995980
vn -0.089581 0.000000 0.995980
vn -0.089581 0.000000 0.995980
vn -0.089581 0.000000 0.995980
vn -0.089581 0.000000 0.995980
vn -0.089581 0.000000 0.995980
vn -0.089581 0.000000 0.995980
vn -0.089581 0.000000 0.995980
vn -0.089581 0.000000 0.995980
vn -0.089581 0.000000 0.995980
vn -0.089581 0.000000 0.995980
vn -0.947233 -0.309018 -0.085196
vn -0.805764 -0.587786 -0.072472
vn -0.805764 -0.587786 -0.072472
vn -0.947233 -0.309018 -0.085196
vn -0.585418 -0.809020 -0.052654
vn -0.585418 -0.809020 -0.052654
vn -0.307763 -0.951060 -0.027681
vn -0.307763 -0.951060 -0.027681
vn 0.000000 -1.000000 -0.000000
vn 0.000000 -1.000000 -0.000000
vn 0.307763 -0.951060 0.027681
vn 0.307763 -0.951060 0.027681
vn 0.585419 -0.809019 0.052654
vn 0.585419 -0.809019 0.052654
vn 0.805764 -0.587785 0.072472
vn 0.805764 -0.587785 0.072472
vn 0.947233 -0.309018 0.085196
vn 0.947233 -0.309018 0.085196
vn 0.995980 -0.000000 0.089581
vn 0.995980 -0.000000 0.089581
vn 0.947233 0.309018 0.085196
vn 0.947233 0.309018 0.085196
vn 0.805764 0.587785 0.072472
vn 0.805764 0.587785 0.072472
vn 0.585433 0.809009 0.052655
vn 0.585433 0.809009 0.052655
vn 0.307782 0.951054 0.027683
vn 0.307782 0.951054 0.027683
vn -0.000000 1.000000 -0.000000
vn -0.000000 1.000000 -0.000000
vn -0.307783 0.951054 -0.027683
vn -0.307783 0.951054 -0.027683
vn -0.585433 0.809009 -0.052655
vn -0.585433 0.809009 -0.052655
vn -0.805764 0.587786 -0.072472
vn -0.805764 0.587786 -0.072472
vn -0.947233 0.309018 -0.085196
vn -0.947233 0.309018 -0.085196
vn -0.995980 0.000000 -0.089581
vn -0.995980 0.000000 -0.089581
s 1
g group5 group4 pCylinder17
usemtl initialShadingGroup
f 532/767/1269 533/768/1270 553/789/1271 552/788/1272
f 533/768/1270 534/769/1273 554/790/1274 553/789/1271
f 534/769/1273 535/770/1275 555/791/1276 554/790/1274
f 535/770/1275 536/771/1277 556/792/1278 555/791/1276
f 536/771/1277 537/772/1279 557/793/1280 556/792/1278
f 537/772/1279 538/773/1281 558/794/1282 557/793/1280
f 538/773/1281 539/774/1283 559/795/1284 558/794/1282
f 539/774/1283 540/775/1285 560/796/1286 559/795/1284
f 540/775/1285 541/776/1287 561/797/1288 560/796/1286
f 541/776/1287 542/777/1289 562/798/1290 561/797/1288
f 542/777/1289 543/778/1291 563/799/1292 562/798/1290
f 543/778/1291 544/779/1293 564/800/1294 563/799/1292
f 544/779/1293 545/780/1295 565/801/1296 564/800/1294
f 545/780/1295 546/781/1297 566/802/1298 565/801/1296
f 546/781/1297 547/782/1299 567/803/1300 566/802/1298
f 547/782/1299 548/783/1301 568/804/1302 567/803/1300
f 548/783/1301 549/784/1303 569/805/1304 568/804/1302
f 549/784/1303 550/785/1305 570/806/1306 569/805/1304
f 550/785/1305 551/786/1307 571/807/1308 570/806/1306
f 551/786/1307 532/787/1269 552/808/1272 571/807/1308
s 2
f 533/748/1309 532/747/1310 572/829/1311
f 534/749/1312 533/748/1309 572/829/1311
f 535/750/1313 534/749/1312 572/829/1311
f 536/751/1314 535/750/1313 572/829/1311
f 537/752/1315 536/751/1314 572/829/1311
f 538/753/1316 537/752/1315 572/829/1311
f 539/754/1317 538/753/1316 572/829/1311
f 540/755/1318 539/754/1317 572/829/1311
f 541/756/1319 540/755/1318 572/829/1311
f 542/757/1320 541/756/1319 572/829/1311
f 543/758/1321 542/757/1320 572/829/1311
f 544/759/1322 543/758/1321 572/829/1311
f 545/760/1323 544/759/1322 572/829/1311
f 546/761/1324 545/760/1323 572/829/1311
f 547/762/1325 546/761/1324 572/829/1311
f 548/763/1326 547/762/1325 572/829/1311
f 549/764/1327 548/763/1326 572/829/1311
f 550/765/1328 549/764/1327 572/829/1311
f 551/766/1329 550/765/1328 572/829/1311
f 532/747/1310 551/766/1329 572/829/1311
s 3
f 593/851/1330 594/852/1331 595/830/1332
f 594/852/1331 596/853/1333 595/830/1332
f 596/853/1333 597/854/1334 595/830/1332
f 597/854/1334 598/855/1335 595/830/1332
f 598/855/1335 599/856/1336 595/830/1332
f 599/856/1336 600/857/1337 595/830/1332
f 600/857/1337 601/858/1338 595/830/1332
f 601/858/1338 602/859/1339 595/830/1332
f 602/859/1339 603/860/1340 595/830/1332
f 603/860/1340 604/861/1341 595/830/1332
f 604/861/1341 605/862/1342 595/830/1332
f 605/862/1342 606/863/1343 595/830/1332
f 606/863/1343 607/864/1344 595/830/1332
f 607/864/1344 608/865/1345 595/830/1332
f 608/865/1345 609/866/1346 595/830/1332
f 609/866/1346 610/867/1347 595/830/1332
f 610/867/1347 611/868/1348 595/830/1332
f 611/868/1348 612/869/1349 595/830/1332
f 612/869/1349 613/870/1350 595/830/1332
f 613/870/1350 593/851/1330 595/830/1332
s 4
f 552/827/1351 553/826/1352 574/832/1353 573/831/1354
f 553/826/1352 554/825/1355 575/833/1356 574/832/1353
f 554/825/1355 555/824/1357 576/834/1358 575/833/1356
f 555/824/1357 556/823/1359 577/835/1360 576/834/1358
f 556/823/1359 557/822/1361 578/836/1362 577/835/1360
f 557/822/1361 558/821/1363 579/837/1364 578/836/1362
f 558/821/1363 559/820/1365 580/838/1366 579/837/1364
f 559/820/1365 560/819/1367 581/839/1368 580/838/1366
f 560/819/1367 561/818/1369 582/840/1370 581/839/1368
f 561/818/1369 562/817/1371 583/841/1372 582/840/1370
f 562/817/1371 563/816/1373 584/842/1374 583/841/1372
f 563/816/1373 564/815/1375 585/843/1376 584/842/1374
f 564/815/1375 565/814/1377 586/844/1378 585/843/1376
f 565/814/1377 566/813/1379 587/845/1380 586/844/1378
f 566/813/1379 567/812/1381 588/846/1382 587/845/1380
f 567/812/1381 568/811/1383 589/847/1384 588/846/1382
f 568/811/1383 569/810/1385 590/848/1386 589/847/1384
f 569/810/1385 570/809/1387 591/849/1388 590/848/1386
f 570/809/1387 571/828/1389 592/850/1390 591/849/1388
f 571/828/1389 552/827/1351 573/831/1354 592/850/1390
s 5
f 573/831/1391 574/832/1392 594/852/1393 593/851/1394
f 574/832/1392 575/833/1395 596/853/1396 594/852/1393
f 575/833/1395 576/834/1397 597/854/1398 596/853/1396
f 576/834/1397 577/835/1399 598/855/1400 597/854/1398
f 577/835/1399 578/836/1401 599/856/1402 598/855/1400
f 578/836/1401 579/837/1403 600/857/1404 599/856/1402
f 579/837/1403 580/838/1405 601/858/1406 600/857/1404
f 580/838/1405 581/839/1407 602/859/1408 601/858/1406
f 581/839/1407 582/840/1409 603/860/1410 602/859/1408
f 582/840/1409 583/841/1411 604/861/1412 603/860/1410
f 583/841/1411 584/842/1413 605/862/1414 604/861/1412
f 584/842/1413 585/843/1415 606/863/1416 605/862/1414
f 585/843/1415 586/844/1417 607/864/1418 606/863/1416
f 586/844/1417 587/845/1419 608/865/1420 607/864/1418
f 587/845/1419 588/846/1421 609/866/1422 608/865/1420
f 588/846/1421 589/847/1423 610/867/1424 609/866/1422
f 589/847/1423 590/848/1425 611/868/1426 610/867/1424
f 590/848/1425 591/849/1427 612/869/1428 611/868/1426
f 591/849/1427 592/850/1429 613/870/1430 612/869/1428
f 592/850/1429 573/831/1391 593/851/1394 613/870/1430
g default
v -2063.031700 2954.176262 -685.314324
v -1674.242962 2954.176262 -650.345766
v -2063.031700 3439.746562 -685.314324
v -1674.242962 3439.746562 -650.345766
v -2060.670337 3439.746562 -711.568521
v -1671.881599 3439.746562 -676.599962
v -2060.670337 2954.176262 -711.568521
v -1671.881599 2954.176262 -676.599962
vt 0.375000 0.000000
vt 0.625000 0.000000
vt 0.375000 0.250000
vt 0.625000 0.250000
vt 0.375000 0.500000
vt 0.625000 0.500000
vt 0.375000 0.750000
vt 0.625000 0.750000
vt 0.375000 1.000000
vt 0.625000 1.000000
vt 0.875000 0.000000
vt 0.875000 0.250000
vt 0.125000 0.000000
vt 0.125000 0.250000
vn -0.089581 0.000000 0.995980
vn -0.089581 0.000000 0.995980
vn -0.089581 0.000000 0.995980
vn -0.089581 0.000000 0.995980
vn 0.000000 1.000000 0.000000
vn 0.000000 1.000000 0.000000
vn 0.000000 1.000000 0.000000
vn 0.000000 1.000000 0.000000
vn 0.089581 0.000000 -0.995980
vn 0.089581 0.000000 -0.995980
vn 0.089581 0.000000 -0.995980
vn 0.089581 0.000000 -0.995980
vn 0.000000 -1.000000 0.000000
vn 0.000000 -1.000000 0.000000
vn 0.000000 -1.000000 0.000000
vn 0.000000 -1.000000 0.000000
vn 0.995980 0.000000 0.089581
vn 0.995980 0.000000 0.089581
vn 0.995980 0.000000 0.089581
vn 0.995980 0.000000 0.089581
vn -0.995980 0.000000 -0.089581
vn -0.995980 0.000000 -0.089581
vn -0.995980 0.000000 -0.089581
vn -0.995980 0.000000 -0.089581
s off
g group5 pCube54
usemtl initialShadingGroup
f 614/871/1431 615/872/1432 617/874/1433 616/873/1434
f 616/873/1435 617/874/1436 619/876/1437 618/875/1438
f 618/875/1439 619/876/1440 621/878/1441 620/877/1442
f 620/877/1443 621/878/1444 615/880/1445 614/879/1446
f 615/872/1447 621/881/1448 619/882/1449 617/874/1450
f 620/883/1451 614/871/1452 616/873/1453 618/884/1454
g default
v -2105.248301 3733.884620 -777.999915
v -1716.459563 3733.884620 -743.031357
v -2088.217365 3782.882421 -967.353909
v -1699.428627 3782.882421 -932.385351
v -2087.983627 3772.758202 -969.952659
v -1699.194889 3772.758202 -934.984101
v -2105.014563 3723.760401 -780.598665
v -1716.225825 3723.760401 -745.630107
vt 0.375000 0.000000
vt 0.625000 0.000000
vt 0.375000 0.250000
vt 0.625000 0.250000
vt 0.375000 0.500000
vt 0.625000 0.500000
vt 0.375000 0.750000
vt 0.625000 0.750000
vt 0.375000 1.000000
vt 0.625000 1.000000
vt 0.875000 0.000000
vt 0.875000 0.250000
vt 0.125000 0.000000
vt 0.125000 0.250000
vn -0.022356 0.968357 0.248564
vn -0.022356 0.968357 0.248564
vn -0.022356 0.968357 0.248564
vn -0.022356 0.968357 0.248564
vn 0.086746 0.249568 -0.964464
vn 0.086746 0.249568 -0.964464
vn 0.086746 0.249568 -0.964464
vn 0.086746 0.249568 -0.964464
vn 0.022356 -0.968357 -0.248564
vn 0.022356 -0.968357 -0.248564
vn 0.022356 -0.968357 -0.248564
vn 0.022356 -0.968357 -0.248564
vn -0.086746 -0.249568 0.964464
vn -0.086746 -0.249568 0.964464
vn -0.086746 -0.249568 0.964464
vn -0.086746 -0.249568 0.964464
vn 0.995980 0.000000 0.089581
vn 0.995980 0.000000 0.089581
vn 0.995980 0.000000 0.089581
vn 0.995980 0.000000 0.089581
vn -0.995980 -0.000000 -0.089581
vn -0.995980 -0.000000 -0.089581
vn -0.995980 -0.000000 -0.089581
vn -0.995980 -0.000000 -0.089581
s off
g group5 pCube55
usemtl initialShadingGroup
f 622/885/1455 623/886/1456 625/888/1457 624/887/1458
f 624/887/1459 625/888/1460 627/890/1461 626/889/1462
f 626/889/1463 627/890/1464 629/892/1465 628/891/1466
f 628/891/1467 629/892/1468 623/894/1469 622/893/1470
f 623/886/1471 629/895/1472 627/896/1473 625/888/1474
f 628/897/1475 622/885/1476 624/887/1477 626/898/1478
g default
v -1740.526677 3722.603642 -1133.171337
v -1664.461983 3738.014112 -1150.537328
v -1665.619882 3732.116835 -1150.272957
v -1668.917301 3727.117107 -1149.520161
v -1673.852230 3723.776948 -1148.393494
v -1679.673350 3722.603642 -1147.064502
v -1673.551233 3738.014112 -1173.192661
v -1674.570786 3732.116835 -1172.583435
v -1677.474170 3727.117107 -1170.848511
v -1681.819378 3723.776948 -1168.252026
v -1686.944957 3722.603642 -1165.189234
v -1689.196502 3738.014112 -1191.930379
v -1689.977894 3732.116835 -1191.035957
v -1692.203040 3727.117107 -1188.488732
v -1695.533235 3723.776948 -1184.676583
v -1699.461485 3722.603642 -1180.179794
v -1709.866339 3738.014112 -1204.916450
v -1710.333084 3732.116835 -1203.824310
v -1711.662202 3727.117107 -1200.714143
v -1713.651381 3723.776948 -1196.059460
v -1715.997782 3722.603642 -1190.568895
v -1733.537420 3738.014112 -1210.879560
v -1733.643815 3732.116835 -1209.696625
v -1733.946798 3727.117107 -1206.327996
v -1734.400253 3723.776948 -1201.286373
v -1734.935132 3722.603642 -1195.339461
v -1757.892657 3738.014112 -1209.236048
v -1757.628286 3732.116835 -1208.078150
v -1756.875481 3727.117107 -1204.780729
v -1755.748814 3723.776948 -1199.845800
v -1754.419814 3722.603642 -1194.024662
v -1780.547986 3738.014112 -1200.146742
v -1779.938755 3732.116835 -1199.127245
v -1778.203832 3727.117107 -1196.223842
v -1775.607329 3723.776948 -1191.878632
v -1772.544546 3722.603642 -1186.753054
v -1799.285731 3738.014112 -1184.501476
v -1798.391280 3732.116835 -1183.720100
v -1795.844075 3727.117107 -1181.494937
v -1792.031897 3723.776948 -1178.164757
v -1787.535138 3722.603642 -1174.236491
v -1812.271752 3738.014112 -1163.831681
v -1811.179612 3732.116835 -1163.364936
v -1808.069453 3727.117107 -1162.035828
v -1803.414780 3723.776948 -1160.046650
v -1797.924218 3722.603642 -1157.700221
v -1818.234863 3738.014112 -1140.160591
v -1817.051947 3732.116835 -1140.054197
v -1813.683281 3727.117107 -1139.751211
v -1808.641722 3723.776948 -1139.297762
v -1802.694810 3722.603642 -1138.762883
v -1816.591349 3738.014112 -1115.805381
v -1815.433452 3732.116835 -1116.069733
v -1812.136041 3727.117107 -1116.822540
v -1807.201121 3723.776948 -1117.949207
v -1801.379983 3722.603642 -1119.278198
v -1807.502089 3738.014112 -1093.150056
v -1806.482556 3732.116835 -1093.759275
v -1803.579161 3727.117107 -1095.494207
v -1799.233942 3723.776948 -1098.090710
v -1794.108392 3722.603642 -1101.153486
v -1791.856824 3738.014112 -1074.412293
v -1791.075448 3732.116835 -1075.306739
v -1788.850284 3727.117107 -1077.853958
v -1785.520097 3723.776948 -1081.666122
v -1781.591857 3722.603642 -1086.162897
v -1771.187010 3738.014112 -1061.426279
v -1770.720265 3732.116835 -1062.518419
v -1769.391148 3727.117107 -1065.628568
v -1767.401969 3723.776948 -1070.283251
v -1765.055569 3722.603642 -1075.773811
v -1747.515928 3738.014112 -1055.463178
v -1747.409534 3732.116835 -1056.646095
v -1747.106550 3727.117107 -1060.014742
v -1746.653101 3723.776948 -1065.056301
v -1746.118221 3722.603642 -1071.003218
v -1723.160710 3738.014112 -1057.106683
v -1723.425062 3732.116835 -1058.264580
v -1724.177868 3727.117107 -1061.561995
v -1725.304555 3723.776948 -1066.496912
v -1726.633555 3722.603642 -1072.318046
v -1700.505386 3738.014112 -1066.195933
v -1701.114595 3732.116835 -1067.215470
v -1702.849538 3727.117107 -1070.118852
v -1705.446020 3723.776948 -1074.464093
v -1708.508852 3722.603642 -1079.589643
v -1681.767650 3738.014112 -1081.841210
v -1682.662092 3732.116835 -1082.622576
v -1685.209315 3727.117107 -1084.847750
v -1689.021464 3723.776948 -1088.177945
v -1693.518235 3722.603642 -1092.106184
v -1668.781598 3738.014112 -1102.511030
v -1669.873740 3732.116835 -1102.977756
v -1672.983907 3727.117107 -1104.306875
v -1677.638572 3723.776948 -1106.296052
v -1683.129156 3722.603642 -1108.642445
v -1662.818528 3738.014112 -1126.182086
v -1664.001425 3732.116835 -1126.288479
v -1667.370073 3727.117107 -1126.591463
v -1672.411639 3723.776948 -1127.044941
v -1678.358550 3722.603642 -1127.579820
v -1664.461983 3871.671594 -1150.537328
v -1665.619882 3877.569498 -1150.272957
v -1668.917301 3882.568286 -1149.520161
v -1673.852230 3885.909385 -1148.393494
v -1679.673350 3887.082692 -1147.064502
v -1673.551233 3871.671594 -1173.192661
v -1674.570786 3877.569498 -1172.583435
v -1677.474170 3882.568286 -1170.848511
v -1681.819378 3885.909385 -1168.252026
v -1686.944957 3887.082692 -1165.189234
v -1689.196502 3871.671594 -1191.930379
v -1689.977894 3877.569498 -1191.035957
v -1692.203040 3882.568286 -1188.488732
v -1695.533235 3885.909385 -1184.676583
v -1699.461485 3887.082692 -1180.179794
v -1709.866339 3871.671594 -1204.916450
v -1710.333084 3877.569498 -1203.824310
v -1711.662202 3882.568286 -1200.714143
v -1713.651381 3885.909385 -1196.059460
v -1715.997782 3887.082692 -1190.568895
v -1733.537420 3871.671594 -1210.879560
v -1733.643815 3877.569498 -1209.696625
v -1733.946798 3882.568286 -1206.327996
v -1734.400253 3885.909385 -1201.286373
v -1734.935132 3887.082692 -1195.339461
v -1757.892657 3871.671594 -1209.236048
v -1757.628286 3877.569498 -1208.078150
v -1756.875481 3882.568286 -1204.780729
v -1755.748814 3885.909385 -1199.845800
v -1754.419814 3887.082692 -1194.024662
v -1780.547986 3871.671594 -1200.146742
v -1779.938755 3877.569498 -1199.127245
v -1778.203832 3882.568286 -1196.223842
v -1775.607329 3885.909385 -1191.878632
v -1772.544546 3887.082692 -1186.753054
v -1799.285731 3871.671594 -1184.501476
v -1798.391280 3877.569498 -1183.720100
v -1795.844075 3882.568286 -1181.494937
v -1792.031897 3885.909385 -1178.164757
v -1787.535138 3887.082692 -1174.236491
v -1812.271752 3871.671594 -1163.831681
v -1811.179612 3877.569498 -1163.364936
v -1808.069453 3882.568286 -1162.035828
v -1803.414780 3885.909385 -1160.046650
v -1797.924218 3887.082692 -1157.700221
v -1818.234863 3871.671594 -1140.160591
v -1817.051947 3877.569498 -1140.054197
v -1813.683281 3882.568286 -1139.751211
v -1808.641722 3885.909385 -1139.297762
v -1802.694810 3887.082692 -1138.762883
v -1816.591349 3871.671594 -1115.805381
v -1815.433452 3877.569498 -1116.069733
v -1812.136041 3882.568286 -1116.822540
v -1807.201121 3885.909385 -1117.949207
v -1801.379983 3887.082692 -1119.278198
v -1807.502089 3871.671594 -1093.150056
v -1806.482556 3877.569498 -1093.759275
v -1803.579161 3882.568286 -1095.494207
v -1799.233942 3885.909385 -1098.090710
v -1794.108392 3887.082692 -1101.153486
v -1791.856824 3871.671594 -1074.412293
v -1791.075448 3877.569498 -1075.306739
v -1788.850284 3882.568286 -1077.853958
v -1785.520097 3885.909385 -1081.666122
v -1781.591857 3887.082692 -1086.162897
v -1771.187010 3871.671594 -1061.426279
v -1770.720265 3877.569498 -1062.518419
v -1769.391148 3882.568286 -1065.628568
v -1767.401969 3885.909385 -1070.283251
v -1765.055569 3887.082692 -1075.773811
v -1747.515928 3871.671594 -1055.463178
v -1747.409534 3877.569498 -1056.646095
v -1747.106550 3882.568286 -1060.014742
v -1746.653101 3885.909385 -1065.056301
v -1746.118221 3887.082692 -1071.003218
v -1723.160710 3871.671594 -1057.106683
v -1723.425062 3877.569498 -1058.264580
v -1724.177868 3882.568286 -1061.561995
v -1725.304555 3885.909385 -1066.496912
v -1726.633555 3887.082692 -1072.318046
v -1700.505386 3871.671594 -1066.195933
v -1701.114595 3877.569498 -1067.215470
v -1702.849538 3882.568286 -1070.118852
v -1705.446020 3885.909385 -1074.464093
v -1708.508852 3887.082692 -1079.589643
v -1681.767650 3871.671594 -1081.841210
v -1682.662092 3877.569498 -1082.622576
v -1685.209315 3882.568286 -1084.847750
v -1689.021464 3885.909385 -1088.177945
v -1693.518235 3887.082692 -1092.106184
v -1668.781598 3871.671594 -1102.511030
v -1669.873740 3877.569498 -1102.977756
v -1672.983907 3882.568286 -1104.306875
v -1677.638572 3885.909385 -1106.296052
v -1683.129156 3887.082692 -1108.642445
v -1662.818528 3871.671594 -1126.182086
v -1664.001425 3877.569498 -1126.288479
v -1667.370073 3882.568286 -1126.591463
v -1672.411639 3885.909385 -1127.044941
v -1678.358550 3887.082692 -1127.579820
v -1686.944957 3909.361710 -1165.189234
v -1679.673350 3909.361710 -1147.064502
v -1699.461485 3909.361710 -1180.179794
v -1715.997782 3909.361710 -1190.568895
v -1734.935132 3909.361710 -1195.339461
v -1754.419796 3909.361710 -1194.024866
v -1772.544556 3909.361710 -1186.752943
v -1787.535154 3909.361710 -1174.236306
v -1797.924218 3909.361710 -1157.700221
v -1802.694810 3909.361710 -1138.762883
v -1801.379983 3909.361710 -1119.278198
v -1794.108374 3909.361710 -1101.153690
v -1781.591839 3909.361710 -1086.163101
v -1765.055569 3909.361710 -1075.773811
v -1746.118221 3909.361710 -1071.003218
v -1726.633555 3909.361710 -1072.318046
v -1708.508852 3909.361710 -1079.589643
v -1693.518235 3909.361710 -1092.106184
v -1683.129156 3909.361710 -1108.642445
v -1678.358550 3909.361710 -1127.579820
v -1693.229818 3909.361710 -1161.433672
v -1686.811150 3909.361710 -1145.434899
v -1704.278214 3909.361710 -1174.665946
v -1718.874900 3909.361710 -1183.836421
v -1735.591030 3909.361710 -1188.047450
v -1752.790204 3909.361710 -1186.887048
v -1768.788963 3909.361710 -1180.468117
v -1782.021298 3909.361710 -1169.419559
v -1791.191783 3909.361710 -1154.823079
v -1795.402796 3909.361710 -1138.107022
v -1794.242202 3909.361710 -1120.907802
v -1787.823525 3909.361710 -1104.909225
v -1776.775067 3909.361710 -1091.676918
v -1762.178418 3909.361710 -1082.506244
v -1745.462362 3909.361710 -1078.295218
v -1728.263150 3909.361710 -1079.455827
v -1712.264377 3909.361710 -1085.874509
v -1699.032100 3909.361710 -1096.922932
v -1689.861629 3909.361710 -1111.519563
v -1685.650546 3909.361710 -1128.235679
v -1693.229911 3899.496838 -1161.433680
v -1686.811272 3899.496838 -1145.434789
v -1740.526693 3899.497466 -1133.171366
v -1704.278269 3899.496838 -1174.665951
v -1718.874942 3899.496838 -1183.836369
v -1735.591018 3899.496838 -1188.047374
v -1752.790148 3899.496838 -1186.887043
v -1768.788895 3899.496838 -1180.468036
v -1782.021231 3899.496838 -1169.419366
v -1791.191691 3899.496838 -1154.822958
v -1795.402675 3899.496838 -1138.107011
v -1794.242090 3899.496838 -1120.907904
v -1787.823423 3899.496838 -1104.909328
v -1776.775030 3899.496838 -1091.676914
v -1762.178375 3899.496838 -1082.506297
v -1745.462366 3899.496838 -1078.295382
v -1728.263180 3899.496838 -1079.455914
v -1712.264446 3899.496838 -1085.874571
v -1699.032169 3899.496838 -1096.922995
v -1689.861722 3899.496838 -1111.519571
v -1685.650668 3899.496838 -1128.235568
vt 0.387500 0.347635
vt 0.375000 0.652364
vt 0.400000 0.347634
vt 0.387500 0.652364
vt 0.412500 0.347635
vt 0.400000 0.652364
vt 0.425000 0.347635
vt 0.412500 0.652364
vt 0.437500 0.347635
vt 0.425000 0.652364
vt 0.450000 0.347635
vt 0.437500 0.652364
vt 0.462500 0.347635
vt 0.450000 0.652364
vt 0.475000 0.347635
vt 0.462500 0.652364
vt 0.487500 0.347635
vt 0.475000 0.652364
vt 0.500000 0.347635
vt 0.487500 0.652364
vt 0.512500 0.347635
vt 0.500000 0.652364
vt 0.525000 0.347635
vt 0.512500 0.652364
vt 0.537500 0.347635
vt 0.525000 0.652364
vt 0.550000 0.347635
vt 0.537500 0.652364
vt 0.562500 0.347635
vt 0.550000 0.652364
vt 0.575000 0.347635
vt 0.562500 0.652364
vt 0.587500 0.347635
vt 0.575000 0.652364
vt 0.600000 0.347635
vt 0.587500 0.652364
vt 0.612500 0.347635
vt 0.600000 0.652364
vt 0.625000 0.347635
vt 0.612500 0.652364
vt 0.618885 0.117622
vt 0.601130 0.082775
vt 0.573475 0.055120
vt 0.538628 0.037365
vt 0.500000 0.031247
vt 0.461372 0.037365
vt 0.426525 0.055120
vt 0.398870 0.082775
vt 0.381115 0.117622
vt 0.374997 0.156250
vt 0.381115 0.194878
vt 0.398870 0.229725
vt 0.426525 0.257380
vt 0.461372 0.275135
vt 0.500000 0.281253
vt 0.538628 0.275135
vt 0.573475 0.257380
vt 0.601130 0.229725
vt 0.618885 0.194878
vt 0.500000 0.156250
vt 0.625003 0.156250
vt 0.601130 0.917225
vt 0.573475 0.944880
vt 0.538628 0.962635
vt 0.500000 0.968753
vt 0.461372 0.962635
vt 0.426525 0.944880
vt 0.398870 0.917225
vt 0.381115 0.882378
vt 0.374997 0.843750
vt 0.381115 0.805122
vt 0.398870 0.770275
vt 0.426525 0.742620
vt 0.461372 0.724865
vt 0.500000 0.718747
vt 0.538628 0.724865
vt 0.573475 0.742620
vt 0.601130 0.770275
vt 0.618885 0.805122
vt 0.625003 0.843750
vt 0.618885 0.882378
vt 0.500000 0.843750
vt 0.375000 0.347634
vt 0.625000 0.652364
vt 0.625000 0.330228
vt 0.375000 0.330228
vt 0.625000 0.312500
vt 0.648603 0.107966
vt 0.375000 0.312500
vt 0.633946 0.112728
vt 0.387500 0.330454
vt 0.626409 0.064408
vt 0.387500 0.312500
vt 0.613942 0.073467
vt 0.400000 0.330459
vt 0.591842 0.029841
vt 0.400000 0.312500
vt 0.582783 0.042308
vt 0.412500 0.330459
vt 0.548284 0.007647
vt 0.412500 0.312500
vt 0.543522 0.022304
vt 0.425000 0.330459
vt 0.500000 -0.000000
vt 0.425000 0.312500
vt 0.500000 0.015410
vt 0.437500 0.330459
vt 0.451716 0.007647
vt 0.437500 0.312500
vt 0.456478 0.022304
vt 0.450000 0.330459
vt 0.408159 0.029841
vt 0.450000 0.312500
vt 0.417217 0.042308
vt 0.462500 0.330459
vt 0.373591 0.064409
vt 0.462500 0.312500
vt 0.386058 0.073467
vt 0.475000 0.330459
vt 0.351397 0.107966
vt 0.475000 0.312500
vt 0.366054 0.112728
vt 0.487500 0.330459
vt 0.343750 0.156250
vt 0.487500 0.312500
vt 0.359161 0.156250
vt 0.500000 0.330459
vt 0.351397 0.204534
vt 0.500000 0.312500
vt 0.366054 0.199772
vt 0.512500 0.330459
vt 0.373591 0.248091
vt 0.512500 0.312500
vt 0.386058 0.239033
vt 0.525000 0.330459
vt 0.408159 0.282659
vt 0.525000 0.312500
vt 0.417217 0.270192
vt 0.537500 0.330459
vt 0.451716 0.304853
vt 0.537500 0.312500
vt 0.456478 0.290196
vt 0.550000 0.330459
vt 0.500000 0.312500
vt 0.550000 0.312500
vt 0.500000 0.297090
vt 0.562500 0.330459
vt 0.548284 0.304853
vt 0.562500 0.312500
vt 0.543522 0.290196
vt 0.575000 0.330459
vt 0.591841 0.282659
vt 0.575000 0.312500
vt 0.582783 0.270192
vt 0.587500 0.330459
vt 0.626409 0.248091
vt 0.587500 0.312500
vt 0.613942 0.239033
vt 0.600000 0.330459
vt 0.648603 0.204534
vt 0.600000 0.312500
vt 0.633946 0.199772
vt 0.612500 0.330454
vt 0.656250 0.156250
vt 0.612500 0.312500
vt 0.640839 0.156250
vt 0.375000 0.669771
vt 0.625000 0.669771
vt 0.375000 0.687500
vt 0.648603 0.892034
vt 0.625000 0.687500
vt 0.633946 0.887272
vt 0.387500 0.669546
vt 0.387500 0.687500
vt 0.626409 0.935591
vt 0.613942 0.926533
vt 0.400000 0.669540
vt 0.400000 0.687500
vt 0.591841 0.970159
vt 0.582783 0.957692
vt 0.412500 0.669540
vt 0.412500 0.687500
vt 0.548284 0.992353
vt 0.543522 0.977696
vt 0.425000 0.669540
vt 0.425000 0.687500
vt 0.500000 1.000000
vt 0.500000 0.984589
vt 0.437500 0.669540
vt 0.437500 0.687500
vt 0.451716 0.992353
vt 0.456478 0.977696
vt 0.450000 0.669540
vt 0.450000 0.687500
vt 0.408159 0.970159
vt 0.417217 0.957692
vt 0.462500 0.669540
vt 0.462500 0.687500
vt 0.373591 0.935591
vt 0.386058 0.926533
vt 0.475000 0.669540
vt 0.475000 0.687500
vt 0.351397 0.892034
vt 0.366054 0.887272
vt 0.487500 0.669540
vt 0.487500 0.687500
vt 0.343750 0.843750
vt 0.359161 0.843750
vt 0.500000 0.669540
vt 0.500000 0.687500
vt 0.351397 0.795466
vt 0.366054 0.800228
vt 0.512500 0.669540
vt 0.512500 0.687500
vt 0.373591 0.751909
vt 0.386058 0.760967
vt 0.525000 0.669540
vt 0.525000 0.687500
vt 0.408159 0.717341
vt 0.417217 0.729808
vt 0.537500 0.669540
vt 0.537500 0.687500
vt 0.451716 0.695147
vt 0.456478 0.709804
vt 0.550000 0.669540
vt 0.550000 0.687500
vt 0.500000 0.687500
vt 0.500000 0.702910
vt 0.562500 0.669540
vt 0.562500 0.687500
vt 0.548284 0.695147
vt 0.543522 0.709804
vt 0.575000 0.669540
vt 0.575000 0.687500
vt 0.591842 0.717341
vt 0.582784 0.729808
vt 0.587500 0.669540
vt 0.587500 0.687500
vt 0.626409 0.751908
vt 0.613942 0.760967
vt 0.600000 0.669540
vt 0.600000 0.687500
vt 0.648603 0.795466
vt 0.633946 0.800228
vt 0.612500 0.669546
vt 0.656250 0.843750
vt 0.612500 0.687500
vt 0.640839 0.843750
vt 0.618885 0.882378
vt 0.601130 0.917225
vt 0.573475 0.944880
vt 0.538628 0.962635
vt 0.500000 0.968753
vt 0.461372 0.962635
vt 0.426525 0.944880
vt 0.398870 0.917225
vt 0.381115 0.882378
vt 0.374997 0.843750
vt 0.381115 0.805122
vt 0.398870 0.770275
vt 0.426525 0.742620
vt 0.461372 0.724865
vt 0.500000 0.718747
vt 0.538628 0.724865
vt 0.573475 0.742620
vt 0.601130 0.770275
vt 0.618885 0.805122
vt 0.625003 0.843750
vt 0.618885 0.882378
vt 0.601130 0.917225
vt 0.573475 0.944880
vt 0.538628 0.962635
vt 0.500000 0.968753
vt 0.461372 0.962635
vt 0.426525 0.944880
vt 0.398870 0.917225
vt 0.381115 0.882378
vt 0.374997 0.843750
vt 0.381115 0.805122
vt 0.398870 0.770275
vt 0.426525 0.742620
vt 0.461372 0.724865
vt 0.500000 0.718747
vt 0.538628 0.724865
vt 0.573475 0.742620
vt 0.601130 0.770275
vt 0.618885 0.805122
vt 0.625003 0.843750
vt 0.618885 0.882378
vt 0.601130 0.917225
vt 0.573475 0.944880
vt 0.538628 0.962635
vt 0.500000 0.968753
vt 0.461372 0.962635
vt 0.426525 0.944880
vt 0.398870 0.917225
vt 0.381115 0.882378
vt 0.374997 0.843750
vt 0.381115 0.805122
vt 0.398870 0.770275
vt 0.426525 0.742620
vt 0.461372 0.724865
vt 0.500000 0.718747
vt 0.538628 0.724865
vt 0.573475 0.742620
vt 0.601130 0.770275
vt 0.618885 0.805122
vt 0.625003 0.843750
vn 0.974882 -0.008281 -0.222569
vn 0.858389 -0.008281 -0.512932
vn 0.858389 0.008281 -0.512932
vn 0.974882 0.008281 -0.222569
vn 0.657872 -0.008281 -0.753084
vn 0.657872 0.008281 -0.753084
vn 0.392958 -0.008281 -0.919519
vn 0.392958 0.008281 -0.919519
vn 0.089578 -0.008281 -0.995945
vn 0.089578 0.008281 -0.995945
vn -0.222572 -0.008281 -0.974881
vn -0.222572 0.008281 -0.974881
vn -0.512933 -0.008281 -0.858389
vn -0.512933 0.008281 -0.858389
vn -0.753084 -0.008281 -0.657872
vn -0.753084 0.008281 -0.657872
vn -0.919519 -0.008281 -0.392958
vn -0.919519 0.008281 -0.392958
vn -0.995945 -0.008281 -0.089578
vn -0.995945 0.008281 -0.089578
vn -0.974881 -0.008281 0.222571
vn -0.974881 0.008281 0.222571
vn -0.858389 -0.008281 0.512932
vn -0.858389 0.008281 0.512932
vn -0.657872 -0.008281 0.753084
vn -0.657872 0.008281 0.753084
vn -0.392957 -0.008281 0.919519
vn -0.392957 0.008281 0.919519
vn -0.089578 -0.008281 0.995945
vn -0.089578 0.008281 0.995945
vn 0.222571 -0.008281 0.974881
vn 0.222571 0.008281 0.974881
vn 0.512932 -0.008281 0.858389
vn 0.512932 0.008281 0.858389
vn 0.753084 -0.008281 0.657872
vn 0.753084 0.008281 0.657872
vn 0.919519 -0.008281 0.392958
vn 0.919519 0.008281 0.392958
vn 0.995945 -0.008281 0.089578
vn 0.995945 0.008281 0.089578
vn 0.033130 -0.999255 -0.019797
vn 0.037626 -0.999255 -0.008590
vn 0.000000 -1.000000 0.000000
vn 0.025391 -0.999255 -0.029066
vn 0.015166 -0.999255 -0.035490
vn 0.003457 -0.999255 -0.038439
vn -0.008590 -0.999255 -0.037626
vn -0.019797 -0.999255 -0.033130
vn -0.029066 -0.999255 -0.025391
vn -0.035490 -0.999255 -0.015166
vn -0.038439 -0.999255 -0.003457
vn -0.037626 -0.999255 0.008590
vn -0.033130 -0.999255 0.019797
vn -0.025391 -0.999255 0.029066
vn -0.015166 -0.999255 0.035490
vn -0.003457 -0.999255 0.038439
vn 0.008590 -0.999255 0.037626
vn 0.019797 -0.999255 0.033130
vn 0.029066 -0.999255 0.025391
vn 0.035489 -0.999255 0.015166
vn 0.038439 -0.999255 0.003457
vn 0.000011 1.000000 -0.000003
vn 0.000010 1.000000 -0.000006
vn -0.000000 1.000000 0.000000
vn 0.000007 1.000000 -0.000009
vn 0.000004 1.000000 -0.000010
vn 0.000001 1.000000 -0.000011
vn -0.000003 1.000000 -0.000011
vn -0.000006 1.000000 -0.000010
vn -0.000009 1.000000 -0.000007
vn -0.000010 1.000000 -0.000004
vn -0.000011 1.000000 -0.000001
vn -0.000011 1.000000 0.000003
vn -0.000010 1.000000 0.000006
vn -0.000008 1.000000 0.000009
vn -0.000004 1.000000 0.000010
vn -0.000001 1.000000 0.000011
vn 0.000003 1.000000 0.000011
vn 0.000006 1.000000 0.000010
vn 0.000009 1.000000 0.000007
vn 0.000010 1.000000 0.000005
vn 0.000011 1.000000 0.000001
vn 0.392502 -0.915376 -0.089610
vn 0.345600 -0.915375 -0.206514
vn 0.698865 -0.697231 -0.159554
vn 0.615355 -0.697230 -0.367707
vn 0.903159 -0.376546 -0.206195
vn 0.795237 -0.376547 -0.475195
vn 0.264869 -0.915376 -0.303203
vn 0.471610 -0.697230 -0.539865
vn 0.609472 -0.376546 -0.697680
vn 0.158210 -0.915376 -0.370211
vn 0.281700 -0.697232 -0.659176
vn 0.364047 -0.376546 -0.851870
vn 0.036065 -0.915376 -0.400981
vn 0.064216 -0.697232 -0.713964
vn 0.082987 -0.376547 -0.922673
vn -0.089610 -0.915376 -0.392501
vn -0.159555 -0.697231 -0.698864
vn -0.206196 -0.376546 -0.903159
vn -0.206514 -0.915375 -0.345600
vn -0.367707 -0.697231 -0.615354
vn -0.475196 -0.376546 -0.795237
vn -0.303203 -0.915376 -0.264869
vn -0.539865 -0.697230 -0.471610
vn -0.697680 -0.376546 -0.609472
vn -0.370212 -0.915376 -0.158210
vn -0.659177 -0.697231 -0.281700
vn -0.851870 -0.376546 -0.364047
vn -0.400982 -0.915376 -0.036065
vn -0.713964 -0.697231 -0.064216
vn -0.922673 -0.376547 -0.082987
vn -0.392502 -0.915375 0.089610
vn -0.698864 -0.697231 0.159555
vn -0.903159 -0.376547 0.206196
vn -0.345601 -0.915375 0.206514
vn -0.615355 -0.697231 0.367707
vn -0.795237 -0.376546 0.475196
vn -0.264869 -0.915375 0.303203
vn -0.471610 -0.697231 0.539864
vn -0.609472 -0.376546 0.697680
vn -0.158210 -0.915376 0.370212
vn -0.281700 -0.697231 0.659177
vn -0.364047 -0.376546 0.851870
vn -0.036065 -0.915376 0.400982
vn -0.064215 -0.697231 0.713965
vn -0.082987 -0.376546 0.922673
vn 0.089610 -0.915376 0.392502
vn 0.159555 -0.697231 0.698865
vn 0.206196 -0.376546 0.903159
vn 0.206514 -0.915376 0.345600
vn 0.367706 -0.697231 0.615355
vn 0.475196 -0.376546 0.795237
vn 0.303203 -0.915376 0.264869
vn 0.539864 -0.697231 0.471610
vn 0.697680 -0.376546 0.609472
vn 0.370212 -0.915376 0.158210
vn 0.659177 -0.697231 0.281700
vn 0.851870 -0.376546 0.364047
vn 0.400982 -0.915376 0.036065
vn 0.713964 -0.697231 0.064216
vn 0.922673 -0.376546 0.082988
vn 0.392574 0.915343 -0.089626
vn 0.187979 0.981235 -0.042916
vn 0.192041 0.981235 0.017273
vn 0.401056 0.915343 0.036072
vn 0.698857 0.697239 -0.159552
vn 0.713956 0.697239 0.064215
vn 0.903157 0.376553 -0.206194
vn 0.922671 0.376552 0.082987
vn 0.345664 0.915343 -0.206552
vn 0.165516 0.981235 -0.098905
vn 0.615349 0.697238 -0.367703
vn 0.795235 0.376553 -0.475194
vn 0.264918 0.915343 -0.303259
vn 0.126852 0.981235 -0.145211
vn 0.471605 0.697238 -0.539859
vn 0.609470 0.376552 -0.697678
vn 0.158239 0.915343 -0.370280
vn 0.075771 0.981235 -0.177304
vn 0.281697 0.697240 -0.659169
vn 0.364047 0.376553 -0.851867
vn 0.036072 0.915344 -0.401055
vn 0.017273 0.981235 -0.192041
vn 0.064215 0.697240 -0.713956
vn 0.082987 0.376553 -0.922670
vn -0.089627 0.915343 -0.392574
vn -0.042916 0.981235 -0.187979
vn -0.159553 0.697239 -0.698856
vn -0.206196 0.376553 -0.903156
vn -0.206552 0.915343 -0.345664
vn -0.098905 0.981235 -0.165516
vn -0.367703 0.697239 -0.615348
vn -0.475195 0.376552 -0.795235
vn -0.303259 0.915343 -0.264918
vn -0.145211 0.981235 -0.126852
vn -0.539859 0.697239 -0.471604
vn -0.697678 0.376552 -0.609470
vn -0.370280 0.915343 -0.158239
vn -0.177304 0.981235 -0.075771
vn -0.659170 0.697239 -0.281697
vn -0.851868 0.376552 -0.364046
vn -0.401056 0.915343 -0.036072
vn -0.192041 0.981235 -0.017273
vn -0.713956 0.697239 -0.064215
vn -0.922671 0.376553 -0.082987
vn -0.392574 0.915343 0.089627
vn -0.187979 0.981235 0.042917
vn -0.698857 0.697239 0.159553
vn -0.903156 0.376553 0.206196
vn -0.345664 0.915343 0.206552
vn -0.165517 0.981235 0.098905
vn -0.615348 0.697239 0.367702
vn -0.795235 0.376552 0.475194
vn -0.264918 0.915343 0.303259
vn -0.126852 0.981235 0.145212
vn -0.471604 0.697239 0.539859
vn -0.609470 0.376553 0.697678
vn -0.158240 0.915343 0.370280
vn -0.075771 0.981235 0.177304
vn -0.281697 0.697239 0.659170
vn -0.364046 0.376552 0.851868
vn -0.036072 0.915343 0.401056
vn -0.017273 0.981235 0.192041
vn -0.064215 0.697239 0.713957
vn -0.082987 0.376553 0.922671
vn 0.089627 0.915343 0.392574
vn 0.042917 0.981235 0.187979
vn 0.159553 0.697239 0.698857
vn 0.206195 0.376552 0.903157
vn 0.206552 0.915343 0.345664
vn 0.098905 0.981235 0.165517
vn 0.367702 0.697239 0.615348
vn 0.475195 0.376552 0.795235
vn 0.303259 0.915343 0.264918
vn 0.145211 0.981235 0.126852
vn 0.539859 0.697239 0.471604
vn 0.697678 0.376552 0.609470
vn 0.370281 0.915343 0.158240
vn 0.177304 0.981235 0.075771
vn 0.659170 0.697239 0.281697
vn 0.851868 0.376552 0.364046
vn 0.974915 0.000000 -0.222578
vn 0.858418 0.000000 -0.512950
vn 0.858418 0.000000 -0.512950
vn 0.974915 0.000000 -0.222578
vn 0.657894 0.000000 -0.753110
vn 0.657894 0.000000 -0.753110
vn 0.392970 0.000000 -0.919551
vn 0.392970 0.000000 -0.919551
vn 0.089583 -0.000002 -0.995979
vn 0.089583 -0.000002 -0.995979
vn -0.222579 -0.000003 -0.974915
vn -0.222579 -0.000003 -0.974915
vn -0.512954 0.000001 -0.858416
vn -0.512954 0.000001 -0.858416
vn -0.753109 0.000003 -0.657896
vn -0.753110 0.000003 -0.657894
vn -0.919551 0.000001 -0.392971
vn -0.919551 0.000001 -0.392971
vn -0.995980 0.000000 -0.089581
vn -0.995980 0.000000 -0.089581
vn -0.974915 0.000001 0.222579
vn -0.974915 0.000001 0.222579
vn -0.858417 0.000004 0.512952
vn -0.858418 0.000004 0.512951
vn -0.657896 0.000005 0.753109
vn -0.657896 0.000005 0.753108
vn -0.392973 0.000002 0.919550
vn -0.392973 0.000002 0.919550
vn -0.089581 0.000000 0.995980
vn -0.089581 0.000000 0.995980
vn 0.222578 0.000000 0.974915
vn 0.222578 0.000000 0.974915
vn 0.512950 0.000000 0.858419
vn 0.512950 0.000000 0.858419
vn 0.753110 0.000000 0.657895
vn 0.753110 0.000000 0.657895
vn 0.919551 0.000000 0.392971
vn 0.919551 0.000000 0.392971
vn 0.995979 0.000000 0.089582
vn 0.995979 0.000000 0.089582
vn 0.000000 1.000000 -0.000000
vn 0.000000 1.000000 -0.000001
vn 0.000000 1.000000 -0.000001
vn 0.000000 1.000000 -0.000000
vn 0.000000 1.000000 -0.000001
vn 0.000000 1.000000 -0.000001
vn 0.000000 1.000000 -0.000000
vn 0.000000 1.000000 -0.000000
vn 0.000000 1.000000 -0.000000
vn 0.000000 1.000000 -0.000000
vn 0.000000 1.000000 -0.000001
vn 0.000000 1.000000 -0.000001
vn 0.000000 1.000000 -0.000000
vn 0.000000 1.000000 -0.000000
vn -0.000000 1.000000 0.000000
vn -0.000000 1.000000 0.000000
vn -0.000000 1.000000 0.000000
vn -0.000000 1.000000 0.000000
vn 0.000000 1.000000 -0.000000
vn 0.000000 1.000000 -0.000000
vn 0.000000 1.000000 -0.000000
vn 0.000000 1.000000 -0.000000
vn 0.000000 1.000000 -0.000000
vn 0.000000 1.000000 -0.000000
vn 0.000000 1.000000 -0.000000
vn -0.000000 1.000000 0.000000
vn -0.000000 1.000000 0.000001
vn -0.000000 1.000000 0.000001
vn -0.000000 1.000000 0.000000
vn -0.000000 1.000000 0.000000
vn 0.000000 1.000000 -0.000000
vn 0.000000 1.000000 -0.000000
vn 0.000000 1.000000 -0.000000
vn 0.000000 1.000000 -0.000000
vn 0.000000 1.000000 0.000000
vn 0.000000 1.000000 0.000000
vn 0.000000 1.000000 0.000000
vn 0.000000 1.000000 0.000000
vn 0.000000 1.000000 -0.000000
vn 0.000000 1.000000 -0.000000
vn -0.974915 0.000013 0.222578
vn -0.858420 0.000009 0.512948
vn -0.858419 0.000009 0.512949
vn -0.974915 0.000013 0.222576
vn -0.657894 0.000005 0.753110
vn -0.657894 0.000005 0.753111
vn -0.392969 0.000006 0.919552
vn -0.392969 0.000006 0.919552
vn -0.089587 0.000006 0.995979
vn -0.089588 0.000006 0.995979
vn 0.222581 0.000005 0.974914
vn 0.222580 0.000005 0.974914
vn 0.512960 0.000011 0.858412
vn 0.512960 0.000011 0.858412
vn 0.753109 0.000015 0.657896
vn 0.753110 0.000015 0.657894
vn 0.919550 0.000014 0.392973
vn 0.919551 0.000014 0.392972
vn 0.995980 0.000012 0.089581
vn 0.995980 0.000012 0.089581
vn 0.974914 0.000013 -0.222580
vn 0.974915 0.000013 -0.222579
vn 0.858417 0.000011 -0.512952
vn 0.858418 0.000011 -0.512952
vn 0.657899 0.000007 -0.753106
vn 0.657898 0.000007 -0.753107
vn 0.392974 0.000008 -0.919550
vn 0.392974 0.000008 -0.919550
vn 0.089580 0.000012 -0.995980
vn 0.089580 0.000012 -0.995980
vn -0.222577 0.000011 -0.974915
vn -0.222577 0.000011 -0.974915
vn -0.512951 0.000009 -0.858418
vn -0.512950 0.000009 -0.858418
vn -0.753110 0.000009 -0.657895
vn -0.753110 0.000009 -0.657895
vn -0.919551 0.000009 -0.392972
vn -0.919550 0.000009 -0.392972
vn -0.995980 0.000011 -0.089581
vn -0.995979 0.000011 -0.089583
s 1
g group5 pCylinder21
usemtl initialShadingGroup
f 631/981/1479 636/899/1480 736/902/1481 731/900/1482
f 636/899/1480 641/901/1483 741/904/1484 736/902/1481
f 641/901/1483 646/903/1485 746/906/1486 741/904/1484
f 646/903/1485 651/905/1487 751/908/1488 746/906/1486
f 651/905/1487 656/907/1489 756/910/1490 751/908/1488
f 656/907/1489 661/909/1491 761/912/1492 756/910/1490
f 661/909/1491 666/911/1493 766/914/1494 761/912/1492
f 666/911/1493 671/913/1495 771/916/1496 766/914/1494
f 671/913/1495 676/915/1497 776/918/1498 771/916/1496
f 676/915/1497 681/917/1499 781/920/1500 776/918/1498
f 681/917/1499 686/919/1501 786/922/1502 781/920/1500
f 686/919/1501 691/921/1503 791/924/1504 786/922/1502
f 691/921/1503 696/923/1505 796/926/1506 791/924/1504
f 696/923/1505 701/925/1507 801/928/1508 796/926/1506
f 701/925/1507 706/927/1509 806/930/1510 801/928/1508
f 706/927/1509 711/929/1511 811/932/1512 806/930/1510
f 711/929/1511 716/931/1513 816/934/1514 811/932/1512
f 716/931/1513 721/933/1515 821/936/1516 816/934/1514
f 721/933/1515 726/935/1517 826/938/1518 821/936/1516
f 726/935/1517 631/937/1479 731/982/1482 826/938/1518
f 640/940/1519 635/939/1520 630/958/1521
f 645/941/1522 640/940/1519 630/958/1521
f 650/942/1523 645/941/1522 630/958/1521
f 655/943/1524 650/942/1523 630/958/1521
f 660/944/1525 655/943/1524 630/958/1521
f 665/945/1526 660/944/1525 630/958/1521
f 670/946/1527 665/945/1526 630/958/1521
f 675/947/1528 670/946/1527 630/958/1521
f 680/948/1529 675/947/1528 630/958/1521
f 685/949/1530 680/948/1529 630/958/1521
f 690/950/1531 685/949/1530 630/958/1521
f 695/951/1532 690/950/1531 630/958/1521
f 700/952/1533 695/951/1532 630/958/1521
f 705/953/1534 700/952/1533 630/958/1521
f 710/954/1535 705/953/1534 630/958/1521
f 715/955/1536 710/954/1535 630/958/1521
f 720/956/1537 715/955/1536 630/958/1521
f 725/957/1538 720/956/1537 630/958/1521
f 730/959/1539 725/957/1538 630/958/1521
f 635/939/1520 730/959/1539 630/958/1521
s 3
f 872/1187/1540 871/1188/1541 873/980/1542
f 871/1188/1541 874/1189/1543 873/980/1542
f 874/1189/1543 875/1190/1544 873/980/1542
f 875/1190/1544 876/1191/1545 873/980/1542
f 876/1191/1545 877/1192/1546 873/980/1542
f 877/1192/1546 878/1193/1547 873/980/1542
f 878/1193/1547 879/1194/1548 873/980/1542
f 879/1194/1548 880/1195/1549 873/980/1542
f 880/1195/1549 881/1196/1550 873/980/1542
f 881/1196/1550 882/1197/1551 873/980/1542
f 882/1197/1551 883/1198/1552 873/980/1542
f 883/1198/1552 884/1199/1553 873/980/1542
f 884/1199/1553 885/1200/1554 873/980/1542
f 885/1200/1554 886/1201/1555 873/980/1542
f 886/1201/1555 887/1202/1556 873/980/1542
f 887/1202/1556 888/1203/1557 873/980/1542
f 888/1203/1557 889/1204/1558 873/980/1542
f 889/1204/1558 890/1205/1559 873/980/1542
f 890/1205/1559 891/1206/1560 873/980/1542
f 891/1206/1560 872/1187/1540 873/980/1542
s 1
f 634/988/1561 635/939/1520 640/940/1519 639/992/1562
f 633/986/1563 634/988/1561 639/992/1562 638/990/1564
f 631/981/1479 632/984/1565 637/989/1566 636/899/1480
f 632/984/1565 633/987/1563 638/991/1564 637/989/1566
f 639/992/1562 640/940/1519 645/941/1522 644/996/1567
f 638/990/1564 639/992/1562 644/996/1567 643/994/1568
f 636/899/1480 637/989/1566 642/993/1569 641/901/1483
f 637/989/1566 638/991/1564 643/995/1568 642/993/1569
f 644/996/1567 645/941/1522 650/942/1523 649/1000/1570
f 643/994/1568 644/996/1567 649/1000/1570 648/998/1571
f 641/901/1483 642/993/1569 647/997/1572 646/903/1485
f 642/993/1569 643/995/1568 648/999/1571 647/997/1572
f 649/1000/1570 650/942/1523 655/943/1524 654/1004/1573
f 648/998/1571 649/1000/1570 654/1004/1573 653/1002/1574
f 646/903/1485 647/997/1572 652/1001/1575 651/905/1487
f 647/997/1572 648/999/1571 653/1003/1574 652/1001/1575
f 654/1004/1573 655/943/1524 660/944/1525 659/1008/1576
f 653/1002/1574 654/1004/1573 659/1008/1576 658/1006/1577
f 651/905/1487 652/1001/1575 657/1005/1578 656/907/1489
f 652/1001/1575 653/1003/1574 658/1007/1577 657/1005/1578
f 659/1008/1576 660/944/1525 665/945/1526 664/1012/1579
f 658/1006/1577 659/1008/1576 664/1012/1579 663/1010/1580
f 656/907/1489 657/1005/1578 662/1009/1581 661/909/1491
f 657/1005/1578 658/1007/1577 663/1011/1580 662/1009/1581
f 664/1012/1579 665/945/1526 670/946/1527 669/1016/1582
f 663/1010/1580 664/1012/1579 669/1016/1582 668/1014/1583
f 661/909/1491 662/1009/1581 667/1013/1584 666/911/1493
f 662/1009/1581 663/1011/1580 668/1015/1583 667/1013/1584
f 669/1016/1582 670/946/1527 675/947/1528 674/1020/1585
f 668/1014/1583 669/1016/1582 674/1020/1585 673/1018/1586
f 666/911/1493 667/1013/1584 672/1017/1587 671/913/1495
f 667/1013/1584 668/1015/1583 673/1019/1586 672/1017/1587
f 674/1020/1585 675/947/1528 680/948/1529 679/1024/1588
f 673/1018/1586 674/1020/1585 679/1024/1588 678/1022/1589
f 671/913/1495 672/1017/1587 677/1021/1590 676/915/1497
f 672/1017/1587 673/1019/1586 678/1023/1589 677/1021/1590
f 679/1024/1588 680/948/1529 685/949/1530 684/1028/1591
f 678/1022/1589 679/1024/1588 684/1028/1591 683/1026/1592
f 676/915/1497 677/1021/1590 682/1025/1593 681/917/1499
f 677/1021/1590 678/1023/1589 683/1027/1592 682/1025/1593
f 684/1028/1591 685/949/1530 690/950/1531 689/1032/1594
f 683/1026/1592 684/1028/1591 689/1032/1594 688/1030/1595
f 681/917/1499 682/1025/1593 687/1029/1596 686/919/1501
f 682/1025/1593 683/1027/1592 688/1031/1595 687/1029/1596
f 689/1032/1594 690/950/1531 695/951/1532 694/1036/1597
f 688/1030/1595 689/1032/1594 694/1036/1597 693/1034/1598
f 686/919/1501 687/1029/1596 692/1033/1599 691/921/1503
f 687/1029/1596 688/1031/1595 693/1035/1598 692/1033/1599
f 694/1036/1597 695/951/1532 700/952/1533 699/1040/1600
f 693/1034/1598 694/1036/1597 699/1040/1600 698/1038/1601
f 691/921/1503 692/1033/1599 697/1037/1602 696/923/1505
f 692/1033/1599 693/1035/1598 698/1039/1601 697/1037/1602
f 699/1040/1600 700/952/1533 705/953/1534 704/1044/1603
f 698/1038/1601 699/1040/1600 704/1044/1603 703/1042/1604
f 696/923/1505 697/1037/1602 702/1041/1605 701/925/1507
f 697/1037/1602 698/1039/1601 703/1043/1604 702/1041/1605
f 704/1044/1603 705/953/1534 710/954/1535 709/1048/1606
f 703/1042/1604 704/1044/1603 709/1048/1606 708/1046/1607
f 701/925/1507 702/1041/1605 707/1045/1608 706/927/1509
f 702/1041/1605 703/1043/1604 708/1047/1607 707/1045/1608
f 709/1048/1606 710/954/1535 715/955/1536 714/1052/1609
f 708/1046/1607 709/1048/1606 714/1052/1609 713/1050/1610
f 706/927/1509 707/1045/1608 712/1049/1611 711/929/1511
f 707/1045/1608 708/1047/1607 713/1051/1610 712/1049/1611
f 714/1052/1609 715/955/1536 720/956/1537 719/1056/1612
f 713/1050/1610 714/1052/1609 719/1056/1612 718/1054/1613
f 711/929/1511 712/1049/1611 717/1053/1614 716/931/1513
f 712/1049/1611 713/1051/1610 718/1055/1613 717/1053/1614
f 719/1056/1612 720/956/1537 725/957/1538 724/1060/1615
f 718/1054/1613 719/1056/1612 724/1060/1615 723/1058/1616
f 716/931/1513 717/1053/1614 722/1057/1617 721/933/1515
f 717/1053/1614 718/1055/1613 723/1059/1616 722/1057/1617
f 724/1060/1615 725/957/1538 730/959/1539 729/1064/1618
f 723/1058/1616 724/1060/1615 729/1064/1618 728/1062/1619
f 721/933/1515 722/1057/1617 727/1061/1620 726/935/1517
f 722/1057/1617 723/1059/1616 728/1063/1619 727/1061/1620
f 635/939/1520 634/988/1561 729/1064/1618 730/959/1539
f 634/988/1561 633/986/1563 728/1062/1619 729/1064/1618
f 633/985/1563 632/983/1565 727/1061/1620 728/1063/1619
f 632/983/1565 631/937/1479 726/935/1517 727/1061/1620
f 734/1070/1621 735/979/1622 830/978/1623 829/1146/1624
f 733/1068/1625 734/1070/1621 829/1146/1624 828/1144/1626
f 731/982/1482 732/1066/1627 827/1143/1628 826/938/1518
f 732/1066/1627 733/1069/1625 828/1145/1626 827/1143/1628
f 735/979/1622 734/1070/1621 739/1074/1629 740/960/1630
f 734/1070/1621 733/1068/1625 738/1073/1631 739/1074/1629
f 733/1067/1625 732/1065/1627 737/1071/1632 738/1072/1631
f 732/1065/1627 731/900/1482 736/902/1481 737/1071/1632
f 740/960/1630 739/1074/1629 744/1078/1633 745/961/1634
f 739/1074/1629 738/1073/1631 743/1077/1635 744/1078/1633
f 738/1072/1631 737/1071/1632 742/1075/1636 743/1076/1635
f 737/1071/1632 736/902/1481 741/904/1484 742/1075/1636
f 745/961/1634 744/1078/1633 749/1082/1637 750/962/1638
f 744/1078/1633 743/1077/1635 748/1081/1639 749/1082/1637
f 743/1076/1635 742/1075/1636 747/1079/1640 748/1080/1639
f 742/1075/1636 741/904/1484 746/906/1486 747/1079/1640
f 750/962/1638 749/1082/1637 754/1086/1641 755/963/1642
f 749/1082/1637 748/1081/1639 753/1085/1643 754/1086/1641
f 748/1080/1639 747/1079/1640 752/1083/1644 753/1084/1643
f 747/1079/1640 746/906/1486 751/908/1488 752/1083/1644
f 755/963/1642 754/1086/1641 759/1090/1645 760/964/1646
f 754/1086/1641 753/1085/1643 758/1089/1647 759/1090/1645
f 753/1084/1643 752/1083/1644 757/1087/1648 758/1088/1647
f 752/1083/1644 751/908/1488 756/910/1490 757/1087/1648
f 760/964/1646 759/1090/1645 764/1094/1649 765/965/1650
f 759/1090/1645 758/1089/1647 763/1093/1651 764/1094/1649
f 758/1088/1647 757/1087/1648 762/1091/1652 763/1092/1651
f 757/1087/1648 756/910/1490 761/912/1492 762/1091/1652
f 765/965/1650 764/1094/1649 769/1098/1653 770/966/1654
f 764/1094/1649 763/1093/1651 768/1097/1655 769/1098/1653
f 763/1092/1651 762/1091/1652 767/1095/1656 768/1096/1655
f 762/1091/1652 761/912/1492 766/914/1494 767/1095/1656
f 770/966/1654 769/1098/1653 774/1102/1657 775/967/1658
f 769/1098/1653 768/1097/1655 773/1101/1659 774/1102/1657
f 768/1096/1655 767/1095/1656 772/1099/1660 773/1100/1659
f 767/1095/1656 766/914/1494 771/916/1496 772/1099/1660
f 775/967/1658 774/1102/1657 779/1106/1661 780/968/1662
f 774/1102/1657 773/1101/1659 778/1105/1663 779/1106/1661
f 773/1100/1659 772/1099/1660 777/1103/1664 778/1104/1663
f 772/1099/1660 771/916/1496 776/918/1498 777/1103/1664
f 780/968/1662 779/1106/1661 784/1110/1665 785/969/1666
f 779/1106/1661 778/1105/1663 783/1109/1667 784/1110/1665
f 778/1104/1663 777/1103/1664 782/1107/1668 783/1108/1667
f 777/1103/1664 776/918/1498 781/920/1500 782/1107/1668
f 785/969/1666 784/1110/1665 789/1114/1669 790/970/1670
f 784/1110/1665 783/1109/1667 788/1113/1671 789/1114/1669
f 783/1108/1667 782/1107/1668 787/1111/1672 788/1112/1671
f 782/1107/1668 781/920/1500 786/922/1502 787/1111/1672
f 790/970/1670 789/1114/1669 794/1118/1673 795/971/1674
f 789/1114/1669 788/1113/1671 793/1117/1675 794/1118/1673
f 788/1112/1671 787/1111/1672 792/1115/1676 793/1116/1675
f 787/1111/1672 786/922/1502 791/924/1504 792/1115/1676
f 795/971/1674 794/1118/1673 799/1122/1677 800/972/1678
f 794/1118/1673 793/1117/1675 798/1121/1679 799/1122/1677
f 793/1116/1675 792/1115/1676 797/1119/1680 798/1120/1679
f 792/1115/1676 791/924/1504 796/926/1506 797/1119/1680
f 800/972/1678 799/1122/1677 804/1126/1681 805/973/1682
f 799/1122/1677 798/1121/1679 803/1125/1683 804/1126/1681
f 798/1120/1679 797/1119/1680 802/1123/1684 803/1124/1683
f 797/1119/1680 796/926/1506 801/928/1508 802/1123/1684
f 805/973/1682 804/1126/1681 809/1130/1685 810/974/1686
f 804/1126/1681 803/1125/1683 808/1129/1687 809/1130/1685
f 803/1124/1683 802/1123/1684 807/1127/1688 808/1128/1687
f 802/1123/1684 801/928/1508 806/930/1510 807/1127/1688
f 810/974/1686 809/1130/1685 814/1134/1689 815/975/1690
f 809/1130/1685 808/1129/1687 813/1133/1691 814/1134/1689
f 808/1128/1687 807/1127/1688 812/1131/1692 813/1132/1691
f 807/1127/1688 806/930/1510 811/932/1512 812/1131/1692
f 815/975/1690 814/1134/1689 819/1138/1693 820/976/1694
f 814/1134/1689 813/1133/1691 818/1137/1695 819/1138/1693
f 813/1132/1691 812/1131/1692 817/1135/1696 818/1136/1695
f 812/1131/1692 811/932/1512 816/934/1514 817/1135/1696
f 820/976/1694 819/1138/1693 824/1142/1697 825/977/1698
f 819/1138/1693 818/1137/1695 823/1141/1699 824/1142/1697
f 818/1136/1695 817/1135/1696 822/1139/1700 823/1140/1699
f 817/1135/1696 816/934/1514 821/936/1516 822/1139/1700
f 825/977/1698 824/1142/1697 829/1146/1624 830/978/1623
f 824/1142/1697 823/1141/1699 828/1144/1626 829/1146/1624
f 823/1140/1699 822/1139/1700 827/1143/1628 828/1145/1626
f 822/1139/1700 821/936/1516 826/938/1518 827/1143/1628
s 5
f 735/979/1701 740/960/1702 831/1148/1703 832/1147/1704
f 740/960/1702 745/961/1705 833/1149/1706 831/1148/1703
f 745/961/1705 750/962/1707 834/1150/1708 833/1149/1706
f 750/962/1707 755/963/1709 835/1151/1710 834/1150/1708
f 755/963/1709 760/964/1711 836/1152/1712 835/1151/1710
f 760/964/1711 765/965/1713 837/1153/1714 836/1152/1712
f 765/965/1713 770/966/1715 838/1154/1716 837/1153/1714
f 770/966/1715 775/967/1717 839/1155/1718 838/1154/1716
f 775/967/1717 780/968/1719 840/1156/1720 839/1155/1718
f 780/968/1719 785/969/1721 841/1157/1722 840/1156/1720
f 785/969/1721 790/970/1723 842/1158/1724 841/1157/1722
f 790/970/1723 795/971/1725 843/1159/1726 842/1158/1724
f 795/971/1725 800/972/1727 844/1160/1728 843/1159/1726
f 800/972/1727 805/973/1729 845/1161/1730 844/1160/1728
f 805/973/1729 810/974/1731 846/1162/1732 845/1161/1730
f 810/974/1731 815/975/1733 847/1163/1734 846/1162/1732
f 815/975/1733 820/976/1735 848/1164/1736 847/1163/1734
f 820/976/1735 825/977/1737 849/1165/1738 848/1164/1736
f 825/977/1737 830/978/1739 850/1166/1740 849/1165/1738
f 830/978/1739 735/979/1701 832/1147/1704 850/1166/1740
s 6
f 832/1147/1741 831/1148/1742 851/1168/1743 852/1167/1744
f 831/1148/1742 833/1149/1745 853/1169/1746 851/1168/1743
f 833/1149/1745 834/1150/1747 854/1170/1748 853/1169/1746
f 834/1150/1747 835/1151/1749 855/1171/1750 854/1170/1748
f 835/1151/1749 836/1152/1751 856/1172/1752 855/1171/1750
f 836/1152/1751 837/1153/1753 857/1173/1754 856/1172/1752
f 837/1153/1753 838/1154/1755 858/1174/1756 857/1173/1754
f 838/1154/1755 839/1155/1757 859/1175/1758 858/1174/1756
f 839/1155/1757 840/1156/1759 860/1176/1760 859/1175/1758
f 840/1156/1759 841/1157/1761 861/1177/1762 860/1176/1760
f 841/1157/1761 842/1158/1763 862/1178/1764 861/1177/1762
f 842/1158/1763 843/1159/1765 863/1179/1766 862/1178/1764
f 843/1159/1765 844/1160/1767 864/1180/1768 863/1179/1766
f 844/1160/1767 845/1161/1769 865/1181/1770 864/1180/1768
f 845/1161/1769 846/1162/1771 866/1182/1772 865/1181/1770
f 846/1162/1771 847/1163/1773 867/1183/1774 866/1182/1772
f 847/1163/1773 848/1164/1775 868/1184/1776 867/1183/1774
f 848/1164/1775 849/1165/1777 869/1185/1778 868/1184/1776
f 849/1165/1777 850/1166/1779 870/1186/1780 869/1185/1778
f 850/1166/1779 832/1147/1741 852/1167/1744 870/1186/1780
s 7
f 852/1167/1781 851/1168/1782 871/1188/1783 872/1187/1784
f 851/1168/1782 853/1169/1785 874/1189/1786 871/1188/1783
f 853/1169/1785 854/1170/1787 875/1190/1788 874/1189/1786
f 854/1170/1787 855/1171/1789 876/1191/1790 875/1190/1788
f 855/1171/1789 856/1172/1791 877/1192/1792 876/1191/1790
f 856/1172/1791 857/1173/1793 878/1193/1794 877/1192/1792
f 857/1173/1793 858/1174/1795 879/1194/1796 878/1193/1794
f 858/1174/1795 859/1175/1797 880/1195/1798 879/1194/1796
f 859/1175/1797 860/1176/1799 881/1196/1800 880/1195/1798
f 860/1176/1799 861/1177/1801 882/1197/1802 881/1196/1800
f 861/1177/1801 862/1178/1803 883/1198/1804 882/1197/1802
f 862/1178/1803 863/1179/1805 884/1199/1806 883/1198/1804
f 863/1179/1805 864/1180/1807 885/1200/1808 884/1199/1806
f 864/1180/1807 865/1181/1809 886/1201/1810 885/1200/1808
f 865/1181/1809 866/1182/1811 887/1202/1812 886/1201/1810
f 866/1182/1811 867/1183/1813 888/1203/1814 887/1202/1812
f 867/1183/1813 868/1184/1815 889/1204/1816 888/1203/1814
f 868/1184/1815 869/1185/1817 890/1205/1818 889/1204/1816
f 869/1185/1817 870/1186/1819 891/1206/1820 890/1205/1818
f 870/1186/1819 852/1167/1781 872/1187/1784 891/1206/1820
g default
v -1899.366172 3722.687101 -963.530285
v -1785.636593 3722.687101 -953.301183
v -1899.366172 3805.463794 -963.530285
v -1785.636593 3805.463794 -953.301183
v -1892.773534 3805.463794 -1036.828800
v -1779.043955 3805.463794 -1026.599699
v -1892.773534 3722.687101 -1036.828800
v -1779.043955 3722.687101 -1026.599699
vt 0.375000 0.000000
vt 0.625000 0.000000
vt 0.375000 0.250000
vt 0.625000 0.250000
vt 0.375000 0.500000
vt 0.625000 0.500000
vt 0.375000 0.750000
vt 0.625000 0.750000
vt 0.375000 1.000000
vt 0.625000 1.000000
vt 0.875000 0.000000
vt 0.875000 0.250000
vt 0.125000 0.000000
vt 0.125000 0.250000
vn -0.089581 0.000000 0.995980
vn -0.089581 0.000000 0.995980
vn -0.089581 0.000000 0.995980
vn -0.089581 0.000000 0.995980
vn 0.000000 1.000000 0.000000
vn 0.000000 1.000000 0.000000
vn 0.000000 1.000000 0.000000
vn 0.000000 1.000000 0.000000
vn 0.089581 0.000000 -0.995980
vn 0.089581 0.000000 -0.995980
vn 0.089581 0.000000 -0.995980
vn 0.089581 0.000000 -0.995980
vn 0.000000 -1.000000 0.000000
vn 0.000000 -1.000000 0.000000
vn 0.000000 -1.000000 0.000000
vn 0.000000 -1.000000 0.000000
vn 0.995980 0.000000 0.089581
vn 0.995980 0.000000 0.089581
vn 0.995980 0.000000 0.089581
vn 0.995980 0.000000 0.089581
vn -0.995980 0.000000 -0.089581
vn -0.995980 0.000000 -0.089581
vn -0.995980 0.000000 -0.089581
vn -0.995980 0.000000 -0.089581
s off
g group5 pCube56
usemtl initialShadingGroup
f 892/1207/1821 893/1208/1822 895/1210/1823 894/1209/1824
f 894/1209/1825 895/1210/1826 897/1212/1827 896/1211/1828
f 896/1211/1829 897/1212/1830 899/1214/1831 898/1213/1832
f 898/1213/1833 899/1214/1834 893/1216/1835 892/1215/1836
f 893/1208/1837 899/1217/1838 897/1218/1839 895/1210/1840
f 898/1219/1841 892/1207/1842 894/1209/1843 896/1220/1844
g default
v -1776.526059 3722.687101 -952.481761
v -1662.796480 3722.687101 -942.252659
v -1776.526059 3805.463794 -952.481761
v -1662.796480 3805.463794 -942.252659
v -1769.933421 3805.463794 -1025.780276
v -1656.203842 3805.463794 -1015.551175
v -1769.933421 3722.687101 -1025.780276
v -1656.203842 3722.687101 -1015.551175
vt 0.375000 0.000000
vt 0.625000 0.000000
vt 0.375000 0.250000
vt 0.625000 0.250000
vt 0.375000 0.500000
vt 0.625000 0.500000
vt 0.375000 0.750000
vt 0.625000 0.750000
vt 0.375000 1.000000
vt 0.625000 1.000000
vt 0.875000 0.000000
vt 0.875000 0.250000
vt 0.125000 0.000000
vt 0.125000 0.250000
vn -0.089581 0.000000 0.995980
vn -0.089581 0.000000 0.995980
vn -0.089581 0.000000 0.995980
vn -0.089581 0.000000 0.995980
vn 0.000000 1.000000 0.000000
vn 0.000000 1.000000 0.000000
vn 0.000000 1.000000 0.000000
vn 0.000000 1.000000 0.000000
vn 0.089581 0.000000 -0.995980
vn 0.089581 0.000000 -0.995980
vn 0.089581 0.000000 -0.995980
vn 0.089581 0.000000 -0.995980
vn 0.000000 -1.000000 0.000000
vn 0.000000 -1.000000 0.000000
vn 0.000000 -1.000000 0.000000
vn 0.000000 -1.000000 0.000000
vn 0.995980 0.000000 0.089581
vn 0.995980 0.000000 0.089581
vn 0.995980 0.000000 0.089581
vn 0.995980 0.000000 0.089581
vn -0.995980 0.000000 -0.089581
vn -0.995980 0.000000 -0.089581
vn -0.995980 0.000000 -0.089581
vn -0.995980 0.000000 -0.089581
s off
g group5 pCube57
usemtl initialShadingGroup
f 900/1221/1845 901/1222/1846 903/1224/1847 902/1223/1848
f 902/1223/1849 903/1224/1850 905/1226/1851 904/1225/1852
f 904/1225/1853 905/1226/1854 907/1228/1855 906/1227/1856
f 906/1227/1857 907/1228/1858 901/1230/1859 900/1229/1860
f 901/1222/1861 907/1231/1862 905/1232/1863 903/1224/1864
f 906/1233/1865 900/1221/1866 902/1223/1867 904/1234/1868
g default
v -928.143105 3421.539384 -933.227525
v -852.078411 3436.949854 -950.593516
v -853.236310 3431.052578 -950.329145
v -856.533729 3426.052849 -949.576349
v -861.468658 3422.712691 -948.449682
v -867.289778 3421.539384 -947.120690
v -861.167661 3436.949854 -973.248850
v -862.187214 3431.052578 -972.639623
v -865.090599 3426.052849 -970.904699
v -869.435807 3422.712691 -968.308214
v -874.561386 3421.539384 -965.245422
v -876.812930 3436.949854 -991.986567
v -877.594322 3431.052578 -991.092145
v -879.819468 3426.052849 -988.544920
v -883.149664 3422.712691 -984.732771
v -887.077914 3421.539384 -980.235982
v -897.482767 3436.949854 -1004.972638
v -897.949512 3431.052578 -1003.880498
v -899.278630 3426.052849 -1000.770331
v -901.267809 3422.712691 -996.115648
v -903.614210 3421.539384 -990.625083
v -921.153848 3436.949854 -1010.935749
v -921.260244 3431.052578 -1009.752814
v -921.563226 3426.052849 -1006.384185
v -922.016681 3422.712691 -1001.342561
v -922.551560 3421.539384 -995.395649
v -945.509085 3436.949854 -1009.292236
v -945.244715 3431.052578 -1008.134338
v -944.491909 3426.052849 -1004.836918
v -943.365242 3422.712691 -999.901989
v -942.036242 3421.539384 -994.080850
v -968.164415 3436.949854 -1000.202931
v -967.555183 3431.052578 -999.183433
v -965.820261 3426.052849 -996.280030
v -963.223757 3422.712691 -991.934820
v -960.160974 3421.539384 -986.809242
v -986.902159 3436.949854 -984.557664
v -986.007708 3431.052578 -983.776288
v -983.460503 3426.052849 -981.551125
v -979.648325 3422.712691 -978.220946
v -975.151566 3421.539384 -974.292679
v -999.888180 3436.949854 -963.887869
v -998.796040 3431.052578 -963.421124
v -995.685881 3426.052849 -962.092016
v -991.031208 3422.712691 -960.102838
v -985.540646 3421.539384 -957.756409
v -1005.851292 3436.949854 -940.216779
v -1004.668375 3431.052578 -940.110385
v -1001.299709 3426.052849 -939.807399
v -996.258150 3422.712691 -939.353950
v -990.311238 3421.539384 -938.819071
v -1004.207777 3436.949854 -915.861569
v -1003.049880 3431.052578 -916.125922
v -999.752469 3426.052849 -916.878728
v -994.817549 3422.712691 -918.005395
v -988.996411 3421.539384 -919.334386
v -995.118517 3436.949854 -893.206244
v -994.098984 3431.052578 -893.815463
v -991.195589 3426.052849 -895.550396
v -986.850370 3422.712691 -898.146898
v -981.724820 3421.539384 -901.209674
v -979.473252 3436.949854 -874.468481
v -978.691877 3431.052578 -875.362927
v -976.466712 3426.052849 -877.910146
v -973.136525 3422.712691 -881.722310
v -969.208286 3421.539384 -886.219085
v -958.803438 3436.949854 -861.482467
v -958.336693 3431.052578 -862.574608
v -957.007576 3426.052849 -865.684756
v -955.018398 3422.712691 -870.339439
v -952.671997 3421.539384 -875.829999
v -935.132357 3436.949854 -855.519366
v -935.025962 3431.052578 -856.702283
v -934.722978 3426.052849 -860.070930
v -934.269529 3422.712691 -865.112489
v -933.734650 3421.539384 -871.059406
v -910.777138 3436.949854 -857.162871
v -911.041491 3431.052578 -858.320768
v -911.794296 3426.052849 -861.618183
v -912.920983 3422.712691 -866.553100
v -914.249983 3421.539384 -872.374234
v -888.121814 3436.949854 -866.252121
v -888.731023 3431.052578 -867.271659
v -890.465966 3426.052849 -870.175040
v -893.062449 3422.712691 -874.520281
v -896.125281 3421.539384 -879.645831
v -869.384078 3436.949854 -881.897398
v -870.278520 3431.052578 -882.678764
v -872.825743 3426.052849 -884.903938
v -876.637892 3422.712691 -888.234133
v -881.134663 3421.539384 -892.162372
v -856.398026 3436.949854 -902.567218
v -857.490168 3431.052578 -903.033944
v -860.600336 3426.052849 -904.363063
v -865.255000 3422.712691 -906.352240
v -870.745584 3421.539384 -908.698633
v -850.434956 3436.949854 -926.238274
v -851.617854 3431.052578 -926.344667
v -854.986501 3426.052849 -926.647651
v -860.028067 3422.712691 -927.101129
v -865.974979 3421.539384 -927.636008
v -852.078411 3570.607337 -950.593516
v -853.236310 3576.505240 -950.329145
v -856.533729 3581.504028 -949.576349
v -861.468658 3584.845128 -948.449682
v -867.289778 3586.018434 -947.120690
v -861.167661 3570.607337 -973.248850
v -862.187214 3576.505240 -972.639623
v -865.090599 3581.504028 -970.904699
v -869.435807 3584.845128 -968.308214
v -874.561386 3586.018434 -965.245422
v -876.812930 3570.607337 -991.986567
v -877.594322 3576.505240 -991.092145
v -879.819468 3581.504028 -988.544920
v -883.149664 3584.845128 -984.732771
v -887.077914 3586.018434 -980.235982
v -897.482767 3570.607337 -1004.972638
v -897.949512 3576.505240 -1003.880498
v -899.278630 3581.504028 -1000.770331
v -901.267809 3584.845128 -996.115648
v -903.614210 3586.018434 -990.625083
v -921.153848 3570.607337 -1010.935749
v -921.260244 3576.505240 -1009.752814
v -921.563226 3581.504028 -1006.384185
v -922.016681 3584.845128 -1001.342561
v -922.551560 3586.018434 -995.395649
v -945.509085 3570.607337 -1009.292236
v -945.244715 3576.505240 -1008.134338
v -944.491909 3581.504028 -1004.836918
v -943.365242 3584.845128 -999.901989
v -942.036242 3586.018434 -994.080850
v -968.164415 3570.607337 -1000.202931
v -967.555183 3576.505240 -999.183433
v -965.820261 3581.504028 -996.280030
v -963.223757 3584.845128 -991.934820
v -960.160974 3586.018434 -986.809242
v -986.902159 3570.607337 -984.557664
v -986.007708 3576.505240 -983.776288
v -983.460503 3581.504028 -981.551125
v -979.648325 3584.845128 -978.220946
v -975.151566 3586.018434 -974.292679
v -999.888180 3570.607337 -963.887869
v -998.796040 3576.505240 -963.421124
v -995.685881 3581.504028 -962.092016
v -991.031208 3584.845128 -960.102838
v -985.540646 3586.018434 -957.756409
v -1005.851292 3570.607337 -940.216779
v -1004.668375 3576.505240 -940.110385
v -1001.299709 3581.504028 -939.807399
v -996.258150 3584.845128 -939.353950
v -990.311238 3586.018434 -938.819071
v -1004.207777 3570.607337 -915.861569
v -1003.049880 3576.505240 -916.125922
v -999.752469 3581.504028 -916.878728
v -994.817549 3584.845128 -918.005395
v -988.996411 3586.018434 -919.334386
v -995.118517 3570.607337 -893.206244
v -994.098984 3576.505240 -893.815463
v -991.195589 3581.504028 -895.550396
v -986.850370 3584.845128 -898.146898
v -981.724820 3586.018434 -901.209674
v -979.473252 3570.607337 -874.468481
v -978.691877 3576.505240 -875.362927
v -976.466712 3581.504028 -877.910146
v -973.136525 3584.845128 -881.722310
v -969.208286 3586.018434 -886.219085
v -958.803438 3570.607337 -861.482467
v -958.336693 3576.505240 -862.574608
v -957.007576 3581.504028 -865.684756
v -955.018398 3584.845128 -870.339439
v -952.671997 3586.018434 -875.829999
v -935.132357 3570.607337 -855.519366
v -935.025962 3576.505240 -856.702283
v -934.722978 3581.504028 -860.070930
v -934.269529 3584.845128 -865.112489
v -933.734650 3586.018434 -871.059406
v -910.777138 3570.607337 -857.162871
v -911.041491 3576.505240 -858.320768
v -911.794296 3581.504028 -861.618183
v -912.920983 3584.845128 -866.553100
v -914.249983 3586.018434 -872.374234
v -888.121814 3570.607337 -866.252121
v -888.731023 3576.505240 -867.271659
v -890.465966 3581.504028 -870.175040
v -893.062449 3584.845128 -874.520281
v -896.125281 3586.018434 -879.645831
v -869.384078 3570.607337 -881.897398
v -870.278520 3576.505240 -882.678764
v -872.825743 3581.504028 -884.903938
v -876.637892 3584.845128 -888.234133
v -881.134663 3586.018434 -892.162372
v -856.398026 3570.607337 -902.567218
v -857.490168 3576.505240 -903.033944
v -860.600336 3581.504028 -904.363063
v -865.255000 3584.845128 -906.352240
v -870.745584 3586.018434 -908.698633
v -850.434956 3570.607337 -926.238274
v -851.617854 3576.505240 -926.344667
v -854.986501 3581.504028 -926.647651
v -860.028067 3584.845128 -927.101129
v -865.974979 3586.018434 -927.636008
v -874.561386 3608.297452 -965.245422
v -867.289778 3608.297452 -947.120690
v -887.077914 3608.297452 -980.235982
v -903.614210 3608.297452 -990.625083
v -922.551560 3608.297452 -995.395649
v -942.036224 3608.297452 -994.081054
v -960.160984 3608.297452 -986.809131
v -975.151583 3608.297452 -974.292494
v -985.540646 3608.297452 -957.756409
v -990.311238 3608.297452 -938.819071
v -988.996411 3608.297452 -919.334386
v -981.724802 3608.297452 -901.209878
v -969.208267 3608.297452 -886.219289
v -952.671997 3608.297452 -875.829999
v -933.734650 3608.297452 -871.059406
v -914.249983 3608.297452 -872.374234
v -896.125281 3608.297452 -879.645831
v -881.134663 3608.297452 -892.162372
v -870.745584 3608.297452 -908.698633
v -865.974979 3608.297452 -927.636008
v -880.846246 3608.297452 -961.489860
v -874.427578 3608.297452 -945.491087
v -891.894642 3608.297452 -974.722134
v -906.491328 3608.297452 -983.892610
v -923.207458 3608.297452 -988.103638
v -940.406632 3608.297452 -986.943236
v -956.405391 3608.297452 -980.524305
v -969.637726 3608.297452 -969.475747
v -978.808211 3608.297452 -954.879267
v -983.019224 3608.297452 -938.163210
v -981.858630 3608.297452 -920.963991
v -975.439953 3608.297452 -904.965414
v -964.391495 3608.297452 -891.733106
v -949.794846 3608.297452 -882.562433
v -933.078790 3608.297452 -878.351406
v -915.879579 3608.297452 -879.512015
v -899.880805 3608.297452 -885.930697
v -886.648528 3608.297452 -896.979121
v -877.478058 3608.297452 -911.575751
v -873.266974 3608.297452 -928.291867
v -880.846339 3598.432581 -961.489868
v -874.427700 3598.432581 -945.490977
v -928.143121 3598.433208 -933.227555
v -891.894697 3598.432581 -974.722139
v -906.491370 3598.432581 -983.892557
v -923.207446 3598.432581 -988.103562
v -940.406577 3598.432581 -986.943231
v -956.405323 3598.432581 -980.524224
v -969.637659 3598.432581 -969.475554
v -978.808120 3598.432581 -954.879147
v -983.019104 3598.432581 -938.163199
v -981.858518 3598.432581 -920.964093
v -975.439851 3598.432581 -904.965516
v -964.391458 3598.432581 -891.733103
v -949.794804 3598.432581 -882.562485
v -933.078794 3598.432581 -878.351570
v -915.879608 3598.432581 -879.512102
v -899.880874 3598.432581 -885.930759
v -886.648598 3598.432581 -896.979183
v -877.478150 3598.432581 -911.575759
v -873.267096 3598.432581 -928.291757
vt 0.387500 0.347635
vt 0.375000 0.652364
vt 0.400000 0.347634
vt 0.387500 0.652364
vt 0.412500 0.347635
vt 0.400000 0.652364
vt 0.425000 0.347635
vt 0.412500 0.652364
vt 0.437500 0.347635
vt 0.425000 0.652364
vt 0.450000 0.347635
vt 0.437500 0.652364
vt 0.462500 0.347635
vt 0.450000 0.652364
vt 0.475000 0.347635
vt 0.462500 0.652364
vt 0.487500 0.347635
vt 0.475000 0.652364
vt 0.500000 0.347635
vt 0.487500 0.652364
vt 0.512500 0.347635
vt 0.500000 0.652364
vt 0.525000 0.347635
vt 0.512500 0.652364
vt 0.537500 0.347635
vt 0.525000 0.652364
vt 0.550000 0.347635
vt 0.537500 0.652364
vt 0.562500 0.347635
vt 0.550000 0.652364
vt 0.575000 0.347635
vt 0.562500 0.652364
vt 0.587500 0.347635
vt 0.575000 0.652364
vt 0.600000 0.347635
vt 0.587500 0.652364
vt 0.612500 0.347635
vt 0.600000 0.652364
vt 0.625000 0.347635
vt 0.612500 0.652364
vt 0.618885 0.117622
vt 0.601130 0.082775
vt 0.573475 0.055120
vt 0.538628 0.037365
vt 0.500000 0.031247
vt 0.461372 0.037365
vt 0.426525 0.055120
vt 0.398870 0.082775
vt 0.381115 0.117622
vt 0.374997 0.156250
vt 0.381115 0.194878
vt 0.398870 0.229725
vt 0.426525 0.257380
vt 0.461372 0.275135
vt 0.500000 0.281253
vt 0.538628 0.275135
vt 0.573475 0.257380
vt 0.601130 0.229725
vt 0.618885 0.194878
vt 0.500000 0.156250
vt 0.625003 0.156250
vt 0.601130 0.917225
vt 0.573475 0.944880
vt 0.538628 0.962635
vt 0.500000 0.968753
vt 0.461372 0.962635
vt 0.426525 0.944880
vt 0.398870 0.917225
vt 0.381115 0.882378
vt 0.374997 0.843750
vt 0.381115 0.805122
vt 0.398870 0.770275
vt 0.426525 0.742620
vt 0.461372 0.724865
vt 0.500000 0.718747
vt 0.538628 0.724865
vt 0.573475 0.742620
vt 0.601130 0.770275
vt 0.618885 0.805122
vt 0.625003 0.843750
vt 0.618885 0.882378
vt 0.500000 0.843750
vt 0.375000 0.347634
vt 0.625000 0.652364
vt 0.625000 0.330228
vt 0.375000 0.330228
vt 0.625000 0.312500
vt 0.648603 0.107966
vt 0.375000 0.312500
vt 0.633946 0.112728
vt 0.387500 0.330454
vt 0.626409 0.064408
vt 0.387500 0.312500
vt 0.613942 0.073467
vt 0.400000 0.330459
vt 0.591842 0.029841
vt 0.400000 0.312500
vt 0.582783 0.042308
vt 0.412500 0.330459
vt 0.548284 0.007647
vt 0.412500 0.312500
vt 0.543522 0.022304
vt 0.425000 0.330459
vt 0.500000 -0.000000
vt 0.425000 0.312500
vt 0.500000 0.015410
vt 0.437500 0.330459
vt 0.451716 0.007647
vt 0.437500 0.312500
vt 0.456478 0.022304
vt 0.450000 0.330459
vt 0.408159 0.029841
vt 0.450000 0.312500
vt 0.417217 0.042308
vt 0.462500 0.330459
vt 0.373591 0.064409
vt 0.462500 0.312500
vt 0.386058 0.073467
vt 0.475000 0.330459
vt 0.351397 0.107966
vt 0.475000 0.312500
vt 0.366054 0.112728
vt 0.487500 0.330459
vt 0.343750 0.156250
vt 0.487500 0.312500
vt 0.359161 0.156250
vt 0.500000 0.330459
vt 0.351397 0.204534
vt 0.500000 0.312500
vt 0.366054 0.199772
vt 0.512500 0.330459
vt 0.373591 0.248091
vt 0.512500 0.312500
vt 0.386058 0.239033
vt 0.525000 0.330459
vt 0.408159 0.282659
vt 0.525000 0.312500
vt 0.417217 0.270192
vt 0.537500 0.330459
vt 0.451716 0.304853
vt 0.537500 0.312500
vt 0.456478 0.290196
vt 0.550000 0.330459
vt 0.500000 0.312500
vt 0.550000 0.312500
vt 0.500000 0.297090
vt 0.562500 0.330459
vt 0.548284 0.304853
vt 0.562500 0.312500
vt 0.543522 0.290196
vt 0.575000 0.330459
vt 0.591841 0.282659
vt 0.575000 0.312500
vt 0.582783 0.270192
vt 0.587500 0.330459
vt 0.626409 0.248091
vt 0.587500 0.312500
vt 0.613942 0.239033
vt 0.600000 0.330459
vt 0.648603 0.204534
vt 0.600000 0.312500
vt 0.633946 0.199772
vt 0.612500 0.330454
vt 0.656250 0.156250
vt 0.612500 0.312500
vt 0.640839 0.156250
vt 0.375000 0.669771
vt 0.625000 0.669771
vt 0.375000 0.687500
vt 0.648603 0.892034
vt 0.625000 0.687500
vt 0.633946 0.887272
vt 0.387500 0.669546
vt 0.387500 0.687500
vt 0.626409 0.935591
vt 0.613942 0.926533
vt 0.400000 0.669540
vt 0.400000 0.687500
vt 0.591841 0.970159
vt 0.582783 0.957692
vt 0.412500 0.669540
vt 0.412500 0.687500
vt 0.548284 0.992353
vt 0.543522 0.977696
vt 0.425000 0.669540
vt 0.425000 0.687500
vt 0.500000 1.000000
vt 0.500000 0.984589
vt 0.437500 0.669540
vt 0.437500 0.687500
vt 0.451716 0.992353
vt 0.456478 0.977696
vt 0.450000 0.669540
vt 0.450000 0.687500
vt 0.408159 0.970159
vt 0.417217 0.957692
vt 0.462500 0.669540
vt 0.462500 0.687500
vt 0.373591 0.935591
vt 0.386058 0.926533
vt 0.475000 0.669540
vt 0.475000 0.687500
vt 0.351397 0.892034
vt 0.366054 0.887272
vt 0.487500 0.669540
vt 0.487500 0.687500
vt 0.343750 0.843750
vt 0.359161 0.843750
vt 0.500000 0.669540
vt 0.500000 0.687500
vt 0.351397 0.795466
vt 0.366054 0.800228
vt 0.512500 0.669540
vt 0.512500 0.687500
vt 0.373591 0.751909
vt 0.386058 0.760967
vt 0.525000 0.669540
vt 0.525000 0.687500
vt 0.408159 0.717341
vt 0.417217 0.729808
vt 0.537500 0.669540
vt 0.537500 0.687500
vt 0.451716 0.695147
vt 0.456478 0.709804
vt 0.550000 0.669540
vt 0.550000 0.687500
vt 0.500000 0.687500
vt 0.500000 0.702910
vt 0.562500 0.669540
vt 0.562500 0.687500
vt 0.548284 0.695147
vt 0.543522 0.709804
vt 0.575000 0.669540
vt 0.575000 0.687500
vt 0.591842 0.717341
vt 0.582784 0.729808
vt 0.587500 0.669540
vt 0.587500 0.687500
vt 0.626409 0.751908
vt 0.613942 0.760967
vt 0.600000 0.669540
vt 0.600000 0.687500
vt 0.648603 0.795466
vt 0.633946 0.800228
vt 0.612500 0.669546
vt 0.656250 0.843750
vt 0.612500 0.687500
vt 0.640839 0.843750
vt 0.618885 0.882378
vt 0.601130 0.917225
vt 0.573475 0.944880
vt 0.538628 0.962635
vt 0.500000 0.968753
vt 0.461372 0.962635
vt 0.426525 0.944880
vt 0.398870 0.917225
vt 0.381115 0.882378
vt 0.374997 0.843750
vt 0.381115 0.805122
vt 0.398870 0.770275
vt 0.426525 0.742620
vt 0.461372 0.724865
vt 0.500000 0.718747
vt 0.538628 0.724865
vt 0.573475 0.742620
vt 0.601130 0.770275
vt 0.618885 0.805122
vt 0.625003 0.843750
vt 0.618885 0.882378
vt 0.601130 0.917225
vt 0.573475 0.944880
vt 0.538628 0.962635
vt 0.500000 0.968753
vt 0.461372 0.962635
vt 0.426525 0.944880
vt 0.398870 0.917225
vt 0.381115 0.882378
vt 0.374997 0.843750
vt 0.381115 0.805122
vt 0.398870 0.770275
vt 0.426525 0.742620
vt 0.461372 0.724865
vt 0.500000 0.718747
vt 0.538628 0.724865
vt 0.573475 0.742620
vt 0.601130 0.770275
vt 0.618885 0.805122
vt 0.625003 0.843750
vt 0.618885 0.882378
vt 0.601130 0.917225
vt 0.573475 0.944880
vt 0.538628 0.962635
vt 0.500000 0.968753
vt 0.461372 0.962635
vt 0.426525 0.944880
vt 0.398870 0.917225
vt 0.381115 0.882378
vt 0.374997 0.843750
vt 0.381115 0.805122
vt 0.398870 0.770275
vt 0.426525 0.742620
vt 0.461372 0.724865
vt 0.500000 0.718747
vt 0.538628 0.724865
vt 0.573475 0.742620
vt 0.601130 0.770275
vt 0.618885 0.805122
vt 0.625003 0.843750
vn 0.974882 -0.008281 -0.222569
vn 0.858389 -0.008281 -0.512932
vn 0.858389 0.008281 -0.512932
vn 0.974882 0.008281 -0.222569
vn 0.657872 -0.008281 -0.753084
vn 0.657872 0.008281 -0.753084
vn 0.392958 -0.008281 -0.919519
vn 0.392958 0.008281 -0.919519
vn 0.089578 -0.008281 -0.995945
vn 0.089578 0.008281 -0.995945
vn -0.222572 -0.008281 -0.974881
vn -0.222572 0.008281 -0.974881
vn -0.512933 -0.008281 -0.858389
vn -0.512933 0.008281 -0.858389
vn -0.753084 -0.008281 -0.657872
vn -0.753084 0.008281 -0.657872
vn -0.919519 -0.008281 -0.392958
vn -0.919519 0.008281 -0.392958
vn -0.995945 -0.008281 -0.089578
vn -0.995945 0.008281 -0.089578
vn -0.974881 -0.008281 0.222571
vn -0.974881 0.008281 0.222571
vn -0.858389 -0.008281 0.512932
vn -0.858389 0.008281 0.512932
vn -0.657872 -0.008281 0.753084
vn -0.657872 0.008281 0.753084
vn -0.392957 -0.008281 0.919519
vn -0.392957 0.008281 0.919519
vn -0.089578 -0.008281 0.995945
vn -0.089578 0.008281 0.995945
vn 0.222571 -0.008281 0.974881
vn 0.222571 0.008281 0.974881
vn 0.512932 -0.008281 0.858389
vn 0.512932 0.008281 0.858389
vn 0.753084 -0.008281 0.657872
vn 0.753084 0.008281 0.657872
vn 0.919519 -0.008281 0.392958
vn 0.919519 0.008281 0.392958
vn 0.995945 -0.008281 0.089578
vn 0.995945 0.008281 0.089578
vn 0.033130 -0.999255 -0.019797
vn 0.037626 -0.999255 -0.008590
vn 0.000000 -1.000000 0.000000
vn 0.025391 -0.999255 -0.029066
vn 0.015166 -0.999255 -0.035490
vn 0.003457 -0.999255 -0.038439
vn -0.008590 -0.999255 -0.037626
vn -0.019797 -0.999255 -0.033130
vn -0.029066 -0.999255 -0.025391
vn -0.035490 -0.999255 -0.015166
vn -0.038439 -0.999255 -0.003457
vn -0.037626 -0.999255 0.008590
vn -0.033130 -0.999255 0.019797
vn -0.025391 -0.999255 0.029066
vn -0.015166 -0.999255 0.035490
vn -0.003457 -0.999255 0.038439
vn 0.008590 -0.999255 0.037626
vn 0.019797 -0.999255 0.033130
vn 0.029066 -0.999255 0.025391
vn 0.035489 -0.999255 0.015166
vn 0.038439 -0.999255 0.003457
vn 0.000011 1.000000 -0.000003
vn 0.000010 1.000000 -0.000006
vn -0.000000 1.000000 0.000000
vn 0.000007 1.000000 -0.000009
vn 0.000004 1.000000 -0.000010
vn 0.000001 1.000000 -0.000011
vn -0.000003 1.000000 -0.000011
vn -0.000006 1.000000 -0.000010
vn -0.000009 1.000000 -0.000007
vn -0.000010 1.000000 -0.000004
vn -0.000011 1.000000 -0.000001
vn -0.000011 1.000000 0.000003
vn -0.000010 1.000000 0.000006
vn -0.000008 1.000000 0.000009
vn -0.000004 1.000000 0.000010
vn -0.000001 1.000000 0.000011
vn 0.000003 1.000000 0.000011
vn 0.000006 1.000000 0.000010
vn 0.000009 1.000000 0.000007
vn 0.000010 1.000000 0.000005
vn 0.000011 1.000000 0.000001
vn 0.392502 -0.915376 -0.089610
vn 0.345600 -0.915375 -0.206514
vn 0.698865 -0.697231 -0.159554
vn 0.615355 -0.697230 -0.367707
vn 0.903159 -0.376546 -0.206195
vn 0.795237 -0.376547 -0.475195
vn 0.264869 -0.915376 -0.303203
vn 0.471610 -0.697230 -0.539865
vn 0.609472 -0.376546 -0.697680
vn 0.158210 -0.915376 -0.370211
vn 0.281700 -0.697232 -0.659176
vn 0.364047 -0.376546 -0.851870
vn 0.036065 -0.915376 -0.400981
vn 0.064216 -0.697232 -0.713964
vn 0.082987 -0.376547 -0.922673
vn -0.089610 -0.915376 -0.392501
vn -0.159555 -0.697231 -0.698864
vn -0.206196 -0.376546 -0.903159
vn -0.206514 -0.915375 -0.345600
vn -0.367707 -0.697231 -0.615354
vn -0.475196 -0.376546 -0.795237
vn -0.303203 -0.915376 -0.264869
vn -0.539865 -0.697230 -0.471610
vn -0.697680 -0.376546 -0.609472
vn -0.370212 -0.915376 -0.158210
vn -0.659177 -0.697231 -0.281700
vn -0.851870 -0.376546 -0.364047
vn -0.400982 -0.915376 -0.036065
vn -0.713964 -0.697231 -0.064216
vn -0.922673 -0.376547 -0.082987
vn -0.392502 -0.915375 0.089610
vn -0.698864 -0.697231 0.159555
vn -0.903159 -0.376547 0.206196
vn -0.345601 -0.915375 0.206514
vn -0.615355 -0.697231 0.367707
vn -0.795237 -0.376546 0.475196
vn -0.264869 -0.915375 0.303203
vn -0.471610 -0.697231 0.539864
vn -0.609472 -0.376546 0.697680
vn -0.158210 -0.915376 0.370212
vn -0.281700 -0.697231 0.659177
vn -0.364047 -0.376546 0.851870
vn -0.036065 -0.915376 0.400982
vn -0.064215 -0.697231 0.713965
vn -0.082987 -0.376546 0.922673
vn 0.089610 -0.915376 0.392502
vn 0.159555 -0.697231 0.698865
vn 0.206196 -0.376546 0.903159
vn 0.206514 -0.915376 0.345600
vn 0.367706 -0.697231 0.615355
vn 0.475196 -0.376546 0.795237
vn 0.303203 -0.915376 0.264869
vn 0.539864 -0.697231 0.471610
vn 0.697680 -0.376546 0.609472
vn 0.370212 -0.915376 0.158210
vn 0.659177 -0.697231 0.281700
vn 0.851870 -0.376546 0.364047
vn 0.400982 -0.915376 0.036065
vn 0.713964 -0.697231 0.064216
vn 0.922673 -0.376546 0.082988
vn 0.392574 0.915343 -0.089626
vn 0.187979 0.981235 -0.042916
vn 0.192041 0.981235 0.017273
vn 0.401056 0.915343 0.036072
vn 0.698857 0.697239 -0.159552
vn 0.713956 0.697239 0.064215
vn 0.903157 0.376553 -0.206194
vn 0.922671 0.376552 0.082987
vn 0.345664 0.915343 -0.206552
vn 0.165516 0.981235 -0.098905
vn 0.615349 0.697238 -0.367703
vn 0.795235 0.376553 -0.475194
vn 0.264918 0.915343 -0.303259
vn 0.126852 0.981235 -0.145211
vn 0.471605 0.697238 -0.539859
vn 0.609470 0.376552 -0.697678
vn 0.158239 0.915343 -0.370280
vn 0.075771 0.981235 -0.177304
vn 0.281697 0.697240 -0.659169
vn 0.364047 0.376553 -0.851867
vn 0.036072 0.915344 -0.401055
vn 0.017273 0.981235 -0.192041
vn 0.064215 0.697240 -0.713956
vn 0.082987 0.376553 -0.922670
vn -0.089627 0.915343 -0.392574
vn -0.042916 0.981235 -0.187979
vn -0.159553 0.697239 -0.698856
vn -0.206196 0.376553 -0.903156
vn -0.206552 0.915343 -0.345664
vn -0.098905 0.981235 -0.165516
vn -0.367703 0.697239 -0.615348
vn -0.475195 0.376552 -0.795235
vn -0.303259 0.915343 -0.264918
vn -0.145211 0.981235 -0.126852
vn -0.539859 0.697239 -0.471604
vn -0.697678 0.376552 -0.609470
vn -0.370280 0.915343 -0.158239
vn -0.177304 0.981235 -0.075771
vn -0.659170 0.697239 -0.281697
vn -0.851868 0.376552 -0.364046
vn -0.401056 0.915343 -0.036072
vn -0.192041 0.981235 -0.017273
vn -0.713956 0.697239 -0.064215
vn -0.922671 0.376553 -0.082987
vn -0.392574 0.915343 0.089627
vn -0.187979 0.981235 0.042917
vn -0.698857 0.697239 0.159553
vn -0.903156 0.376553 0.206196
vn -0.345664 0.915343 0.206552
vn -0.165517 0.981235 0.098905
vn -0.615348 0.697239 0.367702
vn -0.795235 0.376552 0.475194
vn -0.264918 0.915343 0.303259
vn -0.126852 0.981235 0.145212
vn -0.471604 0.697239 0.539859
vn -0.609470 0.376553 0.697678
vn -0.158240 0.915343 0.370280
vn -0.075771 0.981235 0.177304
vn -0.281697 0.697239 0.659170
vn -0.364046 0.376552 0.851868
vn -0.036072 0.915343 0.401056
vn -0.017273 0.981235 0.192041
vn -0.064215 0.697239 0.713957
vn -0.082987 0.376553 0.922671
vn 0.089627 0.915343 0.392574
vn 0.042917 0.981235 0.187979
vn 0.159553 0.697239 0.698857
vn 0.206195 0.376552 0.903157
vn 0.206552 0.915343 0.345664
vn 0.098905 0.981235 0.165517
vn 0.367702 0.697239 0.615348
vn 0.475195 0.376552 0.795235
vn 0.303259 0.915343 0.264918
vn 0.145211 0.981235 0.126852
vn 0.539859 0.697239 0.471604
vn 0.697678 0.376552 0.609470
vn 0.370281 0.915343 0.158240
vn 0.177304 0.981235 0.075771
vn 0.659170 0.697239 0.281697
vn 0.851868 0.376552 0.364046
vn 0.974915 0.000000 -0.222578
vn 0.858418 0.000000 -0.512950
vn 0.858418 0.000000 -0.512950
vn 0.974915 0.000000 -0.222578
vn 0.657894 0.000000 -0.753110
vn 0.657894 0.000000 -0.753110
vn 0.392970 0.000000 -0.919551
vn 0.392970 0.000000 -0.919551
vn 0.089583 -0.000002 -0.995979
vn 0.089583 -0.000002 -0.995979
vn -0.222579 -0.000003 -0.974915
vn -0.222579 -0.000003 -0.974915
vn -0.512954 0.000001 -0.858416
vn -0.512954 0.000001 -0.858416
vn -0.753109 0.000003 -0.657896
vn -0.753110 0.000003 -0.657894
vn -0.919551 0.000001 -0.392971
vn -0.919551 0.000001 -0.392971
vn -0.995980 0.000000 -0.089581
vn -0.995980 0.000000 -0.089581
vn -0.974915 0.000001 0.222579
vn -0.974915 0.000001 0.222579
vn -0.858417 0.000004 0.512952
vn -0.858418 0.000004 0.512951
vn -0.657896 0.000005 0.753109
vn -0.657896 0.000005 0.753108
vn -0.392973 0.000002 0.919550
vn -0.392973 0.000002 0.919550
vn -0.089581 0.000000 0.995980
vn -0.089581 0.000000 0.995980
vn 0.222578 0.000000 0.974915
vn 0.222578 0.000000 0.974915
vn 0.512950 0.000000 0.858419
vn 0.512950 0.000000 0.858419
vn 0.753110 0.000000 0.657895
vn 0.753110 0.000000 0.657895
vn 0.919551 0.000000 0.392971
vn 0.919551 0.000000 0.392971
vn 0.995979 0.000000 0.089582
vn 0.995979 0.000000 0.089582
vn 0.000000 1.000000 -0.000000
vn 0.000000 1.000000 -0.000001
vn 0.000000 1.000000 -0.000001
vn 0.000000 1.000000 -0.000000
vn 0.000000 1.000000 -0.000001
vn 0.000000 1.000000 -0.000001
vn 0.000000 1.000000 -0.000000
vn 0.000000 1.000000 -0.000000
vn 0.000000 1.000000 -0.000000
vn 0.000000 1.000000 -0.000000
vn 0.000000 1.000000 -0.000001
vn 0.000000 1.000000 -0.000001
vn 0.000000 1.000000 -0.000000
vn 0.000000 1.000000 -0.000000
vn -0.000000 1.000000 0.000000
vn -0.000000 1.000000 0.000000
vn -0.000000 1.000000 0.000000
vn -0.000000 1.000000 0.000000
vn 0.000000 1.000000 -0.000000
vn 0.000000 1.000000 -0.000000
vn 0.000000 1.000000 -0.000000
vn 0.000000 1.000000 -0.000000
vn 0.000000 1.000000 -0.000000
vn 0.000000 1.000000 -0.000000
vn 0.000000 1.000000 -0.000000
vn -0.000000 1.000000 0.000000
vn -0.000000 1.000000 0.000001
vn -0.000000 1.000000 0.000001
vn -0.000000 1.000000 0.000000
vn -0.000000 1.000000 0.000000
vn 0.000000 1.000000 -0.000000
vn 0.000000 1.000000 -0.000000
vn 0.000000 1.000000 -0.000000
vn 0.000000 1.000000 -0.000000
vn 0.000000 1.000000 0.000000
vn 0.000000 1.000000 0.000000
vn 0.000000 1.000000 0.000000
vn 0.000000 1.000000 0.000000
vn 0.000000 1.000000 -0.000000
vn 0.000000 1.000000 -0.000000
vn -0.974915 0.000013 0.222578
vn -0.858420 0.000009 0.512948
vn -0.858419 0.000009 0.512949
vn -0.974915 0.000013 0.222576
vn -0.657894 0.000005 0.753110
vn -0.657894 0.000005 0.753111
vn -0.392969 0.000006 0.919552
vn -0.392969 0.000006 0.919552
vn -0.089587 0.000006 0.995979
vn -0.089588 0.000006 0.995979
vn 0.222581 0.000005 0.974914
vn 0.222580 0.000005 0.974914
vn 0.512960 0.000011 0.858412
vn 0.512960 0.000011 0.858412
vn 0.753109 0.000015 0.657896
vn 0.753110 0.000015 0.657894
vn 0.919550 0.000014 0.392973
vn 0.919551 0.000014 0.392972
vn 0.995980 0.000012 0.089581
vn 0.995980 0.000012 0.089581
vn 0.974914 0.000013 -0.222580
vn 0.974915 0.000013 -0.222579
vn 0.858417 0.000011 -0.512952
vn 0.858418 0.000011 -0.512952
vn 0.657899 0.000007 -0.753106
vn 0.657898 0.000007 -0.753107
vn 0.392974 0.000008 -0.919550
vn 0.392974 0.000008 -0.919550
vn 0.089580 0.000012 -0.995980
vn 0.089580 0.000012 -0.995980
vn -0.222577 0.000011 -0.974915
vn -0.222577 0.000011 -0.974915
vn -0.512951 0.000009 -0.858418
vn -0.512950 0.000009 -0.858418
vn -0.753110 0.000009 -0.657895
vn -0.753110 0.000009 -0.657895
vn -0.919551 0.000009 -0.392972
vn -0.919550 0.000009 -0.392972
vn -0.995980 0.000011 -0.089581
vn -0.995979 0.000011 -0.089583
s 1
g group5 pCylinder22
usemtl initialShadingGroup
f 909/1317/1869 914/1235/1870 1014/1238/1871 1009/1236/1872
f 914/1235/1870 919/1237/1873 1019/1240/1874 1014/1238/1871
f 919/1237/1873 924/1239/1875 1024/1242/1876 1019/1240/1874
f 924/1239/1875 929/1241/1877 1029/1244/1878 1024/1242/1876
f 929/1241/1877 934/1243/1879 1034/1246/1880 1029/1244/1878
f 934/1243/1879 939/1245/1881 1039/1248/1882 1034/1246/1880
f 939/1245/1881 944/1247/1883 1044/1250/1884 1039/1248/1882
f 944/1247/1883 949/1249/1885 1049/1252/1886 1044/1250/1884
f 949/1249/1885 954/1251/1887 1054/1254/1888 1049/1252/1886
f 954/1251/1887 959/1253/1889 1059/1256/1890 1054/1254/1888
f 959/1253/1889 964/1255/1891 1064/1258/1892 1059/1256/1890
f 964/1255/1891 969/1257/1893 1069/1260/1894 1064/1258/1892
f 969/1257/1893 974/1259/1895 1074/1262/1896 1069/1260/1894
f 974/1259/1895 979/1261/1897 1079/1264/1898 1074/1262/1896
f 979/1261/1897 984/1263/1899 1084/1266/1900 1079/1264/1898
f 984/1263/1899 989/1265/1901 1089/1268/1902 1084/1266/1900
f 989/1265/1901 994/1267/1903 1094/1270/1904 1089/1268/1902
f 994/1267/1903 999/1269/1905 1099/1272/1906 1094/1270/1904
f 999/1269/1905 1004/1271/1907 1104/1274/1908 1099/1272/1906
f 1004/1271/1907 909/1273/1869 1009/1318/1872 1104/1274/1908
f 918/1276/1909 913/1275/1910 908/1294/1911
f 923/1277/1912 918/1276/1909 908/1294/1911
f 928/1278/1913 923/1277/1912 908/1294/1911
f 933/1279/1914 928/1278/1913 908/1294/1911
f 938/1280/1915 933/1279/1914 908/1294/1911
f 943/1281/1916 938/1280/1915 908/1294/1911
f 948/1282/1917 943/1281/1916 908/1294/1911
f 953/1283/1918 948/1282/1917 908/1294/1911
f 958/1284/1919 953/1283/1918 908/1294/1911
f 963/1285/1920 958/1284/1919 908/1294/1911
f 968/1286/1921 963/1285/1920 908/1294/1911
f 973/1287/1922 968/1286/1921 908/1294/1911
f 978/1288/1923 973/1287/1922 908/1294/1911
f 983/1289/1924 978/1288/1923 908/1294/1911
f 988/1290/1925 983/1289/1924 908/1294/1911
f 993/1291/1926 988/1290/1925 908/1294/1911
f 998/1292/1927 993/1291/1926 908/1294/1911
f 1003/1293/1928 998/1292/1927 908/1294/1911
f 1008/1295/1929 1003/1293/1928 908/1294/1911
f 913/1275/1910 1008/1295/1929 908/1294/1911
s 3
f 1150/1523/1930 1149/1524/1931 1151/1316/1932
f 1149/1524/1931 1152/1525/1933 1151/1316/1932
f 1152/1525/1933 1153/1526/1934 1151/1316/1932
f 1153/1526/1934 1154/1527/1935 1151/1316/1932
f 1154/1527/1935 1155/1528/1936 1151/1316/1932
f 1155/1528/1936 1156/1529/1937 1151/1316/1932
f 1156/1529/1937 1157/1530/1938 1151/1316/1932
f 1157/1530/1938 1158/1531/1939 1151/1316/1932
f 1158/1531/1939 1159/1532/1940 1151/1316/1932
f 1159/1532/1940 1160/1533/1941 1151/1316/1932
f 1160/1533/1941 1161/1534/1942 1151/1316/1932
f 1161/1534/1942 1162/1535/1943 1151/1316/1932
f 1162/1535/1943 1163/1536/1944 1151/1316/1932
f 1163/1536/1944 1164/1537/1945 1151/1316/1932
f 1164/1537/1945 1165/1538/1946 1151/1316/1932
f 1165/1538/1946 1166/1539/1947 1151/1316/1932
f 1166/1539/1947 1167/1540/1948 1151/1316/1932
f 1167/1540/1948 1168/1541/1949 1151/1316/1932
f 1168/1541/1949 1169/1542/1950 1151/1316/1932
f 1169/1542/1950 1150/1523/1930 1151/1316/1932
s 1
f 912/1324/1951 913/1275/1910 918/1276/1909 917/1328/1952
f 911/1322/1953 912/1324/1951 917/1328/1952 916/1326/1954
f 909/1317/1869 910/1320/1955 915/1325/1956 914/1235/1870
f 910/1320/1955 911/1323/1953 916/1327/1954 915/1325/1956
f 917/1328/1952 918/1276/1909 923/1277/1912 922/1332/1957
f 916/1326/1954 917/1328/1952 922/1332/1957 921/1330/1958
f 914/1235/1870 915/1325/1956 920/1329/1959 919/1237/1873
f 915/1325/1956 916/1327/1954 921/1331/1958 920/1329/1959
f 922/1332/1957 923/1277/1912 928/1278/1913 927/1336/1960
f 921/1330/1958 922/1332/1957 927/1336/1960 926/1334/1961
f 919/1237/1873 920/1329/1959 925/1333/1962 924/1239/1875
f 920/1329/1959 921/1331/1958 926/1335/1961 925/1333/1962
f 927/1336/1960 928/1278/1913 933/1279/1914 932/1340/1963
f 926/1334/1961 927/1336/1960 932/1340/1963 931/1338/1964
f 924/1239/1875 925/1333/1962 930/1337/1965 929/1241/1877
f 925/1333/1962 926/1335/1961 931/1339/1964 930/1337/1965
f 932/1340/1963 933/1279/1914 938/1280/1915 937/1344/1966
f 931/1338/1964 932/1340/1963 937/1344/1966 936/1342/1967
f 929/1241/1877 930/1337/1965 935/1341/1968 934/1243/1879
f 930/1337/1965 931/1339/1964 936/1343/1967 935/1341/1968
f 937/1344/1966 938/1280/1915 943/1281/1916 942/1348/1969
f 936/1342/1967 937/1344/1966 942/1348/1969 941/1346/1970
f 934/1243/1879 935/1341/1968 940/1345/1971 939/1245/1881
f 935/1341/1968 936/1343/1967 941/1347/1970 940/1345/1971
f 942/1348/1969 943/1281/1916 948/1282/1917 947/1352/1972
f 941/1346/1970 942/1348/1969 947/1352/1972 946/1350/1973
f 939/1245/1881 940/1345/1971 945/1349/1974 944/1247/1883
f 940/1345/1971 941/1347/1970 946/1351/1973 945/1349/1974
f 947/1352/1972 948/1282/1917 953/1283/1918 952/1356/1975
f 946/1350/1973 947/1352/1972 952/1356/1975 951/1354/1976
f 944/1247/1883 945/1349/1974 950/1353/1977 949/1249/1885
f 945/1349/1974 946/1351/1973 951/1355/1976 950/1353/1977
f 952/1356/1975 953/1283/1918 958/1284/1919 957/1360/1978
f 951/1354/1976 952/1356/1975 957/1360/1978 956/1358/1979
f 949/1249/1885 950/1353/1977 955/1357/1980 954/1251/1887
f 950/1353/1977 951/1355/1976 956/1359/1979 955/1357/1980
f 957/1360/1978 958/1284/1919 963/1285/1920 962/1364/1981
f 956/1358/1979 957/1360/1978 962/1364/1981 961/1362/1982
f 954/1251/1887 955/1357/1980 960/1361/1983 959/1253/1889
f 955/1357/1980 956/1359/1979 961/1363/1982 960/1361/1983
f 962/1364/1981 963/1285/1920 968/1286/1921 967/1368/1984
f 961/1362/1982 962/1364/1981 967/1368/1984 966/1366/1985
f 959/1253/1889 960/1361/1983 965/1365/1986 964/1255/1891
f 960/1361/1983 961/1363/1982 966/1367/1985 965/1365/1986
f 967/1368/1984 968/1286/1921 973/1287/1922 972/1372/1987
f 966/1366/1985 967/1368/1984 972/1372/1987 971/1370/1988
f 964/1255/1891 965/1365/1986 970/1369/1989 969/1257/1893
f 965/1365/1986 966/1367/1985 971/1371/1988 970/1369/1989
f 972/1372/1987 973/1287/1922 978/1288/1923 977/1376/1990
f 971/1370/1988 972/1372/1987 977/1376/1990 976/1374/1991
f 969/1257/1893 970/1369/1989 975/1373/1992 974/1259/1895
f 970/1369/1989 971/1371/1988 976/1375/1991 975/1373/1992
f 977/1376/1990 978/1288/1923 983/1289/1924 982/1380/1993
f 976/1374/1991 977/1376/1990 982/1380/1993 981/1378/1994
f 974/1259/1895 975/1373/1992 980/1377/1995 979/1261/1897
f 975/1373/1992 976/1375/1991 981/1379/1994 980/1377/1995
f 982/1380/1993 983/1289/1924 988/1290/1925 987/1384/1996
f 981/1378/1994 982/1380/1993 987/1384/1996 986/1382/1997
f 979/1261/1897 980/1377/1995 985/1381/1998 984/1263/1899
f 980/1377/1995 981/1379/1994 986/1383/1997 985/1381/1998
f 987/1384/1996 988/1290/1925 993/1291/1926 992/1388/1999
f 986/1382/1997 987/1384/1996 992/1388/1999 991/1386/2000
f 984/1263/1899 985/1381/1998 990/1385/2001 989/1265/1901
f 985/1381/1998 986/1383/1997 991/1387/2000 990/1385/2001
f 992/1388/1999 993/1291/1926 998/1292/1927 997/1392/2002
f 991/1386/2000 992/1388/1999 997/1392/2002 996/1390/2003
f 989/1265/1901 990/1385/2001 995/1389/2004 994/1267/1903
f 990/1385/2001 991/1387/2000 996/1391/2003 995/1389/2004
f 997/1392/2002 998/1292/1927 1003/1293/1928 1002/1396/2005
f 996/1390/2003 997/1392/2002 1002/1396/2005 1001/1394/2006
f 994/1267/1903 995/1389/2004 1000/1393/2007 999/1269/1905
f 995/1389/2004 996/1391/2003 1001/1395/2006 1000/1393/2007
f 1002/1396/2005 1003/1293/1928 1008/1295/1929 1007/1400/2008
f 1001/1394/2006 1002/1396/2005 1007/1400/2008 1006/1398/2009
f 999/1269/1905 1000/1393/2007 1005/1397/2010 1004/1271/1907
f 1000/1393/2007 1001/1395/2006 1006/1399/2009 1005/1397/2010
f 913/1275/1910 912/1324/1951 1007/1400/2008 1008/1295/1929
f 912/1324/1951 911/1322/1953 1006/1398/2009 1007/1400/2008
f 911/1321/1953 910/1319/1955 1005/1397/2010 1006/1399/2009
f 910/1319/1955 909/1273/1869 1004/1271/1907 1005/1397/2010
f 1012/1406/2011 1013/1315/2012 1108/1314/2013 1107/1482/2014
f 1011/1404/2015 1012/1406/2011 1107/1482/2014 1106/1480/2016
f 1009/1318/1872 1010/1402/2017 1105/1479/2018 1104/1274/1908
f 1010/1402/2017 1011/1405/2015 1106/1481/2016 1105/1479/2018
f 1013/1315/2012 1012/1406/2011 1017/1410/2019 1018/1296/2020
f 1012/1406/2011 1011/1404/2015 1016/1409/2021 1017/1410/2019
f 1011/1403/2015 1010/1401/2017 1015/1407/2022 1016/1408/2021
f 1010/1401/2017 1009/1236/1872 1014/1238/1871 1015/1407/2022
f 1018/1296/2020 1017/1410/2019 1022/1414/2023 1023/1297/2024
f 1017/1410/2019 1016/1409/2021 1021/1413/2025 1022/1414/2023
f 1016/1408/2021 1015/1407/2022 1020/1411/2026 1021/1412/2025
f 1015/1407/2022 1014/1238/1871 1019/1240/1874 1020/1411/2026
f 1023/1297/2024 1022/1414/2023 1027/1418/2027 1028/1298/2028
f 1022/1414/2023 1021/1413/2025 1026/1417/2029 1027/1418/2027
f 1021/1412/2025 1020/1411/2026 1025/1415/2030 1026/1416/2029
f 1020/1411/2026 1019/1240/1874 1024/1242/1876 1025/1415/2030
f 1028/1298/2028 1027/1418/2027 1032/1422/2031 1033/1299/2032
f 1027/1418/2027 1026/1417/2029 1031/1421/2033 1032/1422/2031
f 1026/1416/2029 1025/1415/2030 1030/1419/2034 1031/1420/2033
f 1025/1415/2030 1024/1242/1876 1029/1244/1878 1030/1419/2034
f 1033/1299/2032 1032/1422/2031 1037/1426/2035 1038/1300/2036
f 1032/1422/2031 1031/1421/2033 1036/1425/2037 1037/1426/2035
f 1031/1420/2033 1030/1419/2034 1035/1423/2038 1036/1424/2037
f 1030/1419/2034 1029/1244/1878 1034/1246/1880 1035/1423/2038
f 1038/1300/2036 1037/1426/2035 1042/1430/2039 1043/1301/2040
f 1037/1426/2035 1036/1425/2037 1041/1429/2041 1042/1430/2039
f 1036/1424/2037 1035/1423/2038 1040/1427/2042 1041/1428/2041
f 1035/1423/2038 1034/1246/1880 1039/1248/1882 1040/1427/2042
f 1043/1301/2040 1042/1430/2039 1047/1434/2043 1048/1302/2044
f 1042/1430/2039 1041/1429/2041 1046/1433/2045 1047/1434/2043
f 1041/1428/2041 1040/1427/2042 1045/1431/2046 1046/1432/2045
f 1040/1427/2042 1039/1248/1882 1044/1250/1884 1045/1431/2046
f 1048/1302/2044 1047/1434/2043 1052/1438/2047 1053/1303/2048
f 1047/1434/2043 1046/1433/2045 1051/1437/2049 1052/1438/2047
f 1046/1432/2045 1045/1431/2046 1050/1435/2050 1051/1436/2049
f 1045/1431/2046 1044/1250/1884 1049/1252/1886 1050/1435/2050
f 1053/1303/2048 1052/1438/2047 1057/1442/2051 1058/1304/2052
f 1052/1438/2047 1051/1437/2049 1056/1441/2053 1057/1442/2051
f 1051/1436/2049 1050/1435/2050 1055/1439/2054 1056/1440/2053
f 1050/1435/2050 1049/1252/1886 1054/1254/1888 1055/1439/2054
f 1058/1304/2052 1057/1442/2051 1062/1446/2055 1063/1305/2056
f 1057/1442/2051 1056/1441/2053 1061/1445/2057 1062/1446/2055
f 1056/1440/2053 1055/1439/2054 1060/1443/2058 1061/1444/2057
f 1055/1439/2054 1054/1254/1888 1059/1256/1890 1060/1443/2058
f 1063/1305/2056 1062/1446/2055 1067/1450/2059 1068/1306/2060
f 1062/1446/2055 1061/1445/2057 1066/1449/2061 1067/1450/2059
f 1061/1444/2057 1060/1443/2058 1065/1447/2062 1066/1448/2061
f 1060/1443/2058 1059/1256/1890 1064/1258/1892 1065/1447/2062
f 1068/1306/2060 1067/1450/2059 1072/1454/2063 1073/1307/2064
f 1067/1450/2059 1066/1449/2061 1071/1453/2065 1072/1454/2063
f 1066/1448/2061 1065/1447/2062 1070/1451/2066 1071/1452/2065
f 1065/1447/2062 1064/1258/1892 1069/1260/1894 1070/1451/2066
f 1073/1307/2064 1072/1454/2063 1077/1458/2067 1078/1308/2068
f 1072/1454/2063 1071/1453/2065 1076/1457/2069 1077/1458/2067
f 1071/1452/2065 1070/1451/2066 1075/1455/2070 1076/1456/2069
f 1070/1451/2066 1069/1260/1894 1074/1262/1896 1075/1455/2070
f 1078/1308/2068 1077/1458/2067 1082/1462/2071 1083/1309/2072
f 1077/1458/2067 1076/1457/2069 1081/1461/2073 1082/1462/2071
f 1076/1456/2069 1075/1455/2070 1080/1459/2074 1081/1460/2073
f 1075/1455/2070 1074/1262/1896 1079/1264/1898 1080/1459/2074
f 1083/1309/2072 1082/1462/2071 1087/1466/2075 1088/1310/2076
f 1082/1462/2071 1081/1461/2073 1086/1465/2077 1087/1466/2075
f 1081/1460/2073 1080/1459/2074 1085/1463/2078 1086/1464/2077
f 1080/1459/2074 1079/1264/1898 1084/1266/1900 1085/1463/2078
f 1088/1310/2076 1087/1466/2075 1092/1470/2079 1093/1311/2080
f 1087/1466/2075 1086/1465/2077 1091/1469/2081 1092/1470/2079
f 1086/1464/2077 1085/1463/2078 1090/1467/2082 1091/1468/2081
f 1085/1463/2078 1084/1266/1900 1089/1268/1902 1090/1467/2082
f 1093/1311/2080 1092/1470/2079 1097/1474/2083 1098/1312/2084
f 1092/1470/2079 1091/1469/2081 1096/1473/2085 1097/1474/2083
f 1091/1468/2081 1090/1467/2082 1095/1471/2086 1096/1472/2085
f 1090/1467/2082 1089/1268/1902 1094/1270/1904 1095/1471/2086
f 1098/1312/2084 1097/1474/2083 1102/1478/2087 1103/1313/2088
f 1097/1474/2083 1096/1473/2085 1101/1477/2089 1102/1478/2087
f 1096/1472/2085 1095/1471/2086 1100/1475/2090 1101/1476/2089
f 1095/1471/2086 1094/1270/1904 1099/1272/1906 1100/1475/2090
f 1103/1313/2088 1102/1478/2087 1107/1482/2014 1108/1314/2013
f 1102/1478/2087 1101/1477/2089 1106/1480/2016 1107/1482/2014
f 1101/1476/2089 1100/1475/2090 1105/1479/2018 1106/1481/2016
f 1100/1475/2090 1099/1272/1906 1104/1274/1908 1105/1479/2018
s 5
f 1013/1315/2091 1018/1296/2092 1109/1484/2093 1110/1483/2094
f 1018/1296/2092 1023/1297/2095 1111/1485/2096 1109/1484/2093
f 1023/1297/2095 1028/1298/2097 1112/1486/2098 1111/1485/2096
f 1028/1298/2097 1033/1299/2099 1113/1487/2100 1112/1486/2098
f 1033/1299/2099 1038/1300/2101 1114/1488/2102 1113/1487/2100
f 1038/1300/2101 1043/1301/2103 1115/1489/2104 1114/1488/2102
f 1043/1301/2103 1048/1302/2105 1116/1490/2106 1115/1489/2104
f 1048/1302/2105 1053/1303/2107 1117/1491/2108 1116/1490/2106
f 1053/1303/2107 1058/1304/2109 1118/1492/2110 1117/1491/2108
f 1058/1304/2109 1063/1305/2111 1119/1493/2112 1118/1492/2110
f 1063/1305/2111 1068/1306/2113 1120/1494/2114 1119/1493/2112
f 1068/1306/2113 1073/1307/2115 1121/1495/2116 1120/1494/2114
f 1073/1307/2115 1078/1308/2117 1122/1496/2118 1121/1495/2116
f 1078/1308/2117 1083/1309/2119 1123/1497/2120 1122/1496/2118
f 1083/1309/2119 1088/1310/2121 1124/1498/2122 1123/1497/2120
f 1088/1310/2121 1093/1311/2123 1125/1499/2124 1124/1498/2122
f 1093/1311/2123 1098/1312/2125 1126/1500/2126 1125/1499/2124
f 1098/1312/2125 1103/1313/2127 1127/1501/2128 1126/1500/2126
f 1103/1313/2127 1108/1314/2129 1128/1502/2130 1127/1501/2128
f 1108/1314/2129 1013/1315/2091 1110/1483/2094 1128/1502/2130
s 6
f 1110/1483/2131 1109/1484/2132 1129/1504/2133 1130/1503/2134
f 1109/1484/2132 1111/1485/2135 1131/1505/2136 1129/1504/2133
f 1111/1485/2135 1112/1486/2137 1132/1506/2138 1131/1505/2136
f 1112/1486/2137 1113/1487/2139 1133/1507/2140 1132/1506/2138
f 1113/1487/2139 1114/1488/2141 1134/1508/2142 1133/1507/2140
f 1114/1488/2141 1115/1489/2143 1135/1509/2144 1134/1508/2142
f 1115/1489/2143 1116/1490/2145 1136/1510/2146 1135/1509/2144
f 1116/1490/2145 1117/1491/2147 1137/1511/2148 1136/1510/2146
f 1117/1491/2147 1118/1492/2149 1138/1512/2150 1137/1511/2148
f 1118/1492/2149 1119/1493/2151 1139/1513/2152 1138/1512/2150
f 1119/1493/2151 1120/1494/2153 1140/1514/2154 1139/1513/2152
f 1120/1494/2153 1121/1495/2155 1141/1515/2156 1140/1514/2154
f 1121/1495/2155 1122/1496/2157 1142/1516/2158 1141/1515/2156
f 1122/1496/2157 1123/1497/2159 1143/1517/2160 1142/1516/2158
f 1123/1497/2159 1124/1498/2161 1144/1518/2162 1143/1517/2160
f 1124/1498/2161 1125/1499/2163 1145/1519/2164 1144/1518/2162
f 1125/1499/2163 1126/1500/2165 1146/1520/2166 1145/1519/2164
f 1126/1500/2165 1127/1501/2167 1147/1521/2168 1146/1520/2166
f 1127/1501/2167 1128/1502/2169 1148/1522/2170 1147/1521/2168
f 1128/1502/2169 1110/1483/2131 1130/1503/2134 1148/1522/2170
s 7
f 1130/1503/2171 1129/1504/2172 1149/1524/2173 1150/1523/2174
f 1129/1504/2172 1131/1505/2175 1152/1525/2176 1149/1524/2173
f 1131/1505/2175 1132/1506/2177 1153/1526/2178 1152/1525/2176
f 1132/1506/2177 1133/1507/2179 1154/1527/2180 1153/1526/2178
f 1133/1507/2179 1134/1508/2181 1155/1528/2182 1154/1527/2180
f 1134/1508/2181 1135/1509/2183 1156/1529/2184 1155/1528/2182
f 1135/1509/2183 1136/1510/2185 1157/1530/2186 1156/1529/2184
f 1136/1510/2185 1137/1511/2187 1158/1531/2188 1157/1530/2186
f 1137/1511/2187 1138/1512/2189 1159/1532/2190 1158/1531/2188
f 1138/1512/2189 1139/1513/2191 1160/1533/2192 1159/1532/2190
f 1139/1513/2191 1140/1514/2193 1161/1534/2194 1160/1533/2192
f 1140/1514/2193 1141/1515/2195 1162/1535/2196 1161/1534/2194
f 1141/1515/2195 1142/1516/2197 1163/1536/2198 1162/1535/2196
f 1142/1516/2197 1143/1517/2199 1164/1537/2200 1163/1536/2198
f 1143/1517/2199 1144/1518/2201 1165/1538/2202 1164/1537/2200
f 1144/1518/2201 1145/1519/2203 1166/1539/2204 1165/1538/2202
f 1145/1519/2203 1146/1520/2205 1167/1540/2206 1166/1539/2204
f 1146/1520/2205 1147/1521/2207 1168/1541/2208 1167/1540/2206
f 1147/1521/2207 1148/1522/2209 1169/1542/2210 1168/1541/2208
f 1148/1522/2209 1130/1503/2171 1150/1523/2174 1169/1542/2210
g default
v -1007.021628 3420.620573 -1058.520836
v -893.292049 3420.620573 -1048.291734
v -1007.021628 3503.397265 -1058.520836
v -893.292049 3503.397265 -1048.291734
v -1000.428990 3503.397265 -1131.819351
v -886.699411 3503.397265 -1121.590250
v -1000.428990 3420.620573 -1131.819351
v -886.699411 3420.620573 -1121.590250
vt 0.375000 0.000000
vt 0.625000 0.000000
vt 0.375000 0.250000
vt 0.625000 0.250000
vt 0.375000 0.500000
vt 0.625000 0.500000
vt 0.375000 0.750000
vt 0.625000 0.750000
vt 0.375000 1.000000
vt 0.625000 1.000000
vt 0.875000 0.000000
vt 0.875000 0.250000
vt 0.125000 0.000000
vt 0.125000 0.250000
vn -0.089581 0.000000 0.995980
vn -0.089581 0.000000 0.995980
vn -0.089581 0.000000 0.995980
vn -0.089581 0.000000 0.995980
vn 0.000000 1.000000 0.000000
vn 0.000000 1.000000 0.000000
vn 0.000000 1.000000 0.000000
vn 0.000000 1.000000 0.000000
vn 0.089581 0.000000 -0.995980
vn 0.089581 0.000000 -0.995980
vn 0.089581 0.000000 -0.995980
vn 0.089581 0.000000 -0.995980
vn 0.000000 -1.000000 0.000000
vn 0.000000 -1.000000 0.000000
vn 0.000000 -1.000000 0.000000
vn 0.000000 -1.000000 0.000000
vn 0.995980 0.000000 0.089581
vn 0.995980 0.000000 0.089581
vn 0.995980 0.000000 0.089581
vn 0.995980 0.000000 0.089581
vn -0.995980 0.000000 -0.089581
vn -0.995980 0.000000 -0.089581
vn -0.995980 0.000000 -0.089581
vn -0.995980 0.000000 -0.089581
s off
g group5 pCube58
usemtl initialShadingGroup
f 1170/1543/2211 1171/1544/2212 1173/1546/2213 1172/1545/2214
f 1172/1545/2215 1173/1546/2216 1175/1548/2217 1174/1547/2218
f 1174/1547/2219 1175/1548/2220 1177/1550/2221 1176/1549/2222
f 1176/1549/2223 1177/1550/2224 1171/1552/2225 1170/1551/2226
f 1171/1544/2227 1177/1553/2228 1175/1554/2229 1173/1546/2230
f 1176/1555/2231 1170/1543/2232 1172/1545/2233 1174/1556/2234
g default
v -2358.991709 3373.510734 -930.594471
v -2268.291430 3373.510734 -922.436678
v -2358.991709 3385.285228 -930.594471
v -2268.291430 3385.285228 -922.436678
v -2358.452873 3385.285228 -936.585373
v -2267.752594 3385.285228 -928.427580
v -2358.452873 3373.510734 -936.585373
v -2267.752594 3373.510734 -928.427580
vt 0.375000 0.000000
vt 0.625000 0.000000
vt 0.375000 0.250000
vt 0.625000 0.250000
vt 0.375000 0.500000
vt 0.625000 0.500000
vt 0.375000 0.750000
vt 0.625000 0.750000
vt 0.375000 1.000000
vt 0.625000 1.000000
vt 0.875000 0.000000
vt 0.875000 0.250000
vt 0.125000 0.000000
vt 0.125000 0.250000
vn -0.089581 0.000000 0.995980
vn -0.089581 0.000000 0.995980
vn -0.089581 0.000000 0.995980
vn -0.089581 0.000000 0.995980
vn 0.000000 1.000000 0.000000
vn 0.000000 1.000000 0.000000
vn 0.000000 1.000000 0.000000
vn 0.000000 1.000000 0.000000
vn 0.089581 0.000000 -0.995980
vn 0.089581 0.000000 -0.995980
vn 0.089581 0.000000 -0.995980
vn 0.089581 0.000000 -0.995980
vn 0.000000 -1.000000 0.000000
vn 0.000000 -1.000000 0.000000
vn 0.000000 -1.000000 0.000000
vn 0.000000 -1.000000 0.000000
vn 0.995980 0.000000 0.089581
vn 0.995980 0.000000 0.089581
vn 0.995980 0.000000 0.089581
vn 0.995980 0.000000 0.089581
vn -0.995980 0.000000 -0.089581
vn -0.995980 0.000000 -0.089581
vn -0.995980 0.000000 -0.089581
vn -0.995980 0.000000 -0.089581
s off
g group5 pCube59
usemtl initialShadingGroup
f 1178/1557/2235 1179/1558/2236 1181/1560/2237 1180/1559/2238
f 1180/1559/2239 1181/1560/2240 1183/1562/2241 1182/1561/2242
f 1182/1561/2243 1183/1562/2244 1185/1564/2245 1184/1563/2246
f 1184/1563/2247 1185/1564/2248 1179/1566/2249 1178/1565/2250
f 1179/1558/2251 1185/1567/2252 1183/1568/2253 1181/1560/2254
f 1184/1569/2255 1178/1557/2256 1180/1559/2257 1182/1570/2258
g default
v -2358.991709 3277.545413 -930.594471
v -2268.291430 3277.545413 -922.436678
v -2358.991709 3289.319907 -930.594471
v -2268.291430 3289.319907 -922.436678
v -2358.452873 3289.319907 -936.585373
v -2267.752594 3289.319907 -928.427580
v -2358.452873 3277.545413 -936.585373
v -2267.752594 3277.545413 -928.427580
vt 0.375000 0.000000
vt 0.625000 0.000000
vt 0.375000 0.250000
vt 0.625000 0.250000
vt 0.375000 0.500000
vt 0.625000 0.500000
vt 0.375000 0.750000
vt 0.625000 0.750000
vt 0.375000 1.000000
vt 0.625000 1.000000
vt 0.875000 0.000000
vt 0.875000 0.250000
vt 0.125000 0.000000
vt 0.125000 0.250000
vn -0.089581 0.000000 0.995980
vn -0.089581 0.000000 0.995980
vn -0.089581 0.000000 0.995980
vn -0.089581 0.000000 0.995980
vn 0.000000 1.000000 0.000000
vn 0.000000 1.000000 0.000000
vn 0.000000 1.000000 0.000000
vn 0.000000 1.000000 0.000000
vn 0.089581 0.000000 -0.995980
vn 0.089581 0.000000 -0.995980
vn 0.089581 0.000000 -0.995980
vn 0.089581 0.000000 -0.995980
vn 0.000000 -1.000000 0.000000
vn 0.000000 -1.000000 0.000000
vn 0.000000 -1.000000 0.000000
vn 0.000000 -1.000000 0.000000
vn 0.995980 0.000000 0.089581
vn 0.995980 0.000000 0.089581
vn 0.995980 0.000000 0.089581
vn 0.995980 0.000000 0.089581
vn -0.995980 0.000000 -0.089581
vn -0.995980 0.000000 -0.089581
vn -0.995980 0.000000 -0.089581
vn -0.995980 0.000000 -0.089581
s off
g group5 pCube60
usemtl initialShadingGroup
f 1186/1571/2259 1187/1572/2260 1189/1574/2261 1188/1573/2262
f 1188/1573/2263 1189/1574/2264 1191/1576/2265 1190/1575/2266
f 1190/1575/2267 1191/1576/2268 1193/1578/2269 1192/1577/2270
f 1192/1577/2271 1193/1578/2272 1187/1580/2273 1186/1579/2274
f 1187/1572/2275 1193/1581/2276 1191/1582/2277 1189/1574/2278
f 1192/1583/2279 1186/1571/2280 1188/1573/2281 1190/1584/2282
g default
v -2358.991709 3179.564883 -930.594471
v -2268.291430 3179.564883 -922.436678
v -2358.991709 3191.339377 -930.594471
v -2268.291430 3191.339377 -922.436678
v -2358.452873 3191.339377 -936.585373
v -2267.752594 3191.339377 -928.427580
v -2358.452873 3179.564883 -936.585373
v -2267.752594 3179.564883 -928.427580
vt 0.375000 0.000000
vt 0.625000 0.000000
vt 0.375000 0.250000
vt 0.625000 0.250000
vt 0.375000 0.500000
vt 0.625000 0.500000
vt 0.375000 0.750000
vt 0.625000 0.750000
vt 0.375000 1.000000
vt 0.625000 1.000000
vt 0.875000 0.000000
vt 0.875000 0.250000
vt 0.125000 0.000000
vt 0.125000 0.250000
vn -0.089581 0.000000 0.995980
vn -0.089581 0.000000 0.995980
vn -0.089581 0.000000 0.995980
vn -0.089581 0.000000 0.995980
vn 0.000000 1.000000 0.000000
vn 0.000000 1.000000 0.000000
vn 0.000000 1.000000 0.000000
vn 0.000000 1.000000 0.000000
vn 0.089581 0.000000 -0.995980
vn 0.089581 0.000000 -0.995980
vn 0.089581 0.000000 -0.995980
vn 0.089581 0.000000 -0.995980
vn 0.000000 -1.000000 0.000000
vn 0.000000 -1.000000 0.000000
vn 0.000000 -1.000000 0.000000
vn 0.000000 -1.000000 0.000000
vn 0.995980 0.000000 0.089581
vn 0.995980 0.000000 0.089581
vn 0.995980 0.000000 0.089581
vn 0.995980 0.000000 0.089581
vn -0.995980 0.000000 -0.089581
vn -0.995980 0.000000 -0.089581
vn -0.995980 0.000000 -0.089581
vn -0.995980 0.000000 -0.089581
s off
g group5 pCube61
usemtl initialShadingGroup
f 1194/1585/2283 1195/1586/2284 1197/1588/2285 1196/1587/2286
f 1196/1587/2287 1197/1588/2288 1199/1590/2289 1198/1589/2290
f 1198/1589/2291 1199/1590/2292 1201/1592/2293 1200/1591/2294
f 1200/1591/2295 1201/1592/2296 1195/1594/2297 1194/1593/2298
f 1195/1586/2299 1201/1595/2300 1199/1596/2301 1197/1588/2302
f 1200/1597/2303 1194/1585/2304 1196/1587/2305 1198/1598/2306
g default
v -2358.991709 3089.457152 -930.594471
v -2268.291430 3089.457152 -922.436678
v -2358.991709 3101.231646 -930.594471
v -2268.291430 3101.231646 -922.436678
v -2358.452873 3101.231646 -936.585373
v -2267.752594 3101.231646 -928.427580
v -2358.452873 3089.457152 -936.585373
v -2267.752594 3089.457152 -928.427580
vt 0.375000 0.000000
vt 0.625000 0.000000
vt 0.375000 0.250000
vt 0.625000 0.250000
vt 0.375000 0.500000
vt 0.625000 0.500000
vt 0.375000 0.750000
vt 0.625000 0.750000
vt 0.375000 1.000000
vt 0.625000 1.000000
vt 0.875000 0.000000
vt 0.875000 0.250000
vt 0.125000 0.000000
vt 0.125000 0.250000
vn -0.089581 0.000000 0.995980
vn -0.089581 0.000000 0.995980
vn -0.089581 0.000000 0.995980
vn -0.089581 0.000000 0.995980
vn 0.000000 1.000000 0.000000
vn 0.000000 1.000000 0.000000
vn 0.000000 1.000000 0.000000
vn 0.000000 1.000000 0.000000
vn 0.089581 0.000000 -0.995980
vn 0.089581 0.000000 -0.995980
vn 0.089581 0.000000 -0.995980
vn 0.089581 0.000000 -0.995980
vn 0.000000 -1.000000 0.000000
vn 0.000000 -1.000000 0.000000
vn 0.000000 -1.000000 0.000000
vn 0.000000 -1.000000 0.000000
vn 0.995980 0.000000 0.089581
vn 0.995980 0.000000 0.089581
vn 0.995980 0.000000 0.089581
vn 0.995980 0.000000 0.089581
vn -0.995980 0.000000 -0.089581
vn -0.995980 0.000000 -0.089581
vn -0.995980 0.000000 -0.089581
vn -0.995980 0.000000 -0.089581
s off
g group5 pCube62
usemtl initialShadingGroup
f 1202/1599/2307 1203/1600/2308 1205/1602/2309 1204/1601/2310
f 1204/1601/2311 1205/1602/2312 1207/1604/2313 1206/1603/2314
f 1206/1603/2315 1207/1604/2316 1209/1606/2317 1208/1605/2318
f 1208/1605/2319 1209/1606/2320 1203/1608/2321 1202/1607/2322
f 1203/1600/2323 1209/1609/2324 1207/1610/2325 1205/1602/2326
f 1208/1611/2327 1202/1599/2328 1204/1601/2329 1206/1612/2330
g default
v -2358.991709 3012.227596 -930.594471
v -2268.291430 3012.227596 -922.436678
v -2358.991709 3024.002090 -930.594471
v -2268.291430 3024.002090 -922.436678
v -2358.452873 3024.002090 -936.585373
v -2267.752594 3024.002090 -928.427580
v -2358.452873 3012.227596 -936.585373
v -2267.752594 3012.227596 -928.427580
vt 0.375000 0.000000
vt 0.625000 0.000000
vt 0.375000 0.250000
vt 0.625000 0.250000
vt 0.375000 0.500000
vt 0.625000 0.500000
vt 0.375000 0.750000
vt 0.625000 0.750000
vt 0.375000 1.000000
vt 0.625000 1.000000
vt 0.875000 0.000000
vt 0.875000 0.250000
vt 0.125000 0.000000
vt 0.125000 0.250000
vn -0.089581 0.000000 0.995980
vn -0.089581 0.000000 0.995980
vn -0.089581 0.000000 0.995980
vn -0.089581 0.000000 0.995980
vn 0.000000 1.000000 0.000000
vn 0.000000 1.000000 0.000000
vn 0.000000 1.000000 0.000000
vn 0.000000 1.000000 0.000000
vn 0.089581 0.000000 -0.995980
vn 0.089581 0.000000 -0.995980
vn 0.089581 0.000000 -0.995980
vn 0.089581 0.000000 -0.995980
vn 0.000000 -1.000000 0.000000
vn 0.000000 -1.000000 0.000000
vn 0.000000 -1.000000 0.000000
vn 0.000000 -1.000000 0.000000
vn 0.995980 0.000000 0.089581
vn 0.995980 0.000000 0.089581
vn 0.995980 0.000000 0.089581
vn 0.995980 0.000000 0.089581
vn -0.995980 0.000000 -0.089581
vn -0.995980 0.000000 -0.089581
vn -0.995980 0.000000 -0.089581
vn -0.995980 0.000000 -0.089581
s off
g group5 pCube63
usemtl initialShadingGroup
f 1210/1613/2331 1211/1614/2332 1213/1616/2333 1212/1615/2334
f 1212/1615/2335 1213/1616/2336 1215/1618/2337 1214/1617/2338
f 1214/1617/2339 1215/1618/2340 1217/1620/2341 1216/1619/2342
f 1216/1619/2343 1217/1620/2344 1211/1622/2345 1210/1621/2346
f 1211/1614/2347 1217/1623/2348 1215/1624/2349 1213/1616/2350
f 1216/1625/2351 1210/1613/2352 1212/1615/2353 1214/1626/2354
g default
v -2070.499885 3811.501472 -986.196291
v -2081.640718 3784.447455 -991.021969
v -2092.472280 3760.420248 -1004.612227
v -2101.934254 3741.771722 -1025.636721
v -2109.100485 3730.327324 -1052.037418
v -2113.269476 3727.207493 -1081.230090
v -2114.033129 3732.717432 -1110.357091
v -2111.316714 3746.317810 -1136.567296
v -2105.386107 3766.677389 -1157.295069
v -2096.821851 3791.803200 -1170.511431
v -2086.462283 3819.235656 -1174.922645
v -2075.321472 3846.289682 -1170.096965
v -2064.489902 3870.316985 -1156.506748
v -2055.027907 3888.965501 -1135.482262
v -2047.861689 3900.409795 -1109.081551
v -2043.692690 3903.529723 -1079.888920
v -2042.929047 3898.019685 -1050.761887
v -2045.645486 3884.419315 -1024.551687
v -2051.576071 3864.059726 -1003.823916
v -2060.140316 3838.934016 -990.607582
v -2065.014890 3809.407915 -995.505916
v -2075.130567 3784.843350 -999.887531
v -2084.965403 3763.027014 -1012.227211
v -2093.556721 3746.094572 -1031.317061
v -2100.063505 3735.703390 -1055.288425
v -2103.848887 3732.870530 -1081.794782
v -2104.542255 3737.873491 -1108.241566
v -2102.075786 3750.222347 -1132.039928
v -2096.690919 3768.708498 -1150.860362
v -2088.914740 3791.522248 -1162.860562
v -2079.508421 3816.430469 -1166.865888
v -2069.392797 3840.994955 -1162.484228
v -2059.557943 3862.811277 -1150.144569
v -2050.966660 3879.743626 -1131.054697
v -2044.459835 3890.134996 -1107.083404
v -2040.674499 3892.967662 -1080.577000
v -2039.981087 3887.964892 -1054.130275
v -2042.447567 3875.615936 -1030.331888
v -2047.832425 3857.129883 -1011.511489
v -2055.608604 3834.316133 -999.511289
v -2060.381158 3807.665709 -1006.857476
v -2069.222565 3786.195545 -1010.687172
v -2077.818525 3767.127365 -1021.472444
v -2085.327604 3752.327826 -1038.157575
v -2091.014734 3743.245693 -1059.109342
v -2094.323288 3740.769588 -1082.276722
v -2094.929296 3745.142384 -1105.392072
v -2092.773568 3755.935688 -1126.192592
v -2088.067022 3772.093114 -1142.642244
v -2081.270367 3792.033131 -1153.130820
v -2073.048972 3813.803698 -1156.631600
v -2064.207510 3835.273945 -1152.801937
v -2055.611562 3854.342023 -1142.016642
v -2048.102507 3869.141569 -1125.331520
v -2042.415346 3878.223790 -1104.379793
v -2039.106828 3880.699800 -1081.212395
v -2038.500764 3876.327087 -1058.097078
v -2040.656515 3865.533792 -1037.296553
v -2045.363116 3849.376283 -1020.846874
v -2052.159738 3829.436357 -1010.358323
v -2056.712680 3806.317928 -1019.971530
v -2064.062150 3788.470796 -1023.154983
v -2071.207574 3772.620288 -1032.120278
v -2077.449516 3760.318143 -1045.989871
v -2082.177016 3752.768454 -1063.406063
v -2084.927212 3750.710314 -1082.664080
v -2085.430998 3754.345110 -1101.878775
v -2083.638990 3763.317165 -1119.169313
v -2079.726629 3776.748162 -1132.843172
v -2074.076930 3793.323252 -1141.561805
v -2067.242848 3811.420162 -1144.471850
v -2059.893367 3829.267393 -1141.288425
v -2052.747977 3845.117809 -1132.323109
v -2046.506015 3857.419943 -1118.453527
v -2041.778562 3864.969647 -1101.037339
v -2039.028323 3867.027767 -1081.779333
v -2038.524560 3863.392979 -1062.564642
v -2040.316511 3854.421008 -1045.274131
v -2044.228874 3840.990008 -1031.600280
v -2049.878606 3824.414829 -1022.881611
v -2054.099907 3805.397601 -1034.525099
v -2059.776438 3791.612982 -1036.983931
v -2065.295376 3779.370383 -1043.908483
v -2070.116502 3769.868496 -1054.621001
v -2073.767861 3764.037440 -1068.072873
v -2075.892086 3762.447650 -1082.947238
v -2076.281180 3765.255195 -1097.788218
v -2074.897091 3772.184949 -1111.142981
v -2071.875326 3782.558589 -1121.704286
v -2067.511607 3795.360865 -1128.438373
v -2062.233147 3809.338496 -1130.686021
v -2056.556616 3823.123116 -1128.227186
v -2051.037667 3835.365605 -1121.302614
v -2046.216521 3844.867482 -1110.590106
v -2042.565175 3850.698644 -1097.138265
v -2040.440939 3852.288324 -1082.263881
v -2040.051858 3849.480886 -1067.422932
v -2041.435946 3842.551134 -1054.068162
v -2044.457733 3832.177502 -1043.506859
v -2048.821431 3819.375216 -1036.772780
v -2052.607083 3804.927512 -1050.159871
v -2056.470934 3795.544668 -1051.833500
v -2060.227499 3787.211616 -1056.546848
v -2063.509095 3780.743960 -1063.838512
v -2065.994438 3776.774958 -1072.994784
v -2067.440353 3775.692825 -1083.119286
v -2067.705196 3777.603786 -1093.221060
v -2066.763100 3782.320625 -1102.311221
v -2064.706250 3789.381717 -1109.499992
v -2061.736049 3798.095695 -1114.083624
v -2058.143135 3807.609873 -1115.613552
v -2054.279284 3816.992717 -1113.939924
v -2050.522687 3825.325858 -1109.226612
v -2047.241103 3831.793414 -1101.934923
v -2044.755773 3835.762523 -1092.778680
v -2043.309847 3836.844547 -1082.654157
v -2043.044994 3834.933684 -1072.552413
v -2043.987123 3830.216754 -1063.462223
v -2046.043972 3823.155663 -1056.273452
v -2049.014238 3814.441504 -1051.689754
v -2052.271012 3804.919116 -1066.490832
v -2054.227003 3800.169258 -1067.338091
v -2056.128744 3795.950740 -1069.724118
v -2057.789961 3792.676625 -1073.415409
v -2059.048161 3790.667281 -1078.050577
v -2059.780092 3790.119576 -1083.175966
v -2059.914198 3791.086943 -1088.289800
v -2059.437233 3793.474817 -1092.891559
v -2058.396004 3797.049328 -1096.530735
v -2056.892378 3801.460666 -1098.851135
v -2055.073568 3806.277011 -1099.625612
v -2053.117522 3811.026950 -1098.778387
v -2051.215836 3815.245386 -1096.392328
v -2049.554565 3818.519583 -1092.701072
v -2048.296431 3820.528744 -1088.065845
v -2047.564435 3821.076631 -1082.940519
v -2047.430384 3820.109181 -1077.826654
v -2047.907294 3817.721389 -1073.224927
v -2048.948577 3814.146796 -1069.585718
v -2050.452182 3809.735448 -1067.265323
v -2053.100007 3805.372678 -1083.115865
v -2067.524094 3810.311829 -984.175504
v -2078.936606 3782.598215 -989.118887
v -2072.258776 3783.006130 -998.217621
v -2061.898504 3808.164569 -993.729952
v -2090.032339 3757.985048 -1003.040500
v -2082.331469 3760.662163 -1010.855721
v -2099.724996 3738.881890 -1024.577641
v -2091.130593 3743.320133 -1030.407229
v -2107.065953 3727.158541 -1051.622098
v -2097.794716 3732.677645 -1054.958342
v -2111.336585 3723.962530 -1081.526554
v -2101.671696 3729.776278 -1082.105742
v -2112.118903 3729.606759 -1111.363723
v -2102.381835 3734.900225 -1109.192120
v -2109.336173 3743.538842 -1138.213062
v -2099.855703 3747.547635 -1133.566034
v -2103.261002 3764.394805 -1159.446231
v -2094.340634 3766.480852 -1152.841618
v -2094.487911 3790.133291 -1172.984857
v -2086.376365 3789.846347 -1165.132050
v -2083.875735 3818.234668 -1177.503644
v -2076.742564 3815.357089 -1169.234263
v -2072.463238 3845.948386 -1172.560305
v -2066.382230 3840.515706 -1164.746673
v -2061.367609 3870.561482 -1158.638678
v -2056.309538 3862.859672 -1152.108576
v -2051.674929 3889.664633 -1137.101534
v -2047.510471 3880.201617 -1132.557047
v -2044.333921 3901.388060 -1110.057128
v -2040.846306 3890.844085 -1108.005950
v -2040.063324 3904.583976 -1080.152653
v -2036.969396 3893.745474 -1080.858556
v -2039.281026 3898.939759 -1050.315470
v -2036.259220 3888.621622 -1053.772194
v -2042.063658 3885.007740 -1023.466174
v -2038.785358 3875.973996 -1029.398255
v -2048.138886 3864.151691 -1002.232984
v -2044.300469 3857.040798 -1010.122661
v -2056.911944 3838.413296 -988.694389
v -2052.264731 3833.675190 -997.832221
v -2066.108436 3784.417372 -1009.470329
v -2057.075908 3806.351646 -1005.557849
v -2074.890212 3764.936995 -1020.488717
v -2082.561592 3749.817594 -1037.534534
v -2088.371685 3740.538987 -1058.939150
v -2091.751749 3738.009521 -1082.607365
v -2092.370854 3742.476780 -1106.222368
v -2090.168558 3753.503439 -1127.472496
v -2085.360231 3770.010112 -1144.277742
v -2078.416696 3790.380985 -1154.993001
v -2070.017545 3812.622262 -1158.569493
v -2060.985050 3834.556445 -1154.656982
v -2052.203239 3854.036915 -1143.638616
v -2044.531874 3869.156212 -1126.592789
v -2038.721793 3878.434717 -1105.188151
v -2035.341742 3880.964289 -1081.519972
v -2034.722550 3876.497202 -1057.905037
v -2036.924975 3865.470392 -1036.654824
v -2041.733227 3848.963789 -1019.849625
v -2048.676783 3828.592717 -1009.134308
v -2060.792022 3786.764376 -1022.323643
v -2053.297583 3804.963628 -1019.077458
v -2068.078337 3770.601485 -1031.465788
v -2074.443403 3758.056582 -1045.608853
v -2079.264036 3750.358063 -1063.368536
v -2082.068553 3748.259171 -1083.006277
v -2082.582256 3751.965909 -1102.599967
v -2080.754929 3761.114700 -1120.231432
v -2076.765445 3774.810546 -1134.174928
v -2071.004243 3791.712682 -1143.065574
v -2064.035475 3810.166304 -1146.032945
v -2056.541056 3828.365567 -1142.786749
v -2049.254732 3844.528556 -1133.644636
v -2042.889689 3857.073257 -1119.501528
v -2038.069003 3864.771856 -1101.741883
v -2035.264532 3866.870554 -1082.104095
v -2034.750820 3863.164123 -1062.510493
v -2036.578133 3854.015226 -1044.878996
v -2040.567649 3840.319290 -1030.935463
v -2046.328768 3823.417322 -1022.044899
v -2056.404582 3789.983873 -1036.488086
v -2050.623747 3804.021847 -1033.984075
v -2062.024987 3777.516244 -1043.539883
v -2066.934695 3767.839790 -1054.449304
v -2070.653218 3761.901404 -1068.148340
v -2072.816424 3760.282563 -1083.296124
v -2073.212702 3763.141541 -1098.409809
v -2071.803150 3770.198794 -1112.010053
v -2068.725848 3780.763094 -1122.765463
v -2064.281938 3793.800494 -1129.623269
v -2058.906476 3808.035059 -1131.912235
v -2053.125606 3822.073127 -1129.408242
v -2047.505201 3834.540756 -1122.356448
v -2042.595484 3844.217099 -1111.447012
v -2038.877016 3850.155401 -1097.747945
v -2036.713779 3851.774333 -1082.600195
v -2036.317491 3848.915452 -1067.486547
v -2037.727020 3841.858192 -1053.886299
v -2040.804378 3831.293809 -1043.130859
v -2045.248289 3818.256199 -1036.273007
v -2053.033530 3793.995784 -1051.638581
v -2049.102120 3803.542755 -1049.935689
v -2056.855747 3785.517053 -1056.434375
v -2060.194791 3778.936198 -1063.853522
v -2062.723641 3774.897734 -1073.169893
v -2064.194797 3773.796730 -1083.471473
v -2064.464236 3775.741211 -1093.749943
v -2063.505686 3780.540480 -1102.999056
v -2061.412876 3787.725095 -1110.313549
v -2058.390680 3796.591540 -1114.977373
v -2054.734968 3806.272005 -1116.534018
v -2050.803535 3815.818965 -1114.831131
v -2046.981286 3824.297786 -1110.035372
v -2043.642343 3830.878367 -1102.616142
v -2041.113482 3834.916930 -1093.299799
v -2039.642315 3836.017825 -1082.998194
v -2039.372823 3834.073633 -1072.719818
v -2040.331408 3829.274272 -1063.470681
v -2042.424216 3822.089657 -1056.156185
v -2045.446390 3813.223204 -1051.492360
v -2050.749962 3798.704005 -1067.422323
v -2048.760794 3803.534484 -1066.560658
v -2052.683988 3794.413875 -1069.848867
v -2054.373458 3791.084039 -1073.602797
v -2055.653011 3789.040607 -1078.316680
v -2056.397359 3788.483563 -1083.529089
v -2056.533719 3789.467490 -1088.729798
v -2056.048661 3791.895893 -1093.409685
v -2054.989778 3795.530958 -1097.110614
v -2053.460621 3800.017338 -1099.470448
v -2051.610896 3804.915482 -1100.258086
v -2049.621685 3809.745942 -1099.396433
v -2047.687648 3814.036172 -1096.969914
v -2045.998222 3817.365816 -1093.215931
v -2044.718692 3819.409256 -1088.502047
v -2043.974300 3819.966282 -1083.289645
v -2043.837920 3818.982553 -1078.088998
v -2044.322965 3816.554044 -1073.409079
v -2045.381904 3812.918896 -1069.708119
v -2046.911072 3808.432624 -1067.348313
v -2049.604075 3803.995757 -1083.467946
vt 0.000000 0.650000
vt 0.050000 0.650000
vt 0.100000 0.650000
vt 0.150000 0.650000
vt 0.200000 0.650000
vt 0.250000 0.650000
vt 0.300000 0.650000
vt 0.350000 0.650000
vt 0.400000 0.650000
vt 0.450000 0.650000
vt 0.500000 0.650000
vt 0.550000 0.650000
vt 0.600000 0.650000
vt 0.650000 0.650000
vt 0.700000 0.650000
vt 0.750000 0.650000
vt 0.800000 0.650000
vt 0.850000 0.650000
vt 0.900000 0.650000
vt 0.950000 0.650000
vt 1.000000 0.650000
vt 0.000000 0.700000
vt 0.050000 0.700000
vt 0.100000 0.700000
vt 0.150000 0.700000
vt 0.200000 0.700000
vt 0.250000 0.700000
vt 0.300000 0.700000
vt 0.350000 0.700000
vt 0.400000 0.700000
vt 0.450000 0.700000
vt 0.500000 0.700000
vt 0.550000 0.700000
vt 0.600000 0.700000
vt 0.650000 0.700000
vt 0.700000 0.700000
vt 0.750000 0.700000
vt 0.800000 0.700000
vt 0.850000 0.700000
vt 0.900000 0.700000
vt 0.950000 0.700000
vt 1.000000 0.700000
vt 0.000000 0.750000
vt 0.050000 0.750000
vt 0.100000 0.750000
vt 0.150000 0.750000
vt 0.200000 0.750000
vt 0.250000 0.750000
vt 0.300000 0.750000
vt 0.350000 0.750000
vt 0.400000 0.750000
vt 0.450000 0.750000
vt 0.500000 0.750000
vt 0.550000 0.750000
vt 0.600000 0.750000
vt 0.650000 0.750000
vt 0.700000 0.750000
vt 0.750000 0.750000
vt 0.800000 0.750000
vt 0.850000 0.750000
vt 0.900000 0.750000
vt 0.950000 0.750000
vt 1.000000 0.750000
vt 0.000000 0.800000
vt 0.050000 0.800000
vt 0.100000 0.800000
vt 0.150000 0.800000
vt 0.200000 0.800000
vt 0.250000 0.800000
vt 0.300000 0.800000
vt 0.350000 0.800000
vt 0.400000 0.800000
vt 0.450000 0.800000
vt 0.500000 0.800000
vt 0.550000 0.800000
vt 0.600000 0.800000
vt 0.650000 0.800000
vt 0.700000 0.800000
vt 0.750000 0.800000
vt 0.800000 0.800000
vt 0.850000 0.800000
vt 0.900000 0.800000
vt 0.950000 0.800000
vt 1.000000 0.800000
vt 0.000000 0.850000
vt 0.050000 0.850000
vt 0.100000 0.850000
vt 0.150000 0.850000
vt 0.200000 0.850000
vt 0.250000 0.850000
vt 0.300000 0.850000
vt 0.350000 0.850000
vt 0.400000 0.850000
vt 0.450000 0.850000
vt 0.500000 0.850000
vt 0.550000 0.850000
vt 0.600000 0.850000
vt 0.650000 0.850000
vt 0.700000 0.850000
vt 0.750000 0.850000
vt 0.800000 0.850000
vt 0.850000 0.850000
vt 0.900000 0.850000
vt 0.950000 0.850000
vt 1.000000 0.850000
vt 0.000000 0.900000
vt 0.050000 0.900000
vt 0.100000 0.900000
vt 0.150000 0.900000
vt 0.200000 0.900000
vt 0.250000 0.900000
vt 0.300000 0.900000
vt 0.350000 0.900000
vt 0.400000 0.900000
vt 0.450000 0.900000
vt 0.500000 0.900000
vt 0.550000 0.900000
vt 0.600000 0.900000
vt 0.650000 0.900000
vt 0.700000 0.900000
vt 0.750000 0.900000
vt 0.800000 0.900000
vt 0.850000 0.900000
vt 0.900000 0.900000
vt 0.950000 0.900000
vt 1.000000 0.900000
vt 0.000000 0.950000
vt 0.050000 0.950000
vt 0.100000 0.950000
vt 0.150000 0.950000
vt 0.200000 0.950000
vt 0.250000 0.950000
vt 0.300000 0.950000
vt 0.350000 0.950000
vt 0.400000 0.950000
vt 0.450000 0.950000
vt 0.500000 0.950000
vt 0.550000 0.950000
vt 0.600000 0.950000
vt 0.650000 0.950000
vt 0.700000 0.950000
vt 0.750000 0.950000
vt 0.800000 0.950000
vt 0.850000 0.950000
vt 0.900000 0.950000
vt 0.950000 0.950000
vt 1.000000 0.950000
vt 0.025000 1.000000
vt 0.075000 1.000000
vt 0.125000 1.000000
vt 0.175000 1.000000
vt 0.225000 1.000000
vt 0.275000 1.000000
vt 0.325000 1.000000
vt 0.375000 1.000000
vt 0.425000 1.000000
vt 0.475000 1.000000
vt 0.525000 1.000000
vt 0.575000 1.000000
vt 0.625000 1.000000
vt 0.675000 1.000000
vt 0.725000 1.000000
vt 0.775000 1.000000
vt 0.825000 1.000000
vt 0.875000 1.000000
vt 0.925000 1.000000
vt 0.975000 1.000000
vt 0.000000 0.650000
vt 0.050000 0.650000
vt 0.050000 0.700000
vt 0.000000 0.700000
vt 0.100000 0.650000
vt 0.100000 0.700000
vt 0.150000 0.650000
vt 0.150000 0.700000
vt 0.200000 0.650000
vt 0.200000 0.700000
vt 0.250000 0.650000
vt 0.250000 0.700000
vt 0.300000 0.650000
vt 0.300000 0.700000
vt 0.350000 0.650000
vt 0.350000 0.700000
vt 0.400000 0.650000
vt 0.400000 0.700000
vt 0.450000 0.650000
vt 0.450000 0.700000
vt 0.500000 0.650000
vt 0.500000 0.700000
vt 0.550000 0.650000
vt 0.550000 0.700000
vt 0.600000 0.650000
vt 0.600000 0.700000
vt 0.650000 0.650000
vt 0.650000 0.700000
vt 0.700000 0.650000
vt 0.700000 0.700000
vt 0.750000 0.650000
vt 0.750000 0.700000
vt 0.800000 0.650000
vt 0.800000 0.700000
vt 0.850000 0.650000
vt 0.850000 0.700000
vt 0.900000 0.650000
vt 0.900000 0.700000
vt 0.950000 0.650000
vt 0.950000 0.700000
vt 1.000000 0.650000
vt 1.000000 0.700000
vt 0.050000 0.750000
vt 0.000000 0.750000
vt 0.100000 0.750000
vt 0.150000 0.750000
vt 0.200000 0.750000
vt 0.250000 0.750000
vt 0.300000 0.750000
vt 0.350000 0.750000
vt 0.400000 0.750000
vt 0.450000 0.750000
vt 0.500000 0.750000
vt 0.550000 0.750000
vt 0.600000 0.750000
vt 0.650000 0.750000
vt 0.700000 0.750000
vt 0.750000 0.750000
vt 0.800000 0.750000
vt 0.850000 0.750000
vt 0.900000 0.750000
vt 0.950000 0.750000
vt 1.000000 0.750000
vt 0.050000 0.800000
vt 0.000000 0.800000
vt 0.100000 0.800000
vt 0.150000 0.800000
vt 0.200000 0.800000
vt 0.250000 0.800000
vt 0.300000 0.800000
vt 0.350000 0.800000
vt 0.400000 0.800000
vt 0.450000 0.800000
vt 0.500000 0.800000
vt 0.550000 0.800000
vt 0.600000 0.800000
vt 0.650000 0.800000
vt 0.700000 0.800000
vt 0.750000 0.800000
vt 0.800000 0.800000
vt 0.850000 0.800000
vt 0.900000 0.800000
vt 0.950000 0.800000
vt 1.000000 0.800000
vt 0.050000 0.850000
vt 0.000000 0.850000
vt 0.100000 0.850000
vt 0.150000 0.850000
vt 0.200000 0.850000
vt 0.250000 0.850000
vt 0.300000 0.850000
vt 0.350000 0.850000
vt 0.400000 0.850000
vt 0.450000 0.850000
vt 0.500000 0.850000
vt 0.550000 0.850000
vt 0.600000 0.850000
vt 0.650000 0.850000
vt 0.700000 0.850000
vt 0.750000 0.850000
vt 0.800000 0.850000
vt 0.850000 0.850000
vt 0.900000 0.850000
vt 0.950000 0.850000
vt 1.000000 0.850000
vt 0.050000 0.900000
vt 0.000000 0.900000
vt 0.100000 0.900000
vt 0.150000 0.900000
vt 0.200000 0.900000
vt 0.250000 0.900000
vt 0.300000 0.900000
vt 0.350000 0.900000
vt 0.400000 0.900000
vt 0.450000 0.900000
vt 0.500000 0.900000
vt 0.550000 0.900000
vt 0.600000 0.900000
vt 0.650000 0.900000
vt 0.700000 0.900000
vt 0.750000 0.900000
vt 0.800000 0.900000
vt 0.850000 0.900000
vt 0.900000 0.900000
vt 0.950000 0.900000
vt 1.000000 0.900000
vt 0.050000 0.950000
vt 0.000000 0.950000
vt 0.100000 0.950000
vt 0.150000 0.950000
vt 0.200000 0.950000
vt 0.250000 0.950000
vt 0.300000 0.950000
vt 0.350000 0.950000
vt 0.400000 0.950000
vt 0.450000 0.950000
vt 0.500000 0.950000
vt 0.550000 0.950000
vt 0.600000 0.950000
vt 0.650000 0.950000
vt 0.700000 0.950000
vt 0.750000 0.950000
vt 0.800000 0.950000
vt 0.850000 0.950000
vt 0.900000 0.950000
vt 0.950000 0.950000
vt 1.000000 0.950000
vt 0.025000 1.000000
vt 0.075000 1.000000
vt 0.125000 1.000000
vt 0.175000 1.000000
vt 0.225000 1.000000
vt 0.275000 1.000000
vt 0.325000 1.000000
vt 0.375000 1.000000
vt 0.425000 1.000000
vt 0.475000 1.000000
vt 0.525000 1.000000
vt 0.575000 1.000000
vt 0.625000 1.000000
vt 0.675000 1.000000
vt 0.725000 1.000000
vt 0.775000 1.000000
vt 0.825000 1.000000
vt 0.875000 1.000000
vt 0.925000 1.000000
vt 0.975000 1.000000
vt 0.000000 0.650000
vt 0.050000 0.650000
vt 0.100000 0.650000
vt 0.150000 0.650000
vt 0.200000 0.650000
vt 0.250000 0.650000
vt 0.300000 0.650000
vt 0.350000 0.650000
vt 0.400000 0.650000
vt 0.450000 0.650000
vt 0.500000 0.650000
vt 0.550000 0.650000
vt 0.600000 0.650000
vt 0.650000 0.650000
vt 0.700000 0.650000
vt 0.750000 0.650000
vt 0.800000 0.650000
vt 0.850000 0.650000
vt 0.900000 0.650000
vt 0.950000 0.650000
vt 1.000000 0.650000
vn 0.785588 -0.314048 0.533128
vn 0.713913 -0.488101 0.502082
vn 0.754582 -0.484239 0.442852
vn 0.819372 -0.326907 0.470915
vn 0.644229 -0.642677 0.414651
vn 0.691591 -0.623969 0.363820
vn 0.583354 -0.762652 0.279392
vn 0.636564 -0.732420 0.241552
vn 0.537251 -0.836279 0.109544
vn 0.594889 -0.798974 0.088018
vn 0.510432 -0.856349 -0.078266
vn 0.570645 -0.817117 -0.081752
vn 0.505518 -0.820902 -0.265653
vn 0.566205 -0.785074 -0.251139
vn 0.522992 -0.733405 -0.434277
vn 0.582003 -0.705981 -0.403563
vn 0.561146 -0.602422 -0.567629
vn 0.616491 -0.587580 -0.524107
vn 0.616246 -0.440776 -0.652654
vn 0.666296 -0.441462 -0.600967
vn 0.682894 -0.264291 -0.681033
vn 0.726542 -0.281928 -0.626620
vn 0.754567 -0.090239 -0.649989
vn 0.791332 -0.124595 -0.598556
vn 0.824251 0.064342 -0.562558
vn 0.854323 0.015136 -0.519523
vn 0.885124 0.184317 -0.427297
vn 0.909349 0.123586 -0.397254
vn 0.931228 0.257942 -0.257448
vn 0.951024 0.190139 -0.243721
vn 0.958049 0.278016 -0.069638
vn 0.975269 0.208284 -0.073953
vn 0.962962 0.242567 0.117750
vn 0.979710 0.176241 0.095436
vn 0.945487 0.155066 0.286372
vn 0.963912 0.097147 0.247861
vn 0.907333 0.024083 0.419722
vn 0.929423 -0.021253 0.368403
vn 0.852236 -0.137561 0.504748
vn 0.879618 -0.167372 0.445262
vn 0.819703 -0.470411 0.326803
vn 0.870820 -0.346281 0.348944
vn 0.770005 -0.580655 0.264447
vn 0.726590 -0.666220 0.167981
vn 0.693708 -0.718731 0.046848
vn 0.674579 -0.733046 -0.087098
vn 0.671077 -0.707764 -0.220740
vn 0.683542 -0.645361 -0.340999
vn 0.710753 -0.551946 -0.436104
vn 0.750047 -0.436662 -0.496745
vn 0.797580 -0.310793 -0.516985
vn 0.848698 -0.186662 -0.494843
vn 0.898396 -0.076418 -0.432487
vn 0.941810 0.009146 -0.336020
vn 0.974691 0.061655 -0.214887
vn 0.993819 0.075971 -0.080944
vn 0.997323 0.050690 0.052699
vn 0.984859 -0.011713 0.172960
vn 0.957648 -0.105127 0.268064
vn 0.918353 -0.220412 0.328705
vn 0.862317 -0.452709 0.226856
vn 0.901490 -0.357583 0.243823
vn 0.824233 -0.537191 0.179071
vn 0.790963 -0.602762 0.105146
vn 0.765765 -0.643003 0.012317
vn 0.751105 -0.653973 -0.090330
vn 0.748420 -0.634600 -0.192745
vn 0.757971 -0.586779 -0.284903
vn 0.778824 -0.515192 -0.357785
vn 0.808938 -0.426845 -0.404255
vn 0.845365 -0.330387 -0.419766
vn 0.884537 -0.235262 -0.402798
vn 0.922622 -0.150779 -0.355013
vn 0.955892 -0.085207 -0.281087
vn 0.981089 -0.044967 -0.188259
vn 0.995748 -0.033998 -0.085614
vn 0.998433 -0.053372 0.016801
vn 0.988882 -0.101193 0.108960
vn 0.968029 -0.172780 0.181842
vn 0.937916 -0.261126 0.228312
vn 0.890234 -0.433430 0.140077
vn 0.918921 -0.363767 0.152503
vn 0.862342 -0.495302 0.105083
vn 0.837978 -0.543322 0.050944
vn 0.819525 -0.572790 -0.017038
vn 0.808790 -0.580823 -0.092211
vn 0.806823 -0.566636 -0.167213
vn 0.813818 -0.531615 -0.234704
vn 0.829089 -0.479190 -0.288078
vn 0.851142 -0.414490 -0.322110
vn 0.877819 -0.343849 -0.333470
vn 0.906506 -0.274186 -0.321044
vn 0.934397 -0.212315 -0.286049
vn 0.958762 -0.164295 -0.231910
vn 0.977215 -0.134826 -0.163928
vn 0.987950 -0.126792 -0.088757
vn 0.989917 -0.140980 -0.013754
vn 0.982922 -0.176002 0.053738
vn 0.967651 -0.228428 0.107112
vn 0.945598 -0.293127 0.141144
vn 0.908258 -0.413567 0.063478
vn 0.927607 -0.366581 0.071859
vn 0.889446 -0.455298 0.039874
vn 0.873011 -0.487688 0.003358
vn 0.860565 -0.507565 -0.042494
vn 0.853325 -0.512983 -0.093196
vn 0.851998 -0.503413 -0.143786
vn 0.856716 -0.479792 -0.189307
vn 0.867016 -0.444432 -0.225307
vn 0.881891 -0.400793 -0.248260
vn 0.899884 -0.353147 -0.255923
vn 0.919233 -0.306160 -0.247542
vn 0.938045 -0.264429 -0.223938
vn 0.954479 -0.232041 -0.187422
vn 0.966925 -0.212164 -0.141569
vn 0.974166 -0.206745 -0.090867
vn 0.975493 -0.216314 -0.040279
vn 0.970775 -0.239936 0.005243
vn 0.960474 -0.275297 0.041243
vn 0.945600 -0.318936 0.064197
vn 0.918904 -0.394474 -0.002183
vn 0.930189 -0.367072 0.002706
vn 0.907933 -0.418812 -0.015948
vn 0.898349 -0.437701 -0.037243
vn 0.891090 -0.449294 -0.063983
vn 0.886867 -0.452453 -0.093554
vn 0.886094 -0.446872 -0.123057
vn 0.888845 -0.433098 -0.149602
vn 0.894852 -0.412474 -0.170600
vn 0.903527 -0.387024 -0.183986
vn 0.914020 -0.359240 -0.188453
vn 0.925304 -0.331837 -0.183565
vn 0.936276 -0.307499 -0.169801
vn 0.945860 -0.288610 -0.148504
vn 0.953118 -0.277019 -0.121764
vn 0.957341 -0.273859 -0.092195
vn 0.958115 -0.279438 -0.062692
vn 0.955363 -0.293215 -0.036143
vn 0.949356 -0.313838 -0.015148
vn 0.940681 -0.339288 -0.001763
vn 0.926383 -0.364841 -0.093305
vn -0.785443 0.313992 -0.533374
vn -0.818986 0.326759 -0.471690
vn -0.754109 0.484301 -0.443590
vn -0.713741 0.488109 -0.502318
vn -0.691034 0.624217 -0.364452
vn -0.644028 0.642747 -0.414855
vn -0.635935 0.732811 -0.242021
vn -0.583134 0.762766 -0.279542
vn -0.594206 0.799453 -0.088283
vn -0.537015 0.836419 -0.109628
vn -0.569928 0.817621 0.081712
vn -0.510183 0.856499 0.078252
vn -0.565481 0.785536 0.251325
vn -0.505267 0.821038 0.265710
vn -0.581300 0.706338 0.403952
vn -0.522750 0.733507 0.434396
vn -0.615835 0.587779 0.524654
vn -0.560919 0.602475 0.567797
vn -0.665707 0.441467 0.601615
vn -0.616038 0.440769 0.652856
vn -0.726033 0.281721 0.627303
vn -0.682710 0.264216 0.681246
vn -0.790908 0.124179 0.599203
vn -0.754411 0.090099 0.650189
vn -0.853982 -0.015736 0.520064
vn -0.824123 -0.064536 0.562722
vn -0.909082 -0.124329 0.397633
vn -0.885020 -0.184554 0.427411
vn -0.950812 -0.190972 0.243897
vn -0.931140 -0.258208 0.257500
vn -0.975089 -0.209140 0.073901
vn -0.957971 -0.278288 0.069620
vn -0.979536 -0.177056 -0.095711
vn -0.962885 -0.242829 -0.117838
vn -0.963717 -0.097858 -0.248340
vn -0.945403 -0.155299 -0.286524
vn -0.929183 0.020701 -0.369041
vn -0.907234 -0.024266 -0.419925
vn -0.879311 0.167014 -0.446002
vn -0.852116 0.137440 -0.504984
vn -0.870830 0.346284 -0.348916
vn -0.819717 0.470407 -0.326775
vn -0.770022 0.580643 -0.264423
vn -0.726610 0.666203 -0.167962
vn -0.693731 0.718709 -0.046837
vn -0.674604 0.733024 0.087098
vn -0.671100 0.707744 0.220733
vn -0.683564 0.645345 0.340984
vn -0.710773 0.551936 0.436083
vn -0.750066 0.436659 0.496720
vn -0.797595 0.310799 0.516958
vn -0.848709 0.186675 0.494819
vn -0.898404 0.076438 0.432467
vn -0.941815 -0.009121 0.336007
vn -0.974694 -0.061628 0.214880
vn -0.993821 -0.075942 0.080945
vn -0.997325 -0.050662 -0.052689
vn -0.984862 0.011736 -0.172942
vn -0.957652 0.105147 -0.268041
vn -0.918360 0.220423 -0.328677
vn -0.901486 0.357581 -0.243842
vn -0.862311 0.452712 -0.226873
vn -0.824224 0.537199 -0.179086
vn -0.790952 0.602775 -0.105155
vn -0.765753 0.643017 -0.012323
vn -0.751094 0.653987 0.090328
vn -0.748409 0.634612 0.192749
vn -0.757960 0.586789 0.284913
vn -0.778814 0.515198 0.357799
vn -0.808929 0.426847 0.404272
vn -0.845357 0.330385 0.419783
vn -0.884532 0.235254 0.402814
vn -0.922619 0.150766 0.355026
vn -0.955890 0.085192 0.281097
vn -0.981089 0.044949 0.188264
vn -0.995749 0.033979 0.085613
vn -0.998434 0.053354 -0.016807
vn -0.988882 0.101178 -0.108971
vn -0.968028 0.172768 -0.181858
vn -0.937914 0.261119 -0.228331
vn -0.918917 0.363766 -0.152532
vn -0.890226 0.433437 -0.140105
vn -0.862332 0.495314 -0.105106
vn -0.837964 0.543341 -0.050960
vn -0.819509 0.572814 0.017029
vn -0.808773 0.580848 0.092209
vn -0.806806 0.566658 0.167221
vn -0.813801 0.531633 0.234720
vn -0.829074 0.479201 0.288101
vn -0.851130 0.414494 0.322137
vn -0.877809 0.343847 0.333497
vn -0.906500 0.274175 0.321069
vn -0.934395 0.212297 0.286071
vn -0.958763 0.164271 0.231926
vn -0.977218 0.134798 0.163936
vn -0.987954 0.126764 0.088756
vn -0.989921 0.140953 0.013744
vn -0.982925 0.175979 -0.053755
vn -0.967652 0.228411 -0.107135
vn -0.945597 0.293117 -0.141171
vn -0.927605 0.366580 -0.071886
vn -0.908253 0.413576 -0.063504
vn -0.889438 0.455312 -0.039896
vn -0.873001 0.487706 -0.003373
vn -0.860553 0.507587 0.042486
vn -0.853311 0.513006 0.093196
vn -0.851984 0.503435 0.143793
vn -0.856703 0.479810 0.189322
vn -0.867005 0.444444 0.225328
vn -0.881882 0.400797 0.248287
vn -0.899877 0.353145 0.255950
vn -0.919229 0.306150 0.247567
vn -0.938045 0.264412 0.223960
vn -0.954482 0.232017 0.187437
vn -0.966930 0.212137 0.141577
vn -0.974172 0.206719 0.090868
vn -0.975499 0.216289 0.040269
vn -0.970780 0.239915 -0.005260
vn -0.960478 0.275281 -0.041266
vn -0.945601 0.318926 -0.064223
vn -0.930188 0.367073 -0.002731
vn -0.918900 0.394484 0.002159
vn -0.907927 0.418826 0.015927
vn -0.898341 0.437719 0.037228
vn -0.891080 0.449315 0.063976
vn -0.886856 0.452476 0.093554
vn -0.886082 0.446894 0.123063
vn -0.888834 0.433115 0.149617
vn -0.894843 0.412487 0.170619
vn -0.903520 0.387029 0.184009
vn -0.914016 0.359237 0.188478
vn -0.925303 0.331829 0.183589
vn -0.936277 0.307485 0.169820
vn -0.945864 0.288590 0.148518
vn -0.953124 0.276995 0.121771
vn -0.957348 0.273835 0.092195
vn -0.958122 0.279417 0.062683
vn -0.955369 0.293197 0.036128
vn -0.949361 0.313823 0.015129
vn -0.940684 0.339279 0.001739
vn -0.926383 0.364841 0.093305
vn -0.498351 0.190217 0.845851
vn -0.591498 -0.035971 0.805504
vn -0.591498 -0.035970 0.805504
vn -0.498351 0.190216 0.845851
vn -0.682061 -0.236849 0.691878
vn -0.682062 -0.236850 0.691877
vn -0.761167 -0.392765 0.516102
vn -0.761167 -0.392765 0.516102
vn -0.821076 -0.488453 0.295377
vn -0.821076 -0.488453 0.295377
vn -0.855935 -0.514531 0.051308
vn -0.855935 -0.514531 0.051308
vn -0.862322 -0.468461 -0.192211
vn -0.862322 -0.468462 -0.192210
vn -0.839607 -0.354759 -0.411346
vn -0.839607 -0.354759 -0.411346
vn -0.790023 -0.184542 -0.584644
vn -0.790023 -0.184543 -0.584643
vn -0.718421 0.025526 -0.695140
vn -0.718421 0.025527 -0.695140
vn -0.631809 0.254880 -0.732020
vn -0.631809 0.254881 -0.732020
vn -0.538666 0.481067 -0.691674
vn -0.538666 0.481068 -0.691674
vn -0.448102 0.681951 -0.578055
vn -0.448102 0.681951 -0.578055
vn -0.368988 0.837866 -0.402278
vn -0.368988 0.837866 -0.402279
vn -0.309074 0.933549 -0.181550
vn -0.309074 0.933549 -0.181550
vn -0.274224 0.959631 0.062521
vn -0.274224 0.959631 0.062522
vn -0.267850 0.913562 0.306042
vn -0.267850 0.913562 0.306041
vn -0.290561 0.799854 0.525174
vn -0.290561 0.799855 0.525173
vn -0.340138 0.629637 0.698472
vn -0.340138 0.629637 0.698472
vn -0.411739 0.419570 0.808970
vn -0.411739 0.419570 0.808970
s 1
g group5 pSphere3
usemtl initialShadingGroup
f 1359/1961/2355 1360/1962/2356 1361/1649/2357 1362/1648/2358
f 1360/1962/2356 1363/1963/2359 1364/1650/2360 1361/1649/2357
f 1363/1963/2359 1365/1964/2361 1366/1651/2362 1364/1650/2360
f 1365/1964/2361 1367/1965/2363 1368/1652/2364 1366/1651/2362
f 1367/1965/2363 1369/1966/2365 1370/1653/2366 1368/1652/2364
f 1369/1966/2365 1371/1967/2367 1372/1654/2368 1370/1653/2366
f 1371/1967/2367 1373/1968/2369 1374/1655/2370 1372/1654/2368
f 1373/1968/2369 1375/1969/2371 1376/1656/2372 1374/1655/2370
f 1375/1969/2371 1377/1970/2373 1378/1657/2374 1376/1656/2372
f 1377/1970/2373 1379/1971/2375 1380/1658/2376 1378/1657/2374
f 1379/1971/2375 1381/1972/2377 1382/1659/2378 1380/1658/2376
f 1381/1972/2377 1383/1973/2379 1384/1660/2380 1382/1659/2378
f 1383/1973/2379 1385/1974/2381 1386/1661/2382 1384/1660/2380
f 1385/1974/2381 1387/1975/2383 1388/1662/2384 1386/1661/2382
f 1387/1975/2383 1389/1976/2385 1390/1663/2386 1388/1662/2384
f 1389/1976/2385 1391/1977/2387 1392/1664/2388 1390/1663/2386
f 1391/1977/2387 1393/1978/2389 1394/1665/2390 1392/1664/2388
f 1393/1978/2389 1395/1979/2391 1396/1666/2392 1394/1665/2390
f 1395/1979/2391 1397/1980/2393 1398/1667/2394 1396/1666/2392
f 1397/1980/2393 1359/1981/2355 1362/1668/2358 1398/1667/2394
f 1362/1648/2358 1361/1649/2357 1399/1670/2395 1400/1669/2396
f 1361/1649/2357 1364/1650/2360 1401/1671/2397 1399/1670/2395
f 1364/1650/2360 1366/1651/2362 1402/1672/2398 1401/1671/2397
f 1366/1651/2362 1368/1652/2364 1403/1673/2399 1402/1672/2398
f 1368/1652/2364 1370/1653/2366 1404/1674/2400 1403/1673/2399
f 1370/1653/2366 1372/1654/2368 1405/1675/2401 1404/1674/2400
f 1372/1654/2368 1374/1655/2370 1406/1676/2402 1405/1675/2401
f 1374/1655/2370 1376/1656/2372 1407/1677/2403 1406/1676/2402
f 1376/1656/2372 1378/1657/2374 1408/1678/2404 1407/1677/2403
f 1378/1657/2374 1380/1658/2376 1409/1679/2405 1408/1678/2404
f 1380/1658/2376 1382/1659/2378 1410/1680/2406 1409/1679/2405
f 1382/1659/2378 1384/1660/2380 1411/1681/2407 1410/1680/2406
f 1384/1660/2380 1386/1661/2382 1412/1682/2408 1411/1681/2407
f 1386/1661/2382 1388/1662/2384 1413/1683/2409 1412/1682/2408
f 1388/1662/2384 1390/1663/2386 1414/1684/2410 1413/1683/2409
f 1390/1663/2386 1392/1664/2388 1415/1685/2411 1414/1684/2410
f 1392/1664/2388 1394/1665/2390 1416/1686/2412 1415/1685/2411
f 1394/1665/2390 1396/1666/2392 1417/1687/2413 1416/1686/2412
f 1396/1666/2392 1398/1667/2394 1418/1688/2414 1417/1687/2413
f 1398/1667/2394 1362/1668/2358 1400/1689/2396 1418/1688/2414
f 1400/1669/2396 1399/1670/2395 1419/1691/2415 1420/1690/2416
f 1399/1670/2395 1401/1671/2397 1421/1692/2417 1419/1691/2415
f 1401/1671/2397 1402/1672/2398 1422/1693/2418 1421/1692/2417
f 1402/1672/2398 1403/1673/2399 1423/1694/2419 1422/1693/2418
f 1403/1673/2399 1404/1674/2400 1424/1695/2420 1423/1694/2419
f 1404/1674/2400 1405/1675/2401 1425/1696/2421 1424/1695/2420
f 1405/1675/2401 1406/1676/2402 1426/1697/2422 1425/1696/2421
f 1406/1676/2402 1407/1677/2403 1427/1698/2423 1426/1697/2422
f 1407/1677/2403 1408/1678/2404 1428/1699/2424 1427/1698/2423
f 1408/1678/2404 1409/1679/2405 1429/1700/2425 1428/1699/2424
f 1409/1679/2405 1410/1680/2406 1430/1701/2426 1429/1700/2425
f 1410/1680/2406 1411/1681/2407 1431/1702/2427 1430/1701/2426
f 1411/1681/2407 1412/1682/2408 1432/1703/2428 1431/1702/2427
f 1412/1682/2408 1413/1683/2409 1433/1704/2429 1432/1703/2428
f 1413/1683/2409 1414/1684/2410 1434/1705/2430 1433/1704/2429
f 1414/1684/2410 1415/1685/2411 1435/1706/2431 1434/1705/2430
f 1415/1685/2411 1416/1686/2412 1436/1707/2432 1435/1706/2431
f 1416/1686/2412 1417/1687/2413 1437/1708/2433 1436/1707/2432
f 1417/1687/2413 1418/1688/2414 1438/1709/2434 1437/1708/2433
f 1418/1688/2414 1400/1689/2396 1420/1710/2416 1438/1709/2434
f 1420/1690/2416 1419/1691/2415 1439/1712/2435 1440/1711/2436
f 1419/1691/2415 1421/1692/2417 1441/1713/2437 1439/1712/2435
f 1421/1692/2417 1422/1693/2418 1442/1714/2438 1441/1713/2437
f 1422/1693/2418 1423/1694/2419 1443/1715/2439 1442/1714/2438
f 1423/1694/2419 1424/1695/2420 1444/1716/2440 1443/1715/2439
f 1424/1695/2420 1425/1696/2421 1445/1717/2441 1444/1716/2440
f 1425/1696/2421 1426/1697/2422 1446/1718/2442 1445/1717/2441
f 1426/1697/2422 1427/1698/2423 1447/1719/2443 1446/1718/2442
f 1427/1698/2423 1428/1699/2424 1448/1720/2444 1447/1719/2443
f 1428/1699/2424 1429/1700/2425 1449/1721/2445 1448/1720/2444
f 1429/1700/2425 1430/1701/2426 1450/1722/2446 1449/1721/2445
f 1430/1701/2426 1431/1702/2427 1451/1723/2447 1450/1722/2446
f 1431/1702/2427 1432/1703/2428 1452/1724/2448 1451/1723/2447
f 1432/1703/2428 1433/1704/2429 1453/1725/2449 1452/1724/2448
f 1433/1704/2429 1434/1705/2430 1454/1726/2450 1453/1725/2449
f 1434/1705/2430 1435/1706/2431 1455/1727/2451 1454/1726/2450
f 1435/1706/2431 1436/1707/2432 1456/1728/2452 1455/1727/2451
f 1436/1707/2432 1437/1708/2433 1457/1729/2453 1456/1728/2452
f 1437/1708/2433 1438/1709/2434 1458/1730/2454 1457/1729/2453
f 1438/1709/2434 1420/1710/2416 1440/1731/2436 1458/1730/2454
f 1440/1711/2436 1439/1712/2435 1459/1733/2455 1460/1732/2456
f 1439/1712/2435 1441/1713/2437 1461/1734/2457 1459/1733/2455
f 1441/1713/2437 1442/1714/2438 1462/1735/2458 1461/1734/2457
f 1442/1714/2438 1443/1715/2439 1463/1736/2459 1462/1735/2458
f 1443/1715/2439 1444/1716/2440 1464/1737/2460 1463/1736/2459
f 1444/1716/2440 1445/1717/2441 1465/1738/2461 1464/1737/2460
f 1445/1717/2441 1446/1718/2442 1466/1739/2462 1465/1738/2461
f 1446/1718/2442 1447/1719/2443 1467/1740/2463 1466/1739/2462
f 1447/1719/2443 1448/1720/2444 1468/1741/2464 1467/1740/2463
f 1448/1720/2444 1449/1721/2445 1469/1742/2465 1468/1741/2464
f 1449/1721/2445 1450/1722/2446 1470/1743/2466 1469/1742/2465
f 1450/1722/2446 1451/1723/2447 1471/1744/2467 1470/1743/2466
f 1451/1723/2447 1452/1724/2448 1472/1745/2468 1471/1744/2467
f 1452/1724/2448 1453/1725/2449 1473/1746/2469 1472/1745/2468
f 1453/1725/2449 1454/1726/2450 1474/1747/2470 1473/1746/2469
f 1454/1726/2450 1455/1727/2451 1475/1748/2471 1474/1747/2470
f 1455/1727/2451 1456/1728/2452 1476/1749/2472 1475/1748/2471
f 1456/1728/2452 1457/1729/2453 1477/1750/2473 1476/1749/2472
f 1457/1729/2453 1458/1730/2454 1478/1751/2474 1477/1750/2473
f 1458/1730/2454 1440/1731/2436 1460/1752/2456 1478/1751/2474
f 1460/1732/2456 1459/1733/2455 1479/1754/2475 1480/1753/2476
f 1459/1733/2455 1461/1734/2457 1481/1755/2477 1479/1754/2475
f 1461/1734/2457 1462/1735/2458 1482/1756/2478 1481/1755/2477
f 1462/1735/2458 1463/1736/2459 1483/1757/2479 1482/1756/2478
f 1463/1736/2459 1464/1737/2460 1484/1758/2480 1483/1757/2479
f 1464/1737/2460 1465/1738/2461 1485/1759/2481 1484/1758/2480
f 1465/1738/2461 1466/1739/2462 1486/1760/2482 1485/1759/2481
f 1466/1739/2462 1467/1740/2463 1487/1761/2483 1486/1760/2482
f 1467/1740/2463 1468/1741/2464 1488/1762/2484 1487/1761/2483
f 1468/1741/2464 1469/1742/2465 1489/1763/2485 1488/1762/2484
f 1469/1742/2465 1470/1743/2466 1490/1764/2486 1489/1763/2485
f 1470/1743/2466 1471/1744/2467 1491/1765/2487 1490/1764/2486
f 1471/1744/2467 1472/1745/2468 1492/1766/2488 1491/1765/2487
f 1472/1745/2468 1473/1746/2469 1493/1767/2489 1492/1766/2488
f 1473/1746/2469 1474/1747/2470 1494/1768/2490 1493/1767/2489
f 1474/1747/2470 1475/1748/2471 1495/1769/2491 1494/1768/2490
f 1475/1748/2471 1476/1749/2472 1496/1770/2492 1495/1769/2491
f 1476/1749/2472 1477/1750/2473 1497/1771/2493 1496/1770/2492
f 1477/1750/2473 1478/1751/2474 1498/1772/2494 1497/1771/2493
f 1478/1751/2474 1460/1752/2456 1480/1773/2476 1498/1772/2494
f 1480/1753/2476 1479/1754/2475 1499/1774/2495
f 1479/1754/2475 1481/1755/2477 1499/1775/2495
f 1481/1755/2477 1482/1756/2478 1499/1776/2495
f 1482/1756/2478 1483/1757/2479 1499/1777/2495
f 1483/1757/2479 1484/1758/2480 1499/1778/2495
f 1484/1758/2480 1485/1759/2481 1499/1779/2495
f 1485/1759/2481 1486/1760/2482 1499/1780/2495
f 1486/1760/2482 1487/1761/2483 1499/1781/2495
f 1487/1761/2483 1488/1762/2484 1499/1782/2495
f 1488/1762/2484 1489/1763/2485 1499/1783/2495
f 1489/1763/2485 1490/1764/2486 1499/1784/2495
f 1490/1764/2486 1491/1765/2487 1499/1785/2495
f 1491/1765/2487 1492/1766/2488 1499/1786/2495
f 1492/1766/2488 1493/1767/2489 1499/1787/2495
f 1493/1767/2489 1494/1768/2490 1499/1788/2495
f 1494/1768/2490 1495/1769/2491 1499/1789/2495
f 1495/1769/2491 1496/1770/2492 1499/1790/2495
f 1496/1770/2492 1497/1771/2493 1499/1791/2495
f 1497/1771/2493 1498/1772/2494 1499/1792/2495
f 1498/1772/2494 1480/1773/2476 1499/1793/2495
s 2
f 1218/1794/2496 1238/1797/2497 1239/1796/2498 1219/1795/2499
f 1219/1795/2499 1239/1796/2498 1240/1799/2500 1220/1798/2501
f 1220/1798/2501 1240/1799/2500 1241/1801/2502 1221/1800/2503
f 1221/1800/2503 1241/1801/2502 1242/1803/2504 1222/1802/2505
f 1222/1802/2505 1242/1803/2504 1243/1805/2506 1223/1804/2507
f 1223/1804/2507 1243/1805/2506 1244/1807/2508 1224/1806/2509
f 1224/1806/2509 1244/1807/2508 1245/1809/2510 1225/1808/2511
f 1225/1808/2511 1245/1809/2510 1246/1811/2512 1226/1810/2513
f 1226/1810/2513 1246/1811/2512 1247/1813/2514 1227/1812/2515
f 1227/1812/2515 1247/1813/2514 1248/1815/2516 1228/1814/2517
f 1228/1814/2517 1248/1815/2516 1249/1817/2518 1229/1816/2519
f 1229/1816/2519 1249/1817/2518 1250/1819/2520 1230/1818/2521
f 1230/1818/2521 1250/1819/2520 1251/1821/2522 1231/1820/2523
f 1231/1820/2523 1251/1821/2522 1252/1823/2524 1232/1822/2525
f 1232/1822/2525 1252/1823/2524 1253/1825/2526 1233/1824/2527
f 1233/1824/2527 1253/1825/2526 1254/1827/2528 1234/1826/2529
f 1234/1826/2529 1254/1827/2528 1255/1829/2530 1235/1828/2531
f 1235/1828/2531 1255/1829/2530 1256/1831/2532 1236/1830/2533
f 1236/1830/2533 1256/1831/2532 1257/1833/2534 1237/1832/2535
f 1237/1832/2535 1257/1833/2534 1238/1835/2497 1218/1834/2496
f 1238/1797/2497 1258/1837/2536 1259/1836/2537 1239/1796/2498
f 1239/1796/2498 1259/1836/2537 1260/1838/2538 1240/1799/2500
f 1240/1799/2500 1260/1838/2538 1261/1839/2539 1241/1801/2502
f 1241/1801/2502 1261/1839/2539 1262/1840/2540 1242/1803/2504
f 1242/1803/2504 1262/1840/2540 1263/1841/2541 1243/1805/2506
f 1243/1805/2506 1263/1841/2541 1264/1842/2542 1244/1807/2508
f 1244/1807/2508 1264/1842/2542 1265/1843/2543 1245/1809/2510
f 1245/1809/2510 1265/1843/2543 1266/1844/2544 1246/1811/2512
f 1246/1811/2512 1266/1844/2544 1267/1845/2545 1247/1813/2514
f 1247/1813/2514 1267/1845/2545 1268/1846/2546 1248/1815/2516
f 1248/1815/2516 1268/1846/2546 1269/1847/2547 1249/1817/2518
f 1249/1817/2518 1269/1847/2547 1270/1848/2548 1250/1819/2520
f 1250/1819/2520 1270/1848/2548 1271/1849/2549 1251/1821/2522
f 1251/1821/2522 1271/1849/2549 1272/1850/2550 1252/1823/2524
f 1252/1823/2524 1272/1850/2550 1273/1851/2551 1253/1825/2526
f 1253/1825/2526 1273/1851/2551 1274/1852/2552 1254/1827/2528
f 1254/1827/2528 1274/1852/2552 1275/1853/2553 1255/1829/2530
f 1255/1829/2530 1275/1853/2553 1276/1854/2554 1256/1831/2532
f 1256/1831/2532 1276/1854/2554 1277/1855/2555 1257/1833/2534
f 1257/1833/2534 1277/1855/2555 1258/1856/2536 1238/1835/2497
f 1258/1837/2536 1278/1858/2556 1279/1857/2557 1259/1836/2537
f 1259/1836/2537 1279/1857/2557 1280/1859/2558 1260/1838/2538
f 1260/1838/2538 1280/1859/2558 1281/1860/2559 1261/1839/2539
f 1261/1839/2539 1281/1860/2559 1282/1861/2560 1262/1840/2540
f 1262/1840/2540 1282/1861/2560 1283/1862/2561 1263/1841/2541
f 1263/1841/2541 1283/1862/2561 1284/1863/2562 1264/1842/2542
f 1264/1842/2542 1284/1863/2562 1285/1864/2563 1265/1843/2543
f 1265/1843/2543 1285/1864/2563 1286/1865/2564 1266/1844/2544
f 1266/1844/2544 1286/1865/2564 1287/1866/2565 1267/1845/2545
f 1267/1845/2545 1287/1866/2565 1288/1867/2566 1268/1846/2546
f 1268/1846/2546 1288/1867/2566 1289/1868/2567 1269/1847/2547
f 1269/1847/2547 1289/1868/2567 1290/1869/2568 1270/1848/2548
f 1270/1848/2548 1290/1869/2568 1291/1870/2569 1271/1849/2549
f 1271/1849/2549 1291/1870/2569 1292/1871/2570 1272/1850/2550
f 1272/1850/2550 1292/1871/2570 1293/1872/2571 1273/1851/2551
f 1273/1851/2551 1293/1872/2571 1294/1873/2572 1274/1852/2552
f 1274/1852/2552 1294/1873/2572 1295/1874/2573 1275/1853/2553
f 1275/1853/2553 1295/1874/2573 1296/1875/2574 1276/1854/2554
f 1276/1854/2554 1296/1875/2574 1297/1876/2575 1277/1855/2555
f 1277/1855/2555 1297/1876/2575 1278/1877/2556 1258/1856/2536
f 1278/1858/2556 1298/1879/2576 1299/1878/2577 1279/1857/2557
f 1279/1857/2557 1299/1878/2577 1300/1880/2578 1280/1859/2558
f 1280/1859/2558 1300/1880/2578 1301/1881/2579 1281/1860/2559
f 1281/1860/2559 1301/1881/2579 1302/1882/2580 1282/1861/2560
f 1282/1861/2560 1302/1882/2580 1303/1883/2581 1283/1862/2561
f 1283/1862/2561 1303/1883/2581 1304/1884/2582 1284/1863/2562
f 1284/1863/2562 1304/1884/2582 1305/1885/2583 1285/1864/2563
f 1285/1864/2563 1305/1885/2583 1306/1886/2584 1286/1865/2564
f 1286/1865/2564 1306/1886/2584 1307/1887/2585 1287/1866/2565
f 1287/1866/2565 1307/1887/2585 1308/1888/2586 1288/1867/2566
f 1288/1867/2566 1308/1888/2586 1309/1889/2587 1289/1868/2567
f 1289/1868/2567 1309/1889/2587 1310/1890/2588 1290/1869/2568
f 1290/1869/2568 1310/1890/2588 1311/1891/2589 1291/1870/2569
f 1291/1870/2569 1311/1891/2589 1312/1892/2590 1292/1871/2570
f 1292/1871/2570 1312/1892/2590 1313/1893/2591 1293/1872/2571
f 1293/1872/2571 1313/1893/2591 1314/1894/2592 1294/1873/2572
f 1294/1873/2572 1314/1894/2592 1315/1895/2593 1295/1874/2573
f 1295/1874/2573 1315/1895/2593 1316/1896/2594 1296/1875/2574
f 1296/1875/2574 1316/1896/2594 1317/1897/2595 1297/1876/2575
f 1297/1876/2575 1317/1897/2595 1298/1898/2576 1278/1877/2556
f 1298/1879/2576 1318/1900/2596 1319/1899/2597 1299/1878/2577
f 1299/1878/2577 1319/1899/2597 1320/1901/2598 1300/1880/2578
f 1300/1880/2578 1320/1901/2598 1321/1902/2599 1301/1881/2579
f 1301/1881/2579 1321/1902/2599 1322/1903/2600 1302/1882/2580
f 1302/1882/2580 1322/1903/2600 1323/1904/2601 1303/1883/2581
f 1303/1883/2581 1323/1904/2601 1324/1905/2602 1304/1884/2582
f 1304/1884/2582 1324/1905/2602 1325/1906/2603 1305/1885/2583
f 1305/1885/2583 1325/1906/2603 1326/1907/2604 1306/1886/2584
f 1306/1886/2584 1326/1907/2604 1327/1908/2605 1307/1887/2585
f 1307/1887/2585 1327/1908/2605 1328/1909/2606 1308/1888/2586
f 1308/1888/2586 1328/1909/2606 1329/1910/2607 1309/1889/2587
f 1309/1889/2587 1329/1910/2607 1330/1911/2608 1310/1890/2588
f 1310/1890/2588 1330/1911/2608 1331/1912/2609 1311/1891/2589
f 1311/1891/2589 1331/1912/2609 1332/1913/2610 1312/1892/2590
f 1312/1892/2590 1332/1913/2610 1333/1914/2611 1313/1893/2591
f 1313/1893/2591 1333/1914/2611 1334/1915/2612 1314/1894/2592
f 1314/1894/2592 1334/1915/2612 1335/1916/2613 1315/1895/2593
f 1315/1895/2593 1335/1916/2613 1336/1917/2614 1316/1896/2594
f 1316/1896/2594 1336/1917/2614 1337/1918/2615 1317/1897/2595
f 1317/1897/2595 1337/1918/2615 1318/1919/2596 1298/1898/2576
f 1318/1900/2596 1338/1921/2616 1339/1920/2617 1319/1899/2597
f 1319/1899/2597 1339/1920/2617 1340/1922/2618 1320/1901/2598
f 1320/1901/2598 1340/1922/2618 1341/1923/2619 1321/1902/2599
f 1321/1902/2599 1341/1923/2619 1342/1924/2620 1322/1903/2600
f 1322/1903/2600 1342/1924/2620 1343/1925/2621 1323/1904/2601
f 1323/1904/2601 1343/1925/2621 1344/1926/2622 1324/1905/2602
f 1324/1905/2602 1344/1926/2622 1345/1927/2623 1325/1906/2603
f 1325/1906/2603 1345/1927/2623 1346/1928/2624 1326/1907/2604
f 1326/1907/2604 1346/1928/2624 1347/1929/2625 1327/1908/2605
f 1327/1908/2605 1347/1929/2625 1348/1930/2626 1328/1909/2606
f 1328/1909/2606 1348/1930/2626 1349/1931/2627 1329/1910/2607
f 1329/1910/2607 1349/1931/2627 1350/1932/2628 1330/1911/2608
f 1330/1911/2608 1350/1932/2628 1351/1933/2629 1331/1912/2609
f 1331/1912/2609 1351/1933/2629 1352/1934/2630 1332/1913/2610
f 1332/1913/2610 1352/1934/2630 1353/1935/2631 1333/1914/2611
f 1333/1914/2611 1353/1935/2631 1354/1936/2632 1334/1915/2612
f 1334/1915/2612 1354/1936/2632 1355/1937/2633 1335/1916/2613
f 1335/1916/2613 1355/1937/2633 1356/1938/2634 1336/1917/2614
f 1336/1917/2614 1356/1938/2634 1357/1939/2635 1337/1918/2615
f 1337/1918/2615 1357/1939/2635 1338/1940/2616 1318/1919/2596
f 1338/1921/2616 1358/1941/2636 1339/1920/2617
f 1339/1920/2617 1358/1942/2636 1340/1922/2618
f 1340/1922/2618 1358/1943/2636 1341/1923/2619
f 1341/1923/2619 1358/1944/2636 1342/1924/2620
f 1342/1924/2620 1358/1945/2636 1343/1925/2621
f 1343/1925/2621 1358/1946/2636 1344/1926/2622
f 1344/1926/2622 1358/1947/2636 1345/1927/2623
f 1345/1927/2623 1358/1948/2636 1346/1928/2624
f 1346/1928/2624 1358/1949/2636 1347/1929/2625
f 1347/1929/2625 1358/1950/2636 1348/1930/2626
f 1348/1930/2626 1358/1951/2636 1349/1931/2627
f 1349/1931/2627 1358/1952/2636 1350/1932/2628
f 1350/1932/2628 1358/1953/2636 1351/1933/2629
f 1351/1933/2629 1358/1954/2636 1352/1934/2630
f 1352/1934/2630 1358/1955/2636 1353/1935/2631
f 1353/1935/2631 1358/1956/2636 1354/1936/2632
f 1354/1936/2632 1358/1957/2636 1355/1937/2633
f 1355/1937/2633 1358/1958/2636 1356/1938/2634
f 1356/1938/2634 1358/1959/2636 1357/1939/2635
f 1357/1939/2635 1358/1960/2636 1338/1940/2616
s 3
f 1218/1627/2637 1219/1628/2638 1360/1962/2639 1359/1961/2640
f 1219/1628/2638 1220/1629/2641 1363/1963/2642 1360/1962/2639
f 1220/1629/2641 1221/1630/2643 1365/1964/2644 1363/1963/2642
f 1221/1630/2643 1222/1631/2645 1367/1965/2646 1365/1964/2644
f 1222/1631/2645 1223/1632/2647 1369/1966/2648 1367/1965/2646
f 1223/1632/2647 1224/1633/2649 1371/1967/2650 1369/1966/2648
f 1224/1633/2649 1225/1634/2651 1373/1968/2652 1371/1967/2650
f 1225/1634/2651 1226/1635/2653 1375/1969/2654 1373/1968/2652
f 1226/1635/2653 1227/1636/2655 1377/1970/2656 1375/1969/2654
f 1227/1636/2655 1228/1637/2657 1379/1971/2658 1377/1970/2656
f 1228/1637/2657 1229/1638/2659 1381/1972/2660 1379/1971/2658
f 1229/1638/2659 1230/1639/2661 1383/1973/2662 1381/1972/2660
f 1230/1639/2661 1231/1640/2663 1385/1974/2664 1383/1973/2662
f 1231/1640/2663 1232/1641/2665 1387/1975/2666 1385/1974/2664
f 1232/1641/2665 1233/1642/2667 1389/1976/2668 1387/1975/2666
f 1233/1642/2667 1234/1643/2669 1391/1977/2670 1389/1976/2668
f 1234/1643/2669 1235/1644/2671 1393/1978/2672 1391/1977/2670
f 1235/1644/2671 1236/1645/2673 1395/1979/2674 1393/1978/2672
f 1236/1645/2673 1237/1646/2675 1397/1980/2676 1395/1979/2674
f 1237/1646/2675 1218/1647/2637 1359/1981/2640 1397/1980/2676
g default
v -1324.764367 3509.044761 -643.387221
v -1349.574355 3477.162751 -645.331138
v -1379.323154 3452.206428 -656.643373
v -1411.098692 3436.618568 -676.216620
v -1441.790606 3431.925023 -702.134865
v -1468.394519 3438.585485 -731.861090
v -1488.306263 3455.947712 -762.485457
v -1499.576774 3482.312208 -791.010249
v -1501.102770 3515.098310 -814.643271
v -1492.734901 3551.096646 -831.071155
v -1475.292294 3586.783315 -838.685805
v -1450.482325 3618.665340 -836.741867
v -1420.733514 3643.621802 -825.429664
v -1388.957962 3659.209647 -805.856444
v -1358.266088 3663.903054 -779.938193
v -1331.662164 3657.242731 -750.212001
v -1311.750441 3639.880365 -719.587611
v -1300.479956 3613.515884 -691.062804
v -1298.953940 3580.729767 -667.429803
v -1307.321785 3544.731570 -651.001939
v -1326.035580 3508.584967 -658.337802
v -1348.562596 3479.636664 -660.102829
v -1375.573939 3456.976674 -670.374135
v -1404.425536 3442.823286 -688.146251
v -1432.293177 3438.561793 -711.679553
v -1456.449057 3444.609209 -738.670371
v -1474.528526 3460.373841 -766.476739
v -1484.761925 3484.312259 -792.376718
v -1486.147506 3514.081475 -813.835049
v -1478.549642 3546.767268 -828.751248
v -1462.712051 3579.170183 -835.665244
v -1440.185088 3608.118376 -833.900142
v -1413.173743 3630.778353 -823.628875
v -1384.322200 3644.931617 -805.856727
v -1356.454502 3649.193373 -782.323499
v -1332.298704 3643.145694 -755.332631
v -1314.219165 3627.381325 -727.526325
v -1303.985794 3603.442769 -701.626328
v -1302.600195 3573.673691 -680.168024
v -1310.198059 3540.987899 -665.251825
v -1329.601228 3509.430745 -674.826271
v -1349.290540 3484.129075 -676.368991
v -1372.899317 3464.323510 -685.346442
v -1398.116536 3451.952936 -700.879842
v -1422.473726 3448.228385 -721.448720
v -1443.586762 3453.513890 -745.039543
v -1459.388773 3467.292746 -769.343219
v -1468.333129 3488.215707 -791.980584
v -1469.544186 3514.234869 -810.735852
v -1462.903370 3542.803392 -823.773113
v -1449.060843 3571.124559 -829.816143
v -1429.371466 3596.426339 -828.273486
v -1405.762720 3616.231765 -819.296021
v -1380.545532 3628.602355 -803.762611
v -1356.188307 3632.327030 -783.193783
v -1335.075329 3627.041401 -759.602932
v -1319.273254 3613.262655 -735.299319
v -1310.328914 3592.339709 -712.661930
v -1309.117928 3566.320436 -693.906605
v -1315.758693 3537.752038 -680.869380
v -1335.373390 3511.561505 -692.446752
v -1351.740220 3490.529431 -693.729132
v -1371.365106 3474.065964 -701.191669
v -1392.327007 3463.782917 -714.103886
v -1412.574082 3460.686692 -731.201780
v -1430.124305 3465.080467 -750.811806
v -1443.259845 3476.534050 -771.014287
v -1450.694812 3493.926446 -789.831736
v -1451.701470 3515.555076 -805.422157
v -1446.181333 3539.302599 -816.259379
v -1434.674653 3562.844736 -821.282685
v -1418.307799 3583.876948 -820.000325
v -1398.682967 3600.340291 -812.537756
v -1377.721055 3610.623324 -799.625569
v -1357.474028 3613.719579 -782.527640
v -1339.923773 3609.325775 -762.917664
v -1326.788259 3597.872206 -742.715167
v -1319.353221 3580.479920 -723.897775
v -1318.346572 3558.851290 -708.307364
v -1323.866748 3535.103642 -697.470094
v -1343.210075 3514.924572 -710.765236
v -1355.851376 3498.680003 -711.755729
v -1371.009146 3485.963943 -717.519605
v -1387.199600 3478.021549 -727.492667
v -1402.837871 3475.630287 -740.698706
v -1416.393283 3479.023744 -755.844941
v -1426.538807 3487.870369 -771.448857
v -1432.281406 3501.303768 -785.982964
v -1433.058984 3518.009010 -798.024557
v -1428.795326 3536.351128 -806.395000
v -1419.907862 3554.534528 -810.274862
v -1407.266557 3570.779097 -809.284366
v -1392.108798 3583.495004 -803.520497
v -1375.918332 3591.437384 -793.547464
v -1360.280062 3593.828799 -780.341429
v -1346.724661 3590.435189 -765.195201
v -1336.579137 3581.588718 -749.591289
v -1330.836532 3568.155318 -735.057176
v -1330.058977 3551.450091 -723.015565
v -1334.322621 3533.107959 -714.645149
v -1352.918206 3519.437295 -729.330755
v -1361.522773 3508.380009 -730.004935
v -1371.840171 3499.724727 -733.928233
v -1382.860511 3494.318560 -740.716570
v -1393.504965 3492.690920 -749.705527
v -1402.731728 3495.000722 -760.015067
v -1409.637472 3501.022276 -770.636156
v -1413.546293 3510.165933 -780.529055
v -1414.075523 3521.536775 -788.725422
v -1411.173443 3534.021500 -794.422854
v -1405.123992 3546.398430 -797.063798
v -1396.519426 3557.455716 -796.389618
v -1386.201989 3566.111123 -792.466368
v -1375.181677 3571.517151 -785.678015
v -1364.537222 3573.144944 -776.689060
v -1355.310468 3570.834989 -766.379525
v -1348.404702 3564.813574 -755.758459
v -1344.495927 3555.669793 -745.865519
v -1343.966697 3544.298951 -737.669153
v -1346.868861 3531.813977 -731.971632
v -1364.258804 3524.988397 -747.686117
v -1368.614693 3519.390898 -748.027428
v -1373.837749 3515.009238 -750.013478
v -1379.416568 3512.272490 -753.449992
v -1384.805190 3511.448381 -758.000446
v -1389.476026 3512.617822 -763.219520
v -1392.971975 3515.666100 -768.596226
v -1394.950694 3520.294991 -773.604384
v -1395.218630 3526.051222 -777.753632
v -1393.749486 3532.371451 -780.637879
v -1390.687100 3538.636999 -781.974763
v -1386.331147 3544.234608 -781.633516
v -1381.108157 3548.616158 -779.647404
v -1375.529275 3551.353016 -776.210956
v -1370.140745 3552.176877 -771.660419
v -1365.469821 3551.007684 -766.441431
v -1361.973939 3547.959297 -761.064665
v -1359.995153 3543.330515 -756.056568
v -1359.727283 3537.574175 -751.907257
v -1361.196410 3531.253931 -749.023034
v -1376.952652 3531.441274 -765.379315
v -1320.400612 3506.291915 -643.673599
v -1345.815587 3473.632624 -645.664924
v -1344.780624 3476.174305 -660.822080
v -1321.708863 3505.822414 -659.014274
v -1376.289847 3448.067660 -657.252939
v -1372.445228 3452.966272 -671.341781
v -1408.840116 3432.099816 -677.303454
v -1401.994635 3438.470478 -689.543676
v -1440.280372 3427.291966 -703.853688
v -1430.536223 3434.105924 -713.646153
v -1467.532976 3434.114679 -734.304733
v -1455.276355 3440.299609 -741.289691
v -1487.930272 3451.900168 -765.675750
v -1473.793067 3456.445486 -769.768533
v -1499.475509 3478.907627 -794.896164
v -1484.273973 3480.962716 -796.294920
v -1501.038769 3512.493099 -819.105397
v -1485.693091 3511.451868 -818.272175
v -1492.466847 3549.369227 -835.933854
v -1477.911454 3544.928158 -833.549150
v -1474.598924 3585.926092 -843.734190
v -1461.690815 3578.114897 -840.630352
v -1449.183962 3618.585537 -841.742883
v -1438.618983 3607.763255 -838.822647
v -1418.709833 3644.150421 -830.154787
v -1410.954382 3630.971288 -828.302948
v -1386.159537 3660.118250 -810.104287
v -1381.405053 3645.466973 -810.101003
v -1354.719235 3664.926210 -783.554135
v -1352.863436 3649.831499 -785.998579
v -1327.466688 3658.103374 -753.103059
v -1328.123378 3643.637857 -758.354990
v -1307.069400 3640.317899 -721.732009
v -1309.606605 3627.492104 -729.876175
v -1295.524063 3613.310521 -692.511706
v -1299.125760 3602.974584 -703.349798
v -1293.960881 3579.724940 -668.302423
v -1297.706675 3572.485460 -681.372495
v -1302.532758 3542.848936 -651.474007
v -1305.488335 3539.009017 -666.095539
v -1345.544472 3480.859144 -677.765940
v -1325.429545 3506.707748 -676.189872
v -1369.663575 3460.625433 -686.937424
v -1395.425872 3447.987519 -702.806620
v -1420.309620 3444.182246 -723.820073
v -1441.879009 3449.582230 -747.920863
v -1458.022606 3463.658850 -772.749892
v -1467.160310 3485.034141 -795.876535
v -1468.397512 3511.615718 -815.037274
v -1461.613218 3540.801550 -828.356311
v -1447.471412 3569.735069 -834.530021
v -1427.356531 3595.583549 -832.953911
v -1403.237373 3615.817384 -823.782460
v -1377.475120 3628.455160 -807.913261
v -1352.591402 3632.260295 -786.899794
v -1331.022020 3626.860464 -762.799014
v -1314.878318 3612.784078 -737.970093
v -1305.740745 3591.408581 -714.843286
v -1304.503471 3564.827100 -695.682643
v -1311.287814 3535.640991 -682.363565
v -1348.073389 3487.459832 -695.659835
v -1331.383738 3508.906898 -694.352214
v -1368.085234 3470.671971 -703.269571
v -1389.460568 3460.185926 -716.436381
v -1410.106827 3457.028708 -733.871557
v -1428.003260 3461.508911 -753.868208
v -1441.397784 3473.188729 -774.469136
v -1448.979424 3490.923838 -793.657639
v -1450.005960 3512.978973 -809.555470
v -1444.376862 3537.195053 -820.606526
v -1432.643373 3561.201224 -825.728792
v -1415.953733 3582.648304 -824.421141
v -1395.941866 3599.436304 -816.811429
v -1374.566596 3609.922072 -803.644592
v -1353.920278 3613.079400 -786.209484
v -1336.023927 3608.598935 -766.212784
v -1322.629353 3596.919547 -745.611899
v -1315.047711 3579.184285 -726.423391
v -1314.021214 3557.129025 -710.525513
v -1319.650221 3532.913180 -699.474579
v -1352.286421 3495.809933 -714.121822
v -1339.412819 3512.353078 -713.113118
v -1367.722806 3482.860132 -719.991588
v -1384.210786 3474.771856 -730.147971
v -1400.136540 3472.336420 -743.596636
v -1413.940994 3475.792470 -759.021307
v -1424.273035 3484.801454 -774.911950
v -1430.121127 3498.481933 -789.713209
v -1430.912994 3515.494203 -801.976113
v -1426.571009 3534.173195 -810.500371
v -1417.520206 3552.690844 -814.451533
v -1404.646547 3569.234113 -813.442858
v -1389.210165 3582.183914 -807.573096
v -1372.722200 3590.272038 -797.416724
v -1356.796513 3592.707364 -783.967998
v -1342.992018 3589.251439 -768.543373
v -1332.659961 3580.242593 -752.652758
v -1326.811842 3566.562099 -737.851514
v -1326.020043 3549.549721 -725.588550
v -1330.362067 3530.870437 -717.064282
v -1358.074165 3505.707471 -732.739633
v -1349.319125 3516.958182 -732.053654
v -1368.571944 3496.900889 -736.731587
v -1379.785079 3491.400055 -743.638572
v -1390.615731 3489.743881 -752.784676
v -1400.003799 3492.094147 -763.274557
v -1407.030263 3498.221144 -774.081436
v -1411.007473 3507.524628 -784.147319
v -1411.545960 3519.094377 -792.487012
v -1408.593069 3531.797538 -798.284145
v -1402.437868 3544.390781 -800.971222
v -1393.682811 3555.641477 -800.285267
v -1383.184992 3564.448184 -796.293359
v -1371.971999 3569.948646 -789.386257
v -1361.141323 3571.604958 -780.240174
v -1351.753261 3569.254540 -769.750296
v -1344.726710 3563.127944 -758.943505
v -1340.749551 3553.824337 -748.877587
v -1340.211061 3542.254587 -740.537891
v -1343.163929 3529.551411 -734.740777
v -1365.294499 3516.917214 -751.085950
v -1360.864683 3522.609717 -750.738801
v -1370.606229 3512.461177 -753.105729
v -1376.279841 3509.677788 -756.600539
v -1381.759946 3508.839727 -761.228274
v -1386.510087 3510.028970 -766.535974
v -1390.065358 3513.129193 -772.004016
v -1392.077682 3517.836658 -777.097200
v -1392.350214 3523.690436 -781.316865
v -1390.856103 3530.118173 -784.250096
v -1387.741683 3536.490132 -785.609714
v -1383.311835 3542.182607 -785.262614
v -1378.000076 3546.638782 -783.242852
v -1372.326539 3549.421909 -779.747986
v -1366.846455 3550.259984 -775.120231
v -1362.096276 3549.070712 -769.812576
v -1358.540962 3545.970767 -764.344581
v -1356.528637 3541.263149 -759.251392
v -1356.256172 3535.409261 -755.031665
v -1357.750280 3528.981677 -752.098435
v -1373.774275 3529.172198 -768.732224
vt 0.000000 0.650000
vt 0.050000 0.650000
vt 0.100000 0.650000
vt 0.150000 0.650000
vt 0.200000 0.650000
vt 0.250000 0.650000
vt 0.300000 0.650000
vt 0.350000 0.650000
vt 0.400000 0.650000
vt 0.450000 0.650000
vt 0.500000 0.650000
vt 0.550000 0.650000
vt 0.600000 0.650000
vt 0.650000 0.650000
vt 0.700000 0.650000
vt 0.750000 0.650000
vt 0.800000 0.650000
vt 0.850000 0.650000
vt 0.900000 0.650000
vt 0.950000 0.650000
vt 1.000000 0.650000
vt 0.000000 0.700000
vt 0.050000 0.700000
vt 0.100000 0.700000
vt 0.150000 0.700000
vt 0.200000 0.700000
vt 0.250000 0.700000
vt 0.300000 0.700000
vt 0.350000 0.700000
vt 0.400000 0.700000
vt 0.450000 0.700000
vt 0.500000 0.700000
vt 0.550000 0.700000
vt 0.600000 0.700000
vt 0.650000 0.700000
vt 0.700000 0.700000
vt 0.750000 0.700000
vt 0.800000 0.700000
vt 0.850000 0.700000
vt 0.900000 0.700000
vt 0.950000 0.700000
vt 1.000000 0.700000
vt 0.000000 0.750000
vt 0.050000 0.750000
vt 0.100000 0.750000
vt 0.150000 0.750000
vt 0.200000 0.750000
vt 0.250000 0.750000
vt 0.300000 0.750000
vt 0.350000 0.750000
vt 0.400000 0.750000
vt 0.450000 0.750000
vt 0.500000 0.750000
vt 0.550000 0.750000
vt 0.600000 0.750000
vt 0.650000 0.750000
vt 0.700000 0.750000
vt 0.750000 0.750000
vt 0.800000 0.750000
vt 0.850000 0.750000
vt 0.900000 0.750000
vt 0.950000 0.750000
vt 1.000000 0.750000
vt 0.000000 0.800000
vt 0.050000 0.800000
vt 0.100000 0.800000
vt 0.150000 0.800000
vt 0.200000 0.800000
vt 0.250000 0.800000
vt 0.300000 0.800000
vt 0.350000 0.800000
vt 0.400000 0.800000
vt 0.450000 0.800000
vt 0.500000 0.800000
vt 0.550000 0.800000
vt 0.600000 0.800000
vt 0.650000 0.800000
vt 0.700000 0.800000
vt 0.750000 0.800000
vt 0.800000 0.800000
vt 0.850000 0.800000
vt 0.900000 0.800000
vt 0.950000 0.800000
vt 1.000000 0.800000
vt 0.000000 0.850000
vt 0.050000 0.850000
vt 0.100000 0.850000
vt 0.150000 0.850000
vt 0.200000 0.850000
vt 0.250000 0.850000
vt 0.300000 0.850000
vt 0.350000 0.850000
vt 0.400000 0.850000
vt 0.450000 0.850000
vt 0.500000 0.850000
vt 0.550000 0.850000
vt 0.600000 0.850000
vt 0.650000 0.850000
vt 0.700000 0.850000
vt 0.750000 0.850000
vt 0.800000 0.850000
vt 0.850000 0.850000
vt 0.900000 0.850000
vt 0.950000 0.850000
vt 1.000000 0.850000
vt 0.000000 0.900000
vt 0.050000 0.900000
vt 0.100000 0.900000
vt 0.150000 0.900000
vt 0.200000 0.900000
vt 0.250000 0.900000
vt 0.300000 0.900000
vt 0.350000 0.900000
vt 0.400000 0.900000
vt 0.450000 0.900000
vt 0.500000 0.900000
vt 0.550000 0.900000
vt 0.600000 0.900000
vt 0.650000 0.900000
vt 0.700000 0.900000
vt 0.750000 0.900000
vt 0.800000 0.900000
vt 0.850000 0.900000
vt 0.900000 0.900000
vt 0.950000 0.900000
vt 1.000000 0.900000
vt 0.000000 0.950000
vt 0.050000 0.950000
vt 0.100000 0.950000
vt 0.150000 0.950000
vt 0.200000 0.950000
vt 0.250000 0.950000
vt 0.300000 0.950000
vt 0.350000 0.950000
vt 0.400000 0.950000
vt 0.450000 0.950000
vt 0.500000 0.950000
vt 0.550000 0.950000
vt 0.600000 0.950000
vt 0.650000 0.950000
vt 0.700000 0.950000
vt 0.750000 0.950000
vt 0.800000 0.950000
vt 0.850000 0.950000
vt 0.900000 0.950000
vt 0.950000 0.950000
vt 1.000000 0.950000
vt 0.025000 1.000000
vt 0.075000 1.000000
vt 0.125000 1.000000
vt 0.175000 1.000000
vt 0.225000 1.000000
vt 0.275000 1.000000
vt 0.325000 1.000000
vt 0.375000 1.000000
vt 0.425000 1.000000
vt 0.475000 1.000000
vt 0.525000 1.000000
vt 0.575000 1.000000
vt 0.625000 1.000000
vt 0.675000 1.000000
vt 0.725000 1.000000
vt 0.775000 1.000000
vt 0.825000 1.000000
vt 0.875000 1.000000
vt 0.925000 1.000000
vt 0.975000 1.000000
vt 0.000000 0.650000
vt 0.050000 0.650000
vt 0.050000 0.700000
vt 0.000000 0.700000
vt 0.100000 0.650000
vt 0.100000 0.700000
vt 0.150000 0.650000
vt 0.150000 0.700000
vt 0.200000 0.650000
vt 0.200000 0.700000
vt 0.250000 0.650000
vt 0.250000 0.700000
vt 0.300000 0.650000
vt 0.300000 0.700000
vt 0.350000 0.650000
vt 0.350000 0.700000
vt 0.400000 0.650000
vt 0.400000 0.700000
vt 0.450000 0.650000
vt 0.450000 0.700000
vt 0.500000 0.650000
vt 0.500000 0.700000
vt 0.550000 0.650000
vt 0.550000 0.700000
vt 0.600000 0.650000
vt 0.600000 0.700000
vt 0.650000 0.650000
vt 0.650000 0.700000
vt 0.700000 0.650000
vt 0.700000 0.700000
vt 0.750000 0.650000
vt 0.750000 0.700000
vt 0.800000 0.650000
vt 0.800000 0.700000
vt 0.850000 0.650000
vt 0.850000 0.700000
vt 0.900000 0.650000
vt 0.900000 0.700000
vt 0.950000 0.650000
vt 0.950000 0.700000
vt 1.000000 0.650000
vt 1.000000 0.700000
vt 0.050000 0.750000
vt 0.000000 0.750000
vt 0.100000 0.750000
vt 0.150000 0.750000
vt 0.200000 0.750000
vt 0.250000 0.750000
vt 0.300000 0.750000
vt 0.350000 0.750000
vt 0.400000 0.750000
vt 0.450000 0.750000
vt 0.500000 0.750000
vt 0.550000 0.750000
vt 0.600000 0.750000
vt 0.650000 0.750000
vt 0.700000 0.750000
vt 0.750000 0.750000
vt 0.800000 0.750000
vt 0.850000 0.750000
vt 0.900000 0.750000
vt 0.950000 0.750000
vt 1.000000 0.750000
vt 0.050000 0.800000
vt 0.000000 0.800000
vt 0.100000 0.800000
vt 0.150000 0.800000
vt 0.200000 0.800000
vt 0.250000 0.800000
vt 0.300000 0.800000
vt 0.350000 0.800000
vt 0.400000 0.800000
vt 0.450000 0.800000
vt 0.500000 0.800000
vt 0.550000 0.800000
vt 0.600000 0.800000
vt 0.650000 0.800000
vt 0.700000 0.800000
vt 0.750000 0.800000
vt 0.800000 0.800000
vt 0.850000 0.800000
vt 0.900000 0.800000
vt 0.950000 0.800000
vt 1.000000 0.800000
vt 0.050000 0.850000
vt 0.000000 0.850000
vt 0.100000 0.850000
vt 0.150000 0.850000
vt 0.200000 0.850000
vt 0.250000 0.850000
vt 0.300000 0.850000
vt 0.350000 0.850000
vt 0.400000 0.850000
vt 0.450000 0.850000
vt 0.500000 0.850000
vt 0.550000 0.850000
vt 0.600000 0.850000
vt 0.650000 0.850000
vt 0.700000 0.850000
vt 0.750000 0.850000
vt 0.800000 0.850000
vt 0.850000 0.850000
vt 0.900000 0.850000
vt 0.950000 0.850000
vt 1.000000 0.850000
vt 0.050000 0.900000
vt 0.000000 0.900000
vt 0.100000 0.900000
vt 0.150000 0.900000
vt 0.200000 0.900000
vt 0.250000 0.900000
vt 0.300000 0.900000
vt 0.350000 0.900000
vt 0.400000 0.900000
vt 0.450000 0.900000
vt 0.500000 0.900000
vt 0.550000 0.900000
vt 0.600000 0.900000
vt 0.650000 0.900000
vt 0.700000 0.900000
vt 0.750000 0.900000
vt 0.800000 0.900000
vt 0.850000 0.900000
vt 0.900000 0.900000
vt 0.950000 0.900000
vt 1.000000 0.900000
vt 0.050000 0.950000
vt 0.000000 0.950000
vt 0.100000 0.950000
vt 0.150000 0.950000
vt 0.200000 0.950000
vt 0.250000 0.950000
vt 0.300000 0.950000
vt 0.350000 0.950000
vt 0.400000 0.950000
vt 0.450000 0.950000
vt 0.500000 0.950000
vt 0.550000 0.950000
vt 0.600000 0.950000
vt 0.650000 0.950000
vt 0.700000 0.950000
vt 0.750000 0.950000
vt 0.800000 0.950000
vt 0.850000 0.950000
vt 0.900000 0.950000
vt 0.950000 0.950000
vt 1.000000 0.950000
vt 0.025000 1.000000
vt 0.075000 1.000000
vt 0.125000 1.000000
vt 0.175000 1.000000
vt 0.225000 1.000000
vt 0.275000 1.000000
vt 0.325000 1.000000
vt 0.375000 1.000000
vt 0.425000 1.000000
vt 0.475000 1.000000
vt 0.525000 1.000000
vt 0.575000 1.000000
vt 0.625000 1.000000
vt 0.675000 1.000000
vt 0.725000 1.000000
vt 0.775000 1.000000
vt 0.825000 1.000000
vt 0.875000 1.000000
vt 0.925000 1.000000
vt 0.975000 1.000000
vt 0.000000 0.650000
vt 0.050000 0.650000
vt 0.100000 0.650000
vt 0.150000 0.650000
vt 0.200000 0.650000
vt 0.250000 0.650000
vt 0.300000 0.650000
vt 0.350000 0.650000
vt 0.400000 0.650000
vt 0.450000 0.650000
vt 0.500000 0.650000
vt 0.550000 0.650000
vt 0.600000 0.650000
vt 0.650000 0.650000
vt 0.700000 0.650000
vt 0.750000 0.650000
vt 0.800000 0.650000
vt 0.850000 0.650000
vt 0.900000 0.650000
vt 0.950000 0.650000
vt 1.000000 0.650000
vn 0.844448 -0.532732 -0.055710
vn 0.727421 -0.683118 -0.064879
vn 0.730370 -0.669484 -0.135466
vn 0.836155 -0.533545 -0.127178
vn 0.587100 -0.800833 -0.118236
vn 0.603527 -0.775893 -0.183697
vn 0.437217 -0.874360 -0.210560
vn 0.468040 -0.842358 -0.267154
vn 0.292446 -0.896499 -0.332814
vn 0.337176 -0.862370 -0.377665
vn 0.166960 -0.865081 -0.473031
vn 0.223742 -0.833970 -0.504413
vn 0.073038 -0.783186 -0.617483
vn 0.138843 -0.759941 -0.634990
vn 0.019873 -0.658828 -0.752032
vn 0.090788 -0.647528 -0.756614
vn 0.012675 -0.504177 -0.863507
vn 0.084280 -0.507733 -0.857382
vn 0.052147 -0.334377 -0.940996
vn 0.119959 -0.354243 -0.927428
vn 0.134423 -0.166047 -0.976913
vn 0.194331 -0.202081 -0.959895
vn 0.251448 -0.015661 -0.967744
vn 0.300117 -0.066141 -0.951607
vn 0.391770 0.102059 -0.914385
vn 0.426960 0.040269 -0.903373
vn 0.541652 0.175585 -0.822060
vn 0.562446 0.106733 -0.819916
vn 0.686424 0.197722 -0.699806
vn 0.693311 0.126743 -0.709406
vn 0.811912 0.166307 -0.559589
vn 0.806744 0.098346 -0.582659
vn 0.905835 0.084411 -0.415137
vn 0.891645 0.024317 -0.452081
vn 0.958996 -0.039951 -0.280589
vn 0.939700 -0.088098 -0.330457
vn 0.966194 -0.194601 -0.169116
vn 0.946207 -0.227892 -0.229690
vn 0.926724 -0.364400 -0.091628
vn 0.910528 -0.381382 -0.159645
vn 0.725797 -0.634966 -0.264643
vn 0.809259 -0.527714 -0.258105
vn 0.625721 -0.718921 -0.302698
vn 0.518826 -0.771359 -0.368544
vn 0.415576 -0.787149 -0.455733
vn 0.326078 -0.764743 -0.555735
vn 0.259095 -0.706335 -0.658757
vn 0.221182 -0.617643 -0.754716
vn 0.216048 -0.507349 -0.834218
vn 0.244197 -0.386249 -0.889483
vn 0.302875 -0.266196 -0.915099
vn 0.386338 -0.158944 -0.908559
vn 0.486415 -0.074990 -0.870504
vn 0.593310 -0.022552 -0.804658
vn 0.696558 -0.006763 -0.717469
vn 0.786054 -0.029168 -0.617469
vn 0.853039 -0.087576 -0.514446
vn 0.890954 -0.176267 -0.418487
vn 0.896087 -0.286561 -0.338984
vn 0.867937 -0.407661 -0.283720
vn 0.712285 -0.598017 -0.367459
vn 0.776245 -0.515826 -0.362448
vn 0.635594 -0.662353 -0.396622
vn 0.553677 -0.702539 -0.447081
vn 0.474554 -0.714639 -0.513897
vn 0.405968 -0.697468 -0.590532
vn 0.354635 -0.652709 -0.669481
vn 0.325581 -0.584742 -0.743017
vn 0.321647 -0.500221 -0.803942
vn 0.343220 -0.407416 -0.846293
vn 0.388187 -0.315416 -0.865923
vn 0.452147 -0.233225 -0.860912
vn 0.528838 -0.168888 -0.831749
vn 0.610755 -0.128703 -0.781290
vn 0.689878 -0.116603 -0.714473
vn 0.758462 -0.133774 -0.637840
vn 0.809794 -0.178534 -0.558891
vn 0.838850 -0.246501 -0.485354
vn 0.842783 -0.331023 -0.424429
vn 0.821211 -0.423826 -0.382079
vn 0.694097 -0.561065 -0.451037
vn 0.740937 -0.500874 -0.447367
vn 0.637933 -0.608183 -0.472393
vn 0.577942 -0.637611 -0.509347
vn 0.519998 -0.646472 -0.558280
vn 0.469770 -0.633897 -0.614403
vn 0.432177 -0.601118 -0.672220
vn 0.410899 -0.551343 -0.726073
vn 0.408018 -0.489446 -0.770691
vn 0.423817 -0.421482 -0.801706
vn 0.456748 -0.354105 -0.816083
vn 0.503587 -0.293914 -0.812413
vn 0.559751 -0.246797 -0.791056
vn 0.619743 -0.217369 -0.754102
vn 0.677688 -0.208507 -0.705169
vn 0.727915 -0.221082 -0.649048
vn 0.765507 -0.253861 -0.591230
vn 0.786785 -0.303636 -0.537377
vn 0.789667 -0.365535 -0.492758
vn 0.773868 -0.433499 -0.461743
vn 0.673340 -0.524901 -0.520665
vn 0.704932 -0.484303 -0.518190
vn 0.635458 -0.556680 -0.535071
vn 0.594994 -0.576530 -0.559996
vn 0.555911 -0.582507 -0.592999
vn 0.522034 -0.574026 -0.630853
vn 0.496678 -0.551916 -0.669851
vn 0.482326 -0.518344 -0.706174
vn 0.480383 -0.476595 -0.736267
vn 0.491040 -0.430754 -0.757186
vn 0.513250 -0.385310 -0.766883
vn 0.544843 -0.344712 -0.764408
vn 0.582725 -0.312932 -0.750003
vn 0.623188 -0.293084 -0.725078
vn 0.662271 -0.287106 -0.692074
vn 0.696149 -0.295588 -0.654221
vn 0.721505 -0.317696 -0.615224
vn 0.735856 -0.351269 -0.578901
vn 0.737799 -0.393019 -0.548806
vn 0.727143 -0.438860 -0.527887
vn 0.652133 -0.491325 -0.577341
vn 0.670557 -0.467649 -0.575897
vn 0.630040 -0.509859 -0.585742
vn 0.606442 -0.521436 -0.600277
vn 0.583649 -0.524923 -0.619524
vn 0.563891 -0.519975 -0.641602
vn 0.549104 -0.507081 -0.664345
vn 0.540735 -0.487504 -0.685526
vn 0.539601 -0.463154 -0.703078
vn 0.545816 -0.436420 -0.715278
vn 0.558769 -0.409920 -0.720932
vn 0.577194 -0.386242 -0.719489
vn 0.599287 -0.367708 -0.711088
vn 0.622885 -0.356132 -0.696552
vn 0.645677 -0.352647 -0.677305
vn 0.665433 -0.357593 -0.655229
vn 0.680222 -0.370486 -0.632486
vn 0.688592 -0.390066 -0.611302
vn 0.689725 -0.414415 -0.593751
vn 0.683510 -0.441148 -0.581552
vn 0.617516 -0.440820 -0.651423
vn -0.844473 0.532723 0.055420
vn -0.836283 0.533551 0.126309
vn -0.730357 0.669671 0.134607
vn -0.727403 0.683164 0.064591
vn -0.603345 0.776222 0.182904
vn -0.587027 0.800927 0.117967
vn -0.467679 0.842774 0.266472
vn -0.437088 0.874480 0.210329
vn -0.336642 0.862812 0.377131
vn -0.292265 0.896625 0.332632
vn -0.223056 0.834376 0.504046
vn -0.166728 0.865198 0.472900
vn -0.138043 0.760249 0.634796
vn -0.072770 0.783272 0.617406
vn -0.089924 0.647685 0.756583
vn -0.019588 0.658866 0.752006
vn -0.083409 0.507705 0.857484
vn -0.012388 0.504158 0.863522
vn -0.119136 0.354012 0.927622
vn -0.051873 0.334294 0.941040
vn -0.193607 0.201647 0.960133
vn -0.134179 0.165899 0.976972
vn -0.299532 0.065527 0.951833
vn -0.251250 0.015458 0.967799
vn -0.426544 -0.041024 0.903536
vn -0.391626 -0.102302 0.914420
vn -0.562210 -0.107575 0.819968
vn -0.541565 -0.175854 0.822060
vn -0.693248 -0.127613 0.709311
vn -0.686390 -0.198001 0.699761
vn -0.806833 -0.099177 0.582395
vn -0.811925 -0.166574 0.559492
vn -0.891846 -0.025051 0.451644
vn -0.905882 -0.084649 0.414985
vn -0.939966 0.087512 0.329858
vn -0.959064 0.039756 0.280385
vn -0.946481 0.227492 0.228958
vn -0.966265 0.194464 0.168869
vn -0.910754 0.381187 0.158820
vn -0.926779 0.364328 0.091351
vn -0.809252 0.527711 0.258134
vn -0.725795 0.634956 0.264674
vn -0.625725 0.718905 0.302726
vn -0.518836 0.771341 0.368568
vn -0.415594 0.787129 0.455751
vn -0.326103 0.764725 0.555745
vn -0.259123 0.706321 0.658761
vn -0.221212 0.617635 0.754714
vn -0.216078 0.507348 0.834211
vn -0.244226 0.386256 0.889472
vn -0.302900 0.266211 0.915086
vn -0.386357 0.158964 0.908548
vn -0.486427 0.075015 0.870495
vn -0.593315 0.022580 0.804654
vn -0.696557 0.006792 0.717469
vn -0.786049 0.029196 0.617475
vn -0.853029 0.087600 0.514459
vn -0.890941 0.176286 0.418506
vn -0.896074 0.286574 0.339008
vn -0.867926 0.407666 0.283748
vn -0.776251 0.515828 0.362430
vn -0.712288 0.598023 0.367442
vn -0.635593 0.662363 0.396606
vn -0.553670 0.702552 0.447069
vn -0.474544 0.714652 0.513888
vn -0.405956 0.697480 0.590526
vn -0.354621 0.652718 0.669480
vn -0.325564 0.584748 0.743020
vn -0.321629 0.500221 0.803949
vn -0.343203 0.407413 0.846302
vn -0.388172 0.315409 0.865933
vn -0.452136 0.233213 0.860921
vn -0.528832 0.168872 0.831757
vn -0.610753 0.128685 0.781295
vn -0.689880 0.116584 0.714474
vn -0.758468 0.133756 0.637837
vn -0.809803 0.178518 0.558884
vn -0.838859 0.246489 0.485343
vn -0.842794 0.331015 0.424414
vn -0.821221 0.423823 0.382061
vn -0.740949 0.500880 0.447341
vn -0.694104 0.561078 0.451011
vn -0.637934 0.608199 0.472371
vn -0.577934 0.637633 0.509330
vn -0.519983 0.646495 0.558267
vn -0.469751 0.633919 0.614395
vn -0.432153 0.601135 0.672220
vn -0.410873 0.551355 0.726079
vn -0.407991 0.489449 0.770703
vn -0.423792 0.421478 0.801721
vn -0.456726 0.354095 0.816099
vn -0.503572 0.293896 0.812429
vn -0.559742 0.246774 0.791070
vn -0.619741 0.217341 0.754112
vn -0.677692 0.208479 0.705173
vn -0.727925 0.221055 0.649045
vn -0.765522 0.253838 0.591220
vn -0.786803 0.303619 0.537361
vn -0.789684 0.365525 0.492738
vn -0.773884 0.433496 0.461719
vn -0.704945 0.484309 0.518167
vn -0.673347 0.524914 0.520642
vn -0.635459 0.556698 0.535051
vn -0.594989 0.576551 0.559980
vn -0.555900 0.582529 0.592989
vn -0.522017 0.574046 0.630848
vn -0.496657 0.551933 0.669852
vn -0.482303 0.518356 0.706181
vn -0.480359 0.476599 0.736280
vn -0.491017 0.430751 0.757203
vn -0.513231 0.385300 0.766901
vn -0.544829 0.344696 0.764425
vn -0.582717 0.312910 0.750018
vn -0.623189 0.293058 0.725088
vn -0.662277 0.287080 0.692079
vn -0.696159 0.295563 0.654221
vn -0.721521 0.317675 0.615216
vn -0.735875 0.351254 0.578886
vn -0.737818 0.393010 0.548787
vn -0.727161 0.438857 0.527865
vn -0.670570 0.467657 0.575876
vn -0.652139 0.491340 0.577321
vn -0.630042 0.509877 0.585723
vn -0.606439 0.521456 0.600263
vn -0.583639 0.524943 0.619516
vn -0.563877 0.519995 0.641598
vn -0.549086 0.507098 0.664346
vn -0.540715 0.487515 0.685534
vn -0.539581 0.463160 0.703090
vn -0.545797 0.436418 0.715293
vn -0.558753 0.409910 0.720950
vn -0.577182 0.386228 0.719506
vn -0.599281 0.367689 0.711103
vn -0.622886 0.356110 0.696562
vn -0.645684 0.352623 0.677310
vn -0.665445 0.357571 0.655230
vn -0.680237 0.370468 0.632480
vn -0.688609 0.390053 0.611290
vn -0.689743 0.414407 0.593736
vn -0.683527 0.441146 0.581533
vn -0.617515 0.440820 0.651423
vn 0.084685 0.030630 0.995937
vn -0.067400 -0.164801 0.984021
vn -0.067399 -0.164800 0.984021
vn 0.084685 0.030630 0.995937
vn -0.249760 -0.317774 0.914680
vn -0.249761 -0.317775 0.914679
vn -0.444538 -0.413329 0.794698
vn -0.444538 -0.413329 0.794698
vn -0.632672 -0.442107 0.635820
vn -0.632672 -0.442107 0.635820
vn -0.795753 -0.401273 0.453605
vn -0.795753 -0.401274 0.453605
vn -0.917809 -0.294842 0.265884
vn -0.917809 -0.294843 0.265885
vn -0.986895 -0.133237 0.091027
vn -0.986895 -0.133236 0.091026
vn -0.996249 0.067737 -0.053842
vn -0.996249 0.067736 -0.053842
vn -0.944955 0.288403 -0.154542
vn -0.944955 0.288403 -0.154542
vn -0.838034 0.507159 -0.201218
vn -0.838034 0.507159 -0.201218
vn -0.685954 0.702590 -0.189301
vn -0.685953 0.702591 -0.189301
vn -0.503595 0.855570 -0.119964
vn -0.503595 0.855570 -0.119964
vn -0.308810 0.951124 0.000013
vn -0.308810 0.951124 0.000013
vn -0.120671 0.979894 0.158890
vn -0.120671 0.979894 0.158890
vn 0.042404 0.939066 0.341113
vn 0.042404 0.939065 0.341113
vn 0.164451 0.832635 0.528843
vn 0.164451 0.832636 0.528842
vn 0.233537 0.671025 0.703695
vn 0.233537 0.671026 0.703694
vn 0.242897 0.470051 0.848559
vn 0.242897 0.470051 0.848559
vn 0.191605 0.249385 0.949260
vn 0.191605 0.249385 0.949260
s 1
g group5 pSphere4
usemtl initialShadingGroup
f 1641/2316/2677 1642/2317/2678 1643/2004/2679 1644/2003/2680
f 1642/2317/2678 1645/2318/2681 1646/2005/2682 1643/2004/2679
f 1645/2318/2681 1647/2319/2683 1648/2006/2684 1646/2005/2682
f 1647/2319/2683 1649/2320/2685 1650/2007/2686 1648/2006/2684
f 1649/2320/2685 1651/2321/2687 1652/2008/2688 1650/2007/2686
f 1651/2321/2687 1653/2322/2689 1654/2009/2690 1652/2008/2688
f 1653/2322/2689 1655/2323/2691 1656/2010/2692 1654/2009/2690
f 1655/2323/2691 1657/2324/2693 1658/2011/2694 1656/2010/2692
f 1657/2324/2693 1659/2325/2695 1660/2012/2696 1658/2011/2694
f 1659/2325/2695 1661/2326/2697 1662/2013/2698 1660/2012/2696
f 1661/2326/2697 1663/2327/2699 1664/2014/2700 1662/2013/2698
f 1663/2327/2699 1665/2328/2701 1666/2015/2702 1664/2014/2700
f 1665/2328/2701 1667/2329/2703 1668/2016/2704 1666/2015/2702
f 1667/2329/2703 1669/2330/2705 1670/2017/2706 1668/2016/2704
f 1669/2330/2705 1671/2331/2707 1672/2018/2708 1670/2017/2706
f 1671/2331/2707 1673/2332/2709 1674/2019/2710 1672/2018/2708
f 1673/2332/2709 1675/2333/2711 1676/2020/2712 1674/2019/2710
f 1675/2333/2711 1677/2334/2713 1678/2021/2714 1676/2020/2712
f 1677/2334/2713 1679/2335/2715 1680/2022/2716 1678/2021/2714
f 1679/2335/2715 1641/2336/2677 1644/2023/2680 1680/2022/2716
f 1644/2003/2680 1643/2004/2679 1681/2025/2717 1682/2024/2718
f 1643/2004/2679 1646/2005/2682 1683/2026/2719 1681/2025/2717
f 1646/2005/2682 1648/2006/2684 1684/2027/2720 1683/2026/2719
f 1648/2006/2684 1650/2007/2686 1685/2028/2721 1684/2027/2720
f 1650/2007/2686 1652/2008/2688 1686/2029/2722 1685/2028/2721
f 1652/2008/2688 1654/2009/2690 1687/2030/2723 1686/2029/2722
f 1654/2009/2690 1656/2010/2692 1688/2031/2724 1687/2030/2723
f 1656/2010/2692 1658/2011/2694 1689/2032/2725 1688/2031/2724
f 1658/2011/2694 1660/2012/2696 1690/2033/2726 1689/2032/2725
f 1660/2012/2696 1662/2013/2698 1691/2034/2727 1690/2033/2726
f 1662/2013/2698 1664/2014/2700 1692/2035/2728 1691/2034/2727
f 1664/2014/2700 1666/2015/2702 1693/2036/2729 1692/2035/2728
f 1666/2015/2702 1668/2016/2704 1694/2037/2730 1693/2036/2729
f 1668/2016/2704 1670/2017/2706 1695/2038/2731 1694/2037/2730
f 1670/2017/2706 1672/2018/2708 1696/2039/2732 1695/2038/2731
f 1672/2018/2708 1674/2019/2710 1697/2040/2733 1696/2039/2732
f 1674/2019/2710 1676/2020/2712 1698/2041/2734 1697/2040/2733
f 1676/2020/2712 1678/2021/2714 1699/2042/2735 1698/2041/2734
f 1678/2021/2714 1680/2022/2716 1700/2043/2736 1699/2042/2735
f 1680/2022/2716 1644/2023/2680 1682/2044/2718 1700/2043/2736
f 1682/2024/2718 1681/2025/2717 1701/2046/2737 1702/2045/2738
f 1681/2025/2717 1683/2026/2719 1703/2047/2739 1701/2046/2737
f 1683/2026/2719 1684/2027/2720 1704/2048/2740 1703/2047/2739
f 1684/2027/2720 1685/2028/2721 1705/2049/2741 1704/2048/2740
f 1685/2028/2721 1686/2029/2722 1706/2050/2742 1705/2049/2741
f 1686/2029/2722 1687/2030/2723 1707/2051/2743 1706/2050/2742
f 1687/2030/2723 1688/2031/2724 1708/2052/2744 1707/2051/2743
f 1688/2031/2724 1689/2032/2725 1709/2053/2745 1708/2052/2744
f 1689/2032/2725 1690/2033/2726 1710/2054/2746 1709/2053/2745
f 1690/2033/2726 1691/2034/2727 1711/2055/2747 1710/2054/2746
f 1691/2034/2727 1692/2035/2728 1712/2056/2748 1711/2055/2747
f 1692/2035/2728 1693/2036/2729 1713/2057/2749 1712/2056/2748
f 1693/2036/2729 1694/2037/2730 1714/2058/2750 1713/2057/2749
f 1694/2037/2730 1695/2038/2731 1715/2059/2751 1714/2058/2750
f 1695/2038/2731 1696/2039/2732 1716/2060/2752 1715/2059/2751
f 1696/2039/2732 1697/2040/2733 1717/2061/2753 1716/2060/2752
f 1697/2040/2733 1698/2041/2734 1718/2062/2754 1717/2061/2753
f 1698/2041/2734 1699/2042/2735 1719/2063/2755 1718/2062/2754
f 1699/2042/2735 1700/2043/2736 1720/2064/2756 1719/2063/2755
f 1700/2043/2736 1682/2044/2718 1702/2065/2738 1720/2064/2756
f 1702/2045/2738 1701/2046/2737 1721/2067/2757 1722/2066/2758
f 1701/2046/2737 1703/2047/2739 1723/2068/2759 1721/2067/2757
f 1703/2047/2739 1704/2048/2740 1724/2069/2760 1723/2068/2759
f 1704/2048/2740 1705/2049/2741 1725/2070/2761 1724/2069/2760
f 1705/2049/2741 1706/2050/2742 1726/2071/2762 1725/2070/2761
f 1706/2050/2742 1707/2051/2743 1727/2072/2763 1726/2071/2762
f 1707/2051/2743 1708/2052/2744 1728/2073/2764 1727/2072/2763
f 1708/2052/2744 1709/2053/2745 1729/2074/2765 1728/2073/2764
f 1709/2053/2745 1710/2054/2746 1730/2075/2766 1729/2074/2765
f 1710/2054/2746 1711/2055/2747 1731/2076/2767 1730/2075/2766
f 1711/2055/2747 1712/2056/2748 1732/2077/2768 1731/2076/2767
f 1712/2056/2748 1713/2057/2749 1733/2078/2769 1732/2077/2768
f 1713/2057/2749 1714/2058/2750 1734/2079/2770 1733/2078/2769
f 1714/2058/2750 1715/2059/2751 1735/2080/2771 1734/2079/2770
f 1715/2059/2751 1716/2060/2752 1736/2081/2772 1735/2080/2771
f 1716/2060/2752 1717/2061/2753 1737/2082/2773 1736/2081/2772
f 1717/2061/2753 1718/2062/2754 1738/2083/2774 1737/2082/2773
f 1718/2062/2754 1719/2063/2755 1739/2084/2775 1738/2083/2774
f 1719/2063/2755 1720/2064/2756 1740/2085/2776 1739/2084/2775
f 1720/2064/2756 1702/2065/2738 1722/2086/2758 1740/2085/2776
f 1722/2066/2758 1721/2067/2757 1741/2088/2777 1742/2087/2778
f 1721/2067/2757 1723/2068/2759 1743/2089/2779 1741/2088/2777
f 1723/2068/2759 1724/2069/2760 1744/2090/2780 1743/2089/2779
f 1724/2069/2760 1725/2070/2761 1745/2091/2781 1744/2090/2780
f 1725/2070/2761 1726/2071/2762 1746/2092/2782 1745/2091/2781
f 1726/2071/2762 1727/2072/2763 1747/2093/2783 1746/2092/2782
f 1727/2072/2763 1728/2073/2764 1748/2094/2784 1747/2093/2783
f 1728/2073/2764 1729/2074/2765 1749/2095/2785 1748/2094/2784
f 1729/2074/2765 1730/2075/2766 1750/2096/2786 1749/2095/2785
f 1730/2075/2766 1731/2076/2767 1751/2097/2787 1750/2096/2786
f 1731/2076/2767 1732/2077/2768 1752/2098/2788 1751/2097/2787
f 1732/2077/2768 1733/2078/2769 1753/2099/2789 1752/2098/2788
f 1733/2078/2769 1734/2079/2770 1754/2100/2790 1753/2099/2789
f 1734/2079/2770 1735/2080/2771 1755/2101/2791 1754/2100/2790
f 1735/2080/2771 1736/2081/2772 1756/2102/2792 1755/2101/2791
f 1736/2081/2772 1737/2082/2773 1757/2103/2793 1756/2102/2792
f 1737/2082/2773 1738/2083/2774 1758/2104/2794 1757/2103/2793
f 1738/2083/2774 1739/2084/2775 1759/2105/2795 1758/2104/2794
f 1739/2084/2775 1740/2085/2776 1760/2106/2796 1759/2105/2795
f 1740/2085/2776 1722/2086/2758 1742/2107/2778 1760/2106/2796
f 1742/2087/2778 1741/2088/2777 1761/2109/2797 1762/2108/2798
f 1741/2088/2777 1743/2089/2779 1763/2110/2799 1761/2109/2797
f 1743/2089/2779 1744/2090/2780 1764/2111/2800 1763/2110/2799
f 1744/2090/2780 1745/2091/2781 1765/2112/2801 1764/2111/2800
f 1745/2091/2781 1746/2092/2782 1766/2113/2802 1765/2112/2801
f 1746/2092/2782 1747/2093/2783 1767/2114/2803 1766/2113/2802
f 1747/2093/2783 1748/2094/2784 1768/2115/2804 1767/2114/2803
f 1748/2094/2784 1749/2095/2785 1769/2116/2805 1768/2115/2804
f 1749/2095/2785 1750/2096/2786 1770/2117/2806 1769/2116/2805
f 1750/2096/2786 1751/2097/2787 1771/2118/2807 1770/2117/2806
f 1751/2097/2787 1752/2098/2788 1772/2119/2808 1771/2118/2807
f 1752/2098/2788 1753/2099/2789 1773/2120/2809 1772/2119/2808
f 1753/2099/2789 1754/2100/2790 1774/2121/2810 1773/2120/2809
f 1754/2100/2790 1755/2101/2791 1775/2122/2811 1774/2121/2810
f 1755/2101/2791 1756/2102/2792 1776/2123/2812 1775/2122/2811
f 1756/2102/2792 1757/2103/2793 1777/2124/2813 1776/2123/2812
f 1757/2103/2793 1758/2104/2794 1778/2125/2814 1777/2124/2813
f 1758/2104/2794 1759/2105/2795 1779/2126/2815 1778/2125/2814
f 1759/2105/2795 1760/2106/2796 1780/2127/2816 1779/2126/2815
f 1760/2106/2796 1742/2107/2778 1762/2128/2798 1780/2127/2816
f 1762/2108/2798 1761/2109/2797 1781/2129/2817
f 1761/2109/2797 1763/2110/2799 1781/2130/2817
f 1763/2110/2799 1764/2111/2800 1781/2131/2817
f 1764/2111/2800 1765/2112/2801 1781/2132/2817
f 1765/2112/2801 1766/2113/2802 1781/2133/2817
f 1766/2113/2802 1767/2114/2803 1781/2134/2817
f 1767/2114/2803 1768/2115/2804 1781/2135/2817
f 1768/2115/2804 1769/2116/2805 1781/2136/2817
f 1769/2116/2805 1770/2117/2806 1781/2137/2817
f 1770/2117/2806 1771/2118/2807 1781/2138/2817
f 1771/2118/2807 1772/2119/2808 1781/2139/2817
f 1772/2119/2808 1773/2120/2809 1781/2140/2817
f 1773/2120/2809 1774/2121/2810 1781/2141/2817
f 1774/2121/2810 1775/2122/2811 1781/2142/2817
f 1775/2122/2811 1776/2123/2812 1781/2143/2817
f 1776/2123/2812 1777/2124/2813 1781/2144/2817
f 1777/2124/2813 1778/2125/2814 1781/2145/2817
f 1778/2125/2814 1779/2126/2815 1781/2146/2817
f 1779/2126/2815 1780/2127/2816 1781/2147/2817
f 1780/2127/2816 1762/2128/2798 1781/2148/2817
s 2
f 1500/2149/2818 1520/2152/2819 1521/2151/2820 1501/2150/2821
f 1501/2150/2821 1521/2151/2820 1522/2154/2822 1502/2153/2823
f 1502/2153/2823 1522/2154/2822 1523/2156/2824 1503/2155/2825
f 1503/2155/2825 1523/2156/2824 1524/2158/2826 1504/2157/2827
f 1504/2157/2827 1524/2158/2826 1525/2160/2828 1505/2159/2829
f 1505/2159/2829 1525/2160/2828 1526/2162/2830 1506/2161/2831
f 1506/2161/2831 1526/2162/2830 1527/2164/2832 1507/2163/2833
f 1507/2163/2833 1527/2164/2832 1528/2166/2834 1508/2165/2835
f 1508/2165/2835 1528/2166/2834 1529/2168/2836 1509/2167/2837
f 1509/2167/2837 1529/2168/2836 1530/2170/2838 1510/2169/2839
f 1510/2169/2839 1530/2170/2838 1531/2172/2840 1511/2171/2841
f 1511/2171/2841 1531/2172/2840 1532/2174/2842 1512/2173/2843
f 1512/2173/2843 1532/2174/2842 1533/2176/2844 1513/2175/2845
f 1513/2175/2845 1533/2176/2844 1534/2178/2846 1514/2177/2847
f 1514/2177/2847 1534/2178/2846 1535/2180/2848 1515/2179/2849
f 1515/2179/2849 1535/2180/2848 1536/2182/2850 1516/2181/2851
f 1516/2181/2851 1536/2182/2850 1537/2184/2852 1517/2183/2853
f 1517/2183/2853 1537/2184/2852 1538/2186/2854 1518/2185/2855
f 1518/2185/2855 1538/2186/2854 1539/2188/2856 1519/2187/2857
f 1519/2187/2857 1539/2188/2856 1520/2190/2819 1500/2189/2818
f 1520/2152/2819 1540/2192/2858 1541/2191/2859 1521/2151/2820
f 1521/2151/2820 1541/2191/2859 1542/2193/2860 1522/2154/2822
f 1522/2154/2822 1542/2193/2860 1543/2194/2861 1523/2156/2824
f 1523/2156/2824 1543/2194/2861 1544/2195/2862 1524/2158/2826
f 1524/2158/2826 1544/2195/2862 1545/2196/2863 1525/2160/2828
f 1525/2160/2828 1545/2196/2863 1546/2197/2864 1526/2162/2830
f 1526/2162/2830 1546/2197/2864 1547/2198/2865 1527/2164/2832
f 1527/2164/2832 1547/2198/2865 1548/2199/2866 1528/2166/2834
f 1528/2166/2834 1548/2199/2866 1549/2200/2867 1529/2168/2836
f 1529/2168/2836 1549/2200/2867 1550/2201/2868 1530/2170/2838
f 1530/2170/2838 1550/2201/2868 1551/2202/2869 1531/2172/2840
f 1531/2172/2840 1551/2202/2869 1552/2203/2870 1532/2174/2842
f 1532/2174/2842 1552/2203/2870 1553/2204/2871 1533/2176/2844
f 1533/2176/2844 1553/2204/2871 1554/2205/2872 1534/2178/2846
f 1534/2178/2846 1554/2205/2872 1555/2206/2873 1535/2180/2848
f 1535/2180/2848 1555/2206/2873 1556/2207/2874 1536/2182/2850
f 1536/2182/2850 1556/2207/2874 1557/2208/2875 1537/2184/2852
f 1537/2184/2852 1557/2208/2875 1558/2209/2876 1538/2186/2854
f 1538/2186/2854 1558/2209/2876 1559/2210/2877 1539/2188/2856
f 1539/2188/2856 1559/2210/2877 1540/2211/2858 1520/2190/2819
f 1540/2192/2858 1560/2213/2878 1561/2212/2879 1541/2191/2859
f 1541/2191/2859 1561/2212/2879 1562/2214/2880 1542/2193/2860
f 1542/2193/2860 1562/2214/2880 1563/2215/2881 1543/2194/2861
f 1543/2194/2861 1563/2215/2881 1564/2216/2882 1544/2195/2862
f 1544/2195/2862 1564/2216/2882 1565/2217/2883 1545/2196/2863
f 1545/2196/2863 1565/2217/2883 1566/2218/2884 1546/2197/2864
f 1546/2197/2864 1566/2218/2884 1567/2219/2885 1547/2198/2865
f 1547/2198/2865 1567/2219/2885 1568/2220/2886 1548/2199/2866
f 1548/2199/2866 1568/2220/2886 1569/2221/2887 1549/2200/2867
f 1549/2200/2867 1569/2221/2887 1570/2222/2888 1550/2201/2868
f 1550/2201/2868 1570/2222/2888 1571/2223/2889 1551/2202/2869
f 1551/2202/2869 1571/2223/2889 1572/2224/2890 1552/2203/2870
f 1552/2203/2870 1572/2224/2890 1573/2225/2891 1553/2204/2871
f 1553/2204/2871 1573/2225/2891 1574/2226/2892 1554/2205/2872
f 1554/2205/2872 1574/2226/2892 1575/2227/2893 1555/2206/2873
f 1555/2206/2873 1575/2227/2893 1576/2228/2894 1556/2207/2874
f 1556/2207/2874 1576/2228/2894 1577/2229/2895 1557/2208/2875
f 1557/2208/2875 1577/2229/2895 1578/2230/2896 1558/2209/2876
f 1558/2209/2876 1578/2230/2896 1579/2231/2897 1559/2210/2877
f 1559/2210/2877 1579/2231/2897 1560/2232/2878 1540/2211/2858
f 1560/2213/2878 1580/2234/2898 1581/2233/2899 1561/2212/2879
f 1561/2212/2879 1581/2233/2899 1582/2235/2900 1562/2214/2880
f 1562/2214/2880 1582/2235/2900 1583/2236/2901 1563/2215/2881
f 1563/2215/2881 1583/2236/2901 1584/2237/2902 1564/2216/2882
f 1564/2216/2882 1584/2237/2902 1585/2238/2903 1565/2217/2883
f 1565/2217/2883 1585/2238/2903 1586/2239/2904 1566/2218/2884
f 1566/2218/2884 1586/2239/2904 1587/2240/2905 1567/2219/2885
f 1567/2219/2885 1587/2240/2905 1588/2241/2906 1568/2220/2886
f 1568/2220/2886 1588/2241/2906 1589/2242/2907 1569/2221/2887
f 1569/2221/2887 1589/2242/2907 1590/2243/2908 1570/2222/2888
f 1570/2222/2888 1590/2243/2908 1591/2244/2909 1571/2223/2889
f 1571/2223/2889 1591/2244/2909 1592/2245/2910 1572/2224/2890
f 1572/2224/2890 1592/2245/2910 1593/2246/2911 1573/2225/2891
f 1573/2225/2891 1593/2246/2911 1594/2247/2912 1574/2226/2892
f 1574/2226/2892 1594/2247/2912 1595/2248/2913 1575/2227/2893
f 1575/2227/2893 1595/2248/2913 1596/2249/2914 1576/2228/2894
f 1576/2228/2894 1596/2249/2914 1597/2250/2915 1577/2229/2895
f 1577/2229/2895 1597/2250/2915 1598/2251/2916 1578/2230/2896
f 1578/2230/2896 1598/2251/2916 1599/2252/2917 1579/2231/2897
f 1579/2231/2897 1599/2252/2917 1580/2253/2898 1560/2232/2878
f 1580/2234/2898 1600/2255/2918 1601/2254/2919 1581/2233/2899
f 1581/2233/2899 1601/2254/2919 1602/2256/2920 1582/2235/2900
f 1582/2235/2900 1602/2256/2920 1603/2257/2921 1583/2236/2901
f 1583/2236/2901 1603/2257/2921 1604/2258/2922 1584/2237/2902
f 1584/2237/2902 1604/2258/2922 1605/2259/2923 1585/2238/2903
f 1585/2238/2903 1605/2259/2923 1606/2260/2924 1586/2239/2904
f 1586/2239/2904 1606/2260/2924 1607/2261/2925 1587/2240/2905
f 1587/2240/2905 1607/2261/2925 1608/2262/2926 1588/2241/2906
f 1588/2241/2906 1608/2262/2926 1609/2263/2927 1589/2242/2907
f 1589/2242/2907 1609/2263/2927 1610/2264/2928 1590/2243/2908
f 1590/2243/2908 1610/2264/2928 1611/2265/2929 1591/2244/2909
f 1591/2244/2909 1611/2265/2929 1612/2266/2930 1592/2245/2910
f 1592/2245/2910 1612/2266/2930 1613/2267/2931 1593/2246/2911
f 1593/2246/2911 1613/2267/2931 1614/2268/2932 1594/2247/2912
f 1594/2247/2912 1614/2268/2932 1615/2269/2933 1595/2248/2913
f 1595/2248/2913 1615/2269/2933 1616/2270/2934 1596/2249/2914
f 1596/2249/2914 1616/2270/2934 1617/2271/2935 1597/2250/2915
f 1597/2250/2915 1617/2271/2935 1618/2272/2936 1598/2251/2916
f 1598/2251/2916 1618/2272/2936 1619/2273/2937 1599/2252/2917
f 1599/2252/2917 1619/2273/2937 1600/2274/2918 1580/2253/2898
f 1600/2255/2918 1620/2276/2938 1621/2275/2939 1601/2254/2919
f 1601/2254/2919 1621/2275/2939 1622/2277/2940 1602/2256/2920
f 1602/2256/2920 1622/2277/2940 1623/2278/2941 1603/2257/2921
f 1603/2257/2921 1623/2278/2941 1624/2279/2942 1604/2258/2922
f 1604/2258/2922 1624/2279/2942 1625/2280/2943 1605/2259/2923
f 1605/2259/2923 1625/2280/2943 1626/2281/2944 1606/2260/2924
f 1606/2260/2924 1626/2281/2944 1627/2282/2945 1607/2261/2925
f 1607/2261/2925 1627/2282/2945 1628/2283/2946 1608/2262/2926
f 1608/2262/2926 1628/2283/2946 1629/2284/2947 1609/2263/2927
f 1609/2263/2927 1629/2284/2947 1630/2285/2948 1610/2264/2928
f 1610/2264/2928 1630/2285/2948 1631/2286/2949 1611/2265/2929
f 1611/2265/2929 1631/2286/2949 1632/2287/2950 1612/2266/2930
f 1612/2266/2930 1632/2287/2950 1633/2288/2951 1613/2267/2931
f 1613/2267/2931 1633/2288/2951 1634/2289/2952 1614/2268/2932
f 1614/2268/2932 1634/2289/2952 1635/2290/2953 1615/2269/2933
f 1615/2269/2933 1635/2290/2953 1636/2291/2954 1616/2270/2934
f 1616/2270/2934 1636/2291/2954 1637/2292/2955 1617/2271/2935
f 1617/2271/2935 1637/2292/2955 1638/2293/2956 1618/2272/2936
f 1618/2272/2936 1638/2293/2956 1639/2294/2957 1619/2273/2937
f 1619/2273/2937 1639/2294/2957 1620/2295/2938 1600/2274/2918
f 1620/2276/2938 1640/2296/2958 1621/2275/2939
f 1621/2275/2939 1640/2297/2958 1622/2277/2940
f 1622/2277/2940 1640/2298/2958 1623/2278/2941
f 1623/2278/2941 1640/2299/2958 1624/2279/2942
f 1624/2279/2942 1640/2300/2958 1625/2280/2943
f 1625/2280/2943 1640/2301/2958 1626/2281/2944
f 1626/2281/2944 1640/2302/2958 1627/2282/2945
f 1627/2282/2945 1640/2303/2958 1628/2283/2946
f 1628/2283/2946 1640/2304/2958 1629/2284/2947
f 1629/2284/2947 1640/2305/2958 1630/2285/2948
f 1630/2285/2948 1640/2306/2958 1631/2286/2949
f 1631/2286/2949 1640/2307/2958 1632/2287/2950
f 1632/2287/2950 1640/2308/2958 1633/2288/2951
f 1633/2288/2951 1640/2309/2958 1634/2289/2952
f 1634/2289/2952 1640/2310/2958 1635/2290/2953
f 1635/2290/2953 1640/2311/2958 1636/2291/2954
f 1636/2291/2954 1640/2312/2958 1637/2292/2955
f 1637/2292/2955 1640/2313/2958 1638/2293/2956
f 1638/2293/2956 1640/2314/2958 1639/2294/2957
f 1639/2294/2957 1640/2315/2958 1620/2295/2938
s 3
f 1500/1982/2959 1501/1983/2960 1642/2317/2961 1641/2316/2962
f 1501/1983/2960 1502/1984/2963 1645/2318/2964 1642/2317/2961
f 1502/1984/2963 1503/1985/2965 1647/2319/2966 1645/2318/2964
f 1503/1985/2965 1504/1986/2967 1649/2320/2968 1647/2319/2966
f 1504/1986/2967 1505/1987/2969 1651/2321/2970 1649/2320/2968
f 1505/1987/2969 1506/1988/2971 1653/2322/2972 1651/2321/2970
f 1506/1988/2971 1507/1989/2973 1655/2323/2974 1653/2322/2972
f 1507/1989/2973 1508/1990/2975 1657/2324/2976 1655/2323/2974
f 1508/1990/2975 1509/1991/2977 1659/2325/2978 1657/2324/2976
f 1509/1991/2977 1510/1992/2979 1661/2326/2980 1659/2325/2978
f 1510/1992/2979 1511/1993/2981 1663/2327/2982 1661/2326/2980
f 1511/1993/2981 1512/1994/2983 1665/2328/2984 1663/2327/2982
f 1512/1994/2983 1513/1995/2985 1667/2329/2986 1665/2328/2984
f 1513/1995/2985 1514/1996/2987 1669/2330/2988 1667/2329/2986
f 1514/1996/2987 1515/1997/2989 1671/2331/2990 1669/2330/2988
f 1515/1997/2989 1516/1998/2991 1673/2332/2992 1671/2331/2990
f 1516/1998/2991 1517/1999/2993 1675/2333/2994 1673/2332/2992
f 1517/1999/2993 1518/2000/2995 1677/2334/2996 1675/2333/2994
f 1518/2000/2995 1519/2001/2997 1679/2335/2998 1677/2334/2996
f 1519/2001/2997 1500/2002/2959 1641/2336/2962 1679/2335/2998
g default
v -1079.995728 3453.061358 -686.858979
v -1099.440634 3437.756836 -674.167696
v -1123.995731 3428.658348 -664.804706
v -1151.257403 3426.656428 -659.686542
v -1178.557088 3431.947047 -659.314162
v -1203.222449 3444.012482 -663.724076
v -1222.839117 3461.671510 -672.484569
v -1235.486888 3483.195575 -684.738096
v -1239.927678 3506.477795 -699.285229
v -1235.726809 3529.239121 -714.701976
v -1223.295521 3549.251434 -729.479207
v -1203.850612 3564.555968 -742.170472
v -1179.295495 3573.654546 -751.533497
v -1152.033831 3575.656456 -756.651679
v -1124.734191 3570.365755 -757.024027
v -1100.068810 3558.300410 -752.614147
v -1080.452171 3540.641295 -743.853621
v -1067.804403 3519.117244 -731.600075
v -1063.363616 3495.835013 -717.052961
v -1067.564454 3473.073772 -701.636248
v -1087.321902 3454.073413 -694.059532
v -1104.977519 3440.177172 -682.536069
v -1127.273111 3431.915838 -674.034648
v -1152.026168 3430.098194 -669.387444
v -1176.813727 3434.902072 -669.049373
v -1199.209442 3445.857161 -673.053448
v -1217.020994 3461.891259 -681.007834
v -1228.504938 3481.434672 -692.133811
v -1232.537080 3502.574524 -705.342331
v -1228.722771 3523.241367 -719.340439
v -1217.435377 3541.412227 -732.757928
v -1199.779776 3555.308401 -744.281318
v -1177.484203 3563.569729 -752.782760
v -1152.731183 3565.387301 -757.429912
v -1127.943574 3560.583587 -757.768070
v -1105.547932 3549.628342 -753.763910
v -1087.736319 3533.594404 -745.809609
v -1076.252409 3514.050906 -734.683600
v -1072.220242 3492.911142 -721.475114
v -1076.034551 3472.244299 -707.477006
v -1096.170716 3456.529961 -701.169678
v -1111.602279 3444.384248 -691.097835
v -1131.089341 3437.163572 -683.667320
v -1152.724319 3435.574854 -679.605511
v -1174.389411 3439.773679 -679.310057
v -1193.964013 3449.348697 -682.809716
v -1209.531864 3463.363049 -689.762131
v -1219.569194 3480.444633 -699.486551
v -1223.093439 3498.921488 -711.031207
v -1219.759584 3516.985025 -723.266040
v -1209.894051 3532.866932 -734.993326
v -1194.462462 3545.012708 -745.065241
v -1174.975437 3552.233298 -752.495723
v -1153.340466 3553.822032 -756.557513
v -1131.675354 3549.623284 -756.853021
v -1112.100793 3540.048197 -753.353310
v -1096.532916 3526.033906 -746.400966
v -1086.495581 3508.952333 -736.676527
v -1082.971367 3490.475418 -725.131801
v -1086.305188 3472.411954 -712.897020
v -1106.324232 3460.370653 -708.014484
v -1119.151771 3450.274508 -699.642216
v -1135.350467 3444.272283 -693.465569
v -1153.334621 3442.951681 -690.089193
v -1171.343853 3446.441864 -689.843515
v -1187.615274 3454.401240 -692.752700
v -1200.556149 3466.050640 -698.531862
v -1208.899688 3480.249831 -706.615387
v -1211.829206 3495.608847 -716.211969
v -1209.057970 3510.624132 -726.382150
v -1200.857190 3523.826060 -736.130525
v -1188.029619 3533.922291 -744.502827
v -1171.830960 3539.924445 -750.679422
v -1153.846817 3541.245038 -754.055817
v -1135.837588 3537.754881 -754.301458
v -1119.566179 3529.795483 -751.392311
v -1106.625306 3518.146097 -745.613131
v -1098.281735 3503.946966 -737.529676
v -1095.352226 3488.587953 -727.933095
v -1098.123485 3473.572592 -717.762861
v -1117.532485 3465.500801 -714.425257
v -1127.440131 3457.702837 -707.958753
v -1139.951617 3453.066810 -703.188059
v -1153.842130 3452.046793 -700.580219
v -1167.751966 3454.742634 -700.390536
v -1180.319645 3460.890145 -702.637445
v -1190.314812 3469.887951 -707.101169
v -1196.759163 3480.855018 -713.344660
v -1199.021888 3492.717836 -720.756748
v -1196.881428 3504.315341 -728.611993
v -1190.547339 3514.512209 -736.141388
v -1180.639689 3522.310172 -742.607891
v -1168.128243 3526.946102 -747.378571
v -1154.237739 3527.966109 -749.986430
v -1140.327876 3525.270369 -750.176128
v -1127.760236 3519.122761 -747.929205
v -1117.765039 3510.125055 -743.465496
v -1111.320683 3499.157986 -737.222005
v -1109.057958 3487.295181 -729.809899
v -1111.198426 3475.697666 -721.954672
v -1129.519446 3471.794170 -720.244255
v -1136.263301 3466.486269 -715.842677
v -1144.779442 3463.330759 -712.595440
v -1154.234281 3462.636447 -710.820353
v -1163.702262 3464.471428 -710.691266
v -1172.256689 3468.655837 -712.220642
v -1179.060097 3474.780319 -715.258948
v -1183.446575 3482.245236 -719.508681
v -1184.986712 3490.319947 -724.553901
v -1183.529804 3498.213896 -729.900645
v -1179.218379 3505.154620 -735.025710
v -1172.474524 3510.462521 -739.427289
v -1163.958361 3513.618107 -742.674578
v -1154.503556 3514.312333 -744.449632
v -1145.035544 3512.477451 -744.578734
v -1136.481156 3508.292945 -743.049343
v -1129.677718 3502.168551 -740.011072
v -1125.291271 3494.703560 -735.761286
v -1123.751134 3486.628849 -730.716066
v -1125.208094 3478.734750 -725.369217
v -1141.990002 3479.095704 -725.328128
v -1145.403946 3476.408707 -723.099930
v -1149.715112 3474.811244 -721.456017
v -1154.501453 3474.459775 -720.557448
v -1159.294487 3475.388616 -720.492039
v -1163.624983 3477.506987 -721.266319
v -1167.069098 3480.607385 -722.804372
v -1169.289656 3484.386410 -724.955781
v -1170.069339 3488.474056 -727.509811
v -1169.331794 3492.470264 -730.216530
v -1167.149222 3495.983853 -732.810956
v -1163.735253 3498.670912 -735.039224
v -1159.424114 3500.268313 -736.683067
v -1154.637749 3500.619845 -737.581707
v -1149.844774 3499.690856 -737.647012
v -1145.514223 3497.572635 -736.872836
v -1142.070136 3494.472175 -735.334713
v -1139.849549 3490.693212 -733.183374
v -1139.069894 3486.605504 -730.629273
v -1139.807443 3482.609285 -727.922573
v -1154.637065 3487.225673 -729.551668
v -1078.576457 3450.362121 -688.682395
v -1098.495494 3434.684503 -675.681654
v -1104.177750 3437.170765 -684.267277
v -1086.095189 3451.402895 -696.069328
v -1123.649371 3425.364098 -666.090288
v -1127.012552 3428.709622 -675.560242
v -1151.575726 3423.313417 -660.847367
v -1152.364283 3426.847953 -670.800602
v -1179.541032 3428.733124 -660.465939
v -1177.751323 3431.768010 -670.454380
v -1204.807846 3441.092655 -664.983367
v -1200.688672 3442.988060 -674.555249
v -1224.902837 3459.182214 -673.957407
v -1218.930987 3459.409925 -682.702002
v -1237.858980 3481.231167 -686.509812
v -1230.692712 3479.425909 -694.097051
v -1242.408072 3505.081051 -701.411601
v -1234.822371 3501.077010 -707.624981
v -1238.104760 3528.397393 -717.204273
v -1230.915817 3522.243673 -721.961654
v -1225.370352 3548.897696 -732.341837
v -1219.355394 3540.854094 -735.703662
v -1205.451298 3564.575418 -745.342595
v -1201.272792 3555.086377 -747.505819
v -1180.297465 3573.895793 -754.933855
v -1178.437993 3563.547522 -756.212853
v -1152.371107 3575.946460 -760.176794
v -1153.086299 3565.409132 -760.972424
v -1124.405792 3570.526820 -760.558293
v -1127.699275 3560.489055 -761.318683
v -1099.139017 3558.167219 -756.040814
v -1104.761930 3549.269045 -757.217760
v -1079.044013 3540.077668 -747.066754
v -1086.519572 3532.847249 -749.071058
v -1066.087854 3518.028755 -734.514459
v -1074.757940 3512.831090 -737.675963
v -1061.538799 3494.178812 -719.612600
v -1070.628271 3491.180012 -724.147995
v -1065.842082 3470.862545 -703.819980
v -1074.534875 3470.013255 -709.811308
v -1111.080133 3441.557728 -693.183766
v -1095.314994 3453.965990 -703.473328
v -1130.988423 3434.180950 -685.592619
v -1153.091052 3432.557929 -681.443038
v -1175.224508 3436.847386 -681.141133
v -1195.222188 3446.629521 -684.716487
v -1211.126577 3460.946759 -691.819177
v -1221.380842 3478.397615 -701.753775
v -1224.981279 3497.273852 -713.548023
v -1221.575424 3515.727715 -726.047254
v -1211.496599 3531.953021 -738.028105
v -1195.731489 3544.361208 -748.317615
v -1175.823162 3551.738058 -755.908813
v -1153.720581 3553.360999 -760.058362
v -1131.587163 3549.071457 -760.360234
v -1111.589459 3539.289424 -756.784896
v -1095.685018 3524.972324 -749.682330
v -1085.430787 3507.521350 -739.747569
v -1081.830337 3488.645166 -727.953412
v -1085.236255 3470.191131 -715.454114
v -1118.862909 3447.632231 -701.989444
v -1105.782350 3457.927617 -710.526888
v -1135.380985 3441.511808 -695.691055
v -1153.719846 3440.165034 -692.248031
v -1172.084213 3443.724075 -691.997612
v -1188.676571 3451.840288 -694.964050
v -1201.872564 3463.719649 -700.857259
v -1210.380708 3478.198685 -709.100130
v -1213.367996 3493.860577 -718.885927
v -1210.542065 3509.172115 -729.256796
v -1202.179615 3522.634260 -739.197294
v -1189.099045 3532.929655 -747.734719
v -1172.580940 3539.050165 -754.033141
v -1154.242155 3540.396771 -757.476099
v -1135.877767 3536.837794 -757.726590
v -1119.285480 3528.721424 -754.760067
v -1106.089394 3516.842336 -748.866940
v -1097.581279 3502.363199 -740.624053
v -1094.594014 3486.701231 -730.838204
v -1097.419908 3471.389835 -720.467459
v -1127.352155 3455.242260 -710.505950
v -1117.262425 3463.183561 -717.091284
v -1140.093591 3450.521010 -705.647535
v -1154.239372 3449.482300 -702.991804
v -1168.404896 3452.227549 -702.798540
v -1181.203494 3458.488175 -705.086838
v -1191.382409 3467.651208 -709.632528
v -1197.945151 3478.819952 -715.990822
v -1200.249461 3490.900798 -723.539137
v -1198.069716 3502.711306 -731.538705
v -1191.619199 3513.095619 -739.206481
v -1181.529429 3521.036990 -745.791867
v -1168.787996 3525.758241 -750.650282
v -1154.642259 3526.796856 -753.305999
v -1140.476763 3524.051545 -753.499192
v -1127.678140 3517.790994 -751.210946
v -1117.499200 3508.628051 -746.665291
v -1110.936455 3497.459292 -740.307015
v -1108.632174 3485.378386 -732.758630
v -1110.811994 3473.567695 -724.759014
v -1136.354076 3464.204531 -718.548470
v -1129.492271 3469.605292 -723.027021
v -1145.019130 3460.993871 -715.244496
v -1154.639347 3460.287347 -713.438290
v -1164.272918 3462.154380 -713.306891
v -1172.976925 3466.412003 -714.863067
v -1179.899282 3472.643673 -717.954565
v -1184.362491 3480.239091 -722.278584
v -1185.929546 3488.455047 -727.412034
v -1184.447138 3496.487105 -732.852350
v -1180.060341 3503.549125 -738.066985
v -1173.198541 3508.949875 -742.545555
v -1164.533463 3512.160610 -745.849581
v -1154.913340 3512.866914 -747.655631
v -1145.279737 3510.999968 -747.787064
v -1136.575766 3506.742247 -746.230873
v -1129.653323 3500.510826 -743.139495
v -1125.190150 3492.915336 -738.815423
v -1123.623091 3484.699378 -733.681974
v -1125.105499 3476.667307 -728.241676
v -1145.659228 3474.306121 -725.935775
v -1142.187322 3477.038722 -728.201765
v -1150.043589 3472.681547 -724.263959
v -1154.911243 3472.324009 -723.350060
v -1159.785653 3473.268646 -723.283557
v -1164.189692 3475.422949 -724.070987
v -1167.692248 3478.576107 -725.635209
v -1169.950515 3482.419284 -727.823138
v -1170.743482 3486.576220 -730.420479
v -1169.993369 3490.640403 -733.173188
v -1167.773730 3494.213663 -735.811702
v -1164.301836 3496.946241 -738.077730
v -1159.917441 3498.570900 -739.749580
v -1155.049852 3498.928280 -740.663394
v -1150.175441 3497.983655 -740.729878
v -1145.771409 3495.829328 -739.942486
v -1142.268795 3492.676345 -738.378331
v -1140.010558 3488.833068 -736.190387
v -1139.217618 3484.676071 -733.592975
v -1139.967698 3480.611986 -730.840281
v -1155.049131 3485.306788 -732.496829
vt 0.000000 0.650000
vt 0.050000 0.650000
vt 0.100000 0.650000
vt 0.150000 0.650000
vt 0.200000 0.650000
vt 0.250000 0.650000
vt 0.300000 0.650000
vt 0.350000 0.650000
vt 0.400000 0.650000
vt 0.450000 0.650000
vt 0.500000 0.650000
vt 0.550000 0.650000
vt 0.600000 0.650000
vt 0.650000 0.650000
vt 0.700000 0.650000
vt 0.750000 0.650000
vt 0.800000 0.650000
vt 0.850000 0.650000
vt 0.900000 0.650000
vt 0.950000 0.650000
vt 1.000000 0.650000
vt 0.000000 0.700000
vt 0.050000 0.700000
vt 0.100000 0.700000
vt 0.150000 0.700000
vt 0.200000 0.700000
vt 0.250000 0.700000
vt 0.300000 0.700000
vt 0.350000 0.700000
vt 0.400000 0.700000
vt 0.450000 0.700000
vt 0.500000 0.700000
vt 0.550000 0.700000
vt 0.600000 0.700000
vt 0.650000 0.700000
vt 0.700000 0.700000
vt 0.750000 0.700000
vt 0.800000 0.700000
vt 0.850000 0.700000
vt 0.900000 0.700000
vt 0.950000 0.700000
vt 1.000000 0.700000
vt 0.000000 0.750000
vt 0.050000 0.750000
vt 0.100000 0.750000
vt 0.150000 0.750000
vt 0.200000 0.750000
vt 0.250000 0.750000
vt 0.300000 0.750000
vt 0.350000 0.750000
vt 0.400000 0.750000
vt 0.450000 0.750000
vt 0.500000 0.750000
vt 0.550000 0.750000
vt 0.600000 0.750000
vt 0.650000 0.750000
vt 0.700000 0.750000
vt 0.750000 0.750000
vt 0.800000 0.750000
vt 0.850000 0.750000
vt 0.900000 0.750000
vt 0.950000 0.750000
vt 1.000000 0.750000
vt 0.000000 0.800000
vt 0.050000 0.800000
vt 0.100000 0.800000
vt 0.150000 0.800000
vt 0.200000 0.800000
vt 0.250000 0.800000
vt 0.300000 0.800000
vt 0.350000 0.800000
vt 0.400000 0.800000
vt 0.450000 0.800000
vt 0.500000 0.800000
vt 0.550000 0.800000
vt 0.600000 0.800000
vt 0.650000 0.800000
vt 0.700000 0.800000
vt 0.750000 0.800000
vt 0.800000 0.800000
vt 0.850000 0.800000
vt 0.900000 0.800000
vt 0.950000 0.800000
vt 1.000000 0.800000
vt 0.000000 0.850000
vt 0.050000 0.850000
vt 0.100000 0.850000
vt 0.150000 0.850000
vt 0.200000 0.850000
vt 0.250000 0.850000
vt 0.300000 0.850000
vt 0.350000 0.850000
vt 0.400000 0.850000
vt 0.450000 0.850000
vt 0.500000 0.850000
vt 0.550000 0.850000
vt 0.600000 0.850000
vt 0.650000 0.850000
vt 0.700000 0.850000
vt 0.750000 0.850000
vt 0.800000 0.850000
vt 0.850000 0.850000
vt 0.900000 0.850000
vt 0.950000 0.850000
vt 1.000000 0.850000
vt 0.000000 0.900000
vt 0.050000 0.900000
vt 0.100000 0.900000
vt 0.150000 0.900000
vt 0.200000 0.900000
vt 0.250000 0.900000
vt 0.300000 0.900000
vt 0.350000 0.900000
vt 0.400000 0.900000
vt 0.450000 0.900000
vt 0.500000 0.900000
vt 0.550000 0.900000
vt 0.600000 0.900000
vt 0.650000 0.900000
vt 0.700000 0.900000
vt 0.750000 0.900000
vt 0.800000 0.900000
vt 0.850000 0.900000
vt 0.900000 0.900000
vt 0.950000 0.900000
vt 1.000000 0.900000
vt 0.000000 0.950000
vt 0.050000 0.950000
vt 0.100000 0.950000
vt 0.150000 0.950000
vt 0.200000 0.950000
vt 0.250000 0.950000
vt 0.300000 0.950000
vt 0.350000 0.950000
vt 0.400000 0.950000
vt 0.450000 0.950000
vt 0.500000 0.950000
vt 0.550000 0.950000
vt 0.600000 0.950000
vt 0.650000 0.950000
vt 0.700000 0.950000
vt 0.750000 0.950000
vt 0.800000 0.950000
vt 0.850000 0.950000
vt 0.900000 0.950000
vt 0.950000 0.950000
vt 1.000000 0.950000
vt 0.025000 1.000000
vt 0.075000 1.000000
vt 0.125000 1.000000
vt 0.175000 1.000000
vt 0.225000 1.000000
vt 0.275000 1.000000
vt 0.325000 1.000000
vt 0.375000 1.000000
vt 0.425000 1.000000
vt 0.475000 1.000000
vt 0.525000 1.000000
vt 0.575000 1.000000
vt 0.625000 1.000000
vt 0.675000 1.000000
vt 0.725000 1.000000
vt 0.775000 1.000000
vt 0.825000 1.000000
vt 0.875000 1.000000
vt 0.925000 1.000000
vt 0.975000 1.000000
vt 0.000000 0.650000
vt 0.050000 0.650000
vt 0.050000 0.700000
vt 0.000000 0.700000
vt 0.100000 0.650000
vt 0.100000 0.700000
vt 0.150000 0.650000
vt 0.150000 0.700000
vt 0.200000 0.650000
vt 0.200000 0.700000
vt 0.250000 0.650000
vt 0.250000 0.700000
vt 0.300000 0.650000
vt 0.300000 0.700000
vt 0.350000 0.650000
vt 0.350000 0.700000
vt 0.400000 0.650000
vt 0.400000 0.700000
vt 0.450000 0.650000
vt 0.450000 0.700000
vt 0.500000 0.650000
vt 0.500000 0.700000
vt 0.550000 0.650000
vt 0.550000 0.700000
vt 0.600000 0.650000
vt 0.600000 0.700000
vt 0.650000 0.650000
vt 0.650000 0.700000
vt 0.700000 0.650000
vt 0.700000 0.700000
vt 0.750000 0.650000
vt 0.750000 0.700000
vt 0.800000 0.650000
vt 0.800000 0.700000
vt 0.850000 0.650000
vt 0.850000 0.700000
vt 0.900000 0.650000
vt 0.900000 0.700000
vt 0.950000 0.650000
vt 0.950000 0.700000
vt 1.000000 0.650000
vt 1.000000 0.700000
vt 0.050000 0.750000
vt 0.000000 0.750000
vt 0.100000 0.750000
vt 0.150000 0.750000
vt 0.200000 0.750000
vt 0.250000 0.750000
vt 0.300000 0.750000
vt 0.350000 0.750000
vt 0.400000 0.750000
vt 0.450000 0.750000
vt 0.500000 0.750000
vt 0.550000 0.750000
vt 0.600000 0.750000
vt 0.650000 0.750000
vt 0.700000 0.750000
vt 0.750000 0.750000
vt 0.800000 0.750000
vt 0.850000 0.750000
vt 0.900000 0.750000
vt 0.950000 0.750000
vt 1.000000 0.750000
vt 0.050000 0.800000
vt 0.000000 0.800000
vt 0.100000 0.800000
vt 0.150000 0.800000
vt 0.200000 0.800000
vt 0.250000 0.800000
vt 0.300000 0.800000
vt 0.350000 0.800000
vt 0.400000 0.800000
vt 0.450000 0.800000
vt 0.500000 0.800000
vt 0.550000 0.800000
vt 0.600000 0.800000
vt 0.650000 0.800000
vt 0.700000 0.800000
vt 0.750000 0.800000
vt 0.800000 0.800000
vt 0.850000 0.800000
vt 0.900000 0.800000
vt 0.950000 0.800000
vt 1.000000 0.800000
vt 0.050000 0.850000
vt 0.000000 0.850000
vt 0.100000 0.850000
vt 0.150000 0.850000
vt 0.200000 0.850000
vt 0.250000 0.850000
vt 0.300000 0.850000
vt 0.350000 0.850000
vt 0.400000 0.850000
vt 0.450000 0.850000
vt 0.500000 0.850000
vt 0.550000 0.850000
vt 0.600000 0.850000
vt 0.650000 0.850000
vt 0.700000 0.850000
vt 0.750000 0.850000
vt 0.800000 0.850000
vt 0.850000 0.850000
vt 0.900000 0.850000
vt 0.950000 0.850000
vt 1.000000 0.850000
vt 0.050000 0.900000
vt 0.000000 0.900000
vt 0.100000 0.900000
vt 0.150000 0.900000
vt 0.200000 0.900000
vt 0.250000 0.900000
vt 0.300000 0.900000
vt 0.350000 0.900000
vt 0.400000 0.900000
vt 0.450000 0.900000
vt 0.500000 0.900000
vt 0.550000 0.900000
vt 0.600000 0.900000
vt 0.650000 0.900000
vt 0.700000 0.900000
vt 0.750000 0.900000
vt 0.800000 0.900000
vt 0.850000 0.900000
vt 0.900000 0.900000
vt 0.950000 0.900000
vt 1.000000 0.900000
vt 0.050000 0.950000
vt 0.000000 0.950000
vt 0.100000 0.950000
vt 0.150000 0.950000
vt 0.200000 0.950000
vt 0.250000 0.950000
vt 0.300000 0.950000
vt 0.350000 0.950000
vt 0.400000 0.950000
vt 0.450000 0.950000
vt 0.500000 0.950000
vt 0.550000 0.950000
vt 0.600000 0.950000
vt 0.650000 0.950000
vt 0.700000 0.950000
vt 0.750000 0.950000
vt 0.800000 0.950000
vt 0.850000 0.950000
vt 0.900000 0.950000
vt 0.950000 0.950000
vt 1.000000 0.950000
vt 0.025000 1.000000
vt 0.075000 1.000000
vt 0.125000 1.000000
vt 0.175000 1.000000
vt 0.225000 1.000000
vt 0.275000 1.000000
vt 0.325000 1.000000
vt 0.375000 1.000000
vt 0.425000 1.000000
vt 0.475000 1.000000
vt 0.525000 1.000000
vt 0.575000 1.000000
vt 0.625000 1.000000
vt 0.675000 1.000000
vt 0.725000 1.000000
vt 0.775000 1.000000
vt 0.825000 1.000000
vt 0.875000 1.000000
vt 0.925000 1.000000
vt 0.975000 1.000000
vt 0.000000 0.650000
vt 0.050000 0.650000
vt 0.100000 0.650000
vt 0.150000 0.650000
vt 0.200000 0.650000
vt 0.250000 0.650000
vt 0.300000 0.650000
vt 0.350000 0.650000
vt 0.400000 0.650000
vt 0.450000 0.650000
vt 0.500000 0.650000
vt 0.550000 0.650000
vt 0.600000 0.650000
vt 0.650000 0.650000
vt 0.700000 0.650000
vt 0.750000 0.650000
vt 0.800000 0.650000
vt 0.850000 0.650000
vt 0.900000 0.650000
vt 0.950000 0.650000
vt 1.000000 0.650000
vn 0.399234 -0.759636 -0.513385
vn 0.265843 -0.864625 -0.426323
vn 0.226580 -0.845507 -0.483507
vn 0.347156 -0.750605 -0.562206
vn 0.097400 -0.927039 -0.362094
vn 0.074316 -0.901927 -0.425447
vn -0.089611 -0.940772 -0.326983
vn -0.094733 -0.914341 -0.393708
vn -0.276884 -0.904479 -0.324429
vn -0.264017 -0.881534 -0.391400
vn -0.446085 -0.821711 -0.354682
vn -0.416966 -0.806716 -0.418746
vn -0.580652 -0.700573 -0.414777
vn -0.538607 -0.697214 -0.473070
vn -0.667417 -0.552920 -0.498833
vn -0.617035 -0.563744 -0.549054
vn -0.697881 -0.393205 -0.598625
vn -0.644573 -0.419372 -0.639260
vn -0.669062 -0.237066 -0.704384
vn -0.618524 -0.278230 -0.734858
vn -0.583784 -0.099784 -0.805754
vn -0.541438 -0.154133 -0.826491
vn -0.450395 0.005204 -0.892814
vn -0.420861 -0.059231 -0.905190
vn -0.281949 0.067622 -0.957043
vn -0.268595 -0.002810 -0.963249
vn -0.094937 0.081355 -0.992153
vn -0.099546 0.009603 -0.994987
vn 0.092336 0.045060 -0.994708
vn 0.069736 -0.023206 -0.997295
vn 0.261539 -0.037706 -0.964456
vn 0.222685 -0.098021 -0.969950
vn 0.396107 -0.158846 -0.904360
vn 0.344328 -0.207524 -0.915627
vn 0.482867 -0.306501 -0.820303
vn 0.422756 -0.340995 -0.839643
vn 0.513329 -0.466215 -0.720512
vn 0.450293 -0.485366 -0.749437
vn 0.484512 -0.622353 -0.614756
vn 0.424244 -0.626508 -0.653839
vn 0.150571 -0.798388 -0.583014
vn 0.245703 -0.723512 -0.645105
vn 0.030438 -0.842901 -0.537207
vn -0.102937 -0.852695 -0.512167
vn -0.236499 -0.826812 -0.510343
vn -0.357173 -0.767783 -0.531918
vn -0.453144 -0.681387 -0.574779
vn -0.515021 -0.576083 -0.634729
vn -0.536748 -0.462177 -0.705899
vn -0.516196 -0.350819 -0.781324
vn -0.455377 -0.252910 -0.853621
vn -0.360244 -0.178036 -0.915711
vn -0.240111 -0.133522 -0.961519
vn -0.106735 -0.123728 -0.986559
vn 0.026825 -0.149612 -0.988381
vn 0.147497 -0.208640 -0.966806
vn 0.243470 -0.295035 -0.923946
vn 0.305349 -0.400340 -0.863997
vn 0.327075 -0.514245 -0.792826
vn 0.306523 -0.625603 -0.717402
vn 0.085961 -0.748866 -0.657122
vn 0.158863 -0.691487 -0.704704
vn -0.006101 -0.782978 -0.622019
vn -0.108310 -0.790484 -0.602830
vn -0.210662 -0.770649 -0.601433
vn -0.303140 -0.725413 -0.617967
vn -0.376687 -0.659205 -0.650811
vn -0.424105 -0.578508 -0.696752
vn -0.440755 -0.491218 -0.751292
vn -0.425004 -0.405881 -0.809094
vn -0.378396 -0.330850 -0.864497
vn -0.305493 -0.273470 -0.912079
vn -0.213432 -0.239358 -0.947183
vn -0.111221 -0.231852 -0.966372
vn -0.008870 -0.251688 -0.967768
vn 0.083605 -0.296924 -0.951234
vn 0.157152 -0.363131 -0.918389
vn 0.204572 -0.443829 -0.872448
vn 0.221221 -0.531119 -0.817908
vn 0.205471 -0.616456 -0.760108
vn 0.030438 -0.699841 -0.713649
vn 0.083827 -0.657820 -0.748495
vn -0.036982 -0.724824 -0.687940
vn -0.111835 -0.730320 -0.673888
vn -0.186791 -0.715793 -0.672867
vn -0.254515 -0.682665 -0.684975
vn -0.308377 -0.634179 -0.709028
vn -0.343103 -0.575081 -0.742673
vn -0.355296 -0.511156 -0.782614
vn -0.343762 -0.448660 -0.824944
vn -0.309629 -0.393711 -0.865518
vn -0.256240 -0.351690 -0.900364
vn -0.188819 -0.326708 -0.926072
vn -0.113967 -0.321212 -0.940125
vn -0.039010 -0.335738 -0.941147
vn 0.028713 -0.368866 -0.929039
vn 0.082575 -0.417352 -0.904986
vn 0.117301 -0.476451 -0.871341
vn 0.129495 -0.540377 -0.831399
vn 0.117960 -0.602872 -0.789069
vn -0.018152 -0.652176 -0.757850
vn 0.017857 -0.623833 -0.781353
vn -0.063627 -0.669025 -0.740511
vn -0.114115 -0.672733 -0.731032
vn -0.164671 -0.662936 -0.730342
vn -0.210350 -0.640591 -0.738509
vn -0.246679 -0.607887 -0.754734
vn -0.270102 -0.568026 -0.777426
vn -0.278326 -0.524910 -0.804366
vn -0.270545 -0.482758 -0.832917
vn -0.247524 -0.445696 -0.860283
vn -0.211513 -0.417353 -0.883787
vn -0.166039 -0.400503 -0.901126
vn -0.115552 -0.396796 -0.910604
vn -0.064995 -0.406594 -0.911294
vn -0.019317 -0.428938 -0.903127
vn 0.017013 -0.461641 -0.886904
vn 0.040435 -0.501502 -0.864211
vn 0.048659 -0.544619 -0.837271
vn 0.040878 -0.586772 -0.808720
vn -0.059501 -0.608129 -0.791606
vn -0.038499 -0.591600 -0.805312
vn -0.086021 -0.617956 -0.781493
vn -0.115464 -0.620118 -0.775965
vn -0.144948 -0.614406 -0.775561
vn -0.171589 -0.601373 -0.780326
vn -0.192776 -0.582300 -0.789787
vn -0.206434 -0.559056 -0.803020
vn -0.211231 -0.533908 -0.818733
vn -0.206693 -0.509325 -0.835383
vn -0.193268 -0.487714 -0.851342
vn -0.172267 -0.471184 -0.865049
vn -0.145746 -0.461356 -0.875162
vn -0.116302 -0.459194 -0.880690
vn -0.086819 -0.464908 -0.881092
vn -0.060181 -0.477939 -0.876329
vn -0.038992 -0.497011 -0.866868
vn -0.025332 -0.520259 -0.853633
vn -0.020537 -0.545405 -0.837921
vn -0.025075 -0.569987 -0.821271
vn -0.116421 -0.542161 -0.832171
vn -0.399441 0.759665 0.513182
vn -0.347804 0.750738 0.561627
vn -0.227068 0.845767 0.482824
vn -0.266002 0.864692 0.426087
vn -0.074600 0.902262 0.424686
vn -0.097494 0.927132 0.361831
vn 0.094674 0.914692 0.392907
vn 0.089589 0.940869 0.326710
vn 0.264182 0.881840 0.390597
vn 0.276932 0.904561 0.324158
vn 0.417334 0.806924 0.417978
vn 0.446199 0.821763 0.354420
vn 0.539138 0.697276 0.472373
vn 0.580818 0.700579 0.414537
vn 0.617670 0.563629 0.548458
vn 0.667612 0.552870 0.498627
vn 0.645244 0.419065 0.638784
vn 0.698087 0.393096 0.598456
vn 0.619159 0.277737 0.734509
vn 0.669258 0.236898 0.704253
vn 0.541971 0.153475 0.826264
vn 0.583949 0.099563 0.805662
vn 0.421235 0.058446 0.905067
vn 0.450509 -0.005464 0.892755
vn 0.268767 0.001952 0.963203
vn 0.282000 -0.067900 0.957009
vn 0.099494 -0.010478 0.994983
vn 0.094918 -0.081637 0.992132
vn -0.070014 0.022373 0.997295
vn -0.092424 -0.045330 0.994687
vn -0.223167 0.097289 0.969913
vn -0.261689 0.037468 0.964425
vn -0.344971 0.206936 0.915518
vn -0.396309 0.158651 0.904306
vn -0.423504 0.340584 0.839433
vn -0.483105 0.306358 0.820216
vn -0.451076 0.485148 0.749107
vn -0.513579 0.466132 0.720387
vn -0.424992 0.626477 0.653382
vn -0.484750 0.622331 0.614591
vn -0.245680 0.723504 0.645123
vn -0.150553 0.798374 0.583037
vn -0.030428 0.842885 0.537233
vn 0.102940 0.852679 0.512193
vn 0.236491 0.826797 0.510371
vn 0.357156 0.767772 0.531945
vn 0.453124 0.681382 0.574802
vn 0.514997 0.576084 0.634748
vn 0.536722 0.462186 0.705914
vn 0.516171 0.350836 0.781333
vn 0.455356 0.252933 0.853625
vn 0.360230 0.178061 0.915712
vn 0.240104 0.133550 0.961517
vn 0.106737 0.123756 0.986556
vn -0.026815 0.149639 0.988377
vn -0.147481 0.208664 0.966803
vn -0.243447 0.295053 0.923946
vn -0.305322 0.400352 0.864000
vn -0.327046 0.514251 0.792834
vn -0.306495 0.625601 0.717415
vn -0.158879 0.691493 0.704695
vn -0.085972 0.748876 0.657110
vn 0.006094 0.782989 0.622005
vn 0.108311 0.790496 0.602814
vn 0.210668 0.770659 0.601418
vn 0.303147 0.725421 0.617953
vn 0.376699 0.659210 0.650800
vn 0.424121 0.578507 0.696743
vn 0.440771 0.491213 0.751286
vn 0.425021 0.405871 0.809090
vn 0.378411 0.330837 0.864495
vn 0.305503 0.273454 0.912080
vn 0.213436 0.239340 0.947186
vn 0.111221 0.231834 0.966376
vn 0.008864 0.251671 0.967772
vn -0.083617 0.296909 0.951238
vn -0.157167 0.363120 0.918391
vn -0.204589 0.443823 0.872448
vn -0.221240 0.531117 0.817904
vn -0.205490 0.616458 0.760101
vn -0.083851 0.657832 0.748483
vn -0.030456 0.699858 0.713632
vn 0.036972 0.724842 0.687922
vn 0.111835 0.730340 0.673867
vn 0.186799 0.715812 0.672844
vn 0.254530 0.682680 0.684954
vn 0.308399 0.634188 0.709011
vn 0.343129 0.575083 0.742659
vn 0.355324 0.511150 0.782605
vn 0.343788 0.448647 0.824940
vn 0.309651 0.393693 0.865518
vn 0.256255 0.351667 0.900369
vn 0.188828 0.326681 0.926080
vn 0.113966 0.321184 0.940134
vn 0.039001 0.335712 0.941157
vn -0.028730 0.368844 0.929047
vn -0.082598 0.417336 0.904991
vn -0.117328 0.476442 0.871342
vn -0.129523 0.540375 0.831396
vn -0.117987 0.602877 0.789062
vn -0.017879 0.623846 0.781343
vn 0.018137 0.652193 0.757836
vn 0.063618 0.669044 0.740495
vn 0.114114 0.672753 0.731014
vn 0.164679 0.662954 0.730324
vn 0.210365 0.640606 0.738493
vn 0.246700 0.607897 0.754719
vn 0.270126 0.568030 0.777415
vn 0.278352 0.524906 0.804360
vn 0.270571 0.482746 0.832915
vn 0.247545 0.445679 0.860286
vn 0.211529 0.417331 0.883793
vn 0.166048 0.400478 0.901136
vn 0.115551 0.396771 0.910616
vn 0.064986 0.406570 0.911306
vn 0.019302 0.428918 0.903137
vn -0.017035 0.461627 0.886911
vn -0.040461 0.501495 0.864214
vn -0.048686 0.544619 0.837270
vn -0.040905 0.586777 0.808715
vn 0.038480 0.591613 0.805303
vn 0.059487 0.608147 0.791593
vn 0.086013 0.617975 0.781478
vn 0.115463 0.620138 0.775949
vn 0.144956 0.614423 0.775546
vn 0.171603 0.601388 0.780311
vn 0.192795 0.582311 0.789775
vn 0.206457 0.559059 0.803012
vn 0.211256 0.533907 0.818728
vn 0.206717 0.509316 0.835383
vn 0.193288 0.487698 0.851347
vn 0.172282 0.471165 0.865057
vn 0.145755 0.461335 0.875172
vn 0.116302 0.459172 0.880701
vn 0.086811 0.464888 0.881104
vn 0.060166 0.477922 0.876340
vn 0.038972 0.497000 0.866875
vn 0.025309 0.520253 0.853637
vn 0.020512 0.545404 0.837922
vn 0.025050 0.569992 0.821268
vn 0.116422 0.542161 0.832171
vn 0.709761 -0.098048 0.697586
vn 0.536412 -0.234482 0.810728
vn 0.536413 -0.234482 0.810728
vn 0.709760 -0.098048 0.697586
vn 0.317508 -0.315587 0.894200
vn 0.317507 -0.315587 0.894200
vn 0.074477 -0.333437 0.939826
vn 0.074477 -0.333437 0.939826
vn -0.168896 -0.286279 0.943143
vn -0.168896 -0.286279 0.943143
vn -0.388780 -0.178713 0.903832
vn -0.388780 -0.178713 0.903832
vn -0.563656 -0.021284 0.825735
vn -0.563655 -0.021285 0.825736
vn -0.676412 0.170594 0.716495
vn -0.676412 0.170594 0.716495
vn -0.716002 0.378149 0.586810
vn -0.716002 0.378148 0.586810
vn -0.678551 0.581062 0.449373
vn -0.678551 0.581062 0.449373
vn -0.567728 0.759468 0.317638
vn -0.567727 0.759469 0.317637
vn -0.394381 0.895904 0.204499
vn -0.394380 0.895904 0.204499
vn -0.175479 0.977016 0.121024
vn -0.175479 0.977016 0.121024
vn 0.067554 0.994863 0.075390
vn 0.067554 0.994863 0.075390
vn 0.310926 0.947698 0.072071
vn 0.310926 0.947697 0.072071
vn 0.530813 0.840137 0.111391
vn 0.530814 0.840136 0.111391
vn 0.705689 0.682710 0.189499
vn 0.705688 0.682711 0.189499
vn 0.818440 0.490829 0.298737
vn 0.818439 0.490830 0.298736
vn 0.858031 0.283272 0.428415
vn 0.858031 0.283272 0.428415
vn 0.820583 0.080358 0.565851
vn 0.820583 0.080358 0.565850
s 1
g group5 pSphere5
usemtl initialShadingGroup
f 1923/2671/2999 1924/2672/3000 1925/2359/3001 1926/2358/3002
f 1924/2672/3000 1927/2673/3003 1928/2360/3004 1925/2359/3001
f 1927/2673/3003 1929/2674/3005 1930/2361/3006 1928/2360/3004
f 1929/2674/3005 1931/2675/3007 1932/2362/3008 1930/2361/3006
f 1931/2675/3007 1933/2676/3009 1934/2363/3010 1932/2362/3008
f 1933/2676/3009 1935/2677/3011 1936/2364/3012 1934/2363/3010
f 1935/2677/3011 1937/2678/3013 1938/2365/3014 1936/2364/3012
f 1937/2678/3013 1939/2679/3015 1940/2366/3016 1938/2365/3014
f 1939/2679/3015 1941/2680/3017 1942/2367/3018 1940/2366/3016
f 1941/2680/3017 1943/2681/3019 1944/2368/3020 1942/2367/3018
f 1943/2681/3019 1945/2682/3021 1946/2369/3022 1944/2368/3020
f 1945/2682/3021 1947/2683/3023 1948/2370/3024 1946/2369/3022
f 1947/2683/3023 1949/2684/3025 1950/2371/3026 1948/2370/3024
f 1949/2684/3025 1951/2685/3027 1952/2372/3028 1950/2371/3026
f 1951/2685/3027 1953/2686/3029 1954/2373/3030 1952/2372/3028
f 1953/2686/3029 1955/2687/3031 1956/2374/3032 1954/2373/3030
f 1955/2687/3031 1957/2688/3033 1958/2375/3034 1956/2374/3032
f 1957/2688/3033 1959/2689/3035 1960/2376/3036 1958/2375/3034
f 1959/2689/3035 1961/2690/3037 1962/2377/3038 1960/2376/3036
f 1961/2690/3037 1923/2691/2999 1926/2378/3002 1962/2377/3038
f 1926/2358/3002 1925/2359/3001 1963/2380/3039 1964/2379/3040
f 1925/2359/3001 1928/2360/3004 1965/2381/3041 1963/2380/3039
f 1928/2360/3004 1930/2361/3006 1966/2382/3042 1965/2381/3041
f 1930/2361/3006 1932/2362/3008 1967/2383/3043 1966/2382/3042
f 1932/2362/3008 1934/2363/3010 1968/2384/3044 1967/2383/3043
f 1934/2363/3010 1936/2364/3012 1969/2385/3045 1968/2384/3044
f 1936/2364/3012 1938/2365/3014 1970/2386/3046 1969/2385/3045
f 1938/2365/3014 1940/2366/3016 1971/2387/3047 1970/2386/3046
f 1940/2366/3016 1942/2367/3018 1972/2388/3048 1971/2387/3047
f 1942/2367/3018 1944/2368/3020 1973/2389/3049 1972/2388/3048
f 1944/2368/3020 1946/2369/3022 1974/2390/3050 1973/2389/3049
f 1946/2369/3022 1948/2370/3024 1975/2391/3051 1974/2390/3050
f 1948/2370/3024 1950/2371/3026 1976/2392/3052 1975/2391/3051
f 1950/2371/3026 1952/2372/3028 1977/2393/3053 1976/2392/3052
f 1952/2372/3028 1954/2373/3030 1978/2394/3054 1977/2393/3053
f 1954/2373/3030 1956/2374/3032 1979/2395/3055 1978/2394/3054
f 1956/2374/3032 1958/2375/3034 1980/2396/3056 1979/2395/3055
f 1958/2375/3034 1960/2376/3036 1981/2397/3057 1980/2396/3056
f 1960/2376/3036 1962/2377/3038 1982/2398/3058 1981/2397/3057
f 1962/2377/3038 1926/2378/3002 1964/2399/3040 1982/2398/3058
f 1964/2379/3040 1963/2380/3039 1983/2401/3059 1984/2400/3060
f 1963/2380/3039 1965/2381/3041 1985/2402/3061 1983/2401/3059
f 1965/2381/3041 1966/2382/3042 1986/2403/3062 1985/2402/3061
f 1966/2382/3042 1967/2383/3043 1987/2404/3063 1986/2403/3062
f 1967/2383/3043 1968/2384/3044 1988/2405/3064 1987/2404/3063
f 1968/2384/3044 1969/2385/3045 1989/2406/3065 1988/2405/3064
f 1969/2385/3045 1970/2386/3046 1990/2407/3066 1989/2406/3065
f 1970/2386/3046 1971/2387/3047 1991/2408/3067 1990/2407/3066
f 1971/2387/3047 1972/2388/3048 1992/2409/3068 1991/2408/3067
f 1972/2388/3048 1973/2389/3049 1993/2410/3069 1992/2409/3068
f 1973/2389/3049 1974/2390/3050 1994/2411/3070 1993/2410/3069
f 1974/2390/3050 1975/2391/3051 1995/2412/3071 1994/2411/3070
f 1975/2391/3051 1976/2392/3052 1996/2413/3072 1995/2412/3071
f 1976/2392/3052 1977/2393/3053 1997/2414/3073 1996/2413/3072
f 1977/2393/3053 1978/2394/3054 1998/2415/3074 1997/2414/3073
f 1978/2394/3054 1979/2395/3055 1999/2416/3075 1998/2415/3074
f 1979/2395/3055 1980/2396/3056 2000/2417/3076 1999/2416/3075
f 1980/2396/3056 1981/2397/3057 2001/2418/3077 2000/2417/3076
f 1981/2397/3057 1982/2398/3058 2002/2419/3078 2001/2418/3077
f 1982/2398/3058 1964/2399/3040 1984/2420/3060 2002/2419/3078
f 1984/2400/3060 1983/2401/3059 2003/2422/3079 2004/2421/3080
f 1983/2401/3059 1985/2402/3061 2005/2423/3081 2003/2422/3079
f 1985/2402/3061 1986/2403/3062 2006/2424/3082 2005/2423/3081
f 1986/2403/3062 1987/2404/3063 2007/2425/3083 2006/2424/3082
f 1987/2404/3063 1988/2405/3064 2008/2426/3084 2007/2425/3083
f 1988/2405/3064 1989/2406/3065 2009/2427/3085 2008/2426/3084
f 1989/2406/3065 1990/2407/3066 2010/2428/3086 2009/2427/3085
f 1990/2407/3066 1991/2408/3067 2011/2429/3087 2010/2428/3086
f 1991/2408/3067 1992/2409/3068 2012/2430/3088 2011/2429/3087
f 1992/2409/3068 1993/2410/3069 2013/2431/3089 2012/2430/3088
f 1993/2410/3069 1994/2411/3070 2014/2432/3090 2013/2431/3089
f 1994/2411/3070 1995/2412/3071 2015/2433/3091 2014/2432/3090
f 1995/2412/3071 1996/2413/3072 2016/2434/3092 2015/2433/3091
f 1996/2413/3072 1997/2414/3073 2017/2435/3093 2016/2434/3092
f 1997/2414/3073 1998/2415/3074 2018/2436/3094 2017/2435/3093
f 1998/2415/3074 1999/2416/3075 2019/2437/3095 2018/2436/3094
f 1999/2416/3075 2000/2417/3076 2020/2438/3096 2019/2437/3095
f 2000/2417/3076 2001/2418/3077 2021/2439/3097 2020/2438/3096
f 2001/2418/3077 2002/2419/3078 2022/2440/3098 2021/2439/3097
f 2002/2419/3078 1984/2420/3060 2004/2441/3080 2022/2440/3098
f 2004/2421/3080 2003/2422/3079 2023/2443/3099 2024/2442/3100
f 2003/2422/3079 2005/2423/3081 2025/2444/3101 2023/2443/3099
f 2005/2423/3081 2006/2424/3082 2026/2445/3102 2025/2444/3101
f 2006/2424/3082 2007/2425/3083 2027/2446/3103 2026/2445/3102
f 2007/2425/3083 2008/2426/3084 2028/2447/3104 2027/2446/3103
f 2008/2426/3084 2009/2427/3085 2029/2448/3105 2028/2447/3104
f 2009/2427/3085 2010/2428/3086 2030/2449/3106 2029/2448/3105
f 2010/2428/3086 2011/2429/3087 2031/2450/3107 2030/2449/3106
f 2011/2429/3087 2012/2430/3088 2032/2451/3108 2031/2450/3107
f 2012/2430/3088 2013/2431/3089 2033/2452/3109 2032/2451/3108
f 2013/2431/3089 2014/2432/3090 2034/2453/3110 2033/2452/3109
f 2014/2432/3090 2015/2433/3091 2035/2454/3111 2034/2453/3110
f 2015/2433/3091 2016/2434/3092 2036/2455/3112 2035/2454/3111
f 2016/2434/3092 2017/2435/3093 2037/2456/3113 2036/2455/3112
f 2017/2435/3093 2018/2436/3094 2038/2457/3114 2037/2456/3113
f 2018/2436/3094 2019/2437/3095 2039/2458/3115 2038/2457/3114
f 2019/2437/3095 2020/2438/3096 2040/2459/3116 2039/2458/3115
f 2020/2438/3096 2021/2439/3097 2041/2460/3117 2040/2459/3116
f 2021/2439/3097 2022/2440/3098 2042/2461/3118 2041/2460/3117
f 2022/2440/3098 2004/2441/3080 2024/2462/3100 2042/2461/3118
f 2024/2442/3100 2023/2443/3099 2043/2464/3119 2044/2463/3120
f 2023/2443/3099 2025/2444/3101 2045/2465/3121 2043/2464/3119
f 2025/2444/3101 2026/2445/3102 2046/2466/3122 2045/2465/3121
f 2026/2445/3102 2027/2446/3103 2047/2467/3123 2046/2466/3122
f 2027/2446/3103 2028/2447/3104 2048/2468/3124 2047/2467/3123
f 2028/2447/3104 2029/2448/3105 2049/2469/3125 2048/2468/3124
f 2029/2448/3105 2030/2449/3106 2050/2470/3126 2049/2469/3125
f 2030/2449/3106 2031/2450/3107 2051/2471/3127 2050/2470/3126
f 2031/2450/3107 2032/2451/3108 2052/2472/3128 2051/2471/3127
f 2032/2451/3108 2033/2452/3109 2053/2473/3129 2052/2472/3128
f 2033/2452/3109 2034/2453/3110 2054/2474/3130 2053/2473/3129
f 2034/2453/3110 2035/2454/3111 2055/2475/3131 2054/2474/3130
f 2035/2454/3111 2036/2455/3112 2056/2476/3132 2055/2475/3131
f 2036/2455/3112 2037/2456/3113 2057/2477/3133 2056/2476/3132
f 2037/2456/3113 2038/2457/3114 2058/2478/3134 2057/2477/3133
f 2038/2457/3114 2039/2458/3115 2059/2479/3135 2058/2478/3134
f 2039/2458/3115 2040/2459/3116 2060/2480/3136 2059/2479/3135
f 2040/2459/3116 2041/2460/3117 2061/2481/3137 2060/2480/3136
f 2041/2460/3117 2042/2461/3118 2062/2482/3138 2061/2481/3137
f 2042/2461/3118 2024/2462/3100 2044/2483/3120 2062/2482/3138
f 2044/2463/3120 2043/2464/3119 2063/2484/3139
f 2043/2464/3119 2045/2465/3121 2063/2485/3139
f 2045/2465/3121 2046/2466/3122 2063/2486/3139
f 2046/2466/3122 2047/2467/3123 2063/2487/3139
f 2047/2467/3123 2048/2468/3124 2063/2488/3139
f 2048/2468/3124 2049/2469/3125 2063/2489/3139
f 2049/2469/3125 2050/2470/3126 2063/2490/3139
f 2050/2470/3126 2051/2471/3127 2063/2491/3139
f 2051/2471/3127 2052/2472/3128 2063/2492/3139
f 2052/2472/3128 2053/2473/3129 2063/2493/3139
f 2053/2473/3129 2054/2474/3130 2063/2494/3139
f 2054/2474/3130 2055/2475/3131 2063/2495/3139
f 2055/2475/3131 2056/2476/3132 2063/2496/3139
f 2056/2476/3132 2057/2477/3133 2063/2497/3139
f 2057/2477/3133 2058/2478/3134 2063/2498/3139
f 2058/2478/3134 2059/2479/3135 2063/2499/3139
f 2059/2479/3135 2060/2480/3136 2063/2500/3139
f 2060/2480/3136 2061/2481/3137 2063/2501/3139
f 2061/2481/3137 2062/2482/3138 2063/2502/3139
f 2062/2482/3138 2044/2483/3120 2063/2503/3139
s 2
f 1782/2504/3140 1802/2507/3141 1803/2506/3142 1783/2505/3143
f 1783/2505/3143 1803/2506/3142 1804/2509/3144 1784/2508/3145
f 1784/2508/3145 1804/2509/3144 1805/2511/3146 1785/2510/3147
f 1785/2510/3147 1805/2511/3146 1806/2513/3148 1786/2512/3149
f 1786/2512/3149 1806/2513/3148 1807/2515/3150 1787/2514/3151
f 1787/2514/3151 1807/2515/3150 1808/2517/3152 1788/2516/3153
f 1788/2516/3153 1808/2517/3152 1809/2519/3154 1789/2518/3155
f 1789/2518/3155 1809/2519/3154 1810/2521/3156 1790/2520/3157
f 1790/2520/3157 1810/2521/3156 1811/2523/3158 1791/2522/3159
f 1791/2522/3159 1811/2523/3158 1812/2525/3160 1792/2524/3161
f 1792/2524/3161 1812/2525/3160 1813/2527/3162 1793/2526/3163
f 1793/2526/3163 1813/2527/3162 1814/2529/3164 1794/2528/3165
f 1794/2528/3165 1814/2529/3164 1815/2531/3166 1795/2530/3167
f 1795/2530/3167 1815/2531/3166 1816/2533/3168 1796/2532/3169
f 1796/2532/3169 1816/2533/3168 1817/2535/3170 1797/2534/3171
f 1797/2534/3171 1817/2535/3170 1818/2537/3172 1798/2536/3173
f 1798/2536/3173 1818/2537/3172 1819/2539/3174 1799/2538/3175
f 1799/2538/3175 1819/2539/3174 1820/2541/3176 1800/2540/3177
f 1800/2540/3177 1820/2541/3176 1821/2543/3178 1801/2542/3179
f 1801/2542/3179 1821/2543/3178 1802/2545/3141 1782/2544/3140
f 1802/2507/3141 1822/2547/3180 1823/2546/3181 1803/2506/3142
f 1803/2506/3142 1823/2546/3181 1824/2548/3182 1804/2509/3144
f 1804/2509/3144 1824/2548/3182 1825/2549/3183 1805/2511/3146
f 1805/2511/3146 1825/2549/3183 1826/2550/3184 1806/2513/3148
f 1806/2513/3148 1826/2550/3184 1827/2551/3185 1807/2515/3150
f 1807/2515/3150 1827/2551/3185 1828/2552/3186 1808/2517/3152
f 1808/2517/3152 1828/2552/3186 1829/2553/3187 1809/2519/3154
f 1809/2519/3154 1829/2553/3187 1830/2554/3188 1810/2521/3156
f 1810/2521/3156 1830/2554/3188 1831/2555/3189 1811/2523/3158
f 1811/2523/3158 1831/2555/3189 1832/2556/3190 1812/2525/3160
f 1812/2525/3160 1832/2556/3190 1833/2557/3191 1813/2527/3162
f 1813/2527/3162 1833/2557/3191 1834/2558/3192 1814/2529/3164
f 1814/2529/3164 1834/2558/3192 1835/2559/3193 1815/2531/3166
f 1815/2531/3166 1835/2559/3193 1836/2560/3194 1816/2533/3168
f 1816/2533/3168 1836/2560/3194 1837/2561/3195 1817/2535/3170
f 1817/2535/3170 1837/2561/3195 1838/2562/3196 1818/2537/3172
f 1818/2537/3172 1838/2562/3196 1839/2563/3197 1819/2539/3174
f 1819/2539/3174 1839/2563/3197 1840/2564/3198 1820/2541/3176
f 1820/2541/3176 1840/2564/3198 1841/2565/3199 1821/2543/3178
f 1821/2543/3178 1841/2565/3199 1822/2566/3180 1802/2545/3141
f 1822/2547/3180 1842/2568/3200 1843/2567/3201 1823/2546/3181
f 1823/2546/3181 1843/2567/3201 1844/2569/3202 1824/2548/3182
f 1824/2548/3182 1844/2569/3202 1845/2570/3203 1825/2549/3183
f 1825/2549/3183 1845/2570/3203 1846/2571/3204 1826/2550/3184
f 1826/2550/3184 1846/2571/3204 1847/2572/3205 1827/2551/3185
f 1827/2551/3185 1847/2572/3205 1848/2573/3206 1828/2552/3186
f 1828/2552/3186 1848/2573/3206 1849/2574/3207 1829/2553/3187
f 1829/2553/3187 1849/2574/3207 1850/2575/3208 1830/2554/3188
f 1830/2554/3188 1850/2575/3208 1851/2576/3209 1831/2555/3189
f 1831/2555/3189 1851/2576/3209 1852/2577/3210 1832/2556/3190
f 1832/2556/3190 1852/2577/3210 1853/2578/3211 1833/2557/3191
f 1833/2557/3191 1853/2578/3211 1854/2579/3212 1834/2558/3192
f 1834/2558/3192 1854/2579/3212 1855/2580/3213 1835/2559/3193
f 1835/2559/3193 1855/2580/3213 1856/2581/3214 1836/2560/3194
f 1836/2560/3194 1856/2581/3214 1857/2582/3215 1837/2561/3195
f 1837/2561/3195 1857/2582/3215 1858/2583/3216 1838/2562/3196
f 1838/2562/3196 1858/2583/3216 1859/2584/3217 1839/2563/3197
f 1839/2563/3197 1859/2584/3217 1860/2585/3218 1840/2564/3198
f 1840/2564/3198 1860/2585/3218 1861/2586/3219 1841/2565/3199
f 1841/2565/3199 1861/2586/3219 1842/2587/3200 1822/2566/3180
f 1842/2568/3200 1862/2589/3220 1863/2588/3221 1843/2567/3201
f 1843/2567/3201 1863/2588/3221 1864/2590/3222 1844/2569/3202
f 1844/2569/3202 1864/2590/3222 1865/2591/3223 1845/2570/3203
f 1845/2570/3203 1865/2591/3223 1866/2592/3224 1846/2571/3204
f 1846/2571/3204 1866/2592/3224 1867/2593/3225 1847/2572/3205
f 1847/2572/3205 1867/2593/3225 1868/2594/3226 1848/2573/3206
f 1848/2573/3206 1868/2594/3226 1869/2595/3227 1849/2574/3207
f 1849/2574/3207 1869/2595/3227 1870/2596/3228 1850/2575/3208
f 1850/2575/3208 1870/2596/3228 1871/2597/3229 1851/2576/3209
f 1851/2576/3209 1871/2597/3229 1872/2598/3230 1852/2577/3210
f 1852/2577/3210 1872/2598/3230 1873/2599/3231 1853/2578/3211
f 1853/2578/3211 1873/2599/3231 1874/2600/3232 1854/2579/3212
f 1854/2579/3212 1874/2600/3232 1875/2601/3233 1855/2580/3213
f 1855/2580/3213 1875/2601/3233 1876/2602/3234 1856/2581/3214
f 1856/2581/3214 1876/2602/3234 1877/2603/3235 1857/2582/3215
f 1857/2582/3215 1877/2603/3235 1878/2604/3236 1858/2583/3216
f 1858/2583/3216 1878/2604/3236 1879/2605/3237 1859/2584/3217
f 1859/2584/3217 1879/2605/3237 1880/2606/3238 1860/2585/3218
f 1860/2585/3218 1880/2606/3238 1881/2607/3239 1861/2586/3219
f 1861/2586/3219 1881/2607/3239 1862/2608/3220 1842/2587/3200
f 1862/2589/3220 1882/2610/3240 1883/2609/3241 1863/2588/3221
f 1863/2588/3221 1883/2609/3241 1884/2611/3242 1864/2590/3222
f 1864/2590/3222 1884/2611/3242 1885/2612/3243 1865/2591/3223
f 1865/2591/3223 1885/2612/3243 1886/2613/3244 1866/2592/3224
f 1866/2592/3224 1886/2613/3244 1887/2614/3245 1867/2593/3225
f 1867/2593/3225 1887/2614/3245 1888/2615/3246 1868/2594/3226
f 1868/2594/3226 1888/2615/3246 1889/2616/3247 1869/2595/3227
f 1869/2595/3227 1889/2616/3247 1890/2617/3248 1870/2596/3228
f 1870/2596/3228 1890/2617/3248 1891/2618/3249 1871/2597/3229
f 1871/2597/3229 1891/2618/3249 1892/2619/3250 1872/2598/3230
f 1872/2598/3230 1892/2619/3250 1893/2620/3251 1873/2599/3231
f 1873/2599/3231 1893/2620/3251 1894/2621/3252 1874/2600/3232
f 1874/2600/3232 1894/2621/3252 1895/2622/3253 1875/2601/3233
f 1875/2601/3233 1895/2622/3253 1896/2623/3254 1876/2602/3234
f 1876/2602/3234 1896/2623/3254 1897/2624/3255 1877/2603/3235
f 1877/2603/3235 1897/2624/3255 1898/2625/3256 1878/2604/3236
f 1878/2604/3236 1898/2625/3256 1899/2626/3257 1879/2605/3237
f 1879/2605/3237 1899/2626/3257 1900/2627/3258 1880/2606/3238
f 1880/2606/3238 1900/2627/3258 1901/2628/3259 1881/2607/3239
f 1881/2607/3239 1901/2628/3259 1882/2629/3240 1862/2608/3220
f 1882/2610/3240 1902/2631/3260 1903/2630/3261 1883/2609/3241
f 1883/2609/3241 1903/2630/3261 1904/2632/3262 1884/2611/3242
f 1884/2611/3242 1904/2632/3262 1905/2633/3263 1885/2612/3243
f 1885/2612/3243 1905/2633/3263 1906/2634/3264 1886/2613/3244
f 1886/2613/3244 1906/2634/3264 1907/2635/3265 1887/2614/3245
f 1887/2614/3245 1907/2635/3265 1908/2636/3266 1888/2615/3246
f 1888/2615/3246 1908/2636/3266 1909/2637/3267 1889/2616/3247
f 1889/2616/3247 1909/2637/3267 1910/2638/3268 1890/2617/3248
f 1890/2617/3248 1910/2638/3268 1911/2639/3269 1891/2618/3249
f 1891/2618/3249 1911/2639/3269 1912/2640/3270 1892/2619/3250
f 1892/2619/3250 1912/2640/3270 1913/2641/3271 1893/2620/3251
f 1893/2620/3251 1913/2641/3271 1914/2642/3272 1894/2621/3252
f 1894/2621/3252 1914/2642/3272 1915/2643/3273 1895/2622/3253
f 1895/2622/3253 1915/2643/3273 1916/2644/3274 1896/2623/3254
f 1896/2623/3254 1916/2644/3274 1917/2645/3275 1897/2624/3255
f 1897/2624/3255 1917/2645/3275 1918/2646/3276 1898/2625/3256
f 1898/2625/3256 1918/2646/3276 1919/2647/3277 1899/2626/3257
f 1899/2626/3257 1919/2647/3277 1920/2648/3278 1900/2627/3258
f 1900/2627/3258 1920/2648/3278 1921/2649/3279 1901/2628/3259
f 1901/2628/3259 1921/2649/3279 1902/2650/3260 1882/2629/3240
f 1902/2631/3260 1922/2651/3280 1903/2630/3261
f 1903/2630/3261 1922/2652/3280 1904/2632/3262
f 1904/2632/3262 1922/2653/3280 1905/2633/3263
f 1905/2633/3263 1922/2654/3280 1906/2634/3264
f 1906/2634/3264 1922/2655/3280 1907/2635/3265
f 1907/2635/3265 1922/2656/3280 1908/2636/3266
f 1908/2636/3266 1922/2657/3280 1909/2637/3267
f 1909/2637/3267 1922/2658/3280 1910/2638/3268
f 1910/2638/3268 1922/2659/3280 1911/2639/3269
f 1911/2639/3269 1922/2660/3280 1912/2640/3270
f 1912/2640/3270 1922/2661/3280 1913/2641/3271
f 1913/2641/3271 1922/2662/3280 1914/2642/3272
f 1914/2642/3272 1922/2663/3280 1915/2643/3273
f 1915/2643/3273 1922/2664/3280 1916/2644/3274
f 1916/2644/3274 1922/2665/3280 1917/2645/3275
f 1917/2645/3275 1922/2666/3280 1918/2646/3276
f 1918/2646/3276 1922/2667/3280 1919/2647/3277
f 1919/2647/3277 1922/2668/3280 1920/2648/3278
f 1920/2648/3278 1922/2669/3280 1921/2649/3279
f 1921/2649/3279 1922/2670/3280 1902/2650/3260
s 3
f 1782/2337/3281 1783/2338/3282 1924/2672/3283 1923/2671/3284
f 1783/2338/3282 1784/2339/3285 1927/2673/3286 1924/2672/3283
f 1784/2339/3285 1785/2340/3287 1929/2674/3288 1927/2673/3286
f 1785/2340/3287 1786/2341/3289 1931/2675/3290 1929/2674/3288
f 1786/2341/3289 1787/2342/3291 1933/2676/3292 1931/2675/3290
f 1787/2342/3291 1788/2343/3293 1935/2677/3294 1933/2676/3292
f 1788/2343/3293 1789/2344/3295 1937/2678/3296 1935/2677/3294
f 1789/2344/3295 1790/2345/3297 1939/2679/3298 1937/2678/3296
f 1790/2345/3297 1791/2346/3299 1941/2680/3300 1939/2679/3298
f 1791/2346/3299 1792/2347/3301 1943/2681/3302 1941/2680/3300
f 1792/2347/3301 1793/2348/3303 1945/2682/3304 1943/2681/3302
f 1793/2348/3303 1794/2349/3305 1947/2683/3306 1945/2682/3304
f 1794/2349/3305 1795/2350/3307 1949/2684/3308 1947/2683/3306
f 1795/2350/3307 1796/2351/3309 1951/2685/3310 1949/2684/3308
f 1796/2351/3309 1797/2352/3311 1953/2686/3312 1951/2685/3310
f 1797/2352/3311 1798/2353/3313 1955/2687/3314 1953/2686/3312
f 1798/2353/3313 1799/2354/3315 1957/2688/3316 1955/2687/3314
f 1799/2354/3315 1800/2355/3317 1959/2689/3318 1957/2688/3316
f 1800/2355/3317 1801/2356/3319 1961/2690/3320 1959/2689/3318
f 1801/2356/3319 1782/2357/3281 1923/2691/3284 1961/2690/3320
