# This file uses centimeters as units for non-parametric coordinates.

mtllib S_P16.mtl
g default
v -71.098274 59.068089 5.535032
v -50.704048 113.329933 -36.543266
v -63.726620 153.048340 -1.912807
v -73.950172 56.313862 12.188417
v -84.963013 90.724281 45.323921
v -71.259659 148.305923 8.802648
v -84.566055 107.673119 52.628269
v -70.655342 60.943756 3.976503
v -82.970695 75.955849 29.656540
v -78.751556 77.620918 8.946671
v -75.036766 78.266045 0.310985
v -67.584961 79.096443 -11.589682
v -83.884315 94.565086 5.773179
v -80.078590 95.409027 -3.634166
v -60.910229 97.184349 -25.665318
v -80.862892 111.919708 -5.601696
v -85.322571 111.313828 4.283232
v -59.474567 130.867401 -22.832666
v -76.188515 129.937469 -5.260326
v -80.608795 129.203918 5.523270
v -82.913429 127.356483 29.581217
v -85.084335 92.489891 27.266403
v -86.027313 109.759163 25.339973
v -83.050438 127.714783 25.120386
v -82.044624 131.215408 25.269339
v -71.677711 96.308434 -14.532300
v -72.084190 112.414742 -15.737925
v -67.092155 130.427643 -14.623389
v -62.422871 141.559860 -13.218266
v -67.915230 51.271324 -14.047530
v -101.227112 51.679718 12.608552
v -86.138268 131.345428 -38.047523
v -119.450157 131.753815 -11.391438
v -76.498230 56.314323 9.295073
v -94.721275 136.388428 -14.704918
v -77.026749 91.308380 -26.047527
v -85.609749 96.351379 -2.704924
v -110.338638 91.716774 0.608555
v -81.582512 111.326904 -32.047527
v -90.165512 116.369911 -8.704923
v -114.894386 111.735306 -5.391443
v -72.470985 71.289848 -20.047529
v -81.053993 76.332855 3.295074
v -105.782883 71.698242 6.608554
v -63.388397 64.172173 25.557928
v -67.944160 84.190697 19.557930
v -72.499924 104.209229 13.557933
v -77.055679 124.227753 7.557937
v -81.611443 144.246262 1.557941
v -84.739471 62.885712 6.538352
v -121.526306 54.003136 24.364223
v -102.437233 130.209061 3.562899
v -139.224075 121.326492 21.388771
v -103.132889 58.444424 15.451288
v -120.830643 125.767776 12.475835
v -93.588348 96.547394 5.050626
v -111.981766 92.106110 13.963561
v -130.375198 87.664818 22.876495
v -98.012802 113.378273 4.306761
v -116.406219 108.936981 13.219696
v -134.799637 104.495689 22.132633
v -89.163910 79.716553 5.794489
v -107.557327 75.275269 14.707425
v -125.950752 70.833984 23.620359
v 54.623070 65.262238 25.354383
v 86.581619 54.805099 17.274183
v 76.308418 129.294174 28.255518
v 108.266968 118.837044 20.175316
v 78.414047 57.181095 25.883629
v 100.099403 121.213028 28.784761
v 68.227493 60.514229 28.459133
v 89.912842 124.546173 31.360266
v 66.496208 96.804176 29.564758
v 79.152908 92.304886 34.264072
v 92.349747 87.986763 30.927465
v 98.454758 86.347046 21.484558
v 60.424934 81.095169 27.098804
v 73.081635 76.595879 31.798117
v 86.278465 72.277756 28.461512
v 92.383484 70.638039 19.018604
v 71.325905 113.084328 28.705498
v 83.982605 108.585037 33.404808
v 97.179443 104.266907 30.068203
v 103.284454 102.627190 20.625296
v -14.418680 92.892952 50.908607
v 0.114634 90.055756 37.218403
v -12.375303 109.608833 49.613575
v 2.158011 106.771637 35.923370
v 66.123924 39.040901 -6.545198
v 114.611816 91.764465 -6.614700
v 79.828918 131.940018 -17.681829
v 58.839188 36.491783 -7.194269
v 25.744087 71.626068 -15.774359
v 67.341927 127.072235 -21.481581
v 19.622631 89.021996 -16.601244
v 67.834625 40.812843 -6.822790
v 40.658009 55.986595 -15.049810
v 61.819450 56.397667 -16.273176
v 71.132904 56.827209 -14.907110
v 84.551414 57.727051 -10.786604
v 64.434433 71.967262 -24.891230
v 74.526459 72.536224 -23.657904
v 100.730934 75.278351 -10.939554
v 77.048172 88.470993 -27.758284
v 66.341812 88.077179 -29.543264
v 100.021309 108.886345 -14.764769
v 78.785873 106.953880 -26.354856
v 67.214455 106.522583 -27.864607
v 43.289398 106.537415 -23.978678
v 43.254971 71.697479 -20.525141
v 45.734589 88.357124 -24.899542
v 47.584408 106.461700 -25.240931
v 47.866722 110.075554 -24.855215
v 87.218109 73.744087 -18.402769
v 89.078400 89.409836 -21.889208
v 90.148438 108.008202 -19.996275
v 90.515831 119.815826 -17.141817
v -41.987759 56.580418 9.606976
v -13.810505 57.395111 35.169945
v -62.223728 127.371597 29.656321
v -34.046474 128.186295 55.219288
v -35.469055 52.419434 30.878157
v -55.705029 123.210617 50.927498
v -52.105743 91.976013 19.631647
v -45.587044 87.815025 40.902828
v -23.928492 92.790710 45.194618
v -57.164738 109.673813 24.643986
v -50.646034 105.512833 45.915165
v -28.987484 110.488503 50.206955
v -47.046749 74.278214 14.619312
v -40.528049 70.117233 35.890491
v -18.869497 75.092911 40.182281
v -47.762039 45.000824 44.664753
v -52.821033 62.698620 49.677090
v -57.880024 80.396416 54.689426
v -62.939018 98.094208 59.701759
v -67.998009 115.791992 64.714096
v 118.402107 63.546753 -25.425238
v 66.705727 63.546753 -9.771441
v 118.402107 157.496826 -25.425238
v 66.705734 157.496841 -9.771439
v 118.402107 110.521812 -25.425240
v 66.705734 110.521797 -9.771439
v 118.402107 87.034279 -25.425238
v 66.705734 87.034279 -9.771439
v 118.402107 134.009308 -25.425240
v 66.705734 134.009308 -9.771439
v 94.094238 63.546753 -2.799968
v 94.094238 87.034279 -2.799968
v 94.094238 110.521797 -2.799968
v 94.094238 134.009308 -2.799968
v 94.094238 157.496841 -2.799968
v 101.468918 63.546753 26.062595
v 101.468918 87.034279 26.062595
v 101.468918 110.521805 26.062593
v 101.468918 134.009308 26.062593
v 101.468918 157.496841 26.062595
v -62.375664 47.038441 20.211617
v -107.266975 101.294563 7.100629
v -73.601425 140.898392 22.739519
v -55.508801 44.288212 22.507063
v -23.225840 78.755142 35.666161
v -62.404694 135.869690 29.327662
v -16.576689 95.944359 36.712185
v -64.020020 48.883381 20.022936
v -38.407700 63.629097 32.792740
v -59.326893 64.855713 29.574799
v -68.131935 65.514206 26.284136
v -80.363899 66.597031 19.424736
v -62.901356 81.055595 36.525215
v -72.488068 81.889114 33.194450
v -95.371857 84.668633 15.179005
v -75.029045 98.143257 35.731216
v -64.946259 97.500519 39.717667
v -93.850304 118.413887 17.069925
v -75.554726 116.537392 32.905277
v -64.571686 115.808609 36.804577
v -40.385178 114.730118 37.970451
v -41.314434 79.755920 36.669754
v -43.835606 96.749985 39.439865
v -44.846218 114.889214 38.316849
v -44.870041 118.476158 37.667534
v -83.762375 83.176834 25.359606
v -85.543938 99.098152 27.449965
v -85.311142 117.551064 24.277657
v -84.520050 129.143341 20.714523
v 48.110027 126.697243 -28.777052
v 62.894093 126.697243 -28.777052
v 48.110027 111.843727 -28.777050
v 62.894093 111.843727 -28.777050
v -9.508168 74.225311 12.324658
v -56.058071 128.647354 13.808708
v -19.559462 168.029114 5.850297
v -2.330140 71.427635 11.527440
v 31.855408 105.468117 2.814549
v -6.509748 163.320358 7.111609
v 37.970478 122.228050 -1.927290
v -11.074157 76.118011 12.654331
v 17.322134 90.986351 9.641335
v -2.668390 92.956375 16.421469
v -11.994987 93.659958 17.566244
v -26.029705 94.488930 17.136997
v -2.784757 110.136139 21.747198
v -12.822476 111.052101 23.196026
v -41.526554 112.635674 17.762978
v -14.102933 127.619377 24.183422
v -3.321861 126.953773 23.046297
v -39.774300 146.177078 13.696548
v -16.156973 145.449799 19.237398
v -4.621234 144.635513 17.616711
v 17.285515 142.342438 7.500119
v 16.350916 107.632988 11.986797
v 15.187140 124.962883 13.058643
v 13.509516 142.803207 9.861411
v 13.132205 146.262192 8.774523
v -26.473688 111.894653 21.438879
v -27.289173 128.027878 21.731888
v -28.837599 145.825302 16.121040
v -29.979643 156.752899 10.926253
v -20.607454 85.846725 -24.603659
v 1.093487 85.846725 18.243076
v -20.607454 169.385834 -24.603659
v 1.093481 169.385849 18.243073
v -20.607454 127.616302 -24.603661
v 1.093481 127.616287 18.243073
v -20.607454 106.731506 -24.603659
v 1.093481 106.731506 18.243073
v -20.607454 148.501068 -24.603661
v 1.093481 148.501053 18.243071
v -20.215319 85.846725 4.921894
v -20.215319 106.731506 4.921894
v -20.215319 127.616287 4.921894
v -20.215319 148.501053 4.921895
v -20.215319 169.385849 4.921895
v -43.298386 85.846725 17.915092
v -43.298386 106.731506 17.915092
v -43.298386 127.616295 17.915092
v -43.298386 148.501053 17.915092
v -43.298386 169.385849 17.915092
v -0.000000 43.906921 -9.920223
v -17.164715 144.986023 -11.472281
v -99.468170 136.284149 -4.198155
v -0.000000 136.284149 -15.522509
v -49.734085 43.906921 -8.935907
v -49.734085 136.284149 -15.906645
v -49.734085 139.213379 -14.373948
v 49.734085 43.906921 -3.018344
v 49.734085 136.284149 -9.103580
v -90.044945 146.839752 -1.570988
v 49.734085 85.843842 -25.808111
v 0.000001 85.843842 -36.977215
v -49.734085 85.843842 -32.619434
v -92.776619 85.843842 -16.145842
v -96.122398 109.578644 -13.996134
v -49.734085 109.578644 -29.391624
v -0.000000 109.578644 -32.387650
v 49.734085 109.578644 -22.446730
v 85.211899 109.578644 -16.882278
v 49.734085 61.118919 -16.311544
v -0.000000 61.118919 -25.978144
v -49.734085 61.118919 -22.359747
v -89.430847 61.118919 -9.226173
v 68.679703 61.118912 -13.067763
v 81.135735 85.843834 -19.216930
v 58.849293 136.284134 -8.506906
v -23.802887 111.246422 44.425652
v -12.081687 107.050011 34.882874
v -21.077347 123.905327 42.206661
v -9.356147 119.708923 32.663883
v 0.737711 123.274269 34.635670
v 8.453026 120.949654 43.762676
v -0.782570 111.267067 32.862614
v 6.932745 108.942451 41.989620
v 22.555176 81.649864 26.356499
v 29.005320 81.649864 -15.848738
v -8.053123 159.238739 21.678690
v -1.602978 159.238739 -20.526545
v 34.332481 84.574348 -2.198683
v 3.724181 162.163223 -6.876490
v 32.276543 84.574348 11.253924
v 1.668245 162.163223 6.576118
v 10.678354 121.793991 23.978411
v 21.652666 125.323959 10.720331
v 24.316162 125.323959 -6.707723
v 17.128498 121.793991 -18.226826
v 16.168739 101.545486 25.172575
v 27.143049 105.075462 11.914500
v 29.806545 105.075462 -5.513554
v 22.618883 101.545486 -17.032656
v 1.058478 140.416290 22.831455
v 12.032789 143.946259 9.573377
v 14.696285 143.946259 -7.854678
v 7.508623 140.416290 -19.373781
v -14.418680 92.892952 -46.953190
v 0.114634 90.055756 -33.262989
v -12.375303 109.608833 -45.658157
v 2.158011 106.771637 -31.967957
v 27.964144 126.528763 39.110302
v 34.126419 127.304901 50.310093
v 31.688627 111.991463 33.812233
v 37.850899 112.767601 45.012020
v 30.067392 115.628403 34.746693
v 36.229664 116.404549 45.946480
v 28.932573 120.754921 35.641880
v 35.094845 121.531059 46.841667
v 101.127960 60.813652 -9.580687
v 68.605095 69.221344 -17.800428
v 117.485344 126.429642 -7.185220
v 84.962471 134.837326 -15.404963
v 79.798553 66.568230 -21.561367
v 96.155930 132.184219 -19.165901
v 90.164978 63.888340 -18.941385
v 106.522354 129.504333 -16.545918
v 109.587936 93.659958 -11.353225
v 100.186012 96.380898 -21.683756
v 86.756157 99.852737 -25.077982
v 77.065056 102.067650 -19.572968
v 105.321175 77.231796 -10.078677
v 95.919258 79.952736 -20.409206
v 82.489403 83.424568 -23.803432
v 72.798317 85.639481 -18.298420
v 113.515770 110.041962 -9.048977
v 104.113869 112.762901 -19.379507
v 90.684006 116.234734 -22.773733
v 80.992905 118.449654 -17.268721
v 59.799255 54.049156 -4.175914
v 32.655369 105.270332 43.916203
v 59.229446 150.258041 20.942184
v 64.269440 51.983208 -10.662614
v 87.892998 91.551628 -33.763493
v 69.367470 146.188126 11.183642
v 91.140518 110.294899 -37.628983
v 59.096519 55.763195 -2.342615
v 80.111427 73.915924 -21.705416
v 70.241608 72.578957 -1.760828
v 64.147362 72.255608 6.045123
v 53.388790 72.089317 16.193266
v 76.151993 88.660889 6.249182
v 69.769920 88.418442 14.843712
v 44.451591 89.136978 32.305126
v 71.585297 104.901543 20.446657
v 78.783218 105.377518 11.592195
v 46.997887 124.415543 36.122887
v 68.676903 124.133904 22.661287
v 76.073257 124.643387 12.872896
v 84.925735 126.663544 -10.942416
v 83.153229 90.154823 -15.335497
v 85.212456 107.400620 -9.575035
v 83.855492 126.222977 -6.378890
v 83.214882 129.988419 -6.056095
v 58.339108 88.638290 23.762400
v 59.946831 104.896011 28.423752
v 56.932697 124.306259 29.784126
v 53.670311 136.659195 29.504282
v 118.402107 63.546753 29.380655
v 66.705727 63.546753 13.726855
v 118.402107 157.496826 29.380653
v 66.705734 157.496841 13.726853
v 118.402107 110.521812 29.380653
v 66.705734 110.521797 13.726853
v 118.402107 87.034279 29.380653
v 66.705734 87.034279 13.726853
v 118.402107 134.009308 29.380653
v 66.705734 134.009308 13.726853
v 94.094238 63.546753 6.755383
v 94.094238 87.034279 6.755383
v 94.094238 110.521797 6.755383
v 94.094238 134.009308 6.755383
v 94.094238 157.496841 6.755383
v 101.468918 63.546753 -22.107180
v 101.468918 87.034279 -22.107180
v 101.468918 110.521805 -22.107180
v 101.468918 134.009308 -22.107180
v 101.468918 157.496841 -22.107180
v 90.438255 54.432259 24.054409
v 82.470337 58.643448 -9.333744
v 105.427650 118.603554 25.766853
v 98.027092 122.514877 -5.243914
v 90.710472 55.477669 -1.053931
v 105.680489 119.574516 2.446330
v 93.250183 54.135384 9.588296
v 108.039352 118.327820 12.330787
v 103.887161 84.655464 24.311598
v 108.219795 83.801086 10.783196
v 104.929558 85.540039 -3.003968
v 95.919243 89.830841 -9.076553
v 96.822014 70.134270 24.339003
v 101.154648 69.279900 10.810604
v 97.864418 71.018845 -2.976561
v 88.854111 73.381256 -9.049146
v 109.745880 99.580803 25.722057
v 114.078529 98.726433 12.193658
v 110.788284 100.465393 -1.593507
v 101.777977 103.791992 -7.666094
v -76.107613 82.515167 7.661859
v -106.953415 71.599129 33.725441
v -90.618057 149.768906 18.656431
v -121.463852 138.852859 44.720013
v -91.530510 77.057144 20.693649
v -106.040955 144.310883 31.688223
v -83.362839 116.142036 13.159146
v -98.785728 110.684021 26.190935
v -114.208633 105.226013 39.222725
v -86.990456 132.955505 15.907794
v -102.413353 127.497490 28.939587
v -117.836258 122.039467 41.971375
v -79.735222 99.328606 10.410503
v -95.158119 93.870590 23.442293
v -110.581024 88.412567 36.474083
v -42.228291 77.497162 -18.937193
v -11.179662 140.888107 -6.754162
v -56.895889 167.969345 4.338249
v -48.478130 72.937485 -19.305180
v -90.627365 95.357918 -8.165746
v -68.225487 160.549957 1.074653
v -101.056175 108.920578 -1.232593
v -41.186298 79.741325 -18.791204
v -72.556740 86.405403 -15.966227
v -53.440151 94.425133 -20.406057
v -44.562412 97.581123 -20.534224
v -31.246981 101.705963 -18.655426
v -57.480190 111.802513 -22.692160
v -47.955917 115.391022 -23.015688
v -20.911819 122.861961 -14.724031
v -50.922298 131.651169 -21.041462
v -61.213509 128.178619 -21.050758
v -31.401268 153.580215 -5.184990
v -53.749310 148.182739 -12.959341
v -64.754005 144.293839 -12.590434
v -85.796936 134.871170 -5.112651
v -75.777145 102.921799 -15.339619
v -79.047745 119.894997 -13.329246
v -82.157143 136.674072 -6.996147
v -82.732071 139.851929 -5.305291
v -35.077618 119.185028 -19.868010
v -38.414696 134.788086 -17.330219
v -41.753094 151.039841 -8.649026
v -43.701756 160.735107 -1.584514
v -103.275459 56.094334 16.787035
v -80.709747 57.535679 -13.820114
v -124.512589 128.355469 4.532454
v -101.946877 129.796814 -26.074694
v -101.254166 52.903858 -5.529004
v -122.491295 125.164993 -17.783585
v -113.894028 92.224907 10.659744
v -111.872734 89.034431 -11.656295
v -91.328308 93.666252 -19.947407
v -119.203308 110.290192 7.596099
v -117.182014 107.099716 -14.719940
v -96.637596 111.731537 -23.011049
v -108.584740 74.159615 13.723392
v -106.563446 70.969147 -8.592649
v -86.019028 75.600960 -16.883760
v -116.294243 46.552467 -16.916691
v -121.603523 64.617752 -19.980337
v -126.912804 82.683037 -23.043983
v -132.222092 100.748314 -26.107626
v -137.531372 118.813599 -29.171270
v -75.688271 48.311134 35.969227
v -88.599136 48.884930 0.177230
v -90.716316 122.831299 42.584793
v -103.627182 123.405098 6.792799
v -93.418709 45.966949 22.098152
v -108.446754 120.487106 28.713722
v -83.202293 85.571213 39.277012
v -100.932739 83.227036 25.405937
v -96.113159 86.145012 3.485015
v -86.959305 104.201256 40.930904
v -104.689743 101.857079 27.059832
v -99.870171 104.775055 5.138907
v -79.445282 66.941177 37.623119
v -97.175720 64.596992 23.752045
v -92.356148 67.514969 1.831122
v -111.728439 41.694290 28.634329
v -115.485443 60.324329 30.288221
v -119.242470 78.954369 31.942112
v -122.999474 97.584404 33.596004
v -126.756485 116.214432 35.249897
v -56.726223 78.603378 -14.989322
v -61.841251 63.965385 -50.411949
v -91.223396 144.398911 -37.197182
v -96.338425 129.760925 -72.619804
v -70.316170 66.679916 -29.204821
v -104.813339 132.475449 -51.412678
v -73.974808 111.501152 -26.093254
v -87.564758 99.577690 -40.308750
v -79.089844 96.863152 -61.515881
v -82.599106 127.950035 -31.645216
v -96.189049 116.026573 -45.860714
v -87.714134 113.312042 -67.067841
v -65.350517 95.052261 -20.541288
v -78.940460 83.128807 -34.756786
v -70.465553 80.414268 -55.963917
v -88.231979 59.202641 -23.527876
v -96.856277 75.651527 -29.079842
v -105.480568 92.100410 -34.631805
v -114.104858 108.549294 -40.183769
v -122.729149 124.998169 -45.735733
v 78.448853 53.467491 19.398521
v 84.898994 53.467491 -22.806715
v 89.593147 136.242416 21.101683
v 96.043289 136.242416 -21.103554
v 90.710350 52.402702 -9.082661
v 101.854652 135.177628 -7.379499
v 88.654411 52.402702 4.369946
v 99.798714 135.177628 6.073108
v 87.671791 94.363533 20.245070
v 99.230545 93.078293 7.076309
v 101.894043 93.078293 -10.351746
v 94.121933 94.363533 -21.960167
v 82.583084 73.979752 19.822453
v 94.141830 72.694511 6.653696
v 96.805328 72.694511 -10.774358
v 89.033234 73.979752 -22.382780
v 88.361763 115.339417 20.673748
v 99.920509 114.054176 7.504989
v 102.584015 114.054176 -9.923065
v 94.811905 115.339417 -21.531487
v 57.585548 66.953979 9.080801
v 97.497200 54.923347 -0.014187
v 72.504906 143.328857 -26.475216
v 112.416557 131.298248 -35.570202
v 73.315697 56.106758 -7.618816
v 88.235062 132.481644 -43.174828
v 65.045227 105.141434 -8.697212
v 80.775375 94.294212 -25.396828
v 104.956879 93.110802 -17.792198
v 68.775070 124.235161 -17.586216
v 84.505219 113.387947 -34.285835
v 108.686722 112.204529 -26.681198
v 61.315388 86.047707 0.191795
v 77.045540 75.200485 -16.507824
v 101.227043 74.017075 -8.903191
v 66.453506 48.260124 -27.352921
v 70.183350 67.353851 -36.241920
v 73.913193 86.447578 -45.130928
v 77.643028 105.541290 -54.019928
v 81.372871 124.635002 -62.908920
v -105.480171 114.767921 21.374355
v -112.159363 113.495293 31.473919
v -105.345863 102.621674 19.932661
v -112.025040 101.349037 30.032223
v -0.000000 43.906921 13.875638
v -17.164715 144.986023 15.427697
v -99.468170 136.284149 8.153569
v -0.000000 136.284149 19.477924
v -49.734085 43.906921 12.891322
v -49.734085 136.284149 19.862059
v -49.734085 139.213379 18.329363
v 49.734085 43.906921 6.973759
v 49.734085 136.284149 13.058996
v -90.044945 146.839752 5.526403
v 49.734085 85.843842 29.763527
v 0.000001 85.843842 40.932625
v -49.734085 85.843842 36.574848
v -92.776619 85.843842 20.101257
v -96.122398 109.578644 17.951550
v -49.734085 109.578644 33.347042
v -0.000000 109.578644 36.343067
v 49.734085 109.578644 26.402145
v 85.211899 109.578644 20.837692
v 49.734085 61.118919 20.266958
v -0.000000 61.118919 29.933558
v -49.734085 61.118919 26.315161
v -89.430847 61.118919 13.181588
v 68.679703 61.118912 17.023176
v 81.135735 85.843834 23.172344
v 58.849293 136.284134 12.462321
v 18.509506 102.611107 36.391296
v 31.634569 99.893967 43.538010
v 16.612799 87.630882 34.179226
v 29.737860 84.913734 41.325939
v -104.732124 60.915073 -16.234243
v -72.159676 58.853001 8.113429
v -111.193443 135.975708 -1.002371
v -78.621002 133.913651 23.345303
v -86.321167 58.039120 6.751831
v -92.782494 133.099762 21.983706
v -96.703407 58.696392 -1.008815
v -103.164726 133.757034 14.223060
v -114.587585 95.363792 2.088167
v -108.733276 92.928650 17.597958
v -95.282936 92.077148 27.651989
v -82.015137 93.301727 26.435837
v -110.652809 76.654221 -5.659443
v -104.798508 74.219078 9.850351
v -91.348167 73.367577 19.904379
v -78.080353 74.592155 18.688229
v -114.993225 115.062027 3.768984
v -109.138924 112.626892 19.278780
v -95.688583 111.775391 29.332808
v -82.420769 112.999969 28.116655
v 18.269508 68.382782 12.943355
v 60.716251 68.382782 -11.734052
v 18.269508 151.921921 12.943355
v 60.716248 151.921921 -11.734046
v 18.269508 110.152367 12.943355
v 60.716248 110.152359 -11.734046
v 18.269508 89.267563 12.943355
v 60.716248 89.267563 -11.734045
v 18.269508 131.037109 12.943355
v 60.716248 131.037109 -11.734046
v 48.867775 151.921921 2.299149
v 48.867775 131.037109 2.299149
v 48.867775 110.152359 2.299149
v 48.867775 89.267563 2.299149
v 48.867775 68.382782 2.299149
v 65.567894 151.921906 31.979721
v 65.567894 131.037109 31.979717
v 65.567894 110.152359 31.979719
v 65.567894 89.267563 31.979721
v 65.567894 68.382774 31.979721
v 17.500576 105.323868 37.604206
v 8.593917 102.107681 49.480789
v 21.551653 90.640327 36.665928
v 12.644995 87.424133 48.542511
v 122.267830 41.405724 -12.576209
v 101.566994 45.716034 19.025503
v 136.441071 116.317688 -13.509583
v 115.740234 120.627998 18.092131
v 101.899307 45.371452 -3.584707
v 116.072533 120.283409 -4.518082
v 129.354462 78.861702 -13.042896
v 108.985916 82.827438 -4.051394
v 108.653610 83.172020 18.558815
v 132.897766 97.589699 -13.276240
v 112.529221 101.555428 -4.284738
v 112.196922 101.900002 18.325474
v 125.811142 60.133713 -12.809553
v 105.442604 64.099442 -3.818051
v 105.110298 64.444031 18.792160
v 85.630661 48.311684 -14.642579
v 89.173973 67.039673 -14.875923
v 92.717278 85.767670 -15.109266
v 96.260590 104.495659 -15.342610
v 99.803894 123.223633 -15.575953
v -56.726223 78.603378 18.944736
v -61.841251 63.965385 54.367363
v -91.223396 144.398911 41.152592
v -96.338425 129.760925 76.575226
v -70.316170 66.679916 33.160233
v -104.813339 132.475449 55.368092
v -73.974808 111.501152 30.048666
v -87.564758 99.577690 44.264164
v -79.089844 96.863152 65.471298
v -82.599106 127.950035 35.600632
v -96.189049 116.026573 49.816128
v -87.714134 113.312042 71.023262
v -65.350517 95.052261 24.496702
v -78.940460 83.128807 38.712200
v -70.465553 80.414268 59.919331
v -88.231979 59.202641 27.483290
v -96.856277 75.651527 33.035255
v -105.480568 92.100410 38.587219
v -114.104858 108.549294 44.139183
v -122.729149 124.998169 49.691143
v -72.226151 82.398399 12.943355
v -29.779402 82.398399 -11.734052
v -72.226151 165.937531 12.943355
v -29.779408 165.937531 -11.734046
v -72.226151 124.167976 12.943355
v -29.779408 124.167976 -11.734046
v -72.226151 103.283180 12.943355
v -29.779408 103.283180 -11.734045
v -72.226151 145.052719 12.943355
v -29.779408 145.052719 -11.734046
v -41.627880 165.937531 2.299149
v -41.627880 145.052719 2.299149
v -41.627880 124.167976 2.299149
v -41.627880 103.283180 2.299149
v -41.627880 82.398399 2.299149
v -24.927757 165.937515 31.979721
v -24.927757 145.052719 31.979717
v -24.927757 124.167969 31.979719
v -24.927757 103.283180 31.979721
v -24.927757 82.398392 31.979721
v 30.905245 119.491920 41.118656
v 26.395662 117.012909 29.391367
v 35.760376 105.258400 46.325283
v 31.250795 102.779381 34.597988
v 35.073967 109.199791 45.474842
v 30.564384 106.720779 33.747551
v 33.133327 114.080757 44.591400
v 28.623747 111.601738 32.864109
v 66.442032 83.408195 24.432579
v 98.050003 76.111862 12.445498
v 82.119324 149.221146 25.711805
v 113.727295 141.924820 13.724724
v 90.785507 77.656586 22.001547
v 106.462799 143.469543 23.280773
v 80.710701 79.982239 25.822340
v 96.387993 145.795197 27.101566
v 75.675270 115.931732 27.682089
v 89.175034 112.655907 30.771530
v 102.227097 109.642990 25.821636
v 107.283249 108.635399 15.695009
v 70.876350 99.720016 25.716164
v 84.376106 96.444191 28.805607
v 97.428169 93.431274 23.855711
v 102.484329 92.423683 13.729085
v 78.793892 132.604843 26.503422
v 92.293648 129.329010 29.592863
v 105.345718 126.316093 24.642967
v 110.401855 125.308502 14.516343
v -69.520264 101.726959 42.165222
v -66.185043 93.986580 54.802013
v -65.647331 89.616531 33.725079
v -62.312111 81.876152 46.361870
v -76.107613 82.515167 -3.706444
v -106.953415 71.599129 -29.770025
v -90.618057 149.768906 -14.701016
v -121.463852 138.852859 -40.764599
v -91.530510 77.057144 -16.738235
v -106.040955 144.310883 -27.732807
v -83.362839 116.142036 -9.203732
v -98.785728 110.684021 -22.235523
v -114.208633 105.226013 -35.267315
v -86.990456 132.955505 -11.952379
v -102.413353 127.497490 -24.984169
v -117.836258 122.039467 -38.015961
v -79.735222 99.328606 -6.455088
v -95.158119 93.870590 -19.486879
v -110.581024 88.412567 -32.518669
v 9.078860 68.379250 -14.010248
v 40.127491 131.770187 -1.827218
v -5.588734 158.851425 9.265194
v 2.829021 63.819565 -14.378235
v -39.320217 86.240005 -3.238801
v -16.918337 151.432037 6.001597
v -49.749023 99.802666 3.694352
v 10.120857 70.623413 -13.864261
v -21.249586 77.287483 -11.039282
v -2.132994 85.307220 -15.479113
v 6.744743 88.463211 -15.607281
v 20.060173 92.588036 -13.728482
v -6.173038 102.684593 -17.765217
v 3.351235 106.273102 -18.088743
v 30.395334 113.744049 -9.797087
v 0.384853 122.533241 -16.114517
v -9.906354 119.060699 -16.123814
v 19.905884 144.462311 -0.258045
v -2.442155 139.064835 -8.032396
v -13.446847 135.175919 -7.663489
v -34.489780 125.753250 -0.185706
v -24.469986 93.803879 -10.412674
v -27.740589 110.777077 -8.402301
v -30.849985 127.556152 -2.069202
v -31.424923 130.734024 -0.378346
v 16.229538 110.067123 -14.941064
v 12.892457 125.670181 -12.403275
v 9.554059 141.921921 -3.722081
v 7.605397 151.617188 3.342431
v 46.493275 107.717506 53.000599
v 42.971386 120.223572 44.581501
v 38.680031 97.563683 41.186157
v 35.158142 110.069740 32.767059
v 40.254597 73.948540 -11.551800
v 47.643219 79.377335 30.147394
v 81.811516 144.503067 -28.100670
v 89.200134 149.931854 13.598521
v 38.740322 81.867874 18.408958
v 80.297241 152.422394 1.860085
v 36.385254 80.137482 5.117647
v 77.942169 150.692017 -11.431225
v 58.033943 111.190582 -18.980814
v 52.493198 118.021431 -3.771852
v 55.544228 120.263184 13.447239
v 65.422569 116.619377 22.718378
v 49.536316 92.312714 -15.376821
v 43.995575 99.143562 -0.167862
v 47.046600 101.385307 17.051229
v 56.924942 97.741508 26.322369
v 70.145111 127.701134 -23.603432
v 64.604370 134.531982 -8.394468
v 67.655396 136.773727 8.824622
v 77.533737 133.129929 18.095760
v -82.710754 58.996925 -20.200859
v -85.968552 58.559654 22.367699
v -86.845871 139.481445 -19.545437
v -90.103676 139.044174 23.023115
v -92.863586 58.445465 9.112481
v -96.998711 138.929977 9.767905
v -91.825188 58.584843 -4.455939
v -95.960312 139.069351 -3.800515
v -98.326347 98.193604 -19.597174
v -108.944084 97.747704 -5.606550
v -110.289345 97.567139 11.971539
v -101.584145 97.756325 22.971375
v -92.556580 77.349770 -19.935089
v -103.174316 76.903870 -5.944470
v -104.519577 76.723305 11.633612
v -95.814369 76.912498 22.633457
v -96.673721 118.861397 -19.591770
v -107.291451 118.415497 -5.601141
v -108.636711 118.234940 11.976941
v -99.931511 118.424133 22.976784
v -62.375664 47.038441 -16.256201
v -107.266975 101.294563 -3.145214
v -73.601425 140.898392 -18.784103
v -55.508801 44.288212 -18.551647
v -23.225840 78.755142 -31.710745
v -62.404694 135.869690 -25.372246
v -16.576689 95.944359 -32.756767
v -64.020020 48.883381 -16.067522
v -38.407700 63.629097 -28.837326
v -59.326893 64.855713 -25.619385
v -68.131935 65.514206 -22.328720
v -80.363899 66.597031 -15.469321
v -62.901356 81.055595 -32.569801
v -72.488068 81.889114 -29.239037
v -95.371857 84.668633 -11.223591
v -75.029045 98.143257 -31.775801
v -64.946259 97.500519 -35.762253
v -93.850304 118.413887 -13.114511
v -75.554726 116.537392 -28.949863
v -64.571686 115.808609 -32.849159
v -40.385178 114.730118 -34.015041
v -41.314434 79.755920 -32.714344
v -43.835606 96.749985 -35.484451
v -44.846218 114.889214 -34.361435
v -44.870041 118.476158 -33.712116
v -83.762375 83.176834 -21.404192
v -85.543938 99.098152 -23.494549
v -85.311142 117.551064 -20.322243
v -84.520050 129.143341 -16.759108
v 18.509506 102.611107 -32.435879
v 31.634569 99.893967 -39.582592
v 16.612799 87.630882 -30.223810
v 29.737860 84.913734 -37.370518
v 57.585548 62.859402 1.710500
v 97.497200 54.341221 14.156199
v 72.504906 146.573303 11.162262
v 112.416557 138.055130 23.607962
v 73.315697 57.879131 20.990963
v 88.235062 141.593033 30.442726
v 65.045227 104.716362 6.436381
v 80.775375 99.736084 25.716845
v 104.956879 96.198181 18.882078
v 68.775070 125.644836 8.799322
v 84.505219 120.664574 28.079786
v 108.686722 117.126656 21.245022
v 61.315388 83.787880 4.073441
v 77.045540 78.807610 23.353903
v 101.227043 75.269699 16.519138
v 66.453506 56.707996 42.195511
v 70.183350 77.636475 44.558449
v 73.913193 98.564957 46.921391
v 77.643028 119.493423 49.284328
v 81.372871 140.421890 51.647270
v -50.112381 66.036423 23.017263
v -96.662285 120.440987 20.991699
v -60.163677 159.228149 10.512368
v -42.934353 63.193195 22.401962
v -8.748806 96.601562 11.513871
v -47.113960 154.610443 12.074454
v -2.633736 113.021133 5.702006
v -51.678371 67.946434 23.224300
v -23.282082 82.589745 19.259565
v -43.272606 84.992538 25.898678
v -52.599201 85.768410 26.995739
v -66.633919 86.568008 26.513971
v -43.388973 102.479752 30.106409
v -53.426693 103.487160 31.493210
v -82.130768 104.717361 25.969418
v -54.707146 120.083633 31.411089
v -43.926075 119.346138 30.319212
v -80.378510 137.927078 19.750290
v -56.761189 137.558304 25.326487
v -45.225449 136.641296 23.761635
v -23.318701 133.701157 13.813813
v -24.253298 99.352913 20.527573
v -25.417072 116.715851 20.480589
v -27.094700 134.313095 16.140509
v -27.472012 137.694870 14.833009
v -67.077896 104.214729 29.685427
v -67.893387 120.333321 28.938326
v -69.441818 137.732239 22.192411
v -70.583855 148.302429 16.304331
v 28.956640 79.185448 27.997366
v 60.564610 71.889114 16.010286
v 44.633938 144.998413 29.276592
v 76.241905 137.702072 17.289513
v 53.300117 73.433838 25.566336
v 68.977409 139.246796 26.845562
v 43.225311 75.759491 29.387129
v 58.902603 141.572449 30.666355
v 38.189880 111.708977 31.246878
v 51.689644 108.433159 34.336319
v 64.741714 105.420242 29.386423
v 69.797852 104.412651 19.259798
v 33.390957 95.497269 29.280952
v 46.890720 92.221443 32.370396
v 59.942783 89.208527 27.420500
v 64.998932 88.200935 17.293873
v 41.308502 128.382095 30.068211
v 54.808266 125.106262 33.157650
v 67.860329 122.093353 28.207756
v 72.916466 121.085762 18.081131
v -67.915230 51.271324 18.002945
v -101.227112 51.679718 -8.653136
v -86.138268 131.345428 42.002934
v -119.450157 131.753815 15.346853
v -76.498230 56.314323 -5.339657
v -94.721275 136.388428 18.660334
v -77.026749 91.308380 30.002941
v -85.609749 96.351379 6.660339
v -110.338638 91.716774 3.346859
v -81.582512 111.326904 36.002941
v -90.165512 116.369911 12.660337
v -114.894386 111.735306 9.346858
v -72.470985 71.289848 24.002943
v -81.053993 76.332855 0.660341
v -105.782883 71.698242 -2.653139
v -63.388397 64.172173 -21.602514
v -67.944160 84.190697 -15.602515
v -72.499924 104.209229 -9.602517
v -77.055679 124.227753 -3.602522
v -81.611443 144.246262 2.397474
v 22.180836 71.675995 13.596147
v 56.056675 68.344139 24.076534
v 24.743805 141.669693 27.563782
v 58.619644 138.337830 38.044167
v 35.600414 67.997177 29.568810
v 38.163383 137.990875 43.536442
v 23.462320 106.672844 20.579964
v 36.881897 102.994034 36.552628
v 57.338161 103.340988 31.060352
v 24.103062 124.171272 24.071875
v 37.522640 120.492447 40.044537
v 57.978901 120.839417 34.552261
v 22.821579 89.174423 17.088055
v 36.241158 85.495598 33.060719
v 56.697418 85.842567 27.568443
v 29.886885 64.728401 46.997501
v 30.527626 82.226830 50.489410
v 31.168369 99.725250 53.981319
v 31.809111 117.223679 57.473225
v 32.449856 134.722092 60.965134
v 22.180836 71.675995 -9.640731
v 56.056675 68.344139 -20.121120
v 24.743805 141.669693 -23.608364
v 58.619644 138.337830 -34.088757
v 35.600414 67.997177 -25.613396
v 38.163383 137.990875 -39.581032
v 23.462320 106.672844 -16.624550
v 36.881897 102.994034 -32.597214
v 57.338161 103.340988 -27.104939
v 24.103062 124.171272 -20.116457
v 37.522640 120.492447 -36.089123
v 57.978901 120.839417 -30.596846
v 22.821579 89.174423 -13.132640
v 36.241158 85.495598 -29.105305
v 56.697418 85.842567 -23.613029
v 29.886885 64.728401 -43.042088
v 30.527626 82.226830 -46.533997
v 31.168369 99.725250 -50.025906
v 31.809111 117.223679 -53.517815
v 32.449856 134.722092 -57.009720
v 59.799255 54.049156 8.131330
v 32.655369 105.270332 -39.960785
v 59.229446 150.258041 -16.986769
v 64.269440 51.983208 14.618029
v 87.892998 91.551628 37.718903
v 69.367470 146.188126 -7.228227
v 91.140518 110.294899 41.584400
v 59.096519 55.763195 6.298030
v 80.111427 73.915924 25.660831
v 70.241608 72.578957 5.716243
v 64.147362 72.255608 -2.089708
v 53.388790 72.089317 -12.237851
v 76.151993 88.660889 -2.293767
v 69.769920 88.418442 -10.888297
v 44.451591 89.136978 -28.349709
v 71.585297 104.901543 -16.491243
v 78.783218 105.377518 -7.636781
v 46.997887 124.415543 -32.167469
v 68.676903 124.133904 -18.705872
v 76.073257 124.643387 -8.917481
v 84.925735 126.663544 14.897832
v 83.153229 90.154823 19.290913
v 85.212456 107.400620 13.530451
v 83.855492 126.222977 10.334305
v 83.214882 129.988419 10.011510
v 58.339108 88.638290 -19.806986
v 59.946831 104.896011 -24.468336
v 56.932697 124.306259 -25.828712
v 53.670311 136.659195 -25.548866
v -41.987759 56.580418 -5.651561
v -13.810505 57.395111 -31.214531
v -62.223728 127.371597 -25.700905
v -34.046474 128.186295 -51.263878
v -35.469055 52.419434 -26.922743
v -55.705029 123.210617 -46.972088
v -52.105743 91.976013 -15.676233
v -45.587044 87.815025 -36.947414
v -23.928492 92.790710 -41.239204
v -57.164738 109.673813 -20.688570
v -50.646034 105.512833 -41.959751
v -28.987484 110.488503 -46.251541
v -47.046749 74.278214 -10.663898
v -40.528049 70.117233 -31.935080
v -18.869497 75.092911 -36.226868
v -47.762039 45.000824 -40.709339
v -52.821033 62.698620 -45.721676
v -57.880024 80.396416 -50.734013
v -62.939018 98.094208 -55.746349
v -67.998009 115.791992 -60.758682
v 42.756519 118.412338 40.624226
v 34.900898 119.825058 47.363400
v 42.354740 105.615738 38.006565
v 34.499119 107.028450 44.745743
v 43.075768 108.939430 38.697861
v 35.220146 110.352150 45.437035
v 44.039410 113.147400 39.563839
v 36.183788 114.560112 46.303013
v -73.604500 67.515472 -26.351980
v -94.500145 66.637886 1.190574
v -75.745132 135.146057 -25.821087
v -96.640778 134.268463 1.721466
v -93.378662 66.767967 -10.859425
v -95.519302 134.398544 -10.328534
v -86.718338 67.047691 -19.638411
v -88.858971 134.678268 -19.107519
v -77.295593 101.258987 -27.511120
v -90.663231 100.797737 -22.651791
v -99.291786 100.435349 -11.278483
v -98.191238 100.381401 0.031435
v -75.107460 84.396614 -26.745325
v -88.475090 83.935356 -21.886000
v -97.103645 83.572968 -10.512691
v -96.003090 83.519020 0.797227
v -76.326035 118.207848 -26.560472
v -89.693665 117.746590 -21.701143
v -98.322227 117.384201 -10.327834
v -97.221680 117.330254 0.982083
v -30.614553 100.922859 52.789158
v -26.999645 110.608467 47.408600
v -24.084515 93.632332 44.052578
v -20.469603 103.317940 38.672020
v 22.518553 61.863979 -18.384613
v 61.384975 60.708366 -9.313262
v 19.571743 138.672684 4.025858
v 58.438168 137.517059 13.097208
v 39.044445 57.674438 -1.852525
v 36.097637 134.483139 20.557945
v 21.045147 100.268333 -7.179376
v 37.571041 96.078796 9.352712
v 59.911572 99.112717 1.891974
v 20.308445 119.470512 -1.576757
v 36.834339 115.280968 14.955330
v 59.174870 118.314896 7.494592
v 21.781851 81.066154 -12.781994
v 38.307743 76.876617 3.750093
v 60.648273 79.910545 -3.710644
v 34.323174 51.809273 17.628714
v 33.586472 71.011452 23.231331
v 32.849770 90.213631 28.833948
v 32.113064 109.415794 34.436565
v 31.376362 128.617966 40.039181
v -24.139191 75.413612 12.943355
v 18.307554 75.413605 -11.734052
v -24.139191 158.952744 12.943355
v 18.307550 158.952744 -11.734046
v -24.139191 117.183189 12.943355
v 18.307550 117.183189 -11.734046
v -24.139191 96.298393 12.943355
v 18.307550 96.298386 -11.734045
v -24.139191 138.067932 12.943355
v 18.307550 138.067932 -11.734046
v 6.459077 158.952744 2.299149
v 6.459077 138.067932 2.299149
v 6.459077 117.183189 2.299149
v 6.459077 96.298386 2.299149
v 6.459077 75.413605 2.299149
v 23.159199 158.952728 31.979721
v 23.159199 138.067932 31.979717
v 23.159199 117.183174 31.979719
v 23.159199 96.298393 31.979721
v 23.159199 75.413605 31.979721
v 66.132935 73.422745 41.864403
v 54.299072 73.422745 27.200928
v 66.132935 89.204269 41.864403
v 54.299072 89.204269 27.200928
v -32.700024 72.043274 47.899731
v -19.686029 74.997360 34.596832
v -34.430187 87.629654 49.668304
v -21.416197 90.583740 36.365406
vt 0.351638 0.556841
vt 0.021483 0.736126
vt 0.128679 1.000000
vt 0.392241 0.556841
vt 0.498383 0.790980
vt 0.200918 1.000000
vt 0.498383 0.887021
vt 0.340325 0.562984
vt 0.452276 0.689272
vt 0.348650 0.657811
vt 0.301355 0.643452
vt 0.231306 0.622185
vt 0.314159 0.737701
vt 0.262891 0.722874
vt 0.121298 0.681924
vt 0.225249 0.800599
vt 0.279583 0.817791
vt 0.068281 0.851323
vt 0.183359 0.887095
vt 0.241817 0.905267
vt 0.356490 0.940913
vt 0.415561 0.767027
vt 0.377032 0.848625
vt 0.336404 0.934669
vt 0.328422 0.951573
vt 0.195119 0.703273
vt 0.160787 0.780203
vt 0.121644 0.867911
vt 0.097237 0.922603
vt 0.541408 0.888148
vt 0.541408 0.958796
vt 0.626242 0.958796
vt 0.626242 0.888148
vt 0.626242 0.888148
vt 0.626242 0.958796
vt 0.711076 0.958796
vt 0.711076 0.888148
vt 0.541408 0.746852
vt 0.541408 0.817500
vt 0.626242 0.817500
vt 0.626242 0.746852
vt 0.626242 0.746852
vt 0.626242 0.817500
vt 0.711076 0.817500
vt 0.711076 0.746852
vt 0.626242 0.676204
vt 0.541408 0.676204
vt 0.711076 0.676204
vt 0.626242 0.676204
vt 0.626171 0.675261
vt 0.700332 0.675262
vt 0.700332 0.746336
vt 0.626171 0.746336
vt 0.626171 0.817410
vt 0.700332 0.817410
vt 0.700332 0.888484
vt 0.626171 0.888484
vt 0.700332 0.959558
vt 0.626171 0.959558
vt 0.541408 0.888148
vt 0.541408 0.958796
vt 0.626242 0.958796
vt 0.626242 0.888148
vt 0.711076 0.958796
vt 0.711076 0.888148
vt 0.541408 0.746852
vt 0.541408 0.817500
vt 0.626242 0.817500
vt 0.626242 0.746852
vt 0.711076 0.817500
vt 0.711076 0.746852
vt 0.626242 0.676204
vt 0.541408 0.676204
vt 0.711076 0.676204
vt 0.713492 0.762271
vt 0.792949 0.762271
vt 0.792949 0.846978
vt 0.713492 0.846978
vt 0.864457 0.762271
vt 0.937834 0.762271
vt 0.937834 0.846978
vt 0.864457 0.846978
vt 0.713492 0.592858
vt 0.792949 0.592858
vt 0.792949 0.677565
vt 0.713492 0.677565
vt 0.864457 0.592858
vt 0.864457 0.677565
vt 0.937834 0.592858
vt 0.937834 0.677565
vt 0.792949 0.508151
vt 0.713492 0.508151
vt 0.864457 0.508151
vt 0.937834 0.508151
vt 0.949110 0.852567
vt 0.949110 0.945576
vt 0.838058 0.945576
vt 0.838058 0.852567
vt 0.452276 0.689272
vt 0.348650 0.657811
vt 0.392241 0.556841
vt 0.301355 0.643452
vt 0.340325 0.562984
vt 0.351638 0.556841
vt 0.231306 0.622185
vt 0.415561 0.767027
vt 0.314159 0.737701
vt 0.262891 0.722874
vt 0.195119 0.703273
vt 0.121298 0.681924
vt 0.200918 1.000000
vt 0.241817 0.905267
vt 0.336404 0.934669
vt 0.328422 0.951573
vt 0.128679 1.000000
vt 0.183359 0.887095
vt 0.121644 0.867911
vt 0.097237 0.922603
vt 0.068281 0.851323
vt 0.160787 0.780203
vt 0.021483 0.736126
vt 0.279583 0.817791
vt 0.225249 0.800599
vt 0.377032 0.848625
vt 0.498383 0.790980
vt 0.498383 0.887021
vt 0.356490 0.940913
vt 0.541408 0.888148
vt 0.626242 0.888148
vt 0.626242 0.958796
vt 0.541408 0.958796
vt 0.626242 0.888148
vt 0.711076 0.888148
vt 0.711076 0.958796
vt 0.626242 0.958796
vt 0.541408 0.746852
vt 0.626242 0.746852
vt 0.626242 0.817500
vt 0.541408 0.817500
vt 0.626242 0.746852
vt 0.711076 0.746852
vt 0.711076 0.817500
vt 0.626242 0.817500
vt 0.626242 0.676204
vt 0.541408 0.676204
vt 0.711076 0.676204
vt 0.626242 0.676204
vt 0.626171 0.675261
vt 0.626171 0.746336
vt 0.700332 0.746336
vt 0.700332 0.675262
vt 0.626171 0.817410
vt 0.626171 0.888484
vt 0.700332 0.888484
vt 0.700332 0.817410
vt 0.626171 0.959558
vt 0.700332 0.959558
vt 0.835909 0.846978
vt 0.835909 0.762271
vt 0.713492 0.762271
vt 0.713492 0.846978
vt 0.835909 0.677565
vt 0.835909 0.592858
vt 0.713492 0.592858
vt 0.713492 0.677565
vt 0.835909 0.508151
vt 0.713492 0.508151
vt 0.937834 0.592858
vt 0.937834 0.508151
vt 0.937834 0.677565
vt 0.937834 0.762271
vt 0.937834 0.846978
vt 0.836437 0.506076
vt 0.728361 0.506076
vt 0.728361 0.591288
vt 0.836437 0.591288
vt 0.728361 0.676499
vt 0.836437 0.676499
vt 0.728361 0.761711
vt 0.836437 0.761711
vt 0.728361 0.846923
vt 0.836437 0.846923
vt 0.452276 0.689272
vt 0.348650 0.657811
vt 0.392241 0.556841
vt 0.301355 0.643452
vt 0.340325 0.562984
vt 0.351638 0.556841
vt 0.231306 0.622185
vt 0.415561 0.767027
vt 0.314159 0.737701
vt 0.262891 0.722874
vt 0.195119 0.703273
vt 0.121298 0.681924
vt 0.200918 1.000000
vt 0.241817 0.905267
vt 0.336404 0.934669
vt 0.328422 0.951573
vt 0.128679 1.000000
vt 0.183359 0.887095
vt 0.121644 0.867911
vt 0.097237 0.922603
vt 0.068281 0.851323
vt 0.160787 0.780203
vt 0.021483 0.736126
vt 0.279583 0.817791
vt 0.225249 0.800599
vt 0.377032 0.848625
vt 0.498383 0.790980
vt 0.498383 0.887021
vt 0.356490 0.940913
vt 0.432788 0.552614
vt 0.527132 0.552614
vt 0.527132 0.647402
vt 0.432788 0.647402
vt 0.452276 0.689272
vt 0.348650 0.657811
vt 0.392241 0.556841
vt 0.301355 0.643452
vt 0.340325 0.562984
vt 0.351638 0.556841
vt 0.231306 0.622185
vt 0.415561 0.767027
vt 0.314159 0.737701
vt 0.262891 0.722874
vt 0.195119 0.703273
vt 0.121298 0.681924
vt 0.200918 1.000000
vt 0.241817 0.905267
vt 0.336404 0.934669
vt 0.328422 0.951573
vt 0.128679 1.000000
vt 0.183359 0.887095
vt 0.121644 0.867911
vt 0.097237 0.922603
vt 0.068281 0.851323
vt 0.160787 0.780203
vt 0.021483 0.736126
vt 0.279583 0.817791
vt 0.225249 0.800599
vt 0.377032 0.848625
vt 0.498383 0.790980
vt 0.498383 0.887021
vt 0.356490 0.940913
vt 0.835909 0.846978
vt 0.713492 0.846978
vt 0.713492 0.762271
vt 0.835909 0.762271
vt 0.835909 0.677565
vt 0.713492 0.677565
vt 0.713492 0.592858
vt 0.835909 0.592858
vt 0.713492 0.508151
vt 0.835909 0.508151
vt 0.937834 0.592858
vt 0.937834 0.508151
vt 0.937834 0.677565
vt 0.937834 0.762271
vt 0.937834 0.846978
vt 0.836437 0.506076
vt 0.836437 0.591288
vt 0.728361 0.591288
vt 0.728361 0.506076
vt 0.836437 0.676499
vt 0.728361 0.676499
vt 0.836437 0.761711
vt 0.728361 0.761711
vt 0.836437 0.846923
vt 0.728361 0.846923
vt 0.760377 0.000298
vt 0.507580 0.000142
vt 0.507501 0.127497
vt 0.760299 0.127652
vt 0.254782 -0.000013
vt 0.254704 0.127341
vt 0.254460 0.524294
vt 0.419991 0.553738
vt 0.507266 0.509560
vt 0.254469 0.509404
vt 0.856599 0.127711
vt 0.001672 0.509249
vt 0.049537 0.562932
vt 0.760142 0.382361
vt 0.760064 0.509715
vt 0.806396 0.509744
vt 0.940475 0.382472
vt 0.507345 0.382205
vt 0.254548 0.382050
vt 0.018757 0.381905
vt 0.254626 0.254696
vt 0.035842 0.254561
vt 0.507423 0.254851
vt 0.760220 0.255006
vt 0.919834 0.255105
vt 0.052926 0.127217
vt 0.949110 0.852567
vt 0.949110 0.945576
vt 0.838058 0.945576
vt 0.838058 0.852567
vt 0.432788 0.552614
vt 0.527132 0.552614
vt 0.527132 0.647402
vt 0.432788 0.647402
vt 0.713492 0.762271
vt 0.792949 0.762271
vt 0.792949 0.846978
vt 0.713492 0.846978
vt 0.864457 0.762271
vt 0.937834 0.762271
vt 0.937834 0.846978
vt 0.864457 0.846978
vt 0.713492 0.592858
vt 0.792949 0.592858
vt 0.792949 0.677565
vt 0.713492 0.677565
vt 0.864457 0.592858
vt 0.864457 0.677565
vt 0.937834 0.592858
vt 0.937834 0.677565
vt 0.792949 0.508151
vt 0.713492 0.508151
vt 0.864457 0.508151
vt 0.937834 0.508151
vt 0.949110 0.852567
vt 0.838058 0.852567
vt 0.838058 0.945576
vt 0.949110 0.945576
vt 0.724689 0.937370
vt 0.803381 0.937370
vt 0.803381 0.971003
vt 0.724689 0.971003
vt 0.724689 0.882419
vt 0.803381 0.882419
vt 0.803381 0.905628
vt 0.724689 0.905628
vt 0.713492 0.762271
vt 0.792949 0.762271
vt 0.792949 0.846978
vt 0.713492 0.846978
vt 0.864457 0.762271
vt 0.937834 0.762271
vt 0.937834 0.846978
vt 0.864457 0.846978
vt 0.713492 0.592858
vt 0.792949 0.592858
vt 0.792949 0.677565
vt 0.713492 0.677565
vt 0.864457 0.592858
vt 0.864457 0.677565
vt 0.937834 0.592858
vt 0.937834 0.677565
vt 0.792949 0.508151
vt 0.713492 0.508151
vt 0.864457 0.508151
vt 0.937834 0.508151
vt 0.452276 0.689272
vt 0.348650 0.657811
vt 0.392241 0.556841
vt 0.301355 0.643452
vt 0.340325 0.562984
vt 0.351638 0.556841
vt 0.231306 0.622185
vt 0.415561 0.767027
vt 0.314159 0.737701
vt 0.262891 0.722874
vt 0.195119 0.703273
vt 0.121298 0.681924
vt 0.200918 1.000000
vt 0.241817 0.905267
vt 0.336404 0.934669
vt 0.328422 0.951573
vt 0.128679 1.000000
vt 0.183359 0.887095
vt 0.121644 0.867911
vt 0.097237 0.922603
vt 0.068281 0.851323
vt 0.160787 0.780203
vt 0.021483 0.736126
vt 0.279583 0.817791
vt 0.225249 0.800599
vt 0.377032 0.848625
vt 0.498383 0.790980
vt 0.498383 0.887021
vt 0.356490 0.940913
vt 0.835909 0.846978
vt 0.713492 0.846978
vt 0.713492 0.762271
vt 0.835909 0.762271
vt 0.835909 0.677565
vt 0.713492 0.677565
vt 0.713492 0.592858
vt 0.835909 0.592858
vt 0.713492 0.508151
vt 0.835909 0.508151
vt 0.937834 0.592858
vt 0.937834 0.508151
vt 0.937834 0.677565
vt 0.937834 0.762271
vt 0.937834 0.846978
vt 0.836437 0.506076
vt 0.836437 0.591288
vt 0.728361 0.591288
vt 0.728361 0.506076
vt 0.836437 0.676499
vt 0.728361 0.676499
vt 0.836437 0.761711
vt 0.728361 0.761711
vt 0.836437 0.846923
vt 0.728361 0.846923
vt 0.713492 0.762271
vt 0.792949 0.762271
vt 0.792949 0.846978
vt 0.713492 0.846978
vt 0.864457 0.762271
vt 0.937834 0.762271
vt 0.937834 0.846978
vt 0.864457 0.846978
vt 0.713492 0.592858
vt 0.792949 0.592858
vt 0.792949 0.677565
vt 0.713492 0.677565
vt 0.864457 0.592858
vt 0.864457 0.677565
vt 0.937834 0.592858
vt 0.937834 0.677565
vt 0.792949 0.508151
vt 0.713492 0.508151
vt 0.864457 0.508151
vt 0.937834 0.508151
vt 0.541408 0.888148
vt 0.626242 0.888148
vt 0.626242 0.958796
vt 0.541408 0.958796
vt 0.711076 0.888148
vt 0.711076 0.958796
vt 0.541408 0.746852
vt 0.626242 0.746852
vt 0.626242 0.817500
vt 0.541408 0.817500
vt 0.711076 0.746852
vt 0.711076 0.817500
vt 0.626242 0.676204
vt 0.541408 0.676204
vt 0.711076 0.676204
vt 0.452276 0.689272
vt 0.348650 0.657811
vt 0.392241 0.556841
vt 0.301355 0.643452
vt 0.340325 0.562984
vt 0.351638 0.556841
vt 0.231306 0.622185
vt 0.415561 0.767027
vt 0.314159 0.737701
vt 0.262891 0.722874
vt 0.195119 0.703273
vt 0.121298 0.681924
vt 0.200918 1.000000
vt 0.241817 0.905267
vt 0.336404 0.934669
vt 0.328422 0.951573
vt 0.128679 1.000000
vt 0.183359 0.887095
vt 0.121644 0.867911
vt 0.097237 0.922603
vt 0.068281 0.851323
vt 0.160787 0.780203
vt 0.021483 0.736126
vt 0.279583 0.817791
vt 0.225249 0.800599
vt 0.377032 0.848625
vt 0.498383 0.790980
vt 0.498383 0.887021
vt 0.356490 0.940913
vt 0.541408 0.888148
vt 0.541408 0.958796
vt 0.626242 0.958796
vt 0.626242 0.888148
vt 0.626242 0.888148
vt 0.626242 0.958796
vt 0.711076 0.958796
vt 0.711076 0.888148
vt 0.541408 0.746852
vt 0.541408 0.817500
vt 0.626242 0.817500
vt 0.626242 0.746852
vt 0.626242 0.746852
vt 0.626242 0.817500
vt 0.711076 0.817500
vt 0.711076 0.746852
vt 0.626242 0.676204
vt 0.541408 0.676204
vt 0.711076 0.676204
vt 0.626242 0.676204
vt 0.626171 0.675261
vt 0.700332 0.675262
vt 0.700332 0.746336
vt 0.626171 0.746336
vt 0.626171 0.817410
vt 0.700332 0.817410
vt 0.700332 0.888484
vt 0.626171 0.888484
vt 0.700332 0.959558
vt 0.626171 0.959558
vt 0.541408 0.888148
vt 0.541408 0.958796
vt 0.626242 0.958796
vt 0.626242 0.888148
vt 0.626242 0.888148
vt 0.626242 0.958796
vt 0.711076 0.958796
vt 0.711076 0.888148
vt 0.541408 0.746852
vt 0.541408 0.817500
vt 0.626242 0.817500
vt 0.626242 0.746852
vt 0.626242 0.746852
vt 0.626242 0.817500
vt 0.711076 0.817500
vt 0.711076 0.746852
vt 0.626242 0.676204
vt 0.541408 0.676204
vt 0.711076 0.676204
vt 0.626242 0.676204
vt 0.626171 0.675261
vt 0.700332 0.675262
vt 0.700332 0.746336
vt 0.626171 0.746336
vt 0.626171 0.817410
vt 0.700332 0.817410
vt 0.700332 0.888484
vt 0.626171 0.888484
vt 0.700332 0.959558
vt 0.626171 0.959558
vt 0.541408 0.888148
vt 0.541408 0.958796
vt 0.626242 0.958796
vt 0.626242 0.888148
vt 0.626242 0.888148
vt 0.626242 0.958796
vt 0.711076 0.958796
vt 0.711076 0.888148
vt 0.541408 0.746852
vt 0.541408 0.817500
vt 0.626242 0.817500
vt 0.626242 0.746852
vt 0.626242 0.746852
vt 0.626242 0.817500
vt 0.711076 0.817500
vt 0.711076 0.746852
vt 0.626242 0.676204
vt 0.541408 0.676204
vt 0.711076 0.676204
vt 0.626242 0.676204
vt 0.626171 0.675261
vt 0.700332 0.675262
vt 0.700332 0.746336
vt 0.626171 0.746336
vt 0.626171 0.817410
vt 0.700332 0.817410
vt 0.700332 0.888484
vt 0.626171 0.888484
vt 0.700332 0.959558
vt 0.626171 0.959558
vt 0.713492 0.762271
vt 0.792949 0.762271
vt 0.792949 0.846978
vt 0.713492 0.846978
vt 0.864457 0.762271
vt 0.937834 0.762271
vt 0.937834 0.846978
vt 0.864457 0.846978
vt 0.713492 0.592858
vt 0.792949 0.592858
vt 0.792949 0.677565
vt 0.713492 0.677565
vt 0.864457 0.592858
vt 0.864457 0.677565
vt 0.937834 0.592858
vt 0.937834 0.677565
vt 0.792949 0.508151
vt 0.713492 0.508151
vt 0.864457 0.508151
vt 0.937834 0.508151
vt 0.541408 0.888148
vt 0.541408 0.958796
vt 0.626242 0.958796
vt 0.626242 0.888148
vt 0.626242 0.888148
vt 0.626242 0.958796
vt 0.711076 0.958796
vt 0.711076 0.888148
vt 0.541408 0.746852
vt 0.541408 0.817500
vt 0.626242 0.817500
vt 0.626242 0.746852
vt 0.626242 0.746852
vt 0.626242 0.817500
vt 0.711076 0.817500
vt 0.711076 0.746852
vt 0.626242 0.676204
vt 0.541408 0.676204
vt 0.711076 0.676204
vt 0.626242 0.676204
vt 0.626171 0.675261
vt 0.700332 0.675262
vt 0.700332 0.746336
vt 0.626171 0.746336
vt 0.626171 0.817410
vt 0.700332 0.817410
vt 0.700332 0.888484
vt 0.626171 0.888484
vt 0.700332 0.959558
vt 0.626171 0.959558
vt 0.432788 0.552614
vt 0.527132 0.552614
vt 0.527132 0.647402
vt 0.432788 0.647402
vt 0.760377 0.000298
vt 0.760299 0.127652
vt 0.507501 0.127497
vt 0.507580 0.000142
vt 0.254704 0.127341
vt 0.254782 -0.000013
vt 0.254460 0.524294
vt 0.254469 0.509404
vt 0.507266 0.509560
vt 0.419991 0.553738
vt 0.856599 0.127711
vt 0.001672 0.509249
vt 0.049537 0.562932
vt 0.760142 0.382361
vt 0.940475 0.382472
vt 0.806396 0.509744
vt 0.760064 0.509715
vt 0.507345 0.382205
vt 0.254548 0.382050
vt 0.018757 0.381905
vt 0.035842 0.254561
vt 0.254626 0.254696
vt 0.507423 0.254851
vt 0.760220 0.255006
vt 0.919834 0.255105
vt 0.052926 0.127217
vt 0.432788 0.552614
vt 0.527132 0.552614
vt 0.527132 0.647402
vt 0.432788 0.647402
vt 0.713492 0.762271
vt 0.792949 0.762271
vt 0.792949 0.846978
vt 0.713492 0.846978
vt 0.864457 0.762271
vt 0.937834 0.762271
vt 0.937834 0.846978
vt 0.864457 0.846978
vt 0.713492 0.592858
vt 0.792949 0.592858
vt 0.792949 0.677565
vt 0.713492 0.677565
vt 0.864457 0.592858
vt 0.864457 0.677565
vt 0.937834 0.592858
vt 0.937834 0.677565
vt 0.792949 0.508151
vt 0.713492 0.508151
vt 0.864457 0.508151
vt 0.937834 0.508151
vt 0.937834 0.846978
vt 0.863342 0.846978
vt 0.863342 0.762271
vt 0.937834 0.762271
vt 0.937834 0.677565
vt 0.863342 0.677565
vt 0.863342 0.592858
vt 0.937834 0.592858
vt 0.863342 0.508151
vt 0.937834 0.508151
vt 0.863342 0.762271
vt 0.863342 0.846978
vt 0.713492 0.846978
vt 0.713492 0.762271
vt 0.863342 0.677565
vt 0.713492 0.677565
vt 0.863342 0.592858
vt 0.713492 0.592858
vt 0.713492 0.508151
vt 0.863342 0.508151
vt 0.861357 0.845842
vt 0.861357 0.761135
vt 0.723227 0.761135
vt 0.723227 0.845842
vt 0.861357 0.676429
vt 0.723227 0.676429
vt 0.861357 0.591722
vt 0.723227 0.591722
vt 0.861357 0.507015
vt 0.723227 0.507015
vt 0.432788 0.552614
vt 0.527132 0.552614
vt 0.527132 0.647402
vt 0.432788 0.647402
vt 0.541408 0.888148
vt 0.626242 0.888148
vt 0.626242 0.958796
vt 0.541408 0.958796
vt 0.626242 0.888148
vt 0.711076 0.888148
vt 0.711076 0.958796
vt 0.626242 0.958796
vt 0.541408 0.746852
vt 0.626242 0.746852
vt 0.626242 0.817500
vt 0.541408 0.817500
vt 0.626242 0.746852
vt 0.711076 0.746852
vt 0.711076 0.817500
vt 0.626242 0.817500
vt 0.626242 0.676204
vt 0.541408 0.676204
vt 0.711076 0.676204
vt 0.626242 0.676204
vt 0.626171 0.675261
vt 0.626171 0.746336
vt 0.700332 0.746336
vt 0.700332 0.675262
vt 0.626171 0.817410
vt 0.626171 0.888484
vt 0.700332 0.888484
vt 0.700332 0.817410
vt 0.626171 0.959558
vt 0.700332 0.959558
vt 0.541408 0.888148
vt 0.626242 0.888148
vt 0.626242 0.958796
vt 0.541408 0.958796
vt 0.626242 0.888148
vt 0.711076 0.888148
vt 0.711076 0.958796
vt 0.626242 0.958796
vt 0.541408 0.746852
vt 0.626242 0.746852
vt 0.626242 0.817500
vt 0.541408 0.817500
vt 0.626242 0.746852
vt 0.711076 0.746852
vt 0.711076 0.817500
vt 0.626242 0.817500
vt 0.626242 0.676204
vt 0.541408 0.676204
vt 0.711076 0.676204
vt 0.626242 0.676204
vt 0.626171 0.675261
vt 0.626171 0.746336
vt 0.700332 0.746336
vt 0.700332 0.675262
vt 0.626171 0.817410
vt 0.626171 0.888484
vt 0.700332 0.888484
vt 0.700332 0.817410
vt 0.626171 0.959558
vt 0.700332 0.959558
vt 0.937834 0.846978
vt 0.863342 0.846978
vt 0.863342 0.762271
vt 0.937834 0.762271
vt 0.937834 0.677565
vt 0.863342 0.677565
vt 0.863342 0.592858
vt 0.937834 0.592858
vt 0.863342 0.508151
vt 0.937834 0.508151
vt 0.863342 0.762271
vt 0.863342 0.846978
vt 0.713492 0.846978
vt 0.713492 0.762271
vt 0.863342 0.677565
vt 0.713492 0.677565
vt 0.863342 0.592858
vt 0.713492 0.592858
vt 0.713492 0.508151
vt 0.863342 0.508151
vt 0.861357 0.845842
vt 0.861357 0.761135
vt 0.723227 0.761135
vt 0.723227 0.845842
vt 0.861357 0.676429
vt 0.723227 0.676429
vt 0.861357 0.591722
vt 0.723227 0.591722
vt 0.861357 0.507015
vt 0.723227 0.507015
vt 0.724689 0.937370
vt 0.803381 0.937370
vt 0.803381 0.971003
vt 0.724689 0.971003
vt 0.724689 0.882419
vt 0.803381 0.882419
vt 0.803381 0.905628
vt 0.724689 0.905628
vt 0.713492 0.762271
vt 0.792949 0.762271
vt 0.792949 0.846978
vt 0.713492 0.846978
vt 0.864457 0.762271
vt 0.937834 0.762271
vt 0.937834 0.846978
vt 0.864457 0.846978
vt 0.713492 0.592858
vt 0.792949 0.592858
vt 0.792949 0.677565
vt 0.713492 0.677565
vt 0.864457 0.592858
vt 0.864457 0.677565
vt 0.937834 0.592858
vt 0.937834 0.677565
vt 0.792949 0.508151
vt 0.713492 0.508151
vt 0.864457 0.508151
vt 0.937834 0.508151
vt 0.432788 0.552614
vt 0.527132 0.552614
vt 0.527132 0.647402
vt 0.432788 0.647402
vt 0.541408 0.888148
vt 0.541408 0.958796
vt 0.626242 0.958796
vt 0.626242 0.888148
vt 0.711076 0.958796
vt 0.711076 0.888148
vt 0.541408 0.746852
vt 0.541408 0.817500
vt 0.626242 0.817500
vt 0.626242 0.746852
vt 0.711076 0.817500
vt 0.711076 0.746852
vt 0.626242 0.676204
vt 0.541408 0.676204
vt 0.711076 0.676204
vt 0.452276 0.689272
vt 0.348650 0.657811
vt 0.392241 0.556841
vt 0.301355 0.643452
vt 0.340325 0.562984
vt 0.351638 0.556841
vt 0.231306 0.622185
vt 0.415561 0.767027
vt 0.314159 0.737701
vt 0.262891 0.722874
vt 0.195119 0.703273
vt 0.121298 0.681924
vt 0.200918 1.000000
vt 0.241817 0.905267
vt 0.336404 0.934669
vt 0.328422 0.951573
vt 0.128679 1.000000
vt 0.183359 0.887095
vt 0.121644 0.867911
vt 0.097237 0.922603
vt 0.068281 0.851323
vt 0.160787 0.780203
vt 0.021483 0.736126
vt 0.279583 0.817791
vt 0.225249 0.800599
vt 0.377032 0.848625
vt 0.498383 0.790980
vt 0.498383 0.887021
vt 0.356490 0.940913
vt 0.724689 0.882419
vt 0.803381 0.882419
vt 0.803381 0.971003
vt 0.724689 0.971003
vt 0.713492 0.762271
vt 0.792949 0.762271
vt 0.792949 0.846978
vt 0.713492 0.846978
vt 0.864457 0.762271
vt 0.937834 0.762271
vt 0.937834 0.846978
vt 0.864457 0.846978
vt 0.713492 0.592858
vt 0.792949 0.592858
vt 0.792949 0.677565
vt 0.713492 0.677565
vt 0.864457 0.592858
vt 0.864457 0.677565
vt 0.937834 0.592858
vt 0.937834 0.677565
vt 0.792949 0.508151
vt 0.713492 0.508151
vt 0.864457 0.508151
vt 0.937834 0.508151
vt 0.713492 0.762271
vt 0.792949 0.762271
vt 0.792949 0.846978
vt 0.713492 0.846978
vt 0.864457 0.762271
vt 0.937834 0.762271
vt 0.937834 0.846978
vt 0.864457 0.846978
vt 0.713492 0.592858
vt 0.792949 0.592858
vt 0.792949 0.677565
vt 0.713492 0.677565
vt 0.864457 0.592858
vt 0.864457 0.677565
vt 0.937834 0.592858
vt 0.937834 0.677565
vt 0.792949 0.508151
vt 0.713492 0.508151
vt 0.864457 0.508151
vt 0.937834 0.508151
vt 0.452276 0.689272
vt 0.392241 0.556841
vt 0.348650 0.657811
vt 0.351638 0.556841
vt 0.340325 0.562984
vt 0.301355 0.643452
vt 0.231306 0.622185
vt 0.314159 0.737701
vt 0.415561 0.767027
vt 0.262891 0.722874
vt 0.121298 0.681924
vt 0.195119 0.703273
vt 0.200918 1.000000
vt 0.328422 0.951573
vt 0.336404 0.934669
vt 0.241817 0.905267
vt 0.128679 1.000000
vt 0.183359 0.887095
vt 0.121644 0.867911
vt 0.068281 0.851323
vt 0.097237 0.922603
vt 0.021483 0.736126
vt 0.160787 0.780203
vt 0.279583 0.817791
vt 0.225249 0.800599
vt 0.377032 0.848625
vt 0.498383 0.790980
vt 0.498383 0.887021
vt 0.356490 0.940913
vt 0.432788 0.552614
vt 0.432788 0.647402
vt 0.527132 0.647402
vt 0.527132 0.552614
vt 0.541408 0.888148
vt 0.626242 0.888148
vt 0.626242 0.958796
vt 0.541408 0.958796
vt 0.626242 0.888148
vt 0.711076 0.888148
vt 0.711076 0.958796
vt 0.626242 0.958796
vt 0.541408 0.746852
vt 0.626242 0.746852
vt 0.626242 0.817500
vt 0.541408 0.817500
vt 0.626242 0.746852
vt 0.711076 0.746852
vt 0.711076 0.817500
vt 0.626242 0.817500
vt 0.626242 0.676204
vt 0.541408 0.676204
vt 0.711076 0.676204
vt 0.626242 0.676204
vt 0.626171 0.675261
vt 0.626171 0.746336
vt 0.700332 0.746336
vt 0.700332 0.675262
vt 0.626171 0.817410
vt 0.626171 0.888484
vt 0.700332 0.888484
vt 0.700332 0.817410
vt 0.626171 0.959558
vt 0.700332 0.959558
vt 0.452276 0.689272
vt 0.348650 0.657811
vt 0.392241 0.556841
vt 0.301355 0.643452
vt 0.340325 0.562984
vt 0.351638 0.556841
vt 0.231306 0.622185
vt 0.415561 0.767027
vt 0.314159 0.737701
vt 0.262891 0.722874
vt 0.195119 0.703273
vt 0.121298 0.681924
vt 0.200918 1.000000
vt 0.241817 0.905267
vt 0.336404 0.934669
vt 0.328422 0.951573
vt 0.128679 1.000000
vt 0.183359 0.887095
vt 0.121644 0.867911
vt 0.097237 0.922603
vt 0.068281 0.851323
vt 0.160787 0.780203
vt 0.021483 0.736126
vt 0.279583 0.817791
vt 0.225249 0.800599
vt 0.377032 0.848625
vt 0.498383 0.790980
vt 0.498383 0.887021
vt 0.356490 0.940913
vt 0.713492 0.762271
vt 0.792949 0.762271
vt 0.792949 0.846978
vt 0.713492 0.846978
vt 0.864457 0.762271
vt 0.937834 0.762271
vt 0.937834 0.846978
vt 0.864457 0.846978
vt 0.713492 0.592858
vt 0.792949 0.592858
vt 0.792949 0.677565
vt 0.713492 0.677565
vt 0.864457 0.592858
vt 0.864457 0.677565
vt 0.937834 0.592858
vt 0.937834 0.677565
vt 0.792949 0.508151
vt 0.713492 0.508151
vt 0.864457 0.508151
vt 0.937834 0.508151
vt 0.541408 0.888148
vt 0.626242 0.888148
vt 0.626242 0.958796
vt 0.541408 0.958796
vt 0.626242 0.888148
vt 0.711076 0.888148
vt 0.711076 0.958796
vt 0.626242 0.958796
vt 0.541408 0.746852
vt 0.626242 0.746852
vt 0.626242 0.817500
vt 0.541408 0.817500
vt 0.626242 0.746852
vt 0.711076 0.746852
vt 0.711076 0.817500
vt 0.626242 0.817500
vt 0.626242 0.676204
vt 0.541408 0.676204
vt 0.711076 0.676204
vt 0.626242 0.676204
vt 0.626171 0.675261
vt 0.626171 0.746336
vt 0.700332 0.746336
vt 0.700332 0.675262
vt 0.626171 0.817410
vt 0.626171 0.888484
vt 0.700332 0.888484
vt 0.700332 0.817410
vt 0.626171 0.959558
vt 0.700332 0.959558
vt 0.541408 0.888148
vt 0.626242 0.888148
vt 0.626242 0.958796
vt 0.541408 0.958796
vt 0.626242 0.888148
vt 0.711076 0.888148
vt 0.711076 0.958796
vt 0.626242 0.958796
vt 0.541408 0.746852
vt 0.626242 0.746852
vt 0.626242 0.817500
vt 0.541408 0.817500
vt 0.626242 0.746852
vt 0.711076 0.746852
vt 0.711076 0.817500
vt 0.626242 0.817500
vt 0.626242 0.676204
vt 0.541408 0.676204
vt 0.711076 0.676204
vt 0.626242 0.676204
vt 0.626171 0.675261
vt 0.626171 0.746336
vt 0.700332 0.746336
vt 0.700332 0.675262
vt 0.626171 0.817410
vt 0.626171 0.888484
vt 0.700332 0.888484
vt 0.700332 0.817410
vt 0.626171 0.959558
vt 0.700332 0.959558
vt 0.541408 0.888148
vt 0.541408 0.958796
vt 0.626242 0.958796
vt 0.626242 0.888148
vt 0.626242 0.888148
vt 0.626242 0.958796
vt 0.711076 0.958796
vt 0.711076 0.888148
vt 0.541408 0.746852
vt 0.541408 0.817500
vt 0.626242 0.817500
vt 0.626242 0.746852
vt 0.626242 0.746852
vt 0.626242 0.817500
vt 0.711076 0.817500
vt 0.711076 0.746852
vt 0.626242 0.676204
vt 0.541408 0.676204
vt 0.711076 0.676204
vt 0.626242 0.676204
vt 0.626171 0.675261
vt 0.700332 0.675262
vt 0.700332 0.746336
vt 0.626171 0.746336
vt 0.626171 0.817410
vt 0.700332 0.817410
vt 0.700332 0.888484
vt 0.626171 0.888484
vt 0.700332 0.959558
vt 0.626171 0.959558
vt 0.452276 0.689272
vt 0.392241 0.556841
vt 0.348650 0.657811
vt 0.351638 0.556841
vt 0.340325 0.562984
vt 0.301355 0.643452
vt 0.231306 0.622185
vt 0.314159 0.737701
vt 0.415561 0.767027
vt 0.262891 0.722874
vt 0.121298 0.681924
vt 0.195119 0.703273
vt 0.200918 1.000000
vt 0.328422 0.951573
vt 0.336404 0.934669
vt 0.241817 0.905267
vt 0.128679 1.000000
vt 0.183359 0.887095
vt 0.121644 0.867911
vt 0.068281 0.851323
vt 0.097237 0.922603
vt 0.021483 0.736126
vt 0.160787 0.780203
vt 0.279583 0.817791
vt 0.225249 0.800599
vt 0.377032 0.848625
vt 0.498383 0.790980
vt 0.498383 0.887021
vt 0.356490 0.940913
vt 0.541408 0.888148
vt 0.541408 0.958796
vt 0.626242 0.958796
vt 0.626242 0.888148
vt 0.626242 0.888148
vt 0.626242 0.958796
vt 0.711076 0.958796
vt 0.711076 0.888148
vt 0.541408 0.746852
vt 0.541408 0.817500
vt 0.626242 0.817500
vt 0.626242 0.746852
vt 0.626242 0.746852
vt 0.626242 0.817500
vt 0.711076 0.817500
vt 0.711076 0.746852
vt 0.626242 0.676204
vt 0.541408 0.676204
vt 0.711076 0.676204
vt 0.626242 0.676204
vt 0.626171 0.675261
vt 0.700332 0.675262
vt 0.700332 0.746336
vt 0.626171 0.746336
vt 0.626171 0.817410
vt 0.700332 0.817410
vt 0.700332 0.888484
vt 0.626171 0.888484
vt 0.700332 0.959558
vt 0.626171 0.959558
vt 0.724689 0.937370
vt 0.803381 0.937370
vt 0.803381 0.971003
vt 0.724689 0.971003
vt 0.724689 0.882419
vt 0.803381 0.882419
vt 0.803381 0.905628
vt 0.724689 0.905628
vt 0.713492 0.762271
vt 0.792949 0.762271
vt 0.792949 0.846978
vt 0.713492 0.846978
vt 0.864457 0.762271
vt 0.937834 0.762271
vt 0.937834 0.846978
vt 0.864457 0.846978
vt 0.713492 0.592858
vt 0.792949 0.592858
vt 0.792949 0.677565
vt 0.713492 0.677565
vt 0.864457 0.592858
vt 0.864457 0.677565
vt 0.937834 0.592858
vt 0.937834 0.677565
vt 0.792949 0.508151
vt 0.713492 0.508151
vt 0.864457 0.508151
vt 0.937834 0.508151
vt 0.724689 0.882419
vt 0.803381 0.882419
vt 0.803381 0.971003
vt 0.724689 0.971003
vt 0.541408 0.888148
vt 0.626242 0.888148
vt 0.626242 0.958796
vt 0.541408 0.958796
vt 0.626242 0.888148
vt 0.711076 0.888148
vt 0.711076 0.958796
vt 0.626242 0.958796
vt 0.541408 0.746852
vt 0.626242 0.746852
vt 0.626242 0.817500
vt 0.541408 0.817500
vt 0.626242 0.746852
vt 0.711076 0.746852
vt 0.711076 0.817500
vt 0.626242 0.817500
vt 0.626242 0.676204
vt 0.541408 0.676204
vt 0.711076 0.676204
vt 0.626242 0.676204
vt 0.626171 0.675261
vt 0.626171 0.746336
vt 0.700332 0.746336
vt 0.700332 0.675262
vt 0.626171 0.817410
vt 0.626171 0.888484
vt 0.700332 0.888484
vt 0.700332 0.817410
vt 0.626171 0.959558
vt 0.700332 0.959558
vt 0.937834 0.846978
vt 0.863342 0.846978
vt 0.863342 0.762271
vt 0.937834 0.762271
vt 0.937834 0.677565
vt 0.863342 0.677565
vt 0.863342 0.592858
vt 0.937834 0.592858
vt 0.863342 0.508151
vt 0.937834 0.508151
vt 0.863342 0.762271
vt 0.863342 0.846978
vt 0.713492 0.846978
vt 0.713492 0.762271
vt 0.863342 0.677565
vt 0.713492 0.677565
vt 0.863342 0.592858
vt 0.713492 0.592858
vt 0.713492 0.508151
vt 0.863342 0.508151
vt 0.861357 0.845842
vt 0.861357 0.761135
vt 0.723227 0.761135
vt 0.723227 0.845842
vt 0.861357 0.676429
vt 0.723227 0.676429
vt 0.861357 0.591722
vt 0.723227 0.591722
vt 0.861357 0.507015
vt 0.723227 0.507015
vt 0.949110 0.852567
vt 0.949110 0.945576
vt 0.838058 0.945576
vt 0.838058 0.852567
vt 0.949110 0.852567
vt 0.949110 0.945576
vt 0.838058 0.945576
vt 0.838058 0.852567
vn -0.965980 -0.218638 -0.138134
vn -0.927919 -0.264606 -0.262583
vn -0.903852 -0.264924 -0.335956
vn -0.819012 -0.313166 -0.480776
vn -0.844633 -0.283500 -0.454118
vn -0.852387 -0.278550 -0.442546
vn -0.760009 -0.309626 -0.571417
vn -0.992499 -0.112504 -0.047830
vn -0.965271 -0.174675 -0.194270
vn -0.831013 -0.215620 -0.512763
vn -0.738746 -0.162954 -0.653988
vn -0.701524 -0.080225 -0.708115
vn -0.841780 0.464181 -0.275576
vn -0.918865 0.337707 -0.204063
vn -0.966590 0.253883 -0.035332
vn -0.898432 0.425900 -0.106911
vn -0.776509 0.460306 -0.430294
vn -0.796415 0.356112 -0.488782
vn -0.706034 0.285365 -0.648139
vn -0.694994 0.422572 -0.581735
vn -0.696462 0.222909 -0.682095
vn -0.725202 0.077991 -0.684105
vn -0.705245 0.090324 -0.703187
vn -0.981191 0.080775 -0.175327
vn -0.840465 0.081945 -0.535634
vn -0.998083 0.061347 -0.008159
vn -0.998947 -0.036808 0.027389
vn -0.998746 0.028550 0.041125
vn -0.985132 0.160299 0.061799
vn 0.916645 0.290798 0.274223
vn 0.916645 0.290798 0.274223
vn 0.916645 0.290798 0.274223
vn 0.916645 0.290798 0.274223
vn 0.070973 0.301166 0.950927
vn 0.070973 0.301166 0.950927
vn 0.070973 0.301166 0.950927
vn 0.070973 0.301166 0.950927
vn 0.916645 0.290798 0.274223
vn 0.916645 0.290798 0.274223
vn 0.916645 0.290798 0.274223
vn 0.916645 0.290798 0.274223
vn 0.070973 0.301166 0.950927
vn 0.070973 0.301166 0.950927
vn 0.070973 0.301166 0.950927
vn 0.070973 0.301166 0.950927
vn 0.916645 0.290799 0.274223
vn 0.916645 0.290799 0.274223
vn 0.070973 0.301166 0.950927
vn 0.070973 0.301166 0.950927
vn -0.780758 0.009572 0.624761
vn -0.780758 0.009572 0.624760
vn -0.780758 0.009572 0.624760
vn -0.780758 0.009572 0.624760
vn -0.780758 0.009572 0.624760
vn -0.780758 0.009572 0.624760
vn -0.780758 0.009572 0.624760
vn -0.780758 0.009572 0.624760
vn -0.780758 0.009572 0.624761
vn -0.780758 0.009572 0.624761
vn 0.402682 0.145794 0.903654
vn 0.402682 0.145794 0.903654
vn 0.402682 0.145794 0.903654
vn 0.402682 0.145794 0.903654
vn 0.402682 0.145794 0.903654
vn 0.402682 0.145794 0.903655
vn 0.402682 0.145794 0.903654
vn 0.402682 0.145794 0.903654
vn 0.402682 0.145794 0.903654
vn 0.402682 0.145794 0.903654
vn 0.402682 0.145794 0.903655
vn 0.402682 0.145794 0.903654
vn 0.402682 0.145794 0.903654
vn 0.402682 0.145794 0.903654
vn 0.402682 0.145794 0.903654
vn -0.264786 0.146478 0.953118
vn -0.023836 0.080935 0.996434
vn 0.000236 0.097140 0.995271
vn -0.231598 0.153052 0.960696
vn 0.530838 -0.088452 0.842844
vn 0.781961 -0.177365 0.597561
vn 0.759544 -0.147916 0.633415
vn 0.510607 -0.054244 0.858101
vn -0.325268 -0.032080 0.945078
vn -0.096166 -0.130472 0.986777
vn -0.054643 -0.031441 0.998011
vn -0.327282 0.064010 0.942756
vn 0.452473 -0.320942 0.832024
vn 0.489289 -0.209149 0.846672
vn 0.712744 -0.381907 0.588339
vn 0.778787 -0.293393 0.554447
vn -0.082748 -0.149588 0.985280
vn -0.301001 -0.051174 0.952250
vn 0.418522 -0.327573 0.847075
vn 0.679369 -0.387281 0.623275
vn -0.682646 0.026873 -0.730255
vn -0.682646 0.026873 -0.730255
vn -0.682646 0.026873 -0.730255
vn -0.682646 0.026873 -0.730255
vn -0.120294 -0.379007 -0.917542
vn 0.007293 -0.429591 -0.902994
vn 0.084252 -0.432820 -0.897535
vn 0.243186 -0.480165 -0.842794
vn 0.212443 -0.452576 -0.866051
vn 0.199551 -0.447868 -0.871546
vn 0.345815 -0.475698 -0.808779
vn -0.208999 -0.270557 -0.939744
vn -0.063680 -0.340778 -0.937985
vn 0.275913 -0.389033 -0.878934
vn 0.438235 -0.335650 -0.833840
vn 0.504011 -0.253392 -0.825691
vn 0.077594 0.299433 -0.950957
vn -0.017181 0.169492 -0.985382
vn -0.196426 0.094957 -0.975910
vn -0.101580 0.268280 -0.957970
vn 0.243367 0.291751 -0.925016
vn 0.289735 0.180832 -0.939869
vn 0.463000 0.110898 -0.879393
vn 0.408384 0.253614 -0.876871
vn 0.495138 0.047883 -0.867494
vn 0.482679 -0.099321 -0.870148
vn 0.506753 -0.085803 -0.857811
vn -0.073351 -0.090330 -0.993207
vn 0.310371 -0.099965 -0.945345
vn -0.240143 -0.096847 -0.965895
vn -0.279578 -0.190270 -0.941081
vn -0.289569 -0.124712 -0.948998
vn -0.299606 0.008872 -0.954022
vn -0.920176 -0.324902 0.218438
vn -0.920176 -0.324902 0.218438
vn -0.920176 -0.324902 0.218438
vn -0.920176 -0.324902 0.218438
vn -0.118153 -0.301713 0.946049
vn -0.118153 -0.301713 0.946049
vn -0.118153 -0.301713 0.946049
vn -0.118153 -0.301713 0.946049
vn -0.920176 -0.324902 0.218438
vn -0.920176 -0.324902 0.218438
vn -0.920176 -0.324902 0.218438
vn -0.920176 -0.324902 0.218438
vn -0.118153 -0.301713 0.946049
vn -0.118153 -0.301713 0.946049
vn -0.118153 -0.301713 0.946049
vn -0.118153 -0.301713 0.946049
vn -0.920176 -0.324902 0.218438
vn -0.920176 -0.324902 0.218438
vn -0.118153 -0.301713 0.946049
vn -0.118153 -0.301713 0.946049
vn 0.740460 0.021409 0.671760
vn 0.740460 0.021409 0.671760
vn 0.740460 0.021409 0.671760
vn 0.740460 0.021409 0.671760
vn 0.740460 0.021409 0.671760
vn 0.740460 0.021409 0.671760
vn 0.740460 0.021409 0.671760
vn 0.740460 0.021409 0.671760
vn 0.740460 0.021409 0.671760
vn 0.740460 0.021409 0.671760
vn 0.681319 0.000000 0.731987
vn 0.681319 0.000000 0.731987
vn 0.681319 0.000000 0.731987
vn 0.681319 0.000000 0.731987
vn 0.681319 0.000000 0.731987
vn 0.681319 0.000000 0.731987
vn 0.681319 0.000000 0.731987
vn 0.681319 0.000000 0.731987
vn 0.681319 0.000000 0.731987
vn 0.681319 0.000000 0.731987
vn -0.246674 0.000000 0.969098
vn -0.246674 0.000000 0.969099
vn -0.246674 0.000000 0.969099
vn -0.246674 0.000000 0.969099
vn -0.246674 0.000000 0.969099
vn -0.246674 0.000000 0.969099
vn -0.246674 0.000000 0.969098
vn -0.246674 0.000000 0.969098
vn -0.246674 0.000000 0.969098
vn -0.246674 0.000000 0.969098
vn -0.968873 0.000000 0.247557
vn -0.968873 0.000000 0.247557
vn -0.968873 0.000000 0.247557
vn -0.968873 0.000000 0.247557
vn -0.968873 -0.000000 0.247557
vn -0.968873 -0.000000 0.247557
vn -0.968873 -0.000000 0.247557
vn -0.968873 -0.000000 0.247557
vn -0.968873 0.000000 0.247557
vn -0.968873 0.000000 0.247557
vn -0.088389 -0.319802 0.943353
vn -0.212571 -0.366803 0.905687
vn -0.286847 -0.367725 0.884589
vn -0.433292 -0.413137 0.800984
vn -0.406674 -0.385115 0.828434
vn -0.394970 -0.380496 0.836195
vn -0.526450 -0.407433 0.746223
vn -0.001014 -0.213237 0.977000
vn -0.146090 -0.278334 0.949309
vn -0.468318 -0.318682 0.824087
vn -0.615221 -0.262887 0.743231
vn -0.673917 -0.179141 0.716760
vn -0.256176 0.365793 0.894745
vn -0.176796 0.235281 0.955713
vn -0.003190 0.154105 0.988049
vn -0.083936 0.328995 0.940594
vn -0.413303 0.362121 0.835494
vn -0.466991 0.254140 0.846955
vn -0.627355 0.186313 0.756117
vn -0.566603 0.326549 0.756523
vn -0.659360 0.123787 0.741567
vn -0.654777 -0.023241 0.755465
vn -0.675140 -0.009764 0.737625
vn -0.135935 -0.025203 0.990397
vn -0.501745 -0.024753 0.864661
vn 0.032407 -0.039337 0.998700
vn 0.071563 -0.135540 0.988184
vn 0.082852 -0.069982 0.994102
vn 0.098039 0.063207 0.993173
vn 0.000000 0.000000 1.000000
vn 0.000000 0.000000 1.000000
vn 0.000000 0.000000 1.000000
vn 0.000000 0.000000 1.000000
vn 0.370114 -0.181451 0.911093
vn 0.243488 -0.225985 0.943210
vn 0.168036 -0.225539 0.959633
vn 0.000141 -0.273543 0.961860
vn 0.036138 -0.243586 0.969206
vn 0.050050 -0.238621 0.969822
vn -0.107895 -0.270090 0.956771
vn 0.461524 -0.076459 0.883827
vn 0.321408 -0.136318 0.937078
vn -0.021246 -0.174956 0.984347
vn -0.189692 -0.122479 0.974174
vn -0.255125 -0.039941 0.966083
vn 0.189453 0.499431 0.845385
vn 0.290024 0.374206 0.880827
vn 0.459580 0.288427 0.839998
vn 0.363527 0.459471 0.810392
vn 0.022990 0.496662 0.867639
vn -0.017464 0.394541 0.918712
vn -0.200724 0.324177 0.924456
vn -0.148916 0.459419 0.875647
vn -0.234919 0.262184 0.935988
vn -0.222251 0.118444 0.967768
vn -0.248801 0.130485 0.959725
vn 0.346091 0.119056 0.930616
vn -0.035843 0.123188 0.991736
vn 0.498749 0.096568 0.861350
vn 0.529724 -0.002253 0.848167
vn 0.541537 0.062740 0.838333
vn 0.552610 0.193444 0.810680
vn -0.999912 0.000000 0.013280
vn -0.999912 0.000000 0.013280
vn -0.999912 0.000000 0.013280
vn -0.999912 0.000000 0.013280
vn -0.999912 0.000000 0.013280
vn -0.999912 0.000000 0.013280
vn -0.999912 0.000000 0.013280
vn -0.999912 0.000000 0.013280
vn -0.999912 0.000000 0.013280
vn -0.999912 0.000000 0.013280
vn -0.530090 -0.000000 0.847941
vn -0.530090 -0.000000 0.847941
vn -0.530090 -0.000000 0.847942
vn -0.530090 -0.000000 0.847942
vn -0.530090 0.000000 0.847941
vn -0.530090 0.000000 0.847942
vn -0.530090 -0.000000 0.847942
vn -0.530090 -0.000000 0.847942
vn -0.530090 -0.000000 0.847942
vn -0.530090 -0.000000 0.847942
vn 0.490519 0.000000 0.871431
vn 0.490519 0.000000 0.871431
vn 0.490519 0.000000 0.871431
vn 0.490519 0.000000 0.871431
vn 0.490519 0.000000 0.871431
vn 0.490519 0.000000 0.871431
vn 0.490519 0.000000 0.871431
vn 0.490519 0.000000 0.871431
vn 0.490519 0.000000 0.871431
vn 0.490519 0.000000 0.871431
vn 0.126497 -0.640436 -0.757523
vn 0.047676 -0.648887 -0.759389
vn 0.054249 -0.507394 -0.860005
vn 0.163996 -0.483045 -0.860101
vn -0.087929 -0.639763 -0.763526
vn -0.156512 -0.475419 -0.865726
vn -0.115023 0.428764 -0.896064
vn 0.005095 0.438826 -0.898558
vn 0.060189 0.490665 -0.869267
vn -0.133360 0.436046 -0.889988
vn 0.175632 -0.372786 -0.911145
vn -0.245092 0.379879 -0.891977
vn -0.205706 0.416874 -0.885382
vn 0.166387 0.318143 -0.933327
vn 0.136202 0.468286 -0.873016
vn 0.123848 0.425626 -0.896384
vn 0.161622 0.214783 -0.963196
vn 0.064064 0.348212 -0.935224
vn -0.164809 0.303272 -0.938544
vn -0.286586 0.265236 -0.920608
vn -0.196039 -0.132323 -0.971627
vn -0.333968 -0.116313 -0.935381
vn 0.064314 -0.129553 -0.989485
vn 0.197156 -0.118070 -0.973236
vn 0.182982 -0.056289 -0.981504
vn -0.312112 -0.361331 -0.878650
vn -0.631361 0.000000 -0.775489
vn -0.631361 0.000000 -0.775489
vn -0.631361 0.000000 -0.775489
vn -0.631361 0.000000 -0.775489
vn -0.763531 0.001316 0.645770
vn -0.763531 0.001316 0.645770
vn -0.763531 0.001316 0.645770
vn -0.763531 0.001316 0.645770
vn 0.672058 0.404395 0.620324
vn 0.792478 0.457199 0.403669
vn 0.788571 0.479310 0.385250
vn 0.682238 0.425363 0.594657
vn 0.865908 0.461988 -0.191756
vn 0.757462 0.383656 -0.528261
vn 0.768176 0.414224 -0.488185
vn 0.857403 0.489119 -0.160073
vn 0.741234 0.229158 0.630919
vn 0.874110 0.249397 0.416812
vn 0.843142 0.352286 0.406209
vn 0.691046 0.307849 0.653975
vn 0.955765 0.233825 -0.178437
vn 0.920314 0.346989 -0.180615
vn 0.836709 0.182939 -0.516190
vn 0.778259 0.268176 -0.567797
vn 0.885223 0.237838 0.399766
vn 0.761940 0.225149 0.607253
vn 0.964477 0.221572 -0.143838
vn 0.861639 0.179904 -0.474567
vn -0.682645 0.026872 0.730255
vn -0.682645 0.026872 0.730255
vn -0.682645 0.026872 0.730255
vn -0.682645 0.026872 0.730255
vn -0.816797 -0.331230 0.472366
vn -0.808126 -0.355927 0.469307
vn -0.787142 -0.409227 0.461455
vn -0.787142 -0.409227 0.461455
vn -0.765306 -0.457485 0.452785
vn -0.765306 -0.457485 0.452785
vn -0.811073 -0.347738 0.470361
vn -0.807496 -0.357652 0.469080
vn 0.708232 -0.053281 -0.703966
vn 0.517680 0.017336 -0.855399
vn 0.507156 0.043872 -0.860737
vn 0.690310 -0.030404 -0.722875
vn -0.047080 0.174031 -0.983614
vn -0.389960 0.241421 -0.888621
vn -0.342449 0.253083 -0.904808
vn -0.008402 0.191679 -0.981422
vn 0.662650 -0.236264 -0.710686
vn 0.464182 -0.199688 -0.862937
vn 0.486676 -0.094232 -0.868485
vn 0.709745 -0.155867 -0.686999
vn -0.106879 -0.064003 -0.992210
vn -0.073116 0.049631 -0.996088
vn -0.442231 0.031846 -0.896336
vn -0.463898 0.143146 -0.874247
vn 0.444251 -0.208701 -0.871255
vn 0.638689 -0.239840 -0.731131
vn -0.077955 -0.088209 -0.993047
vn -0.403932 0.008241 -0.914752
vn 0.870963 -0.370316 0.322938
vn 0.797294 -0.430829 0.422739
vn 0.754723 -0.440139 0.486488
vn 0.630543 -0.499820 0.593798
vn 0.664887 -0.469931 0.580595
vn 0.675845 -0.464228 0.572474
vn 0.550207 -0.503432 0.666205
vn 0.929955 -0.255222 0.264663
vn 0.859391 -0.336744 0.384773
vn 0.642420 -0.411651 0.646405
vn 0.521197 -0.371212 0.768476
vn 0.478614 -0.294412 0.827194
vn 0.777135 0.290213 0.558424
vn 0.858633 0.168122 0.484236
vn 0.941561 0.108061 0.319040
vn 0.872739 0.273355 0.404480
vn 0.673135 0.269464 0.688679
vn 0.667318 0.155184 0.728426
vn 0.531929 0.071863 0.843734
vn 0.551345 0.218466 0.805166
vn 0.508090 0.006524 0.861279
vn 0.522029 -0.139234 0.841487
vn 0.498931 -0.127641 0.857190
vn 0.902819 -0.086442 0.421242
vn 0.672374 -0.126376 0.729344
vn 0.961563 -0.079648 0.262778
vn 0.962924 -0.169593 0.209800
vn 0.972287 -0.103467 0.209650
vn 0.976621 0.030481 0.212795
vn 0.681319 0.000000 -0.731987
vn 0.681319 0.000000 -0.731987
vn 0.681319 0.000000 -0.731987
vn 0.681319 0.000000 -0.731987
vn 0.681319 0.000000 -0.731987
vn 0.681319 0.000000 -0.731987
vn 0.681319 0.000000 -0.731987
vn 0.681319 0.000000 -0.731987
vn 0.681319 0.000000 -0.731987
vn 0.681319 0.000000 -0.731987
vn -0.246674 0.000000 -0.969099
vn -0.246674 0.000000 -0.969099
vn -0.246674 0.000000 -0.969098
vn -0.246674 0.000000 -0.969099
vn -0.246674 0.000000 -0.969099
vn -0.246674 0.000000 -0.969099
vn -0.246674 0.000000 -0.969098
vn -0.246674 0.000000 -0.969098
vn -0.246674 0.000000 -0.969098
vn -0.246674 0.000000 -0.969098
vn -0.968873 0.000000 -0.247557
vn -0.968873 0.000000 -0.247557
vn -0.968873 0.000000 -0.247557
vn -0.968873 0.000000 -0.247557
vn -0.968873 0.000000 -0.247557
vn -0.968873 0.000000 -0.247557
vn -0.968873 0.000000 -0.247557
vn -0.968873 0.000000 -0.247557
vn -0.968873 0.000000 -0.247557
vn -0.968873 0.000000 -0.247557
vn 0.960837 -0.017361 0.276569
vn 0.998547 -0.040095 0.035996
vn 0.960641 0.276315 0.028604
vn 0.939900 0.250951 0.231542
vn 0.870224 0.018643 -0.492303
vn 0.622425 0.107803 -0.775220
vn 0.671619 0.274791 -0.688053
vn 0.840497 0.294783 -0.454607
vn 0.868063 -0.417413 0.268762
vn 0.899111 -0.437281 0.019635
vn 0.915602 -0.401853 0.013689
vn 0.867252 -0.395273 0.302711
vn 0.744495 -0.365924 -0.558414
vn 0.766399 -0.308829 -0.563255
vn 0.524561 -0.260056 -0.810683
vn 0.502007 -0.176762 -0.846607
vn 0.899197 -0.437543 0.001025
vn 0.876149 -0.417598 0.240778
vn 0.763520 -0.386557 -0.517312
vn 0.555298 -0.290432 -0.779291
vn -0.642584 -0.013401 -0.766099
vn -0.642583 -0.013401 -0.766099
vn -0.642583 -0.013401 -0.766099
vn -0.642584 -0.013401 -0.766098
vn -0.642583 -0.013401 -0.766099
vn -0.642583 -0.013401 -0.766099
vn -0.642583 -0.013401 -0.766099
vn -0.642583 -0.013401 -0.766099
vn -0.642583 -0.013401 -0.766099
vn -0.642583 -0.013401 -0.766099
vn -0.642583 -0.013401 -0.766099
vn -0.642583 -0.013401 -0.766099
vn -0.642583 -0.013401 -0.766099
vn -0.642583 -0.013401 -0.766098
vn -0.642583 -0.013401 -0.766099
vn -0.267233 -0.090973 -0.959328
vn -0.132035 -0.096458 -0.986541
vn -0.058527 -0.074567 -0.995497
vn 0.115972 -0.078940 -0.990111
vn 0.073888 -0.057818 -0.995589
vn 0.059215 -0.056366 -0.996653
vn 0.219138 -0.050311 -0.974396
vn -0.383710 -0.018480 -0.923269
vn -0.230549 -0.031276 -0.972558
vn 0.112405 0.024302 -0.993365
vn 0.261069 0.113324 -0.958645
vn 0.302677 0.206257 -0.930508
vn -0.270620 0.588420 -0.761923
vn -0.333893 0.451476 -0.827457
vn -0.477523 0.320886 -0.817927
vn -0.430085 0.501422 -0.750735
vn -0.108150 0.630511 -0.768609
vn -0.040463 0.552831 -0.832310
vn 0.154773 0.531588 -0.832742
vn 0.067737 0.638442 -0.766683
vn 0.204235 0.483106 -0.851408
vn 0.230395 0.349259 -0.908260
vn 0.252552 0.365662 -0.895828
vn -0.320192 0.204461 -0.925026
vn 0.050372 0.312907 -0.948447
vn -0.465102 0.132838 -0.875234
vn -0.470285 0.028793 -0.882045
vn -0.498830 0.085897 -0.862433
vn -0.544367 0.202340 -0.814078
vn -0.956331 -0.288749 -0.045339
vn -0.956331 -0.288749 -0.045339
vn -0.956331 -0.288749 -0.045339
vn -0.956331 -0.288749 -0.045339
vn -0.314032 -0.247723 -0.916525
vn -0.314032 -0.247723 -0.916525
vn -0.314032 -0.247723 -0.916525
vn -0.314032 -0.247723 -0.916525
vn -0.956331 -0.288749 -0.045339
vn -0.956331 -0.288749 -0.045339
vn -0.956331 -0.288749 -0.045339
vn -0.956331 -0.288749 -0.045339
vn -0.314032 -0.247723 -0.916525
vn -0.314032 -0.247723 -0.916525
vn -0.314032 -0.247723 -0.916525
vn -0.314032 -0.247723 -0.916525
vn -0.956331 -0.288749 -0.045339
vn -0.956331 -0.288749 -0.045339
vn -0.314032 -0.247723 -0.916525
vn -0.314032 -0.247723 -0.916525
vn 0.592996 0.037876 -0.804314
vn 0.592996 0.037876 -0.804314
vn 0.592996 0.037876 -0.804314
vn 0.592996 0.037876 -0.804314
vn 0.592996 0.037877 -0.804314
vn 0.592996 0.037877 -0.804314
vn 0.592996 0.037877 -0.804314
vn 0.592996 0.037877 -0.804314
vn 0.592996 0.037876 -0.804314
vn 0.592996 0.037876 -0.804314
vn -0.589523 -0.188612 0.785422
vn -0.589523 -0.188612 0.785422
vn -0.589523 -0.188612 0.785422
vn -0.589523 -0.188612 0.785422
vn -0.957011 -0.172279 -0.233343
vn -0.957011 -0.172279 -0.233343
vn -0.957011 -0.172279 -0.233343
vn -0.957011 -0.172279 -0.233343
vn -0.589523 -0.188612 0.785422
vn -0.589523 -0.188612 0.785422
vn -0.589523 -0.188612 0.785422
vn -0.589523 -0.188612 0.785422
vn -0.957011 -0.172280 -0.233343
vn -0.957011 -0.172280 -0.233343
vn -0.957011 -0.172280 -0.233343
vn -0.957011 -0.172280 -0.233343
vn -0.589523 -0.188612 0.785422
vn -0.589523 -0.188612 0.785422
vn -0.957011 -0.172279 -0.233343
vn -0.957012 -0.172279 -0.233343
vn -0.339280 0.015079 -0.940565
vn -0.339280 0.015079 -0.940565
vn -0.339280 0.015079 -0.940565
vn -0.339280 0.015079 -0.940565
vn -0.339280 0.015079 -0.940565
vn -0.339280 0.015079 -0.940565
vn -0.339280 0.015079 -0.940565
vn -0.339280 0.015079 -0.940565
vn -0.339280 0.015078 -0.940565
vn -0.339280 0.015078 -0.940565
vn -0.672976 -0.105755 0.732065
vn -0.672976 -0.105755 0.732065
vn -0.672976 -0.105755 0.732065
vn -0.672976 -0.105755 0.732065
vn -0.816255 -0.515786 -0.260176
vn -0.816255 -0.515787 -0.260176
vn -0.816255 -0.515787 -0.260176
vn -0.816255 -0.515786 -0.260176
vn -0.672976 -0.105754 0.732065
vn -0.672976 -0.105754 0.732065
vn -0.672976 -0.105754 0.732065
vn -0.672976 -0.105754 0.732065
vn -0.816256 -0.515787 -0.260175
vn -0.816256 -0.515786 -0.260175
vn -0.816256 -0.515786 -0.260175
vn -0.816256 -0.515786 -0.260175
vn -0.672976 -0.105755 0.732065
vn -0.672976 -0.105755 0.732065
vn -0.816256 -0.515786 -0.260175
vn -0.816256 -0.515786 -0.260175
vn -0.132282 -0.378558 -0.916076
vn -0.132282 -0.378558 -0.916076
vn -0.132282 -0.378558 -0.916076
vn -0.132282 -0.378558 -0.916076
vn -0.132281 -0.378558 -0.916076
vn -0.132281 -0.378558 -0.916076
vn -0.132281 -0.378558 -0.916076
vn -0.132281 -0.378558 -0.916076
vn -0.132281 -0.378558 -0.916076
vn -0.132281 -0.378558 -0.916076
vn 0.771752 -0.021490 0.635560
vn 0.906815 -0.018052 0.421143
vn 0.914527 0.004463 0.404500
vn 0.791349 -0.006289 0.611333
vn 0.984804 -0.005329 -0.173585
vn 0.858484 0.004351 -0.512822
vn 0.881948 0.022753 -0.470797
vn 0.989975 0.020065 -0.139812
vn 0.746622 -0.208465 0.631743
vn 0.876655 -0.239622 0.417201
vn 0.899920 -0.134213 0.414887
vn 0.740668 -0.117261 0.661559
vn 0.951908 -0.248637 -0.179027
vn 0.976098 -0.132730 -0.172089
vn 0.829712 -0.209812 -0.517259
vn 0.821178 -0.103332 -0.561239
vn 0.881061 -0.253823 0.399130
vn 0.763209 -0.220274 0.607446
vn 0.952880 -0.266117 -0.145610
vn 0.849197 -0.227689 -0.476468
vn -0.765087 -0.142853 -0.627881
vn -0.765087 -0.142853 -0.627881
vn -0.765087 -0.142853 -0.627881
vn -0.765087 -0.142853 -0.627881
vn 0.248130 -0.448268 -0.858771
vn 0.248130 -0.448267 -0.858771
vn 0.248130 -0.448267 -0.858771
vn 0.248130 -0.448268 -0.858771
vn -0.765087 -0.142853 -0.627881
vn -0.765087 -0.142853 -0.627881
vn -0.765087 -0.142853 -0.627881
vn -0.765087 -0.142853 -0.627881
vn 0.248130 -0.448268 -0.858771
vn 0.248130 -0.448268 -0.858771
vn 0.248130 -0.448268 -0.858771
vn 0.248130 -0.448268 -0.858771
vn -0.765087 -0.142852 -0.627881
vn -0.765087 -0.142852 -0.627881
vn 0.248130 -0.448268 -0.858771
vn 0.248130 -0.448268 -0.858771
vn 0.935442 -0.281971 -0.213167
vn 0.935442 -0.281971 -0.213167
vn 0.935442 -0.281972 -0.213167
vn 0.935442 -0.281972 -0.213167
vn 0.935442 -0.281972 -0.213166
vn 0.935442 -0.281972 -0.213166
vn 0.935442 -0.281972 -0.213166
vn 0.935442 -0.281972 -0.213166
vn 0.935442 -0.281972 -0.213167
vn 0.935442 -0.281972 -0.213167
vn -0.836016 0.055549 -0.545886
vn -0.836016 0.055549 -0.545886
vn -0.836016 0.055549 -0.545886
vn -0.836016 0.055549 -0.545886
vn 0.126497 -0.640436 0.757523
vn 0.163996 -0.483045 0.860101
vn 0.054249 -0.507394 0.860005
vn 0.047676 -0.648887 0.759389
vn -0.156512 -0.475418 0.865726
vn -0.087929 -0.639763 0.763526
vn -0.115023 0.428764 0.896064
vn -0.133360 0.436046 0.889988
vn 0.060189 0.490665 0.869267
vn 0.005095 0.438825 0.898558
vn 0.175632 -0.372786 0.911144
vn -0.245092 0.379879 0.891977
vn -0.205706 0.416874 0.885382
vn 0.166387 0.318143 0.933327
vn 0.161622 0.214783 0.963196
vn 0.123848 0.425626 0.896384
vn 0.136202 0.468286 0.873016
vn 0.064064 0.348212 0.935224
vn -0.164809 0.303272 0.938544
vn -0.286586 0.265236 0.920608
vn -0.333968 -0.116313 0.935381
vn -0.196039 -0.132323 0.971627
vn 0.064314 -0.129554 0.989485
vn 0.197156 -0.118070 0.973236
vn 0.182982 -0.056289 0.981503
vn -0.312112 -0.361331 0.878650
vn -0.487771 -0.066772 0.870414
vn -0.487771 -0.066772 0.870414
vn -0.487771 -0.066772 0.870414
vn -0.487771 -0.066772 0.870414
vn -0.902802 0.154683 0.401276
vn -0.776772 0.128588 0.616514
vn -0.733531 0.324900 0.596970
vn -0.851998 0.298584 0.430055
vn -0.323047 0.114920 0.939380
vn 0.026667 0.130368 0.991107
vn -0.025863 0.279523 0.959791
vn -0.314951 0.323482 0.892281
vn -0.848645 -0.445404 0.285337
vn -0.722282 -0.489963 0.488104
vn -0.783176 -0.228904 0.578134
vn -0.928416 -0.186939 0.321088
vn -0.263367 -0.528832 0.806830
vn -0.310005 -0.257528 0.915192
vn 0.074881 -0.498005 0.863935
vn 0.109758 -0.228506 0.967336
vn -0.666048 -0.611575 0.427031
vn -0.792426 -0.544188 0.275537
vn -0.244405 -0.655686 0.714382
vn 0.040157 -0.597496 0.800866
vn 0.764078 0.000000 0.645124
vn 0.764078 0.000000 0.645124
vn 0.764078 0.000000 0.645124
vn 0.764078 0.000000 0.645124
vn 0.764078 -0.000000 0.645124
vn 0.764078 -0.000000 0.645124
vn 0.764078 -0.000000 0.645124
vn 0.764078 -0.000000 0.645124
vn 0.764078 0.000000 0.645124
vn 0.764078 0.000000 0.645124
vn 0.328557 -0.000000 0.944484
vn 0.328557 0.000000 0.944484
vn 0.328557 0.000000 0.944484
vn 0.328557 -0.000000 0.944484
vn 0.328557 -0.000000 0.944484
vn 0.328557 -0.000000 0.944484
vn 0.328557 0.000000 0.944484
vn 0.328557 0.000000 0.944484
vn 0.328557 0.000000 0.944484
vn 0.328557 0.000000 0.944484
vn -0.871515 0.000000 0.490368
vn -0.871515 0.000000 0.490368
vn -0.871515 0.000000 0.490368
vn -0.871515 0.000000 0.490368
vn -0.871515 0.000000 0.490368
vn -0.871515 0.000000 0.490368
vn -0.871515 0.000000 0.490368
vn -0.871515 0.000000 0.490368
vn -0.871515 0.000000 0.490368
vn -0.871515 0.000000 0.490368
vn -0.765319 -0.171503 -0.620382
vn -0.765319 -0.171503 -0.620382
vn -0.765319 -0.171503 -0.620382
vn -0.765319 -0.171503 -0.620382
vn -0.392772 0.062880 -0.917484
vn -0.392772 0.062880 -0.917484
vn -0.392772 0.062880 -0.917484
vn -0.392772 0.062880 -0.917484
vn -0.982461 0.185665 -0.017269
vn -0.982461 0.185665 -0.017269
vn -0.982461 0.185666 -0.017269
vn -0.982461 0.185666 -0.017269
vn -0.392772 0.062880 -0.917484
vn -0.392772 0.062880 -0.917484
vn -0.392772 0.062880 -0.917484
vn -0.392772 0.062880 -0.917484
vn -0.982461 0.185665 -0.017269
vn -0.982461 0.185665 -0.017269
vn -0.982461 0.185665 -0.017269
vn -0.982461 0.185665 -0.017269
vn -0.392772 0.062880 -0.917484
vn -0.392772 0.062880 -0.917484
vn -0.982461 0.185664 -0.017269
vn -0.982461 0.185664 -0.017269
vn -0.544425 0.113360 0.831114
vn -0.544425 0.113360 0.831114
vn -0.544425 0.113360 0.831114
vn -0.544425 0.113360 0.831114
vn -0.544425 0.113360 0.831114
vn -0.544425 0.113360 0.831114
vn -0.544425 0.113360 0.831114
vn -0.544425 0.113360 0.831114
vn -0.544425 0.113360 0.831114
vn -0.544425 0.113360 0.831114
vn -0.672976 -0.105755 -0.732065
vn -0.672976 -0.105755 -0.732065
vn -0.672976 -0.105755 -0.732065
vn -0.672976 -0.105755 -0.732065
vn -0.816256 -0.515786 0.260176
vn -0.816256 -0.515786 0.260176
vn -0.816256 -0.515787 0.260176
vn -0.816256 -0.515787 0.260176
vn -0.672976 -0.105755 -0.732065
vn -0.672976 -0.105755 -0.732065
vn -0.672976 -0.105754 -0.732065
vn -0.672976 -0.105754 -0.732065
vn -0.816255 -0.515787 0.260175
vn -0.816255 -0.515787 0.260175
vn -0.816256 -0.515786 0.260175
vn -0.816256 -0.515786 0.260175
vn -0.672976 -0.105755 -0.732065
vn -0.672976 -0.105755 -0.732065
vn -0.816256 -0.515786 0.260175
vn -0.816256 -0.515786 0.260175
vn -0.132281 -0.378558 0.916076
vn -0.132281 -0.378558 0.916076
vn -0.132281 -0.378558 0.916076
vn -0.132281 -0.378558 0.916076
vn -0.132281 -0.378558 0.916076
vn -0.132281 -0.378558 0.916076
vn -0.132282 -0.378558 0.916076
vn -0.132281 -0.378558 0.916076
vn -0.132282 -0.378558 0.916076
vn -0.132282 -0.378558 0.916076
vn 0.764078 0.000000 0.645124
vn 0.764078 0.000000 0.645124
vn 0.764078 -0.000000 0.645124
vn 0.764078 -0.000000 0.645124
vn 0.764078 0.000000 0.645124
vn 0.764078 0.000000 0.645124
vn 0.764078 0.000000 0.645124
vn 0.764078 0.000000 0.645124
vn 0.764078 -0.000000 0.645124
vn 0.764078 -0.000000 0.645124
vn 0.328557 0.000000 0.944484
vn 0.328557 0.000000 0.944484
vn 0.328557 0.000000 0.944484
vn 0.328557 0.000000 0.944484
vn 0.328557 0.000000 0.944484
vn 0.328557 0.000000 0.944484
vn 0.328557 0.000000 0.944484
vn 0.328557 0.000000 0.944484
vn 0.328557 0.000000 0.944484
vn 0.328557 0.000000 0.944484
vn -0.871515 0.000000 0.490369
vn -0.871515 0.000000 0.490368
vn -0.871515 0.000000 0.490369
vn -0.871515 0.000000 0.490369
vn -0.871515 0.000000 0.490368
vn -0.871515 0.000000 0.490368
vn -0.871515 0.000000 0.490368
vn -0.871515 0.000000 0.490368
vn -0.871515 0.000000 0.490368
vn -0.871515 0.000000 0.490368
vn 0.895677 0.214225 -0.389706
vn 0.902523 0.188921 -0.386989
vn 0.915342 0.132966 -0.380090
vn 0.915342 0.132966 -0.380090
vn 0.924504 0.080621 -0.372549
vn 0.924504 0.080621 -0.372549
vn 0.900315 0.197354 -0.387923
vn 0.902980 0.187140 -0.386789
vn -0.161254 0.116645 0.979995
vn 0.088292 0.074476 0.993307
vn 0.110397 0.092930 0.989534
vn -0.128175 0.126361 0.983669
vn 0.634127 -0.040058 0.772191
vn 0.861324 -0.103412 0.497420
vn 0.840669 -0.076398 0.536134
vn 0.612706 -0.008018 0.790270
vn -0.204976 -0.066879 0.976479
vn 0.035798 -0.142882 0.989092
vn 0.068744 -0.040352 0.996818
vn -0.216399 0.028576 0.975887
vn 0.577537 -0.278978 0.767218
vn 0.605026 -0.164212 0.779088
vn 0.811304 -0.313638 0.493372
vn 0.864069 -0.219041 0.453218
vn 0.050698 -0.160609 0.985715
vn -0.178316 -0.083572 0.980418
vn 0.546424 -0.288908 0.786100
vn 0.783027 -0.322338 0.531946
vn -0.942011 -0.332563 0.044920
vn -0.942011 -0.332563 0.044920
vn -0.942011 -0.332563 0.044920
vn -0.942011 -0.332563 0.044920
vn -0.642583 -0.013401 0.766098
vn -0.642584 -0.013401 0.766098
vn -0.642583 -0.013401 0.766098
vn -0.642583 -0.013401 0.766099
vn -0.642583 -0.013400 0.766099
vn -0.642583 -0.013401 0.766099
vn -0.642583 -0.013401 0.766099
vn -0.642583 -0.013401 0.766099
vn -0.642583 -0.013401 0.766099
vn -0.642583 -0.013401 0.766099
vn -0.642583 -0.013401 0.766099
vn -0.642583 -0.013400 0.766099
vn -0.642583 -0.013401 0.766099
vn -0.642583 -0.013401 0.766099
vn -0.642583 -0.013401 0.766099
vn -0.267233 -0.090973 -0.959328
vn -0.132035 -0.096458 -0.986541
vn -0.058527 -0.074567 -0.995497
vn 0.115972 -0.078940 -0.990111
vn 0.073888 -0.057818 -0.995589
vn 0.059215 -0.056366 -0.996653
vn 0.219138 -0.050311 -0.974396
vn -0.383710 -0.018480 -0.923269
vn -0.230549 -0.031276 -0.972558
vn 0.112405 0.024302 -0.993365
vn 0.261069 0.113324 -0.958645
vn 0.302677 0.206257 -0.930508
vn -0.270620 0.588420 -0.761923
vn -0.333893 0.451476 -0.827457
vn -0.477522 0.320886 -0.817927
vn -0.430084 0.501422 -0.750735
vn -0.108150 0.630511 -0.768609
vn -0.040463 0.552831 -0.832310
vn 0.154773 0.531587 -0.832743
vn 0.067737 0.638442 -0.766683
vn 0.204235 0.483106 -0.851408
vn 0.230395 0.349259 -0.908260
vn 0.252552 0.365663 -0.895828
vn -0.320192 0.204461 -0.925026
vn 0.050372 0.312906 -0.948447
vn -0.465102 0.132838 -0.875234
vn -0.470285 0.028793 -0.882045
vn -0.498830 0.085897 -0.862433
vn -0.544366 0.202340 -0.814079
vn 0.864441 -0.089585 -0.494688
vn 0.864441 -0.089585 -0.494688
vn 0.864441 -0.089585 -0.494688
vn 0.864441 -0.089585 -0.494688
vn -0.767387 0.459018 -0.447684
vn -0.803468 0.554839 -0.215854
vn -0.790700 0.577556 -0.203036
vn -0.765672 0.483982 -0.423685
vn -0.682074 0.632817 0.366494
vn -0.484943 0.569611 0.663607
vn -0.503238 0.597480 0.624315
vn -0.680203 0.654568 0.329948
vn -0.861296 0.299674 -0.410322
vn -0.914641 0.365751 -0.172213
vn -0.867144 0.461554 -0.187161
vn -0.810066 0.364864 -0.458986
vn -0.803997 0.425355 0.415526
vn -0.753473 0.529516 0.389733
vn -0.592499 0.387106 0.706466
vn -0.508810 0.464612 0.724739
vn -0.921324 0.358242 -0.151080
vn -0.873747 0.302002 -0.381262
vn -0.824967 0.411554 0.387366
vn -0.629538 0.384648 0.675076
vn -0.790581 0.270739 -0.549256
vn -0.905912 0.269585 -0.326569
vn -0.834816 0.457522 -0.306197
vn -0.763998 0.413815 -0.495040
vn -0.933244 0.276161 0.229762
vn -0.786621 0.277004 0.551811
vn -0.764609 0.422730 0.486490
vn -0.856109 0.474242 0.205356
vn -0.762554 -0.342200 -0.549008
vn -0.870351 -0.363477 -0.332226
vn -0.935345 -0.088458 -0.342498
vn -0.793047 -0.076760 -0.604304
vn -0.895553 -0.382717 0.226965
vn -0.966469 -0.095721 0.238275
vn -0.757033 -0.365160 0.541810
vn -0.780534 -0.085878 0.619186
vn -0.809304 -0.496261 -0.314250
vn -0.740344 -0.444700 -0.504115
vn -0.829265 -0.523054 0.196810
vn -0.739394 -0.470645 0.481446
vn -0.088389 -0.319802 -0.943353
vn -0.286847 -0.367725 -0.884589
vn -0.212571 -0.366803 -0.905687
vn -0.394971 -0.380496 -0.836195
vn -0.406674 -0.385115 -0.828434
vn -0.433292 -0.413137 -0.800984
vn -0.526450 -0.407433 -0.746223
vn -0.146090 -0.278334 -0.949309
vn -0.001014 -0.213237 -0.977000
vn -0.468318 -0.318682 -0.824088
vn -0.673917 -0.179141 -0.716760
vn -0.615221 -0.262887 -0.743231
vn -0.256176 0.365793 -0.894745
vn -0.083936 0.328995 -0.940594
vn -0.003190 0.154105 -0.988049
vn -0.176796 0.235281 -0.955713
vn -0.413303 0.362121 -0.835494
vn -0.466991 0.254140 -0.846955
vn -0.627355 0.186313 -0.756117
vn -0.659359 0.123787 -0.741567
vn -0.566603 0.326549 -0.756523
vn -0.675140 -0.009764 -0.737625
vn -0.654777 -0.023241 -0.755465
vn -0.135935 -0.025203 -0.990397
vn -0.501745 -0.024753 -0.864661
vn 0.032407 -0.039337 -0.998700
vn 0.071563 -0.135540 -0.988184
vn 0.082852 -0.069982 -0.994102
vn 0.098039 0.063207 -0.993173
vn -0.487771 -0.066772 -0.870414
vn -0.487771 -0.066772 -0.870414
vn -0.487771 -0.066772 -0.870414
vn -0.487771 -0.066772 -0.870414
vn -0.765087 0.064010 0.640738
vn -0.765087 0.064010 0.640738
vn -0.765087 0.064010 0.640738
vn -0.765087 0.064010 0.640738
vn 0.248130 -0.152237 0.956690
vn 0.248130 -0.152237 0.956690
vn 0.248130 -0.152237 0.956690
vn 0.248130 -0.152237 0.956690
vn -0.765087 0.064010 0.640738
vn -0.765087 0.064010 0.640738
vn -0.765087 0.064010 0.640738
vn -0.765087 0.064010 0.640738
vn 0.248130 -0.152237 0.956690
vn 0.248130 -0.152237 0.956690
vn 0.248130 -0.152237 0.956690
vn 0.248130 -0.152237 0.956690
vn -0.765087 0.064010 0.640738
vn -0.765087 0.064010 0.640738
vn 0.248130 -0.152237 0.956690
vn 0.248130 -0.152237 0.956690
vn 0.935442 -0.199648 0.291700
vn 0.935442 -0.199648 0.291700
vn 0.935442 -0.199648 0.291700
vn 0.935442 -0.199648 0.291700
vn 0.935442 -0.199648 0.291700
vn 0.935442 -0.199648 0.291700
vn 0.935442 -0.199648 0.291700
vn 0.935442 -0.199648 0.291700
vn 0.935442 -0.199648 0.291700
vn 0.935442 -0.199648 0.291700
vn 0.370114 -0.122370 0.920891
vn 0.243488 -0.164743 0.955810
vn 0.168036 -0.163239 0.972171
vn 0.000141 -0.210999 0.977486
vn 0.036138 -0.180631 0.982887
vn 0.050050 -0.175638 0.983182
vn -0.107895 -0.207882 0.972185
vn 0.461524 -0.019353 0.886917
vn 0.321408 -0.075657 0.943914
vn -0.021246 -0.111169 0.993574
vn -0.189692 -0.059456 0.980042
vn -0.255125 0.022389 0.966649
vn 0.189453 0.552863 0.811450
vn 0.290024 0.430182 0.854886
vn 0.459580 0.341951 0.819668
vn 0.363527 0.510732 0.779103
vn 0.022990 0.551533 0.833836
vn -0.017464 0.452916 0.891382
vn -0.200724 0.383068 0.901648
vn -0.148916 0.514884 0.844226
vn -0.234919 0.321946 0.917150
vn -0.222252 0.180554 0.958126
vn -0.248801 0.192051 0.949323
vn 0.346091 0.178770 0.921012
vn -0.035843 0.186832 0.981738
vn 0.498749 0.151866 0.853338
vn 0.529724 0.052401 0.846550
vn 0.541537 0.116625 0.832548
vn 0.552610 0.245276 0.796531
vn -0.161254 0.116645 0.979995
vn 0.088292 0.074476 0.993307
vn 0.110397 0.092930 0.989534
vn -0.128175 0.126361 0.983669
vn 0.634127 -0.040057 0.772191
vn 0.861325 -0.103412 0.497419
vn 0.840668 -0.076398 0.536134
vn 0.612706 -0.008018 0.790270
vn -0.204976 -0.066879 0.976479
vn 0.035798 -0.142882 0.989092
vn 0.068744 -0.040352 0.996818
vn -0.216399 0.028576 0.975887
vn 0.577537 -0.278978 0.767218
vn 0.605026 -0.164212 0.779088
vn 0.811305 -0.313638 0.493372
vn 0.864069 -0.219041 0.453217
vn 0.050698 -0.160609 0.985715
vn -0.178317 -0.083572 0.980418
vn 0.546424 -0.288908 0.786100
vn 0.783028 -0.322338 0.531946
vn 0.916645 0.290798 -0.274223
vn 0.916645 0.290798 -0.274223
vn 0.916645 0.290798 -0.274223
vn 0.916645 0.290798 -0.274223
vn 0.070973 0.301166 -0.950927
vn 0.070973 0.301166 -0.950927
vn 0.070973 0.301166 -0.950927
vn 0.070973 0.301166 -0.950927
vn 0.916645 0.290798 -0.274223
vn 0.916645 0.290798 -0.274223
vn 0.916645 0.290798 -0.274223
vn 0.916645 0.290798 -0.274223
vn 0.070973 0.301166 -0.950927
vn 0.070973 0.301166 -0.950927
vn 0.070973 0.301166 -0.950927
vn 0.070973 0.301166 -0.950927
vn 0.916645 0.290798 -0.274223
vn 0.916645 0.290798 -0.274223
vn 0.070973 0.301166 -0.950927
vn 0.070973 0.301166 -0.950927
vn -0.780758 0.009572 -0.624760
vn -0.780758 0.009572 -0.624761
vn -0.780758 0.009572 -0.624760
vn -0.780758 0.009572 -0.624761
vn -0.780758 0.009572 -0.624760
vn -0.780758 0.009572 -0.624761
vn -0.780758 0.009572 -0.624761
vn -0.780758 0.009572 -0.624760
vn -0.780758 0.009572 -0.624761
vn -0.780758 0.009572 -0.624761
vn -0.772919 -0.096834 0.627072
vn -0.772919 -0.096834 0.627072
vn -0.772919 -0.096833 0.627072
vn -0.772919 -0.096833 0.627072
vn 0.257297 -0.198160 0.945796
vn 0.257297 -0.198160 0.945796
vn 0.257297 -0.198160 0.945796
vn 0.257297 -0.198160 0.945796
vn -0.772919 -0.096834 0.627072
vn -0.772919 -0.096834 0.627072
vn -0.772919 -0.096834 0.627072
vn -0.772919 -0.096834 0.627072
vn 0.257297 -0.198160 0.945796
vn 0.257297 -0.198160 0.945796
vn 0.257297 -0.198160 0.945796
vn 0.257297 -0.198160 0.945796
vn -0.772919 -0.096834 0.627072
vn -0.772919 -0.096834 0.627072
vn 0.257297 -0.198160 0.945796
vn 0.257297 -0.198160 0.945796
vn 0.951136 -0.093549 0.294259
vn 0.951136 -0.093549 0.294259
vn 0.951136 -0.093549 0.294259
vn 0.951136 -0.093549 0.294259
vn 0.951136 -0.093549 0.294259
vn 0.951136 -0.093549 0.294259
vn 0.951136 -0.093549 0.294259
vn 0.951136 -0.093549 0.294259
vn 0.951136 -0.093549 0.294259
vn 0.951136 -0.093549 0.294259
vn -0.772919 -0.096834 -0.627072
vn -0.772919 -0.096834 -0.627072
vn -0.772919 -0.096834 -0.627072
vn -0.772919 -0.096834 -0.627072
vn 0.257297 -0.198160 -0.945796
vn 0.257297 -0.198161 -0.945796
vn 0.257297 -0.198161 -0.945796
vn 0.257297 -0.198160 -0.945796
vn -0.772919 -0.096834 -0.627072
vn -0.772919 -0.096834 -0.627072
vn -0.772919 -0.096834 -0.627072
vn -0.772919 -0.096834 -0.627072
vn 0.257297 -0.198160 -0.945796
vn 0.257297 -0.198160 -0.945796
vn 0.257297 -0.198160 -0.945796
vn 0.257297 -0.198160 -0.945796
vn -0.772919 -0.096834 -0.627072
vn -0.772919 -0.096834 -0.627072
vn 0.257297 -0.198160 -0.945796
vn 0.257297 -0.198160 -0.945796
vn 0.951136 -0.093549 -0.294259
vn 0.951136 -0.093549 -0.294259
vn 0.951136 -0.093549 -0.294259
vn 0.951136 -0.093549 -0.294259
vn 0.951136 -0.093549 -0.294259
vn 0.951136 -0.093549 -0.294259
vn 0.951136 -0.093549 -0.294259
vn 0.951136 -0.093549 -0.294259
vn 0.951136 -0.093549 -0.294259
vn 0.951136 -0.093549 -0.294259
vn 0.870963 -0.370316 -0.322938
vn 0.754723 -0.440139 -0.486488
vn 0.797294 -0.430829 -0.422739
vn 0.675845 -0.464228 -0.572474
vn 0.664887 -0.469931 -0.580595
vn 0.630543 -0.499820 -0.593798
vn 0.550207 -0.503432 -0.666205
vn 0.859391 -0.336744 -0.384773
vn 0.929955 -0.255222 -0.264663
vn 0.642420 -0.411651 -0.646405
vn 0.478614 -0.294412 -0.827194
vn 0.521197 -0.371212 -0.768476
vn 0.777135 0.290213 -0.558424
vn 0.872739 0.273355 -0.404480
vn 0.941561 0.108061 -0.319040
vn 0.858633 0.168123 -0.484236
vn 0.673135 0.269464 -0.688679
vn 0.667318 0.155184 -0.728426
vn 0.531929 0.071863 -0.843734
vn 0.508090 0.006523 -0.861279
vn 0.551344 0.218466 -0.805166
vn 0.498931 -0.127641 -0.857191
vn 0.522029 -0.139234 -0.841487
vn 0.902819 -0.086442 -0.421242
vn 0.672374 -0.126376 -0.729344
vn 0.961563 -0.079648 -0.262778
vn 0.962924 -0.169593 -0.209800
vn 0.972287 -0.103467 -0.209650
vn 0.976621 0.030479 -0.212795
vn -0.920176 -0.324902 -0.218438
vn -0.920176 -0.324902 -0.218438
vn -0.920176 -0.324902 -0.218438
vn -0.920176 -0.324902 -0.218438
vn -0.118153 -0.301713 -0.946049
vn -0.118153 -0.301713 -0.946049
vn -0.118153 -0.301713 -0.946049
vn -0.118153 -0.301713 -0.946049
vn -0.920176 -0.324902 -0.218438
vn -0.920176 -0.324902 -0.218438
vn -0.920176 -0.324902 -0.218438
vn -0.920176 -0.324902 -0.218438
vn -0.118153 -0.301713 -0.946049
vn -0.118153 -0.301713 -0.946049
vn -0.118153 -0.301713 -0.946049
vn -0.118153 -0.301713 -0.946049
vn -0.920176 -0.324902 -0.218438
vn -0.920176 -0.324902 -0.218438
vn -0.118153 -0.301713 -0.946049
vn -0.118153 -0.301713 -0.946049
vn 0.740459 0.021409 -0.671760
vn 0.740459 0.021409 -0.671760
vn 0.740460 0.021409 -0.671760
vn 0.740460 0.021409 -0.671760
vn 0.740460 0.021409 -0.671760
vn 0.740460 0.021409 -0.671760
vn 0.740460 0.021409 -0.671760
vn 0.740460 0.021409 -0.671760
vn 0.740460 0.021409 -0.671760
vn 0.740460 0.021409 -0.671760
vn -0.625371 0.162934 -0.763128
vn -0.635439 0.111435 -0.764068
vn -0.651729 -0.006053 -0.758428
vn -0.651729 -0.006053 -0.758428
vn -0.593980 0.285303 -0.752190
vn -0.593980 0.285303 -0.752190
vn -0.593085 0.288265 -0.751767
vn -0.593178 0.287960 -0.751811
vn -0.373744 0.090084 -0.923147
vn -0.594084 0.099192 -0.798264
vn -0.607068 0.121691 -0.785277
vn -0.401309 0.106298 -0.909754
vn -0.945339 0.095147 -0.311900
vn -0.995996 0.076550 0.046177
vn -0.995070 0.099175 -0.000110
vn -0.931807 0.122364 -0.341706
vn -0.367797 -0.098510 -0.924674
vn -0.586428 -0.124314 -0.800405
vn -0.599876 -0.017186 -0.799909
vn -0.341409 -0.007324 -0.939886
vn -0.937657 -0.150310 -0.313379
vn -0.946699 -0.032262 -0.320500
vn -0.989227 -0.139471 0.044480
vn -0.994652 -0.036525 0.096614
vn -0.599993 -0.138701 -0.787890
vn -0.394816 -0.109452 -0.912217
vn -0.923883 -0.166146 -0.344727
vn -0.988168 -0.153363 -0.002094
vn 0.809971 0.023239 0.586009
vn 0.809971 0.023239 0.586009
vn 0.809971 0.023239 0.586009
vn 0.809971 0.023239 0.586009
vn -0.717209 -0.220401 0.661086
vn -0.717209 -0.220401 0.661086
vn -0.717209 -0.220401 0.661086
vn -0.717209 -0.220401 0.661086
vn 0.337143 -0.251750 0.907170
vn 0.337143 -0.251750 0.907170
vn 0.337143 -0.251750 0.907170
vn 0.337143 -0.251750 0.907170
vn -0.717209 -0.220401 0.661086
vn -0.717209 -0.220401 0.661086
vn -0.717209 -0.220401 0.661086
vn -0.717209 -0.220401 0.661086
vn 0.337143 -0.251750 0.907170
vn 0.337143 -0.251750 0.907170
vn 0.337143 -0.251750 0.907170
vn 0.337143 -0.251750 0.907170
vn -0.717209 -0.220401 0.661086
vn -0.717209 -0.220401 0.661086
vn 0.337143 -0.251750 0.907170
vn 0.337143 -0.251750 0.907170
vn 0.973419 -0.028943 0.227194
vn 0.973419 -0.028943 0.227194
vn 0.973419 -0.028943 0.227194
vn 0.973419 -0.028943 0.227194
vn 0.973419 -0.028943 0.227194
vn 0.973419 -0.028943 0.227194
vn 0.973419 -0.028943 0.227194
vn 0.973419 -0.028943 0.227194
vn 0.973419 -0.028943 0.227194
vn 0.973419 -0.028943 0.227194
vn 0.764078 0.000000 0.645124
vn 0.764078 0.000000 0.645124
vn 0.764078 0.000000 0.645124
vn 0.764078 0.000000 0.645124
vn 0.764078 0.000000 0.645124
vn 0.764078 0.000000 0.645124
vn 0.764078 0.000000 0.645124
vn 0.764078 0.000000 0.645124
vn 0.764078 0.000000 0.645124
vn 0.764078 0.000000 0.645124
vn 0.328557 0.000000 0.944484
vn 0.328557 0.000000 0.944484
vn 0.328557 0.000000 0.944484
vn 0.328557 0.000000 0.944484
vn 0.328557 0.000000 0.944484
vn 0.328557 0.000000 0.944484
vn 0.328557 0.000000 0.944484
vn 0.328557 0.000000 0.944484
vn 0.328557 0.000000 0.944484
vn 0.328557 0.000000 0.944484
vn -0.871515 -0.000000 0.490368
vn -0.871515 -0.000000 0.490368
vn -0.871515 -0.000000 0.490368
vn -0.871515 -0.000000 0.490368
vn -0.871515 0.000000 0.490368
vn -0.871515 0.000000 0.490368
vn -0.871515 0.000000 0.490368
vn -0.871515 0.000000 0.490368
vn -0.871515 0.000000 0.490368
vn -0.871515 0.000000 0.490368
vn -0.778193 0.000000 0.628025
vn -0.778193 0.000000 0.628025
vn -0.778193 0.000000 0.628025
vn -0.778193 0.000000 0.628025
vn -0.714826 0.000000 -0.699302
vn -0.714826 0.000000 -0.699302
vn -0.714826 0.000000 -0.699302
vn -0.714826 0.000000 -0.699302
s 1
g Bush_Leaves S_P16
usemtl aiStandardSurface4SG
f 9/9/1 10/10/2 4/4/3
f 10/10/2 11/11/4 8/8/5 1/1/6 4/4/3
f 11/11/4 12/12/7 8/8/5
f 9/9/1 22/22/8 13/13/9 10/10/2
f 13/13/9 14/14/10 11/11/4 10/10/2
f 12/12/7 26/26/11 15/15/12
f 6/6/13 20/20/14 24/24/15 25/25/16
f 3/3/17 19/19/18 20/20/14 6/6/13
f 28/28/19 29/29/20 18/18/21
f 26/26/11 27/27/22 2/2/23 15/15/12
f 17/17/24 16/16/25 14/14/10 13/13/9
f 22/22/8 23/23/26 17/17/24 13/13/9
f 27/27/22 28/28/19 18/18/21 2/2/23
f 20/20/14 19/19/18 16/16/25 17/17/24
f 23/23/26 24/24/15 20/20/14 17/17/24
f 5/5/27 22/22/8 9/9/1
f 7/7/28 23/23/26 22/22/8 5/5/27
f 21/21/29 24/24/15 23/23/26 7/7/28
f 25/25/16 24/24/15 21/21/29
f 14/14/10 26/26/11 12/12/7 11/11/4
f 16/16/25 27/27/22 26/26/11 14/14/10
f 19/19/18 28/28/19 27/27/22 16/16/25
f 3/3/17 29/29/20 28/28/19 19/19/18
s 3
f 39/30/30 32/31/31 35/32/32 40/33/33
s 4
f 40/34/34 35/35/35 33/36/36 41/37/37
s 3
f 42/38/38 36/39/39 37/40/40 43/41/41
s 4
f 43/42/42 37/43/43 38/44/44 44/45/45
s 3
f 36/39/39 39/30/30 40/33/33 37/40/40
s 4
f 37/43/43 40/34/34 41/37/37 38/44/44
s 3
f 34/46/46 30/47/47 42/38/38 43/41/41
s 4
f 31/48/48 34/49/49 43/42/42 44/45/45
s 5
f 34/50/50 45/51/51 46/52/52 43/53/53
f 37/54/54 47/55/55 48/56/56 40/57/57
f 40/57/57 48/56/56 49/58/58 35/59/59
f 43/53/53 46/52/52 47/55/55 37/54/54
s 6
f 59/60/60 52/61/61 55/62/62 60/63/63
f 60/63/63 55/62/62 53/64/64 61/65/65
f 62/66/66 56/67/67 57/68/68 63/69/69
f 63/69/69 57/68/68 58/70/70 64/71/71
f 56/67/67 59/60/60 60/63/63 57/68/68
f 57/68/68 60/63/63 61/65/65 58/70/70
f 54/72/72 50/73/73 62/66/66 63/69/69
f 51/74/74 54/72/72 63/69/69 64/71/71
s 7
f 81/75/75 82/76/76 72/77/77 67/78/78
f 83/79/79 84/80/80 68/81/81 70/82/82
f 82/76/76 83/79/79 70/82/82 72/77/77
f 77/83/83 78/84/84 74/85/85 73/86/86
f 78/84/84 79/87/87 75/88/88 74/85/85
f 79/87/87 80/89/89 76/90/90 75/88/88
f 71/91/91 78/84/84 77/83/83 65/92/92
f 69/93/93 79/87/87 78/84/84 71/91/91
f 66/94/94 80/89/89 79/87/87 69/93/93
f 73/86/86 74/85/85 82/76/76 81/75/75
f 74/85/85 75/88/88 83/79/79 82/76/76
f 75/88/88 76/90/90 84/80/80 83/79/79
s off
f 85/95/95 87/96/96 88/97/97 86/98/98
s 10
f 97/99/99 98/100/100 92/101/101
f 98/100/100 99/102/102 96/103/103 89/104/104 92/101/101
f 99/102/102 100/105/105 96/103/103
f 97/99/99 110/106/106 101/107/107 98/100/100
f 101/107/107 102/108/108 99/102/102 98/100/100
f 100/105/105 114/109/109 103/110/110
f 94/111/111 108/112/112 112/113/113 113/114/114
f 91/115/115 107/116/116 108/112/112 94/111/111
f 116/117/117 117/118/118 106/119/119
f 114/109/109 115/120/120 90/121/121 103/110/110
f 105/122/122 104/123/123 102/108/108 101/107/107
f 110/106/106 111/124/124 105/122/122 101/107/107
f 115/120/120 116/117/117 106/119/119 90/121/121
f 108/112/112 107/116/116 104/123/123 105/122/122
f 111/124/124 112/113/113 108/112/112 105/122/122
f 93/125/125 110/106/106 97/99/99
f 95/126/126 111/124/124 110/106/106 93/125/125
f 109/127/127 112/113/113 111/124/124 95/126/126
f 113/114/114 112/113/113 109/127/127
f 102/108/108 114/109/109 100/105/105 99/102/102
f 104/123/123 115/120/120 114/109/109 102/108/108
f 107/116/116 116/117/117 115/120/120 104/123/123
f 91/115/115 117/118/118 116/117/117 107/116/116
s 12
f 127/128/128 128/129/129 123/130/130 120/131/131
s 13
f 128/132/132 129/133/133 121/134/134 123/135/135
s 12
f 130/136/136 131/137/137 125/138/138 124/139/139
s 13
f 131/140/140 132/141/141 126/142/142 125/143/143
s 12
f 124/139/139 125/138/138 128/129/129 127/128/128
s 13
f 125/143/143 126/142/142 129/133/133 128/132/132
s 12
f 122/144/144 131/137/137 130/136/136 118/145/145
s 13
f 119/146/146 132/141/141 131/140/140 122/147/147
s 16
f 122/148/148 131/149/149 134/150/150 133/151/151
f 125/152/152 128/153/153 136/154/154 135/155/155
f 128/153/153 123/156/156 137/157/157 136/154/154
f 131/149/149 125/152/152 135/155/155 134/150/150
s 18
f 152/158/158 151/159/159 146/160/160 140/161/161
f 150/162/162 149/163/163 144/164/164 142/165/165
f 144/164/164 149/163/163 148/166/166 138/167/167
f 146/160/160 151/159/159 150/162/162 142/165/165
s 20
f 145/168/168 139/169/169 148/166/170 149/163/171
f 143/170/172 145/168/168 149/163/171 150/162/173
f 147/171/174 143/170/172 150/162/173 151/159/175
f 141/172/176 147/171/174 151/159/175 152/158/177
s 21
f 148/173/178 153/174/179 154/175/180 149/176/181
f 149/176/181 154/175/180 155/177/182 150/178/183
f 150/178/183 155/177/182 156/179/184 151/180/185
f 151/180/185 156/179/184 157/181/186 152/182/187
s 22
f 166/183/188 167/184/189 161/185/190
f 167/184/189 168/186/191 165/187/192 158/188/193 161/185/190
f 168/186/191 169/189/194 165/187/192
f 166/183/188 179/190/195 170/191/196 167/184/189
f 170/191/196 171/192/197 168/186/191 167/184/189
f 169/189/194 183/193/198 172/194/199
f 163/195/200 177/196/201 181/197/202 182/198/203
f 160/199/204 176/200/205 177/196/201 163/195/200
f 185/201/206 186/202/207 175/203/208
f 183/193/198 184/204/209 159/205/210 172/194/199
f 174/206/211 173/207/212 171/192/197 170/191/196
f 179/190/195 180/208/213 174/206/211 170/191/196
f 184/204/209 185/201/206 175/203/208 159/205/210
f 177/196/201 176/200/205 173/207/212 174/206/211
f 180/208/213 181/197/202 177/196/201 174/206/211
f 162/209/214 179/190/195 166/183/188
f 164/210/215 180/208/213 179/190/195 162/209/214
f 178/211/216 181/197/202 180/208/213 164/210/215
f 182/198/203 181/197/202 178/211/216
f 171/192/197 183/193/198 169/189/194 168/186/191
f 173/207/212 184/204/209 183/193/198 171/192/197
f 176/200/205 185/201/206 184/204/209 173/207/212
f 160/199/204 186/202/207 185/201/206 176/200/205
s off
f 189/212/217 190/213/218 188/214/219 187/215/220
s 24
f 199/216/221 200/217/222 194/218/223
f 200/217/222 201/219/224 198/220/225 191/221/226 194/218/223
f 201/219/224 202/222/227 198/220/225
f 199/216/221 212/223/228 203/224/229 200/217/222
f 203/224/229 204/225/230 201/219/224 200/217/222
f 202/222/227 216/226/231 205/227/232
f 196/228/233 210/229/234 214/230/235 215/231/236
f 193/232/237 209/233/238 210/229/234 196/228/233
f 218/234/239 219/235/240 208/236/241
f 216/226/231 217/237/242 192/238/243 205/227/232
f 207/239/244 206/240/245 204/225/230 203/224/229
f 212/223/228 213/241/246 207/239/244 203/224/229
f 217/237/242 218/234/239 208/236/241 192/238/243
f 210/229/234 209/233/238 206/240/245 207/239/244
f 213/241/246 214/230/235 210/229/234 207/239/244
f 195/242/247 212/223/228 199/216/221
f 197/243/248 213/241/246 212/223/228 195/242/247
f 211/244/249 214/230/235 213/241/246 197/243/248
f 215/231/236 214/230/235 211/244/249
f 204/225/230 216/226/231 202/222/227 201/219/224
f 206/240/245 217/237/242 216/226/231 204/225/230
f 209/233/238 218/234/239 217/237/242 206/240/245
f 193/232/237 219/235/240 218/234/239 209/233/238
s 26
f 234/245/250 222/246/251 228/247/252 233/248/253
f 232/249/254 224/250/255 226/251/256 231/252/257
f 226/251/256 220/253/258 230/254/259 231/252/257
f 228/247/252 224/250/255 232/249/254 233/248/253
s 27
f 227/255/260 231/252/261 230/254/262 221/256/263
f 225/257/264 232/249/265 231/252/261 227/255/260
f 229/258/266 233/248/267 232/249/265 225/257/264
f 223/259/268 234/245/269 233/248/267 229/258/266
s 28
f 230/260/270 231/261/271 236/262/272 235/263/273
f 231/261/271 232/264/274 237/265/275 236/262/272
f 232/264/274 233/266/276 238/267/277 237/265/275
f 233/266/276 234/268/278 239/269/279 238/267/277
s 29
f 247/270/280 240/271/281 260/272/282 259/273/283
f 260/272/282 240/271/281 244/274/284 261/275/285
f 246/276/286 241/277/287 243/278/288 245/279/289
f 247/270/280 259/273/283 263/280/290
f 242/281/291 249/282/292 246/276/286 245/279/289
f 257/283/293 248/284/294 265/285/295 258/286/296
f 256/287/297 243/278/288 248/284/294 257/283/293
f 245/279/289 243/278/288 256/287/297 255/288/298
f 242/281/291 245/279/289 255/288/298 254/289/299
f 255/288/298 252/290/300 253/291/301 254/289/299
f 256/287/297 251/292/302 252/290/300 255/288/298
f 251/292/302 256/287/297 257/283/293 250/293/303
f 250/293/303 257/283/293 258/286/296 264/294/304
f 259/273/283 250/293/303 264/294/304 263/280/290
f 260/272/282 251/292/302 250/293/303 259/273/283
f 251/292/302 260/272/282 261/275/285 252/290/300
f 252/290/300 261/275/285 262/295/305 253/291/301
f 261/275/285 244/274/284 262/295/305
s off
f 266/296/306 268/297/307 269/298/308 267/299/309
f 272/300/310 273/301/311 271/302/312 270/303/313
s 32
f 290/304/314 291/305/315 281/306/316 276/307/317
f 292/308/318 293/309/319 277/310/320 279/311/321
f 291/305/315 292/308/318 279/311/321 281/306/316
f 286/312/322 287/313/323 283/314/324 282/315/325
f 287/313/323 288/316/326 284/317/327 283/314/324
f 288/316/326 289/318/328 285/319/329 284/317/327
f 280/320/330 287/313/323 286/312/322 274/321/331
f 278/322/332 288/316/326 287/313/323 280/320/330
f 275/323/333 289/318/328 288/316/326 278/322/332
f 282/315/325 283/314/324 291/305/315 290/304/314
f 283/314/324 284/317/327 292/308/318 291/305/315
f 284/317/327 285/319/329 293/309/319 292/308/318
s off
f 294/324/334 295/325/335 297/326/336 296/327/337
s 35
f 304/328/338 305/329/339 299/330/340 298/331/341
f 300/332/342 301/333/343 303/334/344 302/335/345
f 302/335/345 303/334/344 305/329/339 304/328/338
s 36
f 322/336/346 323/337/347 313/338/348 308/339/349
f 324/340/350 325/341/351 309/342/352 311/343/353
f 323/337/347 324/340/350 311/343/353 313/338/348
f 318/344/354 319/345/355 315/346/356 314/347/357
f 319/345/355 320/348/358 316/349/359 315/346/356
f 320/348/358 321/350/360 317/351/361 316/349/359
f 312/352/362 319/345/355 318/344/354 306/353/363
f 310/354/364 320/348/358 319/345/355 312/352/362
f 307/355/365 321/350/360 320/348/358 310/354/364
f 314/347/357 315/346/356 323/337/347 322/336/346
f 315/346/356 316/349/359 324/340/350 323/337/347
f 316/349/359 317/351/361 325/341/351 324/340/350
s 39
f 334/356/366 335/357/367 329/358/368
f 335/357/367 336/359/369 333/360/370 326/361/371 329/358/368
f 336/359/369 337/362/372 333/360/370
f 334/356/366 347/363/373 338/364/374 335/357/367
f 338/364/374 339/365/375 336/359/369 335/357/367
f 337/362/372 351/366/376 340/367/377
f 331/368/378 345/369/379 349/370/380 350/371/381
f 328/372/382 344/373/383 345/369/379 331/368/378
f 353/374/384 354/375/385 343/376/386
f 351/366/376 352/377/387 327/378/388 340/367/377
f 342/379/389 341/380/390 339/365/375 338/364/374
f 347/363/373 348/381/391 342/379/389 338/364/374
f 352/377/387 353/374/384 343/376/386 327/378/388
f 345/369/379 344/373/383 341/380/390 342/379/389
f 348/381/391 349/370/380 345/369/379 342/379/389
f 330/382/392 347/363/373 334/356/366
f 332/383/393 348/381/391 347/363/373 330/382/392
f 346/384/394 349/370/380 348/381/391 332/383/393
f 350/371/381 349/370/380 346/384/394
f 339/365/375 351/366/376 337/362/372 336/359/369
f 341/380/390 352/377/387 351/366/376 339/365/375
f 344/373/383 353/374/384 352/377/387 341/380/390
f 328/372/382 354/375/385 353/374/384 344/373/383
s 41
f 369/385/395 357/386/396 363/387/397 368/388/398
f 367/389/399 359/390/400 361/391/401 366/392/402
f 361/391/401 355/393/403 365/394/404 366/392/402
f 363/387/397 359/390/400 367/389/399 368/388/398
s 42
f 362/395/405 366/392/406 365/394/407 356/396/408
f 360/397/409 367/389/410 366/392/406 362/395/405
f 364/398/411 368/388/412 367/389/410 360/397/409
f 358/399/413 369/385/414 368/388/412 364/398/411
s 43
f 365/400/415 366/401/416 371/402/417 370/403/418
f 366/401/416 367/404/419 372/405/420 371/402/417
f 367/404/419 368/406/421 373/407/422 372/405/420
f 368/406/421 369/408/423 374/409/424 373/407/422
s 44
f 391/410/425 392/411/426 382/412/427 377/413/428
f 393/414/429 394/415/430 378/416/431 380/417/432
f 392/411/426 393/414/429 380/417/432 382/412/427
f 387/418/433 388/419/434 384/420/435 383/421/436
f 388/419/434 389/422/437 385/423/438 384/420/435
f 389/422/437 390/424/439 386/425/440 385/423/438
f 381/426/441 388/419/434 387/418/433 375/427/442
f 379/428/443 389/422/437 388/419/434 381/426/441
f 376/429/444 390/424/439 389/422/437 379/428/443
f 383/421/436 384/420/435 392/411/426 391/410/425
f 384/420/435 385/423/438 393/414/429 392/411/426
f 385/423/438 386/425/440 394/415/430 393/414/429
s 47
f 404/430/445 405/431/446 400/432/447 397/433/448
f 405/431/446 406/434/449 398/435/450 400/432/447
f 407/436/451 408/437/452 402/438/453 401/439/454
f 408/437/452 409/440/455 403/441/456 402/438/453
f 401/439/454 402/438/453 405/431/446 404/430/445
f 402/438/453 403/441/456 406/434/449 405/431/446
f 399/442/457 408/437/452 407/436/451 395/443/458
f 396/444/459 409/440/455 408/437/452 399/442/457
s 49
f 418/445/460 419/446/461 413/447/462
f 419/446/461 420/448/463 417/449/464 410/450/465 413/447/462
f 420/448/463 421/451/466 417/449/464
f 418/445/460 431/452/467 422/453/468 419/446/461
f 422/453/468 423/454/469 420/448/463 419/446/461
f 421/451/466 435/455/470 424/456/471
f 415/457/472 429/458/473 433/459/474 434/460/475
f 412/461/476 428/462/477 429/458/473 415/457/472
f 437/463/478 438/464/479 427/465/480
f 435/455/470 436/466/481 411/467/482 424/456/471
f 426/468/483 425/469/484 423/454/469 422/453/468
f 431/452/467 432/470/485 426/468/483 422/453/468
f 436/466/481 437/463/478 427/465/480 411/467/482
f 429/458/473 428/462/477 425/469/484 426/468/483
f 432/470/485 433/459/474 429/458/473 426/468/483
f 414/471/486 431/452/467 418/445/460
f 416/472/487 432/470/485 431/452/467 414/471/486
f 430/473/488 433/459/474 432/470/485 416/472/487
f 434/460/475 433/459/474 430/473/488
f 423/454/469 435/455/470 421/451/466 420/448/463
f 425/469/484 436/466/481 435/455/470 423/454/469
f 428/462/477 437/463/478 436/466/481 425/469/484
f 412/461/476 438/464/479 437/463/478 428/462/477
s 51
f 448/474/489 441/475/490 444/476/491 449/477/492
s 52
f 449/478/493 444/479/494 442/480/495 450/481/496
s 51
f 451/482/497 445/483/498 446/484/499 452/485/500
s 52
f 452/486/501 446/487/502 447/488/503 453/489/504
s 51
f 445/483/498 448/474/489 449/477/492 446/484/499
s 52
f 446/487/502 449/478/493 450/481/496 447/488/503
s 51
f 443/490/505 439/491/506 451/482/497 452/485/500
s 52
f 440/492/507 443/493/508 452/486/501 453/489/504
s 53
f 443/494/509 454/495/510 455/496/511 452/497/512
f 446/498/513 456/499/514 457/500/515 449/501/516
f 449/501/516 457/500/515 458/502/517 444/503/518
f 452/497/512 455/496/511 456/499/514 446/498/513
s 54
f 468/504/519 461/505/520 464/506/521 469/507/522
s 55
f 469/508/523 464/509/524 462/510/525 470/511/526
s 54
f 471/512/527 465/513/528 466/514/529 472/515/530
s 55
f 472/516/531 466/517/532 467/518/533 473/519/534
s 54
f 465/513/528 468/504/519 469/507/522 466/514/529
s 55
f 466/517/532 469/508/523 470/511/526 467/518/533
s 54
f 463/520/535 459/521/536 471/512/527 472/515/530
s 55
f 460/522/537 463/523/538 472/516/531 473/519/534
s 56
f 463/524/539 474/525/540 475/526/541 472/527/542
f 466/528/543 476/529/544 477/530/545 469/531/546
f 469/531/546 477/530/545 478/532/547 464/533/548
f 472/527/542 475/526/541 476/529/544 466/528/543
s 57
f 488/534/549 481/535/550 484/536/551 489/537/552
s 58
f 489/538/553 484/539/554 482/540/555 490/541/556
s 57
f 491/542/557 485/543/558 486/544/559 492/545/560
s 58
f 492/546/561 486/547/562 487/548/563 493/549/564
s 57
f 485/543/558 488/534/549 489/537/552 486/544/559
s 58
f 486/547/562 489/538/553 490/541/556 487/548/563
s 57
f 483/550/565 479/551/566 491/542/557 492/545/560
s 58
f 480/552/567 483/553/568 492/546/561 493/549/564
s 59
f 483/554/569 494/555/570 495/556/571 492/557/572
f 486/558/573 496/559/574 497/560/575 489/561/576
f 489/561/576 497/560/575 498/562/577 484/563/578
f 492/557/572 495/556/571 496/559/574 486/558/573
s 60
f 515/564/579 516/565/580 506/566/581 501/567/582
f 517/568/583 518/569/584 502/570/585 504/571/586
f 516/565/580 517/568/583 504/571/586 506/566/581
f 511/572/587 512/573/588 508/574/589 507/575/590
f 512/573/588 513/576/591 509/577/592 508/574/589
f 513/576/591 514/578/593 510/579/594 509/577/592
f 505/580/595 512/573/588 511/572/587 499/581/596
f 503/582/597 513/576/591 512/573/588 505/580/595
f 500/583/598 514/578/593 513/576/591 503/582/597
f 507/575/590 508/574/589 516/565/580 515/564/579
f 508/574/589 509/577/592 517/568/583 516/565/580
f 509/577/592 510/579/594 518/569/584 517/568/583
s 63
f 528/584/599 521/585/600 524/586/601 529/587/602
s 64
f 529/588/603 524/589/604 522/590/605 530/591/606
s 63
f 531/592/607 525/593/608 526/594/609 532/595/610
s 64
f 532/596/611 526/597/612 527/598/613 533/599/614
s 63
f 525/593/608 528/584/599 529/587/602 526/594/609
s 64
f 526/597/612 529/588/603 530/591/606 527/598/613
s 63
f 523/600/615 519/601/616 531/592/607 532/595/610
s 64
f 520/602/617 523/603/618 532/596/611 533/599/614
s 65
f 523/604/619 534/605/620 535/606/621 532/607/622
f 526/608/623 536/609/624 537/610/625 529/611/626
f 529/611/626 537/610/625 538/612/627 524/613/628
f 532/607/622 535/606/621 536/609/624 526/608/623
s off
f 541/614/629 542/615/630 540/616/631 539/617/632
s 66
f 550/618/633 562/619/634 563/620/635 543/621/636
f 563/620/635 564/622/637 547/623/638 543/621/636
f 549/624/639 548/625/640 546/626/641 544/627/642
f 550/618/633 566/628/643 562/619/634
f 545/629/644 548/625/640 549/624/639 552/630/645
f 560/631/646 561/632/647 568/633/648 551/634/649
f 559/635/650 560/631/646 551/634/649 546/626/641
f 548/625/640 558/636/651 559/635/650 546/626/641
f 545/629/644 557/637/652 558/636/651 548/625/640
f 558/636/651 557/637/652 556/638/653 555/639/654
f 559/635/650 558/636/651 555/639/654 554/640/655
f 554/640/655 553/641/656 560/631/646 559/635/650
f 553/641/656 567/642/657 561/632/647 560/631/646
f 562/619/634 566/628/643 567/642/657 553/641/656
f 563/620/635 562/619/634 553/641/656 554/640/655
f 554/640/655 555/639/654 564/622/637 563/620/635
f 555/639/654 556/638/653 565/643/658 564/622/637
f 564/622/637 565/643/658 547/623/638
s off
f 571/644/659 572/645/660 570/646/661 569/647/662
s 69
f 589/648/663 590/649/664 580/650/665 575/651/666
f 591/652/667 592/653/668 576/654/669 578/655/670
f 590/649/664 591/652/667 578/655/670 580/650/665
f 585/656/671 586/657/672 582/658/673 581/659/674
f 586/657/672 587/660/675 583/661/676 582/658/673
f 587/660/675 588/662/677 584/663/678 583/661/676
f 579/664/679 586/657/672 585/656/671 573/665/680
f 577/666/681 587/660/675 586/657/672 579/664/679
f 574/667/682 588/662/677 587/660/675 577/666/681
f 581/659/674 582/658/673 590/649/664 589/648/663
f 582/658/673 583/661/676 591/652/667 590/649/664
f 583/661/676 584/663/678 592/653/668 591/652/667
s 72
f 596/668/683 603/669/684 604/670/685 602/671/686
f 598/672/687 605/673/688 606/674/689 600/675/690
f 606/674/689 607/676/691 594/677/692 600/675/690
f 604/670/685 605/673/688 598/672/687 602/671/686
s 73
f 604/678/693 603/679/694 595/680/695 601/681/696
f 605/682/697 604/678/693 601/681/696 597/683/698
f 606/684/699 605/682/697 597/683/698 599/685/700
f 593/686/701 607/687/702 606/684/699 599/685/700
s 74
f 603/688/703 604/689/704 609/690/705 608/691/706
f 604/689/704 605/692/707 610/693/708 609/690/705
f 605/692/707 606/694/709 611/695/710 610/693/708
f 606/694/709 607/696/711 612/697/712 611/695/710
s off
f 615/698/713 616/699/714 614/700/715 613/701/716
s 75
f 626/702/717 627/703/718 622/704/719 619/705/720
s 76
f 627/706/721 628/707/722 620/708/723 622/709/724
s 75
f 629/710/725 630/711/726 624/712/727 623/713/728
s 76
f 630/714/729 631/715/730 625/716/731 624/717/732
s 75
f 623/713/728 624/712/727 627/703/718 626/702/717
s 76
f 624/717/732 625/716/731 628/707/722 627/706/721
s 75
f 621/718/733 630/711/726 629/710/725 617/719/734
s 76
f 618/720/735 631/715/730 630/714/729 621/721/736
s 79
f 621/722/737 630/723/738 633/724/739 632/725/740
f 624/726/741 627/727/742 635/728/743 634/729/744
f 627/727/742 622/730/745 636/731/746 635/728/743
f 630/723/738 624/726/741 634/729/744 633/724/739
s 81
f 646/732/747 647/733/748 642/734/749 639/735/750
s 82
f 647/736/751 648/737/752 640/738/753 642/739/754
s 81
f 649/740/755 650/741/756 644/742/757 643/743/758
s 82
f 650/744/759 651/745/760 645/746/761 644/747/762
s 81
f 643/743/758 644/742/757 647/733/748 646/732/747
s 82
f 644/747/762 645/746/761 648/737/752 647/736/751
s 81
f 641/748/763 650/741/756 649/740/755 637/749/764
s 82
f 638/750/765 651/745/760 650/744/759 641/751/766
s 85
f 641/752/767 650/753/768 653/754/769 652/755/770
f 644/756/771 647/757/772 655/758/773 654/759/774
f 647/757/772 642/760/775 656/761/776 655/758/773
f 650/753/768 644/756/771 654/759/774 653/754/769
s 87
f 660/762/777 667/763/778 668/764/779 666/765/780
f 662/766/781 669/767/782 670/768/783 664/769/784
f 670/768/783 671/770/785 658/771/786 664/769/784
f 668/764/779 669/767/782 662/766/781 666/765/780
s 88
f 668/772/787 667/773/788 659/774/789 665/775/790
f 669/776/791 668/772/787 665/775/790 661/777/792
f 670/778/793 669/776/791 661/777/792 663/779/794
f 657/780/795 671/781/796 670/778/793 663/779/794
s 89
f 667/782/797 668/783/798 673/784/799 672/785/800
f 668/783/798 669/786/801 674/787/802 673/784/799
f 669/786/801 670/788/803 675/789/804 674/787/802
f 670/788/803 671/790/805 676/791/806 675/789/804
s 90
f 683/792/807 684/793/808 678/794/809 677/795/810
f 679/796/811 680/797/812 682/798/813 681/799/814
f 681/799/814 682/798/813 684/793/808 683/792/807
s 91
f 701/800/815 702/801/816 692/802/817 687/803/818
f 703/804/819 704/805/820 688/806/821 690/807/822
f 702/801/816 703/804/819 690/807/822 692/802/817
f 697/808/823 698/809/824 694/810/825 693/811/826
f 698/809/824 699/812/827 695/813/828 694/810/825
f 699/812/827 700/814/829 696/815/830 695/813/828
f 691/816/831 698/809/824 697/808/823 685/817/832
f 689/818/833 699/812/827 698/809/824 691/816/831
f 686/819/834 700/814/829 699/812/827 689/818/833
f 693/811/826 694/810/825 702/801/816 701/800/815
f 694/810/825 695/813/828 703/804/819 702/801/816
f 695/813/828 696/815/830 704/805/820 703/804/819
s off
f 707/820/835 708/821/836 706/822/837 705/823/838
s 94
f 718/824/839 711/825/840 714/826/841 719/827/842
f 719/827/842 714/826/841 712/828/843 720/829/844
f 721/830/845 715/831/846 716/832/847 722/833/848
f 722/833/848 716/832/847 717/834/849 723/835/850
f 715/831/846 718/824/839 719/827/842 716/832/847
f 716/832/847 719/827/842 720/829/844 717/834/849
f 713/836/851 709/837/852 721/830/845 722/833/848
f 710/838/853 713/836/851 722/833/848 723/835/850
s 95
f 732/839/854 733/840/855 727/841/856
f 733/840/855 734/842/857 731/843/858 724/844/859 727/841/856
f 734/842/857 735/845/860 731/843/858
f 732/839/854 745/846/861 736/847/862 733/840/855
f 736/847/862 737/848/863 734/842/857 733/840/855
f 735/845/860 749/849/864 738/850/865
f 729/851/866 743/852/867 747/853/868 748/854/869
f 726/855/870 742/856/871 743/852/867 729/851/866
f 751/857/872 752/858/873 741/859/874
f 749/849/864 750/860/875 725/861/876 738/850/865
f 740/862/877 739/863/878 737/848/863 736/847/862
f 745/846/861 746/864/879 740/862/877 736/847/862
f 750/860/875 751/857/872 741/859/874 725/861/876
f 743/852/867 742/856/871 739/863/878 740/862/877
f 746/864/879 747/853/868 743/852/867 740/862/877
f 728/865/880 745/846/861 732/839/854
f 730/866/881 746/864/879 745/846/861 728/865/880
f 744/867/882 747/853/868 746/864/879 730/866/881
f 748/854/869 747/853/868 744/867/882
f 737/848/863 749/849/864 735/845/860 734/842/857
f 739/863/878 750/860/875 749/849/864 737/848/863
f 742/856/871 751/857/872 750/860/875 739/863/878
f 726/855/870 752/858/873 751/857/872 742/856/871
s off
f 755/868/883 756/869/884 754/870/885 753/871/886
s 97
f 773/872/887 774/873/888 764/874/889 759/875/890
f 775/876/891 776/877/892 760/878/893 762/879/894
f 774/873/888 775/876/891 762/879/894 764/874/889
f 769/880/895 770/881/896 766/882/897 765/883/898
f 770/881/896 771/884/899 767/885/900 766/882/897
f 771/884/899 772/886/901 768/887/902 767/885/900
f 763/888/903 770/881/896 769/880/895 757/889/904
f 761/890/905 771/884/899 770/881/896 763/888/903
f 758/891/906 772/886/901 771/884/899 761/890/905
f 765/883/898 766/882/897 774/873/888 773/872/887
f 766/882/897 767/885/900 775/876/891 774/873/888
f 767/885/900 768/887/902 776/877/892 775/876/891
s 100
f 793/892/907 794/893/908 784/894/909 779/895/910
f 795/896/911 796/897/912 780/898/913 782/899/914
f 794/893/908 795/896/911 782/899/914 784/894/909
f 789/900/915 790/901/916 786/902/917 785/903/918
f 790/901/916 791/904/919 787/905/920 786/902/917
f 791/904/919 792/906/921 788/907/922 787/905/920
f 783/908/923 790/901/916 789/900/915 777/909/924
f 781/910/925 791/904/919 790/901/916 783/908/923
f 778/911/926 792/906/921 791/904/919 781/910/925
f 785/903/918 786/902/917 794/893/908 793/892/907
f 786/902/917 787/905/920 795/896/911 794/893/908
f 787/905/920 788/907/922 796/897/912 795/896/911
s 103
f 805/912/927 800/913/928 806/914/929
f 806/914/929 800/913/928 797/915/930 804/916/931 807/917/932
f 807/917/932 804/916/931 808/918/933
f 805/912/927 806/914/929 809/919/934 818/920/935
f 809/919/934 806/914/929 807/917/932 810/921/936
f 808/918/933 811/922/937 822/923/938
f 802/924/939 821/925/940 820/926/941 816/927/942
f 799/928/943 802/924/939 816/927/942 815/929/944
f 824/930/945 814/931/946 825/932/947
f 822/923/938 811/922/937 798/933/948 823/934/949
f 813/935/950 809/919/934 810/921/936 812/936/951
f 818/920/935 809/919/934 813/935/950 819/937/952
f 823/934/949 798/933/948 814/931/946 824/930/945
f 816/927/942 813/935/950 812/936/951 815/929/944
f 819/937/952 813/935/950 816/927/942 820/926/941
f 801/938/953 805/912/927 818/920/935
f 803/939/954 801/938/953 818/920/935 819/937/952
f 817/940/955 803/939/954 819/937/952 820/926/941
f 821/925/940 817/940/955 820/926/941
f 810/921/936 807/917/932 808/918/933 822/923/938
f 812/936/951 810/921/936 822/923/938 823/934/949
f 815/929/944 812/936/951 823/934/949 824/930/945
f 799/928/943 815/929/944 824/930/945 825/932/947
s off
f 828/941/956 826/942/957 827/943/958 829/944/959
s 107
f 839/945/960 840/946/961 835/947/962 832/948/963
s 108
f 840/949/964 841/950/965 833/951/966 835/952/967
s 107
f 842/953/968 843/954/969 837/955/970 836/956/971
s 108
f 843/957/972 844/958/973 838/959/974 837/960/975
s 107
f 836/956/971 837/955/970 840/946/961 839/945/960
s 108
f 837/960/975 838/959/974 841/950/965 840/949/964
s 107
f 834/961/976 843/954/969 842/953/968 830/962/977
s 108
f 831/963/978 844/958/973 843/957/972 834/964/979
s 111
f 834/965/980 843/966/981 846/967/982 845/968/983
f 837/969/984 840/970/985 848/971/986 847/972/987
f 840/970/985 835/973/988 849/974/989 848/971/986
f 843/966/981 837/969/984 847/972/987 846/967/982
s 113
f 858/975/990 859/976/991 853/977/992
f 859/976/991 860/978/993 857/979/994 850/980/995 853/977/992
f 860/978/993 861/981/996 857/979/994
f 858/975/990 871/982/997 862/983/998 859/976/991
f 862/983/998 863/984/999 860/978/993 859/976/991
f 861/981/996 875/985/1000 864/986/1001
f 855/987/1002 869/988/1003 873/989/1004 874/990/1005
f 852/991/1006 868/992/1007 869/988/1003 855/987/1002
f 877/993/1008 878/994/1009 867/995/1010
f 875/985/1000 876/996/1011 851/997/1012 864/986/1001
f 866/998/1013 865/999/1014 863/984/999 862/983/998
f 871/982/997 872/1000/1015 866/998/1013 862/983/998
f 876/996/1011 877/993/1008 867/995/1010 851/997/1012
f 869/988/1003 868/992/1007 865/999/1014 866/998/1013
f 872/1000/1015 873/989/1004 869/988/1003 866/998/1013
f 854/1001/1016 871/982/997 858/975/990
f 856/1002/1017 872/1000/1015 871/982/997 854/1001/1016
f 870/1003/1018 873/989/1004 872/1000/1015 856/1002/1017
f 874/990/1005 873/989/1004 870/1003/1018
f 863/984/999 875/985/1000 861/981/996 860/978/993
f 865/999/1014 876/996/1011 875/985/1000 863/984/999
f 868/992/1007 877/993/1008 876/996/1011 865/999/1014
f 852/991/1006 878/994/1009 877/993/1008 868/992/1007
s 115
f 895/1004/1019 896/1005/1020 886/1006/1021 881/1007/1022
f 897/1008/1023 898/1009/1024 882/1010/1025 884/1011/1026
f 896/1005/1020 897/1008/1023 884/1011/1026 886/1006/1021
f 891/1012/1027 892/1013/1028 888/1014/1029 887/1015/1030
f 892/1013/1028 893/1016/1031 889/1017/1032 888/1014/1029
f 893/1016/1031 894/1018/1033 890/1019/1034 889/1017/1032
f 885/1020/1035 892/1013/1028 891/1012/1027 879/1021/1036
f 883/1022/1037 893/1016/1031 892/1013/1028 885/1020/1035
f 880/1023/1038 894/1018/1033 893/1016/1031 883/1022/1037
f 887/1015/1030 888/1014/1029 896/1005/1020 895/1004/1019
f 888/1014/1029 889/1017/1032 897/1008/1023 896/1005/1020
f 889/1017/1032 890/1019/1034 898/1009/1024 897/1008/1023
s 118
f 908/1024/1039 909/1025/1040 904/1026/1041 901/1027/1042
s 119
f 909/1028/1043 910/1029/1044 902/1030/1045 904/1031/1046
s 118
f 911/1032/1047 912/1033/1048 906/1034/1049 905/1035/1050
s 119
f 912/1036/1051 913/1037/1052 907/1038/1053 906/1039/1054
s 118
f 905/1035/1050 906/1034/1049 909/1025/1040 908/1024/1039
s 119
f 906/1039/1054 907/1038/1053 910/1029/1044 909/1028/1043
s 118
f 903/1040/1055 912/1033/1048 911/1032/1047 899/1041/1056
s 119
f 900/1042/1057 913/1037/1052 912/1036/1051 903/1043/1058
s 122
f 903/1044/1059 912/1045/1060 915/1046/1061 914/1047/1062
f 906/1048/1063 909/1049/1064 917/1050/1065 916/1051/1066
f 909/1049/1064 904/1052/1067 918/1053/1068 917/1050/1065
f 912/1045/1060 906/1048/1063 916/1051/1066 915/1046/1061
s 124
f 928/1054/1069 929/1055/1070 924/1056/1071 921/1057/1072
s 125
f 929/1058/1073 930/1059/1074 922/1060/1075 924/1061/1076
s 124
f 931/1062/1077 932/1063/1078 926/1064/1079 925/1065/1080
s 125
f 932/1066/1081 933/1067/1082 927/1068/1083 926/1069/1084
s 124
f 925/1065/1080 926/1064/1079 929/1055/1070 928/1054/1069
s 125
f 926/1069/1084 927/1068/1083 930/1059/1074 929/1058/1073
s 124
f 923/1070/1085 932/1063/1078 931/1062/1077 919/1071/1086
s 125
f 920/1072/1087 933/1067/1082 932/1066/1081 923/1073/1088
s 128
f 923/1074/1089 932/1075/1090 935/1076/1091 934/1077/1092
f 926/1078/1093 929/1079/1094 937/1080/1095 936/1081/1096
f 929/1079/1094 924/1082/1097 938/1083/1098 937/1080/1095
f 932/1075/1090 926/1078/1093 936/1081/1096 935/1076/1091
s 130
f 948/1084/1099 941/1085/1100 944/1086/1101 949/1087/1102
s 131
f 949/1088/1103 944/1089/1104 942/1090/1105 950/1091/1106
s 130
f 951/1092/1107 945/1093/1108 946/1094/1109 952/1095/1110
s 131
f 952/1096/1111 946/1097/1112 947/1098/1113 953/1099/1114
s 130
f 945/1093/1108 948/1084/1099 949/1087/1102 946/1094/1109
s 131
f 946/1097/1112 949/1088/1103 950/1091/1106 947/1098/1113
s 130
f 943/1100/1115 939/1101/1116 951/1092/1107 952/1095/1110
s 131
f 940/1102/1117 943/1103/1118 952/1096/1111 953/1099/1114
s 132
f 943/1104/1119 954/1105/1120 955/1106/1121 952/1107/1122
f 946/1108/1123 956/1109/1124 957/1110/1125 949/1111/1126
f 949/1111/1126 957/1110/1125 958/1112/1127 944/1113/1128
f 952/1107/1122 955/1106/1121 956/1109/1124 946/1108/1123
s 133
f 967/1114/1129 962/1115/1130 968/1116/1131
f 968/1116/1131 962/1115/1130 959/1117/1132 966/1118/1133 969/1119/1134
f 969/1119/1134 966/1118/1133 970/1120/1135
f 967/1114/1129 968/1116/1131 971/1121/1136 980/1122/1137
f 971/1121/1136 968/1116/1131 969/1119/1134 972/1123/1138
f 970/1120/1135 973/1124/1139 984/1125/1140
f 964/1126/1141 983/1127/1142 982/1128/1143 978/1129/1144
f 961/1130/1145 964/1126/1141 978/1129/1144 977/1131/1146
f 986/1132/1147 976/1133/1148 987/1134/1149
f 984/1125/1140 973/1124/1139 960/1135/1150 985/1136/1151
f 975/1137/1152 971/1121/1136 972/1123/1138 974/1138/1153
f 980/1122/1137 971/1121/1136 975/1137/1152 981/1139/1154
f 985/1136/1151 960/1135/1150 976/1133/1148 986/1132/1147
f 978/1129/1144 975/1137/1152 974/1138/1153 977/1131/1146
f 981/1139/1154 975/1137/1152 978/1129/1144 982/1128/1143
f 963/1140/1155 967/1114/1129 980/1122/1137
f 965/1141/1156 963/1140/1155 980/1122/1137 981/1139/1154
f 979/1142/1157 965/1141/1156 981/1139/1154 982/1128/1143
f 983/1127/1142 979/1142/1157 982/1128/1143
f 972/1123/1138 969/1119/1134 970/1120/1135 984/1125/1140
f 974/1138/1153 972/1123/1138 984/1125/1140 985/1136/1151
f 977/1131/1146 974/1138/1153 985/1136/1151 986/1132/1147
f 961/1130/1145 977/1131/1146 986/1132/1147 987/1134/1149
s 137
f 997/1143/1158 990/1144/1159 993/1145/1160 998/1146/1161
s 138
f 998/1147/1162 993/1148/1163 991/1149/1164 999/1150/1165
s 137
f 1000/1151/1166 994/1152/1167 995/1153/1168 1001/1154/1169
s 138
f 1001/1155/1170 995/1156/1171 996/1157/1172 1002/1158/1173
s 137
f 994/1152/1167 997/1143/1158 998/1146/1161 995/1153/1168
s 138
f 995/1156/1171 998/1147/1162 999/1150/1165 996/1157/1172
s 137
f 992/1159/1174 988/1160/1175 1000/1151/1166 1001/1154/1169
s 138
f 989/1161/1176 992/1162/1177 1001/1155/1170 1002/1158/1173
s 139
f 992/1163/1178 1003/1164/1179 1004/1165/1180 1001/1166/1181
f 995/1167/1182 1005/1168/1183 1006/1169/1184 998/1170/1185
f 998/1170/1185 1006/1169/1184 1007/1171/1186 993/1172/1187
f 1001/1166/1181 1004/1165/1180 1005/1168/1183 995/1167/1182
s 140
f 1014/1173/1188 1015/1174/1189 1009/1175/1190 1008/1176/1191
f 1010/1177/1192 1011/1178/1193 1013/1179/1194 1012/1180/1195
f 1012/1180/1195 1013/1179/1194 1015/1174/1189 1014/1173/1188
s 141
f 1032/1181/1196 1033/1182/1197 1023/1183/1198 1018/1184/1199
f 1034/1185/1200 1035/1186/1201 1019/1187/1202 1021/1188/1203
f 1033/1182/1197 1034/1185/1200 1021/1188/1203 1023/1183/1198
f 1028/1189/1204 1029/1190/1205 1025/1191/1206 1024/1192/1207
f 1029/1190/1205 1030/1193/1208 1026/1194/1209 1025/1191/1206
f 1030/1193/1208 1031/1195/1210 1027/1196/1211 1026/1194/1209
f 1022/1197/1212 1029/1190/1205 1028/1189/1204 1016/1198/1213
f 1020/1199/1214 1030/1193/1208 1029/1190/1205 1022/1197/1212
f 1017/1200/1215 1031/1195/1210 1030/1193/1208 1020/1199/1214
f 1024/1192/1207 1025/1191/1206 1033/1182/1197 1032/1181/1196
f 1025/1191/1206 1026/1194/1209 1034/1185/1200 1033/1182/1197
f 1026/1194/1209 1027/1196/1211 1035/1186/1201 1034/1185/1200
s off
f 1038/1201/1216 1039/1202/1217 1037/1203/1218 1036/1204/1219
s 144
f 1049/1205/1220 1050/1206/1221 1045/1207/1222 1042/1208/1223
s 145
f 1050/1209/1224 1051/1210/1225 1043/1211/1226 1045/1212/1227
s 144
f 1052/1213/1228 1053/1214/1229 1047/1215/1230 1046/1216/1231
s 145
f 1053/1217/1232 1054/1218/1233 1048/1219/1234 1047/1220/1235
s 144
f 1046/1216/1231 1047/1215/1230 1050/1206/1221 1049/1205/1220
s 145
f 1047/1220/1235 1048/1219/1234 1051/1210/1225 1050/1209/1224
s 144
f 1044/1221/1236 1053/1214/1229 1052/1213/1228 1040/1222/1237
s 145
f 1041/1223/1238 1054/1218/1233 1053/1217/1232 1044/1224/1239
s 148
f 1044/1225/1240 1053/1226/1241 1056/1227/1242 1055/1228/1243
f 1047/1229/1244 1050/1230/1245 1058/1231/1246 1057/1232/1247
f 1050/1230/1245 1045/1233/1248 1059/1234/1249 1058/1231/1246
f 1053/1226/1241 1047/1229/1244 1057/1232/1247 1056/1227/1242
s 150
f 1063/1235/1250 1070/1236/1251 1071/1237/1252 1069/1238/1253
f 1065/1239/1254 1072/1240/1255 1073/1241/1256 1067/1242/1257
f 1073/1241/1256 1074/1243/1258 1061/1244/1259 1067/1242/1257
f 1071/1237/1252 1072/1240/1255 1065/1239/1254 1069/1238/1253
s 151
f 1071/1245/1260 1070/1246/1261 1062/1247/1262 1068/1248/1263
f 1072/1249/1264 1071/1245/1260 1068/1248/1263 1064/1250/1265
f 1073/1251/1266 1072/1249/1264 1064/1250/1265 1066/1252/1267
f 1060/1253/1268 1074/1254/1269 1073/1251/1266 1066/1252/1267
s 152
f 1070/1255/1270 1071/1256/1271 1076/1257/1272 1075/1258/1273
f 1071/1256/1271 1072/1259/1274 1077/1260/1275 1076/1257/1272
f 1072/1259/1274 1073/1261/1276 1078/1262/1277 1077/1260/1275
f 1073/1261/1276 1074/1263/1278 1079/1264/1279 1078/1262/1277
s off
f 1080/1265/1280 1082/1266/1281 1083/1267/1282 1081/1268/1283
f 1084/1269/1284 1086/1270/1285 1087/1271/1286 1085/1272/1287
g default
v -119.242393 74.251602 40.073647
v 119.250511 74.251602 40.095818
v 119.250511 74.251602 -40.095818
v -119.242393 74.251602 -40.073647
v -119.242393 70.121880 40.073647
v 119.250511 70.121880 40.095818
v 119.250511 70.121880 -40.095818
v -119.242393 70.121880 -40.073647
v -119.796051 68.433434 42.593647
v -120.060997 69.968712 43.992374
v 120.061028 69.968452 43.992374
v 119.750633 68.433434 42.607109
v -121.754852 74.251602 40.602856
v -123.137291 72.836937 40.913250
v -123.137291 72.836937 -40.913250
v -121.754852 74.251602 -40.602856
v -120.061005 72.836937 43.992374
v -119.750626 74.251602 42.607109
v 119.760956 74.251602 42.603985
v 120.061005 72.836914 43.992374
v 123.137306 72.836937 40.913250
v 121.754868 74.251602 40.602856
v 121.754868 74.251602 -40.602856
v 123.137306 72.836937 -40.913250
v -119.760948 74.251602 -42.603989
v -120.061005 72.836914 -43.992374
v 120.061005 72.836937 -43.992374
v 119.750626 74.251602 -42.607109
v -123.137306 69.968521 40.913250
v -121.761154 68.433434 40.582466
v -121.747589 68.433434 -40.627335
v -123.137306 69.968552 -40.913250
v -120.061005 69.968452 -43.992374
v -119.750626 68.433434 -42.607109
v 119.796066 68.433434 -42.593647
v 120.061005 69.968712 -43.992374
v 121.747589 68.433434 40.627335
v 123.137306 69.968552 40.913250
v 123.137306 69.968521 -40.913250
v 121.761154 68.433434 -40.582466
v -122.011551 69.968620 42.863945
v -121.024681 68.433434 41.834076
v -122.011551 72.836937 42.863945
v -121.000748 74.251602 41.852993
v 122.011559 69.968506 42.863945
v 120.995132 68.433434 41.863285
v 122.011559 72.836922 42.863945
v 121.005096 74.251602 41.850597
v -122.011551 72.836922 -42.863945
v -121.005089 74.251602 -41.850597
v -120.995117 68.433434 -41.863285
v -122.011559 69.968506 -42.863945
v 122.011559 72.836937 -42.863945
v 121.000748 74.251602 -41.852993
v 121.024689 68.433434 -41.834076
v 122.011559 69.968620 -42.863945
v -119.215630 0.711565 39.241688
v -117.750580 0.104725 39.241688
v -117.750580 0.711565 40.706722
v -117.750580 2.176606 41.313560
v -119.215630 2.176606 40.706722
v -119.822456 2.176606 39.241688
v 119.215630 0.711565 39.241688
v 119.822456 2.176606 39.241688
v 119.215630 2.176606 40.706722
v 117.750580 2.176606 41.313560
v 117.750580 0.711565 40.706722
v 117.750580 0.104725 39.241688
v -119.215630 0.711565 -39.241688
v -119.822456 2.176606 -39.241688
v -119.215630 2.176606 -40.706722
v -117.750580 2.176606 -41.313560
v -117.750580 0.711565 -40.706722
v -117.750580 0.104725 -39.241688
v 119.215630 0.711565 -39.241688
v 117.750580 0.104725 -39.241688
v 117.750580 0.711565 -40.706722
v 117.750580 2.176606 -41.313560
v 119.215630 2.176606 -40.706722
v 119.822456 2.176606 -39.241688
v -119.822456 71.174316 39.241688
v -119.215630 71.174316 40.706722
v -117.750580 71.174316 41.313560
v 117.750580 71.174316 41.313560
v 119.215630 71.174316 40.706722
v 119.822456 71.174316 39.241688
v -117.750580 71.174316 -41.313560
v -119.215630 71.174316 -40.706722
v -119.822456 71.174316 -39.241688
v 119.822456 71.174316 -39.241688
v 119.215630 71.174316 -40.706722
v 117.750580 71.174316 -41.313560
v -118.946381 0.980823 40.437469
v 118.946381 0.980823 40.437469
v -118.946381 0.980823 -40.437469
v 118.946381 0.980823 -40.437469
v -120.180573 70.855728 42.381134
v 120.180534 70.855728 42.381134
v -120.180573 70.855728 -42.381134
v 120.180534 70.855728 -42.381134
v -104.380531 74.454124 26.581133
v 104.380508 74.454124 26.581133
v 104.380508 74.454124 -26.581133
v -104.380531 74.454124 -26.581133
vt 0.972811 0.365473
vt 0.972891 0.960321
vt 0.979626 0.960320
vt 0.979546 0.365472
vt 0.972875 0.840717
vt 0.979610 0.840716
vt 0.972827 0.485011
vt 0.979562 0.485010
vt 0.972762 0.009767
vt 0.979498 0.009766
vt 0.970194 0.509297
vt 0.966755 0.509297
vt 0.966755 0.506096
vt 0.970194 0.506096
vt 0.970194 0.857732
vt 0.966755 0.857732
vt 0.065091 0.059832
vt 0.056362 0.058527
vt 0.061958 0.048488
vt 0.067836 0.055042
vt 0.065093 0.380378
vt 0.056364 0.381684
vt 0.067841 0.385166
vt 0.061973 0.391723
vt 0.072113 0.045618
vt 0.073194 0.053202
vt 0.895781 0.045604
vt 0.894735 0.053197
vt 0.905934 0.048479
vt 0.900054 0.055032
vt 0.911528 0.058519
vt 0.902799 0.059826
vt 0.911529 0.381690
vt 0.902800 0.380384
vt 0.905946 0.391732
vt 0.970194 0.861002
vt 0.900059 0.385181
vt 0.073160 0.386999
vt 0.072115 0.394590
vt 0.894699 0.387025
vt 0.895782 0.394609
vt 0.966755 0.861002
vt 0.966755 0.502827
vt 0.970194 0.502827
vt 0.966755 0.382909
vt 0.970194 0.382909
vt 0.966755 0.379672
vt 0.970194 0.379672
vt 0.966755 0.376352
vt 0.970194 0.376352
vt 0.966755 0.013006
vt 0.970194 0.013006
vt 0.966755 0.009766
vt 0.970194 0.990234
vt 0.970194 0.864266
vt 0.966755 0.864266
vt 0.970194 0.987121
vt 0.966755 0.987121
vt 0.962188 0.509297
vt 0.962188 0.857732
vt 0.962188 0.376352
vt 0.962188 0.013006
vt 0.962188 0.864266
vt 0.962188 0.987121
vt 0.962188 0.382909
vt 0.962188 0.502827
vt 0.962188 0.506096
vt 0.962188 0.861002
vt 0.962188 0.379672
vt 0.962188 0.990234
vt 0.074966 0.378304
vt 0.074964 0.061908
vt 0.892958 0.061816
vt 0.892959 0.378395
vt 0.942679 0.730383
vt 0.940844 0.729617
vt 0.620532 0.729599
vt 0.618637 0.730384
vt 0.617862 0.732246
vt 0.617844 0.840836
vt 0.618637 0.842759
vt 0.620471 0.843526
vt 0.940784 0.843543
vt 0.942679 0.842759
vt 0.943472 0.732306
vt 0.943454 0.840896
vt 0.962188 0.009766
vt 0.966755 0.990234
vt 0.970194 0.009766
vt 0.439999 0.720264
vt 0.439977 0.725428
vt 0.184175 0.725065
vt 0.184165 0.719907
vt 0.439965 0.730570
vt 0.184172 0.730212
vt 0.055470 0.433920
vt 0.055470 0.428413
vt 0.903115 0.428413
vt 0.903115 0.433920
vt 0.055470 0.422536
vt 0.903115 0.422536
vt 0.445118 0.730549
vt 0.445186 0.954722
vt 0.440034 0.954727
vt 0.050221 0.433920
vt 0.055470 0.682065
vt 0.050221 0.682065
vt 0.184200 0.730201
vt 0.184204 0.725048
vt 0.439984 0.725483
vt 0.439974 0.730625
vt 0.184203 0.719882
vt 0.440009 0.720319
vt 0.908304 0.433920
vt 0.908304 0.682065
vt 0.903115 0.682065
vt 0.179036 0.730173
vt 0.184202 0.954885
vt 0.179040 0.954894
vt 0.903083 0.433914
vt 0.908292 0.433914
vt 0.908292 0.682069
vt 0.903083 0.682069
vt 0.178997 0.730178
vt 0.184162 0.954861
vt 0.179001 0.954870
vt 0.903083 0.422532
vt 0.903083 0.428449
vt 0.055421 0.428449
vt 0.055421 0.422532
vt 0.055421 0.433914
vt 0.445127 0.730603
vt 0.445147 0.954822
vt 0.439997 0.954823
vt 0.050233 0.433914
vt 0.055421 0.682069
vt 0.050233 0.682069
vt 0.444223 0.725813
vt 0.050221 0.428413
vt 0.179854 0.725355
vt 0.908304 0.428413
vt 0.179993 0.725378
vt 0.908292 0.428449
vt 0.444133 0.725868
vt 0.050233 0.428449
vt 0.147271 0.136731
vt 0.818214 0.137870
vt 0.817863 0.308409
vt 0.146921 0.307271
vt 0.095688 0.083457
vt 0.869982 0.084775
vt 0.869446 0.361684
vt 0.095153 0.360366
vn 0.000093 0.000000 -1.000000
vn 0.000093 0.000000 -1.000000
vn 0.000093 0.000000 -1.000000
vn 0.000093 0.000000 -1.000000
vn -1.000000 0.000000 0.000000
vn -1.000000 0.000000 0.000000
vn -1.000000 0.000000 0.000000
vn -1.000000 0.000000 0.000000
vn 0.000093 0.000000 1.000000
vn 0.000093 0.000000 1.000000
vn 0.000093 0.000000 1.000000
vn 0.000093 0.000000 1.000000
vn 1.000000 0.000000 0.000000
vn 1.000000 0.000000 0.000000
vn 1.000000 0.000000 0.000000
vn 1.000000 0.000000 0.000000
vn -0.000049 -0.999933 0.011603
vn -0.004154 -0.286135 0.958180
vn -0.488399 -0.243414 0.837983
vn -0.000123 -1.000000 0.000122
vn -0.004154 -0.286135 0.958180
vn -0.000049 -0.999933 0.011603
vn 0.000047 -0.999932 0.011684
vn 0.004169 -0.283463 0.958974
vn 0.004169 -0.283463 0.958974
vn 0.000047 -0.999932 0.011684
vn 0.000122 -1.000000 0.000123
vn 0.487248 -0.241529 0.839198
vn -0.389902 0.920845 0.004585
vn -0.957854 0.287000 0.012117
vn -0.838307 0.247002 0.486036
vn -0.308697 0.899735 0.308518
vn -0.957854 0.287000 0.012117
vn -0.389902 0.920845 0.004585
vn -0.389906 0.920843 -0.004571
vn -0.957857 0.286990 -0.012110
vn -0.957857 0.286990 -0.012110
vn -0.389906 0.920843 -0.004571
vn -0.309380 0.899527 -0.308440
vn -0.838547 0.246318 -0.485969
vn -0.004190 0.288453 0.957485
vn -0.001563 0.922569 0.385830
vn -0.308697 0.899735 0.308518
vn -0.486801 0.247280 0.837781
vn -0.001563 0.922569 0.385830
vn -0.004190 0.288453 0.957485
vn 0.004184 0.289118 0.957285
vn 0.001577 0.922647 0.385643
vn 0.001577 0.922647 0.385643
vn 0.004184 0.289118 0.957285
vn 0.486971 0.247084 0.837740
vn 0.310487 0.898766 0.309544
vn 0.957858 0.286987 0.012110
vn 0.389421 0.921048 0.004566
vn 0.310487 0.898766 0.309544
vn 0.838547 0.246315 0.485970
vn 0.389421 0.921048 0.004566
vn 0.957858 0.286987 0.012110
vn 0.957855 0.286997 -0.012117
vn 0.389418 0.921050 -0.004579
vn 0.389418 0.921050 -0.004579
vn 0.957855 0.286997 -0.012117
vn 0.838307 0.247002 -0.486037
vn 0.309801 0.898975 -0.309625
vn -0.001578 0.922571 -0.385825
vn -0.004184 0.289116 -0.957285
vn -0.486972 0.247083 -0.837740
vn -0.309380 0.899527 -0.308440
vn -0.004184 0.289116 -0.957285
vn -0.001578 0.922571 -0.385825
vn 0.001562 0.922647 -0.385644
vn 0.004190 0.288451 -0.957486
vn 0.004190 0.288451 -0.957486
vn 0.001562 0.922647 -0.385644
vn 0.309801 0.898975 -0.309625
vn 0.486800 0.247282 -0.837781
vn -0.959923 -0.280002 0.012098
vn -0.004065 -0.999992 0.000046
vn -0.000123 -1.000000 0.000122
vn -0.840288 -0.240304 0.485974
vn -0.004065 -0.999992 0.000046
vn -0.959923 -0.280002 0.012098
vn -0.959171 -0.282569 -0.012056
vn -0.004038 -0.999992 -0.000048
vn -0.004038 -0.999992 -0.000048
vn -0.959171 -0.282569 -0.012056
vn -0.839054 -0.242318 -0.487105
vn -0.000122 -1.000000 -0.000123
vn -0.004169 -0.283462 -0.958974
vn -0.000047 -0.999932 -0.011684
vn -0.000122 -1.000000 -0.000123
vn -0.487247 -0.241530 -0.839198
vn -0.000047 -0.999932 -0.011684
vn -0.004169 -0.283462 -0.958974
vn 0.004154 -0.286135 -0.958180
vn 0.000049 -0.999933 -0.011603
vn 0.000049 -0.999933 -0.011603
vn 0.004154 -0.286135 -0.958180
vn 0.488399 -0.243412 -0.837984
vn 0.000123 -1.000000 -0.000121
vn 0.004038 -0.999992 0.000049
vn 0.959170 -0.282572 0.012056
vn 0.839054 -0.242320 0.487104
vn 0.000122 -1.000000 0.000123
vn 0.959170 -0.282572 0.012056
vn 0.004038 -0.999992 0.000049
vn 0.004065 -0.999992 -0.000046
vn 0.959922 -0.280005 -0.012098
vn 0.959922 -0.280005 -0.012098
vn 0.004065 -0.999992 -0.000046
vn 0.000123 -1.000000 -0.000121
vn 0.840289 -0.240305 -0.485972
vn -0.004190 0.288453 0.957485
vn -0.004154 -0.286135 0.958180
vn 0.004169 -0.283463 0.958974
vn 0.004184 0.289118 0.957285
vn -0.004169 -0.283462 -0.958974
vn -0.004184 0.289116 -0.957285
vn 0.004190 0.288451 -0.957486
vn 0.004154 -0.286135 -0.958180
vn 0.957858 0.286987 0.012110
vn 0.959170 -0.282572 0.012056
vn 0.959922 -0.280005 -0.012098
vn 0.957855 0.286997 -0.012117
vn -0.957857 0.286990 -0.012110
vn -0.959171 -0.282569 -0.012056
vn -0.959923 -0.280002 0.012098
vn -0.957854 0.287000 0.012117
vn -0.959923 -0.280002 0.012098
vn -0.840288 -0.240304 0.485974
vn -0.838307 0.247002 0.486036
vn -0.957854 0.287000 0.012117
vn -0.488399 -0.243414 0.837983
vn -0.004154 -0.286135 0.958180
vn -0.004190 0.288453 0.957485
vn -0.486801 0.247280 0.837781
vn 0.004169 -0.283463 0.958974
vn 0.487248 -0.241529 0.839198
vn 0.486971 0.247084 0.837740
vn 0.004184 0.289118 0.957285
vn 0.839054 -0.242320 0.487104
vn 0.959170 -0.282572 0.012056
vn 0.957858 0.286987 0.012110
vn 0.838547 0.246315 0.485970
vn -0.957857 0.286990 -0.012110
vn -0.838547 0.246318 -0.485969
vn -0.839054 -0.242318 -0.487105
vn -0.959171 -0.282569 -0.012056
vn -0.486972 0.247083 -0.837740
vn -0.004184 0.289116 -0.957285
vn -0.004169 -0.283462 -0.958974
vn -0.487247 -0.241530 -0.839198
vn 0.004190 0.288451 -0.957486
vn 0.486800 0.247282 -0.837781
vn 0.488399 -0.243412 -0.837984
vn 0.004154 -0.286135 -0.958180
vn 0.838307 0.247002 -0.486037
vn 0.957855 0.286997 -0.012117
vn 0.959922 -0.280005 -0.012098
vn 0.840289 -0.240305 -0.485972
vn 0.004065 -0.999992 -0.000046
vn 0.004038 -0.999992 0.000049
vn 0.000122 -1.000000 0.000123
vn 0.000047 -0.999932 0.011684
vn -0.000049 -0.999933 0.011603
vn -0.000123 -1.000000 0.000122
vn -0.004065 -0.999992 0.000046
vn -0.004038 -0.999992 -0.000048
vn -0.000122 -1.000000 -0.000123
vn -0.000047 -0.999932 -0.011684
vn 0.000049 -0.999933 -0.011603
vn 0.000123 -1.000000 -0.000121
vn 0.000000 1.000000 0.000000
vn 0.000000 1.000000 0.000000
vn 0.389421 0.921048 0.004566
vn 0.389418 0.921050 -0.004579
vn 0.001577 0.922647 0.385643
vn 0.000000 1.000000 0.000000
vn 0.000000 1.000000 0.000000
vn -0.001563 0.922569 0.385830
vn -0.001578 0.922571 -0.385825
vn 0.000000 1.000000 0.000003
vn 0.000000 1.000000 0.000003
vn 0.001562 0.922647 -0.385644
vn 0.001577 0.922647 0.385643
vn 0.310487 0.898766 0.309544
vn 0.389421 0.921048 0.004566
vn 0.000000 1.000000 0.000002
vn 0.389418 0.921050 -0.004579
vn 0.309801 0.898975 -0.309625
vn 0.001562 0.922647 -0.385644
vn 0.000000 1.000000 0.000000
vn 0.000000 1.000000 0.000000
vn 0.000000 1.000000 0.000000
vn -0.389906 0.920843 -0.004571
vn -0.389902 0.920845 0.004585
vn -0.389902 0.920845 0.004585
vn -0.308697 0.899735 0.308518
vn -0.001563 0.922569 0.385830
vn 0.000000 1.000000 0.000000
vn -0.309380 0.899527 -0.308440
vn -0.389906 0.920843 -0.004571
vn 0.000000 1.000000 -0.000002
vn -0.001578 0.922571 -0.385825
vn -0.098820 -0.950274 0.295321
vn -0.382682 -0.923878 0.002061
vn -0.382682 -0.923878 -0.002061
vn -0.098820 -0.950274 -0.295321
vn -0.924088 -0.382152 0.004709
vn -0.999935 -0.008558 0.007536
vn -0.999935 -0.008558 -0.007536
vn -0.924088 -0.382152 -0.004709
vn -0.002542 -0.008594 0.999960
vn -0.001584 -0.382505 0.923952
vn 0.001584 -0.382505 0.923952
vn 0.002542 -0.008594 0.999960
vn -0.000690 -0.923879 0.382685
vn -0.098820 -0.950274 0.295321
vn 0.098820 -0.950274 0.295321
vn 0.000690 -0.923879 0.382685
vn -0.999935 -0.008558 0.007536
vn -0.924114 -0.005346 0.382080
vn -0.923880 0.000000 0.382682
vn -0.999971 0.000000 0.007590
vn -0.382078 -0.005346 0.924115
vn -0.002542 -0.008594 0.999960
vn -0.002561 0.000000 0.999997
vn -0.382680 0.000000 0.923881
vn 0.999935 -0.008558 0.007536
vn 0.924088 -0.382152 0.004709
vn 0.924088 -0.382152 -0.004709
vn 0.999935 -0.008558 -0.007536
vn 0.382682 -0.923878 0.002061
vn 0.098820 -0.950274 0.295321
vn 0.098820 -0.950274 -0.295321
vn 0.382682 -0.923878 -0.002061
vn 0.002542 -0.008594 0.999960
vn 0.382078 -0.005346 0.924115
vn 0.382680 0.000000 0.923881
vn 0.002561 0.000000 0.999997
vn 0.924114 -0.005346 0.382080
vn 0.999935 -0.008558 0.007536
vn 0.999971 0.000000 0.007590
vn 0.923880 0.000000 0.382682
vn -0.002542 -0.008594 -0.999960
vn -0.382078 -0.005346 -0.924115
vn -0.382680 0.000000 -0.923881
vn -0.002561 0.000000 -0.999997
vn -0.924114 -0.005346 -0.382080
vn -0.999935 -0.008558 -0.007536
vn -0.999971 0.000000 -0.007590
vn -0.923880 0.000000 -0.382682
vn -0.098820 -0.950274 -0.295321
vn -0.000690 -0.923879 -0.382685
vn 0.000690 -0.923879 -0.382685
vn 0.098820 -0.950274 -0.295321
vn -0.001584 -0.382505 -0.923952
vn -0.002542 -0.008594 -0.999960
vn 0.002542 -0.008594 -0.999960
vn 0.001584 -0.382505 -0.923952
vn 0.999935 -0.008558 -0.007536
vn 0.924114 -0.005346 -0.382080
vn 0.923880 0.000000 -0.382682
vn 0.999971 0.000000 -0.007590
vn 0.382078 -0.005346 -0.924115
vn 0.002542 -0.008594 -0.999960
vn 0.002561 0.000000 -0.999997
vn 0.382680 0.000000 -0.923881
vn -0.002542 -0.008594 0.999960
vn 0.002542 -0.008594 0.999960
vn 0.002561 0.000000 0.999997
vn -0.002561 0.000000 0.999997
vn -0.002542 -0.008594 -0.999960
vn -0.002561 0.000000 -0.999997
vn 0.002561 0.000000 -0.999997
vn 0.002542 -0.008594 -0.999960
vn 0.999935 -0.008558 0.007536
vn 0.999935 -0.008558 -0.007536
vn 0.999971 0.000000 -0.007590
vn 0.999971 0.000000 0.007590
vn -0.999935 -0.008558 -0.007536
vn -0.999935 -0.008558 0.007536
vn -0.999971 0.000000 0.007590
vn -0.999971 0.000000 -0.007590
vn -0.924114 -0.005346 0.382080
vn -0.999935 -0.008558 0.007536
vn -0.924088 -0.382152 0.004709
vn -0.887923 -0.325263 0.325265
vn -0.325267 -0.887920 0.325269
vn -0.098820 -0.950274 0.295321
vn -0.000690 -0.923879 0.382685
vn -0.001584 -0.382505 0.923952
vn -0.002542 -0.008594 0.999960
vn -0.382078 -0.005346 0.924115
vn -0.325266 -0.325266 0.887921
vn 0.325267 -0.887920 0.325269
vn 0.098820 -0.950274 0.295321
vn 0.382682 -0.923878 0.002061
vn 0.924088 -0.382152 0.004709
vn 0.999935 -0.008558 0.007536
vn 0.924114 -0.005346 0.382080
vn 0.887922 -0.325265 0.325264
vn 0.382078 -0.005346 0.924115
vn 0.002542 -0.008594 0.999960
vn 0.001584 -0.382505 0.923952
vn 0.325266 -0.325266 0.887921
vn -0.325267 -0.887920 -0.325269
vn -0.098820 -0.950274 -0.295321
vn -0.382682 -0.923878 -0.002061
vn -0.924088 -0.382152 -0.004709
vn -0.999935 -0.008558 -0.007536
vn -0.924114 -0.005346 -0.382080
vn -0.887922 -0.325265 -0.325264
vn -0.382078 -0.005346 -0.924115
vn -0.002542 -0.008594 -0.999960
vn -0.001584 -0.382505 -0.923952
vn -0.325266 -0.325266 -0.887921
vn 0.924114 -0.005346 -0.382080
vn 0.999935 -0.008558 -0.007536
vn 0.924088 -0.382152 -0.004709
vn 0.887923 -0.325263 -0.325265
vn 0.325267 -0.887920 -0.325269
vn 0.098820 -0.950274 -0.295321
vn 0.000690 -0.923879 -0.382685
vn 0.001584 -0.382505 -0.923952
vn 0.002542 -0.008594 -0.999960
vn 0.382078 -0.005346 -0.924115
vn 0.325266 -0.325266 -0.887921
vn -0.382682 -0.923878 0.002061
vn -0.098820 -0.950274 0.295321
vn -0.325267 -0.887920 0.325269
vn -0.000690 -0.923879 -0.382685
vn -0.098820 -0.950274 -0.295321
vn -0.325267 -0.887920 -0.325269
vn 0.382682 -0.923878 -0.002061
vn 0.098820 -0.950274 -0.295321
vn 0.325267 -0.887920 -0.325269
vn 0.000690 -0.923879 0.382685
vn 0.098820 -0.950274 0.295321
vn 0.325267 -0.887920 0.325269
vn -0.020498 0.997559 0.066749
vn 0.020498 0.997559 0.066749
vn 0.020498 0.997559 -0.066749
vn -0.020498 0.997559 -0.066749
vn -0.052641 0.983792 0.171414
vn 0.052641 0.983792 0.171414
vn 0.052641 0.983792 -0.171414
vn -0.052641 0.983792 -0.171414
s off
g Rim_low
usemtl Rim_lowSG
f 1088/1273/1288 1089/1281/1289 1093/1282/1290 1092/1276/1291
f 1089/1274/1292 1090/1277/1293 1094/1278/1294 1093/1275/1295
f 1090/1277/1296 1091/1279/1297 1095/1280/1298 1094/1278/1299
f 1091/1279/1300 1088/1273/1301 1092/1276/1302 1095/1280/1303
f 1096/1283/1304 1097/1284/1305 1128/1285/1306 1129/1286/1307
f 1097/1284/1308 1096/1283/1309 1099/1287/1310 1098/1288/1311
f 1098/1288/1312 1099/1287/1313 1133/1308/1314 1132/1314/1315
f 1100/1289/1316 1101/1290/1317 1130/1291/1318 1131/1292/1319
f 1101/1290/1320 1100/1289/1321 1103/1293/1322 1102/1294/1323
f 1102/1294/1324 1103/1293/1325 1137/1295/1326 1136/1296/1327
f 1104/1297/1328 1105/1298/1329 1131/1292/1330 1130/1291/1331
f 1105/1298/1332 1104/1297/1333 1107/1299/1334 1106/1300/1335
f 1106/1300/1336 1107/1299/1337 1134/1301/1338 1135/1302/1339
f 1108/1303/1340 1109/1304/1341 1135/1302/1342 1134/1301/1343
f 1109/1304/1344 1108/1303/1345 1111/1305/1346 1110/1306/1347
f 1110/1306/1348 1111/1305/1349 1140/1307/1350 1141/1309/1351
f 1112/1310/1352 1113/1311/1353 1136/1296/1354 1137/1295/1355
f 1113/1311/1356 1112/1310/1357 1115/1312/1358 1114/1313/1359
f 1114/1313/1360 1115/1312/1361 1141/1309/1362 1140/1307/1363
f 1116/1315/1364 1117/1316/1365 1129/1286/1366 1128/1285/1367
f 1117/1316/1368 1116/1315/1369 1119/1317/1370 1118/1318/1371
f 1118/1318/1372 1119/1317/1373 1139/1319/1374 1138/1320/1375
f 1120/1321/1376 1121/1322/1377 1138/1320/1378 1139/1319/1379
f 1121/1322/1380 1120/1321/1381 1123/1323/1382 1122/1324/1383
f 1122/1324/1384 1123/1323/1385 1143/1325/1386 1142/1361/1387
f 1124/1327/1388 1125/1328/1389 1132/1314/1390 1133/1308/1391
f 1125/1328/1392 1124/1327/1393 1127/1329/1394 1126/1330/1395
f 1126/1330/1396 1127/1329/1397 1142/1326/1398 1143/1360/1399
f 1104/1331/1400 1097/1284/1401 1098/1288/1402 1107/1332/1403
f 1120/1321/1404 1113/1333/1405 1114/1334/1406 1123/1323/1407
f 1108/1335/1408 1125/1328/1409 1126/1330/1410 1111/1336/1411
f 1102/1337/1412 1119/1317/1413 1116/1315/1414 1101/1338/1415
f 1116/1315/1416 1128/1285/1417 1130/1339/1418 1101/1338/1419
f 1128/1285/1420 1097/1284/1421 1104/1331/1422 1130/1339/1423
f 1098/1288/1424 1132/1314/1425 1134/1340/1426 1107/1332/1427
f 1132/1314/1428 1125/1328/1429 1108/1335/1430 1134/1340/1431
f 1102/1337/1432 1136/1341/1433 1139/1319/1434 1119/1317/1435
f 1136/1341/1436 1113/1333/1437 1120/1321/1438 1139/1319/1439
f 1114/1334/1440 1140/1359/1441 1143/1325/1442 1123/1323/1443
f 1140/1342/1444 1111/1336/1445 1126/1330/1446 1143/1360/1447
f 1127/1357/1448 1124/1358/1449 1133/1356/1450 1099/1355/1451 1096/1354/1452 1129/1353/1453 1117/1352/1454 1118/1351/1455 1138/1350/1456 1121/1349/1457 1122/1348/1458 1142/1347/1459
f 1090/1346/1460 1089/1345/1461 1109/1304/1462 1110/1306/1463
f 1106/1300/1464 1089/1345/1465 1088/1344/1466 1105/1298/1467
f 1112/1310/1468 1091/1343/1469 1090/1346/1470 1115/1312/1471
f 1106/1300/1472 1135/1302/1473 1109/1304/1474 1089/1345/1475
f 1110/1306/1476 1141/1309/1477 1115/1312/1478 1090/1346/1479
f 1088/1344/1480 1091/1343/1481 1103/1293/1482 1100/1289/1483
f 1100/1289/1484 1131/1292/1485 1105/1298/1486 1088/1344/1487
f 1137/1295/1488 1103/1293/1489 1091/1343/1490 1112/1310/1491
usemtl Crate_lowSG
f 1145/1362/1492 1144/1363/1493 1156/1364/1494 1161/1365/1495
f 1144/1363/1496 1149/1366/1497 1157/1367/1498 1156/1364/1499
f 1147/1368/1500 1146/1369/1501 1154/1370/1502 1153/1371/1503
f 1146/1369/1504 1145/1372/1505 1155/1373/1506 1154/1370/1507
f 1149/1366/1508 1148/1374/1509 1169/1375/1510 1168/1376/1511
f 1148/1377/1512 1147/1368/1513 1170/1378/1514 1169/1379/1515
f 1151/1380/1516 1150/1381/1517 1162/1382/1518 1167/1383/1519
f 1150/1381/1520 1155/1384/1521 1163/1385/1522 1162/1382/1523
f 1153/1371/1524 1152/1386/1525 1172/1387/1526 1171/1388/1527
f 1152/1389/1528 1151/1380/1529 1173/1390/1530 1172/1391/1531
f 1159/1392/1532 1158/1393/1533 1175/1394/1534 1174/1395/1535
f 1158/1396/1536 1157/1367/1537 1176/1397/1538 1175/1398/1539
f 1161/1399/1540 1160/1400/1541 1164/1401/1542 1163/1402/1543
f 1160/1400/1544 1159/1392/1545 1165/1403/1546 1164/1401/1547
f 1167/1383/1548 1166/1404/1549 1178/1405/1550 1177/1406/1551
f 1166/1407/1552 1165/1403/1553 1179/1408/1554 1178/1409/1555
f 1147/1368/1556 1153/1371/1557 1171/1388/1558 1170/1378/1559
f 1159/1392/1560 1174/1395/1561 1179/1408/1562 1165/1403/1563
f 1151/1380/1564 1167/1383/1565 1177/1406/1566 1173/1390/1567
f 1157/1367/1568 1149/1366/1569 1168/1376/1570 1176/1397/1571
f 1148/1374/1572 1149/1366/1573 1144/1363/1574 1180/1410/1575
f 1180/1411/1576 1145/1372/1577 1146/1369/1578
f 1146/1369/1579 1147/1368/1580 1148/1377/1581 1180/1411/1582
f 1181/1412/1583 1155/1384/1584 1150/1381/1585
f 1150/1381/1586 1151/1380/1587 1152/1389/1588 1181/1412/1589
f 1152/1386/1590 1153/1371/1591 1154/1370/1592 1181/1413/1593
f 1182/1414/1594 1161/1365/1595 1156/1364/1596
f 1156/1364/1597 1157/1367/1598 1158/1396/1599 1182/1414/1600
f 1158/1393/1601 1159/1392/1602 1160/1400/1603 1182/1415/1604
f 1166/1404/1605 1167/1383/1606 1162/1382/1607 1183/1416/1608
f 1183/1417/1609 1163/1402/1610 1164/1401/1611
f 1164/1401/1612 1165/1403/1613 1166/1407/1614 1183/1417/1615
f 1144/1363/1616 1145/1362/1617 1180/1410/1618
f 1160/1400/1619 1161/1399/1620 1182/1415/1621
f 1162/1382/1622 1163/1385/1623 1183/1416/1624
f 1154/1370/1625 1155/1373/1626 1181/1413/1627
s 1
usemtl Dirt_lowSG
f 1188/1418/1628 1189/1419/1629 1190/1420/1630 1191/1421/1631
f 1184/1422/1632 1185/1423/1633 1189/1419/1629 1188/1418/1628
f 1185/1423/1633 1187/1424/1634 1190/1420/1630 1189/1419/1629
f 1187/1424/1634 1186/1425/1635 1191/1421/1631 1190/1420/1630
f 1186/1425/1635 1184/1422/1632 1188/1418/1628 1191/1421/1631
