# This file uses centimeters as units for non-parametric coordinates.

mtllib S_P26_01.mtl
g default
v -11.769660 35.849632 7.159086
v -10.036809 35.849632 7.159086
v -11.769660 9.012619 7.159086
v -10.036809 9.012619 7.159086
v -11.743117 9.280994 9.360390
v -11.761886 9.091226 9.231452
v -11.769660 9.012619 8.920173
v -10.063352 9.280994 9.360390
v -10.044583 9.091226 9.231452
v -10.036809 9.012619 8.920173
v -11.743117 35.581261 9.360390
v -11.761886 35.771027 9.231452
v -11.769660 35.849632 8.920173
v -10.063352 35.581261 9.360390
v -10.044583 35.771027 9.231452
v -10.036809 35.849632 8.920173
v -11.769660 30.356443 7.159086
v -11.769660 30.356443 8.920173
v -11.761886 30.310017 9.231452
v -11.743117 30.197935 9.360390
v -10.063352 30.197935 9.360390
v -10.044583 30.310017 9.231452
v -10.036809 30.356443 8.920173
v -10.036809 30.356443 7.159086
v -11.769660 14.505808 7.159086
v -11.769660 14.505808 8.920173
v -11.761886 14.552235 9.231452
v -11.743117 14.664318 9.360390
v -10.063352 14.664318 9.360390
v -10.044583 14.552235 9.231452
v -10.036809 14.505808 8.920173
v -10.036809 14.505808 7.159086
v -14.643888 3.306607 -9.204535
v -14.643888 3.306607 9.204535
v 14.643923 3.306607 -9.204535
v 14.643923 3.306607 9.204535
v 14.643923 0.056312 -5.959551
v 17.966305 3.306607 -5.959551
v 14.643923 3.306607 -5.959551
v -14.643888 3.306607 -5.959551
v -17.966257 3.306607 -5.959551
v -14.643888 0.056312 -5.959551
v 14.643923 0.056312 5.959551
v 17.966305 3.306607 5.959551
v 14.643923 3.306607 5.959551
v -14.643888 3.306607 5.959551
v -17.966257 3.306607 5.959551
v -14.643888 0.056312 5.959551
v 14.643923 0.056312 8.555603
v 14.643923 0.705238 9.204535
v 14.643923 0.705238 -9.204535
v 14.643923 0.056312 -8.555603
v 17.317368 0.056312 5.959551
v 17.966305 0.705238 5.959551
v -17.966257 0.705238 5.959551
v -17.317327 0.056312 5.959551
v -14.643888 0.705238 9.204535
v -14.643888 0.056312 8.555603
v -14.643888 0.705238 -9.204535
v -14.643888 0.056312 -8.555603
v 17.317368 0.056312 -5.959551
v 17.966305 0.705238 -5.959551
v -17.966257 0.705238 -5.959551
v -17.317327 0.056312 -5.959551
v 17.966305 3.306607 8.685376
v 17.814243 3.306607 9.052477
v 17.447144 3.306607 9.204535
v -17.447104 3.306607 9.204535
v -17.814199 3.306607 9.052477
v -17.966257 3.306607 8.685376
v 17.447144 3.306607 -9.204535
v 17.814243 3.306607 -9.052477
v 17.966305 3.306607 -8.685376
v -17.966257 3.306607 -8.685376
v -17.814199 3.306607 -9.052477
v -17.447104 3.306607 -9.204535
v 17.447144 0.705238 9.204535
v 17.814243 0.705238 9.052477
v 17.966305 0.705238 8.685376
v 16.798214 0.056312 8.555603
v 17.317368 0.056312 8.036445
v 17.165310 0.056312 8.403545
v 16.798214 0.056312 -8.555603
v 17.165310 0.056312 -8.403545
v 17.317368 0.056312 -8.036445
v 17.966305 0.705238 -8.685376
v 17.814243 0.705238 -9.052477
v 17.447144 0.705238 -9.204535
v -17.966257 0.705238 8.685376
v -17.814199 0.705238 9.052477
v -17.447104 0.705238 9.204535
v -17.317327 0.056312 8.036445
v -16.798168 0.056312 8.555603
v -17.165257 0.056312 8.403545
v -17.447104 0.705238 -9.204535
v -17.814199 0.705238 -9.052477
v -17.966257 0.705238 -8.685376
v -16.798168 0.056312 -8.555603
v -17.317327 0.056312 -8.036445
v -17.165257 0.056312 -8.403545
v 17.966305 6.162072 5.959551
v 17.771898 6.506596 6.153952
v 14.838311 6.506596 6.153952
v 14.643923 6.162072 5.959551
v 14.838311 6.506596 9.010135
v 14.643923 6.162072 9.204535
v 17.966305 6.162072 8.685376
v 17.771898 6.506596 8.646708
v -14.838277 6.506596 6.153952
v -14.643888 6.162072 5.959551
v -14.643888 6.162072 9.204535
v -14.838277 6.506596 9.010135
v -17.771856 6.506596 6.153952
v -17.966257 6.162072 5.959551
v -17.771856 6.506596 8.646707
v -17.966257 6.162072 8.685376
v -17.447104 6.162072 9.204535
v -17.408426 6.506596 9.010135
v 14.643923 6.162072 -9.204535
v 14.838311 6.506596 -9.010135
v 14.838311 6.506596 -6.153952
v 14.643923 6.162072 -5.959551
v 17.771898 6.506596 -6.153952
v 17.966305 6.162072 -5.959551
v -14.838277 6.506596 -6.153952
v -14.643888 6.162072 -5.959551
v -17.966257 6.162072 -5.959551
v -17.771856 6.506596 -6.153952
v -14.838277 6.506596 -9.010135
v -14.643888 6.162072 -9.204535
v -17.408426 6.506596 -9.010135
v -17.447104 6.162072 -9.204535
v 17.408476 6.506596 9.010135
v 17.447144 6.162072 9.204535
v 17.771898 6.506596 -8.646708
v 17.966305 6.162072 -8.685376
v 17.447144 6.162072 -9.204535
v 17.408476 6.506596 -9.010135
v -17.966257 6.162072 -8.685376
v -17.771856 6.506596 -8.646707
v 17.665459 6.506596 8.903688
v 17.814243 6.162072 9.052477
v -17.665403 6.506596 8.903688
v -17.814199 6.162072 9.052477
v 17.665459 6.506596 -8.903688
v 17.814243 6.162072 -9.052477
v -17.665403 6.506596 -8.903688
v -17.814199 6.162072 -9.052477
v 8.724936 1.605241 9.204535
v -8.724893 1.605241 9.204535
v 8.724936 2.406601 9.204535
v -8.724893 2.406601 9.204535
v 7.935491 1.803608 8.516348
v -7.935448 1.803608 8.516348
v 7.935491 2.208233 8.516348
v -7.935448 2.208233 8.516348
v -17.641792 0.380775 5.959551
v -17.641792 0.380775 8.360910
v -17.489727 0.380775 8.728011
v -17.122635 0.380775 8.880070
v -14.643888 0.380775 8.880070
v 14.643923 0.380775 8.880070
v 17.122679 0.380775 8.880070
v 17.489775 0.380775 8.728011
v 17.641836 0.380775 8.360910
v 17.641836 0.380775 5.959551
v 17.641836 0.380775 -5.959551
v 17.641836 0.380775 -8.360910
v 17.489775 0.380775 -8.728011
v 17.122679 0.380775 -8.880070
v 14.643923 0.380775 -8.880070
v -14.643888 0.380775 -8.880070
v -17.122635 0.380775 -8.880070
v -17.489727 0.380775 -8.728011
v -17.641792 0.380775 -8.360910
v -17.641792 0.380775 -5.959551
v -11.238094 37.257095 7.513096
v 11.950323 37.257095 7.513096
v -11.238094 7.394992 7.513096
v 11.950323 7.394992 7.513096
v -10.882911 7.693619 9.006379
v -11.134060 7.482459 8.918913
v -11.238094 7.394992 8.707752
v 11.595144 7.693619 9.006379
v 11.846296 7.482459 8.918913
v 11.950323 7.394992 8.707752
v -10.882911 36.958466 9.006379
v -11.134060 37.169624 8.918913
v -11.238094 37.257095 8.707752
v 11.595144 36.958466 9.006379
v 11.846296 37.169624 8.918913
v 11.950323 37.257095 8.707752
v -11.238094 31.144709 7.513096
v -11.238094 31.144709 8.707752
v -11.134060 31.093048 8.918913
v -10.882911 30.968332 9.006379
v 11.595144 30.968332 9.006379
v 11.846296 31.093048 8.918913
v 11.950323 31.144709 8.707752
v 11.950323 31.144709 7.513096
v -11.238094 13.507377 7.513096
v -11.238094 13.507377 8.707752
v -11.134060 13.559037 8.918913
v -10.882911 13.683754 9.006379
v 11.595144 13.683754 9.006379
v 11.846296 13.559037 8.918913
v 11.950323 13.507377 8.707752
v 11.950323 13.507377 7.513096
v 9.978180 20.802780 11.400785
v 9.884998 20.805958 11.218369
v 9.739868 20.808475 11.073599
v 9.556999 20.810097 10.980652
v 9.354279 20.810654 10.948626
v 9.151569 20.810097 10.980654
v 8.968685 20.808479 11.073601
v 8.823563 20.805958 11.218369
v 8.730377 20.802776 11.400785
v 8.698280 20.799255 11.603001
v 8.730377 20.795731 11.805210
v 8.823563 20.792553 11.987631
v 8.968685 20.790031 12.132395
v 9.151569 20.788410 12.225346
v 9.354279 20.787853 12.257370
v 9.556999 20.788410 12.225346
v 9.739868 20.790031 12.132397
v 9.884998 20.792553 11.987631
v 9.978184 20.795731 11.805210
v 10.010288 20.799255 11.602999
v 9.978176 25.322647 11.401114
v 9.884998 25.319901 11.218576
v 9.739868 25.317719 11.073715
v 9.556999 25.316322 10.980709
v 9.354279 25.315838 10.948662
v 9.151569 25.316322 10.980709
v 8.968685 25.317719 11.073717
v 8.823563 25.319901 11.218578
v 8.730377 25.322643 11.401114
v 8.698277 25.325691 11.603458
v 8.730377 25.328735 11.805801
v 8.823563 25.331478 11.988338
v 8.968685 25.333660 12.133200
v 9.151569 25.335060 12.226206
v 9.354279 25.335541 12.258253
v 9.556999 25.335060 12.226208
v 9.739872 25.333660 12.133200
v 9.885002 25.331478 11.988337
v 9.978180 25.328735 11.805801
v 10.010281 25.325687 11.603458
v 9.978180 28.029949 8.235453
v 9.885002 28.212830 8.235453
v 9.739868 28.357960 8.235453
v 9.556995 28.451138 8.235453
v 9.354279 28.483242 8.235453
v 9.151562 28.451138 8.235453
v 8.968685 28.357960 8.235453
v 8.823559 28.212830 8.235453
v 8.730377 28.029949 8.235453
v 8.698269 27.827236 8.235453
v 8.730377 27.624523 8.235453
v 8.823559 27.441643 8.235453
v 8.968685 27.296513 8.235453
v 9.151562 27.203335 8.235453
v 9.354279 27.171230 8.235453
v 9.556995 27.203335 8.235453
v 9.739868 27.296513 8.235453
v 9.885002 27.441643 8.235453
v 9.978180 27.624523 8.235453
v 10.010288 27.827236 8.235453
v 9.978176 28.025421 9.558819
v 9.884998 28.208050 9.561157
v 9.739868 28.352985 9.563013
v 9.556999 28.446041 9.564205
v 9.354279 28.478100 9.564615
v 9.151569 28.446041 9.564205
v 8.968685 28.352982 9.563013
v 8.823563 28.208046 9.561157
v 8.730377 28.025417 9.558819
v 8.698277 27.822975 9.556227
v 8.730377 27.620525 9.553635
v 8.823563 27.437893 9.551296
v 8.968685 27.292957 9.549440
v 9.151569 27.199905 9.548248
v 9.354279 27.167839 9.547838
v 9.556999 27.199905 9.548248
v 9.739872 27.292957 9.549440
v 9.885002 27.437897 9.551296
v 9.978180 27.620525 9.553635
v 10.010281 27.822971 9.556227
v 9.978180 18.698124 8.235453
v 9.885002 18.880997 8.235453
v 9.739868 19.026131 8.235453
v 9.556995 19.119308 8.235453
v 9.354279 19.151413 8.235453
v 9.151562 19.119308 8.235453
v 8.968685 19.026131 8.235453
v 8.823559 18.880997 8.235453
v 8.730377 18.698124 8.235453
v 8.698269 18.495407 8.235453
v 8.730377 18.292690 8.235453
v 8.823559 18.109814 8.235453
v 8.968685 17.964684 8.235453
v 9.151562 17.871506 8.235453
v 9.354279 17.839397 8.235453
v 9.556995 17.871506 8.235453
v 9.739868 17.964684 8.235453
v 9.885002 18.109814 8.235453
v 9.978180 18.292690 8.235453
v 10.010288 18.495407 8.235453
v 9.978176 18.701199 9.550663
v 9.884998 18.883911 9.548763
v 9.739868 19.028912 9.547256
v 9.556999 19.122009 9.546289
v 9.354279 19.154087 9.545958
v 9.151569 19.122009 9.546289
v 8.968685 19.028915 9.547256
v 8.823563 18.883911 9.548763
v 8.730377 18.701199 9.550663
v 8.698277 18.498665 9.552767
v 8.730377 18.296124 9.554871
v 8.823563 18.113415 9.556770
v 8.968685 17.968414 9.558277
v 9.151569 17.875317 9.559244
v 9.354279 17.843239 9.559578
v 9.556999 17.875317 9.559244
v 9.739872 17.968414 9.558277
v 9.885002 18.113415 9.556770
v 9.978180 18.296124 9.554871
v 10.010281 18.498665 9.552767
v 9.884998 26.560501 11.172915
v 9.739868 26.538170 11.032475
v 9.556999 26.523830 10.942308
v 9.354279 26.518890 10.911238
v 9.151569 26.523830 10.942308
v 8.968685 26.538170 11.032475
v 8.823563 26.560501 11.172915
v 8.730377 26.588646 11.349878
v 8.698277 26.619846 11.546045
v 8.730377 26.651043 11.742210
v 8.823563 26.679188 11.919176
v 8.968685 26.701523 12.059612
v 9.151569 26.715866 12.149782
v 9.354279 26.720806 12.180849
v 9.556999 26.715862 12.149782
v 9.739872 26.701523 12.059612
v 9.885002 26.679188 11.919176
v 9.978180 26.651043 11.742208
v 10.010281 26.619846 11.546045
v 9.978176 26.588646 11.349880
v 9.884998 26.984863 11.012768
v 9.739868 26.911423 10.896309
v 9.556999 26.864269 10.821537
v 9.354279 26.848026 10.795773
v 9.151569 26.864269 10.821537
v 8.968685 26.911423 10.896309
v 8.823563 26.984863 11.012768
v 8.730377 27.077400 11.159512
v 8.698277 27.179985 11.322182
v 8.730377 27.282570 11.484850
v 8.823563 27.375107 11.631596
v 8.968685 27.448551 11.748055
v 9.151569 27.495701 11.822824
v 9.354279 27.511948 11.848587
v 9.556999 27.495705 11.822824
v 9.739872 27.448551 11.748055
v 9.885002 27.375107 11.631596
v 9.978180 27.282570 11.484850
v 10.010281 27.179985 11.322182
v 9.978176 27.077404 11.159512
v 9.884998 27.252007 10.716442
v 9.739868 27.130516 10.650103
v 9.556999 27.052517 10.607512
v 9.354279 27.025639 10.592834
v 9.151569 27.052513 10.607513
v 8.968685 27.130516 10.650105
v 8.823563 27.252007 10.716442
v 8.730377 27.405102 10.800034
v 8.698277 27.574799 10.892696
v 8.730377 27.744499 10.985357
v 8.823563 27.897591 11.068949
v 8.968685 28.019081 11.135288
v 9.151569 28.097088 11.177881
v 9.354279 28.123962 11.192556
v 9.556999 28.097084 11.177881
v 9.739872 28.019081 11.135288
v 9.885002 27.897587 11.068949
v 9.978180 27.744499 10.985357
v 10.010281 27.574802 10.892696
v 9.978176 27.405098 10.800034
v 9.884998 27.397274 10.255743
v 9.739868 27.255737 10.236372
v 9.556999 27.164860 10.223932
v 9.354279 27.133553 10.219646
v 9.151569 27.164860 10.223932
v 8.968685 27.255737 10.236372
v 8.823563 27.397274 10.255743
v 8.730377 27.575626 10.280153
v 8.698280 27.773327 10.307215
v 8.730377 27.971027 10.334274
v 8.823563 28.149376 10.358686
v 8.968685 28.290913 10.378061
v 9.151569 28.381786 10.390499
v 9.354279 28.413097 10.394783
v 9.556999 28.381786 10.390497
v 9.739868 28.290916 10.378061
v 9.885002 28.149376 10.358686
v 9.978184 27.971024 10.334274
v 10.010284 27.773327 10.307215
v 9.978180 27.575626 10.280155
v 9.884998 19.609379 11.171471
v 9.978180 19.577324 11.346733
v 10.010281 19.541790 11.541016
v 9.978176 19.506260 11.735300
v 9.884998 19.474205 11.910564
v 9.739868 19.448769 12.049656
v 9.556999 19.432438 12.138958
v 9.354279 19.426807 12.169729
v 9.151569 19.432438 12.138956
v 8.968685 19.448769 12.049656
v 8.823563 19.474205 11.910564
v 8.730377 19.506260 11.735300
v 8.698277 19.541790 11.541018
v 8.730377 19.577324 11.346735
v 8.823563 19.609379 11.171471
v 8.968685 19.634815 11.032377
v 9.151569 19.651150 10.943077
v 9.354279 19.656773 10.912306
v 9.556999 19.651150 10.943075
v 9.739872 19.634815 11.032379
v 9.884998 19.251202 11.010445
v 9.978180 19.149540 11.149708
v 10.010281 19.036842 11.304085
v 9.978176 18.924145 11.458460
v 9.884998 18.822483 11.597725
v 9.739868 18.741798 11.708244
v 9.556999 18.690002 11.779203
v 9.354279 18.672150 11.803656
v 9.151569 18.690002 11.779203
v 8.968685 18.741798 11.708244
v 8.823563 18.822483 11.597725
v 8.730377 18.924149 11.458460
v 8.698277 19.036842 11.304085
v 8.730377 19.149540 11.149708
v 8.823563 19.251202 11.010445
v 8.968685 19.331886 10.899923
v 9.151569 19.383686 10.828962
v 9.354279 19.401535 10.804512
v 9.556999 19.383686 10.828962
v 9.739872 19.331886 10.899923
v 9.884998 19.034504 10.707626
v 9.978180 18.875359 10.781258
v 10.010281 18.698944 10.862881
v 9.978176 18.522530 10.944502
v 9.884998 18.363388 11.018133
v 9.739868 18.237091 11.076567
v 9.556999 18.156006 11.114084
v 9.354279 18.128059 11.127012
v 9.151569 18.156006 11.114086
v 8.968685 18.237091 11.076567
v 8.823563 18.363384 11.018133
v 8.730377 18.522530 10.944502
v 8.698277 18.698944 10.862881
v 8.730377 18.875359 10.781258
v 8.823563 19.034504 10.707626
v 8.968685 19.160801 10.649193
v 9.151569 19.241890 10.611675
v 9.354279 19.269829 10.598751
v 9.556999 19.241890 10.611675
v 9.739872 19.160805 10.649193
v 9.884998 18.916218 10.239532
v 9.978184 18.736610 10.259884
v 10.010284 18.537502 10.282440
v 9.978180 18.338398 10.305000
v 9.884998 18.158787 10.325350
v 9.739868 18.016239 10.341499
v 9.556999 17.924721 10.351868
v 9.354279 17.893188 10.355442
v 9.151569 17.924725 10.351868
v 8.968685 18.016239 10.341499
v 8.823563 18.158783 10.325350
v 8.730377 18.338398 10.305000
v 8.698280 18.537502 10.282442
v 8.730377 18.736607 10.259884
v 8.823563 18.916218 10.239532
v 8.968685 19.058765 10.223383
v 9.151569 19.150284 10.213017
v 9.354279 19.181816 10.209442
v 9.556999 19.150284 10.213015
v 9.739868 19.058765 10.223383
v -16.090704 3.275529 7.923913
v -16.650955 3.275529 7.691850
v -16.883017 3.275529 7.131601
v -16.883017 42.310379 7.131601
v -16.650955 42.310379 7.691850
v -16.090704 42.310379 7.923913
v 16.883017 3.275529 7.131601
v 16.650955 3.275529 7.691850
v 16.090708 3.275529 7.923913
v 16.090708 42.310379 7.923913
v 16.650955 42.310379 7.691850
v 16.883017 42.310379 7.131601
v -16.090704 42.310379 -8.805459
v -16.650955 42.310379 -8.573396
v -16.883017 42.310379 -8.013147
v -16.883017 3.275529 -8.013147
v -16.650955 3.275529 -8.573396
v -16.090704 3.275529 -8.805459
v 16.883017 42.310379 -8.013147
v 16.650955 42.310379 -8.573396
v 16.090708 42.310379 -8.805459
v 16.090708 3.275529 -8.805459
v 16.650955 3.275529 -8.573396
v 16.883017 3.275529 -8.013147
v 14.643888 40.180733 -9.204535
v 14.643888 40.180733 9.204535
v -14.643923 40.180733 -9.204535
v -14.643923 40.180733 9.204535
v -14.643923 43.431030 -5.959551
v -17.966305 40.180733 -5.959551
v -14.643923 40.180733 -5.959551
v 14.643888 40.180733 -5.959551
v 17.966257 40.180733 -5.959551
v 14.643888 43.431030 -5.959551
v -14.643923 43.431030 5.959551
v -17.966305 40.180733 5.959551
v -14.643923 40.180733 5.959551
v 14.643888 40.180733 5.959551
v 17.966257 40.180733 5.959551
v 14.643888 43.431030 5.959551
v -14.643923 43.431030 8.555603
v -14.643923 42.782101 9.204535
v -14.643923 42.782101 -9.204535
v -14.643923 43.431030 -8.555603
v -17.317368 43.431030 5.959551
v -17.966305 42.782101 5.959551
v 17.966257 42.782101 5.959551
v 17.317326 43.431030 5.959551
v 14.643888 42.782101 9.204535
v 14.643888 43.431030 8.555603
v 14.643888 42.782101 -9.204535
v 14.643888 43.431030 -8.555603
v -17.317368 43.431030 -5.959551
v -17.966305 42.782101 -5.959551
v 17.966257 42.782101 -5.959551
v 17.317326 43.431030 -5.959551
v -17.966305 40.180733 8.685376
v -17.814243 40.180733 9.052477
v -17.447144 40.180733 9.204535
v 17.447104 40.180733 9.204535
v 17.814198 40.180733 9.052477
v 17.966257 40.180733 8.685376
v -17.447144 40.180733 -9.204535
v -17.814243 40.180733 -9.052477
v -17.966305 40.180733 -8.685376
v 17.966257 40.180733 -8.685376
v 17.814198 40.180733 -9.052477
v 17.447104 40.180733 -9.204535
v -17.447144 42.782101 9.204535
v -17.814243 42.782101 9.052477
v -17.966305 42.782101 8.685376
v -16.798214 43.431030 8.555603
v -17.317368 43.431030 8.036445
v -17.165308 43.431030 8.403545
v -16.798214 43.431030 -8.555603
v -17.165308 43.431030 -8.403545
v -17.317368 43.431030 -8.036445
v -17.966305 42.782101 -8.685376
v -17.814243 42.782101 -9.052477
v -17.447144 42.782101 -9.204535
v 17.966257 42.782101 8.685376
v 17.814198 42.782101 9.052477
v 17.447104 42.782101 9.204535
v 17.317326 43.431030 8.036445
v 16.798166 43.431030 8.555603
v 17.165258 43.431030 8.403545
v 17.447104 42.782101 -9.204535
v 17.814198 42.782101 -9.052477
v 17.966257 42.782101 -8.685376
v 16.798166 43.431030 -8.555603
v 17.317326 43.431030 -8.036445
v 17.165258 43.431030 -8.403545
v -17.966305 37.325272 5.959551
v -17.771898 36.980747 6.153952
v -14.838312 36.980747 6.153952
v -14.643923 37.325272 5.959551
v -14.838312 36.980747 9.010135
v -14.643923 37.325272 9.204535
v -17.966305 37.325272 8.685376
v -17.771898 36.980747 8.646708
v 14.838278 36.980747 6.153952
v 14.643888 37.325272 5.959551
v 14.643888 37.325272 9.204535
v 14.838278 36.980747 9.010135
v 17.771854 36.980747 6.153952
v 17.966257 37.325272 5.959551
v 17.771854 36.980747 8.646707
v 17.966257 37.325272 8.685376
v 17.447104 37.325272 9.204535
v 17.408428 36.980747 9.010135
v -14.643923 37.325272 -9.204535
v -14.838312 36.980747 -9.010135
v -14.838312 36.980747 -6.153952
v -14.643923 37.325272 -5.959551
v -17.771898 36.980747 -6.153952
v -17.966305 37.325272 -5.959551
v 14.838278 36.980747 -6.153952
v 14.643888 37.325272 -5.959551
v 17.966257 37.325272 -5.959551
v 17.771854 36.980747 -6.153952
v 14.838278 36.980747 -9.010135
v 14.643888 37.325272 -9.204535
v 17.408428 36.980747 -9.010135
v 17.447104 37.325272 -9.204535
v -17.408474 36.980747 9.010135
v -17.447144 37.325272 9.204535
v -17.771898 36.980747 -8.646708
v -17.966305 37.325272 -8.685376
v -17.447144 37.325272 -9.204535
v -17.408474 36.980747 -9.010135
v 17.966257 37.325272 -8.685376
v 17.771854 36.980747 -8.646707
v -17.665459 36.980747 8.903688
v -17.814243 37.325272 9.052477
v 17.665401 36.980747 8.903688
v 17.814198 37.325272 9.052477
v -17.665459 36.980747 -8.903688
v -17.814243 37.325272 -9.052477
v 17.665401 36.980747 -8.903688
v 17.814198 37.325272 -9.052477
v -8.724935 41.882103 9.204535
v 8.724892 41.882103 9.204535
v -8.724935 41.080742 9.204535
v 8.724892 41.080742 9.204535
v -7.935491 41.683735 8.516348
v 7.935447 41.683735 8.516348
v -7.935491 41.279110 8.516348
v 7.935447 41.279110 8.516348
v 17.641792 43.106567 5.959551
v 17.641792 43.106567 8.360910
v 17.489729 43.106567 8.728011
v 17.122635 43.106567 8.880070
v 14.643888 43.106567 8.880070
v -14.643923 43.106567 8.880070
v -17.122679 43.106567 8.880070
v -17.489777 43.106567 8.728011
v -17.641836 43.106567 8.360910
v -17.641836 43.106567 5.959551
v -17.641836 43.106567 -5.959551
v -17.641836 43.106567 -8.360910
v -17.489777 43.106567 -8.728011
v -17.122679 43.106567 -8.880070
v -14.643923 43.106567 -8.880070
v 14.643888 43.106567 -8.880070
v 17.122635 43.106567 -8.880070
v 17.489729 43.106567 -8.728011
v 17.641792 43.106567 -8.360910
v 17.641792 43.106567 -5.959551
v -8.651872 9.109610 9.244674
v -7.463230 9.109610 9.244674
v -8.651872 10.298252 9.244674
v -7.463230 10.298252 9.244674
v -8.808218 10.454598 8.660150
v -7.306883 8.953263 8.660150
v -8.808218 8.953263 8.660150
v -8.057550 8.953263 9.398443
v -7.306883 9.703931 9.398443
v -8.057550 10.454598 9.398443
v -8.808218 9.703931 9.398443
v -7.306883 10.454598 8.660150
v -8.057550 9.703931 9.668453
v -8.057550 10.729135 8.660150
v -8.057550 8.678727 8.660150
v -7.032347 9.703931 8.660150
v -9.082754 9.703931 8.660150
v -8.438456 9.323025 9.536936
v -7.676645 9.323025 9.536936
v -7.676645 10.084837 9.536936
v -8.438456 10.084837 9.536936
v -8.438456 10.595412 9.034777
v -7.676645 10.595412 9.034777
v -7.676645 8.812449 9.034777
v -8.438457 8.812449 9.034777
v -7.166069 9.323025 9.034777
v -7.166069 10.084837 9.034777
v -8.949032 9.323026 9.034777
v -8.949032 10.084837 9.034777
v -8.057550 9.294660 9.600702
v -7.648280 9.703931 9.600702
v -8.057550 10.113202 9.600702
v -8.466822 9.703931 9.600702
v -8.057550 10.660247 9.062675
v -7.648280 10.660247 8.660150
v -8.466822 10.660247 8.660150
v -7.648280 8.747615 8.660150
v -8.057550 8.747615 9.062675
v -8.466822 8.747615 8.660150
v -7.101234 9.294660 8.660150
v -7.101234 10.113202 8.660150
v -7.101234 9.703931 9.062675
v -9.013866 9.294660 8.660150
v -9.013866 9.703931 9.062675
v -9.013866 10.113202 8.660150
v -8.410090 9.004929 9.347630
v -7.705010 9.004929 9.347630
v -7.358548 9.351391 9.347630
v -7.358548 10.056471 9.347630
v -7.705010 10.402933 9.347630
v -8.410090 10.402933 9.347630
v -8.756553 10.056471 9.347630
v -8.756553 9.351391 9.347630
v -7.358548 10.402933 9.006879
v -8.756553 10.402933 9.006879
v -7.358548 9.004929 9.006879
v -8.756553 9.004929 9.006879
v -8.651872 34.582047 9.244674
v -7.463229 34.582047 9.244674
v -8.651872 35.770691 9.244673
v -7.463229 35.770691 9.244673
v -8.808217 35.927036 8.660150
v -7.306882 34.425701 8.660150
v -8.808217 34.425701 8.660150
v -8.057550 34.425701 9.398442
v -7.306882 35.176369 9.398442
v -8.057550 35.927036 9.398442
v -8.808217 35.176369 9.398442
v -7.306882 35.927036 8.660150
v -8.057550 35.176369 9.668453
v -8.057550 36.201572 8.660150
v -8.057550 34.151165 8.660150
v -7.032347 35.176369 8.660150
v -9.082753 35.176369 8.660150
v -8.438456 34.795464 9.536936
v -7.676644 34.795464 9.536936
v -7.676644 35.557274 9.536936
v -8.438456 35.557274 9.536936
v -8.438456 36.067848 9.034777
v -7.676644 36.067848 9.034777
v -7.676644 34.284889 9.034777
v -8.438456 34.284889 9.034777
v -7.166069 34.795464 9.034777
v -7.166069 35.557274 9.034777
v -8.949032 34.795464 9.034777
v -8.949032 35.557274 9.034777
v -8.057550 34.767097 9.600701
v -7.648279 35.176369 9.600701
v -8.057550 35.585640 9.600702
v -8.466821 35.176369 9.600701
v -8.057550 36.132683 9.062674
v -7.648279 36.132683 8.660150
v -8.466821 36.132683 8.660150
v -7.648279 34.220055 8.660150
v -8.057550 34.220055 9.062674
v -8.466821 34.220055 8.660150
v -7.101234 34.767097 8.660150
v -7.101234 35.585640 8.660150
v -7.101234 35.176369 9.062674
v -9.013866 34.767097 8.660150
v -9.013866 35.176369 9.062674
v -9.013866 35.585640 8.660150
v -8.410090 34.477367 9.347630
v -7.705010 34.477367 9.347630
v -7.358548 34.823830 9.347630
v -7.358548 35.528912 9.347630
v -7.705010 35.875374 9.347630
v -8.410090 35.875374 9.347630
v -8.756553 35.528912 9.347630
v -8.756553 34.823830 9.347630
v -7.358548 35.875374 9.006879
v -8.756553 35.875374 9.006879
v -7.358548 34.477367 9.006879
v -8.756553 34.477367 9.006879
vt 0.185468 0.700431
vt 0.330061 0.702404
vt 0.332612 0.701236
vt 0.339291 0.697809
vt 0.174055 0.710610
vt 0.180666 0.707130
vt 0.183380 0.698737
vt 0.174899 0.693304
vt 0.330461 0.710206
vt 0.338950 0.715375
vt 0.183845 0.706640
vt 0.328833 0.708632
vt 0.182348 0.706673
vt 0.184461 0.699880
vt 0.329613 0.709107
vt 0.331188 0.702024
vt 0.304355 0.723080
vt 0.304056 0.712757
vt 0.303465 0.710848
vt 0.302565 0.710090
vt 0.302542 0.699630
vt 0.303173 0.698845
vt 0.303557 0.696945
vt 0.304785 0.686208
vt 0.208747 0.723216
vt 0.209806 0.712452
vt 0.210153 0.710547
vt 0.210758 0.709759
vt 0.210518 0.699223
vt 0.209675 0.698444
vt 0.209131 0.696523
vt 0.209344 0.686206
vt 0.450035 0.456675
vt 0.285388 0.456706
vt 0.285386 0.438477
vt 0.450030 0.438447
vt 0.285397 0.610659
vt 0.285394 0.592431
vt 0.450047 0.592423
vt 0.450047 0.610651
vt 0.450004 0.558054
vt 0.285443 0.558061
vt 0.285430 0.491091
vt 0.450000 0.491085
vt 0.231979 0.491005
vt 0.250642 0.491027
vt 0.250534 0.558115
vt 0.231871 0.558075
vt 0.484870 0.491039
vt 0.503532 0.491043
vt 0.503543 0.558115
vt 0.484880 0.558129
vt 0.285601 0.473933
vt 0.285599 0.471350
vt 0.449830 0.471318
vt 0.449827 0.473901
vt 0.285590 0.577804
vt 0.285594 0.575221
vt 0.449848 0.575238
vt 0.449850 0.577821
vt 0.265243 0.491216
vt 0.267830 0.491216
vt 0.267812 0.557926
vt 0.265227 0.557927
vt 0.467598 0.557929
vt 0.467636 0.491224
vt 0.470223 0.491224
vt 0.470184 0.557932
vt 0.285598 0.476515
vt 0.449830 0.476483
vt 0.547887 0.444652
vt 0.459688 0.444437
vt 0.459987 0.441994
vt 0.548186 0.442209
vt 0.449850 0.572655
vt 0.285593 0.572638
vt 0.270397 0.557929
vt 0.270417 0.491212
vt 0.465050 0.491220
vt 0.465011 0.557931
vt 0.265431 0.476057
vt 0.265710 0.473873
vt 0.268558 0.475587
vt 0.267950 0.477772
vt 0.267908 0.471925
vt 0.270104 0.471544
vt 0.271812 0.474057
vt 0.269655 0.474662
vt 0.267905 0.571316
vt 0.268513 0.573498
vt 0.265678 0.575210
vt 0.265381 0.573013
vt 0.269610 0.574429
vt 0.271764 0.575038
vt 0.270038 0.577541
vt 0.267859 0.577171
vt 0.465327 0.471514
vt 0.467507 0.471898
vt 0.465770 0.474633
vt 0.463616 0.474028
vt 0.469767 0.473939
vt 0.470063 0.476136
vt 0.467540 0.477833
vt 0.466932 0.475651
vt 0.470014 0.573020
vt 0.469709 0.575204
vt 0.466880 0.573497
vt 0.467491 0.571318
vt 0.467602 0.577202
vt 0.465405 0.577566
vt 0.463683 0.575063
vt 0.465841 0.574456
vt 0.269262 0.457290
vt 0.269366 0.592081
vt 0.484371 0.475418
vt 0.250901 0.475543
vt 0.466063 0.592091
vt 0.466160 0.457256
vt 0.251061 0.573739
vt 0.484337 0.573755
vt 0.271219 0.477469
vt 0.270454 0.479587
vt 0.271453 0.571796
vt 0.273569 0.572550
vt 0.465032 0.479630
vt 0.464272 0.477513
vt 0.461878 0.572574
vt 0.463995 0.571822
vt 0.251044 0.473291
vt 0.267029 0.457491
vt 0.267110 0.591890
vt 0.251229 0.575973
vt 0.468413 0.457459
vt 0.484205 0.473184
vt 0.484166 0.576003
vt 0.468299 0.591905
vt 0.385069 0.686431
vt 0.383931 0.688726
vt 0.370231 0.688293
vt 0.370035 0.686171
vt 0.386210 0.687799
vt 0.384916 0.706613
vt 0.382758 0.705399
vt 0.383655 0.707703
vt 0.365274 0.706344
vt 0.366511 0.704214
vt 0.364062 0.705024
vt 0.366061 0.689605
vt 0.368124 0.690108
vt 0.368736 0.688692
vt 0.367830 0.686425
vt 0.643953 0.648760
vt 0.644849 0.651069
vt 0.626045 0.649682
vt 0.627287 0.647558
vt 0.646107 0.649975
vt 0.645083 0.632508
vt 0.647366 0.631586
vt 0.646218 0.630211
vt 0.630947 0.632051
vt 0.630754 0.629929
vt 0.624842 0.648374
vt 0.626788 0.633375
vt 0.628852 0.633881
vt 0.627330 0.631237
vt 0.629461 0.632456
vt 0.628542 0.630210
vt 0.684777 0.630944
vt 0.687073 0.632079
vt 0.686616 0.646215
vt 0.684494 0.646408
vt 0.686152 0.629795
vt 0.704540 0.631056
vt 0.703326 0.633209
vt 0.705634 0.632313
vt 0.704247 0.651117
vt 0.702122 0.649875
vt 0.702938 0.652320
vt 0.687940 0.650374
vt 0.688446 0.648309
vt 0.327841 0.648000
vt 0.326945 0.645696
vt 0.345325 0.647057
vt 0.344088 0.649187
vt 0.325683 0.646786
vt 0.326666 0.664673
vt 0.324387 0.665600
vt 0.325527 0.666968
vt 0.340366 0.665107
vt 0.340562 0.667230
vt 0.346537 0.648377
vt 0.344536 0.663796
vt 0.342473 0.663293
vt 0.343967 0.665937
vt 0.341861 0.664708
vt 0.366630 0.687464
vt 0.685802 0.649832
vt 0.687021 0.647701
vt 0.684775 0.648620
vt 0.342767 0.666976
vt 0.402197 0.688887
vt 0.400957 0.707593
vt 0.382370 0.723714
vt 0.364109 0.722334
vt 0.663361 0.632700
vt 0.662138 0.650973
vt 0.643545 0.667087
vt 0.624854 0.665662
vt 0.687267 0.613800
vt 0.705540 0.615025
vt 0.721653 0.633618
vt 0.720226 0.652309
vt 0.308400 0.664509
vt 0.309642 0.645804
vt 0.328232 0.629685
vt 0.346492 0.631067
vt 0.350375 0.686863
vt 0.350815 0.684652
vt 0.367127 0.670554
vt 0.369361 0.670422
vt 0.611103 0.630676
vt 0.611529 0.628465
vt 0.627801 0.614349
vt 0.630035 0.614205
vt 0.685240 0.666058
vt 0.683029 0.665632
vt 0.668913 0.649360
vt 0.668770 0.647126
vt 0.360221 0.666539
vt 0.359782 0.668750
vt 0.343468 0.682847
vt 0.341234 0.682978
vt 0.348081 0.702498
vt 0.384861 0.670047
vt 0.608847 0.645839
vt 0.645998 0.613804
vt 0.668370 0.631162
vt 0.700403 0.668315
vt 0.362517 0.650905
vt 0.325734 0.683352
vt 0.463946 0.477271
vt 0.461827 0.476525
vt 0.464220 0.571634
vt 0.464984 0.569518
vt 0.271174 0.571635
vt 0.270414 0.569518
vt 0.273600 0.476554
vt 0.271482 0.477301
vt 0.318761 0.466272
vt 0.416634 0.466256
vt 0.318748 0.461761
vt 0.416647 0.461745
vt 0.554923 0.448196
vt 0.452975 0.448212
vt 0.452955 0.438446
vt 0.554900 0.438434
vt 0.557074 0.751014
vt 0.557027 0.624756
vt 0.590673 0.624744
vt 0.590720 0.751001
vt 0.593289 0.752995
vt 0.593240 0.622748
vt 0.599950 0.622745
vt 0.599999 0.752992
vt 0.417065 0.753061
vt 0.417016 0.622814
vt 0.423726 0.622812
vt 0.423776 0.753059
vt 0.558016 0.621940
vt 0.558014 0.615230
vt 0.592347 0.615217
vt 0.592349 0.621927
vt 0.558069 0.760539
vt 0.558066 0.753829
vt 0.592399 0.753816
vt 0.592401 0.760527
vt 0.426342 0.751063
vt 0.425059 0.752474
vt 0.425010 0.623395
vt 0.426295 0.624806
vt 0.557727 0.623262
vt 0.591858 0.623249
vt 0.557775 0.752507
vt 0.591907 0.752494
vt 0.592005 0.752411
vt 0.591956 0.623333
vt 0.458999 0.753867
vt 0.459001 0.760577
vt 0.459288 0.752544
vt 0.459988 0.751050
vt 0.459941 0.624793
vt 0.459240 0.623299
vt 0.458949 0.621977
vt 0.458947 0.615267
vt 0.424669 0.760590
vt 0.424666 0.753879
vt 0.425157 0.752557
vt 0.425108 0.623312
vt 0.424616 0.621990
vt 0.424614 0.615280
vt 0.621696 0.696764
vt 0.622840 0.696764
vt 0.622840 0.722549
vt 0.621696 0.722549
vt 0.624004 0.696764
vt 0.624004 0.722549
vt 0.625186 0.696764
vt 0.625186 0.722549
vt 0.626356 0.696764
vt 0.626356 0.722549
vt 0.603178 0.696764
vt 0.604352 0.696764
vt 0.604352 0.722549
vt 0.603178 0.722549
vt 0.605530 0.696764
vt 0.605530 0.722549
vt 0.606693 0.696764
vt 0.606693 0.722549
vt 0.607836 0.696764
vt 0.607836 0.722549
vt 0.608967 0.696764
vt 0.608967 0.722549
vt 0.610098 0.696764
vt 0.610098 0.722549
vt 0.611240 0.696764
vt 0.611240 0.722549
vt 0.612399 0.696764
vt 0.612399 0.722549
vt 0.613576 0.696764
vt 0.613576 0.722549
vt 0.614754 0.696764
vt 0.614754 0.722549
vt 0.615929 0.696764
vt 0.615929 0.722549
vt 0.617110 0.696764
vt 0.617110 0.722549
vt 0.618276 0.696764
vt 0.618276 0.722549
vt 0.619424 0.696764
vt 0.619424 0.722549
vt 0.620561 0.696764
vt 0.620561 0.722549
vt 0.619424 0.750854
vt 0.618276 0.750854
vt 0.618276 0.743359
vt 0.619424 0.743359
vt 0.617110 0.750854
vt 0.617110 0.743359
vt 0.615929 0.750854
vt 0.615929 0.743359
vt 0.614754 0.750854
vt 0.614754 0.743359
vt 0.613576 0.750854
vt 0.613576 0.743359
vt 0.612399 0.750854
vt 0.612399 0.743359
vt 0.611240 0.750854
vt 0.611240 0.743359
vt 0.610098 0.750854
vt 0.610098 0.743359
vt 0.608967 0.750854
vt 0.608967 0.743359
vt 0.607836 0.750854
vt 0.607836 0.743359
vt 0.606693 0.750854
vt 0.606693 0.743359
vt 0.605530 0.750854
vt 0.605530 0.743359
vt 0.604352 0.750854
vt 0.604352 0.743359
vt 0.603178 0.750854
vt 0.603178 0.743359
vt 0.626356 0.750854
vt 0.625186 0.750854
vt 0.625186 0.743359
vt 0.626356 0.743359
vt 0.624004 0.750854
vt 0.624004 0.743359
vt 0.622840 0.750854
vt 0.622840 0.743359
vt 0.621696 0.750854
vt 0.621696 0.743359
vt 0.620561 0.750854
vt 0.620561 0.743359
vt 0.621696 0.669361
vt 0.622840 0.669361
vt 0.622840 0.676838
vt 0.621696 0.676838
vt 0.624004 0.669361
vt 0.624004 0.676838
vt 0.625186 0.669361
vt 0.625186 0.676838
vt 0.626356 0.669361
vt 0.626356 0.676838
vt 0.603178 0.669361
vt 0.604352 0.669361
vt 0.604352 0.676838
vt 0.603178 0.676838
vt 0.605530 0.669361
vt 0.605530 0.676838
vt 0.606693 0.669361
vt 0.606693 0.676838
vt 0.607836 0.669361
vt 0.607836 0.676838
vt 0.608967 0.669361
vt 0.608967 0.676838
vt 0.610098 0.669361
vt 0.610098 0.676838
vt 0.611240 0.669361
vt 0.611240 0.676838
vt 0.612399 0.669361
vt 0.612399 0.676838
vt 0.613576 0.669361
vt 0.613576 0.676838
vt 0.614754 0.669361
vt 0.614754 0.676838
vt 0.615929 0.669361
vt 0.615929 0.676838
vt 0.617110 0.669361
vt 0.617110 0.676838
vt 0.618276 0.669361
vt 0.618276 0.676838
vt 0.619424 0.669361
vt 0.619424 0.676838
vt 0.620561 0.669361
vt 0.620561 0.676838
vt 0.622840 0.739141
vt 0.624004 0.739141
vt 0.625186 0.739141
vt 0.626356 0.739141
vt 0.603178 0.739141
vt 0.604352 0.739141
vt 0.605530 0.739141
vt 0.606693 0.739141
vt 0.607836 0.739141
vt 0.608967 0.739141
vt 0.610098 0.739141
vt 0.611240 0.739141
vt 0.612399 0.739141
vt 0.613576 0.739141
vt 0.614754 0.739141
vt 0.615929 0.739141
vt 0.617110 0.739141
vt 0.618276 0.739141
vt 0.619424 0.739141
vt 0.620561 0.739141
vt 0.621696 0.739141
vt 0.624004 0.729874
vt 0.622840 0.729874
vt 0.625186 0.729874
vt 0.626356 0.729874
vt 0.604352 0.729874
vt 0.603178 0.729874
vt 0.605530 0.729874
vt 0.606693 0.729874
vt 0.607836 0.729874
vt 0.608967 0.729874
vt 0.610098 0.729874
vt 0.611240 0.729874
vt 0.612399 0.729874
vt 0.613576 0.729874
vt 0.614754 0.729874
vt 0.615929 0.729874
vt 0.617110 0.729874
vt 0.618276 0.729874
vt 0.619424 0.729874
vt 0.620561 0.729874
vt 0.621696 0.729874
vt 0.624004 0.732987
vt 0.622840 0.732987
vt 0.625186 0.732987
vt 0.626356 0.732987
vt 0.604352 0.732987
vt 0.603178 0.732987
vt 0.605530 0.732987
vt 0.606693 0.732987
vt 0.607836 0.732987
vt 0.608967 0.732987
vt 0.610098 0.732987
vt 0.611240 0.732987
vt 0.612399 0.732987
vt 0.613576 0.732987
vt 0.614754 0.732987
vt 0.615929 0.732987
vt 0.617110 0.732987
vt 0.618276 0.732987
vt 0.619424 0.732987
vt 0.620561 0.732987
vt 0.621696 0.732987
vt 0.624004 0.735895
vt 0.622840 0.735895
vt 0.625186 0.735895
vt 0.626356 0.735895
vt 0.604352 0.735895
vt 0.603178 0.735895
vt 0.605530 0.735895
vt 0.606693 0.735895
vt 0.607836 0.735895
vt 0.608967 0.735895
vt 0.610098 0.735895
vt 0.611240 0.735895
vt 0.612399 0.735895
vt 0.613576 0.735895
vt 0.614754 0.735895
vt 0.615929 0.735895
vt 0.617110 0.735895
vt 0.618276 0.735895
vt 0.619424 0.735895
vt 0.620561 0.735895
vt 0.621696 0.735895
vt 0.622840 0.680952
vt 0.621696 0.680952
vt 0.620561 0.680952
vt 0.619424 0.680952
vt 0.618276 0.680952
vt 0.617110 0.680952
vt 0.615929 0.680952
vt 0.614754 0.680952
vt 0.613576 0.680952
vt 0.612399 0.680952
vt 0.611240 0.680952
vt 0.610098 0.680952
vt 0.608967 0.680952
vt 0.607836 0.680952
vt 0.606693 0.680952
vt 0.605530 0.680952
vt 0.604352 0.680952
vt 0.603178 0.680952
vt 0.626356 0.680952
vt 0.625186 0.680952
vt 0.624004 0.680952
vt 0.621696 0.689669
vt 0.622840 0.689669
vt 0.620561 0.689669
vt 0.619424 0.689669
vt 0.618276 0.689669
vt 0.617110 0.689669
vt 0.615929 0.689669
vt 0.614754 0.689669
vt 0.613576 0.689669
vt 0.612399 0.689669
vt 0.611240 0.689669
vt 0.610098 0.689669
vt 0.608967 0.689669
vt 0.607836 0.689669
vt 0.606693 0.689669
vt 0.605530 0.689669
vt 0.604352 0.689669
vt 0.603178 0.689669
vt 0.625186 0.689669
vt 0.626356 0.689669
vt 0.624004 0.689669
vt 0.621696 0.686876
vt 0.622840 0.686876
vt 0.620561 0.686876
vt 0.619424 0.686876
vt 0.618276 0.686876
vt 0.617110 0.686876
vt 0.615929 0.686876
vt 0.614754 0.686876
vt 0.613576 0.686876
vt 0.612399 0.686876
vt 0.611240 0.686876
vt 0.610098 0.686876
vt 0.608967 0.686876
vt 0.607836 0.686876
vt 0.606693 0.686876
vt 0.605530 0.686876
vt 0.604352 0.686876
vt 0.603178 0.686876
vt 0.625186 0.686876
vt 0.626356 0.686876
vt 0.624004 0.686876
vt 0.621696 0.684138
vt 0.622840 0.684138
vt 0.620561 0.684138
vt 0.619424 0.684138
vt 0.618276 0.684138
vt 0.617110 0.684138
vt 0.615929 0.684138
vt 0.614754 0.684138
vt 0.613576 0.684138
vt 0.612399 0.684138
vt 0.611240 0.684138
vt 0.610098 0.684138
vt 0.608967 0.684138
vt 0.607836 0.684138
vt 0.606693 0.684138
vt 0.605530 0.684138
vt 0.604352 0.684138
vt 0.603178 0.684138
vt 0.625186 0.684138
vt 0.626356 0.684138
vt 0.624004 0.684138
vt 0.496578 0.215995
vt 0.496610 0.435251
vt 0.315850 0.435277
vt 0.315818 0.216021
vt 0.595301 0.435236
vt 0.595269 0.215981
vt 0.776029 0.215955
vt 0.776061 0.435210
vt 0.309006 0.216022
vt 0.309037 0.435278
vt 0.223971 0.435290
vt 0.223939 0.216035
vt 0.588457 0.215982
vt 0.588489 0.435237
vt 0.503422 0.435250
vt 0.503390 0.215994
vt 0.500016 0.435250
vt 0.499984 0.215995
vt 0.312443 0.435277
vt 0.312412 0.216022
vt 0.591863 0.215982
vt 0.591895 0.435237
vt 0.779435 0.215955
vt 0.779467 0.435210
vt 0.220533 0.216035
vt 0.220565 0.435290
vt 0.724973 0.456635
vt 0.560326 0.456666
vt 0.560324 0.438438
vt 0.724968 0.438407
vt 0.560335 0.610620
vt 0.560332 0.592391
vt 0.724985 0.592384
vt 0.724985 0.610612
vt 0.724941 0.558015
vt 0.560381 0.558021
vt 0.560368 0.491051
vt 0.724938 0.491045
vt 0.506917 0.490965
vt 0.525580 0.490987
vt 0.525472 0.558076
vt 0.506808 0.558035
vt 0.759807 0.490999
vt 0.778470 0.491003
vt 0.778481 0.558076
vt 0.759817 0.558089
vt 0.560539 0.473893
vt 0.560536 0.471311
vt 0.724768 0.471279
vt 0.724765 0.473861
vt 0.560528 0.577764
vt 0.560531 0.575181
vt 0.724786 0.575198
vt 0.724788 0.577781
vt 0.540181 0.491177
vt 0.542768 0.491176
vt 0.542750 0.557887
vt 0.540164 0.557887
vt 0.742536 0.557890
vt 0.742574 0.491184
vt 0.745160 0.491184
vt 0.745122 0.557892
vt 0.560536 0.476476
vt 0.724768 0.476444
vt 0.547887 0.601816
vt 0.459688 0.601601
vt 0.459987 0.599158
vt 0.548186 0.599373
vt 0.724788 0.572615
vt 0.560530 0.572598
vt 0.545335 0.557890
vt 0.545355 0.491172
vt 0.739988 0.491181
vt 0.739949 0.557891
vt 0.540369 0.476018
vt 0.540648 0.473834
vt 0.543496 0.475547
vt 0.542888 0.477733
vt 0.542846 0.471886
vt 0.545041 0.471504
vt 0.546750 0.474017
vt 0.544593 0.474623
vt 0.542843 0.571276
vt 0.543451 0.573458
vt 0.540616 0.575170
vt 0.540318 0.572974
vt 0.544548 0.574390
vt 0.546702 0.574998
vt 0.544976 0.577501
vt 0.542796 0.577132
vt 0.740265 0.471475
vt 0.742444 0.471858
vt 0.740708 0.474594
vt 0.738554 0.473988
vt 0.744704 0.473899
vt 0.745001 0.476096
vt 0.742478 0.477793
vt 0.741870 0.475611
vt 0.744952 0.572981
vt 0.744647 0.575164
vt 0.741817 0.573457
vt 0.742429 0.571278
vt 0.742540 0.577162
vt 0.740343 0.577527
vt 0.738620 0.575023
vt 0.740778 0.574417
vt 0.544200 0.457250
vt 0.544304 0.592041
vt 0.759309 0.475378
vt 0.525838 0.475503
vt 0.741001 0.592052
vt 0.741098 0.457216
vt 0.525999 0.573699
vt 0.759274 0.573715
vt 0.546157 0.477429
vt 0.545392 0.479547
vt 0.546391 0.571756
vt 0.548507 0.572511
vt 0.739970 0.479591
vt 0.739210 0.477473
vt 0.736816 0.572535
vt 0.738933 0.571782
vt 0.525982 0.473251
vt 0.541967 0.457451
vt 0.542048 0.591850
vt 0.526167 0.575933
vt 0.743351 0.457419
vt 0.759142 0.473145
vt 0.759103 0.575964
vt 0.743237 0.591865
vt 0.668510 0.671766
vt 0.667372 0.674061
vt 0.653672 0.673628
vt 0.653476 0.671506
vt 0.669651 0.673134
vt 0.668357 0.691948
vt 0.666199 0.690734
vt 0.667096 0.693038
vt 0.648715 0.691678
vt 0.649952 0.689549
vt 0.647503 0.690359
vt 0.649502 0.674940
vt 0.651565 0.675442
vt 0.652177 0.674027
vt 0.651271 0.671759
vt 0.391691 0.648798
vt 0.392587 0.651107
vt 0.373783 0.649721
vt 0.375025 0.647596
vt 0.393844 0.650013
vt 0.392820 0.632546
vt 0.395104 0.631624
vt 0.393955 0.630249
vt 0.378684 0.632089
vt 0.378491 0.629968
vt 0.372580 0.648412
vt 0.374525 0.633414
vt 0.376590 0.633920
vt 0.375067 0.631275
vt 0.377198 0.632494
vt 0.376279 0.630249
vt 0.741465 0.613620
vt 0.743761 0.614755
vt 0.743304 0.628891
vt 0.741182 0.629084
vt 0.742840 0.612472
vt 0.761229 0.613732
vt 0.760014 0.615886
vt 0.762322 0.614990
vt 0.760935 0.633794
vt 0.758811 0.632552
vt 0.759627 0.634997
vt 0.744628 0.633051
vt 0.745134 0.630986
vt 0.727493 0.670239
vt 0.726596 0.667935
vt 0.744977 0.669296
vt 0.743740 0.671425
vt 0.725335 0.669025
vt 0.726318 0.686911
vt 0.724039 0.687838
vt 0.725179 0.689206
vt 0.740018 0.687346
vt 0.740213 0.689468
vt 0.746188 0.670615
vt 0.744188 0.686034
vt 0.742125 0.685532
vt 0.743618 0.688175
vt 0.741513 0.686947
vt 0.650071 0.672799
vt 0.742490 0.632508
vt 0.743709 0.630378
vt 0.741463 0.631296
vt 0.742418 0.689215
vt 0.685638 0.674222
vt 0.684398 0.692928
vt 0.665810 0.709049
vt 0.647550 0.707669
vt 0.411099 0.632739
vt 0.409875 0.651011
vt 0.391283 0.667126
vt 0.372592 0.665700
vt 0.743955 0.596477
vt 0.762228 0.597702
vt 0.778341 0.616295
vt 0.776915 0.634986
vt 0.708051 0.686748
vt 0.709294 0.668042
vt 0.727883 0.651924
vt 0.746144 0.653305
vt 0.633816 0.672198
vt 0.634256 0.669987
vt 0.650568 0.655889
vt 0.652802 0.655757
vt 0.358841 0.630715
vt 0.359267 0.628503
vt 0.375538 0.614387
vt 0.377772 0.614244
vt 0.741928 0.648735
vt 0.739717 0.648309
vt 0.725602 0.632037
vt 0.725458 0.629802
vt 0.759873 0.688778
vt 0.759433 0.690989
vt 0.743120 0.705085
vt 0.740886 0.705217
vt 0.631522 0.687833
vt 0.668302 0.655382
vt 0.356585 0.645878
vt 0.393736 0.613842
vt 0.725058 0.613839
vt 0.757091 0.650992
vt 0.762169 0.673143
vt 0.725386 0.705591
vt 0.738884 0.477232
vt 0.736765 0.476486
vt 0.739158 0.571594
vt 0.739922 0.569478
vt 0.546112 0.571596
vt 0.545352 0.569478
vt 0.548538 0.476515
vt 0.546419 0.477261
vt 0.593699 0.466233
vt 0.691572 0.466217
vt 0.593685 0.461721
vt 0.691585 0.461705
vt 0.554924 0.605360
vt 0.452975 0.605375
vt 0.452955 0.595610
vt 0.554900 0.595598
vt 0.746195 0.440977
vt 0.748214 0.440480
vt 0.747576 0.442917
vt 0.745064 0.442721
vt 0.751024 0.440540
vt 0.750577 0.443196
vt 0.750040 0.446380
vt 0.746856 0.445843
vt 0.744200 0.445396
vt 0.753699 0.441403
vt 0.753503 0.443915
vt 0.755443 0.442535
vt 0.755940 0.444553
vt 0.755881 0.447363
vt 0.753225 0.446916
vt 0.752505 0.449842
vt 0.749504 0.449564
vt 0.755017 0.450038
vt 0.753886 0.451782
vt 0.751867 0.452280
vt 0.749057 0.452220
vt 0.746578 0.448844
vt 0.744141 0.448207
vt 0.746382 0.451356
vt 0.744638 0.450225
vt 0.745909 0.452816
vt 0.743687 0.450902
vt 0.748788 0.453820
vt 0.748697 0.454356
vt 0.745604 0.453284
vt 0.743217 0.451236
vt 0.751836 0.453814
vt 0.754563 0.452734
vt 0.754897 0.453203
vt 0.751972 0.454356
vt 0.751383 0.438404
vt 0.754477 0.439476
vt 0.754172 0.439943
vt 0.751293 0.438940
vt 0.756864 0.441523
vt 0.756394 0.441857
vt 0.745184 0.439556
vt 0.748109 0.438404
vt 0.748245 0.438945
vt 0.745518 0.440026
vt 0.757475 0.444584
vt 0.758017 0.444448
vt 0.758016 0.447723
vt 0.757481 0.447632
vt 0.756477 0.450511
vt 0.756944 0.450817
vt 0.743604 0.442248
vt 0.743137 0.441943
vt 0.742601 0.445127
vt 0.742065 0.445037
vt 0.742606 0.448175
vt 0.742064 0.448311
vt 0.746195 0.440977
vt 0.748214 0.440480
vt 0.747576 0.442917
vt 0.745064 0.442721
vt 0.751024 0.440540
vt 0.750577 0.443196
vt 0.750040 0.446380
vt 0.746856 0.445843
vt 0.744200 0.445396
vt 0.753699 0.441403
vt 0.753503 0.443915
vt 0.755443 0.442535
vt 0.755940 0.444553
vt 0.755881 0.447363
vt 0.753225 0.446916
vt 0.752505 0.449842
vt 0.749504 0.449564
vt 0.755017 0.450038
vt 0.753886 0.451782
vt 0.751867 0.452280
vt 0.749057 0.452220
vt 0.746578 0.448844
vt 0.744141 0.448207
vt 0.746382 0.451356
vt 0.744638 0.450225
vt 0.745909 0.452816
vt 0.743687 0.450902
vt 0.748788 0.453820
vt 0.748697 0.454356
vt 0.745604 0.453284
vt 0.743217 0.451236
vt 0.751836 0.453814
vt 0.754563 0.452734
vt 0.754897 0.453203
vt 0.751972 0.454356
vt 0.751383 0.438404
vt 0.754477 0.439476
vt 0.754172 0.439943
vt 0.751293 0.438940
vt 0.756864 0.441523
vt 0.756394 0.441857
vt 0.745184 0.439556
vt 0.748109 0.438404
vt 0.748245 0.438945
vt 0.745518 0.440026
vt 0.757475 0.444584
vt 0.758017 0.444448
vt 0.758016 0.447723
vt 0.757481 0.447632
vt 0.756477 0.450511
vt 0.756944 0.450817
vt 0.743604 0.442248
vt 0.743137 0.441943
vt 0.742601 0.445127
vt 0.742065 0.445037
vt 0.742606 0.448175
vt 0.742064 0.448311
vn -0.092604 0.000000 0.995703
vn 0.092604 0.000000 0.995703
vn 0.117562 0.023959 0.992777
vn -0.117562 0.023959 0.992777
vn 0.000000 0.999306 0.037263
vn 0.000000 0.999306 0.037263
vn 0.000000 1.000000 0.000000
vn 0.000000 1.000000 0.000000
vn 0.000000 -1.000000 0.000000
vn 0.000000 -1.000000 0.000000
vn 0.000000 -0.999306 0.037264
vn 0.000000 -0.999306 0.037264
vn 0.999994 0.000000 0.003596
vn 1.000000 0.000000 0.000000
vn 1.000000 0.000000 0.000000
vn 0.999995 0.000000 0.003229
vn -1.000000 0.000000 0.000000
vn -0.999994 0.000000 0.003596
vn -0.999995 0.000000 0.003229
vn -1.000000 0.000000 0.000000
vn -0.117561 -0.023959 0.992777
vn 0.000000 -0.561996 0.827140
vn 0.000000 -0.561996 0.827140
vn 0.117561 -0.023959 0.992777
vn 0.000000 -0.969563 0.244841
vn 0.000000 -0.969563 0.244841
vn 0.989572 0.000000 0.144043
vn 0.989572 0.000000 0.144043
vn 0.999688 0.000000 0.024968
vn 0.999688 0.000000 0.024968
vn -0.999688 0.000000 0.024968
vn -0.999688 0.000000 0.024968
vn -0.989572 0.000000 0.144043
vn -0.989572 0.000000 0.144043
vn 0.000000 0.969564 0.244839
vn 0.000000 0.969564 0.244839
vn 0.000000 0.562004 0.827135
vn 0.000000 0.562004 0.827135
vn -0.999994 0.000000 0.003596
vn -1.000000 0.000000 0.000000
vn -0.999688 0.000000 0.024968
vn -0.989571 0.000000 0.144043
vn -0.092605 0.000000 0.995703
vn 0.092605 0.000000 0.995703
vn 0.989571 0.000000 0.144043
vn 0.999688 0.000000 0.024968
vn 0.999994 0.000000 0.003596
vn 1.000000 0.000000 0.000000
vn -1.000000 0.000000 0.000000
vn -0.999995 0.000000 0.003229
vn -0.999688 0.000000 0.024968
vn -0.989571 0.000000 0.144043
vn 0.989571 0.000000 0.144043
vn 0.999688 0.000000 0.024968
vn 0.999995 0.000000 0.003229
vn 1.000000 0.000000 0.000000
vn 0.000000 1.000000 0.000000
vn 0.000000 1.000000 0.000000
vn 0.000000 1.000000 0.000000
vn 0.000000 1.000000 0.000000
vn 0.000000 1.000000 0.000000
vn 0.000000 1.000000 0.000000
vn 0.000000 1.000000 0.000000
vn 0.000000 1.000000 0.000000
vn 0.000000 -1.000000 0.000000
vn 0.000000 -1.000000 -0.000000
vn 0.000000 -1.000000 0.000000
vn 0.000000 -1.000000 -0.000000
vn 0.000000 1.000000 0.000000
vn 0.000000 1.000000 0.000000
vn 0.000000 1.000000 0.000000
vn 0.000000 1.000000 0.000000
vn 0.000000 1.000000 0.000000
vn 0.000000 1.000000 0.000000
vn 0.000000 1.000000 0.000000
vn 0.000000 1.000000 0.000000
vn 0.000000 -0.707110 0.707104
vn 0.000000 -0.707109 0.707105
vn 0.000000 -0.707109 0.707105
vn 0.000000 -0.707110 0.707104
vn 0.000000 -0.707109 -0.707105
vn 0.000000 -0.707110 -0.707104
vn 0.000000 -0.707110 -0.707104
vn 0.000000 -0.707109 -0.707105
vn 0.707101 -0.707113 0.000000
vn 0.707101 -0.707113 0.000000
vn 0.707101 -0.707113 0.000000
vn 0.707101 -0.707113 0.000000
vn -0.707104 -0.707109 0.000000
vn -0.707104 -0.707109 0.000000
vn -0.707105 -0.707109 0.000000
vn -0.707105 -0.707109 0.000000
vn 0.000000 -1.000000 0.000000
vn 0.000000 -1.000000 -0.000000
vn 0.000000 0.000000 -1.000000
vn 0.000000 0.000000 -1.000000
vn 0.000000 0.000000 -1.000000
vn 0.000000 0.000000 -1.000000
vn 0.000000 0.000000 1.000000
vn 0.000000 0.000000 1.000000
vn 0.000000 0.000000 1.000000
vn 0.000000 0.000000 1.000000
vn 0.000000 -1.000000 0.000000
vn 0.000000 -1.000000 0.000000
vn 0.000000 -1.000000 -0.000000
vn 0.000000 -1.000000 0.000000
vn 1.000000 0.000000 0.000000
vn 1.000000 0.000000 0.000000
vn 1.000000 0.000000 0.000000
vn 1.000000 0.000000 0.000000
vn -1.000000 0.000000 0.000000
vn -1.000000 0.000000 0.000000
vn -1.000000 0.000000 0.000000
vn -1.000000 0.000000 0.000000
vn 0.000000 -1.000000 -0.000000
vn 0.000000 -1.000000 0.000000
vn 0.674272 -0.735908 0.061622
vn 0.408246 -0.816500 0.408245
vn 0.408245 -0.816500 0.408245
vn 0.687908 -0.724858 0.036936
vn 0.060273 -0.735316 0.675039
vn 0.035980 -0.724413 0.688427
vn 0.687908 -0.724857 -0.036936
vn 0.408246 -0.816499 -0.408246
vn 0.408247 -0.816499 -0.408245
vn 0.674272 -0.735907 -0.061622
vn 0.035980 -0.724413 -0.688427
vn 0.060273 -0.735316 -0.675039
vn -0.060273 -0.735317 0.675038
vn -0.408248 -0.816500 0.408243
vn -0.408246 -0.816500 0.408244
vn -0.035980 -0.724413 0.688427
vn -0.674275 -0.735905 0.061623
vn -0.687911 -0.724854 0.036937
vn -0.674275 -0.735905 -0.061622
vn -0.408247 -0.816500 -0.408243
vn -0.408246 -0.816500 -0.408244
vn -0.687911 -0.724854 -0.036937
vn -0.060274 -0.735317 -0.675038
vn -0.035980 -0.724413 -0.688427
vn 0.047908 0.000000 0.998852
vn 0.000000 0.000000 1.000000
vn 0.000000 0.000000 1.000000
vn 0.047908 0.000000 0.998852
vn 0.047908 0.000000 -0.998852
vn 0.047908 0.000000 -0.998852
vn -0.998794 0.000000 0.049104
vn -0.998794 0.000000 0.049104
vn 0.998794 0.000000 0.049105
vn 0.998794 0.000000 0.049105
vn -0.047908 0.000000 -0.998852
vn -0.047908 0.000000 -0.998852
vn -0.000000 0.000000 1.000000
vn -0.000000 0.000000 1.000000
vn -0.047908 0.000000 0.998852
vn -0.047908 0.000000 0.998852
vn 0.998794 0.000000 -0.049105
vn 0.998794 0.000000 -0.049105
vn -0.998794 0.000000 -0.049104
vn -0.998794 0.000000 -0.049104
vn 0.000000 -1.000000 0.000000
vn 0.000000 -1.000000 0.000000
vn 0.000000 -1.000000 -0.000000
vn 0.000000 -1.000000 0.000000
vn 0.000000 -1.000000 -0.000000
vn 0.000000 -1.000000 -0.000000
vn 0.000000 -1.000000 0.000000
vn 0.000000 -1.000000 0.000000
vn 0.923877 0.000000 0.382691
vn 0.923877 0.000000 0.382691
vn 0.382684 0.000000 0.923880
vn 0.382683 0.000000 0.923880
vn 0.382684 0.000000 -0.923880
vn 0.382683 0.000000 -0.923880
vn 0.923877 0.000000 -0.382691
vn 0.923877 0.000000 -0.382691
vn -0.382687 0.000000 0.923878
vn -0.382686 0.000000 0.923878
vn -0.923880 0.000000 0.382683
vn -0.923880 0.000000 0.382683
vn -0.923880 0.000000 -0.382683
vn -0.923880 0.000000 -0.382683
vn -0.382687 0.000000 -0.923878
vn -0.382686 0.000000 -0.923878
vn 0.870914 0.491435 0.000000
vn 0.870914 0.491435 0.000000
vn 0.868420 0.494339 0.038422
vn 0.868419 0.494339 0.038422
vn 0.000000 0.491424 -0.870920
vn 0.000000 0.491424 -0.870920
vn 0.000000 0.491424 -0.870920
vn 0.000000 0.491424 -0.870920
vn -0.870935 0.491398 0.000000
vn -0.870935 0.491399 0.000000
vn -0.870935 0.491399 0.000000
vn -0.870935 0.491399 0.000000
vn 0.000000 0.491422 0.870922
vn 0.000000 0.491422 0.870922
vn 0.037434 0.494261 0.868507
vn 0.037434 0.494261 0.868507
vn 0.804623 0.491431 0.333284
vn 0.804623 0.491431 0.333284
vn 0.000000 0.491424 -0.870920
vn 0.000000 0.491424 -0.870920
vn 0.000000 0.491424 -0.870920
vn 0.000000 0.491424 -0.870920
vn 0.870934 0.491401 0.000000
vn 0.870934 0.491401 0.000000
vn 0.870933 0.491401 0.000000
vn 0.870934 0.491401 0.000000
vn 0.000000 0.491422 0.870922
vn 0.000000 0.491422 0.870922
vn -0.037434 0.494262 0.868507
vn -0.037435 0.494262 0.868507
vn -0.870920 0.491424 0.000000
vn -0.870920 0.491424 0.000000
vn -0.868425 0.494330 0.038424
vn -0.868425 0.494330 0.038424
vn -0.804618 0.491433 0.333293
vn -0.804618 0.491433 0.333293
vn -0.333289 0.491428 0.804622
vn -0.333289 0.491428 0.804622
vn 0.000000 0.491422 -0.870922
vn 0.000000 0.491422 -0.870922
vn 0.037434 0.494261 -0.868507
vn 0.037434 0.494261 -0.868507
vn -0.870935 0.491399 0.000000
vn -0.870935 0.491399 0.000000
vn -0.870935 0.491399 0.000000
vn -0.870935 0.491399 0.000000
vn 0.000000 0.491424 0.870920
vn 0.000000 0.491424 0.870920
vn 0.000000 0.491424 0.870920
vn 0.000000 0.491424 0.870920
vn 0.870914 0.491435 0.000000
vn 0.870914 0.491435 0.000000
vn 0.868420 0.494339 -0.038422
vn 0.868419 0.494339 -0.038422
vn 0.870934 0.491401 0.000000
vn 0.870934 0.491401 0.000000
vn 0.870934 0.491401 0.000000
vn 0.870933 0.491401 0.000000
vn 0.000000 0.491424 0.870920
vn 0.000000 0.491424 0.870920
vn 0.000000 0.491424 0.870920
vn 0.000000 0.491424 0.870920
vn -0.870920 0.491424 0.000000
vn -0.870920 0.491424 0.000000
vn -0.868425 0.494330 -0.038424
vn -0.868425 0.494330 -0.038424
vn 0.000000 0.491422 -0.870921
vn 0.000000 0.491422 -0.870921
vn -0.037435 0.494262 -0.868506
vn -0.037434 0.494262 -0.868507
vn -0.333289 0.491429 -0.804622
vn -0.333289 0.491429 -0.804622
vn 0.333286 0.491420 0.804628
vn 0.333286 0.491420 0.804628
vn 0.804623 0.491431 -0.333284
vn 0.804623 0.491431 -0.333284
vn 0.333286 0.491420 -0.804628
vn 0.333286 0.491420 -0.804628
vn -0.804620 0.491430 -0.333293
vn -0.804619 0.491430 -0.333293
vn 0.000000 0.000000 -1.000000
vn 0.000000 0.000000 -1.000000
vn 0.000000 0.000000 -1.000000
vn 0.000000 0.000000 -1.000000
vn -1.000000 0.000000 0.000000
vn -1.000000 0.000000 0.000000
vn -1.000000 0.000000 0.000000
vn -1.000000 0.000000 0.000000
vn 1.000000 0.000000 0.000000
vn 1.000000 0.000000 0.000000
vn 1.000000 0.000000 0.000000
vn 1.000000 0.000000 0.000000
vn 0.000000 0.000000 -1.000000
vn 0.000000 0.000000 -1.000000
vn 0.000000 0.000000 -1.000000
vn 0.000000 0.000000 -1.000000
vn -1.000000 0.000000 0.000000
vn -1.000000 0.000000 0.000000
vn -1.000000 0.000000 0.000000
vn -1.000000 0.000000 0.000000
vn 0.000000 0.000000 1.000000
vn 0.000000 0.000000 1.000000
vn 0.000000 0.000000 1.000000
vn 0.000000 0.000000 1.000000
vn 0.000000 0.000000 1.000000
vn 0.000000 0.000000 1.000000
vn 0.000000 0.000000 1.000000
vn 0.000000 0.000000 1.000000
vn 1.000000 0.000000 0.000000
vn 1.000000 0.000000 0.000000
vn 1.000000 0.000000 0.000000
vn 1.000000 0.000000 0.000000
vn 0.382684 0.000000 0.923879
vn 0.047908 0.000000 0.998852
vn 0.998794 0.000000 0.049105
vn 0.923876 0.000000 0.382691
vn -0.923880 0.000000 0.382683
vn -0.998794 0.000000 0.049104
vn -0.047908 0.000000 0.998852
vn -0.382688 0.000000 0.923878
vn 0.923876 0.000000 -0.382691
vn 0.998794 0.000000 -0.049105
vn 0.047908 0.000000 -0.998852
vn 0.382684 0.000000 -0.923879
vn -0.382688 0.000000 -0.923878
vn -0.047908 0.000000 -0.998852
vn -0.998794 0.000000 -0.049104
vn -0.923880 0.000000 -0.382683
vn 0.000000 0.000000 1.000000
vn 1.000000 0.000000 0.000000
vn -1.000000 0.000000 0.000000
vn 0.000000 0.000000 1.000000
vn 0.000000 0.000000 -1.000000
vn 1.000000 0.000000 0.000000
vn 0.000000 0.000000 -1.000000
vn -1.000000 0.000000 0.000000
vn 0.000000 1.000000 -0.000000
vn 0.000000 1.000000 -0.000000
vn 0.000000 1.000000 -0.000000
vn 0.000000 1.000000 -0.000000
vn 0.000000 1.000000 0.000000
vn 0.000000 1.000000 0.000000
vn 0.000000 1.000000 0.000000
vn 0.000000 1.000000 0.000000
vn 0.000000 1.000000 0.000000
vn 0.000000 1.000000 0.000000
vn 0.000000 1.000000 0.000000
vn 0.000000 1.000000 0.000000
vn 0.000000 1.000000 -0.000000
vn 0.000000 1.000000 -0.000000
vn 0.000000 1.000000 -0.000000
vn 0.000000 1.000000 -0.000000
vn 0.000000 -1.000000 -0.000000
vn 0.000000 -1.000000 0.000000
vn 0.000000 -1.000000 -0.000000
vn 0.000000 -1.000000 0.000000
vn 0.000000 1.000000 0.000000
vn 0.000000 1.000000 0.000000
vn 0.000000 1.000000 0.000000
vn 0.000000 1.000000 0.000000
vn 0.000000 1.000000 -0.000000
vn 0.000000 1.000000 -0.000000
vn 0.000000 1.000000 -0.000000
vn 0.000000 1.000000 -0.000000
vn 0.000000 0.000000 1.000000
vn -0.000000 0.000000 1.000000
vn 0.000000 0.000000 1.000000
vn -0.000000 0.000000 1.000000
vn 0.000000 0.960879 0.276970
vn 0.000000 0.960879 0.276970
vn 0.000000 0.960879 0.276970
vn 0.000000 0.960879 0.276970
vn -0.657109 0.000000 0.753795
vn -0.657109 0.000000 0.753795
vn -0.657109 0.000000 0.753795
vn -0.657109 0.000000 0.753795
vn 0.000000 -0.960879 0.276970
vn 0.000000 -0.960879 0.276970
vn 0.000000 -0.960879 0.276970
vn 0.000000 -0.960879 0.276970
vn 0.657110 0.000000 0.753795
vn 0.657110 0.000000 0.753795
vn 0.657110 0.000000 0.753795
vn 0.657110 0.000000 0.753795
vn -0.694428 -0.719138 0.024708
vn -0.707104 -0.707110 0.000000
vn -0.408244 -0.816500 0.408246
vn -0.023963 -0.718788 0.694816
vn 0.000000 -0.707111 0.707103
vn 0.000000 -0.707111 0.707103
vn 0.023963 -0.718788 0.694816
vn 0.408246 -0.816500 0.408243
vn 0.694423 -0.719143 0.024706
vn 0.707101 -0.707113 0.000000
vn 0.707101 -0.707113 0.000000
vn 0.694423 -0.719143 -0.024706
vn 0.408247 -0.816500 -0.408243
vn 0.023963 -0.718788 -0.694816
vn 0.000000 -0.707111 -0.707103
vn 0.000000 -0.707111 -0.707103
vn -0.023963 -0.718788 -0.694816
vn -0.408244 -0.816500 -0.408246
vn -0.694428 -0.719138 -0.024708
vn -0.707104 -0.707110 0.000000
vn -0.004394 0.000000 0.999990
vn 0.004394 0.000000 0.999990
vn 0.005224 0.021095 0.999764
vn -0.005224 0.021095 0.999764
vn 0.000000 0.998895 0.046991
vn 0.000000 0.998895 0.046992
vn 0.000000 1.000000 0.000000
vn 0.000000 1.000000 0.000000
vn 0.000000 -1.000000 0.000000
vn 0.000000 -1.000000 0.000000
vn 0.000000 -0.998895 0.046989
vn 0.000000 -0.998896 0.046988
vn 0.997588 0.000000 0.069415
vn 1.000000 0.000000 0.000000
vn 1.000000 0.000000 0.000000
vn 0.998258 0.000000 0.058997
vn -1.000000 0.000000 0.000000
vn -0.997588 0.000000 0.069420
vn -0.998258 0.000000 0.059002
vn -1.000000 0.000000 0.000000
vn -0.005224 -0.021095 0.999764
vn 0.000000 -0.382688 0.923878
vn 0.000000 -0.382688 0.923878
vn 0.005224 -0.021095 0.999764
vn 0.000000 -0.923878 0.382688
vn 0.000000 -0.923878 0.382688
vn 0.328886 0.000000 0.944370
vn 0.328888 0.000000 0.944369
vn 0.897052 0.000000 0.441925
vn 0.897052 0.000000 0.441926
vn -0.897039 0.000000 0.441952
vn -0.897039 0.000000 0.441952
vn -0.328890 0.000000 0.944368
vn -0.328891 0.000000 0.944368
vn 0.000000 0.923871 0.382705
vn 0.000000 0.923870 0.382705
vn 0.000000 0.382687 0.923878
vn 0.000000 0.382687 0.923878
vn -0.997588 0.000000 0.069420
vn -1.000000 0.000000 0.000000
vn -0.897039 0.000000 0.441952
vn -0.328889 0.000000 0.944369
vn -0.004394 0.000000 0.999990
vn 0.004394 0.000000 0.999990
vn 0.328885 0.000000 0.944370
vn 0.897052 0.000000 0.441925
vn 0.997588 0.000000 0.069415
vn 1.000000 0.000000 0.000000
vn -1.000000 0.000000 0.000000
vn -0.998258 0.000000 0.059003
vn -0.897039 0.000000 0.441952
vn -0.328889 0.000000 0.944369
vn 0.328886 0.000000 0.944370
vn 0.897052 0.000000 0.441926
vn 0.998258 0.000000 0.058998
vn 1.000000 0.000000 0.000000
vn 0.951276 0.002830 -0.308329
vn 0.808572 0.004823 -0.588378
vn 0.808696 -0.004623 -0.588208
vn 0.951277 -0.002645 -0.308327
vn 0.586710 0.005926 -0.809775
vn 0.586931 -0.005838 -0.809616
vn 0.308093 0.006407 -0.951335
vn 0.308269 -0.006450 -0.951278
vn -0.000002 0.006532 -0.999979
vn -0.000002 -0.006631 -0.999978
vn -0.308093 0.006407 -0.951335
vn -0.308269 -0.006451 -0.951277
vn -0.586702 0.005926 -0.809782
vn -0.586922 -0.005838 -0.809622
vn -0.808574 0.004823 -0.588375
vn -0.808696 -0.004623 -0.588208
vn -0.951277 0.002830 -0.308324
vn -0.951278 -0.002646 -0.308325
vn -0.999997 -0.000145 0.002580
vn -0.999997 0.000111 0.002304
vn -0.949758 -0.003892 0.312960
vn -0.949922 0.003439 0.312469
vn -0.806155 -0.007901 0.591651
vn -0.806533 0.006908 0.591149
vn -0.584326 -0.011484 0.811438
vn -0.584790 0.009960 0.811124
vn -0.306649 -0.013962 0.951720
vn -0.306970 0.012052 0.951643
vn -0.000002 -0.014847 0.999890
vn -0.000002 0.012796 0.999918
vn 0.306649 -0.013962 0.951720
vn 0.306969 0.012052 0.951643
vn 0.584336 -0.011484 0.811431
vn 0.584800 0.009959 0.811117
vn 0.806151 -0.007902 0.591657
vn 0.806530 0.006908 0.591153
vn 0.949758 -0.003893 0.312961
vn 0.949923 0.003440 0.312466
vn 0.999997 -0.000145 0.002574
vn 0.999997 0.000112 0.002295
vn 0.950854 0.309638 0.001077
vn 0.808591 0.588367 0.002128
vn 0.806132 0.591470 0.017764
vn 0.949613 0.313296 0.008996
vn 0.587284 0.809375 0.003027
vn 0.584472 0.811019 0.025311
vn 0.308669 0.951163 0.003635
vn 0.306791 0.951291 0.030414
vn -0.000000 0.999993 0.003851
vn 0.000000 0.999481 0.032217
vn -0.308671 0.951162 0.003637
vn -0.306793 0.951290 0.030415
vn -0.587285 0.809374 0.003029
vn -0.584471 0.811020 0.025312
vn -0.808594 0.588364 0.002128
vn -0.806134 0.591467 0.017764
vn -0.950850 0.309651 0.001076
vn -0.949610 0.313305 0.008998
vn -1.000000 0.000475 0.000020
vn -0.999994 0.003572 0.000324
vn -0.951131 -0.308786 -0.000921
vn -0.951720 -0.306885 -0.007165
vn -0.809049 -0.587740 -0.001669
vn -0.809524 -0.586946 -0.012834
vn -0.587732 -0.809053 -0.002193
vn -0.587827 -0.808817 -0.016556
vn -0.308951 -0.951075 -0.002498
vn -0.308857 -0.950927 -0.018571
vn 0.000000 -0.999997 -0.002598
vn -0.000000 -0.999816 -0.019196
vn 0.308951 -0.951075 -0.002500
vn 0.308859 -0.950927 -0.018572
vn 0.587736 -0.809050 -0.002195
vn 0.587833 -0.808813 -0.016556
vn 0.809046 -0.587743 -0.001670
vn 0.809523 -0.586948 -0.012833
vn 0.951134 -0.308776 -0.000921
vn 0.951722 -0.306878 -0.007166
vn 1.000000 0.000480 0.000021
vn 0.999994 0.003576 0.000322
vn 0.951124 0.308810 -0.000710
vn 0.809062 0.587722 -0.001298
vn 0.809536 0.586980 -0.010275
vn 0.951632 0.307188 -0.005716
vn 0.587783 0.809017 -0.001719
vn 0.587983 0.808763 -0.013329
vn 0.308991 0.951063 -0.001968
vn 0.309002 0.950943 -0.015019
vn 0.000000 0.999998 -0.002050
vn 0.000000 0.999879 -0.015552
vn -0.308984 0.951065 -0.001968
vn -0.308994 0.950945 -0.015019
vn -0.587780 0.809019 -0.001719
vn -0.587978 0.808767 -0.013328
vn -0.809065 0.587718 -0.001299
vn -0.809540 0.586974 -0.010274
vn -0.951121 0.308818 -0.000712
vn -0.951631 0.307192 -0.005714
vn -1.000000 -0.000371 0.000014
vn -0.999996 -0.002905 0.000225
vn -0.950903 -0.309488 0.000817
vn -0.949919 -0.312417 0.007042
vn -0.808707 -0.588209 0.001607
vn -0.806783 -0.590685 0.013902
vn -0.587424 -0.809277 0.002280
vn -0.585236 -0.810621 0.019797
vn -0.308774 -0.951132 0.002732
vn -0.307319 -0.951309 0.023782
vn -0.000000 -0.999996 0.002890
vn -0.000002 -0.999683 0.025189
vn 0.308775 -0.951131 0.002730
vn 0.307321 -0.951309 0.023780
vn 0.587424 -0.809277 0.002277
vn 0.585242 -0.810617 0.019796
vn 0.808704 -0.588214 0.001605
vn 0.806779 -0.590689 0.013903
vn 0.950907 -0.309477 0.000816
vn 0.949922 -0.312409 0.007042
vn 1.000000 -0.000366 0.000015
vn 0.999996 -0.002900 0.000223
vn 0.812295 -0.576002 -0.091646
vn 0.589073 -0.799307 -0.118754
vn 0.309000 -0.941773 -0.132601
vn 0.000001 -0.990620 -0.136648
vn -0.308998 -0.941773 -0.132603
vn -0.589064 -0.799313 -0.118757
vn -0.812296 -0.576000 -0.091647
vn -0.954589 -0.293776 -0.049553
vn -0.999834 0.017541 0.005012
vn -0.943708 0.324244 0.065432
vn -0.794744 0.594326 0.123121
vn -0.571614 0.802700 0.170088
vn -0.298286 0.933184 0.200481
vn 0.000003 0.977494 0.210965
vn 0.298281 0.933185 0.200483
vn 0.571620 0.802696 0.170088
vn 0.794742 0.594329 0.123121
vn 0.943711 0.324235 0.065429
vn 0.999834 0.017538 0.005010
vn 0.954588 -0.293778 -0.049553
vn 0.590574 -0.090108 -0.801937
vn 0.813618 -0.071143 -0.577031
vn 0.309972 -0.098779 -0.945601
vn -0.000000 -0.101070 -0.994879
vn -0.309971 -0.098780 -0.945601
vn -0.590568 -0.090109 -0.801941
vn -0.813614 -0.071145 -0.577036
vn -0.955187 -0.039168 -0.293402
vn -0.999812 0.004719 0.018825
vn -0.943686 0.055322 0.326186
vn -0.795214 0.105096 0.597152
vn -0.572460 0.146518 0.806735
vn -0.298953 0.173725 0.938321
vn -0.000002 0.183181 0.983079
vn 0.298952 0.173724 0.938322
vn 0.572467 0.146518 0.806730
vn 0.795212 0.105097 0.597154
vn 0.943692 0.055319 0.326167
vn 0.999812 0.004718 0.018817
vn 0.955189 -0.039167 -0.293395
vn 0.592541 -0.437832 -0.676165
vn 0.816037 -0.318394 -0.482399
vn 0.311479 -0.510197 -0.801673
vn -0.000000 -0.534175 -0.845374
vn -0.311477 -0.510197 -0.801674
vn -0.592536 -0.437834 -0.676168
vn -0.816032 -0.318398 -0.482405
vn -0.957758 -0.159798 -0.239092
vn -0.999382 0.021054 0.028164
vn -0.936151 0.201157 0.288369
vn -0.780336 0.358343 0.512510
vn -0.555555 0.477306 0.680836
vn -0.287783 0.550366 0.783759
vn 0.000000 0.574888 0.818232
vn 0.287782 0.550367 0.783759
vn 0.555562 0.477303 0.680833
vn 0.780333 0.358346 0.512512
vn 0.936159 0.201145 0.288354
vn 0.999382 0.021049 0.028157
vn 0.957759 -0.159797 -0.239086
vn 0.590021 -0.715203 -0.374646
vn 0.814399 -0.509607 -0.277587
vn 0.309302 -0.848410 -0.429573
vn 0.000002 -0.894653 -0.446763
vn -0.309299 -0.848411 -0.429574
vn -0.590014 -0.715208 -0.374647
vn -0.814398 -0.509608 -0.277590
vn -0.957060 -0.252788 -0.141898
vn -0.999461 0.027434 0.018026
vn -0.937006 0.298960 0.180676
vn -0.781793 0.532346 0.324665
vn -0.557102 0.707570 0.434721
vn -0.288772 0.814770 0.502753
vn 0.000003 0.850693 0.525662
vn 0.288769 0.814771 0.502754
vn 0.557109 0.707567 0.434716
vn 0.781790 0.532350 0.324665
vn 0.937010 0.298948 0.180670
vn 0.999461 0.027425 0.018027
vn 0.957059 -0.252792 -0.141894
vn 0.811635 0.579323 -0.075058
vn 0.954039 0.296859 -0.041031
vn 0.999879 -0.015129 0.003706
vn 0.944798 -0.323188 0.053913
vn 0.796828 -0.595456 0.102455
vn 0.573982 -0.806393 0.142393
vn 0.299852 -0.938997 0.168444
vn -0.000004 -0.984127 0.177468
vn -0.299850 -0.938997 0.168445
vn -0.573966 -0.806404 0.142394
vn -0.796832 -0.595451 0.102451
vn -0.944797 -0.323190 0.053911
vn -0.999879 -0.015126 0.003704
vn -0.954041 0.296856 -0.041029
vn -0.811641 0.579315 -0.075055
vn -0.588574 0.802644 -0.096659
vn -0.308743 0.945045 -0.107557
vn -0.000001 0.993852 -0.110716
vn 0.308747 0.945043 -0.107559
vn 0.588583 0.802638 -0.096663
vn 0.955883 0.042592 -0.290645
vn 0.814583 0.076730 -0.574950
vn 0.999749 -0.006054 0.021572
vn 0.942582 -0.063004 0.327978
vn 0.793224 -0.119286 0.597132
vn 0.570301 -0.166111 0.804465
vn 0.297542 -0.196819 0.934201
vn 0.000000 -0.207482 0.978239
vn -0.297540 -0.196819 0.934201
vn -0.570290 -0.166113 0.804472
vn -0.793230 -0.119284 0.597125
vn -0.942581 -0.063002 0.327981
vn -0.999749 -0.006048 0.021567
vn -0.955884 0.042594 -0.290641
vn -0.814585 0.076731 -0.574947
vn -0.591358 0.095369 -0.800750
vn -0.310355 0.102600 -0.945068
vn -0.000004 0.104137 -0.994563
vn 0.310358 0.102600 -0.945067
vn 0.591366 0.095368 -0.800744
vn 0.958675 0.177828 -0.222081
vn 0.818187 0.360959 -0.447525
vn 0.999267 -0.024875 0.029087
vn 0.935014 -0.222913 0.275789
vn 0.778382 -0.393490 0.489170
vn 0.553491 -0.521315 0.649522
vn 0.286467 -0.599293 0.747519
vn 0.000001 -0.625379 0.780321
vn -0.286465 -0.599293 0.747520
vn -0.553478 -0.521320 0.649529
vn -0.778385 -0.393487 0.489167
vn -0.935009 -0.222920 0.275799
vn -0.999268 -0.024868 0.029078
vn -0.958673 0.177834 -0.222086
vn -0.818184 0.360964 -0.447527
vn -0.595902 0.505439 -0.624045
vn -0.314445 0.598500 -0.736833
vn -0.000001 0.630890 -0.775872
vn 0.314447 0.598500 -0.736832
vn 0.595909 0.505438 -0.624039
vn 0.956424 0.265423 -0.121670
vn 0.812817 0.534300 -0.232059
vn 0.999524 -0.026782 0.015318
vn 0.937710 -0.308943 0.158915
vn 0.782973 -0.551120 0.288478
vn 0.558357 -0.732897 0.388715
vn 0.289575 -0.844160 0.451155
vn -0.000001 -0.881462 0.472254
vn -0.289574 -0.844160 0.451155
vn -0.558341 -0.732906 0.388720
vn -0.782977 -0.551116 0.288476
vn -0.937708 -0.308948 0.158917
vn -0.999524 -0.026771 0.015308
vn -0.956423 0.265426 -0.121676
vn -0.812816 0.534301 -0.232061
vn -0.587495 0.749823 -0.304327
vn -0.307091 0.888842 -0.340081
vn -0.000001 0.936788 -0.349897
vn 0.307088 0.888843 -0.340080
vn 0.587502 0.749817 -0.304327
vn -0.007088 0.000000 0.999975
vn -0.007088 0.000000 0.999975
vn 0.007088 0.000000 0.999975
vn 0.007088 0.000000 0.999975
vn -0.007088 0.000000 -0.999975
vn -0.007088 0.000000 -0.999975
vn 0.007088 0.000000 -0.999975
vn 0.007088 0.000000 -0.999975
vn 0.999891 0.000000 0.014775
vn 0.999891 0.000000 0.014775
vn 0.999891 0.000000 -0.014775
vn 0.999891 0.000000 -0.014775
vn -0.999891 0.000000 -0.014775
vn -0.999891 0.000000 -0.014775
vn -0.999891 0.000000 0.014775
vn -0.999891 0.000000 0.014775
vn -0.923880 0.000000 0.382682
vn -0.923880 0.000000 0.382682
vn -0.382683 0.000000 0.923880
vn -0.382683 0.000000 0.923880
vn 0.382685 0.000000 0.923879
vn 0.382685 0.000000 0.923879
vn 0.923880 0.000000 0.382682
vn 0.923880 0.000000 0.382682
vn -0.923880 0.000000 -0.382682
vn -0.923880 0.000000 -0.382682
vn -0.382683 0.000000 -0.923880
vn -0.382683 0.000000 -0.923880
vn 0.382685 0.000000 -0.923879
vn 0.382685 0.000000 -0.923879
vn 0.923880 0.000000 -0.382682
vn 0.923880 0.000000 -0.382682
vn 0.000000 -1.000000 0.000000
vn 0.000000 -1.000000 0.000000
vn 0.000000 -1.000000 0.000000
vn 0.000000 -1.000000 0.000000
vn 0.000000 -1.000000 0.000000
vn 0.000000 -1.000000 0.000000
vn 0.000000 -1.000000 0.000000
vn 0.000000 -1.000000 0.000000
vn 0.000000 1.000000 0.000000
vn 0.000000 1.000000 0.000000
vn 0.000000 1.000000 -0.000000
vn 0.000000 1.000000 -0.000000
vn 0.000000 -1.000000 0.000000
vn 0.000000 -1.000000 0.000000
vn 0.000000 -1.000000 0.000000
vn 0.000000 -1.000000 0.000000
vn 0.000000 -1.000000 0.000000
vn 0.000000 -1.000000 0.000000
vn 0.000000 -1.000000 0.000000
vn 0.000000 -1.000000 0.000000
vn 0.000000 0.707108 0.707106
vn 0.000000 0.707104 0.707109
vn 0.000000 0.707104 0.707109
vn 0.000000 0.707108 0.707106
vn 0.000000 0.707104 -0.707109
vn 0.000000 0.707108 -0.707106
vn 0.000000 0.707108 -0.707106
vn 0.000000 0.707104 -0.707109
vn -0.707105 0.707109 0.000000
vn -0.707103 0.707111 0.000000
vn -0.707103 0.707111 0.000000
vn -0.707105 0.707109 0.000000
vn 0.707106 0.707108 0.000000
vn 0.707106 0.707108 0.000000
vn 0.707109 0.707105 0.000000
vn 0.707109 0.707105 0.000000
vn 0.000000 1.000000 -0.000000
vn 0.000000 1.000000 -0.000000
vn 0.000000 0.000000 -1.000000
vn 0.000000 0.000000 -1.000000
vn 0.000000 0.000000 -1.000000
vn 0.000000 0.000000 -1.000000
vn 0.000000 0.000000 1.000000
vn 0.000000 0.000000 1.000000
vn 0.000000 0.000000 1.000000
vn 0.000000 0.000000 1.000000
vn 0.000000 1.000000 0.000000
vn 0.000000 1.000000 0.000000
vn 0.000000 1.000000 0.000000
vn 0.000000 1.000000 0.000000
vn -1.000000 0.000000 0.000000
vn -1.000000 0.000000 0.000000
vn -1.000000 0.000000 0.000000
vn -1.000000 0.000000 0.000000
vn 1.000000 0.000000 0.000000
vn 1.000000 0.000000 0.000000
vn 1.000000 0.000000 0.000000
vn 1.000000 0.000000 0.000000
vn 0.000000 1.000000 0.000000
vn 0.000000 1.000000 -0.000000
vn -0.674278 0.735903 0.061621
vn -0.408250 0.816496 0.408249
vn -0.408247 0.816497 0.408248
vn -0.687911 0.724855 0.036936
vn -0.060273 0.735310 0.675045
vn -0.035980 0.724408 0.688432
vn -0.687911 0.724855 -0.036936
vn -0.408248 0.816498 -0.408245
vn -0.408251 0.816496 -0.408247
vn -0.674278 0.735902 -0.061620
vn -0.035980 0.724409 -0.688431
vn -0.060273 0.735310 -0.675045
vn 0.060274 0.735312 0.675043
vn 0.408251 0.816495 0.408250
vn 0.408248 0.816497 0.408247
vn 0.035980 0.724410 0.688430
vn 0.674280 0.735901 0.061623
vn 0.687913 0.724852 0.036937
vn 0.674279 0.735901 -0.061623
vn 0.408250 0.816495 -0.408250
vn 0.408248 0.816497 -0.408248
vn 0.687913 0.724852 -0.036937
vn 0.060274 0.735312 -0.675043
vn 0.035980 0.724410 -0.688430
vn -0.047908 0.000000 0.998852
vn 0.000000 0.000000 1.000000
vn 0.000000 0.000000 1.000000
vn -0.047908 0.000000 0.998852
vn -0.047908 0.000000 -0.998852
vn -0.047908 0.000000 -0.998852
vn 0.998794 0.000000 0.049104
vn 0.998794 0.000000 0.049104
vn -0.998794 0.000000 0.049105
vn -0.998794 0.000000 0.049105
vn 0.047908 0.000000 -0.998852
vn 0.047908 0.000000 -0.998852
vn 0.000000 0.000000 1.000000
vn 0.000000 0.000000 1.000000
vn 0.047908 0.000000 0.998852
vn 0.047908 0.000000 0.998852
vn -0.998794 0.000000 -0.049105
vn -0.998794 0.000000 -0.049105
vn 0.998794 0.000000 -0.049104
vn 0.998794 0.000000 -0.049104
vn 0.000000 1.000000 -0.000001
vn 0.000000 1.000000 0.000000
vn 0.000000 1.000000 0.000001
vn 0.000000 1.000000 0.000001
vn 0.000000 1.000000 0.000001
vn 0.000000 1.000000 -0.000000
vn 0.000000 1.000000 0.000002
vn 0.000000 1.000000 0.000000
vn -0.923877 0.000000 0.382691
vn -0.923877 0.000000 0.382691
vn -0.382684 0.000000 0.923880
vn -0.382684 0.000000 0.923879
vn -0.382684 0.000000 -0.923880
vn -0.382684 0.000000 -0.923879
vn -0.923877 0.000000 -0.382691
vn -0.923877 0.000000 -0.382691
vn 0.382689 0.000000 0.923877
vn 0.382690 0.000000 0.923877
vn 0.923878 0.000000 0.382687
vn 0.923878 0.000000 0.382687
vn 0.923878 0.000000 -0.382687
vn 0.923878 0.000000 -0.382687
vn 0.382689 0.000000 -0.923877
vn 0.382690 0.000000 -0.923877
vn -0.870914 -0.491435 0.000000
vn -0.870914 -0.491435 0.000000
vn -0.868419 -0.494339 0.038422
vn -0.868419 -0.494339 0.038422
vn 0.000000 -0.491424 -0.870920
vn 0.000000 -0.491424 -0.870920
vn 0.000000 -0.491424 -0.870920
vn 0.000000 -0.491424 -0.870920
vn 0.870934 -0.491401 0.000000
vn 0.870934 -0.491401 0.000000
vn 0.870934 -0.491401 0.000000
vn 0.870934 -0.491401 0.000000
vn 0.000000 -0.491420 0.870923
vn 0.000000 -0.491420 0.870923
vn -0.037434 -0.494260 0.868508
vn -0.037434 -0.494260 0.868508
vn -0.804623 -0.491431 0.333283
vn -0.804623 -0.491431 0.333283
vn 0.000000 -0.491423 -0.870921
vn 0.000000 -0.491423 -0.870921
vn 0.000000 -0.491423 -0.870921
vn 0.000000 -0.491423 -0.870921
vn -0.870934 -0.491401 0.000000
vn -0.870934 -0.491401 0.000000
vn -0.870934 -0.491401 0.000000
vn -0.870934 -0.491401 0.000000
vn 0.000000 -0.491425 0.870920
vn 0.000000 -0.491425 0.870920
vn 0.037434 -0.494265 0.868505
vn 0.037435 -0.494265 0.868505
vn 0.870919 -0.491427 0.000000
vn 0.870919 -0.491427 0.000000
vn 0.868423 -0.494333 0.038424
vn 0.868423 -0.494333 0.038424
vn 0.804615 -0.491435 0.333296
vn 0.804615 -0.491435 0.333296
vn 0.333292 -0.491429 0.804621
vn 0.333292 -0.491429 0.804621
vn 0.000000 -0.491420 -0.870923
vn 0.000000 -0.491420 -0.870923
vn -0.037434 -0.494260 -0.868508
vn -0.037434 -0.494260 -0.868508
vn 0.870934 -0.491401 0.000000
vn 0.870934 -0.491401 0.000000
vn 0.870934 -0.491401 0.000000
vn 0.870933 -0.491401 0.000000
vn 0.000000 -0.491422 0.870922
vn 0.000000 -0.491422 0.870922
vn 0.000000 -0.491422 0.870922
vn 0.000000 -0.491421 0.870922
vn -0.870914 -0.491435 0.000000
vn -0.870914 -0.491435 0.000000
vn -0.868420 -0.494339 -0.038422
vn -0.868419 -0.494339 -0.038422
vn -0.870934 -0.491401 0.000000
vn -0.870934 -0.491401 0.000000
vn -0.870934 -0.491401 0.000000
vn -0.870934 -0.491401 0.000000
vn 0.000000 -0.491425 0.870920
vn 0.000000 -0.491425 0.870920
vn 0.000000 -0.491425 0.870920
vn 0.000000 -0.491425 0.870920
vn 0.870919 -0.491427 0.000000
vn 0.870919 -0.491427 0.000000
vn 0.868423 -0.494333 -0.038424
vn 0.868423 -0.494333 -0.038424
vn 0.000000 -0.491422 -0.870922
vn 0.000000 -0.491422 -0.870922
vn 0.037435 -0.494262 -0.868507
vn 0.037434 -0.494262 -0.868507
vn 0.333292 -0.491430 -0.804620
vn 0.333292 -0.491429 -0.804620
vn -0.333286 -0.491424 0.804626
vn -0.333286 -0.491424 0.804626
vn -0.804623 -0.491431 -0.333285
vn -0.804622 -0.491431 -0.333285
vn -0.333286 -0.491423 -0.804627
vn -0.333286 -0.491423 -0.804627
vn 0.804615 -0.491435 -0.333296
vn 0.804615 -0.491435 -0.333296
vn 0.000000 0.000000 -1.000000
vn 0.000000 0.000000 -1.000000
vn 0.000000 0.000000 -1.000000
vn 0.000000 0.000000 -1.000000
vn 1.000000 0.000000 0.000000
vn 1.000000 0.000000 0.000000
vn 1.000000 0.000000 0.000000
vn 1.000000 0.000000 0.000000
vn -1.000000 0.000000 0.000000
vn -1.000000 0.000000 0.000000
vn -1.000000 0.000000 0.000000
vn -1.000000 0.000000 0.000000
vn 0.000000 0.000000 -1.000000
vn 0.000000 0.000000 -1.000000
vn 0.000000 0.000000 -1.000000
vn 0.000000 0.000000 -1.000000
vn 1.000000 0.000000 0.000000
vn 1.000000 0.000000 0.000000
vn 1.000000 0.000000 0.000000
vn 1.000000 0.000000 0.000000
vn 0.000000 0.000000 1.000000
vn 0.000000 0.000000 1.000000
vn 0.000000 0.000000 1.000000
vn 0.000000 0.000000 1.000000
vn 0.000000 0.000000 1.000000
vn 0.000000 0.000000 1.000000
vn 0.000000 0.000000 1.000000
vn 0.000000 0.000000 1.000000
vn -1.000000 0.000000 0.000000
vn -1.000000 0.000000 0.000000
vn -1.000000 0.000000 0.000000
vn -1.000000 0.000000 0.000000
vn -0.382683 0.000000 0.923880
vn -0.047908 0.000000 0.998852
vn -0.998794 0.000000 0.049105
vn -0.923876 0.000000 0.382691
vn 0.923878 0.000000 0.382687
vn 0.998794 0.000000 0.049104
vn 0.047908 0.000000 0.998852
vn 0.382688 0.000000 0.923878
vn -0.923876 0.000000 -0.382691
vn -0.998794 0.000000 -0.049105
vn -0.047908 0.000000 -0.998852
vn -0.382683 0.000000 -0.923880
vn 0.382688 0.000000 -0.923878
vn 0.047908 0.000000 -0.998852
vn 0.998794 0.000000 -0.049104
vn 0.923878 0.000000 -0.382687
vn 0.000000 0.000000 1.000000
vn -1.000000 0.000000 0.000000
vn 1.000000 0.000000 0.000000
vn 0.000000 0.000000 1.000000
vn 0.000000 0.000000 -1.000000
vn -1.000000 0.000000 0.000000
vn 0.000000 0.000000 -1.000000
vn 1.000000 0.000000 0.000000
vn 0.000000 -1.000000 -0.000001
vn 0.000000 -1.000000 -0.000001
vn 0.000000 -1.000000 -0.000000
vn 0.000000 -1.000000 -0.000000
vn 0.000000 -1.000000 -0.000001
vn 0.000000 -1.000000 -0.000001
vn 0.000000 -1.000000 -0.000000
vn 0.000000 -1.000000 -0.000000
vn 0.000000 -1.000000 0.000000
vn 0.000000 -1.000000 0.000000
vn 0.000000 -1.000000 0.000001
vn 0.000000 -1.000000 0.000001
vn 0.000000 -1.000000 0.000000
vn 0.000000 -1.000000 0.000000
vn 0.000000 -1.000000 0.000001
vn 0.000000 -1.000000 0.000001
vn 0.000000 1.000000 -0.000002
vn 0.000000 1.000000 -0.000001
vn 0.000000 1.000000 0.000000
vn 0.000000 1.000000 -0.000001
vn 0.000000 -1.000000 0.000000
vn 0.000000 -1.000000 0.000000
vn 0.000000 -1.000000 -0.000001
vn 0.000000 -1.000000 -0.000001
vn 0.000000 -1.000000 0.000001
vn 0.000000 -1.000000 0.000001
vn 0.000000 -1.000000 0.000000
vn 0.000000 -1.000000 0.000000
vn 0.000000 0.000000 1.000000
vn 0.000000 0.000000 1.000000
vn 0.000000 0.000000 1.000000
vn 0.000000 0.000000 1.000000
vn 0.000000 -0.960879 0.276969
vn 0.000000 -0.960879 0.276969
vn 0.000000 -0.960879 0.276969
vn 0.000000 -0.960879 0.276969
vn 0.657108 0.000000 0.753797
vn 0.657108 0.000000 0.753797
vn 0.657108 0.000000 0.753797
vn 0.657108 0.000000 0.753797
vn 0.000000 0.960877 0.276976
vn 0.000000 0.960877 0.276976
vn 0.000000 0.960877 0.276976
vn 0.000000 0.960877 0.276976
vn -0.657108 0.000000 0.753797
vn -0.657108 0.000000 0.753797
vn -0.657108 0.000000 0.753797
vn -0.657108 0.000000 0.753797
vn 0.694425 0.719141 0.024707
vn 0.707102 0.707111 0.000000
vn 0.408243 0.816502 0.408244
vn 0.023963 0.718787 0.694818
vn 0.000000 0.707111 0.707103
vn 0.000000 0.707111 0.707103
vn -0.023963 0.718788 0.694816
vn -0.408245 0.816500 0.408246
vn -0.694422 0.719144 0.024707
vn -0.707101 0.707113 0.000000
vn -0.707101 0.707113 0.000000
vn -0.694422 0.719144 -0.024707
vn -0.408244 0.816501 -0.408243
vn -0.023963 0.718788 -0.694816
vn 0.000000 0.707111 -0.707103
vn 0.000000 0.707111 -0.707103
vn 0.023963 0.718787 -0.694818
vn 0.408243 0.816501 -0.408246
vn 0.694425 0.719141 -0.024708
vn 0.707102 0.707111 0.000000
vn -0.573986 -0.573988 0.584018
vn -0.310853 -0.666528 0.677577
vn -0.325157 -0.325157 0.888001
vn -0.666527 -0.310854 0.677578
vn -0.000000 -0.701551 0.712620
vn -0.000000 -0.340343 0.940301
vn -0.000001 -0.000000 1.000000
vn -0.340343 0.000000 0.940301
vn -0.701550 0.000000 0.712620
vn 0.310853 -0.666528 0.677577
vn 0.325156 -0.325158 0.888001
vn 0.573986 -0.573988 0.584018
vn 0.666527 -0.310854 0.677578
vn 0.701550 -0.000000 0.712620
vn 0.340342 -0.000000 0.940302
vn 0.325156 0.325157 0.888001
vn -0.000000 0.340343 0.940301
vn 0.666527 0.310854 0.677578
vn 0.573986 0.573988 0.584019
vn 0.310853 0.666527 0.677578
vn -0.000000 0.701550 0.712620
vn -0.325157 0.325158 0.888001
vn -0.666527 0.310854 0.677578
vn -0.310854 0.666528 0.677577
vn -0.573986 0.573989 0.584018
vn -0.328670 0.883351 0.334167
vn -0.670411 0.670413 0.317955
vn -0.000000 0.936749 0.350003
vn -0.000000 0.984444 0.175698
vn -0.339203 0.922284 0.185290
vn -0.693213 0.693213 0.197262
vn 0.328670 0.883351 0.334167
vn 0.670412 0.670412 0.317955
vn 0.693213 0.693213 0.197261
vn 0.339203 0.922285 0.185288
vn -0.000000 -0.984444 0.175697
vn 0.339203 -0.922285 0.185289
vn 0.328670 -0.883351 0.334166
vn -0.000000 -0.936749 0.350003
vn 0.693213 -0.693212 0.197261
vn 0.670412 -0.670412 0.317955
vn -0.693214 -0.693212 0.197261
vn -0.339203 -0.922285 0.185288
vn -0.328670 -0.883351 0.334166
vn -0.670412 -0.670412 0.317954
vn 0.883351 -0.328670 0.334167
vn 0.922285 -0.339202 0.185288
vn 0.984444 -0.000000 0.175697
vn 0.936749 -0.000000 0.350003
vn 0.883351 0.328671 0.334167
vn 0.922285 0.339203 0.185289
vn -0.883351 -0.328671 0.334167
vn -0.922285 -0.339203 0.185289
vn -0.936748 -0.000000 0.350004
vn -0.984444 -0.000000 0.175698
vn -0.883351 0.328671 0.334167
vn -0.922285 0.339204 0.185289
vn -0.573983 -0.573988 0.584021
vn -0.310853 -0.666526 0.677579
vn -0.325158 -0.325157 0.888001
vn -0.666528 -0.310852 0.677578
vn 0.000000 -0.701551 0.712619
vn -0.000000 -0.340343 0.940301
vn 0.000000 -0.000001 1.000000
vn -0.340345 -0.000000 0.940301
vn -0.701551 0.000000 0.712619
vn 0.310854 -0.666528 0.677577
vn 0.325158 -0.325157 0.888001
vn 0.573985 -0.573988 0.584019
vn 0.666528 -0.310854 0.677577
vn 0.701551 0.000000 0.712619
vn 0.340344 -0.000000 0.940301
vn 0.325157 0.325156 0.888001
vn 0.000000 0.340343 0.940302
vn 0.666527 0.310854 0.677577
vn 0.573986 0.573987 0.584020
vn 0.310852 0.666529 0.677576
vn 0.000000 0.701550 0.712620
vn -0.325157 0.325155 0.888002
vn -0.666527 0.310852 0.677578
vn -0.310851 0.666528 0.677578
vn -0.573985 0.573988 0.584020
vn -0.328668 0.883352 0.334165
vn -0.670410 0.670414 0.317954
vn 0.000000 0.936750 0.350000
vn -0.000000 0.984443 0.175705
vn -0.339201 0.922285 0.185292
vn -0.693213 0.693213 0.197261
vn 0.328668 0.883352 0.334165
vn 0.670411 0.670413 0.317956
vn 0.693213 0.693213 0.197261
vn 0.339200 0.922285 0.185293
vn -0.000000 -0.984443 0.175704
vn 0.339202 -0.922284 0.185294
vn 0.328669 -0.883350 0.334171
vn 0.000000 -0.936748 0.350005
vn 0.693212 -0.693213 0.197263
vn 0.670410 -0.670412 0.317959
vn -0.693212 -0.693214 0.197260
vn -0.339203 -0.922284 0.185291
vn -0.328670 -0.883350 0.334169
vn -0.670411 -0.670413 0.317957
vn 0.883350 -0.328670 0.334169
vn 0.922285 -0.339202 0.185290
vn 0.984444 0.000000 0.175698
vn 0.936748 0.000000 0.350003
vn 0.883351 0.328669 0.334167
vn 0.922286 0.339201 0.185289
vn -0.883351 -0.328669 0.334168
vn -0.922285 -0.339202 0.185288
vn -0.936749 -0.000000 0.350003
vn -0.984445 0.000000 0.175696
vn -0.883352 0.328668 0.334166
vn -0.922286 0.339202 0.185287
s 1
g pCube13_low
usemtl aiStandardSurface1SG
f 20/20/1 21/21/2 14/2/3 11/12/4
s 2
f 13/9/5 16/3/6 2/4/7 1/10/8
s 3
f 3/5/9 4/8/10 10/7/11 7/6/12
s 4
f 23/23/13 24/24/14 2/4/15 16/3/16
s 5
f 17/17/17 18/18/18 13/9/19 1/10/20
s 1
f 5/11/21 6/13/22 9/14/23 8/1/24
s 3
f 6/13/25 7/6/12 10/7/11 9/14/26
s 1
f 21/21/2 22/22/27 15/16/28 14/2/3
s 4
f 22/22/29 23/23/13 16/3/16 15/16/30
s 5
f 18/18/18 19/19/31 12/15/32 13/9/19
s 1
f 19/19/33 20/20/1 11/12/4 12/15/34
s 2
f 13/9/5 12/15/35 15/16/36 16/3/6
s 1
f 12/15/37 11/12/4 14/2/3 15/16/38
s 5
f 26/26/39 18/18/18 17/17/17 25/25/40
f 19/19/31 18/18/18 26/26/39 27/27/41
s 1
f 20/20/1 19/19/33 27/27/42 28/28/43
f 29/29/44 21/21/2 20/20/1 28/28/43
f 22/22/27 21/21/2 29/29/44 30/30/45
s 4
f 23/23/13 22/22/29 30/30/46 31/31/47
f 32/32/48 24/24/14 23/23/13 31/31/47
s 5
f 3/5/49 7/6/50 26/26/39 25/25/40
f 7/6/50 6/13/51 27/27/41 26/26/39
s 1
f 6/13/52 5/11/21 28/28/43 27/27/42
f 5/11/21 8/1/24 29/29/44 28/28/43
f 8/1/24 9/14/53 30/30/45 29/29/44
s 4
f 9/14/54 10/7/55 31/31/47 30/30/46
f 10/7/55 4/8/56 32/32/48 31/31/47
s off
f 34/33/57 36/34/58 45/35/59 46/36/60
f 39/37/61 35/38/62 33/39/63 40/40/64
s 7
f 42/41/65 37/42/66 43/43/67 48/44/68
s off
f 45/45/69 44/46/70 38/47/71 39/48/72
f 47/49/73 46/50/74 40/51/75 41/52/76
s 8
f 162/53/77 50/54/78 57/55/79 161/56/80
f 51/57/81 171/58/82 172/59/83 59/60/84
f 54/61/85 166/62/86 167/63/87 62/64/88
f 176/65/89 157/66/90 55/67/91 63/68/92
s 7
f 43/43/67 49/69/93 58/70/94 48/44/68
s 12
f 33/39/95 35/38/96 51/57/97 59/60/98
s off
f 154/71/99 153/72/100 155/73/101 156/74/102
s 7
f 60/75/103 52/76/104 37/42/66 42/41/65
f 61/77/105 53/78/106 43/43/67 37/42/66
s 13
f 44/46/107 54/61/108 62/64/109 38/47/110
s 14
f 63/68/111 55/67/112 47/49/113 41/52/114
s 7
f 42/41/65 48/44/68 56/79/115 64/80/116
s 8
f 79/81/117 78/82/118 164/83/119 165/84/120
f 78/85/118 77/86/121 163/87/122 164/88/119
f 168/89/123 169/90/124 87/91/125 86/92/126
f 169/93/124 170/94/127 88/95/128 87/96/125
f 91/97/129 90/98/130 159/99/131 160/100/132
f 90/101/130 89/102/133 158/103/134 159/104/131
f 97/105/135 96/106/136 174/107/137 175/108/138
f 96/109/136 95/110/139 173/111/140 174/112/137
f 79/81/117 165/84/120 166/62/86 54/61/85
f 163/87/122 77/86/121 50/54/78 162/53/77
f 168/89/123 86/92/126 62/64/88 167/63/87
f 88/95/128 170/94/127 171/58/82 51/57/81
f 91/97/129 160/100/132 161/56/80 57/55/79
f 158/103/134 89/102/133 55/67/91 157/66/90
f 97/105/135 175/108/138 176/65/89 63/68/92
f 173/111/140 95/110/139 59/60/84 172/59/83
s 19
f 67/113/141 36/34/142 50/54/143 77/86/144
s 12
f 88/95/145 51/57/97 35/38/96 71/114/146
s 14
f 70/115/147 47/49/113 55/67/112 89/102/148
s 13
f 44/46/107 65/116/149 79/81/150 54/61/108
s 12
f 33/39/95 59/60/98 95/110/151 76/117/152
s 19
f 57/55/153 34/33/154 68/118/155 91/97/156
s 13
f 73/119/157 38/47/110 62/64/109 86/92/158
s 14
f 63/68/111 41/52/114 74/120/159 97/105/160
s 7
f 82/121/161 43/43/67 53/78/106 81/122/162
f 84/123/163 37/42/66 52/76/104 83/124/164
f 92/125/165 56/79/115 48/44/68 94/126/166
f 98/127/167 60/75/103 42/41/65 100/128/168
s 13
f 65/116/149 66/129/169 78/82/170 79/81/150
s 19
f 66/130/171 67/113/141 77/86/144 78/85/172
s 12
f 71/114/146 72/131/173 87/96/174 88/95/145
s 13
f 72/132/175 73/119/157 86/92/158 87/91/176
s 19
f 68/118/155 69/133/177 90/98/178 91/97/156
s 14
f 69/134/179 70/115/147 89/102/148 90/101/180
f 74/120/159 75/135/181 96/106/182 97/105/160
s 12
f 75/136/183 76/117/152 95/110/151 96/109/184
s 21
f 101/137/185 102/138/186 108/139/187 107/140/188
s off
f 102/138/189 101/141/190 104/142/191 103/143/192
f 103/143/193 104/144/194 106/145/195 105/146/196
s 22
f 105/146/197 106/147/198 134/148/199 133/149/200
s 21
f 107/140/188 108/139/187 141/150/201 142/151/202
s off
f 109/152/203 110/153/204 114/154/205 113/155/206
f 110/156/207 109/152/208 112/157/209 111/158/210
s 23
f 111/159/211 112/157/212 118/160/213 117/161/214
s 24
f 113/155/215 114/162/216 116/163/217 115/164/218
f 115/164/218 116/163/217 144/165/219 143/166/220
s 23
f 117/161/214 118/160/213 143/166/221 144/167/222
s 25
f 119/168/223 120/169/224 138/170/225 137/171/226
s off
f 120/169/227 119/172/228 122/173/229 121/174/230
f 121/174/231 122/175/232 124/176/233 123/177/234
s 26
f 123/177/235 124/178/236 136/179/237 135/180/238
s off
f 125/181/239 126/182/240 130/183/241 129/184/242
f 126/185/243 125/181/244 128/186/245 127/187/246
s 27
f 127/188/247 128/186/248 140/189/249 139/190/250
s 28
f 129/184/251 130/191/252 132/192/253 131/193/254
f 131/193/254 132/192/253 148/194/255 147/195/256
s 22
f 133/149/200 134/148/199 142/196/257 141/150/258
s 26
f 135/180/238 136/179/237 146/197/259 145/198/260
s 25
f 137/171/226 138/170/225 145/198/261 146/199/262
s 27
f 139/190/250 140/189/249 147/195/263 148/200/264
s off
f 44/201/265 45/202/266 104/142/267 101/141/268
f 45/203/269 36/204/270 106/145/271 104/144/272
f 34/205/273 46/206/274 110/156/275 111/158/276
f 46/207/277 47/208/278 114/154/279 110/153/280
f 35/209/281 39/210/282 122/173/283 119/172/284
f 39/211/285 38/212/286 124/176/287 122/175/288
f 41/213/289 40/214/290 126/185/291 127/187/292
f 40/215/293 33/216/294 130/183/295 126/182/296
s 19
f 67/217/141 66/218/171 142/196/297 134/148/298
s 13
f 66/219/169 65/220/149 107/140/299 142/151/300
s 14
f 70/221/147 69/222/179 144/165/301 116/163/302
s 19
f 69/223/177 68/224/155 117/161/303 144/167/304
s 13
f 73/225/157 72/226/175 146/197/305 136/179/306
s 12
f 72/227/173 71/228/146 137/171/307 146/199/308
f 76/229/152 75/230/183 148/194/309 132/192/310
s 14
f 75/231/181 74/232/159 139/190/311 148/200/312
s 19
f 36/233/142 67/217/141 134/148/298 106/147/313
s 13
f 65/220/149 44/234/107 101/137/314 107/140/299
s 14
f 47/235/113 70/221/147 116/163/302 114/162/315
s 19
f 68/224/155 34/236/154 111/159/316 117/161/303
s 12
f 71/228/146 35/237/96 119/168/317 137/171/307
s 13
f 38/238/110 73/225/157 136/179/306 124/178/318
s 12
f 33/239/95 76/229/152 132/192/310 130/191/319
s 14
f 74/232/159 41/240/114 127/188/320 139/190/311
s 29
f 108/139/321 102/138/322 103/143/323 141/150/324
s 30
f 118/160/325 112/157/326 109/152/327 143/166/328
s 31
f 145/198/329 121/174/330 123/177/331 135/180/332
s 32
f 147/195/333 125/181/334 129/184/335 131/193/336
s 7
f 94/241/166 48/44/68 58/70/94 93/242/337
f 100/243/168 42/41/65 64/80/116 99/244/338
f 61/77/105 37/42/66 84/245/163 85/246/339
f 80/247/340 49/69/93 43/43/67 82/248/161
s 31
f 120/169/341 121/174/330 145/198/329 138/170/342
s 32
f 140/189/343 128/186/344 125/181/334 147/195/333
s 30
f 143/166/328 109/152/327 113/155/345 115/164/346
s 29
f 141/150/324 103/143/323 105/146/347 133/149/348
s 19
f 57/55/153 50/54/143 149/249/349 150/250/350
f 50/54/143 36/34/142 151/251/351 149/249/349
f 36/34/142 34/33/154 152/252/352 151/251/351
f 34/33/154 57/55/153 150/250/350 152/252/352
s off
f 150/253/353 149/254/354 153/72/355 154/71/356
f 149/254/357 151/255/358 155/73/359 153/72/360
f 151/255/361 152/256/362 156/74/363 155/73/364
f 152/256/365 150/253/366 154/71/367 156/74/368
s 8
f 92/125/369 158/103/134 157/66/90 56/79/370
f 159/104/131 158/103/134 92/125/369 94/126/371
f 160/100/132 159/99/131 94/241/371 93/242/372
f 161/56/80 160/100/132 93/242/372 58/70/373
f 49/69/374 162/53/77 161/56/80 58/70/373
f 80/247/375 163/87/122 162/53/77 49/69/374
f 164/88/119 163/87/122 80/247/375 82/248/376
f 165/84/120 164/83/119 82/121/376 81/122/377
f 166/62/86 165/84/120 81/122/377 53/78/378
f 167/63/87 166/62/86 53/78/378 61/77/379
f 85/246/380 168/89/123 167/63/87 61/77/379
f 85/246/380 84/245/381 169/90/124 168/89/123
f 84/123/381 83/124/382 170/94/127 169/93/124
f 171/58/82 170/94/127 83/124/382 52/76/383
f 172/59/83 171/58/82 52/76/383 60/75/384
f 98/127/385 173/111/140 172/59/83 60/75/384
f 174/112/137 173/111/140 98/127/385 100/128/386
f 175/108/138 174/107/137 100/243/386 99/244/387
f 176/65/89 175/108/138 99/244/387 64/80/388
f 56/79/370 157/66/90 176/65/89 64/80/388
s 33
f 196/257/389 197/258/390 190/259/391 187/260/392
s 34
f 189/261/393 192/262/394 178/263/395 177/264/396
s 35
f 179/265/397 180/266/398 186/267/399 183/268/400
s 36
f 199/269/401 200/270/402 178/271/403 192/272/404
s 37
f 193/273/405 194/274/406 189/275/407 177/276/408
s 33
f 181/277/409 182/278/410 185/279/411 184/280/412
s 35
f 182/278/413 183/268/400 186/267/399 185/279/414
s 33
f 197/258/390 198/281/415 191/282/416 190/259/391
s 36
f 198/281/417 199/269/401 192/272/404 191/282/418
s 37
f 194/274/406 195/283/419 188/284/420 189/275/407
s 33
f 195/283/421 196/257/389 187/260/392 188/284/422
s 34
f 189/261/393 188/285/423 191/286/424 192/262/394
s 33
f 188/285/425 187/260/392 190/259/391 191/286/426
s 37
f 202/287/427 194/274/406 193/273/405 201/288/428
f 195/283/419 194/274/406 202/287/427 203/289/429
s 33
f 196/257/389 195/283/421 203/289/430 204/290/431
f 205/291/432 197/258/390 196/257/389 204/290/431
f 198/281/415 197/258/390 205/291/432 206/292/433
s 36
f 199/269/401 198/281/417 206/292/434 207/293/435
f 208/294/436 200/270/402 199/269/401 207/293/435
s 37
f 179/295/437 183/296/438 202/287/427 201/288/428
f 183/296/438 182/297/439 203/289/429 202/287/427
s 33
f 182/297/440 181/277/409 204/290/431 203/289/430
f 181/277/409 184/280/412 205/291/432 204/290/431
f 184/280/412 185/298/441 206/292/433 205/291/432
s 36
f 185/298/442 186/299/443 207/293/435 206/292/434
f 186/299/443 180/300/444 208/294/436 207/293/435
s 39
f 209/301/445 210/302/446 230/303/447 229/304/448
f 210/302/446 211/305/449 231/306/450 230/303/447
f 211/305/449 212/307/451 232/308/452 231/306/450
f 212/307/451 213/309/453 233/310/454 232/308/452
f 213/311/453 214/312/455 234/313/456 233/314/454
f 214/312/455 215/315/457 235/316/458 234/313/456
f 215/315/457 216/317/459 236/318/460 235/316/458
f 216/317/459 217/319/461 237/320/462 236/318/460
f 217/319/461 218/321/463 238/322/464 237/320/462
f 218/321/463 219/323/465 239/324/466 238/322/464
f 219/323/465 220/325/467 240/326/468 239/324/466
f 220/325/467 221/327/469 241/328/470 240/326/468
f 221/327/469 222/329/471 242/330/472 241/328/470
f 222/329/471 223/331/473 243/332/474 242/330/472
f 223/331/473 224/333/475 244/334/476 243/332/474
f 224/333/475 225/335/477 245/336/478 244/334/476
f 225/335/477 226/337/479 246/338/480 245/336/478
f 226/337/479 227/339/481 247/340/482 246/338/480
f 227/339/481 228/341/483 248/342/484 247/340/482
f 228/341/483 209/301/445 229/304/448 248/342/484
f 249/343/485 250/344/486 270/345/487 269/346/488
f 250/344/486 251/347/489 271/348/490 270/345/487
f 251/347/489 252/349/491 272/350/492 271/348/490
f 252/349/491 253/351/493 273/352/494 272/350/492
f 253/351/493 254/353/495 274/354/496 273/352/494
f 254/353/495 255/355/497 275/356/498 274/354/496
f 255/355/497 256/357/499 276/358/500 275/356/498
f 256/357/499 257/359/501 277/360/502 276/358/500
f 257/359/501 258/361/503 278/362/504 277/360/502
f 258/361/503 259/363/505 279/364/506 278/362/504
f 259/363/505 260/365/507 280/366/508 279/364/506
f 260/365/507 261/367/509 281/368/510 280/366/508
f 261/367/509 262/369/511 282/370/512 281/368/510
f 262/369/511 263/371/513 283/372/514 282/370/512
f 263/373/513 264/374/515 284/375/516 283/376/514
f 264/374/515 265/377/517 285/378/518 284/375/516
f 265/377/517 266/379/519 286/380/520 285/378/518
f 266/379/519 267/381/521 287/382/522 286/380/520
f 267/381/521 268/383/523 288/384/524 287/382/522
f 268/383/523 249/343/485 269/346/488 288/384/524
f 289/385/525 290/386/526 310/387/527 309/388/528
f 290/386/526 291/389/529 311/390/530 310/387/527
f 291/389/529 292/391/531 312/392/532 311/390/530
f 292/391/531 293/393/533 313/394/534 312/392/532
f 293/395/533 294/396/535 314/397/536 313/398/534
f 294/396/535 295/399/537 315/400/538 314/397/536
f 295/399/537 296/401/539 316/402/540 315/400/538
f 296/401/539 297/403/541 317/404/542 316/402/540
f 297/403/541 298/405/543 318/406/544 317/404/542
f 298/405/543 299/407/545 319/408/546 318/406/544
f 299/407/545 300/409/547 320/410/548 319/408/546
f 300/409/547 301/411/549 321/412/550 320/410/548
f 301/411/549 302/413/551 322/414/552 321/412/550
f 302/413/551 303/415/553 323/416/554 322/414/552
f 303/415/553 304/417/555 324/418/556 323/416/554
f 304/417/555 305/419/557 325/420/558 324/418/556
f 305/419/557 306/421/559 326/422/560 325/420/558
f 306/421/559 307/423/561 327/424/562 326/422/560
f 307/423/561 308/425/563 328/426/564 327/424/562
f 308/425/563 289/385/525 309/388/528 328/426/564
f 389/427/565 390/428/566 285/378/518 286/380/520
f 390/428/566 391/429/567 284/375/516 285/378/518
f 391/429/567 392/430/568 283/376/514 284/375/516
f 392/431/568 393/432/569 282/370/512 283/372/514
f 393/432/569 394/433/570 281/368/510 282/370/512
f 394/433/570 395/434/571 280/366/508 281/368/510
f 395/434/571 396/435/572 279/364/506 280/366/508
f 396/435/572 397/436/573 278/362/504 279/364/506
f 397/436/573 398/437/574 277/360/502 278/362/504
f 398/437/574 399/438/575 276/358/500 277/360/502
f 399/438/575 400/439/576 275/356/498 276/358/500
f 400/439/576 401/440/577 274/354/496 275/356/498
f 401/440/577 402/441/578 273/352/494 274/354/496
f 402/441/578 403/442/579 272/350/492 273/352/494
f 403/442/579 404/443/580 271/348/490 272/350/492
f 404/443/580 405/444/581 270/345/487 271/348/490
f 405/444/581 406/445/582 269/346/488 270/345/487
f 406/445/582 407/446/583 288/384/524 269/346/488
f 407/446/583 408/447/584 287/382/522 288/384/524
f 408/447/584 389/427/565 286/380/520 287/382/522
f 230/303/447 231/306/450 330/448/585 329/449/586
f 231/306/450 232/308/452 331/450/587 330/448/585
f 232/308/452 233/310/454 332/451/588 331/450/587
f 233/314/454 234/313/456 333/452/589 332/453/588
f 234/313/456 235/316/458 334/454/590 333/452/589
f 235/316/458 236/318/460 335/455/591 334/454/590
f 236/318/460 237/320/462 336/456/592 335/455/591
f 237/320/462 238/322/464 337/457/593 336/456/592
f 238/322/464 239/324/466 338/458/594 337/457/593
f 239/324/466 240/326/468 339/459/595 338/458/594
f 240/326/468 241/328/470 340/460/596 339/459/595
f 241/328/470 242/330/472 341/461/597 340/460/596
f 242/330/472 243/332/474 342/462/598 341/461/597
f 243/332/474 244/334/476 343/463/599 342/462/598
f 244/334/476 245/336/478 344/464/600 343/463/599
f 245/336/478 246/338/480 345/465/601 344/464/600
f 246/338/480 247/340/482 346/466/602 345/465/601
f 247/340/482 248/342/484 347/467/603 346/466/602
f 248/342/484 229/304/448 348/468/604 347/467/603
f 229/304/448 230/303/447 329/449/586 348/468/604
f 329/449/586 330/448/585 350/469/605 349/470/606
f 330/448/585 331/450/587 351/471/607 350/469/605
f 331/450/587 332/451/588 352/472/608 351/471/607
f 332/453/588 333/452/589 353/473/609 352/474/608
f 333/452/589 334/454/590 354/475/610 353/473/609
f 334/454/590 335/455/591 355/476/611 354/475/610
f 335/455/591 336/456/592 356/477/612 355/476/611
f 336/456/592 337/457/593 357/478/613 356/477/612
f 337/457/593 338/458/594 358/479/614 357/478/613
f 338/458/594 339/459/595 359/480/615 358/479/614
f 339/459/595 340/460/596 360/481/616 359/480/615
f 340/460/596 341/461/597 361/482/617 360/481/616
f 341/461/597 342/462/598 362/483/618 361/482/617
f 342/462/598 343/463/599 363/484/619 362/483/618
f 343/463/599 344/464/600 364/485/620 363/484/619
f 344/464/600 345/465/601 365/486/621 364/485/620
f 345/465/601 346/466/602 366/487/622 365/486/621
f 346/466/602 347/467/603 367/488/623 366/487/622
f 347/467/603 348/468/604 368/489/624 367/488/623
f 348/468/604 329/449/586 349/470/606 368/489/624
f 349/470/606 350/469/605 370/490/625 369/491/626
f 350/469/605 351/471/607 371/492/627 370/490/625
f 351/471/607 352/472/608 372/493/628 371/492/627
f 352/474/608 353/473/609 373/494/629 372/495/628
f 353/473/609 354/475/610 374/496/630 373/494/629
f 354/475/610 355/476/611 375/497/631 374/496/630
f 355/476/611 356/477/612 376/498/632 375/497/631
f 356/477/612 357/478/613 377/499/633 376/498/632
f 357/478/613 358/479/614 378/500/634 377/499/633
f 358/479/614 359/480/615 379/501/635 378/500/634
f 359/480/615 360/481/616 380/502/636 379/501/635
f 360/481/616 361/482/617 381/503/637 380/502/636
f 361/482/617 362/483/618 382/504/638 381/503/637
f 362/483/618 363/484/619 383/505/639 382/504/638
f 363/484/619 364/485/620 384/506/640 383/505/639
f 364/485/620 365/486/621 385/507/641 384/506/640
f 365/486/621 366/487/622 386/508/642 385/507/641
f 366/487/622 367/488/623 387/509/643 386/508/642
f 367/488/623 368/489/624 388/510/644 387/509/643
f 368/489/624 349/470/606 369/491/626 388/510/644
f 369/491/626 370/490/625 390/428/566 389/427/565
f 370/490/625 371/492/627 391/429/567 390/428/566
f 371/492/627 372/493/628 392/430/568 391/429/567
f 372/495/628 373/494/629 393/432/569 392/431/568
f 373/494/629 374/496/630 394/433/570 393/432/569
f 374/496/630 375/497/631 395/434/571 394/433/570
f 375/497/631 376/498/632 396/435/572 395/434/571
f 376/498/632 377/499/633 397/436/573 396/435/572
f 377/499/633 378/500/634 398/437/574 397/436/573
f 378/500/634 379/501/635 399/438/575 398/437/574
f 379/501/635 380/502/636 400/439/576 399/438/575
f 380/502/636 381/503/637 401/440/577 400/439/576
f 381/503/637 382/504/638 402/441/578 401/440/577
f 382/504/638 383/505/639 403/442/579 402/441/578
f 383/505/639 384/506/640 404/443/580 403/442/579
f 384/506/640 385/507/641 405/444/581 404/443/580
f 385/507/641 386/508/642 406/445/582 405/444/581
f 386/508/642 387/509/643 407/446/583 406/445/582
f 387/509/643 388/510/644 408/447/584 407/446/583
f 388/510/644 369/491/626 389/427/565 408/447/584
f 469/511/645 470/512/646 309/388/528 310/387/527
f 470/512/646 471/513/647 328/426/564 309/388/528
f 471/513/647 472/514/648 327/424/562 328/426/564
f 472/514/648 473/515/649 326/422/560 327/424/562
f 473/515/649 474/516/650 325/420/558 326/422/560
f 474/516/650 475/517/651 324/418/556 325/420/558
f 475/517/651 476/518/652 323/416/554 324/418/556
f 476/518/652 477/519/653 322/414/552 323/416/554
f 477/519/653 478/520/654 321/412/550 322/414/552
f 478/520/654 479/521/655 320/410/548 321/412/550
f 479/521/655 480/522/656 319/408/546 320/410/548
f 480/522/656 481/523/657 318/406/544 319/408/546
f 481/523/657 482/524/658 317/404/542 318/406/544
f 482/524/658 483/525/659 316/402/540 317/404/542
f 483/525/659 484/526/660 315/400/538 316/402/540
f 484/526/660 485/527/661 314/397/536 315/400/538
f 485/527/661 486/528/662 313/398/534 314/397/536
f 486/529/662 487/530/663 312/392/532 313/394/534
f 487/530/663 488/531/664 311/390/530 312/392/532
f 488/531/664 469/511/645 310/387/527 311/390/530
f 210/302/446 209/301/445 410/532/665 409/533/666
f 209/301/445 228/341/483 411/534/667 410/532/665
f 228/341/483 227/339/481 412/535/668 411/534/667
f 227/339/481 226/337/479 413/536/669 412/535/668
f 226/337/479 225/335/477 414/537/670 413/536/669
f 225/335/477 224/333/475 415/538/671 414/537/670
f 224/333/475 223/331/473 416/539/672 415/538/671
f 223/331/473 222/329/471 417/540/673 416/539/672
f 222/329/471 221/327/469 418/541/674 417/540/673
f 221/327/469 220/325/467 419/542/675 418/541/674
f 220/325/467 219/323/465 420/543/676 419/542/675
f 219/323/465 218/321/463 421/544/677 420/543/676
f 218/321/463 217/319/461 422/545/678 421/544/677
f 217/319/461 216/317/459 423/546/679 422/545/678
f 216/317/459 215/315/457 424/547/680 423/546/679
f 215/315/457 214/312/455 425/548/681 424/547/680
f 214/312/455 213/311/453 426/549/682 425/548/681
f 213/309/453 212/307/451 427/550/683 426/551/682
f 212/307/451 211/305/449 428/552/684 427/550/683
f 211/305/449 210/302/446 409/533/666 428/552/684
f 409/533/666 410/532/665 430/553/685 429/554/686
f 410/532/665 411/534/667 431/555/687 430/553/685
f 411/534/667 412/535/668 432/556/688 431/555/687
f 412/535/668 413/536/669 433/557/689 432/556/688
f 413/536/669 414/537/670 434/558/690 433/557/689
f 414/537/670 415/538/671 435/559/691 434/558/690
f 415/538/671 416/539/672 436/560/692 435/559/691
f 416/539/672 417/540/673 437/561/693 436/560/692
f 417/540/673 418/541/674 438/562/694 437/561/693
f 418/541/674 419/542/675 439/563/695 438/562/694
f 419/542/675 420/543/676 440/564/696 439/563/695
f 420/543/676 421/544/677 441/565/697 440/564/696
f 421/544/677 422/545/678 442/566/698 441/565/697
f 422/545/678 423/546/679 443/567/699 442/566/698
f 423/546/679 424/547/680 444/568/700 443/567/699
f 424/547/680 425/548/681 445/569/701 444/568/700
f 425/548/681 426/549/682 446/570/702 445/569/701
f 426/551/682 427/550/683 447/571/703 446/572/702
f 427/550/683 428/552/684 448/573/704 447/571/703
f 428/552/684 409/533/666 429/554/686 448/573/704
f 429/554/686 430/553/685 450/574/705 449/575/706
f 430/553/685 431/555/687 451/576/707 450/574/705
f 431/555/687 432/556/688 452/577/708 451/576/707
f 432/556/688 433/557/689 453/578/709 452/577/708
f 433/557/689 434/558/690 454/579/710 453/578/709
f 434/558/690 435/559/691 455/580/711 454/579/710
f 435/559/691 436/560/692 456/581/712 455/580/711
f 436/560/692 437/561/693 457/582/713 456/581/712
f 437/561/693 438/562/694 458/583/714 457/582/713
f 438/562/694 439/563/695 459/584/715 458/583/714
f 439/563/695 440/564/696 460/585/716 459/584/715
f 440/564/696 441/565/697 461/586/717 460/585/716
f 441/565/697 442/566/698 462/587/718 461/586/717
f 442/566/698 443/567/699 463/588/719 462/587/718
f 443/567/699 444/568/700 464/589/720 463/588/719
f 444/568/700 445/569/701 465/590/721 464/589/720
f 445/569/701 446/570/702 466/591/722 465/590/721
f 446/572/702 447/571/703 467/592/723 466/593/722
f 447/571/703 448/573/704 468/594/724 467/592/723
f 448/573/704 429/554/686 449/575/706 468/594/724
f 449/575/706 450/574/705 470/512/646 469/511/645
f 450/574/705 451/576/707 471/513/647 470/512/646
f 451/576/707 452/577/708 472/514/648 471/513/647
f 452/577/708 453/578/709 473/515/649 472/514/648
f 453/578/709 454/579/710 474/516/650 473/515/649
f 454/579/710 455/580/711 475/517/651 474/516/650
f 455/580/711 456/581/712 476/518/652 475/517/651
f 456/581/712 457/582/713 477/519/653 476/518/652
f 457/582/713 458/583/714 478/520/654 477/519/653
f 458/583/714 459/584/715 479/521/655 478/520/654
f 459/584/715 460/585/716 480/522/656 479/521/655
f 460/585/716 461/586/717 481/523/657 480/522/656
f 461/586/717 462/587/718 482/524/658 481/523/657
f 462/587/718 463/588/719 483/525/659 482/524/658
f 463/588/719 464/589/720 484/526/660 483/525/659
f 464/589/720 465/590/721 485/527/661 484/526/660
f 465/590/721 466/591/722 486/528/662 485/527/661
f 466/593/722 467/592/723 487/530/663 486/529/662
f 467/592/723 468/594/724 488/531/664 487/530/663
f 468/594/724 449/575/706 469/511/645 488/531/664
s 42
f 494/595/725 489/596/726 497/597/727 498/598/728
s 43
f 506/599/729 501/600/730 509/601/731 510/602/732
s 44
f 500/603/733 495/604/734 512/605/735 507/606/736
s 45
f 503/607/737 504/608/738 491/609/739 492/610/740
f 491/609/739 490/611/741 493/612/742 492/610/740
s 42
f 490/611/743 489/596/726 494/595/725 493/612/744
f 497/597/727 496/613/745 499/614/746 498/598/728
s 44
f 496/613/747 495/604/734 500/603/733 499/614/748
s 45
f 503/607/737 502/615/749 505/616/750 504/608/738
s 43
f 502/615/751 501/600/730 506/599/729 505/616/752
f 509/601/731 508/617/753 511/618/754 510/602/732
s 44
f 508/619/755 507/606/736 512/605/735 511/620/756
s off
f 514/621/757 516/622/758 525/623/759 526/624/760
f 519/625/761 515/626/762 513/627/763 520/628/764
s 46
f 522/629/765 517/630/766 523/631/767 528/632/768
s off
f 525/633/769 524/634/770 518/635/771 519/636/772
f 527/637/773 526/638/774 520/639/775 521/640/776
s 47
f 642/641/777 530/642/778 537/643/779 641/644/780
f 531/645/781 651/646/782 652/647/783 539/648/784
f 534/649/785 646/650/786 647/651/787 542/652/788
f 656/653/789 637/654/790 535/655/791 543/656/792
s 46
f 523/631/767 529/657/793 538/658/794 528/632/768
s 51
f 513/627/795 515/626/796 531/645/797 539/648/798
s off
f 634/659/799 633/660/800 635/661/801 636/662/802
s 46
f 540/663/803 532/664/804 517/630/766 522/629/765
f 541/665/805 533/666/806 523/631/767 517/630/766
s 52
f 524/634/807 534/649/808 542/652/809 518/635/810
s 53
f 543/656/811 535/655/812 527/637/813 521/640/814
s 46
f 522/629/765 528/632/768 536/667/815 544/668/816
s 47
f 559/669/817 558/670/818 644/671/819 645/672/820
f 558/673/818 557/674/821 643/675/822 644/676/819
f 648/677/823 649/678/824 567/679/825 566/680/826
f 649/681/824 650/682/827 568/683/828 567/684/825
f 571/685/829 570/686/830 639/687/831 640/688/832
f 570/689/830 569/690/833 638/691/834 639/692/831
f 577/693/835 576/694/836 654/695/837 655/696/838
f 576/697/836 575/698/839 653/699/840 654/700/837
f 559/669/817 645/672/820 646/650/786 534/649/785
f 643/675/822 557/674/821 530/642/778 642/641/777
f 648/677/823 566/680/826 542/652/788 647/651/787
f 568/683/828 650/682/827 651/646/782 531/645/781
f 571/685/829 640/688/832 641/644/780 537/643/779
f 638/691/834 569/690/833 535/655/791 637/654/790
f 577/693/835 655/696/838 656/653/789 543/656/792
f 653/699/840 575/698/839 539/648/784 652/647/783
s 58
f 547/701/841 516/622/842 530/642/843 557/674/844
s 51
f 568/683/845 531/645/797 515/626/796 551/702/846
s 53
f 550/703/847 527/637/813 535/655/812 569/690/848
s 52
f 524/634/807 545/704/849 559/669/850 534/649/808
s 51
f 513/627/795 539/648/798 575/698/851 556/705/852
s 58
f 537/643/853 514/621/854 548/706/855 571/685/856
s 52
f 553/707/857 518/635/810 542/652/809 566/680/858
s 53
f 543/656/811 521/640/814 554/708/859 577/693/860
s 46
f 562/709/861 523/631/767 533/666/806 561/710/862
f 564/711/863 517/630/766 532/664/804 563/712/864
f 572/713/865 536/667/815 528/632/768 574/714/866
f 578/715/867 540/663/803 522/629/765 580/716/868
s 52
f 545/704/849 546/717/869 558/670/870 559/669/850
s 58
f 546/718/871 547/701/841 557/674/844 558/673/872
s 51
f 551/702/846 552/719/873 567/684/874 568/683/845
s 52
f 552/720/875 553/707/857 566/680/858 567/679/876
s 58
f 548/706/855 549/721/877 570/686/878 571/685/856
s 53
f 549/722/879 550/703/847 569/690/848 570/689/880
f 554/708/859 555/723/881 576/694/882 577/693/860
s 51
f 555/724/883 556/705/852 575/698/851 576/697/884
s 60
f 581/725/885 582/726/886 588/727/887 587/728/888
s off
f 582/726/889 581/729/890 584/730/891 583/731/892
f 583/731/893 584/732/894 586/733/895 585/734/896
s 61
f 585/734/897 586/735/898 614/736/899 613/737/900
s 60
f 587/728/888 588/727/887 621/738/901 622/739/902
s off
f 589/740/903 590/741/904 594/742/905 593/743/906
f 590/744/907 589/740/908 592/745/909 591/746/910
s 62
f 591/747/911 592/745/912 598/748/913 597/749/914
s 63
f 593/743/915 594/750/916 596/751/917 595/752/918
f 595/752/918 596/751/917 624/753/919 623/754/920
s 62
f 597/749/914 598/748/913 623/754/921 624/755/922
s 64
f 599/756/923 600/757/924 618/758/925 617/759/926
s off
f 600/757/927 599/760/928 602/761/929 601/762/930
f 601/762/931 602/763/932 604/764/933 603/765/934
s 65
f 603/765/935 604/766/936 616/767/937 615/768/938
s off
f 605/769/939 606/770/940 610/771/941 609/772/942
f 606/773/943 605/769/944 608/774/945 607/775/946
s 66
f 607/776/947 608/774/948 620/777/949 619/778/950
s 67
f 609/772/951 610/779/952 612/780/953 611/781/954
f 611/781/954 612/780/953 628/782/955 627/783/956
s 61
f 613/737/900 614/736/899 622/784/957 621/738/958
s 65
f 615/768/938 616/767/937 626/785/959 625/786/960
s 64
f 617/759/926 618/758/925 625/786/961 626/787/962
s 66
f 619/778/950 620/777/949 627/783/963 628/788/964
s off
f 524/789/965 525/790/966 584/730/967 581/729/968
f 525/791/969 516/792/970 586/733/971 584/732/972
f 514/793/973 526/794/974 590/744/975 591/746/976
f 526/795/977 527/796/978 594/742/979 590/741/980
f 515/797/981 519/798/982 602/761/983 599/760/984
f 519/799/985 518/800/986 604/764/987 602/763/988
f 521/801/989 520/802/990 606/773/991 607/775/992
f 520/803/993 513/804/994 610/771/995 606/770/996
s 58
f 547/805/841 546/806/871 622/784/997 614/736/998
s 52
f 546/807/869 545/808/849 587/728/999 622/739/1000
s 53
f 550/809/847 549/810/879 624/753/1001 596/751/1002
s 58
f 549/811/877 548/812/855 597/749/1003 624/755/1004
s 52
f 553/813/857 552/814/875 626/785/1005 616/767/1006
s 51
f 552/815/873 551/816/846 617/759/1007 626/787/1008
f 556/817/852 555/818/883 628/782/1009 612/780/1010
s 53
f 555/819/881 554/820/859 619/778/1011 628/788/1012
s 58
f 516/821/842 547/805/841 614/736/998 586/735/1013
s 52
f 545/808/849 524/822/807 581/725/1014 587/728/999
s 53
f 527/823/813 550/809/847 596/751/1002 594/750/1015
s 58
f 548/812/855 514/824/854 591/747/1016 597/749/1003
s 51
f 551/816/846 515/825/796 599/756/1017 617/759/1007
s 52
f 518/826/810 553/813/857 616/767/1006 604/766/1018
s 51
f 513/827/795 556/817/852 612/780/1010 610/779/1019
s 53
f 554/820/859 521/828/814 607/776/1020 619/778/1011
s 68
f 588/727/1021 582/726/1022 583/731/1023 621/738/1024
s 69
f 598/748/1025 592/745/1026 589/740/1027 623/754/1028
s 70
f 625/786/1029 601/762/1030 603/765/1031 615/768/1032
s 71
f 627/783/1033 605/769/1034 609/772/1035 611/781/1036
s 46
f 574/829/866 528/632/768 538/658/794 573/830/1037
f 580/831/868 522/629/765 544/668/816 579/832/1038
f 541/665/805 517/630/766 564/833/863 565/834/1039
f 560/835/1040 529/657/793 523/631/767 562/836/861
s 70
f 600/757/1041 601/762/1030 625/786/1029 618/758/1042
s 71
f 620/777/1043 608/774/1044 605/769/1034 627/783/1033
s 69
f 623/754/1028 589/740/1027 593/743/1045 595/752/1046
s 68
f 621/738/1024 583/731/1023 585/734/1047 613/737/1048
s 58
f 537/643/853 530/642/843 629/837/1049 630/838/1050
f 530/642/843 516/622/842 631/839/1051 629/837/1049
f 516/622/842 514/621/854 632/840/1052 631/839/1051
f 514/621/854 537/643/853 630/838/1050 632/840/1052
s off
f 630/841/1053 629/842/1054 633/660/1055 634/659/1056
f 629/842/1057 631/843/1058 635/661/1059 633/660/1060
f 631/843/1061 632/844/1062 636/662/1063 635/661/1064
f 632/844/1065 630/841/1066 634/659/1067 636/662/1068
s 47
f 572/713/1069 638/691/834 637/654/790 536/667/1070
f 639/692/831 638/691/834 572/713/1069 574/714/1071
f 640/688/832 639/687/831 574/829/1071 573/830/1072
f 641/644/780 640/688/832 573/830/1072 538/658/1073
f 529/657/1074 642/641/777 641/644/780 538/658/1073
f 560/835/1075 643/675/822 642/641/777 529/657/1074
f 644/676/819 643/675/822 560/835/1075 562/836/1076
f 645/672/820 644/671/819 562/709/1076 561/710/1077
f 646/650/786 645/672/820 561/710/1077 533/666/1078
f 647/651/787 646/650/786 533/666/1078 541/665/1079
f 565/834/1080 648/677/823 647/651/787 541/665/1079
f 565/834/1080 564/833/1081 649/678/824 648/677/823
f 564/711/1081 563/712/1082 650/682/827 649/681/824
f 651/646/782 650/682/827 563/712/1082 532/664/1083
f 652/647/783 651/646/782 532/664/1083 540/663/1084
f 578/715/1085 653/699/840 652/647/783 540/663/1084
f 654/700/837 653/699/840 578/715/1085 580/716/1086
f 655/696/838 654/695/837 580/831/1086 579/832/1087
f 656/653/789 655/696/838 579/832/1087 544/668/1088
f 536/667/1070 637/654/790 656/653/789 544/668/1088
s 72
f 657/845/1089 702/846/1090 674/847/1091 709/848/1092
f 702/846/1090 664/849/1093 686/850/1094 674/847/1091
f 674/847/1091 686/850/1094 669/851/1095 689/852/1096
f 709/848/1092 674/847/1091 689/852/1096 667/853/1097
f 664/849/1093 703/854/1098 675/855/1099 686/850/1094
f 703/854/1098 658/856/1100 704/857/1101 675/855/1099
f 675/855/1099 704/857/1101 665/858/1102 687/859/1103
f 686/850/1094 675/855/1099 687/859/1103 669/851/1095
f 669/851/1095 687/859/1103 676/860/1104 688/861/1105
f 687/859/1103 665/858/1102 705/862/1106 676/860/1104
f 676/860/1104 705/862/1106 660/863/1107 706/864/1108
f 688/861/1105 676/860/1104 706/864/1108 666/865/1109
f 667/853/1097 689/852/1096 677/866/1110 708/867/1111
f 689/852/1096 669/851/1095 688/861/1105 677/866/1110
f 677/866/1110 688/861/1105 666/865/1109 707/868/1112
f 708/867/1111 677/866/1110 707/868/1112 659/869/1113
f 659/869/1113 707/868/1112 678/870/1114 711/871/1115
f 707/868/1112 666/865/1109 690/872/1116 678/870/1114
f 678/870/1114 690/872/1116 670/873/1117 692/874/1118
f 711/871/1115 678/870/1114 692/874/1118 661/875/1119
f 666/865/1109 706/864/1108 679/876/1120 690/872/1116
f 706/864/1108 660/863/1107 710/877/1121 679/876/1120
f 679/876/1120 710/877/1121 668/878/1122 691/879/1123
f 690/872/1116 679/876/1120 691/879/1123 670/873/1117
f 671/880/1124 693/881/1125 680/882/1126 694/883/1127
f 693/881/1125 662/884/1128 712/885/1129 680/882/1126
f 680/882/1126 712/885/1129 658/856/1100 703/854/1098
f 694/883/1127 680/882/1126 703/854/1098 664/849/1093
f 663/886/1130 695/887/1131 681/888/1132 713/889/1133
f 695/887/1131 671/880/1124 694/883/1127 681/888/1132
f 681/888/1132 694/883/1127 664/849/1093 702/846/1090
f 713/889/1133 681/888/1132 702/846/1090 657/845/1089
f 658/856/1100 712/885/1129 682/890/1134 704/857/1101
f 712/885/1129 662/884/1128 696/891/1135 682/890/1134
f 682/890/1134 696/891/1135 672/892/1136 698/893/1137
f 704/857/1101 682/890/1134 698/893/1137 665/858/1102
f 665/858/1102 698/893/1137 683/894/1138 705/862/1106
f 698/893/1137 672/892/1136 697/895/1139 683/894/1138
f 683/894/1138 697/895/1139 668/878/1122 710/877/1121
f 705/862/1106 683/894/1138 710/877/1121 660/863/1107
f 663/886/1130 713/889/1133 684/896/1140 699/897/1141
f 713/889/1133 657/845/1089 709/848/1092 684/896/1140
f 684/896/1140 709/848/1092 667/853/1097 700/898/1142
f 699/897/1141 684/896/1140 700/898/1142 673/899/1143
f 673/899/1143 700/898/1142 685/900/1144 701/901/1145
f 700/898/1142 667/853/1097 708/867/1111 685/900/1144
f 685/900/1144 708/867/1111 659/869/1113 711/871/1115
f 701/901/1145 685/900/1144 711/871/1115 661/875/1119
s 74
f 714/902/1146 759/903/1147 731/904/1148 766/905/1149
f 759/903/1147 721/906/1150 743/907/1151 731/904/1148
f 731/904/1148 743/907/1151 726/908/1152 746/909/1153
f 766/905/1149 731/904/1148 746/909/1153 724/910/1154
f 721/906/1150 760/911/1155 732/912/1156 743/907/1151
f 760/911/1155 715/913/1157 761/914/1158 732/912/1156
f 732/912/1156 761/914/1158 722/915/1159 744/916/1160
f 743/907/1151 732/912/1156 744/916/1160 726/908/1152
f 726/908/1152 744/916/1160 733/917/1161 745/918/1162
f 744/916/1160 722/915/1159 762/919/1163 733/917/1161
f 733/917/1161 762/919/1163 717/920/1164 763/921/1165
f 745/918/1162 733/917/1161 763/921/1165 723/922/1166
f 724/910/1154 746/909/1153 734/923/1167 765/924/1168
f 746/909/1153 726/908/1152 745/918/1162 734/923/1167
f 734/923/1167 745/918/1162 723/922/1166 764/925/1169
f 765/924/1168 734/923/1167 764/925/1169 716/926/1170
f 716/926/1170 764/925/1169 735/927/1171 768/928/1172
f 764/925/1169 723/922/1166 747/929/1173 735/927/1171
f 735/927/1171 747/929/1173 727/930/1174 749/931/1175
f 768/928/1172 735/927/1171 749/931/1175 718/932/1176
f 723/922/1166 763/921/1165 736/933/1177 747/929/1173
f 763/921/1165 717/920/1164 767/934/1178 736/933/1177
f 736/933/1177 767/934/1178 725/935/1179 748/936/1180
f 747/929/1173 736/933/1177 748/936/1180 727/930/1174
f 728/937/1181 750/938/1182 737/939/1183 751/940/1184
f 750/938/1182 719/941/1185 769/942/1186 737/939/1183
f 737/939/1183 769/942/1186 715/913/1157 760/911/1155
f 751/940/1184 737/939/1183 760/911/1155 721/906/1150
f 720/943/1187 752/944/1188 738/945/1189 770/946/1190
f 752/944/1188 728/937/1181 751/940/1184 738/945/1189
f 738/945/1189 751/940/1184 721/906/1150 759/903/1147
f 770/946/1190 738/945/1189 759/903/1147 714/902/1146
f 715/913/1157 769/942/1186 739/947/1191 761/914/1158
f 769/942/1186 719/941/1185 753/948/1192 739/947/1191
f 739/947/1191 753/948/1192 729/949/1193 755/950/1194
f 761/914/1158 739/947/1191 755/950/1194 722/915/1159
f 722/915/1159 755/950/1194 740/951/1195 762/919/1163
f 755/950/1194 729/949/1193 754/952/1196 740/951/1195
f 740/951/1195 754/952/1196 725/935/1179 767/934/1178
f 762/919/1163 740/951/1195 767/934/1178 717/920/1164
f 720/943/1187 770/946/1190 741/953/1197 756/954/1198
f 770/946/1190 714/902/1146 766/905/1149 741/953/1197
f 741/953/1197 766/905/1149 724/910/1154 757/955/1199
f 756/954/1198 741/953/1197 757/955/1199 730/956/1200
f 730/956/1200 757/955/1199 742/957/1201 758/958/1202
f 757/955/1199 724/910/1154 765/924/1168 742/957/1201
f 742/957/1201 765/924/1168 716/926/1170 768/928/1172
f 758/958/1202 742/957/1201 768/928/1172 718/932/1176
