# This file uses centimeters as units for non-parametric coordinates.

mtllib S_U_08.mtl
g default
v -410.465210 229.483475 -36.290466
v -410.465210 231.927597 -30.598793
v -404.773438 229.483475 -30.598793
v -402.415894 223.582779 -30.598785
v -404.773438 223.582779 -36.290466
v -410.465210 223.582779 -38.648033
v -410.465210 229.483475 36.290451
v -410.465210 223.582779 38.648018
v -404.773438 223.582779 36.290451
v -402.415894 223.582779 30.598778
v -404.773438 229.483475 30.598774
v -410.465210 231.927597 30.598774
v -410.465210 7.146858 36.290466
v -410.465210 4.702723 30.598789
v -404.773438 7.146858 30.598789
v -402.415894 13.047554 30.598789
v -404.773438 13.047554 36.290466
v -410.465210 13.047554 38.648033
v -410.465210 7.146858 -36.290436
v -410.465210 13.047554 -38.648003
v -404.773438 13.047554 -36.290436
v -402.415894 13.047554 -30.598763
v -404.773438 7.146858 -30.598763
v -410.465210 4.702723 -30.598763
v -410.466675 229.483475 -36.290466
v -410.466675 223.582779 -38.648033
v -416.158447 223.582779 -36.290466
v -418.515991 223.582779 -30.598785
v -416.158447 229.483475 -30.598793
v -410.466675 231.927597 -30.598793
v -410.466675 7.146858 -36.290436
v -410.466675 4.702723 -30.598763
v -416.158447 7.146858 -30.598763
v -418.515991 13.047554 -30.598763
v -416.158447 13.047554 -36.290436
v -410.466675 13.047554 -38.648003
v -410.466675 7.146858 36.290466
v -410.466675 13.047554 38.648033
v -416.158447 13.047554 36.290466
v -418.515991 13.047554 30.598789
v -416.158447 7.146858 30.598789
v -410.466675 4.702723 30.598789
v -410.466675 229.483475 36.290451
v -410.466675 231.927597 30.598774
v -416.158447 229.483475 30.598774
v -418.515991 223.582779 30.598778
v -416.158447 223.582779 36.290451
v -410.466675 223.582779 38.648018
v -405.819458 228.399033 -35.244400
v -405.819458 228.399033 35.244385
v -405.819458 8.231424 35.244400
v -405.819458 8.231424 -35.244370
v -415.112427 228.399033 -35.244400
v -415.112427 8.231424 -35.244370
v -415.112427 8.231424 35.244400
v -415.112427 228.399033 35.244385
vt 0.204834 0.250000
vt 0.201085 0.246825
vt 0.201085 0.246825
vt 0.204834 0.250000
vt 0.200232 0.232865
vt 0.200232 0.232865
vt 0.204834 0.232865
vt 0.204763 0.241830
vt 0.286157 0.241830
vt 0.286085 0.232865
vt 0.286085 0.250000
vt 0.202388 0.233228
vt 0.202388 0.016772
vt 0.200232 0.017135
vt 0.204834 0.017135
vt 0.290687 0.232865
vt 0.289834 0.246825
vt 0.289834 0.246825
vt 0.290687 0.232865
vt 0.286085 0.250000
vt 0.288531 0.233228
vt 0.288531 0.016772
vt 0.286085 0.017135
vt 0.290687 0.017135
vt 0.286085 0.000000
vt 0.289834 0.003175
vt 0.289834 0.003175
vt 0.286085 0.000000
vt 0.290687 0.017135
vt 0.286156 0.008170
vt 0.204763 0.008170
vt 0.204835 0.000000
vt 0.201085 0.003175
vt 0.201085 0.003175
vt 0.200232 0.017135
vt 0.204835 0.000000
vt 0.204834 0.232865
vt 0.200232 0.239028
vt 0.200232 0.010972
vt 0.204834 0.017135
vt 0.200232 0.239028
vt 0.200232 0.010972
vt 0.203136 0.250000
vt 0.287783 0.250000
vt 0.203136 0.250000
vt 0.286085 0.232865
vt 0.287783 0.250000
vt 0.203136 0.000000
vt 0.287783 0.000000
vt 0.286085 0.017135
vt 0.203136 0.000000
vt 0.287783 0.000000
vt 0.290687 0.010972
vt 0.290687 0.239028
vt 0.290687 0.010972
vt 0.290687 0.239028
vt 0.200232 0.250000
vt 0.290687 0.250000
vt 0.290687 0.000000
vt 0.200232 0.000000
vt 0.200232 0.250000
vt 0.200232 0.250000
vt 0.200232 0.000000
vt 0.200232 0.000000
vt 0.290687 0.000000
vt 0.290687 0.000000
vt 0.290687 0.250000
vt 0.290687 0.250000
vn 0.000000 0.918231 -0.396046
vn 0.000000 0.918231 -0.396046
vn 0.000000 0.918231 -0.396046
vn 0.000000 0.918231 -0.396046
vn 0.000000 0.373385 -0.927676
vn 0.000000 0.373385 -0.927676
vn 0.000000 0.373385 -0.927676
vn 0.000000 0.373385 -0.927676
vn 0.928624 0.371023 0.000000
vn 0.928624 0.371023 0.000000
vn 0.928624 0.371023 0.000000
vn 0.928624 0.371023 0.000000
vn 0.394573 0.918865 0.000000
vn 0.394573 0.918865 0.000000
vn 0.394573 0.918865 0.000000
vn 0.394573 0.918865 0.000000
vn 0.382678 -0.000000 -0.923882
vn 0.382678 -0.000000 -0.923882
vn 0.382678 -0.000000 -0.923882
vn 0.382678 -0.000000 -0.923882
vn 0.923881 0.000000 -0.382680
vn 0.923881 0.000000 -0.382680
vn 0.923881 0.000000 -0.382680
vn 0.923881 0.000000 -0.382680
vn 0.000000 0.373385 0.927676
vn 0.000000 0.373385 0.927676
vn 0.000000 0.373385 0.927676
vn 0.000000 0.373385 0.927676
vn 0.000000 0.918231 0.396046
vn 0.000000 0.918231 0.396046
vn 0.000000 0.918231 0.396046
vn 0.000000 0.918231 0.396046
vn 0.923881 -0.000000 0.382680
vn 0.923881 -0.000000 0.382680
vn 0.923881 -0.000000 0.382680
vn 0.923881 -0.000000 0.382680
vn 0.382678 0.000000 0.923882
vn 0.382678 0.000000 0.923882
vn 0.382678 0.000000 0.923882
vn 0.382678 0.000000 0.923882
vn 0.000000 -0.918229 0.396049
vn 0.000000 -0.918229 0.396049
vn 0.000000 -0.918229 0.396049
vn 0.000000 -0.918229 0.396049
vn 0.000000 -0.373385 0.927676
vn 0.000000 -0.373385 0.927676
vn 0.000000 -0.373385 0.927676
vn 0.000000 -0.373385 0.927676
vn 0.928626 -0.371019 0.000000
vn 0.928626 -0.371019 0.000000
vn 0.928626 -0.371019 0.000000
vn 0.928626 -0.371019 0.000000
vn 0.394573 -0.918865 0.000000
vn 0.394573 -0.918865 0.000000
vn 0.394573 -0.918865 0.000000
vn 0.394573 -0.918865 0.000000
vn 0.000000 -0.373385 -0.927676
vn 0.000000 -0.373385 -0.927676
vn 0.000000 -0.373385 -0.927676
vn 0.000000 -0.373385 -0.927676
vn 0.000000 -0.918229 -0.396049
vn 0.000000 -0.918229 -0.396049
vn 0.000000 -0.918229 -0.396049
vn 0.000000 -0.918229 -0.396049
vn -0.923881 -0.000000 -0.382680
vn -0.923881 -0.000000 -0.382680
vn -0.923881 -0.000000 -0.382680
vn -0.923881 -0.000000 -0.382680
vn -0.382678 -0.000000 -0.923882
vn -0.382678 -0.000000 -0.923882
vn -0.382678 -0.000000 -0.923882
vn -0.382678 -0.000000 -0.923882
vn -0.394573 0.918865 0.000000
vn -0.394573 0.918865 0.000000
vn -0.394573 0.918865 0.000000
vn -0.394573 0.918865 0.000000
vn -0.928626 0.371018 0.000000
vn -0.928626 0.371018 0.000000
vn -0.928626 0.371018 0.000000
vn -0.928626 0.371018 0.000000
vn -0.928626 -0.371019 0.000000
vn -0.928626 -0.371019 0.000000
vn -0.928626 -0.371019 0.000000
vn -0.928626 -0.371019 0.000000
vn -0.394573 -0.918865 0.000000
vn -0.394573 -0.918865 0.000000
vn -0.394573 -0.918865 0.000000
vn -0.394573 -0.918865 0.000000
vn -0.923881 -0.000000 0.382680
vn -0.923881 -0.000000 0.382680
vn -0.923881 -0.000000 0.382680
vn -0.923881 -0.000000 0.382680
vn -0.382678 0.000000 0.923882
vn -0.382678 0.000000 0.923882
vn -0.382678 0.000000 0.923882
vn -0.382678 0.000000 0.923882
vn -1.000000 0.000000 0.000000
vn -1.000000 0.000000 0.000000
vn -1.000000 0.000000 0.000000
vn -1.000000 0.000000 0.000000
vn 0.000000 -0.000000 -1.000000
vn 0.000000 -0.000000 -1.000000
vn 0.000000 -0.000000 -1.000000
vn 0.000000 -0.000000 -1.000000
vn 0.000000 -1.000000 0.000000
vn 0.000000 -1.000000 0.000000
vn 0.000000 -1.000000 0.000000
vn 0.000000 -1.000000 0.000000
vn 0.000000 0.000000 1.000000
vn 0.000000 0.000000 1.000000
vn 0.000000 0.000000 1.000000
vn 0.000000 0.000000 1.000000
vn 0.000000 1.000000 0.000000
vn 0.000000 1.000000 0.000000
vn 0.000000 1.000000 0.000000
vn 0.000000 1.000000 0.000000
vn 0.326466 0.314906 -0.891209
vn 0.326466 0.314906 -0.891209
vn 0.326466 0.314906 -0.891209
vn 0.326466 0.314906 -0.891209
vn 0.334566 0.880981 -0.334571
vn 0.334566 0.880981 -0.334571
vn 0.334566 0.880981 -0.334571
vn 0.334566 0.880981 -0.334571
vn 0.891209 0.314904 -0.326468
vn 0.891209 0.314904 -0.326468
vn 0.891209 0.314904 -0.326468
vn 0.891209 0.314904 -0.326468
vn 0.334567 0.880980 0.334574
vn 0.334567 0.880980 0.334574
vn 0.334567 0.880980 0.334574
vn 0.334567 0.880980 0.334574
vn 0.326466 0.314906 0.891209
vn 0.326466 0.314906 0.891209
vn 0.326466 0.314906 0.891209
vn 0.326466 0.314906 0.891209
vn 0.891208 0.314908 0.326468
vn 0.891208 0.314908 0.326468
vn 0.891208 0.314908 0.326468
vn 0.891208 0.314908 0.326468
vn 0.326469 -0.314910 0.891207
vn 0.326470 -0.314910 0.891207
vn 0.326470 -0.314910 0.891207
vn 0.326470 -0.314910 0.891207
vn 0.334577 -0.880972 0.334583
vn 0.334577 -0.880972 0.334583
vn 0.334577 -0.880972 0.334583
vn 0.334577 -0.880972 0.334583
vn 0.891208 -0.314904 0.326471
vn 0.891208 -0.314904 0.326471
vn 0.891208 -0.314904 0.326471
vn 0.891208 -0.314904 0.326471
vn 0.334576 -0.880973 -0.334582
vn 0.334576 -0.880973 -0.334582
vn 0.334576 -0.880973 -0.334582
vn 0.334576 -0.880973 -0.334582
vn 0.326469 -0.314910 -0.891207
vn 0.326469 -0.314910 -0.891207
vn 0.326469 -0.314910 -0.891207
vn 0.326469 -0.314910 -0.891207
vn 0.891207 -0.314908 -0.326470
vn 0.891207 -0.314908 -0.326470
vn 0.891207 -0.314908 -0.326470
vn 0.891207 -0.314908 -0.326470
vn -0.334566 0.880981 -0.334573
vn -0.334566 0.880981 -0.334573
vn -0.334566 0.880981 -0.334573
vn -0.334566 0.880981 -0.334573
vn -0.326466 0.314906 -0.891209
vn -0.326466 0.314906 -0.891209
vn -0.326466 0.314906 -0.891209
vn -0.326466 0.314906 -0.891209
vn -0.891209 0.314904 -0.326468
vn -0.891209 0.314904 -0.326468
vn -0.891209 0.314904 -0.326468
vn -0.891209 0.314904 -0.326468
vn -0.326469 -0.314910 -0.891207
vn -0.326469 -0.314910 -0.891207
vn -0.326469 -0.314910 -0.891207
vn -0.326469 -0.314910 -0.891207
vn -0.334576 -0.880974 -0.334581
vn -0.334576 -0.880974 -0.334581
vn -0.334576 -0.880974 -0.334581
vn -0.334576 -0.880974 -0.334581
vn -0.891207 -0.314907 -0.326470
vn -0.891207 -0.314907 -0.326470
vn -0.891207 -0.314907 -0.326470
vn -0.891207 -0.314907 -0.326470
vn -0.334575 -0.880974 0.334581
vn -0.334575 -0.880974 0.334581
vn -0.334575 -0.880974 0.334581
vn -0.334575 -0.880974 0.334581
vn -0.326470 -0.314909 0.891207
vn -0.326470 -0.314910 0.891207
vn -0.326470 -0.314910 0.891207
vn -0.326470 -0.314910 0.891207
vn -0.891208 -0.314904 0.326471
vn -0.891208 -0.314904 0.326471
vn -0.891208 -0.314904 0.326471
vn -0.891208 -0.314904 0.326471
vn -0.326466 0.314906 0.891209
vn -0.326466 0.314906 0.891209
vn -0.326466 0.314906 0.891209
vn -0.326466 0.314906 0.891209
vn -0.334565 0.880982 0.334569
vn -0.334565 0.880982 0.334569
vn -0.334565 0.880982 0.334569
vn -0.334565 0.880982 0.334569
vn -0.891208 0.314907 0.326468
vn -0.891208 0.314907 0.326468
vn -0.891208 0.314907 0.326468
vn -0.891208 0.314907 0.326468
s off
g Window_33:Window_33 S_U_08
usemtl Window_33:Window_33SG
f 2/1/1 1/2/2 25/3/3 30/4/4
f 1/2/5 6/5/6 26/6/7 25/3/8
f 4/7/9 3/8/10 11/9/11 10/10/12
f 3/8/13 2/1/14 12/11/15 11/9/16
f 6/5/17 5/12/18 21/13/19 20/14/20
f 5/12/21 4/7/22 22/15/23 21/13/24
f 8/16/25 7/17/26 43/18/27 48/19/28
f 7/17/29 12/11/30 44/20/31 43/18/32
f 10/10/33 9/21/34 17/22/35 16/23/36
f 9/21/37 8/16/38 18/24/39 17/22/40
f 14/25/41 13/26/42 37/27/43 42/28/44
f 13/26/45 18/24/46 38/29/47 37/27/48
f 16/23/49 15/30/50 23/31/51 22/15/52
f 15/30/53 14/25/54 24/32/55 23/31/56
f 20/14/57 19/33/58 31/34/59 36/35/60
f 19/33/61 24/32/62 32/36/63 31/34/64
f 28/37/65 27/38/66 35/39/67 34/40/68
f 27/41/69 26/6/70 36/35/71 35/42/72
f 30/4/73 29/43/74 45/44/75 44/20/76
f 29/45/77 28/37/78 46/46/79 45/47/80
f 34/40/81 33/48/82 41/49/83 40/50/84
f 33/51/85 32/36/86 42/28/87 41/52/88
f 40/50/89 39/53/90 47/54/91 46/46/92
f 39/55/93 38/29/94 48/19/95 47/56/96
f 28/37/97 34/40/98 40/50/99 46/46/100
f 26/6/101 6/5/102 20/14/103 36/35/104
f 32/36/105 24/32/106 14/25/107 42/28/108
f 38/29/109 18/24/110 8/16/111 48/19/112
f 44/20/113 12/11/114 2/1/115 30/4/116
f 5/12/117 6/5/118 1/2/119 49/57/120
f 1/2/121 2/1/122 3/8/123 49/57/124
f 3/8/125 4/7/126 5/12/127 49/57/128
f 11/9/129 12/11/130 7/17/131 50/58/132
f 7/17/133 8/16/134 9/21/135 50/58/136
f 9/21/137 10/10/138 11/9/139 50/58/140
f 17/22/141 18/24/142 13/26/143 51/59/144
f 13/26/145 14/25/146 15/30/147 51/59/148
f 15/30/149 16/23/150 17/22/151 51/59/152
f 23/31/153 24/32/154 19/33/155 52/60/156
f 19/33/157 20/14/158 21/13/159 52/60/160
f 21/13/161 22/15/162 23/31/163 52/60/164
f 29/43/165 30/4/166 25/3/167 53/61/168
f 25/3/169 26/6/170 27/41/171 53/61/172
f 27/38/173 28/37/174 29/45/175 53/62/176
f 35/42/177 36/35/178 31/34/179 54/63/180
f 31/34/181 32/36/182 33/51/183 54/63/184
f 33/48/185 34/40/186 35/39/187 54/64/188
f 41/52/189 42/28/190 37/27/191 55/65/192
f 37/27/193 38/29/194 39/55/195 55/65/196
f 39/53/197 40/50/198 41/49/199 55/66/200
f 47/56/201 48/19/202 43/18/203 56/67/204
f 43/18/205 44/20/206 45/44/207 56/67/208
f 45/47/209 46/46/210 47/54/211 56/68/212
g default
v -360.439056 8.621885 155.145950
v -358.735687 14.886427 153.212296
v -354.873627 18.209738 158.767899
v -356.235687 15.704592 164.487961
v -358.363129 8.877777 163.145523
v -363.689545 6.056763 160.304184
v -360.439056 231.500015 155.145950
v -363.689545 234.065109 160.304184
v -358.105438 231.478348 162.811172
v -355.792084 225.235458 163.835037
v -354.805267 225.365189 157.847733
v -358.735687 225.235458 153.212296
v -366.913666 231.464706 166.571609
v -368.158539 225.180923 168.708755
v -361.730927 225.017654 168.857071
v -356.582245 225.126236 164.998337
v -358.738617 231.453049 163.763535
v -364.160004 234.065109 161.285141
v -366.913666 8.657192 166.571609
v -364.160004 6.056763 161.285141
v -358.754486 8.651878 163.784164
v -356.608978 14.940966 165.037521
v -360.881073 13.581152 168.314438
v -368.158539 14.940966 168.708755
v -400.790283 8.642689 41.046326
v -406.744019 6.056686 42.440567
v -407.038574 8.643448 36.328751
v -407.147339 14.886351 33.802139
v -401.229614 15.176161 35.070633
v -398.331421 14.886351 40.437439
v -400.790405 231.479034 41.046326
v -398.331543 225.235382 40.437439
v -401.526978 224.239288 35.032318
v -407.908569 224.426697 33.973129
v -407.439575 231.246826 36.444138
v -406.744141 234.065033 42.440582
v -415.579346 231.479034 44.363510
v -409.620239 234.065033 43.086594
v -409.992310 231.478546 37.000717
v -410.196411 225.235382 34.487015
v -415.902466 225.849030 38.113129
v -418.055054 225.235382 44.858322
v -415.579468 8.642689 44.363510
v -418.055176 14.886351 44.858322
v -416.165161 14.241938 38.220978
v -410.814575 14.229536 34.625839
v -410.327271 8.443621 37.093094
v -409.620361 6.056686 43.086609
v -388.659058 14.886427 134.550186
v -390.797241 8.642893 136.007950
v -395.959473 6.056763 139.527328
v -377.776733 6.056763 154.934769
v -371.997192 8.642893 149.320480
v -371.727509 14.886427 147.198746
v -371.727509 225.235458 147.198746
v -371.997192 231.478989 149.320480
v -377.776733 234.065109 154.934769
v -388.659058 225.235458 134.550186
v -390.797241 231.478989 136.007950
v -395.959473 234.065109 139.527328
v -395.224854 14.886427 115.313606
v -397.694824 8.642893 115.799370
v -403.657959 6.056763 116.972130
v -403.657959 234.065109 116.972160
v -397.694824 231.478989 115.799400
v -395.224854 225.235458 115.313622
v -407.909912 225.235458 148.600876
v -405.810547 231.478989 147.061844
v -400.742310 234.065109 143.346329
v -387.474487 234.065109 153.399216
v -390.411011 231.478989 158.729996
v -391.627319 225.235458 160.938065
v -391.627319 14.886427 160.938065
v -390.411011 8.642893 158.729996
v -387.474487 6.056763 153.399216
v -407.909912 14.886427 148.600876
v -405.810547 8.642893 147.061844
v -400.742310 6.056763 143.346329
v -414.776367 225.235458 129.360840
v -412.304565 231.478989 128.865204
v -406.337280 234.065109 127.668648
v -406.337280 6.056763 127.668648
v -412.304565 8.642893 128.865204
v -414.776367 14.886427 129.360840
v -356.561615 10.582077 158.683609
v -356.467499 230.390366 158.243881
v -362.172577 230.249405 167.443771
v -361.697113 9.238201 167.189560
v -402.212646 9.913544 36.402603
v -402.406860 229.947754 36.428894
v -414.761841 230.555450 39.077072
v -414.938965 9.517555 39.165634
vt 0.398468 0.572131
vt 0.396883 0.573357
vt 0.396829 0.699440
vt 0.398542 0.699082
vt 0.394800 0.571133
vt 0.394800 0.699082
vt 0.393930 0.560361
vt 0.397643 0.562307
vt 0.397523 0.562186
vt 0.393914 0.560361
vt 0.398406 0.571200
vt 0.397648 0.707652
vt 0.397470 0.707634
vt 0.398410 0.698949
vt 0.393930 0.709854
vt 0.393914 0.709854
vt 0.396524 0.699067
vt 0.396830 0.569263
vt 0.394484 0.699015
vt 0.394484 0.571200
vt 0.198313 0.178867
vt 0.196699 0.186958
vt 0.195022 0.186975
vt 0.197010 0.179668
vt 0.190404 0.189639
vt 0.189382 0.189639
vt 0.193498 0.178867
vt 0.196202 0.178705
vt 0.196029 0.051936
vt 0.193492 0.050918
vt 0.198039 0.051905
vt 0.190401 0.040146
vt 0.196537 0.042770
vt 0.195245 0.042724
vt 0.189380 0.040146
vt 0.197227 0.050918
vt 0.187987 0.050918
vt 0.192850 0.049871
vt 0.192781 0.179919
vt 0.187987 0.178867
vt 0.375000 0.560361
vt 0.375000 0.560360
vt 0.387169 0.560360
vt 0.387670 0.560361
vt 0.375000 0.571133
vt 0.387169 0.571133
vt 0.125250 0.040146
vt 0.125000 0.040146
vt 0.145818 0.040146
vt 0.147466 0.040146
vt 0.125000 0.050918
vt 0.145818 0.050918
vt 0.375000 0.709854
vt 0.375000 0.709854
vt 0.384712 0.709854
vt 0.383364 0.709854
vt 0.375000 0.699082
vt 0.384712 0.699082
vt 0.125016 0.189639
vt 0.125000 0.189639
vt 0.142278 0.189639
vt 0.139791 0.189639
vt 0.125000 0.178867
vt 0.142278 0.178867
vt 0.375000 0.571133
vt 0.384712 0.571133
vt 0.125000 0.050918
vt 0.142278 0.050918
vt 0.387670 0.709854
vt 0.139790 0.040146
vt 0.147468 0.189639
vt 0.383364 0.560361
vt 0.375000 0.709854
vt 0.125016 0.040146
vt 0.125250 0.189639
vt 0.375000 0.560361
vt 0.125000 0.178867
vt 0.125000 0.189639
vt 0.145820 0.189639
vt 0.145820 0.178867
vt 0.394774 0.563933
vt 0.394880 0.706525
vt 0.387169 0.709854
vt 0.387169 0.699082
vt 0.375000 0.709854
vt 0.375000 0.699082
vt 0.192674 0.185028
vt 0.192678 0.044872
vt 0.125000 0.040146
vt 0.142278 0.040146
vt 0.394419 0.705948
vt 0.394372 0.564560
vt 0.384712 0.560361
vt 0.375000 0.560361
vt 0.188555 0.045016
vt 0.188610 0.184873
vt 0.399340 0.560360
vt 0.399340 0.709854
vt 0.397683 0.709854
vt 0.397683 0.560361
vt 0.201266 0.189639
vt 0.201259 0.040146
vt 0.194276 0.040146
vt 0.194276 0.189639
vn 0.980481 -0.000462 0.196612
vn 0.980481 -0.000462 0.196612
vn 0.980481 -0.000462 0.196612
vn 0.980481 -0.000462 0.196612
vn 0.794622 -0.001468 -0.607103
vn 0.794622 -0.001468 -0.607103
vn 0.794622 -0.001468 -0.607103
vn 0.794622 -0.001468 -0.607103
vn 0.411540 -0.906683 0.092524
vn 0.411540 -0.906683 0.092524
vn 0.411540 -0.906683 0.092524
vn 0.411540 -0.906683 0.092524
vn 0.893194 -0.347473 0.285425
vn 0.893194 -0.347473 0.285425
vn 0.893194 -0.347473 0.285425
vn 0.893194 -0.347473 0.285425
vn 0.760929 0.366754 0.535237
vn 0.760929 0.366754 0.535237
vn 0.760929 0.366754 0.535237
vn 0.760929 0.366754 0.535237
vn 0.340055 0.917535 0.206135
vn 0.340055 0.917535 0.206135
vn 0.340055 0.917535 0.206135
vn 0.340055 0.917535 0.206135
vn 0.603765 0.000227 0.797163
vn 0.603765 0.000227 0.797163
vn 0.603765 0.000227 0.797163
vn 0.603765 0.000227 0.797163
vn 0.017805 -0.001251 0.999841
vn 0.017805 -0.001251 0.999841
vn 0.017805 -0.001251 0.999841
vn 0.017805 -0.001251 0.999841
vn -0.160044 -0.385241 -0.908832
vn -0.160044 -0.385241 -0.908832
vn -0.160044 -0.385241 -0.908832
vn -0.160044 -0.385241 -0.908832
vn -0.055914 -0.925140 -0.375486
vn -0.055914 -0.925140 -0.375486
vn -0.055914 -0.925140 -0.375486
vn -0.055914 -0.925140 -0.375486
vn 0.870368 0.000572 -0.492401
vn 0.870368 0.000572 -0.492401
vn 0.870368 0.000572 -0.492401
vn 0.870368 0.000572 -0.492401
vn 0.185946 0.000782 -0.982560
vn 0.185946 0.000782 -0.982560
vn 0.185946 0.000782 -0.982560
vn 0.185946 0.000782 -0.982560
vn -0.050530 0.913324 -0.404086
vn -0.050530 0.913324 -0.404086
vn -0.050530 0.913324 -0.404086
vn -0.050530 0.913324 -0.404086
vn -0.127215 0.359328 -0.924500
vn -0.127215 0.359328 -0.924500
vn -0.127215 0.359328 -0.924500
vn -0.127215 0.359328 -0.924500
vn -0.957276 0.000522 -0.289176
vn -0.957276 0.000522 -0.289176
vn -0.957276 0.000522 -0.289176
vn -0.957276 0.000522 -0.289176
vn -0.546794 0.000651 -0.837267
vn -0.546794 0.000651 -0.837267
vn -0.546794 0.000651 -0.837267
vn -0.546794 0.000651 -0.837267
vn 0.213565 -0.937422 -0.275008
vn 0.213565 -0.937422 -0.275008
vn 0.213565 -0.937422 -0.275008
vn 0.213565 -0.937422 -0.275008
vn 0.555612 -0.326349 -0.764717
vn 0.555612 -0.326349 -0.764717
vn 0.555612 -0.326349 -0.764717
vn 0.555612 -0.326349 -0.764717
vn 0.373427 0.918862 -0.127457
vn 0.373427 0.918862 -0.127457
vn 0.373427 0.918862 -0.127457
vn 0.373427 0.918862 -0.127457
vn 0.878845 0.371015 -0.299966
vn 0.878845 0.371015 -0.299966
vn 0.878845 0.371015 -0.299966
vn 0.878845 0.371015 -0.299966
vn -0.238295 0.918860 0.314503
vn -0.238295 0.918860 0.314503
vn -0.238295 0.918860 0.314503
vn -0.238295 0.918860 0.314503
vn -0.560813 0.371022 0.740157
vn -0.560813 0.371022 0.740157
vn -0.560813 0.371022 0.740157
vn -0.560812 0.371022 0.740157
vn -0.371628 -0.918860 0.132626
vn -0.371628 -0.918860 0.132626
vn -0.371628 -0.918860 0.132626
vn -0.371628 -0.918860 0.132626
vn -0.874596 -0.371022 0.312128
vn -0.874596 -0.371022 0.312128
vn -0.874596 -0.371022 0.312128
vn -0.874596 -0.371022 0.312128
vn 0.827216 -0.000000 0.561884
vn 0.827216 -0.000000 0.561884
vn 0.827216 -0.000000 0.561884
vn 0.827216 -0.000000 0.561884
vn -0.219152 0.000000 -0.975691
vn -0.219152 0.000000 -0.975691
vn -0.219152 0.000000 -0.975691
vn -0.219152 0.000000 -0.975691
vn -0.603916 0.000000 0.797048
vn -0.603916 0.000000 0.797048
vn -0.603916 0.000000 0.797048
vn -0.603916 0.000000 0.797048
vn -0.941819 0.000000 0.336120
vn -0.941819 0.000000 0.336120
vn -0.941819 0.000000 0.336120
vn -0.941819 0.000000 0.336120
vn -0.314326 0.000000 0.949315
vn -0.314326 0.000000 0.949315
vn -0.314326 0.000000 0.949315
vn -0.314326 0.000000 0.949315
vn -0.999248 0.000000 0.038771
vn -0.999248 0.000000 0.038771
vn -0.999248 0.000000 0.038771
vn -0.999248 0.000000 0.038771
vn 0.000000 1.000000 0.000000
vn 0.000000 1.000000 0.000000
vn 0.000000 1.000000 0.000000
vn 0.000000 1.000000 0.000000
vn -0.000002 1.000000 -0.000001
vn -0.000002 1.000000 -0.000001
vn -0.000002 1.000000 -0.000001
vn -0.000002 1.000000 -0.000001
vn 0.000002 -1.000000 0.000001
vn 0.000002 -1.000000 0.000001
vn 0.000002 -1.000000 0.000001
vn 0.000002 -1.000000 0.000001
vn 0.000000 -1.000000 -0.000000
vn 0.000000 -1.000000 -0.000000
vn 0.000000 -1.000000 -0.000000
vn 0.000000 -1.000000 -0.000000
vn 0.000000 1.000000 0.000000
vn 0.000000 1.000000 0.000000
vn 0.000000 1.000000 0.000000
vn 0.000000 1.000000 0.000000
vn 0.000000 1.000000 -0.000001
vn 0.000000 1.000000 -0.000001
vn 0.000000 1.000000 -0.000001
vn 0.000000 1.000000 -0.000001
vn 0.000000 -1.000000 0.000000
vn 0.000000 -1.000000 0.000000
vn 0.000000 -1.000000 0.000000
vn 0.000000 -1.000000 0.000000
vn 0.000000 -1.000000 0.000000
vn 0.000000 -1.000000 0.000000
vn 0.000000 -1.000000 0.000000
vn 0.000000 -1.000000 0.000000
vn 0.878845 -0.371015 -0.299966
vn 0.878845 -0.371015 -0.299966
vn 0.878845 -0.371015 -0.299966
vn 0.878845 -0.371015 -0.299966
vn 0.373429 -0.918861 -0.127458
vn 0.373429 -0.918861 -0.127458
vn 0.373429 -0.918861 -0.127458
vn 0.373429 -0.918861 -0.127458
vn 0.408386 -0.339183 -0.847452
vn 0.408386 -0.339183 -0.847452
vn 0.408386 -0.339183 -0.847452
vn 0.408386 -0.339183 -0.847452
vn 0.142189 -0.934097 -0.327482
vn 0.142189 -0.934097 -0.327482
vn 0.142189 -0.934097 -0.327482
vn 0.142189 -0.934097 -0.327482
vn 0.142188 0.934098 -0.327481
vn 0.142188 0.934098 -0.327481
vn 0.142188 0.934098 -0.327481
vn 0.142188 0.934098 -0.327481
vn 0.408386 0.339182 -0.847453
vn 0.408386 0.339182 -0.847453
vn 0.408386 0.339182 -0.847453
vn 0.408386 0.339182 -0.847453
vn 0.213564 0.937423 -0.275006
vn 0.213564 0.937423 -0.275006
vn 0.213564 0.937423 -0.275006
vn 0.213564 0.937423 -0.275006
vn 0.555611 0.326349 -0.764718
vn 0.555611 0.326349 -0.764718
vn 0.555611 0.326349 -0.764718
vn 0.555611 0.326349 -0.764718
vn 0.395113 -0.918487 -0.016359
vn 0.395113 -0.918487 -0.016359
vn 0.395113 -0.918487 -0.016359
vn 0.395113 -0.918487 -0.016359
vn 0.928319 -0.369788 -0.038477
vn 0.928319 -0.369788 -0.038477
vn 0.928319 -0.369788 -0.038477
vn 0.928319 -0.369788 -0.038477
vn 0.928317 0.369792 -0.038480
vn 0.928318 0.369792 -0.038480
vn 0.928317 0.369792 -0.038480
vn 0.928317 0.369792 -0.038480
vn 0.395114 0.918487 -0.016362
vn 0.395114 0.918487 -0.016362
vn 0.395114 0.918487 -0.016362
vn 0.395114 0.918486 -0.016362
vn -0.874596 0.371022 0.312128
vn -0.874596 0.371022 0.312128
vn -0.874596 0.371022 0.312128
vn -0.874596 0.371022 0.312128
vn -0.371628 0.918860 0.132625
vn -0.371628 0.918860 0.132625
vn -0.371628 0.918860 0.132625
vn -0.371628 0.918860 0.132625
vn -0.293298 0.364221 0.883923
vn -0.293298 0.364221 0.883923
vn -0.293298 0.364221 0.883923
vn -0.293298 0.364221 0.883923
vn -0.127217 0.916410 0.379483
vn -0.127217 0.916410 0.379483
vn -0.127217 0.916410 0.379483
vn -0.127217 0.916411 0.379483
vn -0.127218 -0.916409 0.379487
vn -0.127218 -0.916409 0.379487
vn -0.127218 -0.916409 0.379487
vn -0.127218 -0.916409 0.379487
vn -0.293297 -0.364220 0.883923
vn -0.293297 -0.364220 0.883923
vn -0.293297 -0.364220 0.883923
vn -0.293297 -0.364220 0.883923
vn -0.238297 -0.918859 0.314503
vn -0.238297 -0.918859 0.314503
vn -0.238297 -0.918860 0.314503
vn -0.238297 -0.918859 0.314503
vn -0.560812 -0.371022 0.740157
vn -0.560812 -0.371022 0.740157
vn -0.560812 -0.371022 0.740157
vn -0.560812 -0.371022 0.740157
vn -0.395144 0.918492 0.015325
vn -0.395144 0.918492 0.015325
vn -0.395144 0.918492 0.015325
vn -0.395144 0.918492 0.015325
vn -0.928105 0.370576 0.035989
vn -0.928105 0.370576 0.035989
vn -0.928105 0.370576 0.035989
vn -0.928105 0.370576 0.035989
vn -0.928105 -0.370576 0.035991
vn -0.928105 -0.370576 0.035991
vn -0.928105 -0.370576 0.035991
vn -0.928105 -0.370576 0.035991
vn -0.395147 -0.918490 0.015327
vn -0.395147 -0.918490 0.015327
vn -0.395147 -0.918490 0.015327
vn -0.395147 -0.918490 0.015327
vn 0.515539 -0.850211 -0.106588
vn 0.515539 -0.850211 -0.106588
vn 0.515539 -0.850211 -0.106588
vn 0.515539 -0.850211 -0.106588
vn 0.804907 -0.267039 -0.529919
vn 0.804907 -0.267039 -0.529919
vn 0.804907 -0.267039 -0.529919
vn 0.804907 -0.267039 -0.529919
vn 0.945907 -0.267766 0.183196
vn 0.945907 -0.267766 0.183196
vn 0.945907 -0.267766 0.183196
vn 0.945907 -0.267766 0.183196
vn 0.679532 0.337052 -0.651638
vn 0.679532 0.337052 -0.651638
vn 0.679532 0.337052 -0.651638
vn 0.679532 0.337052 -0.651638
vn 0.421182 0.898225 -0.125686
vn 0.421182 0.898225 -0.125686
vn 0.421182 0.898225 -0.125686
vn 0.421182 0.898225 -0.125686
vn 0.920744 0.335913 0.198477
vn 0.920744 0.335913 0.198477
vn 0.920744 0.335913 0.198477
vn 0.920744 0.335913 0.198477
vn 0.166128 0.861359 0.480064
vn 0.166128 0.861359 0.480064
vn 0.166128 0.861359 0.480064
vn 0.166128 0.861359 0.480064
vn -0.050396 0.297467 0.953401
vn -0.050396 0.297467 0.953401
vn -0.050396 0.297467 0.953401
vn -0.050396 0.297467 0.953401
vn 0.601928 0.304432 0.738244
vn 0.601928 0.304432 0.738244
vn 0.601928 0.304432 0.738244
vn 0.601928 0.304432 0.738244
vn -0.035455 -0.294573 0.954971
vn -0.035455 -0.294573 0.954971
vn -0.035455 -0.294573 0.954971
vn -0.035455 -0.294573 0.954971
vn 0.143690 -0.894993 0.422305
vn 0.143690 -0.894993 0.422305
vn 0.143690 -0.894993 0.422305
vn 0.143690 -0.894993 0.422305
vn 0.659466 -0.334303 0.673310
vn 0.659466 -0.334303 0.673310
vn 0.659466 -0.334303 0.673310
vn 0.659466 -0.334303 0.673310
vn 0.849063 -0.324324 -0.417020
vn 0.849063 -0.324324 -0.417020
vn 0.849063 -0.324324 -0.417020
vn 0.849063 -0.324324 -0.417020
vn 0.274073 -0.890511 -0.363144
vn 0.274072 -0.890511 -0.363144
vn 0.274073 -0.890511 -0.363144
vn 0.274073 -0.890511 -0.363144
vn 0.163551 -0.324831 -0.931523
vn 0.163551 -0.324831 -0.931523
vn 0.163551 -0.324831 -0.931523
vn 0.163551 -0.324831 -0.931523
vn 0.255874 0.873687 -0.413764
vn 0.255874 0.873687 -0.413764
vn 0.255874 0.873687 -0.413764
vn 0.255874 0.873687 -0.413764
vn 0.824308 0.309777 -0.473872
vn 0.824308 0.309777 -0.473872
vn 0.824308 0.309777 -0.473872
vn 0.824308 0.309777 -0.473872
vn 0.125195 0.296391 -0.946826
vn 0.125195 0.296391 -0.946826
vn 0.125195 0.296391 -0.946826
vn 0.125195 0.296391 -0.946826
vn -0.919883 0.313868 -0.235165
vn -0.919883 0.313868 -0.235165
vn -0.919883 0.313869 -0.235165
vn -0.919883 0.313868 -0.235165
vn -0.377564 0.880527 -0.286562
vn -0.377564 0.880527 -0.286562
vn -0.377564 0.880527 -0.286562
vn -0.377564 0.880527 -0.286562
vn -0.460303 0.319582 -0.828245
vn -0.460303 0.319582 -0.828245
vn -0.460303 0.319582 -0.828245
vn -0.460303 0.319582 -0.828245
vn -0.387677 -0.885589 -0.255812
vn -0.387677 -0.885589 -0.255812
vn -0.387677 -0.885589 -0.255812
vn -0.387677 -0.885589 -0.255812
vn -0.924991 -0.320575 -0.204017
vn -0.924991 -0.320575 -0.204017
vn -0.924991 -0.320575 -0.204017
vn -0.924991 -0.320575 -0.204017
vn -0.492737 -0.340314 -0.800872
vn -0.492737 -0.340314 -0.800873
vn -0.492737 -0.340314 -0.800872
vn -0.492737 -0.340314 -0.800873
s off
g S_U_08 Window_32:Window_32
usemtl Window_32:Window_32SG
f 60/69/213 59/70/214 67/71/215 66/72/216
f 59/70/217 58/73/218 68/74/219 67/71/220
f 62/75/221 61/76/222 77/77/223 76/78/224
f 61/76/225 60/69/226 78/79/227 77/77/228
f 66/72/229 65/80/230 73/81/231 72/82/232
f 65/80/233 64/83/234 74/84/235 73/81/236
f 72/82/237 71/85/238 79/86/239 78/79/240
f 71/85/241 70/87/242 80/88/243 79/86/244
f 84/89/245 83/90/246 103/91/247 102/92/248
f 83/90/249 82/93/250 104/94/251 103/91/252
f 86/95/253 85/96/254 89/97/255 88/98/256
f 85/96/257 84/89/258 90/99/259 89/97/260
f 92/100/261 91/101/262 95/102/263 94/103/264
f 91/101/265 90/99/266 96/104/267 95/102/268
f 98/105/269 97/106/270 101/107/271 100/108/272
f 97/106/273 96/104/274 102/92/275 101/107/276
f 107/109/277 106/110/278 109/111/279 108/112/280
f 106/110/281 105/113/282 110/114/283 109/111/284
f 116/115/285 115/116/286 121/117/287 120/118/288
f 115/116/289 114/119/290 122/120/291 121/117/292
f 125/121/293 124/122/294 127/123/295 126/124/296
f 124/122/297 123/125/298 128/126/299 127/123/300
f 134/127/301 133/128/302 139/129/303 138/130/304
f 133/128/305 132/131/306 140/132/307 139/129/308
f 60/69/309 66/72/310 72/82/311 78/79/312
f 90/99/313 84/89/314 102/92/315 96/104/316
f 128/126/317 123/125/318 132/133/319 129/134/320
f 123/135/321 135/136/322 140/132/323 132/131/324
f 80/88/325 70/87/326 128/126/327 129/134/328
f 140/132/329 135/136/330 98/105/331 100/108/332
f 126/124/333 74/84/334 64/83/335 113/137/336
f 94/103/337 137/138/338 120/118/339 92/100/340
f 138/130/341 104/94/342 82/93/343 119/139/344
f 76/78/345 131/140/346 108/112/347 62/75/348
f 113/137/349 116/141/350 125/121/351 126/124/352
f 116/115/353 120/118/354 137/138/355 125/142/356
f 119/139/357 107/143/358 134/127/359 138/130/360
f 107/109/361 108/112/362 131/140/363 134/144/364
f 105/145/365 106/146/366 118/147/367 117/148/368
f 106/146/369 107/143/370 119/139/371 118/147/372
f 58/73/373 57/149/374 109/111/375 110/114/376
f 57/149/377 62/75/378 108/112/379 109/111/380
f 64/83/381 63/150/382 112/151/383 113/137/384
f 63/150/385 68/74/386 111/152/387 112/151/388
f 113/137/389 112/151/390 115/153/391 116/141/392
f 112/151/393 111/152/394 114/154/395 115/153/396
f 82/93/397 81/155/398 118/147/399 119/139/400
f 81/155/401 86/95/402 117/148/403 118/147/404
f 88/98/405 87/156/406 121/117/407 122/120/408
f 87/156/409 92/100/410 120/118/411 121/117/412
f 123/135/413 124/157/414 136/158/415 135/136/416
f 124/157/417 125/142/418 137/138/419 136/158/420
f 70/87/421 69/159/422 127/123/423 128/126/424
f 69/159/425 74/84/426 126/124/427 127/123/428
f 76/78/429 75/160/430 130/161/431 131/140/432
f 75/160/433 80/88/434 129/134/435 130/161/436
f 131/140/437 130/161/438 133/162/439 134/144/440
f 130/161/441 129/134/442 132/133/443 133/162/444
f 94/103/445 93/163/446 136/158/447 137/138/448
f 93/163/449 98/105/450 135/136/451 136/158/452
f 100/108/453 99/164/454 139/129/455 140/132/456
f 99/164/457 104/94/458 138/130/459 139/129/460
f 61/76/461 62/75/462 57/149/463 141/165/464
f 57/149/465 58/73/466 59/70/467 141/165/468
f 59/70/469 60/69/470 61/76/471 141/165/472
f 67/71/473 68/74/474 63/150/475 142/166/476
f 63/150/477 64/83/478 65/80/479 142/166/480
f 65/80/481 66/72/482 67/71/483 142/166/484
f 73/81/485 74/84/486 69/159/487 143/167/488
f 69/159/489 70/87/490 71/85/491 143/167/492
f 71/85/493 72/82/494 73/81/495 143/167/496
f 79/86/497 80/88/498 75/160/499 144/168/500
f 75/160/501 76/78/502 77/77/503 144/168/504
f 77/77/505 78/79/506 79/86/507 144/168/508
f 85/96/509 86/95/510 81/155/511 145/169/512
f 81/155/513 82/93/514 83/90/515 145/169/516
f 83/90/517 84/89/518 85/96/519 145/169/520
f 91/101/521 92/100/522 87/156/523 146/170/524
f 87/156/525 88/98/526 89/97/527 146/170/528
f 89/97/529 90/99/530 91/101/531 146/170/532
f 97/106/533 98/105/534 93/163/535 147/171/536
f 93/163/537 94/103/538 95/102/539 147/171/540
f 95/102/541 96/104/542 97/106/543 147/171/544
f 103/91/545 104/94/546 99/164/547 148/172/548
f 99/164/549 100/108/550 101/107/551 148/172/552
f 101/107/553 102/92/554 103/91/555 148/172/556
g default
v -353.420868 229.573196 158.681961
v -347.671997 232.042007 158.681961
v -347.671997 229.573196 152.932846
v -347.671997 223.612900 150.551498
v -353.420868 223.612900 152.932846
v -355.802338 223.612900 158.681961
v -232.902817 229.573196 158.681961
v -230.521591 223.612900 158.681961
v -232.902817 223.612900 152.932846
v -238.652176 223.612900 150.551498
v -238.652176 229.573196 152.932846
v -238.652176 232.042007 158.681961
v -232.902817 6.056763 158.681961
v -238.652176 3.587952 158.681961
v -238.652176 6.056763 152.932846
v -238.652176 12.017031 150.551498
v -232.902817 12.017031 152.932846
v -230.521591 12.017031 158.681961
v -353.420868 6.056763 158.681961
v -355.802338 12.017031 158.681961
v -353.420868 12.017031 152.932846
v -347.671997 12.017031 150.551498
v -347.671997 6.056763 152.932846
v -347.671997 3.587952 158.681961
v -353.420868 6.056763 158.683609
v -347.671997 3.587952 158.683609
v -347.671997 6.056763 164.432693
v -347.671997 12.017031 166.814072
v -353.420868 12.017031 164.432693
v -355.802338 12.017031 158.683609
v -353.420868 229.573196 158.683609
v -355.802338 223.612900 158.683609
v -353.420868 223.612900 164.432693
v -347.671997 223.612900 166.814072
v -347.671997 229.573196 164.432693
v -347.671997 232.042007 158.683609
v -232.902817 6.056763 158.683609
v -230.521591 12.017031 158.683609
v -232.902817 12.017031 164.432693
v -238.652176 12.017031 166.814072
v -238.652176 6.056763 164.432693
v -238.652176 3.587952 158.683609
v -232.902817 229.573196 158.683609
v -238.652176 232.042007 158.683609
v -238.652176 229.573196 164.432693
v -238.652176 223.612900 166.814072
v -232.902817 223.612900 164.432693
v -230.521591 223.612900 158.683609
v -352.364410 228.477798 153.989456
v -233.959518 228.477798 153.989456
v -233.959518 7.152153 153.989456
v -352.364410 7.152153 153.989456
v -352.364410 7.152153 163.376083
v -352.364410 228.477798 163.376083
v -233.959518 7.152153 163.376083
v -233.959518 228.477798 163.376083
vt 0.625000 0.733776
vt 0.625000 0.750000
vt 0.625000 0.750000
vt 0.625000 0.733776
vt 0.625000 0.250000
vt 0.622077 0.250000
vt 0.622077 0.250000
vt 0.625000 0.250000
vt 0.585117 0.232865
vt 0.584116 0.250000
vt 0.623233 0.250000
vt 0.622232 0.232865
vt 0.625000 0.739643
vt 0.625000 0.516225
vt 0.625000 0.510358
vt 0.623128 0.250000
vt 0.584221 0.250000
vt 0.585272 0.250000
vt 0.582349 0.239028
vt 0.585117 0.017135
vt 0.582349 0.010972
vt 0.622077 0.500000
vt 0.624458 0.503006
vt 0.624458 0.503006
vt 0.622077 0.500000
vt 0.625000 0.516225
vt 0.625000 0.239028
vt 0.625000 0.010972
vt 0.622232 0.017135
vt 0.623128 0.500000
vt 0.585272 0.500000
vt 0.584221 0.500000
vt 0.582349 0.516225
vt 0.582891 0.503006
vt 0.582891 0.503006
vt 0.582349 0.516225
vt 0.585272 0.500000
vt 0.623233 0.000000
vt 0.584116 0.000000
vt 0.582349 0.510358
vt 0.582349 0.733775
vt 0.582349 0.739643
vt 0.582349 0.250000
vt 0.582349 0.250000
vt 0.585272 0.250000
vt 0.582349 0.750000
vt 0.582349 0.733775
vt 0.582349 0.750000
vt 0.585117 0.017135
vt 0.584116 0.000000
vt 0.623233 0.000000
vt 0.622232 0.017135
vt 0.582349 0.739643
vt 0.582349 0.510358
vt 0.584221 0.250000
vt 0.623128 0.250000
vt 0.582349 0.010972
vt 0.585117 0.232865
vt 0.582349 0.239028
vt 0.625000 0.739643
vt 0.625000 0.510358
vt 0.584116 0.250000
vt 0.622232 0.232865
vt 0.623233 0.250000
vt 0.625000 0.010972
vt 0.625000 0.239028
vt 0.584221 0.500000
vt 0.623128 0.500000
vt 0.625000 0.250000
vt 0.625000 0.750000
vt 0.582349 0.250000
vt 0.625000 0.500000
vt 0.625000 0.250000
vt 0.582349 0.500000
vt 0.625000 0.000000
vt 0.582349 0.750000
vt 0.582349 0.250000
vt 0.582349 0.000000
vt 0.582349 0.250000
vt 0.582349 0.750000
vt 0.582349 0.000000
vt 0.625000 0.750000
vt 0.625000 0.250000
vt 0.582349 0.250000
vt 0.582349 0.500000
vt 0.625000 0.000000
vt 0.625000 0.500000
vt 0.625000 0.250000
vn -0.396303 0.918120 0.000000
vn -0.396303 0.918120 0.000000
vn -0.396303 0.918120 0.000000
vn -0.396303 0.918120 0.000000
vn -0.928676 0.370892 0.000000
vn -0.928676 0.370892 0.000000
vn -0.928676 0.370892 0.000000
vn -0.928676 0.370892 0.000000
vn 0.000000 0.371018 -0.928626
vn 0.000000 0.371018 -0.928626
vn 0.000000 0.371018 -0.928626
vn 0.000000 0.371018 -0.928626
vn 0.000000 0.918862 -0.394580
vn 0.000000 0.918862 -0.394580
vn 0.000000 0.918862 -0.394580
vn 0.000000 0.918862 -0.394580
vn -0.923874 0.000000 -0.382698
vn -0.923874 0.000000 -0.382698
vn -0.923874 0.000000 -0.382698
vn -0.923874 0.000000 -0.382698
vn -0.382695 0.000000 -0.923875
vn -0.382695 0.000000 -0.923875
vn -0.382695 0.000000 -0.923875
vn -0.382695 0.000000 -0.923875
vn 0.928690 0.370858 0.000000
vn 0.928690 0.370858 0.000000
vn 0.928690 0.370858 0.000000
vn 0.928690 0.370858 0.000000
vn 0.396275 0.918132 0.000000
vn 0.396275 0.918132 0.000000
vn 0.396275 0.918132 0.000000
vn 0.396275 0.918132 0.000000
vn 0.382667 0.000000 -0.923886
vn 0.382667 0.000000 -0.923886
vn 0.382667 0.000000 -0.923886
vn 0.382667 0.000000 -0.923886
vn 0.923887 0.000000 -0.382664
vn 0.923887 0.000000 -0.382664
vn 0.923887 0.000000 -0.382664
vn 0.923887 0.000000 -0.382664
vn 0.396275 -0.918132 0.000000
vn 0.396275 -0.918132 0.000000
vn 0.396275 -0.918132 0.000000
vn 0.396275 -0.918132 0.000000
vn 0.927890 -0.372855 0.000000
vn 0.927890 -0.372855 0.000000
vn 0.927890 -0.372855 0.000000
vn 0.927890 -0.372855 0.000000
vn 0.000000 -0.371020 -0.928625
vn 0.000000 -0.371020 -0.928625
vn 0.000000 -0.371020 -0.928625
vn 0.000000 -0.371020 -0.928625
vn 0.000000 -0.918861 -0.394582
vn 0.000000 -0.918861 -0.394582
vn 0.000000 -0.918861 -0.394582
vn 0.000000 -0.918861 -0.394582
vn -0.927876 -0.372889 0.000000
vn -0.927876 -0.372889 0.000000
vn -0.927876 -0.372889 0.000000
vn -0.927876 -0.372889 0.000000
vn -0.396303 -0.918120 0.000000
vn -0.396303 -0.918120 0.000000
vn -0.396303 -0.918120 0.000000
vn -0.396303 -0.918120 0.000000
vn 0.000000 -0.371024 0.928623
vn 0.000000 -0.371024 0.928623
vn 0.000000 -0.371024 0.928623
vn 0.000000 -0.371024 0.928623
vn 0.000000 -0.918860 0.394583
vn 0.000000 -0.918860 0.394583
vn 0.000000 -0.918860 0.394583
vn 0.000000 -0.918860 0.394583
vn -0.923872 0.000000 0.382701
vn -0.923872 0.000000 0.382701
vn -0.923872 0.000000 0.382701
vn -0.923872 0.000000 0.382701
vn -0.382700 0.000000 0.923873
vn -0.382700 0.000000 0.923873
vn -0.382700 0.000000 0.923873
vn -0.382700 0.000000 0.923873
vn 0.000000 0.918861 0.394582
vn 0.000000 0.918861 0.394582
vn 0.000000 0.918861 0.394582
vn 0.000000 0.918861 0.394582
vn 0.000000 0.371022 0.928624
vn 0.000000 0.371022 0.928624
vn 0.000000 0.371022 0.928624
vn 0.000000 0.371022 0.928624
vn 0.382672 0.000000 0.923884
vn 0.382672 0.000000 0.923884
vn 0.382672 0.000000 0.923884
vn 0.382672 0.000000 0.923884
vn 0.923886 0.000000 0.382667
vn 0.923886 0.000000 0.382667
vn 0.923886 0.000000 0.382667
vn 0.923886 0.000000 0.382667
vn 0.000000 0.000000 1.000000
vn 0.000000 0.000000 1.000000
vn 0.000000 0.000000 1.000000
vn 0.000000 0.000000 1.000000
vn -1.000000 0.000000 0.000000
vn -1.000000 0.000000 0.000000
vn -1.000000 0.000000 0.000000
vn -1.000000 0.000000 0.000000
vn 0.000000 -1.000000 0.000000
vn 0.000000 -1.000000 0.000000
vn 0.000000 -1.000000 0.000000
vn 0.000000 -1.000000 0.000000
vn 1.000000 0.000000 0.000000
vn 1.000000 0.000000 0.000000
vn 1.000000 0.000000 0.000000
vn 1.000000 0.000000 0.000000
vn 0.000000 1.000000 0.000000
vn 0.000000 1.000000 0.000000
vn 0.000000 1.000000 0.000000
vn 0.000000 1.000000 0.000000
vn -0.891210 0.314900 -0.326469
vn -0.891210 0.314900 -0.326469
vn -0.891210 0.314900 -0.326469
vn -0.891210 0.314900 -0.326469
vn -0.334584 0.880975 -0.334570
vn -0.334584 0.880975 -0.334570
vn -0.334584 0.880975 -0.334570
vn -0.334584 0.880975 -0.334570
vn -0.326480 0.314900 -0.891206
vn -0.326480 0.314900 -0.891207
vn -0.326480 0.314900 -0.891207
vn -0.326480 0.314900 -0.891207
vn 0.334563 0.880978 -0.334582
vn 0.334563 0.880978 -0.334582
vn 0.334563 0.880978 -0.334582
vn 0.334563 0.880978 -0.334582
vn 0.891210 0.314902 -0.326467
vn 0.891210 0.314902 -0.326467
vn 0.891210 0.314902 -0.326467
vn 0.891210 0.314902 -0.326467
vn 0.326459 0.314906 -0.891212
vn 0.326459 0.314906 -0.891212
vn 0.326459 0.314906 -0.891212
vn 0.326459 0.314906 -0.891212
vn 0.891210 -0.314903 -0.326467
vn 0.891210 -0.314903 -0.326467
vn 0.891210 -0.314903 -0.326467
vn 0.891210 -0.314903 -0.326467
vn 0.334563 -0.880980 -0.334577
vn 0.334563 -0.880980 -0.334577
vn 0.334563 -0.880980 -0.334577
vn 0.334563 -0.880980 -0.334577
vn 0.326459 -0.314906 -0.891212
vn 0.326458 -0.314906 -0.891212
vn 0.326459 -0.314906 -0.891212
vn 0.326459 -0.314906 -0.891212
vn -0.334584 -0.880975 -0.334569
vn -0.334584 -0.880975 -0.334569
vn -0.334584 -0.880975 -0.334569
vn -0.334584 -0.880975 -0.334569
vn -0.891210 -0.314903 -0.326467
vn -0.891210 -0.314903 -0.326467
vn -0.891210 -0.314903 -0.326467
vn -0.891210 -0.314903 -0.326467
vn -0.326479 -0.314901 -0.891207
vn -0.326479 -0.314901 -0.891207
vn -0.326479 -0.314901 -0.891207
vn -0.326479 -0.314901 -0.891207
vn -0.891210 -0.314899 0.326469
vn -0.891211 -0.314899 0.326469
vn -0.891211 -0.314899 0.326469
vn -0.891211 -0.314899 0.326469
vn -0.334582 -0.880975 0.334571
vn -0.334582 -0.880975 0.334571
vn -0.334582 -0.880975 0.334571
vn -0.334582 -0.880975 0.334571
vn -0.326481 -0.314904 0.891205
vn -0.326481 -0.314904 0.891205
vn -0.326481 -0.314904 0.891205
vn -0.326481 -0.314904 0.891205
vn -0.334583 0.880974 0.334572
vn -0.334583 0.880975 0.334572
vn -0.334583 0.880975 0.334572
vn -0.334583 0.880974 0.334572
vn -0.891211 0.314897 0.326471
vn -0.891211 0.314897 0.326471
vn -0.891211 0.314897 0.326471
vn -0.891211 0.314897 0.326471
vn -0.326483 0.314903 0.891204
vn -0.326483 0.314903 0.891204
vn -0.326483 0.314903 0.891204
vn -0.326483 0.314903 0.891204
vn 0.334562 -0.880980 0.334579
vn 0.334562 -0.880980 0.334579
vn 0.334562 -0.880980 0.334579
vn 0.334562 -0.880980 0.334579
vn 0.891210 -0.314901 0.326469
vn 0.891210 -0.314901 0.326470
vn 0.891210 -0.314901 0.326470
vn 0.891210 -0.314901 0.326470
vn 0.326462 -0.314910 0.891210
vn 0.326462 -0.314910 0.891210
vn 0.326462 -0.314910 0.891210
vn 0.326462 -0.314910 0.891210
vn 0.891210 0.314900 0.326469
vn 0.891210 0.314900 0.326469
vn 0.891210 0.314900 0.326469
vn 0.891210 0.314900 0.326469
vn 0.334561 0.880979 0.334582
vn 0.334561 0.880979 0.334582
vn 0.334561 0.880979 0.334582
vn 0.334561 0.880979 0.334582
vn 0.326462 0.314908 0.891210
vn 0.326462 0.314908 0.891210
vn 0.326462 0.314908 0.891210
vn 0.326462 0.314908 0.891210
s off
g S_U_08 Window_20:Window_20
usemtl Window_20:Window_20SG
f 150/173/557 149/174/558 179/175/559 184/176/560
f 149/177/561 154/178/562 180/179/563 179/180/564
f 152/181/565 151/182/566 159/183/567 158/184/568
f 151/185/569 150/173/570 160/186/571 159/187/572
f 154/178/573 153/188/574 169/189/575 168/190/576
f 153/191/577 152/181/578 170/192/579 169/193/580
f 156/194/581 155/195/582 191/196/583 196/197/584
f 155/195/585 160/186/586 192/198/587 191/196/588
f 158/184/589 157/199/590 165/200/591 164/201/592
f 157/202/593 156/194/594 166/203/595 165/204/596
f 162/205/597 161/206/598 185/207/599 190/208/600
f 161/206/601 166/203/602 186/209/603 185/207/604
f 164/201/605 163/210/606 171/211/607 170/192/608
f 163/212/609 162/205/610 172/213/611 171/214/612
f 168/190/613 167/215/614 173/216/615 178/217/616
f 167/218/617 172/213/618 174/219/619 173/220/620
f 176/221/621 175/222/622 189/223/623 188/224/624
f 175/225/625 174/219/626 190/208/627 189/226/628
f 178/217/629 177/227/630 181/228/631 180/179/632
f 177/229/633 176/221/634 182/230/635 181/231/636
f 184/176/637 183/232/638 193/233/639 192/198/640
f 183/234/641 182/230/642 194/235/643 193/236/644
f 188/224/645 187/237/646 195/238/647 194/235/648
f 187/239/649 186/209/650 196/197/651 195/240/652
f 182/230/653 176/221/654 188/224/655 194/235/656
f 180/179/657 154/178/658 168/190/659 178/217/660
f 174/219/661 172/213/662 162/205/663 190/208/664
f 186/209/665 166/203/666 156/194/667 196/197/668
f 192/198/669 160/186/670 150/173/671 184/176/672
f 153/188/673 154/178/674 149/177/675 197/241/676
f 149/174/677 150/173/678 151/185/679 197/242/680
f 151/182/681 152/181/682 153/191/683 197/243/684
f 159/187/685 160/186/686 155/195/687 198/244/688
f 155/195/689 156/194/690 157/202/691 198/244/692
f 157/199/693 158/184/694 159/183/695 198/245/696
f 165/204/697 166/203/698 161/206/699 199/246/700
f 161/206/701 162/205/702 163/212/703 199/246/704
f 163/210/705 164/201/706 165/200/707 199/247/708
f 171/214/709 172/213/710 167/218/711 200/248/712
f 167/215/713 168/190/714 169/189/715 200/249/716
f 169/193/717 170/192/718 171/211/719 200/250/720
f 177/227/721 178/217/722 173/216/723 201/251/724
f 173/220/725 174/219/726 175/225/727 201/252/728
f 175/222/729 176/221/730 177/229/731 201/253/732
f 183/232/733 184/176/734 179/175/735 202/254/736
f 179/180/737 180/179/738 181/228/739 202/255/740
f 181/231/741 182/230/742 183/234/743 202/256/744
f 189/226/745 190/208/746 185/207/747 203/257/748
f 185/207/749 186/209/750 187/239/751 203/257/752
f 187/237/753 188/224/754 189/223/755 203/258/756
f 195/240/757 196/197/758 191/196/759 204/259/760
f 191/196/761 192/198/762 193/233/763 204/259/764
f 193/236/765 194/235/766 195/238/767 204/260/768
g default
v 455.009979 272.436798 163.283279
v 455.009979 497.987549 163.283279
v 455.009979 497.987488 -163.283279
v 455.009979 272.436737 -163.283279
v -432.279541 272.436798 122.091225
v -391.087463 272.436798 163.283279
v -411.683502 272.436798 157.764603
v -426.760864 272.436798 142.687271
v -432.279541 497.987549 122.091225
v -426.760864 497.987549 142.687271
v -411.683502 497.987549 157.764603
v -391.087463 497.987549 163.283279
v -411.683502 497.987488 -157.764603
v -426.760864 497.987488 -142.687271
v -432.279541 497.987488 -122.091240
v -391.087463 497.987488 -163.283279
v -432.279541 272.436737 -122.091240
v -426.760864 272.436737 -142.687271
v -411.683502 272.436737 -157.764603
v -391.087463 272.436737 -163.283279
vt 0.389760 0.250000
vt 0.389760 0.000000
vt 0.625000 0.000000
vt 0.625000 0.250000
vt 0.389760 0.750000
vt 0.389760 0.500000
vt 0.625000 0.500000
vt 0.625000 0.750000
vt 0.149998 0.250000
vt 0.149998 0.000000
vt 0.350002 0.000000
vt 0.350002 0.250000
vt 0.367562 0.000000
vt 0.375000 0.250000
vt 0.380041 0.000000
vt 0.382338 0.248758
vt 0.125000 0.250000
vt 0.125000 0.000000
vt 0.375000 0.500000
vt 0.382412 0.500122
vt 0.382228 0.747732
vt 0.375000 0.750000
vn 0.000000 0.000000 1.000000
vn 0.000000 0.000000 1.000000
vn 0.000000 0.000000 1.000000
vn 0.000000 0.000000 1.000000
vn 0.000000 0.000000 -1.000000
vn 0.000000 0.000000 -1.000000
vn 0.000000 0.000000 -1.000000
vn 0.000000 0.000000 -1.000000
vn -1.000000 0.000000 0.000000
vn -1.000000 0.000000 0.000000
vn -1.000000 0.000000 0.000000
vn -1.000000 0.000000 0.000000
vn -0.965926 0.000000 0.258818
vn -0.965926 0.000000 0.258818
vn -0.965926 0.000000 0.258818
vn -0.965926 0.000000 0.258818
vn -0.707106 0.000000 0.707107
vn -0.707106 0.000000 0.707107
vn -0.707106 0.000000 0.707107
vn -0.707106 0.000000 0.707107
vn -0.258818 0.000000 0.965926
vn -0.258818 0.000000 0.965926
vn -0.258818 0.000000 0.965926
vn -0.258818 0.000000 0.965926
vn -0.965926 0.000000 -0.258819
vn -0.965926 0.000000 -0.258819
vn -0.965926 0.000000 -0.258819
vn -0.965926 0.000000 -0.258819
vn -0.707106 0.000000 -0.707107
vn -0.707106 0.000000 -0.707107
vn -0.707106 0.000000 -0.707107
vn -0.707106 0.000000 -0.707107
vn -0.258819 0.000000 -0.965926
vn -0.258819 0.000000 -0.965926
vn -0.258819 0.000000 -0.965926
vn -0.258819 0.000000 -0.965926
s off
g S_U_08 Window_19:Window_19
usemtl Window_19:aiStandardSurface1SG
f 216/261/769 210/262/770 205/263/771 206/264/772
f 224/265/773 220/266/774 207/267/775 208/268/776
f 219/269/777 221/270/778 209/271/779 213/272/780
f 209/271/781 212/273/782 214/274/783 213/272/784
f 212/273/785 211/275/786 215/276/787 214/274/788
f 211/275/789 210/262/790 216/261/791 215/276/792
f 219/269/793 218/277/794 222/278/795 221/270/796
f 218/279/797 217/280/798 223/281/799 222/282/800
f 217/280/801 220/266/802 224/265/803 223/281/804
g default
v 463.333832 280.400970 -165.132324
v 458.603119 280.400970 -176.553253
v 447.182220 280.400970 -181.283966
v 447.182220 487.266083 -181.283966
v 458.603119 487.266083 -176.553253
v 463.333832 487.266083 -165.132324
v 434.910980 509.787567 -181.283966
v 435.972015 513.047089 -179.864105
v 436.411469 514.397308 -176.436218
v -429.937469 509.667084 -181.283966
v -429.661835 513.011932 -179.898529
v -428.996552 514.397308 -176.553772
v 433.732025 270.448578 -181.283966
v 435.626556 267.383881 -179.791504
v 436.411469 266.114349 -176.188446
v -429.937469 270.844574 -181.283966
v -429.661835 267.499847 -179.898529
v -428.996552 266.114349 -176.553772
v 446.241302 266.114349 -176.553772
v 446.906586 267.499847 -179.898529
v 447.182220 270.844574 -181.283966
v 446.241302 514.397308 -176.553772
v 446.906586 513.011932 -179.898529
v 447.182220 509.667084 -181.283966
v 458.603119 270.844574 -176.553253
v 457.542816 267.499847 -175.492920
v 454.982758 266.114349 -172.932892
v 458.603607 266.114349 -164.191437
v 461.948334 267.499847 -164.856781
v 463.333832 270.844574 -165.132324
v 458.603119 509.667084 -176.553253
v 457.542816 513.011932 -175.492920
v 454.982758 514.397308 -172.932892
v 463.333832 509.667084 -165.132324
v 461.948334 513.011932 -164.856781
v 458.603607 514.397308 -164.191437
v -458.603607 266.114349 -146.946747
v -461.948456 267.499847 -147.612091
v -463.333832 270.844574 -147.887665
v -429.937469 275.670746 -181.283966
v -429.661835 279.015472 -179.898529
v -428.996552 280.400970 -176.553772
v 428.520355 275.670746 -181.283966
v 427.855072 279.015472 -179.898529
v 427.579437 280.400970 -176.553772
v -463.333832 509.667084 -147.887665
v -461.948456 513.011932 -147.612091
v -458.603607 514.397308 -146.946747
v -458.603607 487.266083 -146.946747
v -461.948456 488.651581 -147.612091
v -463.333832 491.996307 -147.887665
v -453.552216 270.844574 -171.502411
v -452.491791 267.499847 -170.442047
v -449.931854 266.114349 -167.882080
v -453.552216 275.670746 -171.502411
v -452.491791 279.015472 -170.442047
v -449.931854 280.400970 -167.882080
v -458.603607 280.400970 -146.946747
v -461.948456 279.015472 -147.612091
v -463.333832 275.670746 -147.887665
v -453.552216 509.667084 -171.502411
v -452.491791 513.011932 -170.442047
v -449.931854 514.397308 -167.882080
v -453.552216 491.996307 -171.502411
v -452.491791 488.651581 -170.442047
v -449.931854 487.266083 -167.882080
v -428.996552 487.266083 -176.553772
v -429.661835 488.651581 -179.898529
v -429.937469 491.996307 -181.283966
v 427.579437 487.266083 -176.553772
v 427.855072 488.651581 -179.898529
v 428.520355 491.996307 -181.283966
v 441.141693 479.374969 -181.283966
v 437.796967 478.709686 -179.898529
v 436.411469 478.434052 -176.553772
v 436.411469 289.233002 -176.553772
v 437.796967 288.957367 -179.898529
v 441.141693 288.292084 -181.283966
v 433.824554 484.679169 -176.553772
v 434.884857 485.739594 -179.898529
v 437.444916 488.299530 -181.283966
v 433.824554 282.987885 -176.553772
v 434.884857 281.927460 -179.898529
v 437.444916 279.367523 -181.283966
v 424.279388 266.114349 -176.194885
v 426.181488 267.385345 -179.792999
v 427.477631 270.452240 -181.283966
v 463.333832 280.401093 165.132324
v 458.603119 280.401093 176.553253
v 447.182220 280.401093 181.283966
v 447.182220 487.266144 181.283966
v 458.603119 487.266144 176.553253
v 463.333832 487.266144 165.132324
v 434.910980 509.787689 181.283966
v 435.972015 513.047211 179.864105
v 436.411469 514.397430 176.436218
v -429.937469 509.667206 181.283966
v -429.661835 513.012054 179.898529
v -428.996552 514.397430 176.553741
v 433.732025 270.448700 181.283966
v 435.626556 267.384003 179.791534
v 436.411469 266.114471 176.188446
v -429.937469 270.844696 181.283966
v -429.661835 267.499969 179.898529
v -428.996552 266.114471 176.553741
v 446.241302 266.114471 176.553741
v 446.906586 267.499969 179.898529
v 447.182220 270.844696 181.283966
v 446.241302 514.397430 176.553741
v 446.906586 513.012054 179.898529
v 447.182220 509.667206 181.283966
v 458.603119 270.844696 176.553253
v 457.542816 267.499969 175.492889
v 454.982758 266.114471 172.932922
v 458.603607 266.114471 164.191467
v 461.948334 267.499969 164.856781
v 463.333832 270.844696 165.132324
v 458.603119 509.667206 176.553253
v 457.542816 513.012054 175.492889
v 454.982758 514.397430 172.932922
v 463.333832 509.667206 165.132324
v 461.948334 513.012054 164.856781
v 458.603607 514.397430 164.191467
v -458.603607 266.114471 146.946777
v -461.948456 267.499969 147.612091
v -463.333832 270.844696 147.887634
v -429.937469 275.670868 181.283966
v -429.661835 279.015594 179.898529
v -428.996552 280.401093 176.553741
v 428.520355 275.670868 181.283966
v 427.855072 279.015594 179.898529
v 427.579437 280.401093 176.553741
v -463.333832 509.667206 147.887634
v -461.948456 513.012054 147.612091
v -458.603607 514.397430 146.946777
v -458.603607 487.266144 146.946777
v -461.948456 488.651642 147.612091
v -463.333832 491.996368 147.887634
v -453.552216 270.844696 171.502441
v -452.491791 267.499969 170.442047
v -449.931854 266.114471 167.882080
v -453.552216 275.670868 171.502441
v -452.491791 279.015594 170.442047
v -449.931854 280.401093 167.882080
v -458.603607 280.401093 146.946777
v -461.948456 279.015594 147.612091
v -463.333832 275.670868 147.887634
v -453.552216 509.667206 171.502441
v -452.491791 513.012054 170.442047
v -449.931854 514.397430 167.882080
v -453.552216 491.996368 171.502441
v -452.491791 488.651642 170.442047
v -449.931854 487.266144 167.882080
v -428.996552 487.266144 176.553741
v -429.661835 488.651642 179.898529
v -429.937469 491.996368 181.283966
v 427.579437 487.266144 176.553741
v 427.855072 488.651642 179.898529
v 428.520355 491.996368 181.283966
v 441.141693 479.375031 181.283966
v 437.796967 478.709747 179.898529
v 436.411469 478.434113 176.553741
v 436.411469 289.233124 176.553741
v 437.796967 288.957489 179.898529
v 441.141693 288.292206 181.283966
v 433.824554 484.679230 176.553741
v 434.884857 485.739655 179.898529
v 437.444916 488.299591 181.283966
v 433.824554 282.988007 176.553741
v 434.884857 281.927582 179.898529
v 437.444916 279.367645 181.283966
v 424.279388 266.114471 176.194885
v 426.181488 267.385468 179.792999
v 427.477631 270.452362 181.283966
vt 0.865986 0.022484
vt 0.875000 0.022484
vt 0.875000 0.207301
vt 0.865986 0.207301
vt 0.625000 0.727516
vt 0.622150 0.727425
vt 0.622143 0.542815
vt 0.625000 0.542699
vt 0.620351 0.751868
vt 0.620353 0.749002
vt 0.622164 0.750000
vt 0.622004 0.752574
vt 0.618491 0.739868
vt 0.622160 0.742526
vt 0.622160 0.507465
vt 0.622164 0.500000
vt 0.625000 0.500000
vt 0.625000 0.507444
vt 0.621954 0.497367
vt 0.624101 0.497143
vt 0.624101 0.752857
vt 0.625000 0.750000
vt 0.625000 0.759014
vt 0.625000 0.757048
vt 0.875000 0.000000
vt 0.875000 0.007444
vt 0.865986 0.007444
vt 0.865986 0.000000
vt 0.143638 0.007445
vt 0.143638 0.000000
vt 0.143638 0.000000
vt 0.143638 0.007445
vt 0.375000 0.768638
vt 0.375000 0.766778
vt 0.375000 0.766778
vt 0.375000 0.768638
vt 0.375000 0.483166
vt 0.375000 0.481362
vt 0.375000 0.481362
vt 0.375000 0.483166
vt 0.143638 0.250000
vt 0.143638 0.242556
vt 0.143638 0.242556
vt 0.143638 0.250000
vt 0.143638 0.214745
vt 0.143638 0.207301
vt 0.143638 0.207301
vt 0.143638 0.214745
vt 0.375000 0.517695
vt 0.375000 0.520109
vt 0.375000 0.520109
vt 0.375000 0.517695
vt 0.131236 0.027109
vt 0.125000 0.022484
vt 0.143638 0.022484
vt 0.141838 0.022484
vt 0.125000 0.015040
vt 0.143638 0.015040
vt 0.376739 0.538866
vt 0.375000 0.542699
vt 0.386341 0.542699
vt 0.386661 0.539157
vt 0.375000 0.535255
vt 0.386341 0.535253
vt 0.620273 0.552763
vt 0.620273 0.556598
vt 0.620273 0.713616
vt 0.620273 0.706465
vt 0.621094 0.555169
vt 0.621097 0.715065
vt 0.617294 0.742484
vt 0.617619 0.734633
vt 0.619419 0.742484
vt 0.386341 0.507444
vt 0.619337 0.507316
vt 0.617504 0.535267
vt 0.625000 0.742556
vt 0.875000 0.242556
vt 0.865986 0.242556
vt 0.620785 0.732104
vt 0.615614 0.725751
vt 0.386341 0.742556
vt 0.375000 0.742556
vt 0.375000 0.734960
vt 0.386341 0.734960
vt 0.125000 0.007444
vt 0.125000 0.242556
vt 0.125000 0.214745
vt 0.375000 0.507444
vt 0.620782 0.538124
vt 0.619765 0.497368
vt 0.619759 0.500074
vt 0.386341 0.500000
vt 0.386660 0.497360
vt 0.617139 0.749016
vt 0.616203 0.751835
vt 0.386341 0.750000
vt 0.375000 0.750000
vt 0.385164 0.750000
vt 0.375000 0.750000
vt 0.865986 0.007444
vt 0.865986 0.000000
vt 0.625000 0.759014
vt 0.625000 0.757048
vt 0.875000 0.250000
vt 0.865986 0.250000
vt 0.625000 0.492952
vt 0.625000 0.490986
vt 0.386341 0.727516
vt 0.617274 0.727516
vt 0.147901 0.055084
vt 0.151064 0.055658
vt 0.614249 0.711541
vt 0.614217 0.718895
vt 0.125000 0.250000
vt 0.376739 0.497143
vt 0.375000 0.500000
vt 0.125000 0.000000
vt 0.375000 0.727516
vt 0.143638 0.015040
vt 0.143638 0.022484
vt 0.141838 0.022484
vt 0.125000 0.207301
vt 0.617274 0.542699
vt 0.617274 0.539157
vt 0.620273 0.542699
vt 0.620273 0.539157
vt 0.620273 0.727516
vt 0.620273 0.720076
vt 0.865986 0.022484
vt 0.865986 0.207301
vt 0.875000 0.207301
vt 0.875000 0.022484
vt 0.625000 0.727516
vt 0.625000 0.542699
vt 0.622143 0.542815
vt 0.622150 0.727425
vt 0.620351 0.751868
vt 0.622004 0.752574
vt 0.622164 0.750000
vt 0.620353 0.749002
vt 0.622160 0.742526
vt 0.618491 0.739868
vt 0.622160 0.507465
vt 0.625000 0.507444
vt 0.625000 0.500000
vt 0.622164 0.500000
vt 0.624101 0.497143
vt 0.621954 0.497367
vt 0.624101 0.752857
vt 0.625000 0.750000
vt 0.875000 0.000000
vt 0.875000 0.007444
vt 0.131236 0.027109
vt 0.125000 0.022484
vt 0.125000 0.015040
vt 0.376739 0.538866
vt 0.386661 0.539157
vt 0.386341 0.542699
vt 0.375000 0.542699
vt 0.386341 0.535253
vt 0.375000 0.535255
vt 0.620273 0.552763
vt 0.620273 0.706465
vt 0.620273 0.713616
vt 0.620273 0.556598
vt 0.621097 0.715065
vt 0.621094 0.555169
vt 0.617294 0.742484
vt 0.619419 0.742484
vt 0.617619 0.734633
vt 0.617504 0.535267
vt 0.619337 0.507316
vt 0.386341 0.507444
vt 0.625000 0.742556
vt 0.875000 0.242556
vt 0.865986 0.242556
vt 0.620785 0.732104
vt 0.615614 0.725751
vt 0.386341 0.742556
vt 0.386341 0.734960
vt 0.375000 0.734960
vt 0.375000 0.742556
vt 0.125000 0.007444
vt 0.125000 0.214745
vt 0.125000 0.242556
vt 0.375000 0.507444
vt 0.620782 0.538124
vt 0.625000 0.492952
vt 0.619765 0.497368
vt 0.386660 0.497360
vt 0.376739 0.497143
vt 0.617274 0.539157
vt 0.620273 0.539157
vt 0.620273 0.720076
vt 0.614249 0.711541
vt 0.151064 0.055658
vt 0.386341 0.500000
vt 0.619759 0.500074
vt 0.617139 0.749016
vt 0.616203 0.751835
vt 0.375000 0.750000
vt 0.386341 0.750000
vt 0.375000 0.750000
vt 0.385164 0.750000
vt 0.865986 0.250000
vt 0.875000 0.250000
vt 0.625000 0.490986
vt 0.617274 0.727516
vt 0.386341 0.727516
vt 0.147901 0.055084
vt 0.614217 0.718895
vt 0.125000 0.250000
vt 0.375000 0.500000
vt 0.125000 0.000000
vt 0.375000 0.727516
vt 0.125000 0.207301
vt 0.617274 0.542699
vt 0.620273 0.542699
vt 0.620273 0.727516
vn 0.923879 0.000000 -0.382684
vn 0.923879 0.000000 -0.382684
vn 0.923879 0.000000 -0.382684
vn 0.923879 0.000000 -0.382684
vn 0.382686 0.000000 -0.923879
vn 0.382686 0.000000 -0.923879
vn 0.382686 0.000000 -0.923879
vn 0.382686 0.000000 -0.923879
vn -0.002855 -0.934133 -0.356914
vn -0.002855 -0.934133 -0.356914
vn -0.002855 -0.934133 -0.356914
vn -0.002855 -0.934133 -0.356914
vn 0.004511 -0.408665 -0.912673
vn 0.004511 -0.408665 -0.912673
vn 0.004511 -0.408665 -0.912673
vn 0.004511 -0.408665 -0.912673
vn 0.353557 0.382666 -0.853560
vn 0.353557 0.382666 -0.853560
vn 0.353557 0.382666 -0.853560
vn 0.353557 0.382666 -0.853560
vn 0.146438 0.923887 -0.353538
vn 0.146439 0.923887 -0.353538
vn 0.146439 0.923887 -0.353538
vn 0.146439 0.923887 -0.353538
vn 0.353560 -0.923877 -0.146445
vn 0.353560 -0.923877 -0.146445
vn 0.353560 -0.923877 -0.146445
vn 0.353560 -0.923877 -0.146445
vn 0.853558 -0.382672 -0.353556
vn 0.853558 -0.382672 -0.353556
vn 0.853558 -0.382672 -0.353556
vn 0.853558 -0.382672 -0.353556
vn -0.923886 -0.382668 0.000000
vn -0.923886 -0.382668 0.000000
vn -0.923886 -0.382668 0.000000
vn -0.923886 -0.382668 0.000000
vn -0.382684 -0.923879 0.000000
vn -0.382684 -0.923879 0.000000
vn -0.382684 -0.923879 0.000000
vn -0.382684 -0.923879 0.000000
vn -0.382655 0.923891 -0.000000
vn -0.382655 0.923891 -0.000000
vn -0.382655 0.923891 -0.000000
vn -0.382655 0.923891 -0.000000
vn -0.923891 0.382656 -0.000000
vn -0.923891 0.382656 -0.000000
vn -0.923891 0.382656 -0.000000
vn -0.923891 0.382656 -0.000000
vn -0.923886 -0.382668 0.000000
vn -0.923886 -0.382668 0.000000
vn -0.923886 -0.382668 0.000000
vn -0.923886 -0.382668 0.000000
vn -0.382684 -0.923880 0.000000
vn -0.382684 -0.923879 0.000000
vn -0.382684 -0.923880 0.000000
vn -0.382684 -0.923880 0.000000
vn -0.353558 0.923878 -0.146446
vn -0.353558 0.923878 -0.146446
vn -0.353558 0.923878 -0.146446
vn -0.353558 0.923878 -0.146446
vn -0.853549 0.382686 -0.353561
vn -0.853549 0.382686 -0.353561
vn -0.853549 0.382686 -0.353561
vn -0.853549 0.382686 -0.353561
vn -0.146453 -0.923873 -0.353568
vn -0.146453 -0.923873 -0.353568
vn -0.146453 -0.923873 -0.353568
vn -0.146453 -0.923873 -0.353568
vn -0.353554 -0.382694 -0.853548
vn -0.353554 -0.382694 -0.853548
vn -0.353554 -0.382694 -0.853548
vn -0.353554 -0.382694 -0.853548
vn -0.923874 0.000000 -0.382696
vn -0.923874 0.000000 -0.382696
vn -0.923874 0.000000 -0.382696
vn -0.923874 0.000000 -0.382696
vn -0.382681 0.000000 -0.923881
vn -0.382681 0.000000 -0.923881
vn -0.382681 0.000000 -0.923881
vn -0.382681 0.000000 -0.923881
vn 0.000000 0.000000 -1.000000
vn 0.000000 0.000000 -1.000000
vn 0.000000 0.000000 -1.000000
vn 0.000000 0.000000 -1.000000
vn 0.000000 0.000000 -1.000000
vn 0.000000 0.000000 -1.000000
vn 0.000000 0.000000 -1.000000
vn 0.923880 0.000000 -0.382683
vn 0.923880 0.000000 -0.382683
vn 0.923880 0.000000 -0.382683
vn 0.923880 0.000000 -0.382683
vn 0.382685 0.000000 -0.923879
vn 0.382685 0.000000 -0.923879
vn 0.382685 0.000000 -0.923879
vn 0.382685 0.000000 -0.923879
vn 0.382685 0.000000 -0.923879
vn 0.382685 0.000000 -0.923879
vn 0.382685 0.000000 -0.923879
vn 0.382685 0.000000 -0.923879
vn 0.923879 0.000000 -0.382684
vn 0.923879 0.000000 -0.382684
vn 0.923879 0.000000 -0.382684
vn 0.923879 0.000000 -0.382684
vn -0.000001 0.000000 -1.000000
vn -0.000001 0.000000 -1.000000
vn -0.000001 0.000000 -1.000000
vn -0.000001 0.000000 -1.000000
vn -0.000003 0.000000 -1.000000
vn -0.000003 0.000000 -1.000000
vn -0.000003 0.000000 -1.000000
vn -0.000003 0.000000 -1.000000
vn -0.382684 0.000000 -0.923879
vn -0.382684 0.000000 -0.923879
vn -0.382684 0.000000 -0.923879
vn -0.382684 0.000000 -0.923879
vn -0.923879 0.000000 -0.382684
vn -0.923879 0.000000 -0.382684
vn -0.923879 0.000000 -0.382684
vn -0.923879 0.000000 -0.382684
vn -0.923879 0.000000 -0.382685
vn -0.923879 0.000000 -0.382685
vn -0.923879 0.000000 -0.382685
vn -0.923879 0.000000 -0.382685
vn -0.382684 0.000000 -0.923880
vn -0.382684 0.000000 -0.923880
vn -0.382684 0.000000 -0.923880
vn -0.382684 0.000000 -0.923880
vn 0.000000 0.000000 -1.000000
vn 0.000000 0.000000 -1.000000
vn 0.000000 0.000000 -1.000000
vn 0.000000 0.000000 -1.000000
vn -0.000001 0.000000 -1.000000
vn -0.000001 0.000000 -1.000000
vn -0.000001 0.000000 -1.000000
vn -0.000001 0.000000 -1.000000
vn 0.000000 0.000000 -1.000000
vn 0.000000 0.000000 -1.000000
vn 0.000000 0.000000 -1.000000
vn 0.000000 0.000000 -1.000000
vn 0.000014 0.927215 -0.374530
vn 0.000014 0.927215 -0.374530
vn 0.000014 0.927215 -0.374530
vn 0.000014 0.927215 -0.374530
vn -0.000017 0.390961 -0.920408
vn -0.000017 0.390961 -0.920407
vn -0.000017 0.390960 -0.920407
vn -0.000017 0.390961 -0.920407
vn -0.000057 -0.437529 -0.899204
vn -0.000057 -0.437529 -0.899205
vn -0.000057 -0.437529 -0.899204
vn -0.000057 -0.437529 -0.899205
vn 0.000058 -0.943034 -0.332696
vn 0.000058 -0.943034 -0.332696
vn 0.000058 -0.943034 -0.332696
vn 0.000058 -0.943034 -0.332696
vn -0.353551 -0.382691 -0.853551
vn -0.353551 -0.382691 -0.853551
vn -0.353551 -0.382691 -0.853551
vn -0.353551 -0.382691 -0.853551
vn -0.146452 -0.923874 -0.353567
vn -0.146452 -0.923873 -0.353567
vn -0.146452 -0.923873 -0.353567
vn -0.146452 -0.923874 -0.353567
vn 0.001255 0.390828 -0.920463
vn 0.001255 0.390828 -0.920463
vn 0.001255 0.390828 -0.920463
vn 0.001255 0.390828 -0.920463
vn -0.001172 0.927209 -0.374542
vn -0.001172 0.927209 -0.374542
vn -0.001172 0.927209 -0.374542
vn -0.001172 0.927209 -0.374542
vn 0.146450 -0.923876 -0.353561
vn 0.146450 -0.923876 -0.353561
vn 0.146450 -0.923876 -0.353561
vn 0.146450 -0.923876 -0.353561
vn 0.353551 -0.382678 -0.853557
vn 0.353551 -0.382678 -0.853557
vn 0.353551 -0.382678 -0.853557
vn 0.353551 -0.382678 -0.853557
vn 0.923877 -0.382691 0.000000
vn 0.923877 -0.382691 0.000000
vn 0.923877 -0.382691 0.000000
vn 0.923876 -0.382691 0.000000
vn 0.382699 -0.923873 0.000000
vn 0.382699 -0.923873 0.000000
vn 0.382699 -0.923873 0.000000
vn 0.382699 -0.923873 0.000000
vn 0.853565 0.382661 -0.353551
vn 0.853565 0.382661 -0.353551
vn 0.853564 0.382661 -0.353551
vn 0.853564 0.382661 -0.353551
vn 0.353531 0.923890 -0.146437
vn 0.353531 0.923890 -0.146437
vn 0.353531 0.923890 -0.146437
vn 0.353531 0.923890 -0.146437
vn 0.000000 0.382686 -0.923878
vn 0.000000 0.382687 -0.923878
vn 0.000000 0.382687 -0.923878
vn 0.000000 0.382686 -0.923878
vn 0.000000 0.923874 -0.382697
vn 0.000000 0.923874 -0.382697
vn 0.000000 0.923874 -0.382697
vn 0.000000 0.923874 -0.382697
vn -0.853556 0.382676 -0.353556
vn -0.853556 0.382676 -0.353556
vn -0.853556 0.382675 -0.353556
vn -0.853556 0.382676 -0.353556
vn -0.353534 0.923887 -0.146444
vn -0.353534 0.923887 -0.146444
vn -0.353534 0.923887 -0.146444
vn -0.353534 0.923887 -0.146444
vn -0.353557 -0.923877 -0.146452
vn -0.353557 -0.923877 -0.146452
vn -0.353557 -0.923877 -0.146452
vn -0.353557 -0.923877 -0.146452
vn -0.853550 -0.382687 -0.353556
vn -0.853551 -0.382687 -0.353556
vn -0.853551 -0.382687 -0.353556
vn -0.853550 -0.382687 -0.353556
vn -0.146453 0.923873 -0.353568
vn -0.146453 0.923873 -0.353568
vn -0.146453 0.923873 -0.353568
vn -0.146453 0.923873 -0.353568
vn -0.353554 0.382694 -0.853548
vn -0.353554 0.382694 -0.853548
vn -0.353554 0.382694 -0.853548
vn -0.353554 0.382694 -0.853548
vn -0.923886 0.382668 -0.000000
vn -0.923886 0.382668 -0.000000
vn -0.923886 0.382668 -0.000000
vn -0.923886 0.382668 -0.000000
vn -0.382684 0.923879 -0.000000
vn -0.382684 0.923880 -0.000000
vn -0.382684 0.923880 -0.000000
vn -0.382684 0.923879 -0.000000
vn -0.146441 0.923882 -0.353548
vn -0.146441 0.923882 -0.353548
vn -0.146441 0.923882 -0.353548
vn -0.146441 0.923882 -0.353548
vn -0.353559 0.382685 -0.853550
vn -0.353559 0.382685 -0.853550
vn -0.353559 0.382685 -0.853550
vn -0.353559 0.382685 -0.853550
vn -0.353558 -0.923878 -0.146446
vn -0.353558 -0.923878 -0.146446
vn -0.353558 -0.923878 -0.146446
vn -0.353558 -0.923878 -0.146446
vn -0.853552 -0.382688 -0.353552
vn -0.853552 -0.382688 -0.353552
vn -0.853552 -0.382688 -0.353552
vn -0.853552 -0.382688 -0.353552
vn 0.000000 -0.923874 -0.382697
vn 0.000000 -0.923874 -0.382697
vn 0.000000 -0.923874 -0.382697
vn 0.000000 -0.923874 -0.382697
vn 0.000000 -0.382683 -0.923880
vn 0.000000 -0.382683 -0.923880
vn 0.000000 -0.382683 -0.923880
vn 0.000000 -0.382683 -0.923880
vn -0.353568 -0.853546 -0.382685
vn -0.353568 -0.853546 -0.382685
vn -0.353568 -0.853547 -0.382685
vn -0.353568 -0.853547 -0.382685
vn -0.146448 -0.353544 -0.923883
vn -0.146448 -0.353544 -0.923883
vn -0.146448 -0.353544 -0.923883
vn -0.146448 -0.353544 -0.923883
vn -0.853545 0.353570 -0.382687
vn -0.853545 0.353570 -0.382687
vn -0.853545 0.353570 -0.382687
vn -0.853545 0.353570 -0.382687
vn -0.353550 0.146451 -0.923880
vn -0.353550 0.146451 -0.923880
vn -0.353550 0.146451 -0.923880
vn -0.353550 0.146451 -0.923880
vn -0.353547 -0.146450 -0.923882
vn -0.353547 -0.146450 -0.923882
vn -0.353547 -0.146450 -0.923882
vn -0.353547 -0.146450 -0.923882
vn -0.853546 -0.353571 -0.382683
vn -0.853546 -0.353571 -0.382683
vn -0.853546 -0.353571 -0.382683
vn -0.853546 -0.353571 -0.382683
vn -0.146448 0.353549 -0.923881
vn -0.146448 0.353549 -0.923881
vn -0.146448 0.353549 -0.923881
vn -0.146448 0.353549 -0.923881
vn -0.353566 0.853540 -0.382701
vn -0.353566 0.853540 -0.382701
vn -0.353566 0.853540 -0.382701
vn -0.353566 0.853540 -0.382701
vn 0.000035 -0.933971 -0.357349
vn 0.000035 -0.933971 -0.357349
vn 0.000035 -0.933971 -0.357349
vn 0.000035 -0.933971 -0.357349
vn -0.000065 -0.409312 -0.912394
vn -0.000065 -0.409312 -0.912394
vn -0.000065 -0.409312 -0.912394
vn -0.000065 -0.409312 -0.912394
vn 0.000000 0.000000 -1.000000
vn 0.000000 0.000000 -1.000000
vn 0.000000 0.000000 -1.000000
vn 0.000000 0.000000 -1.000000
vn 0.923880 0.000000 0.382684
vn 0.923880 0.000000 0.382684
vn 0.923880 0.000000 0.382684
vn 0.923880 0.000000 0.382684
vn 0.382684 0.000000 0.923879
vn 0.382684 0.000000 0.923879
vn 0.382684 0.000000 0.923879
vn 0.382684 0.000000 0.923879
vn 1.000000 0.000000 0.000000
vn 1.000000 0.000000 0.000000
vn 1.000000 0.000000 0.000000
vn 1.000000 0.000000 0.000000
vn -0.002854 -0.934129 0.356925
vn -0.002854 -0.934129 0.356925
vn -0.002854 -0.934129 0.356925
vn -0.002854 -0.934129 0.356925
vn 0.004511 -0.408660 0.912675
vn 0.004511 -0.408660 0.912675
vn 0.004511 -0.408660 0.912675
vn 0.004511 -0.408660 0.912675
vn 0.353557 0.382668 0.853559
vn 0.353557 0.382668 0.853559
vn 0.353557 0.382668 0.853559
vn 0.353557 0.382668 0.853559
vn 0.146438 0.923887 0.353538
vn 0.146438 0.923887 0.353538
vn 0.146438 0.923887 0.353538
vn 0.146438 0.923887 0.353538
vn 0.353562 -0.923875 0.146453
vn 0.353562 -0.923875 0.146453
vn 0.353562 -0.923875 0.146453
vn 0.353562 -0.923875 0.146453
vn 0.853557 -0.382676 0.353552
vn 0.853557 -0.382676 0.353552
vn 0.853557 -0.382676 0.353552
vn 0.853557 -0.382676 0.353552
vn -0.353563 0.923875 0.146453
vn -0.353563 0.923875 0.146453
vn -0.353563 0.923875 0.146453
vn -0.353563 0.923875 0.146453
vn -0.853552 0.382686 0.353554
vn -0.853552 0.382686 0.353554
vn -0.853552 0.382686 0.353554
vn -0.853552 0.382686 0.353554
vn -0.146451 -0.923869 0.353578
vn -0.146451 -0.923869 0.353578
vn -0.146451 -0.923869 0.353578
vn -0.146451 -0.923869 0.353578
vn -0.353552 -0.382695 0.853549
vn -0.353552 -0.382695 0.853549
vn -0.353552 -0.382695 0.853549
vn -0.353552 -0.382695 0.853549
vn -0.923876 0.000000 0.382692
vn -0.923876 0.000000 0.382692
vn -0.923876 0.000000 0.382692
vn -0.923876 0.000000 0.382692
vn -0.382686 0.000000 0.923878
vn -0.382686 0.000000 0.923878
vn -0.382686 0.000000 0.923878
vn -0.382686 0.000000 0.923878
vn 0.000000 0.000000 1.000000
vn 0.000000 0.000000 1.000000
vn 0.000000 0.000000 1.000000
vn 0.000000 0.000000 1.000000
vn 0.000000 0.000000 1.000000
vn 0.000000 0.000000 1.000000
vn 0.000000 0.000000 1.000000
vn 0.923879 0.000000 0.382685
vn 0.923879 0.000000 0.382685
vn 0.923879 0.000000 0.382685
vn 0.923879 0.000000 0.382685
vn 0.382685 0.000000 0.923879
vn 0.382685 0.000000 0.923879
vn 0.382685 0.000000 0.923879
vn 0.382685 0.000000 0.923879
vn 0.382685 0.000000 0.923879
vn 0.382685 0.000000 0.923879
vn 0.382685 0.000000 0.923879
vn 0.382685 0.000000 0.923879
vn 0.923879 0.000000 0.382684
vn 0.923879 0.000000 0.382684
vn 0.923879 0.000000 0.382684
vn 0.923879 0.000000 0.382684
vn 0.000000 0.000000 1.000000
vn 0.000000 0.000000 1.000000
vn 0.000000 0.000000 1.000000
vn 0.000000 0.000000 1.000000
vn 0.000001 0.000000 1.000000
vn 0.000001 0.000000 1.000000
vn 0.000001 0.000000 1.000000
vn 0.000001 0.000000 1.000000
vn -0.382683 0.000000 0.923880
vn -0.382683 0.000000 0.923880
vn -0.382683 0.000000 0.923880
vn -0.382683 0.000000 0.923880
vn -0.923878 0.000000 0.382687
vn -0.923878 0.000000 0.382687
vn -0.923878 0.000000 0.382687
vn -0.923878 0.000000 0.382687
vn -0.923879 0.000000 0.382685
vn -0.923879 0.000000 0.382685
vn -0.923879 0.000000 0.382685
vn -0.923879 0.000000 0.382685
vn -0.382682 0.000000 0.923880
vn -0.382682 0.000000 0.923880
vn -0.382682 0.000000 0.923880
vn -0.382682 0.000000 0.923880
vn 0.000000 0.000000 1.000000
vn 0.000000 0.000000 1.000000
vn 0.000000 0.000000 1.000000
vn 0.000000 0.000000 1.000000
vn 0.000000 0.000000 1.000000
vn 0.000000 0.000000 1.000000
vn 0.000000 0.000000 1.000000
vn 0.000000 0.000000 1.000000
vn 0.000000 1.000000 -0.000000
vn 0.000000 1.000000 -0.000000
vn 0.000000 1.000000 -0.000000
vn 0.000000 1.000000 -0.000000
vn 0.000000 1.000000 -0.000000
vn 0.000000 1.000000 -0.000000
vn 0.000000 1.000000 -0.000000
vn 0.000000 1.000000 -0.000000
vn 0.000000 1.000000 -0.000000
vn 0.000000 1.000000 -0.000000
vn 0.000000 1.000000 -0.000000
vn 0.000000 1.000000 -0.000000
vn 0.000000 1.000000 -0.000000
vn 0.000000 1.000000 -0.000000
vn 0.000000 1.000000 -0.000000
vn 0.000000 1.000000 -0.000000
vn 0.000000 1.000000 -0.000000
vn 0.000000 1.000000 -0.000000
vn 0.000000 1.000000 -0.000000
vn 0.000000 1.000000 -0.000000
vn 0.000000 1.000000 -0.000000
vn 0.000000 1.000000 -0.000000
vn 0.000000 1.000000 -0.000000
vn 0.000000 1.000000 -0.000000
vn -1.000000 0.000000 0.000000
vn -1.000000 0.000000 0.000000
vn -1.000000 0.000000 0.000000
vn -1.000000 0.000000 0.000000
vn 0.000000 -1.000000 0.000000
vn 0.000000 -1.000000 0.000000
vn 0.000000 -1.000000 0.000000
vn 0.000000 -1.000000 0.000000
vn 0.000000 -1.000000 0.000000
vn 0.000000 -1.000000 0.000000
vn 0.000000 -1.000000 0.000000
vn 0.000000 -1.000000 0.000000
vn 0.000000 -1.000000 0.000000
vn 0.000000 -1.000000 0.000000
vn 0.000000 -1.000000 0.000000
vn 0.000000 -1.000000 0.000000
vn -0.382698 -0.923874 0.000000
vn -0.382698 -0.923874 0.000000
vn -0.382698 -0.923874 0.000000
vn -0.382698 -0.923874 0.000000
vn -0.923873 -0.382700 0.000000
vn -0.923873 -0.382700 0.000000
vn -0.923873 -0.382700 0.000000
vn -0.923873 -0.382700 0.000000
vn -1.000000 0.000000 0.000000
vn -1.000000 0.000000 0.000000
vn -1.000000 0.000000 0.000000
vn -1.000000 0.000000 0.000000
vn -0.923873 0.382700 -0.000000
vn -0.923873 0.382700 -0.000000
vn -0.923873 0.382700 -0.000000
vn -0.923873 0.382700 -0.000000
vn -0.382698 0.923874 -0.000000
vn -0.382698 0.923874 -0.000000
vn -0.382698 0.923874 -0.000000
vn -0.382698 0.923874 -0.000000
vn 0.000000 1.000000 -0.000000
vn 0.000000 1.000000 -0.000000
vn 0.000000 1.000000 -0.000000
vn 0.000000 1.000000 -0.000000
vn 0.000000 1.000000 -0.000000
vn 0.000000 1.000000 -0.000000
vn 0.000000 1.000000 -0.000000
vn 0.000000 1.000000 -0.000000
vn 0.000000 1.000000 -0.000000
vn 0.000000 1.000000 -0.000000
vn 0.000000 1.000000 -0.000000
vn 0.000000 1.000000 -0.000000
vn -1.000000 0.000000 0.000000
vn -1.000000 0.000000 0.000000
vn -1.000000 0.000000 0.000000
vn -1.000000 0.000000 0.000000
vn 1.000000 0.000000 0.000000
vn 1.000000 0.000000 0.000000
vn 1.000000 0.000000 0.000000
vn 1.000000 0.000000 0.000000
vn 1.000000 0.000000 0.000000
vn 1.000000 0.000000 0.000000
vn 1.000000 0.000000 0.000000
vn 1.000000 0.000000 0.000000
vn 0.000000 0.000000 1.000000
vn 0.000000 0.000000 1.000000
vn 0.000000 0.000000 1.000000
vn 0.000000 0.000000 1.000000
vn 0.000014 0.927220 0.374518
vn 0.000014 0.927220 0.374518
vn 0.000014 0.927220 0.374518
vn 0.000014 0.927220 0.374518
vn -0.000017 0.390961 0.920407
vn -0.000017 0.390961 0.920407
vn -0.000017 0.390961 0.920407
vn -0.000017 0.390961 0.920407
vn -0.000059 -0.437525 0.899206
vn -0.000059 -0.437525 0.899206
vn -0.000059 -0.437525 0.899206
vn -0.000059 -0.437525 0.899206
vn 0.000058 -0.943035 0.332693
vn 0.000058 -0.943035 0.332693
vn 0.000058 -0.943035 0.332693
vn 0.000058 -0.943035 0.332693
vn -0.353551 -0.382693 0.853550
vn -0.353551 -0.382693 0.853550
vn -0.353551 -0.382693 0.853550
vn -0.353551 -0.382693 0.853550
vn -0.146452 -0.923874 0.353567
vn -0.146452 -0.923874 0.353567
vn -0.146452 -0.923874 0.353567
vn -0.146452 -0.923874 0.353567
vn 0.001256 0.390828 0.920463
vn 0.001256 0.390828 0.920463
vn 0.001256 0.390828 0.920463
vn 0.001256 0.390828 0.920463
vn -0.001171 0.927204 0.374554
vn -0.001171 0.927204 0.374554
vn -0.001171 0.927204 0.374554
vn -0.001171 0.927204 0.374554
vn 0.146449 -0.923876 0.353562
vn 0.146449 -0.923876 0.353562
vn 0.146449 -0.923876 0.353562
vn 0.146449 -0.923876 0.353562
vn 0.353555 -0.382684 0.853552
vn 0.353555 -0.382684 0.853552
vn 0.353555 -0.382684 0.853553
vn 0.353555 -0.382684 0.853552
vn 0.853562 0.382664 0.353552
vn 0.853563 0.382664 0.353552
vn 0.853562 0.382664 0.353552
vn 0.853563 0.382664 0.353552
vn 0.353536 0.923887 0.146442
vn 0.353535 0.923887 0.146442
vn 0.353536 0.923887 0.146442
vn 0.353535 0.923887 0.146442
vn 0.382672 0.923884 -0.000000
vn 0.382672 0.923884 -0.000000
vn 0.382672 0.923884 -0.000000
vn 0.382672 0.923884 -0.000000
vn 0.923879 0.382684 -0.000000
vn 0.923879 0.382684 -0.000000
vn 0.923880 0.382684 -0.000000
vn 0.923880 0.382684 -0.000000
vn 0.000000 0.382683 0.923880
vn 0.000000 0.382683 0.923880
vn 0.000000 0.382683 0.923880
vn 0.000000 0.382683 0.923880
vn 0.000000 0.923877 0.382689
vn 0.000000 0.923877 0.382689
vn 0.000000 0.923877 0.382689
vn 0.000000 0.923877 0.382689
vn -0.853555 0.382676 0.353557
vn -0.853555 0.382676 0.353557
vn -0.853555 0.382676 0.353557
vn -0.853555 0.382676 0.353557
vn -0.353532 0.923887 0.146449
vn -0.353532 0.923887 0.146449
vn -0.353532 0.923887 0.146449
vn -0.353532 0.923887 0.146449
vn -0.353563 -0.923875 0.146454
vn -0.353563 -0.923875 0.146454
vn -0.353563 -0.923875 0.146454
vn -0.353563 -0.923875 0.146454
vn -0.853551 -0.382688 0.353555
vn -0.853551 -0.382688 0.353555
vn -0.853551 -0.382688 0.353555
vn -0.853551 -0.382688 0.353555
vn -0.146452 0.923874 0.353567
vn -0.146452 0.923874 0.353567
vn -0.146452 0.923874 0.353567
vn -0.146452 0.923874 0.353567
vn -0.353552 0.382695 0.853549
vn -0.353553 0.382695 0.853549
vn -0.353552 0.382695 0.853549
vn -0.353552 0.382695 0.853549
vn -0.146441 0.923890 0.353527
vn -0.146441 0.923890 0.353527
vn -0.146441 0.923890 0.353527
vn -0.146441 0.923890 0.353527
vn -0.353556 0.382684 0.853552
vn -0.353556 0.382684 0.853552
vn -0.353556 0.382684 0.853552
vn -0.353556 0.382684 0.853552
vn -0.353563 -0.923875 0.146452
vn -0.353563 -0.923875 0.146452
vn -0.353563 -0.923875 0.146452
vn -0.353563 -0.923875 0.146452
vn -0.853550 -0.382687 0.353557
vn -0.853550 -0.382687 0.353557
vn -0.853550 -0.382687 0.353557
vn -0.853550 -0.382687 0.353557
vn 0.000000 -0.923875 0.382694
vn 0.000000 -0.923875 0.382694
vn 0.000000 -0.923875 0.382694
vn 0.000000 -0.923875 0.382694
vn 0.000000 -0.382685 0.923879
vn 0.000000 -0.382685 0.923879
vn 0.000000 -0.382685 0.923879
vn 0.000000 -0.382685 0.923879
vn -0.353568 -0.853546 0.382686
vn -0.353568 -0.853546 0.382686
vn -0.353568 -0.853546 0.382686
vn -0.353568 -0.853546 0.382686
vn -0.146450 -0.353550 0.923880
vn -0.146450 -0.353550 0.923880
vn -0.146450 -0.353550 0.923880
vn -0.146450 -0.353550 0.923880
vn -0.853546 0.353571 0.382684
vn -0.853546 0.353571 0.382684
vn -0.853546 0.353571 0.382684
vn -0.853546 0.353571 0.382684
vn -0.353551 0.146451 0.923880
vn -0.353551 0.146451 0.923880
vn -0.353551 0.146451 0.923880
vn -0.353551 0.146451 0.923880
vn -0.353553 -0.146452 0.923879
vn -0.353553 -0.146452 0.923879
vn -0.353553 -0.146452 0.923879
vn -0.353553 -0.146452 0.923879
vn -0.853547 -0.353571 0.382682
vn -0.853547 -0.353571 0.382682
vn -0.853547 -0.353571 0.382682
vn -0.853547 -0.353571 0.382682
vn -0.146449 0.353551 0.923880
vn -0.146449 0.353551 0.923880
vn -0.146449 0.353551 0.923880
vn -0.146449 0.353551 0.923880
vn -0.353567 0.853543 0.382695
vn -0.353567 0.853543 0.382695
vn -0.353567 0.853543 0.382695
vn -0.353567 0.853543 0.382695
vn 0.000035 -0.933971 0.357350
vn 0.000035 -0.933971 0.357350
vn 0.000035 -0.933971 0.357350
vn 0.000035 -0.933971 0.357350
vn -0.000065 -0.409309 0.912396
vn -0.000065 -0.409309 0.912396
vn -0.000065 -0.409309 0.912396
vn -0.000065 -0.409309 0.912396
vn 0.000000 0.000000 1.000000
vn 0.000000 0.000000 1.000000
vn 0.000000 0.000000 1.000000
vn 0.000000 0.000000 1.000000
s off
g S_U_08 Unit_Base_20:Unit_Base_20
usemtl Unit_Base_20:aiStandardSurface1SG
f 225/283/805 226/284/806 229/285/807 230/286/808
f 226/287/809 227/288/810 228/289/811 229/290/812
f 239/291/813 238/292/814 244/293/815 243/294/816
f 238/292/817 237/295/818 245/296/819 244/293/820
f 248/297/821 247/298/822 256/299/823 255/300/824
f 247/298/825 246/301/826 257/302/827 256/299/828
f 251/303/829 250/304/830 253/305/831 252/306/832
f 250/307/833 249/308/834 254/309/835 253/310/836
f 263/311/837 262/312/838 349/313/839 350/314/840
f 262/315/841 261/316/842 348/317/843 349/318/844
f 272/319/845 271/320/846 358/321/847 359/322/848
f 271/323/849 270/324/850 357/325/851 358/326/852
f 275/327/853 274/328/854 361/329/855 362/330/856
f 274/331/857 273/332/858 360/333/859 361/334/860
f 281/335/861 280/336/862 283/337/863 282/338/864
f 280/336/865 279/339/866 284/340/867 283/337/868
f 290/341/869 289/342/870 292/343/871 291/344/872
f 289/342/873 288/345/874 293/346/875 292/343/876
f 299/347/877 298/348/878 301/349/879 300/350/880
f 298/348/881 297/351/882 302/352/883 301/349/884
f 311/353/885 267/354/886 237/355/887
f 293/346/888 234/356/889 231/357/890 296/358/891
f 254/309/892 249/308/893 226/284/894 225/283/895
f 249/359/896 245/296/897 227/288/898 226/287/899
f 248/297/900 255/300/901 229/290/902 228/289/903
f 255/360/904 258/361/905 230/286/906 229/285/907
f 308/362/908 245/296/909 237/295/910 267/363/911
f 227/288/912 302/352/913 297/351/914 228/289/915
f 240/364/916 276/365/917 279/366/918 264/367/919
f 276/368/920 263/311/921 284/340/922 279/339/923
f 270/324/924 285/369/925 288/370/926 275/327/927
f 285/371/928 234/356/929 293/346/930 288/345/931
f 228/289/932 297/351/933 305/372/934 248/297/935
f 231/357/936 248/297/937 305/372/938 296/358/939
f 227/288/940 245/296/941 308/362/942 302/352/943
f 233/373/944 232/374/945 235/375/946 236/376/947
f 232/374/948 231/357/949 234/356/950 235/375/951
f 237/355/952 238/292/953 310/377/954 311/353/955
f 238/292/956 239/291/957 309/378/958 310/377/959
f 240/364/960 241/379/961 277/380/962 276/365/963
f 241/379/964 242/381/965 278/382/966 277/380/967
f 231/357/968 232/374/969 247/298/970 248/297/971
f 232/374/972 233/373/973 246/301/974 247/298/975
f 243/294/976 244/293/977 250/304/978 251/303/979
f 244/293/980 245/296/981 249/359/982 250/304/983
f 253/310/984 254/309/985 341/383/986 340/384/987
f 252/306/988 253/305/989 340/385/990 339/386/991
f 255/360/992 256/387/993 259/388/994 258/361/995
f 256/299/996 257/302/997 260/389/998 259/390/999
f 264/367/1000 265/391/1001 268/392/1002 267/354/1003
f 265/393/1004 266/394/1005 269/395/1006 268/396/1007
f 270/324/1008 271/323/1009 286/397/1010 285/369/1011
f 271/320/1012 272/319/1013 287/398/1014 286/399/1015
f 261/316/1016 262/315/1017 277/380/1018 278/382/1019
f 262/312/1020 263/311/1021 276/368/1022 277/400/1023
f 266/394/1024 265/393/1025 280/336/1026 281/335/1027
f 265/391/1028 264/367/1029 279/366/1030 280/401/1031
f 283/337/1032 284/340/1033 371/402/1034 370/403/1035
f 282/338/1036 283/337/1037 370/403/1038 369/404/1039
f 236/376/1040 235/375/1041 286/399/1042 287/398/1043
f 235/375/1044 234/356/1045 285/371/1046 286/399/1047
f 273/332/1048 274/331/1049 289/342/1050 290/341/1051
f 274/328/1052 275/327/1053 288/370/1054 289/405/1055
f 291/344/1056 292/343/1057 295/406/1058 294/407/1059
f 292/343/1060 293/346/1061 296/358/1062 295/406/1063
f 294/407/1064 295/406/1065 304/408/1066 303/409/1067
f 295/406/1068 296/358/1069 305/372/1070 304/408/1071
f 300/350/1072 301/349/1073 307/410/1074 306/411/1075
f 301/349/1076 302/352/1077 308/362/1078 307/410/1079
f 297/351/1080 298/348/1081 304/408/1082 305/372/1083
f 298/348/1084 299/347/1085 303/409/1086 304/408/1087
f 267/363/1088 268/396/1089 307/410/1090 308/362/1091
f 268/396/1092 269/395/1093 306/411/1094 307/410/1095
f 310/377/1096 309/378/1097 242/381/1098 241/379/1099
f 311/353/1100 310/377/1101 241/379/1102 240/364/1103
f 240/364/1104 264/367/1105 267/354/1106 311/353/1107
f 312/412/1108 317/413/1109 316/414/1110 313/415/1111
f 313/416/1112 316/417/1113 315/418/1114 314/419/1115
f 230/286/1116 317/413/1117 312/412/1118 225/283/1119
f 326/420/1120 330/421/1121 331/422/1122 325/423/1123
f 325/423/1124 331/422/1125 332/424/1126 324/425/1127
f 335/426/1128 342/427/1129 343/428/1130 334/429/1131
f 334/429/1132 343/428/1133 344/430/1134 333/431/1135
f 338/432/1136 339/386/1137 340/385/1138 337/433/1139
f 337/434/1140 340/384/1141 341/383/1142 336/435/1143
f 368/436/1144 369/404/1145 370/403/1146 367/437/1147
f 367/437/1148 370/403/1149 371/402/1150 366/438/1151
f 377/439/1152 378/440/1153 379/441/1154 376/442/1155
f 376/442/1156 379/441/1157 380/443/1158 375/444/1159
f 386/445/1160 387/446/1161 388/447/1162 385/448/1163
f 385/448/1164 388/447/1165 389/449/1166 384/450/1167
f 398/451/1168 324/452/1169 354/453/1170
f 380/443/1171 383/454/1172 318/455/1173 321/456/1174
f 341/383/1175 312/412/1176 313/415/1177 336/435/1178
f 336/457/1179 313/416/1180 314/419/1181 332/424/1182
f 335/426/1183 315/418/1184 316/417/1185 342/427/1186
f 342/458/1187 316/414/1188 317/413/1189 345/459/1190
f 395/460/1191 354/461/1192 324/425/1193 332/424/1194
f 314/419/1195 315/418/1196 384/450/1197 389/449/1198
f 327/462/1199 351/463/1200 366/464/1201 363/465/1202
f 363/466/1203 366/438/1204 371/402/1205 350/314/1206
f 357/325/1207 362/330/1208 375/467/1209 372/468/1210
f 372/469/1211 375/444/1212 380/443/1213 321/456/1214
f 315/418/1215 335/426/1216 392/470/1217 384/450/1218
f 318/455/1219 383/454/1220 392/470/1221 335/426/1222
f 257/302/1223 344/430/1224 347/471/1225 260/389/1226
f 246/301/1227 333/431/1228 344/430/1229 257/302/1230
f 233/373/1231 320/472/1232 333/431/1233 246/301/1234
f 236/376/1235 323/473/1236 320/472/1237 233/373/1238
f 287/398/1239 374/474/1240 323/473/1241 236/376/1242
f 272/319/1243 359/322/1244 374/474/1245 287/398/1246
f 275/327/1247 362/330/1248 357/325/1249 270/324/1250
f 290/341/1251 377/439/1252 360/333/1253 273/332/1254
f 291/344/1255 378/440/1256 377/439/1257 290/341/1258
f 294/407/1259 381/475/1260 378/440/1261 291/344/1262
f 303/409/1263 390/476/1264 381/475/1265 294/407/1266
f 299/347/1267 386/445/1268 390/476/1269 303/409/1270
f 300/350/1271 387/446/1272 386/445/1273 299/347/1274
f 306/411/1275 393/477/1276 387/446/1277 300/350/1278
f 269/395/1279 356/478/1280 393/477/1281 306/411/1282
f 266/394/1283 353/479/1284 356/478/1285 269/395/1286
f 281/335/1287 368/436/1288 353/479/1289 266/394/1290
f 282/338/1291 369/404/1292 368/436/1293 281/335/1294
f 263/311/1295 350/314/1296 371/402/1297 284/340/1298
f 225/283/1299 312/412/1300 341/383/1301 254/309/1302
f 258/361/1303 345/459/1304 317/413/1305 230/286/1306
f 314/419/1307 389/449/1308 395/460/1309 332/424/1310
f 320/472/1311 323/473/1312 322/480/1313 319/481/1314
f 319/481/1315 322/480/1316 321/456/1317 318/455/1318
f 324/452/1319 398/451/1320 397/482/1321 325/423/1322
f 325/423/1323 397/482/1324 396/483/1325 326/420/1326
f 327/462/1327 363/465/1328 364/484/1329 328/485/1330
f 328/485/1331 364/484/1332 365/486/1333 329/487/1334
f 318/455/1335 335/426/1336 334/429/1337 319/481/1338
f 319/481/1339 334/429/1340 333/431/1341 320/472/1342
f 330/421/1343 338/432/1344 337/433/1345 331/422/1346
f 331/422/1347 337/433/1348 336/457/1349 332/424/1350
f 342/458/1351 345/459/1352 346/488/1353 343/489/1354
f 343/428/1355 346/490/1356 347/471/1357 344/430/1358
f 260/389/1359 347/471/1360 346/490/1361 259/390/1362
f 259/388/1363 346/488/1364 345/459/1365 258/361/1366
f 351/463/1367 354/453/1368 355/491/1369 352/492/1370
f 352/493/1371 355/494/1372 356/478/1373 353/479/1374
f 357/325/1375 372/468/1376 373/495/1377 358/326/1378
f 358/321/1379 373/496/1380 374/474/1381 359/322/1382
f 348/317/1383 365/486/1384 364/484/1385 349/318/1386
f 349/313/1387 364/497/1388 363/466/1389 350/314/1390
f 353/479/1391 368/436/1392 367/437/1393 352/493/1394
f 352/492/1395 367/498/1396 366/464/1397 351/463/1398
f 323/473/1399 374/474/1400 373/496/1401 322/480/1402
f 322/480/1403 373/496/1404 372/469/1405 321/456/1406
f 360/333/1407 377/439/1408 376/442/1409 361/334/1410
f 361/329/1411 376/499/1412 375/467/1413 362/330/1414
f 378/440/1415 381/475/1416 382/500/1417 379/441/1418
f 379/441/1419 382/500/1420 383/454/1421 380/443/1422
f 381/475/1423 390/476/1424 391/501/1425 382/500/1426
f 382/500/1427 391/501/1428 392/470/1429 383/454/1430
f 387/446/1431 393/477/1432 394/502/1433 388/447/1434
f 388/447/1435 394/502/1436 395/460/1437 389/449/1438
f 384/450/1439 392/470/1440 391/501/1441 385/448/1442
f 385/448/1443 391/501/1444 390/476/1445 386/445/1446
f 354/461/1447 395/460/1448 394/502/1449 355/494/1450
f 355/494/1451 394/502/1452 393/477/1453 356/478/1454
f 397/482/1455 328/485/1456 329/487/1457 396/483/1458
f 398/451/1459 327/462/1460 328/485/1461 397/482/1462
f 327/462/1463 398/451/1464 354/453/1465 351/463/1466
g default
v -446.157196 249.588501 159.425659
v -443.944550 248.282959 159.425659
v -443.944550 249.588501 161.574677
v -443.944550 252.740356 162.464783
v -446.157196 252.740356 161.574677
v -447.073700 252.740356 159.425659
v 446.157196 249.588501 159.425659
v 447.073700 252.740356 159.425659
v 446.157196 252.740356 161.574677
v 443.944550 252.740356 162.464783
v 443.944550 249.588501 161.574677
v 443.944550 248.282959 159.425659
v -446.157196 264.808899 159.425659
v -447.073700 261.657043 159.425659
v -446.157196 261.657043 161.574677
v -443.944550 261.657043 162.464783
v -443.944550 264.808899 161.574677
v -443.944550 266.114441 159.425659
v 446.157196 264.808899 159.425659
v 443.944550 266.114441 159.425659
v 443.944550 264.808899 161.574677
v 443.944550 261.657043 162.464783
v 446.157196 261.657043 161.574677
v 447.073700 261.657043 159.425659
v -446.157196 261.656982 -161.574646
v -447.073700 261.656982 -159.425659
v -446.157196 264.808838 -159.425659
v -443.944550 266.114380 -159.425659
v -443.944550 264.808838 -161.574646
v -443.944550 261.656982 -162.464783
v 446.157196 261.656982 -161.574646
v 443.944550 261.656982 -162.464783
v 443.944550 264.808838 -161.574646
v 443.944550 266.114380 -159.425659
v 446.157196 264.808838 -159.425659
v 447.073700 261.656982 -159.425659
v -446.157196 249.588409 -159.425659
v -447.073700 252.740265 -159.425659
v -446.157196 252.740265 -161.574646
v -443.944550 252.740265 -162.464783
v -443.944550 249.588409 -161.574646
v -443.944550 248.282867 -159.425659
v 446.157196 249.588409 -159.425659
v 443.944550 248.282867 -159.425659
v 443.944550 249.588409 -161.574646
v 443.944550 252.740265 -162.464783
v 446.157196 252.740265 -161.574646
v 447.073700 252.740265 -159.425659
v -445.750519 250.167786 161.179688
v 445.750519 250.167786 161.179688
v -445.750519 264.229614 161.179688
v 445.750519 264.229614 161.179688
v -445.750519 264.229523 -161.179688
v 445.750519 264.229523 -161.179688
v -445.750519 250.167694 -161.179688
v 445.750519 250.167694 -161.179688
vt 0.376092 0.998148
vt 0.376092 0.982201
vt 0.376092 0.767799
vt 0.376092 0.751852
vt 0.367203 0.000000
vt 0.373148 0.062494
vt 0.126852 0.062494
vt 0.132797 0.000000
vt 0.376092 0.062494
vt 0.382714 0.000000
vt 0.617286 0.000000
vt 0.623908 0.062494
vt 0.392075 0.998148
vt 0.623908 0.998148
vt 0.607925 0.998148
vt 0.374604 0.061921
vt 0.374879 0.187511
vt 0.373148 0.187506
vt 0.376092 0.187506
vt 0.626852 0.062494
vt 0.632797 0.000000
vt 0.867203 0.000000
vt 0.873148 0.062494
vt 0.623908 0.982201
vt 0.623908 0.751852
vt 0.623908 0.767799
vt 0.625121 0.062489
vt 0.625099 0.188056
vt 0.623908 0.187506
vt 0.626852 0.187506
vt 0.367202 0.250000
vt 0.132798 0.250000
vt 0.126852 0.187506
vt 0.376092 0.267799
vt 0.376092 0.251852
vt 0.376092 0.498148
vt 0.376092 0.482201
vt 0.375336 0.250569
vt 0.624664 0.250569
vt 0.623908 0.251852
vt 0.623908 0.267799
vt 0.623908 0.482201
vt 0.623908 0.498148
vt 0.632798 0.250000
vt 0.873148 0.187506
vt 0.867202 0.250000
vt 0.125000 0.204262
vt 0.125000 0.045738
vt 0.375000 0.545738
vt 0.376092 0.562494
vt 0.376092 0.687506
vt 0.375000 0.704262
vt 0.375336 0.499431
vt 0.624664 0.499431
vt 0.623908 0.562494
vt 0.625000 0.545738
vt 0.625000 0.704262
vt 0.623908 0.687506
vt 0.875000 0.204262
vt 0.875000 0.045738
vt 0.375336 0.750569
vt 0.624664 0.750569
vt 0.375000 0.000000
vt 0.375000 1.000000
vt 0.625000 1.000000
vt 0.625000 0.000000
vt 0.375000 0.250000
vt 0.625000 0.250000
vt 0.375000 0.500000
vt 0.125000 0.250000
vt 0.875000 0.250000
vt 0.625000 0.500000
vt 0.375000 0.750000
vt 0.125000 0.000000
vt 0.875000 0.000000
vt 0.625000 0.750000
vn -0.508175 -0.861254 0.000000
vn -0.508175 -0.861254 0.000000
vn -0.508175 -0.861254 0.000000
vn -0.508175 -0.861254 0.000000
vn -0.960231 -0.279209 0.000000
vn -0.960231 -0.279209 0.000000
vn -0.960231 -0.279209 0.000000
vn -0.960231 -0.279209 0.000000
vn 0.000000 -0.271777 0.962360
vn 0.000000 -0.271777 0.962360
vn 0.000000 -0.271777 0.962360
vn 0.000000 -0.271777 0.962360
vn 0.000000 -0.854651 0.519204
vn 0.000000 -0.854651 0.519204
vn 0.000000 -0.854651 0.519204
vn 0.000000 -0.854651 0.519204
vn -0.919841 0.000000 0.392290
vn -0.919841 0.000000 0.392290
vn -0.919841 0.000000 0.392290
vn -0.919841 0.000000 0.392290
vn -0.373213 0.000000 0.927746
vn -0.373213 0.000000 0.927746
vn -0.373213 0.000000 0.927746
vn -0.373213 0.000000 0.927746
vn 0.960231 -0.279209 0.000000
vn 0.960231 -0.279209 0.000000
vn 0.960231 -0.279209 0.000000
vn 0.960231 -0.279209 0.000000
vn 0.508175 -0.861254 0.000000
vn 0.508175 -0.861254 0.000000
vn 0.508175 -0.861254 0.000000
vn 0.508175 -0.861254 0.000000
vn 0.373213 0.000000 0.927746
vn 0.373213 0.000000 0.927746
vn 0.373213 0.000000 0.927746
vn 0.373213 0.000000 0.927746
vn 0.919841 0.000000 0.392290
vn 0.919841 0.000000 0.392290
vn 0.919841 0.000000 0.392290
vn 0.919841 0.000000 0.392290
vn -0.960231 0.279209 -0.000000
vn -0.960230 0.279209 -0.000000
vn -0.960231 0.279209 -0.000000
vn -0.960230 0.279209 -0.000000
vn -0.508175 0.861254 -0.000000
vn -0.508175 0.861254 -0.000000
vn -0.508175 0.861254 -0.000000
vn -0.508175 0.861254 -0.000000
vn 0.000000 0.854651 0.519204
vn 0.000000 0.854651 0.519204
vn 0.000000 0.854651 0.519204
vn 0.000000 0.854651 0.519204
vn 0.000000 0.271777 0.962360
vn 0.000000 0.271777 0.962360
vn 0.000000 0.271777 0.962360
vn 0.000000 0.271777 0.962360
vn 0.508175 0.861254 -0.000000
vn 0.508175 0.861254 -0.000000
vn 0.508175 0.861254 -0.000000
vn 0.508175 0.861254 -0.000000
vn 0.960230 0.279209 -0.000000
vn 0.960231 0.279209 -0.000000
vn 0.960230 0.279209 -0.000000
vn 0.960231 0.279209 -0.000000
vn -0.919839 0.000000 -0.392296
vn -0.919839 0.000000 -0.392296
vn -0.919839 0.000000 -0.392296
vn -0.919839 0.000000 -0.392296
vn -0.373227 0.000000 -0.927740
vn -0.373227 0.000000 -0.927740
vn -0.373227 0.000000 -0.927740
vn -0.373227 0.000000 -0.927740
vn 0.000000 0.271786 -0.962358
vn 0.000000 0.271786 -0.962358
vn 0.000000 0.271786 -0.962358
vn 0.000000 0.271786 -0.962358
vn 0.000000 0.854644 -0.519214
vn 0.000000 0.854644 -0.519214
vn 0.000000 0.854644 -0.519214
vn 0.000000 0.854644 -0.519214
vn 0.373227 0.000000 -0.927740
vn 0.373227 0.000000 -0.927740
vn 0.373227 0.000000 -0.927740
vn 0.373227 0.000000 -0.927740
vn 0.919839 0.000000 -0.392296
vn 0.919839 0.000000 -0.392296
vn 0.919839 0.000000 -0.392296
vn 0.919839 0.000000 -0.392296
vn 0.000000 -0.854647 -0.519209
vn 0.000000 -0.854647 -0.519209
vn 0.000000 -0.854647 -0.519209
vn 0.000000 -0.854647 -0.519209
vn 0.000000 -0.271786 -0.962358
vn 0.000000 -0.271786 -0.962358
vn 0.000000 -0.271786 -0.962358
vn 0.000000 -0.271786 -0.962358
vn 0.000000 0.000000 1.000000
vn 0.000000 0.000000 1.000000
vn 0.000000 0.000000 1.000000
vn 0.000000 0.000000 1.000000
vn 0.000000 0.000000 -1.000000
vn 0.000000 0.000000 -1.000000
vn 0.000000 0.000000 -1.000000
vn 0.000000 0.000000 -1.000000
vn 1.000000 0.000000 0.000000
vn 1.000000 0.000000 0.000000
vn 1.000000 0.000000 0.000000
vn 1.000000 0.000000 0.000000
vn -1.000000 0.000000 0.000000
vn -1.000000 0.000000 0.000000
vn -1.000000 0.000000 0.000000
vn -1.000000 0.000000 0.000000
vn -0.909691 -0.233949 0.343119
vn -0.909691 -0.233949 0.343119
vn -0.909691 -0.233949 0.343119
vn -0.909690 -0.233949 0.343119
vn -0.417670 -0.800386 0.430039
vn -0.417670 -0.800386 0.430039
vn -0.417670 -0.800386 0.430039
vn -0.417670 -0.800386 0.430039
vn -0.326294 -0.229065 0.917094
vn -0.326294 -0.229065 0.917094
vn -0.326294 -0.229065 0.917094
vn -0.326294 -0.229065 0.917094
vn 0.417672 -0.800386 0.430039
vn 0.417672 -0.800386 0.430039
vn 0.417672 -0.800386 0.430039
vn 0.417672 -0.800386 0.430039
vn 0.909692 -0.233944 0.343119
vn 0.909692 -0.233944 0.343119
vn 0.909692 -0.233944 0.343119
vn 0.909692 -0.233944 0.343119
vn 0.326293 -0.229065 0.917094
vn 0.326293 -0.229065 0.917094
vn 0.326293 -0.229065 0.917094
vn 0.326293 -0.229065 0.917094
vn -0.417674 0.800390 0.430029
vn -0.417674 0.800390 0.430029
vn -0.417674 0.800390 0.430029
vn -0.417674 0.800390 0.430029
vn -0.909693 0.233945 0.343117
vn -0.909693 0.233945 0.343117
vn -0.909693 0.233945 0.343117
vn -0.909693 0.233945 0.343117
vn -0.326291 0.229063 0.917096
vn -0.326291 0.229063 0.917096
vn -0.326291 0.229063 0.917096
vn -0.326291 0.229063 0.917096
vn 0.909691 0.233950 0.343117
vn 0.909691 0.233950 0.343117
vn 0.909691 0.233950 0.343117
vn 0.909691 0.233950 0.343117
vn 0.417672 0.800390 0.430030
vn 0.417672 0.800390 0.430030
vn 0.417672 0.800390 0.430030
vn 0.417672 0.800390 0.430030
vn 0.326291 0.229062 0.917096
vn 0.326291 0.229062 0.917096
vn 0.326291 0.229062 0.917096
vn 0.326291 0.229062 0.917096
vn -0.326296 0.229063 -0.917094
vn -0.326296 0.229063 -0.917094
vn -0.326296 0.229063 -0.917094
vn -0.326296 0.229063 -0.917094
vn -0.909691 0.233942 -0.343124
vn -0.909691 0.233942 -0.343124
vn -0.909690 0.233942 -0.343124
vn -0.909690 0.233942 -0.343124
vn -0.417673 0.800379 -0.430050
vn -0.417673 0.800379 -0.430050
vn -0.417673 0.800379 -0.430050
vn -0.417673 0.800379 -0.430050
vn 0.909689 0.233947 -0.343124
vn 0.909689 0.233947 -0.343124
vn 0.909689 0.233947 -0.343124
vn 0.909689 0.233947 -0.343124
vn 0.326296 0.229064 -0.917094
vn 0.326296 0.229064 -0.917094
vn 0.326296 0.229064 -0.917094
vn 0.326296 0.229064 -0.917094
vn 0.417671 0.800380 -0.430050
vn 0.417671 0.800380 -0.430050
vn 0.417671 0.800380 -0.430050
vn 0.417671 0.800380 -0.430050
vn -0.417670 -0.800388 -0.430036
vn -0.417670 -0.800388 -0.430036
vn -0.417670 -0.800388 -0.430036
vn -0.417670 -0.800388 -0.430036
vn -0.909691 -0.233947 -0.343120
vn -0.909691 -0.233947 -0.343120
vn -0.909691 -0.233947 -0.343120
vn -0.909691 -0.233947 -0.343120
vn -0.326292 -0.229061 -0.917096
vn -0.326292 -0.229061 -0.917096
vn -0.326292 -0.229061 -0.917096
vn -0.326292 -0.229061 -0.917096
vn 0.909692 -0.233942 -0.343121
vn 0.909692 -0.233942 -0.343121
vn 0.909692 -0.233942 -0.343121
vn 0.909692 -0.233942 -0.343121
vn 0.417672 -0.800386 -0.430038
vn 0.417672 -0.800386 -0.430038
vn 0.417672 -0.800386 -0.430038
vn 0.417672 -0.800386 -0.430038
vn 0.326294 -0.229061 -0.917095
vn 0.326294 -0.229061 -0.917095
vn 0.326294 -0.229061 -0.917095
vn 0.326294 -0.229061 -0.917095
s off
g S_U_08 Roof_Trim_05:Roof_Trim_05
usemtl Roof_Trim_05:aiStandardSurface1SG
f 400/503/1467 399/504/1468 435/505/1469 440/506/1470
f 399/507/1471 404/508/1472 436/509/1473 435/510/1474
f 402/511/1475 401/512/1476 409/513/1477 408/514/1478
f 401/515/1479 400/503/1480 410/516/1481 409/517/1482
f 404/508/1483 403/518/1484 413/519/1485 412/520/1486
f 403/518/1487 402/511/1488 414/521/1489 413/519/1490
f 406/522/1491 405/523/1492 441/524/1493 446/525/1494
f 405/526/1495 410/516/1496 442/527/1497 441/528/1498
f 408/514/1499 407/529/1500 421/530/1501 420/531/1502
f 407/529/1503 406/522/1504 422/532/1505 421/530/1506
f 412/520/1507 411/533/1508 425/534/1509 424/535/1510
f 411/536/1511 416/537/1512 426/538/1513 425/539/1514
f 416/537/1515 415/540/1516 419/541/1517 418/542/1518
f 415/540/1519 414/521/1520 420/531/1521 419/541/1522
f 418/542/1523 417/543/1524 433/544/1525 432/545/1526
f 417/546/1527 422/532/1528 434/547/1529 433/548/1530
f 424/535/1531 423/549/1532 437/550/1533 436/509/1534
f 423/551/1535 428/552/1536 438/553/1537 437/554/1538
f 428/552/1539 427/555/1540 431/556/1541 430/557/1542
f 427/555/1543 426/538/1544 432/545/1545 431/556/1546
f 430/557/1547 429/558/1548 445/559/1549 444/560/1550
f 429/561/1551 434/547/1552 446/525/1553 445/562/1554
f 440/506/1555 439/563/1556 443/564/1557 442/527/1558
f 439/563/1559 438/553/1560 444/560/1561 443/564/1562
f 402/511/1563 408/514/1564 420/531/1565 414/521/1566
f 428/552/1567 430/557/1568 444/560/1569 438/553/1570
f 406/522/1571 446/525/1572 434/547/1573 422/532/1574
f 436/509/1575 404/508/1576 412/520/1577 424/535/1578
f 403/518/1579 404/508/1580 399/507/1581 447/565/1582
f 399/504/1583 400/503/1584 401/515/1585 447/566/1586
f 401/512/1587 402/511/1588 403/518/1589 447/565/1590
f 409/517/1591 410/516/1592 405/526/1593 448/567/1594
f 405/523/1595 406/522/1596 407/529/1597 448/568/1598
f 407/529/1599 408/514/1600 409/513/1601 448/568/1602
f 415/540/1603 416/537/1604 411/536/1605 449/569/1606
f 411/533/1607 412/520/1608 413/519/1609 449/569/1610
f 413/519/1611 414/521/1612 415/540/1613 449/569/1614
f 421/530/1615 422/532/1616 417/546/1617 450/570/1618
f 417/543/1619 418/542/1620 419/541/1621 450/570/1622
f 419/541/1623 420/531/1624 421/530/1625 450/570/1626
f 427/555/1627 428/552/1628 423/551/1629 451/571/1630
f 423/549/1631 424/535/1632 425/534/1633 451/572/1634
f 425/539/1635 426/538/1636 427/555/1637 451/571/1638
f 433/548/1639 434/547/1640 429/561/1641 452/573/1642
f 429/558/1643 430/557/1644 431/556/1645 452/574/1646
f 431/556/1647 432/545/1648 433/544/1649 452/574/1650
f 439/563/1651 440/506/1652 435/505/1653 453/575/1654
f 435/510/1655 436/509/1656 437/550/1657 453/576/1658
f 437/554/1659 438/553/1660 439/563/1661 453/575/1662
f 445/562/1663 446/525/1664 441/524/1665 454/577/1666
f 441/528/1667 442/527/1668 443/564/1669 454/578/1670
f 443/564/1671 444/560/1672 445/559/1673 454/578/1674
g default
v 15.277496 229.573181 -158.785217
v 21.026352 232.041992 -158.785217
v 21.026352 229.573181 -153.036102
v 21.026352 223.612885 -150.654755
v 15.277496 223.612885 -153.036102
v 12.896027 223.612885 -158.785217
v 135.795547 229.573181 -158.785217
v 138.176773 223.612885 -158.785217
v 135.795547 223.612885 -153.036102
v 130.046188 223.612885 -150.654755
v 130.046188 229.573181 -153.036102
v 130.046188 232.041992 -158.785217
v 135.795547 6.056757 -158.785217
v 130.046188 3.587946 -158.785217
v 130.046188 6.056757 -153.036102
v 130.046188 12.017025 -150.654755
v 135.795547 12.017025 -153.036102
v 138.176773 12.017025 -158.785217
v 15.277496 6.056757 -158.785217
v 12.896027 12.017025 -158.785217
v 15.277496 12.017025 -153.036102
v 21.026352 12.017025 -150.654755
v 21.026352 6.056757 -153.036102
v 21.026352 3.587946 -158.785217
v 15.277496 6.056757 -158.786865
v 21.026352 3.587946 -158.786865
v 21.026352 6.056757 -164.535950
v 21.026352 12.017025 -166.917328
v 15.277496 12.017025 -164.535950
v 12.896027 12.017025 -158.786865
v 15.277496 229.573181 -158.786865
v 12.896027 223.612885 -158.786865
v 15.277496 223.612885 -164.535950
v 21.026352 223.612885 -166.917328
v 21.026352 229.573181 -164.535950
v 21.026352 232.041992 -158.786865
v 135.795547 6.056757 -158.786865
v 138.176773 12.017025 -158.786865
v 135.795547 12.017025 -164.535950
v 130.046188 12.017025 -166.917328
v 130.046188 6.056757 -164.535950
v 130.046188 3.587946 -158.786865
v 135.795547 229.573181 -158.786865
v 130.046188 232.041992 -158.786865
v 130.046188 229.573181 -164.535950
v 130.046188 223.612885 -166.917328
v 135.795547 223.612885 -164.535950
v 138.176773 223.612885 -158.786865
v 16.333954 228.477783 -154.092712
v 134.738846 228.477783 -154.092712
v 134.738846 7.152147 -154.092712
v 16.333954 7.152147 -154.092712
v 16.333954 7.152147 -163.479340
v 16.333954 228.477783 -163.479340
v 134.738846 7.152147 -163.479340
v 134.738846 228.477783 -163.479340
vt 0.625000 0.733776
vt 0.625000 0.750000
vt 0.625000 0.750000
vt 0.625000 0.733776
vt 0.625000 0.250000
vt 0.622077 0.250000
vt 0.622077 0.250000
vt 0.625000 0.250000
vt 0.585117 0.232865
vt 0.584116 0.250000
vt 0.623233 0.250000
vt 0.622232 0.232865
vt 0.625000 0.739643
vt 0.625000 0.516225
vt 0.625000 0.510358
vt 0.623128 0.250000
vt 0.584221 0.250000
vt 0.585272 0.250000
vt 0.582349 0.239028
vt 0.585117 0.017135
vt 0.582349 0.010972
vt 0.622077 0.500000
vt 0.624458 0.503006
vt 0.624458 0.503006
vt 0.622077 0.500000
vt 0.625000 0.516225
vt 0.625000 0.239028
vt 0.625000 0.010972
vt 0.622232 0.017135
vt 0.623128 0.500000
vt 0.585272 0.500000
vt 0.584221 0.500000
vt 0.582349 0.516225
vt 0.582891 0.503006
vt 0.582891 0.503006
vt 0.582349 0.516225
vt 0.585272 0.500000
vt 0.623233 0.000000
vt 0.584116 0.000000
vt 0.582349 0.510358
vt 0.582349 0.733775
vt 0.582349 0.739643
vt 0.582349 0.250000
vt 0.582349 0.250000
vt 0.585272 0.250000
vt 0.582349 0.750000
vt 0.582349 0.733775
vt 0.582349 0.750000
vt 0.585117 0.017135
vt 0.584116 0.000000
vt 0.623233 0.000000
vt 0.622232 0.017135
vt 0.582349 0.739643
vt 0.582349 0.510358
vt 0.584221 0.250000
vt 0.623128 0.250000
vt 0.582349 0.010972
vt 0.585117 0.232865
vt 0.582349 0.239028
vt 0.625000 0.739643
vt 0.625000 0.510358
vt 0.584116 0.250000
vt 0.622232 0.232865
vt 0.623233 0.250000
vt 0.625000 0.010972
vt 0.625000 0.239028
vt 0.584221 0.500000
vt 0.623128 0.500000
vt 0.625000 0.250000
vt 0.625000 0.750000
vt 0.582349 0.250000
vt 0.625000 0.500000
vt 0.625000 0.250000
vt 0.582349 0.500000
vt 0.625000 0.000000
vt 0.582349 0.750000
vt 0.582349 0.250000
vt 0.582349 0.000000
vt 0.582349 0.250000
vt 0.582349 0.750000
vt 0.582349 0.000000
vt 0.625000 0.750000
vt 0.625000 0.250000
vt 0.582349 0.250000
vt 0.582349 0.500000
vt 0.625000 0.000000
vt 0.625000 0.500000
vt 0.625000 0.250000
vn -0.393807 0.919193 0.000000
vn -0.393807 0.919193 0.000000
vn -0.393807 0.919193 0.000000
vn -0.393807 0.919193 0.000000
vn -0.928676 0.370892 0.000000
vn -0.928676 0.370892 0.000000
vn -0.928676 0.370892 0.000000
vn -0.928676 0.370892 0.000000
vn 0.000000 0.371018 0.928626
vn 0.000000 0.371018 0.928626
vn 0.000000 0.371018 0.928626
vn 0.000000 0.371018 0.928626
vn 0.000000 0.918861 0.394580
vn 0.000000 0.918861 0.394580
vn 0.000000 0.918861 0.394580
vn 0.000000 0.918861 0.394580
vn -0.923873 0.000000 0.382699
vn -0.923873 0.000000 0.382699
vn -0.923873 0.000000 0.382699
vn -0.923873 0.000000 0.382699
vn -0.382696 0.000000 0.923874
vn -0.382696 0.000000 0.923874
vn -0.382696 0.000000 0.923874
vn -0.382696 0.000000 0.923874
vn 0.928689 0.370860 0.000000
vn 0.928689 0.370860 0.000000
vn 0.928689 0.370860 0.000000
vn 0.928689 0.370860 0.000000
vn 0.393778 0.919206 0.000000
vn 0.393778 0.919206 0.000000
vn 0.393778 0.919206 0.000000
vn 0.393778 0.919206 0.000000
vn 0.382667 0.000000 0.923886
vn 0.382667 0.000000 0.923886
vn 0.382667 0.000000 0.923886
vn 0.382667 0.000000 0.923886
vn 0.923887 0.000000 0.382665
vn 0.923887 0.000000 0.382665
vn 0.923887 0.000000 0.382665
vn 0.923887 0.000000 0.382665
vn 0.393778 -0.919206 0.000000
vn 0.393778 -0.919206 0.000000
vn 0.393778 -0.919206 0.000000
vn 0.393778 -0.919206 0.000000
vn 0.928689 -0.370860 0.000000
vn 0.928689 -0.370860 0.000000
vn 0.928689 -0.370860 0.000000
vn 0.928689 -0.370860 0.000000
vn 0.000000 -0.371020 0.928625
vn 0.000000 -0.371020 0.928625
vn 0.000000 -0.371020 0.928625
vn 0.000000 -0.371020 0.928625
vn 0.000000 -0.918861 0.394581
vn 0.000000 -0.918861 0.394581
vn 0.000000 -0.918861 0.394581
vn 0.000000 -0.918861 0.394581
vn -0.928676 -0.370892 0.000000
vn -0.928676 -0.370892 0.000000
vn -0.928676 -0.370892 0.000000
vn -0.928676 -0.370892 0.000000
vn -0.393807 -0.919193 0.000000
vn -0.393807 -0.919193 0.000000
vn -0.393807 -0.919193 0.000000
vn -0.393807 -0.919193 0.000000
vn 0.000000 -0.371024 -0.928623
vn 0.000000 -0.371024 -0.928623
vn 0.000000 -0.371024 -0.928623
vn 0.000000 -0.371024 -0.928623
vn 0.000000 -0.918860 -0.394583
vn 0.000000 -0.918860 -0.394583
vn 0.000000 -0.918860 -0.394583
vn 0.000000 -0.918860 -0.394583
vn -0.923872 0.000000 -0.382701
vn -0.923872 0.000000 -0.382701
vn -0.923872 0.000000 -0.382701
vn -0.923872 0.000000 -0.382701
vn -0.382701 0.000000 -0.923872
vn -0.382701 0.000000 -0.923872
vn -0.382701 0.000000 -0.923872
vn -0.382701 0.000000 -0.923872
vn 0.000000 0.918861 -0.394582
vn 0.000000 0.918861 -0.394582
vn 0.000000 0.918861 -0.394582
vn 0.000000 0.918861 -0.394582
vn 0.000000 0.371022 -0.928624
vn 0.000000 0.371022 -0.928624
vn 0.000000 0.371022 -0.928624
vn 0.000000 0.371022 -0.928624
vn 0.382672 0.000000 -0.923884
vn 0.382672 0.000000 -0.923884
vn 0.382672 0.000000 -0.923884
vn 0.382672 0.000000 -0.923884
vn 0.923886 0.000000 -0.382667
vn 0.923886 0.000000 -0.382667
vn 0.923886 0.000000 -0.382667
vn 0.923886 0.000000 -0.382667
vn 0.000000 0.000000 -1.000000
vn 0.000000 0.000000 -1.000000
vn 0.000000 0.000000 -1.000000
vn 0.000000 0.000000 -1.000000
vn -1.000000 0.000000 0.000000
vn -1.000000 0.000000 0.000000
vn -1.000000 0.000000 0.000000
vn -1.000000 0.000000 0.000000
vn 0.000000 -1.000000 0.000000
vn 0.000000 -1.000000 0.000000
vn 0.000000 -1.000000 0.000000
vn 0.000000 -1.000000 0.000000
vn 1.000000 0.000000 0.000000
vn 1.000000 0.000000 0.000000
vn 1.000000 0.000000 0.000000
vn 1.000000 0.000000 0.000000
vn 0.000000 1.000000 0.000000
vn 0.000000 1.000000 0.000000
vn 0.000000 1.000000 0.000000
vn 0.000000 1.000000 0.000000
vn -0.891211 0.314901 0.326467
vn -0.891211 0.314901 0.326467
vn -0.891211 0.314901 0.326467
vn -0.891211 0.314901 0.326467
vn -0.334585 0.880974 0.334572
vn -0.334585 0.880974 0.334572
vn -0.334585 0.880974 0.334572
vn -0.334585 0.880974 0.334572
vn -0.326481 0.314900 0.891206
vn -0.326481 0.314900 0.891206
vn -0.326481 0.314900 0.891206
vn -0.326481 0.314900 0.891206
vn 0.334563 0.880980 0.334578
vn 0.334563 0.880980 0.334578
vn 0.334563 0.880980 0.334578
vn 0.334563 0.880980 0.334578
vn 0.891210 0.314901 0.326469
vn 0.891210 0.314901 0.326468
vn 0.891210 0.314901 0.326468
vn 0.891210 0.314901 0.326468
vn 0.326459 0.314906 0.891212
vn 0.326459 0.314906 0.891212
vn 0.326459 0.314906 0.891212
vn 0.326459 0.314906 0.891212
vn 0.891210 -0.314902 0.326469
vn 0.891210 -0.314902 0.326469
vn 0.891210 -0.314902 0.326468
vn 0.891210 -0.314902 0.326468
vn 0.334563 -0.880980 0.334577
vn 0.334563 -0.880980 0.334577
vn 0.334563 -0.880980 0.334577
vn 0.334563 -0.880980 0.334577
vn 0.326460 -0.314907 0.891211
vn 0.326460 -0.314907 0.891211
vn 0.326460 -0.314907 0.891211
vn 0.326460 -0.314907 0.891211
vn -0.334585 -0.880975 0.334569
vn -0.334585 -0.880975 0.334569
vn -0.334585 -0.880975 0.334569
vn -0.334585 -0.880975 0.334569
vn -0.891210 -0.314903 0.326468
vn -0.891210 -0.314903 0.326468
vn -0.891210 -0.314903 0.326468
vn -0.891210 -0.314903 0.326468
vn -0.326482 -0.314900 0.891206
vn -0.326482 -0.314900 0.891206
vn -0.326482 -0.314900 0.891206
vn -0.326481 -0.314900 0.891206
vn -0.891209 -0.314902 -0.326470
vn -0.891209 -0.314902 -0.326470
vn -0.891209 -0.314902 -0.326470
vn -0.891209 -0.314902 -0.326470
vn -0.334585 -0.880974 -0.334571
vn -0.334585 -0.880974 -0.334571
vn -0.334585 -0.880974 -0.334571
vn -0.334585 -0.880974 -0.334571
vn -0.326483 -0.314903 -0.891204
vn -0.326483 -0.314903 -0.891204
vn -0.326483 -0.314903 -0.891204
vn -0.326483 -0.314903 -0.891205
vn -0.334585 0.880973 -0.334573
vn -0.334585 0.880973 -0.334573
vn -0.334585 0.880973 -0.334573
vn -0.334585 0.880973 -0.334573
vn -0.891210 0.314901 -0.326469
vn -0.891210 0.314901 -0.326469
vn -0.891210 0.314901 -0.326469
vn -0.891210 0.314901 -0.326469
vn -0.326484 0.314902 -0.891204
vn -0.326484 0.314902 -0.891204
vn -0.326484 0.314902 -0.891204
vn -0.326484 0.314902 -0.891204
vn 0.334563 -0.880979 -0.334579
vn 0.334563 -0.880979 -0.334579
vn 0.334563 -0.880979 -0.334579
vn 0.334563 -0.880979 -0.334579
vn 0.891210 -0.314902 -0.326470
vn 0.891210 -0.314902 -0.326470
vn 0.891209 -0.314902 -0.326470
vn 0.891210 -0.314902 -0.326470
vn 0.326462 -0.314910 -0.891210
vn 0.326462 -0.314910 -0.891210
vn 0.326462 -0.314910 -0.891210
vn 0.326462 -0.314910 -0.891210
vn 0.891210 0.314900 -0.326470
vn 0.891210 0.314900 -0.326470
vn 0.891210 0.314900 -0.326470
vn 0.891210 0.314900 -0.326470
vn 0.334564 0.880979 -0.334580
vn 0.334564 0.880979 -0.334580
vn 0.334564 0.880979 -0.334580
vn 0.334564 0.880979 -0.334580
vn 0.326462 0.314908 -0.891210
vn 0.326462 0.314908 -0.891210
vn 0.326462 0.314908 -0.891210
vn 0.326462 0.314908 -0.891210
s off
g S_U_08 Window_20_1:Window_20
usemtl Window_20_1:Window_20SG
f 456/579/1675 490/582/1676 485/581/1677 455/580/1678
f 455/583/1679 485/586/1680 486/585/1681 460/584/1682
f 458/587/1683 464/590/1684 465/589/1685 457/588/1686
f 457/591/1687 465/593/1688 466/592/1689 456/579/1690
f 460/584/1691 474/596/1692 475/595/1693 459/594/1694
f 459/597/1695 475/599/1696 476/598/1697 458/587/1698
f 462/600/1699 502/603/1700 497/602/1701 461/601/1702
f 461/601/1703 497/602/1704 498/604/1705 466/592/1706
f 464/590/1707 470/607/1708 471/606/1709 463/605/1710
f 463/608/1711 471/610/1712 472/609/1713 462/600/1714
f 468/611/1715 496/614/1716 491/613/1717 467/612/1718
f 467/612/1719 491/613/1720 492/615/1721 472/609/1722
f 470/607/1723 476/598/1724 477/617/1725 469/616/1726
f 469/618/1727 477/620/1728 478/619/1729 468/611/1730
f 474/596/1731 484/623/1732 479/622/1733 473/621/1734
f 473/624/1735 479/626/1736 480/625/1737 478/619/1738
f 482/627/1739 494/630/1740 495/629/1741 481/628/1742
f 481/631/1743 495/632/1744 496/614/1745 480/625/1746
f 484/623/1747 486/585/1748 487/634/1749 483/633/1750
f 483/635/1751 487/637/1752 488/636/1753 482/627/1754
f 490/582/1755 498/604/1756 499/639/1757 489/638/1758
f 489/640/1759 499/642/1760 500/641/1761 488/636/1762
f 494/630/1763 500/641/1764 501/644/1765 493/643/1766
f 493/645/1767 501/646/1768 502/603/1769 492/615/1770
f 488/636/1771 500/641/1772 494/630/1773 482/627/1774
f 486/585/1775 484/623/1776 474/596/1777 460/584/1778
f 480/625/1779 496/614/1780 468/611/1781 478/619/1782
f 492/615/1783 502/603/1784 462/600/1785 472/609/1786
f 498/604/1787 490/582/1788 456/579/1789 466/592/1790
f 459/594/1791 503/647/1792 455/583/1793 460/584/1794
f 455/580/1795 503/648/1796 457/591/1797 456/579/1798
f 457/588/1799 503/649/1800 459/597/1801 458/587/1802
f 465/593/1803 504/650/1804 461/601/1805 466/592/1806
f 461/601/1807 504/650/1808 463/608/1809 462/600/1810
f 463/605/1811 504/651/1812 465/589/1813 464/590/1814
f 471/610/1815 505/652/1816 467/612/1817 472/609/1818
f 467/612/1819 505/652/1820 469/618/1821 468/611/1822
f 469/616/1823 505/653/1824 471/606/1825 470/607/1826
f 477/620/1827 506/654/1828 473/624/1829 478/619/1830
f 473/621/1831 506/655/1832 475/595/1833 474/596/1834
f 475/599/1835 506/656/1836 477/617/1837 476/598/1838
f 483/633/1839 507/657/1840 479/622/1841 484/623/1842
f 479/626/1843 507/658/1844 481/631/1845 480/625/1846
f 481/628/1847 507/659/1848 483/635/1849 482/627/1850
f 489/638/1851 508/660/1852 485/581/1853 490/582/1854
f 485/586/1855 508/661/1856 487/634/1857 486/585/1858
f 487/637/1859 508/662/1860 489/640/1861 488/636/1862
f 495/632/1863 509/663/1864 491/613/1865 496/614/1866
f 491/613/1867 509/663/1868 493/645/1869 492/615/1870
f 493/643/1871 509/664/1872 495/629/1873 494/630/1874
f 501/646/1875 510/665/1876 497/602/1877 502/603/1878
f 497/602/1879 510/665/1880 499/639/1881 498/604/1882
f 499/642/1883 510/666/1884 501/644/1885 500/641/1886
g default
v 138.176743 229.573196 -158.784393
v 143.925598 232.042007 -158.784393
v 143.925598 229.573196 -153.035278
v 143.925598 223.612900 -150.653931
v 138.176743 223.612900 -153.035278
v 135.795273 223.612900 -158.784393
v 437.271240 229.573196 -158.784393
v 439.652466 223.612900 -158.784393
v 437.271240 223.612900 -153.035278
v 431.521881 223.612900 -150.653931
v 431.521881 229.573196 -153.035278
v 431.521881 232.042007 -158.784393
v 437.271240 6.056770 -158.784393
v 431.521881 3.587959 -158.784393
v 431.521881 6.056770 -153.035278
v 431.521881 12.017038 -150.653931
v 437.271240 12.017038 -153.035278
v 439.652466 12.017038 -158.784393
v 138.176743 6.056770 -158.784393
v 135.795273 12.017038 -158.784393
v 138.176743 12.017038 -153.035278
v 143.925598 12.017038 -150.653931
v 143.925598 6.056770 -153.035278
v 143.925598 3.587959 -158.784393
v 138.176743 6.056770 -158.786041
v 143.925598 3.587959 -158.786041
v 143.925598 6.056770 -164.535126
v 143.925598 12.017038 -166.916504
v 138.176743 12.017038 -164.535126
v 135.795273 12.017038 -158.786041
v 138.176743 229.573196 -158.786041
v 135.795273 223.612900 -158.786041
v 138.176743 223.612900 -164.535126
v 143.925598 223.612900 -166.916504
v 143.925598 229.573196 -164.535126
v 143.925598 232.042007 -158.786041
v 437.271240 6.056770 -158.786041
v 439.652466 12.017038 -158.786041
v 437.271240 12.017038 -164.535126
v 431.521881 12.017038 -166.916504
v 431.521881 6.056770 -164.535126
v 431.521881 3.587959 -158.786041
v 437.271240 229.573196 -158.786041
v 431.521881 232.042007 -158.786041
v 431.521881 229.573196 -164.535126
v 431.521881 223.612900 -166.916504
v 437.271240 223.612900 -164.535126
v 439.652466 223.612900 -158.786041
v 139.233200 228.477798 -154.091888
v 436.214539 228.477798 -154.091888
v 436.214539 7.152161 -154.091888
v 139.233200 7.152161 -154.091888
v 139.233200 7.152161 -163.478516
v 139.233200 228.477798 -163.478516
v 436.214539 7.152161 -163.478516
v 436.214539 228.477798 -163.478516
vt 0.625000 0.733776
vt 0.625000 0.750000
vt 0.625000 0.750000
vt 0.625000 0.733776
vt 0.625000 0.250000
vt 0.622077 0.250000
vt 0.622077 0.250000
vt 0.625000 0.250000
vt 0.585117 0.232865
vt 0.584116 0.250000
vt 0.623233 0.250000
vt 0.622232 0.232865
vt 0.625000 0.739643
vt 0.625000 0.516225
vt 0.625000 0.510358
vt 0.623128 0.250000
vt 0.584221 0.250000
vt 0.585272 0.250000
vt 0.582349 0.239028
vt 0.585117 0.017135
vt 0.582349 0.010972
vt 0.622077 0.500000
vt 0.624458 0.503006
vt 0.624458 0.503006
vt 0.622077 0.500000
vt 0.625000 0.516225
vt 0.625000 0.239028
vt 0.625000 0.010972
vt 0.622232 0.017135
vt 0.623128 0.500000
vt 0.585272 0.500000
vt 0.584221 0.500000
vt 0.582349 0.516225
vt 0.582891 0.503006
vt 0.582891 0.503006
vt 0.582349 0.516225
vt 0.585272 0.500000
vt 0.623233 0.000000
vt 0.584116 0.000000
vt 0.582349 0.510358
vt 0.582349 0.733775
vt 0.582349 0.739643
vt 0.582349 0.250000
vt 0.582349 0.250000
vt 0.585272 0.250000
vt 0.582349 0.750000
vt 0.582349 0.733775
vt 0.582349 0.750000
vt 0.585117 0.017135
vt 0.584116 0.000000
vt 0.623233 0.000000
vt 0.622232 0.017135
vt 0.582349 0.739643
vt 0.582349 0.510358
vt 0.584221 0.250000
vt 0.623128 0.250000
vt 0.582349 0.010972
vt 0.585117 0.232865
vt 0.582349 0.239028
vt 0.625000 0.739643
vt 0.625000 0.510358
vt 0.584116 0.250000
vt 0.622232 0.232865
vt 0.623233 0.250000
vt 0.625000 0.010972
vt 0.625000 0.239028
vt 0.584221 0.500000
vt 0.623128 0.500000
vt 0.625000 0.250000
vt 0.625000 0.750000
vt 0.582349 0.250000
vt 0.625000 0.500000
vt 0.625000 0.250000
vt 0.582349 0.500000
vt 0.625000 0.000000
vt 0.582349 0.750000
vt 0.582349 0.250000
vt 0.582349 0.000000
vt 0.582349 0.250000
vt 0.582349 0.750000
vt 0.582349 0.000000
vt 0.625000 0.750000
vt 0.625000 0.250000
vt 0.582349 0.250000
vt 0.582349 0.500000
vt 0.625000 0.000000
vt 0.625000 0.500000
vt 0.625000 0.250000
vn -0.393807 0.919193 0.000000
vn -0.393807 0.919193 0.000000
vn -0.393807 0.919193 0.000000
vn -0.393807 0.919193 0.000000
vn -0.928676 0.370891 0.000000
vn -0.928676 0.370891 0.000000
vn -0.928676 0.370891 0.000000
vn -0.928676 0.370891 0.000000
vn 0.000000 0.371018 0.928626
vn 0.000000 0.371018 0.928626
vn 0.000000 0.371018 0.928626
vn 0.000000 0.371018 0.928626
vn 0.000000 0.918860 0.394583
vn 0.000000 0.918860 0.394583
vn 0.000000 0.918860 0.394583
vn 0.000000 0.918860 0.394583
vn -0.923874 0.000000 0.382698
vn -0.923874 0.000000 0.382698
vn -0.923874 0.000000 0.382698
vn -0.923874 0.000000 0.382698
vn -0.382696 0.000000 0.923874
vn -0.382696 0.000000 0.923874
vn -0.382696 0.000000 0.923874
vn -0.382696 0.000000 0.923874
vn 0.928690 0.370858 0.000000
vn 0.928690 0.370858 0.000000
vn 0.928690 0.370858 0.000000
vn 0.928690 0.370858 0.000000
vn 0.393778 0.919205 0.000000
vn 0.393778 0.919205 0.000000
vn 0.393778 0.919205 0.000000
vn 0.393778 0.919205 0.000000
vn 0.382667 0.000000 0.923886
vn 0.382667 0.000000 0.923886
vn 0.382667 0.000000 0.923886
vn 0.382667 0.000000 0.923886
vn 0.923887 0.000000 0.382664
vn 0.923887 0.000000 0.382664
vn 0.923887 0.000000 0.382664
vn 0.923887 0.000000 0.382664
vn 0.393778 -0.919205 0.000000
vn 0.393778 -0.919205 0.000000
vn 0.393778 -0.919205 0.000000
vn 0.393778 -0.919205 0.000000
vn 0.928690 -0.370858 0.000000
vn 0.928690 -0.370858 0.000000
vn 0.928690 -0.370858 0.000000
vn 0.928690 -0.370858 0.000000
vn 0.000000 -0.371020 0.928625
vn 0.000000 -0.371020 0.928625
vn 0.000000 -0.371020 0.928625
vn 0.000000 -0.371020 0.928625
vn 0.000000 -0.918861 0.394581
vn 0.000000 -0.918861 0.394581
vn 0.000000 -0.918861 0.394581
vn 0.000000 -0.918861 0.394581
vn -0.928676 -0.370891 0.000000
vn -0.928676 -0.370891 0.000000
vn -0.928676 -0.370891 0.000000
vn -0.928676 -0.370891 0.000000
vn -0.393807 -0.919193 0.000000
vn -0.393807 -0.919193 0.000000
vn -0.393807 -0.919193 0.000000
vn -0.393807 -0.919193 0.000000
vn 0.000000 -0.371024 -0.928623
vn 0.000000 -0.371024 -0.928623
vn 0.000000 -0.371024 -0.928623
vn 0.000000 -0.371024 -0.928623
vn 0.000000 -0.918860 -0.394583
vn 0.000000 -0.918860 -0.394583
vn 0.000000 -0.918860 -0.394583
vn 0.000000 -0.918860 -0.394583
vn -0.923873 0.000000 -0.382701
vn -0.923873 0.000000 -0.382701
vn -0.923873 0.000000 -0.382701
vn -0.923873 0.000000 -0.382701
vn -0.382701 0.000000 -0.923872
vn -0.382701 0.000000 -0.923872
vn -0.382701 0.000000 -0.923872
vn -0.382701 0.000000 -0.923872
vn 0.000000 0.918860 -0.394584
vn 0.000000 0.918860 -0.394584
vn 0.000000 0.918860 -0.394584
vn 0.000000 0.918860 -0.394584
vn 0.000000 0.371022 -0.928624
vn 0.000000 0.371022 -0.928624
vn 0.000000 0.371022 -0.928624
vn 0.000000 0.371022 -0.928624
vn 0.382672 0.000000 -0.923884
vn 0.382672 0.000000 -0.923884
vn 0.382672 0.000000 -0.923884
vn 0.382672 0.000000 -0.923884
vn 0.923886 0.000000 -0.382667
vn 0.923886 0.000000 -0.382667
vn 0.923886 0.000000 -0.382667
vn 0.923886 0.000000 -0.382667
vn 0.000000 0.000000 -1.000000
vn 0.000000 0.000000 -1.000000
vn 0.000000 0.000000 -1.000000
vn 0.000000 0.000000 -1.000000
vn -1.000000 0.000000 0.000000
vn -1.000000 0.000000 0.000000
vn -1.000000 0.000000 0.000000
vn -1.000000 0.000000 0.000000
vn 0.000000 -1.000000 0.000000
vn 0.000000 -1.000000 0.000000
vn 0.000000 -1.000000 0.000000
vn 0.000000 -1.000000 0.000000
vn 1.000000 0.000000 0.000000
vn 1.000000 0.000000 0.000000
vn 1.000000 0.000000 0.000000
vn 1.000000 0.000000 0.000000
vn 0.000000 1.000000 0.000000
vn 0.000000 1.000000 0.000000
vn 0.000000 1.000000 0.000000
vn 0.000000 1.000000 0.000000
vn -0.891210 0.314901 0.326469
vn -0.891210 0.314901 0.326469
vn -0.891210 0.314901 0.326469
vn -0.891210 0.314901 0.326469
vn -0.334585 0.880975 0.334568
vn -0.334585 0.880975 0.334568
vn -0.334585 0.880975 0.334568
vn -0.334585 0.880975 0.334568
vn -0.326483 0.314899 0.891206
vn -0.326483 0.314899 0.891206
vn -0.326483 0.314899 0.891206
vn -0.326483 0.314899 0.891206
vn 0.334562 0.880979 0.334581
vn 0.334562 0.880979 0.334581
vn 0.334562 0.880979 0.334581
vn 0.334562 0.880979 0.334581
vn 0.891213 0.314895 0.326467
vn 0.891213 0.314895 0.326467
vn 0.891213 0.314895 0.326467
vn 0.891213 0.314896 0.326467
vn 0.326461 0.314903 0.891212
vn 0.326461 0.314903 0.891212
vn 0.326461 0.314903 0.891212
vn 0.326461 0.314903 0.891212
vn 0.891211 -0.314897 0.326469
vn 0.891211 -0.314897 0.326469
vn 0.891211 -0.314897 0.326469
vn 0.891211 -0.314897 0.326469
vn 0.334562 -0.880980 0.334577
vn 0.334562 -0.880980 0.334577
vn 0.334562 -0.880980 0.334577
vn 0.334562 -0.880980 0.334577
vn 0.326460 -0.314905 0.891212
vn 0.326460 -0.314905 0.891212
vn 0.326460 -0.314905 0.891212
vn 0.326460 -0.314905 0.891212
vn -0.334584 -0.880975 0.334570
vn -0.334584 -0.880975 0.334570
vn -0.334584 -0.880975 0.334570
vn -0.334584 -0.880975 0.334570
vn -0.891210 -0.314902 0.326468
vn -0.891210 -0.314902 0.326468
vn -0.891210 -0.314902 0.326468
vn -0.891210 -0.314902 0.326468
vn -0.326482 -0.314900 0.891206
vn -0.326482 -0.314900 0.891206
vn -0.326482 -0.314900 0.891206
vn -0.326482 -0.314900 0.891206
vn -0.891210 -0.314902 -0.326470
vn -0.891210 -0.314902 -0.326470
vn -0.891210 -0.314902 -0.326470
vn -0.891210 -0.314902 -0.326470
vn -0.334585 -0.880974 -0.334571
vn -0.334584 -0.880974 -0.334571
vn -0.334584 -0.880974 -0.334571
vn -0.334584 -0.880974 -0.334571
vn -0.326483 -0.314902 -0.891205
vn -0.326483 -0.314902 -0.891205
vn -0.326483 -0.314902 -0.891205
vn -0.326483 -0.314902 -0.891205
vn -0.334586 0.880974 -0.334570
vn -0.334586 0.880974 -0.334570
vn -0.334586 0.880974 -0.334570
vn -0.334586 0.880974 -0.334570
vn -0.891210 0.314900 -0.326470
vn -0.891210 0.314900 -0.326470
vn -0.891210 0.314900 -0.326470
vn -0.891210 0.314900 -0.326470
vn -0.326484 0.314901 -0.891204
vn -0.326484 0.314901 -0.891204
vn -0.326484 0.314901 -0.891204
vn -0.326484 0.314901 -0.891204
vn 0.334562 -0.880980 -0.334577
vn 0.334562 -0.880980 -0.334577
vn 0.334562 -0.880980 -0.334577
vn 0.334562 -0.880980 -0.334577
vn 0.891211 -0.314898 -0.326470
vn 0.891211 -0.314898 -0.326470
vn 0.891211 -0.314898 -0.326470
vn 0.891211 -0.314898 -0.326470
vn 0.326462 -0.314904 -0.891211
vn 0.326462 -0.314904 -0.891211
vn 0.326462 -0.314904 -0.891211
vn 0.326462 -0.314904 -0.891211
vn 0.891211 0.314897 -0.326469
vn 0.891211 0.314897 -0.326469
vn 0.891211 0.314897 -0.326469
vn 0.891211 0.314897 -0.326469
vn 0.334562 0.880979 -0.334581
vn 0.334562 0.880979 -0.334581
vn 0.334562 0.880979 -0.334581
vn 0.334562 0.880979 -0.334581
vn 0.326463 0.314903 -0.891212
vn 0.326463 0.314903 -0.891212
vn 0.326463 0.314903 -0.891212
vn 0.326463 0.314903 -0.891212
s off
g S_U_08 Window_31_1:Window_31
usemtl Window_31_1:Window_31SG
f 512/667/1887 546/670/1888 541/669/1889 511/668/1890
f 511/671/1891 541/674/1892 542/673/1893 516/672/1894
f 514/675/1895 520/678/1896 521/677/1897 513/676/1898
f 513/679/1899 521/681/1900 522/680/1901 512/667/1902
f 516/672/1903 530/684/1904 531/683/1905 515/682/1906
f 515/685/1907 531/687/1908 532/686/1909 514/675/1910
f 518/688/1911 558/691/1912 553/690/1913 517/689/1914
f 517/689/1915 553/690/1916 554/692/1917 522/680/1918
f 520/678/1919 526/695/1920 527/694/1921 519/693/1922
f 519/696/1923 527/698/1924 528/697/1925 518/688/1926
f 524/699/1927 552/702/1928 547/701/1929 523/700/1930
f 523/700/1931 547/701/1932 548/703/1933 528/697/1934
f 526/695/1935 532/686/1936 533/705/1937 525/704/1938
f 525/706/1939 533/708/1940 534/707/1941 524/699/1942
f 530/684/1943 540/711/1944 535/710/1945 529/709/1946
f 529/712/1947 535/714/1948 536/713/1949 534/707/1950
f 538/715/1951 550/718/1952 551/717/1953 537/716/1954
f 537/719/1955 551/720/1956 552/702/1957 536/713/1958
f 540/711/1959 542/673/1960 543/722/1961 539/721/1962
f 539/723/1963 543/725/1964 544/724/1965 538/715/1966
f 546/670/1967 554/692/1968 555/727/1969 545/726/1970
f 545/728/1971 555/730/1972 556/729/1973 544/724/1974
f 550/718/1975 556/729/1976 557/732/1977 549/731/1978
f 549/733/1979 557/734/1980 558/691/1981 548/703/1982
f 544/724/1983 556/729/1984 550/718/1985 538/715/1986
f 542/673/1987 540/711/1988 530/684/1989 516/672/1990
f 536/713/1991 552/702/1992 524/699/1993 534/707/1994
f 548/703/1995 558/691/1996 518/688/1997 528/697/1998
f 554/692/1999 546/670/2000 512/667/2001 522/680/2002
f 515/682/2003 559/735/2004 511/671/2005 516/672/2006
f 511/668/2007 559/736/2008 513/679/2009 512/667/2010
f 513/676/2011 559/737/2012 515/685/2013 514/675/2014
f 521/681/2015 560/738/2016 517/689/2017 522/680/2018
f 517/689/2019 560/738/2020 519/696/2021 518/688/2022
f 519/693/2023 560/739/2024 521/677/2025 520/678/2026
f 527/698/2027 561/740/2028 523/700/2029 528/697/2030
f 523/700/2031 561/740/2032 525/706/2033 524/699/2034
f 525/704/2035 561/741/2036 527/694/2037 526/695/2038
f 533/708/2039 562/742/2040 529/712/2041 534/707/2042
f 529/709/2043 562/743/2044 531/683/2045 530/684/2046
f 531/687/2047 562/744/2048 533/705/2049 532/686/2050
f 539/721/2051 563/745/2052 535/710/2053 540/711/2054
f 535/714/2055 563/746/2056 537/719/2057 536/713/2058
f 537/716/2059 563/747/2060 539/723/2061 538/715/2062
f 545/726/2063 564/748/2064 541/669/2065 546/670/2066
f 541/674/2067 564/749/2068 543/722/2069 542/673/2070
f 543/725/2071 564/750/2072 545/728/2073 544/724/2074
f 551/720/2075 565/751/2076 547/701/2077 552/702/2078
f 547/701/2079 565/751/2080 549/733/2081 548/703/2082
f 549/731/2083 565/752/2084 551/717/2085 550/718/2086
f 557/734/2087 566/753/2088 553/690/2089 558/691/2090
f 553/690/2091 566/753/2092 555/727/2093 554/692/2094
f 555/730/2095 566/754/2096 557/732/2097 556/729/2098
g default
v -107.622032 229.573196 -158.786041
v -101.873177 232.042007 -158.786041
v -101.873177 229.573196 -153.036926
v -101.873177 223.612900 -150.655579
v -107.622032 223.612900 -153.036926
v -110.003502 223.612900 -158.786041
v 12.896019 229.573196 -158.786041
v 15.277245 223.612900 -158.786041
v 12.896019 223.612900 -153.036926
v 7.146660 223.612900 -150.655579
v 7.146660 229.573196 -153.036926
v 7.146660 232.042007 -158.786041
v 12.896019 6.056763 -158.786041
v 7.146660 3.587952 -158.786041
v 7.146660 6.056763 -153.036926
v 7.146660 12.017031 -150.655579
v 12.896019 12.017031 -153.036926
v 15.277245 12.017031 -158.786041
v -107.622032 6.056763 -158.786041
v -110.003502 12.017031 -158.786041
v -107.622032 12.017031 -153.036926
v -101.873177 12.017031 -150.655579
v -101.873177 6.056763 -153.036926
v -101.873177 3.587952 -158.786041
v -107.622032 6.056763 -158.787689
v -101.873177 3.587952 -158.787689
v -101.873177 6.056763 -164.536774
v -101.873177 12.017031 -166.918152
v -107.622032 12.017031 -164.536774
v -110.003502 12.017031 -158.787689
v -107.622032 229.573196 -158.787689
v -110.003502 223.612900 -158.787689
v -107.622032 223.612900 -164.536774
v -101.873177 223.612900 -166.918152
v -101.873177 229.573196 -164.536774
v -101.873177 232.042007 -158.787689
v 12.896019 6.056763 -158.787689
v 15.277245 12.017031 -158.787689
v 12.896019 12.017031 -164.536774
v 7.146660 12.017031 -166.918152
v 7.146660 6.056763 -164.536774
v 7.146660 3.587952 -158.787689
v 12.896019 229.573196 -158.787689
v 7.146660 232.042007 -158.787689
v 7.146660 229.573196 -164.536774
v 7.146660 223.612900 -166.918152
v 12.896019 223.612900 -164.536774
v 15.277245 223.612900 -158.787689
v -106.565575 228.477798 -154.093536
v 11.839317 228.477798 -154.093536
v 11.839317 7.152153 -154.093536
v -106.565575 7.152153 -154.093536
v -106.565575 7.152153 -163.480164
v -106.565575 228.477798 -163.480164
v 11.839317 7.152153 -163.480164
v 11.839317 228.477798 -163.480164
vt 0.625000 0.733776
vt 0.625000 0.750000
vt 0.625000 0.750000
vt 0.625000 0.733776
vt 0.625000 0.250000
vt 0.622077 0.250000
vt 0.622077 0.250000
vt 0.625000 0.250000
vt 0.585117 0.232865
vt 0.584116 0.250000
vt 0.623233 0.250000
vt 0.622232 0.232865
vt 0.625000 0.739643
vt 0.625000 0.516225
vt 0.625000 0.510358
vt 0.623128 0.250000
vt 0.584221 0.250000
vt 0.585272 0.250000
vt 0.582349 0.239028
vt 0.585117 0.017135
vt 0.582349 0.010972
vt 0.622077 0.500000
vt 0.624458 0.503006
vt 0.624458 0.503006
vt 0.622077 0.500000
vt 0.625000 0.516225
vt 0.625000 0.239028
vt 0.625000 0.010972
vt 0.622232 0.017135
vt 0.623128 0.500000
vt 0.585272 0.500000
vt 0.584221 0.500000
vt 0.582349 0.516225
vt 0.582891 0.503006
vt 0.582891 0.503006
vt 0.582349 0.516225
vt 0.585272 0.500000
vt 0.623233 0.000000
vt 0.584116 0.000000
vt 0.582349 0.510358
vt 0.582349 0.733775
vt 0.582349 0.739643
vt 0.582349 0.250000
vt 0.582349 0.250000
vt 0.585272 0.250000
vt 0.582349 0.750000
vt 0.582349 0.733775
vt 0.582349 0.750000
vt 0.585117 0.017135
vt 0.584116 0.000000
vt 0.623233 0.000000
vt 0.622232 0.017135
vt 0.582349 0.739643
vt 0.582349 0.510358
vt 0.584221 0.250000
vt 0.623128 0.250000
vt 0.582349 0.010972
vt 0.585117 0.232865
vt 0.582349 0.239028
vt 0.625000 0.739643
vt 0.625000 0.510358
vt 0.584116 0.250000
vt 0.622232 0.232865
vt 0.623233 0.250000
vt 0.625000 0.010972
vt 0.625000 0.239028
vt 0.584221 0.500000
vt 0.623128 0.500000
vt 0.625000 0.250000
vt 0.625000 0.750000
vt 0.582349 0.250000
vt 0.625000 0.500000
vt 0.625000 0.250000
vt 0.582349 0.500000
vt 0.625000 0.000000
vt 0.582349 0.750000
vt 0.582349 0.250000
vt 0.582349 0.000000
vt 0.582349 0.250000
vt 0.582349 0.750000
vt 0.582349 0.000000
vt 0.625000 0.750000
vt 0.625000 0.250000
vt 0.582349 0.250000
vt 0.582349 0.500000
vt 0.625000 0.000000
vt 0.625000 0.500000
vt 0.625000 0.250000
vn -0.393807 0.919193 0.000000
vn -0.393807 0.919193 0.000000
vn -0.393807 0.919193 0.000000
vn -0.393807 0.919193 0.000000
vn -0.928676 0.370891 0.000000
vn -0.928676 0.370891 0.000000
vn -0.928676 0.370891 0.000000
vn -0.928676 0.370891 0.000000
vn 0.000000 0.371018 0.928626
vn 0.000000 0.371018 0.928626
vn 0.000000 0.371018 0.928626
vn 0.000000 0.371018 0.928626
vn 0.000000 0.918861 0.394580
vn 0.000000 0.918861 0.394580
vn 0.000000 0.918861 0.394580
vn 0.000000 0.918861 0.394580
vn -0.923873 0.000000 0.382699
vn -0.923873 0.000000 0.382699
vn -0.923873 0.000000 0.382699
vn -0.923873 0.000000 0.382699
vn -0.382697 0.000000 0.923874
vn -0.382697 0.000000 0.923874
vn -0.382697 0.000000 0.923874
vn -0.382697 0.000000 0.923874
vn 0.928689 0.370859 0.000000
vn 0.928689 0.370859 0.000000
vn 0.928689 0.370859 0.000000
vn 0.928689 0.370859 0.000000
vn 0.393778 0.919206 0.000000
vn 0.393778 0.919206 0.000000
vn 0.393778 0.919206 0.000000
vn 0.393778 0.919206 0.000000
vn 0.382669 0.000000 0.923886
vn 0.382669 0.000000 0.923886
vn 0.382669 0.000000 0.923886
vn 0.382669 0.000000 0.923886
vn 0.923887 0.000000 0.382666
vn 0.923887 0.000000 0.382666
vn 0.923887 0.000000 0.382666
vn 0.923887 0.000000 0.382666
vn 0.393778 -0.919206 0.000000
vn 0.393778 -0.919206 0.000000
vn 0.393778 -0.919206 0.000000
vn 0.393778 -0.919206 0.000000
vn 0.928689 -0.370859 0.000000
vn 0.928689 -0.370859 0.000000
vn 0.928689 -0.370859 0.000000
vn 0.928689 -0.370859 0.000000
vn 0.000000 -0.371020 0.928625
vn 0.000000 -0.371020 0.928625
vn 0.000000 -0.371020 0.928625
vn 0.000000 -0.371020 0.928625
vn 0.000000 -0.918861 0.394581
vn 0.000000 -0.918861 0.394581
vn 0.000000 -0.918861 0.394581
vn 0.000000 -0.918861 0.394581
vn -0.928676 -0.370891 0.000000
vn -0.928676 -0.370891 0.000000
vn -0.928676 -0.370891 0.000000
vn -0.928676 -0.370891 0.000000
vn -0.393807 -0.919193 0.000000
vn -0.393807 -0.919193 0.000000
vn -0.393807 -0.919193 0.000000
vn -0.393807 -0.919193 0.000000
vn 0.000000 -0.371024 -0.928623
vn 0.000000 -0.371024 -0.928623
vn 0.000000 -0.371024 -0.928623
vn 0.000000 -0.371024 -0.928623
vn 0.000000 -0.918860 -0.394583
vn 0.000000 -0.918860 -0.394583
vn 0.000000 -0.918860 -0.394583
vn 0.000000 -0.918860 -0.394583
vn -0.923872 0.000000 -0.382701
vn -0.923872 0.000000 -0.382701
vn -0.923872 0.000000 -0.382701
vn -0.923872 0.000000 -0.382701
vn -0.382701 0.000000 -0.923872
vn -0.382701 0.000000 -0.923872
vn -0.382701 0.000000 -0.923872
vn -0.382701 0.000000 -0.923872
vn 0.000000 0.918861 -0.394582
vn 0.000000 0.918861 -0.394582
vn 0.000000 0.918861 -0.394582
vn 0.000000 0.918861 -0.394582
vn 0.000000 0.371022 -0.928624
vn 0.000000 0.371022 -0.928624
vn 0.000000 0.371022 -0.928624
vn 0.000000 0.371022 -0.928624
vn 0.382672 0.000000 -0.923884
vn 0.382672 0.000000 -0.923884
vn 0.382672 0.000000 -0.923884
vn 0.382672 0.000000 -0.923884
vn 0.923886 0.000000 -0.382667
vn 0.923886 0.000000 -0.382667
vn 0.923886 0.000000 -0.382667
vn 0.923886 0.000000 -0.382667
vn 0.000000 0.000000 -1.000000
vn 0.000000 0.000000 -1.000000
vn 0.000000 0.000000 -1.000000
vn 0.000000 0.000000 -1.000000
vn -1.000000 0.000000 0.000000
vn -1.000000 0.000000 0.000000
vn -1.000000 0.000000 0.000000
vn -1.000000 0.000000 0.000000
vn 0.000000 -1.000000 0.000000
vn 0.000000 -1.000000 0.000000
vn 0.000000 -1.000000 0.000000
vn 0.000000 -1.000000 0.000000
vn 1.000000 0.000000 0.000000
vn 1.000000 0.000000 0.000000
vn 1.000000 0.000000 0.000000
vn 1.000000 0.000000 0.000000
vn 0.000000 1.000000 0.000000
vn 0.000000 1.000000 0.000000
vn 0.000000 1.000000 0.000000
vn 0.000000 1.000000 0.000000
vn -0.891210 0.314901 0.326469
vn -0.891210 0.314901 0.326469
vn -0.891210 0.314901 0.326469
vn -0.891210 0.314901 0.326469
vn -0.334585 0.880975 0.334568
vn -0.334585 0.880975 0.334568
vn -0.334585 0.880975 0.334568
vn -0.334585 0.880975 0.334568
vn -0.326481 0.314900 0.891206
vn -0.326481 0.314900 0.891206
vn -0.326481 0.314900 0.891206
vn -0.326481 0.314900 0.891206
vn 0.334562 0.880979 0.334581
vn 0.334562 0.880979 0.334581
vn 0.334562 0.880979 0.334581
vn 0.334562 0.880979 0.334581
vn 0.891211 0.314901 0.326467
vn 0.891211 0.314901 0.326467
vn 0.891211 0.314901 0.326467
vn 0.891211 0.314901 0.326467
vn 0.326459 0.314906 0.891212
vn 0.326459 0.314906 0.891212
vn 0.326459 0.314906 0.891212
vn 0.326459 0.314906 0.891212
vn 0.891210 -0.314902 0.326468
vn 0.891210 -0.314902 0.326468
vn 0.891210 -0.314902 0.326468
vn 0.891210 -0.314902 0.326468
vn 0.334563 -0.880980 0.334577
vn 0.334563 -0.880980 0.334577
vn 0.334563 -0.880980 0.334577
vn 0.334563 -0.880980 0.334577
vn 0.326458 -0.314907 0.891212
vn 0.326458 -0.314907 0.891212
vn 0.326458 -0.314907 0.891212
vn 0.326458 -0.314907 0.891212
vn -0.334585 -0.880975 0.334569
vn -0.334584 -0.880975 0.334569
vn -0.334585 -0.880975 0.334569
vn -0.334585 -0.880975 0.334569
vn -0.891210 -0.314902 0.326468
vn -0.891210 -0.314902 0.326468
vn -0.891210 -0.314902 0.326468
vn -0.891210 -0.314902 0.326468
vn -0.326480 -0.314901 0.891206
vn -0.326480 -0.314901 0.891206
vn -0.326480 -0.314901 0.891206
vn -0.326480 -0.314901 0.891206
vn -0.891209 -0.314903 -0.326469
vn -0.891209 -0.314903 -0.326469
vn -0.891209 -0.314903 -0.326469
vn -0.891209 -0.314903 -0.326469
vn -0.334585 -0.880974 -0.334571
vn -0.334584 -0.880974 -0.334571
vn -0.334585 -0.880974 -0.334571
vn -0.334584 -0.880974 -0.334571
vn -0.326483 -0.314902 -0.891204
vn -0.326483 -0.314902 -0.891204
vn -0.326483 -0.314902 -0.891204
vn -0.326483 -0.314902 -0.891204
vn -0.334586 0.880974 -0.334570
vn -0.334586 0.880974 -0.334570
vn -0.334586 0.880974 -0.334570
vn -0.334586 0.880974 -0.334570
vn -0.891209 0.314902 -0.326470
vn -0.891209 0.314902 -0.326470
vn -0.891209 0.314902 -0.326470
vn -0.891209 0.314902 -0.326470
vn -0.326484 0.314902 -0.891204
vn -0.326484 0.314902 -0.891204
vn -0.326484 0.314902 -0.891204
vn -0.326484 0.314902 -0.891204
vn 0.334563 -0.880980 -0.334579
vn 0.334563 -0.880980 -0.334579
vn 0.334563 -0.880980 -0.334579
vn 0.334563 -0.880980 -0.334579
vn 0.891210 -0.314902 -0.326469
vn 0.891210 -0.314902 -0.326469
vn 0.891210 -0.314902 -0.326469
vn 0.891210 -0.314902 -0.326469
vn 0.326462 -0.314909 -0.891210
vn 0.326462 -0.314909 -0.891210
vn 0.326462 -0.314910 -0.891210
vn 0.326462 -0.314910 -0.891210
vn 0.891210 0.314901 -0.326469
vn 0.891210 0.314901 -0.326469
vn 0.891210 0.314901 -0.326469
vn 0.891210 0.314901 -0.326469
vn 0.334563 0.880978 -0.334583
vn 0.334563 0.880978 -0.334583
vn 0.334563 0.880978 -0.334583
vn 0.334563 0.880978 -0.334583
vn 0.326462 0.314908 -0.891210
vn 0.326462 0.314908 -0.891210
vn 0.326462 0.314908 -0.891210
vn 0.326462 0.314908 -0.891210
s off
g S_U_08 Window_20_2:Window_20
usemtl Window_20_2:Window_20SG
f 568/755/2099 602/758/2100 597/757/2101 567/756/2102
f 567/759/2103 597/762/2104 598/761/2105 572/760/2106
f 570/763/2107 576/766/2108 577/765/2109 569/764/2110
f 569/767/2111 577/769/2112 578/768/2113 568/755/2114
f 572/760/2115 586/772/2116 587/771/2117 571/770/2118
f 571/773/2119 587/775/2120 588/774/2121 570/763/2122
f 574/776/2123 614/779/2124 609/778/2125 573/777/2126
f 573/777/2127 609/778/2128 610/780/2129 578/768/2130
f 576/766/2131 582/783/2132 583/782/2133 575/781/2134
f 575/784/2135 583/786/2136 584/785/2137 574/776/2138
f 580/787/2139 608/790/2140 603/789/2141 579/788/2142
f 579/788/2143 603/789/2144 604/791/2145 584/785/2146
f 582/783/2147 588/774/2148 589/793/2149 581/792/2150
f 581/794/2151 589/796/2152 590/795/2153 580/787/2154
f 586/772/2155 596/799/2156 591/798/2157 585/797/2158
f 585/800/2159 591/802/2160 592/801/2161 590/795/2162
f 594/803/2163 606/806/2164 607/805/2165 593/804/2166
f 593/807/2167 607/808/2168 608/790/2169 592/801/2170
f 596/799/2171 598/761/2172 599/810/2173 595/809/2174
f 595/811/2175 599/813/2176 600/812/2177 594/803/2178
f 602/758/2179 610/780/2180 611/815/2181 601/814/2182
f 601/816/2183 611/818/2184 612/817/2185 600/812/2186
f 606/806/2187 612/817/2188 613/820/2189 605/819/2190
f 605/821/2191 613/822/2192 614/779/2193 604/791/2194
f 600/812/2195 612/817/2196 606/806/2197 594/803/2198
f 598/761/2199 596/799/2200 586/772/2201 572/760/2202
f 592/801/2203 608/790/2204 580/787/2205 590/795/2206
f 604/791/2207 614/779/2208 574/776/2209 584/785/2210
f 610/780/2211 602/758/2212 568/755/2213 578/768/2214
f 571/770/2215 615/823/2216 567/759/2217 572/760/2218
f 567/756/2219 615/824/2220 569/767/2221 568/755/2222
f 569/764/2223 615/825/2224 571/773/2225 570/763/2226
f 577/769/2227 616/826/2228 573/777/2229 578/768/2230
f 573/777/2231 616/826/2232 575/784/2233 574/776/2234
f 575/781/2235 616/827/2236 577/765/2237 576/766/2238
f 583/786/2239 617/828/2240 579/788/2241 584/785/2242
f 579/788/2243 617/828/2244 581/794/2245 580/787/2246
f 581/792/2247 617/829/2248 583/782/2249 582/783/2250
f 589/796/2251 618/830/2252 585/800/2253 590/795/2254
f 585/797/2255 618/831/2256 587/771/2257 586/772/2258
f 587/775/2259 618/832/2260 589/793/2261 588/774/2262
f 595/809/2263 619/833/2264 591/798/2265 596/799/2266
f 591/802/2267 619/834/2268 593/807/2269 592/801/2270
f 593/804/2271 619/835/2272 595/811/2273 594/803/2274
f 601/814/2275 620/836/2276 597/757/2277 602/758/2278
f 597/762/2279 620/837/2280 599/810/2281 598/761/2282
f 599/813/2283 620/838/2284 601/816/2285 600/812/2286
f 607/808/2287 621/839/2288 603/789/2289 608/790/2290
f 603/789/2291 621/839/2292 605/821/2293 604/791/2294
f 605/819/2295 621/840/2296 607/805/2297 606/806/2298
f 613/822/2299 622/841/2300 609/778/2301 614/779/2302
f 609/778/2303 622/841/2304 611/815/2305 610/780/2306
f 611/818/2307 622/842/2308 613/820/2309 612/817/2310
g default
v -230.521576 229.573196 -158.786865
v -224.772720 232.042007 -158.786865
v -224.772720 229.573196 -153.037750
v -224.772720 223.612900 -150.656403
v -230.521576 223.612900 -153.037750
v -232.903046 223.612900 -158.786865
v -110.003525 229.573196 -158.786865
v -107.622299 223.612900 -158.786865
v -110.003525 223.612900 -153.037750
v -115.752884 223.612900 -150.656403
v -115.752884 229.573196 -153.037750
v -115.752884 232.042007 -158.786865
v -110.003525 6.056763 -158.786865
v -115.752884 3.587952 -158.786865
v -115.752884 6.056763 -153.037750
v -115.752884 12.017031 -150.656403
v -110.003525 12.017031 -153.037750
v -107.622299 12.017031 -158.786865
v -230.521576 6.056763 -158.786865
v -232.903046 12.017031 -158.786865
v -230.521576 12.017031 -153.037750
v -224.772720 12.017031 -150.656403
v -224.772720 6.056763 -153.037750
v -224.772720 3.587952 -158.786865
v -230.521576 6.056763 -158.788513
v -224.772720 3.587952 -158.788513
v -224.772720 6.056763 -164.537598
v -224.772720 12.017031 -166.918976
v -230.521576 12.017031 -164.537598
v -232.903046 12.017031 -158.788513
v -230.521576 229.573196 -158.788513
v -232.903046 223.612900 -158.788513
v -230.521576 223.612900 -164.537598
v -224.772720 223.612900 -166.918976
v -224.772720 229.573196 -164.537598
v -224.772720 232.042007 -158.788513
v -110.003525 6.056763 -158.788513
v -107.622299 12.017031 -158.788513
v -110.003525 12.017031 -164.537598
v -115.752884 12.017031 -166.918976
v -115.752884 6.056763 -164.537598
v -115.752884 3.587952 -158.788513
v -110.003525 229.573196 -158.788513
v -115.752884 232.042007 -158.788513
v -115.752884 229.573196 -164.537598
v -115.752884 223.612900 -166.918976
v -110.003525 223.612900 -164.537598
v -107.622299 223.612900 -158.788513
v -229.465118 228.477798 -154.094360
v -111.060226 228.477798 -154.094360
v -111.060226 7.152153 -154.094360
v -229.465118 7.152153 -154.094360
v -229.465118 7.152153 -163.480988
v -229.465118 228.477798 -163.480988
v -111.060226 7.152153 -163.480988
v -111.060226 228.477798 -163.480988
vt 0.625000 0.733776
vt 0.625000 0.750000
vt 0.625000 0.750000
vt 0.625000 0.733776
vt 0.625000 0.250000
vt 0.622077 0.250000
vt 0.622077 0.250000
vt 0.625000 0.250000
vt 0.585117 0.232865
vt 0.584116 0.250000
vt 0.623233 0.250000
vt 0.622232 0.232865
vt 0.625000 0.739643
vt 0.625000 0.516225
vt 0.625000 0.510358
vt 0.623128 0.250000
vt 0.584221 0.250000
vt 0.585272 0.250000
vt 0.582349 0.239028
vt 0.585117 0.017135
vt 0.582349 0.010972
vt 0.622077 0.500000
vt 0.624458 0.503006
vt 0.624458 0.503006
vt 0.622077 0.500000
vt 0.625000 0.516225
vt 0.625000 0.239028
vt 0.625000 0.010972
vt 0.622232 0.017135
vt 0.623128 0.500000
vt 0.585272 0.500000
vt 0.584221 0.500000
vt 0.582349 0.516225
vt 0.582891 0.503006
vt 0.582891 0.503006
vt 0.582349 0.516225
vt 0.585272 0.500000
vt 0.623233 0.000000
vt 0.584116 0.000000
vt 0.582349 0.510358
vt 0.582349 0.733775
vt 0.582349 0.739643
vt 0.582349 0.250000
vt 0.582349 0.250000
vt 0.585272 0.250000
vt 0.582349 0.750000
vt 0.582349 0.733775
vt 0.582349 0.750000
vt 0.585117 0.017135
vt 0.584116 0.000000
vt 0.623233 0.000000
vt 0.622232 0.017135
vt 0.582349 0.739643
vt 0.582349 0.510358
vt 0.584221 0.250000
vt 0.623128 0.250000
vt 0.582349 0.010972
vt 0.585117 0.232865
vt 0.582349 0.239028
vt 0.625000 0.739643
vt 0.625000 0.510358
vt 0.584116 0.250000
vt 0.622232 0.232865
vt 0.623233 0.250000
vt 0.625000 0.010972
vt 0.625000 0.239028
vt 0.584221 0.500000
vt 0.623128 0.500000
vt 0.625000 0.250000
vt 0.625000 0.750000
vt 0.582349 0.250000
vt 0.625000 0.500000
vt 0.625000 0.250000
vt 0.582349 0.500000
vt 0.625000 0.000000
vt 0.582349 0.750000
vt 0.582349 0.250000
vt 0.582349 0.000000
vt 0.582349 0.250000
vt 0.582349 0.750000
vt 0.582349 0.000000
vt 0.625000 0.750000
vt 0.625000 0.250000
vt 0.582349 0.250000
vt 0.582349 0.500000
vt 0.625000 0.000000
vt 0.625000 0.500000
vt 0.625000 0.250000
vn -0.393807 0.919193 0.000000
vn -0.393807 0.919193 0.000000
vn -0.393807 0.919193 0.000000
vn -0.393807 0.919193 0.000000
vn -0.928676 0.370892 0.000000
vn -0.928676 0.370892 0.000000
vn -0.928676 0.370892 0.000000
vn -0.928676 0.370892 0.000000
vn 0.000000 0.371018 0.928626
vn 0.000000 0.371018 0.928626
vn 0.000000 0.371018 0.928626
vn 0.000000 0.371018 0.928626
vn 0.000000 0.918862 0.394580
vn 0.000000 0.918862 0.394580
vn 0.000000 0.918862 0.394580
vn 0.000000 0.918862 0.394580
vn -0.923873 0.000000 0.382699
vn -0.923873 0.000000 0.382699
vn -0.923873 0.000000 0.382699
vn -0.923873 0.000000 0.382699
vn -0.382696 0.000000 0.923874
vn -0.382696 0.000000 0.923874
vn -0.382696 0.000000 0.923874
vn -0.382696 0.000000 0.923874
vn 0.928689 0.370860 0.000000
vn 0.928689 0.370860 0.000000
vn 0.928689 0.370860 0.000000
vn 0.928689 0.370860 0.000000
vn 0.393778 0.919206 0.000000
vn 0.393778 0.919206 0.000000
vn 0.393778 0.919206 0.000000
vn 0.393778 0.919206 0.000000
vn 0.382667 0.000000 0.923886
vn 0.382667 0.000000 0.923886
vn 0.382667 0.000000 0.923886
vn 0.382667 0.000000 0.923886
vn 0.923887 0.000000 0.382665
vn 0.923887 0.000000 0.382665
vn 0.923887 0.000000 0.382665
vn 0.923887 0.000000 0.382665
vn 0.393778 -0.919206 0.000000
vn 0.393778 -0.919206 0.000000
vn 0.393778 -0.919206 0.000000
vn 0.393778 -0.919206 0.000000
vn 0.928689 -0.370860 0.000000
vn 0.928689 -0.370860 0.000000
vn 0.928689 -0.370860 0.000000
vn 0.928689 -0.370860 0.000000
vn 0.000000 -0.371020 0.928625
vn 0.000000 -0.371020 0.928625
vn 0.000000 -0.371020 0.928625
vn 0.000000 -0.371020 0.928625
vn 0.000000 -0.918861 0.394581
vn 0.000000 -0.918861 0.394581
vn 0.000000 -0.918861 0.394581
vn 0.000000 -0.918861 0.394581
vn -0.928676 -0.370892 0.000000
vn -0.928676 -0.370892 0.000000
vn -0.928676 -0.370892 0.000000
vn -0.928676 -0.370892 0.000000
vn -0.393807 -0.919193 0.000000
vn -0.393807 -0.919193 0.000000
vn -0.393807 -0.919193 0.000000
vn -0.393807 -0.919193 0.000000
vn 0.000000 -0.371024 -0.928623
vn 0.000000 -0.371024 -0.928623
vn 0.000000 -0.371024 -0.928623
vn 0.000000 -0.371024 -0.928623
vn 0.000000 -0.918860 -0.394583
vn 0.000000 -0.918860 -0.394583
vn 0.000000 -0.918860 -0.394583
vn 0.000000 -0.918860 -0.394583
vn -0.923873 0.000000 -0.382700
vn -0.923873 0.000000 -0.382700
vn -0.923873 0.000000 -0.382700
vn -0.923873 0.000000 -0.382700
vn -0.382701 0.000000 -0.923872
vn -0.382701 0.000000 -0.923872
vn -0.382701 0.000000 -0.923872
vn -0.382701 0.000000 -0.923872
vn 0.000000 0.918861 -0.394582
vn 0.000000 0.918861 -0.394582
vn 0.000000 0.918861 -0.394582
vn 0.000000 0.918861 -0.394582
vn 0.000000 0.371022 -0.928624
vn 0.000000 0.371022 -0.928624
vn 0.000000 0.371022 -0.928624
vn 0.000000 0.371022 -0.928624
vn 0.382672 0.000000 -0.923884
vn 0.382672 0.000000 -0.923884
vn 0.382672 0.000000 -0.923884
vn 0.382672 0.000000 -0.923884
vn 0.923887 0.000000 -0.382666
vn 0.923887 0.000000 -0.382666
vn 0.923887 0.000000 -0.382666
vn 0.923887 0.000000 -0.382666
vn 0.000000 0.000000 -1.000000
vn 0.000000 0.000000 -1.000000
vn 0.000000 0.000000 -1.000000
vn 0.000000 0.000000 -1.000000
vn -1.000000 0.000000 0.000000
vn -1.000000 0.000000 0.000000
vn -1.000000 0.000000 0.000000
vn -1.000000 0.000000 0.000000
vn 0.000000 -1.000000 0.000000
vn 0.000000 -1.000000 0.000000
vn 0.000000 -1.000000 0.000000
vn 0.000000 -1.000000 0.000000
vn 1.000000 0.000000 0.000000
vn 1.000000 0.000000 0.000000
vn 1.000000 0.000000 0.000000
vn 1.000000 0.000000 0.000000
vn 0.000000 1.000000 0.000000
vn 0.000000 1.000000 0.000000
vn 0.000000 1.000000 0.000000
vn 0.000000 1.000000 0.000000
vn -0.891210 0.314903 0.326469
vn -0.891209 0.314903 0.326469
vn -0.891209 0.314903 0.326469
vn -0.891210 0.314903 0.326469
vn -0.334586 0.880975 0.334568
vn -0.334586 0.880975 0.334568
vn -0.334586 0.880975 0.334568
vn -0.334586 0.880975 0.334568
vn -0.326483 0.314901 0.891205
vn -0.326483 0.314901 0.891205
vn -0.326483 0.314901 0.891205
vn -0.326483 0.314901 0.891205
vn 0.334564 0.880978 0.334582
vn 0.334564 0.880978 0.334582
vn 0.334564 0.880978 0.334582
vn 0.334564 0.880978 0.334582
vn 0.891210 0.314903 0.326467
vn 0.891210 0.314903 0.326467
vn 0.891210 0.314903 0.326467
vn 0.891210 0.314903 0.326467
vn 0.326461 0.314906 0.891211
vn 0.326461 0.314906 0.891212
vn 0.326461 0.314906 0.891211
vn 0.326461 0.314906 0.891212
vn 0.891210 -0.314904 0.326468
vn 0.891210 -0.314904 0.326468
vn 0.891210 -0.314904 0.326468
vn 0.891210 -0.314904 0.326468
vn 0.334563 -0.880980 0.334578
vn 0.334563 -0.880980 0.334578
vn 0.334563 -0.880980 0.334578
vn 0.334563 -0.880980 0.334577
vn 0.326460 -0.314907 0.891211
vn 0.326460 -0.314907 0.891211
vn 0.326460 -0.314907 0.891211
vn 0.326460 -0.314907 0.891211
vn -0.334584 -0.880975 0.334570
vn -0.334584 -0.880975 0.334570
vn -0.334584 -0.880975 0.334570
vn -0.334584 -0.880975 0.334570
vn -0.891210 -0.314904 0.326468
vn -0.891210 -0.314904 0.326468
vn -0.891210 -0.314904 0.326468
vn -0.891210 -0.314904 0.326468
vn -0.326482 -0.314900 0.891206
vn -0.326482 -0.314900 0.891206
vn -0.326482 -0.314900 0.891206
vn -0.326482 -0.314900 0.891206
vn -0.891209 -0.314902 -0.326470
vn -0.891209 -0.314902 -0.326470
vn -0.891209 -0.314902 -0.326470
vn -0.891209 -0.314902 -0.326470
vn -0.334583 -0.880975 -0.334570
vn -0.334583 -0.880975 -0.334570
vn -0.334583 -0.880975 -0.334570
vn -0.334583 -0.880975 -0.334570
vn -0.326485 -0.314903 -0.891204
vn -0.326485 -0.314903 -0.891204
vn -0.326485 -0.314903 -0.891204
vn -0.326485 -0.314903 -0.891204
vn -0.334584 0.880975 -0.334568
vn -0.334584 0.880975 -0.334568
vn -0.334584 0.880975 -0.334568
vn -0.334584 0.880975 -0.334568
vn -0.891210 0.314900 -0.326470
vn -0.891210 0.314900 -0.326470
vn -0.891210 0.314900 -0.326470
vn -0.891210 0.314900 -0.326470
vn -0.326482 0.314902 -0.891205
vn -0.326482 0.314902 -0.891205
vn -0.326482 0.314902 -0.891205
vn -0.326482 0.314902 -0.891205
vn 0.334563 -0.880979 -0.334579
vn 0.334563 -0.880979 -0.334579
vn 0.334563 -0.880979 -0.334579
vn 0.334563 -0.880979 -0.334579
vn 0.891209 -0.314902 -0.326470
vn 0.891209 -0.314902 -0.326470
vn 0.891209 -0.314902 -0.326470
vn 0.891209 -0.314902 -0.326470
vn 0.326463 -0.314909 -0.891209
vn 0.326463 -0.314909 -0.891209
vn 0.326463 -0.314909 -0.891209
vn 0.326463 -0.314909 -0.891209
vn 0.891210 0.314901 -0.326469
vn 0.891210 0.314901 -0.326469
vn 0.891210 0.314901 -0.326469
vn 0.891210 0.314901 -0.326469
vn 0.334563 0.880978 -0.334583
vn 0.334563 0.880978 -0.334583
vn 0.334563 0.880978 -0.334583
vn 0.334563 0.880978 -0.334583
vn 0.326460 0.314908 -0.891211
vn 0.326460 0.314908 -0.891211
vn 0.326460 0.314908 -0.891211
vn 0.326460 0.314908 -0.891211
s off
g S_U_08 Window_20_3:Window_20
usemtl Window_20_3:Window_20SG
f 624/843/2311 658/846/2312 653/845/2313 623/844/2314
f 623/847/2315 653/850/2316 654/849/2317 628/848/2318
f 626/851/2319 632/854/2320 633/853/2321 625/852/2322
f 625/855/2323 633/857/2324 634/856/2325 624/843/2326
f 628/848/2327 642/860/2328 643/859/2329 627/858/2330
f 627/861/2331 643/863/2332 644/862/2333 626/851/2334
f 630/864/2335 670/867/2336 665/866/2337 629/865/2338
f 629/865/2339 665/866/2340 666/868/2341 634/856/2342
f 632/854/2343 638/871/2344 639/870/2345 631/869/2346
f 631/872/2347 639/874/2348 640/873/2349 630/864/2350
f 636/875/2351 664/878/2352 659/877/2353 635/876/2354
f 635/876/2355 659/877/2356 660/879/2357 640/873/2358
f 638/871/2359 644/862/2360 645/881/2361 637/880/2362
f 637/882/2363 645/884/2364 646/883/2365 636/875/2366
f 642/860/2367 652/887/2368 647/886/2369 641/885/2370
f 641/888/2371 647/890/2372 648/889/2373 646/883/2374
f 650/891/2375 662/894/2376 663/893/2377 649/892/2378
f 649/895/2379 663/896/2380 664/878/2381 648/889/2382
f 652/887/2383 654/849/2384 655/898/2385 651/897/2386
f 651/899/2387 655/901/2388 656/900/2389 650/891/2390
f 658/846/2391 666/868/2392 667/903/2393 657/902/2394
f 657/904/2395 667/906/2396 668/905/2397 656/900/2398
f 662/894/2399 668/905/2400 669/908/2401 661/907/2402
f 661/909/2403 669/910/2404 670/867/2405 660/879/2406
f 656/900/2407 668/905/2408 662/894/2409 650/891/2410
f 654/849/2411 652/887/2412 642/860/2413 628/848/2414
f 648/889/2415 664/878/2416 636/875/2417 646/883/2418
f 660/879/2419 670/867/2420 630/864/2421 640/873/2422
f 666/868/2423 658/846/2424 624/843/2425 634/856/2426
f 627/858/2427 671/911/2428 623/847/2429 628/848/2430
f 623/844/2431 671/912/2432 625/855/2433 624/843/2434
f 625/852/2435 671/913/2436 627/861/2437 626/851/2438
f 633/857/2439 672/914/2440 629/865/2441 634/856/2442
f 629/865/2443 672/914/2444 631/872/2445 630/864/2446
f 631/869/2447 672/915/2448 633/853/2449 632/854/2450
f 639/874/2451 673/916/2452 635/876/2453 640/873/2454
f 635/876/2455 673/916/2456 637/882/2457 636/875/2458
f 637/880/2459 673/917/2460 639/870/2461 638/871/2462
f 645/884/2463 674/918/2464 641/888/2465 646/883/2466
f 641/885/2467 674/919/2468 643/859/2469 642/860/2470
f 643/863/2471 674/920/2472 645/881/2473 644/862/2474
f 651/897/2475 675/921/2476 647/886/2477 652/887/2478
f 647/890/2479 675/922/2480 649/895/2481 648/889/2482
f 649/892/2483 675/923/2484 651/899/2485 650/891/2486
f 657/902/2487 676/924/2488 653/845/2489 658/846/2490
f 653/850/2491 676/925/2492 655/898/2493 654/849/2494
f 655/901/2495 676/926/2496 657/904/2497 656/900/2498
f 663/896/2499 677/927/2500 659/877/2501 664/878/2502
f 659/877/2503 677/927/2504 661/909/2505 660/879/2506
f 661/907/2507 677/928/2508 663/893/2509 662/894/2510
f 669/910/2511 678/929/2512 665/866/2513 670/867/2514
f 665/866/2515 678/929/2516 667/903/2517 666/868/2518
f 667/906/2519 678/930/2520 669/908/2521 668/905/2522
g default
v -353.421143 229.573196 -158.787689
v -347.672302 232.042007 -158.787689
v -347.672302 229.573196 -153.038574
v -347.672302 223.612900 -150.657227
v -353.421143 223.612900 -153.038574
v -355.802612 223.612900 -158.787689
v -232.903091 229.573196 -158.787689
v -230.521866 223.612900 -158.787689
v -232.903091 223.612900 -153.038574
v -238.652451 223.612900 -150.657227
v -238.652451 229.573196 -153.038574
v -238.652451 232.042007 -158.787689
v -232.903091 6.056763 -158.787689
v -238.652451 3.587952 -158.787689
v -238.652451 6.056763 -153.038574
v -238.652451 12.017031 -150.657227
v -232.903091 12.017031 -153.038574
v -230.521866 12.017031 -158.787689
v -353.421143 6.056763 -158.787689
v -355.802612 12.017031 -158.787689
v -353.421143 12.017031 -153.038574
v -347.672302 12.017031 -150.657227
v -347.672302 6.056763 -153.038574
v -347.672302 3.587952 -158.787689
v -353.421143 6.056763 -158.789337
v -347.672302 3.587952 -158.789337
v -347.672302 6.056763 -164.538422
v -347.672302 12.017031 -166.919800
v -353.421143 12.017031 -164.538422
v -355.802612 12.017031 -158.789337
v -353.421143 229.573196 -158.789337
v -355.802612 223.612900 -158.789337
v -353.421143 223.612900 -164.538422
v -347.672302 223.612900 -166.919800
v -347.672302 229.573196 -164.538422
v -347.672302 232.042007 -158.789337
v -232.903091 6.056763 -158.789337
v -230.521866 12.017031 -158.789337
v -232.903091 12.017031 -164.538422
v -238.652451 12.017031 -166.919800
v -238.652451 6.056763 -164.538422
v -238.652451 3.587952 -158.789337
v -232.903091 229.573196 -158.789337
v -238.652451 232.042007 -158.789337
v -238.652451 229.573196 -164.538422
v -238.652451 223.612900 -166.919800
v -232.903091 223.612900 -164.538422
v -230.521866 223.612900 -158.789337
v -352.364685 228.477798 -154.095184
v -233.959793 228.477798 -154.095184
v -233.959793 7.152153 -154.095184
v -352.364685 7.152153 -154.095184
v -352.364685 7.152153 -163.481812
v -352.364685 228.477798 -163.481812
v -233.959793 7.152153 -163.481812
v -233.959793 228.477798 -163.481812
vt 0.625000 0.733776
vt 0.625000 0.750000
vt 0.625000 0.750000
vt 0.625000 0.733776
vt 0.625000 0.250000
vt 0.622077 0.250000
vt 0.622077 0.250000
vt 0.625000 0.250000
vt 0.585117 0.232865
vt 0.584116 0.250000
vt 0.623233 0.250000
vt 0.622232 0.232865
vt 0.625000 0.739643
vt 0.625000 0.516225
vt 0.625000 0.510358
vt 0.623128 0.250000
vt 0.584221 0.250000
vt 0.585272 0.250000
vt 0.582349 0.239028
vt 0.585117 0.017135
vt 0.582349 0.010972
vt 0.622077 0.500000
vt 0.624458 0.503006
vt 0.624458 0.503006
vt 0.622077 0.500000
vt 0.625000 0.516225
vt 0.625000 0.239028
vt 0.625000 0.010972
vt 0.622232 0.017135
vt 0.623128 0.500000
vt 0.585272 0.500000
vt 0.584221 0.500000
vt 0.582349 0.516225
vt 0.582891 0.503006
vt 0.582891 0.503006
vt 0.582349 0.516225
vt 0.585272 0.500000
vt 0.623233 0.000000
vt 0.584116 0.000000
vt 0.582349 0.510358
vt 0.582349 0.733775
vt 0.582349 0.739643
vt 0.582349 0.250000
vt 0.582349 0.250000
vt 0.585272 0.250000
vt 0.582349 0.750000
vt 0.582349 0.733775
vt 0.582349 0.750000
vt 0.585117 0.017135
vt 0.584116 0.000000
vt 0.623233 0.000000
vt 0.622232 0.017135
vt 0.582349 0.739643
vt 0.582349 0.510358
vt 0.584221 0.250000
vt 0.623128 0.250000
vt 0.582349 0.010972
vt 0.585117 0.232865
vt 0.582349 0.239028
vt 0.625000 0.739643
vt 0.625000 0.510358
vt 0.584116 0.250000
vt 0.622232 0.232865
vt 0.623233 0.250000
vt 0.625000 0.010972
vt 0.625000 0.239028
vt 0.584221 0.500000
vt 0.623128 0.500000
vt 0.625000 0.250000
vt 0.625000 0.750000
vt 0.582349 0.250000
vt 0.625000 0.500000
vt 0.625000 0.250000
vt 0.582349 0.500000
vt 0.625000 0.000000
vt 0.582349 0.750000
vt 0.582349 0.250000
vt 0.582349 0.000000
vt 0.582349 0.250000
vt 0.582349 0.750000
vt 0.582349 0.000000
vt 0.625000 0.750000
vt 0.625000 0.250000
vt 0.582349 0.250000
vt 0.582349 0.500000
vt 0.625000 0.000000
vt 0.625000 0.500000
vt 0.625000 0.250000
vn -0.396305 0.918119 0.000000
vn -0.396305 0.918119 0.000000
vn -0.396305 0.918119 0.000000
vn -0.396305 0.918119 0.000000
vn -0.928676 0.370892 0.000000
vn -0.928676 0.370892 0.000000
vn -0.928676 0.370892 0.000000
vn -0.928676 0.370892 0.000000
vn 0.000000 0.371019 0.928625
vn 0.000000 0.371019 0.928625
vn 0.000000 0.371019 0.928625
vn 0.000000 0.371019 0.928625
vn 0.000000 0.918860 0.394583
vn 0.000000 0.918860 0.394583
vn 0.000000 0.918860 0.394583
vn 0.000000 0.918860 0.394583
vn -0.923874 0.000000 0.382698
vn -0.923874 0.000000 0.382698
vn -0.923874 0.000000 0.382698
vn -0.923874 0.000000 0.382698
vn -0.382697 0.000000 0.923874
vn -0.382697 0.000000 0.923874
vn -0.382697 0.000000 0.923874
vn -0.382697 0.000000 0.923874
vn 0.928690 0.370858 0.000000
vn 0.928690 0.370858 0.000000
vn 0.928690 0.370858 0.000000
vn 0.928690 0.370858 0.000000
vn 0.396275 0.918132 0.000000
vn 0.396275 0.918132 0.000000
vn 0.396275 0.918132 0.000000
vn 0.396275 0.918132 0.000000
vn 0.382667 0.000000 0.923886
vn 0.382667 0.000000 0.923886
vn 0.382667 0.000000 0.923886
vn 0.382667 0.000000 0.923886
vn 0.923887 0.000000 0.382664
vn 0.923887 0.000000 0.382664
vn 0.923887 0.000000 0.382664
vn 0.923887 0.000000 0.382664
vn 0.396275 -0.918132 0.000000
vn 0.396275 -0.918132 0.000000
vn 0.396275 -0.918132 0.000000
vn 0.396275 -0.918132 0.000000
vn 0.928690 -0.370858 0.000000
vn 0.928690 -0.370858 0.000000
vn 0.928690 -0.370858 0.000000
vn 0.928690 -0.370858 0.000000
vn 0.000000 -0.371020 0.928625
vn 0.000000 -0.371020 0.928625
vn 0.000000 -0.371020 0.928625
vn 0.000000 -0.371020 0.928625
vn 0.000000 -0.918861 0.394581
vn 0.000000 -0.918861 0.394581
vn 0.000000 -0.918861 0.394581
vn 0.000000 -0.918861 0.394581
vn -0.928676 -0.370892 0.000000
vn -0.928676 -0.370892 0.000000
vn -0.928676 -0.370892 0.000000
vn -0.928676 -0.370892 0.000000
vn -0.396305 -0.918119 0.000000
vn -0.396305 -0.918119 0.000000
vn -0.396305 -0.918119 0.000000
vn -0.396305 -0.918119 0.000000
vn 0.000000 -0.371024 -0.928623
vn 0.000000 -0.371024 -0.928623
vn 0.000000 -0.371024 -0.928623
vn 0.000000 -0.371024 -0.928623
vn 0.000000 -0.918860 -0.394583
vn 0.000000 -0.918860 -0.394583
vn 0.000000 -0.918860 -0.394583
vn 0.000000 -0.918860 -0.394583
vn -0.923873 0.000000 -0.382700
vn -0.923873 0.000000 -0.382700
vn -0.923873 0.000000 -0.382700
vn -0.923873 0.000000 -0.382700
vn -0.382699 0.000000 -0.923873
vn -0.382699 0.000000 -0.923873
vn -0.382699 0.000000 -0.923873
vn -0.382699 0.000000 -0.923873
vn 0.000000 0.918860 -0.394584
vn 0.000000 0.918860 -0.394584
vn 0.000000 0.918860 -0.394584
vn 0.000000 0.918860 -0.394584
vn 0.000000 0.371023 -0.928624
vn 0.000000 0.371023 -0.928624
vn 0.000000 0.371023 -0.928624
vn 0.000000 0.371023 -0.928624
vn 0.382670 0.000000 -0.923885
vn 0.382670 0.000000 -0.923885
vn 0.382670 0.000000 -0.923885
vn 0.382670 0.000000 -0.923885
vn 0.923887 0.000000 -0.382666
vn 0.923887 0.000000 -0.382666
vn 0.923887 0.000000 -0.382666
vn 0.923887 0.000000 -0.382666
vn 0.000000 0.000000 -1.000000
vn 0.000000 0.000000 -1.000000
vn 0.000000 0.000000 -1.000000
vn 0.000000 0.000000 -1.000000
vn -1.000000 0.000000 0.000000
vn -1.000000 0.000000 0.000000
vn -1.000000 0.000000 0.000000
vn -1.000000 0.000000 0.000000
vn 0.000000 -1.000000 0.000000
vn 0.000000 -1.000000 0.000000
vn 0.000000 -1.000000 0.000000
vn 0.000000 -1.000000 0.000000
vn 1.000000 0.000000 0.000000
vn 1.000000 0.000000 0.000000
vn 1.000000 0.000000 0.000000
vn 1.000000 0.000000 0.000000
vn 0.000000 1.000000 0.000000
vn 0.000000 1.000000 0.000000
vn 0.000000 1.000000 0.000000
vn 0.000000 1.000000 0.000000
vn -0.891211 0.314898 0.326468
vn -0.891211 0.314898 0.326468
vn -0.891211 0.314898 0.326468
vn -0.891211 0.314898 0.326468
vn -0.334584 0.880974 0.334572
vn -0.334584 0.880974 0.334572
vn -0.334584 0.880974 0.334572
vn -0.334584 0.880974 0.334572
vn -0.326481 0.314899 0.891206
vn -0.326481 0.314899 0.891206
vn -0.326481 0.314899 0.891206
vn -0.326481 0.314899 0.891206
vn 0.334562 0.880979 0.334581
vn 0.334562 0.880979 0.334581
vn 0.334562 0.880979 0.334581
vn 0.334562 0.880979 0.334581
vn 0.891212 0.314898 0.326466
vn 0.891212 0.314898 0.326466
vn 0.891212 0.314898 0.326466
vn 0.891212 0.314898 0.326466
vn 0.326459 0.314905 0.891212
vn 0.326459 0.314905 0.891212
vn 0.326459 0.314905 0.891212
vn 0.326459 0.314905 0.891212
vn 0.891210 -0.314901 0.326469
vn 0.891210 -0.314901 0.326469
vn 0.891210 -0.314901 0.326469
vn 0.891210 -0.314901 0.326469
vn 0.334562 -0.880980 0.334577
vn 0.334562 -0.880980 0.334577
vn 0.334562 -0.880980 0.334577
vn 0.334562 -0.880980 0.334577
vn 0.326460 -0.314906 0.891211
vn 0.326460 -0.314906 0.891211
vn 0.326460 -0.314906 0.891211
vn 0.326460 -0.314906 0.891211
vn -0.334584 -0.880975 0.334569
vn -0.334584 -0.880975 0.334569
vn -0.334584 -0.880975 0.334569
vn -0.334584 -0.880975 0.334569
vn -0.891210 -0.314901 0.326469
vn -0.891210 -0.314901 0.326469
vn -0.891210 -0.314901 0.326469
vn -0.891210 -0.314901 0.326469
vn -0.326482 -0.314900 0.891205
vn -0.326482 -0.314900 0.891205
vn -0.326482 -0.314900 0.891205
vn -0.326482 -0.314900 0.891205
vn -0.891210 -0.314902 -0.326470
vn -0.891210 -0.314902 -0.326470
vn -0.891210 -0.314902 -0.326470
vn -0.891210 -0.314902 -0.326470
vn -0.334587 -0.880973 -0.334572
vn -0.334587 -0.880973 -0.334572
vn -0.334587 -0.880973 -0.334572
vn -0.334587 -0.880973 -0.334572
vn -0.326484 -0.314902 -0.891204
vn -0.326484 -0.314902 -0.891204
vn -0.326484 -0.314902 -0.891204
vn -0.326484 -0.314902 -0.891204
vn -0.334587 0.880972 -0.334576
vn -0.334587 0.880972 -0.334576
vn -0.334587 0.880972 -0.334576
vn -0.334587 0.880972 -0.334576
vn -0.891209 0.314901 -0.326471
vn -0.891209 0.314901 -0.326471
vn -0.891209 0.314901 -0.326471
vn -0.891209 0.314901 -0.326471
vn -0.326484 0.314900 -0.891205
vn -0.326484 0.314900 -0.891205
vn -0.326484 0.314900 -0.891205
vn -0.326484 0.314900 -0.891205
vn 0.334564 -0.880979 -0.334579
vn 0.334564 -0.880979 -0.334579
vn 0.334564 -0.880979 -0.334579
vn 0.334564 -0.880979 -0.334579
vn 0.891210 -0.314902 -0.326470
vn 0.891210 -0.314902 -0.326470
vn 0.891210 -0.314902 -0.326470
vn 0.891210 -0.314902 -0.326470
vn 0.326462 -0.314910 -0.891210
vn 0.326462 -0.314910 -0.891210
vn 0.326462 -0.314910 -0.891210
vn 0.326462 -0.314910 -0.891210
vn 0.891210 0.314901 -0.326469
vn 0.891210 0.314901 -0.326469
vn 0.891210 0.314901 -0.326469
vn 0.891210 0.314901 -0.326469
vn 0.334564 0.880977 -0.334584
vn 0.334564 0.880977 -0.334584
vn 0.334564 0.880977 -0.334584
vn 0.334564 0.880977 -0.334584
vn 0.326462 0.314908 -0.891210
vn 0.326462 0.314908 -0.891210
vn 0.326462 0.314908 -0.891210
vn 0.326462 0.314908 -0.891210
s off
g S_U_08 Window_20_4:Window_20
usemtl Window_20_4:Window_20SG
f 680/931/2523 714/934/2524 709/933/2525 679/932/2526
f 679/935/2527 709/938/2528 710/937/2529 684/936/2530
f 682/939/2531 688/942/2532 689/941/2533 681/940/2534
f 681/943/2535 689/945/2536 690/944/2537 680/931/2538
f 684/936/2539 698/948/2540 699/947/2541 683/946/2542
f 683/949/2543 699/951/2544 700/950/2545 682/939/2546
f 686/952/2547 726/955/2548 721/954/2549 685/953/2550
f 685/953/2551 721/954/2552 722/956/2553 690/944/2554
f 688/942/2555 694/959/2556 695/958/2557 687/957/2558
f 687/960/2559 695/962/2560 696/961/2561 686/952/2562
f 692/963/2563 720/966/2564 715/965/2565 691/964/2566
f 691/964/2567 715/965/2568 716/967/2569 696/961/2570
f 694/959/2571 700/950/2572 701/969/2573 693/968/2574
f 693/970/2575 701/972/2576 702/971/2577 692/963/2578
f 698/948/2579 708/975/2580 703/974/2581 697/973/2582
f 697/976/2583 703/978/2584 704/977/2585 702/971/2586
f 706/979/2587 718/982/2588 719/981/2589 705/980/2590
f 705/983/2591 719/984/2592 720/966/2593 704/977/2594
f 708/975/2595 710/937/2596 711/986/2597 707/985/2598
f 707/987/2599 711/989/2600 712/988/2601 706/979/2602
f 714/934/2603 722/956/2604 723/991/2605 713/990/2606
f 713/992/2607 723/994/2608 724/993/2609 712/988/2610
f 718/982/2611 724/993/2612 725/996/2613 717/995/2614
f 717/997/2615 725/998/2616 726/955/2617 716/967/2618
f 712/988/2619 724/993/2620 718/982/2621 706/979/2622
f 710/937/2623 708/975/2624 698/948/2625 684/936/2626
f 704/977/2627 720/966/2628 692/963/2629 702/971/2630
f 716/967/2631 726/955/2632 686/952/2633 696/961/2634
f 722/956/2635 714/934/2636 680/931/2637 690/944/2638
f 683/946/2639 727/999/2640 679/935/2641 684/936/2642
f 679/932/2643 727/1000/2644 681/943/2645 680/931/2646
f 681/940/2647 727/1001/2648 683/949/2649 682/939/2650
f 689/945/2651 728/1002/2652 685/953/2653 690/944/2654
f 685/953/2655 728/1002/2656 687/960/2657 686/952/2658
f 687/957/2659 728/1003/2660 689/941/2661 688/942/2662
f 695/962/2663 729/1004/2664 691/964/2665 696/961/2666
f 691/964/2667 729/1004/2668 693/970/2669 692/963/2670
f 693/968/2671 729/1005/2672 695/958/2673 694/959/2674
f 701/972/2675 730/1006/2676 697/976/2677 702/971/2678
f 697/973/2679 730/1007/2680 699/947/2681 698/948/2682
f 699/951/2683 730/1008/2684 701/969/2685 700/950/2686
f 707/985/2687 731/1009/2688 703/974/2689 708/975/2690
f 703/978/2691 731/1010/2692 705/983/2693 704/977/2694
f 705/980/2695 731/1011/2696 707/987/2697 706/979/2698
f 713/990/2699 732/1012/2700 709/933/2701 714/934/2702
f 709/938/2703 732/1013/2704 711/986/2705 710/937/2706
f 711/989/2707 732/1014/2708 713/992/2709 712/988/2710
f 719/984/2711 733/1015/2712 715/965/2713 720/966/2714
f 715/965/2715 733/1015/2716 717/997/2717 716/967/2718
f 717/995/2719 733/1016/2720 719/981/2721 718/982/2722
f 725/998/2723 734/1017/2724 721/954/2725 726/955/2726
f 721/954/2727 734/1017/2728 723/991/2729 722/956/2730
f 723/994/2731 734/1018/2732 725/996/2733 724/993/2734
g default
v -358.504883 6.209242 -155.072052
v -356.801514 12.473783 -153.138397
v -352.939453 15.797094 -158.694000
v -354.301514 13.291948 -164.414062
v -356.428955 6.465134 -163.071625
v -361.755371 3.644119 -160.230286
v -358.504883 229.087372 -155.072052
v -361.755371 231.652466 -160.230286
v -356.171265 229.065704 -162.737274
v -353.857910 222.822815 -163.761139
v -352.871094 222.952545 -157.773834
v -356.801514 222.822815 -153.138397
v -364.979492 229.052063 -166.497711
v -366.224365 222.768280 -168.634857
v -359.796753 222.605011 -168.783173
v -354.648071 222.713593 -164.924438
v -356.804443 229.040405 -163.689636
v -362.225830 231.652466 -161.211243
v -364.979492 6.244549 -166.497711
v -362.225830 3.644119 -161.211243
v -356.820312 6.239235 -163.710266
v -354.674805 12.528322 -164.963623
v -358.946899 11.168509 -168.240540
v -366.224365 12.528322 -168.634857
v -398.856110 6.230045 -40.972427
v -404.809845 3.644043 -42.366669
v -405.104401 6.230804 -36.254852
v -405.213165 12.473707 -33.728241
v -399.295441 12.763517 -34.996735
v -396.397247 12.473707 -40.363541
v -398.856232 229.066391 -40.972427
v -396.397369 222.822739 -40.363541
v -399.592804 221.826645 -34.958420
v -405.974396 222.014053 -33.899231
v -405.505402 228.834183 -36.370239
v -404.809967 231.652390 -42.366684
v -413.645172 229.066391 -44.289612
v -407.686066 231.652390 -43.012695
v -408.058136 229.065903 -36.926819
v -408.262238 222.822739 -34.413116
v -413.968292 223.436386 -38.039230
v -416.120880 222.822739 -44.784424
v -413.645294 6.230045 -44.289612
v -416.121002 12.473707 -44.784424
v -414.230988 11.829294 -38.147079
v -408.880402 11.816893 -34.551941
v -408.393097 6.030977 -37.019196
v -407.686188 3.644043 -43.012711
v -386.724884 12.473783 -134.476288
v -388.863068 6.230249 -135.934052
v -394.025299 3.644119 -139.453430
v -375.842560 3.644119 -154.860870
v -370.063019 6.230249 -149.246582
v -369.793335 12.473783 -147.124847
v -369.793335 222.822815 -147.124847
v -370.063019 229.066345 -149.246582
v -375.842560 231.652466 -154.860870
v -386.724884 222.822815 -134.476288
v -388.863068 229.066345 -135.934052
v -394.025299 231.652466 -139.453430
v -393.290680 12.473783 -115.239708
v -395.760651 6.230249 -115.725471
v -401.723785 3.644119 -116.898232
v -401.723785 231.652466 -116.898262
v -395.760651 229.066345 -115.725502
v -393.290680 222.822815 -115.239723
v -405.975739 222.822815 -148.526978
v -403.876373 229.066345 -146.987946
v -398.808136 231.652466 -143.272430
v -385.540314 231.652466 -153.325317
v -388.476837 229.066345 -158.656097
v -389.693146 222.822815 -160.864166
v -389.693146 12.473783 -160.864166
v -388.476837 6.230249 -158.656097
v -385.540314 3.644119 -153.325317
v -405.975739 12.473783 -148.526978
v -403.876373 6.230249 -146.987946
v -398.808136 3.644119 -143.272430
v -412.842194 222.822815 -129.286926
v -410.370392 229.066345 -128.791290
v -404.403107 231.652466 -127.594749
v -404.403107 3.644119 -127.594749
v -410.370392 6.230249 -128.791290
v -412.842194 12.473783 -129.286926
v -354.627441 8.169434 -158.609711
v -354.533325 227.977722 -158.169983
v -360.238403 227.836761 -167.369873
v -359.762939 6.825558 -167.115662
v -400.278473 7.500900 -36.328705
v -400.472687 227.535110 -36.354996
v -412.827667 228.142807 -39.003174
v -413.004791 7.104912 -39.091736
vt 0.398468 0.572131
vt 0.396883 0.573357
vt 0.396829 0.699440
vt 0.398542 0.699082
vt 0.394800 0.571133
vt 0.394800 0.699082
vt 0.393930 0.560361
vt 0.397643 0.562307
vt 0.397523 0.562186
vt 0.393914 0.560361
vt 0.398406 0.571200
vt 0.397648 0.707652
vt 0.397470 0.707634
vt 0.398410 0.698949
vt 0.393930 0.709854
vt 0.393914 0.709854
vt 0.396524 0.699067
vt 0.396830 0.569263
vt 0.394484 0.699015
vt 0.394484 0.571200
vt 0.198313 0.178867
vt 0.196699 0.186958
vt 0.195022 0.186975
vt 0.197010 0.179668
vt 0.190404 0.189639
vt 0.189382 0.189639
vt 0.193498 0.178867
vt 0.196202 0.178705
vt 0.196029 0.051936
vt 0.193492 0.050918
vt 0.198039 0.051905
vt 0.190401 0.040146
vt 0.196537 0.042770
vt 0.195245 0.042724
vt 0.189380 0.040146
vt 0.197227 0.050918
vt 0.187987 0.050918
vt 0.192850 0.049871
vt 0.192781 0.179919
vt 0.187987 0.178867
vt 0.375000 0.560361
vt 0.375000 0.560360
vt 0.387169 0.560360
vt 0.387670 0.560361
vt 0.375000 0.571133
vt 0.387169 0.571133
vt 0.125250 0.040146
vt 0.125000 0.040146
vt 0.145818 0.040146
vt 0.147466 0.040146
vt 0.125000 0.050918
vt 0.145818 0.050918
vt 0.375000 0.709854
vt 0.375000 0.709854
vt 0.384712 0.709854
vt 0.383364 0.709854
vt 0.375000 0.699082
vt 0.384712 0.699082
vt 0.125016 0.189639
vt 0.125000 0.189639
vt 0.142278 0.189639
vt 0.139791 0.189639
vt 0.125000 0.178867
vt 0.142278 0.178867
vt 0.375000 0.571133
vt 0.384712 0.571133
vt 0.125000 0.050918
vt 0.142278 0.050918
vt 0.387670 0.709854
vt 0.139790 0.040146
vt 0.147468 0.189639
vt 0.383364 0.560361
vt 0.375000 0.709854
vt 0.125016 0.040146
vt 0.125250 0.189639
vt 0.375000 0.560361
vt 0.125000 0.178867
vt 0.125000 0.189639
vt 0.145820 0.189639
vt 0.145820 0.178867
vt 0.394774 0.563933
vt 0.394880 0.706525
vt 0.387169 0.709854
vt 0.387169 0.699082
vt 0.375000 0.709854
vt 0.375000 0.699082
vt 0.192674 0.185028
vt 0.192678 0.044872
vt 0.125000 0.040146
vt 0.142278 0.040146
vt 0.394419 0.705948
vt 0.394372 0.564560
vt 0.384712 0.560361
vt 0.375000 0.560361
vt 0.188555 0.045016
vt 0.188610 0.184873
vt 0.399340 0.560360
vt 0.399340 0.709854
vt 0.397683 0.709854
vt 0.397683 0.560361
vt 0.201266 0.189639
vt 0.201259 0.040146
vt 0.194276 0.040146
vt 0.194276 0.189639
vn 0.980481 -0.000462 -0.196612
vn 0.980481 -0.000462 -0.196612
vn 0.980481 -0.000462 -0.196612
vn 0.980481 -0.000462 -0.196612
vn 0.794622 -0.001468 0.607103
vn 0.794622 -0.001468 0.607103
vn 0.794622 -0.001468 0.607103
vn 0.794622 -0.001468 0.607103
vn 0.411540 -0.906683 -0.092524
vn 0.411540 -0.906683 -0.092524
vn 0.411540 -0.906683 -0.092524
vn 0.411540 -0.906683 -0.092524
vn 0.893196 -0.347472 -0.285419
vn 0.893196 -0.347472 -0.285419
vn 0.893196 -0.347472 -0.285419
vn 0.893196 -0.347472 -0.285419
vn 0.760929 0.366759 -0.535234
vn 0.760929 0.366759 -0.535234
vn 0.760929 0.366759 -0.535234
vn 0.760929 0.366759 -0.535234
vn 0.340053 0.917537 -0.206130
vn 0.340053 0.917537 -0.206130
vn 0.340053 0.917537 -0.206130
vn 0.340053 0.917537 -0.206130
vn 0.603767 0.000227 -0.797161
vn 0.603767 0.000227 -0.797161
vn 0.603767 0.000227 -0.797161
vn 0.603767 0.000227 -0.797161
vn 0.017806 -0.001251 -0.999841
vn 0.017806 -0.001251 -0.999841
vn 0.017806 -0.001251 -0.999841
vn 0.017806 -0.001251 -0.999841
vn -0.160044 -0.385242 0.908831
vn -0.160043 -0.385243 0.908831
vn -0.160044 -0.385242 0.908831
vn -0.160044 -0.385243 0.908831
vn -0.055913 -0.925142 0.375482
vn -0.055913 -0.925142 0.375482
vn -0.055913 -0.925142 0.375482
vn -0.055913 -0.925142 0.375482
vn 0.870369 0.000572 0.492401
vn 0.870369 0.000572 0.492401
vn 0.870368 0.000572 0.492401
vn 0.870368 0.000572 0.492401
vn 0.185946 0.000782 0.982560
vn 0.185946 0.000782 0.982560
vn 0.185946 0.000782 0.982560
vn 0.185946 0.000782 0.982560
vn -0.050529 0.913326 0.404083
vn -0.050529 0.913326 0.404083
vn -0.050529 0.913326 0.404083
vn -0.050529 0.913326 0.404083
vn -0.127215 0.359329 0.924499
vn -0.127215 0.359329 0.924499
vn -0.127215 0.359329 0.924499
vn -0.127215 0.359329 0.924499
vn -0.957276 0.000522 0.289176
vn -0.957276 0.000522 0.289176
vn -0.957276 0.000522 0.289176
vn -0.957276 0.000522 0.289176
vn -0.546794 0.000651 0.837267
vn -0.546794 0.000651 0.837267
vn -0.546794 0.000651 0.837267
vn -0.546794 0.000651 0.837267
vn 0.213564 -0.937423 0.275007
vn 0.213564 -0.937423 0.275007
vn 0.213564 -0.937423 0.275007
vn 0.213564 -0.937423 0.275007
vn 0.555612 -0.326349 0.764717
vn 0.555612 -0.326349 0.764717
vn 0.555612 -0.326349 0.764717
vn 0.555612 -0.326349 0.764717
vn 0.373429 0.918861 0.127458
vn 0.373428 0.918861 0.127458
vn 0.373428 0.918861 0.127458
vn 0.373429 0.918861 0.127458
vn 0.878845 0.371015 0.299967
vn 0.878845 0.371015 0.299967
vn 0.878845 0.371015 0.299967
vn 0.878845 0.371015 0.299967
vn -0.238296 0.918860 -0.314501
vn -0.238296 0.918860 -0.314501
vn -0.238296 0.918860 -0.314501
vn -0.238296 0.918860 -0.314501
vn -0.560813 0.371018 -0.740159
vn -0.560813 0.371017 -0.740159
vn -0.560813 0.371017 -0.740159
vn -0.560813 0.371017 -0.740159
vn -0.371628 -0.918860 -0.132626
vn -0.371628 -0.918860 -0.132626
vn -0.371628 -0.918860 -0.132626
vn -0.371628 -0.918860 -0.132626
vn -0.874596 -0.371023 -0.312127
vn -0.874596 -0.371023 -0.312127
vn -0.874596 -0.371023 -0.312127
vn -0.874596 -0.371023 -0.312127
vn 0.827212 -0.000000 -0.561890
vn 0.827212 -0.000000 -0.561890
vn 0.827212 -0.000000 -0.561890
vn 0.827212 -0.000000 -0.561890
vn -0.219152 0.000000 0.975691
vn -0.219152 0.000000 0.975691
vn -0.219152 0.000000 0.975691
vn -0.219152 0.000000 0.975691
vn -0.603916 0.000000 -0.797048
vn -0.603916 0.000000 -0.797048
vn -0.603916 0.000000 -0.797048
vn -0.603916 0.000000 -0.797048
vn -0.941819 0.000000 -0.336120
vn -0.941819 0.000000 -0.336120
vn -0.941819 0.000000 -0.336120
vn -0.941819 0.000000 -0.336120
vn -0.314325 0.000000 -0.949315
vn -0.314325 0.000000 -0.949315
vn -0.314325 0.000000 -0.949315
vn -0.314325 0.000000 -0.949315
vn -0.999248 0.000000 -0.038771
vn -0.999248 0.000000 -0.038771
vn -0.999248 0.000000 -0.038771
vn -0.999248 0.000000 -0.038771
vn 0.000000 1.000000 -0.000017
vn 0.000000 1.000000 -0.000017
vn 0.000000 1.000000 -0.000017
vn 0.000000 1.000000 -0.000017
vn -0.000002 1.000000 0.000001
vn -0.000002 1.000000 0.000001
vn -0.000002 1.000000 0.000001
vn -0.000002 1.000000 0.000001
vn 0.000002 -1.000000 -0.000001
vn 0.000002 -1.000000 -0.000001
vn 0.000002 -1.000000 -0.000001
vn 0.000002 -1.000000 -0.000001
vn 0.000000 -1.000000 -0.000000
vn 0.000000 -1.000000 -0.000000
vn 0.000000 -1.000000 -0.000000
vn 0.000000 -1.000000 -0.000000
vn 0.000000 1.000000 0.000000
vn 0.000000 1.000000 0.000000
vn 0.000000 1.000000 0.000000
vn 0.000000 1.000000 0.000000
vn 0.000000 1.000000 0.000000
vn 0.000000 1.000000 0.000000
vn 0.000000 1.000000 0.000000
vn 0.000000 1.000000 0.000000
vn 0.000000 -1.000000 0.000000
vn 0.000000 -1.000000 0.000000
vn 0.000000 -1.000000 0.000000
vn 0.000000 -1.000000 0.000000
vn 0.000000 -1.000000 0.000000
vn 0.000000 -1.000000 0.000000
vn 0.000000 -1.000000 0.000000
vn 0.000000 -1.000000 0.000000
vn 0.878847 -0.371009 0.299967
vn 0.878847 -0.371009 0.299967
vn 0.878847 -0.371009 0.299967
vn 0.878847 -0.371009 0.299967
vn 0.373428 -0.918861 0.127458
vn 0.373428 -0.918861 0.127458
vn 0.373428 -0.918861 0.127458
vn 0.373428 -0.918861 0.127458
vn 0.408387 -0.339181 0.847453
vn 0.408387 -0.339181 0.847453
vn 0.408387 -0.339181 0.847453
vn 0.408387 -0.339181 0.847453
vn 0.142190 -0.934097 0.327482
vn 0.142190 -0.934097 0.327482
vn 0.142190 -0.934097 0.327482
vn 0.142190 -0.934097 0.327482
vn 0.142188 0.934098 0.327481
vn 0.142188 0.934098 0.327481
vn 0.142188 0.934098 0.327481
vn 0.142188 0.934098 0.327481
vn 0.408387 0.339182 0.847453
vn 0.408387 0.339182 0.847453
vn 0.408387 0.339182 0.847453
vn 0.408387 0.339182 0.847453
vn 0.213563 0.937423 0.275005
vn 0.213563 0.937423 0.275005
vn 0.213563 0.937423 0.275005
vn 0.213563 0.937423 0.275005
vn 0.555611 0.326351 0.764717
vn 0.555611 0.326351 0.764717
vn 0.555611 0.326351 0.764717
vn 0.555611 0.326351 0.764717
vn 0.395116 -0.918486 0.016359
vn 0.395116 -0.918485 0.016359
vn 0.395116 -0.918485 0.016359
vn 0.395116 -0.918486 0.016359
vn 0.928318 -0.369792 0.038477
vn 0.928318 -0.369792 0.038477
vn 0.928318 -0.369792 0.038477
vn 0.928318 -0.369792 0.038477
vn 0.928319 0.369789 0.038480
vn 0.928319 0.369789 0.038480
vn 0.928319 0.369789 0.038480
vn 0.928319 0.369789 0.038480
vn 0.395113 0.918487 0.016362
vn 0.395113 0.918487 0.016362
vn 0.395113 0.918487 0.016362
vn 0.395113 0.918487 0.016362
vn -0.874596 0.371023 -0.312127
vn -0.874596 0.371023 -0.312127
vn -0.874596 0.371023 -0.312127
vn -0.874596 0.371023 -0.312127
vn -0.371627 0.918860 -0.132626
vn -0.371627 0.918860 -0.132626
vn -0.371627 0.918860 -0.132626
vn -0.371627 0.918860 -0.132626
vn -0.293297 0.364219 -0.883924
vn -0.293297 0.364219 -0.883924
vn -0.293297 0.364219 -0.883924
vn -0.293297 0.364219 -0.883924
vn -0.127217 0.916410 -0.379485
vn -0.127217 0.916410 -0.379485
vn -0.127217 0.916410 -0.379485
vn -0.127217 0.916410 -0.379485
vn -0.127218 -0.916409 -0.379487
vn -0.127218 -0.916409 -0.379487
vn -0.127218 -0.916409 -0.379487
vn -0.127218 -0.916409 -0.379487
vn -0.293297 -0.364219 -0.883924
vn -0.293297 -0.364219 -0.883924
vn -0.293297 -0.364219 -0.883924
vn -0.293297 -0.364219 -0.883924
vn -0.238296 -0.918860 -0.314502
vn -0.238296 -0.918860 -0.314502
vn -0.238296 -0.918860 -0.314502
vn -0.238296 -0.918860 -0.314502
vn -0.560813 -0.371017 -0.740159
vn -0.560813 -0.371017 -0.740159
vn -0.560813 -0.371017 -0.740159
vn -0.560813 -0.371017 -0.740159
vn -0.395144 0.918491 -0.015325
vn -0.395144 0.918491 -0.015325
vn -0.395144 0.918491 -0.015325
vn -0.395144 0.918491 -0.015325
vn -0.928105 0.370576 -0.035989
vn -0.928105 0.370576 -0.035989
vn -0.928105 0.370576 -0.035989
vn -0.928105 0.370576 -0.035989
vn -0.928107 -0.370570 -0.035991
vn -0.928107 -0.370570 -0.035991
vn -0.928107 -0.370570 -0.035991
vn -0.928107 -0.370570 -0.035991
vn -0.395144 -0.918491 -0.015327
vn -0.395144 -0.918492 -0.015327
vn -0.395144 -0.918491 -0.015327
vn -0.395144 -0.918491 -0.015327
vn 0.515539 -0.850211 0.106588
vn 0.515539 -0.850211 0.106588
vn 0.515539 -0.850211 0.106588
vn 0.515539 -0.850211 0.106588
vn 0.804908 -0.267037 0.529919
vn 0.804908 -0.267037 0.529919
vn 0.804908 -0.267037 0.529919
vn 0.804908 -0.267037 0.529919
vn 0.945907 -0.267767 -0.183197
vn 0.945907 -0.267767 -0.183197
vn 0.945907 -0.267767 -0.183197
vn 0.945907 -0.267767 -0.183197
vn 0.679531 0.337052 0.651640
vn 0.679531 0.337052 0.651640
vn 0.679531 0.337052 0.651640
vn 0.679531 0.337052 0.651640
vn 0.421181 0.898226 0.125686
vn 0.421181 0.898226 0.125686
vn 0.421181 0.898226 0.125686
vn 0.421181 0.898226 0.125686
vn 0.920744 0.335912 -0.198477
vn 0.920744 0.335912 -0.198477
vn 0.920744 0.335912 -0.198477
vn 0.920744 0.335912 -0.198477
vn 0.166127 0.861360 -0.480063
vn 0.166127 0.861360 -0.480063
vn 0.166127 0.861360 -0.480063
vn 0.166127 0.861360 -0.480063
vn -0.050396 0.297466 -0.953402
vn -0.050396 0.297466 -0.953402
vn -0.050396 0.297466 -0.953402
vn -0.050396 0.297466 -0.953402
vn 0.601925 0.304429 -0.738247
vn 0.601925 0.304429 -0.738247
vn 0.601925 0.304429 -0.738247
vn 0.601925 0.304429 -0.738247
vn -0.035454 -0.294574 -0.954971
vn -0.035454 -0.294574 -0.954971
vn -0.035454 -0.294574 -0.954971
vn -0.035454 -0.294574 -0.954971
vn 0.143690 -0.894993 -0.422305
vn 0.143690 -0.894993 -0.422305
vn 0.143690 -0.894993 -0.422305
vn 0.143690 -0.894993 -0.422305
vn 0.659466 -0.334299 -0.673312
vn 0.659466 -0.334299 -0.673312
vn 0.659466 -0.334299 -0.673312
vn 0.659466 -0.334299 -0.673312
vn 0.849063 -0.324324 0.417020
vn 0.849063 -0.324324 0.417020
vn 0.849063 -0.324324 0.417020
vn 0.849063 -0.324324 0.417020
vn 0.274071 -0.890513 0.363143
vn 0.274071 -0.890513 0.363143
vn 0.274071 -0.890513 0.363143
vn 0.274071 -0.890513 0.363143
vn 0.163551 -0.324830 0.931524
vn 0.163551 -0.324830 0.931524
vn 0.163551 -0.324830 0.931524
vn 0.163551 -0.324830 0.931524
vn 0.255874 0.873687 0.413763
vn 0.255874 0.873687 0.413763
vn 0.255874 0.873687 0.413763
vn 0.255874 0.873687 0.413763
vn 0.824308 0.309778 0.473871
vn 0.824308 0.309778 0.473871
vn 0.824308 0.309778 0.473871
vn 0.824308 0.309778 0.473871
vn 0.125195 0.296391 0.946826
vn 0.125195 0.296391 0.946826
vn 0.125195 0.296391 0.946826
vn 0.125195 0.296391 0.946826
vn -0.919881 0.313875 0.235163
vn -0.919881 0.313875 0.235163
vn -0.919881 0.313875 0.235163
vn -0.919881 0.313875 0.235163
vn -0.377566 0.880526 0.286562
vn -0.377566 0.880526 0.286562
vn -0.377566 0.880526 0.286562
vn -0.377566 0.880526 0.286562
vn -0.460302 0.319582 0.828245
vn -0.460302 0.319582 0.828245
vn -0.460302 0.319581 0.828245
vn -0.460302 0.319581 0.828245
vn -0.387674 -0.885590 0.255810
vn -0.387674 -0.885590 0.255810
vn -0.387674 -0.885590 0.255810
vn -0.387674 -0.885590 0.255810
vn -0.924994 -0.320566 0.204017
vn -0.924994 -0.320566 0.204017
vn -0.924994 -0.320566 0.204017
vn -0.924994 -0.320566 0.204017
vn -0.492737 -0.340313 0.800873
vn -0.492737 -0.340313 0.800873
vn -0.492737 -0.340313 0.800873
vn -0.492737 -0.340313 0.800873
s off
g S_U_08 Window_32_1:Window_32
usemtl Window_32_1:Window_32SG
f 738/1019/2735 744/1022/2736 745/1021/2737 737/1020/2738
f 737/1020/2739 745/1021/2740 746/1024/2741 736/1023/2742
f 740/1025/2743 754/1028/2744 755/1027/2745 739/1026/2746
f 739/1026/2747 755/1027/2748 756/1029/2749 738/1019/2750
f 744/1022/2751 750/1032/2752 751/1031/2753 743/1030/2754
f 743/1030/2755 751/1031/2756 752/1034/2757 742/1033/2758
f 750/1032/2759 756/1029/2760 757/1036/2761 749/1035/2762
f 749/1035/2763 757/1036/2764 758/1038/2765 748/1037/2766
f 762/1039/2767 780/1042/2768 781/1041/2769 761/1040/2770
f 761/1040/2771 781/1041/2772 782/1044/2773 760/1043/2774
f 764/1045/2775 766/1048/2776 767/1047/2777 763/1046/2778
f 763/1046/2779 767/1047/2780 768/1049/2781 762/1039/2782
f 770/1050/2783 772/1053/2784 773/1052/2785 769/1051/2786
f 769/1051/2787 773/1052/2788 774/1054/2789 768/1049/2790
f 776/1055/2791 778/1058/2792 779/1057/2793 775/1056/2794
f 775/1056/2795 779/1057/2796 780/1042/2797 774/1054/2798
f 785/1059/2799 786/1062/2800 787/1061/2801 784/1060/2802
f 784/1060/2803 787/1061/2804 788/1064/2805 783/1063/2806
f 794/1065/2807 798/1068/2808 799/1067/2809 793/1066/2810
f 793/1066/2811 799/1067/2812 800/1070/2813 792/1069/2814
f 803/1071/2815 804/1074/2816 805/1073/2817 802/1072/2818
f 802/1072/2819 805/1073/2820 806/1076/2821 801/1075/2822
f 812/1077/2823 816/1080/2824 817/1079/2825 811/1078/2826
f 811/1078/2827 817/1079/2828 818/1082/2829 810/1081/2830
f 738/1019/2831 756/1029/2832 750/1032/2833 744/1022/2834
f 768/1049/2835 774/1054/2836 780/1042/2837 762/1039/2838
f 806/1076/2839 807/1084/2840 810/1083/2841 801/1075/2842
f 801/1085/2843 810/1081/2844 818/1082/2845 813/1086/2846
f 758/1038/2847 807/1084/2848 806/1076/2849 748/1037/2850
f 818/1082/2851 778/1058/2852 776/1055/2853 813/1086/2854
f 804/1074/2855 791/1087/2856 742/1033/2857 752/1034/2858
f 772/1053/2859 770/1050/2860 798/1068/2861 815/1088/2862
f 816/1080/2863 797/1089/2864 760/1043/2865 782/1044/2866
f 754/1028/2867 740/1025/2868 786/1062/2869 809/1090/2870
f 791/1087/2871 804/1074/2872 803/1071/2873 794/1091/2874
f 794/1065/2875 803/1092/2876 815/1088/2877 798/1068/2878
f 797/1089/2879 816/1080/2880 812/1077/2881 785/1093/2882
f 785/1059/2883 812/1094/2884 809/1090/2885 786/1062/2886
f 783/1095/2887 795/1098/2888 796/1097/2889 784/1096/2890
f 784/1096/2891 796/1097/2892 797/1089/2893 785/1093/2894
f 736/1023/2895 788/1064/2896 787/1061/2897 735/1099/2898
f 735/1099/2899 787/1061/2900 786/1062/2901 740/1025/2902
f 742/1033/2903 791/1087/2904 790/1101/2905 741/1100/2906
f 741/1100/2907 790/1101/2908 789/1102/2909 746/1024/2910
f 791/1087/2911 794/1091/2912 793/1103/2913 790/1101/2914
f 790/1101/2915 793/1103/2916 792/1104/2917 789/1102/2918
f 760/1043/2919 797/1089/2920 796/1097/2921 759/1105/2922
f 759/1105/2923 796/1097/2924 795/1098/2925 764/1045/2926
f 766/1048/2927 800/1070/2928 799/1067/2929 765/1106/2930
f 765/1106/2931 799/1067/2932 798/1068/2933 770/1050/2934
f 801/1085/2935 813/1086/2936 814/1108/2937 802/1107/2938
f 802/1107/2939 814/1108/2940 815/1088/2941 803/1092/2942
f 748/1037/2943 806/1076/2944 805/1073/2945 747/1109/2946
f 747/1109/2947 805/1073/2948 804/1074/2949 752/1034/2950
f 754/1028/2951 809/1090/2952 808/1111/2953 753/1110/2954
f 753/1110/2955 808/1111/2956 807/1084/2957 758/1038/2958
f 809/1090/2959 812/1094/2960 811/1112/2961 808/1111/2962
f 808/1111/2963 811/1112/2964 810/1083/2965 807/1084/2966
f 772/1053/2967 815/1088/2968 814/1108/2969 771/1113/2970
f 771/1113/2971 814/1108/2972 813/1086/2973 776/1055/2974
f 778/1058/2975 818/1082/2976 817/1079/2977 777/1114/2978
f 777/1114/2979 817/1079/2980 816/1080/2981 782/1044/2982
f 739/1026/2983 819/1115/2984 735/1099/2985 740/1025/2986
f 735/1099/2987 819/1115/2988 737/1020/2989 736/1023/2990
f 737/1020/2991 819/1115/2992 739/1026/2993 738/1019/2994
f 745/1021/2995 820/1116/2996 741/1100/2997 746/1024/2998
f 741/1100/2999 820/1116/3000 743/1030/3001 742/1033/3002
f 743/1030/3003 820/1116/3004 745/1021/3005 744/1022/3006
f 751/1031/3007 821/1117/3008 747/1109/3009 752/1034/3010
f 747/1109/3011 821/1117/3012 749/1035/3013 748/1037/3014
f 749/1035/3015 821/1117/3016 751/1031/3017 750/1032/3018
f 757/1036/3019 822/1118/3020 753/1110/3021 758/1038/3022
f 753/1110/3023 822/1118/3024 755/1027/3025 754/1028/3026
f 755/1027/3027 822/1118/3028 757/1036/3029 756/1029/3030
f 763/1046/3031 823/1119/3032 759/1105/3033 764/1045/3034
f 759/1105/3035 823/1119/3036 761/1040/3037 760/1043/3038
f 761/1040/3039 823/1119/3040 763/1046/3041 762/1039/3042
f 769/1051/3043 824/1120/3044 765/1106/3045 770/1050/3046
f 765/1106/3047 824/1120/3048 767/1047/3049 766/1048/3050
f 767/1047/3051 824/1120/3052 769/1051/3053 768/1049/3054
f 775/1056/3055 825/1121/3056 771/1113/3057 776/1055/3058
f 771/1113/3059 825/1121/3060 773/1052/3061 772/1053/3062
f 773/1052/3063 825/1121/3064 775/1056/3065 774/1054/3066
f 781/1041/3067 826/1122/3068 777/1114/3069 782/1044/3070
f 777/1114/3071 826/1122/3072 779/1057/3073 778/1058/3074
f 779/1057/3075 826/1122/3076 781/1041/3077 780/1042/3078
g default
v 436.411469 266.114471 176.188446
v -428.996552 266.114471 176.553741
v 446.241302 266.114471 176.553741
v 454.982758 266.114471 172.932922
v 458.603607 266.114471 164.191467
v -458.603607 266.114471 146.946777
v -449.931854 266.114471 167.882080
v 424.279388 266.114471 176.194885
v 436.749939 266.114410 -175.688141
v -428.996552 266.114410 -176.553772
v 446.241302 266.114410 -176.553772
v 454.982758 266.114410 -172.932892
v 458.603607 266.114410 -164.191437
v -458.603607 266.114410 -146.946747
v -449.931854 266.114410 -167.882080
v 424.617859 266.114410 -175.694580
v -428.996521 266.114410 -147.503403
v -428.996552 266.114471 147.503326
v 425.024536 266.114410 -163.560104
v 424.606171 266.114410 -163.552231
v 424.291290 266.114471 163.546341
vt 0.620351 0.751868
vt 0.622004 0.752574
vt 0.624101 0.752857
vt 0.625000 0.757048
vt 0.375000 0.766778
vt 0.375000 0.766778
vt 0.616203 0.751835
vt 0.375000 0.750000
vt 0.385164 0.750000
vt 0.625000 0.757048
vt 0.620351 0.751868
vt 0.622004 0.752574
vt 0.624101 0.752857
vt 0.616203 0.751835
vt 0.385164 0.750000
vt 0.375000 0.750000
vt 0.385164 0.750000
vt 0.385164 0.750000
vt 0.615927 0.756781
vt 0.615814 0.756778
vt 0.615729 0.756776
vn 0.000000 -1.000000 -0.000001
vn 0.000000 -1.000000 0.000000
vn 0.000000 -1.000000 0.000000
vn 0.000000 -1.000000 -0.000002
vn -0.000000 -1.000000 0.000000
vn 0.000000 -1.000000 -0.000001
vn -0.000000 -1.000000 0.000000
vn 0.000000 -1.000000 -0.000000
vn 0.000000 -1.000000 -0.000000
vn 0.000000 -1.000000 0.000000
vn 0.000000 -1.000000 0.000000
vn 0.000000 -1.000000 0.000000
vn -0.000000 -1.000000 0.000000
vn -0.000000 -1.000000 0.000000
vn -0.000000 -1.000000 0.000000
vn 0.000000 -1.000000 0.000000
vn 0.000000 -1.000000 -0.000001
vn 0.000000 -1.000000 0.000002
vn 0.000000 -1.000000 0.000001
vn 0.000000 -1.000000 -0.000001
vn 0.000000 -1.000000 -0.000002
s 1
g S_U_08 Unit_Base_20_1:Unit_Base_20_1
usemtl Unit_Base_20_1:aiStandardSurface1SG
f 841/1138/3079 843/1139/3080 840/1127/3081
f 835/1133/3082 845/1141/3083 842/1136/3084
f 847/1143/3085 827/1123/3086 834/1129/3087
f 832/1128/3088 844/1140/3089 833/1130/3090
f 840/1127/3081 843/1139/3080 844/1140/3089 832/1128/3088
f 845/1141/3083 839/1132/3091 831/1126/3092 847/1143/3085 846/1142/3093
f 847/1143/3085 834/1129/3087 828/1131/3094 844/1140/3089
f 846/1142/3093 847/1143/3085 844/1140/3089 843/1139/3080
f 842/1136/3084 846/1142/3093 843/1139/3080 836/1137/3095
f 837/1134/3096 845/1141/3083 835/1133/3082
f 838/1135/3097 845/1141/3083 837/1134/3096
f 839/1132/3091 845/1141/3083 838/1135/3097
f 842/1136/3084 845/1141/3083 846/1142/3093
f 831/1126/3092 830/1125/3098 847/1143/3085
f 847/1143/3085 829/1124/3099 827/1123/3086
f 847/1143/3085 830/1125/3098 829/1124/3099
f 836/1137/3095 843/1139/3080 841/1138/3079
f 833/1130/3090 844/1140/3089 828/1131/3094
g default
v 463.333832 14.286560 -165.132324
v 458.603119 14.286560 -176.553253
v 447.182220 14.286560 -181.283966
v 447.182220 221.151642 -181.283966
v 458.603119 221.151642 -176.553253
v 463.333832 221.151642 -165.132324
v 434.910980 243.673096 -181.283966
v 435.972015 246.932617 -179.864105
v 436.411469 248.282837 -176.436218
v -429.937469 243.552612 -181.283966
v -429.661835 246.897461 -179.898529
v -428.996552 248.282837 -176.553772
v 433.732025 4.334167 -181.283966
v 435.626556 1.269470 -179.791504
v 436.411469 -0.000061 -176.188446
v -429.937469 4.730164 -181.283966
v -429.661835 1.385437 -179.898529
v -428.996552 -0.000061 -176.553772
v 446.241302 -0.000061 -176.553772
v 446.906586 1.385437 -179.898529
v 447.182220 4.730164 -181.283966
v 446.241302 248.282837 -176.553772
v 446.906586 246.897461 -179.898529
v 447.182220 243.552612 -181.283966
v 458.603119 4.730164 -176.553253
v 457.542816 1.385437 -175.492920
v 454.982758 -0.000061 -172.932892
v 458.603607 -0.000061 -164.191437
v 461.948334 1.385437 -164.856781
v 463.333832 4.730164 -165.132324
v 458.603119 243.552612 -176.553253
v 457.542816 246.897461 -175.492920
v 454.982758 248.282837 -172.932892
v 463.333832 243.552612 -165.132324
v 461.948334 246.897461 -164.856781
v 458.603607 248.282837 -164.191437
v -458.603607 -0.000061 -146.946747
v -461.948456 1.385437 -147.612091
v -463.333832 4.730164 -147.887665
v -429.937469 9.556335 -181.283966
v -429.661835 12.901062 -179.898529
v -428.996552 14.286560 -176.553772
v 428.520355 9.556335 -181.283966
v 427.855072 12.901062 -179.898529
v 427.579437 14.286560 -176.553772
v -463.333832 243.552612 -147.887665
v -461.948456 246.897461 -147.612091
v -458.603607 248.282837 -146.946747
v -458.603607 221.151642 -146.946747
v -461.948456 222.537140 -147.612091
v -463.333832 225.881866 -147.887665
v -453.552216 4.730164 -171.502411
v -452.491791 1.385437 -170.442047
v -449.931854 -0.000061 -167.882080
v -453.552216 9.556335 -171.502411
v -452.491791 12.901062 -170.442047
v -449.931854 14.286560 -167.882080
v -458.603607 14.286560 -146.946747
v -461.948456 12.901062 -147.612091
v -463.333832 9.556335 -147.887665
v -453.552216 243.552612 -171.502411
v -452.491791 246.897461 -170.442047
v -449.931854 248.282837 -167.882080
v -453.552216 225.881866 -171.502411
v -452.491791 222.537140 -170.442047
v -449.931854 221.151642 -167.882080
v -428.996552 221.151642 -176.553772
v -429.661835 222.537140 -179.898529
v -429.937469 225.881866 -181.283966
v 427.579437 221.151642 -176.553772
v 427.855072 222.537140 -179.898529
v 428.520355 225.881866 -181.283966
v 441.141693 213.260529 -181.283966
v 437.796967 212.595245 -179.898529
v 436.411469 212.319611 -176.553772
v 436.411469 23.118591 -176.553772
v 437.796967 22.842957 -179.898529
v 441.141693 22.177673 -181.283966
v 433.824554 218.564728 -176.553772
v 434.884857 219.625153 -179.898529
v 437.444916 222.185089 -181.283966
v 433.824554 16.873474 -176.553772
v 434.884857 15.813049 -179.898529
v 437.444916 13.253113 -181.283966
v 424.279388 -0.000061 -176.194885
v 426.181488 1.270935 -179.792999
v 427.477631 4.337830 -181.283966
v 463.333832 14.286621 165.132324
v 458.603119 14.286621 176.553253
v 447.182220 14.286621 181.283966
v 447.182220 221.151703 181.283966
v 458.603119 221.151703 176.553253
v 463.333832 221.151703 165.132324
v 434.910980 243.673218 181.283966
v 435.972015 246.932739 179.864105
v 436.411469 248.282959 176.436218
v -429.937469 243.552734 181.283966
v -429.661835 246.897583 179.898529
v -428.996552 248.282959 176.553741
v 433.732025 4.334229 181.283966
v 435.626556 1.269531 179.791534
v 436.411469 0.000000 176.188446
v -429.937469 4.730225 181.283966
v -429.661835 1.385498 179.898529
v -428.996552 0.000000 176.553741
v 446.241302 0.000000 176.553741
v 446.906586 1.385498 179.898529
v 447.182220 4.730225 181.283966
v 446.241302 248.282959 176.553741
v 446.906586 246.897583 179.898529
v 447.182220 243.552734 181.283966
v 458.603119 4.730225 176.553253
v 457.542816 1.385498 175.492889
v 454.982758 0.000000 172.932922
v 458.603607 0.000000 164.191467
v 461.948334 1.385498 164.856781
v 463.333832 4.730225 165.132324
v 458.603119 243.552734 176.553253
v 457.542816 246.897583 175.492889
v 454.982758 248.282959 172.932922
v 463.333832 243.552734 165.132324
v 461.948334 246.897583 164.856781
v 458.603607 248.282959 164.191467
v -458.603607 0.000000 146.946777
v -461.948456 1.385498 147.612091
v -463.333832 4.730225 147.887634
v -429.937469 9.556396 181.283966
v -429.661835 12.901123 179.898529
v -428.996552 14.286621 176.553741
v 428.520355 9.556396 181.283966
v 427.855072 12.901123 179.898529
v 427.579437 14.286621 176.553741
v -463.333832 243.552734 147.887634
v -461.948456 246.897583 147.612091
v -458.603607 248.282959 146.946777
v -458.603607 221.151703 146.946777
v -461.948456 222.537201 147.612091
v -463.333832 225.881927 147.887634
v -453.552216 4.730225 171.502441
v -452.491791 1.385498 170.442047
v -449.931854 0.000000 167.882080
v -453.552216 9.556396 171.502441
v -452.491791 12.901123 170.442047
v -449.931854 14.286621 167.882080
v -458.603607 14.286621 146.946777
v -461.948456 12.901123 147.612091
v -463.333832 9.556396 147.887634
v -453.552216 243.552734 171.502441
v -452.491791 246.897583 170.442047
v -449.931854 248.282959 167.882080
v -453.552216 225.881927 171.502441
v -452.491791 222.537201 170.442047
v -449.931854 221.151703 167.882080
v -428.996552 221.151703 176.553741
v -429.661835 222.537201 179.898529
v -429.937469 225.881927 181.283966
v 427.579437 221.151703 176.553741
v 427.855072 222.537201 179.898529
v 428.520355 225.881927 181.283966
v 441.141693 213.260590 181.283966
v 437.796967 212.595306 179.898529
v 436.411469 212.319672 176.553741
v 436.411469 23.118652 176.553741
v 437.796967 22.843018 179.898529
v 441.141693 22.177734 181.283966
v 433.824554 218.564789 176.553741
v 434.884857 219.625214 179.898529
v 437.444916 222.185150 181.283966
v 433.824554 16.873535 176.553741
v 434.884857 15.813110 179.898529
v 437.444916 13.253174 181.283966
v 424.279388 0.000000 176.194885
v 426.181488 1.270996 179.792999
v 427.477631 4.337891 181.283966
vt 0.865986 0.022484
vt 0.875000 0.022484
vt 0.875000 0.207301
vt 0.865986 0.207301
vt 0.625000 0.727516
vt 0.622150 0.727425
vt 0.622143 0.542815
vt 0.625000 0.542699
vt 0.620351 0.751868
vt 0.620353 0.749002
vt 0.622164 0.750000
vt 0.622004 0.752574
vt 0.618491 0.739868
vt 0.622160 0.742526
vt 0.622160 0.507465
vt 0.622164 0.500000
vt 0.625000 0.500000
vt 0.625000 0.507444
vt 0.621954 0.497367
vt 0.624101 0.497143
vt 0.624101 0.752857
vt 0.625000 0.750000
vt 0.625000 0.759014
vt 0.625000 0.757048
vt 0.875000 0.000000
vt 0.875000 0.007444
vt 0.865986 0.007444
vt 0.865986 0.000000
vt 0.143638 0.007445
vt 0.143638 0.000000
vt 0.143638 0.000000
vt 0.143638 0.007445
vt 0.375000 0.768638
vt 0.375000 0.766778
vt 0.375000 0.766778
vt 0.375000 0.768638
vt 0.375000 0.483166
vt 0.375000 0.481362
vt 0.375000 0.481362
vt 0.375000 0.483166
vt 0.143638 0.250000
vt 0.143638 0.242556
vt 0.143638 0.242556
vt 0.143638 0.250000
vt 0.143638 0.214745
vt 0.143638 0.207301
vt 0.143638 0.207301
vt 0.143638 0.214745
vt 0.375000 0.517695
vt 0.375000 0.520109
vt 0.375000 0.520109
vt 0.375000 0.517695
vt 0.131236 0.027109
vt 0.125000 0.022484
vt 0.143638 0.022484
vt 0.141838 0.022484
vt 0.125000 0.015040
vt 0.143638 0.015040
vt 0.376739 0.538866
vt 0.375000 0.542699
vt 0.386341 0.542699
vt 0.386661 0.539157
vt 0.375000 0.535255
vt 0.386341 0.535253
vt 0.620273 0.552763
vt 0.620273 0.556598
vt 0.620273 0.713616
vt 0.620273 0.706465
vt 0.621094 0.555169
vt 0.621097 0.715065
vt 0.617294 0.742484
vt 0.617619 0.734633
vt 0.619419 0.742484
vt 0.386341 0.507444
vt 0.619337 0.507316
vt 0.617504 0.535267
vt 0.625000 0.742556
vt 0.875000 0.242556
vt 0.865986 0.242556
vt 0.620785 0.732104
vt 0.615614 0.725751
vt 0.386341 0.742556
vt 0.375000 0.742556
vt 0.375000 0.734960
vt 0.386341 0.734960
vt 0.125000 0.007444
vt 0.125000 0.242556
vt 0.125000 0.214745
vt 0.375000 0.507444
vt 0.620782 0.538124
vt 0.619765 0.497368
vt 0.619759 0.500074
vt 0.386341 0.500000
vt 0.386660 0.497360
vt 0.617139 0.749016
vt 0.616203 0.751835
vt 0.386341 0.750000
vt 0.375000 0.750000
vt 0.385164 0.750000
vt 0.375000 0.750000
vt 0.865986 0.007444
vt 0.865986 0.000000
vt 0.625000 0.759014
vt 0.625000 0.757048
vt 0.875000 0.250000
vt 0.865986 0.250000
vt 0.625000 0.492952
vt 0.625000 0.490986
vt 0.386341 0.727516
vt 0.617274 0.727516
vt 0.147901 0.055084
vt 0.151064 0.055658
vt 0.614249 0.711541
vt 0.614217 0.718895
vt 0.125000 0.250000
vt 0.376739 0.497143
vt 0.375000 0.500000
vt 0.125000 0.000000
vt 0.375000 0.727516
vt 0.143638 0.015040
vt 0.143638 0.022484
vt 0.141838 0.022484
vt 0.125000 0.207301
vt 0.617274 0.542699
vt 0.617274 0.539157
vt 0.620273 0.542699
vt 0.620273 0.539157
vt 0.620273 0.727516
vt 0.620273 0.720076
vt 0.865986 0.022484
vt 0.865986 0.207301
vt 0.875000 0.207301
vt 0.875000 0.022484
vt 0.625000 0.727516
vt 0.625000 0.542699
vt 0.622143 0.542815
vt 0.622150 0.727425
vt 0.620351 0.751868
vt 0.622004 0.752574
vt 0.622164 0.750000
vt 0.620353 0.749002
vt 0.622160 0.742526
vt 0.618491 0.739868
vt 0.622160 0.507465
vt 0.625000 0.507444
vt 0.625000 0.500000
vt 0.622164 0.500000
vt 0.624101 0.497143
vt 0.621954 0.497367
vt 0.624101 0.752857
vt 0.625000 0.750000
vt 0.875000 0.000000
vt 0.875000 0.007444
vt 0.131236 0.027109
vt 0.125000 0.022484
vt 0.125000 0.015040
vt 0.376739 0.538866
vt 0.386661 0.539157
vt 0.386341 0.542699
vt 0.375000 0.542699
vt 0.386341 0.535253
vt 0.375000 0.535255
vt 0.620273 0.552763
vt 0.620273 0.706465
vt 0.620273 0.713616
vt 0.620273 0.556598
vt 0.621097 0.715065
vt 0.621094 0.555169
vt 0.617294 0.742484
vt 0.619419 0.742484
vt 0.617619 0.734633
vt 0.617504 0.535267
vt 0.619337 0.507316
vt 0.386341 0.507444
vt 0.625000 0.742556
vt 0.875000 0.242556
vt 0.865986 0.242556
vt 0.620785 0.732104
vt 0.615614 0.725751
vt 0.386341 0.742556
vt 0.386341 0.734960
vt 0.375000 0.734960
vt 0.375000 0.742556
vt 0.125000 0.007444
vt 0.125000 0.214745
vt 0.125000 0.242556
vt 0.375000 0.507444
vt 0.620782 0.538124
vt 0.625000 0.492952
vt 0.619765 0.497368
vt 0.386660 0.497360
vt 0.376739 0.497143
vt 0.617274 0.539157
vt 0.620273 0.539157
vt 0.620273 0.720076
vt 0.614249 0.711541
vt 0.151064 0.055658
vt 0.386341 0.500000
vt 0.619759 0.500074
vt 0.617139 0.749016
vt 0.616203 0.751835
vt 0.375000 0.750000
vt 0.386341 0.750000
vt 0.375000 0.750000
vt 0.385164 0.750000
vt 0.865986 0.250000
vt 0.875000 0.250000
vt 0.625000 0.490986
vt 0.617274 0.727516
vt 0.386341 0.727516
vt 0.147901 0.055084
vt 0.614217 0.718895
vt 0.125000 0.250000
vt 0.375000 0.500000
vt 0.125000 0.000000
vt 0.375000 0.727516
vt 0.125000 0.207301
vt 0.617274 0.542699
vt 0.620273 0.542699
vt 0.620273 0.727516
vn 0.923879 0.000000 -0.382684
vn 0.923879 0.000000 -0.382684
vn 0.923879 0.000000 -0.382684
vn 0.923879 0.000000 -0.382684
vn 0.382686 0.000000 -0.923879
vn 0.382686 0.000000 -0.923879
vn 0.382686 0.000000 -0.923879
vn 0.382686 0.000000 -0.923879
vn -0.002855 -0.934132 -0.356918
vn -0.002855 -0.934132 -0.356918
vn -0.002855 -0.934132 -0.356918
vn -0.002855 -0.934132 -0.356918
vn 0.004511 -0.408662 -0.912675
vn 0.004511 -0.408662 -0.912675
vn 0.004511 -0.408662 -0.912675
vn 0.004511 -0.408662 -0.912675
vn 0.353556 0.382664 -0.853561
vn 0.353556 0.382664 -0.853561
vn 0.353556 0.382664 -0.853561
vn 0.353556 0.382664 -0.853561
vn 0.146439 0.923889 -0.353532
vn 0.146439 0.923889 -0.353532
vn 0.146439 0.923889 -0.353532
vn 0.146439 0.923889 -0.353532
vn 0.353560 -0.923877 -0.146447
vn 0.353560 -0.923877 -0.146447
vn 0.353560 -0.923877 -0.146447
vn 0.353560 -0.923877 -0.146447
vn 0.853559 -0.382673 -0.353551
vn 0.853559 -0.382673 -0.353551
vn 0.853559 -0.382673 -0.353551
vn 0.853559 -0.382673 -0.353551
vn -0.923886 -0.382668 0.000000
vn -0.923886 -0.382668 0.000000
vn -0.923886 -0.382668 0.000000
vn -0.923886 -0.382668 0.000000
vn -0.382684 -0.923880 0.000000
vn -0.382684 -0.923879 0.000000
vn -0.382684 -0.923880 0.000000
vn -0.382684 -0.923880 0.000000
vn -0.382655 0.923891 -0.000000
vn -0.382655 0.923891 -0.000000
vn -0.382655 0.923891 -0.000000
vn -0.382655 0.923891 -0.000000
vn -0.923891 0.382656 -0.000000
vn -0.923891 0.382656 -0.000000
vn -0.923891 0.382656 -0.000000
vn -0.923891 0.382656 -0.000000
vn -0.923886 -0.382668 0.000000
vn -0.923886 -0.382668 0.000000
vn -0.923886 -0.382668 0.000000
vn -0.923886 -0.382668 0.000000
vn -0.382684 -0.923880 0.000000
vn -0.382684 -0.923879 0.000000
vn -0.382684 -0.923880 0.000000
vn -0.382684 -0.923880 0.000000
vn -0.353557 0.923877 -0.146450
vn -0.353557 0.923877 -0.146450
vn -0.353557 0.923877 -0.146450
vn -0.353557 0.923877 -0.146450
vn -0.853550 0.382687 -0.353557
vn -0.853550 0.382687 -0.353557
vn -0.853550 0.382687 -0.353557
vn -0.853550 0.382687 -0.353557
vn -0.146453 -0.923873 -0.353568
vn -0.146453 -0.923873 -0.353568
vn -0.146453 -0.923873 -0.353568
vn -0.146453 -0.923873 -0.353568
vn -0.353552 -0.382692 -0.853550
vn -0.353552 -0.382692 -0.853550
vn -0.353552 -0.382692 -0.853550
vn -0.353552 -0.382692 -0.853550
vn -0.923874 0.000000 -0.382696
vn -0.923874 0.000000 -0.382696
vn -0.923874 0.000000 -0.382696
vn -0.923874 0.000000 -0.382696
vn -0.382686 0.000000 -0.923878
vn -0.382686 0.000000 -0.923878
vn -0.382686 0.000000 -0.923878
vn -0.382686 0.000000 -0.923878
vn 0.000000 0.000000 -1.000000
vn 0.000000 0.000000 -1.000000
vn 0.000000 0.000000 -1.000000
vn 0.000000 0.000000 -1.000000
vn 0.000000 0.000000 -1.000000
vn 0.000000 0.000000 -1.000000
vn 0.000000 0.000000 -1.000000
vn 0.923879 0.000000 -0.382684
vn 0.923879 0.000000 -0.382684
vn 0.923879 0.000000 -0.382684
vn 0.923879 0.000000 -0.382684
vn 0.382685 0.000000 -0.923879
vn 0.382685 0.000000 -0.923879
vn 0.382685 0.000000 -0.923879
vn 0.382685 0.000000 -0.923879
vn 0.382685 0.000000 -0.923879
vn 0.382685 0.000000 -0.923879
vn 0.382685 0.000000 -0.923879
vn 0.382685 0.000000 -0.923879
vn 0.923879 0.000000 -0.382684
vn 0.923879 0.000000 -0.382684
vn 0.923879 0.000000 -0.382684
vn 0.923879 0.000000 -0.382684
vn -0.000001 0.000000 -1.000000
vn -0.000001 0.000000 -1.000000
vn -0.000001 0.000000 -1.000000
vn -0.000001 0.000000 -1.000000
vn -0.000003 0.000000 -1.000000
vn -0.000003 0.000000 -1.000000
vn -0.000003 0.000000 -1.000000
vn -0.000003 0.000000 -1.000000
vn -0.382684 0.000000 -0.923880
vn -0.382684 0.000000 -0.923880
vn -0.382684 0.000000 -0.923880
vn -0.382684 0.000000 -0.923880
vn -0.923879 0.000000 -0.382686
vn -0.923879 0.000000 -0.382686
vn -0.923879 0.000000 -0.382686
vn -0.923879 0.000000 -0.382686
vn -0.923879 0.000000 -0.382686
vn -0.923879 0.000000 -0.382686
vn -0.923879 0.000000 -0.382686
vn -0.923879 0.000000 -0.382686
vn -0.382684 0.000000 -0.923879
vn -0.382684 0.000000 -0.923879
vn -0.382684 0.000000 -0.923879
vn -0.382684 0.000000 -0.923879
vn 0.000000 0.000000 -1.000000
vn 0.000000 0.000000 -1.000000
vn 0.000000 0.000000 -1.000000
vn 0.000000 0.000000 -1.000000
vn 0.000000 0.000000 -1.000000
vn 0.000000 0.000000 -1.000000
vn 0.000000 0.000000 -1.000000
vn 0.000000 0.000000 -1.000000
vn 0.000000 0.000000 -1.000000
vn 0.000000 0.000000 -1.000000
vn 0.000000 0.000000 -1.000000
vn 0.000000 0.000000 -1.000000
vn 0.000014 0.927218 -0.374521
vn 0.000014 0.927218 -0.374522
vn 0.000014 0.927218 -0.374521
vn 0.000014 0.927218 -0.374521
vn -0.000017 0.390961 -0.920407
vn -0.000017 0.390960 -0.920407
vn -0.000017 0.390960 -0.920407
vn -0.000017 0.390961 -0.920408
vn -0.000057 -0.437529 -0.899204
vn -0.000057 -0.437529 -0.899204
vn -0.000057 -0.437529 -0.899204
vn -0.000057 -0.437529 -0.899204
vn 0.000058 -0.943037 -0.332689
vn 0.000058 -0.943037 -0.332689
vn 0.000058 -0.943037 -0.332689
vn 0.000058 -0.943037 -0.332689
vn -0.353552 -0.382692 -0.853550
vn -0.353552 -0.382692 -0.853550
vn -0.353552 -0.382692 -0.853550
vn -0.353552 -0.382692 -0.853550
vn -0.146452 -0.923874 -0.353567
vn -0.146452 -0.923874 -0.353567
vn -0.146452 -0.923874 -0.353567
vn -0.146452 -0.923874 -0.353567
vn 0.001255 0.390830 -0.920462
vn 0.001255 0.390830 -0.920462
vn 0.001255 0.390830 -0.920462
vn 0.001255 0.390830 -0.920462
vn -0.001171 0.927205 -0.374553
vn -0.001171 0.927205 -0.374553
vn -0.001171 0.927205 -0.374553
vn -0.001171 0.927205 -0.374553
vn 0.146450 -0.923876 -0.353562
vn 0.146450 -0.923876 -0.353562
vn 0.146450 -0.923876 -0.353562
vn 0.146450 -0.923876 -0.353562
vn 0.353553 -0.382679 -0.853556
vn 0.353553 -0.382679 -0.853556
vn 0.353553 -0.382679 -0.853556
vn 0.353553 -0.382679 -0.853556
vn 0.923876 -0.382691 0.000000
vn 0.923876 -0.382691 0.000000
vn 0.923877 -0.382691 0.000000
vn 0.923877 -0.382691 0.000000
vn 0.382699 -0.923873 0.000000
vn 0.382699 -0.923873 0.000000
vn 0.382699 -0.923873 0.000000
vn 0.382699 -0.923873 0.000000
vn 0.853565 0.382661 -0.353551
vn 0.853564 0.382661 -0.353551
vn 0.853565 0.382661 -0.353551
vn 0.853564 0.382661 -0.353551
vn 0.353531 0.923890 -0.146437
vn 0.353531 0.923890 -0.146437
vn 0.353531 0.923890 -0.146437
vn 0.353531 0.923890 -0.146437
vn 0.000000 0.382685 -0.923879
vn 0.000000 0.382685 -0.923879
vn 0.000000 0.382685 -0.923879
vn 0.000000 0.382685 -0.923879
vn 0.000000 0.923874 -0.382696
vn 0.000000 0.923874 -0.382696
vn 0.000000 0.923874 -0.382696
vn 0.000000 0.923874 -0.382696
vn -0.853554 0.382675 -0.353561
vn -0.853554 0.382675 -0.353561
vn -0.853554 0.382675 -0.353561
vn -0.853554 0.382675 -0.353561
vn -0.353535 0.923888 -0.146438
vn -0.353535 0.923888 -0.146438
vn -0.353535 0.923888 -0.146438
vn -0.353535 0.923888 -0.146438
vn -0.353557 -0.923877 -0.146450
vn -0.353557 -0.923877 -0.146450
vn -0.353557 -0.923877 -0.146450
vn -0.353557 -0.923877 -0.146450
vn -0.853550 -0.382687 -0.353557
vn -0.853550 -0.382687 -0.353557
vn -0.853550 -0.382687 -0.353557
vn -0.853550 -0.382687 -0.353557
vn -0.146453 0.923873 -0.353567
vn -0.146453 0.923873 -0.353567
vn -0.146453 0.923873 -0.353567
vn -0.146453 0.923873 -0.353567
vn -0.353552 0.382692 -0.853550
vn -0.353552 0.382692 -0.853550
vn -0.353552 0.382692 -0.853550
vn -0.353552 0.382692 -0.853550
vn -0.923886 0.382668 -0.000000
vn -0.923886 0.382668 -0.000000
vn -0.923886 0.382668 -0.000000
vn -0.923886 0.382668 -0.000000
vn -0.382684 0.923879 -0.000000
vn -0.382684 0.923879 -0.000000
vn -0.382684 0.923880 -0.000000
vn -0.382684 0.923879 -0.000000
vn -0.146442 0.923886 -0.353539
vn -0.146442 0.923886 -0.353538
vn -0.146442 0.923886 -0.353539
vn -0.146442 0.923886 -0.353539
vn -0.353556 0.382682 -0.853553
vn -0.353556 0.382682 -0.853553
vn -0.353556 0.382682 -0.853553
vn -0.353556 0.382682 -0.853553
vn -0.353557 -0.923877 -0.146451
vn -0.353557 -0.923877 -0.146451
vn -0.353557 -0.923877 -0.146451
vn -0.353557 -0.923877 -0.146451
vn -0.853551 -0.382687 -0.353556
vn -0.853551 -0.382687 -0.353556
vn -0.853551 -0.382687 -0.353556
vn -0.853550 -0.382687 -0.353556
vn 0.000000 -0.923874 -0.382697
vn 0.000000 -0.923874 -0.382697
vn 0.000000 -0.923874 -0.382697
vn 0.000000 -0.923874 -0.382697
vn 0.000000 -0.382683 -0.923880
vn 0.000000 -0.382683 -0.923880
vn 0.000000 -0.382683 -0.923880
vn 0.000000 -0.382683 -0.923880
vn -0.353567 -0.853543 -0.382693
vn -0.353567 -0.853543 -0.382693
vn -0.353567 -0.853543 -0.382693
vn -0.353567 -0.853543 -0.382693
vn -0.146450 -0.353550 -0.923880
vn -0.146450 -0.353550 -0.923880
vn -0.146450 -0.353550 -0.923880
vn -0.146450 -0.353550 -0.923880
vn -0.853544 0.353570 -0.382688
vn -0.853544 0.353570 -0.382688
vn -0.853544 0.353570 -0.382688
vn -0.853544 0.353570 -0.382688
vn -0.353549 0.146450 -0.923881
vn -0.353549 0.146450 -0.923881
vn -0.353549 0.146450 -0.923881
vn -0.353549 0.146450 -0.923881
vn -0.353549 -0.146450 -0.923881
vn -0.353549 -0.146450 -0.923881
vn -0.353549 -0.146450 -0.923881
vn -0.353549 -0.146450 -0.923881
vn -0.853544 -0.353570 -0.382689
vn -0.853544 -0.353570 -0.382689
vn -0.853544 -0.353570 -0.382689
vn -0.853544 -0.353570 -0.382689
vn -0.146449 0.353551 -0.923880
vn -0.146449 0.353551 -0.923880
vn -0.146449 0.353551 -0.923880
vn -0.146449 0.353551 -0.923880
vn -0.353567 0.853543 -0.382694
vn -0.353567 0.853543 -0.382694
vn -0.353567 0.853543 -0.382694
vn -0.353567 0.853543 -0.382694
vn 0.000035 -0.933970 -0.357351
vn 0.000035 -0.933970 -0.357351
vn 0.000035 -0.933970 -0.357351
vn 0.000035 -0.933970 -0.357351
vn -0.000065 -0.409311 -0.912395
vn -0.000065 -0.409311 -0.912395
vn -0.000065 -0.409311 -0.912395
vn -0.000065 -0.409311 -0.912395
vn 0.000000 0.000000 -1.000000
vn 0.000000 0.000000 -1.000000
vn 0.000000 0.000000 -1.000000
vn 0.000000 0.000000 -1.000000
vn 0.923879 0.000000 0.382684
vn 0.923879 0.000000 0.382684
vn 0.923879 0.000000 0.382684
vn 0.923879 0.000000 0.382684
vn 0.382686 0.000000 0.923879
vn 0.382686 0.000000 0.923879
vn 0.382686 0.000000 0.923879
vn 0.382686 0.000000 0.923879
vn 1.000000 0.000000 0.000000
vn 1.000000 0.000000 0.000000
vn 1.000000 0.000000 0.000000
vn 1.000000 0.000000 0.000000
vn -0.002854 -0.934132 0.356916
vn -0.002854 -0.934132 0.356916
vn -0.002854 -0.934132 0.356916
vn -0.002854 -0.934132 0.356916
vn 0.004511 -0.408657 0.912677
vn 0.004511 -0.408657 0.912677
vn 0.004511 -0.408657 0.912677
vn 0.004511 -0.408658 0.912677
vn 0.353557 0.382668 0.853559
vn 0.353557 0.382668 0.853559
vn 0.353557 0.382668 0.853559
vn 0.353557 0.382668 0.853559
vn 0.146438 0.923889 0.353532
vn 0.146438 0.923889 0.353532
vn 0.146438 0.923889 0.353532
vn 0.146438 0.923889 0.353532
vn 0.353563 -0.923876 0.146449
vn 0.353563 -0.923876 0.146449
vn 0.353562 -0.923876 0.146449
vn 0.353563 -0.923876 0.146449
vn 0.853558 -0.382676 0.353551
vn 0.853558 -0.382676 0.353551
vn 0.853558 -0.382676 0.353551
vn 0.853558 -0.382676 0.353551
vn -0.353563 0.923875 0.146453
vn -0.353563 0.923875 0.146453
vn -0.353563 0.923875 0.146453
vn -0.353563 0.923875 0.146453
vn -0.853551 0.382686 0.353557
vn -0.853551 0.382686 0.353557
vn -0.853551 0.382686 0.353557
vn -0.853551 0.382685 0.353557
vn -0.146452 -0.923874 0.353567
vn -0.146452 -0.923874 0.353567
vn -0.146452 -0.923874 0.353567
vn -0.146452 -0.923874 0.353567
vn -0.353552 -0.382694 0.853549
vn -0.353552 -0.382694 0.853549
vn -0.353552 -0.382694 0.853549
vn -0.353552 -0.382694 0.853549
vn -0.923875 0.000000 0.382694
vn -0.923875 0.000000 0.382694
vn -0.923875 0.000000 0.382694
vn -0.923875 0.000000 0.382694
vn -0.382686 0.000000 0.923878
vn -0.382686 0.000000 0.923878
vn -0.382686 0.000000 0.923878
vn -0.382686 0.000000 0.923878
vn 0.000000 0.000000 1.000000
vn 0.000000 0.000000 1.000000
vn 0.000000 0.000000 1.000000
vn 0.000000 0.000000 1.000000
vn 0.000000 0.000000 1.000000
vn 0.000000 0.000000 1.000000
vn 0.000000 0.000000 1.000000
vn 0.923879 0.000000 0.382684
vn 0.923879 0.000000 0.382684
vn 0.923879 0.000000 0.382684
vn 0.923879 0.000000 0.382684
vn 0.382685 0.000000 0.923879
vn 0.382685 0.000000 0.923879
vn 0.382685 0.000000 0.923879
vn 0.382685 0.000000 0.923879
vn 0.382684 0.000000 0.923879
vn 0.382684 0.000000 0.923879
vn 0.382684 0.000000 0.923879
vn 0.382684 0.000000 0.923879
vn 0.923879 0.000000 0.382684
vn 0.923879 0.000000 0.382684
vn 0.923879 0.000000 0.382684
vn 0.923879 0.000000 0.382684
vn 0.000000 0.000000 1.000000
vn 0.000000 0.000000 1.000000
vn 0.000000 0.000000 1.000000
vn 0.000000 0.000000 1.000000
vn -0.000002 0.000000 1.000000
vn -0.000002 0.000000 1.000000
vn -0.000002 0.000000 1.000000
vn -0.000002 0.000000 1.000000
vn -0.382683 0.000000 0.923880
vn -0.382683 0.000000 0.923880
vn -0.382683 0.000000 0.923880
vn -0.382683 0.000000 0.923880
vn -0.923879 0.000000 0.382685
vn -0.923879 0.000000 0.382685
vn -0.923879 0.000000 0.382685
vn -0.923879 0.000000 0.382685
vn -0.923879 0.000000 0.382685
vn -0.923879 0.000000 0.382685
vn -0.923879 0.000000 0.382685
vn -0.923879 0.000000 0.382685
vn -0.382683 0.000000 0.923880
vn -0.382683 0.000000 0.923880
vn -0.382683 0.000000 0.923880
vn -0.382683 0.000000 0.923880
vn 0.000000 0.000000 1.000000
vn 0.000000 0.000000 1.000000
vn 0.000000 0.000000 1.000000
vn 0.000000 0.000000 1.000000
vn 0.000000 0.000000 1.000000
vn 0.000000 0.000000 1.000000
vn 0.000000 0.000000 1.000000
vn 0.000000 0.000000 1.000000
vn 0.000000 1.000000 -0.000000
vn 0.000000 1.000000 -0.000000
vn 0.000000 1.000000 -0.000000
vn 0.000000 1.000000 -0.000000
vn 0.000000 1.000000 -0.000000
vn 0.000000 1.000000 -0.000000
vn 0.000000 1.000000 -0.000000
vn 0.000000 1.000000 -0.000000
vn 0.000000 1.000000 -0.000000
vn 0.000000 1.000000 -0.000000
vn 0.000000 1.000000 -0.000000
vn 0.000000 1.000000 -0.000000
vn 0.000000 1.000000 -0.000000
vn 0.000000 1.000000 -0.000000
vn 0.000000 1.000000 -0.000000
vn 0.000000 1.000000 -0.000000
vn 0.000000 1.000000 -0.000000
vn 0.000000 1.000000 -0.000000
vn 0.000000 1.000000 -0.000000
vn 0.000000 1.000000 -0.000000
vn 0.000000 1.000000 -0.000000
vn 0.000000 1.000000 -0.000000
vn 0.000000 1.000000 -0.000000
vn 0.000000 1.000000 -0.000000
vn -1.000000 0.000000 0.000000
vn -1.000000 0.000000 0.000000
vn -1.000000 0.000000 0.000000
vn -1.000000 0.000000 0.000000
vn 0.000000 -1.000000 0.000000
vn 0.000000 -1.000000 0.000000
vn 0.000000 -1.000000 0.000000
vn 0.000000 -1.000000 0.000000
vn 0.000000 -1.000000 0.000000
vn 0.000000 -1.000000 0.000000
vn 0.000000 -1.000000 0.000000
vn 0.000000 -1.000000 0.000000
vn 0.000000 -1.000000 0.000000
vn 0.000000 -1.000000 0.000000
vn 0.000000 -1.000000 0.000000
vn 0.000000 -1.000000 0.000000
vn -0.382698 -0.923874 0.000000
vn -0.382698 -0.923874 0.000000
vn -0.382698 -0.923874 0.000000
vn -0.382698 -0.923874 0.000000
vn -0.923873 -0.382700 0.000000
vn -0.923873 -0.382700 0.000000
vn -0.923873 -0.382700 0.000000
vn -0.923873 -0.382700 0.000000
vn -1.000000 0.000000 0.000000
vn -1.000000 0.000000 0.000000
vn -1.000000 0.000000 0.000000
vn -1.000000 0.000000 0.000000
vn -0.923873 0.382700 -0.000000
vn -0.923873 0.382700 -0.000000
vn -0.923873 0.382700 -0.000000
vn -0.923873 0.382700 -0.000000
vn -0.382698 0.923874 -0.000000
vn -0.382698 0.923874 -0.000000
vn -0.382698 0.923874 -0.000000
vn -0.382698 0.923874 -0.000000
vn 0.000000 1.000000 -0.000000
vn 0.000000 1.000000 -0.000000
vn 0.000000 1.000000 -0.000000
vn 0.000000 1.000000 -0.000000
vn 0.000000 1.000000 -0.000000
vn 0.000000 1.000000 -0.000000
vn 0.000000 1.000000 -0.000000
vn 0.000000 1.000000 -0.000000
vn 0.000000 1.000000 -0.000000
vn 0.000000 1.000000 -0.000000
vn 0.000000 1.000000 -0.000000
vn 0.000000 1.000000 -0.000000
vn -1.000000 0.000000 0.000000
vn -1.000000 0.000000 0.000000
vn -1.000000 0.000000 0.000000
vn -1.000000 0.000000 0.000000
vn 1.000000 0.000000 0.000000
vn 1.000000 0.000000 0.000000
vn 1.000000 0.000000 0.000000
vn 1.000000 0.000000 0.000000
vn 1.000000 0.000000 0.000000
vn 1.000000 0.000000 0.000000
vn 1.000000 0.000000 0.000000
vn 1.000000 0.000000 0.000000
vn 0.000000 0.000000 1.000000
vn 0.000000 0.000000 1.000000
vn 0.000000 0.000000 1.000000
vn 0.000000 0.000000 1.000000
vn 0.000014 0.927219 0.374520
vn 0.000014 0.927219 0.374520
vn 0.000014 0.927219 0.374520
vn 0.000014 0.927219 0.374520
vn -0.000017 0.390958 0.920409
vn -0.000017 0.390958 0.920409
vn -0.000017 0.390958 0.920408
vn -0.000017 0.390958 0.920409
vn -0.000059 -0.437526 0.899206
vn -0.000059 -0.437525 0.899206
vn -0.000059 -0.437525 0.899206
vn -0.000059 -0.437525 0.899206
vn 0.000058 -0.943037 0.332687
vn 0.000058 -0.943037 0.332687
vn 0.000058 -0.943037 0.332687
vn 0.000058 -0.943037 0.332687
vn -0.353551 -0.382693 0.853550
vn -0.353551 -0.382693 0.853550
vn -0.353551 -0.382693 0.853550
vn -0.353551 -0.382693 0.853550
vn -0.146452 -0.923874 0.353566
vn -0.146452 -0.923874 0.353566
vn -0.146452 -0.923874 0.353566
vn -0.146452 -0.923874 0.353566
vn 0.001256 0.390830 0.920462
vn 0.001256 0.390830 0.920462
vn 0.001256 0.390830 0.920462
vn 0.001256 0.390830 0.920462
vn -0.001171 0.927203 0.374558
vn -0.001171 0.927203 0.374558
vn -0.001171 0.927203 0.374558
vn -0.001171 0.927203 0.374558
vn 0.146449 -0.923876 0.353562
vn 0.146449 -0.923876 0.353562
vn 0.146449 -0.923876 0.353562
vn 0.146449 -0.923876 0.353562
vn 0.353553 -0.382682 0.853554
vn 0.353553 -0.382682 0.853554
vn 0.353553 -0.382682 0.853554
vn 0.353553 -0.382682 0.853554
vn 0.853562 0.382664 0.353553
vn 0.853562 0.382664 0.353553
vn 0.853562 0.382664 0.353553
vn 0.853562 0.382664 0.353553
vn 0.353536 0.923888 0.146437
vn 0.353536 0.923888 0.146437
vn 0.353536 0.923888 0.146437
vn 0.353536 0.923888 0.146437
vn 0.382672 0.923884 -0.000000
vn 0.382672 0.923884 -0.000000
vn 0.382672 0.923884 -0.000000
vn 0.382672 0.923884 -0.000000
vn 0.923879 0.382684 -0.000000
vn 0.923879 0.382684 -0.000000
vn 0.923880 0.382684 -0.000000
vn 0.923880 0.382684 -0.000000
vn 0.000000 0.382685 0.923879
vn 0.000000 0.382685 0.923879
vn 0.000000 0.382685 0.923879
vn 0.000000 0.382685 0.923879
vn 0.000000 0.923875 0.382693
vn 0.000000 0.923875 0.382693
vn 0.000000 0.923875 0.382693
vn 0.000000 0.923875 0.382693
vn -0.853556 0.382676 0.353556
vn -0.853556 0.382676 0.353556
vn -0.853556 0.382676 0.353556
vn -0.853556 0.382676 0.353556
vn -0.353533 0.923888 0.146442
vn -0.353533 0.923888 0.146442
vn -0.353533 0.923888 0.146442
vn -0.353533 0.923888 0.146442
vn -0.353563 -0.923875 0.146453
vn -0.353563 -0.923875 0.146453
vn -0.353563 -0.923875 0.146453
vn -0.353563 -0.923875 0.146453
vn -0.853550 -0.382688 0.353556
vn -0.853550 -0.382688 0.353556
vn -0.853550 -0.382688 0.353556
vn -0.853550 -0.382688 0.353556
vn -0.146452 0.923874 0.353566
vn -0.146452 0.923874 0.353566
vn -0.146452 0.923874 0.353566
vn -0.146452 0.923874 0.353566
vn -0.353551 0.382693 0.853550
vn -0.353551 0.382693 0.853550
vn -0.353551 0.382693 0.853550
vn -0.353551 0.382693 0.853550
vn -0.146441 0.923886 0.353538
vn -0.146441 0.923886 0.353538
vn -0.146441 0.923886 0.353538
vn -0.146441 0.923886 0.353538
vn -0.353553 0.382681 0.853555
vn -0.353553 0.382681 0.853555
vn -0.353553 0.382681 0.853555
vn -0.353553 0.382681 0.853555
vn -0.353563 -0.923875 0.146452
vn -0.353563 -0.923875 0.146452
vn -0.353563 -0.923875 0.146452
vn -0.353563 -0.923875 0.146452
vn -0.853551 -0.382688 0.353556
vn -0.853551 -0.382688 0.353556
vn -0.853551 -0.382688 0.353556
vn -0.853551 -0.382688 0.353556
vn 0.000000 -0.923875 0.382695
vn 0.000000 -0.923875 0.382695
vn 0.000000 -0.923875 0.382695
vn 0.000000 -0.923875 0.382695
vn 0.000000 -0.382683 0.923880
vn 0.000000 -0.382683 0.923880
vn 0.000000 -0.382683 0.923880
vn 0.000000 -0.382683 0.923880
vn -0.353567 -0.853543 0.382694
vn -0.353567 -0.853543 0.382694
vn -0.353567 -0.853543 0.382694
vn -0.353567 -0.853543 0.382695
vn -0.146451 -0.353551 0.923880
vn -0.146451 -0.353551 0.923880
vn -0.146451 -0.353551 0.923880
vn -0.146451 -0.353551 0.923880
vn -0.853546 0.353571 0.382684
vn -0.853546 0.353571 0.382684
vn -0.853546 0.353571 0.382684
vn -0.853546 0.353571 0.382684
vn -0.353550 0.146450 0.923880
vn -0.353550 0.146450 0.923880
vn -0.353550 0.146450 0.923880
vn -0.353550 0.146450 0.923880
vn -0.353550 -0.146450 0.923880
vn -0.353550 -0.146450 0.923880
vn -0.353550 -0.146450 0.923880
vn -0.353550 -0.146450 0.923880
vn -0.853546 -0.353571 0.382684
vn -0.853546 -0.353571 0.382684
vn -0.853546 -0.353571 0.382684
vn -0.853546 -0.353571 0.382684
vn -0.146449 0.353551 0.923880
vn -0.146449 0.353551 0.923880
vn -0.146449 0.353551 0.923880
vn -0.146449 0.353551 0.923880
vn -0.353567 0.853544 0.382693
vn -0.353567 0.853544 0.382693
vn -0.353567 0.853544 0.382693
vn -0.353567 0.853544 0.382693
vn 0.000035 -0.933971 0.357350
vn 0.000035 -0.933971 0.357350
vn 0.000035 -0.933971 0.357350
vn 0.000035 -0.933971 0.357350
vn -0.000065 -0.409311 0.912395
vn -0.000065 -0.409311 0.912395
vn -0.000065 -0.409311 0.912395
vn -0.000065 -0.409311 0.912395
vn 0.000000 0.000000 1.000000
vn 0.000000 0.000000 1.000000
vn 0.000000 0.000000 1.000000
vn 0.000000 0.000000 1.000000
s off
g S_U_08 Unit_Base_21:Unit_Base_20
usemtl Unit_Base_21:aiStandardSurface1SG
f 848/1144/3100 849/1145/3101 852/1146/3102 853/1147/3103
f 849/1148/3104 850/1149/3105 851/1150/3106 852/1151/3107
f 862/1152/3108 861/1153/3109 867/1154/3110 866/1155/3111
f 861/1153/3112 860/1156/3113 868/1157/3114 867/1154/3115
f 871/1158/3116 870/1159/3117 879/1160/3118 878/1161/3119
f 870/1159/3120 869/1162/3121 880/1163/3122 879/1160/3123
f 874/1164/3124 873/1165/3125 876/1166/3126 875/1167/3127
f 873/1168/3128 872/1169/3129 877/1170/3130 876/1171/3131
f 886/1172/3132 885/1173/3133 972/1174/3134 973/1175/3135
f 885/1176/3136 884/1177/3137 971/1178/3138 972/1179/3139
f 895/1180/3140 894/1181/3141 981/1182/3142 982/1183/3143
f 894/1184/3144 893/1185/3145 980/1186/3146 981/1187/3147
f 898/1188/3148 897/1189/3149 984/1190/3150 985/1191/3151
f 897/1192/3152 896/1193/3153 983/1194/3154 984/1195/3155
f 904/1196/3156 903/1197/3157 906/1198/3158 905/1199/3159
f 903/1197/3160 902/1200/3161 907/1201/3162 906/1198/3163
f 913/1202/3164 912/1203/3165 915/1204/3166 914/1205/3167
f 912/1203/3168 911/1206/3169 916/1207/3170 915/1204/3171
f 922/1208/3172 921/1209/3173 924/1210/3174 923/1211/3175
f 921/1209/3176 920/1212/3177 925/1213/3178 924/1210/3179
f 934/1214/3180 890/1215/3181 860/1216/3182
f 916/1207/3183 857/1217/3184 854/1218/3185 919/1219/3186
f 877/1170/3187 872/1169/3188 849/1145/3189 848/1144/3190
f 872/1220/3191 868/1157/3192 850/1149/3193 849/1148/3194
f 871/1158/3195 878/1161/3196 852/1151/3197 851/1150/3198
f 878/1221/3199 881/1222/3200 853/1147/3201 852/1146/3202
f 931/1223/3203 868/1157/3204 860/1156/3205 890/1224/3206
f 850/1149/3207 925/1213/3208 920/1212/3209 851/1150/3210
f 863/1225/3211 899/1226/3212 902/1227/3213 887/1228/3214
f 899/1229/3215 886/1172/3216 907/1201/3217 902/1200/3218
f 893/1185/3219 908/1230/3220 911/1231/3221 898/1188/3222
f 908/1232/3223 857/1217/3224 916/1207/3225 911/1206/3226
f 851/1150/3227 920/1212/3228 928/1233/3229 871/1158/3230
f 854/1218/3231 871/1158/3232 928/1233/3233 919/1219/3234
f 850/1149/3235 868/1157/3236 931/1223/3237 925/1213/3238
f 856/1234/3239 855/1235/3240 858/1236/3241 859/1237/3242
f 855/1235/3243 854/1218/3244 857/1217/3245 858/1236/3246
f 860/1216/3247 861/1153/3248 933/1238/3249 934/1214/3250
f 861/1153/3251 862/1152/3252 932/1239/3253 933/1238/3254
f 863/1225/3255 864/1240/3256 900/1241/3257 899/1226/3258
f 864/1240/3259 865/1242/3260 901/1243/3261 900/1241/3262
f 854/1218/3263 855/1235/3264 870/1159/3265 871/1158/3266
f 855/1235/3267 856/1234/3268 869/1162/3269 870/1159/3270
f 866/1155/3271 867/1154/3272 873/1165/3273 874/1164/3274
f 867/1154/3275 868/1157/3276 872/1220/3277 873/1165/3278
f 876/1171/3279 877/1170/3280 964/1244/3281 963/1245/3282
f 875/1167/3283 876/1166/3284 963/1246/3285 962/1247/3286
f 878/1221/3287 879/1248/3288 882/1249/3289 881/1222/3290
f 879/1160/3291 880/1163/3292 883/1250/3293 882/1251/3294
f 887/1228/3295 888/1252/3296 891/1253/3297 890/1215/3298
f 888/1254/3299 889/1255/3300 892/1256/3301 891/1257/3302
f 893/1185/3303 894/1184/3304 909/1258/3305 908/1230/3306
f 894/1181/3307 895/1180/3308 910/1259/3309 909/1260/3310
f 884/1177/3311 885/1176/3312 900/1241/3313 901/1243/3314
f 885/1173/3315 886/1172/3316 899/1229/3317 900/1261/3318
f 889/1255/3319 888/1254/3320 903/1197/3321 904/1196/3322
f 888/1252/3323 887/1228/3324 902/1227/3325 903/1262/3326
f 906/1198/3327 907/1201/3328 994/1263/3329 993/1264/3330
f 905/1199/3331 906/1198/3332 993/1264/3333 992/1265/3334
f 859/1237/3335 858/1236/3336 909/1260/3337 910/1259/3338
f 858/1236/3339 857/1217/3340 908/1232/3341 909/1260/3342
f 896/1193/3343 897/1192/3344 912/1203/3345 913/1202/3346
f 897/1189/3347 898/1188/3348 911/1231/3349 912/1266/3350
f 914/1205/3351 915/1204/3352 918/1267/3353 917/1268/3354
f 915/1204/3355 916/1207/3356 919/1219/3357 918/1267/3358
f 917/1268/3359 918/1267/3360 927/1269/3361 926/1270/3362
f 918/1267/3363 919/1219/3364 928/1233/3365 927/1269/3366
f 923/1211/3367 924/1210/3368 930/1271/3369 929/1272/3370
f 924/1210/3371 925/1213/3372 931/1223/3373 930/1271/3374
f 920/1212/3375 921/1209/3376 927/1269/3377 928/1233/3378
f 921/1209/3379 922/1208/3380 926/1270/3381 927/1269/3382
f 890/1224/3383 891/1257/3384 930/1271/3385 931/1223/3386
f 891/1257/3387 892/1256/3388 929/1272/3389 930/1271/3390
f 933/1238/3391 932/1239/3392 865/1242/3393 864/1240/3394
f 934/1214/3395 933/1238/3396 864/1240/3397 863/1225/3398
f 863/1225/3399 887/1228/3400 890/1215/3401 934/1214/3402
f 935/1273/3403 940/1274/3404 939/1275/3405 936/1276/3406
f 936/1277/3407 939/1278/3408 938/1279/3409 937/1280/3410
f 853/1147/3411 940/1274/3412 935/1273/3413 848/1144/3414
f 949/1281/3415 953/1282/3416 954/1283/3417 948/1284/3418
f 948/1284/3419 954/1283/3420 955/1285/3421 947/1286/3422
f 958/1287/3423 965/1288/3424 966/1289/3425 957/1290/3426
f 957/1290/3427 966/1289/3428 967/1291/3429 956/1292/3430
f 961/1293/3431 962/1247/3432 963/1246/3433 960/1294/3434
f 960/1295/3435 963/1245/3436 964/1244/3437 959/1296/3438
f 991/1297/3439 992/1265/3440 993/1264/3441 990/1298/3442
f 990/1298/3443 993/1264/3444 994/1263/3445 989/1299/3446
f 1000/1300/3447 1001/1301/3448 1002/1302/3449 999/1303/3450
f 999/1303/3451 1002/1302/3452 1003/1304/3453 998/1305/3454
f 1009/1306/3455 1010/1307/3456 1011/1308/3457 1008/1309/3458
f 1008/1309/3459 1011/1308/3460 1012/1310/3461 1007/1311/3462
f 1021/1312/3463 947/1313/3464 977/1314/3465
f 1003/1304/3466 1006/1315/3467 941/1316/3468 944/1317/3469
f 964/1244/3470 935/1273/3471 936/1276/3472 959/1296/3473
f 959/1318/3474 936/1277/3475 937/1280/3476 955/1285/3477
f 958/1287/3478 938/1279/3479 939/1278/3480 965/1288/3481
f 965/1319/3482 939/1275/3483 940/1274/3484 968/1320/3485
f 1018/1321/3486 977/1322/3487 947/1286/3488 955/1285/3489
f 937/1280/3490 938/1279/3491 1007/1311/3492 1012/1310/3493
f 950/1323/3494 974/1324/3495 989/1325/3496 986/1326/3497
f 986/1327/3498 989/1299/3499 994/1263/3500 973/1175/3501
f 980/1186/3502 985/1191/3503 998/1328/3504 995/1329/3505
f 995/1330/3506 998/1305/3507 1003/1304/3508 944/1317/3509
f 938/1279/3510 958/1287/3511 1015/1331/3512 1007/1311/3513
f 941/1316/3514 1006/1315/3515 1015/1331/3516 958/1287/3517
f 880/1163/3518 967/1291/3519 970/1332/3520 883/1250/3521
f 869/1162/3522 956/1292/3523 967/1291/3524 880/1163/3525
f 856/1234/3526 943/1333/3527 956/1292/3528 869/1162/3529
f 859/1237/3530 946/1334/3531 943/1333/3532 856/1234/3533
f 910/1259/3534 997/1335/3535 946/1334/3536 859/1237/3537
f 895/1180/3538 982/1183/3539 997/1335/3540 910/1259/3541
f 898/1188/3542 985/1191/3543 980/1186/3544 893/1185/3545
f 913/1202/3546 1000/1300/3547 983/1194/3548 896/1193/3549
f 914/1205/3550 1001/1301/3551 1000/1300/3552 913/1202/3553
f 917/1268/3554 1004/1336/3555 1001/1301/3556 914/1205/3557
f 926/1270/3558 1013/1337/3559 1004/1336/3560 917/1268/3561
f 922/1208/3562 1009/1306/3563 1013/1337/3564 926/1270/3565
f 923/1211/3566 1010/1307/3567 1009/1306/3568 922/1208/3569
f 929/1272/3570 1016/1338/3571 1010/1307/3572 923/1211/3573
f 892/1256/3574 979/1339/3575 1016/1338/3576 929/1272/3577
f 889/1255/3578 976/1340/3579 979/1339/3580 892/1256/3581
f 904/1196/3582 991/1297/3583 976/1340/3584 889/1255/3585
f 905/1199/3586 992/1265/3587 991/1297/3588 904/1196/3589
f 886/1172/3590 973/1175/3591 994/1263/3592 907/1201/3593
f 848/1144/3594 935/1273/3595 964/1244/3596 877/1170/3597
f 881/1222/3598 968/1320/3599 940/1274/3600 853/1147/3601
f 937/1280/3602 1012/1310/3603 1018/1321/3604 955/1285/3605
f 943/1333/3606 946/1334/3607 945/1341/3608 942/1342/3609
f 942/1342/3610 945/1341/3611 944/1317/3612 941/1316/3613
f 947/1313/3614 1021/1312/3615 1020/1343/3616 948/1284/3617
f 948/1284/3618 1020/1343/3619 1019/1344/3620 949/1281/3621
f 950/1323/3622 986/1326/3623 987/1345/3624 951/1346/3625
f 951/1346/3626 987/1345/3627 988/1347/3628 952/1348/3629
f 941/1316/3630 958/1287/3631 957/1290/3632 942/1342/3633
f 942/1342/3634 957/1290/3635 956/1292/3636 943/1333/3637
f 953/1282/3638 961/1293/3639 960/1294/3640 954/1283/3641
f 954/1283/3642 960/1294/3643 959/1318/3644 955/1285/3645
f 965/1319/3646 968/1320/3647 969/1349/3648 966/1350/3649
f 966/1289/3650 969/1351/3651 970/1332/3652 967/1291/3653
f 883/1250/3654 970/1332/3655 969/1351/3656 882/1251/3657
f 882/1249/3658 969/1349/3659 968/1320/3660 881/1222/3661
f 974/1324/3662 977/1314/3663 978/1352/3664 975/1353/3665
f 975/1354/3666 978/1355/3667 979/1339/3668 976/1340/3669
f 980/1186/3670 995/1329/3671 996/1356/3672 981/1187/3673
f 981/1182/3674 996/1357/3675 997/1335/3676 982/1183/3677
f 971/1178/3678 988/1347/3679 987/1345/3680 972/1179/3681
f 972/1174/3682 987/1358/3683 986/1327/3684 973/1175/3685
f 976/1340/3686 991/1297/3687 990/1298/3688 975/1354/3689
f 975/1353/3690 990/1359/3691 989/1325/3692 974/1324/3693
f 946/1334/3694 997/1335/3695 996/1357/3696 945/1341/3697
f 945/1341/3698 996/1357/3699 995/1330/3700 944/1317/3701
f 983/1194/3702 1000/1300/3703 999/1303/3704 984/1195/3705
f 984/1190/3706 999/1360/3707 998/1328/3708 985/1191/3709
f 1001/1301/3710 1004/1336/3711 1005/1361/3712 1002/1302/3713
f 1002/1302/3714 1005/1361/3715 1006/1315/3716 1003/1304/3717
f 1004/1336/3718 1013/1337/3719 1014/1362/3720 1005/1361/3721
f 1005/1361/3722 1014/1362/3723 1015/1331/3724 1006/1315/3725
f 1010/1307/3726 1016/1338/3727 1017/1363/3728 1011/1308/3729
f 1011/1308/3730 1017/1363/3731 1018/1321/3732 1012/1310/3733
f 1007/1311/3734 1015/1331/3735 1014/1362/3736 1008/1309/3737
f 1008/1309/3738 1014/1362/3739 1013/1337/3740 1009/1306/3741
f 977/1322/3742 1018/1321/3743 1017/1363/3744 978/1355/3745
f 978/1355/3746 1017/1363/3747 1016/1338/3748 979/1339/3749
f 1020/1343/3750 951/1346/3751 952/1348/3752 1019/1344/3753
f 1021/1312/3754 950/1323/3755 951/1346/3756 1020/1343/3757
f 950/1323/3758 1021/1312/3759 977/1314/3760 974/1324/3761
g default
v -230.521576 229.573196 158.682785
v -224.772720 232.042007 158.682785
v -224.772720 229.573196 152.933670
v -224.772720 223.612900 150.552322
v -230.521576 223.612900 152.933670
v -232.903046 223.612900 158.682785
v -110.003525 229.573196 158.682785
v -107.622299 223.612900 158.682785
v -110.003525 223.612900 152.933670
v -115.752884 223.612900 150.552322
v -115.752884 229.573196 152.933670
v -115.752884 232.042007 158.682785
v -110.003525 6.056765 158.682785
v -115.752884 3.587954 158.682785
v -115.752884 6.056765 152.933670
v -115.752884 12.017033 150.552322
v -110.003525 12.017033 152.933670
v -107.622299 12.017033 158.682785
v -230.521576 6.056765 158.682785
v -232.903046 12.017033 158.682785
v -230.521576 12.017033 152.933670
v -224.772720 12.017033 150.552322
v -224.772720 6.056765 152.933670
v -224.772720 3.587954 158.682785
v -230.521576 6.056765 158.684433
v -224.772720 3.587954 158.684433
v -224.772720 6.056765 164.433517
v -224.772720 12.017033 166.814896
v -230.521576 12.017033 164.433517
v -232.903046 12.017033 158.684433
v -230.521576 229.573196 158.684433
v -232.903046 223.612900 158.684433
v -230.521576 223.612900 164.433517
v -224.772720 223.612900 166.814896
v -224.772720 229.573196 164.433517
v -224.772720 232.042007 158.684433
v -110.003525 6.056765 158.684433
v -107.622299 12.017033 158.684433
v -110.003525 12.017033 164.433517
v -115.752884 12.017033 166.814896
v -115.752884 6.056765 164.433517
v -115.752884 3.587954 158.684433
v -110.003525 229.573196 158.684433
v -115.752884 232.042007 158.684433
v -115.752884 229.573196 164.433517
v -115.752884 223.612900 166.814896
v -110.003525 223.612900 164.433517
v -107.622299 223.612900 158.684433
v -229.465118 228.477798 153.990280
v -111.060226 228.477798 153.990280
v -111.060226 7.152155 153.990280
v -229.465118 7.152155 153.990280
v -229.465118 7.152155 163.376907
v -229.465118 228.477798 163.376907
v -111.060226 7.152155 163.376907
v -111.060226 228.477798 163.376907
vt 0.625000 0.733776
vt 0.625000 0.750000
vt 0.625000 0.750000
vt 0.625000 0.733776
vt 0.625000 0.250000
vt 0.622077 0.250000
vt 0.622077 0.250000
vt 0.625000 0.250000
vt 0.585117 0.232865
vt 0.584116 0.250000
vt 0.623233 0.250000
vt 0.622232 0.232865
vt 0.625000 0.739643
vt 0.625000 0.516225
vt 0.625000 0.510358
vt 0.623128 0.250000
vt 0.584221 0.250000
vt 0.585272 0.250000
vt 0.582349 0.239028
vt 0.585117 0.017135
vt 0.582349 0.010972
vt 0.622077 0.500000
vt 0.624458 0.503006
vt 0.624458 0.503006
vt 0.622077 0.500000
vt 0.625000 0.516225
vt 0.625000 0.239028
vt 0.625000 0.010972
vt 0.622232 0.017135
vt 0.623128 0.500000
vt 0.585272 0.500000
vt 0.584221 0.500000
vt 0.582349 0.516225
vt 0.582891 0.503006
vt 0.582891 0.503006
vt 0.582349 0.516225
vt 0.585272 0.500000
vt 0.623233 0.000000
vt 0.584116 0.000000
vt 0.582349 0.510358
vt 0.582349 0.733775
vt 0.582349 0.739643
vt 0.582349 0.250000
vt 0.582349 0.250000
vt 0.585272 0.250000
vt 0.582349 0.750000
vt 0.582349 0.733775
vt 0.582349 0.750000
vt 0.585117 0.017135
vt 0.584116 0.000000
vt 0.623233 0.000000
vt 0.622232 0.017135
vt 0.582349 0.739643
vt 0.582349 0.510358
vt 0.584221 0.250000
vt 0.623128 0.250000
vt 0.582349 0.010972
vt 0.585117 0.232865
vt 0.582349 0.239028
vt 0.625000 0.739643
vt 0.625000 0.510358
vt 0.584116 0.250000
vt 0.622232 0.232865
vt 0.623233 0.250000
vt 0.625000 0.010972
vt 0.625000 0.239028
vt 0.584221 0.500000
vt 0.623128 0.500000
vt 0.625000 0.250000
vt 0.625000 0.750000
vt 0.582349 0.250000
vt 0.625000 0.500000
vt 0.625000 0.250000
vt 0.582349 0.500000
vt 0.625000 0.000000
vt 0.582349 0.750000
vt 0.582349 0.250000
vt 0.582349 0.000000
vt 0.582349 0.250000
vt 0.582349 0.750000
vt 0.582349 0.000000
vt 0.625000 0.750000
vt 0.625000 0.250000
vt 0.582349 0.250000
vt 0.582349 0.500000
vt 0.625000 0.000000
vt 0.625000 0.500000
vt 0.625000 0.250000
vn -0.393807 0.919193 0.000000
vn -0.393807 0.919193 0.000000
vn -0.393807 0.919193 0.000000
vn -0.393807 0.919193 0.000000
vn -0.928676 0.370892 0.000000
vn -0.928676 0.370892 0.000000
vn -0.928676 0.370892 0.000000
vn -0.928676 0.370892 0.000000
vn 0.000000 0.371018 -0.928626
vn 0.000000 0.371018 -0.928626
vn 0.000000 0.371018 -0.928626
vn 0.000000 0.371018 -0.928626
vn 0.000000 0.918862 -0.394580
vn 0.000000 0.918862 -0.394580
vn 0.000000 0.918862 -0.394580
vn 0.000000 0.918862 -0.394580
vn -0.923873 0.000000 -0.382699
vn -0.923873 0.000000 -0.382699
vn -0.923873 0.000000 -0.382699
vn -0.923873 0.000000 -0.382699
vn -0.382696 0.000000 -0.923874
vn -0.382696 0.000000 -0.923874
vn -0.382696 0.000000 -0.923874
vn -0.382696 0.000000 -0.923874
vn 0.928689 0.370860 0.000000
vn 0.928689 0.370860 0.000000
vn 0.928689 0.370860 0.000000
vn 0.928689 0.370860 0.000000
vn 0.393778 0.919206 0.000000
vn 0.393778 0.919206 0.000000
vn 0.393778 0.919206 0.000000
vn 0.393778 0.919206 0.000000
vn 0.382667 0.000000 -0.923886
vn 0.382667 0.000000 -0.923886
vn 0.382667 0.000000 -0.923886
vn 0.382667 0.000000 -0.923886
vn 0.923887 0.000000 -0.382665
vn 0.923887 0.000000 -0.382665
vn 0.923887 0.000000 -0.382665
vn 0.923887 0.000000 -0.382665
vn 0.393778 -0.919206 0.000000
vn 0.393778 -0.919206 0.000000
vn 0.393778 -0.919206 0.000000
vn 0.393778 -0.919206 0.000000
vn 0.928689 -0.370860 0.000000
vn 0.928689 -0.370860 0.000000
vn 0.928689 -0.370860 0.000000
vn 0.928689 -0.370860 0.000000
vn 0.000000 -0.371020 -0.928625
vn 0.000000 -0.371020 -0.928625
vn 0.000000 -0.371020 -0.928625
vn 0.000000 -0.371020 -0.928625
vn 0.000000 -0.918861 -0.394581
vn 0.000000 -0.918861 -0.394581
vn 0.000000 -0.918861 -0.394581
vn 0.000000 -0.918861 -0.394581
vn -0.928676 -0.370892 0.000000
vn -0.928676 -0.370892 0.000000
vn -0.928676 -0.370892 0.000000
vn -0.928676 -0.370892 0.000000
vn -0.393807 -0.919193 0.000000
vn -0.393807 -0.919193 0.000000
vn -0.393807 -0.919193 0.000000
vn -0.393807 -0.919193 0.000000
vn 0.000000 -0.371024 0.928623
vn 0.000000 -0.371024 0.928623
vn 0.000000 -0.371024 0.928623
vn 0.000000 -0.371024 0.928623
vn 0.000000 -0.918860 0.394583
vn 0.000000 -0.918860 0.394583
vn 0.000000 -0.918860 0.394583
vn 0.000000 -0.918860 0.394583
vn -0.923872 0.000000 0.382701
vn -0.923872 0.000000 0.382701
vn -0.923872 0.000000 0.382701
vn -0.923872 0.000000 0.382701
vn -0.382701 0.000000 0.923872
vn -0.382701 0.000000 0.923872
vn -0.382701 0.000000 0.923872
vn -0.382701 0.000000 0.923872
vn 0.000000 0.918861 0.394582
vn 0.000000 0.918861 0.394582
vn 0.000000 0.918861 0.394582
vn 0.000000 0.918861 0.394582
vn 0.000000 0.371022 0.928624
vn 0.000000 0.371022 0.928624
vn 0.000000 0.371022 0.928624
vn 0.000000 0.371022 0.928624
vn 0.382672 0.000000 0.923884
vn 0.382672 0.000000 0.923884
vn 0.382672 0.000000 0.923884
vn 0.382672 0.000000 0.923884
vn 0.923886 0.000000 0.382667
vn 0.923886 0.000000 0.382667
vn 0.923886 0.000000 0.382667
vn 0.923886 0.000000 0.382667
vn 0.000000 0.000000 1.000000
vn 0.000000 0.000000 1.000000
vn 0.000000 0.000000 1.000000
vn 0.000000 0.000000 1.000000
vn -1.000000 0.000000 0.000000
vn -1.000000 0.000000 0.000000
vn -1.000000 0.000000 0.000000
vn -1.000000 0.000000 0.000000
vn 0.000000 -1.000000 0.000000
vn 0.000000 -1.000000 0.000000
vn 0.000000 -1.000000 0.000000
vn 0.000000 -1.000000 0.000000
vn 1.000000 0.000000 0.000000
vn 1.000000 0.000000 0.000000
vn 1.000000 0.000000 0.000000
vn 1.000000 0.000000 0.000000
vn 0.000000 1.000000 0.000000
vn 0.000000 1.000000 0.000000
vn 0.000000 1.000000 0.000000
vn 0.000000 1.000000 0.000000
vn -0.891209 0.314903 -0.326469
vn -0.891209 0.314903 -0.326469
vn -0.891209 0.314903 -0.326469
vn -0.891209 0.314903 -0.326469
vn -0.334586 0.880975 -0.334568
vn -0.334586 0.880975 -0.334568
vn -0.334586 0.880975 -0.334568
vn -0.334586 0.880975 -0.334568
vn -0.326480 0.314899 -0.891207
vn -0.326480 0.314899 -0.891207
vn -0.326480 0.314899 -0.891207
vn -0.326480 0.314899 -0.891207
vn 0.334563 0.880978 -0.334582
vn 0.334563 0.880978 -0.334582
vn 0.334563 0.880978 -0.334582
vn 0.334563 0.880978 -0.334582
vn 0.891210 0.314902 -0.326468
vn 0.891210 0.314902 -0.326468
vn 0.891210 0.314902 -0.326468
vn 0.891210 0.314902 -0.326468
vn 0.326459 0.314906 -0.891212
vn 0.326459 0.314906 -0.891212
vn 0.326459 0.314906 -0.891212
vn 0.326459 0.314906 -0.891212
vn 0.891210 -0.314903 -0.326468
vn 0.891210 -0.314903 -0.326468
vn 0.891210 -0.314903 -0.326468
vn 0.891210 -0.314903 -0.326468
vn 0.334563 -0.880980 -0.334578
vn 0.334563 -0.880980 -0.334578
vn 0.334563 -0.880980 -0.334577
vn 0.334563 -0.880980 -0.334578
vn 0.326458 -0.314907 -0.891212
vn 0.326458 -0.314907 -0.891212
vn 0.326458 -0.314907 -0.891212
vn 0.326458 -0.314907 -0.891212
vn -0.334585 -0.880974 -0.334570
vn -0.334585 -0.880974 -0.334570
vn -0.334585 -0.880974 -0.334570
vn -0.334585 -0.880974 -0.334570
vn -0.891210 -0.314904 -0.326468
vn -0.891210 -0.314904 -0.326468
vn -0.891210 -0.314904 -0.326468
vn -0.891210 -0.314904 -0.326468
vn -0.326480 -0.314901 -0.891206
vn -0.326480 -0.314901 -0.891206
vn -0.326480 -0.314901 -0.891206
vn -0.326480 -0.314901 -0.891206
vn -0.891209 -0.314903 0.326470
vn -0.891209 -0.314903 0.326470
vn -0.891209 -0.314903 0.326470
vn -0.891209 -0.314903 0.326470
vn -0.334583 -0.880975 0.334570
vn -0.334583 -0.880975 0.334570
vn -0.334583 -0.880975 0.334570
vn -0.334583 -0.880975 0.334570
vn -0.326484 -0.314902 0.891204
vn -0.326484 -0.314902 0.891204
vn -0.326484 -0.314902 0.891204
vn -0.326484 -0.314902 0.891204
vn -0.334584 0.880975 0.334569
vn -0.334584 0.880975 0.334569
vn -0.334584 0.880975 0.334569
vn -0.334584 0.880975 0.334569
vn -0.891210 0.314900 0.326471
vn -0.891210 0.314900 0.326471
vn -0.891210 0.314900 0.326471
vn -0.891210 0.314900 0.326471
vn -0.326482 0.314901 0.891205
vn -0.326482 0.314901 0.891205
vn -0.326482 0.314901 0.891205
vn -0.326482 0.314901 0.891205
vn 0.334563 -0.880980 0.334579
vn 0.334563 -0.880980 0.334579
vn 0.334563 -0.880980 0.334579
vn 0.334563 -0.880980 0.334579
vn 0.891210 -0.314901 0.326470
vn 0.891210 -0.314901 0.326470
vn 0.891209 -0.314901 0.326470
vn 0.891210 -0.314901 0.326470
vn 0.326463 -0.314909 0.891209
vn 0.326463 -0.314909 0.891209
vn 0.326463 -0.314909 0.891209
vn 0.326463 -0.314909 0.891209
vn 0.891211 0.314899 0.326469
vn 0.891211 0.314899 0.326469
vn 0.891211 0.314899 0.326469
vn 0.891211 0.314899 0.326469
vn 0.334563 0.880978 0.334582
vn 0.334563 0.880978 0.334582
vn 0.334563 0.880978 0.334582
vn 0.334563 0.880978 0.334582
vn 0.326461 0.314908 0.891211
vn 0.326461 0.314908 0.891210
vn 0.326461 0.314908 0.891210
vn 0.326461 0.314908 0.891210
s off
g S_U_08 Window_34:Window_20
usemtl Window_34:Window_20SG
f 1023/1364/3762 1022/1365/3763 1052/1366/3764 1057/1367/3765
f 1022/1368/3766 1027/1369/3767 1053/1370/3768 1052/1371/3769
f 1025/1372/3770 1024/1373/3771 1032/1374/3772 1031/1375/3773
f 1024/1376/3774 1023/1364/3775 1033/1377/3776 1032/1378/3777
f 1027/1369/3778 1026/1379/3779 1042/1380/3780 1041/1381/3781
f 1026/1382/3782 1025/1372/3783 1043/1383/3784 1042/1384/3785
f 1029/1385/3786 1028/1386/3787 1064/1387/3788 1069/1388/3789
f 1028/1386/3790 1033/1377/3791 1065/1389/3792 1064/1387/3793
f 1031/1375/3794 1030/1390/3795 1038/1391/3796 1037/1392/3797
f 1030/1393/3798 1029/1385/3799 1039/1394/3800 1038/1395/3801
f 1035/1396/3802 1034/1397/3803 1058/1398/3804 1063/1399/3805
f 1034/1397/3806 1039/1394/3807 1059/1400/3808 1058/1398/3809
f 1037/1392/3810 1036/1401/3811 1044/1402/3812 1043/1383/3813
f 1036/1403/3814 1035/1396/3815 1045/1404/3816 1044/1405/3817
f 1041/1381/3818 1040/1406/3819 1046/1407/3820 1051/1408/3821
f 1040/1409/3822 1045/1404/3823 1047/1410/3824 1046/1411/3825
f 1049/1412/3826 1048/1413/3827 1062/1414/3828 1061/1415/3829
f 1048/1416/3830 1047/1410/3831 1063/1399/3832 1062/1417/3833
f 1051/1408/3834 1050/1418/3835 1054/1419/3836 1053/1370/3837
f 1050/1420/3838 1049/1412/3839 1055/1421/3840 1054/1422/3841
f 1057/1367/3842 1056/1423/3843 1066/1424/3844 1065/1389/3845
f 1056/1425/3846 1055/1421/3847 1067/1426/3848 1066/1427/3849
f 1061/1415/3850 1060/1428/3851 1068/1429/3852 1067/1426/3853
f 1060/1430/3854 1059/1400/3855 1069/1388/3856 1068/1431/3857
f 1055/1421/3858 1049/1412/3859 1061/1415/3860 1067/1426/3861
f 1053/1370/3862 1027/1369/3863 1041/1381/3864 1051/1408/3865
f 1047/1410/3866 1045/1404/3867 1035/1396/3868 1063/1399/3869
f 1059/1400/3870 1039/1394/3871 1029/1385/3872 1069/1388/3873
f 1065/1389/3874 1033/1377/3875 1023/1364/3876 1057/1367/3877
f 1026/1379/3878 1027/1369/3879 1022/1368/3880 1070/1432/3881
f 1022/1365/3882 1023/1364/3883 1024/1376/3884 1070/1433/3885
f 1024/1373/3886 1025/1372/3887 1026/1382/3888 1070/1434/3889
f 1032/1378/3890 1033/1377/3891 1028/1386/3892 1071/1435/3893
f 1028/1386/3894 1029/1385/3895 1030/1393/3896 1071/1435/3897
f 1030/1390/3898 1031/1375/3899 1032/1374/3900 1071/1436/3901
f 1038/1395/3902 1039/1394/3903 1034/1397/3904 1072/1437/3905
f 1034/1397/3906 1035/1396/3907 1036/1403/3908 1072/1437/3909
f 1036/1401/3910 1037/1392/3911 1038/1391/3912 1072/1438/3913
f 1044/1405/3914 1045/1404/3915 1040/1409/3916 1073/1439/3917
f 1040/1406/3918 1041/1381/3919 1042/1380/3920 1073/1440/3921
f 1042/1384/3922 1043/1383/3923 1044/1402/3924 1073/1441/3925
f 1050/1418/3926 1051/1408/3927 1046/1407/3928 1074/1442/3929
f 1046/1411/3930 1047/1410/3931 1048/1416/3932 1074/1443/3933
f 1048/1413/3934 1049/1412/3935 1050/1420/3936 1074/1444/3937
f 1056/1423/3938 1057/1367/3939 1052/1366/3940 1075/1445/3941
f 1052/1371/3942 1053/1370/3943 1054/1419/3944 1075/1446/3945
f 1054/1422/3946 1055/1421/3947 1056/1425/3948 1075/1447/3949
f 1062/1417/3950 1063/1399/3951 1058/1398/3952 1076/1448/3953
f 1058/1398/3954 1059/1400/3955 1060/1430/3956 1076/1448/3957
f 1060/1428/3958 1061/1415/3959 1062/1414/3960 1076/1449/3961
f 1068/1431/3962 1069/1388/3963 1064/1387/3964 1077/1450/3965
f 1064/1387/3966 1065/1389/3967 1066/1424/3968 1077/1450/3969
f 1066/1427/3970 1067/1426/3971 1068/1429/3972 1077/1451/3973
g default
v -107.622032 229.573196 158.681152
v -101.873177 232.042007 158.681152
v -101.873177 229.573196 152.932037
v -101.873177 223.612900 150.550690
v -107.622032 223.612900 152.932037
v -110.003502 223.612900 158.681152
v 12.896019 229.573196 158.681152
v 15.277245 223.612900 158.681152
v 12.896019 223.612900 152.932037
v 7.146660 223.612900 150.550690
v 7.146660 229.573196 152.932037
v 7.146660 232.042007 158.681152
v 12.896019 6.056765 158.681152
v 7.146660 3.587954 158.681152
v 7.146660 6.056765 152.932037
v 7.146660 12.017033 150.550690
v 12.896019 12.017033 152.932037
v 15.277245 12.017033 158.681152
v -107.622032 6.056765 158.681152
v -110.003502 12.017033 158.681152
v -107.622032 12.017033 152.932037
v -101.873177 12.017033 150.550690
v -101.873177 6.056765 152.932037
v -101.873177 3.587954 158.681152
v -107.622032 6.056765 158.682800
v -101.873177 3.587954 158.682800
v -101.873177 6.056765 164.431885
v -101.873177 12.017033 166.813263
v -107.622032 12.017033 164.431885
v -110.003502 12.017033 158.682800
v -107.622032 229.573196 158.682800
v -110.003502 223.612900 158.682800
v -107.622032 223.612900 164.431885
v -101.873177 223.612900 166.813263
v -101.873177 229.573196 164.431885
v -101.873177 232.042007 158.682800
v 12.896019 6.056765 158.682800
v 15.277245 12.017033 158.682800
v 12.896019 12.017033 164.431885
v 7.146660 12.017033 166.813263
v 7.146660 6.056765 164.431885
v 7.146660 3.587954 158.682800
v 12.896019 229.573196 158.682800
v 7.146660 232.042007 158.682800
v 7.146660 229.573196 164.431885
v 7.146660 223.612900 166.813263
v 12.896019 223.612900 164.431885
v 15.277245 223.612900 158.682800
v -106.565575 228.477798 153.988647
v 11.839317 228.477798 153.988647
v 11.839317 7.152155 153.988647
v -106.565575 7.152155 153.988647
v -106.565575 7.152155 163.375275
v -106.565575 228.477798 163.375275
v 11.839317 7.152155 163.375275
v 11.839317 228.477798 163.375275
vt 0.625000 0.733776
vt 0.625000 0.750000
vt 0.625000 0.750000
vt 0.625000 0.733776
vt 0.625000 0.250000
vt 0.622077 0.250000
vt 0.622077 0.250000
vt 0.625000 0.250000
vt 0.585117 0.232865
vt 0.584116 0.250000
vt 0.623233 0.250000
vt 0.622232 0.232865
vt 0.625000 0.739643
vt 0.625000 0.516225
vt 0.625000 0.510358
vt 0.623128 0.250000
vt 0.584221 0.250000
vt 0.585272 0.250000
vt 0.582349 0.239028
vt 0.585117 0.017135
vt 0.582349 0.010972
vt 0.622077 0.500000
vt 0.624458 0.503006
vt 0.624458 0.503006
vt 0.622077 0.500000
vt 0.625000 0.516225
vt 0.625000 0.239028
vt 0.625000 0.010972
vt 0.622232 0.017135
vt 0.623128 0.500000
vt 0.585272 0.500000
vt 0.584221 0.500000
vt 0.582349 0.516225
vt 0.582891 0.503006
vt 0.582891 0.503006
vt 0.582349 0.516225
vt 0.585272 0.500000
vt 0.623233 0.000000
vt 0.584116 0.000000
vt 0.582349 0.510358
vt 0.582349 0.733775
vt 0.582349 0.739643
vt 0.582349 0.250000
vt 0.582349 0.250000
vt 0.585272 0.250000
vt 0.582349 0.750000
vt 0.582349 0.733775
vt 0.582349 0.750000
vt 0.585117 0.017135
vt 0.584116 0.000000
vt 0.623233 0.000000
vt 0.622232 0.017135
vt 0.582349 0.739643
vt 0.582349 0.510358
vt 0.584221 0.250000
vt 0.623128 0.250000
vt 0.582349 0.010972
vt 0.585117 0.232865
vt 0.582349 0.239028
vt 0.625000 0.739643
vt 0.625000 0.510358
vt 0.584116 0.250000
vt 0.622232 0.232865
vt 0.623233 0.250000
vt 0.625000 0.010972
vt 0.625000 0.239028
vt 0.584221 0.500000
vt 0.623128 0.500000
vt 0.625000 0.250000
vt 0.625000 0.750000
vt 0.582349 0.250000
vt 0.625000 0.500000
vt 0.625000 0.250000
vt 0.582349 0.500000
vt 0.625000 0.000000
vt 0.582349 0.750000
vt 0.582349 0.250000
vt 0.582349 0.000000
vt 0.582349 0.250000
vt 0.582349 0.750000
vt 0.582349 0.000000
vt 0.625000 0.750000
vt 0.625000 0.250000
vt 0.582349 0.250000
vt 0.582349 0.500000
vt 0.625000 0.000000
vt 0.625000 0.500000
vt 0.625000 0.250000
vn -0.393807 0.919193 0.000000
vn -0.393807 0.919193 0.000000
vn -0.393807 0.919193 0.000000
vn -0.393807 0.919193 0.000000
vn -0.928676 0.370891 0.000000
vn -0.928676 0.370891 0.000000
vn -0.928676 0.370891 0.000000
vn -0.928676 0.370891 0.000000
vn 0.000000 0.371018 -0.928626
vn 0.000000 0.371018 -0.928626
vn 0.000000 0.371018 -0.928626
vn 0.000000 0.371018 -0.928626
vn 0.000000 0.918861 -0.394580
vn 0.000000 0.918861 -0.394580
vn 0.000000 0.918861 -0.394580
vn 0.000000 0.918861 -0.394580
vn -0.923874 0.000000 -0.382698
vn -0.923874 0.000000 -0.382698
vn -0.923874 0.000000 -0.382698
vn -0.923874 0.000000 -0.382698
vn -0.382696 0.000000 -0.923874
vn -0.382696 0.000000 -0.923874
vn -0.382696 0.000000 -0.923874
vn -0.382696 0.000000 -0.923874
vn 0.928689 0.370859 0.000000
vn 0.928689 0.370859 0.000000
vn 0.928689 0.370859 0.000000
vn 0.928689 0.370859 0.000000
vn 0.393778 0.919206 0.000000
vn 0.393778 0.919206 0.000000
vn 0.393778 0.919206 0.000000
vn 0.393778 0.919206 0.000000
vn 0.382667 0.000000 -0.923886
vn 0.382667 0.000000 -0.923886
vn 0.382667 0.000000 -0.923886
vn 0.382667 0.000000 -0.923886
vn 0.923887 0.000000 -0.382664
vn 0.923887 0.000000 -0.382664
vn 0.923887 0.000000 -0.382664
vn 0.923887 0.000000 -0.382664
vn 0.393778 -0.919206 0.000000
vn 0.393778 -0.919206 0.000000
vn 0.393778 -0.919206 0.000000
vn 0.393778 -0.919206 0.000000
vn 0.927890 -0.372856 0.000000
vn 0.927890 -0.372856 0.000000
vn 0.927890 -0.372856 0.000000
vn 0.927890 -0.372856 0.000000
vn 0.000000 -0.371020 -0.928625
vn 0.000000 -0.371020 -0.928625
vn 0.000000 -0.371020 -0.928625
vn 0.000000 -0.371020 -0.928625
vn 0.000000 -0.918861 -0.394581
vn 0.000000 -0.918861 -0.394581
vn 0.000000 -0.918861 -0.394581
vn 0.000000 -0.918861 -0.394581
vn -0.927877 -0.372888 0.000000
vn -0.927877 -0.372888 0.000000
vn -0.927877 -0.372888 0.000000
vn -0.927877 -0.372888 0.000000
vn -0.393807 -0.919193 0.000000
vn -0.393807 -0.919193 0.000000
vn -0.393807 -0.919193 0.000000
vn -0.393807 -0.919193 0.000000
vn 0.000000 -0.371024 0.928623
vn 0.000000 -0.371024 0.928623
vn 0.000000 -0.371024 0.928623
vn 0.000000 -0.371024 0.928623
vn 0.000000 -0.918860 0.394583
vn 0.000000 -0.918860 0.394583
vn 0.000000 -0.918860 0.394583
vn 0.000000 -0.918860 0.394583
vn -0.923873 0.000000 0.382700
vn -0.923873 0.000000 0.382700
vn -0.923873 0.000000 0.382700
vn -0.923873 0.000000 0.382700
vn -0.382699 0.000000 0.923873
vn -0.382699 0.000000 0.923873
vn -0.382699 0.000000 0.923873
vn -0.382699 0.000000 0.923873
vn 0.000000 0.918861 0.394582
vn 0.000000 0.918861 0.394582
vn 0.000000 0.918861 0.394582
vn 0.000000 0.918861 0.394582
vn 0.000000 0.371022 0.928624
vn 0.000000 0.371022 0.928624
vn 0.000000 0.371022 0.928624
vn 0.000000 0.371022 0.928624
vn 0.382670 0.000000 0.923885
vn 0.382670 0.000000 0.923885
vn 0.382670 0.000000 0.923885
vn 0.382670 0.000000 0.923885
vn 0.923887 0.000000 0.382666
vn 0.923887 0.000000 0.382666
vn 0.923887 0.000000 0.382666
vn 0.923887 0.000000 0.382666
vn 0.000000 0.000000 1.000000
vn 0.000000 0.000000 1.000000
vn 0.000000 0.000000 1.000000
vn 0.000000 0.000000 1.000000
vn -1.000000 0.000000 0.000000
vn -1.000000 0.000000 0.000000
vn -1.000000 0.000000 0.000000
vn -1.000000 0.000000 0.000000
vn 0.000000 -1.000000 0.000000
vn 0.000000 -1.000000 0.000000
vn 0.000000 -1.000000 0.000000
vn 0.000000 -1.000000 0.000000
vn 1.000000 0.000000 0.000000
vn 1.000000 0.000000 0.000000
vn 1.000000 0.000000 0.000000
vn 1.000000 0.000000 0.000000
vn 0.000000 1.000000 0.000000
vn 0.000000 1.000000 0.000000
vn 0.000000 1.000000 0.000000
vn 0.000000 1.000000 0.000000
vn -0.891210 0.314900 -0.326469
vn -0.891210 0.314900 -0.326469
vn -0.891211 0.314900 -0.326469
vn -0.891211 0.314900 -0.326469
vn -0.334585 0.880975 -0.334567
vn -0.334585 0.880975 -0.334567
vn -0.334585 0.880975 -0.334567
vn -0.334585 0.880975 -0.334567
vn -0.326481 0.314898 -0.891207
vn -0.326481 0.314899 -0.891207
vn -0.326481 0.314899 -0.891206
vn -0.326481 0.314899 -0.891207
vn 0.334563 0.880979 -0.334581
vn 0.334563 0.880979 -0.334581
vn 0.334563 0.880979 -0.334581
vn 0.334563 0.880979 -0.334581
vn 0.891210 0.314901 -0.326467
vn 0.891211 0.314901 -0.326467
vn 0.891210 0.314901 -0.326467
vn 0.891211 0.314901 -0.326467
vn 0.326461 0.314906 -0.891211
vn 0.326461 0.314906 -0.891211
vn 0.326461 0.314906 -0.891211
vn 0.326461 0.314906 -0.891211
vn 0.891210 -0.314902 -0.326468
vn 0.891210 -0.314902 -0.326468
vn 0.891210 -0.314902 -0.326468
vn 0.891210 -0.314902 -0.326468
vn 0.334563 -0.880980 -0.334577
vn 0.334563 -0.880980 -0.334577
vn 0.334563 -0.880980 -0.334577
vn 0.334563 -0.880980 -0.334577
vn 0.326459 -0.314907 -0.891211
vn 0.326459 -0.314907 -0.891211
vn 0.326459 -0.314907 -0.891211
vn 0.326459 -0.314907 -0.891211
vn -0.334585 -0.880975 -0.334569
vn -0.334585 -0.880975 -0.334569
vn -0.334585 -0.880975 -0.334569
vn -0.334585 -0.880975 -0.334569
vn -0.891210 -0.314902 -0.326468
vn -0.891210 -0.314902 -0.326468
vn -0.891210 -0.314902 -0.326468
vn -0.891210 -0.314902 -0.326468
vn -0.326482 -0.314900 -0.891206
vn -0.326482 -0.314900 -0.891206
vn -0.326482 -0.314900 -0.891206
vn -0.326482 -0.314900 -0.891206
vn -0.891209 -0.314903 0.326470
vn -0.891209 -0.314903 0.326470
vn -0.891209 -0.314903 0.326470
vn -0.891209 -0.314903 0.326470
vn -0.334585 -0.880974 0.334571
vn -0.334584 -0.880974 0.334571
vn -0.334585 -0.880974 0.334571
vn -0.334584 -0.880974 0.334571
vn -0.326483 -0.314903 0.891204
vn -0.326483 -0.314903 0.891204
vn -0.326483 -0.314903 0.891204
vn -0.326483 -0.314903 0.891204
vn -0.334585 0.880974 0.334570
vn -0.334585 0.880974 0.334570
vn -0.334585 0.880974 0.334570
vn -0.334585 0.880974 0.334570
vn -0.891209 0.314902 0.326471
vn -0.891209 0.314902 0.326471
vn -0.891209 0.314902 0.326470
vn -0.891209 0.314902 0.326470
vn -0.326482 0.314902 0.891205
vn -0.326482 0.314902 0.891205
vn -0.326482 0.314902 0.891205
vn -0.326482 0.314902 0.891205
vn 0.334563 -0.880980 0.334579
vn 0.334563 -0.880980 0.334579
vn 0.334563 -0.880980 0.334579
vn 0.334563 -0.880980 0.334579
vn 0.891209 -0.314902 0.326470
vn 0.891209 -0.314902 0.326470
vn 0.891209 -0.314902 0.326470
vn 0.891209 -0.314902 0.326470
vn 0.326462 -0.314910 0.891210
vn 0.326462 -0.314910 0.891210
vn 0.326462 -0.314910 0.891210
vn 0.326462 -0.314910 0.891210
vn 0.891210 0.314901 0.326469
vn 0.891210 0.314901 0.326469
vn 0.891210 0.314901 0.326469
vn 0.891210 0.314901 0.326469
vn 0.334563 0.880978 0.334582
vn 0.334563 0.880978 0.334582
vn 0.334563 0.880978 0.334582
vn 0.334563 0.880978 0.334582
vn 0.326461 0.314908 0.891210
vn 0.326461 0.314908 0.891210
vn 0.326461 0.314908 0.891210
vn 0.326461 0.314908 0.891210
s off
g S_U_08 Window_35:Window_20
usemtl Window_35:Window_20SG
f 1079/1452/3974 1078/1453/3975 1108/1454/3976 1113/1455/3977
f 1078/1456/3978 1083/1457/3979 1109/1458/3980 1108/1459/3981
f 1081/1460/3982 1080/1461/3983 1088/1462/3984 1087/1463/3985
f 1080/1464/3986 1079/1452/3987 1089/1465/3988 1088/1466/3989
f 1083/1457/3990 1082/1467/3991 1098/1468/3992 1097/1469/3993
f 1082/1470/3994 1081/1460/3995 1099/1471/3996 1098/1472/3997
f 1085/1473/3998 1084/1474/3999 1120/1475/4000 1125/1476/4001
f 1084/1474/4002 1089/1465/4003 1121/1477/4004 1120/1475/4005
f 1087/1463/4006 1086/1478/4007 1094/1479/4008 1093/1480/4009
f 1086/1481/4010 1085/1473/4011 1095/1482/4012 1094/1483/4013
f 1091/1484/4014 1090/1485/4015 1114/1486/4016 1119/1487/4017
f 1090/1485/4018 1095/1482/4019 1115/1488/4020 1114/1486/4021
f 1093/1480/4022 1092/1489/4023 1100/1490/4024 1099/1471/4025
f 1092/1491/4026 1091/1484/4027 1101/1492/4028 1100/1493/4029
f 1097/1469/4030 1096/1494/4031 1102/1495/4032 1107/1496/4033
f 1096/1497/4034 1101/1492/4035 1103/1498/4036 1102/1499/4037
f 1105/1500/4038 1104/1501/4039 1118/1502/4040 1117/1503/4041
f 1104/1504/4042 1103/1498/4043 1119/1487/4044 1118/1505/4045
f 1107/1496/4046 1106/1506/4047 1110/1507/4048 1109/1458/4049
f 1106/1508/4050 1105/1500/4051 1111/1509/4052 1110/1510/4053
f 1113/1455/4054 1112/1511/4055 1122/1512/4056 1121/1477/4057
f 1112/1513/4058 1111/1509/4059 1123/1514/4060 1122/1515/4061
f 1117/1503/4062 1116/1516/4063 1124/1517/4064 1123/1514/4065
f 1116/1518/4066 1115/1488/4067 1125/1476/4068 1124/1519/4069
f 1111/1509/4070 1105/1500/4071 1117/1503/4072 1123/1514/4073
f 1109/1458/4074 1083/1457/4075 1097/1469/4076 1107/1496/4077
f 1103/1498/4078 1101/1492/4079 1091/1484/4080 1119/1487/4081
f 1115/1488/4082 1095/1482/4083 1085/1473/4084 1125/1476/4085
f 1121/1477/4086 1089/1465/4087 1079/1452/4088 1113/1455/4089
f 1082/1467/4090 1083/1457/4091 1078/1456/4092 1126/1520/4093
f 1078/1453/4094 1079/1452/4095 1080/1464/4096 1126/1521/4097
f 1080/1461/4098 1081/1460/4099 1082/1470/4100 1126/1522/4101
f 1088/1466/4102 1089/1465/4103 1084/1474/4104 1127/1523/4105
f 1084/1474/4106 1085/1473/4107 1086/1481/4108 1127/1523/4109
f 1086/1478/4110 1087/1463/4111 1088/1462/4112 1127/1524/4113
f 1094/1483/4114 1095/1482/4115 1090/1485/4116 1128/1525/4117
f 1090/1485/4118 1091/1484/4119 1092/1491/4120 1128/1525/4121
f 1092/1489/4122 1093/1480/4123 1094/1479/4124 1128/1526/4125
f 1100/1493/4126 1101/1492/4127 1096/1497/4128 1129/1527/4129
f 1096/1494/4130 1097/1469/4131 1098/1468/4132 1129/1528/4133
f 1098/1472/4134 1099/1471/4135 1100/1490/4136 1129/1529/4137
f 1106/1506/4138 1107/1496/4139 1102/1495/4140 1130/1530/4141
f 1102/1499/4142 1103/1498/4143 1104/1504/4144 1130/1531/4145
f 1104/1501/4146 1105/1500/4147 1106/1508/4148 1130/1532/4149
f 1112/1511/4150 1113/1455/4151 1108/1454/4152 1131/1533/4153
f 1108/1459/4154 1109/1458/4155 1110/1507/4156 1131/1534/4157
f 1110/1510/4158 1111/1509/4159 1112/1513/4160 1131/1535/4161
f 1118/1505/4162 1119/1487/4163 1114/1486/4164 1132/1536/4165
f 1114/1486/4166 1115/1488/4167 1116/1518/4168 1132/1536/4169
f 1116/1516/4170 1117/1503/4171 1118/1502/4172 1132/1537/4173
f 1124/1519/4174 1125/1476/4175 1120/1475/4176 1133/1538/4177
f 1120/1475/4178 1121/1477/4179 1122/1512/4180 1133/1538/4181
f 1122/1515/4182 1123/1514/4183 1124/1517/4184 1133/1539/4185
g default
v 15.277496 229.573181 158.681152
v 21.026352 232.041992 158.681152
v 21.026352 229.573181 152.932037
v 21.026352 223.612885 150.550690
v 15.277496 223.612885 152.932037
v 12.896027 223.612885 158.681152
v 135.795547 229.573181 158.681152
v 138.176773 223.612885 158.681152
v 135.795547 223.612885 152.932037
v 130.046188 223.612885 150.550690
v 130.046188 229.573181 152.932037
v 130.046188 232.041992 158.681152
v 135.795547 6.056757 158.681152
v 130.046188 3.587946 158.681152
v 130.046188 6.056757 152.932037
v 130.046188 12.017025 150.550690
v 135.795547 12.017025 152.932037
v 138.176773 12.017025 158.681152
v 15.277496 6.056757 158.681152
v 12.896027 12.017025 158.681152
v 15.277496 12.017025 152.932037
v 21.026352 12.017025 150.550690
v 21.026352 6.056757 152.932037
v 21.026352 3.587946 158.681152
v 15.277496 6.056757 158.682800
v 21.026352 3.587946 158.682800
v 21.026352 6.056757 164.431885
v 21.026352 12.017025 166.813263
v 15.277496 12.017025 164.431885
v 12.896027 12.017025 158.682800
v 15.277496 229.573181 158.682800
v 12.896027 223.612885 158.682800
v 15.277496 223.612885 164.431885
v 21.026352 223.612885 166.813263
v 21.026352 229.573181 164.431885
v 21.026352 232.041992 158.682800
v 135.795547 6.056757 158.682800
v 138.176773 12.017025 158.682800
v 135.795547 12.017025 164.431885
v 130.046188 12.017025 166.813263
v 130.046188 6.056757 164.431885
v 130.046188 3.587946 158.682800
v 135.795547 229.573181 158.682800
v 130.046188 232.041992 158.682800
v 130.046188 229.573181 164.431885
v 130.046188 223.612885 166.813263
v 135.795547 223.612885 164.431885
v 138.176773 223.612885 158.682800
v 16.333954 228.477783 153.988647
v 134.738846 228.477783 153.988647
v 134.738846 7.152147 153.988647
v 16.333954 7.152147 153.988647
v 16.333954 7.152147 163.375275
v 16.333954 228.477783 163.375275
v 134.738846 7.152147 163.375275
v 134.738846 228.477783 163.375275
vt 0.625000 0.733776
vt 0.625000 0.750000
vt 0.625000 0.750000
vt 0.625000 0.733776
vt 0.625000 0.250000
vt 0.622077 0.250000
vt 0.622077 0.250000
vt 0.625000 0.250000
vt 0.585117 0.232865
vt 0.584116 0.250000
vt 0.623233 0.250000
vt 0.622232 0.232865
vt 0.625000 0.739643
vt 0.625000 0.516225
vt 0.625000 0.510358
vt 0.623128 0.250000
vt 0.584221 0.250000
vt 0.585272 0.250000
vt 0.582349 0.239028
vt 0.585117 0.017135
vt 0.582349 0.010972
vt 0.622077 0.500000
vt 0.624458 0.503006
vt 0.624458 0.503006
vt 0.622077 0.500000
vt 0.625000 0.516225
vt 0.625000 0.239028
vt 0.625000 0.010972
vt 0.622232 0.017135
vt 0.623128 0.500000
vt 0.585272 0.500000
vt 0.584221 0.500000
vt 0.582349 0.516225
vt 0.582891 0.503006
vt 0.582891 0.503006
vt 0.582349 0.516225
vt 0.585272 0.500000
vt 0.623233 0.000000
vt 0.584116 0.000000
vt 0.582349 0.510358
vt 0.582349 0.733775
vt 0.582349 0.739643
vt 0.582349 0.250000
vt 0.582349 0.250000
vt 0.585272 0.250000
vt 0.582349 0.750000
vt 0.582349 0.733775
vt 0.582349 0.750000
vt 0.585117 0.017135
vt 0.584116 0.000000
vt 0.623233 0.000000
vt 0.622232 0.017135
vt 0.582349 0.739643
vt 0.582349 0.510358
vt 0.584221 0.250000
vt 0.623128 0.250000
vt 0.582349 0.010972
vt 0.585117 0.232865
vt 0.582349 0.239028
vt 0.625000 0.739643
vt 0.625000 0.510358
vt 0.584116 0.250000
vt 0.622232 0.232865
vt 0.623233 0.250000
vt 0.625000 0.010972
vt 0.625000 0.239028
vt 0.584221 0.500000
vt 0.623128 0.500000
vt 0.625000 0.250000
vt 0.625000 0.750000
vt 0.582349 0.250000
vt 0.625000 0.500000
vt 0.625000 0.250000
vt 0.582349 0.500000
vt 0.625000 0.000000
vt 0.582349 0.750000
vt 0.582349 0.250000
vt 0.582349 0.000000
vt 0.582349 0.250000
vt 0.582349 0.750000
vt 0.582349 0.000000
vt 0.625000 0.750000
vt 0.625000 0.250000
vt 0.582349 0.250000
vt 0.582349 0.500000
vt 0.625000 0.000000
vt 0.625000 0.500000
vt 0.625000 0.250000
vn -0.393807 0.919193 0.000000
vn -0.393807 0.919193 0.000000
vn -0.393807 0.919193 0.000000
vn -0.393807 0.919193 0.000000
vn -0.928676 0.370892 0.000000
vn -0.928676 0.370892 0.000000
vn -0.928676 0.370892 0.000000
vn -0.928676 0.370892 0.000000
vn 0.000000 0.371018 -0.928626
vn 0.000000 0.371018 -0.928626
vn 0.000000 0.371018 -0.928626
vn 0.000000 0.371018 -0.928626
vn 0.000000 0.918861 -0.394580
vn 0.000000 0.918861 -0.394580
vn 0.000000 0.918861 -0.394580
vn 0.000000 0.918861 -0.394580
vn -0.923873 0.000000 -0.382699
vn -0.923873 0.000000 -0.382699
vn -0.923873 0.000000 -0.382699
vn -0.923873 0.000000 -0.382699
vn -0.382696 0.000000 -0.923874
vn -0.382696 0.000000 -0.923874
vn -0.382696 0.000000 -0.923874
vn -0.382696 0.000000 -0.923874
vn 0.928689 0.370860 0.000000
vn 0.928689 0.370860 0.000000
vn 0.928689 0.370860 0.000000
vn 0.928689 0.370860 0.000000
vn 0.393778 0.919206 0.000000
vn 0.393778 0.919206 0.000000
vn 0.393778 0.919206 0.000000
vn 0.393778 0.919206 0.000000
vn 0.382667 0.000000 -0.923886
vn 0.382667 0.000000 -0.923886
vn 0.382667 0.000000 -0.923886
vn 0.382667 0.000000 -0.923886
vn 0.923887 0.000000 -0.382665
vn 0.923887 0.000000 -0.382665
vn 0.923887 0.000000 -0.382665
vn 0.923887 0.000000 -0.382665
vn 0.393778 -0.919206 0.000000
vn 0.393778 -0.919206 0.000000
vn 0.393778 -0.919206 0.000000
vn 0.393778 -0.919206 0.000000
vn 0.927889 -0.372856 0.000000
vn 0.927889 -0.372856 0.000000
vn 0.927889 -0.372856 0.000000
vn 0.927889 -0.372856 0.000000
vn 0.000000 -0.371020 -0.928625
vn 0.000000 -0.371020 -0.928625
vn 0.000000 -0.371020 -0.928625
vn 0.000000 -0.371020 -0.928625
vn 0.000000 -0.918861 -0.394581
vn 0.000000 -0.918861 -0.394581
vn 0.000000 -0.918861 -0.394581
vn 0.000000 -0.918861 -0.394581
vn -0.927876 -0.372888 0.000000
vn -0.927876 -0.372888 0.000000
vn -0.927876 -0.372888 0.000000
vn -0.927876 -0.372888 0.000000
vn -0.393807 -0.919193 0.000000
vn -0.393807 -0.919193 0.000000
vn -0.393807 -0.919193 0.000000
vn -0.393807 -0.919193 0.000000
vn 0.000000 -0.371024 0.928623
vn 0.000000 -0.371024 0.928623
vn 0.000000 -0.371024 0.928623
vn 0.000000 -0.371024 0.928623
vn 0.000000 -0.918860 0.394583
vn 0.000000 -0.918860 0.394583
vn 0.000000 -0.918860 0.394583
vn 0.000000 -0.918860 0.394583
vn -0.923873 0.000000 0.382700
vn -0.923873 0.000000 0.382700
vn -0.923873 0.000000 0.382700
vn -0.923873 0.000000 0.382700
vn -0.382701 0.000000 0.923872
vn -0.382701 0.000000 0.923872
vn -0.382701 0.000000 0.923872
vn -0.382701 0.000000 0.923872
vn 0.000000 0.918861 0.394582
vn 0.000000 0.918861 0.394582
vn 0.000000 0.918861 0.394582
vn 0.000000 0.918861 0.394582
vn 0.000000 0.371022 0.928624
vn 0.000000 0.371022 0.928624
vn 0.000000 0.371022 0.928624
vn 0.000000 0.371022 0.928624
vn 0.382672 0.000000 0.923884
vn 0.382672 0.000000 0.923884
vn 0.382672 0.000000 0.923884
vn 0.382672 0.000000 0.923884
vn 0.923887 0.000000 0.382666
vn 0.923887 0.000000 0.382666
vn 0.923887 0.000000 0.382666
vn 0.923887 0.000000 0.382666
vn 0.000000 0.000000 1.000000
vn 0.000000 0.000000 1.000000
vn 0.000000 0.000000 1.000000
vn 0.000000 0.000000 1.000000
vn -1.000000 0.000000 0.000000
vn -1.000000 0.000000 0.000000
vn -1.000000 0.000000 0.000000
vn -1.000000 0.000000 0.000000
vn 0.000000 -1.000000 0.000000
vn 0.000000 -1.000000 0.000000
vn 0.000000 -1.000000 0.000000
vn 0.000000 -1.000000 0.000000
vn 1.000000 0.000000 0.000000
vn 1.000000 0.000000 0.000000
vn 1.000000 0.000000 0.000000
vn 1.000000 0.000000 0.000000
vn 0.000000 1.000000 0.000000
vn 0.000000 1.000000 0.000000
vn 0.000000 1.000000 0.000000
vn 0.000000 1.000000 0.000000
vn -0.891211 0.314901 -0.326467
vn -0.891211 0.314901 -0.326467
vn -0.891211 0.314901 -0.326467
vn -0.891211 0.314901 -0.326467
vn -0.334585 0.880974 -0.334572
vn -0.334585 0.880974 -0.334572
vn -0.334585 0.880974 -0.334572
vn -0.334585 0.880974 -0.334572
vn -0.326482 0.314899 -0.891206
vn -0.326482 0.314899 -0.891206
vn -0.326482 0.314899 -0.891206
vn -0.326482 0.314899 -0.891206
vn 0.334563 0.880980 -0.334578
vn 0.334563 0.880980 -0.334578
vn 0.334563 0.880980 -0.334578
vn 0.334563 0.880980 -0.334578
vn 0.891210 0.314901 -0.326470
vn 0.891210 0.314901 -0.326470
vn 0.891210 0.314901 -0.326470
vn 0.891210 0.314901 -0.326470
vn 0.326460 0.314905 -0.891212
vn 0.326460 0.314905 -0.891212
vn 0.326460 0.314905 -0.891212
vn 0.326460 0.314905 -0.891212
vn 0.891210 -0.314902 -0.326468
vn 0.891210 -0.314902 -0.326468
vn 0.891210 -0.314902 -0.326468
vn 0.891210 -0.314902 -0.326468
vn 0.334563 -0.880980 -0.334577
vn 0.334563 -0.880980 -0.334577
vn 0.334563 -0.880980 -0.334577
vn 0.334563 -0.880980 -0.334577
vn 0.326459 -0.314907 -0.891211
vn 0.326459 -0.314907 -0.891211
vn 0.326459 -0.314907 -0.891211
vn 0.326459 -0.314907 -0.891211
vn -0.334585 -0.880975 -0.334569
vn -0.334585 -0.880975 -0.334569
vn -0.334585 -0.880975 -0.334569
vn -0.334585 -0.880975 -0.334569
vn -0.891210 -0.314902 -0.326468
vn -0.891210 -0.314902 -0.326468
vn -0.891210 -0.314902 -0.326468
vn -0.891210 -0.314902 -0.326468
vn -0.326482 -0.314900 -0.891206
vn -0.326482 -0.314900 -0.891206
vn -0.326482 -0.314900 -0.891206
vn -0.326482 -0.314900 -0.891206
vn -0.891209 -0.314902 0.326470
vn -0.891209 -0.314902 0.326470
vn -0.891209 -0.314902 0.326470
vn -0.891209 -0.314902 0.326470
vn -0.334585 -0.880974 0.334571
vn -0.334585 -0.880974 0.334571
vn -0.334585 -0.880974 0.334571
vn -0.334585 -0.880974 0.334571
vn -0.326483 -0.314903 0.891204
vn -0.326483 -0.314903 0.891204
vn -0.326483 -0.314903 0.891204
vn -0.326483 -0.314903 0.891204
vn -0.334585 0.880973 0.334573
vn -0.334585 0.880973 0.334573
vn -0.334585 0.880973 0.334573
vn -0.334585 0.880973 0.334573
vn -0.891210 0.314901 0.326469
vn -0.891210 0.314901 0.326469
vn -0.891210 0.314901 0.326469
vn -0.891210 0.314901 0.326469
vn -0.326482 0.314902 0.891205
vn -0.326482 0.314902 0.891205
vn -0.326482 0.314902 0.891205
vn -0.326482 0.314902 0.891205
vn 0.334563 -0.880979 0.334579
vn 0.334563 -0.880979 0.334579
vn 0.334563 -0.880979 0.334579
vn 0.334563 -0.880979 0.334579
vn 0.891210 -0.314902 0.326470
vn 0.891210 -0.314902 0.326470
vn 0.891209 -0.314902 0.326470
vn 0.891210 -0.314902 0.326470
vn 0.326462 -0.314910 0.891210
vn 0.326462 -0.314910 0.891210
vn 0.326462 -0.314910 0.891210
vn 0.326462 -0.314910 0.891210
vn 0.891210 0.314900 0.326471
vn 0.891210 0.314900 0.326471
vn 0.891210 0.314900 0.326471
vn 0.891210 0.314900 0.326471
vn 0.334563 0.880979 0.334579
vn 0.334563 0.880979 0.334579
vn 0.334563 0.880979 0.334579
vn 0.334563 0.880979 0.334579
vn 0.326461 0.314908 0.891210
vn 0.326461 0.314908 0.891210
vn 0.326461 0.314908 0.891210
vn 0.326461 0.314908 0.891210
s off
g S_U_08 Window_36:Window_20
usemtl Window_36:Window_20SG
f 1135/1540/4186 1134/1541/4187 1164/1542/4188 1169/1543/4189
f 1134/1544/4190 1139/1545/4191 1165/1546/4192 1164/1547/4193
f 1137/1548/4194 1136/1549/4195 1144/1550/4196 1143/1551/4197
f 1136/1552/4198 1135/1540/4199 1145/1553/4200 1144/1554/4201
f 1139/1545/4202 1138/1555/4203 1154/1556/4204 1153/1557/4205
f 1138/1558/4206 1137/1548/4207 1155/1559/4208 1154/1560/4209
f 1141/1561/4210 1140/1562/4211 1176/1563/4212 1181/1564/4213
f 1140/1562/4214 1145/1553/4215 1177/1565/4216 1176/1563/4217
f 1143/1551/4218 1142/1566/4219 1150/1567/4220 1149/1568/4221
f 1142/1569/4222 1141/1561/4223 1151/1570/4224 1150/1571/4225
f 1147/1572/4226 1146/1573/4227 1170/1574/4228 1175/1575/4229
f 1146/1573/4230 1151/1570/4231 1171/1576/4232 1170/1574/4233
f 1149/1568/4234 1148/1577/4235 1156/1578/4236 1155/1559/4237
f 1148/1579/4238 1147/1572/4239 1157/1580/4240 1156/1581/4241
f 1153/1557/4242 1152/1582/4243 1158/1583/4244 1163/1584/4245
f 1152/1585/4246 1157/1580/4247 1159/1586/4248 1158/1587/4249
f 1161/1588/4250 1160/1589/4251 1174/1590/4252 1173/1591/4253
f 1160/1592/4254 1159/1586/4255 1175/1575/4256 1174/1593/4257
f 1163/1584/4258 1162/1594/4259 1166/1595/4260 1165/1546/4261
f 1162/1596/4262 1161/1588/4263 1167/1597/4264 1166/1598/4265
f 1169/1543/4266 1168/1599/4267 1178/1600/4268 1177/1565/4269
f 1168/1601/4270 1167/1597/4271 1179/1602/4272 1178/1603/4273
f 1173/1591/4274 1172/1604/4275 1180/1605/4276 1179/1602/4277
f 1172/1606/4278 1171/1576/4279 1181/1564/4280 1180/1607/4281
f 1167/1597/4282 1161/1588/4283 1173/1591/4284 1179/1602/4285
f 1165/1546/4286 1139/1545/4287 1153/1557/4288 1163/1584/4289
f 1159/1586/4290 1157/1580/4291 1147/1572/4292 1175/1575/4293
f 1171/1576/4294 1151/1570/4295 1141/1561/4296 1181/1564/4297
f 1177/1565/4298 1145/1553/4299 1135/1540/4300 1169/1543/4301
f 1138/1555/4302 1139/1545/4303 1134/1544/4304 1182/1608/4305
f 1134/1541/4306 1135/1540/4307 1136/1552/4308 1182/1609/4309
f 1136/1549/4310 1137/1548/4311 1138/1558/4312 1182/1610/4313
f 1144/1554/4314 1145/1553/4315 1140/1562/4316 1183/1611/4317
f 1140/1562/4318 1141/1561/4319 1142/1569/4320 1183/1611/4321
f 1142/1566/4322 1143/1551/4323 1144/1550/4324 1183/1612/4325
f 1150/1571/4326 1151/1570/4327 1146/1573/4328 1184/1613/4329
f 1146/1573/4330 1147/1572/4331 1148/1579/4332 1184/1613/4333
f 1148/1577/4334 1149/1568/4335 1150/1567/4336 1184/1614/4337
f 1156/1581/4338 1157/1580/4339 1152/1585/4340 1185/1615/4341
f 1152/1582/4342 1153/1557/4343 1154/1556/4344 1185/1616/4345
f 1154/1560/4346 1155/1559/4347 1156/1578/4348 1185/1617/4349
f 1162/1594/4350 1163/1584/4351 1158/1583/4352 1186/1618/4353
f 1158/1587/4354 1159/1586/4355 1160/1592/4356 1186/1619/4357
f 1160/1589/4358 1161/1588/4359 1162/1596/4360 1186/1620/4361
f 1168/1599/4362 1169/1543/4363 1164/1542/4364 1187/1621/4365
f 1164/1547/4366 1165/1546/4367 1166/1595/4368 1187/1622/4369
f 1166/1598/4370 1167/1597/4371 1168/1601/4372 1187/1623/4373
f 1174/1593/4374 1175/1575/4375 1170/1574/4376 1188/1624/4377
f 1170/1574/4378 1171/1576/4379 1172/1606/4380 1188/1624/4381
f 1172/1604/4382 1173/1591/4383 1174/1590/4384 1188/1625/4385
f 1180/1607/4386 1181/1564/4387 1176/1563/4388 1189/1626/4389
f 1176/1563/4390 1177/1565/4391 1178/1600/4392 1189/1626/4393
f 1178/1603/4394 1179/1602/4395 1180/1605/4396 1189/1627/4397
g default
v 138.176758 229.573181 158.681152
v 143.925613 232.041992 158.681152
v 143.925613 229.573181 152.932037
v 143.925613 223.612885 150.550690
v 138.176758 223.612885 152.932037
v 135.795288 223.612885 158.681152
v 437.271240 229.573181 158.681152
v 439.652466 223.612885 158.681152
v 437.271240 223.612885 152.932037
v 431.521881 223.612885 150.550690
v 431.521881 229.573181 152.932037
v 431.521881 232.041992 158.681152
v 437.271240 6.056757 158.681152
v 431.521881 3.587946 158.681152
v 431.521881 6.056757 152.932037
v 431.521881 12.017025 150.550690
v 437.271240 12.017025 152.932037
v 439.652466 12.017025 158.681152
v 138.176758 6.056757 158.681152
v 135.795288 12.017025 158.681152
v 138.176758 12.017025 152.932037
v 143.925613 12.017025 150.550690
v 143.925613 6.056757 152.932037
v 143.925613 3.587946 158.681152
v 138.176758 6.056757 158.682800
v 143.925613 3.587946 158.682800
v 143.925613 6.056757 164.431885
v 143.925613 12.017025 166.813263
v 138.176758 12.017025 164.431885
v 135.795288 12.017025 158.682800
v 138.176758 229.573181 158.682800
v 135.795288 223.612885 158.682800
v 138.176758 223.612885 164.431885
v 143.925613 223.612885 166.813263
v 143.925613 229.573181 164.431885
v 143.925613 232.041992 158.682800
v 437.271240 6.056757 158.682800
v 439.652466 12.017025 158.682800
v 437.271240 12.017025 164.431885
v 431.521881 12.017025 166.813263
v 431.521881 6.056757 164.431885
v 431.521881 3.587946 158.682800
v 437.271240 229.573181 158.682800
v 431.521881 232.041992 158.682800
v 431.521881 229.573181 164.431885
v 431.521881 223.612885 166.813263
v 437.271240 223.612885 164.431885
v 439.652466 223.612885 158.682800
v 139.233215 228.477783 153.988647
v 436.214539 228.477783 153.988647
v 436.214539 7.152147 153.988647
v 139.233215 7.152147 153.988647
v 139.233215 7.152147 163.375275
v 139.233215 228.477783 163.375275
v 436.214539 7.152147 163.375275
v 436.214539 228.477783 163.375275
vt 0.625000 0.733776
vt 0.625000 0.750000
vt 0.625000 0.750000
vt 0.625000 0.733776
vt 0.625000 0.250000
vt 0.622077 0.250000
vt 0.622077 0.250000
vt 0.625000 0.250000
vt 0.585117 0.232865
vt 0.584116 0.250000
vt 0.623233 0.250000
vt 0.622232 0.232865
vt 0.625000 0.739643
vt 0.625000 0.516225
vt 0.625000 0.510358
vt 0.623128 0.250000
vt 0.584221 0.250000
vt 0.585272 0.250000
vt 0.582349 0.239028
vt 0.585117 0.017135
vt 0.582349 0.010972
vt 0.622077 0.500000
vt 0.624458 0.503006
vt 0.624458 0.503006
vt 0.622077 0.500000
vt 0.625000 0.516225
vt 0.625000 0.239028
vt 0.625000 0.010972
vt 0.622232 0.017135
vt 0.623128 0.500000
vt 0.585272 0.500000
vt 0.584221 0.500000
vt 0.582349 0.516225
vt 0.582891 0.503006
vt 0.582891 0.503006
vt 0.582349 0.516225
vt 0.585272 0.500000
vt 0.623233 0.000000
vt 0.584116 0.000000
vt 0.582349 0.510358
vt 0.582349 0.733775
vt 0.582349 0.739643
vt 0.582349 0.250000
vt 0.582349 0.250000
vt 0.585272 0.250000
vt 0.582349 0.750000
vt 0.582349 0.733775
vt 0.582349 0.750000
vt 0.585117 0.017135
vt 0.584116 0.000000
vt 0.623233 0.000000
vt 0.622232 0.017135
vt 0.582349 0.739643
vt 0.582349 0.510358
vt 0.584221 0.250000
vt 0.623128 0.250000
vt 0.582349 0.010972
vt 0.585117 0.232865
vt 0.582349 0.239028
vt 0.625000 0.739643
vt 0.625000 0.510358
vt 0.584116 0.250000
vt 0.622232 0.232865
vt 0.623233 0.250000
vt 0.625000 0.010972
vt 0.625000 0.239028
vt 0.584221 0.500000
vt 0.623128 0.500000
vt 0.625000 0.250000
vt 0.625000 0.750000
vt 0.582349 0.250000
vt 0.625000 0.500000
vt 0.625000 0.250000
vt 0.582349 0.500000
vt 0.625000 0.000000
vt 0.582349 0.750000
vt 0.582349 0.250000
vt 0.582349 0.000000
vt 0.582349 0.250000
vt 0.582349 0.750000
vt 0.582349 0.000000
vt 0.625000 0.750000
vt 0.625000 0.250000
vt 0.582349 0.250000
vt 0.582349 0.500000
vt 0.625000 0.000000
vt 0.625000 0.500000
vt 0.625000 0.250000
vn -0.393807 0.919193 0.000000
vn -0.393807 0.919193 0.000000
vn -0.393807 0.919193 0.000000
vn -0.393807 0.919193 0.000000
vn -0.928676 0.370892 0.000000
vn -0.928676 0.370892 0.000000
vn -0.928676 0.370892 0.000000
vn -0.928676 0.370892 0.000000
vn 0.000000 0.371019 -0.928625
vn 0.000000 0.371019 -0.928625
vn 0.000000 0.371019 -0.928625
vn 0.000000 0.371019 -0.928625
vn 0.000000 0.918860 -0.394583
vn 0.000000 0.918860 -0.394583
vn 0.000000 0.918860 -0.394583
vn 0.000000 0.918860 -0.394583
vn -0.923873 0.000000 -0.382699
vn -0.923873 0.000000 -0.382699
vn -0.923873 0.000000 -0.382699
vn -0.923873 0.000000 -0.382699
vn -0.382696 0.000000 -0.923874
vn -0.382696 0.000000 -0.923874
vn -0.382696 0.000000 -0.923874
vn -0.382696 0.000000 -0.923874
vn 0.928690 0.370858 0.000000
vn 0.928690 0.370858 0.000000
vn 0.928690 0.370858 0.000000
vn 0.928690 0.370858 0.000000
vn 0.393778 0.919205 0.000000
vn 0.393778 0.919205 0.000000
vn 0.393778 0.919205 0.000000
vn 0.393778 0.919205 0.000000
vn 0.382667 0.000000 -0.923886
vn 0.382667 0.000000 -0.923886
vn 0.382667 0.000000 -0.923886
vn 0.382667 0.000000 -0.923886
vn 0.923887 0.000000 -0.382665
vn 0.923887 0.000000 -0.382665
vn 0.923887 0.000000 -0.382665
vn 0.923887 0.000000 -0.382665
vn 0.393778 -0.919205 0.000000
vn 0.393778 -0.919205 0.000000
vn 0.393778 -0.919205 0.000000
vn 0.393778 -0.919205 0.000000
vn 0.927890 -0.372855 0.000000
vn 0.927890 -0.372855 0.000000
vn 0.927890 -0.372855 0.000000
vn 0.927890 -0.372855 0.000000
vn 0.000000 -0.371020 -0.928625
vn 0.000000 -0.371020 -0.928625
vn 0.000000 -0.371020 -0.928625
vn 0.000000 -0.371020 -0.928625
vn 0.000000 -0.918861 -0.394581
vn 0.000000 -0.918861 -0.394581
vn 0.000000 -0.918861 -0.394581
vn 0.000000 -0.918861 -0.394581
vn -0.927876 -0.372889 0.000000
vn -0.927876 -0.372889 0.000000
vn -0.927876 -0.372889 0.000000
vn -0.927876 -0.372889 0.000000
vn -0.393807 -0.919193 0.000000
vn -0.393807 -0.919193 0.000000
vn -0.393807 -0.919193 0.000000
vn -0.393807 -0.919193 0.000000
vn 0.000000 -0.371024 0.928623
vn 0.000000 -0.371024 0.928623
vn 0.000000 -0.371024 0.928623
vn 0.000000 -0.371024 0.928623
vn 0.000000 -0.918860 0.394583
vn 0.000000 -0.918860 0.394583
vn 0.000000 -0.918860 0.394583
vn 0.000000 -0.918860 0.394583
vn -0.923873 0.000000 0.382700
vn -0.923873 0.000000 0.382700
vn -0.923873 0.000000 0.382700
vn -0.923873 0.000000 0.382700
vn -0.382701 0.000000 0.923872
vn -0.382701 0.000000 0.923872
vn -0.382701 0.000000 0.923872
vn -0.382701 0.000000 0.923872
vn 0.000000 0.918860 0.394584
vn 0.000000 0.918860 0.394584
vn 0.000000 0.918860 0.394584
vn 0.000000 0.918860 0.394584
vn 0.000000 0.371023 0.928624
vn 0.000000 0.371023 0.928624
vn 0.000000 0.371023 0.928624
vn 0.000000 0.371023 0.928624
vn 0.382672 0.000000 0.923884
vn 0.382672 0.000000 0.923884
vn 0.382672 0.000000 0.923884
vn 0.382672 0.000000 0.923884
vn 0.923887 0.000000 0.382666
vn 0.923887 0.000000 0.382666
vn 0.923887 0.000000 0.382666
vn 0.923887 0.000000 0.382666
vn 0.000000 0.000000 1.000000
vn 0.000000 0.000000 1.000000
vn 0.000000 0.000000 1.000000
vn 0.000000 0.000000 1.000000
vn -1.000000 0.000000 0.000000
vn -1.000000 0.000000 0.000000
vn -1.000000 0.000000 0.000000
vn -1.000000 0.000000 0.000000
vn 0.000000 -1.000000 0.000000
vn 0.000000 -1.000000 0.000000
vn 0.000000 -1.000000 0.000000
vn 0.000000 -1.000000 0.000000
vn 1.000000 0.000000 0.000000
vn 1.000000 0.000000 0.000000
vn 1.000000 0.000000 0.000000
vn 1.000000 0.000000 0.000000
vn 0.000000 1.000000 0.000000
vn 0.000000 1.000000 0.000000
vn 0.000000 1.000000 0.000000
vn 0.000000 1.000000 0.000000
vn -0.891211 0.314902 -0.326467
vn -0.891211 0.314902 -0.326467
vn -0.891211 0.314902 -0.326467
vn -0.891211 0.314902 -0.326467
vn -0.334585 0.880974 -0.334572
vn -0.334585 0.880974 -0.334572
vn -0.334585 0.880974 -0.334572
vn -0.334585 0.880974 -0.334572
vn -0.326482 0.314899 -0.891206
vn -0.326482 0.314899 -0.891206
vn -0.326482 0.314899 -0.891206
vn -0.326482 0.314899 -0.891206
vn 0.334562 0.880981 -0.334577
vn 0.334562 0.880981 -0.334577
vn 0.334562 0.880981 -0.334577
vn 0.334562 0.880981 -0.334577
vn 0.891212 0.314895 -0.326470
vn 0.891212 0.314895 -0.326470
vn 0.891212 0.314895 -0.326470
vn 0.891212 0.314895 -0.326470
vn 0.326460 0.314904 -0.891212
vn 0.326460 0.314904 -0.891212
vn 0.326460 0.314904 -0.891212
vn 0.326460 0.314904 -0.891212
vn 0.891211 -0.314899 -0.326468
vn 0.891211 -0.314899 -0.326468
vn 0.891211 -0.314899 -0.326468
vn 0.891211 -0.314899 -0.326468
vn 0.334562 -0.880981 -0.334576
vn 0.334562 -0.880981 -0.334576
vn 0.334562 -0.880981 -0.334576
vn 0.334562 -0.880981 -0.334576
vn 0.326459 -0.314905 -0.891212
vn 0.326460 -0.314905 -0.891212
vn 0.326459 -0.314905 -0.891212
vn 0.326459 -0.314905 -0.891212
vn -0.334585 -0.880974 -0.334570
vn -0.334585 -0.880974 -0.334570
vn -0.334585 -0.880975 -0.334570
vn -0.334585 -0.880975 -0.334570
vn -0.891210 -0.314902 -0.326468
vn -0.891210 -0.314902 -0.326468
vn -0.891210 -0.314902 -0.326468
vn -0.891210 -0.314902 -0.326468
vn -0.326482 -0.314900 -0.891206
vn -0.326482 -0.314900 -0.891206
vn -0.326482 -0.314900 -0.891206
vn -0.326482 -0.314900 -0.891206
vn -0.891209 -0.314903 0.326470
vn -0.891209 -0.314903 0.326470
vn -0.891209 -0.314903 0.326470
vn -0.891209 -0.314903 0.326470
vn -0.334585 -0.880974 0.334571
vn -0.334584 -0.880974 0.334571
vn -0.334584 -0.880974 0.334571
vn -0.334584 -0.880974 0.334571
vn -0.326483 -0.314902 0.891205
vn -0.326483 -0.314902 0.891205
vn -0.326483 -0.314902 0.891205
vn -0.326483 -0.314902 0.891205
vn -0.334585 0.880973 0.334573
vn -0.334585 0.880973 0.334573
vn -0.334585 0.880973 0.334573
vn -0.334585 0.880973 0.334573
vn -0.891210 0.314902 0.326469
vn -0.891210 0.314902 0.326469
vn -0.891210 0.314902 0.326469
vn -0.891210 0.314902 0.326469
vn -0.326482 0.314901 0.891205
vn -0.326482 0.314901 0.891205
vn -0.326482 0.314901 0.891205
vn -0.326482 0.314901 0.891205
vn 0.334562 -0.880980 0.334578
vn 0.334562 -0.880980 0.334578
vn 0.334562 -0.880980 0.334578
vn 0.334562 -0.880980 0.334578
vn 0.891211 -0.314898 0.326470
vn 0.891211 -0.314898 0.326470
vn 0.891211 -0.314898 0.326470
vn 0.891211 -0.314898 0.326470
vn 0.326462 -0.314905 0.891211
vn 0.326462 -0.314905 0.891211
vn 0.326462 -0.314905 0.891211
vn 0.326462 -0.314905 0.891211
vn 0.891210 0.314899 0.326471
vn 0.891210 0.314899 0.326471
vn 0.891210 0.314899 0.326471
vn 0.891210 0.314899 0.326471
vn 0.334563 0.880980 0.334579
vn 0.334563 0.880980 0.334579
vn 0.334563 0.880980 0.334579
vn 0.334563 0.880980 0.334579
vn 0.326462 0.314904 0.891212
vn 0.326462 0.314904 0.891212
vn 0.326462 0.314904 0.891212
vn 0.326462 0.314904 0.891212
s off
g S_U_08 Window_31:Window_31
usemtl Window_31:Window_31SG
f 1191/1628/4398 1190/1629/4399 1220/1630/4400 1225/1631/4401
f 1190/1632/4402 1195/1633/4403 1221/1634/4404 1220/1635/4405
f 1193/1636/4406 1192/1637/4407 1200/1638/4408 1199/1639/4409
f 1192/1640/4410 1191/1628/4411 1201/1641/4412 1200/1642/4413
f 1195/1633/4414 1194/1643/4415 1210/1644/4416 1209/1645/4417
f 1194/1646/4418 1193/1636/4419 1211/1647/4420 1210/1648/4421
f 1197/1649/4422 1196/1650/4423 1232/1651/4424 1237/1652/4425
f 1196/1650/4426 1201/1641/4427 1233/1653/4428 1232/1651/4429
f 1199/1639/4430 1198/1654/4431 1206/1655/4432 1205/1656/4433
f 1198/1657/4434 1197/1649/4435 1207/1658/4436 1206/1659/4437
f 1203/1660/4438 1202/1661/4439 1226/1662/4440 1231/1663/4441
f 1202/1661/4442 1207/1658/4443 1227/1664/4444 1226/1662/4445
f 1205/1656/4446 1204/1665/4447 1212/1666/4448 1211/1647/4449
f 1204/1667/4450 1203/1660/4451 1213/1668/4452 1212/1669/4453
f 1209/1645/4454 1208/1670/4455 1214/1671/4456 1219/1672/4457
f 1208/1673/4458 1213/1668/4459 1215/1674/4460 1214/1675/4461
f 1217/1676/4462 1216/1677/4463 1230/1678/4464 1229/1679/4465
f 1216/1680/4466 1215/1674/4467 1231/1663/4468 1230/1681/4469
f 1219/1672/4470 1218/1682/4471 1222/1683/4472 1221/1634/4473
f 1218/1684/4474 1217/1676/4475 1223/1685/4476 1222/1686/4477
f 1225/1631/4478 1224/1687/4479 1234/1688/4480 1233/1653/4481
f 1224/1689/4482 1223/1685/4483 1235/1690/4484 1234/1691/4485
f 1229/1679/4486 1228/1692/4487 1236/1693/4488 1235/1690/4489
f 1228/1694/4490 1227/1664/4491 1237/1652/4492 1236/1695/4493
f 1223/1685/4494 1217/1676/4495 1229/1679/4496 1235/1690/4497
f 1221/1634/4498 1195/1633/4499 1209/1645/4500 1219/1672/4501
f 1215/1674/4502 1213/1668/4503 1203/1660/4504 1231/1663/4505
f 1227/1664/4506 1207/1658/4507 1197/1649/4508 1237/1652/4509
f 1233/1653/4510 1201/1641/4511 1191/1628/4512 1225/1631/4513
f 1194/1643/4514 1195/1633/4515 1190/1632/4516 1238/1696/4517
f 1190/1629/4518 1191/1628/4519 1192/1640/4520 1238/1697/4521
f 1192/1637/4522 1193/1636/4523 1194/1646/4524 1238/1698/4525
f 1200/1642/4526 1201/1641/4527 1196/1650/4528 1239/1699/4529
f 1196/1650/4530 1197/1649/4531 1198/1657/4532 1239/1699/4533
f 1198/1654/4534 1199/1639/4535 1200/1638/4536 1239/1700/4537
f 1206/1659/4538 1207/1658/4539 1202/1661/4540 1240/1701/4541
f 1202/1661/4542 1203/1660/4543 1204/1667/4544 1240/1701/4545
f 1204/1665/4546 1205/1656/4547 1206/1655/4548 1240/1702/4549
f 1212/1669/4550 1213/1668/4551 1208/1673/4552 1241/1703/4553
f 1208/1670/4554 1209/1645/4555 1210/1644/4556 1241/1704/4557
f 1210/1648/4558 1211/1647/4559 1212/1666/4560 1241/1705/4561
f 1218/1682/4562 1219/1672/4563 1214/1671/4564 1242/1706/4565
f 1214/1675/4566 1215/1674/4567 1216/1680/4568 1242/1707/4569
f 1216/1677/4570 1217/1676/4571 1218/1684/4572 1242/1708/4573
f 1224/1687/4574 1225/1631/4575 1220/1630/4576 1243/1709/4577
f 1220/1635/4578 1221/1634/4579 1222/1683/4580 1243/1710/4581
f 1222/1686/4582 1223/1685/4583 1224/1689/4584 1243/1711/4585
f 1230/1681/4586 1231/1663/4587 1226/1662/4588 1244/1712/4589
f 1226/1662/4590 1227/1664/4591 1228/1694/4592 1244/1712/4593
f 1228/1692/4594 1229/1679/4595 1230/1678/4596 1244/1713/4597
f 1236/1695/4598 1237/1652/4599 1232/1651/4600 1245/1714/4601
f 1232/1651/4602 1233/1653/4603 1234/1688/4604 1245/1714/4605
f 1234/1691/4606 1235/1690/4607 1236/1693/4608 1245/1715/4609
