# This file uses centimeters as units for non-parametric coordinates.

mtllib S_U_05.mtl
g default
v 393.384979 38.750629 308.388763
v 393.362274 38.750629 -308.455902
v -393.362000 38.749096 308.455780
v -393.384888 38.749104 -308.388824
v 420.796753 0.001507 326.603790
v -420.929443 -0.000019 326.475525
v -420.804260 -0.000019 -326.603912
v 420.834015 0.001507 -326.475464
v -453.891174 20.425266 -335.155334
v -457.931396 20.279484 -317.525848
v -457.929596 20.281448 317.520782
v -453.905060 20.421349 335.157166
v -442.821564 20.405712 350.124847
v -426.391602 20.159470 360.291534
v -406.891235 19.893101 364.008881
v 406.889771 19.895283 364.008209
v 426.398590 20.155933 360.318085
v 442.829742 20.404453 350.138885
v 453.891205 20.428432 335.155243
v 457.931335 20.282658 317.525787
v 457.929688 20.284622 -317.520813
v 453.905029 20.424530 -335.157288
v 442.821564 20.408894 -350.124939
v 426.391418 20.160995 -360.291504
v 406.891174 19.894650 -364.008850
v -406.889771 19.893776 -364.008301
v -426.398621 20.154415 -360.318115
v -442.829742 20.401283 -350.138977
v -394.215759 37.604092 -351.072845
v -395.108429 36.628368 -354.357056
v -396.910553 34.162693 -356.654663
v 396.907501 34.160412 -356.658020
v 395.104797 36.629116 -354.358276
v 394.217957 37.606304 -351.072021
v 441.350464 37.762966 -308.913208
v 444.708191 36.925152 -309.583801
v 447.307465 34.727108 -310.718079
v 447.311157 34.727001 310.701935
v 444.711914 36.925587 309.565369
v 441.353973 37.763653 308.896271
v -419.068176 0.000000 -364.609619
v -418.315674 2.828255 -367.997803
v -415.981995 6.600445 -368.545471
v 418.974945 0.001526 -363.938354
v 418.371429 2.706436 -367.826416
v 416.234802 6.248203 -368.666565
v 394.215729 37.605602 351.072815
v 395.108490 36.629879 354.357086
v 396.910522 34.164204 356.654694
v -396.907471 34.158855 356.657959
v -395.104858 36.627575 354.358246
v -394.218018 37.604763 351.071991
v 419.068207 0.001526 364.609528
v 418.315735 2.829762 367.997711
v 415.982056 6.601952 368.545349
v -418.974945 0.000000 363.938324
v -418.371460 2.704903 367.826324
v -416.234772 6.246666 368.666565
v 461.621460 0.003178 -325.231934
v 465.017029 3.203930 -324.912598
v 465.104095 7.072807 -323.466980
v 461.393707 0.003178 325.236237
v 464.942993 3.195751 324.944153
v 465.105347 7.068188 323.505005
v -447.311188 34.723858 -310.701965
v -444.711853 36.922436 -309.565430
v -441.353790 37.760494 -308.896301
v -441.350464 37.759777 308.913147
v -444.708252 36.921963 309.583740
v -447.307495 34.723904 310.717987
v -461.393738 0.000004 -325.236328
v -464.943024 3.192554 -324.944275
v -465.105347 7.064987 -323.505157
v -461.622040 0.000004 325.231873
v -465.017365 3.200306 324.912628
v -465.104248 7.069115 323.467102
v 416.131287 34.605450 -352.980225
v 414.182068 36.861691 -350.901764
v 412.603241 37.733593 -347.867523
v 443.337830 34.896389 328.160553
v 440.892120 37.015629 326.733337
v 437.768738 37.814144 325.210541
v 435.827148 0.003174 -360.085022
v 436.496185 2.994770 -363.818726
v 435.020935 6.734676 -364.683289
v -416.131409 34.603909 352.980194
v -414.182190 36.860149 350.901672
v -412.603394 37.732052 347.867432
v -435.827454 0.000000 360.085541
v -436.496429 2.991245 363.819000
v -435.021301 6.731117 364.683411
v 457.748108 0.003178 339.792847
v 460.975098 3.353218 340.977020
v 461.046783 7.259754 340.433441
v -443.337860 34.893230 -328.160583
v -440.892151 37.012463 -326.733398
v -437.768799 37.810986 -325.210571
v -457.748138 0.000004 -339.792969
v -460.975189 3.350021 -340.977112
v -461.046814 7.256557 -340.433563
v -432.365967 34.885258 -342.930054
v -430.153778 37.007626 -341.129089
v -427.658386 37.811398 -338.628906
v -449.148224 0.000004 -351.827545
v -451.196014 3.324825 -354.455536
v -450.558136 7.219517 -354.770203
v -416.098389 34.617840 -352.897095
v -414.126923 36.865650 -350.745972
v -412.479004 37.737804 -347.533569
v -436.046326 0.000004 -360.705688
v -436.583252 3.012630 -364.156311
v -435.040955 6.748672 -364.858582
v 432.378723 34.882549 -342.966431
v 430.182770 37.007519 -341.192993
v 427.734192 37.810970 -338.758423
v 449.047424 0.003178 -351.565979
v 451.147064 3.318428 -354.306763
v 450.536530 7.213062 -354.689575
v 443.306305 34.900570 -328.163269
v 440.838013 37.017132 -326.730408
v 437.658966 37.815578 -325.186035
v 457.946533 0.003178 -339.812988
v 461.099152 3.353752 -340.977814
v 461.127960 7.247681 -340.431091
v 432.366028 34.886761 342.929962
v 430.153778 37.009121 341.128937
v 427.658386 37.812893 338.628815
v 449.148163 0.003178 351.827423
v 451.195831 3.328022 354.455444
v 450.557983 7.222721 354.770111
v 416.098236 34.619343 352.897034
v 414.126831 36.867153 350.745972
v 412.478790 37.739315 347.533508
v 436.046326 0.003178 360.705597
v 436.583160 3.015823 364.156250
v 435.040802 6.751869 364.858582
v -432.378815 34.881008 342.966217
v -430.182922 37.005970 341.192780
v -427.734192 37.809429 338.758240
v -449.048004 0.000004 351.566467
v -451.147369 3.314793 354.306946
v -450.536865 7.209370 354.689697
v -443.306213 34.897396 328.163208
v -440.837860 37.013958 326.730347
v -437.658905 37.812389 325.185974
v -457.947052 0.000004 339.813232
v -461.099518 3.350071 340.978058
v -461.128113 7.243923 340.431274
vt 0.406477 0.271773
vt 0.591233 0.273576
vt 0.591941 0.476874
vt 0.408536 0.476207
vt 0.592965 0.772164
vt 0.592357 0.977074
vt 0.407049 0.977822
vt 0.407722 0.772852
vt 0.386423 0.336021
vt 0.386216 0.271617
vt 0.388147 0.476281
vt 0.388178 0.503367
vt 0.387898 0.271689
vt 0.389841 0.476219
vt 0.408339 0.513705
vt 0.408437 0.492163
vt 0.591962 0.492384
vt 0.592028 0.513912
vt 0.408592 0.490998
vt 0.591816 0.491250
vt 0.612024 0.503689
vt 0.612076 0.476673
vt 0.611730 0.273591
vt 0.611710 0.337898
vt 0.610405 0.476631
vt 0.610026 0.273646
vt 0.406525 0.257106
vt 0.406372 0.255948
vt 0.591398 0.257668
vt 0.591237 0.258829
vt 0.406441 0.315590
vt 0.591510 0.317150
vt 0.388311 0.618983
vt 0.387310 0.611347
vt 0.592349 0.619015
vt 0.407860 0.618889
vt 0.390930 0.977221
vt 0.391306 0.772897
vt 0.388441 0.731541
vt 0.388150 0.872412
vt 0.611625 0.612388
vt 0.611804 0.619182
vt 0.609071 0.772777
vt 0.608706 0.977089
vt 0.611542 0.879610
vt 0.611596 0.728692
vt 0.407605 0.760088
vt 0.592469 0.760061
vt 0.592657 0.716866
vt 0.407405 0.716821
vt 0.406780 0.606762
vt 0.592054 0.607585
vt 0.407085 0.877844
vt 0.592570 0.878076
vt 0.592407 0.989898
vt 0.407533 0.989936
vt 0.389837 0.483816
vt 0.388245 0.507716
vt 0.388351 0.618857
vt 0.600992 0.491247
vt 0.601853 0.513140
vt 0.601887 0.618685
vt 0.388449 0.723674
vt 0.391498 0.766382
vt 0.610089 0.266108
vt 0.611699 0.325430
vt 0.611618 0.609814
vt 0.611542 0.878252
vt 0.608511 0.983600
vt 0.601950 0.716247
vt 0.600356 0.760165
vt 0.397274 0.257034
vt 0.396537 0.313332
vt 0.397197 0.605781
vt 0.397775 0.876109
vt 0.399646 0.989832
vt 0.387870 0.257009
vt 0.386263 0.313355
vt 0.387260 0.606393
vt 0.388121 0.876657
vt 0.391540 0.989818
vt 0.387865 0.264127
vt 0.386336 0.323472
vt 0.387268 0.609951
vt 0.388141 0.878003
vt 0.391204 0.983800
vt 0.390032 0.490932
vt 0.388318 0.512946
vt 0.388425 0.618582
vt 0.388469 0.716422
vt 0.391738 0.760335
vt 0.399432 0.490947
vt 0.398516 0.512908
vt 0.398326 0.618736
vt 0.398114 0.716347
vt 0.399718 0.760230
vt 0.610320 0.491198
vt 0.612049 0.513193
vt 0.611782 0.618943
vt 0.611593 0.716456
vt 0.608462 0.760179
vt 0.610380 0.484135
vt 0.612041 0.507984
vt 0.611812 0.619499
vt 0.611597 0.723746
vt 0.608798 0.766197
vt 0.609949 0.259046
vt 0.611682 0.315291
vt 0.611575 0.606880
vt 0.611531 0.877016
vt 0.608275 0.989651
vt 0.600472 0.258954
vt 0.601407 0.315069
vt 0.601631 0.607276
vt 0.601873 0.876804
vt 0.600294 0.989755
vt 0.388223 0.484334
vt 0.601846 0.492396
vt 0.388488 0.977307
vt 0.388488 0.772693
vt 0.388488 0.765259
vt 0.611716 0.265601
vt 0.611512 0.772693
vt 0.611512 0.977307
vt 0.611512 0.984742
vt 0.407214 0.758053
vt 0.592787 0.758053
vt 0.601977 0.758053
vt 0.396407 0.255855
vt 0.407213 0.991947
vt 0.398023 0.991947
vt 0.592787 0.991947
vt 0.388297 0.492139
vt 0.612102 0.492408
vt 0.388488 0.758054
vt 0.611703 0.257856
vt 0.611512 0.991947
vt 0.611512 0.758053
vt 0.386067 0.255759
vt 0.388488 0.991947
vt 0.386141 0.263564
vt 0.388488 0.984742
vt 0.398553 0.492152
vt 0.398024 0.758053
vt 0.612089 0.484664
vt 0.611512 0.765258
vt 0.601363 0.257760
vt 0.601977 0.991947
vn -0.000347 1.000000 -0.000640
vn -0.000346 1.000000 0.000640
vn 0.000347 1.000000 0.000640
vn 0.000346 1.000000 -0.000640
vn 0.000883 -0.999999 0.001243
vn -0.000884 -0.999999 0.001240
vn -0.000883 -0.999999 -0.001242
vn 0.000883 -0.999999 -0.001242
vn -0.002064 0.482676 -0.875796
vn -0.001371 0.819542 -0.573018
vn 0.001310 0.819517 -0.573054
vn 0.002034 0.482608 -0.875834
vn -0.001371 0.819542 -0.573018
vn -0.000045 0.998779 -0.049407
vn 0.000037 0.998780 -0.049392
vn 0.001310 0.819517 -0.573054
vn 0.788987 0.614389 -0.005090
vn 0.484608 0.874725 -0.003256
vn 0.484709 0.874670 0.003206
vn 0.789027 0.614338 0.005060
vn 0.484608 0.874725 -0.003256
vn 0.037665 0.999290 -0.000151
vn 0.037670 0.999290 0.000145
vn 0.484709 0.874670 0.003206
vn 0.002064 0.482676 0.875797
vn 0.001371 0.819538 0.573023
vn -0.001310 0.819514 0.573057
vn -0.002034 0.482607 0.875835
vn 0.001371 0.819538 0.573023
vn 0.000045 0.998779 0.049407
vn -0.000037 0.998779 0.049392
vn -0.001310 0.819514 0.573057
vn -0.037670 0.999290 -0.000145
vn -0.484701 0.874674 -0.003205
vn -0.484601 0.874729 0.003256
vn -0.037665 0.999290 0.000151
vn -0.484701 0.874674 -0.003205
vn -0.789027 0.614337 -0.005060
vn -0.788987 0.614388 0.005090
vn -0.484601 0.874729 0.003256
vn -0.002064 0.482676 -0.875796
vn 0.002034 0.482608 -0.875834
vn 0.003489 0.373345 -0.927686
vn -0.003457 0.373419 -0.927656
vn 0.000037 0.998780 -0.049392
vn -0.000045 0.998779 -0.049407
vn -0.000347 1.000000 -0.000640
vn 0.000346 1.000000 -0.000640
vn 0.788987 0.614389 -0.005090
vn 0.789027 0.614338 0.005060
vn 0.848161 0.529691 0.007097
vn 0.848112 0.529770 -0.007079
vn 0.037670 0.999290 0.000145
vn 0.037665 0.999290 -0.000151
vn 0.000346 1.000000 -0.000640
vn 0.000347 1.000000 0.000640
vn 0.000883 -0.999999 -0.001242
vn -0.000883 -0.999999 -0.001242
vn -0.000326 -0.998223 -0.059590
vn 0.000363 -0.998145 -0.060876
vn 0.005645 0.152354 -0.988310
vn -0.005445 0.151730 -0.988407
vn -0.003457 0.373419 -0.927656
vn 0.003489 0.373345 -0.927686
vn 0.002064 0.482676 0.875797
vn -0.002034 0.482607 0.875835
vn -0.003489 0.373344 0.927686
vn 0.003457 0.373418 0.927657
vn -0.000037 0.998779 0.049392
vn 0.000045 0.998779 0.049407
vn 0.000347 1.000000 0.000640
vn -0.000346 1.000000 0.000640
vn -0.000884 -0.999999 0.001240
vn 0.000883 -0.999999 0.001243
vn 0.000326 -0.998223 0.059593
vn -0.000362 -0.998151 0.060789
vn -0.005645 0.152350 0.988310
vn 0.005445 0.151726 0.988408
vn 0.003457 0.373418 0.927657
vn -0.003489 0.373344 0.927686
vn 0.000883 -0.999999 0.001243
vn 0.000883 -0.999999 -0.001242
vn 0.069634 -0.997572 -0.000668
vn 0.069720 -0.997566 0.000709
vn 0.876787 0.480754 0.010979
vn 0.939438 0.342586 -0.009502
vn 0.848112 0.529770 -0.007079
vn 0.848161 0.529691 0.007097
vn -0.000346 1.000000 0.000640
vn -0.000347 1.000000 -0.000640
vn -0.037670 0.999290 -0.000145
vn -0.037665 0.999290 0.000151
vn -0.788987 0.614388 0.005090
vn -0.789027 0.614337 -0.005060
vn -0.848163 0.529688 -0.007097
vn -0.848113 0.529768 0.007079
vn -0.876788 0.480752 -0.010979
vn -0.939435 0.342595 0.009502
vn -0.848113 0.529768 0.007079
vn -0.848163 0.529688 -0.007097
vn -0.069707 -0.997567 0.000669
vn -0.069795 -0.997561 -0.000710
vn -0.000883 -0.999999 -0.001242
vn -0.000884 -0.999999 0.001240
vn 0.000037 0.998780 -0.049392
vn 0.000346 1.000000 -0.000640
vn 0.015804 0.997953 -0.061967
vn 0.003489 0.373345 -0.927686
vn 0.002034 0.482608 -0.875834
vn 0.255184 0.605046 -0.754189
vn 0.299695 0.532401 -0.791664
vn 0.037670 0.999290 0.000145
vn 0.000347 1.000000 0.000640
vn 0.050604 0.998497 0.021046
vn 0.848161 0.529691 0.007097
vn 0.789027 0.614338 0.005060
vn 0.673554 0.675050 0.301051
vn 0.721917 0.606947 0.332340
vn 0.348321 0.486017 -0.801536
vn 0.005645 0.152354 -0.988310
vn 0.003489 0.373345 -0.927686
vn 0.299695 0.532401 -0.791664
vn 0.000883 -0.999999 -0.001242
vn 0.000363 -0.998145 -0.060876
vn 0.068372 -0.986380 -0.149598
vn -0.000037 0.998779 0.049392
vn -0.000346 1.000000 0.000640
vn -0.015804 0.997953 0.061967
vn -0.003489 0.373344 0.927686
vn -0.002034 0.482607 0.875835
vn -0.255184 0.605049 0.754187
vn -0.299697 0.532402 0.791662
vn -0.348325 0.486019 0.801533
vn -0.005645 0.152350 0.988310
vn -0.003489 0.373344 0.927686
vn -0.299697 0.532402 0.791662
vn -0.000884 -0.999999 0.001240
vn -0.000362 -0.998151 0.060789
vn -0.068411 -0.986363 0.149693
vn 0.800617 0.464983 0.377894
vn 0.876787 0.480754 0.010979
vn 0.848161 0.529691 0.007097
vn 0.721917 0.606947 0.332340
vn 0.000883 -0.999999 0.001243
vn 0.069720 -0.997566 0.000709
vn 0.159463 -0.984287 0.075833
vn -0.037670 0.999290 -0.000145
vn -0.000347 1.000000 -0.000640
vn -0.050604 0.998497 -0.021045
vn -0.848163 0.529688 -0.007097
vn -0.789027 0.614337 -0.005060
vn -0.673554 0.675050 -0.301051
vn -0.721916 0.606948 -0.332341
vn -0.800615 0.464986 -0.377893
vn -0.876788 0.480752 -0.010979
vn -0.848163 0.529688 -0.007097
vn -0.721916 0.606948 -0.332341
vn -0.000883 -0.999999 -0.001242
vn -0.069795 -0.997561 -0.000710
vn -0.159484 -0.984283 -0.075843
vn -0.050604 0.998497 -0.021045
vn -0.000347 1.000000 -0.000640
vn -0.036040 0.998379 -0.044059
vn -0.721916 0.606948 -0.332341
vn -0.673554 0.675050 -0.301051
vn -0.488913 0.670367 -0.558186
vn -0.536133 0.602508 -0.591223
vn -0.605710 0.464469 -0.646053
vn -0.800615 0.464986 -0.377893
vn -0.721916 0.606948 -0.332341
vn -0.536133 0.602508 -0.591223
vn -0.000883 -0.999999 -0.001242
vn -0.159484 -0.984283 -0.075843
vn -0.125535 -0.983987 -0.126531
vn -0.036040 0.998379 -0.044059
vn -0.000347 1.000000 -0.000640
vn -0.015745 0.998001 -0.061200
vn -0.536133 0.602508 -0.591223
vn -0.488913 0.670367 -0.558186
vn -0.254751 0.608382 -0.751648
vn -0.298557 0.535887 -0.789739
vn -0.353420 0.395526 -0.847734
vn -0.605710 0.464469 -0.646053
vn -0.536133 0.602508 -0.591223
vn -0.298557 0.535887 -0.789739
vn -0.000883 -0.999999 -0.001242
vn -0.125535 -0.983987 -0.126531
vn -0.070721 -0.985707 -0.152905
vn -0.015745 0.998001 -0.061200
vn -0.000347 1.000000 -0.000640
vn -0.000045 0.998779 -0.049407
vn -0.298557 0.535887 -0.789739
vn -0.254751 0.608382 -0.751648
vn -0.002064 0.482676 -0.875796
vn -0.003457 0.373419 -0.927656
vn -0.005445 0.151730 -0.988407
vn -0.353420 0.395526 -0.847734
vn -0.298557 0.535887 -0.789739
vn -0.003457 0.373419 -0.927656
vn -0.000883 -0.999999 -0.001242
vn -0.070721 -0.985707 -0.152905
vn -0.000326 -0.998223 -0.059590
vn 0.015804 0.997953 -0.061967
vn 0.000346 1.000000 -0.000640
vn 0.036392 0.998373 -0.043897
vn 0.299695 0.532401 -0.791664
vn 0.255184 0.605046 -0.754189
vn 0.490585 0.668793 -0.558607
vn 0.536486 0.600479 -0.592966
vn 0.605060 0.459087 -0.650493
vn 0.348321 0.486017 -0.801536
vn 0.299695 0.532401 -0.791664
vn 0.536486 0.600479 -0.592966
vn 0.000883 -0.999999 -0.001242
vn 0.068372 -0.986380 -0.149598
vn 0.122778 -0.984101 -0.128340
vn 0.036392 0.998373 -0.043897
vn 0.000346 1.000000 -0.000640
vn 0.050325 0.998516 -0.020800
vn 0.536486 0.600479 -0.592966
vn 0.490585 0.668793 -0.558607
vn 0.673388 0.675326 -0.300806
vn 0.721652 0.607215 -0.332429
vn 0.799579 0.466196 -0.378597
vn 0.605060 0.459087 -0.650493
vn 0.536486 0.600479 -0.592966
vn 0.721652 0.607215 -0.332429
vn 0.000883 -0.999999 -0.001242
vn 0.122778 -0.984101 -0.128340
vn 0.160288 -0.983969 -0.078182
vn 0.050325 0.998516 -0.020800
vn 0.000346 1.000000 -0.000640
vn 0.037665 0.999290 -0.000151
vn 0.721652 0.607215 -0.332429
vn 0.673388 0.675326 -0.300806
vn 0.788987 0.614389 -0.005090
vn 0.848112 0.529770 -0.007079
vn 0.939438 0.342586 -0.009502
vn 0.799579 0.466196 -0.378597
vn 0.721652 0.607215 -0.332429
vn 0.848112 0.529770 -0.007079
vn 0.000883 -0.999999 -0.001242
vn 0.160288 -0.983969 -0.078182
vn 0.069634 -0.997572 -0.000668
vn 0.050604 0.998497 0.021046
vn 0.000347 1.000000 0.000640
vn 0.036041 0.998379 0.044060
vn 0.721917 0.606947 0.332340
vn 0.673554 0.675050 0.301051
vn 0.488912 0.670368 0.558186
vn 0.536133 0.602508 0.591223
vn 0.605711 0.464467 0.646053
vn 0.800617 0.464983 0.377894
vn 0.721917 0.606947 0.332340
vn 0.536133 0.602508 0.591223
vn 0.000883 -0.999999 0.001243
vn 0.159463 -0.984287 0.075833
vn 0.125522 -0.983991 0.126518
vn 0.036041 0.998379 0.044060
vn 0.000347 1.000000 0.000640
vn 0.015746 0.998001 0.061200
vn 0.536133 0.602508 0.591223
vn 0.488912 0.670368 0.558186
vn 0.254752 0.608382 0.751646
vn 0.298558 0.535888 0.789739
vn 0.353421 0.395524 0.847735
vn 0.605711 0.464467 0.646053
vn 0.536133 0.602508 0.591223
vn 0.298558 0.535888 0.789739
vn 0.000883 -0.999999 0.001243
vn 0.125522 -0.983991 0.126518
vn 0.070718 -0.985709 0.152897
vn 0.015746 0.998001 0.061200
vn 0.000347 1.000000 0.000640
vn 0.000045 0.998779 0.049407
vn 0.298558 0.535888 0.789739
vn 0.254752 0.608382 0.751646
vn 0.002064 0.482676 0.875797
vn 0.003457 0.373418 0.927657
vn 0.005445 0.151726 0.988408
vn 0.353421 0.395524 0.847735
vn 0.298558 0.535888 0.789739
vn 0.003457 0.373418 0.927657
vn 0.000883 -0.999999 0.001243
vn 0.070718 -0.985709 0.152897
vn 0.000326 -0.998223 0.059593
vn -0.015804 0.997953 0.061967
vn -0.000346 1.000000 0.000640
vn -0.036392 0.998373 0.043897
vn -0.299697 0.532402 0.791662
vn -0.255184 0.605049 0.754187
vn -0.490588 0.668796 0.558602
vn -0.536489 0.600479 0.592963
vn -0.605062 0.459094 0.650486
vn -0.348325 0.486019 0.801533
vn -0.299697 0.532402 0.791662
vn -0.536489 0.600479 0.592963
vn -0.000884 -0.999999 0.001240
vn -0.068411 -0.986363 0.149693
vn -0.122928 -0.984061 0.128497
vn -0.036392 0.998373 0.043897
vn -0.000346 1.000000 0.000640
vn -0.050325 0.998516 0.020800
vn -0.536489 0.600479 0.592963
vn -0.490588 0.668796 0.558602
vn -0.673388 0.675325 0.300807
vn -0.721655 0.607211 0.332429
vn -0.799575 0.466204 0.378594
vn -0.605062 0.459094 0.650486
vn -0.536489 0.600479 0.592963
vn -0.721655 0.607211 0.332429
vn -0.000884 -0.999999 0.001240
vn -0.122928 -0.984061 0.128497
vn -0.160548 -0.983917 0.078307
vn -0.050325 0.998516 0.020800
vn -0.000346 1.000000 0.000640
vn -0.037665 0.999290 0.000151
vn -0.721655 0.607211 0.332429
vn -0.673388 0.675325 0.300807
vn -0.788987 0.614388 0.005090
vn -0.848113 0.529768 0.007079
vn -0.939435 0.342595 0.009502
vn -0.799575 0.466204 0.378594
vn -0.721655 0.607211 0.332429
vn -0.848113 0.529768 0.007079
vn -0.000884 -0.999999 0.001240
vn -0.160548 -0.983917 0.078307
vn -0.069707 -0.997567 0.000669
vn 0.002034 0.482608 -0.875834
vn 0.001310 0.819517 -0.573054
vn 0.151938 0.870573 -0.467994
vn 0.255184 0.605046 -0.754189
vn 0.001310 0.819517 -0.573054
vn 0.000037 0.998780 -0.049392
vn 0.015804 0.997953 -0.061967
vn 0.151938 0.870573 -0.467994
vn 0.789027 0.614338 0.005060
vn 0.484709 0.874670 0.003206
vn 0.408863 0.894286 0.181889
vn 0.673554 0.675050 0.301051
vn 0.484709 0.874670 0.003206
vn 0.037670 0.999290 0.000145
vn 0.050604 0.998497 0.021046
vn 0.408863 0.894286 0.181889
vn -0.000326 -0.998223 -0.059590
vn -0.001672 -0.795527 -0.605916
vn 0.002196 -0.796071 -0.605199
vn 0.000363 -0.998145 -0.060876
vn -0.007978 -0.181565 -0.983347
vn -0.005445 0.151730 -0.988407
vn 0.005645 0.152354 -0.988310
vn 0.008149 -0.184101 -0.982874
vn 0.000363 -0.998145 -0.060876
vn 0.002196 -0.796071 -0.605199
vn 0.239774 -0.776184 -0.583135
vn 0.068372 -0.986380 -0.149598
vn 0.008149 -0.184101 -0.982874
vn 0.005645 0.152354 -0.988310
vn 0.341073 -0.073503 -0.937159
vn 0.425400 -0.039649 -0.904136
vn -0.002034 0.482607 0.875835
vn -0.001310 0.819514 0.573057
vn -0.151940 0.870571 0.467995
vn -0.255184 0.605049 0.754187
vn -0.001310 0.819514 0.573057
vn -0.000037 0.998779 0.049392
vn -0.015804 0.997953 0.061967
vn -0.151940 0.870571 0.467995
vn 0.000326 -0.998223 0.059593
vn 0.001672 -0.795526 0.605917
vn -0.002196 -0.796071 0.605199
vn -0.000362 -0.998151 0.060789
vn 0.007977 -0.181571 0.983346
vn 0.005445 0.151726 0.988408
vn -0.005645 0.152350 0.988310
vn -0.008149 -0.184107 0.982872
vn -0.000362 -0.998151 0.060789
vn -0.002196 -0.796071 0.605199
vn -0.239749 -0.776199 0.583125
vn -0.068411 -0.986363 0.149693
vn -0.008149 -0.184107 0.982872
vn -0.005645 0.152350 0.988310
vn -0.341063 -0.073502 0.937162
vn -0.425391 -0.039646 0.904141
vn 0.069634 -0.997572 -0.000668
vn 0.677771 -0.735260 -0.004384
vn 0.677424 -0.735577 0.004833
vn 0.069720 -0.997566 0.000709
vn 0.999527 -0.028007 -0.012680
vn 0.939438 0.342586 -0.009502
vn 0.999511 -0.030775 0.005498
vn 0.999500 -0.028777 0.013070
vn 0.069720 -0.997566 0.000709
vn 0.677424 -0.735577 0.004833
vn 0.634494 -0.715767 0.291712
vn 0.159463 -0.984287 0.075833
vn 0.999500 -0.028777 0.013070
vn 0.999511 -0.030775 0.005498
vn 0.800617 0.464983 0.377894
vn 0.898301 0.056418 0.435743
vn -0.789027 0.614337 -0.005060
vn -0.484701 0.874674 -0.003205
vn -0.408861 0.894287 -0.181888
vn -0.673554 0.675050 -0.301051
vn -0.484701 0.874674 -0.003205
vn -0.037670 0.999290 -0.000145
vn -0.050604 0.998497 -0.021045
vn -0.408861 0.894287 -0.181888
vn -0.069795 -0.997561 -0.000710
vn -0.677410 -0.735590 -0.004834
vn -0.634490 -0.715771 -0.291709
vn -0.159484 -0.984283 -0.075843
vn -0.999501 -0.028753 -0.013071
vn -0.999512 -0.030750 -0.005499
vn -0.800615 0.464986 -0.377893
vn -0.898303 0.056426 -0.435738
vn -0.999512 -0.030750 -0.005499
vn -0.999501 -0.028753 -0.013071
vn -0.999528 -0.027981 0.012679
vn -0.939435 0.342595 0.009502
vn -0.677410 -0.735590 -0.004834
vn -0.069795 -0.997561 -0.000710
vn -0.069707 -0.997567 0.000669
vn -0.677757 -0.735273 0.004383
vn 0.255184 0.605046 -0.754189
vn 0.151938 0.870573 -0.467994
vn 0.297150 0.891735 -0.341337
vn 0.490585 0.668793 -0.558607
vn 0.151938 0.870573 -0.467994
vn 0.015804 0.997953 -0.061967
vn 0.036392 0.998373 -0.043897
vn 0.297150 0.891735 -0.341337
vn 0.673554 0.675050 0.301051
vn 0.408863 0.894286 0.181889
vn 0.291817 0.894604 0.338417
vn 0.488912 0.670368 0.558186
vn 0.408863 0.894286 0.181889
vn 0.050604 0.998497 0.021046
vn 0.036041 0.998379 0.044060
vn 0.291817 0.894604 0.338417
vn 0.068372 -0.986380 -0.149598
vn 0.239774 -0.776184 -0.583135
vn 0.466964 -0.726873 -0.503588
vn 0.122778 -0.984101 -0.128340
vn 0.425400 -0.039649 -0.904136
vn 0.341073 -0.073503 -0.937159
vn 0.605060 0.459087 -0.650493
vn 0.694271 0.045199 -0.718293
vn -0.255184 0.605049 0.754187
vn -0.151940 0.870571 0.467995
vn -0.297152 0.891734 0.341336
vn -0.490588 0.668796 0.558602
vn -0.151940 0.870571 0.467995
vn -0.015804 0.997953 0.061967
vn -0.036392 0.998373 0.043897
vn -0.297152 0.891734 0.341336
vn -0.068411 -0.986363 0.149693
vn -0.239749 -0.776199 0.583125
vn -0.466947 -0.726892 0.503575
vn -0.122928 -0.984061 0.128497
vn -0.425391 -0.039646 0.904141
vn -0.341063 -0.073502 0.937162
vn -0.605062 0.459094 0.650486
vn -0.694269 0.045220 0.718293
vn 0.159463 -0.984287 0.075833
vn 0.634494 -0.715767 0.291712
vn 0.485747 -0.712315 0.506613
vn 0.125522 -0.983991 0.126518
vn 0.898301 0.056418 0.435743
vn 0.800617 0.464983 0.377894
vn 0.605711 0.464467 0.646053
vn 0.699191 0.062747 0.712176
vn -0.673554 0.675050 -0.301051
vn -0.408861 0.894287 -0.181888
vn -0.291818 0.894604 -0.338416
vn -0.488913 0.670367 -0.558186
vn -0.408861 0.894287 -0.181888
vn -0.050604 0.998497 -0.021045
vn -0.036040 0.998379 -0.044059
vn -0.291818 0.894604 -0.338416
vn -0.159484 -0.984283 -0.075843
vn -0.634490 -0.715771 -0.291709
vn -0.485745 -0.712320 -0.506608
vn -0.125535 -0.983987 -0.126531
vn -0.898303 0.056426 -0.435738
vn -0.800615 0.464986 -0.377893
vn -0.605710 0.464469 -0.646053
vn -0.699191 0.062757 -0.712175
vn -0.488913 0.670367 -0.558186
vn -0.291818 0.894604 -0.338416
vn -0.149656 0.876531 -0.457490
vn -0.254751 0.608382 -0.751648
vn -0.291818 0.894604 -0.338416
vn -0.036040 0.998379 -0.044059
vn -0.015745 0.998001 -0.061200
vn -0.149656 0.876531 -0.457490
vn -0.125535 -0.983987 -0.126531
vn -0.485745 -0.712320 -0.506608
vn -0.254088 -0.741161 -0.621385
vn -0.070721 -0.985707 -0.152905
vn -0.699191 0.062757 -0.712175
vn -0.605710 0.464469 -0.646053
vn -0.353420 0.395526 -0.847734
vn -0.422108 0.004882 -0.906533
vn -0.000045 0.998779 -0.049407
vn -0.001371 0.819542 -0.573018
vn -0.149656 0.876531 -0.457490
vn -0.015745 0.998001 -0.061200
vn -0.001371 0.819542 -0.573018
vn -0.002064 0.482676 -0.875796
vn -0.254751 0.608382 -0.751648
vn -0.149656 0.876531 -0.457490
vn -0.005445 0.151730 -0.988407
vn -0.007978 -0.181565 -0.983347
vn -0.422108 0.004882 -0.906533
vn -0.353420 0.395526 -0.847734
vn -0.001672 -0.795527 -0.605916
vn -0.000326 -0.998223 -0.059590
vn -0.070721 -0.985707 -0.152905
vn -0.254088 -0.741161 -0.621385
vn 0.490585 0.668793 -0.558607
vn 0.297150 0.891735 -0.341337
vn 0.408006 0.894860 -0.180990
vn 0.673388 0.675326 -0.300806
vn 0.297150 0.891735 -0.341337
vn 0.036392 0.998373 -0.043897
vn 0.050325 0.998516 -0.020800
vn 0.408006 0.894860 -0.180990
vn 0.122778 -0.984101 -0.128340
vn 0.466964 -0.726873 -0.503588
vn 0.636471 -0.711071 -0.298801
vn 0.160288 -0.983969 -0.078182
vn 0.694271 0.045199 -0.718293
vn 0.605060 0.459087 -0.650493
vn 0.799579 0.466196 -0.378597
vn 0.896667 0.061056 -0.438475
vn 0.037665 0.999290 -0.000151
vn 0.484608 0.874725 -0.003256
vn 0.408006 0.894860 -0.180990
vn 0.050325 0.998516 -0.020800
vn 0.484608 0.874725 -0.003256
vn 0.788987 0.614389 -0.005090
vn 0.673388 0.675326 -0.300806
vn 0.408006 0.894860 -0.180990
vn 0.939438 0.342586 -0.009502
vn 0.999527 -0.028007 -0.012680
vn 0.896667 0.061056 -0.438475
vn 0.799579 0.466196 -0.378597
vn 0.677771 -0.735260 -0.004384
vn 0.069634 -0.997572 -0.000668
vn 0.160288 -0.983969 -0.078182
vn 0.636471 -0.711071 -0.298801
vn 0.488912 0.670368 0.558186
vn 0.291817 0.894604 0.338417
vn 0.149657 0.876532 0.457488
vn 0.254752 0.608382 0.751646
vn 0.291817 0.894604 0.338417
vn 0.036041 0.998379 0.044060
vn 0.015746 0.998001 0.061200
vn 0.149657 0.876532 0.457488
vn 0.125522 -0.983991 0.126518
vn 0.485747 -0.712315 0.506613
vn 0.254090 -0.741160 0.621386
vn 0.070718 -0.985709 0.152897
vn 0.699191 0.062747 0.712176
vn 0.605711 0.464467 0.646053
vn 0.353421 0.395524 0.847735
vn 0.422112 0.004875 0.906530
vn 0.000045 0.998779 0.049407
vn 0.001371 0.819538 0.573023
vn 0.149657 0.876532 0.457488
vn 0.015746 0.998001 0.061200
vn 0.001371 0.819538 0.573023
vn 0.002064 0.482676 0.875797
vn 0.254752 0.608382 0.751646
vn 0.149657 0.876532 0.457488
vn 0.005445 0.151726 0.988408
vn 0.007977 -0.181571 0.983346
vn 0.422112 0.004875 0.906530
vn 0.353421 0.395524 0.847735
vn 0.001672 -0.795526 0.605917
vn 0.000326 -0.998223 0.059593
vn 0.070718 -0.985709 0.152897
vn 0.254090 -0.741160 0.621386
vn -0.490588 0.668796 0.558602
vn -0.297152 0.891734 0.341336
vn -0.408003 0.894861 0.180988
vn -0.673388 0.675325 0.300807
vn -0.297152 0.891734 0.341336
vn -0.036392 0.998373 0.043897
vn -0.050325 0.998516 0.020800
vn -0.408003 0.894861 0.180988
vn -0.122928 -0.984061 0.128497
vn -0.466947 -0.726892 0.503575
vn -0.636446 -0.711100 0.298787
vn -0.160548 -0.983917 0.078307
vn -0.694269 0.045220 0.718293
vn -0.605062 0.459094 0.650486
vn -0.799575 0.466204 0.378594
vn -0.896668 0.061096 0.438469
vn -0.037665 0.999290 0.000151
vn -0.484601 0.874729 0.003256
vn -0.408003 0.894861 0.180988
vn -0.050325 0.998516 0.020800
vn -0.484601 0.874729 0.003256
vn -0.788987 0.614388 0.005090
vn -0.673388 0.675325 0.300807
vn -0.408003 0.894861 0.180988
vn -0.939435 0.342595 0.009502
vn -0.999528 -0.027981 0.012679
vn -0.896668 0.061096 0.438469
vn -0.799575 0.466204 0.378594
vn -0.677757 -0.735273 0.004383
vn -0.069707 -0.997567 0.000669
vn -0.160548 -0.983917 0.078307
vn -0.636446 -0.711100 0.298787
s off
g Foundation_01:Foundation_01 S_U_05
usemtl Foundation_01:aiStandardSurface1SG
f 4/1/1 3/2/2 1/3/3 2/4/4
f 5/5/5 6/6/6 7/7/7 8/8/8
f 31/9/9 30/10/10 33/11/11 32/12/12
f 30/10/13 29/13/14 34/14/15 33/11/16
f 37/15/17 36/16/18 39/17/19 38/18/20
f 36/16/21 35/19/22 40/20/23 39/17/24
f 49/21/25 48/22/26 51/23/27 50/24/28
f 48/22/29 47/25/30 52/26/31 51/23/32
f 67/27/33 66/28/34 69/29/35 68/30/36
f 66/28/37 65/31/38 70/32/39 69/29/40
f 31/9/41 32/12/42 25/33/43 26/34/44
f 34/14/45 29/13/46 4/1/47 2/4/48
f 37/15/49 38/18/50 20/35/51 21/36/52
f 40/20/53 35/19/54 2/4/55 1/3/56
f 8/8/57 7/7/58 41/37/59 44/38/60
f 46/39/61 43/40/62 26/34/63 25/33/64
f 49/21/65 50/24/66 15/41/67 16/42/68
f 52/26/69 47/25/70 1/3/71 3/2/72
f 6/6/73 5/5/74 53/43/75 56/44/76
f 58/45/77 55/46/78 16/42/79 15/41/80
f 5/5/81 8/8/82 59/47/83 62/48/84
f 64/49/85 61/50/86 21/36/87 20/35/88
f 3/2/89 4/1/90 67/27/91 68/30/92
f 70/32/93 65/31/94 10/51/95 11/52/96
f 73/53/97 76/54/98 11/52/99 10/51/100
f 74/55/101 71/56/102 7/7/103 6/6/104
f 34/14/105 2/4/106 79/57/107
f 25/33/108 32/12/109 77/58/110 24/59/111
f 40/20/112 1/3/113 82/60/114
f 20/35/115 38/18/116 80/61/117 19/62/118
f 85/63/119 46/39/120 25/33/121 24/59/122
f 8/8/123 44/38/124 83/64/125
f 52/26/126 3/2/127 88/65/128
f 15/41/129 50/24/130 86/66/131 14/67/132
f 91/68/133 58/45/134 15/41/135 14/67/136
f 6/6/137 56/44/138 89/69/139
f 94/70/140 64/49/141 20/35/142 19/62/143
f 5/5/144 62/48/145 92/71/146
f 67/27/147 4/1/148 97/72/149
f 10/51/150 65/31/151 95/73/152 9/74/153
f 100/75/154 73/53/155 10/51/156 9/74/157
f 7/7/158 71/56/159 98/76/160
f 97/72/161 4/1/162 103/77/163
f 9/74/164 95/73/165 101/78/166 28/79/167
f 106/80/168 100/75/169 9/74/170 28/79/171
f 7/7/172 98/76/173 104/81/174
f 103/77/175 4/1/176 109/82/177
f 28/79/178 101/78/179 107/83/180 27/84/181
f 112/85/182 106/80/183 28/79/184 27/84/185
f 7/7/186 104/81/187 110/86/188
f 109/82/189 4/1/190 29/13/191
f 27/84/192 107/83/193 31/9/194 26/34/195
f 43/40/196 112/85/197 27/84/198 26/34/199
f 7/7/200 110/86/201 41/37/202
f 79/57/203 2/4/204 115/87/205
f 24/59/206 77/58/207 113/88/208 23/89/209
f 118/90/210 85/63/211 24/59/212 23/89/213
f 8/8/214 83/64/215 116/91/216
f 115/87/217 2/4/218 121/92/219
f 23/89/220 113/88/221 119/93/222 22/94/223
f 124/95/224 118/90/225 23/89/226 22/94/227
f 8/8/228 116/91/229 122/96/230
f 121/92/231 2/4/232 35/19/233
f 22/94/234 119/93/235 37/15/236 21/36/237
f 61/50/238 124/95/239 22/94/240 21/36/241
f 8/8/242 122/96/243 59/47/244
f 82/60/245 1/3/246 127/97/247
f 19/62/248 80/61/249 125/98/250 18/99/251
f 130/100/252 94/70/253 19/62/254 18/99/255
f 5/5/256 92/71/257 128/101/258
f 127/97/259 1/3/260 133/102/261
f 18/99/262 125/98/263 131/103/264 17/104/265
f 136/105/266 130/100/267 18/99/268 17/104/269
f 5/5/270 128/101/271 134/106/272
f 133/102/273 1/3/274 47/25/275
f 17/104/276 131/103/277 49/21/278 16/42/279
f 55/46/280 136/105/281 17/104/282 16/42/283
f 5/5/284 134/106/285 53/43/286
f 88/65/287 3/2/288 139/107/289
f 14/67/290 86/66/291 137/108/292 13/109/293
f 142/110/294 91/68/295 14/67/296 13/109/297
f 6/6/298 89/69/299 140/111/300
f 139/107/301 3/2/302 145/112/303
f 13/109/304 137/108/305 143/113/306 12/114/307
f 148/115/308 142/110/309 13/109/310 12/114/311
f 6/6/312 140/111/313 146/116/314
f 145/112/315 3/2/316 68/30/317
f 12/114/318 143/113/319 70/32/320 11/52/321
f 76/54/322 148/115/323 12/114/324 11/52/325
f 6/6/326 146/116/327 74/55/328
f 32/12/329 33/11/330 78/117/331 77/58/332
f 33/11/333 34/14/334 79/57/335 78/117/336
f 38/18/337 39/17/338 81/118/339 80/61/340
f 39/17/341 40/20/342 82/60/343 81/118/344
f 41/37/345 42/119/346 45/120/347 44/38/348
f 42/119/349 43/40/350 46/39/351 45/120/352
f 44/38/353 45/120/354 84/121/355 83/64/356
f 45/120/357 46/39/358 85/63/359 84/121/360
f 50/24/361 51/23/362 87/122/363 86/66/364
f 51/23/365 52/26/366 88/65/367 87/122/368
f 53/43/369 54/123/370 57/124/371 56/44/372
f 54/123/373 55/46/374 58/45/375 57/124/376
f 56/44/377 57/124/378 90/125/379 89/69/380
f 57/124/381 58/45/382 91/68/383 90/125/384
f 59/47/385 60/126/386 63/127/387 62/48/388
f 60/126/389 61/50/390 64/49/391 63/127/392
f 62/48/393 63/127/394 93/128/395 92/71/396
f 63/127/397 64/49/398 94/70/399 93/128/400
f 65/31/401 66/28/402 96/129/403 95/73/404
f 66/28/405 67/27/406 97/72/407 96/129/408
f 71/56/409 72/130/410 99/131/411 98/76/412
f 72/130/413 73/53/414 100/75/415 99/131/416
f 73/53/417 72/130/418 75/132/419 76/54/420
f 72/130/421 71/56/422 74/55/423 75/132/424
f 77/58/425 78/117/426 114/133/427 113/88/428
f 78/117/429 79/57/430 115/87/431 114/133/432
f 80/61/433 81/118/434 126/134/435 125/98/436
f 81/118/437 82/60/438 127/97/439 126/134/440
f 83/64/441 84/121/442 117/135/443 116/91/444
f 84/121/445 85/63/446 118/90/447 117/135/448
f 86/66/449 87/122/450 138/136/451 137/108/452
f 87/122/453 88/65/454 139/107/455 138/136/456
f 89/69/457 90/125/458 141/137/459 140/111/460
f 90/125/461 91/68/462 142/110/463 141/137/464
f 92/71/465 93/128/466 129/138/467 128/101/468
f 93/128/469 94/70/470 130/100/471 129/138/472
f 95/73/473 96/129/474 102/139/475 101/78/476
f 96/129/477 97/72/478 103/77/479 102/139/480
f 98/76/481 99/131/482 105/140/483 104/81/484
f 99/131/485 100/75/486 106/80/487 105/140/488
f 101/78/489 102/139/490 108/141/491 107/83/492
f 102/139/493 103/77/494 109/82/495 108/141/496
f 104/81/497 105/140/498 111/142/499 110/86/500
f 105/140/501 106/80/502 112/85/503 111/142/504
f 29/13/505 30/10/506 108/141/507 109/82/508
f 30/10/509 31/9/510 107/83/511 108/141/512
f 43/40/513 42/119/514 111/142/515 112/85/516
f 42/119/517 41/37/518 110/86/519 111/142/520
f 113/88/521 114/133/522 120/143/523 119/93/524
f 114/133/525 115/87/526 121/92/527 120/143/528
f 116/91/529 117/135/530 123/144/531 122/96/532
f 117/135/533 118/90/534 124/95/535 123/144/536
f 35/19/537 36/16/538 120/143/539 121/92/540
f 36/16/541 37/15/542 119/93/543 120/143/544
f 61/50/545 60/126/546 123/144/547 124/95/548
f 60/126/549 59/47/550 122/96/551 123/144/552
f 125/98/553 126/134/554 132/145/555 131/103/556
f 126/134/557 127/97/558 133/102/559 132/145/560
f 128/101/561 129/138/562 135/146/563 134/106/564
f 129/138/565 130/100/566 136/105/567 135/146/568
f 47/25/569 48/22/570 132/145/571 133/102/572
f 48/22/573 49/21/574 131/103/575 132/145/576
f 55/46/577 54/123/578 135/146/579 136/105/580
f 54/123/581 53/43/582 134/106/583 135/146/584
f 137/108/585 138/136/586 144/147/587 143/113/588
f 138/136/589 139/107/590 145/112/591 144/147/592
f 140/111/593 141/137/594 147/148/595 146/116/596
f 141/137/597 142/110/598 148/115/599 147/148/600
f 68/30/601 69/29/602 144/147/603 145/112/604
f 69/29/605 70/32/606 143/113/607 144/147/608
f 76/54/609 75/132/610 147/148/611 148/115/612
f 75/132/613 74/55/614 146/116/615 147/148/616
g default
v 123.636642 354.419556 -311.181580
v 123.636719 169.189896 -311.181580
v 123.636765 45.350689 298.250305
v 123.636780 39.873058 295.981415
v 123.636780 37.604153 290.503784
v -370.133850 37.604763 290.503784
v -370.133850 39.873669 295.981415
v -370.133850 45.351299 298.250305
v 123.636276 399.448975 290.503784
v 123.636299 397.180054 295.981384
v 123.636345 391.702393 298.250305
v 409.238708 169.192032 290.503784
v 406.936157 169.192032 295.981415
v 401.377380 169.192032 298.250305
v -387.605377 169.190506 290.503784
v -385.302826 169.190506 295.981415
v -379.744080 169.190506 298.250305
v -379.744080 354.419983 298.250305
v -385.302826 354.419983 295.981415
v -387.605377 354.419983 290.503784
v 409.238586 354.422089 290.503784
v 406.936035 354.422089 295.981415
v 401.377258 354.422089 298.250305
v 115.147659 316.225281 290.503784
v 103.795067 343.232697 290.503784
v 76.387527 354.419556 290.503784
v 117.450180 318.494141 295.981415
v 106.097595 345.501587 295.981415
v 78.690063 356.688446 295.981415
v 123.008942 362.166077 298.250305
v 84.248825 362.166077 298.250305
v 111.656372 350.979248 298.250305
v 123.008957 323.971802 298.250305
v 109.671951 166.921005 295.981415
v 115.172028 169.165939 295.981415
v 117.450226 174.585709 295.981415
v 123.009003 161.443375 298.250305
v 123.009003 169.108109 298.250305
v 120.730804 163.688309 298.250305
v 115.230728 161.443375 298.250305
v -375.717010 163.688919 298.250305
v -370.216888 161.443985 298.250305
v -364.658142 166.921616 295.981415
v -370.158203 169.166550 295.981415
v -372.436401 174.586319 295.981415
v 107.369431 169.189896 290.503784
v 112.869499 171.434860 290.503784
v 115.147705 176.854630 290.503784
v -370.133850 176.855240 290.503784
v -367.855652 171.435471 290.503784
v -362.355591 169.190506 290.503784
v -370.216919 362.166504 298.250305
v -375.717041 359.921570 298.250305
v -372.436432 349.024170 295.981415
v -370.158234 354.443939 295.981415
v -364.658142 356.688873 295.981415
v -370.133881 346.755249 290.503784
v -367.855682 352.175018 290.503784
v -362.355621 354.419983 290.503784
v 123.636765 45.179180 -311.181580
v 123.636780 39.822826 -308.962891
v 123.636780 37.604153 -303.606567
v -370.133850 37.604763 -303.606567
v 406.987244 39.824963 -303.606567
v 401.551514 37.606289 -303.606567
v 401.551514 39.824963 -308.962891
v 401.551514 45.181316 -311.181580
v 406.987244 45.181316 -308.962891
v 409.238831 45.181316 -303.606567
v 401.551453 169.192032 -311.181580
v 406.987122 169.192032 -308.962891
v 409.238708 169.192032 -303.606567
v 123.636337 391.873962 -311.181580
v 123.636299 397.230286 -308.962891
v 123.636276 399.448975 -303.606506
v 406.986328 397.232849 -303.606567
v 409.237976 391.876526 -303.606567
v 406.986389 391.876526 -308.962891
v 401.550720 391.876465 -311.181580
v 401.550659 397.232849 -308.962891
v 401.550659 399.451477 -303.606567
v 401.551331 354.422089 -311.181580
v 406.987000 354.422089 -308.962891
v 409.238586 354.422089 -303.606567
v -385.353882 39.823437 -303.606567
v -387.605438 45.179790 -303.606567
v -385.353882 45.179790 -308.962891
v -379.918152 45.179790 -311.181580
v -379.918152 39.823437 -308.962891
v -379.918152 37.604763 -303.606567
v -379.918121 169.190506 -311.181580
v -385.353882 169.190506 -308.962891
v -387.605377 169.190506 -303.606567
v -385.353882 397.230713 -303.606506
v -379.918121 399.449402 -303.606506
v -379.918121 397.230713 -308.962891
v -379.918121 391.874329 -311.181580
v -385.353882 391.874329 -308.962891
v -387.605377 391.874329 -303.606506
v -379.918121 354.419983 -311.181580
v -385.353882 354.419983 -308.962891
v -387.605377 354.419983 -303.606567
v -385.302887 47.448696 295.981415
v -383.051331 42.092342 295.981415
v -377.615631 39.873669 295.981415
v -387.605438 45.179790 290.503784
v -385.353882 39.823437 290.503784
v -379.918152 37.604763 290.503784
v -379.744110 52.926327 298.250305
v -377.492554 47.569973 298.250305
v -385.302826 389.605408 295.981384
v -383.051331 394.961792 295.981384
v -377.615631 397.180481 295.981384
v -372.056824 391.702820 298.250305
v -377.492523 389.484192 298.250305
v -379.744080 384.127869 298.250305
v -387.605377 391.874329 290.503784
v -385.353882 397.230713 290.503784
v -379.918121 399.449402 290.503784
v 406.935486 389.607605 295.981384
v 404.683899 394.963928 295.981384
v 399.248230 397.182556 295.981384
v 409.237976 391.876526 290.503784
v 406.986328 397.232849 290.503784
v 401.550659 399.451477 290.503784
v 393.689514 391.704895 298.250305
v 401.376831 384.129944 298.250305
v 399.125183 389.486267 298.250305
v 401.551514 37.606289 290.503784
v 406.987244 39.824963 290.503784
v 409.238831 45.181316 290.503784
v 399.249023 39.875195 295.981415
v 404.684753 42.093868 295.981415
v 406.936279 47.450222 295.981415
v 399.125977 47.571507 298.250305
v 401.377502 52.927860 298.250305
v 393.690247 45.352825 298.250305
v 405.988281 40.809399 -307.978455
v 405.987305 396.248352 -307.978455
v -384.354889 40.807873 -307.978455
v -384.354858 396.246277 -307.978455
vt 0.500000 0.995696
vt 0.500000 1.000000
vt 0.437500 1.000000
vt 0.437500 0.995696
vt 0.500000 0.000000
vt 0.500000 0.001840
vt 0.433140 0.001809
vt 0.437500 0.000000
vt 0.500000 0.217744
vt 0.500000 0.250000
vt 0.406674 0.250000
vt 0.430622 0.217744
vt 0.500000 0.254304
vt 0.402497 0.254301
vt 0.501162 0.029410
vt 0.505937 0.031260
vt 0.370696 0.031250
vt 0.375000 0.031250
vt 0.375000 0.062500
vt 0.370696 0.062500
vt 0.403906 0.033614
vt 0.403755 0.086432
vt 0.622486 0.031250
vt 0.625000 0.031250
vt 0.625000 0.062500
vt 0.622486 0.062500
vt 0.629304 0.031250
vt 0.629304 0.062500
vt 0.507904 0.119617
vt 0.502514 0.082468
vt 0.495372 0.062500
vt 0.500000 0.062500
vt 0.502514 0.094756
vt 0.495702 0.094756
vt 0.500000 0.056288
vt 0.495319 0.062500
vt 0.500000 0.062500
vt 0.500000 0.056139
vt 0.500000 0.032498
vt 0.500000 0.031250
vt 0.502514 0.029410
vt 0.502514 0.031876
vt 0.499063 0.031250
vt 0.437500 0.032497
vt 0.437500 0.031250
vt 0.437500 0.031250
vt 0.437500 0.032527
vt 0.438437 0.031250
vt 0.438445 0.031250
vt 0.410746 0.029410
vt 0.499055 0.031250
vt 0.437500 0.061254
vt 0.437500 0.061223
vt 0.500000 0.032526
vt 0.438437 0.062500
vt 0.438446 0.062500
vt 0.410745 0.094756
vt 0.500000 0.031250
vt 0.411262 0.030929
vt 0.411781 0.102831
vt 0.437500 0.062500
vt 0.437500 0.062500
vt 0.500000 0.754208
vt 0.500000 0.750000
vt 0.622502 0.751183
vt 0.622487 0.754208
vt 0.500000 0.748201
vt 0.622487 0.748201
vt 0.625000 0.752566
vt 0.625000 0.995696
vt 0.622487 0.995696
vt 0.872434 0.000000
vt 0.870792 0.001799
vt 0.629304 0.001799
vt 0.629304 0.000000
vt 0.399884 0.507811
vt 0.402499 0.495792
vt 0.500000 0.495792
vt 0.500000 0.500000
vt 0.402499 0.531542
vt 0.500000 0.531541
vt 0.870792 0.218458
vt 0.872434 0.250000
vt 0.629304 0.250000
vt 0.629304 0.218458
vt 0.625000 0.497434
vt 0.622487 0.495792
vt 0.622487 0.254304
vt 0.625000 0.254304
vt 0.622487 0.531542
vt 0.625000 0.520462
vt 0.625000 0.687500
vt 0.622487 0.687500
vt 0.875000 0.229538
vt 0.870792 0.062500
vt 0.875000 0.062500
vt 0.129208 0.001799
vt 0.127566 0.000000
vt 0.370696 0.000000
vt 0.370696 0.001799
vt 0.375000 0.752566
vt 0.402501 0.754218
vt 0.402499 0.995696
vt 0.375000 0.995696
vt 0.402499 0.748201
vt 0.375000 0.748885
vt 0.375000 0.718750
vt 0.402499 0.718750
vt 0.125000 0.001115
vt 0.129208 0.031250
vt 0.125000 0.031250
vt 0.375000 0.250000
vt 0.403122 0.217744
vt 0.375000 0.216784
vt 0.403251 0.191064
vt 0.500000 0.718750
vt 0.622487 0.718750
vt 0.500000 0.687500
vt 0.402499 0.687500
vt 0.375000 0.001831
vt 0.403170 0.003784
vt 0.370696 0.218458
vt 0.625000 0.216785
vt 0.622486 0.186202
vt 0.870792 0.031250
vt 0.129208 0.062500
vt 0.129208 0.218458
vt 0.437500 0.754208
vt 0.622472 0.000000
vt 0.619972 0.001840
vt 0.622472 1.000000
vt 0.622486 0.003639
vt 0.625000 0.001831
vt 0.406673 1.000000
vt 0.406673 0.000000
vt 0.622472 0.250000
vt 0.619972 0.217744
vt 0.622486 0.217744
vt 0.622486 0.001840
vt 0.399884 0.750691
vt 0.875000 0.001115
vt 0.875000 0.031250
vt 0.625000 0.748885
vt 0.625000 0.718750
vt 0.622502 0.513423
vt 0.375000 0.687500
vt 0.125000 0.062500
vt 0.125000 0.229538
vt 0.375000 0.520462
vt 0.375000 0.000000
vt 0.403122 0.001840
vt 0.375000 1.000000
vt 0.370696 0.250000
vt 0.375000 0.254299
vt 0.375000 0.497434
vt 0.127566 0.250000
vt 0.625000 0.250000
vt 0.625000 1.000000
vt 0.625000 0.000000
vt 0.875000 0.000000
vt 0.625000 0.750000
vt 0.625000 0.500000
vt 0.875000 0.250000
vt 0.375000 0.750000
vt 0.125000 0.000000
vt 0.125000 0.250000
vt 0.375000 0.500000
vn 0.000000 -0.999987 0.005061
vn 0.000000 -0.707107 0.707107
vn 0.000000 -0.707107 0.707107
vn 0.000000 -0.999987 0.005057
vn 0.000000 -0.707107 0.707107
vn 0.000000 -0.018867 0.999822
vn -0.000694 -0.272492 0.962158
vn 0.000000 -0.707107 0.707107
vn 0.000000 0.087969 0.996123
vn 0.000000 0.707105 0.707108
vn -0.003490 0.705507 0.708695
vn -0.000205 0.094308 0.995543
vn 0.000000 0.707105 0.707108
vn 0.000000 0.999987 0.005061
vn -0.004173 0.999983 0.004001
vn -0.003490 0.705507 0.708695
vn -0.000103 0.010085 0.999949
vn 0.000000 -0.018867 0.999822
vn 0.000000 0.000000 1.000000
vn -0.999987 0.000000 0.005087
vn -0.704491 0.000000 0.709713
vn -0.704492 0.000000 0.709712
vn -0.999987 0.000000 0.005080
vn -0.704491 0.000000 0.709713
vn -0.152949 0.002439 0.988231
vn -0.114711 -0.003244 0.993394
vn -0.704492 0.000000 0.709712
vn 0.006450 0.000000 0.999979
vn 0.704491 0.000001 0.709713
vn 0.704492 0.000002 0.709712
vn 0.006889 0.000000 0.999976
vn 0.704491 0.000001 0.709713
vn 0.999987 0.000001 0.005087
vn 0.999987 0.000004 0.005080
vn 0.704492 0.000002 0.709712
vn 0.000000 0.000000 1.000000
vn -0.003421 -0.000422 0.999994
vn 0.006889 0.000000 0.999976
vn -0.018488 -0.701372 0.712556
vn -0.425906 -0.429061 0.796562
vn -0.076310 -0.076875 0.994116
vn -0.001308 -0.026687 0.999643
vn -0.425906 -0.429061 0.796562
vn -0.687680 -0.050885 0.724228
vn -0.003421 -0.000422 0.999994
vn -0.076310 -0.076875 0.994116
vn -0.022617 -0.999703 0.009051
vn -0.704445 -0.709663 0.011679
vn -0.425906 -0.429061 0.796562
vn -0.018488 -0.701372 0.712556
vn -0.704445 -0.709663 0.011679
vn -0.997761 -0.066254 0.009189
vn -0.687680 -0.050885 0.724228
vn -0.425906 -0.429061 0.796562
vn -0.001308 -0.026687 0.999643
vn -0.076310 -0.076875 0.994116
vn 0.000000 0.000000 1.000000
vn 0.000000 0.000000 1.000000
vn -0.076310 -0.076875 0.994116
vn -0.003421 -0.000422 0.999994
vn -0.700761 0.012356 0.713289
vn -0.425905 0.429060 0.796563
vn -0.150252 0.151365 0.976992
vn -0.002965 0.000096 0.999996
vn -0.425905 0.429060 0.796563
vn -0.003720 0.705993 0.708209
vn -0.000103 0.010085 0.999949
vn -0.150252 0.151365 0.976992
vn 0.669803 0.010857 0.742459
vn 0.416735 0.430496 0.800628
vn 0.704445 0.709663 0.011679
vn 0.999878 0.012644 0.009189
vn 0.416735 0.430496 0.800628
vn 0.003720 0.705993 0.708209
vn 0.004457 0.999949 0.009048
vn 0.704445 0.709663 0.011679
vn -0.000103 0.010085 0.999949
vn -0.003720 0.705993 0.708209
vn 0.003720 0.705993 0.708209
vn 0.000103 0.010094 0.999949
vn -0.003720 0.705993 0.708209
vn -0.004457 0.999949 0.009048
vn 0.004457 0.999949 0.009048
vn 0.003720 0.705993 0.708209
vn -0.152949 0.002439 0.988231
vn 0.669803 0.010857 0.742459
vn 0.669803 -0.010857 0.742459
vn -0.114711 -0.003244 0.993394
vn 0.669803 0.010857 0.742459
vn 0.999878 0.012644 0.009189
vn 0.999878 -0.012643 0.009189
vn 0.669803 -0.010857 0.742459
vn -0.999841 0.015265 0.009213
vn -0.700761 0.012356 0.713289
vn -0.687680 -0.050885 0.724228
vn -0.997761 -0.066254 0.009189
vn -0.700761 0.012356 0.713289
vn -0.002965 0.000096 0.999996
vn -0.003421 -0.000422 0.999994
vn -0.687680 -0.050885 0.724228
vn -0.022617 -0.999703 0.009051
vn -0.018488 -0.701372 0.712556
vn 0.003961 -0.705919 0.708282
vn 0.004749 -0.999948 0.009051
vn -0.018488 -0.701372 0.712556
vn -0.001308 -0.026687 0.999643
vn 0.000391 -0.035998 0.999352
vn 0.003961 -0.705919 0.708282
vn -0.003720 0.705993 0.708209
vn -0.425905 0.429060 0.796563
vn -0.704445 0.709663 0.011679
vn -0.004457 0.999949 0.009048
vn -0.425905 0.429060 0.796563
vn -0.700761 0.012356 0.713289
vn -0.999841 0.015265 0.009213
vn -0.704445 0.709663 0.011679
vn -0.152949 0.002439 0.988231
vn 0.009218 0.009696 0.999911
vn 0.416735 0.430496 0.800628
vn 0.669803 0.010857 0.742459
vn 0.009218 0.009696 0.999911
vn 0.000103 0.010094 0.999949
vn 0.003720 0.705993 0.708209
vn 0.416735 0.430496 0.800628
vn 0.000391 -0.035998 0.999352
vn 0.029054 -0.030553 0.999111
vn 0.416734 -0.430496 0.800629
vn 0.003961 -0.705919 0.708282
vn 0.029054 -0.030553 0.999111
vn -0.114711 -0.003244 0.993394
vn 0.669803 -0.010857 0.742459
vn 0.416734 -0.430496 0.800629
vn 0.003961 -0.705919 0.708282
vn 0.416734 -0.430496 0.800629
vn 0.704445 -0.709663 0.011679
vn 0.004749 -0.999948 0.009051
vn 0.416734 -0.430496 0.800629
vn 0.669803 -0.010857 0.742459
vn 0.999878 -0.012643 0.009189
vn 0.704445 -0.709663 0.011679
vn -0.002965 0.000096 0.999996
vn -0.150252 0.151365 0.976992
vn 0.000000 0.000000 1.000000
vn 0.000000 0.000000 1.000000
vn -0.150252 0.151365 0.976992
vn -0.000103 0.010085 0.999949
vn 0.000000 0.087969 0.996123
vn -0.001308 -0.026687 0.999643
vn 0.000000 0.000000 1.000000
vn 0.006889 0.000000 0.999976
vn -0.003421 -0.000422 0.999994
vn -0.002965 0.000096 0.999996
vn 0.006450 0.000000 0.999979
vn 0.006450 0.000000 0.999979
vn -0.002965 0.000096 0.999996
vn 0.000000 0.000000 1.000000
vn -0.000694 -0.272492 0.962158
vn 0.000000 -0.018867 0.999822
vn -0.000103 0.010085 0.999949
vn 0.000103 0.010094 0.999949
vn 0.000000 -0.923880 -0.382683
vn 0.000000 -0.707107 -0.707107
vn 0.003945 -0.707101 -0.707101
vn 0.213971 -0.959475 -0.183369
vn 0.000000 -0.707107 -0.707107
vn 0.000000 -0.017148 -0.999853
vn 0.005795 -0.017065 -0.999838
vn 0.003945 -0.707101 -0.707101
vn 0.213971 -0.959475 -0.183369
vn 0.704487 -0.709709 -0.003393
vn 0.704476 -0.709699 0.006420
vn 0.237900 -0.957723 0.161772
vn 0.704487 -0.709709 -0.003393
vn 0.999840 -0.017203 -0.005007
vn 0.999841 -0.017349 0.004137
vn 0.704476 -0.709699 0.006420
vn -0.002784 0.707105 -0.707103
vn -0.004137 0.999979 -0.005024
vn 0.000000 0.999987 -0.005042
vn 0.000000 0.707107 -0.707106
vn -0.003971 0.051592 -0.998660
vn -0.002784 0.707105 -0.707103
vn 0.000000 0.707107 -0.707106
vn 0.000000 0.051756 -0.998660
vn 0.998638 0.051955 -0.004855
vn 0.704483 0.709713 -0.003393
vn 0.704473 0.709702 0.006420
vn 0.998618 0.052369 0.004418
vn 0.704483 0.709713 -0.003393
vn 0.005855 0.999970 -0.005017
vn 0.005905 0.999974 0.004015
vn 0.704473 0.709702 0.006420
vn 0.005619 0.051523 -0.998656
vn 0.704036 0.035969 -0.709252
vn 0.704493 0.000002 -0.709711
vn 0.005879 0.000000 -0.999983
vn 0.704036 0.035969 -0.709252
vn 0.998638 0.051955 -0.004855
vn 0.999987 0.000003 -0.005079
vn 0.704493 0.000002 -0.709711
vn -0.999840 -0.017203 -0.005007
vn -0.704490 -0.709706 -0.003393
vn -0.704479 -0.709696 0.006420
vn -0.999841 -0.017350 0.004137
vn -0.704490 -0.709706 -0.003393
vn -0.145406 -0.989368 -0.002783
vn -0.145794 -0.989302 0.005125
vn -0.704479 -0.709696 0.006420
vn -0.004095 -0.017090 -0.999846
vn -0.704446 -0.011634 -0.709663
vn -0.704493 0.000000 -0.709711
vn -0.004154 0.000000 -0.999991
vn -0.704446 -0.011634 -0.709663
vn -0.999840 -0.017203 -0.005007
vn -0.999987 0.000000 -0.005079
vn -0.704493 0.000000 -0.709711
vn -0.003490 0.705507 0.708695
vn -0.425905 0.429058 0.796564
vn -0.064113 0.064589 0.995850
vn -0.000205 0.094308 0.995543
vn -0.425905 0.429058 0.796564
vn -0.685545 0.041715 0.726834
vn -0.245182 0.008028 0.969444
vn -0.064113 0.064589 0.995850
vn 0.000000 0.000000 -1.000000
vn 0.000000 -0.017148 -0.999853
vn -0.004095 -0.017090 -0.999846
vn -0.004154 0.000000 -0.999991
vn 0.000000 -0.017148 -0.999853
vn 0.000000 0.000000 -1.000000
vn 0.005879 0.000000 -0.999983
vn 0.005795 -0.017065 -0.999838
vn -0.003971 0.051592 -0.998660
vn 0.000000 0.051756 -0.998660
vn 0.000000 0.000000 -1.000000
vn -0.004154 0.000000 -0.999991
vn 0.000000 0.000000 -1.000000
vn 0.000000 0.051756 -0.998660
vn 0.005619 0.051523 -0.998656
vn 0.005879 0.000000 -0.999983
vn 0.000000 0.000000 -1.000000
vn -0.004154 0.000000 -0.999991
vn -0.004154 0.000000 -0.999991
vn 0.000000 0.000000 -1.000000
vn 0.005879 0.000000 -0.999983
vn 0.000000 0.000000 -1.000000
vn 0.000000 0.000000 -1.000000
vn 0.005879 0.000000 -0.999983
vn -0.999841 -0.017350 0.004137
vn -0.698015 -0.014255 0.715941
vn -0.704491 0.000000 0.709713
vn -0.999987 0.000000 0.005087
vn -0.698015 -0.014255 0.715941
vn -0.168197 -0.001592 0.985752
vn -0.152949 0.002439 0.988231
vn -0.704491 0.000000 0.709713
vn -0.245182 0.008028 0.969444
vn -0.685545 0.041715 0.726834
vn -0.704492 0.000000 0.709712
vn -0.114711 -0.003244 0.993394
vn -0.685545 0.041715 0.726834
vn -0.998619 0.052353 0.004418
vn -0.999987 0.000000 0.005080
vn -0.704492 0.000000 0.709712
vn 0.998618 0.052369 0.004418
vn 0.685546 0.041726 0.726832
vn 0.704492 0.000002 0.709712
vn 0.999987 0.000004 0.005080
vn 0.685546 0.041726 0.726832
vn 0.315810 0.010345 0.948766
vn 0.006889 0.000000 0.999976
vn 0.704492 0.000002 0.709712
vn 0.999841 -0.017349 0.004137
vn 0.999840 -0.017203 -0.005007
vn 0.999987 0.000001 -0.005079
vn 0.999987 0.000001 0.005087
vn -0.999840 -0.017203 -0.005007
vn -0.999841 -0.017350 0.004137
vn -0.999987 0.000000 0.005087
vn -0.999987 0.000000 -0.005079
vn -0.999987 0.000000 -0.005079
vn -0.999987 0.000000 0.005080
vn -0.998619 0.052353 0.004418
vn -0.998639 0.051939 -0.004855
vn 0.998618 0.052369 0.004418
vn 0.999987 0.000004 0.005080
vn 0.999987 0.000003 -0.005079
vn 0.998638 0.051955 -0.004855
vn -0.145406 -0.989368 -0.002783
vn 0.000000 -0.977222 -0.212218
vn 0.000000 -0.999987 0.005057
vn -0.145794 -0.989302 0.005125
vn -0.999987 0.000000 -0.005079
vn -0.999987 0.000000 0.005087
vn -0.999987 0.000000 0.005080
vn -0.999987 0.000000 -0.005079
vn 0.999987 0.000001 0.005087
vn 0.999987 0.000001 -0.005079
vn 0.999987 0.000003 -0.005079
vn 0.999987 0.000004 0.005080
vn 0.000000 -0.018867 0.999822
vn 0.000000 -0.707107 0.707107
vn 0.004928 -0.704849 0.709340
vn 0.000077 -0.025181 0.999683
vn 0.000000 -0.707107 0.707107
vn 0.000000 -0.999987 0.005061
vn 0.237900 -0.957723 0.161772
vn 0.004928 -0.704849 0.709340
vn 0.314999 -0.002981 0.949087
vn 0.698014 -0.014255 0.715942
vn 0.704491 0.000001 0.709713
vn 0.006450 0.000000 0.999979
vn 0.698014 -0.014255 0.715942
vn 0.999841 -0.017349 0.004137
vn 0.999987 0.000001 0.005087
vn 0.704491 0.000001 0.709713
vn 0.000000 -0.999987 0.005057
vn 0.000000 -0.707107 0.707107
vn -0.109540 -0.651933 0.750323
vn -0.145794 -0.989302 0.005125
vn 0.000000 -0.707107 0.707107
vn -0.000694 -0.272492 0.962158
vn -0.109540 -0.651933 0.750323
vn 0.000000 0.999987 0.005061
vn 0.000000 0.707105 0.707108
vn 0.004928 0.704849 0.709340
vn 0.005905 0.999974 0.004015
vn 0.000000 0.707105 0.707108
vn 0.000000 0.087969 0.996123
vn 0.000225 0.072953 0.997335
vn 0.004928 0.704849 0.709340
vn 0.000000 0.087969 0.996123
vn -0.000205 0.094308 0.995543
vn 0.000391 -0.035998 0.999352
vn -0.001308 -0.026687 0.999643
vn 0.000225 0.072953 0.997335
vn 0.006889 0.000000 0.999976
vn 0.092046 0.092729 0.991428
vn 0.038993 -0.039283 0.998467
vn 0.006450 0.000000 0.999979
vn 0.000077 -0.025181 0.999683
vn 0.000000 -0.017148 -0.999853
vn 0.000000 -0.707107 -0.707107
vn -0.005835 -0.763332 -0.645981
vn -0.004095 -0.017090 -0.999846
vn 0.000000 -0.707107 -0.707107
vn 0.000000 -0.923880 -0.382683
vn 0.000000 -0.977222 -0.212218
vn -0.005835 -0.763332 -0.645981
vn 0.999840 -0.017203 -0.005007
vn 0.704445 -0.011634 -0.709663
vn 0.704493 0.000000 -0.709711
vn 0.999987 0.000001 -0.005079
vn 0.704445 -0.011634 -0.709663
vn 0.005795 -0.017065 -0.999838
vn 0.005879 0.000000 -0.999983
vn 0.704493 0.000000 -0.709711
vn 0.000000 0.051756 -0.998660
vn 0.000000 0.707107 -0.707106
vn 0.003945 0.707102 -0.707101
vn 0.005619 0.051523 -0.998656
vn 0.000000 0.707107 -0.707106
vn 0.000000 0.999987 -0.005042
vn 0.005855 0.999970 -0.005017
vn 0.003945 0.707102 -0.707101
vn 0.999987 0.000001 -0.005079
vn 0.704493 0.000000 -0.709711
vn 0.704493 0.000002 -0.709711
vn 0.999987 0.000003 -0.005079
vn 0.704493 0.000000 -0.709711
vn 0.005879 0.000000 -0.999983
vn 0.005879 0.000000 -0.999983
vn 0.704493 0.000002 -0.709711
vn -0.004154 0.000000 -0.999991
vn -0.704493 0.000000 -0.709711
vn -0.704493 0.000000 -0.709711
vn -0.004154 0.000000 -0.999991
vn -0.704493 0.000000 -0.709711
vn -0.999987 0.000000 -0.005079
vn -0.999987 0.000000 -0.005079
vn -0.704493 0.000000 -0.709711
vn -0.998639 0.051939 -0.004855
vn -0.704038 0.035958 -0.709251
vn -0.704493 0.000000 -0.709711
vn -0.999987 0.000000 -0.005079
vn -0.704038 0.035958 -0.709251
vn -0.003971 0.051592 -0.998660
vn -0.004154 0.000000 -0.999991
vn -0.704493 0.000000 -0.709711
vn -0.698015 -0.014255 0.715941
vn -0.417747 -0.433557 0.798446
vn -0.017178 -0.019871 0.999655
vn -0.168197 -0.001592 0.985752
vn -0.417747 -0.433557 0.798446
vn -0.109540 -0.651933 0.750323
vn -0.000694 -0.272492 0.962158
vn -0.017178 -0.019871 0.999655
vn -0.109540 -0.651933 0.750323
vn -0.417747 -0.433557 0.798446
vn -0.704479 -0.709696 0.006420
vn -0.145794 -0.989302 0.005125
vn -0.417747 -0.433557 0.798446
vn -0.698015 -0.014255 0.715941
vn -0.999841 -0.017350 0.004137
vn -0.704479 -0.709696 0.006420
vn -0.685545 0.041715 0.726834
vn -0.425905 0.429058 0.796564
vn -0.704480 0.709695 0.006420
vn -0.998619 0.052353 0.004418
vn -0.425905 0.429058 0.796564
vn -0.003490 0.705507 0.708695
vn -0.004173 0.999983 0.004001
vn -0.704480 0.709695 0.006420
vn -0.004137 0.999979 -0.005024
vn -0.704490 0.709706 -0.003393
vn -0.704480 0.709695 0.006420
vn -0.004173 0.999983 0.004001
vn -0.704490 0.709706 -0.003393
vn -0.998639 0.051939 -0.004855
vn -0.998619 0.052353 0.004418
vn -0.704480 0.709695 0.006420
vn 0.685546 0.041726 0.726832
vn 0.425904 0.429064 0.796562
vn 0.092046 0.092729 0.991428
vn 0.315810 0.010345 0.948766
vn 0.425904 0.429064 0.796562
vn 0.004928 0.704849 0.709340
vn 0.000225 0.072953 0.997335
vn 0.092046 0.092729 0.991428
vn 0.004928 0.704849 0.709340
vn 0.425904 0.429064 0.796562
vn 0.704473 0.709702 0.006420
vn 0.005905 0.999974 0.004015
vn 0.425904 0.429064 0.796562
vn 0.685546 0.041726 0.726832
vn 0.998618 0.052369 0.004418
vn 0.704473 0.709702 0.006420
vn 0.237900 -0.957723 0.161772
vn 0.704476 -0.709699 0.006420
vn 0.425904 -0.429061 0.796563
vn 0.004928 -0.704849 0.709340
vn 0.704476 -0.709699 0.006420
vn 0.999841 -0.017349 0.004137
vn 0.698014 -0.014255 0.715942
vn 0.425904 -0.429061 0.796563
vn 0.004928 -0.704849 0.709340
vn 0.425904 -0.429061 0.796563
vn 0.038993 -0.039283 0.998467
vn 0.000077 -0.025181 0.999683
vn 0.425904 -0.429061 0.796563
vn 0.698014 -0.014255 0.715942
vn 0.314999 -0.002981 0.949087
vn 0.038993 -0.039283 0.998467
vn 0.704445 -0.011634 -0.709663
vn 0.999840 -0.017203 -0.005007
vn 0.704487 -0.709709 -0.003393
vn 0.574507 -0.578766 -0.578767
vn 0.704487 -0.709709 -0.003393
vn 0.213971 -0.959475 -0.183369
vn 0.003945 -0.707101 -0.707101
vn 0.574507 -0.578766 -0.578767
vn 0.003945 -0.707101 -0.707101
vn 0.005795 -0.017065 -0.999838
vn 0.704445 -0.011634 -0.709663
vn 0.574507 -0.578766 -0.578767
vn 0.003945 0.707102 -0.707101
vn 0.005855 0.999970 -0.005017
vn 0.704483 0.709713 -0.003393
vn 0.574506 0.578769 -0.578765
vn 0.704483 0.709713 -0.003393
vn 0.998638 0.051955 -0.004855
vn 0.704036 0.035969 -0.709252
vn 0.574506 0.578769 -0.578765
vn 0.704036 0.035969 -0.709252
vn 0.005619 0.051523 -0.998656
vn 0.003945 0.707102 -0.707101
vn 0.574506 0.578769 -0.578765
vn -0.005835 -0.763332 -0.645981
vn -0.145406 -0.989368 -0.002783
vn -0.704490 -0.709706 -0.003393
vn -0.574510 -0.578765 -0.578765
vn -0.704490 -0.709706 -0.003393
vn -0.999840 -0.017203 -0.005007
vn -0.704446 -0.011634 -0.709663
vn -0.574510 -0.578765 -0.578765
vn -0.704446 -0.011634 -0.709663
vn -0.004095 -0.017090 -0.999846
vn -0.005835 -0.763332 -0.645981
vn -0.574510 -0.578765 -0.578765
vn -0.704038 0.035958 -0.709251
vn -0.998639 0.051939 -0.004855
vn -0.704490 0.709706 -0.003393
vn -0.574510 0.578766 -0.578764
vn -0.704490 0.709706 -0.003393
vn -0.004137 0.999979 -0.005024
vn -0.002784 0.707105 -0.707103
vn -0.574510 0.578766 -0.578764
vn -0.002784 0.707105 -0.707103
vn -0.003971 0.051592 -0.998660
vn -0.704038 0.035958 -0.709251
vn -0.574510 0.578766 -0.578764
vn 0.000391 -0.035998 0.999352
vn -0.000205 0.094308 0.995543
vn -0.064113 0.064589 0.995850
vn 0.029054 -0.030553 0.999111
vn 0.029054 -0.030553 0.999111
vn -0.064113 0.064589 0.995850
vn -0.245182 0.008028 0.969444
vn -0.114711 -0.003244 0.993394
vn 0.000225 0.072953 0.997335
vn 0.000000 0.087969 0.996123
vn 0.000000 0.000000 1.000000
vn 0.006889 0.000000 0.999976
vn 0.092046 0.092729 0.991428
vn 0.006889 0.000000 0.999976
vn 0.315810 0.010345 0.948766
vn 0.000077 -0.025181 0.999683
vn 0.006450 0.000000 0.999979
vn 0.000000 0.000000 1.000000
vn 0.000000 -0.018867 0.999822
vn 0.038993 -0.039283 0.998467
vn 0.314999 -0.002981 0.949087
vn 0.006450 0.000000 0.999979
vn -0.005835 -0.763332 -0.645981
vn 0.000000 -0.977222 -0.212218
vn -0.145406 -0.989368 -0.002783
vn 0.000000 0.000000 1.000000
vn 0.000000 0.000000 1.000000
vn 0.000000 0.000000 1.000000
vn 0.000000 0.000000 1.000000
vn 0.000001 0.000000 1.000000
vn 0.000001 0.000000 1.000000
vn 0.000000 0.000000 1.000000
vn 0.000000 0.000000 1.000000
s off
g S_U_05 Unit_Base_01:Unit_Base_01
usemtl Unit_Base_01:aiStandardSurface2SG
f 153/149/617 152/150/618 155/151/619 154/152/620
f 152/153/621 151/154/622 156/155/623 155/156/624
usemtl Unit_Base_01:aiStandardSurface1SG
f 159/157/625 158/158/626 261/159/627 262/160/628
f 158/158/629 157/161/630 267/162/631 261/159/632
usemtl Unit_Base_01:aiStandardSurface2SG
f 188/163/633 151/154/634 185/164/635
usemtl Unit_Base_01:aiStandardSurface1SG
f 163/165/636 164/166/637 167/167/638 168/168/639
f 164/166/640 165/169/641 166/170/642 167/167/643
f 162/171/644 161/172/645 170/173/646 171/174/647
f 161/172/648 160/175/649 169/176/650 170/173/651
f 178/177/652 181/178/653 171/174/654
f 177/179/655 176/180/656 180/181/657 179/182/658
f 176/180/659 175/183/660 181/178/661 180/181/662
f 174/184/663 173/185/664 176/180/665 177/179/666
f 173/185/667 172/186/668 175/183/669 176/180/670
f 179/182/671 180/181/672 178/177/673
f 178/177/674 180/181/675 181/178/676
usemtl Unit_Base_01:aiStandardSurface2SG
f 184/187/677 183/188/678 187/189/679 186/190/680
f 183/188/681 182/191/682 188/163/683 187/189/684
f 193/192/685 192/193/686 198/194/687 197/195/688
f 192/193/689 191/196/690 199/197/691 198/194/692
f 188/163/693 182/191/694 191/196/695 190/198/696
f 182/191/697 194/199/698 199/197/699 191/196/700
usemtl Unit_Base_01:aiStandardSurface1SG
f 165/169/701 193/192/702 202/200/703 166/170/704
f 193/192/705 197/195/706 205/201/707 202/200/708
f 196/202/709 184/187/710 175/183/711 172/186/712
f 184/187/713 186/190/714 181/178/715 175/183/716
f 174/184/717 177/179/718 204/203/719 207/204/720
f 177/179/721 179/182/722 200/205/723 204/203/724
usemtl Unit_Base_01:aiStandardSurface2SG
f 182/191/725 183/188/726 195/206/727 194/199/728
f 183/188/729 184/187/730 196/202/731 195/206/732
f 165/169/733 189/207/734 192/193/735 193/192/736
f 189/207/737 190/198/738 191/196/739 192/193/740
usemtl Unit_Base_01:aiStandardSurface1SG
f 200/205/741 201/208/742 203/209/743 204/203/744
f 201/208/745 166/170/746 202/200/747 203/209/748
f 204/203/749 203/209/750 206/210/751 207/204/752
f 203/209/753 202/200/754 205/201/755 206/210/756
usemtl Unit_Base_01:aiStandardSurface2SG
f 186/190/757 187/189/758 185/164/759
f 185/164/760 187/189/761 188/163/762
usemtl Unit_Base_01:aiStandardSurface1SG
f 159/157/763 179/182/764 178/177/765
f 171/174/766 181/178/767 186/190/768 162/171/769
usemtl Unit_Base_01:aiStandardSurface2SG
f 162/171/770 186/190/771 185/164/772
f 156/155/773 151/154/774 188/163/775 190/198/776
f 210/211/777 209/212/778 214/213/779 213/214/780
f 209/212/781 208/215/782 215/216/783 214/213/784
f 213/214/785 212/217/786 278/218/787 277/219/788
f 212/220/789 217/221/790 279/222/791 278/223/792
usemtl Unit_Base_01:aiStandardSurface1SG
f 244/224/793 243/225/794 223/226/795 222/227/796
f 245/228/797 244/224/798 222/227/799 221/229/800
f 225/230/801 224/231/802 272/232/803 271/233/804
f 224/234/805 229/235/806 273/236/807 272/237/808
f 227/238/809 226/239/810 231/240/811 230/241/812
f 226/242/813 225/230/814 232/243/815 231/244/816
usemtl Unit_Base_01:aiStandardSurface2SG
f 234/245/817 233/246/818 255/247/819 254/248/820
f 233/249/821 238/250/822 256/251/823 255/252/824
f 236/253/825 235/254/826 240/255/827 239/256/828
f 235/257/829 234/245/830 241/258/831 240/259/832
usemtl Unit_Base_01:aiStandardSurface1SG
f 261/159/833 260/260/834 263/261/835 262/160/836
f 260/260/837 259/262/838 264/263/839 263/261/840
usemtl Unit_Base_01:aiStandardSurface2SG
f 150/264/841 208/215/842 236/253/843 239/256/844
f 208/215/845 150/264/846 218/265/847 215/216/848
usemtl Unit_Base_01:aiStandardSurface1SG
f 245/228/849 221/229/850 149/266/851 248/267/852
f 149/266/853 221/229/854 227/238/855 230/241/856
f 150/264/857 239/256/858 248/267/859 149/266/860
f 218/265/861 150/264/862 149/266/863 230/241/864
usemtl Unit_Base_01:aiStandardSurface2SG
f 254/248/865 251/268/866 164/166/867 163/165/868
f 251/268/869 257/269/870 165/169/871 164/166/872
usemtl Unit_Base_01:aiStandardSurface1SG
f 264/263/873 259/262/874 167/167/875 166/170/876
f 259/262/877 265/270/878 168/168/879 167/167/880
f 271/233/881 268/271/882 170/173/883 169/176/884
f 268/271/885 275/272/886 171/174/887 170/173/888
usemtl Unit_Base_01:aiStandardSurface2SG
f 279/222/889 217/221/890 220/273/891 160/175/892
f 234/245/893 254/248/894 163/165/895 241/258/896
usemtl Unit_Base_01:aiStandardSurface1SG
f 250/274/897 168/168/898 265/270/899 247/275/900
f 271/233/901 169/176/902 232/243/903 225/230/904
usemtl Unit_Base_01:aiStandardSurface2SG
f 238/250/905 211/276/906 154/152/907 256/251/908
usemtl Unit_Base_01:aiStandardSurface1SG
f 241/258/909 163/165/910 168/168/911 250/274/912
f 160/175/913 220/273/914 232/243/915 169/176/916
usemtl Unit_Base_01:aiStandardSurface2SG
f 151/154/917 152/153/918 280/277/919 285/278/920
f 152/150/921 153/149/922 277/219/923 280/279/924
f 284/280/925 282/281/926 161/172/927 162/171/928
f 282/281/929 279/222/930 160/175/931 161/172/932
f 154/152/933 155/151/934 253/282/935 256/251/936
f 155/156/937 156/155/938 253/283/939
usemtl Unit_Base_01:aiStandardSurface1SG
f 157/161/940 158/158/941 270/284/942 273/236/943
f 158/158/944 159/157/945 274/285/946 270/284/947
f 159/157/948 262/160/949 200/205/950 179/182/951
f 274/285/952 171/174/953 276/286/954
usemtl Unit_Base_01:aiStandardSurface2SG
f 283/287/955 162/171/956 285/278/957
f 208/215/958 209/212/959 237/288/960 236/253/961
f 209/212/962 210/211/963 211/276/964 237/288/965
f 217/221/966 216/289/967 219/290/968 220/273/969
f 216/291/970 215/216/971 218/265/972 219/292/973
usemtl Unit_Base_01:aiStandardSurface1SG
f 221/229/974 222/227/975 228/293/976 227/238/977
f 222/227/978 223/226/979 229/235/980 228/293/981
f 220/273/982 219/290/983 231/244/984 232/243/985
f 219/292/986 218/265/987 230/241/988 231/240/989
f 239/256/990 240/255/991 249/294/992 248/267/993
f 240/259/994 241/258/995 250/274/996 249/295/997
f 247/275/998 246/296/999 249/295/1000 250/274/1001
f 246/297/1002 245/228/1003 248/267/1004 249/294/1005
usemtl Unit_Base_01:aiStandardSurface2SG
f 251/268/1006 252/298/1007 258/299/1008 257/269/1009
f 252/298/1010 253/283/1011 156/155/1012 258/299/1013
f 253/282/1014 252/300/1015 255/252/1016 256/251/1017
f 252/298/1018 251/268/1019 254/248/1020 255/247/1021
usemtl Unit_Base_01:aiStandardSurface1SG
f 259/262/1022 260/260/1023 266/301/1024 265/270/1025
f 260/260/1026 261/159/1027 267/162/1028 266/302/1029
f 243/225/1030 242/303/1031 266/302/1032 267/162/1033
f 242/304/1034 247/275/1035 265/270/1036 266/301/1037
f 268/271/1038 269/305/1039 276/286/1040 275/272/1041
f 269/305/1042 270/284/1043 274/285/1044 276/286/1045
f 270/284/1046 269/305/1047 272/237/1048 273/236/1049
f 269/305/1050 268/271/1051 271/233/1052 272/232/1053
usemtl Unit_Base_01:aiStandardSurface2SG
f 277/219/1054 278/218/1055 281/306/1056 280/279/1057
f 278/223/1058 279/222/1059 282/281/1060 281/307/1061
f 280/277/1062 281/307/1063 283/287/1064 285/278/1065
f 281/307/1066 282/281/1067 284/280/1068 283/287/1069
f 216/289/1070 217/221/1071 212/220/1072 286/308/1073
f 212/217/1074 213/214/1075 214/213/1076 286/309/1077
f 214/213/1078 215/216/1079 216/291/1080 286/309/1081
usemtl Unit_Base_01:aiStandardSurface1SG
f 228/293/1082 229/235/1083 224/234/1084 287/310/1085
f 224/231/1086 225/230/1087 226/242/1088 287/311/1089
f 226/239/1090 227/238/1091 228/293/1092 287/310/1093
usemtl Unit_Base_01:aiStandardSurface2SG
f 237/288/1094 238/250/1095 233/249/1096 288/312/1097
f 233/246/1098 234/245/1099 235/257/1100 288/313/1101
f 235/254/1102 236/253/1103 237/288/1104 288/312/1105
usemtl Unit_Base_01:aiStandardSurface1SG
f 246/296/1106 247/275/1107 242/304/1108 289/314/1109
f 242/303/1110 243/225/1111 244/224/1112 289/315/1113
f 244/224/1114 245/228/1115 246/297/1116 289/315/1117
f 200/205/1118 262/160/1119 263/261/1120 201/208/1121
f 201/208/1122 263/261/1123 264/263/1124 166/170/1125
f 274/285/1126 159/157/1127 178/177/1128 171/174/1129
f 276/286/1130 171/174/1131 275/272/1132
usemtl Unit_Base_01:aiStandardSurface2SG
f 285/278/1133 162/171/1134 185/164/1135 151/154/1136
f 283/287/1137 284/280/1138 162/171/1139
f 237/288/1140 211/276/1141 238/250/1142
f 189/207/1143 258/299/1144 156/155/1145 190/198/1146
f 165/169/1147 257/269/1148 258/299/1149 189/207/1150
g default
v -384.436005 423.188171 -333.039612
v -412.657990 423.188171 -320.852966
v -424.347870 423.188171 -291.431763
v -424.991699 419.219238 -292.963074
v -413.184387 419.219238 -322.319946
v -384.679138 419.219238 -334.479980
v 384.678955 419.220764 -334.479980
v 413.184387 419.220764 -322.319824
v 424.991699 419.220764 -292.962708
v 384.436493 423.189636 -333.039490
v 412.658325 423.189636 -320.852722
v 424.348206 423.189636 -291.431274
v -379.058655 425.733459 -328.195496
v -407.681030 425.733459 -316.241821
v -419.536743 425.733459 -287.383057
v 419.118164 425.734985 -288.402649
v 407.681183 425.734985 -316.241760
v 381.450256 425.734985 -327.196594
v -373.183899 400.686768 -328.642578
v -403.247284 400.686768 -317.177490
v -415.699951 400.686768 -289.498169
v -369.172272 399.186035 -323.971558
v -410.784210 399.186035 -284.197632
v -398.596405 399.186035 -312.322021
v 410.733459 399.187561 -284.153687
v 369.167542 399.187561 -323.971741
v 398.576172 399.187561 -312.306274
v 371.202148 400.688171 -328.642639
v 402.661102 400.688110 -317.724731
v 415.686096 400.687988 -291.369263
v -377.118439 404.735962 -331.227905
v -406.786621 404.735962 -319.515747
v -419.075592 404.735962 -291.240051
v 419.074066 404.737244 -291.569763
v 406.681488 404.737244 -319.612244
v 376.763153 404.737244 -331.227844
v 368.708618 399.187622 323.410950
v 410.252350 399.187622 283.582520
v 398.068909 399.187622 311.739288
v 415.555054 400.686157 291.429596
v 402.463806 400.686096 317.635773
v 370.871094 400.686096 328.493408
v 376.788391 404.737305 331.227814
v 406.688904 404.737305 319.608093
v 419.074066 404.737305 291.555603
v -369.146423 399.186096 323.945679
v -398.587250 399.186096 312.312592
v -410.784210 399.186096 284.196411
v -373.178833 400.686707 328.635620
v -403.245392 400.686768 317.174377
v -415.699951 400.686829 289.495941
v -419.075592 404.736023 291.240082
v -406.786621 404.736023 319.515717
v -377.118439 404.736023 331.227875
v -384.436005 423.188232 333.039642
v -412.657990 423.188232 320.852966
v -424.347870 423.188232 291.431763
v -379.058655 425.733521 328.195496
v -419.536743 425.733521 287.383026
v -407.681030 425.733521 316.241791
v 379.058655 425.735046 328.195374
v 407.681183 425.735046 316.241760
v 419.536987 425.735046 287.383179
v 384.436493 423.189697 333.039520
v 412.658325 423.189697 320.852722
v 424.348206 423.189697 291.431274
v -384.679138 419.219299 334.479980
v -413.184387 419.219299 322.319946
v -424.991699 419.219299 292.963074
v 424.991699 419.220825 292.962677
v 413.184387 419.220825 322.319824
v 384.678955 419.220825 334.479950
v -379.058624 425.733459 -287.425964
v -379.058655 425.733521 287.383026
v 379.262054 425.735046 287.383179
v 381.256775 425.734985 -288.362488
v -369.148651 399.186096 284.169342
v 368.747192 399.187622 283.609558
v -369.170105 399.186035 -284.195496
v 369.128784 399.187561 -284.155762
vt 0.354045 0.000053
vt 0.375000 0.000000
vt 0.375000 0.072493
vt 0.353937 0.072493
vt 0.385276 0.000000
vt 0.385218 0.072295
vt 0.625000 0.978538
vt 0.625000 1.000000
vt 0.622733 0.995888
vt 0.622931 0.976547
vt 0.375000 0.270312
vt 0.375000 0.250000
vt 0.376523 0.253050
vt 0.376523 0.273614
vt 0.385601 0.250000
vt 0.387069 0.253050
vt 0.644358 0.249961
vt 0.625000 0.250000
vt 0.625000 0.197738
vt 0.645389 0.197738
vt 0.613350 0.250000
vt 0.613988 0.197738
vt 0.613908 0.500000
vt 0.625000 0.500000
vt 0.625000 0.552262
vt 0.613994 0.552262
vt 0.875000 0.250000
vt 0.855746 0.250000
vt 0.854603 0.197738
vt 0.875000 0.197738
vt 0.145343 0.250000
vt 0.125000 0.250000
vt 0.125000 0.197736
vt 0.145559 0.197736
vt 0.375000 0.500000
vt 0.386146 0.500011
vt 0.385920 0.552264
vt 0.375000 0.552264
vt 0.375000 0.771234
vt 0.375000 0.750000
vt 0.377267 0.754112
vt 0.377267 0.774654
vt 0.385899 0.750000
vt 0.388027 0.754112
vt 0.853766 0.000000
vt 0.875000 0.000000
vt 0.875000 0.072493
vt 0.853936 0.072493
vt 0.625000 0.750000
vt 0.614739 0.749994
vt 0.614635 0.677507
vt 0.625000 0.677507
vt 0.614725 0.000000
vt 0.614654 0.072493
vt 0.385695 1.000000
vt 0.387604 0.995888
vt 0.613433 0.996120
vt 0.614716 0.999999
vt 0.612537 0.253050
vt 0.385920 0.197736
vt 0.612415 0.754112
vt 0.385365 0.677507
vt 0.646064 0.072493
vt 0.146063 0.072493
vt 0.354441 0.197736
vt 0.623465 0.273529
vt 0.625000 0.269376
vt 0.625000 0.480737
vt 0.623338 0.476078
vt 0.612855 0.496660
vt 0.387461 0.496937
vt 0.354658 0.250000
vt 0.376523 0.476386
vt 0.375000 0.479663
vt 0.377267 0.975304
vt 0.375000 0.978765
vt 0.146240 0.000000
vt 0.646234 0.000000
vt 0.622733 0.774661
vt 0.625000 0.771231
vt 0.623325 0.496647
vt 0.612480 0.476091
vt 0.387606 0.975336
vt 0.613062 0.976035
vt 0.375000 1.000000
vt 0.377267 0.995888
vt 0.625000 0.072493
vt 0.625000 0.000000
vt 0.375000 0.197736
vt 0.623477 0.253050
vt 0.376523 0.496950
vt 0.375000 0.677507
vt 0.125000 0.000000
vt 0.125000 0.072493
vt 0.622733 0.754112
vt 0.612467 0.774661
vt 0.387988 0.774659
vt 0.387428 0.476372
vt 0.387102 0.273615
vt 0.612532 0.273636
vn -0.991435 0.129083 -0.019842
vn -0.908099 0.208739 -0.363021
vn -0.908099 0.208739 -0.363021
vn -0.990444 0.133170 -0.035881
vn -0.908099 0.208739 -0.363021
vn -0.012870 0.270166 -0.962728
vn -0.019577 -0.066879 -0.997569
vn -0.908099 0.208739 -0.363021
vn 0.440855 0.897401 -0.017831
vn 0.255775 0.936104 -0.241432
vn 0.061535 0.996271 -0.060474
vn 0.072872 0.997340 -0.001453
vn -0.275675 -0.961078 -0.018241
vn -0.149976 -0.976007 -0.157851
vn -0.032816 -0.998846 -0.035063
vn -0.045794 -0.998951 -0.000683
vn -0.149976 -0.976007 -0.157851
vn -0.008096 -0.954318 -0.298682
vn -0.000333 -0.998932 -0.046211
vn -0.032816 -0.998846 -0.035063
vn 0.755874 -0.654247 -0.024805
vn 0.660807 -0.684105 -0.308763
vn 0.789972 -0.509471 -0.341150
vn 0.879689 -0.474952 -0.023818
vn 0.660807 -0.684105 -0.308763
vn 0.004080 -0.540876 -0.841092
vn 0.009812 -0.279096 -0.960213
vn 0.789972 -0.509471 -0.341150
vn 0.003991 -0.552285 0.833646
vn 0.245767 -0.698225 0.672370
vn 0.333914 -0.442038 0.832528
vn 0.009873 -0.280241 0.959879
vn 0.245767 -0.698225 0.672370
vn 0.754642 -0.655639 0.025562
vn 0.879342 -0.475599 0.023741
vn 0.333914 -0.442038 0.832528
vn -0.763065 -0.646069 0.018055
vn -0.651515 -0.701800 0.288106
vn -0.789862 -0.514137 0.334337
vn -0.884875 -0.465150 0.025138
vn -0.651515 -0.701800 0.288106
vn -0.005278 -0.552407 0.833558
vn -0.009626 -0.287165 0.957833
vn -0.789862 -0.514137 0.334337
vn -0.450621 0.892424 0.022814
vn -0.254320 0.936181 0.242664
vn -0.057176 0.996747 0.056800
vn -0.075147 0.997172 0.001238
vn -0.254320 0.936181 0.242664
vn -0.014374 0.891060 0.453658
vn -0.000515 0.996892 0.078783
vn -0.057176 0.996747 0.056800
vn 0.991442 0.129030 0.019842
vn 0.908109 0.208690 0.363024
vn 0.908109 0.208690 0.363024
vn 0.990451 0.133116 0.035883
vn 0.908109 0.208690 0.363024
vn 0.012872 0.270166 0.962728
vn 0.019845 -0.065242 0.997672
vn 0.908109 0.208690 0.363024
vn -0.019577 -0.066879 -0.997569
vn -0.012870 0.270166 -0.962728
vn 0.012872 0.270166 -0.962728
vn 0.019869 -0.065121 -0.997680
vn -0.013147 0.906301 -0.422428
vn -0.000472 0.996859 -0.079198
vn 0.000701 0.997539 -0.070107
vn 0.007954 0.904831 -0.425696
vn -0.000333 -0.998932 -0.046211
vn -0.008096 -0.954318 -0.298682
vn 0.005291 -0.953390 -0.301693
vn 0.000409 -0.999147 -0.041299
vn -0.005392 -0.541356 -0.840776
vn -0.009640 -0.285296 -0.958391
vn 0.009812 -0.279096 -0.960213
vn 0.004080 -0.540876 -0.841092
vn -0.000515 0.996892 0.078783
vn -0.014374 0.891060 0.453658
vn 0.014375 0.891060 0.453658
vn 0.000513 0.996907 0.078588
vn -0.012870 0.270166 0.962728
vn -0.019577 -0.066880 0.997569
vn 0.019845 -0.065242 0.997672
vn 0.012872 0.270166 0.962728
vn -0.019577 -0.066879 -0.997569
vn 0.019869 -0.065121 -0.997680
vn 0.009812 -0.279096 -0.960213
vn -0.009640 -0.285296 -0.958391
vn -0.009626 -0.287165 0.957833
vn 0.009873 -0.280241 0.959879
vn 0.019845 -0.065242 0.997672
vn -0.019577 -0.066880 0.997569
vn 0.911361 -0.410805 -0.025684
vn 0.911359 -0.410809 0.025705
vn 0.879342 -0.475599 0.023741
vn 0.879689 -0.474952 -0.023818
vn -0.911268 -0.410974 0.026275
vn -0.911268 -0.410974 -0.026275
vn -0.884873 -0.465154 -0.025135
vn -0.884875 -0.465150 0.025138
vn 0.047901 -0.998852 -0.000567
vn 0.260767 -0.965153 -0.021904
vn 0.255667 -0.966511 0.022162
vn 0.047916 -0.998851 0.000633
vn 0.755874 -0.654247 -0.024805
vn 0.879689 -0.474952 -0.023818
vn 0.879342 -0.475599 0.023741
vn 0.754642 -0.655639 0.025562
vn 0.000422 -0.999164 0.040869
vn 0.005120 -0.957379 0.288788
vn -0.007700 -0.957753 0.287488
vn -0.000312 -0.998945 0.045921
vn 0.003991 -0.552285 0.833646
vn 0.009873 -0.280241 0.959879
vn -0.009626 -0.287165 0.957833
vn -0.005278 -0.552407 0.833558
vn -0.884873 -0.465154 -0.025135
vn -0.763074 -0.646059 -0.018061
vn -0.763065 -0.646069 0.018055
vn -0.884875 -0.465150 0.025138
vn -0.275675 -0.961078 -0.018241
vn -0.045794 -0.998951 -0.000683
vn -0.045804 -0.998950 0.000684
vn -0.275634 -0.961090 0.018244
vn -0.075112 0.997174 -0.001238
vn -0.450621 0.892424 -0.022814
vn -0.450621 0.892424 0.022814
vn -0.075147 0.997172 0.001238
vn -0.991435 0.129083 -0.019842
vn -0.990444 0.133170 -0.035881
vn -0.990444 0.133170 0.035881
vn -0.991435 0.129083 0.019842
vn 0.990451 0.133116 -0.035883
vn 0.991442 0.129030 -0.019842
vn 0.991442 0.129030 0.019842
vn 0.990451 0.133116 0.035883
vn 0.440855 0.897401 -0.017831
vn 0.072872 0.997340 -0.001453
vn 0.076860 0.997041 0.001227
vn 0.437943 0.898735 0.021946
vn 0.032160 -0.998893 0.034332
vn 0.000000 -1.000000 0.000000
vn 0.047916 -0.998851 0.000633
vn -0.000472 0.996859 -0.079198
vn 0.000000 1.000000 0.000000
vn 0.000000 1.000000 0.000000
vn 0.000701 0.997539 -0.070107
vn -0.013147 0.906301 -0.422428
vn -0.254319 0.936182 -0.242664
vn -0.057209 0.996743 -0.056832
vn -0.000472 0.996859 -0.079198
vn -0.254319 0.936182 -0.242664
vn -0.450621 0.892424 -0.022814
vn -0.075112 0.997174 -0.001238
vn -0.057209 0.996743 -0.056832
vn 0.990451 0.133116 -0.035883
vn 0.908109 0.208690 -0.363024
vn 0.908109 0.208690 -0.363024
vn 0.991442 0.129030 -0.019842
vn 0.908109 0.208690 -0.363024
vn 0.019869 -0.065121 -0.997680
vn 0.012872 0.270166 -0.962728
vn 0.908109 0.208690 -0.363024
vn -0.005392 -0.541356 -0.840776
vn -0.268797 -0.669225 -0.692738
vn -0.338857 -0.437577 -0.832888
vn -0.009640 -0.285296 -0.958391
vn -0.268797 -0.669225 -0.692738
vn -0.763074 -0.646059 -0.018061
vn -0.884873 -0.465154 -0.025135
vn -0.338857 -0.437577 -0.832888
vn 0.047901 -0.998852 -0.000567
vn 0.032761 -0.998854 -0.034895
vn 0.141532 -0.976054 -0.165189
vn 0.260767 -0.965153 -0.021904
vn 0.032761 -0.998854 -0.034895
vn 0.000409 -0.999147 -0.041299
vn 0.005291 -0.953390 -0.301693
vn 0.141532 -0.976054 -0.165189
vn -0.911268 -0.410974 -0.026275
vn -0.827583 -0.442019 -0.346013
vn -0.789894 -0.514083 -0.334345
vn -0.884873 -0.465154 -0.025135
vn -0.827583 -0.442019 -0.346013
vn -0.019577 -0.066879 -0.997569
vn -0.009640 -0.285296 -0.958391
vn -0.789894 -0.514083 -0.334345
vn 0.019869 -0.065121 -0.997680
vn 0.348534 -0.380821 -0.856446
vn 0.334734 -0.437594 -0.834545
vn 0.009812 -0.279096 -0.960213
vn 0.348534 -0.380821 -0.856446
vn 0.911361 -0.410805 -0.025684
vn 0.879689 -0.474952 -0.023818
vn 0.334734 -0.437594 -0.834545
vn 0.000422 -0.999164 0.040869
vn 0.032160 -0.998893 0.034332
vn 0.130624 -0.979497 0.153373
vn 0.005120 -0.957379 0.288788
vn 0.032160 -0.998893 0.034332
vn 0.047916 -0.998851 0.000633
vn 0.255667 -0.966511 0.022162
vn 0.130624 -0.979497 0.153373
vn -0.045804 -0.998950 0.000684
vn -0.032778 -0.998848 0.035058
vn -0.149683 -0.976088 0.157629
vn -0.275634 -0.961090 0.018244
vn -0.032778 -0.998848 0.035058
vn -0.000312 -0.998945 0.045921
vn -0.007700 -0.957753 0.287488
vn -0.149683 -0.976088 0.157629
vn -0.012870 0.270166 0.962728
vn -0.378923 0.277374 0.882882
vn -0.378923 0.277374 0.882882
vn -0.019577 -0.066880 0.997569
vn -0.378923 0.277374 0.882882
vn -0.991435 0.129083 0.019842
vn -0.990444 0.133170 0.035881
vn -0.378923 0.277374 0.882882
vn 0.076860 0.997041 0.001227
vn 0.057336 0.996729 0.056958
vn 0.254328 0.936179 0.242666
vn 0.437943 0.898735 0.021946
vn 0.057336 0.996729 0.056958
vn 0.000513 0.996907 0.078588
vn 0.014375 0.891060 0.453658
vn 0.254328 0.936179 0.242666
vn -0.884875 -0.465150 0.025138
vn -0.789862 -0.514137 0.334337
vn -0.827583 -0.442019 0.346013
vn -0.911268 -0.410974 0.026275
vn -0.789862 -0.514137 0.334337
vn -0.009626 -0.287165 0.957833
vn -0.019577 -0.066880 0.997569
vn -0.827583 -0.442019 0.346013
vn 0.009873 -0.280241 0.959879
vn 0.333914 -0.442038 0.832528
vn 0.348708 -0.380623 0.856463
vn 0.019845 -0.065242 0.997672
vn 0.333914 -0.442038 0.832528
vn 0.879342 -0.475599 0.023741
vn 0.911359 -0.410809 0.025705
vn 0.348708 -0.380623 0.856463
vn 0.000000 1.000000 0.000000
vn 0.000000 1.000000 0.000000
vn 0.000000 1.000000 0.000000
vn 0.000000 1.000000 0.000000
vn -0.057209 0.996743 -0.056832
vn 0.000000 1.000000 0.000000
vn -0.000472 0.996859 -0.079198
vn -0.075147 0.997172 0.001238
vn 0.000000 1.000000 0.000000
vn 0.000000 1.000000 0.000000
vn -0.075112 0.997174 -0.001238
vn -0.057176 0.996747 0.056800
vn 0.000000 1.000000 0.000000
vn -0.075147 0.997172 0.001238
vn 0.000513 0.996907 0.078588
vn 0.000000 1.000000 0.000000
vn 0.000000 1.000000 0.000000
vn -0.000515 0.996892 0.078783
vn 0.057336 0.996729 0.056958
vn 0.000000 1.000000 0.000000
vn 0.000513 0.996907 0.078588
vn 0.072872 0.997340 -0.001453
vn 0.000000 1.000000 0.000000
vn 0.000000 1.000000 0.000000
vn 0.076860 0.997041 0.001227
vn 0.061535 0.996271 -0.060474
vn 0.000000 1.000000 0.000000
vn 0.072872 0.997340 -0.001453
vn 0.255775 0.936104 -0.241432
vn 0.007954 0.904831 -0.425696
vn 0.000701 0.997539 -0.070107
vn 0.061535 0.996271 -0.060474
vn -0.032778 -0.998848 0.035058
vn 0.000000 -1.000000 0.000000
vn -0.000312 -0.998945 0.045921
vn -0.045794 -0.998951 -0.000683
vn 0.000000 -1.000000 0.000000
vn 0.000000 -1.000000 0.000000
vn -0.045804 -0.998950 0.000684
vn 0.047916 -0.998851 0.000633
vn 0.000000 -1.000000 0.000000
vn 0.000000 -1.000000 0.000000
vn 0.047901 -0.998852 -0.000567
vn -0.000312 -0.998945 0.045921
vn 0.000000 -1.000000 0.000000
vn 0.000000 -1.000000 0.000000
vn 0.000422 -0.999164 0.040869
vn 0.000000 -1.000000 0.000000
vn 0.000000 -1.000000 0.000000
vn 0.000000 -1.000000 0.000000
vn 0.000000 -1.000000 0.000000
vn -0.045794 -0.998951 -0.000683
vn -0.032816 -0.998846 -0.035063
vn 0.000000 -1.000000 0.000000
vn 0.000409 -0.999147 -0.041299
vn 0.000000 -1.000000 0.000000
vn 0.000000 -1.000000 0.000000
vn -0.000333 -0.998932 -0.046211
vn 0.032761 -0.998854 -0.034895
vn 0.000000 -1.000000 0.000000
vn 0.000409 -0.999147 -0.041299
vn 0.000701 0.997539 -0.070107
vn 0.000000 1.000000 0.000000
vn 0.061535 0.996271 -0.060474
vn -0.075112 0.997174 -0.001238
vn 0.000000 1.000000 0.000000
vn -0.057209 0.996743 -0.056832
vn -0.000515 0.996892 0.078783
vn 0.000000 1.000000 0.000000
vn -0.057176 0.996747 0.056800
vn 0.076860 0.997041 0.001227
vn 0.000000 1.000000 0.000000
vn 0.057336 0.996729 0.056958
vn 0.000422 -0.999164 0.040869
vn 0.000000 -1.000000 0.000000
vn 0.032160 -0.998893 0.034332
vn 0.047901 -0.998852 -0.000567
vn 0.000000 -1.000000 0.000000
vn 0.032761 -0.998854 -0.034895
vn -0.045804 -0.998950 0.000684
vn 0.000000 -1.000000 0.000000
vn -0.032778 -0.998848 0.035058
vn 0.000000 -1.000000 0.000000
vn -0.032816 -0.998846 -0.035063
vn -0.000333 -0.998932 -0.046211
s off
g S_U_05 Roof_01:Roof_01
usemtl Roof_01:aiStandardSurface1SG
f 292/316/1151 291/317/1152 294/318/1153 293/319/1154
f 291/317/1155 290/320/1156 295/321/1157 294/318/1158
f 301/322/1159 300/323/1160 306/324/1161 305/325/1162
f 310/326/1163 309/327/1164 313/328/1165 312/329/1166
f 309/327/1167 308/330/1168 311/331/1169 313/328/1170
f 319/332/1171 318/333/1172 324/334/1173 323/335/1174
f 318/333/1175 317/336/1176 325/337/1177 324/334/1178
f 331/338/1179 330/339/1180 333/340/1181 332/341/1182
f 330/342/1183 329/343/1184 334/344/1185 333/345/1186
f 340/346/1187 339/347/1188 342/348/1189 341/349/1190
f 339/350/1191 338/351/1192 343/352/1193 342/353/1194
f 346/354/1195 345/355/1196 349/356/1197 348/357/1198
f 345/355/1199 344/358/1200 347/359/1201 349/356/1202
f 355/360/1203 354/361/1204 360/362/1205 359/363/1206
f 354/364/1207 353/365/1208 361/366/1209 360/367/1210
f 295/321/1211 290/320/1212 299/368/1213 296/369/1214
f 290/370/1215 302/371/1216 307/372/1217 299/373/1218
f 311/331/1219 308/330/1220 317/336/1221 315/374/1222
f 308/330/1223 320/375/1224 325/337/1225 317/336/1226
f 347/359/1227 344/358/1228 353/365/1229 350/376/1230
f 344/358/1231 356/377/1232 361/366/1233 353/365/1234
f 295/321/1235 296/369/1236 325/337/1237 320/375/1238
f 343/352/1239 332/341/1240 361/366/1241 356/377/1242
f 298/378/1243 359/363/1244 334/344/1245 323/335/1246
f 358/379/1247 293/319/1248 322/380/1249 341/349/1250
f 314/381/1251 319/382/1252 329/383/1253 327/384/1254
f 319/332/1255 323/335/1256 334/344/1257 329/343/1258
f 326/385/1259 331/338/1260 338/351/1261 335/386/1262
f 331/338/1263 332/341/1264 343/352/1265 338/351/1266
f 322/380/1267 310/387/1268 340/346/1269 341/349/1270
f 310/326/1271 312/329/1272 337/388/1273 340/389/1274
f 304/390/1275 292/391/1276 346/354/1277 348/357/1278
f 292/316/1279 293/319/1280 358/379/1281 346/392/1282
f 298/378/1283 301/393/1284 355/360/1285 359/363/1286
f 301/322/1287 305/325/1288 352/394/1289 355/395/1290
f 328/396/1291 367/397/1292 327/384/1293
f 302/371/1294 362/398/1295 365/399/1296 307/372/1297
f 290/370/1298 291/400/1299 303/401/1300 302/371/1301
f 291/400/1302 292/391/1303 304/390/1304 303/401/1305
f 298/378/1306 297/402/1307 300/403/1308 301/393/1309
f 297/402/1310 296/369/1311 299/368/1312 300/403/1313
f 308/330/1314 309/327/1315 321/404/1316 320/375/1317
f 309/327/1318 310/387/1319 322/380/1320 321/404/1321
f 314/381/1322 316/405/1323 318/333/1324 319/382/1325
f 316/405/1326 315/374/1327 317/336/1328 318/333/1329
f 293/319/1330 294/318/1331 321/404/1332 322/380/1333
f 294/318/1334 295/321/1335 320/375/1336 321/404/1337
f 296/369/1338 297/402/1339 324/334/1340 325/337/1341
f 297/402/1342 298/378/1343 323/335/1344 324/334/1345
f 326/385/1346 328/396/1347 330/339/1348 331/338/1349
f 328/396/1350 327/384/1351 329/383/1352 330/339/1353
f 337/388/1354 336/406/1355 339/350/1356 340/389/1357
f 336/406/1358 335/386/1359 338/351/1360 339/350/1361
f 344/358/1362 345/355/1363 357/407/1364 356/377/1365
f 345/408/1366 346/392/1367 358/379/1368 357/409/1369
f 352/394/1370 351/410/1371 354/364/1372 355/395/1373
f 351/410/1374 350/376/1375 353/365/1376 354/364/1377
f 341/349/1378 342/348/1379 357/409/1380 358/379/1381
f 342/353/1382 343/352/1383 356/377/1384 357/407/1385
f 332/341/1386 333/340/1387 360/367/1388 361/366/1389
f 333/345/1390 334/344/1391 359/363/1392 360/362/1393
f 364/411/1394 365/399/1395 362/398/1396 363/412/1397
f 303/401/1398 362/398/1399 302/371/1400
f 348/357/1401 363/412/1402 362/398/1403 304/390/1404
f 349/356/1405 363/412/1406 348/357/1407
f 350/376/1408 364/411/1409 363/412/1410 347/359/1411
f 351/410/1412 364/411/1413 350/376/1414
f 305/325/1415 365/399/1416 364/411/1417 352/394/1418
f 306/324/1419 365/399/1420 305/325/1421
f 300/323/1422 299/373/1423 307/372/1424 306/324/1425
f 336/406/1426 366/413/1427 335/386/1428
f 312/329/1429 368/414/1430 366/413/1431 337/388/1432
f 327/384/1433 367/397/1434 369/415/1435 314/381/1436
f 335/386/1437 366/413/1438 367/397/1439 326/385/1440
f 368/414/1441 369/415/1442 367/397/1443 366/413/1444
f 312/329/1445 313/328/1446 368/414/1447
f 315/374/1448 369/415/1449 368/414/1450 311/331/1451
f 316/405/1452 369/415/1453 315/374/1454
f 307/372/1455 365/399/1456 306/324/1457
f 304/390/1458 362/398/1459 303/401/1460
f 347/359/1461 363/412/1462 349/356/1463
f 352/394/1464 364/411/1465 351/410/1466
f 326/385/1467 367/397/1468 328/396/1469
f 314/381/1470 369/415/1471 316/405/1472
f 337/388/1473 366/413/1474 336/406/1475
f 368/414/1476 313/328/1477 311/331/1478
g default
v -375.695984 409.030090 312.865814
v -375.743500 412.048828 314.133911
v -378.850586 412.024353 312.874634
v -380.137482 412.004333 309.834351
v -378.808228 409.010986 309.817322
v -337.385162 409.073242 309.890015
v -336.062714 412.088745 309.886566
v -337.340881 412.051636 312.888000
v -340.426117 412.128601 314.133911
v -340.464111 409.083801 312.889160
v -339.665833 446.856934 314.133911
v -336.589417 446.417480 312.874603
v -335.315155 446.235413 309.834351
v -380.677704 447.307861 309.834351
v -379.397736 447.186218 312.874603
v -376.307556 446.892578 314.133911
v -378.815857 409.012024 245.600922
v -380.137573 412.009033 245.599579
v -378.859497 412.010986 242.556030
v -375.773956 412.018311 241.295349
v -375.726532 409.020752 242.555908
v -376.307556 446.892578 241.295349
v -379.397736 447.186218 242.554688
v -380.677704 447.307861 245.594940
v -339.665833 446.856934 241.295349
v -336.589417 446.417480 242.554688
v -335.315155 446.235413 245.594940
v -337.385162 409.073242 245.539917
v -340.464111 409.083801 242.540100
v -340.426117 412.128601 241.295349
v -337.340881 412.052429 242.541260
v -336.062714 412.088745 245.542725
v 391.879120 409.103210 251.154694
v 391.879120 412.143433 249.895355
v 394.964386 412.143433 251.154694
v 396.242371 412.143433 254.194946
v 394.964386 409.103210 254.194946
v 396.242371 446.236938 254.194946
v 394.964386 446.236938 251.154694
v 391.879120 446.236938 249.895355
v 391.879120 409.103210 304.274597
v 394.964386 409.103210 301.234344
v 396.242371 412.143433 301.234344
v 394.964386 412.143433 304.274597
v 391.879120 412.143433 305.533905
v 396.242371 446.236938 301.234344
v 394.964386 446.236938 304.274597
v 391.879120 446.236938 305.533905
v -273.517059 565.469849 245.594940
v -273.291718 564.210510 242.554688
v -272.747742 561.170288 241.295349
v -220.486023 563.504761 241.295349
v -216.605118 564.894287 242.980743
v -214.997620 565.469849 247.049591
v -272.747742 561.170288 314.133911
v -273.291718 564.210510 312.874603
v -273.517059 565.469849 309.834351
v -214.997620 565.469849 308.379700
v -216.605118 564.894287 312.448547
v -220.486023 563.504761 314.133911
v -306.665894 549.006104 314.133911
v -308.214996 551.685913 312.874603
v -308.856628 552.795898 309.834351
v -308.856628 552.795898 245.594940
v -308.214996 551.685913 242.554688
v -306.665894 549.006104 241.295349
v 400.606567 554.056824 242.554688
v 400.606567 557.097046 241.295349
v 403.691864 557.097046 242.554688
v 404.969788 557.097046 245.594940
v 403.691864 554.056824 245.594940
v 400.606567 552.797485 245.594940
v 403.691864 554.056824 309.834351
v 404.969788 557.097046 309.834351
v 403.691864 557.097046 312.874603
v 400.606567 557.097046 314.133911
v 400.606567 554.056824 312.874603
v 400.606567 552.797485 309.834351
v 400.606567 564.212036 242.554688
v 400.606567 565.471375 245.594940
v 403.691864 564.212036 245.593140
v 404.969788 561.171814 245.594940
v 403.691864 561.169006 242.554657
v 400.606567 561.171814 241.295349
v 400.606567 564.212036 312.874603
v 400.606567 561.171814 314.133911
v 403.691864 561.169006 312.874603
v 404.969788 561.171814 309.834351
v 403.691864 564.212036 309.836121
v 400.606567 565.471375 309.834351
v -328.699402 486.463562 314.133911
v -325.860596 485.165955 312.874603
v -324.684753 484.628479 309.834351
v -303.278198 522.899414 314.133911
v -301.068329 520.700378 312.874603
v -300.152985 519.789490 309.834351
v -368.605652 482.967163 314.133911
v -371.507690 484.141907 312.874603
v -372.709778 484.628479 309.834351
v -349.728943 519.789490 309.834351
v -348.763367 518.941040 312.874603
v -346.432343 516.892761 314.133911
v -372.709778 484.628479 245.594940
v -371.507690 484.141907 242.554688
v -368.605652 482.967163 241.295349
v -346.432343 516.892761 241.295349
v -348.763367 518.941040 242.554688
v -349.728943 519.789490 245.594940
v -328.699402 486.463562 241.295349
v -325.860596 485.165955 242.554688
v -324.684753 484.628479 245.594940
v -303.278198 522.899414 241.295349
v -301.068329 520.700378 242.554688
v -300.152985 519.789490 245.594940
v 396.242371 484.630005 254.194946
v 394.964386 484.630005 251.154694
v 391.879120 484.630005 249.895355
v 396.242371 519.791016 254.194946
v 394.964386 519.791016 251.154694
v 391.879120 519.791016 249.895355
v 396.242371 484.630005 301.234344
v 394.964386 484.630005 304.274597
v 391.879120 484.630005 305.533905
v 396.242371 519.791016 301.234344
v 394.964386 519.791016 304.274597
v 391.879120 519.791016 305.533905
v -251.727020 557.095520 314.133911
v -250.785309 554.055298 312.874603
v -250.395218 552.795959 309.834351
v -251.727020 557.095520 241.295349
v -250.785309 554.055298 242.554688
v -250.395218 552.795959 245.594940
v 400.605652 552.797485 245.595795
v 397.520325 551.538147 251.676300
v 396.242371 548.497925 254.194946
v 394.964386 548.497925 251.154694
v 391.879120 548.497925 249.895355
v 394.435059 551.538147 248.636047
v 400.605652 552.797485 309.833496
v 394.435089 551.538147 306.793243
v 391.879120 548.497925 305.533905
v 394.964386 548.497925 304.274597
v 396.242371 548.497925 301.234344
v 397.520325 551.538147 303.752960
v -249.063446 548.496399 249.895355
v -250.005157 551.536621 248.636047
v -250.395218 552.795959 245.595795
v -297.027771 516.679565 249.895355
v -299.237671 518.878601 248.636047
v -300.152985 519.789490 245.595795
v -320.670105 482.793396 249.895355
v -323.508911 484.091003 248.636047
v -324.684753 484.628479 245.595795
v -330.964447 445.613953 249.895355
v -334.040863 446.053406 248.636047
v -335.315155 446.235413 245.595795
v -336.062561 412.095337 245.641418
v -334.782776 412.177612 248.647675
v -331.697266 412.141907 249.895355
v -333.038025 409.097473 251.150421
v -336.062561 412.095337 309.787842
v -333.038025 409.097473 304.278870
v -331.697266 412.141907 305.533905
v -334.782776 412.177612 306.781586
v -330.964447 445.613953 305.533905
v -334.040863 446.053406 306.793243
v -335.315155 446.235413 309.833496
v -320.670105 482.793396 305.533905
v -323.508911 484.091003 306.793243
v -324.684753 484.628479 309.833496
v -297.027771 516.679565 305.533905
v -299.237671 518.878601 306.793243
v -300.152985 519.789490 309.833496
v -249.063446 548.496399 305.533905
v -250.005157 551.536621 306.793243
v -250.395218 552.795959 309.833496
v -378.243744 409.570679 312.308746
v -337.944458 409.619751 312.337646
v -378.256592 409.564758 243.115906
v -337.944458 409.620056 243.091888
v 394.397339 409.661987 251.713440
v 394.397339 409.661987 303.715820
v 403.124786 554.615540 243.113434
v 403.124786 554.615540 312.315826
v 403.124817 563.652222 243.112762
v 403.124817 563.652222 312.316528
v 395.710052 550.992371 250.419922
v 395.710052 550.992371 305.009338
v -336.116089 409.103638 249.900787
v -336.116089 409.103638 305.528473
vt 0.048457 0.014038
vt 0.034237 0.006405
vt 0.448760 0.006323
vt 0.450308 0.014000
vt 0.000000 0.013569
vt 0.021711 0.013388
vt 0.000000 0.125000
vt 0.000000 0.125000
vt 0.048116 0.124015
vt 0.008694 0.006148
vt 0.000000 0.000000
vt 0.000000 0.013584
vt 0.500000 0.013825
vt 0.487073 0.002278
vt 0.500000 0.013847
vt 0.477881 0.013340
vt 0.500000 0.125000
vt 0.450831 0.126728
vt 0.500000 0.125000
vt 0.048116 0.013939
vt 0.000000 0.008537
vt 0.000000 0.125000
vt 0.048116 0.124015
vt 0.000000 0.008537
vt 0.000000 0.125000
vt 0.000000 0.125000
vt 0.033988 0.006368
vt 0.448756 0.006323
vt 0.450308 0.014000
vt 0.482733 0.000135
vt 0.500000 0.013825
vt 0.500000 0.013847
vt 0.997448 0.013998
vt 0.998453 0.000000
vt 0.501949 0.000000
vt 0.502548 0.013996
vt 1.000000 0.013998
vt 1.000000 0.008871
vt 1.000000 0.125000
vt 1.000000 0.125000
vt 1.000000 0.008871
vt 0.997448 0.125000
vt 1.000000 0.125000
vt 0.998935 0.005847
vt 0.998935 0.005847
vt 1.000000 0.013998
vt 0.997453 0.006994
vt 0.501795 0.006972
vt 0.997448 0.013998
vt 0.502550 0.013999
vt 0.109115 0.830378
vt 0.000000 1.000000
vt 0.500000 1.000000
vt 0.500000 0.922704
vt 0.000000 1.000000
vt 0.000000 1.000000
vt 0.500000 1.000000
vt 0.500000 1.000000
vt 0.000000 1.000000
vt 0.000000 1.000000
vt 0.500000 1.000000
vt 0.500000 1.000000
vt 0.109116 0.830378
vt 0.500000 0.922475
vt 0.997065 0.669623
vt 1.000000 0.500000
vt 0.500000 0.500000
vt 0.386018 0.669622
vt 1.000000 0.500000
vt 0.500000 0.500000
vt 1.000000 0.669623
vt 1.000000 0.640287
vt 1.000000 0.859634
vt 1.000000 0.830377
vt 1.000000 0.640287
vt 0.997065 0.830377
vt 1.000000 0.859634
vt 1.000000 0.576811
vt 1.000000 0.576811
vt 1.000000 0.500000
vt 1.000000 0.669623
vt 0.997065 0.669623
vt 0.999084 0.655519
vt 0.999084 0.844367
vt 0.997065 0.830377
vt 1.000000 0.830377
vt 0.998671 0.923195
vt 0.998671 0.923195
vt 0.997065 1.000000
vt 0.997065 1.000000
vt 0.000000 0.250000
vt 0.000000 0.250000
vt 0.000000 0.375000
vt 0.000000 0.375000
vt 0.047518 0.244591
vt 0.053632 0.364702
vt 0.047518 0.244591
vt 0.000000 0.250000
vt 0.000000 0.375000
vt 0.053632 0.364702
vt 0.000000 0.250000
vt 0.000000 0.250000
vt 0.000000 0.375000
vt 0.000000 0.375000
vt 0.997338 0.375000
vt 1.000000 0.375000
vt 0.998772 0.484611
vt 0.997166 0.483717
vt 1.000000 0.375000
vt 1.000000 0.483717
vt 1.000000 0.483717
vt 1.000000 0.500000
vt 1.000000 0.495239
vt 1.000000 0.500000
vt 1.000000 0.500000
vt 0.997428 0.491999
vt 0.500000 0.500000
vt 0.504766 0.483717
vt 0.500000 0.500000
vt 0.500000 0.125000
vt 0.500000 0.125000
vt 0.501153 0.013651
vt 0.502548 0.122983
vt 0.450831 0.126728
vt 1.000000 0.125000
vt 0.067599 0.485647
vt 0.386018 0.669622
vt 0.000000 0.500000
vt 0.000000 0.500000
vt 0.067599 0.485647
vt 0.445715 0.256524
vt 0.429641 0.386778
vt 0.445715 0.256524
vt 0.429641 0.386778
vt 1.000000 0.250000
vt 1.000000 0.250000
vt 1.000000 0.375000
vt 0.997338 0.375000
vt 0.503122 0.363950
vt 0.504795 0.483709
vt 0.997166 0.483717
vt 0.997416 0.250000
vt 0.502663 0.244024
vt 0.502550 0.122977
vt 0.997448 0.125000
vt 0.502645 0.244025
vt 0.997416 0.250000
vt 0.503136 0.363944
vt 0.500000 0.125000
vt 0.500000 0.125000
vt 0.500000 0.250000
vt 0.500000 0.375000
vt 0.500000 0.375000
vt 0.500000 0.250000
vt 0.500000 0.375000
vt 0.500000 0.250000
vt 0.500000 0.250000
vt 0.500000 0.375000
vt 0.500000 0.500000
vt 0.500000 0.500000
vt 0.500000 0.250000
vt 0.500000 0.125000
vt 0.477755 0.013343
vt 1.000000 0.250000
vt 1.000000 0.250000
vt 0.998854 0.013554
vt 1.000000 0.125000
vt 0.000000 0.500000
vt 0.000000 0.500000
vt 0.998222 1.000000
vt 0.998222 1.000000
vt 0.000000 0.500000
vt 0.997070 0.915876
vt 0.500000 0.375000
vt 0.500000 0.500000
vt 0.500000 0.250000
vt 0.500000 0.375000
vt 1.000000 0.375000
vt 1.000000 0.375000
vt 1.000000 0.489246
vt 1.000000 0.489246
vt 1.000000 0.250000
vt 0.998530 0.584391
vt 0.997431 0.491995
vt 0.500000 0.500000
vt 0.500000 0.375000
vt 0.500000 0.250000
vt 0.501149 0.013657
vt 0.500000 0.125000
vt 0.500000 0.250000
vt 0.500000 0.375000
vt 0.000000 0.000000
vt 0.500000 0.000000
vt 0.000000 0.000000
vt 0.000000 0.000000
vt 0.500000 0.000000
vt 1.000000 0.000000
vt 1.000000 0.000000
vt 1.000000 0.000000
vt 1.000000 0.500000
vt 1.000000 0.500000
vt 1.000000 0.500000
vt 1.000000 0.500000
vt 1.000000 1.000000
vt 1.000000 1.000000
vt 1.000000 1.000000
vt 1.000000 0.500000
vt 1.000000 0.500000
vt 1.000000 0.500000
vt 1.000000 0.500000
vt 0.500000 0.000000
vt 0.500000 0.000000
vn -0.031411 -0.031855 0.998999
vn -0.019960 -0.380982 0.924367
vn 0.020348 -0.380568 0.924529
vn 0.030942 -0.031769 0.999016
vn -0.998328 -0.047334 0.033189
vn -0.922702 -0.035167 0.383907
vn -0.917104 0.092902 0.387673
vn -0.994335 0.100943 0.033295
vn -0.376486 -0.026883 0.926032
vn -0.031411 -0.031855 0.998999
vn -0.035520 0.003569 0.999363
vn -0.375836 0.037776 0.925916
vn -0.916326 -0.399852 0.021558
vn -0.998328 -0.047334 0.033189
vn -0.998328 -0.047365 -0.033123
vn -0.916417 -0.399658 -0.021296
vn 0.924375 -0.039931 0.379389
vn 0.867960 -0.392963 0.303688
vn 0.925143 -0.069313 0.373237
vn 0.030942 -0.031769 0.999016
vn 0.375540 -0.028815 0.926358
vn 0.372567 -0.058254 0.926175
vn 0.027697 -0.004330 0.999607
vn 0.922251 -0.041055 0.384406
vn 0.924375 -0.039931 0.379389
vn 0.911617 -0.141371 0.385964
vn 0.910473 -0.142023 0.388417
vn -0.031369 -0.031797 -0.999002
vn -0.377988 -0.026384 -0.925435
vn -0.376471 0.037906 -0.925653
vn -0.035514 0.003576 -0.999363
vn -0.923324 -0.035020 -0.382422
vn -0.998328 -0.047365 -0.033123
vn -0.994336 0.100948 -0.033242
vn -0.917374 0.092941 -0.387022
vn -0.019714 -0.381147 -0.924304
vn -0.031369 -0.031797 -0.999002
vn 0.030933 -0.031661 -0.999020
vn 0.020699 -0.380716 -0.924460
vn 0.867942 -0.392981 -0.303715
vn 0.924375 -0.039943 -0.379389
vn 0.925142 -0.069307 -0.373241
vn 0.001462 -0.034117 -0.999417
vn 0.000925 -0.381814 -0.924239
vn 0.002042 -0.382656 -0.923889
vn 0.001461 -0.042159 -0.999110
vn 0.997589 -0.032404 -0.061374
vn 0.923659 -0.021521 -0.382611
vn 0.922876 0.000000 -0.385098
vn 0.998014 0.000000 -0.062985
vn 0.377814 -0.021409 -0.925634
vn 0.001462 -0.034117 -0.999417
vn 0.001518 0.000000 -0.999999
vn 0.380279 0.000000 -0.924872
vn 0.923988 -0.380273 -0.040470
vn 0.997589 -0.032404 -0.061374
vn 0.997589 -0.032404 0.061374
vn 0.923989 -0.380272 0.040470
vn 0.000925 -0.381814 0.924239
vn 0.001462 -0.034117 0.999417
vn 0.001461 -0.042159 0.999110
vn 0.002042 -0.382656 0.923889
vn -0.022464 0.156737 -0.987385
vn -0.066444 0.472412 -0.878870
vn 0.000710 0.553151 -0.833081
vn -0.002666 0.554921 -0.831899
vn -0.118962 0.945402 -0.303418
vn -0.138205 0.990008 -0.028007
vn 0.000006 0.999562 -0.029582
vn -0.000071 0.968269 -0.249911
vn -0.138206 0.990008 0.028007
vn -0.118963 0.945402 0.303418
vn -0.000071 0.968269 0.249911
vn 0.000006 0.999562 0.029582
vn -0.066443 0.472412 0.878870
vn -0.022465 0.156738 0.987385
vn -0.002666 0.554921 0.831899
vn 0.000710 0.553151 0.833081
vn 0.001192 -0.151669 -0.988431
vn 0.001008 -0.382576 -0.923924
vn 0.015592 -0.378547 -0.925451
vn 0.009467 -0.229836 -0.973183
vn 0.001009 -0.923926 -0.382569
vn 0.017324 -0.929526 -0.368349
vn 0.000000 -0.923916 -0.382595
vn 0.000000 -0.923880 -0.382682
vn 0.984644 -0.172185 -0.028796
vn 0.921506 -0.122641 -0.368491
vn 0.921485 0.122484 -0.368595
vn 0.984637 0.172223 -0.028792
vn 0.363850 -0.121996 -0.923434
vn 0.001192 -0.151669 -0.988431
vn 0.001636 0.189328 -0.981913
vn 0.363898 0.121852 -0.923434
vn 0.017324 -0.929526 -0.368349
vn 0.377833 -0.925629 -0.021309
vn 0.377833 -0.925629 0.021310
vn 0.017324 -0.929526 0.368350
vn 0.923653 -0.382630 -0.021423
vn 0.984644 -0.172185 -0.028796
vn 0.984644 -0.172185 0.028796
vn 0.923653 -0.382630 0.021423
vn 0.001192 -0.151669 0.988431
vn 0.363851 -0.121996 0.923434
vn 0.363900 0.121853 0.923433
vn 0.001636 0.189328 0.981913
vn 0.921506 -0.122644 0.368491
vn 0.984644 -0.172185 0.028796
vn 0.984637 0.172222 0.028792
vn 0.921485 0.122483 0.368596
vn 0.984637 0.172223 -0.028792
vn 0.923657 0.382620 -0.021450
vn 0.923657 0.382620 0.021450
vn 0.984637 0.172222 0.028792
vn 0.377836 0.925627 -0.021340
vn 0.001719 0.999678 -0.025302
vn 0.001719 0.999678 0.025302
vn 0.377836 0.925627 0.021340
vn -0.920206 0.390047 0.032944
vn -0.847717 0.359299 0.390231
vn -0.674907 0.627694 0.387944
vn -0.731916 0.680599 0.032941
vn -0.345492 0.146402 0.926931
vn -0.036180 0.015331 0.999228
vn -0.033939 0.031585 0.998925
vn -0.276323 0.257159 0.926021
vn -0.036180 0.015331 -0.999228
vn -0.345492 0.146402 -0.926931
vn -0.276321 0.257159 -0.926022
vn -0.033939 0.031585 -0.998925
vn -0.847718 0.359298 -0.390229
vn -0.920206 0.390047 -0.032944
vn -0.731916 0.680599 -0.032941
vn -0.674907 0.627694 -0.387945
vn 0.001546 0.000000 0.999999
vn 0.380279 0.000000 0.924872
vn 0.380276 0.000000 0.924873
vn 0.001439 -0.050260 0.998735
vn 0.922876 0.000000 0.385098
vn 0.998015 0.000000 0.062985
vn 0.996615 -0.057558 0.058704
vn 0.922876 0.000000 0.385098
vn 0.996615 -0.057558 -0.058704
vn 0.904141 -0.419016 -0.083397
vn 0.904141 -0.419016 0.083397
vn 0.996615 -0.057558 0.058704
vn 0.364564 -0.931055 -0.015152
vn 0.014876 -0.929264 -0.369118
vn 0.014876 -0.929259 0.369130
vn 0.364565 -0.931055 0.015151
vn 0.001439 -0.050260 0.998735
vn 0.002545 -0.383782 0.923420
vn 0.015097 -0.378678 0.925405
vn 0.001154 -0.028966 0.999580
vn 0.000605 -0.924136 0.382062
vn 0.014876 -0.929259 0.369130
vn 0.000000 -0.923917 0.382594
vn 0.000000 -0.923875 0.382694
vn 0.911711 -0.141491 -0.385699
vn 0.910486 -0.142200 -0.388322
vn 0.922930 -0.066613 -0.379160
vn 0.925142 -0.069307 -0.373241
vn 0.372720 -0.058064 -0.926125
vn 0.001739 -0.000271 -0.999998
vn 0.001461 -0.042159 -0.999110
vn 0.377662 -0.058153 -0.924116
vn -0.031411 -0.031855 0.998999
vn 0.030942 -0.031769 0.999016
vn 0.027697 -0.004330 0.999607
vn -0.035520 0.003569 0.999363
vn -0.031369 -0.031797 -0.999002
vn -0.035514 0.003576 -0.999363
vn 0.027687 -0.004329 -0.999607
vn 0.030933 -0.031661 -0.999020
vn 0.997589 -0.032404 -0.061374
vn 0.998014 0.000000 -0.062985
vn 0.998014 0.000000 0.062985
vn 0.997589 -0.032404 0.061374
vn 0.000006 0.999562 -0.029582
vn -0.138205 0.990008 -0.028007
vn -0.138206 0.990008 0.028007
vn 0.000006 0.999562 0.029582
vn -0.994336 0.100948 -0.033242
vn -0.998328 -0.047365 -0.033123
vn -0.998328 -0.047334 0.033189
vn -0.994335 0.100943 0.033295
vn -0.024952 0.041259 0.998837
vn 0.009467 -0.229836 0.973183
vn 0.000000 0.000000 1.000000
vn -0.022465 0.156738 0.987385
vn -0.138205 0.990008 -0.028007
vn -0.516614 0.855589 -0.032827
vn -0.516614 0.855589 0.032827
vn -0.138206 0.990008 0.028007
vn 0.009467 -0.229836 -0.973183
vn -0.024952 0.041259 -0.998837
vn -0.022464 0.156737 -0.987385
vn 0.000000 0.000000 -1.000000
vn 0.984644 -0.172185 0.028796
vn 0.984644 -0.172185 -0.028796
vn 0.984637 0.172223 -0.028792
vn 0.984637 0.172222 0.028792
vn -0.036180 0.015331 0.999228
vn 0.026153 -0.012419 0.999581
vn 0.024351 -0.026343 0.999356
vn -0.033939 0.031585 0.998925
vn -0.731916 0.680599 -0.032941
vn -0.920206 0.390047 -0.032944
vn -0.920206 0.390047 0.032944
vn -0.731916 0.680599 0.032941
vn 0.026153 -0.012419 -0.999581
vn -0.036180 0.015331 -0.999228
vn -0.033939 0.031585 -0.998925
vn 0.024351 -0.026343 -0.999356
vn 0.998015 0.000000 0.062985
vn 0.998015 0.000000 -0.062985
vn 0.998015 0.000000 -0.062985
vn 0.998015 0.000000 0.062985
vn -0.033939 0.031585 0.998925
vn 0.024351 -0.026343 0.999356
vn 0.009467 -0.229836 0.973183
vn -0.024952 0.041259 0.998837
vn -0.516614 0.855589 -0.032827
vn -0.731916 0.680599 -0.032941
vn -0.731916 0.680599 0.032941
vn -0.516614 0.855589 0.032827
vn 0.024351 -0.026343 -0.999356
vn -0.033939 0.031585 -0.998925
vn -0.024952 0.041259 -0.998837
vn 0.009467 -0.229836 -0.973183
vn -0.920206 0.390047 -0.032944
vn -0.994336 0.100948 -0.033242
vn -0.994335 0.100943 0.033295
vn -0.920206 0.390047 0.032944
vn 0.027687 -0.004329 -0.999607
vn -0.035514 0.003576 -0.999363
vn -0.036180 0.015331 -0.999228
vn 0.026153 -0.012419 -0.999581
vn 0.998014 0.000000 0.062985
vn 0.998014 0.000000 -0.062985
vn 0.998015 0.000000 -0.062985
vn 0.998015 0.000000 0.062985
vn -0.035520 0.003569 0.999363
vn 0.027697 -0.004330 0.999607
vn 0.026153 -0.012419 0.999581
vn -0.036180 0.015331 0.999228
vn 0.001719 0.999678 -0.025302
vn 0.000006 0.999562 -0.029582
vn 0.000006 0.999562 0.029582
vn 0.001719 0.999678 0.025302
vn 0.001192 -0.151669 -0.988431
vn 0.009467 -0.229836 -0.973183
vn 0.000000 0.000000 -1.000000
vn 0.001636 0.189328 -0.981913
vn 0.001546 0.000000 -0.999999
vn 0.001929 -0.002086 -0.999996
vn 0.001154 -0.028966 -0.999580
vn 0.001439 -0.050259 -0.998735
vn 0.001545 0.000000 -0.999999
vn 0.001825 -0.000865 -0.999998
vn 0.001929 -0.002086 -0.999996
vn 0.001546 0.000000 -0.999999
vn 0.001518 0.000000 -0.999999
vn 0.001739 -0.000271 -0.999998
vn 0.001825 -0.000865 -0.999998
vn 0.001545 0.000000 -0.999999
vn 0.001462 -0.034117 -0.999417
vn 0.001461 -0.042159 -0.999110
vn 0.001739 -0.000271 -0.999998
vn 0.001518 0.000000 -0.999999
vn 0.001739 -0.000271 0.999998
vn 0.001461 -0.042159 0.999110
vn 0.001462 -0.034117 0.999417
vn 0.001518 0.000000 0.999999
vn 0.001825 -0.000865 0.999998
vn 0.001739 -0.000271 0.999998
vn 0.001518 0.000000 0.999999
vn 0.001545 0.000000 0.999999
vn 0.001929 -0.002086 0.999996
vn 0.001825 -0.000865 0.999998
vn 0.001545 0.000000 0.999999
vn 0.001546 0.000000 0.999999
vn 0.001154 -0.028966 0.999580
vn 0.001929 -0.002086 0.999996
vn 0.001546 0.000000 0.999999
vn 0.001439 -0.050260 0.998735
vn 0.000000 0.000000 1.000000
vn 0.009467 -0.229836 0.973183
vn 0.001192 -0.151669 0.988431
vn 0.001636 0.189328 0.981913
vn 0.924375 -0.039931 0.379389
vn 0.925143 -0.069313 0.373237
vn 0.911710 -0.141491 0.385700
vn 0.911617 -0.141371 0.385964
vn 0.911711 -0.141491 -0.385699
vn 0.925142 -0.069307 -0.373241
vn 0.924375 -0.039943 -0.379389
vn 0.911618 -0.141371 -0.385963
vn 0.014876 -0.929259 0.369130
vn 0.014876 -0.929264 -0.369118
vn 0.017324 -0.929526 -0.368349
vn 0.017324 -0.929526 0.368350
vn 0.832217 -0.394875 0.389217
vn 0.625204 -0.676384 0.389390
vn 0.625206 -0.676378 0.389397
vn 0.832169 -0.394969 0.389222
vn 0.625204 -0.676384 -0.389390
vn 0.832217 -0.394874 -0.389217
vn 0.832170 -0.394969 -0.389221
vn 0.625206 -0.676378 -0.389397
vn 0.625204 -0.676384 0.389390
vn 0.513154 -0.767940 0.383328
vn 0.513151 -0.767937 0.383340
vn 0.625206 -0.676378 0.389397
vn 0.513154 -0.767940 -0.383328
vn 0.625204 -0.676384 -0.389390
vn 0.625206 -0.676378 -0.389397
vn 0.513151 -0.767937 -0.383340
vn 0.832217 -0.394874 -0.389217
vn 0.911711 -0.141491 -0.385699
vn 0.911618 -0.141371 -0.385963
vn 0.832170 -0.394969 -0.389221
vn 0.911710 -0.141491 0.385700
vn 0.832217 -0.394875 0.389217
vn 0.832169 -0.394969 0.389222
vn 0.911617 -0.141371 0.385964
vn 0.014876 -0.929264 -0.369118
vn 0.000000 -0.923917 -0.382592
vn 0.000000 -0.923916 -0.382595
vn 0.017324 -0.929526 -0.368349
vn 0.000000 -0.923917 0.382594
vn 0.014876 -0.929259 0.369130
vn 0.017324 -0.929526 0.368350
vn 0.000000 -0.923915 0.382597
vn 0.998015 0.000000 -0.062985
vn 0.996615 -0.057558 -0.058704
vn 0.996615 -0.057558 0.058704
vn 0.998015 0.000000 0.062985
vn 0.027697 -0.004330 0.999607
vn 0.372567 -0.058254 0.926175
vn 0.339763 -0.161341 0.926569
vn 0.026153 -0.012419 0.999581
vn 0.910473 -0.142023 0.388417
vn 0.911617 -0.141371 0.385964
vn 0.832169 -0.394969 0.389222
vn 0.832136 -0.394953 0.389311
vn 0.027687 -0.004329 -0.999607
vn 0.372568 -0.058254 -0.926175
vn 0.375548 -0.028813 -0.926355
vn 0.030933 -0.031661 -0.999020
vn 0.910473 -0.142024 -0.388417
vn 0.911618 -0.141371 -0.385963
vn 0.924375 -0.039943 -0.379389
vn 0.922249 -0.041052 -0.384411
vn 0.998014 0.000000 -0.062985
vn 0.922876 0.000000 -0.385098
vn 0.922876 0.000000 -0.385096
vn 0.998015 0.000000 -0.062985
vn 0.380279 0.000000 -0.924872
vn 0.001518 0.000000 -0.999999
vn 0.001545 0.000000 -0.999999
vn 0.380278 0.000000 -0.924872
vn 0.001462 -0.034117 0.999417
vn 0.377818 -0.021409 0.925633
vn 0.380282 0.000000 0.924871
vn 0.001518 0.000000 0.999999
vn 0.923659 -0.021520 0.382611
vn 0.997589 -0.032404 0.061374
vn 0.998014 0.000000 0.062985
vn 0.922876 0.000000 0.385098
vn -0.138205 0.990008 -0.028007
vn -0.118962 0.945402 -0.303418
vn -0.476540 0.788961 -0.387879
vn -0.516614 0.855589 -0.032827
vn -0.066444 0.472412 -0.878870
vn -0.022464 0.156737 -0.987385
vn -0.024952 0.041259 -0.998837
vn -0.195367 0.323045 -0.925999
vn -0.002666 0.554921 -0.831899
vn 0.000710 0.553151 -0.833081
vn 0.002187 0.552317 -0.833631
vn 0.001636 0.189328 -0.981913
vn -0.000071 0.968269 -0.249911
vn 0.000006 0.999562 -0.029582
vn 0.001719 0.999678 -0.025302
vn 0.001078 0.968190 -0.250213
vn -0.022465 0.156738 0.987385
vn -0.066443 0.472412 0.878870
vn -0.195367 0.323045 0.925999
vn -0.024952 0.041259 0.998837
vn -0.118963 0.945402 0.303418
vn -0.138206 0.990008 0.028007
vn -0.516614 0.855589 0.032827
vn -0.476541 0.788961 0.387879
vn 0.000006 0.999562 0.029582
vn -0.000071 0.968269 0.249911
vn 0.001078 0.968190 0.250213
vn 0.001719 0.999678 0.025302
vn 0.000710 0.553151 0.833081
vn -0.002666 0.554921 0.831899
vn 0.001636 0.189328 0.981913
vn 0.002187 0.552317 0.833631
vn 0.026153 -0.012419 0.999581
vn 0.339763 -0.161341 0.926569
vn 0.255195 -0.276078 0.926637
vn 0.024351 -0.026343 0.999356
vn 0.832136 -0.394953 0.389311
vn 0.832169 -0.394969 0.389222
vn 0.625206 -0.676378 0.389397
vn 0.625181 -0.676350 0.389485
vn 0.024351 -0.026343 0.999356
vn 0.255195 -0.276078 0.926637
vn 0.015592 -0.378547 0.925451
vn 0.009467 -0.229836 0.973183
vn 0.625181 -0.676350 0.389485
vn 0.625206 -0.676378 0.389397
vn 0.513151 -0.767937 0.383340
vn 0.513132 -0.767907 0.383425
vn -0.994335 0.100943 0.033295
vn -0.917104 0.092902 0.387673
vn -0.847717 0.359299 0.390231
vn -0.920206 0.390047 0.032944
vn -0.375836 0.037776 0.925916
vn -0.035520 0.003569 0.999363
vn -0.036180 0.015331 0.999228
vn -0.345492 0.146402 0.926931
vn -0.024952 0.041259 0.998837
vn -0.195367 0.323045 0.925999
vn -0.276323 0.257159 0.926021
vn -0.033939 0.031585 0.998925
vn -0.476541 0.788961 0.387879
vn -0.516614 0.855589 0.032827
vn -0.731916 0.680599 0.032941
vn -0.674907 0.627694 0.387944
vn -0.035514 0.003576 -0.999363
vn -0.376471 0.037906 -0.925653
vn -0.345492 0.146402 -0.926931
vn -0.036180 0.015331 -0.999228
vn -0.917374 0.092941 -0.387022
vn -0.994336 0.100948 -0.033242
vn -0.920206 0.390047 -0.032944
vn -0.847718 0.359298 -0.390229
vn -0.516614 0.855589 -0.032827
vn -0.476540 0.788961 -0.387879
vn -0.674907 0.627694 -0.387945
vn -0.731916 0.680599 -0.032941
vn -0.195367 0.323045 -0.925999
vn -0.024952 0.041259 -0.998837
vn -0.033939 0.031585 -0.998925
vn -0.276321 0.257159 -0.926022
vn 0.911618 -0.141371 -0.385963
vn 0.910473 -0.142024 -0.388417
vn 0.832135 -0.394954 -0.389311
vn 0.832170 -0.394969 -0.389221
vn 0.372568 -0.058254 -0.926175
vn 0.027687 -0.004329 -0.999607
vn 0.026153 -0.012419 -0.999581
vn 0.339763 -0.161341 -0.926569
vn 0.832170 -0.394969 -0.389221
vn 0.832135 -0.394954 -0.389311
vn 0.625181 -0.676351 -0.389485
vn 0.625206 -0.676378 -0.389397
vn 0.339763 -0.161341 -0.926569
vn 0.026153 -0.012419 -0.999581
vn 0.024351 -0.026343 -0.999356
vn 0.255196 -0.276079 -0.926637
vn 0.998015 0.000000 -0.062985
vn 0.922876 0.000000 -0.385096
vn 0.922876 0.000000 -0.385096
vn 0.998015 0.000000 -0.062985
vn 0.380278 0.000000 -0.924872
vn 0.001545 0.000000 -0.999999
vn 0.001546 0.000000 -0.999999
vn 0.380279 0.000000 -0.924872
vn 0.998015 0.000000 -0.062985
vn 0.922876 0.000000 -0.385096
vn 0.922876 0.000000 -0.385098
vn 0.996615 -0.057558 -0.058704
vn 0.380279 0.000000 -0.924872
vn 0.001546 0.000000 -0.999999
vn 0.001439 -0.050259 -0.998735
vn 0.380281 0.000000 -0.924871
vn 0.001518 0.000000 0.999999
vn 0.380282 0.000000 0.924871
vn 0.380282 0.000000 0.924871
vn 0.001545 0.000000 0.999999
vn 0.922876 0.000000 0.385098
vn 0.998014 0.000000 0.062985
vn 0.998015 0.000000 0.062985
vn 0.922876 0.000000 0.385098
vn 0.001545 0.000000 0.999999
vn 0.380282 0.000000 0.924871
vn 0.380279 0.000000 0.924872
vn 0.001546 0.000000 0.999999
vn 0.922876 0.000000 0.385098
vn 0.998015 0.000000 0.062985
vn 0.998015 0.000000 0.062985
vn 0.922876 0.000000 0.385098
vn 0.017324 -0.929526 0.368350
vn 0.001009 -0.923926 0.382569
vn 0.000000 -0.923880 0.382682
vn 0.000000 -0.923915 0.382597
vn 0.001008 -0.382576 0.923924
vn 0.001192 -0.151669 0.988431
vn 0.009467 -0.229836 0.973183
vn 0.015592 -0.378547 0.925451
vn 0.625206 -0.676378 -0.389397
vn 0.625181 -0.676351 -0.389485
vn 0.513132 -0.767907 -0.383425
vn 0.513151 -0.767937 -0.383340
vn 0.255196 -0.276079 -0.926637
vn 0.024351 -0.026343 -0.999356
vn 0.009467 -0.229836 -0.973183
vn 0.015592 -0.378547 -0.925451
vn 0.014876 -0.929264 -0.369118
vn 0.000605 -0.924136 -0.382062
vn 0.000000 -0.923875 -0.382694
vn 0.000000 -0.923917 -0.382592
vn 0.002545 -0.383775 -0.923423
vn 0.001439 -0.050259 -0.998735
vn 0.001154 -0.028966 -0.999580
vn 0.015097 -0.378673 -0.925408
vn 0.513154 -0.767940 -0.383328
vn 0.513133 -0.767905 -0.383427
vn 0.625177 -0.676353 -0.389487
vn 0.625204 -0.676384 -0.389390
vn 0.015097 -0.378673 -0.925408
vn 0.001154 -0.028966 -0.999580
vn 0.001929 -0.002086 -0.999996
vn 0.255189 -0.276084 -0.926637
vn 0.625204 -0.676384 -0.389390
vn 0.625177 -0.676353 -0.389487
vn 0.832179 -0.394857 -0.389314
vn 0.832217 -0.394874 -0.389217
vn 0.255189 -0.276084 -0.926637
vn 0.001929 -0.002086 -0.999996
vn 0.001825 -0.000865 -0.999998
vn 0.339848 -0.161168 -0.926568
vn 0.832217 -0.394874 -0.389217
vn 0.832179 -0.394857 -0.389314
vn 0.910486 -0.142200 -0.388322
vn 0.911711 -0.141491 -0.385699
vn 0.339848 -0.161168 -0.926568
vn 0.001825 -0.000865 -0.999998
vn 0.001739 -0.000271 -0.999998
vn 0.372720 -0.058064 -0.926125
vn 0.925143 -0.069313 0.373237
vn 0.922932 -0.066613 0.379156
vn 0.910486 -0.142200 0.388322
vn 0.911710 -0.141491 0.385700
vn 0.377662 -0.058153 0.924116
vn 0.001461 -0.042159 0.999110
vn 0.001739 -0.000271 0.999998
vn 0.372723 -0.058064 0.926124
vn 0.911710 -0.141491 0.385700
vn 0.910486 -0.142200 0.388322
vn 0.832179 -0.394857 0.389314
vn 0.832217 -0.394875 0.389217
vn 0.372723 -0.058064 0.926124
vn 0.001739 -0.000271 0.999998
vn 0.001825 -0.000865 0.999998
vn 0.339852 -0.161168 0.926566
vn 0.832217 -0.394875 0.389217
vn 0.832179 -0.394857 0.389314
vn 0.625178 -0.676352 0.389487
vn 0.625204 -0.676384 0.389390
vn 0.339852 -0.161168 0.926566
vn 0.001825 -0.000865 0.999998
vn 0.001929 -0.002086 0.999996
vn 0.255190 -0.276085 0.926637
vn 0.625204 -0.676384 0.389390
vn 0.625178 -0.676352 0.389487
vn 0.513133 -0.767905 0.383427
vn 0.513154 -0.767940 0.383328
vn 0.255190 -0.276085 0.926637
vn 0.001929 -0.002086 0.999996
vn 0.001154 -0.028966 0.999580
vn 0.015097 -0.378678 0.925405
vn -0.019960 -0.380982 0.924367
vn -0.031411 -0.031855 0.998999
vn -0.376486 -0.026883 0.926032
vn -0.317813 -0.334985 0.887006
vn -0.922702 -0.035167 0.383907
vn -0.998328 -0.047334 0.033189
vn -0.916326 -0.399852 0.021558
vn -0.879178 -0.345353 0.328295
vn 0.867960 -0.392963 0.303688
vn 0.924375 -0.039931 0.379389
vn 0.922251 -0.041055 0.384406
vn 0.880993 -0.342047 0.326887
vn 0.375540 -0.028815 0.926358
vn 0.030942 -0.031769 0.999016
vn 0.020348 -0.380568 0.924529
vn 0.314773 -0.328494 0.890511
vn -0.916417 -0.399658 -0.021296
vn -0.998328 -0.047365 -0.033123
vn -0.923324 -0.035020 -0.382422
vn -0.881313 -0.342866 -0.325162
vn -0.377988 -0.026384 -0.925435
vn -0.031369 -0.031797 -0.999002
vn -0.019714 -0.381147 -0.924304
vn -0.321530 -0.334385 -0.885892
vn 0.922249 -0.041052 -0.384411
vn 0.924375 -0.039943 -0.379389
vn 0.867942 -0.392981 -0.303715
vn 0.880975 -0.342060 -0.326922
vn 0.020699 -0.380716 -0.924460
vn 0.030933 -0.031661 -0.999020
vn 0.375548 -0.028813 -0.926355
vn 0.314871 -0.328508 -0.890471
vn 0.000925 -0.381814 -0.924239
vn 0.001462 -0.034117 -0.999417
vn 0.377814 -0.021409 -0.925634
vn 0.323124 -0.325522 -0.888609
vn 0.923659 -0.021521 -0.382611
vn 0.997589 -0.032404 -0.061374
vn 0.923988 -0.380273 -0.040470
vn 0.886528 -0.327155 -0.327167
vn 0.377818 -0.021409 0.925633
vn 0.001462 -0.034117 0.999417
vn 0.000925 -0.381814 0.924239
vn 0.323126 -0.325521 0.888609
vn 0.923989 -0.380272 0.040470
vn 0.997589 -0.032404 0.061374
vn 0.923659 -0.021520 0.382611
vn 0.886531 -0.327147 0.327167
vn 0.377833 -0.925629 -0.021309
vn 0.017324 -0.929526 -0.368349
vn 0.001009 -0.923926 -0.382569
vn 0.323129 -0.888614 -0.325503
vn 0.001008 -0.382576 -0.923924
vn 0.001192 -0.151669 -0.988431
vn 0.363850 -0.121996 -0.923434
vn 0.323126 -0.325521 -0.888609
vn 0.921506 -0.122641 -0.368491
vn 0.984644 -0.172185 -0.028796
vn 0.923653 -0.382630 -0.021423
vn 0.886529 -0.327160 -0.327159
vn 0.001009 -0.923926 0.382569
vn 0.017324 -0.929526 0.368350
vn 0.377833 -0.925629 0.021310
vn 0.323130 -0.888612 0.325508
vn 0.923653 -0.382630 0.021423
vn 0.984644 -0.172185 0.028796
vn 0.921506 -0.122644 0.368491
vn 0.886529 -0.327161 0.327157
vn 0.363851 -0.121996 0.923434
vn 0.001192 -0.151669 0.988431
vn 0.001008 -0.382576 0.923924
vn 0.323126 -0.325521 0.888609
vn 0.363898 0.121852 -0.923434
vn 0.001636 0.189328 -0.981913
vn 0.002187 0.552317 -0.833631
vn 0.323236 0.325336 -0.888636
vn 0.001078 0.968190 -0.250213
vn 0.001719 0.999678 -0.025302
vn 0.377836 0.925627 -0.021340
vn 0.323142 0.888520 -0.325748
vn 0.923657 0.382620 -0.021450
vn 0.984637 0.172223 -0.028792
vn 0.921485 0.122484 -0.368595
vn 0.886518 0.326914 -0.327434
vn 0.377836 0.925627 0.021340
vn 0.001719 0.999678 0.025302
vn 0.001078 0.968190 0.250213
vn 0.323146 0.888517 0.325753
vn 0.002187 0.552317 0.833631
vn 0.001636 0.189328 0.981913
vn 0.363900 0.121853 0.923433
vn 0.323242 0.325336 0.888634
vn 0.921485 0.122483 0.368596
vn 0.984637 0.172222 0.028792
vn 0.923657 0.382620 0.021450
vn 0.886517 0.326917 0.327434
vn 0.000605 -0.924136 -0.382062
vn 0.014876 -0.929264 -0.369118
vn 0.364564 -0.931055 -0.015152
vn 0.179580 -0.966968 -0.180899
vn 0.904141 -0.419016 -0.083397
vn 0.996615 -0.057558 -0.058704
vn 0.594838 -0.535805 -0.599234
vn 0.594837 -0.535805 -0.599235
vn 0.594838 -0.535805 -0.599234
vn 0.001439 -0.050259 -0.998735
vn 0.002545 -0.383775 -0.923423
vn 0.594837 -0.535805 -0.599235
vn 0.364565 -0.931055 0.015151
vn 0.014876 -0.929259 0.369130
vn 0.000605 -0.924136 0.382062
vn 0.179583 -0.966968 0.180897
vn 0.002545 -0.383782 0.923420
vn 0.001439 -0.050260 0.998735
vn 0.594837 -0.535808 0.599231
vn 0.594836 -0.535808 0.599232
vn 0.594837 -0.535808 0.599231
vn 0.996615 -0.057558 0.058704
vn 0.904141 -0.419016 0.083397
vn 0.594836 -0.535808 0.599232
vn 0.867942 -0.392981 -0.303715
vn 0.925142 -0.069307 -0.373241
vn 0.922930 -0.066613 -0.379160
vn 0.857882 -0.425462 -0.288132
vn 0.377662 -0.058153 -0.924116
vn 0.001461 -0.042159 -0.999110
vn 0.002042 -0.382656 -0.923889
vn 0.329338 -0.476948 -0.814897
vn 0.922932 -0.066613 0.379156
vn 0.925143 -0.069313 0.373237
vn 0.867960 -0.392963 0.303688
vn 0.857899 -0.425445 0.288108
vn 0.002042 -0.382656 0.923889
vn 0.001461 -0.042159 0.999110
vn 0.377662 -0.058153 0.924116
vn 0.329345 -0.476947 0.814895
s off
g S_U_05 Roof_Sculptures_01:Roof_Sculptures_01
usemtl Roof_Sculptures_01:aiStandardSurface1SG
f 371/416/1479 370/417/1480 379/418/1481 378/419/1482
f 373/420/1483 372/421/1484 384/422/1485 383/423/1486
f 372/421/1487 371/416/1488 385/424/1489 384/422/1490
f 374/425/1491 373/420/1492 387/427/1493 386/426/1494
f 376/428/1495 375/429/1496 530/430/1497
f 378/419/1498 377/431/1499 381/432/1500 380/433/1501
f 377/431/1502 376/428/1503 382/434/1504 381/432/1505
f 389/435/1506 388/436/1507 392/437/1508 391/438/1509
f 388/439/1510 387/427/1511 393/440/1512 392/441/1513
f 390/442/1514 389/435/1515 399/444/1516 398/443/1517
f 397/445/1518 401/446/1519 526/447/1520
f 403/448/1521 402/449/1522 529/450/1523 528/451/1524
f 405/452/1525 404/453/1526 408/454/1527 407/455/1528
f 404/456/1529 403/448/1530 409/457/1531 408/458/1532
f 406/459/1533 405/452/1534 412/461/1535 411/460/1536
f 410/462/1537 414/464/1538 532/465/1539 531/463/1540
f 420/466/1541 419/467/1542 422/468/1543 421/469/1544
f 419/470/1545 418/471/1546 423/472/1547 422/473/1548
f 426/474/1549 425/475/1550 428/476/1551 427/477/1552
f 425/475/1553 424/478/1554 429/479/1555 428/476/1556
f 437/480/1557 436/481/1558 500/482/1559 499/483/1560
f 436/481/1561 441/484/1562 501/485/1563 500/482/1564
f 439/486/1565 438/487/1566 452/488/1567 451/489/1568
f 438/490/1569 437/480/1570 453/491/1571 452/492/1572
f 441/484/1573 440/493/1574 442/494/1575 447/495/1576
f 440/493/1577 439/486/1578 443/496/1579 442/494/1580
f 445/497/1581 444/498/1582 456/499/1583 455/500/1584
f 444/498/1585 443/496/1586 457/501/1587 456/499/1588
f 451/489/1589 450/502/1590 458/503/1591 457/501/1592
f 450/502/1593 449/504/1594 459/505/1595 458/503/1596
f 468/506/1597 467/507/1598 470/508/1599 469/509/1600
f 467/507/1601 466/510/1602 471/511/1603 470/508/1604
f 474/512/1605 473/513/1606 476/514/1607 475/515/1608
f 473/516/1609 472/517/1610 477/518/1611 476/519/1612
f 495/520/1613 494/521/1614 511/522/1615 510/523/1616
f 494/521/1617 493/524/1618 512/525/1619 511/522/1620
f 504/526/1621 503/527/1622 513/528/1623 512/525/1624
f 503/527/1625 502/529/1626 508/530/1627 513/528/1628
f 510/523/1629 509/531/1630 544/532/1631 543/533/1632
f 509/531/1633 508/530/1634 545/534/1635 544/532/1636
f 525/535/1637 524/536/1638 527/537/1639 526/447/1640
f 524/536/1641 523/538/1642 528/451/1643 527/537/1644
f 371/416/1645 378/419/1646 380/433/1647 385/424/1648
f 389/435/1649 391/438/1650 394/539/1651 399/444/1652
f 405/452/1653 407/455/1654 415/540/1655 412/461/1656
f 423/472/1657 418/471/1658 426/474/1659 427/477/1660
f 393/440/1661 387/427/1662 373/420/1663 383/423/1664
f 430/541/1665 496/542/1666 429/479/1667 424/478/1668
f 418/471/1669 433/543/1670 432/544/1671 426/474/1672
f 499/483/1673 435/545/1674 420/466/1675 421/469/1676
f 443/496/1677 439/486/1678 451/489/1679 457/501/1680
f 466/510/1681 460/546/1682 463/547/1683 471/511/1684
f 477/518/1685 472/517/1686 468/506/1687 469/509/1688
f 478/548/1689 474/512/1690 475/515/1691 481/549/1692
f 490/550/1693 484/551/1694 487/552/1695 493/524/1696
f 471/511/1697 463/547/1698 496/542/1699 430/541/1700
f 433/543/1701 477/518/1702 469/509/1703 432/544/1704
f 481/549/1705 475/515/1706 435/545/1707 499/483/1708
f 472/517/1709 393/440/1710 383/423/1711 468/506/1712
f 394/539/1713 391/438/1714 474/512/1715 478/548/1716
f 415/540/1717 407/455/1718 484/551/1719 490/550/1720
f 385/424/1721 380/433/1722 460/546/1723 466/510/1724
f 449/504/1725 423/472/1726 427/477/1727 459/505/1728
f 437/480/1729 499/483/1730 421/469/1731 453/491/1732
f 489/553/1733 517/554/1734 514/555/1735 506/556/1736
f 486/557/1737 520/558/1738 517/554/1739 489/553/1740
f 409/457/1741 523/538/1742 520/558/1743 486/557/1744
f 403/448/1745 528/451/1746 523/538/1747 409/457/1748
f 534/559/1749 532/465/1750 414/464/1751 417/560/1752
f 537/561/1753 534/559/1754 417/560/1755 492/562/1756
f 540/563/1757 537/561/1758 492/562/1759 495/520/1760
f 543/533/1761 540/563/1762 495/520/1763 510/523/1764
f 429/479/1765 496/542/1766 445/497/1767 455/500/1768
f 376/428/1769 530/430/1770 536/564/1771 382/434/1772
f 525/535/1773 526/447/1774 401/446/1775 396/565/1776
f 508/530/1777 502/529/1778 441/484/1779 447/495/1780
f 539/566/1781 542/567/1782 465/568/1783 462/569/1784
f 519/570/1785 522/571/1786 480/572/1787 483/573/1788
f 542/567/1789 545/534/1790 498/574/1791 465/568/1792
f 516/575/1793 519/570/1794 483/573/1795 501/485/1796
f 522/571/1797 525/535/1798 396/565/1799 480/572/1800
f 536/564/1801 539/566/1802 462/569/1803 382/434/1804
f 502/529/1805 516/575/1806 501/485/1807 441/484/1808
f 545/534/1809 508/530/1810 447/495/1811 498/574/1812
f 487/552/1813 504/526/1814 512/525/1815 493/524/1816
f 380/433/1817 381/432/1818 461/576/1819 460/546/1820
f 381/432/1821 382/434/1822 462/569/1823 461/576/1824
f 394/539/1825 395/577/1826 400/578/1827 399/444/1828
f 395/577/1829 396/565/1830 401/446/1831 400/578/1832
f 407/455/1833 408/454/1834 485/579/1835 484/551/1836
f 408/458/1837 409/457/1838 486/557/1839 485/580/1840
f 414/464/1841 413/581/1842 416/582/1843 417/560/1844
f 413/581/1845 412/461/1846 415/540/1847 416/582/1848
f 418/471/1849 419/470/1850 434/583/1851 433/543/1852
f 419/467/1853 420/466/1854 435/545/1855 434/584/1856
f 421/469/1857 422/468/1858 448/585/1859 453/491/1860
f 422/473/1861 423/472/1862 449/504/1863 448/586/1864
f 424/478/1865 425/475/1866 431/587/1867 430/541/1868
f 425/475/1869 426/474/1870 432/544/1871 431/587/1872
f 427/477/1873 428/476/1874 454/588/1875 459/505/1876
f 428/476/1877 429/479/1878 455/500/1879 454/588/1880
f 460/546/1881 461/576/1882 464/589/1883 463/547/1884
f 461/576/1885 462/569/1886 465/568/1887 464/589/1888
f 463/547/1889 464/589/1890 497/590/1891 496/542/1892
f 464/589/1893 465/568/1894 498/574/1895 497/590/1896
f 383/423/1897 384/422/1898 467/507/1899 468/506/1900
f 384/422/1901 385/424/1902 466/510/1903 467/507/1904
f 430/541/1905 431/587/1906 470/508/1907 471/511/1908
f 431/587/1909 432/544/1910 469/509/1911 470/508/1912
f 391/438/1913 392/437/1914 473/513/1915 474/512/1916
f 392/441/1917 393/440/1918 472/517/1919 473/516/1920
f 433/543/1921 434/583/1922 476/519/1923 477/518/1924
f 434/584/1925 435/545/1926 475/515/1927 476/514/1928
f 396/565/1929 395/577/1930 479/591/1931 480/572/1932
f 395/577/1933 394/539/1934 478/548/1935 479/591/1936
f 480/572/1937 479/591/1938 482/592/1939 483/573/1940
f 479/591/1941 478/548/1942 481/549/1943 482/592/1944
f 484/551/1945 485/579/1946 488/593/1947 487/552/1948
f 485/580/1949 486/557/1950 489/553/1951 488/594/1952
f 487/552/1953 488/593/1954 505/595/1955 504/526/1956
f 488/594/1957 489/553/1958 506/556/1959 505/596/1960
f 417/560/1961 416/582/1962 491/597/1963 492/562/1964
f 416/582/1965 415/540/1966 490/550/1967 491/597/1968
f 492/562/1969 491/597/1970 494/521/1971 495/520/1972
f 491/597/1973 490/550/1974 493/524/1975 494/521/1976
f 447/495/1977 446/598/1978 497/590/1979 498/574/1980
f 446/598/1981 445/497/1982 496/542/1983 497/590/1984
f 483/573/1985 482/592/1986 500/482/1987 501/485/1988
f 482/592/1989 481/549/1990 499/483/1991 500/482/1992
f 502/529/1993 507/599/1994 515/600/1995 516/575/1996
f 507/599/1997 506/556/1998 514/555/1999 515/600/2000
f 516/575/2001 515/600/2002 518/601/2003 519/570/2004
f 515/600/2005 514/555/2006 517/554/2007 518/601/2008
f 519/570/2009 518/601/2010 521/602/2011 522/571/2012
f 518/601/2013 517/554/2014 520/558/2015 521/602/2016
f 522/571/2017 521/602/2018 524/536/2019 525/535/2020
f 521/602/2021 520/558/2022 523/538/2023 524/536/2024
f 530/430/2025 533/603/2026 535/604/2027 536/564/2028
f 533/603/2029 532/465/2030 534/559/2031 535/604/2032
f 536/564/2033 535/604/2034 538/605/2035 539/566/2036
f 535/604/2037 534/559/2038 537/561/2039 538/605/2040
f 539/566/2041 538/605/2042 541/606/2043 542/567/2044
f 538/605/2045 537/561/2046 540/563/2047 541/606/2048
f 542/567/2049 541/606/2050 544/532/2051 545/534/2052
f 541/606/2053 540/563/2054 543/533/2055 544/532/2056
f 370/417/2057 371/416/2058 372/421/2059 546/607/2060
f 372/421/2061 373/420/2062 374/425/2063 546/607/2064
f 375/429/2065 376/428/2066 377/431/2067 547/608/2068
f 377/431/2069 378/419/2070 379/418/2071 547/608/2072
f 386/426/2073 387/427/2074 388/439/2075 548/610/2076
f 388/436/2077 389/435/2078 390/442/2079 548/609/2080
f 400/578/2081 401/446/2082 397/445/2083 549/611/2084
f 398/443/2085 399/444/2086 400/578/2087 549/611/2088
f 402/449/2089 403/448/2090 404/456/2091 550/613/2092
f 404/453/2093 405/452/2094 406/459/2095 550/612/2096
f 413/581/2097 414/464/2098 410/462/2099 551/614/2100
f 411/460/2101 412/461/2102 413/581/2103 551/614/2104
f 440/493/2105 441/484/2106 436/615/2107 552/616/2108
f 436/481/2109 437/480/2110 438/490/2111 552/617/2112
f 438/487/2113 439/486/2114 440/493/2115 552/616/2116
f 446/598/2117 447/495/2118 442/494/2119 553/618/2120
f 442/494/2121 443/496/2122 444/498/2123 553/618/2124
f 444/498/2125 445/497/2126 446/598/2127 553/618/2128
f 452/492/2129 453/491/2130 448/585/2131 554/619/2132
f 448/586/2133 449/504/2134 450/502/2135 554/620/2136
f 450/502/2137 451/489/2138 452/488/2139 554/620/2140
f 458/503/2141 459/505/2142 454/588/2143 555/621/2144
f 454/588/2145 455/500/2146 456/499/2147 555/621/2148
f 456/499/2149 457/501/2150 458/503/2151 555/621/2152
f 507/599/2153 502/529/2154 503/622/2155 556/623/2156
f 503/527/2157 504/526/2158 505/595/2159 556/624/2160
f 505/596/2161 506/556/2162 507/599/2163 556/623/2164
f 513/528/2165 508/530/2166 509/531/2167 557/625/2168
f 509/531/2169 510/523/2170 511/522/2171 557/625/2172
f 511/522/2173 512/525/2174 513/528/2175 557/625/2176
f 397/445/2177 526/447/2178 527/537/2179 558/626/2180
f 527/537/2181 528/451/2182 529/450/2183 558/626/2184
f 533/603/2185 530/430/2186 375/429/2187 559/627/2188
f 531/463/2189 532/465/2190 533/603/2191 559/627/2192
g default
v 95.760117 327.535706 205.534637
v 69.735428 337.307861 205.534637
v 106.539673 303.943298 205.534637
v 104.376404 177.814880 205.534637
v 106.539703 182.549347 205.534637
v 99.153854 175.853867 205.534637
v -352.490784 177.815491 205.534637
v -347.268158 175.854477 205.534637
v -354.654022 182.549957 205.534637
v -347.268219 337.308350 205.534637
v -352.490784 335.347351 205.534637
v -354.654022 330.612854 205.534637
v 120.925888 307.121826 204.362213
v 106.495743 339.303711 204.175049
v 72.428238 352.371033 204.489471
v -349.959869 352.368835 204.453949
v -363.218384 347.107605 204.081329
v -369.036346 333.789490 204.314087
v -349.959869 160.793991 204.453918
v 101.845596 160.793381 204.453918
v -369.036346 179.373337 204.314087
v 120.921967 179.372696 204.314087
v 115.103958 166.054672 204.081329
v -363.218384 166.055283 204.081329
v 119.200150 310.818481 308.502350
v 120.619507 311.164551 311.252258
v 123.598557 311.776611 312.187988
v 107.858780 337.747192 308.465546
v 108.966339 338.835754 311.225647
v 111.209915 341.129333 312.132416
v 80.488052 348.904907 308.509338
v 80.916855 350.279602 311.265045
v 81.573898 353.223755 312.221893
v -359.546204 348.905396 308.509644
v -359.985657 350.270996 311.262939
v -360.614777 353.192566 312.215546
v -365.037445 346.665039 308.482330
v -366.179077 347.755676 311.220093
v -368.490295 350.019043 312.097382
v -367.314728 341.262146 308.506439
v -368.740387 341.684998 311.248993
v -371.736298 342.360535 312.171509
v -359.546173 164.257660 308.509644
v -359.987946 162.879944 311.261993
v -360.622589 159.929276 312.212280
v 111.432007 164.257050 308.509644
v 111.871506 162.891403 311.262939
v 112.500595 159.969879 312.215546
v -367.314697 171.900879 308.506439
v -368.726166 171.481033 311.250244
v -371.687744 170.812637 312.175812
v 119.200531 171.900269 308.506439
v 120.626190 171.477463 311.248993
v 123.622116 170.801941 312.171509
v 116.923325 166.497360 308.483063
v 118.064545 165.407028 311.221039
v 120.375092 163.143951 312.099487
v -365.037445 166.498016 308.482330
v -366.182312 165.404190 311.219635
v -368.501465 163.132996 312.095825
v 132.952454 313.680725 307.349823
v 131.984085 313.555176 310.289490
v 129.201187 313.029785 311.709045
v 115.410324 345.465942 311.575897
v 117.454086 347.598389 310.122131
v 118.125473 348.345581 307.177307
v 82.530930 358.723450 311.799835
v 83.017212 361.479248 310.403748
v 83.062408 362.466064 307.471466
v -362.120087 362.464661 307.443451
v -362.112701 361.478882 310.373749
v -361.664551 358.724854 311.774597
v -372.537415 354.406189 311.511658
v -374.615784 356.527588 310.034943
v -375.294861 357.255371 307.076660
v -377.320831 343.522217 311.675690
v -380.097076 344.047729 310.246674
v -381.063232 344.123108 307.305786
v -362.120087 150.698425 307.443451
v -362.110870 151.694061 310.374542
v -361.658142 154.471756 311.777252
v 113.544037 154.471146 311.777252
v 113.996719 151.693451 310.374542
v 114.005966 150.697815 307.443451
v -377.299042 169.645325 311.677612
v -380.090668 169.116623 310.247223
v -381.063171 169.039917 307.305756
v 132.949051 169.039276 307.305725
v 131.976517 169.115982 310.247192
v 129.184921 169.644699 311.677612
v 124.423218 158.756332 311.511658
v 126.501572 156.634933 310.034943
v 127.180634 155.907166 307.076660
v -372.542053 158.752258 311.511017
v -374.617126 156.634171 310.034729
v -375.294861 155.907776 307.076660
vt 0.500000 0.056147
vt 0.500000 0.056139
vt 0.500000 0.062500
vt 0.500000 0.062500
vt 0.500000 0.056139
vt 0.500000 0.062500
vt 0.438446 0.062500
vt 0.438446 0.062500
vt 0.437500 0.062500
vt 0.437503 0.062500
vt 0.438446 0.062500
vt 0.437500 0.062500
vt 0.438445 0.031250
vt 0.438445 0.031250
vt 0.499055 0.031250
vt 0.499055 0.031250
vt 0.438445 0.031250
vt 0.499055 0.031250
vt 0.500000 0.056138
vt 0.500000 0.062500
vt 0.495289 0.062500
vt 0.495319 0.062500
vt 0.438445 0.062500
vt 0.437500 0.062500
vt 0.437500 0.061223
vt 0.437500 0.061223
vt 0.438445 0.031250
vt 0.499055 0.031250
vt 0.437500 0.032527
vt 0.437500 0.032527
vt 0.500000 0.032526
vt 0.500000 0.032527
vt 0.500000 0.031250
vt 0.500000 0.031250
vt 0.437500 0.031250
vt 0.437500 0.031250
vt 0.500000 0.056139
vt 0.500000 0.062500
vt 0.500000 0.062500
vt 0.500000 0.056138
vt 0.495319 0.062500
vt 0.495289 0.062500
vt 0.438446 0.062500
vt 0.437500 0.062500
vt 0.437500 0.062500
vt 0.438445 0.062500
vt 0.437500 0.061223
vt 0.437500 0.061223
vt 0.438445 0.031250
vt 0.499055 0.031250
vt 0.499055 0.031250
vt 0.438445 0.031250
vt 0.437500 0.032527
vt 0.437500 0.032527
vt 0.500000 0.032526
vt 0.500000 0.032527
vt 0.500000 0.031250
vt 0.500000 0.031250
vt 0.437500 0.031250
vt 0.437500 0.031250
vt 0.500000 0.062500
vt 0.500000 0.056131
vt 0.495327 0.062500
vt 0.495314 0.062500
vt 0.437500 0.062490
vt 0.438446 0.062500
vt 0.437500 0.061223
vt 0.437500 0.061223
vt 0.499055 0.031250
vt 0.438445 0.031250
vt 0.437500 0.032527
vt 0.437500 0.032527
vt 0.500000 0.032526
vt 0.500000 0.032526
vt 0.500000 0.031260
vt 0.499997 0.031250
vt 0.437500 0.031260
vt 0.437503 0.031250
vt 0.500000 0.056139
vt 0.500000 0.062500
vt 0.500000 0.056139
vt 0.500000 0.062500
vt 0.495319 0.062500
vt 0.495319 0.062500
vt 0.438446 0.062500
vt 0.438446 0.062500
vt 0.437500 0.062500
vt 0.437500 0.062500
vt 0.437500 0.061223
vt 0.437500 0.061223
vt 0.437500 0.032527
vt 0.437500 0.032527
vt 0.438445 0.031250
vt 0.499055 0.031250
vt 0.438445 0.031250
vt 0.499055 0.031250
vt 0.500000 0.031250
vt 0.500000 0.031250
vt 0.437500 0.031250
vt 0.437500 0.031250
vt 0.500000 0.032526
vt 0.500000 0.032526
vt 0.500000 0.032526
vt 0.495319 0.062500
vt 0.437500 0.061223
vt 0.437500 0.032527
vt 0.500000 0.031250
vt 0.437500 0.031250
vn 0.245936 0.019969 0.969081
vn 0.453288 0.035846 0.890643
vn 0.306117 0.311770 0.899495
vn 0.185461 0.184233 0.965227
vn 0.946770 0.077705 0.312391
vn 0.990396 0.086446 -0.107900
vn 0.910654 0.394751 -0.121988
vn 0.878144 0.373944 0.298378
vn -0.002831 0.235801 0.971797
vn -0.004883 0.452121 0.891943
vn -0.313259 0.314150 0.896202
vn -0.201035 0.199351 0.959085
vn -0.010838 0.947720 0.318920
vn -0.012115 0.996227 -0.085933
vn -0.364858 0.923029 -0.122049
vn -0.360474 0.883600 0.298847
vn -0.002609 -0.237079 0.971487
vn -0.004498 -0.450313 0.892859
vn 0.004500 -0.450307 0.892862
vn 0.002612 -0.237074 0.971488
vn -0.010149 -0.946817 0.321612
vn -0.011393 -0.996251 -0.085753
vn 0.011393 -0.996251 -0.085753
vn 0.010151 -0.946815 0.321619
vn 0.990396 0.086446 -0.107900
vn 0.989451 0.080499 -0.120441
vn 0.909222 0.394321 -0.133519
vn 0.910654 0.394751 -0.121988
vn 0.365297 0.923997 -0.113080
vn 0.364483 0.922804 -0.124840
vn 0.025116 0.994683 -0.099875
vn 0.029943 0.995712 -0.087533
vn -0.012115 0.996227 -0.085933
vn -0.009976 0.995066 -0.098716
vn -0.364072 0.921809 -0.133118
vn -0.364858 0.923029 -0.122049
vn -0.909681 0.393263 -0.133512
vn -0.908341 0.392463 -0.144536
vn -0.992586 0.029211 -0.117984
vn -0.993883 0.033910 -0.105108
vn -0.011393 -0.996251 -0.085753
vn -0.009379 -0.995079 -0.098644
vn 0.009379 -0.995079 -0.098644
vn 0.011393 -0.996251 -0.085753
vn -0.993883 0.033910 -0.105108
vn -0.992586 0.029211 -0.117984
vn -0.992586 -0.029212 -0.117984
vn -0.993882 -0.033911 -0.105110
vn 0.993581 -0.040217 -0.105736
vn 0.992345 -0.034728 -0.118510
vn 0.989451 0.080499 -0.120441
vn 0.990396 0.086446 -0.107900
vn 0.029943 0.995712 -0.087533
vn 0.025116 0.994683 -0.099875
vn -0.009976 0.995066 -0.098716
vn -0.012115 0.996227 -0.085933
vn 0.011393 -0.996251 -0.085753
vn 0.009379 -0.995079 -0.098644
vn 0.364079 -0.921806 -0.133116
vn 0.364860 -0.923034 -0.122006
vn 0.909684 -0.393263 -0.133487
vn 0.908339 -0.392467 -0.144537
vn 0.992345 -0.034728 -0.118510
vn 0.993581 -0.040217 -0.105736
vn -0.993882 -0.033911 -0.105110
vn -0.992586 -0.029212 -0.117984
vn -0.908340 -0.392465 -0.144535
vn -0.909685 -0.393260 -0.133491
vn -0.364856 -0.923035 -0.122011
vn -0.364078 -0.921807 -0.133116
vn -0.009379 -0.995079 -0.098644
vn -0.011393 -0.996251 -0.085753
vn -0.987845 -0.071531 0.138004
vn -0.906555 -0.393440 0.152846
vn -0.907970 -0.394555 0.141128
vn -0.989841 -0.066073 0.125892
vn -0.363435 -0.919583 0.149275
vn -0.023706 -0.991791 0.125653
vn -0.019764 -0.993317 0.113709
vn -0.363673 -0.921301 0.137645
vn 0.005083 -0.992236 0.124269
vn 0.362779 -0.918411 0.157839
vn 0.363140 -0.920246 0.145862
vn 0.004063 -0.993657 0.112378
vn 0.904909 -0.392563 0.164418
vn 0.990763 -0.014337 0.134848
vn 0.992408 -0.012030 0.122398
vn 0.906505 -0.393817 0.152172
vn 0.004771 0.992239 0.124255
vn -0.004772 0.992239 0.124250
vn -0.003813 0.993662 0.112347
vn 0.003813 0.993662 0.112347
vn 0.990763 -0.014337 0.134848
vn 0.990764 0.014338 0.134840
vn 0.992408 0.012030 0.122398
vn 0.992408 -0.012030 0.122398
vn -0.990669 0.017302 0.135190
vn -0.987845 -0.071531 0.138004
vn -0.989841 -0.066073 0.125892
vn -0.992343 0.014534 0.122655
vn -0.023706 -0.991791 0.125653
vn 0.005083 -0.992236 0.124269
vn 0.004063 -0.993657 0.112378
vn -0.019764 -0.993317 0.113709
vn -0.004772 0.992239 0.124250
vn -0.362795 0.918405 0.157837
vn -0.363153 0.920241 0.145862
vn -0.003813 0.993662 0.112347
vn -0.904903 0.392579 0.164415
vn -0.990669 0.017302 0.135190
vn -0.992343 0.014534 0.122655
vn -0.906500 0.393830 0.152171
vn 0.990764 0.014338 0.134840
vn 0.904938 0.392522 0.164356
vn 0.906505 0.393819 0.152170
vn 0.992408 0.012030 0.122398
vn 0.362796 0.918387 0.157941
vn 0.004771 0.992239 0.124255
vn 0.003813 0.993662 0.112347
vn 0.363144 0.920245 0.145859
vn 0.000652 -0.002495 0.999997
vn -0.026478 -0.001181 0.999649
vn 0.245936 0.019969 0.969081
vn 0.185461 0.184233 0.965227
vn -0.000410 -0.039147 0.999233
vn 0.000652 -0.002495 0.999997
vn 0.185461 0.184233 0.965227
vn 0.006881 0.235293 0.971900
vn -0.016767 0.011142 0.999797
vn -0.000291 -0.039415 0.999223
vn -0.002831 0.235801 0.971797
vn -0.201035 0.199351 0.959085
vn 0.024594 0.000541 0.999697
vn -0.016767 0.011142 0.999797
vn -0.201035 0.199351 0.959085
vn -0.248711 0.007333 0.968550
vn 0.000241 0.038672 0.999252
vn -0.000253 0.038655 0.999253
vn -0.002609 -0.237079 0.971487
vn 0.002612 -0.237074 0.971488
vn 0.024699 -0.000510 0.999695
vn 0.024594 0.000541 0.999697
vn -0.248711 0.007333 0.968550
vn -0.248674 -0.007340 0.968559
vn -0.026478 -0.001181 0.999649
vn -0.025977 -0.000754 0.999662
vn 0.247653 -0.008963 0.968807
vn 0.245936 0.019969 0.969081
vn -0.000291 -0.039415 0.999223
vn -0.000410 -0.039147 0.999233
vn 0.006881 0.235293 0.971900
vn -0.002831 0.235801 0.971797
vn 0.016705 -0.011066 0.999799
vn 0.000241 0.038672 0.999252
vn 0.002612 -0.237074 0.971488
vn 0.201091 -0.199512 0.959040
vn -0.025977 -0.000754 0.999662
vn 0.016705 -0.011066 0.999799
vn 0.201091 -0.199512 0.959040
vn 0.247653 -0.008963 0.968807
vn -0.016750 -0.011219 0.999797
vn 0.024699 -0.000510 0.999695
vn -0.248674 -0.007340 0.968559
vn -0.201181 -0.199551 0.959013
vn -0.000253 0.038655 0.999253
vn -0.016750 -0.011219 0.999797
vn -0.201181 -0.199551 0.959013
vn -0.002609 -0.237079 0.971487
vn -0.987845 -0.071531 0.138004
vn -0.884667 -0.061233 0.462185
vn -0.818614 -0.341701 0.461641
vn -0.906555 -0.393440 0.152846
vn -0.295107 -0.020130 0.955252
vn -0.026478 -0.001181 0.999649
vn 0.000652 -0.002495 0.999997
vn -0.195446 -0.196795 0.960767
vn -0.363435 -0.919583 0.149275
vn -0.336815 -0.821552 0.460009
vn -0.021760 -0.893812 0.447913
vn -0.023706 -0.991791 0.125653
vn -0.195446 -0.196795 0.960767
vn 0.000652 -0.002495 0.999997
vn -0.000410 -0.039147 0.999233
vn -0.006908 -0.307705 0.951457
vn -0.023706 -0.991791 0.125653
vn -0.021760 -0.893812 0.447913
vn 0.004788 -0.895031 0.445978
vn 0.005083 -0.992236 0.124269
vn -0.006908 -0.307705 0.951457
vn -0.000410 -0.039147 0.999233
vn -0.000291 -0.039415 0.999223
vn 0.001625 -0.309086 0.951033
vn 0.005083 -0.992236 0.124269
vn 0.004788 -0.895031 0.445978
vn 0.333886 -0.821192 0.462779
vn 0.362779 -0.918411 0.157839
vn 0.001625 -0.309086 0.951033
vn -0.000291 -0.039415 0.999223
vn -0.016767 0.011142 0.999797
vn 0.186658 -0.193894 0.963101
vn 0.904909 -0.392563 0.164418
vn 0.813975 -0.338574 0.472030
vn 0.888735 -0.012561 0.458248
vn 0.990763 -0.014337 0.134848
vn 0.186658 -0.193894 0.963101
vn -0.016767 0.011142 0.999797
vn 0.024594 0.000541 0.999697
vn 0.297128 -0.004200 0.954828
vn 0.990763 -0.014337 0.134848
vn 0.888735 -0.012561 0.458248
vn 0.888766 0.012597 0.458189
vn 0.990764 0.014338 0.134840
vn 0.297128 -0.004200 0.954828
vn 0.024594 0.000541 0.999697
vn 0.024699 -0.000510 0.999695
vn 0.297223 0.004256 0.954799
vn 0.004771 0.992239 0.124255
vn 0.004482 0.894730 0.446584
vn -0.004501 0.894746 0.446552
vn -0.004772 0.992239 0.124250
vn 0.001510 0.307824 0.951442
vn -0.000253 0.038655 0.999253
vn 0.000241 0.038672 0.999252
vn -0.001545 0.307866 0.951428
vn -0.004772 0.992239 0.124250
vn -0.004501 0.894746 0.446552
vn -0.333984 0.821189 0.462712
vn -0.362795 0.918405 0.157837
vn -0.001545 0.307866 0.951428
vn 0.000241 0.038672 0.999252
vn 0.016705 -0.011066 0.999799
vn -0.186833 0.194064 0.963033
vn 0.990764 0.014338 0.134840
vn 0.888766 0.012597 0.458189
vn 0.815176 0.337604 0.470650
vn 0.904938 0.392522 0.164356
vn 0.297223 0.004256 0.954799
vn 0.024699 -0.000510 0.999695
vn -0.016750 -0.011219 0.999797
vn 0.187313 0.192407 0.963272
vn -0.026478 -0.001181 0.999649
vn -0.295107 -0.020130 0.955252
vn -0.297560 0.005039 0.954690
vn -0.025977 -0.000754 0.999662
vn -0.884667 -0.061233 0.462185
vn -0.987845 -0.071531 0.138004
vn -0.990669 0.017302 0.135190
vn -0.888243 0.015156 0.459124
vn -0.025977 -0.000754 0.999662
vn -0.297560 0.005039 0.954690
vn -0.186833 0.194064 0.963033
vn 0.016705 -0.011066 0.999799
vn -0.888243 0.015156 0.459124
vn -0.990669 0.017302 0.135190
vn -0.904903 0.392579 0.164415
vn -0.813973 0.338677 0.471959
vn -0.000253 0.038655 0.999253
vn 0.001510 0.307824 0.951442
vn 0.187313 0.192407 0.963272
vn -0.016750 -0.011219 0.999797
vn 0.004482 0.894730 0.446584
vn 0.004771 0.992239 0.124255
vn 0.362796 0.918387 0.157941
vn 0.333974 0.819917 0.464970
vn 0.990396 0.086446 -0.107900
vn 0.946770 0.077705 0.312391
vn 0.949479 -0.034911 0.311882
vn 0.993581 -0.040217 -0.105736
vn 0.453288 0.035846 0.890643
vn 0.245936 0.019969 0.969081
vn 0.247653 -0.008963 0.968807
vn 0.455773 -0.015922 0.889953
vn 0.185461 0.184233 0.965227
vn 0.306117 0.311770 0.899495
vn 0.012470 0.451203 0.892334
vn 0.006881 0.235293 0.971900
vn 0.360464 0.881905 0.303823
vn 0.365297 0.923997 -0.113080
vn 0.029943 0.995712 -0.087533
vn 0.027890 0.947254 0.319267
vn 0.006881 0.235293 0.971900
vn 0.012470 0.451203 0.892334
vn -0.004883 0.452121 0.891943
vn -0.002831 0.235801 0.971797
vn 0.027890 0.947254 0.319267
vn 0.029943 0.995712 -0.087533
vn -0.012115 0.996227 -0.085933
vn -0.010838 0.947720 0.318920
vn -0.201035 0.199351 0.959085
vn -0.313259 0.314150 0.896202
vn -0.457697 0.013145 0.889011
vn -0.248711 0.007333 0.968550
vn -0.874108 0.386198 0.294595
vn -0.909681 0.393263 -0.133512
vn -0.993883 0.033910 -0.105108
vn -0.949826 0.029247 0.311410
vn -0.248711 0.007333 0.968550
vn -0.457697 0.013145 0.889011
vn -0.457669 -0.013176 0.889025
vn -0.248674 -0.007340 0.968559
vn -0.949826 0.029247 0.311410
vn -0.993883 0.033910 -0.105108
vn -0.993882 -0.033911 -0.105110
vn -0.949810 -0.029256 0.311455
vn 0.002612 -0.237074 0.971488
vn 0.004500 -0.450307 0.892862
vn 0.312382 -0.313380 0.896778
vn 0.201091 -0.199512 0.959040
vn 0.010151 -0.946815 0.321619
vn 0.011393 -0.996251 -0.085753
vn 0.364860 -0.923034 -0.122006
vn 0.360044 -0.883299 0.300253
vn -0.248674 -0.007340 0.968559
vn -0.457669 -0.013176 0.889025
vn -0.312515 -0.313520 0.896682
vn -0.201181 -0.199551 0.959013
vn -0.949810 -0.029256 0.311455
vn -0.993882 -0.033911 -0.105110
vn -0.909685 -0.393260 -0.133491
vn -0.874030 -0.385887 0.295235
vn 0.993581 -0.040217 -0.105736
vn 0.949479 -0.034911 0.311882
vn 0.873931 -0.385918 0.295487
vn 0.909684 -0.393263 -0.133487
vn 0.455773 -0.015922 0.889953
vn 0.247653 -0.008963 0.968807
vn 0.201091 -0.199512 0.959040
vn 0.312382 -0.313380 0.896778
vn -0.011393 -0.996251 -0.085753
vn -0.010149 -0.946817 0.321612
vn -0.360011 -0.883397 0.300004
vn -0.364856 -0.923035 -0.122011
vn -0.004498 -0.450313 0.892859
vn -0.002609 -0.237079 0.971487
vn -0.201181 -0.199551 0.959013
vn -0.312515 -0.313520 0.896682
s off
g S_U_05 Window_Frame_01:Window_Frame_01
usemtl Window_Frame_01:aiStandardSurface1SG
f 622/628/2193 621/629/2194 624/630/2195 623/631/2196
f 621/629/2197 620/632/2198 625/633/2199 624/630/2200
f 631/634/2201 630/635/2202 633/636/2203 632/637/2204
f 630/635/2205 629/638/2206 634/639/2207 633/636/2208
f 640/640/2209 639/641/2210 642/642/2211 641/643/2212
f 639/641/2213 638/644/2214 643/645/2215 642/642/2216
f 620/632/2217 572/646/2218 573/647/2219 625/633/2220
f 625/633/2221 573/647/2222 574/648/2223 628/649/2224
f 629/638/2225 575/650/2226 576/651/2227 634/639/2228
f 634/639/2229 576/651/2230 577/652/2231 637/653/2232
f 638/644/2233 578/654/2234 579/655/2235 643/645/2236
f 637/653/2237 577/652/2238 580/656/2239 646/657/2240
f 647/658/2241 581/659/2242 572/646/2243 620/632/2244
f 628/649/2245 574/648/2246 575/650/2247 629/638/2248
f 643/645/2249 579/655/2250 582/660/2251 652/661/2252
f 652/661/2253 582/660/2254 581/659/2255 647/658/2256
f 646/657/2257 580/656/2258 583/662/2259 655/663/2260
f 655/663/2261 583/662/2262 578/654/2263 638/644/2264
f 584/664/2265 587/665/2266 560/666/2267 562/667/2268
f 587/665/2269 590/668/2270 561/669/2271 560/666/2272
f 593/670/2273 596/671/2274 570/672/2275 569/673/2276
f 596/671/2277 599/674/2278 571/675/2279 570/672/2280
f 602/676/2281 605/677/2282 565/678/2283 567/679/2284
f 599/674/2285 608/680/2286 568/681/2287 571/675/2288
f 611/682/2289 584/664/2290 562/667/2291 564/683/2292
f 590/668/2293 593/670/2294 569/673/2295 561/669/2296
f 605/677/2297 614/684/2298 563/685/2299 565/678/2300
f 614/684/2301 611/682/2302 564/683/2303 563/685/2304
f 608/680/2305 617/686/2306 566/687/2307 568/681/2308
f 617/686/2309 602/676/2310 567/679/2311 566/687/2312
f 589/688/2313 586/689/2314 622/628/2315 623/631/2316
f 592/690/2317 589/688/2318 623/631/2319 626/691/2320
f 598/692/2321 595/693/2322 631/634/2323 632/637/2324
f 601/694/2325 598/692/2326 632/637/2327 635/695/2328
f 607/696/2329 604/697/2330 640/640/2331 641/643/2332
f 610/698/2333 601/694/2334 635/695/2335 644/699/2336
f 586/689/2337 613/700/2338 649/701/2339 622/628/2340
f 595/693/2341 592/690/2342 626/691/2343 631/634/2344
f 616/702/2345 607/696/2346 641/643/2347 650/703/2348
f 613/700/2349 616/702/2350 650/703/2351 649/701/2352
f 619/704/2353 610/698/2354 644/699/2355 653/705/2356
f 604/697/2357 619/704/2358 653/705/2359 640/640/2360
f 584/664/2361 585/706/2362 588/707/2363 587/665/2364
f 585/708/2365 586/689/2366 589/688/2367 588/709/2368
f 587/665/2369 588/707/2370 591/710/2371 590/668/2372
f 588/709/2373 589/688/2374 592/690/2375 591/711/2376
f 590/668/2377 591/710/2378 594/712/2379 593/670/2380
f 591/711/2381 592/690/2382 595/693/2383 594/713/2384
f 593/670/2385 594/712/2386 597/714/2387 596/671/2388
f 594/713/2389 595/693/2390 598/692/2391 597/715/2392
f 596/671/2393 597/714/2394 600/716/2395 599/674/2396
f 597/715/2397 598/692/2398 601/694/2399 600/717/2400
f 599/674/2401 600/716/2402 609/718/2403 608/680/2404
f 600/717/2405 601/694/2406 610/698/2407 609/719/2408
f 602/676/2409 603/720/2410 606/721/2411 605/677/2412
f 603/722/2413 604/697/2414 607/696/2415 606/723/2416
f 605/677/2417 606/721/2418 615/724/2419 614/684/2420
f 606/723/2421 607/696/2422 616/702/2423 615/725/2424
f 608/680/2425 609/718/2426 618/726/2427 617/686/2428
f 609/719/2429 610/698/2430 619/704/2431 618/727/2432
f 586/689/2433 585/708/2434 612/728/2435 613/700/2436
f 585/706/2437 584/664/2438 611/682/2439 612/729/2440
f 613/700/2441 612/728/2442 615/725/2443 616/702/2444
f 612/729/2445 611/682/2446 614/684/2447 615/724/2448
f 604/697/2449 603/722/2450 618/727/2451 619/704/2452
f 603/720/2453 602/676/2454 617/686/2455 618/726/2456
f 620/632/2457 621/629/2458 648/730/2459 647/658/2460
f 621/629/2461 622/628/2462 649/701/2463 648/730/2464
f 623/631/2465 624/630/2466 627/731/2467 626/691/2468
f 624/630/2469 625/633/2470 628/649/2471 627/731/2472
f 626/691/2473 627/731/2474 630/635/2475 631/634/2476
f 627/731/2477 628/649/2478 629/638/2479 630/635/2480
f 632/637/2481 633/636/2482 636/732/2483 635/695/2484
f 633/636/2485 634/639/2486 637/653/2487 636/732/2488
f 635/695/2489 636/732/2490 645/733/2491 644/699/2492
f 636/732/2493 637/653/2494 646/657/2495 645/733/2496
f 641/643/2497 642/642/2498 651/734/2499 650/703/2500
f 642/642/2501 643/645/2502 652/661/2503 651/734/2504
f 644/699/2505 645/733/2506 654/735/2507 653/705/2508
f 645/733/2509 646/657/2510 655/663/2511 654/735/2512
f 647/658/2513 648/730/2514 651/734/2515 652/661/2516
f 648/730/2517 649/701/2518 650/703/2519 651/734/2520
f 638/644/2521 639/641/2522 654/735/2523 655/663/2524
f 639/641/2525 640/640/2526 653/705/2527 654/735/2528
g default
v -369.545898 164.968903 294.894653
v 143.294418 164.968628 294.894653
v -369.545898 344.994537 294.894653
v 143.294418 344.993927 294.894653
vt 0.375000 0.000000
vt 0.625000 0.000000
vt 0.625000 0.250000
vt 0.375000 0.250000
vn 0.000000 0.000000 1.000000
vn 0.000000 0.000000 1.000000
vn 0.000000 0.000000 1.000000
vn 0.000000 0.000000 1.000000
s off
g S_U_05 Window_01:Window_01
usemtl Window_01:aiStandardSurface1SG
f 656/736/2529 657/737/2530 659/738/2531 658/739/2532
g default
v 120.578896 121.403503 304.575073
v 126.111420 123.107590 305.779114
v 128.403076 127.221619 306.277863
v 137.204422 127.221619 -214.032959
v 134.892471 123.107590 -213.616821
v 129.310928 121.403503 -212.612213
v 128.403076 138.860184 306.277863
v 126.111420 142.974213 305.779114
v 120.578896 144.678299 304.575073
v 129.310928 144.678299 -212.612213
v 134.892471 142.974213 -213.616821
v 137.204422 138.860184 -214.032959
v 111.528442 121.403503 -230.328217
v 112.560776 123.107590 -235.865021
v 112.988403 127.221619 -238.158447
v -380.831146 127.222229 -229.246704
v -380.335876 123.108200 -226.970123
v -379.140198 121.404114 -221.473999
v 112.988403 138.860184 -238.158447
v 112.560776 142.974213 -235.865021
v 111.528442 144.678299 -230.328217
v -379.140198 144.678909 -221.473999
v -380.335876 142.974823 -226.970123
v -380.831146 138.860794 -229.246704
v -396.980103 121.404114 -203.401093
v -402.540161 123.108200 -204.475861
v -404.843170 127.222229 -204.921082
v -404.079254 127.222229 305.221039
v -401.777954 123.108200 304.763062
v -396.222290 121.404114 303.657410
v -404.843170 138.860794 -204.921082
v -402.540161 142.974823 -204.475861
v -396.980103 144.678909 -203.401093
v -396.222290 144.678909 303.657410
v -401.777954 142.974823 304.763062
v -404.079254 138.860794 305.221039
v 103.857605 127.221619 330.073090
v 103.409531 123.107590 327.787140
v 102.327789 121.403503 322.268341
v -378.242432 121.404114 321.499115
v -379.354492 123.108200 327.014343
v -379.815094 127.222229 329.298828
v 102.327789 144.678299 322.268341
v 103.409531 142.974213 327.787140
v 103.857605 138.860184 330.073090
v -379.815094 138.860794 329.298828
v -379.354492 142.974823 327.014343
v -378.242432 144.678909 321.499115
v 121.023560 127.221619 323.149017
v 119.286163 123.107590 321.383118
v 115.091759 121.403503 317.119843
v 115.091759 144.678299 317.119843
v 119.286163 142.974213 321.383118
v 121.023560 138.860184 323.149017
v 130.274429 138.860184 -231.217010
v 128.501740 142.974213 -229.463745
v 124.222054 144.678299 -225.230927
v 124.222054 121.403503 -225.230927
v 128.501740 123.107590 -229.463745
v 130.274429 127.221619 -231.217010
v -397.853668 138.860794 -221.963104
v -396.076813 142.974823 -220.234894
v -391.787201 144.678909 -216.062592
v -391.787201 121.404114 -216.062592
v -396.076813 123.108200 -220.234894
v -397.853668 127.222229 -221.963104
v -396.957977 127.222229 322.235596
v -395.196930 123.108200 320.486908
v -390.945374 121.404114 316.265228
v -390.945374 144.678909 316.265228
v -395.196930 142.974823 320.486908
v -396.957977 138.860794 322.235596
v -379.102142 144.678909 -203.717438
v 111.141479 144.678299 -212.290680
v -378.280609 144.678909 303.689423
v 102.708061 144.678299 304.542999
v -379.102203 121.404114 -203.717255
v 111.141624 121.403503 -212.290680
v 102.708069 121.403503 304.542999
v -378.280548 121.404114 303.689636
vt 0.625000 0.805823
vt 0.625000 0.986610
vt 0.625000 0.763808
vt 0.625000 0.694411
vt 0.622007 0.986389
vt 0.621338 0.764526
vt 0.622015 0.263603
vt 0.625000 0.263390
vt 0.625000 0.486192
vt 0.621337 0.485469
vt 0.625000 0.444177
vt 0.625000 0.555589
vt 0.613470 0.687507
vt 0.613470 0.750000
vt 0.386203 0.750000
vt 0.386203 0.687506
vt 0.612867 0.754386
vt 0.386123 0.753287
vt 0.612871 0.495614
vt 0.613470 0.500000
vt 0.386203 0.500000
vt 0.386151 0.496684
vt 0.613470 0.562493
vt 0.386203 0.562494
vt 0.375000 0.694378
vt 0.375000 0.763749
vt 0.375000 0.986164
vt 0.375000 0.805600
vt 0.377998 0.763753
vt 0.378735 0.985257
vt 0.378015 0.486232
vt 0.375000 0.486251
vt 0.375000 0.263836
vt 0.378735 0.264743
vt 0.375000 0.555614
vt 0.375000 0.444400
vt 0.613790 0.996652
vt 0.613588 1.000000
vt 0.386507 1.000000
vt 0.387262 0.995509
vt 0.613588 0.812519
vt 0.386507 0.812510
vt 0.613588 0.437481
vt 0.613588 0.250000
vt 0.386507 0.250000
vt 0.386507 0.437481
vt 0.613751 0.253389
vt 0.387261 0.254491
vt 0.625000 0.812519
vt 0.625000 0.437481
vt 0.625000 0.562494
vt 0.625000 0.687506
vt 0.375000 0.562494
vt 0.375000 0.687506
vt 0.375000 0.812519
vt 0.375000 0.437481
vt 0.613749 0.986635
vt 0.612837 0.764490
vt 0.612908 0.485427
vt 0.618836 0.492617
vt 0.625000 0.750000
vt 0.618832 0.757381
vt 0.625000 0.500000
vt 0.375000 0.750000
vt 0.378029 0.753568
vt 0.375000 1.000000
vt 0.381230 0.992508
vt 0.375000 0.500000
vt 0.378015 0.496447
vt 0.375000 0.250000
vt 0.381230 0.257491
vt 0.625000 1.000000
vt 0.622007 0.996346
vt 0.625000 0.250000
vt 0.622045 0.253615
vt 0.386198 0.486426
vt 0.387214 0.264779
vt 0.613715 0.263401
vt 0.387213 0.985220
vt 0.386171 0.763546
vn 0.989444 -0.139689 0.038575
vn 0.871380 -0.489458 0.033585
vn 0.871960 -0.489557 0.004502
vn 0.990209 -0.139515 0.004637
vn 0.292228 -0.956289 0.010665
vn 0.078273 -0.996928 0.002856
vn 0.080639 -0.996743 0.000595
vn 0.292356 -0.956307 0.002157
vn 0.078273 0.996928 0.002856
vn 0.292228 0.956289 0.010665
vn 0.292356 0.956307 0.002157
vn 0.080639 0.996743 0.000595
vn 0.871380 0.489458 0.033585
vn 0.989444 0.139689 0.038575
vn 0.990209 0.139515 0.004637
vn 0.871960 0.489557 0.004502
vn -0.003992 -0.138481 -0.990357
vn -0.003867 -0.486605 -0.873613
vn -0.027571 -0.486535 -0.873226
vn -0.031617 -0.138651 -0.989836
vn -0.001839 -0.955659 -0.294469
vn -0.000506 -0.996709 -0.081067
vn -0.002356 -0.996885 -0.078830
vn -0.008797 -0.955647 -0.294384
vn -0.000506 0.996708 -0.081068
vn -0.001839 0.955659 -0.294470
vn -0.008797 0.955646 -0.294387
vn -0.002356 0.996885 -0.078831
vn -0.003867 0.486605 -0.873613
vn -0.003992 0.138481 -0.990357
vn -0.031617 0.138651 -0.989836
vn -0.027571 0.486535 -0.873226
vn -0.990081 -0.139684 -0.015125
vn -0.871910 -0.489495 -0.012922
vn -0.871839 -0.489514 0.016499
vn -0.990015 -0.139647 0.019195
vn -0.292377 -0.956296 -0.003717
vn -0.078772 -0.996892 -0.001002
vn -0.079229 -0.996856 0.001329
vn -0.292348 -0.956300 0.004906
vn -0.078772 0.996892 -0.001002
vn -0.292377 0.956296 -0.003717
vn -0.292348 0.956300 0.004906
vn -0.079230 0.996855 0.001329
vn -0.871910 0.489495 -0.012922
vn -0.990081 0.139684 -0.015125
vn -0.990015 0.139647 0.019195
vn -0.871839 0.489515 0.016499
vn 0.000807 -0.996867 0.079087
vn 0.003007 -0.955648 0.294495
vn -0.003996 -0.955652 0.294470
vn -0.001081 -0.996818 0.079701
vn 0.010418 -0.486546 0.873593
vn 0.012177 -0.138665 0.990265
vn -0.015551 -0.138616 0.990224
vn -0.013385 -0.486569 0.873540
vn 0.012177 0.138666 0.990264
vn 0.010418 0.486546 0.873593
vn -0.013385 0.486569 0.873540
vn -0.015551 0.138616 0.990224
vn 0.003007 0.955648 0.294496
vn 0.000807 0.996867 0.079087
vn -0.001081 0.996818 0.079701
vn -0.003996 0.955652 0.294471
vn 0.989444 0.139689 0.038575
vn 0.989444 -0.139689 0.038575
vn 0.990209 -0.139515 0.004637
vn 0.990209 0.139515 0.004637
vn -0.003992 0.138481 -0.990357
vn -0.003992 -0.138481 -0.990357
vn -0.031617 -0.138651 -0.989836
vn -0.031617 0.138651 -0.989836
vn -0.990081 0.139684 -0.015125
vn -0.990081 -0.139684 -0.015125
vn -0.990015 -0.139647 0.019195
vn -0.990015 0.139647 0.019195
vn -0.015551 0.138616 0.990224
vn -0.015551 -0.138616 0.990224
vn 0.012177 -0.138665 0.990265
vn 0.012177 0.138666 0.990264
vn 0.012177 -0.138665 0.990265
vn 0.370932 -0.129397 0.919601
vn 0.370932 0.129397 0.919601
vn 0.012177 0.138666 0.990264
vn 0.908408 -0.130056 0.397342
vn 0.989444 -0.139689 0.038575
vn 0.989444 0.139689 0.038575
vn 0.908408 0.130056 0.397342
vn -0.003992 0.138481 -0.990357
vn 0.369537 0.128801 -0.920246
vn 0.369537 -0.128801 -0.920246
vn -0.003992 -0.138481 -0.990357
vn 0.919618 0.129477 -0.370863
vn 0.990209 0.139515 0.004637
vn 0.990209 -0.139515 0.004637
vn 0.919618 -0.129477 -0.370863
vn -0.990081 0.139684 -0.015125
vn -0.917353 0.130034 -0.376238
vn -0.917353 -0.130034 -0.376238
vn -0.990081 -0.139684 -0.015125
vn -0.390077 0.129373 -0.911648
vn -0.031617 0.138651 -0.989836
vn -0.031617 -0.138651 -0.989836
vn -0.390076 -0.129371 -0.911649
vn -0.990015 -0.139647 0.019195
vn -0.914647 -0.129900 0.382814
vn -0.914647 0.129902 0.382815
vn -0.990015 0.139647 0.019195
vn -0.377758 -0.129236 0.916841
vn -0.015551 -0.138616 0.990224
vn -0.015551 0.138616 0.990224
vn -0.377758 0.129236 0.916841
vn 0.078273 -0.996928 0.002856
vn 0.000000 -1.000000 0.000000
vn 0.000000 -1.000000 0.000000
vn 0.080639 -0.996743 0.000595
vn -0.000506 0.996708 -0.081068
vn 0.000000 1.000000 0.000000
vn 0.080639 0.996743 0.000595
vn 0.075630 0.994242 -0.075914
vn -0.000506 -0.996709 -0.081067
vn -0.001839 -0.955659 -0.294469
vn 0.192257 -0.962183 -0.192979
vn 0.075630 -0.994242 -0.075914
vn -0.003867 -0.486605 -0.873613
vn -0.003992 -0.138481 -0.990357
vn 0.369537 -0.128801 -0.920246
vn 0.325678 -0.485971 -0.811028
vn -0.003992 0.138481 -0.990357
vn -0.003867 0.486605 -0.873613
vn 0.325678 0.485970 -0.811029
vn 0.369537 0.128801 -0.920246
vn -0.001839 0.955659 -0.294470
vn -0.000506 0.996708 -0.081068
vn 0.075630 0.994242 -0.075914
vn 0.192257 0.962183 -0.192979
vn -0.078772 -0.996892 -0.001002
vn -0.292377 -0.956296 -0.003717
vn -0.194922 -0.961761 -0.192408
vn -0.077124 -0.994111 -0.076129
vn -0.871910 -0.489495 -0.012922
vn -0.990081 -0.139684 -0.015125
vn -0.917353 -0.130034 -0.376238
vn -0.807591 -0.487944 -0.331221
vn -0.990015 -0.139647 0.019195
vn -0.871839 -0.489514 0.016499
vn -0.805208 -0.487919 0.337010
vn -0.914647 -0.129900 0.382814
vn -0.292348 -0.956300 0.004906
vn -0.079229 -0.996856 0.001329
vn -0.076162 -0.994137 0.076752
vn -0.192699 -0.961851 0.194190
vn -0.990081 0.139684 -0.015125
vn -0.871910 0.489495 -0.012922
vn -0.807591 0.487944 -0.331221
vn -0.917353 0.130034 -0.376238
vn -0.292377 0.956296 -0.003717
vn -0.078772 0.996892 -0.001002
vn -0.077124 0.994111 -0.076129
vn -0.194922 0.961761 -0.192408
vn -0.079230 0.996855 0.001329
vn -0.292348 0.956300 0.004906
vn -0.192698 0.961851 0.194191
vn -0.076162 0.994137 0.076752
vn -0.871839 0.489515 0.016499
vn -0.990015 0.139647 0.019195
vn -0.914647 0.129902 0.382815
vn -0.805203 0.487927 0.337009
vn 0.012177 -0.138665 0.990265
vn 0.010418 -0.486546 0.873593
vn 0.326933 -0.485974 0.810521
vn 0.370932 -0.129397 0.919601
vn 0.003007 -0.955648 0.294495
vn 0.000807 -0.996867 0.079087
vn 0.075501 -0.994100 0.077881
vn 0.190740 -0.961720 0.196754
vn 0.000807 0.996867 0.079087
vn 0.003007 0.955648 0.294496
vn 0.190740 0.961720 0.196754
vn 0.075501 0.994100 0.077881
vn 0.010418 0.486546 0.873593
vn 0.012177 0.138666 0.990264
vn 0.370932 0.129397 0.919601
vn 0.326933 0.485974 0.810521
vn 0.078273 -0.996928 0.002856
vn 0.292228 -0.956289 0.010665
vn 0.190740 -0.961720 0.196754
vn 0.075501 -0.994100 0.077881
vn 0.871380 -0.489458 0.033585
vn 0.989444 -0.139689 0.038575
vn 0.908408 -0.130056 0.397342
vn 0.799746 -0.487892 0.349812
vn 0.989444 0.139689 0.038575
vn 0.871380 0.489458 0.033585
vn 0.799746 0.487892 0.349811
vn 0.908408 0.130056 0.397342
vn 0.292228 0.956289 0.010665
vn 0.078273 0.996928 0.002856
vn 0.075501 0.994100 0.077881
vn 0.190740 0.961720 0.196754
vn 0.080639 0.996743 0.000595
vn 0.292356 0.956307 0.002157
vn 0.192257 0.962183 -0.192979
vn 0.075630 0.994242 -0.075914
vn 0.871960 0.489557 0.004502
vn 0.990209 0.139515 0.004637
vn 0.919618 0.129477 -0.370863
vn 0.809523 0.487948 -0.326464
vn 0.990209 -0.139515 0.004637
vn 0.871960 -0.489557 0.004502
vn 0.809523 -0.487948 -0.326465
vn 0.919618 -0.129477 -0.370863
vn 0.292356 -0.956307 0.002157
vn 0.080639 -0.996743 0.000595
vn 0.075630 -0.994242 -0.075914
vn 0.192257 -0.962183 -0.192979
vn -0.002356 0.996885 -0.078831
vn -0.008797 0.955646 -0.294387
vn -0.194922 0.961761 -0.192408
vn -0.077124 0.994111 -0.076129
vn -0.027571 0.486535 -0.873226
vn -0.031617 0.138651 -0.989836
vn -0.390077 0.129373 -0.911648
vn -0.343797 0.486017 -0.803487
vn -0.031617 -0.138651 -0.989836
vn -0.027571 -0.486535 -0.873226
vn -0.343796 -0.486012 -0.803490
vn -0.390076 -0.129371 -0.911649
vn -0.008797 -0.955647 -0.294384
vn -0.002356 -0.996885 -0.078830
vn -0.077124 -0.994111 -0.076129
vn -0.194922 -0.961761 -0.192408
vn -0.001081 -0.996818 0.079701
vn -0.003996 -0.955652 0.294470
vn -0.192699 -0.961851 0.194190
vn -0.076162 -0.994137 0.076752
vn -0.013385 -0.486569 0.873540
vn -0.015551 -0.138616 0.990224
vn -0.377758 -0.129236 0.916841
vn -0.332940 -0.485986 0.808065
vn -0.015551 0.138616 0.990224
vn -0.013385 0.486569 0.873540
vn -0.332941 0.485984 0.808066
vn -0.377758 0.129236 0.916841
vn -0.003996 0.955652 0.294471
vn -0.001081 0.996818 0.079701
vn -0.076162 0.994137 0.076752
vn -0.192698 0.961851 0.194191
vn -0.078772 0.996892 -0.001002
vn 0.000000 1.000000 0.000000
vn -0.002356 0.996885 -0.078831
vn -0.077124 0.994111 -0.076129
vn -0.002356 0.996885 -0.078831
vn 0.000000 1.000000 0.000000
vn 0.000000 1.000000 0.000000
vn -0.000506 0.996708 -0.081068
vn -0.079230 0.996855 0.001329
vn 0.000000 1.000000 0.000000
vn 0.000000 1.000000 0.000000
vn -0.078772 0.996892 -0.001002
vn 0.000000 1.000000 0.000000
vn 0.000000 1.000000 0.000000
vn 0.000000 1.000000 0.000000
vn 0.000000 1.000000 0.000000
vn 0.080639 0.996743 0.000595
vn 0.000000 1.000000 0.000000
vn 0.000000 1.000000 0.000000
vn 0.078273 0.996928 0.002856
vn -0.076162 0.994137 0.076752
vn -0.001081 0.996818 0.079701
vn 0.000000 1.000000 0.000000
vn -0.079230 0.996855 0.001329
vn 0.000000 1.000000 0.000000
vn 0.000000 1.000000 0.000000
vn -0.001081 0.996818 0.079701
vn 0.000807 0.996867 0.079087
vn 0.078273 0.996928 0.002856
vn 0.000000 1.000000 0.000000
vn 0.000807 0.996867 0.079087
vn 0.075501 0.994100 0.077881
vn 0.000000 -1.000000 0.000000
vn -0.079229 -0.996856 0.001329
vn -0.078772 -0.996892 -0.001002
vn 0.000000 -1.000000 0.000000
vn 0.000000 -1.000000 0.000000
vn -0.078772 -0.996892 -0.001002
vn -0.077124 -0.994111 -0.076129
vn -0.002356 -0.996885 -0.078830
vn 0.080639 -0.996743 0.000595
vn 0.000000 -1.000000 0.000000
vn -0.000506 -0.996709 -0.081067
vn 0.075630 -0.994242 -0.075914
vn 0.000000 -1.000000 0.000000
vn 0.000000 -1.000000 0.000000
vn 0.000000 -1.000000 0.000000
vn 0.000000 -1.000000 0.000000
vn -0.000506 -0.996709 -0.081067
vn 0.000000 -1.000000 0.000000
vn 0.000000 -1.000000 0.000000
vn -0.002356 -0.996885 -0.078830
vn 0.000807 -0.996867 0.079087
vn 0.000000 -1.000000 0.000000
vn 0.078273 -0.996928 0.002856
vn 0.075501 -0.994100 0.077881
vn -0.001081 -0.996818 0.079701
vn 0.000000 -1.000000 0.000000
vn 0.000000 -1.000000 0.000000
vn 0.000807 -0.996867 0.079087
vn -0.076162 -0.994137 0.076752
vn -0.079229 -0.996856 0.001329
vn 0.000000 -1.000000 0.000000
vn -0.001081 -0.996818 0.079701
s off
g S_U_05 Friezes_01:Friezes_01
usemtl Friezes_01:aiStandardSurface1SG
f 662/740/2533 661/741/2534 664/742/2535 663/743/2536
f 661/741/2537 660/744/2538 665/745/2539 664/742/2540
f 668/746/2541 667/747/2542 670/748/2543 669/749/2544
f 667/747/2545 666/750/2546 671/751/2547 670/748/2548
f 674/752/2549 673/753/2550 676/754/2551 675/755/2552
f 673/753/2553 672/756/2554 677/757/2555 676/754/2556
f 680/758/2557 679/759/2558 682/760/2559 681/761/2560
f 679/759/2561 678/762/2562 683/763/2563 682/760/2564
f 686/764/2565 685/765/2566 688/766/2567 687/767/2568
f 685/765/2569 684/768/2570 689/769/2571 688/766/2572
f 692/770/2573 691/771/2574 694/772/2575 693/773/2576
f 691/771/2577 690/774/2578 695/775/2579 694/772/2580
f 698/776/2581 697/777/2582 700/778/2583 699/779/2584
f 697/777/2585 696/780/2586 701/781/2587 700/778/2588
f 704/782/2589 703/783/2590 706/784/2591 705/785/2592
f 703/783/2593 702/786/2594 707/787/2595 706/784/2596
f 666/750/2597 662/740/2598 663/743/2599 671/751/2600
f 678/762/2601 674/752/2602 675/755/2603 683/763/2604
f 690/774/2605 686/764/2606 687/767/2607 695/775/2608
f 705/785/2609 701/781/2610 696/780/2611 704/782/2612
f 696/780/2613 708/788/2614 713/789/2615 704/782/2616
f 708/788/2617 662/740/2618 666/750/2619 713/789/2620
f 678/762/2621 714/790/2622 719/791/2623 674/752/2624
f 714/790/2625 671/751/2626 663/743/2627 719/791/2628
f 690/774/2629 720/792/2630 725/793/2631 686/764/2632
f 720/792/2633 683/763/2634 675/755/2635 725/793/2636
f 687/767/2637 726/794/2638 731/795/2639 695/775/2640
f 726/794/2641 701/781/2642 705/785/2643 731/795/2644
f 660/744/2645 738/796/2646 737/797/2647 665/745/2648
f 680/758/2649 733/798/2650 669/749/2651 716/799/2652
f 672/756/2653 673/753/2654 718/800/2655 717/801/2656
f 673/753/2657 674/752/2658 719/791/2659 718/800/2660
f 678/762/2661 679/759/2662 715/802/2663 714/790/2664
f 679/759/2665 680/758/2666 716/799/2667 715/802/2668
f 684/768/2669 685/765/2670 724/803/2671 723/804/2672
f 685/765/2673 686/764/2674 725/793/2675 724/803/2676
f 687/767/2677 688/766/2678 727/805/2679 726/794/2680
f 688/766/2681 689/769/2682 728/806/2683 727/805/2684
f 690/774/2685 691/771/2686 721/807/2687 720/792/2688
f 691/771/2689 692/770/2690 722/808/2691 721/807/2692
f 693/773/2693 694/772/2694 730/809/2695 729/810/2696
f 694/772/2697 695/775/2698 731/795/2699 730/809/2700
f 696/780/2701 697/777/2702 709/811/2703 708/788/2704
f 697/777/2705 698/776/2706 710/812/2707 709/811/2708
f 702/786/2709 703/783/2710 712/813/2711 711/814/2712
f 703/783/2713 704/782/2714 713/789/2715 712/813/2716
f 660/744/2717 661/741/2718 709/811/2719 710/812/2720
f 661/741/2721 662/740/2722 708/788/2723 709/811/2724
f 666/750/2725 667/747/2726 712/813/2727 713/789/2728
f 667/747/2729 668/746/2730 711/814/2731 712/813/2732
f 669/749/2733 670/748/2734 715/802/2735 716/799/2736
f 670/748/2737 671/751/2738 714/790/2739 715/802/2740
f 663/743/2741 664/742/2742 718/800/2743 719/791/2744
f 664/742/2745 665/745/2746 717/801/2747 718/800/2748
f 681/761/2749 682/760/2750 721/807/2751 722/808/2752
f 682/760/2753 683/763/2754 720/792/2755 721/807/2756
f 675/755/2757 676/754/2758 724/803/2759 725/793/2760
f 676/754/2761 677/757/2762 723/804/2763 724/803/2764
f 699/779/2765 700/778/2766 727/805/2767 728/806/2768
f 700/778/2769 701/781/2770 726/794/2771 727/805/2772
f 705/785/2773 706/784/2774 730/809/2775 731/795/2776
f 706/784/2777 707/787/2778 729/810/2779 730/809/2780
f 692/770/2781 732/815/2782 681/761/2783 722/808/2784
f 681/761/2785 732/815/2786 733/798/2787 680/758/2788
f 693/773/2789 734/816/2790 732/815/2791 692/770/2792
f 733/798/2793 732/815/2794 734/816/2795 735/817/2796
f 669/749/2797 733/798/2798 735/817/2799 668/746/2800
f 729/810/2801 707/787/2802 734/816/2803 693/773/2804
f 735/817/2805 734/816/2806 707/787/2807 702/786/2808
f 668/746/2809 735/817/2810 702/786/2811 711/814/2812
f 739/818/2813 689/769/2814 684/768/2815 736/819/2816
f 736/819/2817 684/768/2818 723/804/2819 677/757/2820
f 665/745/2821 737/797/2822 672/756/2823 717/801/2824
f 738/796/2825 739/818/2826 736/819/2827 737/797/2828
f 672/756/2829 737/797/2830 736/819/2831 677/757/2832
f 698/776/2833 738/796/2834 660/744/2835 710/812/2836
f 699/779/2837 739/818/2838 738/796/2839 698/776/2840
f 728/806/2841 689/769/2842 739/818/2843 699/779/2844
g default
v -372.931458 285.698517 293.905701
v -370.187073 284.570099 293.905701
v -370.187073 285.698517 296.629974
v -370.187073 288.422760 297.758392
v -372.931458 288.422760 296.629974
v -374.068237 288.422760 293.905701
v -342.335388 285.699005 293.880219
v -341.198914 288.422760 293.905701
v -342.335693 288.422760 296.629974
v -345.080139 288.422760 297.758392
v -345.074829 285.698578 296.629974
v -345.080139 284.570099 293.905701
v -340.104675 295.518341 294.073151
v -337.461670 296.605316 294.048615
v -338.005127 297.668976 296.699707
v -338.545715 300.329926 297.758392
v -341.348572 299.932953 297.758392
v -344.151306 299.535980 297.758392
v -344.633728 296.695953 297.758392
v -345.116150 293.855865 297.758392
v -342.325378 293.370331 296.693665
v -341.198914 292.895599 294.048615
v -372.931396 299.323212 296.629974
v -374.068237 299.329620 293.905701
v -374.068237 296.605316 293.905701
v -374.068237 293.881073 293.905701
v -372.931458 293.881927 296.629974
v -370.187073 293.881073 297.758392
v -370.187073 296.605316 297.758392
v -370.187073 299.329620 297.758392
v -372.931458 340.893585 296.629974
v -370.187073 340.893585 297.758392
v -370.187073 343.617828 296.629974
v -370.187073 344.746246 293.905701
v -372.931458 343.617828 293.905701
v -374.068237 340.893585 293.905701
v -341.198914 340.893585 297.758392
v -338.454529 340.893585 297.758392
v -338.452698 343.617828 296.629974
v -338.454529 344.746246 293.905701
v -341.198914 344.746246 293.905701
v -343.943359 344.746246 293.905701
v -343.939331 343.617828 296.629974
v -343.943359 340.893585 297.758392
v -343.943359 344.746246 291.603119
v -341.198914 344.746246 291.603119
v -338.454529 344.746246 291.603119
v -374.068237 340.893585 291.603119
v -372.931458 343.617828 291.603119
v -370.187073 344.746246 291.603119
v -374.068237 293.881073 291.603119
v -374.068237 296.605316 291.603119
v -374.068237 299.329620 291.603119
v -340.104675 295.518341 291.435669
v -341.198914 292.895599 291.460205
v -337.461670 296.605316 291.460205
v -342.335388 285.699005 291.628601
v -345.080139 284.570099 291.603119
v -341.198914 288.422760 291.603119
v -372.931458 285.698517 291.603119
v -374.068237 288.422760 291.603119
v -370.187073 284.570099 291.603119
v -204.427231 285.698517 296.629974
v -204.427231 284.570099 293.905701
v -201.682816 285.698517 293.905701
v -200.546036 288.422760 293.905701
v -201.682816 288.422760 296.629974
v -204.427231 288.422760 297.758392
v -200.546036 288.422760 291.603119
v -201.682816 285.698517 291.603119
v -204.427231 284.570099 291.603119
v -200.546036 299.329620 291.603119
v -200.546036 296.605316 291.603119
v -200.546036 293.881073 291.603119
v -201.682877 299.321075 296.630005
v -204.427231 299.329620 297.758392
v -204.427231 296.605316 297.758392
v -204.427231 293.881073 297.758392
v -201.682816 293.877167 296.629974
v -200.546036 293.881073 293.905701
v -200.546036 296.605316 293.905701
v -200.546036 299.329620 293.905701
v -226.841476 340.893585 297.758392
v -224.097061 340.893585 297.758392
v -224.101059 343.617828 296.629974
v -224.097061 344.746246 293.905701
v -226.841476 344.746246 293.905701
v -229.585922 344.746246 293.905701
v -229.585403 343.617828 296.629974
v -229.585922 340.893585 297.758392
v -229.585922 344.746246 291.603119
v -226.841476 344.746246 291.603119
v -224.097061 344.746246 291.603119
v -227.935776 295.518341 294.073151
v -226.841476 292.895599 294.048615
v -225.769882 293.437286 296.700195
v -223.089310 293.971649 297.758392
v -223.489243 296.753876 297.758392
v -223.889114 299.535980 297.758392
v -226.750229 300.014862 297.758392
v -229.611374 300.493683 297.758392
v -230.100113 297.723480 296.693726
v -230.578751 296.605316 294.048615
v -225.705063 285.699005 293.880219
v -222.960281 284.570099 293.905701
v -222.941757 285.698761 296.630157
v -222.960281 288.422760 297.758392
v -225.704697 288.422760 296.629974
v -226.841476 288.422760 293.905701
v -201.682816 340.893585 296.629974
v -200.546036 340.893585 293.905701
v -201.682816 343.617828 293.905701
v -204.427231 344.746246 293.905701
v -204.427231 343.617828 296.629974
v -204.427231 340.893585 297.758392
v -204.427231 344.746246 291.603119
v -201.682816 343.617828 291.603119
v -200.546036 340.893585 291.603119
v -225.705063 285.699005 291.628601
v -226.841476 288.422760 291.603119
v -222.960281 284.570099 291.603119
v -227.935776 295.518341 291.435669
v -230.578751 296.605316 291.460205
v -226.841476 292.895599 291.460205
v -372.427063 286.199188 296.129272
v -342.840210 286.198639 296.117432
v -341.261597 296.617218 296.903412
v -372.931458 296.602570 296.629974
v -372.427063 343.117157 296.129272
v -341.195984 343.617828 296.629974
v -202.187180 286.199188 296.129272
v -201.682846 296.599152 296.629974
v -226.843277 343.617828 296.629974
v -226.834732 296.669830 296.903900
v -225.189804 286.198273 296.116882
v -202.187180 343.117157 296.129272
vt 0.380904 0.903760
vt 0.375000 0.916296
vt 0.375000 0.833703
vt 0.380904 0.846240
vt 0.291296 0.000000
vt 0.278760 0.016006
vt 0.221240 0.016006
vt 0.208703 0.000000
vt 0.380904 0.016006
vt 0.378943 0.000000
vt 0.421062 0.000000
vt 0.419096 0.016006
vt 0.378943 1.000000
vt 0.419096 0.903760
vt 0.421062 1.000000
vt 0.343820 0.014506
vt 0.342683 0.038504
vt 0.278760 0.038682
vt 0.380904 0.038682
vt 0.425000 0.887754
vt 0.423350 0.905809
vt 0.423351 0.835284
vt 0.425000 0.830235
vt 0.419096 0.846240
vt 0.425000 0.010914
vt 0.425000 0.034024
vt 0.419041 0.038577
vt 0.425000 0.792640
vt 0.425000 0.583775
vt 0.425000 0.353554
vt 0.430685 0.290943
vt 0.426930 0.374640
vt 0.426915 0.573697
vt 0.430685 0.459057
vt 0.425000 0.751887
vt 0.429036 0.065474
vt 0.429850 0.174449
vt 0.580052 0.176300
vt 0.580786 0.066154
vt 0.579315 0.290944
vt 0.420509 0.062175
vt 0.424776 0.063844
vt 0.425000 0.234198
vt 0.420825 0.233994
vt 0.429175 0.233994
vt 0.419768 0.050378
vt 0.380793 0.050001
vt 0.380904 0.061318
vt 0.278760 0.061318
vt 0.332879 0.061294
vt 0.333106 0.234384
vt 0.278760 0.233994
vt 0.380904 0.233994
vt 0.282758 0.050004
vt 0.217242 0.050006
vt 0.221240 0.038682
vt 0.221240 0.061318
vt 0.380904 0.346240
vt 0.380690 0.285777
vt 0.420829 0.286103
vt 0.420825 0.346240
vt 0.291296 0.250000
vt 0.208704 0.250000
vt 0.221240 0.233994
vt 0.375000 0.333704
vt 0.380904 0.403760
vt 0.375000 0.416296
vt 0.429175 0.346240
vt 0.429177 0.288899
vt 0.580826 0.288898
vt 0.580825 0.346240
vt 0.580825 0.233994
vt 0.424999 0.342242
vt 0.424999 0.407758
vt 0.420825 0.403760
vt 0.429175 0.403759
vt 0.580825 0.403760
vt 0.579315 0.459056
vt 0.619096 0.903760
vt 0.620951 1.000000
vt 0.589066 1.000000
vt 0.590904 0.903760
vt 0.620951 0.000000
vt 0.619096 0.016006
vt 0.590904 0.016006
vt 0.589066 0.000000
vt 0.721240 0.016006
vt 0.708703 0.000000
vt 0.791296 0.000000
vt 0.778760 0.016006
vt 0.625000 0.916297
vt 0.619096 0.846240
vt 0.625000 0.833704
vt 0.656176 0.014506
vt 0.657328 0.038488
vt 0.619096 0.038682
vt 0.721240 0.038682
vt 0.590904 0.846240
vt 0.778760 0.038682
vt 0.778760 0.061318
vt 0.778760 0.233994
vt 0.782758 0.050006
vt 0.717242 0.050008
vt 0.721240 0.061318
vt 0.619096 0.061318
vt 0.667120 0.061286
vt 0.666894 0.234384
vt 0.619096 0.233994
vt 0.721240 0.233994
vt 0.619238 0.050002
vt 0.590115 0.050598
vt 0.590708 0.039059
vt 0.589491 0.062175
vt 0.589175 0.233994
vt 0.585000 0.234196
vt 0.585140 0.064176
vt 0.589175 0.346240
vt 0.589174 0.285068
vt 0.619363 0.284645
vt 0.619096 0.346240
vt 0.585001 0.342242
vt 0.585001 0.407758
vt 0.589175 0.403760
vt 0.619096 0.403760
vt 0.585000 0.275532
vt 0.583085 0.270605
vt 0.583070 0.468957
vt 0.585000 0.443644
vt 0.587257 0.123286
vt 0.587023 0.100844
vt 0.585000 0.272715
vt 0.585000 0.915490
vt 0.585000 0.834452
vt 0.585000 0.253530
vt 0.585000 0.445273
vt 0.585000 0.496644
vt 0.625000 0.333704
vt 0.625000 0.416296
vt 0.708704 0.250000
vt 0.791296 0.250000
vt 0.375000 0.000000
vt 0.375000 1.000000
vt 0.425000 1.000000
vt 0.425000 0.000000
vt 0.425000 0.050000
vt 0.375000 0.050000
vt 0.375000 0.250000
vt 0.425000 0.250000
vt 0.625000 0.000000
vt 0.625000 1.000000
vt 0.625000 0.050000
vt 0.585000 0.250000
vt 0.585000 0.050000
vt 0.585000 0.000000
vt 0.585000 1.000000
vt 0.625000 0.250000
vn -0.032591 -0.976147 0.214653
vn -0.357699 -0.920180 0.159121
vn -0.357697 -0.920181 -0.159123
vn -0.032597 -0.976152 -0.214625
vn -0.918250 -0.362254 0.159964
vn -0.972148 -0.115157 0.204126
vn -0.972151 -0.115169 -0.204103
vn -0.918254 -0.362245 -0.159966
vn -0.035882 -0.133320 0.990423
vn -0.025657 -0.379670 0.924766
vn 0.025932 -0.379797 0.924706
vn 0.034101 -0.134450 0.990333
vn -0.025656 -0.924766 0.379671
vn -0.032591 -0.976147 0.214653
vn 0.032488 -0.976097 0.214892
vn 0.025867 -0.924792 0.379593
vn -0.972148 -0.115157 0.204126
vn -0.923127 -0.093298 0.373004
vn -0.922876 0.000000 0.385098
vn -0.975374 0.000000 0.220560
vn -0.368309 -0.092807 0.925060
vn -0.035882 -0.133320 0.990423
vn -0.040204 0.000000 0.999192
vn -0.380274 0.000000 0.924874
vn 0.970937 -0.131084 0.200246
vn 0.917900 -0.363199 0.159832
vn 0.917394 -0.364019 -0.160871
vn 0.971161 -0.133122 -0.197799
vn 0.358880 -0.919809 0.158607
vn 0.032488 -0.976097 0.214892
vn 0.032643 -0.976170 -0.214536
vn 0.358537 -0.919775 -0.159581
vn 0.034101 -0.134450 0.990333
vn 0.359516 -0.100155 0.927749
vn 0.337287 -0.043950 0.940376
vn 0.033558 -0.004776 0.999425
vn 0.920831 -0.111334 0.373732
vn 0.970937 -0.131084 0.200246
vn 0.958217 -0.147053 0.245350
vn 0.894868 -0.154368 0.418786
vn 0.010342 -0.976233 0.216476
vn 0.354471 -0.897693 0.261720
vn 0.354480 -0.896423 -0.266024
vn 0.010229 -0.976449 -0.215507
vn 0.894275 -0.358719 0.267569
vn 0.958217 -0.147053 0.245350
vn 0.959509 -0.147355 -0.240058
vn 0.895499 -0.359171 -0.262827
vn 0.000259 -0.021824 0.999762
vn 0.003569 -0.362024 0.932162
vn -0.003011 -0.361755 0.932268
vn -0.000214 -0.022011 0.999758
vn 0.013008 -0.923344 0.383753
vn 0.010342 -0.976233 0.216476
vn -0.010228 -0.976448 0.215508
vn -0.012149 -0.923253 0.384001
vn 0.001301 -0.001322 0.999998
vn 0.009562 -0.017783 0.999796
vn -0.000004 0.025569 0.999673
vn -0.000001 0.025689 0.999670
vn 0.009562 -0.017783 0.999796
vn 0.000259 -0.021824 0.999762
vn 0.000000 0.026047 0.999661
vn -0.000004 0.025569 0.999673
vn 0.033558 -0.004776 0.999425
vn 0.027310 -0.015111 0.999513
vn -0.039084 0.000000 0.999236
vn -0.040204 0.000000 0.999192
vn 0.027310 -0.015111 0.999513
vn 0.001301 -0.001322 0.999998
vn -0.039306 0.000000 0.999227
vn -0.039084 0.000000 0.999236
vn -0.975344 0.000000 0.220692
vn -0.922875 0.000000 0.385101
vn -0.923501 0.016082 0.383258
vn -0.975763 0.020530 0.217867
vn -0.380280 0.000000 0.924871
vn -0.039306 0.000000 0.999227
vn -0.038329 0.024794 0.998958
vn -0.378454 0.016000 0.925482
vn -0.975374 0.000000 0.220560
vn -0.975385 0.000003 0.220509
vn -0.975377 0.000004 -0.220544
vn -0.975381 0.000000 -0.220525
vn -0.975385 0.000003 0.220509
vn -0.975344 0.000000 0.220692
vn -0.975343 0.000000 -0.220695
vn -0.975377 0.000004 -0.220544
vn -0.031296 0.976150 0.214828
vn -0.024628 0.924742 0.379796
vn 0.000000 0.923880 0.382683
vn 0.000000 0.975702 0.219100
vn -0.024628 0.379798 0.924742
vn -0.038329 0.024794 0.998958
vn -0.000001 0.025689 0.999670
vn 0.000000 0.382684 0.923879
vn -0.975763 0.020530 0.217867
vn -0.918251 0.362252 0.159964
vn -0.918251 0.362254 -0.159964
vn -0.975763 0.020530 -0.217867
vn -0.357699 0.920181 0.159119
vn -0.031296 0.976150 0.214828
vn -0.031296 0.976150 -0.214828
vn -0.357698 0.920181 -0.159121
vn 0.000000 0.975727 0.218992
vn 0.000000 0.923880 0.382683
vn 0.000000 0.923880 0.382683
vn 0.000000 0.975717 0.219036
vn 0.000000 0.382683 0.923880
vn 0.000000 0.026047 0.999661
vn 0.000000 0.026095 0.999659
vn 0.000000 0.382683 0.923880
vn 0.000000 0.975702 0.219100
vn 0.000000 0.975723 0.219009
vn 0.000000 0.975727 -0.218990
vn 0.000000 0.975703 -0.219097
vn 0.000000 0.975723 0.219009
vn 0.000000 0.975727 0.218992
vn 0.000000 0.975717 -0.219036
vn 0.000000 0.975727 -0.218990
vn 0.042853 -0.976072 0.213185
vn 0.033860 -0.924911 0.378672
vn -0.033815 -0.924863 0.378795
vn -0.042915 -0.976068 0.213188
vn 0.033870 -0.378644 0.924922
vn 0.046672 -0.130999 0.990283
vn -0.043991 -0.131490 0.990341
vn -0.033929 -0.379040 0.924758
vn 0.972152 -0.115177 0.204095
vn 0.918249 -0.362257 0.159964
vn 0.918251 -0.362253 -0.159963
vn 0.972148 -0.115155 -0.204128
vn 0.357701 -0.920179 0.159124
vn 0.042853 -0.976072 0.213185
vn 0.042842 -0.976062 -0.213230
vn 0.357700 -0.920180 -0.159122
vn 0.046672 -0.130999 0.990283
vn 0.368304 -0.092838 0.925059
vn 0.380274 0.000001 0.924874
vn 0.052102 0.000000 0.998642
vn 0.923125 -0.093328 0.373002
vn 0.972152 -0.115177 0.204095
vn 0.975385 0.000001 0.220508
vn 0.922875 0.000002 0.385100
vn 0.975374 0.000001 -0.220557
vn 0.975389 0.000002 -0.220492
vn 0.975379 0.000002 0.220535
vn 0.975385 0.000001 0.220508
vn 0.975389 0.000002 -0.220492
vn 0.975334 0.000000 -0.220736
vn 0.975333 0.000000 0.220738
vn 0.975379 0.000002 0.220535
vn 0.050973 0.000000 0.998700
vn 0.380280 0.000000 0.924871
vn 0.378455 0.016000 0.925482
vn 0.049616 0.024570 0.998466
vn 0.922873 0.000000 0.385105
vn 0.975333 0.000000 0.220738
vn 0.975761 0.020530 0.217872
vn 0.923500 0.016083 0.383262
vn 0.052102 0.000000 0.998642
vn 0.051212 0.000000 0.998688
vn -0.035056 -0.019157 0.999202
vn -0.045053 -0.006789 0.998962
vn 0.051212 0.000000 0.998688
vn 0.050973 0.000000 0.998700
vn -0.001699 -0.001699 0.999997
vn -0.035056 -0.019157 0.999202
vn 0.000000 0.025679 0.999670
vn -0.000004 0.025360 0.999678
vn -0.009749 -0.017858 0.999793
vn -0.001699 -0.001699 0.999997
vn -0.000004 0.025360 0.999678
vn 0.000000 0.026095 0.999659
vn -0.000214 -0.022011 0.999758
vn -0.009749 -0.017858 0.999793
vn 0.000000 0.975703 0.219096
vn 0.000000 0.923879 0.382686
vn 0.032077 0.924890 0.378880
vn 0.040634 0.976090 0.213535
vn 0.000000 0.382683 0.923880
vn 0.000000 0.025679 0.999670
vn 0.049616 0.024570 0.998466
vn 0.032077 0.378878 0.924891
vn 0.000000 0.975717 0.219036
vn 0.000000 0.975727 0.218990
vn 0.000000 0.975723 -0.219009
vn 0.000000 0.975727 -0.218992
vn 0.000000 0.975727 0.218990
vn 0.000000 0.975703 0.219096
vn 0.000000 0.975703 -0.219098
vn 0.000000 0.975723 -0.219009
vn -0.959507 -0.147334 0.240082
vn -0.895480 -0.359181 0.262879
vn -0.894280 -0.358699 -0.267579
vn -0.958216 -0.147056 -0.245351
vn -0.354439 -0.896429 0.266059
vn -0.010228 -0.976448 0.215508
vn -0.010341 -0.976233 -0.216477
vn -0.354451 -0.897697 -0.261733
vn -0.045053 -0.006789 0.998962
vn -0.342818 -0.046861 0.938232
vn -0.362592 -0.106105 0.925888
vn -0.043991 -0.131490 0.990341
vn -0.897703 -0.159548 0.410700
vn -0.959507 -0.147334 0.240082
vn -0.971160 -0.133118 0.197807
vn -0.922358 -0.115546 0.368653
vn -0.042915 -0.976068 0.213188
vn -0.358542 -0.919772 0.159583
vn -0.358882 -0.919808 -0.158608
vn -0.042714 -0.976007 -0.213509
vn -0.917390 -0.364029 0.160871
vn -0.971160 -0.133118 0.197807
vn -0.970937 -0.131088 -0.200244
vn -0.917897 -0.363206 -0.159832
vn 0.040634 0.976090 0.213535
vn 0.357700 0.920180 0.159122
vn 0.357700 0.920180 -0.159120
vn 0.040634 0.976090 -0.213535
vn 0.918251 0.362253 0.159965
vn 0.975761 0.020530 0.217872
vn 0.975761 0.020530 -0.217872
vn 0.918251 0.362253 -0.159965
vn -0.035882 -0.133320 0.990423
vn 0.034101 -0.134450 0.990333
vn 0.033558 -0.004776 0.999425
vn -0.040204 0.000000 0.999192
vn -0.031296 0.976150 0.214828
vn 0.000000 0.975702 0.219100
vn 0.000000 0.975703 -0.219097
vn -0.031296 0.976150 -0.214828
vn -0.032597 -0.976152 -0.214625
vn 0.032643 -0.976170 -0.214536
vn 0.032488 -0.976097 0.214892
vn -0.032591 -0.976147 0.214653
vn 0.972152 -0.115177 0.204095
vn 0.972148 -0.115155 -0.204128
vn 0.975374 0.000001 -0.220557
vn 0.975385 0.000001 0.220508
vn -0.972151 -0.115169 -0.204103
vn -0.972148 -0.115157 0.204126
vn -0.975374 0.000000 0.220560
vn -0.975381 0.000000 -0.220525
vn 0.000000 0.975717 -0.219036
vn 0.000000 0.975727 0.218992
vn 0.000000 0.975717 0.219036
vn 0.000000 0.975727 -0.218992
vn 0.052102 0.000000 0.998642
vn -0.045053 -0.006789 0.998962
vn -0.043991 -0.131490 0.990341
vn 0.046672 -0.130999 0.990283
vn 0.000000 0.975703 -0.219098
vn 0.000000 0.975703 0.219096
vn 0.040634 0.976090 0.213535
vn 0.040634 0.976090 -0.213535
vn -0.042915 -0.976068 0.213188
vn -0.042714 -0.976007 -0.213509
vn 0.042842 -0.976062 -0.213230
vn 0.042853 -0.976072 0.213185
vn -0.975343 0.000000 -0.220695
vn -0.975344 0.000000 0.220692
vn -0.975763 0.020530 0.217867
vn -0.975763 0.020530 -0.217867
vn 0.975333 0.000000 0.220738
vn 0.975334 0.000000 -0.220736
vn 0.975761 0.020530 -0.217872
vn 0.975761 0.020530 0.217872
vn 0.000000 0.025679 0.999670
vn -0.001699 -0.001699 0.999997
vn 0.050973 0.000000 0.998700
vn 0.049616 0.024570 0.998466
vn 0.000000 0.026047 0.999661
vn 0.000259 -0.021824 0.999762
vn -0.000214 -0.022011 0.999758
vn 0.000000 0.026095 0.999659
vn -0.039306 0.000000 0.999227
vn 0.001301 -0.001322 0.999998
vn -0.000001 0.025689 0.999670
vn -0.038329 0.024794 0.998958
vn 0.010342 -0.976233 0.216476
vn 0.010229 -0.976449 -0.215507
vn -0.010341 -0.976233 -0.216477
vn -0.010228 -0.976448 0.215508
vn 0.958217 -0.147053 0.245350
vn 0.970937 -0.131084 0.200246
vn 0.971161 -0.133122 -0.197799
vn 0.959509 -0.147355 -0.240058
vn -0.959507 -0.147334 0.240082
vn -0.958216 -0.147056 -0.245351
vn -0.970937 -0.131088 -0.200244
vn -0.971160 -0.133118 0.197807
vn -0.923127 -0.093298 0.373004
vn -0.972148 -0.115157 0.204126
vn -0.918250 -0.362254 0.159964
vn -0.886528 -0.327160 0.327160
vn -0.357699 -0.920180 0.159121
vn -0.032591 -0.976147 0.214653
vn -0.025656 -0.924766 0.379671
vn -0.323129 -0.888608 0.325521
vn -0.025657 -0.379670 0.924766
vn -0.035882 -0.133320 0.990423
vn -0.368309 -0.092807 0.925060
vn -0.323120 -0.325521 0.888611
vn 0.025867 -0.924792 0.379593
vn 0.032488 -0.976097 0.214892
vn 0.358880 -0.919809 0.158607
vn 0.325588 -0.888177 0.324244
vn 0.917900 -0.363199 0.159832
vn 0.970937 -0.131084 0.200246
vn 0.920831 -0.111334 0.373732
vn 0.886038 -0.329309 0.326332
vn 0.359516 -0.100155 0.927749
vn 0.034101 -0.134450 0.990333
vn 0.025932 -0.379797 0.924706
vn 0.325258 -0.327043 0.887271
vn 0.894868 -0.154368 0.418786
vn 0.958217 -0.147053 0.245350
vn 0.894275 -0.358719 0.267569
vn 0.836025 -0.325029 0.442062
vn 0.354471 -0.897693 0.261720
vn 0.010342 -0.976233 0.216476
vn 0.013008 -0.923344 0.383753
vn 0.322082 -0.842291 0.432214
vn 0.003569 -0.362024 0.932162
vn 0.000259 -0.021824 0.999762
vn 0.009562 -0.017783 0.999796
vn 0.178384 -0.180648 0.967236
vn 0.009562 -0.017783 0.999796
vn 0.001301 -0.001322 0.999998
vn 0.027310 -0.015111 0.999513
vn 0.178384 -0.180648 0.967236
vn 0.027310 -0.015111 0.999513
vn 0.033558 -0.004776 0.999425
vn 0.337287 -0.043950 0.940376
vn 0.178384 -0.180648 0.967236
vn -0.039084 0.000000 0.999236
vn -0.039306 0.000000 0.999227
vn -0.380280 0.000000 0.924871
vn -0.380275 0.000004 0.924873
vn -0.922875 0.000000 0.385101
vn -0.975344 0.000000 0.220692
vn -0.975385 0.000003 0.220509
vn -0.922875 0.000006 0.385101
vn -0.975385 0.000003 0.220509
vn -0.975374 0.000000 0.220560
vn -0.922876 0.000000 0.385098
vn -0.922875 0.000006 0.385101
vn -0.380274 0.000000 0.924874
vn -0.040204 0.000000 0.999192
vn -0.039084 0.000000 0.999236
vn -0.380275 0.000004 0.924873
vn -0.918251 0.362252 0.159964
vn -0.975763 0.020530 0.217867
vn -0.923501 0.016082 0.383258
vn -0.886530 0.327156 0.327160
vn -0.378454 0.016000 0.925482
vn -0.038329 0.024794 0.998958
vn -0.024628 0.379798 0.924742
vn -0.323121 0.325521 0.888611
vn -0.024628 0.924742 0.379796
vn -0.031296 0.976150 0.214828
vn -0.357699 0.920181 0.159119
vn -0.323130 0.888609 0.325517
vn 0.000000 0.382684 0.923879
vn -0.000001 0.025689 0.999670
vn -0.000004 0.025569 0.999673
vn 0.000000 0.382683 0.923880
vn -0.000004 0.025569 0.999673
vn 0.000000 0.026047 0.999661
vn 0.000000 0.382683 0.923880
vn 0.000000 0.382683 0.923880
vn 0.000000 0.923880 0.382683
vn 0.000000 0.975727 0.218992
vn 0.000000 0.975723 0.219009
vn 0.000000 0.923880 0.382683
vn 0.000000 0.975723 0.219009
vn 0.000000 0.975702 0.219100
vn 0.000000 0.923880 0.382683
vn 0.000000 0.923880 0.382683
vn 0.368304 -0.092838 0.925059
vn 0.046672 -0.130999 0.990283
vn 0.033870 -0.378644 0.924922
vn 0.323125 -0.325524 0.888608
vn 0.033860 -0.924911 0.378672
vn 0.042853 -0.976072 0.213185
vn 0.357701 -0.920179 0.159124
vn 0.323128 -0.888607 0.325524
vn 0.918249 -0.362257 0.159964
vn 0.972152 -0.115177 0.204095
vn 0.923125 -0.093328 0.373002
vn 0.886526 -0.327166 0.327161
vn 0.975379 0.000002 0.220535
vn 0.975333 0.000000 0.220738
vn 0.922873 0.000000 0.385105
vn 0.922873 0.000003 0.385105
vn 0.380280 0.000000 0.924871
vn 0.050973 0.000000 0.998700
vn 0.051212 0.000000 0.998688
vn 0.380273 0.000001 0.924874
vn 0.051212 0.000000 0.998688
vn 0.052102 0.000000 0.998642
vn 0.380274 0.000001 0.924874
vn 0.380273 0.000001 0.924874
vn 0.922875 0.000002 0.385100
vn 0.975385 0.000001 0.220508
vn 0.975379 0.000002 0.220535
vn 0.922873 0.000003 0.385105
vn 0.000000 0.382683 0.923880
vn 0.000000 0.026095 0.999659
vn -0.000004 0.025360 0.999678
vn 0.000000 0.382684 0.923879
vn -0.000004 0.025360 0.999678
vn 0.000000 0.025679 0.999670
vn 0.000000 0.382683 0.923880
vn 0.000000 0.382684 0.923879
vn 0.000000 0.923879 0.382686
vn 0.000000 0.975703 0.219096
vn 0.000000 0.975727 0.218990
vn 0.000000 0.923879 0.382685
vn 0.000000 0.975727 0.218990
vn 0.000000 0.975717 0.219036
vn 0.000000 0.923880 0.382683
vn 0.000000 0.923879 0.382685
vn -0.012149 -0.923253 0.384001
vn -0.010228 -0.976448 0.215508
vn -0.354439 -0.896429 0.266059
vn -0.321270 -0.838453 0.440206
vn -0.895480 -0.359181 0.262879
vn -0.959507 -0.147334 0.240082
vn -0.897703 -0.159548 0.410700
vn -0.839806 -0.326573 0.433678
vn -0.342818 -0.046861 0.938232
vn -0.045053 -0.006789 0.998962
vn -0.035056 -0.019157 0.999202
vn -0.179130 -0.179717 0.967272
vn -0.035056 -0.019157 0.999202
vn -0.001699 -0.001699 0.999997
vn -0.009749 -0.017858 0.999793
vn -0.179130 -0.179717 0.967272
vn -0.009749 -0.017858 0.999793
vn -0.000214 -0.022011 0.999758
vn -0.003011 -0.361755 0.932268
vn -0.179130 -0.179717 0.967272
vn -0.922358 -0.115546 0.368653
vn -0.971160 -0.133118 0.197807
vn -0.917390 -0.364029 0.160871
vn -0.884812 -0.330986 0.327959
vn -0.358542 -0.919772 0.159583
vn -0.042915 -0.976068 0.213188
vn -0.033815 -0.924863 0.378795
vn -0.324745 -0.887748 0.326260
vn -0.033929 -0.379040 0.924758
vn -0.043991 -0.131490 0.990341
vn -0.362592 -0.106105 0.925888
vn -0.324522 -0.329102 0.886779
vn 0.032077 0.378878 0.924891
vn 0.049616 0.024570 0.998466
vn 0.378455 0.016000 0.925482
vn 0.323120 0.325521 0.888611
vn 0.923500 0.016083 0.383262
vn 0.975761 0.020530 0.217872
vn 0.918251 0.362253 0.159965
vn 0.886529 0.327158 0.327160
vn 0.357700 0.920180 0.159122
vn 0.040634 0.976090 0.213535
vn 0.032077 0.924890 0.378880
vn 0.323126 0.888610 0.325518
s off
g S_U_05 Wall_Sculptures_02:Wall_Sculptures_01
usemtl Wall_Sculptures_02:aiStandardSurface1SG
f 741/820/2845 740/821/2846 799/822/2847 801/823/2848
f 740/824/2849 745/825/2850 800/826/2851 799/827/2852
f 743/828/2853 742/829/2854 750/830/2855 749/831/2856
f 742/832/2857 741/820/2858 751/833/2859 750/834/2860
f 745/825/2861 744/835/2862 766/836/2863 765/837/2864
f 744/835/2865 743/828/2866 767/838/2867 766/836/2868
f 747/839/2869 746/840/2870 796/841/2871 798/842/2872
f 746/840/2873 751/833/2874 797/843/2875 796/841/2876
f 749/831/2877 748/844/2878 760/845/2879 759/846/2880
f 748/847/2881 747/839/2882 761/848/2883 760/849/2884
f 753/850/2885 752/851/2886 793/852/2887 795/853/2888
f 752/851/2889 761/848/2890 794/854/2891 793/852/2892
f 755/855/2893 754/856/2894 841/857/2895 840/858/2896
f 754/856/2897 753/850/2898 842/859/2899 841/857/2900
f 757/860/2901 756/861/2902 776/862/2903 783/863/2904
f 756/861/2905 755/855/2906 777/864/2907 776/862/2908
f 759/846/2909 758/865/2910 768/866/2911 767/838/2912
f 758/865/2913 757/860/2914 769/867/2915 768/866/2916
f 763/868/2917 762/869/2918 770/870/2919 775/871/2920
f 762/869/2921 769/867/2922 771/872/2923 770/870/2924
f 765/837/2925 764/873/2926 791/874/2927 790/875/2928
f 764/873/2929 763/868/2930 792/876/2931 791/874/2932
f 773/877/2933 772/878/2934 782/879/2935 781/880/2936
f 772/878/2937 771/872/2938 783/863/2939 782/879/2940
f 775/871/2941 774/881/2942 788/882/2943 787/883/2944
f 774/884/2945 773/877/2946 789/885/2947 788/886/2948
f 779/887/2949 778/888/2950 828/889/2951 827/890/2952
f 778/888/2953 777/864/2954 829/891/2955 828/889/2956
f 781/880/2957 780/892/2958 785/893/2959 784/894/2960
f 780/892/2961 779/887/2962 786/895/2963 785/893/2964
f 803/898/2965 802/899/2966 845/900/2967 844/901/2968
f 802/902/2969 807/903/2970 846/904/2971 845/905/2972
f 805/906/2973 804/907/2974 809/908/2975 808/909/2976
f 804/910/2977 803/898/2978 810/911/2979 809/912/2980
f 807/903/2981 806/913/2982 818/914/2983 817/915/2984
f 806/913/2985 805/906/2986 819/916/2987 818/914/2988
f 813/918/2989 812/921/2990 820/922/2991 819/916/2992
f 812/921/2993 811/919/2994 821/923/2995 820/922/2996
f 815/924/2997 814/925/2998 849/926/2999 854/927/3000
f 814/925/3001 821/923/3002 850/928/3003 849/926/3004
f 817/915/3005 816/929/3006 837/930/3007 836/931/3008
f 816/929/3009 815/924/3010 838/932/3011 837/930/3012
f 823/933/3013 822/934/3014 839/935/3015 838/932/3016
f 822/934/3017 829/891/3018 840/858/3019 839/935/3020
f 825/936/3021 824/937/3022 853/938/3023 852/939/3024
f 824/937/3025 823/933/3026 854/927/3027 853/938/3028
f 827/890/3029 826/940/3030 831/941/3031 830/896/3032
f 826/940/3033 825/936/3034 832/942/3035 831/941/3036
f 834/944/3037 833/945/3038 861/946/3039 863/947/3040
f 833/945/3041 842/859/3042 862/897/3043 861/946/3044
f 836/931/3045 835/948/3046 847/949/3047 846/904/3048
f 835/948/3049 834/944/3050 848/950/3051 847/949/3052
f 844/901/3053 843/951/3054 858/952/3055 860/917/3056
f 843/953/3057 848/950/3058 859/954/3059 858/955/3060
f 852/939/3061 851/956/3062 856/957/3063 855/943/3064
f 851/958/3065 850/928/3066 857/920/3067 856/959/3068
f 743/828/3069 749/831/3070 759/846/3071 767/838/3072
f 773/877/3073 781/880/3074 784/894/3075 789/885/3076
f 801/823/3077 797/843/3078 751/833/3079 741/820/3080
f 805/906/3081 808/909/3082 813/918/3083 819/916/3084
f 800/826/3085 745/825/3086 765/837/3087 790/875/3088
f 786/895/3089 779/887/3090 827/890/3091 830/896/3092
f 817/915/3093 836/931/3094 846/904/3095 807/903/3096
f 832/942/3097 825/936/3098 852/939/3099 855/943/3100
f 844/901/3101 860/917/3102 810/911/3103 803/898/3104
f 792/876/3105 763/868/3106 775/871/3107 787/883/3108
f 821/923/3109 811/919/3110 857/920/3111 850/928/3112
f 823/933/3113 838/932/3114 815/924/3115 854/927/3116
f 777/864/3117 755/855/3118 840/858/3119 829/891/3120
f 769/867/3121 757/860/3122 783/863/3123 771/872/3124
f 753/850/3125 795/853/3126 862/897/3127 842/859/3128
f 761/848/3129 747/839/3130 798/842/3131 794/854/3132
f 834/944/3133 863/947/3134 859/954/3135 848/950/3136
f 744/835/3137 745/825/3138 740/824/3139 864/960/3140
f 740/821/3141 741/820/3142 742/832/3143 864/961/3144
f 742/829/3145 743/828/3146 744/835/3147 864/960/3148
f 750/834/3149 751/833/3150 746/840/3151 865/962/3152
f 746/840/3153 747/839/3154 748/847/3155 865/962/3156
f 748/844/3157 749/831/3158 750/830/3159 865/963/3160
f 760/849/3161 761/848/3162 752/851/3163 866/964/3164
f 752/851/3165 753/850/3166 754/856/3167 866/964/3168
f 754/856/3169 755/855/3170 756/861/3171 866/964/3172
f 756/861/3173 757/860/3174 758/865/3175 866/964/3176
f 758/865/3177 759/846/3178 760/845/3179 866/964/3180
f 768/866/3181 769/867/3182 762/869/3183 867/965/3184
f 762/869/3185 763/868/3186 764/873/3187 867/965/3188
f 764/873/3189 765/837/3190 766/836/3191 867/965/3192
f 766/836/3193 767/838/3194 768/866/3195 867/965/3196
f 774/881/3197 775/871/3198 770/870/3199 868/966/3200
f 770/870/3201 771/872/3202 772/878/3203 868/966/3204
f 772/878/3205 773/877/3206 774/884/3207 868/966/3208
f 782/879/3209 783/863/3210 776/862/3211 869/967/3212
f 776/862/3213 777/864/3214 778/888/3215 869/967/3216
f 778/888/3217 779/887/3218 780/892/3219 869/967/3220
f 780/892/3221 781/880/3222 782/879/3223 869/967/3224
f 806/913/3225 807/903/3226 802/902/3227 870/968/3228
f 802/899/3229 803/898/3230 804/910/3231 870/969/3232
f 804/907/3233 805/906/3234 806/913/3235 870/968/3236
f 820/922/3237 821/923/3238 814/925/3239 871/970/3240
f 814/925/3241 815/924/3242 816/929/3243 871/970/3244
f 816/929/3245 817/915/3246 818/914/3247 871/970/3248
f 818/914/3249 819/916/3250 820/922/3251 871/970/3252
f 828/889/3253 829/891/3254 822/934/3255 872/971/3256
f 822/934/3257 823/933/3258 824/937/3259 872/971/3260
f 824/937/3261 825/936/3262 826/940/3263 872/971/3264
f 826/940/3265 827/890/3266 828/889/3267 872/971/3268
f 841/857/3269 842/859/3270 833/945/3271 873/972/3272
f 833/945/3273 834/944/3274 835/948/3275 873/972/3276
f 835/948/3277 836/931/3278 837/930/3279 873/972/3280
f 837/930/3281 838/932/3282 839/935/3283 873/972/3284
f 839/935/3285 840/858/3286 841/857/3287 873/972/3288
f 847/949/3289 848/950/3290 843/953/3291 874/973/3292
f 843/951/3293 844/901/3294 845/900/3295 874/974/3296
f 845/905/3297 846/904/3298 847/949/3299 874/973/3300
f 853/938/3301 854/927/3302 849/926/3303 875/975/3304
f 849/926/3305 850/928/3306 851/958/3307 875/975/3308
f 851/956/3309 852/939/3310 853/938/3311 875/975/3312
g default
v -199.372742 285.691559 292.910614
v -196.628326 284.563141 292.910614
v -196.628326 285.691559 295.634888
v -196.628326 288.415802 296.763306
v -199.372742 288.415802 295.634888
v -200.509521 288.415802 292.910614
v -168.776672 285.692047 292.885132
v -167.640198 288.415802 292.910614
v -168.776978 288.415802 295.634888
v -171.521393 288.415802 296.763306
v -171.516113 285.691620 295.634888
v -171.521393 284.563141 292.910614
v -166.545929 295.511383 293.078064
v -163.902924 296.598358 293.053528
v -164.446411 297.662018 295.704620
v -164.987000 300.322968 296.763306
v -167.789825 299.925995 296.763306
v -170.592560 299.529022 296.763306
v -171.074982 296.688995 296.763306
v -171.557404 293.848907 296.763306
v -168.766632 293.363373 295.698578
v -167.640198 292.888641 293.053528
v -199.372681 299.316254 295.634888
v -200.509521 299.322662 292.910614
v -200.509521 296.598358 292.910614
v -200.509521 293.874115 292.910614
v -199.372742 293.874969 295.634888
v -196.628326 293.874115 296.763306
v -196.628326 296.598358 296.763306
v -196.628326 299.322662 296.763306
v -199.372742 340.886627 295.634888
v -196.628326 340.886627 296.763306
v -196.628326 343.610870 295.634888
v -196.628326 344.739288 292.910614
v -199.372742 343.610870 292.910614
v -200.509521 340.886627 292.910614
v -167.640198 340.886627 296.763306
v -164.895782 340.886627 296.763306
v -164.893982 343.610870 295.634888
v -164.895782 344.739288 292.910614
v -167.640198 344.739288 292.910614
v -170.384613 344.739288 292.910614
v -170.380615 343.610870 295.634888
v -170.384613 340.886627 296.763306
v -170.384613 344.739288 290.608032
v -167.640198 344.739288 290.608032
v -164.895782 344.739288 290.608032
v -200.509521 340.886627 290.608032
v -199.372742 343.610870 290.608032
v -196.628326 344.739288 290.608032
v -200.509521 293.874115 290.608032
v -200.509521 296.598358 290.608032
v -200.509521 299.322662 290.608032
v -166.545929 295.511383 290.440582
v -167.640198 292.888641 290.465118
v -163.902924 296.598358 290.465118
v -168.776672 285.692047 290.633514
v -171.521393 284.563141 290.608032
v -167.640198 288.415802 290.608032
v -199.372742 285.691559 290.608032
v -200.509521 288.415802 290.608032
v -196.628326 284.563141 290.608032
v -30.868500 285.691559 295.634888
v -30.868500 284.563141 292.910614
v -28.124084 285.691559 292.910614
v -26.987305 288.415802 292.910614
v -28.124084 288.415802 295.634888
v -30.868500 288.415802 296.763306
v -26.987305 288.415802 290.608032
v -28.124084 285.691559 290.608032
v -30.868500 284.563141 290.608032
v -26.987305 299.322662 290.608032
v -26.987305 296.598358 290.608032
v -26.987305 293.874115 290.608032
v -28.124146 299.314117 295.634918
v -30.868500 299.322662 296.763306
v -30.868500 296.598358 296.763306
v -30.868500 293.874115 296.763306
v -28.124084 293.870209 295.634888
v -26.987305 293.874115 292.910614
v -26.987305 296.598358 292.910614
v -26.987305 299.322662 292.910614
v -53.282745 340.886627 296.763306
v -50.538330 340.886627 296.763306
v -50.542328 343.610870 295.634888
v -50.538330 344.739288 292.910614
v -53.282745 344.739288 292.910614
v -56.027191 344.739288 292.910614
v -56.026672 343.610870 295.634888
v -56.027191 340.886627 296.763306
v -56.027191 344.739288 290.608032
v -53.282745 344.739288 290.608032
v -50.538330 344.739288 290.608032
v -54.377045 295.511383 293.078064
v -53.282745 292.888641 293.053528
v -52.211151 293.430328 295.705109
v -49.530579 293.964691 296.763306
v -49.930511 296.746918 296.763306
v -50.330383 299.529022 296.763306
v -53.191498 300.007904 296.763306
v -56.052643 300.486725 296.763306
v -56.541382 297.716522 295.698639
v -57.020020 296.598358 293.053528
v -52.146332 285.692047 292.885132
v -49.401550 284.563141 292.910614
v -49.383026 285.691803 295.635071
v -49.401550 288.415802 296.763306
v -52.145966 288.415802 295.634888
v -53.282745 288.415802 292.910614
v -28.124084 340.886627 295.634888
v -26.987305 340.886627 292.910614
v -28.124084 343.610870 292.910614
v -30.868500 344.739288 292.910614
v -30.868500 343.610870 295.634888
v -30.868500 340.886627 296.763306
v -30.868500 344.739288 290.608032
v -28.124084 343.610870 290.608032
v -26.987305 340.886627 290.608032
v -52.146332 285.692047 290.633514
v -53.282745 288.415802 290.608032
v -49.401550 284.563141 290.608032
v -54.377045 295.511383 290.440582
v -57.020020 296.598358 290.465118
v -53.282745 292.888641 290.465118
v -198.868347 286.192230 295.134186
v -169.281494 286.191681 295.122345
v -167.702850 296.610260 295.908325
v -199.372742 296.595612 295.634888
v -198.868347 343.110199 295.134186
v -167.637268 343.610870 295.634888
v -28.628448 286.192230 295.134186
v -28.124115 296.592194 295.634888
v -53.284546 343.610870 295.634888
v -53.276001 296.662872 295.908813
v -51.631073 286.191315 295.121796
v -28.628448 343.110199 295.134186
vt 0.380904 0.903760
vt 0.375000 0.916296
vt 0.375000 0.833703
vt 0.380904 0.846240
vt 0.291296 0.000000
vt 0.278760 0.016006
vt 0.221240 0.016006
vt 0.208703 0.000000
vt 0.380904 0.016006
vt 0.378943 0.000000
vt 0.421062 0.000000
vt 0.419096 0.016006
vt 0.378943 1.000000
vt 0.419096 0.903760
vt 0.421062 1.000000
vt 0.343820 0.014506
vt 0.342683 0.038504
vt 0.278760 0.038682
vt 0.380904 0.038682
vt 0.425000 0.887754
vt 0.423350 0.905809
vt 0.423351 0.835284
vt 0.425000 0.830235
vt 0.419096 0.846240
vt 0.425000 0.010914
vt 0.425000 0.034024
vt 0.419041 0.038577
vt 0.425000 0.792640
vt 0.425000 0.583775
vt 0.425000 0.353554
vt 0.430685 0.290943
vt 0.426930 0.374640
vt 0.426915 0.573697
vt 0.430685 0.459057
vt 0.425000 0.751887
vt 0.429036 0.065474
vt 0.429850 0.174449
vt 0.580052 0.176300
vt 0.580786 0.066154
vt 0.579315 0.290944
vt 0.420509 0.062175
vt 0.424776 0.063844
vt 0.425000 0.234198
vt 0.420825 0.233994
vt 0.429175 0.233994
vt 0.419768 0.050378
vt 0.380793 0.050001
vt 0.380904 0.061318
vt 0.278760 0.061318
vt 0.332879 0.061294
vt 0.333106 0.234384
vt 0.278760 0.233994
vt 0.380904 0.233994
vt 0.282758 0.050004
vt 0.217242 0.050006
vt 0.221240 0.038682
vt 0.221240 0.061318
vt 0.380904 0.346240
vt 0.380690 0.285777
vt 0.420829 0.286103
vt 0.420825 0.346240
vt 0.291296 0.250000
vt 0.208704 0.250000
vt 0.221240 0.233994
vt 0.375000 0.333704
vt 0.380904 0.403760
vt 0.375000 0.416296
vt 0.429175 0.346240
vt 0.429177 0.288899
vt 0.580826 0.288898
vt 0.580825 0.346240
vt 0.580825 0.233994
vt 0.424999 0.342242
vt 0.424999 0.407758
vt 0.420825 0.403760
vt 0.429175 0.403759
vt 0.580825 0.403760
vt 0.579315 0.459056
vt 0.619096 0.903760
vt 0.620951 1.000000
vt 0.589066 1.000000
vt 0.590904 0.903760
vt 0.620951 0.000000
vt 0.619096 0.016006
vt 0.590904 0.016006
vt 0.589066 0.000000
vt 0.721240 0.016006
vt 0.708703 0.000000
vt 0.791296 0.000000
vt 0.778760 0.016006
vt 0.625000 0.916297
vt 0.619096 0.846240
vt 0.625000 0.833704
vt 0.656176 0.014506
vt 0.657328 0.038488
vt 0.619096 0.038682
vt 0.721240 0.038682
vt 0.590904 0.846240
vt 0.778760 0.038682
vt 0.778760 0.061318
vt 0.778760 0.233994
vt 0.782758 0.050006
vt 0.717242 0.050008
vt 0.721240 0.061318
vt 0.619096 0.061318
vt 0.667120 0.061286
vt 0.666894 0.234384
vt 0.619096 0.233994
vt 0.721240 0.233994
vt 0.619238 0.050002
vt 0.590115 0.050598
vt 0.590708 0.039059
vt 0.589491 0.062175
vt 0.589175 0.233994
vt 0.585000 0.234196
vt 0.585140 0.064176
vt 0.589175 0.346240
vt 0.589174 0.285068
vt 0.619363 0.284645
vt 0.619096 0.346240
vt 0.585001 0.342242
vt 0.585001 0.407758
vt 0.589175 0.403760
vt 0.619096 0.403760
vt 0.585000 0.275532
vt 0.583085 0.270605
vt 0.583070 0.468957
vt 0.585000 0.443644
vt 0.587257 0.123286
vt 0.587023 0.100844
vt 0.585000 0.272715
vt 0.585000 0.915490
vt 0.585000 0.834452
vt 0.585000 0.253530
vt 0.585000 0.445273
vt 0.585000 0.496644
vt 0.625000 0.333704
vt 0.625000 0.416296
vt 0.708704 0.250000
vt 0.791296 0.250000
vt 0.375000 0.000000
vt 0.375000 1.000000
vt 0.425000 1.000000
vt 0.425000 0.000000
vt 0.425000 0.050000
vt 0.375000 0.050000
vt 0.375000 0.250000
vt 0.425000 0.250000
vt 0.625000 0.000000
vt 0.625000 1.000000
vt 0.625000 0.050000
vt 0.585000 0.250000
vt 0.585000 0.050000
vt 0.585000 0.000000
vt 0.585000 1.000000
vt 0.625000 0.250000
vn -0.032591 -0.976147 0.214653
vn -0.357699 -0.920180 0.159121
vn -0.357697 -0.920181 -0.159123
vn -0.032597 -0.976152 -0.214625
vn -0.918250 -0.362254 0.159964
vn -0.972148 -0.115157 0.204126
vn -0.972151 -0.115169 -0.204103
vn -0.918254 -0.362245 -0.159966
vn -0.035882 -0.133320 0.990423
vn -0.025657 -0.379670 0.924766
vn 0.025932 -0.379797 0.924706
vn 0.034101 -0.134450 0.990333
vn -0.025656 -0.924766 0.379671
vn -0.032591 -0.976147 0.214653
vn 0.032488 -0.976097 0.214892
vn 0.025867 -0.924792 0.379593
vn -0.972148 -0.115157 0.204126
vn -0.923127 -0.093298 0.373004
vn -0.922876 0.000000 0.385098
vn -0.975374 0.000000 0.220560
vn -0.368309 -0.092807 0.925060
vn -0.035882 -0.133320 0.990423
vn -0.040204 0.000000 0.999192
vn -0.380274 0.000000 0.924874
vn 0.970937 -0.131084 0.200246
vn 0.917900 -0.363199 0.159832
vn 0.917394 -0.364019 -0.160871
vn 0.971161 -0.133122 -0.197799
vn 0.358880 -0.919809 0.158607
vn 0.032488 -0.976097 0.214892
vn 0.032643 -0.976170 -0.214536
vn 0.358537 -0.919775 -0.159581
vn 0.034101 -0.134450 0.990333
vn 0.359516 -0.100155 0.927749
vn 0.337287 -0.043950 0.940376
vn 0.033558 -0.004776 0.999425
vn 0.920831 -0.111334 0.373732
vn 0.970937 -0.131084 0.200246
vn 0.958217 -0.147053 0.245350
vn 0.894868 -0.154368 0.418786
vn 0.010342 -0.976233 0.216476
vn 0.354471 -0.897693 0.261720
vn 0.354480 -0.896423 -0.266024
vn 0.010229 -0.976449 -0.215507
vn 0.894275 -0.358719 0.267569
vn 0.958217 -0.147053 0.245350
vn 0.959509 -0.147355 -0.240058
vn 0.895499 -0.359171 -0.262827
vn 0.000259 -0.021824 0.999762
vn 0.003569 -0.362024 0.932162
vn -0.003011 -0.361755 0.932268
vn -0.000214 -0.022011 0.999758
vn 0.013008 -0.923344 0.383753
vn 0.010342 -0.976233 0.216476
vn -0.010228 -0.976448 0.215508
vn -0.012149 -0.923253 0.384001
vn 0.001301 -0.001322 0.999998
vn 0.009562 -0.017783 0.999796
vn -0.000004 0.025569 0.999673
vn -0.000001 0.025689 0.999670
vn 0.009562 -0.017783 0.999796
vn 0.000259 -0.021824 0.999762
vn 0.000000 0.026047 0.999661
vn -0.000004 0.025569 0.999673
vn 0.033558 -0.004776 0.999425
vn 0.027310 -0.015111 0.999513
vn -0.039084 0.000000 0.999236
vn -0.040204 0.000000 0.999192
vn 0.027310 -0.015111 0.999513
vn 0.001301 -0.001322 0.999998
vn -0.039306 0.000000 0.999227
vn -0.039084 0.000000 0.999236
vn -0.975344 0.000000 0.220692
vn -0.922875 0.000000 0.385101
vn -0.923501 0.016082 0.383258
vn -0.975763 0.020530 0.217867
vn -0.380280 0.000000 0.924871
vn -0.039306 0.000000 0.999227
vn -0.038329 0.024794 0.998958
vn -0.378454 0.016000 0.925482
vn -0.975374 0.000000 0.220560
vn -0.975385 0.000003 0.220509
vn -0.975377 0.000004 -0.220544
vn -0.975381 0.000000 -0.220525
vn -0.975385 0.000003 0.220509
vn -0.975344 0.000000 0.220692
vn -0.975343 0.000000 -0.220695
vn -0.975377 0.000004 -0.220544
vn -0.031296 0.976150 0.214828
vn -0.024628 0.924742 0.379796
vn 0.000000 0.923880 0.382683
vn 0.000000 0.975702 0.219100
vn -0.024628 0.379798 0.924742
vn -0.038329 0.024794 0.998958
vn -0.000001 0.025689 0.999670
vn 0.000000 0.382684 0.923879
vn -0.975763 0.020530 0.217867
vn -0.918251 0.362252 0.159964
vn -0.918251 0.362254 -0.159964
vn -0.975763 0.020530 -0.217867
vn -0.357699 0.920181 0.159119
vn -0.031296 0.976150 0.214828
vn -0.031296 0.976150 -0.214828
vn -0.357698 0.920181 -0.159121
vn 0.000000 0.975727 0.218992
vn 0.000000 0.923880 0.382683
vn 0.000000 0.923880 0.382683
vn 0.000000 0.975717 0.219036
vn 0.000000 0.382683 0.923880
vn 0.000000 0.026047 0.999661
vn 0.000000 0.026095 0.999659
vn 0.000000 0.382683 0.923880
vn 0.000000 0.975702 0.219100
vn 0.000000 0.975723 0.219009
vn 0.000000 0.975727 -0.218990
vn 0.000000 0.975703 -0.219097
vn 0.000000 0.975723 0.219009
vn 0.000000 0.975727 0.218992
vn 0.000000 0.975717 -0.219036
vn 0.000000 0.975727 -0.218990
vn 0.042853 -0.976072 0.213185
vn 0.033860 -0.924911 0.378672
vn -0.033815 -0.924863 0.378795
vn -0.042915 -0.976068 0.213188
vn 0.033870 -0.378644 0.924922
vn 0.046672 -0.130999 0.990283
vn -0.043991 -0.131490 0.990341
vn -0.033929 -0.379040 0.924758
vn 0.972152 -0.115177 0.204095
vn 0.918249 -0.362257 0.159964
vn 0.918251 -0.362253 -0.159963
vn 0.972148 -0.115155 -0.204128
vn 0.357701 -0.920179 0.159124
vn 0.042853 -0.976072 0.213185
vn 0.042842 -0.976062 -0.213230
vn 0.357700 -0.920180 -0.159122
vn 0.046672 -0.130999 0.990283
vn 0.368304 -0.092838 0.925059
vn 0.380274 0.000001 0.924874
vn 0.052102 0.000000 0.998642
vn 0.923125 -0.093328 0.373002
vn 0.972152 -0.115177 0.204095
vn 0.975385 0.000001 0.220508
vn 0.922875 0.000002 0.385100
vn 0.975374 0.000001 -0.220557
vn 0.975389 0.000002 -0.220492
vn 0.975379 0.000002 0.220535
vn 0.975385 0.000001 0.220508
vn 0.975389 0.000002 -0.220492
vn 0.975334 0.000000 -0.220736
vn 0.975333 0.000000 0.220738
vn 0.975379 0.000002 0.220535
vn 0.050973 0.000000 0.998700
vn 0.380280 0.000000 0.924871
vn 0.378455 0.016000 0.925482
vn 0.049616 0.024570 0.998466
vn 0.922873 0.000000 0.385105
vn 0.975333 0.000000 0.220738
vn 0.975761 0.020530 0.217872
vn 0.923500 0.016083 0.383262
vn 0.052102 0.000000 0.998642
vn 0.051212 0.000000 0.998688
vn -0.035056 -0.019157 0.999202
vn -0.045053 -0.006789 0.998962
vn 0.051212 0.000000 0.998688
vn 0.050973 0.000000 0.998700
vn -0.001699 -0.001699 0.999997
vn -0.035056 -0.019157 0.999202
vn 0.000000 0.025679 0.999670
vn -0.000004 0.025360 0.999678
vn -0.009749 -0.017858 0.999793
vn -0.001699 -0.001699 0.999997
vn -0.000004 0.025360 0.999678
vn 0.000000 0.026095 0.999659
vn -0.000214 -0.022011 0.999758
vn -0.009749 -0.017858 0.999793
vn 0.000000 0.975703 0.219096
vn 0.000000 0.923879 0.382686
vn 0.032077 0.924890 0.378880
vn 0.040634 0.976090 0.213535
vn 0.000000 0.382683 0.923880
vn 0.000000 0.025679 0.999670
vn 0.049616 0.024570 0.998466
vn 0.032077 0.378878 0.924891
vn 0.000000 0.975717 0.219036
vn 0.000000 0.975727 0.218990
vn 0.000000 0.975723 -0.219009
vn 0.000000 0.975727 -0.218992
vn 0.000000 0.975727 0.218990
vn 0.000000 0.975703 0.219096
vn 0.000000 0.975703 -0.219098
vn 0.000000 0.975723 -0.219009
vn -0.959507 -0.147334 0.240082
vn -0.895480 -0.359181 0.262879
vn -0.894280 -0.358699 -0.267579
vn -0.958216 -0.147056 -0.245351
vn -0.354439 -0.896429 0.266059
vn -0.010228 -0.976448 0.215508
vn -0.010341 -0.976233 -0.216477
vn -0.354451 -0.897697 -0.261733
vn -0.045053 -0.006789 0.998962
vn -0.342818 -0.046861 0.938232
vn -0.362592 -0.106105 0.925888
vn -0.043991 -0.131490 0.990341
vn -0.897703 -0.159548 0.410700
vn -0.959507 -0.147334 0.240082
vn -0.971160 -0.133118 0.197807
vn -0.922358 -0.115546 0.368653
vn -0.042915 -0.976068 0.213188
vn -0.358542 -0.919772 0.159583
vn -0.358882 -0.919808 -0.158608
vn -0.042714 -0.976007 -0.213509
vn -0.917390 -0.364029 0.160871
vn -0.971160 -0.133118 0.197807
vn -0.970937 -0.131088 -0.200244
vn -0.917897 -0.363206 -0.159832
vn 0.040634 0.976090 0.213535
vn 0.357700 0.920180 0.159122
vn 0.357700 0.920180 -0.159120
vn 0.040634 0.976090 -0.213535
vn 0.918251 0.362253 0.159965
vn 0.975761 0.020530 0.217872
vn 0.975761 0.020530 -0.217872
vn 0.918251 0.362253 -0.159965
vn -0.035882 -0.133320 0.990423
vn 0.034101 -0.134450 0.990333
vn 0.033558 -0.004776 0.999425
vn -0.040204 0.000000 0.999192
vn -0.031296 0.976150 0.214828
vn 0.000000 0.975702 0.219100
vn 0.000000 0.975703 -0.219097
vn -0.031296 0.976150 -0.214828
vn -0.032597 -0.976152 -0.214625
vn 0.032643 -0.976170 -0.214536
vn 0.032488 -0.976097 0.214892
vn -0.032591 -0.976147 0.214653
vn 0.972152 -0.115177 0.204095
vn 0.972148 -0.115155 -0.204128
vn 0.975374 0.000001 -0.220557
vn 0.975385 0.000001 0.220508
vn -0.972151 -0.115169 -0.204103
vn -0.972148 -0.115157 0.204126
vn -0.975374 0.000000 0.220560
vn -0.975381 0.000000 -0.220525
vn 0.000000 0.975717 -0.219036
vn 0.000000 0.975727 0.218992
vn 0.000000 0.975717 0.219036
vn 0.000000 0.975727 -0.218992
vn 0.052102 0.000000 0.998642
vn -0.045053 -0.006789 0.998962
vn -0.043991 -0.131490 0.990341
vn 0.046672 -0.130999 0.990283
vn 0.000000 0.975703 -0.219098
vn 0.000000 0.975703 0.219096
vn 0.040634 0.976090 0.213535
vn 0.040634 0.976090 -0.213535
vn -0.042915 -0.976068 0.213188
vn -0.042714 -0.976007 -0.213509
vn 0.042842 -0.976062 -0.213230
vn 0.042853 -0.976072 0.213185
vn -0.975343 0.000000 -0.220695
vn -0.975344 0.000000 0.220692
vn -0.975763 0.020530 0.217867
vn -0.975763 0.020530 -0.217867
vn 0.975333 0.000000 0.220738
vn 0.975334 0.000000 -0.220736
vn 0.975761 0.020530 -0.217872
vn 0.975761 0.020530 0.217872
vn 0.000000 0.025679 0.999670
vn -0.001699 -0.001699 0.999997
vn 0.050973 0.000000 0.998700
vn 0.049616 0.024570 0.998466
vn 0.000000 0.026047 0.999661
vn 0.000259 -0.021824 0.999762
vn -0.000214 -0.022011 0.999758
vn 0.000000 0.026095 0.999659
vn -0.039306 0.000000 0.999227
vn 0.001301 -0.001322 0.999998
vn -0.000001 0.025689 0.999670
vn -0.038329 0.024794 0.998958
vn 0.010342 -0.976233 0.216476
vn 0.010229 -0.976449 -0.215507
vn -0.010341 -0.976233 -0.216477
vn -0.010228 -0.976448 0.215508
vn 0.958217 -0.147053 0.245350
vn 0.970937 -0.131084 0.200246
vn 0.971161 -0.133122 -0.197799
vn 0.959509 -0.147355 -0.240058
vn -0.959507 -0.147334 0.240082
vn -0.958216 -0.147056 -0.245351
vn -0.970937 -0.131088 -0.200244
vn -0.971160 -0.133118 0.197807
vn -0.923127 -0.093298 0.373004
vn -0.972148 -0.115157 0.204126
vn -0.918250 -0.362254 0.159964
vn -0.886528 -0.327160 0.327160
vn -0.357699 -0.920180 0.159121
vn -0.032591 -0.976147 0.214653
vn -0.025656 -0.924766 0.379671
vn -0.323129 -0.888608 0.325521
vn -0.025657 -0.379670 0.924766
vn -0.035882 -0.133320 0.990423
vn -0.368309 -0.092807 0.925060
vn -0.323120 -0.325521 0.888611
vn 0.025867 -0.924792 0.379593
vn 0.032488 -0.976097 0.214892
vn 0.358880 -0.919809 0.158607
vn 0.325588 -0.888177 0.324244
vn 0.917900 -0.363199 0.159832
vn 0.970937 -0.131084 0.200246
vn 0.920831 -0.111334 0.373732
vn 0.886038 -0.329309 0.326332
vn 0.359516 -0.100155 0.927749
vn 0.034101 -0.134450 0.990333
vn 0.025932 -0.379797 0.924706
vn 0.325258 -0.327043 0.887271
vn 0.894868 -0.154368 0.418786
vn 0.958217 -0.147053 0.245350
vn 0.894275 -0.358719 0.267569
vn 0.836025 -0.325029 0.442062
vn 0.354471 -0.897693 0.261720
vn 0.010342 -0.976233 0.216476
vn 0.013008 -0.923344 0.383753
vn 0.322082 -0.842291 0.432214
vn 0.003569 -0.362024 0.932162
vn 0.000259 -0.021824 0.999762
vn 0.009562 -0.017783 0.999796
vn 0.178384 -0.180648 0.967236
vn 0.009562 -0.017783 0.999796
vn 0.001301 -0.001322 0.999998
vn 0.027310 -0.015111 0.999513
vn 0.178384 -0.180648 0.967236
vn 0.027310 -0.015111 0.999513
vn 0.033558 -0.004776 0.999425
vn 0.337287 -0.043950 0.940376
vn 0.178384 -0.180648 0.967236
vn -0.039084 0.000000 0.999236
vn -0.039306 0.000000 0.999227
vn -0.380280 0.000000 0.924871
vn -0.380275 0.000004 0.924873
vn -0.922875 0.000000 0.385101
vn -0.975344 0.000000 0.220692
vn -0.975385 0.000003 0.220509
vn -0.922875 0.000006 0.385101
vn -0.975385 0.000003 0.220509
vn -0.975374 0.000000 0.220560
vn -0.922876 0.000000 0.385098
vn -0.922875 0.000006 0.385101
vn -0.380274 0.000000 0.924874
vn -0.040204 0.000000 0.999192
vn -0.039084 0.000000 0.999236
vn -0.380275 0.000004 0.924873
vn -0.918251 0.362252 0.159964
vn -0.975763 0.020530 0.217867
vn -0.923501 0.016082 0.383258
vn -0.886530 0.327156 0.327160
vn -0.378454 0.016000 0.925482
vn -0.038329 0.024794 0.998958
vn -0.024628 0.379798 0.924742
vn -0.323121 0.325521 0.888611
vn -0.024628 0.924742 0.379796
vn -0.031296 0.976150 0.214828
vn -0.357699 0.920181 0.159119
vn -0.323130 0.888609 0.325517
vn 0.000000 0.382684 0.923879
vn -0.000001 0.025689 0.999670
vn -0.000004 0.025569 0.999673
vn 0.000000 0.382683 0.923880
vn -0.000004 0.025569 0.999673
vn 0.000000 0.026047 0.999661
vn 0.000000 0.382683 0.923880
vn 0.000000 0.382683 0.923880
vn 0.000000 0.923880 0.382683
vn 0.000000 0.975727 0.218992
vn 0.000000 0.975723 0.219009
vn 0.000000 0.923880 0.382683
vn 0.000000 0.975723 0.219009
vn 0.000000 0.975702 0.219100
vn 0.000000 0.923880 0.382683
vn 0.000000 0.923880 0.382683
vn 0.368304 -0.092838 0.925059
vn 0.046672 -0.130999 0.990283
vn 0.033870 -0.378644 0.924922
vn 0.323125 -0.325524 0.888608
vn 0.033860 -0.924911 0.378672
vn 0.042853 -0.976072 0.213185
vn 0.357701 -0.920179 0.159124
vn 0.323128 -0.888607 0.325524
vn 0.918249 -0.362257 0.159964
vn 0.972152 -0.115177 0.204095
vn 0.923125 -0.093328 0.373002
vn 0.886526 -0.327166 0.327161
vn 0.975379 0.000002 0.220535
vn 0.975333 0.000000 0.220738
vn 0.922873 0.000000 0.385105
vn 0.922873 0.000003 0.385105
vn 0.380280 0.000000 0.924871
vn 0.050973 0.000000 0.998700
vn 0.051212 0.000000 0.998688
vn 0.380273 0.000001 0.924874
vn 0.051212 0.000000 0.998688
vn 0.052102 0.000000 0.998642
vn 0.380274 0.000001 0.924874
vn 0.380273 0.000001 0.924874
vn 0.922875 0.000002 0.385100
vn 0.975385 0.000001 0.220508
vn 0.975379 0.000002 0.220535
vn 0.922873 0.000003 0.385105
vn 0.000000 0.382683 0.923880
vn 0.000000 0.026095 0.999659
vn -0.000004 0.025360 0.999678
vn 0.000000 0.382684 0.923879
vn -0.000004 0.025360 0.999678
vn 0.000000 0.025679 0.999670
vn 0.000000 0.382683 0.923880
vn 0.000000 0.382684 0.923879
vn 0.000000 0.923879 0.382686
vn 0.000000 0.975703 0.219096
vn 0.000000 0.975727 0.218990
vn 0.000000 0.923879 0.382685
vn 0.000000 0.975727 0.218990
vn 0.000000 0.975717 0.219036
vn 0.000000 0.923880 0.382683
vn 0.000000 0.923879 0.382685
vn -0.012149 -0.923253 0.384001
vn -0.010228 -0.976448 0.215508
vn -0.354439 -0.896429 0.266059
vn -0.321270 -0.838453 0.440206
vn -0.895480 -0.359181 0.262879
vn -0.959507 -0.147334 0.240082
vn -0.897703 -0.159548 0.410700
vn -0.839806 -0.326573 0.433678
vn -0.342818 -0.046861 0.938232
vn -0.045053 -0.006789 0.998962
vn -0.035056 -0.019157 0.999202
vn -0.179130 -0.179717 0.967272
vn -0.035056 -0.019157 0.999202
vn -0.001699 -0.001699 0.999997
vn -0.009749 -0.017858 0.999793
vn -0.179130 -0.179717 0.967272
vn -0.009749 -0.017858 0.999793
vn -0.000214 -0.022011 0.999758
vn -0.003011 -0.361755 0.932268
vn -0.179130 -0.179717 0.967272
vn -0.922358 -0.115546 0.368653
vn -0.971160 -0.133118 0.197807
vn -0.917390 -0.364029 0.160871
vn -0.884812 -0.330986 0.327959
vn -0.358542 -0.919772 0.159583
vn -0.042915 -0.976068 0.213188
vn -0.033815 -0.924863 0.378795
vn -0.324745 -0.887748 0.326260
vn -0.033929 -0.379040 0.924758
vn -0.043991 -0.131490 0.990341
vn -0.362592 -0.106105 0.925888
vn -0.324522 -0.329102 0.886779
vn 0.032077 0.378878 0.924891
vn 0.049616 0.024570 0.998466
vn 0.378455 0.016000 0.925482
vn 0.323120 0.325521 0.888611
vn 0.923500 0.016083 0.383262
vn 0.975761 0.020530 0.217872
vn 0.918251 0.362253 0.159965
vn 0.886529 0.327158 0.327160
vn 0.357700 0.920180 0.159122
vn 0.040634 0.976090 0.213535
vn 0.032077 0.924890 0.378880
vn 0.323126 0.888610 0.325518
s off
g S_U_05 Wall_Sculptures_04:Wall_Sculptures_01
usemtl Wall_Sculptures_04:aiStandardSurface1SG
f 877/976/3313 876/977/3314 935/978/3315 937/979/3316
f 876/980/3317 881/981/3318 936/982/3319 935/983/3320
f 879/984/3321 878/985/3322 886/986/3323 885/987/3324
f 878/988/3325 877/976/3326 887/989/3327 886/990/3328
f 881/981/3329 880/991/3330 902/992/3331 901/993/3332
f 880/991/3333 879/984/3334 903/994/3335 902/992/3336
f 883/995/3337 882/996/3338 932/997/3339 934/998/3340
f 882/996/3341 887/989/3342 933/999/3343 932/997/3344
f 885/987/3345 884/1000/3346 896/1001/3347 895/1002/3348
f 884/1003/3349 883/995/3350 897/1004/3351 896/1005/3352
f 889/1006/3353 888/1007/3354 929/1008/3355 931/1009/3356
f 888/1007/3357 897/1004/3358 930/1010/3359 929/1008/3360
f 891/1011/3361 890/1012/3362 977/1013/3363 976/1014/3364
f 890/1012/3365 889/1006/3366 978/1015/3367 977/1013/3368
f 893/1016/3369 892/1017/3370 912/1018/3371 919/1019/3372
f 892/1017/3373 891/1011/3374 913/1020/3375 912/1018/3376
f 895/1002/3377 894/1021/3378 904/1022/3379 903/994/3380
f 894/1021/3381 893/1016/3382 905/1023/3383 904/1022/3384
f 899/1024/3385 898/1025/3386 906/1026/3387 911/1027/3388
f 898/1025/3389 905/1023/3390 907/1028/3391 906/1026/3392
f 901/993/3393 900/1029/3394 927/1030/3395 926/1031/3396
f 900/1029/3397 899/1024/3398 928/1032/3399 927/1030/3400
f 909/1033/3401 908/1034/3402 918/1035/3403 917/1036/3404
f 908/1034/3405 907/1028/3406 919/1019/3407 918/1035/3408
f 911/1027/3409 910/1037/3410 924/1038/3411 923/1039/3412
f 910/1040/3413 909/1033/3414 925/1041/3415 924/1042/3416
f 915/1043/3417 914/1044/3418 964/1045/3419 963/1046/3420
f 914/1044/3421 913/1020/3422 965/1047/3423 964/1045/3424
f 917/1036/3425 916/1048/3426 921/1049/3427 920/1050/3428
f 916/1048/3429 915/1043/3430 922/1051/3431 921/1049/3432
f 939/1054/3433 938/1055/3434 981/1056/3435 980/1057/3436
f 938/1058/3437 943/1059/3438 982/1060/3439 981/1061/3440
f 941/1062/3441 940/1063/3442 945/1064/3443 944/1065/3444
f 940/1066/3445 939/1054/3446 946/1067/3447 945/1068/3448
f 943/1059/3449 942/1069/3450 954/1070/3451 953/1071/3452
f 942/1069/3453 941/1062/3454 955/1072/3455 954/1070/3456
f 949/1074/3457 948/1077/3458 956/1078/3459 955/1072/3460
f 948/1077/3461 947/1075/3462 957/1079/3463 956/1078/3464
f 951/1080/3465 950/1081/3466 985/1082/3467 990/1083/3468
f 950/1081/3469 957/1079/3470 986/1084/3471 985/1082/3472
f 953/1071/3473 952/1085/3474 973/1086/3475 972/1087/3476
f 952/1085/3477 951/1080/3478 974/1088/3479 973/1086/3480
f 959/1089/3481 958/1090/3482 975/1091/3483 974/1088/3484
f 958/1090/3485 965/1047/3486 976/1014/3487 975/1091/3488
f 961/1092/3489 960/1093/3490 989/1094/3491 988/1095/3492
f 960/1093/3493 959/1089/3494 990/1083/3495 989/1094/3496
f 963/1046/3497 962/1096/3498 967/1097/3499 966/1052/3500
f 962/1096/3501 961/1092/3502 968/1098/3503 967/1097/3504
f 970/1100/3505 969/1101/3506 997/1102/3507 999/1103/3508
f 969/1101/3509 978/1015/3510 998/1053/3511 997/1102/3512
f 972/1087/3513 971/1104/3514 983/1105/3515 982/1060/3516
f 971/1104/3517 970/1100/3518 984/1106/3519 983/1105/3520
f 980/1057/3521 979/1107/3522 994/1108/3523 996/1073/3524
f 979/1109/3525 984/1106/3526 995/1110/3527 994/1111/3528
f 988/1095/3529 987/1112/3530 992/1113/3531 991/1099/3532
f 987/1114/3533 986/1084/3534 993/1076/3535 992/1115/3536
f 879/984/3537 885/987/3538 895/1002/3539 903/994/3540
f 909/1033/3541 917/1036/3542 920/1050/3543 925/1041/3544
f 937/979/3545 933/999/3546 887/989/3547 877/976/3548
f 941/1062/3549 944/1065/3550 949/1074/3551 955/1072/3552
f 936/982/3553 881/981/3554 901/993/3555 926/1031/3556
f 922/1051/3557 915/1043/3558 963/1046/3559 966/1052/3560
f 953/1071/3561 972/1087/3562 982/1060/3563 943/1059/3564
f 968/1098/3565 961/1092/3566 988/1095/3567 991/1099/3568
f 980/1057/3569 996/1073/3570 946/1067/3571 939/1054/3572
f 928/1032/3573 899/1024/3574 911/1027/3575 923/1039/3576
f 957/1079/3577 947/1075/3578 993/1076/3579 986/1084/3580
f 959/1089/3581 974/1088/3582 951/1080/3583 990/1083/3584
f 913/1020/3585 891/1011/3586 976/1014/3587 965/1047/3588
f 905/1023/3589 893/1016/3590 919/1019/3591 907/1028/3592
f 889/1006/3593 931/1009/3594 998/1053/3595 978/1015/3596
f 897/1004/3597 883/995/3598 934/998/3599 930/1010/3600
f 970/1100/3601 999/1103/3602 995/1110/3603 984/1106/3604
f 880/991/3605 881/981/3606 876/980/3607 1000/1116/3608
f 876/977/3609 877/976/3610 878/988/3611 1000/1117/3612
f 878/985/3613 879/984/3614 880/991/3615 1000/1116/3616
f 886/990/3617 887/989/3618 882/996/3619 1001/1118/3620
f 882/996/3621 883/995/3622 884/1003/3623 1001/1118/3624
f 884/1000/3625 885/987/3626 886/986/3627 1001/1119/3628
f 896/1005/3629 897/1004/3630 888/1007/3631 1002/1120/3632
f 888/1007/3633 889/1006/3634 890/1012/3635 1002/1120/3636
f 890/1012/3637 891/1011/3638 892/1017/3639 1002/1120/3640
f 892/1017/3641 893/1016/3642 894/1021/3643 1002/1120/3644
f 894/1021/3645 895/1002/3646 896/1001/3647 1002/1120/3648
f 904/1022/3649 905/1023/3650 898/1025/3651 1003/1121/3652
f 898/1025/3653 899/1024/3654 900/1029/3655 1003/1121/3656
f 900/1029/3657 901/993/3658 902/992/3659 1003/1121/3660
f 902/992/3661 903/994/3662 904/1022/3663 1003/1121/3664
f 910/1037/3665 911/1027/3666 906/1026/3667 1004/1122/3668
f 906/1026/3669 907/1028/3670 908/1034/3671 1004/1122/3672
f 908/1034/3673 909/1033/3674 910/1040/3675 1004/1122/3676
f 918/1035/3677 919/1019/3678 912/1018/3679 1005/1123/3680
f 912/1018/3681 913/1020/3682 914/1044/3683 1005/1123/3684
f 914/1044/3685 915/1043/3686 916/1048/3687 1005/1123/3688
f 916/1048/3689 917/1036/3690 918/1035/3691 1005/1123/3692
f 942/1069/3693 943/1059/3694 938/1058/3695 1006/1124/3696
f 938/1055/3697 939/1054/3698 940/1066/3699 1006/1125/3700
f 940/1063/3701 941/1062/3702 942/1069/3703 1006/1124/3704
f 956/1078/3705 957/1079/3706 950/1081/3707 1007/1126/3708
f 950/1081/3709 951/1080/3710 952/1085/3711 1007/1126/3712
f 952/1085/3713 953/1071/3714 954/1070/3715 1007/1126/3716
f 954/1070/3717 955/1072/3718 956/1078/3719 1007/1126/3720
f 964/1045/3721 965/1047/3722 958/1090/3723 1008/1127/3724
f 958/1090/3725 959/1089/3726 960/1093/3727 1008/1127/3728
f 960/1093/3729 961/1092/3730 962/1096/3731 1008/1127/3732
f 962/1096/3733 963/1046/3734 964/1045/3735 1008/1127/3736
f 977/1013/3737 978/1015/3738 969/1101/3739 1009/1128/3740
f 969/1101/3741 970/1100/3742 971/1104/3743 1009/1128/3744
f 971/1104/3745 972/1087/3746 973/1086/3747 1009/1128/3748
f 973/1086/3749 974/1088/3750 975/1091/3751 1009/1128/3752
f 975/1091/3753 976/1014/3754 977/1013/3755 1009/1128/3756
f 983/1105/3757 984/1106/3758 979/1109/3759 1010/1129/3760
f 979/1107/3761 980/1057/3762 981/1056/3763 1010/1130/3764
f 981/1061/3765 982/1060/3766 983/1105/3767 1010/1129/3768
f 989/1094/3769 990/1083/3770 985/1082/3771 1011/1131/3772
f 985/1082/3773 986/1084/3774 987/1114/3775 1011/1131/3776
f 987/1112/3777 988/1095/3778 989/1094/3779 1011/1131/3780
g default
v -27.338043 285.691559 292.910614
v -24.593628 284.563141 292.910614
v -24.593628 285.691559 295.634888
v -24.593628 288.415802 296.763306
v -27.338043 288.415802 295.634888
v -28.474823 288.415802 292.910614
v 3.258026 285.692047 292.885132
v 4.394501 288.415802 292.910614
v 3.257721 288.415802 295.634888
v 0.513306 288.415802 296.763306
v 0.518585 285.691620 295.634888
v 0.513306 284.563141 292.910614
v 5.488770 295.511383 293.078064
v 8.131775 296.598358 293.053528
v 7.588287 297.662018 295.704620
v 7.047699 300.322968 296.763306
v 4.244873 299.925995 296.763306
v 1.442139 299.529022 296.763306
v 0.959717 296.688995 296.763306
v 0.477295 293.848907 296.763306
v 3.268066 293.363373 295.698578
v 4.394501 292.888641 293.053528
v -27.337982 299.316254 295.634888
v -28.474823 299.322662 292.910614
v -28.474823 296.598358 292.910614
v -28.474823 293.874115 292.910614
v -27.338043 293.874969 295.634888
v -24.593628 293.874115 296.763306
v -24.593628 296.598358 296.763306
v -24.593628 299.322662 296.763306
v -27.338043 340.886627 295.634888
v -24.593628 340.886627 296.763306
v -24.593628 343.610870 295.634888
v -24.593628 344.739288 292.910614
v -27.338043 343.610870 292.910614
v -28.474823 340.886627 292.910614
v 4.394501 340.886627 296.763306
v 7.138916 340.886627 296.763306
v 7.140717 343.610870 295.634888
v 7.138916 344.739288 292.910614
v 4.394501 344.739288 292.910614
v 1.650085 344.739288 292.910614
v 1.654083 343.610870 295.634888
v 1.650085 340.886627 296.763306
v 1.650085 344.739288 290.608032
v 4.394501 344.739288 290.608032
v 7.138916 344.739288 290.608032
v -28.474823 340.886627 290.608032
v -27.338043 343.610870 290.608032
v -24.593628 344.739288 290.608032
v -28.474823 293.874115 290.608032
v -28.474823 296.598358 290.608032
v -28.474823 299.322662 290.608032
v 5.488770 295.511383 290.440582
v 4.394501 292.888641 290.465118
v 8.131775 296.598358 290.465118
v 3.258026 285.692047 290.633514
v 0.513306 284.563141 290.608032
v 4.394501 288.415802 290.608032
v -27.338043 285.691559 290.608032
v -28.474823 288.415802 290.608032
v -24.593628 284.563141 290.608032
v 141.166199 285.691559 295.634888
v 141.166199 284.563141 292.910614
v 143.910614 285.691559 292.910614
v 145.047394 288.415802 292.910614
v 143.910614 288.415802 295.634888
v 141.166199 288.415802 296.763306
v 145.047394 288.415802 290.608032
v 143.910614 285.691559 290.608032
v 141.166199 284.563141 290.608032
v 145.047394 299.322662 290.608032
v 145.047394 296.598358 290.608032
v 145.047394 293.874115 290.608032
v 143.910553 299.314117 295.634918
v 141.166199 299.322662 296.763306
v 141.166199 296.598358 296.763306
v 141.166199 293.874115 296.763306
v 143.910614 293.870209 295.634888
v 145.047394 293.874115 292.910614
v 145.047394 296.598358 292.910614
v 145.047394 299.322662 292.910614
v 118.751953 340.886627 296.763306
v 121.496368 340.886627 296.763306
v 121.492371 343.610870 295.634888
v 121.496368 344.739288 292.910614
v 118.751953 344.739288 292.910614
v 116.007507 344.739288 292.910614
v 116.008026 343.610870 295.634888
v 116.007507 340.886627 296.763306
v 116.007507 344.739288 290.608032
v 118.751953 344.739288 290.608032
v 121.496368 344.739288 290.608032
v 117.657654 295.511383 293.078064
v 118.751953 292.888641 293.053528
v 119.823547 293.430328 295.705109
v 122.504120 293.964691 296.763306
v 122.104187 296.746918 296.763306
v 121.704315 299.529022 296.763306
v 118.843201 300.007904 296.763306
v 115.982056 300.486725 296.763306
v 115.493317 297.716522 295.698639
v 115.014679 296.598358 293.053528
v 119.888367 285.692047 292.885132
v 122.633148 284.563141 292.910614
v 122.651672 285.691803 295.635071
v 122.633148 288.415802 296.763306
v 119.888733 288.415802 295.634888
v 118.751953 288.415802 292.910614
v 143.910614 340.886627 295.634888
v 145.047394 340.886627 292.910614
v 143.910614 343.610870 292.910614
v 141.166199 344.739288 292.910614
v 141.166199 343.610870 295.634888
v 141.166199 340.886627 296.763306
v 141.166199 344.739288 290.608032
v 143.910614 343.610870 290.608032
v 145.047394 340.886627 290.608032
v 119.888367 285.692047 290.633514
v 118.751953 288.415802 290.608032
v 122.633148 284.563141 290.608032
v 117.657654 295.511383 290.440582
v 115.014679 296.598358 290.465118
v 118.751953 292.888641 290.465118
v -26.833649 286.192230 295.134186
v 2.753204 286.191681 295.122345
v 4.331848 296.610260 295.908325
v -27.338043 296.595612 295.634888
v -26.833649 343.110199 295.134186
v 4.397430 343.610870 295.634888
v 143.406250 286.192230 295.134186
v 143.910583 296.592194 295.634888
v 118.750153 343.610870 295.634888
v 118.758698 296.662872 295.908813
v 120.403625 286.191315 295.121796
v 143.406250 343.110199 295.134186
vt 0.380904 0.903760
vt 0.375000 0.916296
vt 0.375000 0.833703
vt 0.380904 0.846240
vt 0.291296 0.000000
vt 0.278760 0.016006
vt 0.221240 0.016006
vt 0.208703 0.000000
vt 0.380904 0.016006
vt 0.378943 0.000000
vt 0.421062 0.000000
vt 0.419096 0.016006
vt 0.378943 1.000000
vt 0.419096 0.903760
vt 0.421062 1.000000
vt 0.343820 0.014506
vt 0.342683 0.038504
vt 0.278760 0.038682
vt 0.380904 0.038682
vt 0.425000 0.887754
vt 0.423350 0.905809
vt 0.423351 0.835284
vt 0.425000 0.830235
vt 0.419096 0.846240
vt 0.425000 0.010914
vt 0.425000 0.034024
vt 0.419041 0.038577
vt 0.425000 0.792640
vt 0.425000 0.583775
vt 0.425000 0.353554
vt 0.430685 0.290943
vt 0.426930 0.374640
vt 0.426915 0.573697
vt 0.430685 0.459057
vt 0.425000 0.751887
vt 0.429036 0.065474
vt 0.429850 0.174449
vt 0.580052 0.176300
vt 0.580786 0.066154
vt 0.579315 0.290944
vt 0.420509 0.062175
vt 0.424776 0.063844
vt 0.425000 0.234198
vt 0.420825 0.233994
vt 0.429175 0.233994
vt 0.419768 0.050378
vt 0.380793 0.050001
vt 0.380904 0.061318
vt 0.278760 0.061318
vt 0.332879 0.061294
vt 0.333106 0.234384
vt 0.278760 0.233994
vt 0.380904 0.233994
vt 0.282758 0.050004
vt 0.217242 0.050006
vt 0.221240 0.038682
vt 0.221240 0.061318
vt 0.380904 0.346240
vt 0.380690 0.285777
vt 0.420829 0.286103
vt 0.420825 0.346240
vt 0.291296 0.250000
vt 0.208704 0.250000
vt 0.221240 0.233994
vt 0.375000 0.333704
vt 0.380904 0.403760
vt 0.375000 0.416296
vt 0.429175 0.346240
vt 0.429177 0.288899
vt 0.580826 0.288898
vt 0.580825 0.346240
vt 0.580825 0.233994
vt 0.424999 0.342242
vt 0.424999 0.407758
vt 0.420825 0.403760
vt 0.429175 0.403759
vt 0.580825 0.403760
vt 0.579315 0.459056
vt 0.619096 0.903760
vt 0.620951 1.000000
vt 0.589066 1.000000
vt 0.590904 0.903760
vt 0.620951 0.000000
vt 0.619096 0.016006
vt 0.590904 0.016006
vt 0.589066 0.000000
vt 0.721240 0.016006
vt 0.708703 0.000000
vt 0.791296 0.000000
vt 0.778760 0.016006
vt 0.625000 0.916297
vt 0.619096 0.846240
vt 0.625000 0.833704
vt 0.656176 0.014506
vt 0.657328 0.038488
vt 0.619096 0.038682
vt 0.721240 0.038682
vt 0.590904 0.846240
vt 0.778760 0.038682
vt 0.778760 0.061318
vt 0.778760 0.233994
vt 0.782758 0.050006
vt 0.717242 0.050008
vt 0.721240 0.061318
vt 0.619096 0.061318
vt 0.667120 0.061286
vt 0.666894 0.234384
vt 0.619096 0.233994
vt 0.721240 0.233994
vt 0.619238 0.050002
vt 0.590115 0.050598
vt 0.590708 0.039059
vt 0.589491 0.062175
vt 0.589175 0.233994
vt 0.585000 0.234196
vt 0.585140 0.064176
vt 0.589175 0.346240
vt 0.589174 0.285068
vt 0.619363 0.284645
vt 0.619096 0.346240
vt 0.585001 0.342242
vt 0.585001 0.407758
vt 0.589175 0.403760
vt 0.619096 0.403760
vt 0.585000 0.275532
vt 0.583085 0.270605
vt 0.583070 0.468957
vt 0.585000 0.443644
vt 0.587257 0.123286
vt 0.587023 0.100844
vt 0.585000 0.272715
vt 0.585000 0.915490
vt 0.585000 0.834452
vt 0.585000 0.253530
vt 0.585000 0.445273
vt 0.585000 0.496644
vt 0.625000 0.333704
vt 0.625000 0.416296
vt 0.708704 0.250000
vt 0.791296 0.250000
vt 0.375000 0.000000
vt 0.375000 1.000000
vt 0.425000 1.000000
vt 0.425000 0.000000
vt 0.425000 0.050000
vt 0.375000 0.050000
vt 0.375000 0.250000
vt 0.425000 0.250000
vt 0.625000 0.000000
vt 0.625000 1.000000
vt 0.625000 0.050000
vt 0.585000 0.250000
vt 0.585000 0.050000
vt 0.585000 0.000000
vt 0.585000 1.000000
vt 0.625000 0.250000
vn -0.032591 -0.976147 0.214653
vn -0.357699 -0.920180 0.159121
vn -0.357697 -0.920181 -0.159123
vn -0.032597 -0.976152 -0.214625
vn -0.918250 -0.362254 0.159964
vn -0.972148 -0.115157 0.204126
vn -0.972151 -0.115169 -0.204103
vn -0.918254 -0.362245 -0.159966
vn -0.035882 -0.133320 0.990423
vn -0.025657 -0.379670 0.924766
vn 0.025932 -0.379797 0.924706
vn 0.034101 -0.134450 0.990333
vn -0.025656 -0.924766 0.379671
vn -0.032591 -0.976147 0.214653
vn 0.032488 -0.976097 0.214892
vn 0.025867 -0.924792 0.379593
vn -0.972148 -0.115157 0.204126
vn -0.923127 -0.093298 0.373004
vn -0.922876 0.000000 0.385098
vn -0.975374 0.000000 0.220560
vn -0.368309 -0.092807 0.925060
vn -0.035882 -0.133320 0.990423
vn -0.040204 0.000000 0.999192
vn -0.380274 0.000000 0.924874
vn 0.970937 -0.131084 0.200246
vn 0.917900 -0.363199 0.159832
vn 0.917394 -0.364019 -0.160871
vn 0.971161 -0.133122 -0.197799
vn 0.358880 -0.919809 0.158607
vn 0.032488 -0.976097 0.214892
vn 0.032643 -0.976170 -0.214536
vn 0.358537 -0.919775 -0.159581
vn 0.034101 -0.134450 0.990333
vn 0.359516 -0.100155 0.927749
vn 0.337287 -0.043950 0.940376
vn 0.033558 -0.004776 0.999425
vn 0.920831 -0.111334 0.373732
vn 0.970937 -0.131084 0.200246
vn 0.958217 -0.147053 0.245350
vn 0.894868 -0.154368 0.418786
vn 0.010342 -0.976233 0.216476
vn 0.354471 -0.897693 0.261720
vn 0.354480 -0.896423 -0.266024
vn 0.010229 -0.976449 -0.215507
vn 0.894275 -0.358719 0.267569
vn 0.958217 -0.147053 0.245350
vn 0.959509 -0.147355 -0.240058
vn 0.895499 -0.359171 -0.262827
vn 0.000259 -0.021824 0.999762
vn 0.003569 -0.362024 0.932162
vn -0.003011 -0.361755 0.932268
vn -0.000214 -0.022011 0.999758
vn 0.013008 -0.923344 0.383753
vn 0.010342 -0.976233 0.216476
vn -0.010228 -0.976448 0.215508
vn -0.012149 -0.923253 0.384001
vn 0.001301 -0.001322 0.999998
vn 0.009562 -0.017783 0.999796
vn -0.000004 0.025569 0.999673
vn -0.000001 0.025689 0.999670
vn 0.009562 -0.017783 0.999796
vn 0.000259 -0.021824 0.999762
vn 0.000000 0.026047 0.999661
vn -0.000004 0.025569 0.999673
vn 0.033558 -0.004776 0.999425
vn 0.027310 -0.015111 0.999513
vn -0.039084 0.000000 0.999236
vn -0.040204 0.000000 0.999192
vn 0.027310 -0.015111 0.999513
vn 0.001301 -0.001322 0.999998
vn -0.039306 0.000000 0.999227
vn -0.039084 0.000000 0.999236
vn -0.975344 0.000000 0.220692
vn -0.922875 0.000000 0.385101
vn -0.923501 0.016082 0.383258
vn -0.975763 0.020530 0.217867
vn -0.380280 0.000000 0.924871
vn -0.039306 0.000000 0.999227
vn -0.038329 0.024794 0.998958
vn -0.378454 0.016000 0.925482
vn -0.975374 0.000000 0.220560
vn -0.975385 0.000003 0.220509
vn -0.975377 0.000004 -0.220544
vn -0.975381 0.000000 -0.220525
vn -0.975385 0.000003 0.220509
vn -0.975344 0.000000 0.220692
vn -0.975343 0.000000 -0.220695
vn -0.975377 0.000004 -0.220544
vn -0.031296 0.976150 0.214828
vn -0.024628 0.924742 0.379796
vn 0.000000 0.923880 0.382683
vn 0.000000 0.975702 0.219100
vn -0.024628 0.379798 0.924742
vn -0.038329 0.024794 0.998958
vn -0.000001 0.025689 0.999670
vn 0.000000 0.382684 0.923879
vn -0.975763 0.020530 0.217867
vn -0.918251 0.362252 0.159964
vn -0.918251 0.362254 -0.159964
vn -0.975763 0.020530 -0.217867
vn -0.357699 0.920181 0.159119
vn -0.031296 0.976150 0.214828
vn -0.031296 0.976150 -0.214828
vn -0.357698 0.920181 -0.159121
vn 0.000000 0.975727 0.218992
vn 0.000000 0.923880 0.382683
vn 0.000000 0.923880 0.382683
vn 0.000000 0.975717 0.219036
vn 0.000000 0.382683 0.923880
vn 0.000000 0.026047 0.999661
vn 0.000000 0.026095 0.999659
vn 0.000000 0.382683 0.923880
vn 0.000000 0.975702 0.219100
vn 0.000000 0.975723 0.219009
vn 0.000000 0.975727 -0.218990
vn 0.000000 0.975703 -0.219097
vn 0.000000 0.975723 0.219009
vn 0.000000 0.975727 0.218992
vn 0.000000 0.975717 -0.219036
vn 0.000000 0.975727 -0.218990
vn 0.042853 -0.976072 0.213185
vn 0.033860 -0.924911 0.378672
vn -0.033815 -0.924863 0.378795
vn -0.042915 -0.976068 0.213188
vn 0.033870 -0.378644 0.924922
vn 0.046672 -0.130999 0.990283
vn -0.043991 -0.131490 0.990341
vn -0.033929 -0.379040 0.924758
vn 0.972152 -0.115177 0.204095
vn 0.918249 -0.362257 0.159964
vn 0.918251 -0.362253 -0.159963
vn 0.972148 -0.115155 -0.204128
vn 0.357701 -0.920179 0.159124
vn 0.042853 -0.976072 0.213185
vn 0.042842 -0.976062 -0.213230
vn 0.357700 -0.920180 -0.159122
vn 0.046672 -0.130999 0.990283
vn 0.368304 -0.092838 0.925059
vn 0.380274 0.000001 0.924874
vn 0.052102 0.000000 0.998642
vn 0.923125 -0.093328 0.373002
vn 0.972152 -0.115177 0.204095
vn 0.975385 0.000001 0.220508
vn 0.922875 0.000002 0.385100
vn 0.975374 0.000001 -0.220557
vn 0.975389 0.000002 -0.220492
vn 0.975379 0.000002 0.220535
vn 0.975385 0.000001 0.220508
vn 0.975389 0.000002 -0.220492
vn 0.975334 0.000000 -0.220736
vn 0.975333 0.000000 0.220738
vn 0.975379 0.000002 0.220535
vn 0.050973 0.000000 0.998700
vn 0.380280 0.000000 0.924871
vn 0.378455 0.016000 0.925482
vn 0.049616 0.024570 0.998466
vn 0.922873 0.000000 0.385105
vn 0.975333 0.000000 0.220738
vn 0.975761 0.020530 0.217872
vn 0.923500 0.016083 0.383262
vn 0.052102 0.000000 0.998642
vn 0.051212 0.000000 0.998688
vn -0.035056 -0.019157 0.999202
vn -0.045053 -0.006789 0.998962
vn 0.051212 0.000000 0.998688
vn 0.050973 0.000000 0.998700
vn -0.001699 -0.001699 0.999997
vn -0.035056 -0.019157 0.999202
vn 0.000000 0.025679 0.999670
vn -0.000004 0.025360 0.999678
vn -0.009749 -0.017858 0.999793
vn -0.001699 -0.001699 0.999997
vn -0.000004 0.025360 0.999678
vn 0.000000 0.026095 0.999659
vn -0.000214 -0.022011 0.999758
vn -0.009749 -0.017858 0.999793
vn 0.000000 0.975703 0.219096
vn 0.000000 0.923879 0.382686
vn 0.032077 0.924890 0.378880
vn 0.040634 0.976090 0.213535
vn 0.000000 0.382683 0.923880
vn 0.000000 0.025679 0.999670
vn 0.049616 0.024570 0.998466
vn 0.032077 0.378878 0.924891
vn 0.000000 0.975717 0.219036
vn 0.000000 0.975727 0.218990
vn 0.000000 0.975723 -0.219009
vn 0.000000 0.975727 -0.218992
vn 0.000000 0.975727 0.218990
vn 0.000000 0.975703 0.219096
vn 0.000000 0.975703 -0.219098
vn 0.000000 0.975723 -0.219009
vn -0.959507 -0.147334 0.240082
vn -0.895480 -0.359181 0.262879
vn -0.894280 -0.358699 -0.267579
vn -0.958216 -0.147056 -0.245351
vn -0.354439 -0.896429 0.266059
vn -0.010228 -0.976448 0.215508
vn -0.010341 -0.976233 -0.216477
vn -0.354451 -0.897697 -0.261733
vn -0.045053 -0.006789 0.998962
vn -0.342818 -0.046861 0.938232
vn -0.362592 -0.106105 0.925888
vn -0.043991 -0.131490 0.990341
vn -0.897703 -0.159548 0.410700
vn -0.959507 -0.147334 0.240082
vn -0.971160 -0.133118 0.197807
vn -0.922358 -0.115546 0.368653
vn -0.042915 -0.976068 0.213188
vn -0.358542 -0.919772 0.159583
vn -0.358882 -0.919808 -0.158608
vn -0.042714 -0.976007 -0.213509
vn -0.917390 -0.364029 0.160871
vn -0.971160 -0.133118 0.197807
vn -0.970937 -0.131088 -0.200244
vn -0.917897 -0.363206 -0.159832
vn 0.040634 0.976090 0.213535
vn 0.357700 0.920180 0.159122
vn 0.357700 0.920180 -0.159120
vn 0.040634 0.976090 -0.213535
vn 0.918251 0.362253 0.159965
vn 0.975761 0.020530 0.217872
vn 0.975761 0.020530 -0.217872
vn 0.918251 0.362253 -0.159965
vn -0.035882 -0.133320 0.990423
vn 0.034101 -0.134450 0.990333
vn 0.033558 -0.004776 0.999425
vn -0.040204 0.000000 0.999192
vn -0.031296 0.976150 0.214828
vn 0.000000 0.975702 0.219100
vn 0.000000 0.975703 -0.219097
vn -0.031296 0.976150 -0.214828
vn -0.032597 -0.976152 -0.214625
vn 0.032643 -0.976170 -0.214536
vn 0.032488 -0.976097 0.214892
vn -0.032591 -0.976147 0.214653
vn 0.972152 -0.115177 0.204095
vn 0.972148 -0.115155 -0.204128
vn 0.975374 0.000001 -0.220557
vn 0.975385 0.000001 0.220508
vn -0.972151 -0.115169 -0.204103
vn -0.972148 -0.115157 0.204126
vn -0.975374 0.000000 0.220560
vn -0.975381 0.000000 -0.220525
vn 0.000000 0.975717 -0.219036
vn 0.000000 0.975727 0.218992
vn 0.000000 0.975717 0.219036
vn 0.000000 0.975727 -0.218992
vn 0.052102 0.000000 0.998642
vn -0.045053 -0.006789 0.998962
vn -0.043991 -0.131490 0.990341
vn 0.046672 -0.130999 0.990283
vn 0.000000 0.975703 -0.219098
vn 0.000000 0.975703 0.219096
vn 0.040634 0.976090 0.213535
vn 0.040634 0.976090 -0.213535
vn -0.042915 -0.976068 0.213188
vn -0.042714 -0.976007 -0.213509
vn 0.042842 -0.976062 -0.213230
vn 0.042853 -0.976072 0.213185
vn -0.975343 0.000000 -0.220695
vn -0.975344 0.000000 0.220692
vn -0.975763 0.020530 0.217867
vn -0.975763 0.020530 -0.217867
vn 0.975333 0.000000 0.220738
vn 0.975334 0.000000 -0.220736
vn 0.975761 0.020530 -0.217872
vn 0.975761 0.020530 0.217872
vn 0.000000 0.025679 0.999670
vn -0.001699 -0.001699 0.999997
vn 0.050973 0.000000 0.998700
vn 0.049616 0.024570 0.998466
vn 0.000000 0.026047 0.999661
vn 0.000259 -0.021824 0.999762
vn -0.000214 -0.022011 0.999758
vn 0.000000 0.026095 0.999659
vn -0.039306 0.000000 0.999227
vn 0.001301 -0.001322 0.999998
vn -0.000001 0.025689 0.999670
vn -0.038329 0.024794 0.998958
vn 0.010342 -0.976233 0.216476
vn 0.010229 -0.976449 -0.215507
vn -0.010341 -0.976233 -0.216477
vn -0.010228 -0.976448 0.215508
vn 0.958217 -0.147053 0.245350
vn 0.970937 -0.131084 0.200246
vn 0.971161 -0.133122 -0.197799
vn 0.959509 -0.147355 -0.240058
vn -0.959507 -0.147334 0.240082
vn -0.958216 -0.147056 -0.245351
vn -0.970937 -0.131088 -0.200244
vn -0.971160 -0.133118 0.197807
vn -0.923127 -0.093298 0.373004
vn -0.972148 -0.115157 0.204126
vn -0.918250 -0.362254 0.159964
vn -0.886528 -0.327160 0.327160
vn -0.357699 -0.920180 0.159121
vn -0.032591 -0.976147 0.214653
vn -0.025656 -0.924766 0.379671
vn -0.323129 -0.888608 0.325521
vn -0.025657 -0.379670 0.924766
vn -0.035882 -0.133320 0.990423
vn -0.368309 -0.092807 0.925060
vn -0.323120 -0.325521 0.888611
vn 0.025867 -0.924792 0.379593
vn 0.032488 -0.976097 0.214892
vn 0.358880 -0.919809 0.158607
vn 0.325588 -0.888177 0.324244
vn 0.917900 -0.363199 0.159832
vn 0.970937 -0.131084 0.200246
vn 0.920831 -0.111334 0.373732
vn 0.886038 -0.329309 0.326332
vn 0.359516 -0.100155 0.927749
vn 0.034101 -0.134450 0.990333
vn 0.025932 -0.379797 0.924706
vn 0.325258 -0.327043 0.887271
vn 0.894868 -0.154368 0.418786
vn 0.958217 -0.147053 0.245350
vn 0.894275 -0.358719 0.267569
vn 0.836025 -0.325029 0.442062
vn 0.354471 -0.897693 0.261720
vn 0.010342 -0.976233 0.216476
vn 0.013008 -0.923344 0.383753
vn 0.322082 -0.842291 0.432214
vn 0.003569 -0.362024 0.932162
vn 0.000259 -0.021824 0.999762
vn 0.009562 -0.017783 0.999796
vn 0.178384 -0.180648 0.967236
vn 0.009562 -0.017783 0.999796
vn 0.001301 -0.001322 0.999998
vn 0.027310 -0.015111 0.999513
vn 0.178384 -0.180648 0.967236
vn 0.027310 -0.015111 0.999513
vn 0.033558 -0.004776 0.999425
vn 0.337287 -0.043950 0.940376
vn 0.178384 -0.180648 0.967236
vn -0.039084 0.000000 0.999236
vn -0.039306 0.000000 0.999227
vn -0.380280 0.000000 0.924871
vn -0.380275 0.000004 0.924873
vn -0.922875 0.000000 0.385101
vn -0.975344 0.000000 0.220692
vn -0.975385 0.000003 0.220509
vn -0.922875 0.000006 0.385101
vn -0.975385 0.000003 0.220509
vn -0.975374 0.000000 0.220560
vn -0.922876 0.000000 0.385098
vn -0.922875 0.000006 0.385101
vn -0.380274 0.000000 0.924874
vn -0.040204 0.000000 0.999192
vn -0.039084 0.000000 0.999236
vn -0.380275 0.000004 0.924873
vn -0.918251 0.362252 0.159964
vn -0.975763 0.020530 0.217867
vn -0.923501 0.016082 0.383258
vn -0.886530 0.327156 0.327160
vn -0.378454 0.016000 0.925482
vn -0.038329 0.024794 0.998958
vn -0.024628 0.379798 0.924742
vn -0.323121 0.325521 0.888611
vn -0.024628 0.924742 0.379796
vn -0.031296 0.976150 0.214828
vn -0.357699 0.920181 0.159119
vn -0.323130 0.888609 0.325517
vn 0.000000 0.382684 0.923879
vn -0.000001 0.025689 0.999670
vn -0.000004 0.025569 0.999673
vn 0.000000 0.382683 0.923880
vn -0.000004 0.025569 0.999673
vn 0.000000 0.026047 0.999661
vn 0.000000 0.382683 0.923880
vn 0.000000 0.382683 0.923880
vn 0.000000 0.923880 0.382683
vn 0.000000 0.975727 0.218992
vn 0.000000 0.975723 0.219009
vn 0.000000 0.923880 0.382683
vn 0.000000 0.975723 0.219009
vn 0.000000 0.975702 0.219100
vn 0.000000 0.923880 0.382683
vn 0.000000 0.923880 0.382683
vn 0.368304 -0.092838 0.925059
vn 0.046672 -0.130999 0.990283
vn 0.033870 -0.378644 0.924922
vn 0.323125 -0.325524 0.888608
vn 0.033860 -0.924911 0.378672
vn 0.042853 -0.976072 0.213185
vn 0.357701 -0.920179 0.159124
vn 0.323128 -0.888607 0.325524
vn 0.918249 -0.362257 0.159964
vn 0.972152 -0.115177 0.204095
vn 0.923125 -0.093328 0.373002
vn 0.886526 -0.327166 0.327161
vn 0.975379 0.000002 0.220535
vn 0.975333 0.000000 0.220738
vn 0.922873 0.000000 0.385105
vn 0.922873 0.000003 0.385105
vn 0.380280 0.000000 0.924871
vn 0.050973 0.000000 0.998700
vn 0.051212 0.000000 0.998688
vn 0.380273 0.000001 0.924874
vn 0.051212 0.000000 0.998688
vn 0.052102 0.000000 0.998642
vn 0.380274 0.000001 0.924874
vn 0.380273 0.000001 0.924874
vn 0.922875 0.000002 0.385100
vn 0.975385 0.000001 0.220508
vn 0.975379 0.000002 0.220535
vn 0.922873 0.000003 0.385105
vn 0.000000 0.382683 0.923880
vn 0.000000 0.026095 0.999659
vn -0.000004 0.025360 0.999678
vn 0.000000 0.382684 0.923879
vn -0.000004 0.025360 0.999678
vn 0.000000 0.025679 0.999670
vn 0.000000 0.382683 0.923880
vn 0.000000 0.382684 0.923879
vn 0.000000 0.923879 0.382686
vn 0.000000 0.975703 0.219096
vn 0.000000 0.975727 0.218990
vn 0.000000 0.923879 0.382685
vn 0.000000 0.975727 0.218990
vn 0.000000 0.975717 0.219036
vn 0.000000 0.923880 0.382683
vn 0.000000 0.923879 0.382685
vn -0.012149 -0.923253 0.384001
vn -0.010228 -0.976448 0.215508
vn -0.354439 -0.896429 0.266059
vn -0.321270 -0.838453 0.440206
vn -0.895480 -0.359181 0.262879
vn -0.959507 -0.147334 0.240082
vn -0.897703 -0.159548 0.410700
vn -0.839806 -0.326573 0.433678
vn -0.342818 -0.046861 0.938232
vn -0.045053 -0.006789 0.998962
vn -0.035056 -0.019157 0.999202
vn -0.179130 -0.179717 0.967272
vn -0.035056 -0.019157 0.999202
vn -0.001699 -0.001699 0.999997
vn -0.009749 -0.017858 0.999793
vn -0.179130 -0.179717 0.967272
vn -0.009749 -0.017858 0.999793
vn -0.000214 -0.022011 0.999758
vn -0.003011 -0.361755 0.932268
vn -0.179130 -0.179717 0.967272
vn -0.922358 -0.115546 0.368653
vn -0.971160 -0.133118 0.197807
vn -0.917390 -0.364029 0.160871
vn -0.884812 -0.330986 0.327959
vn -0.358542 -0.919772 0.159583
vn -0.042915 -0.976068 0.213188
vn -0.033815 -0.924863 0.378795
vn -0.324745 -0.887748 0.326260
vn -0.033929 -0.379040 0.924758
vn -0.043991 -0.131490 0.990341
vn -0.362592 -0.106105 0.925888
vn -0.324522 -0.329102 0.886779
vn 0.032077 0.378878 0.924891
vn 0.049616 0.024570 0.998466
vn 0.378455 0.016000 0.925482
vn 0.323120 0.325521 0.888611
vn 0.923500 0.016083 0.383262
vn 0.975761 0.020530 0.217872
vn 0.918251 0.362253 0.159965
vn 0.886529 0.327158 0.327160
vn 0.357700 0.920180 0.159122
vn 0.040634 0.976090 0.213535
vn 0.032077 0.924890 0.378880
vn 0.323126 0.888610 0.325518
s off
g S_U_05 Wall_Sculptures_05:Wall_Sculptures_01
usemtl Wall_Sculptures_05:aiStandardSurface1SG
f 1013/1132/3781 1012/1133/3782 1071/1134/3783 1073/1135/3784
f 1012/1136/3785 1017/1137/3786 1072/1138/3787 1071/1139/3788
f 1015/1140/3789 1014/1141/3790 1022/1142/3791 1021/1143/3792
f 1014/1144/3793 1013/1132/3794 1023/1145/3795 1022/1146/3796
f 1017/1137/3797 1016/1147/3798 1038/1148/3799 1037/1149/3800
f 1016/1147/3801 1015/1140/3802 1039/1150/3803 1038/1148/3804
f 1019/1151/3805 1018/1152/3806 1068/1153/3807 1070/1154/3808
f 1018/1152/3809 1023/1145/3810 1069/1155/3811 1068/1153/3812
f 1021/1143/3813 1020/1156/3814 1032/1157/3815 1031/1158/3816
f 1020/1159/3817 1019/1151/3818 1033/1160/3819 1032/1161/3820
f 1025/1162/3821 1024/1163/3822 1065/1164/3823 1067/1165/3824
f 1024/1163/3825 1033/1160/3826 1066/1166/3827 1065/1164/3828
f 1027/1167/3829 1026/1168/3830 1113/1169/3831 1112/1170/3832
f 1026/1168/3833 1025/1162/3834 1114/1171/3835 1113/1169/3836
f 1029/1172/3837 1028/1173/3838 1048/1174/3839 1055/1175/3840
f 1028/1173/3841 1027/1167/3842 1049/1176/3843 1048/1174/3844
f 1031/1158/3845 1030/1177/3846 1040/1178/3847 1039/1150/3848
f 1030/1177/3849 1029/1172/3850 1041/1179/3851 1040/1178/3852
f 1035/1180/3853 1034/1181/3854 1042/1182/3855 1047/1183/3856
f 1034/1181/3857 1041/1179/3858 1043/1184/3859 1042/1182/3860
f 1037/1149/3861 1036/1185/3862 1063/1186/3863 1062/1187/3864
f 1036/1185/3865 1035/1180/3866 1064/1188/3867 1063/1186/3868
f 1045/1189/3869 1044/1190/3870 1054/1191/3871 1053/1192/3872
f 1044/1190/3873 1043/1184/3874 1055/1175/3875 1054/1191/3876
f 1047/1183/3877 1046/1193/3878 1060/1194/3879 1059/1195/3880
f 1046/1196/3881 1045/1189/3882 1061/1197/3883 1060/1198/3884
f 1051/1199/3885 1050/1200/3886 1100/1201/3887 1099/1202/3888
f 1050/1200/3889 1049/1176/3890 1101/1203/3891 1100/1201/3892
f 1053/1192/3893 1052/1204/3894 1057/1205/3895 1056/1206/3896
f 1052/1204/3897 1051/1199/3898 1058/1207/3899 1057/1205/3900
f 1075/1210/3901 1074/1211/3902 1117/1212/3903 1116/1213/3904
f 1074/1214/3905 1079/1215/3906 1118/1216/3907 1117/1217/3908
f 1077/1218/3909 1076/1219/3910 1081/1220/3911 1080/1221/3912
f 1076/1222/3913 1075/1210/3914 1082/1223/3915 1081/1224/3916
f 1079/1215/3917 1078/1225/3918 1090/1226/3919 1089/1227/3920
f 1078/1225/3921 1077/1218/3922 1091/1228/3923 1090/1226/3924
f 1085/1230/3925 1084/1233/3926 1092/1234/3927 1091/1228/3928
f 1084/1233/3929 1083/1231/3930 1093/1235/3931 1092/1234/3932
f 1087/1236/3933 1086/1237/3934 1121/1238/3935 1126/1239/3936
f 1086/1237/3937 1093/1235/3938 1122/1240/3939 1121/1238/3940
f 1089/1227/3941 1088/1241/3942 1109/1242/3943 1108/1243/3944
f 1088/1241/3945 1087/1236/3946 1110/1244/3947 1109/1242/3948
f 1095/1245/3949 1094/1246/3950 1111/1247/3951 1110/1244/3952
f 1094/1246/3953 1101/1203/3954 1112/1170/3955 1111/1247/3956
f 1097/1248/3957 1096/1249/3958 1125/1250/3959 1124/1251/3960
f 1096/1249/3961 1095/1245/3962 1126/1239/3963 1125/1250/3964
f 1099/1202/3965 1098/1252/3966 1103/1253/3967 1102/1208/3968
f 1098/1252/3969 1097/1248/3970 1104/1254/3971 1103/1253/3972
f 1106/1256/3973 1105/1257/3974 1133/1258/3975 1135/1259/3976
f 1105/1257/3977 1114/1171/3978 1134/1209/3979 1133/1258/3980
f 1108/1243/3981 1107/1260/3982 1119/1261/3983 1118/1216/3984
f 1107/1260/3985 1106/1256/3986 1120/1262/3987 1119/1261/3988
f 1116/1213/3989 1115/1263/3990 1130/1264/3991 1132/1229/3992
f 1115/1265/3993 1120/1262/3994 1131/1266/3995 1130/1267/3996
f 1124/1251/3997 1123/1268/3998 1128/1269/3999 1127/1255/4000
f 1123/1270/4001 1122/1240/4002 1129/1232/4003 1128/1271/4004
f 1015/1140/4005 1021/1143/4006 1031/1158/4007 1039/1150/4008
f 1045/1189/4009 1053/1192/4010 1056/1206/4011 1061/1197/4012
f 1073/1135/4013 1069/1155/4014 1023/1145/4015 1013/1132/4016
f 1077/1218/4017 1080/1221/4018 1085/1230/4019 1091/1228/4020
f 1072/1138/4021 1017/1137/4022 1037/1149/4023 1062/1187/4024
f 1058/1207/4025 1051/1199/4026 1099/1202/4027 1102/1208/4028
f 1089/1227/4029 1108/1243/4030 1118/1216/4031 1079/1215/4032
f 1104/1254/4033 1097/1248/4034 1124/1251/4035 1127/1255/4036
f 1116/1213/4037 1132/1229/4038 1082/1223/4039 1075/1210/4040
f 1064/1188/4041 1035/1180/4042 1047/1183/4043 1059/1195/4044
f 1093/1235/4045 1083/1231/4046 1129/1232/4047 1122/1240/4048
f 1095/1245/4049 1110/1244/4050 1087/1236/4051 1126/1239/4052
f 1049/1176/4053 1027/1167/4054 1112/1170/4055 1101/1203/4056
f 1041/1179/4057 1029/1172/4058 1055/1175/4059 1043/1184/4060
f 1025/1162/4061 1067/1165/4062 1134/1209/4063 1114/1171/4064
f 1033/1160/4065 1019/1151/4066 1070/1154/4067 1066/1166/4068
f 1106/1256/4069 1135/1259/4070 1131/1266/4071 1120/1262/4072
f 1016/1147/4073 1017/1137/4074 1012/1136/4075 1136/1272/4076
f 1012/1133/4077 1013/1132/4078 1014/1144/4079 1136/1273/4080
f 1014/1141/4081 1015/1140/4082 1016/1147/4083 1136/1272/4084
f 1022/1146/4085 1023/1145/4086 1018/1152/4087 1137/1274/4088
f 1018/1152/4089 1019/1151/4090 1020/1159/4091 1137/1274/4092
f 1020/1156/4093 1021/1143/4094 1022/1142/4095 1137/1275/4096
f 1032/1161/4097 1033/1160/4098 1024/1163/4099 1138/1276/4100
f 1024/1163/4101 1025/1162/4102 1026/1168/4103 1138/1276/4104
f 1026/1168/4105 1027/1167/4106 1028/1173/4107 1138/1276/4108
f 1028/1173/4109 1029/1172/4110 1030/1177/4111 1138/1276/4112
f 1030/1177/4113 1031/1158/4114 1032/1157/4115 1138/1276/4116
f 1040/1178/4117 1041/1179/4118 1034/1181/4119 1139/1277/4120
f 1034/1181/4121 1035/1180/4122 1036/1185/4123 1139/1277/4124
f 1036/1185/4125 1037/1149/4126 1038/1148/4127 1139/1277/4128
f 1038/1148/4129 1039/1150/4130 1040/1178/4131 1139/1277/4132
f 1046/1193/4133 1047/1183/4134 1042/1182/4135 1140/1278/4136
f 1042/1182/4137 1043/1184/4138 1044/1190/4139 1140/1278/4140
f 1044/1190/4141 1045/1189/4142 1046/1196/4143 1140/1278/4144
f 1054/1191/4145 1055/1175/4146 1048/1174/4147 1141/1279/4148
f 1048/1174/4149 1049/1176/4150 1050/1200/4151 1141/1279/4152
f 1050/1200/4153 1051/1199/4154 1052/1204/4155 1141/1279/4156
f 1052/1204/4157 1053/1192/4158 1054/1191/4159 1141/1279/4160
f 1078/1225/4161 1079/1215/4162 1074/1214/4163 1142/1280/4164
f 1074/1211/4165 1075/1210/4166 1076/1222/4167 1142/1281/4168
f 1076/1219/4169 1077/1218/4170 1078/1225/4171 1142/1280/4172
f 1092/1234/4173 1093/1235/4174 1086/1237/4175 1143/1282/4176
f 1086/1237/4177 1087/1236/4178 1088/1241/4179 1143/1282/4180
f 1088/1241/4181 1089/1227/4182 1090/1226/4183 1143/1282/4184
f 1090/1226/4185 1091/1228/4186 1092/1234/4187 1143/1282/4188
f 1100/1201/4189 1101/1203/4190 1094/1246/4191 1144/1283/4192
f 1094/1246/4193 1095/1245/4194 1096/1249/4195 1144/1283/4196
f 1096/1249/4197 1097/1248/4198 1098/1252/4199 1144/1283/4200
f 1098/1252/4201 1099/1202/4202 1100/1201/4203 1144/1283/4204
f 1113/1169/4205 1114/1171/4206 1105/1257/4207 1145/1284/4208
f 1105/1257/4209 1106/1256/4210 1107/1260/4211 1145/1284/4212
f 1107/1260/4213 1108/1243/4214 1109/1242/4215 1145/1284/4216
f 1109/1242/4217 1110/1244/4218 1111/1247/4219 1145/1284/4220
f 1111/1247/4221 1112/1170/4222 1113/1169/4223 1145/1284/4224
f 1119/1261/4225 1120/1262/4226 1115/1265/4227 1146/1285/4228
f 1115/1263/4229 1116/1213/4230 1117/1212/4231 1146/1286/4232
f 1117/1217/4233 1118/1216/4234 1119/1261/4235 1146/1285/4236
f 1125/1250/4237 1126/1239/4238 1121/1238/4239 1147/1287/4240
f 1121/1238/4241 1122/1240/4242 1123/1270/4243 1147/1287/4244
f 1123/1268/4245 1124/1251/4246 1125/1250/4247 1147/1287/4248
