# This file uses centimeters as units for non-parametric coordinates.

mtllib B04.mtl
g default
v -321.461121 916.316284 68.279053
v -196.032593 876.432129 68.279053
v -576.395386 998.909485 68.279160
v -321.461121 1048.429565 68.279053
v -196.032593 1010.710999 68.279053
v -196.032593 1010.710999 -134.874619
v -576.395386 998.909485 -338.028168
v -321.461121 1048.429565 -338.028290
v -196.032593 1010.710999 -338.028290
v -321.461121 916.316284 -338.028290
v -196.032593 876.432129 -338.028290
v -321.461121 916.316284 -134.874619
v -196.032593 876.432129 -134.874619
v -536.755920 1048.429565 68.279053
v -536.755920 1048.429565 -338.028290
v -231.780304 876.432129 68.279053
v -231.780304 1010.710999 68.279053
v -231.780304 1010.710999 -338.028290
v -231.780304 876.432129 -338.028290
v -231.780304 876.432129 -134.874619
v -368.462036 916.316284 68.279053
v -368.462036 1048.429565 68.279053
v -368.462036 1048.429565 -338.028290
v -368.462036 916.316284 -338.028290
v -368.462036 916.316284 -134.874619
v -272.241119 916.316223 68.279053
v -272.241150 1048.429565 68.279053
v -272.241150 1048.429565 -338.028290
v -272.241119 916.316223 -338.028290
v -272.241119 916.316223 -134.874619
v -886.814575 839.674744 68.279053
v -668.887451 879.558899 68.279053
v -368.462006 839.674744 68.279053
v -886.814575 959.025330 68.279053
v -668.887451 998.909485 68.279053
v -886.814575 959.025330 -134.874619
v -886.814575 959.025330 -338.028290
v -668.887451 998.909485 -338.028290
v -886.814575 839.674744 -338.028290
v -668.887451 879.558899 -338.028290
v -368.462006 839.674744 -338.028290
v -886.814575 839.674744 -134.874619
v -668.887451 879.558899 -134.874619
v -368.462006 839.674744 -134.874619
v -814.589844 839.674744 68.279053
v -814.589844 959.025330 68.279053
v -814.589844 959.025330 -338.028290
v -814.589844 839.674744 -338.028290
v -814.589844 839.674744 -134.874619
v -536.755920 839.674744 68.279053
v -536.755920 839.674744 -338.028290
v -536.755920 839.674744 -134.874619
v -761.379517 879.558899 68.279053
v -761.379517 998.909485 68.279053
v -761.379517 998.909485 -338.028290
v -761.379517 879.558899 -338.028290
v -761.379517 879.558899 -134.874619
v -576.395386 879.558899 68.279053
v -576.395386 879.558899 -338.028290
v -576.395386 879.558899 -134.874619
v -576.395386 998.909485 57.479160
v -536.755920 1048.429565 57.479053
v -321.461121 1048.429565 57.479053
v -272.241150 1048.429565 57.479053
v -536.755920 1048.429565 -327.228302
v -576.395386 998.909485 -327.228180
v -272.241150 1048.429565 -327.228302
v -321.461121 1048.429565 -327.228302
v -368.462036 1048.429565 57.479053
v -368.462036 1048.429565 -327.228302
v -231.780304 1010.710999 57.479053
v -206.832596 1010.710999 57.479053
v -206.832596 1010.710999 -134.874619
v -231.780304 1010.710999 -327.228302
v -206.832596 1010.710999 -327.228302
v -876.014587 959.025330 57.479053
v -814.589844 959.025330 57.479053
v -876.014587 959.025330 -134.874619
v -668.887451 998.909485 57.479053
v -814.589844 959.025330 -327.228302
v -876.014587 959.025330 -327.228302
v -668.887451 998.909485 -327.228302
v -761.379517 998.909485 57.479053
v -761.379517 998.909485 -327.228302
v -566.306030 931.283936 57.479160
v -526.666565 931.283936 57.479053
v -321.461121 931.283936 57.479053
v -280.511322 931.283936 57.479053
v -526.666565 931.283936 -327.228302
v -566.306030 931.283936 -327.228180
v -280.511444 931.283936 -327.228302
v -321.461121 931.283936 -327.228302
v -368.462036 931.283936 57.479053
v -368.462036 931.283936 -327.228302
v -240.050537 931.283936 57.479053
v -206.832596 931.283936 57.479053
v -206.832596 931.283936 -134.874619
v -240.050537 931.283936 -327.228302
v -206.832596 931.283936 -327.228302
v -876.014587 931.283936 57.479053
v -807.593140 931.283936 57.479053
v -876.014587 931.283936 -134.874619
v -668.887451 931.283936 57.479053
v -807.593140 931.283936 -327.228302
v -876.014587 931.283936 -327.228302
v -668.887451 931.283936 -327.228302
v -754.382812 931.283936 57.479053
v -754.382812 931.283936 -327.228302
v -807.593140 931.283936 -134.874619
v -754.382812 931.283936 -134.874619
v -668.887207 931.283936 -134.874619
v -566.306030 931.283936 -134.874634
v -526.666565 931.283936 -134.874634
v -368.461975 931.283936 -134.874634
v -321.461121 931.283936 -134.874634
v -280.511353 931.283936 -134.874634
v -240.050507 931.283936 -134.874619
v -196.032593 1010.710999 -195.820724
v -206.832611 1010.710999 -192.580719
v -206.832611 931.283936 -192.580719
v -240.050522 931.283936 -192.580719
v -280.511383 931.283936 -192.580734
v -321.461121 931.283936 -192.580734
v -368.461975 931.283936 -192.580734
v -526.666565 931.283936 -192.580734
v -566.306030 931.283936 -192.580688
v -668.887268 931.283936 -192.580719
v -754.382812 931.283936 -192.580719
v -807.593140 931.283936 -192.580719
v -876.014587 931.283936 -192.580719
v -876.014587 959.025391 -192.580719
v -886.814575 959.025391 -195.820724
v -886.814575 839.674805 -195.820724
v -814.589844 839.674805 -195.820724
v -761.379517 879.558899 -195.820724
v -668.887451 879.558899 -195.820724
v -576.395386 879.558899 -195.820724
v -536.755920 839.674805 -195.820724
v -368.462006 839.674805 -195.820724
v -368.462036 916.316284 -195.820724
v -321.461121 916.316284 -195.820724
v -272.241119 916.316162 -195.820724
v -231.780304 876.432129 -195.820724
v -196.032593 876.432129 -195.820724
v -196.032593 1010.710999 -73.928513
v -206.832611 1010.710999 -77.168518
v -206.832611 931.283936 -77.168518
v -240.050522 931.283936 -77.168518
v -280.511353 931.283936 -77.168518
v -321.461121 931.283936 -77.168518
v -368.461975 931.283936 -77.168518
v -526.666565 931.283936 -77.168518
v -566.306030 931.283936 -77.168488
v -668.887268 931.283936 -77.168518
v -754.382812 931.283936 -77.168518
v -807.593140 931.283936 -77.168518
v -876.014587 931.283936 -77.168518
v -876.014587 959.025391 -77.168518
v -886.814575 959.025391 -73.928513
v -886.814575 839.674805 -73.928513
v -814.589844 839.674805 -73.928513
v -761.379517 879.558899 -73.928513
v -668.887451 879.558899 -73.928513
v -576.395386 879.558899 -73.928513
v -536.755920 839.674805 -73.928513
v -368.462006 839.674805 -73.928513
v -368.462036 916.316284 -73.928513
v -321.461121 916.316284 -73.928513
v -272.241119 916.316162 -73.928513
v -231.780304 876.432129 -73.928513
v -196.032593 876.432129 -73.928513
v -936.814575 959.025391 -73.928513
v -936.814575 839.674805 -73.928513
v -936.814575 839.674744 68.279053
v -936.814575 959.025330 68.279053
v -936.814575 839.674744 -338.028290
v -936.814575 839.674805 -195.820724
v -936.814575 959.025391 -195.820724
v -936.814575 959.025330 -338.028290
vt 0.500000 0.000000
vt 0.625000 0.000000
vt 0.375000 0.250000
vt 0.500000 0.250000
vt 0.625000 0.250000
vt 0.625000 0.375000
vt 0.375000 0.500000
vt 0.500000 0.500000
vt 0.625000 0.500000
vt 0.500000 0.750000
vt 0.625000 0.750000
vt 0.500000 0.875000
vt 0.625000 0.875000
vt 0.500000 1.000000
vt 0.625000 1.000000
vt 0.875000 0.000000
vt 0.750000 0.000000
vt 0.875000 0.250000
vt 0.750000 0.250000
vt 0.450000 0.250000
vt 0.450000 0.500000
vt 0.550000 0.000000
vt 0.550000 1.000000
vt 0.550000 0.250000
vt 0.550000 0.500000
vt 0.550000 0.750000
vt 0.550000 0.875000
vt 0.465000 0.000000
vt 0.465000 1.000000
vt 0.465000 0.250000
vt 0.465000 0.500000
vt 0.465000 0.750000
vt 0.465000 0.875000
vt 0.535000 0.000000
vt 0.535000 1.000000
vt 0.535000 0.250000
vt 0.535000 0.500000
vt 0.535000 0.750000
vt 0.535000 0.875000
vt 0.375000 0.000000
vt 0.450000 0.000000
vt 0.450000 0.250000
vt 0.375000 0.250000
vt 0.500000 0.000000
vt 0.535000 0.000000
vt 0.535000 0.250000
vt 0.500000 0.250000
vt 0.375000 0.375000
vt 0.450000 0.500000
vt 0.375000 0.500000
vt 0.535000 0.500000
vt 0.500000 0.500000
vt 0.450000 0.750000
vt 0.375000 0.750000
vt 0.535000 0.750000
vt 0.500000 0.750000
vt 0.450000 0.875000
vt 0.375000 0.875000
vt 0.535000 0.875000
vt 0.500000 0.875000
vt 0.450000 1.000000
vt 0.375000 1.000000
vt 0.535000 1.000000
vt 0.500000 1.000000
vt 0.750000 0.000000
vt 0.875000 0.000000
vt 0.875000 0.250000
vt 0.750000 0.250000
vt 0.625000 0.000000
vt 0.625000 0.250000
vt 0.125000 0.000000
vt 0.250000 0.000000
vt 0.250000 0.250000
vt 0.125000 0.250000
vt 0.465000 0.000000
vt 0.465000 0.250000
vt 0.465000 0.500000
vt 0.465000 0.750000
vt 0.465000 0.875000
vt 0.465000 1.000000
vt 0.550000 0.000000
vt 0.550000 0.750000
vt 0.550000 0.875000
vt 0.550000 1.000000
vt 0.625000 0.750000
vt 0.625000 0.875000
vt 0.625000 1.000000
vt 0.375000 0.250000
vt 0.450000 0.250000
vt 0.500000 0.250000
vt 0.535000 0.250000
vt 0.450000 0.500000
vt 0.375000 0.500000
vt 0.535000 0.500000
vt 0.500000 0.500000
vt 0.465000 0.250000
vt 0.465000 0.500000
vt 0.550000 0.250000
vt 0.625000 0.250000
vt 0.625000 0.375000
vt 0.625000 0.500000
vt 0.550000 0.500000
vt 0.375000 0.250000
vt 0.450000 0.250000
vt 0.375000 0.375000
vt 0.500000 0.250000
vt 0.535000 0.250000
vt 0.450000 0.500000
vt 0.375000 0.500000
vt 0.535000 0.500000
vt 0.500000 0.500000
vt 0.465000 0.250000
vt 0.465000 0.500000
vt 0.375000 0.250000
vt 0.450000 0.250000
vt 0.500000 0.250000
vt 0.535000 0.250000
vt 0.450000 0.500000
vt 0.375000 0.500000
vt 0.535000 0.500000
vt 0.500000 0.500000
vt 0.465000 0.250000
vt 0.465000 0.500000
vt 0.550000 0.250000
vt 0.625000 0.250000
vt 0.625000 0.375000
vt 0.625000 0.500000
vt 0.550000 0.500000
vt 0.375000 0.250000
vt 0.450000 0.250000
vt 0.375000 0.375000
vt 0.500000 0.250000
vt 0.535000 0.250000
vt 0.450000 0.500000
vt 0.375000 0.500000
vt 0.535000 0.500000
vt 0.500000 0.500000
vt 0.465000 0.250000
vt 0.465000 0.500000
vt 0.450000 0.375000
vt 0.465500 0.375000
vt 0.490405 0.375000
vt 0.520286 0.375000
vt 0.531833 0.375000
vt 0.577918 0.375000
vt 0.591609 0.375000
vt 0.603538 0.375000
vt 0.615324 0.375000
vt 0.625000 0.412500
vt 0.787500 0.250000
vt 0.625000 0.412500
vt 0.625000 0.412500
vt 0.595727 0.412500
vt 0.582976 0.412500
vt 0.564126 0.412500
vt 0.544042 0.412500
vt 0.507283 0.412500
vt 0.524700 0.412500
vt 0.493283 0.412500
vt 0.465350 0.412500
vt 0.450000 0.412500
vt 0.375000 0.412500
vt 0.375000 0.412500
vt 0.212500 0.250000
vt 0.375000 0.412500
vt 0.212500 0.000000
vt 0.375000 0.837500
vt 0.450000 0.837500
vt 0.465000 0.837500
vt 0.500000 0.837500
vt 0.535000 0.837500
vt 0.550000 0.837500
vt 0.625000 0.837500
vt 0.787500 0.000000
vt 0.787500 0.250000
vt 0.465000 0.837500
vt 0.500000 0.837500
vt 0.535000 0.837500
vt 0.550000 0.837500
vt 0.625000 0.837500
vt 0.787500 0.000000
vt 0.625000 0.337500
vt 0.712500 0.250000
vt 0.625000 0.337500
vt 0.625000 0.337500
vt 0.595727 0.337500
vt 0.582976 0.337500
vt 0.564126 0.337500
vt 0.544042 0.337500
vt 0.507283 0.337500
vt 0.476700 0.337500
vt 0.493283 0.337500
vt 0.465350 0.337500
vt 0.450000 0.337500
vt 0.375000 0.337500
vt 0.375000 0.337500
vt 0.287500 0.250000
vt 0.375000 0.337500
vt 0.287500 0.000000
vt 0.375000 0.912500
vt 0.450000 0.912500
vt 0.465000 0.912500
vt 0.500000 0.912500
vt 0.535000 0.912500
vt 0.550000 0.912500
vt 0.625000 0.912500
vt 0.712500 0.000000
vt 0.712500 0.250000
vt 0.465000 0.912500
vt 0.500000 0.912500
vt 0.535000 0.912500
vt 0.550000 0.912500
vt 0.625000 0.912500
vt 0.712500 0.000000
vt 0.287500 0.250000
vt 0.287500 0.000000
vt 0.375000 0.000000
vt 0.375000 0.250000
vt 0.125000 0.000000
vt 0.212500 0.000000
vt 0.212500 0.250000
vt 0.125000 0.250000
vn -0.000000 0.000000 1.000000
vn 0.000000 0.000000 1.000000
vn -0.000000 0.000000 1.000000
vn -0.000000 0.000000 1.000000
vn 0.000000 0.000000 -1.000000
vn -0.000000 0.000000 -1.000000
vn -0.000000 0.000000 -1.000000
vn 0.000000 0.000000 -1.000000
vn -0.000001 -1.000000 -0.000000
vn -0.406360 -0.913713 -0.000000
vn -0.406360 -0.913713 0.000000
vn -0.000001 -1.000000 0.000000
vn -0.000001 -1.000000 0.000000
vn -0.406360 -0.913713 0.000000
vn -0.406360 -0.913713 0.000000
vn -0.000001 -1.000000 0.000000
vn 1.000000 0.000000 0.000000
vn 1.000000 0.000000 0.000000
vn 1.000000 0.000000 0.000000
vn 1.000000 0.000000 0.000000
vn 1.000000 0.000000 0.000000
vn 1.000000 0.000000 0.000000
vn 1.000000 0.000000 0.000000
vn 1.000000 0.000000 0.000000
vn 0.000000 0.000000 1.000000
vn 0.000000 0.000000 1.000000
vn 0.000000 0.000000 1.000000
vn 0.000000 0.000000 -1.000000
vn 0.000000 0.000000 -1.000000
vn 0.000000 0.000000 -1.000000
vn 0.000000 0.000000 1.000000
vn 0.000000 0.000000 1.000000
vn 0.000000 0.000000 1.000000
vn 0.000000 0.000000 1.000000
vn -0.000000 0.000000 -1.000000
vn -0.000000 0.000000 -1.000000
vn 0.000000 0.000000 -1.000000
vn 0.000000 0.000000 -1.000000
vn -0.463691 -0.885997 0.000000
vn -0.463691 -0.885997 0.000000
vn 0.000000 -1.000000 0.000000
vn 0.000000 -1.000000 0.000000
vn -0.463691 -0.885997 0.000000
vn -0.463691 -0.885997 0.000000
vn 0.000000 -1.000000 0.000000
vn 0.000000 -1.000000 0.000000
vn 0.000000 -1.000000 0.000000
vn 0.000000 -1.000000 0.000000
vn 0.000000 -1.000000 0.000000
vn 0.000000 -1.000000 0.000000
vn 0.000000 0.000000 1.000000
vn 0.000000 0.000000 1.000000
vn 0.000000 0.000000 1.000000
vn 0.000000 0.000000 1.000000
vn -0.000000 -0.000000 1.000000
vn -0.000000 -0.000001 1.000000
vn -0.000000 -0.000001 1.000000
vn -0.000000 -0.000000 1.000000
vn 0.000000 0.000000 -1.000000
vn 0.000000 0.000000 -1.000000
vn 0.000000 0.000000 -1.000000
vn 0.000000 0.000000 -1.000000
vn 0.000000 0.000000 -1.000000
vn 0.000000 0.000001 -1.000000
vn 0.000000 0.000001 -1.000000
vn 0.000000 0.000000 -1.000000
vn 0.000000 -1.000000 0.000000
vn 0.303017 -0.952985 0.000000
vn 0.303017 -0.952985 0.000000
vn 0.000000 -1.000000 0.000000
vn 0.000000 -1.000000 0.000000
vn -0.288974 -0.957337 0.000000
vn -0.288974 -0.957337 0.000000
vn 0.000000 -1.000000 0.000000
vn 0.000000 -1.000000 -0.000000
vn 0.303017 -0.952985 0.000000
vn 0.303017 -0.952985 -0.000000
vn 0.000000 -1.000000 -0.000001
vn 0.000000 -1.000000 0.000000
vn -0.288974 -0.957337 0.000000
vn -0.288974 -0.957337 0.000000
vn 0.000000 -1.000000 0.000000
vn 1.000000 0.000000 0.000000
vn 1.000000 0.000000 0.000000
vn 1.000000 0.000000 0.000000
vn 1.000000 0.000000 0.000000
vn 1.000000 0.000000 0.000000
vn 1.000000 0.000000 -0.000000
vn 1.000000 0.000000 0.000000
vn 1.000000 0.000000 0.000000
vn -1.000000 0.000000 0.000000
vn -1.000000 0.000000 0.000000
vn -1.000000 0.000000 0.000000
vn -1.000000 0.000000 0.000000
vn -1.000000 0.000000 0.000000
vn -1.000000 0.000000 0.000000
vn -1.000000 0.000000 0.000000
vn -1.000000 0.000000 0.000000
vn 0.000000 0.000000 1.000000
vn 0.000000 0.000000 1.000000
vn 0.000000 0.000000 -1.000000
vn 0.000000 0.000000 -1.000000
vn 0.264024 -0.964516 0.000000
vn 0.264024 -0.964516 0.000000
vn 0.264024 -0.964516 0.000000
vn 0.264024 -0.964516 0.000000
vn -0.188378 -0.982097 0.000000
vn -0.188378 -0.982097 0.000000
vn 0.000000 -1.000000 0.000000
vn 0.000000 -1.000000 0.000000
vn -0.188378 -0.982097 0.000000
vn -0.188378 -0.982097 0.000000
vn 0.000000 -1.000000 0.000000
vn 0.000000 -1.000000 0.000000
vn -0.000000 -0.000001 1.000000
vn -0.000000 -0.000001 1.000000
vn 0.000000 0.000001 -1.000000
vn 0.000000 0.000001 -1.000000
vn 0.000001 0.000001 1.000000
vn 0.000001 0.000001 1.000000
vn 0.000001 0.000001 1.000000
vn 0.000001 0.000001 1.000000
vn -0.000001 -0.000001 -1.000000
vn -0.000001 -0.000001 -1.000000
vn -0.000001 -0.000001 -1.000000
vn -0.000001 -0.000001 -1.000000
vn -0.780689 0.624920 0.000000
vn -0.780689 0.624920 0.000000
vn -0.780689 0.624920 0.000000
vn -0.780689 0.624920 0.000000
vn 0.000000 1.000000 0.000000
vn 0.000000 1.000000 0.000000
vn 0.000000 1.000000 0.000000
vn 0.000000 1.000000 0.000000
vn -0.780689 0.624920 0.000000
vn -0.780689 0.624920 0.000000
vn -0.780689 0.624920 0.000000
vn -0.780689 0.624920 0.000000
vn 0.000000 1.000000 0.000000
vn 0.000000 1.000000 0.000000
vn 0.000000 1.000000 0.000000
vn 0.000000 1.000000 0.000000
vn 0.000000 1.000000 0.000000
vn 0.000000 1.000000 0.000000
vn 0.000000 1.000000 0.000000
vn 0.000000 1.000000 0.000000
vn 0.000000 1.000000 0.000000
vn 0.000000 1.000000 0.000000
vn 0.000000 1.000000 0.000000
vn 0.000000 1.000000 0.000000
vn 0.000000 1.000000 0.000000
vn 0.000000 1.000000 0.000000
vn 0.000000 1.000000 0.000000
vn 0.000000 1.000000 0.000000
vn 0.000000 1.000000 -0.000000
vn 0.000000 1.000000 -0.000000
vn 0.000000 1.000000 -0.000000
vn 0.000000 1.000000 -0.000000
vn 0.000000 1.000000 -0.000000
vn 0.000000 1.000000 -0.000000
vn 0.000000 1.000000 -0.000000
vn 0.000000 1.000000 0.000000
vn 0.000000 1.000000 0.000000
vn 0.000000 1.000000 -0.000000
vn 0.681884 0.731460 0.000000
vn 0.681884 0.731460 0.000000
vn 0.681884 0.731460 0.000000
vn 0.681884 0.731460 0.000000
vn 0.681884 0.731461 0.000000
vn 0.681884 0.731461 0.000000
vn 0.681884 0.731461 0.000000
vn 0.681884 0.731461 0.000000
vn 0.000000 1.000000 0.000001
vn 0.000000 1.000000 0.000007
vn 0.000000 1.000000 0.000007
vn 0.000000 1.000000 0.000003
vn 0.000000 1.000000 -0.000000
vn 0.000000 1.000000 0.000000
vn 0.000000 1.000000 0.000000
vn 0.000000 1.000000 0.000000
vn 0.000000 1.000000 0.000000
vn 0.000000 1.000000 0.000000
vn 0.000000 1.000000 -0.000005
vn 0.000000 1.000000 -0.000001
vn 0.000000 1.000000 -0.000002
vn 0.000000 1.000000 -0.000005
vn 0.000000 1.000000 0.000000
vn 0.000000 1.000000 -0.000000
vn -0.000000 1.000000 0.000000
vn -0.000000 1.000000 0.000000
vn 0.000000 1.000000 0.000000
vn 0.000000 1.000000 0.000000
vn 0.000000 1.000000 0.000000
vn 0.000000 1.000000 0.000000
vn -0.599773 0.800170 0.000000
vn -0.599773 0.800170 0.000000
vn -0.599773 0.800170 0.000000
vn -0.599773 0.800170 0.000000
vn -0.599773 0.800171 0.000000
vn -0.599773 0.800171 0.000000
vn -0.599773 0.800171 0.000000
vn -0.599773 0.800171 0.000000
vn 0.000000 1.000000 0.000000
vn 0.000000 1.000000 0.000000
vn 0.000000 1.000000 0.000000
vn 0.000000 1.000000 0.000000
vn -0.000001 -0.000000 -1.000000
vn -0.000000 -0.000000 -1.000000
vn -0.000000 -0.000000 -1.000000
vn -0.000000 -0.000000 -1.000000
vn 0.000000 0.000000 -1.000000
vn 0.000000 0.000000 -1.000000
vn 0.000000 0.000000 -1.000000
vn 0.000000 0.000000 -1.000000
vn 0.000000 0.000000 1.000000
vn 0.000001 0.000000 1.000000
vn 0.000001 0.000000 1.000000
vn 0.000000 0.000000 1.000000
vn -0.000000 0.000000 1.000000
vn 0.000000 0.000000 1.000000
vn 0.000000 0.000000 1.000000
vn -0.000000 0.000000 1.000000
vn 0.000000 0.000000 -1.000000
vn 0.000000 0.000000 -1.000000
vn 0.000000 0.000000 1.000000
vn 0.000000 0.000000 1.000000
vn 0.000000 0.000000 -1.000000
vn 0.000000 0.000000 -1.000000
vn 0.000000 0.000000 -1.000000
vn 0.000000 0.000000 -1.000000
vn -1.000000 0.000000 0.000000
vn -1.000000 0.000000 -0.000000
vn -1.000000 0.000000 -0.000000
vn -1.000000 0.000000 0.000000
vn -1.000000 0.000000 0.000000
vn -1.000000 0.000000 -0.000000
vn -1.000000 0.000000 -0.000000
vn -1.000000 0.000000 0.000000
vn 0.000000 0.000000 1.000000
vn -0.000000 0.000000 1.000000
vn -0.000000 0.000000 1.000000
vn 0.000000 0.000000 1.000000
vn 0.000000 0.000000 -1.000000
vn 0.000000 0.000000 -1.000000
vn 0.000000 0.000000 -1.000000
vn 0.000000 0.000000 -1.000000
vn 1.000000 0.000000 0.000000
vn 1.000000 0.000000 0.000000
vn 1.000000 0.000000 0.000000
vn 1.000000 0.000000 0.000000
vn 0.000001 0.000000 -1.000000
vn 0.000001 0.000000 -1.000000
vn 0.000000 0.000000 1.000000
vn 0.000000 0.000000 1.000000
vn 0.000000 0.000000 1.000000
vn 0.000000 0.000000 1.000000
vn 1.000000 0.000000 0.000000
vn 1.000000 0.000000 0.000000
vn 1.000000 0.000000 0.000000
vn 1.000000 0.000000 0.000000
vn -0.000001 -0.000000 1.000000
vn -0.000001 -0.000000 1.000000
vn 0.000000 0.000000 -1.000000
vn 0.000000 0.000000 -1.000000
vn 0.000000 0.000000 1.000000
vn 0.000000 0.000000 1.000000
vn 0.000000 1.000000 0.000000
vn 0.000000 1.000000 0.000000
vn 0.000000 1.000000 0.000000
vn 0.000000 1.000000 0.000000
vn 0.000000 1.000000 0.000000
vn 0.000000 1.000000 0.000000
vn 0.000000 1.000000 -0.000000
vn 0.000000 1.000000 0.000000
vn 0.000000 1.000000 0.000000
vn 0.000000 1.000000 0.000000
vn 0.000000 1.000000 0.000000
vn 0.000000 1.000000 0.000000
vn 0.000000 1.000000 -0.000000
vn 0.000000 1.000000 -0.000000
vn 0.000000 1.000000 0.000000
vn 0.000000 1.000000 -0.000000
vn 0.000000 1.000000 0.000000
vn 0.000000 1.000000 -0.000000
vn 0.000000 1.000000 0.000000
vn 0.000000 1.000000 0.000000
vn 0.000000 1.000000 -0.000000
vn 0.000000 1.000000 0.000000
vn 0.000000 1.000000 0.000000
vn 0.000000 1.000000 0.000000
vn 0.000000 1.000000 0.000000
vn 0.000000 1.000000 0.000000
vn 0.000000 1.000000 0.000000
vn 0.000000 1.000000 0.000000
vn 0.000000 1.000000 0.000000
vn 0.000000 1.000000 0.000000
vn 0.000000 1.000000 -0.000001
vn 0.000000 1.000000 -0.000000
vn 0.000000 1.000000 0.000000
vn 0.000000 1.000000 0.000000
vn 0.000000 1.000000 -0.000001
vn 0.000000 1.000000 -0.000000
vn 0.000000 1.000000 0.000000
vn 0.000000 1.000000 0.000000
vn 0.000000 1.000000 -0.000000
vn 0.000000 1.000000 -0.000000
vn 0.000000 1.000000 0.000000
vn 0.000000 1.000000 -0.000000
vn 0.000000 1.000000 -0.000000
vn 0.000000 1.000000 -0.000000
vn -1.000000 0.000000 -0.000000
vn -1.000000 0.000000 -0.000000
vn 0.000000 1.000000 0.000000
vn 0.000000 1.000000 0.000000
vn 0.000000 1.000000 0.000000
vn 0.000000 1.000000 0.000000
vn 0.000000 1.000000 0.000001
vn 0.000000 1.000000 0.000001
vn 0.000000 1.000000 0.000000
vn 0.000000 1.000000 0.000000
vn 0.000000 1.000000 0.000000
vn 0.000000 1.000000 0.000000
vn 0.000000 1.000000 0.000000
vn 1.000000 0.000000 0.000000
vn 1.000000 0.000000 0.000000
vn -1.000000 0.000000 0.000000
vn -1.000000 0.000000 0.000000
vn -1.000000 0.000000 0.000000
vn -1.000000 0.000000 0.000000
vn 0.000000 -1.000000 0.000001
vn 0.303017 -0.952985 0.000000
vn 0.264024 -0.964516 0.000000
vn 0.000000 -1.000000 0.000000
vn -0.288974 -0.957337 0.000000
vn -0.188378 -0.982097 0.000000
vn 0.000000 -1.000000 0.000000
vn 1.000000 0.000000 -0.000000
vn 1.000000 0.000000 -0.000000
vn 0.000000 -1.000000 0.000000
vn -0.000001 -1.000000 -0.000000
vn -0.406360 -0.913713 -0.000000
vn -0.463691 -0.885997 0.000000
vn 0.000000 -1.000000 0.000000
vn 1.000000 0.000000 0.000000
vn 1.000000 0.000000 0.000000
vn -1.000000 0.000000 0.000000
vn -1.000000 0.000000 0.000000
vn 0.000000 0.000000 -1.000000
vn 0.000000 0.000000 -1.000000
vn 0.000000 0.000000 -1.000000
vn 0.000000 0.000000 -1.000000
vn 0.000000 -1.000000 -0.000001
vn 0.000000 -1.000000 -0.000001
vn 0.000000 0.000000 1.000000
vn 0.000000 0.000000 1.000000
vn 0.000000 1.000000 0.000001
vn 0.000000 1.000000 0.000001
vn 0.000000 -1.000000 0.000001
vn 0.000000 -1.000000 0.000001
vn 0.000000 0.000000 1.000000
vn 0.000000 0.000000 1.000000
vn 0.000000 0.000000 1.000000
vn 0.000000 0.000000 1.000000
vn 0.000000 1.000000 -0.000001
vn 0.000000 1.000000 -0.000001
vn 0.000000 0.000000 -1.000000
vn 0.000000 0.000000 -1.000000
s 1
g pCube33 group13 B02
usemtl blinn2SG
f 1/1/1 26/34/2 27/36/3 4/4/4
s 2
f 8/8/5 28/37/6 29/38/7 10/10/8
s 3
f 141/177/9 142/178/10 30/39/11 12/12/12
f 168/210/13 169/211/14 26/35/15 1/14/16
s 4
f 13/17/17 144/181/18 118/150/19 6/19/20
f 2/2/21 171/214/22 145/183/23 5/5/24
s 1
f 14/20/25 21/28/26 22/30/27
s 2
f 24/32/28 15/21/29 23/31/30
s 1
f 17/24/31 16/22/32 2/2/33 5/5/34
s 2
f 19/26/35 18/25/36 9/9/37 11/11/38
s 3
f 20/27/39 143/179/40 144/180/41 13/13/42
f 16/23/43 170/212/44 171/213/45 2/15/46
s 1
f 22/30/27 21/28/26 1/1/1 4/4/4
s 2
f 24/32/28 23/31/30 8/8/5 10/10/8
s 3
f 25/33/47 140/176/48 141/177/9 12/12/12
f 21/29/49 167/209/50 168/210/13 1/14/16
s 1
f 27/36/3 26/34/2 16/22/32 17/24/31
s 2
f 29/38/7 28/37/6 18/25/36 19/26/35
s 3
f 30/39/11 142/178/10 143/179/40 20/27/39
f 26/35/15 169/211/14 170/212/44 16/23/43
s 5
f 31/40/51 45/41/52 46/42/53 34/43/54
f 32/44/55 58/45/56 3/46/57 35/47/58
s 7
f 37/50/59 47/49/60 48/53/61 39/54/62
f 38/52/63 7/51/64 59/55/65 40/56/66
s 9
f 133/167/67 134/168/68 49/57/69 42/58/70
f 136/170/71 137/171/72 60/59/73 43/60/74
f 160/200/75 161/201/76 45/61/77 31/62/78
f 163/203/79 164/204/80 58/63/81 32/64/82
s 11
f 44/65/83 139/174/84 140/175/85 25/68/86
f 33/69/87 166/207/88 167/208/89 21/70/90
s 12
f 132/164/91 133/166/92 42/72/93 36/73/94
s off
f 172/215/95 173/216/96 174/217/97 175/218/98
s 5
f 46/42/53 45/41/52 53/75/99 54/76/100
s 7
f 48/53/61 47/49/60 55/77/101 56/78/102
s 9
f 49/57/69 134/168/68 135/169/103 57/79/104
f 45/61/77 161/201/76 162/202/105 53/80/106
f 52/83/107 138/172/108 139/173/109 44/86/110
f 50/84/111 165/205/112 166/206/113 33/87/114
s 5
f 54/76/100 53/75/99 32/44/55 35/47/58
s 7
f 56/78/102 55/77/101 38/52/63 40/56/66
s 9
f 57/79/104 135/169/103 136/170/71 43/60/74
f 53/80/106 162/202/105 163/203/79 32/64/82
s 5
f 33/69/115 3/46/57 58/45/56 50/81/116
s 7
f 51/82/117 59/55/65 7/51/64 41/85/118
s 9
f 60/59/73 137/171/72 138/172/108 52/83/107
f 58/63/81 164/204/80 165/205/112 50/84/111
s off
f 14/20/119 3/46/120 33/69/121 21/28/122
f 15/21/123 24/67/124 41/85/125 7/7/126
f 3/3/127 14/20/128 62/89/129 61/88/130
s 13
f 4/4/131 27/36/132 64/91/133 63/90/134
s off
f 15/21/135 7/7/136 66/93/137 65/92/138
s 14
f 28/37/139 8/8/140 68/95/141 67/94/142
s 13
f 14/20/143 22/30/144 69/96/145 62/89/146
s 14
f 23/31/147 15/21/148 65/92/149 70/97/150
s 15
f 17/24/151 5/5/152 72/99/153 71/98/154
f 5/5/152 145/182/155 146/184/156 72/99/153
f 6/6/157 118/149/158 119/151/159 73/100/160
f 9/9/161 18/25/162 74/102/163 75/101/164
s 13
f 22/30/144 4/4/131 63/90/134 69/96/145
s 14
f 8/8/140 23/31/147 70/97/150 68/95/141
s off
f 27/36/165 17/24/166 71/98/167 64/91/168
f 18/25/169 28/37/170 67/94/171 74/102/172
s 17
f 34/43/173 46/42/174 77/104/175 76/103/176
f 158/196/177 159/198/178 34/43/173 76/103/176
s 18
f 35/47/179 3/46/180 61/107/181 79/106/182
s 17
f 47/49/183 37/50/184 81/109/185 80/108/186
f 131/163/187 132/165/188 36/48/189 78/105/190
s 20
f 7/51/191 38/52/192 82/111/193 66/110/194
s off
f 46/42/195 54/76/196 83/112/197 77/104/198
f 55/77/199 47/49/200 80/108/201 84/113/202
s 18
f 54/76/203 35/47/179 79/106/182 83/112/204
s 20
f 38/52/192 55/77/205 84/113/206 82/111/193
s 21
f 61/88/207 62/89/208 86/115/209 85/114/210
f 63/90/211 64/91/212 88/117/213 87/116/214
s 23
f 65/92/215 66/93/216 90/119/217 89/118/218
f 67/94/219 68/95/220 92/121/221 91/120/222
s 21
f 62/89/208 69/96/223 93/122/224 86/115/209
s 23
f 70/97/225 65/92/215 89/118/218 94/123/226
s 21
f 71/98/227 72/99/228 96/125/229 95/124/230
s 25
f 72/99/231 146/184/232 147/185/233 96/125/234
f 73/100/235 119/151/236 120/152/237 97/126/238
s 23
f 75/101/239 74/102/240 98/128/241 99/127/242
s 21
f 69/96/223 63/90/211 87/116/214 93/122/224
s 23
f 68/95/220 70/97/225 94/123/226 92/121/221
s 21
f 64/91/212 71/98/227 95/124/230 88/117/213
s 23
f 74/102/240 67/94/219 91/120/222 98/128/241
s 21
f 76/103/243 77/104/244 101/130/245 100/129/246
s 28
f 157/195/247 158/196/248 76/103/249 100/129/250
s 21
f 79/106/251 61/107/207 85/133/210 103/132/252
s 23
f 80/108/253 81/109/254 105/135/255 104/134/256
s 28
f 130/162/257 131/163/258 78/105/259 102/131/260
s 23
f 66/110/216 82/111/261 106/137/262 90/136/217
s 21
f 77/104/244 83/112/263 107/138/264 101/130/245
s 23
f 84/113/265 80/108/253 104/134/256 108/139/266
s 21
f 83/112/263 79/106/251 103/132/252 107/138/264
s 23
f 82/111/261 84/113/265 108/139/266 106/137/262
s 31
f 102/131/267 109/140/268 129/161/269 130/162/270
f 120/152/271 121/153/272 117/148/273 97/126/274
f 101/130/275 156/194/276 157/195/277 100/129/278
f 147/185/279 148/186/280 95/124/281 96/125/282
f 109/140/268 110/141/283 128/160/284 129/161/269
f 107/138/285 155/193/286 156/194/276 101/130/275
f 127/159/287 128/160/284 110/141/283 111/142/288
f 103/132/289 154/192/290 155/193/286 107/138/285
f 126/158/291 127/159/287 111/142/288 112/143/292
f 85/114/293 153/191/294 154/192/290 103/132/289
f 125/157/295 126/158/291 112/143/292 113/144/296
f 86/115/297 152/190/298 153/191/294 85/114/293
f 124/156/299 125/157/295 113/144/296 114/145/300
f 86/115/297 93/122/301 151/189/302 152/190/298
f 123/155/303 124/156/299 114/145/300 115/146/304
f 150/188/305 151/189/302 93/122/301 87/116/306
f 122/154/307 123/155/303 115/146/304 116/147/308
f 149/187/309 150/188/305 87/116/306 88/117/310
f 121/153/272 122/154/307 116/147/308 117/148/273
f 148/186/280 149/187/309 88/117/310 95/124/281
s 15
f 119/151/159 118/149/158 9/9/161 75/101/164
s 25
f 120/152/237 119/151/236 75/101/311 99/127/312
s 31
f 98/128/313 121/153/272 120/152/271 99/127/314
f 91/120/315 122/154/307 121/153/272 98/128/313
f 92/121/316 123/155/303 122/154/307 91/120/315
f 94/123/317 124/156/299 123/155/303 92/121/316
f 89/118/318 125/157/295 124/156/299 94/123/317
f 90/136/319 126/158/291 125/157/295 89/118/318
f 106/137/320 127/159/287 126/158/291 90/136/319
f 108/139/321 128/160/284 127/159/287 106/137/320
f 129/161/269 128/160/284 108/139/321 104/134/322
f 130/162/270 129/161/269 104/134/322 105/135/323
s 28
f 81/109/324 131/163/258 130/162/257 105/135/325
s 17
f 37/50/184 132/165/188 131/163/187 81/109/185
s off
f 176/219/326 177/220/327 178/221/328 179/222/329
s 9
f 39/54/330 48/53/331 134/168/68 133/167/67
f 135/169/103 134/168/68 48/53/331 56/78/332
f 136/170/71 135/169/103 56/78/332 40/56/333
f 40/56/333 59/55/334 137/171/72 136/170/71
f 138/172/108 137/171/72 59/55/334 51/82/335
f 139/173/109 138/172/108 51/82/335 41/85/336
s 11
f 140/175/85 139/174/84 41/66/337 24/67/338
s 3
f 141/177/9 140/176/48 24/32/339 10/10/340
f 10/10/340 29/38/341 142/178/10 141/177/9
f 143/179/40 142/178/10 29/38/341 19/26/342
f 144/180/41 143/179/40 19/26/342 11/11/343
s 4
f 118/150/19 144/181/18 11/16/344 9/18/345
s 15
f 146/184/156 145/182/155 6/6/157 73/100/160
s 25
f 147/185/233 146/184/232 73/100/235 97/126/238
s 31
f 117/148/273 148/186/280 147/185/279 97/126/274
f 116/147/308 149/187/309 148/186/280 117/148/273
f 115/146/304 150/188/305 149/187/309 116/147/308
f 114/145/300 151/189/302 150/188/305 115/146/304
f 152/190/298 151/189/302 114/145/300 113/144/296
f 153/191/294 152/190/298 113/144/296 112/143/292
f 154/192/290 153/191/294 112/143/292 111/142/288
f 155/193/286 154/192/290 111/142/288 110/141/283
f 156/194/276 155/193/286 110/141/283 109/140/268
f 157/195/277 156/194/276 109/140/268 102/131/267
s 28
f 78/105/259 158/196/248 157/195/247 102/131/260
s 17
f 36/48/189 159/198/178 158/196/177 78/105/190
s 12
f 42/72/93 160/199/346 159/197/347 36/73/94
s 9
f 42/58/70 49/57/69 161/201/76 160/200/75
f 162/202/105 161/201/76 49/57/69 57/79/104
f 163/203/79 162/202/105 57/79/104 43/60/74
f 43/60/74 60/59/73 164/204/80 163/203/79
f 165/205/112 164/204/80 60/59/73 52/83/107
f 166/206/113 165/205/112 52/83/107 44/86/110
s 11
f 167/208/89 166/207/88 44/65/83 25/68/86
s 3
f 168/210/13 167/209/50 25/33/47 12/12/12
f 12/12/12 30/39/11 169/211/14 168/210/13
f 170/212/44 169/211/14 30/39/11 20/27/39
f 171/213/45 170/212/44 20/27/39 13/13/42
s 4
f 145/183/23 171/214/22 13/17/17 6/19/20
s off
f 159/197/348 160/199/349 173/216/350 172/215/351
s 9
f 160/199/75 31/40/78 174/217/352 173/216/353
s 5
f 31/40/51 34/43/54 175/218/354 174/217/355
s 17
f 34/43/173 159/197/178 172/215/356 175/218/357
s 9
f 39/71/330 133/166/67 177/220/358 176/219/359
s off
f 133/166/360 132/164/361 178/221/362 177/220/363
s 17
f 132/164/188 37/74/184 179/222/364 178/221/365
s 7
f 37/74/59 39/71/62 176/219/366 179/222/367
g default
v -411.798295 928.918117 44.168012
v -411.798295 1097.160821 44.168012
v -618.893257 1097.161014 -134.874619
v -411.798295 1097.160821 -134.874619
v -212.169337 1097.161014 -134.874619
v -411.798295 1097.160821 -313.917270
v -411.798295 928.918117 -313.917270
v -618.893257 928.917634 -134.874619
v -411.798295 928.918117 -134.874619
v -212.169337 928.917634 -134.874619
v -568.807096 928.917634 44.168012
v -568.807096 1097.161014 44.168012
v -568.807096 1097.161014 -134.874619
v -568.807096 1097.161014 -313.917270
v -568.807096 928.917634 -313.917270
v -568.807096 928.917634 -134.874619
v -262.255557 928.917634 44.168012
v -262.255557 1097.161014 44.168012
v -262.255557 1097.161014 -134.874619
v -262.255557 1097.161014 -313.917270
v -262.255557 928.917634 -313.917270
v -262.255557 928.917634 -134.874619
v -618.893257 1097.161014 -242.300193
v -618.893257 928.917634 -242.300193
v -568.807096 928.917634 -242.300193
v -411.798295 928.918117 -242.300193
v -262.255557 928.917634 -242.300193
v -212.169337 928.917634 -242.300193
v -212.169337 1097.161014 -242.300193
v -262.255557 1097.161014 -242.300193
v -411.798295 1097.160821 -242.300193
v -568.807096 1097.161014 -242.300193
v -618.893257 1097.161014 -27.449045
v -618.893257 928.917634 -27.449045
v -568.807096 928.917634 -27.449045
v -411.798295 928.918117 -27.449045
v -262.255557 928.917634 -27.449045
v -212.169337 928.917634 -27.449045
v -212.169337 1097.161014 -27.449045
v -262.255557 1097.161014 -27.449045
v -411.798295 1097.160821 -27.449045
v -568.807096 1097.161014 -27.449045
v -411.798295 1020.716602 44.168012
v -262.255497 1020.716119 44.168012
v -262.255497 1071.132040 44.168012
v -411.798295 1071.131655 44.168012
v -411.798295 1071.131655 -313.917270
v -262.255497 1071.132040 -313.917270
v -262.255497 1020.716119 -313.917270
v -411.798295 1020.716602 -313.917270
v -212.169337 1020.716119 -242.300193
v -212.169337 1020.716119 -134.874619
v -212.169337 1071.132040 -242.300193
v -212.169337 1071.132040 -134.874619
v -618.893257 1071.132040 -242.300193
v -618.893257 1020.716119 -242.300193
v -618.893257 1020.716119 -134.874619
v -618.893257 1071.132040 -134.874619
v -568.807096 1020.716119 44.168012
v -568.807096 1071.132040 44.168012
v -568.807096 1071.132040 -313.917270
v -568.807096 1020.716119 -313.917270
v -618.893257 1020.716119 -27.449045
v -618.893257 1071.132040 -27.449045
v -212.169337 1020.716119 -27.449045
v -212.169337 1071.132040 -27.449045
v -411.798295 1024.736656 26.468011
v -271.475945 1024.736270 26.468011
v -271.475945 1065.559749 26.468011
v -411.798295 1065.559556 26.468011
v -411.798295 1067.111697 -296.217259
v -271.475915 1067.112083 -296.217259
v -271.475915 1026.288411 -296.217259
v -411.798295 1026.288701 -296.217259
v -229.869337 1026.288411 -236.724938
v -229.869337 1026.288411 -134.874619
v -229.869337 1067.112083 -236.724938
v -229.869337 1067.111890 -134.874619
v -601.193272 1066.335916 -236.724959
v -601.193272 1025.512341 -236.724959
v -601.193272 1024.736270 -134.874619
v -601.193272 1065.559749 -134.874619
v -559.586649 1024.736270 26.468011
v -559.586649 1065.559749 26.468011
v -559.586708 1067.112083 -296.217259
v -559.586708 1026.288411 -296.217259
v -601.193272 1024.736270 -33.024267
v -601.193272 1065.559749 -33.024267
v -229.869337 1025.512244 -33.024278
v -229.869337 1066.335819 -33.024278
vt 0.500000 0.000000
vt 0.500000 0.250000
vt 0.375000 0.375000
vt 0.500000 0.375000
vt 0.625000 0.375000
vt 0.500000 0.500000
vt 0.500000 0.750000
vt 0.375000 0.875000
vt 0.500000 0.875000
vt 0.625000 0.875000
vt 0.500000 1.000000
vt 0.750000 0.000000
vt 0.750000 0.250000
vt 0.250000 0.000000
vt 0.250000 0.250000
vt 0.400000 0.000000
vt 0.400000 1.000000
vt 0.400000 0.250000
vt 0.400000 0.375000
vt 0.400000 0.500000
vt 0.400000 0.750000
vt 0.400000 0.875000
vt 0.600000 0.000000
vt 0.600000 1.000000
vt 0.600000 0.250000
vt 0.600000 0.375000
vt 0.600000 0.500000
vt 0.600000 0.750000
vt 0.600000 0.875000
vt 0.175000 0.250000
vt 0.375000 0.450000
vt 0.175000 0.000000
vt 0.375000 0.800000
vt 0.400000 0.800000
vt 0.500000 0.800000
vt 0.600000 0.800000
vt 0.625000 0.800000
vt 0.825000 0.000000
vt 0.625000 0.450000
vt 0.825000 0.250000
vt 0.600000 0.450000
vt 0.500000 0.450000
vt 0.400000 0.450000
vt 0.325000 0.250000
vt 0.375000 0.300000
vt 0.325000 0.000000
vt 0.375000 0.950000
vt 0.400000 0.950000
vt 0.500000 0.950000
vt 0.600000 0.950000
vt 0.625000 0.950000
vt 0.675000 0.000000
vt 0.625000 0.300000
vt 0.675000 0.250000
vt 0.600000 0.300000
vt 0.500000 0.300000
vt 0.400000 0.300000
vt 0.500000 0.000000
vt 0.600000 0.000000
vt 0.600000 0.250000
vt 0.500000 0.250000
vt 0.500000 0.500000
vt 0.600000 0.500000
vt 0.600000 0.750000
vt 0.500000 0.750000
vt 0.750000 0.000000
vt 0.825000 0.000000
vt 0.825000 0.250000
vt 0.750000 0.250000
vt 0.175000 0.000000
vt 0.250000 0.000000
vt 0.250000 0.250000
vt 0.175000 0.250000
vt 0.400000 0.000000
vt 0.400000 0.250000
vt 0.400000 0.500000
vt 0.400000 0.750000
vt 0.325000 0.000000
vt 0.325000 0.250000
vt 0.675000 0.000000
vt 0.675000 0.250000
vt 0.600000 1.000000
vt 0.625000 0.300000
vt 0.625000 0.800000
vt 0.375000 0.450000
vt 0.375000 0.950000
vt 0.500000 0.000000
vt 0.600000 0.000000
vt 0.600000 0.250000
vt 0.500000 0.250000
vt 0.500000 0.500000
vt 0.600000 0.500000
vt 0.600000 0.750000
vt 0.500000 0.750000
vt 0.750000 0.000000
vt 0.825000 0.000000
vt 0.825000 0.250000
vt 0.750000 0.250000
vt 0.175000 0.000000
vt 0.250000 0.000000
vt 0.250000 0.250000
vt 0.175000 0.250000
vt 0.400000 0.000000
vt 0.400000 0.250000
vt 0.400000 0.500000
vt 0.400000 0.750000
vt 0.325000 0.000000
vt 0.325000 0.250000
vt 0.675000 0.000000
vt 0.675000 0.250000
vt 0.600000 1.000000
vt 0.625000 0.300000
vt 0.625000 0.800000
vt 0.375000 0.450000
vt 0.375000 0.950000
vn 0.000000 0.000000 1.000000
vn 0.000000 0.000000 1.000000
vn 0.000000 0.000000 1.000000
vn 0.000000 0.000000 1.000000
vn 0.000000 1.000000 0.000000
vn 0.000001 1.000000 0.000000
vn 0.000001 1.000000 0.000000
vn -0.000000 1.000000 0.000000
vn -0.000001 1.000000 0.000000
vn -0.000001 1.000000 0.000000
vn -0.000000 1.000000 0.000000
vn 0.000000 1.000000 0.000000
vn 0.000001 1.000000 0.000000
vn 0.000001 1.000000 0.000000
vn 0.000000 1.000000 0.000000
vn -0.000000 1.000000 0.000000
vn -0.000001 1.000000 0.000000
vn -0.000001 1.000000 0.000000
vn -0.000000 1.000000 0.000000
vn 0.000000 0.000000 -1.000000
vn 0.000000 0.000000 -1.000000
vn 0.000000 0.000000 -1.000000
vn 0.000000 0.000000 -1.000000
vn 0.000000 -1.000000 0.000000
vn 0.000002 -1.000000 0.000000
vn 0.000002 -1.000000 0.000000
vn 0.000000 -1.000000 0.000000
vn 0.000000 -1.000000 0.000000
vn -0.000003 -1.000000 0.000000
vn -0.000002 -1.000000 0.000000
vn 0.000000 -1.000000 0.000000
vn -0.000000 -1.000000 0.000000
vn -0.000003 -1.000000 0.000000
vn -0.000003 -1.000000 0.000000
vn -0.000000 -1.000000 0.000000
vn 1.000000 0.000000 0.000000
vn 1.000000 0.000000 0.000000
vn 1.000000 0.000000 0.000000
vn 1.000000 0.000000 0.000000
vn -1.000000 0.000000 0.000000
vn -1.000000 0.000000 0.000000
vn -1.000000 0.000000 0.000000
vn -1.000000 0.000000 0.000000
vn 0.000000 0.000000 1.000000
vn 0.000000 0.000000 1.000000
vn 0.000000 0.000000 -1.000000
vn 0.000000 0.000000 -1.000000
vn 0.000003 -1.000000 0.000000
vn 0.000002 -1.000000 0.000000
vn 0.000000 1.000000 0.000000
vn 0.000000 1.000000 0.000000
vn 0.000000 1.000000 0.000000
vn 0.000000 -1.000000 0.000000
vn 0.000000 -1.000000 0.000000
vn 0.000003 -1.000000 0.000000
vn 0.000000 -1.000000 0.000000
vn -0.000003 -1.000000 0.000000
vn -0.000001 1.000000 0.000000
vn 0.000000 1.000000 0.000000
vn 0.000001 1.000000 0.000000
vn -1.000000 0.000000 0.000000
vn -1.000000 0.000000 0.000000
vn 0.000000 -1.000000 0.000000
vn 0.000000 -1.000000 0.000000
vn 1.000000 0.000000 0.000000
vn 1.000000 0.000000 0.000000
vn 0.819478 0.000000 0.573111
vn 0.819478 0.000000 0.573111
vn 0.819478 0.000000 0.573111
vn 0.819478 0.000000 0.573111
vn 0.819478 0.000000 -0.573111
vn 0.819478 0.000000 -0.573111
vn 0.819478 0.000000 -0.573111
vn 0.819478 0.000000 -0.573111
vn -0.819478 0.000000 -0.573111
vn -0.819478 0.000000 -0.573111
vn -0.819478 0.000000 -0.573111
vn -0.819478 0.000000 -0.573111
vn -0.819477 0.000000 0.573111
vn -0.819477 0.000000 0.573111
vn -0.819477 0.000000 0.573111
vn -0.819477 0.000000 0.573111
vn 0.000000 0.000000 1.000000
vn 0.000000 0.000000 1.000000
vn 0.000000 0.000000 1.000000
vn 0.000000 0.000000 1.000000
vn 0.000000 0.000000 1.000000
vn 0.000000 0.000000 1.000000
vn 0.000000 0.000000 1.000000
vn 0.000000 0.000000 1.000000
vn 0.000000 0.000000 -1.000000
vn 0.000000 0.000000 -1.000000
vn 0.000000 0.000000 -1.000000
vn 0.000000 0.000000 -1.000000
vn 0.000000 0.000000 -1.000000
vn 0.000000 0.000000 -1.000000
vn 0.000000 0.000000 -1.000000
vn 0.000000 0.000000 -1.000000
vn 1.000000 0.000000 0.000000
vn 1.000000 0.000000 0.000000
vn 1.000000 0.000000 0.000000
vn 1.000000 0.000000 0.000000
vn 1.000000 0.000000 0.000000
vn 1.000000 0.000000 0.000000
vn 1.000000 0.000000 0.000000
vn 1.000000 0.000000 0.000000
vn -1.000000 0.000000 0.000000
vn -1.000000 0.000000 0.000000
vn -1.000000 0.000000 0.000000
vn -1.000000 0.000000 0.000000
vn -1.000000 0.000000 0.000000
vn -1.000000 0.000000 0.000000
vn -1.000000 0.000000 0.000000
vn -1.000000 0.000000 0.000000
vn 0.000000 0.000000 1.000000
vn 0.000000 0.000000 1.000000
vn 0.000000 0.000000 1.000000
vn 0.000000 0.000000 1.000000
vn 0.000000 0.000000 -1.000000
vn 0.000000 0.000000 -1.000000
vn 0.000000 0.000000 -1.000000
vn 0.000000 0.000000 -1.000000
vn -1.000000 0.000000 0.000000
vn -1.000000 0.000000 0.000000
vn -1.000000 0.000000 0.000000
vn -1.000000 0.000000 0.000000
vn 1.000000 0.000000 0.000000
vn 1.000000 0.000000 0.000000
vn 1.000000 0.000000 0.000000
vn 1.000000 0.000000 0.000000
vn 0.819478 -0.000000 0.573111
vn 0.819478 -0.000000 0.573111
vn 0.819478 -0.000000 0.573111
vn 0.819478 -0.000000 0.573111
vn 0.819478 0.000001 0.573111
vn 0.819478 0.000001 0.573111
vn 0.819478 0.000001 0.573111
vn 0.819478 0.000001 0.573111
vn 0.819478 0.000001 -0.573111
vn 0.819478 0.000001 -0.573111
vn 0.819478 0.000001 -0.573111
vn 0.819478 0.000001 -0.573111
vn 0.819478 -0.000000 -0.573111
vn 0.819478 -0.000000 -0.573111
vn 0.819478 -0.000000 -0.573111
vn 0.819478 -0.000000 -0.573111
vn -0.819478 0.000000 -0.573111
vn -0.819478 0.000000 -0.573111
vn -0.819478 0.000000 -0.573111
vn -0.819478 0.000000 -0.573111
vn -0.819478 0.000000 -0.573111
vn -0.819478 0.000000 -0.573111
vn -0.819478 0.000000 -0.573111
vn -0.819478 0.000000 -0.573111
vn -0.819478 0.000000 0.573111
vn -0.819478 0.000000 0.573111
vn -0.819478 0.000000 0.573111
vn -0.819478 0.000000 0.573111
vn -0.819478 0.000000 0.573111
vn -0.819478 0.000000 0.573111
vn -0.819478 0.000000 0.573111
vn -0.819478 0.000000 0.573111
vn 0.000000 0.975164 0.221483
vn 0.058731 0.978318 0.198607
vn 0.077308 0.978504 0.191187
vn -0.000000 0.975164 0.221483
vn 0.072603 -0.963332 0.258302
vn 0.000000 -0.953850 0.300284
vn -0.000000 -0.953850 0.300284
vn 0.089506 -0.964560 0.248219
vn 0.000000 -0.975166 -0.221475
vn 0.054473 -0.979473 -0.194078
vn 0.071144 -0.980060 -0.185527
vn -0.000000 -0.975166 -0.221475
vn 0.076892 0.961800 -0.262734
vn 0.000000 0.953850 -0.300284
vn -0.000000 0.953850 -0.300284
vn 0.095732 0.962667 -0.253193
vn 0.290475 0.956881 0.001774
vn 0.276004 0.957738 -0.080987
vn 0.279496 0.957608 -0.069772
vn 0.290546 0.956859 0.001761
vn 0.202838 -0.977327 -0.060737
vn 0.231880 -0.972743 -0.001804
vn 0.231946 -0.972727 -0.001816
vn 0.206004 -0.977241 -0.050626
vn -0.238783 0.968306 -0.073253
vn -0.231883 0.972742 0.001804
vn -0.231949 0.972726 0.001815
vn -0.239327 0.968900 -0.062890
vn -0.290475 -0.956881 -0.001774
vn -0.241137 -0.968043 -0.068894
vn -0.247898 -0.967055 -0.057884
vn -0.290547 -0.956859 -0.001762
vn -0.052573 0.979382 0.195056
vn -0.068976 0.980002 0.186652
vn -0.074239 -0.961643 0.264067
vn -0.092784 -0.962560 0.254695
vn -0.056679 -0.978275 -0.199415
vn -0.074963 -0.978504 -0.192122
vn -0.070095 0.963118 -0.259788
vn -0.086727 0.964384 -0.249885
vn -0.202845 0.977325 0.060739
vn -0.206011 0.977239 0.050628
vn -0.276005 -0.957738 0.080987
vn -0.279496 -0.957608 0.069773
vn 0.241138 0.968042 0.068895
vn 0.247900 0.967055 0.057885
vn 0.238782 -0.968306 0.073253
vn 0.239327 -0.968900 0.062890
s 1
g group13 B02 pCube41
usemtl blinn2SG
f 246/309/368 247/310/369 248/311/370 249/312/371
s 2
f 212/267/372 191/240/373 221/279/374
f 181/224/375 197/247/376 219/277/377 220/278/378
f 182/225/379 192/241/380 211/265/381 202/253/382
f 183/226/383 198/248/384 209/263/385 210/264/386
s 4
f 250/313/387 251/314/388 252/315/389 253/316/390
s 5
f 203/255/391 204/256/392 195/244/393 187/230/394
f 205/257/395 206/258/396 201/251/397 188/231/398
f 215/271/399 216/272/400 196/246/401 180/233/402
s 7
f 255/317/403 254/318/404 256/319/405 257/320/406
s 8
f 258/324/407 259/321/408 260/322/409 261/323/410
s 1
f 263/326/411 262/325/412 246/309/368 249/312/371
s 2
f 220/278/378 221/279/374 191/240/373 181/224/375
f 210/264/386 211/265/381 192/241/380 183/226/383
s 4
f 265/328/413 264/327/414 250/313/387 253/316/390
s 5
f 195/244/393 204/256/392 205/257/395 188/231/398
f 190/239/415 214/270/416 215/271/399 180/233/402
s 2
f 218/275/417 219/277/377 197/247/376
f 208/261/418 209/263/385 198/248/384 184/227/419
s 5
f 201/251/397 206/258/396 207/259/420 189/232/421
f 203/255/391 194/243/422 204/256/392
f 205/257/395 204/256/392 194/243/422 186/229/423
f 186/229/423 200/250/424 206/258/396 205/257/395
s 2
f 210/264/386 209/263/385 199/249/425 185/228/426
f 193/242/427 211/265/381 210/264/386 185/228/426
s 8
f 260/322/409 266/329/428 267/330/429 261/323/410
s 5
f 187/230/394 195/244/393 214/270/416 213/269/430
f 215/271/399 214/270/416 195/244/393 188/231/398
f 188/231/398 201/251/397 216/272/400 215/271/399
f 217/273/431 216/272/400 201/251/397 189/232/421
s 7
f 269/332/432 268/331/433 255/317/403 257/320/406
s 2
f 198/248/384 219/277/377 218/275/417 184/227/419
f 220/278/378 219/277/377 198/248/384 183/226/383
f 192/241/380 221/279/374 220/278/378 183/226/383
f 212/267/372 221/279/374 192/241/380 182/225/379
f 199/249/425 209/263/385 208/261/418
f 202/253/382 211/265/381 193/242/427
s 5
f 213/269/430 214/270/416 190/239/415
f 196/246/401 216/272/400 217/273/431
f 207/259/420 206/258/396 200/250/424
s off
f 248/311/434 247/333/435 268/331/436 269/334/437
f 252/315/438 251/314/439 256/319/440 254/335/441
f 265/328/442 259/321/443 258/336/444 264/327/445
f 263/326/446 267/330/447 266/337/448 262/325/449
s 9
f 180/223/450 196/245/451 223/281/452 222/280/453
s 10
f 197/247/454 181/224/455 225/283/456 224/282/457
s 11
f 185/228/458 199/249/459 227/285/460 226/284/461
s 12
f 200/250/462 186/229/463 229/287/464 228/286/465
s 13
f 189/234/466 207/260/467 230/289/468 231/288/469
s 14
f 208/262/470 184/235/471 233/291/472 232/290/473
s 15
f 203/254/474 187/236/475 236/293/476 235/292/477
s 16
f 182/237/478 202/252/479 234/295/480 237/294/481
s 9
f 190/238/482 180/223/450 222/280/453 238/296/483
s 10
f 181/224/455 191/240/484 239/297/485 225/283/456
s 11
f 193/242/486 185/228/458 226/284/461 240/298/487
s 12
f 186/229/463 194/243/488 241/299/489 229/287/464
s 15
f 187/236/475 213/268/490 242/300/491 236/293/476
s 16
f 212/266/492 182/237/478 237/294/481 243/301/493
s 13
f 217/274/494 189/234/466 231/288/469 244/302/495
s 14
f 184/235/471 218/276/496 245/303/497 233/291/472
s off
f 196/246/498 217/274/499 244/302/500 223/304/501
f 218/275/502 197/247/503 224/282/504 245/305/505
f 199/249/506 208/262/507 232/290/508 227/285/509
f 207/259/510 200/250/511 228/286/512 230/306/513
f 194/243/514 203/254/515 235/292/516 241/299/517
f 202/253/518 193/242/519 240/298/520 234/307/521
f 191/240/522 212/266/523 243/301/524 239/297/525
f 213/269/526 190/238/527 238/296/528 242/308/529
s 17
f 222/280/530 223/281/531 247/310/532 246/309/533
s 18
f 224/282/534 225/283/535 249/312/536 248/311/537
f 226/284/538 227/285/539 251/314/540 250/313/541
s 17
f 228/286/542 229/287/543 253/316/544 252/315/545
f 231/288/546 230/289/547 254/318/548 255/317/549
s 18
f 232/290/550 233/291/551 257/320/552 256/319/553
s 17
f 235/292/554 236/293/555 260/322/556 259/321/557
s 18
f 237/294/558 234/295/559 258/324/560 261/323/561
s 17
f 238/296/562 222/280/530 246/309/533 262/325/563
s 18
f 225/283/535 239/297/564 263/326/565 249/312/536
f 240/298/566 226/284/538 250/313/541 264/327/567
s 17
f 229/287/543 241/299/568 265/328/569 253/316/544
f 236/293/555 242/300/570 266/329/571 260/322/556
s 18
f 243/301/572 237/294/558 261/323/561 267/330/573
s 17
f 244/302/574 231/288/546 255/317/549 268/331/575
s 18
f 233/291/551 245/303/576 269/332/577 257/320/552
s 17
f 223/304/531 244/302/574 268/331/575 247/333/532
s 18
f 245/305/576 224/282/534 248/311/537 269/334/577
f 227/285/539 232/290/550 256/319/553 251/314/540
s 17
f 230/306/547 228/286/542 252/315/545 254/335/548
f 241/299/568 235/292/554 259/321/557 265/328/569
s 18
f 234/307/559 240/298/566 264/327/567 258/336/560
f 239/297/564 243/301/572 267/330/573 263/326/565
s 17
f 242/308/570 238/296/562 262/325/563 266/337/571
g default
v -1006.224971 703.188169 -85.634921
v -946.519766 548.636624 -85.634921
v -886.814562 548.636624 -85.634921
v -1006.224971 1065.489432 -85.634921
v -946.519766 1065.491711 -85.634921
v -886.814562 1065.489432 -85.634921
v -1006.224971 1065.489432 -134.874619
v -886.814562 1065.489432 -134.874619
v -1006.224971 1065.489432 -184.114327
v -946.519766 1065.488977 -184.114327
v -886.814562 1065.489432 -184.114327
v -1006.224971 703.188169 -184.114327
v -946.519766 548.636624 -184.114327
v -886.814562 548.636624 -184.114327
v -1006.224971 703.188169 -134.874619
v -946.519766 548.636624 -134.874619
v -886.814562 548.636624 -134.874619
v -1006.224971 959.025988 -85.634921
v -1006.224971 959.025988 -134.874619
v -1006.224971 959.025988 -184.114327
v -946.519766 959.025760 -184.114327
v -886.814562 959.025988 -184.114327
v -886.814562 959.025988 -134.874619
v -886.814562 959.025988 -85.634921
v -946.519766 959.026899 -85.634921
v -1006.224971 969.672298 -184.114327
v -1006.224971 969.672298 -134.874619
v -1006.224971 969.672298 -85.634921
v -946.519766 969.673437 -85.634921
v -886.814562 969.672298 -85.634921
v -886.814562 969.672298 -134.874619
v -886.814562 969.672298 -184.114327
v -946.519766 969.672070 -184.114327
v -1001.713782 960.233789 -134.874619
v -1001.713782 960.233789 -180.614324
v -1001.713782 968.464710 -134.874619
v -1001.713782 968.464710 -180.614324
v -1001.713782 960.233789 -89.134936
v -1001.713782 968.464710 -89.134936
v -946.519766 968.465593 -89.134936
v -946.519766 960.234487 -89.134936
v -891.325637 968.464710 -89.134936
v -891.325637 960.233789 -89.134936
v -891.325637 960.233789 -134.874619
v -891.325637 968.464710 -134.874619
v -891.325637 960.233789 -180.614324
v -891.325637 968.464710 -180.614324
v -946.519766 968.464539 -180.614324
v -946.519766 960.233604 -180.614324
v -1006.224971 1065.489432 -169.342409
v -1006.224971 969.672298 -169.342409
v -1001.713782 968.464710 -166.892413
v -1001.713782 960.233789 -166.892413
v -1006.224971 959.025988 -169.342409
v -1006.224971 703.188169 -169.342409
v -946.519766 548.636624 -169.342409
v -886.814562 548.636624 -169.342409
v -886.814562 959.025988 -169.342409
v -891.325637 960.233789 -166.892413
v -891.325637 968.464710 -166.892413
v -886.814562 969.672298 -169.342409
v -886.814562 1065.489432 -169.342409
v -946.519766 1065.489660 -169.342409
v -1006.224971 1065.489432 -100.406828
v -1006.224971 969.672298 -100.406828
v -1001.713782 968.464710 -102.856848
v -1001.713782 960.233789 -102.856848
v -1006.224971 959.025988 -100.406828
v -1006.224971 703.188169 -100.406828
v -946.519766 548.636624 -100.406828
v -886.814562 548.636624 -100.406828
v -886.814562 959.025988 -100.406828
v -891.325637 960.233789 -102.856848
v -891.325637 968.464710 -102.856848
v -886.814562 969.672298 -100.406828
v -886.814562 1065.489432 -100.406828
v -946.519766 1065.491711 -100.406828
v -976.372368 625.912681 -85.634921
v -976.372368 959.026557 -85.634921
v -974.116774 960.234231 -89.134936
v -974.116774 968.465237 -89.134936
v -976.372368 969.672981 -85.634921
v -976.372368 1065.490230 -85.634921
v -976.372368 1065.490230 -100.406828
v -976.372368 1065.490230 -134.874619
v -976.372368 1065.489660 -169.342409
v -976.372368 1065.489205 -184.114327
v -976.372368 969.672184 -184.114327
v -974.116774 968.464625 -180.614324
v -974.116774 960.233689 -180.614324
v -976.372368 959.025874 -184.114327
v -976.372368 625.912681 -184.114327
v -976.372368 625.912681 -169.342409
v -976.372368 625.912681 -134.874619
v -976.372368 625.912681 -100.406828
v -886.813879 1119.655784 -169.342855
v -946.519766 1119.656012 -169.342996
v -886.813537 1119.655784 -134.874830
v -946.519766 1119.658290 -100.406828
v -886.813309 1119.655784 -100.406828
v -976.373393 1119.656923 -100.406828
v -976.373166 1119.656923 -134.874982
v -976.372938 1119.656012 -169.343148
v -893.258271 1119.656012 -164.342864
v -946.519766 1119.656240 -164.342993
v -893.258043 1119.656012 -134.874806
v -946.519766 1119.658290 -105.406831
v -893.257815 1119.656012 -105.406831
v -969.928887 1119.657151 -105.406831
v -969.928546 1119.657151 -134.874959
v -969.928318 1119.656468 -164.343110
v -893.257929 1146.739473 -164.343204
v -946.519766 1146.739700 -164.343345
v -946.519766 1146.741523 -134.875100
v -893.257588 1146.739473 -134.874971
v -946.519766 1146.741523 -105.406831
v -893.257246 1146.739473 -105.406831
v -969.929457 1146.740384 -105.406831
v -969.929115 1146.740384 -134.875159
v -969.928546 1146.739928 -164.343498
vt 0.375000 0.000000
vt 0.500000 0.000000
vt 0.625000 0.000000
vt 0.375000 0.250000
vt 0.500000 0.250000
vt 0.625000 0.250000
vt 0.375000 0.375000
vt 0.500000 0.375000
vt 0.625000 0.375000
vt 0.375000 0.500000
vt 0.500000 0.500000
vt 0.625000 0.500000
vt 0.375000 0.750000
vt 0.500000 0.750000
vt 0.625000 0.750000
vt 0.375000 0.875000
vt 0.500000 0.875000
vt 0.625000 0.875000
vt 0.375000 1.000000
vt 0.500000 1.000000
vt 0.625000 1.000000
vt 0.875000 0.000000
vt 0.750000 0.000000
vt 0.875000 0.250000
vt 0.750000 0.250000
vt 0.125000 0.000000
vt 0.250000 0.000000
vt 0.125000 0.250000
vt 0.250000 0.250000
vt 0.375000 0.125000
vt 0.250000 0.125000
vt 0.125000 0.125000
vt 0.375000 0.625000
vt 0.500000 0.625000
vt 0.625000 0.625000
vt 0.875000 0.125000
vt 0.750000 0.125000
vt 0.625000 0.125000
vt 0.500000 0.125000
vt 0.125000 0.137500
vt 0.375000 0.612500
vt 0.250000 0.137500
vt 0.375000 0.137500
vt 0.500000 0.137500
vt 0.625000 0.137500
vt 0.750000 0.137500
vt 0.625000 0.612500
vt 0.875000 0.137500
vt 0.500000 0.612500
vt 0.125000 0.125000
vt 0.250000 0.125000
vt 0.250000 0.137500
vt 0.125000 0.137500
vt 0.375000 0.125000
vt 0.375000 0.137500
vt 0.500000 0.137500
vt 0.500000 0.125000
vt 0.625000 0.137500
vt 0.625000 0.125000
vt 0.750000 0.125000
vt 0.750000 0.137500
vt 0.875000 0.125000
vt 0.875000 0.137500
vt 0.500000 0.612500
vt 0.625000 0.612500
vt 0.625000 0.625000
vt 0.500000 0.625000
vt 0.375000 0.612500
vt 0.375000 0.625000
vt 0.162500 0.250000
vt 0.375000 0.462500
vt 0.162500 0.137500
vt 0.162500 0.137500
vt 0.162500 0.125000
vt 0.162500 0.125000
vt 0.162500 0.000000
vt 0.375000 0.787500
vt 0.500000 0.787500
vt 0.625000 0.787500
vt 0.837500 0.000000
vt 0.837500 0.125000
vt 0.837500 0.125000
vt 0.837500 0.137500
vt 0.837500 0.137500
vt 0.625000 0.462500
vt 0.837500 0.250000
vt 0.500000 0.462500
vt 0.337500 0.250000
vt 0.375000 0.287500
vt 0.337500 0.137500
vt 0.337500 0.137500
vt 0.337500 0.125000
vt 0.337500 0.125000
vt 0.337500 0.000000
vt 0.375000 0.962500
vt 0.500000 0.962500
vt 0.625000 0.962500
vt 0.662500 0.000000
vt 0.662500 0.125000
vt 0.662500 0.125000
vt 0.662500 0.137500
vt 0.662500 0.137500
vt 0.625000 0.287500
vt 0.662500 0.250000
vt 0.500000 0.287500
vt 0.437500 0.000000
vt 0.437500 1.000000
vt 0.437500 0.125000
vt 0.437500 0.125000
vt 0.437500 0.137500
vt 0.437500 0.137500
vt 0.437500 0.250000
vt 0.437500 0.287500
vt 0.437500 0.375000
vt 0.437500 0.462500
vt 0.437500 0.500000
vt 0.437500 0.612500
vt 0.437500 0.612500
vt 0.437500 0.625000
vt 0.437500 0.625000
vt 0.437500 0.750000
vt 0.437500 0.787500
vt 0.437500 0.875000
vt 0.437500 0.962500
vt 0.625000 0.462500
vt 0.500000 0.462500
vt 0.625000 0.375000
vt 0.500000 0.287500
vt 0.625000 0.287500
vt 0.437500 0.375000
vt 0.437500 0.287500
vt 0.437500 0.462500
vt 0.625000 0.462500
vt 0.500000 0.462500
vt 0.625000 0.375000
vt 0.500000 0.287500
vt 0.625000 0.287500
vt 0.437500 0.375000
vt 0.437500 0.287500
vt 0.437500 0.462500
vt 0.625000 0.462500
vt 0.500000 0.462500
vt 0.625000 0.375000
vt 0.500000 0.287500
vt 0.625000 0.287500
vt 0.437500 0.375000
vt 0.437500 0.287500
vt 0.437500 0.462500
vn 0.000000 0.000000 1.000000
vn 0.000000 0.000000 1.000000
vn 0.000000 0.000000 1.000000
vn 0.000000 0.000000 1.000000
vn 0.000000 0.000000 1.000000
vn 0.000000 0.000000 1.000000
vn 0.000000 0.000000 1.000000
vn 0.000000 0.000000 1.000000
vn -0.000038 1.000000 0.000000
vn -0.000032 1.000000 0.000000
vn -0.000027 1.000000 0.000000
vn -0.000027 1.000000 0.000000
vn 0.000038 1.000000 0.000000
vn 0.000009 1.000000 0.000000
vn 0.000009 1.000000 0.000000
vn 0.000038 1.000000 0.000000
vn -0.000022 1.000000 -0.000004
vn -0.000008 1.000000 -0.000017
vn -0.000012 1.000000 -0.000010
vn -0.000022 1.000000 -0.000004
vn 0.000021 1.000000 -0.000031
vn 0.000009 1.000000 -0.000033
vn 0.000010 1.000000 -0.000017
vn 0.000030 1.000000 -0.000016
vn -0.000000 0.000000 -1.000000
vn -0.000000 0.000000 -1.000000
vn 0.000000 0.000000 -1.000000
vn 0.000000 0.000000 -1.000000
vn 0.000000 0.000000 -1.000000
vn 0.000000 0.000000 -1.000000
vn 0.000000 0.000000 -1.000000
vn 0.000000 0.000000 -1.000000
vn -0.932814 -0.360359 0.000000
vn -0.932814 -0.360359 0.000000
vn -0.932814 -0.360358 0.000000
vn -0.932814 -0.360358 0.000000
vn 0.000000 -1.000000 0.000000
vn -0.653284 -0.757113 0.000000
vn -0.653284 -0.757113 0.000000
vn 0.000000 -1.000000 0.000000
vn -0.932814 -0.360359 0.000000
vn -0.932814 -0.360359 0.000000
vn -0.932814 -0.360358 0.000000
vn -0.932814 -0.360358 0.000000
vn 0.000000 -1.000000 0.000000
vn -0.653284 -0.757113 0.000000
vn -0.653284 -0.757113 0.000000
vn 0.000000 -1.000000 0.000000
vn 1.000000 0.000000 0.000000
vn 1.000000 0.000000 0.000000
vn 1.000000 0.000000 0.000000
vn 1.000000 0.000000 0.000000
vn 1.000000 0.000000 0.000000
vn 1.000000 0.000000 0.000000
vn 1.000000 0.000000 0.000000
vn 1.000000 0.000000 0.000000
vn -1.000000 0.000000 0.000000
vn -1.000000 0.000000 0.000000
vn -1.000000 0.000000 0.000000
vn -1.000000 0.000000 0.000000
vn -1.000000 0.000000 0.000000
vn -1.000000 0.000000 0.000000
vn -1.000000 0.000000 0.000000
vn -1.000000 0.000000 0.000000
vn -1.000000 0.000000 0.000000
vn -1.000000 0.000000 0.000000
vn -1.000000 0.000000 0.000000
vn -1.000000 0.000000 0.000000
vn -1.000000 0.000000 0.000000
vn -1.000000 0.000000 0.000000
vn -1.000000 0.000000 0.000000
vn -1.000000 0.000000 0.000000
vn -0.000000 0.000000 -1.000000
vn -0.000000 0.000000 -1.000000
vn -0.000000 0.000000 -1.000000
vn -0.000000 0.000000 -1.000000
vn 0.000000 0.000000 -1.000000
vn 0.000000 0.000000 -1.000000
vn 0.000000 0.000000 -1.000000
vn 0.000000 0.000000 -1.000000
vn 1.000000 0.000000 0.000000
vn 1.000000 0.000000 0.000000
vn 1.000000 -0.000004 -0.000001
vn 1.000000 -0.000007 -0.000001
vn 1.000000 0.000000 0.000000
vn 1.000000 0.000000 0.000000
vn 1.000000 -0.000006 -0.000001
vn 1.000000 0.000000 0.000000
vn 0.000000 0.000000 1.000000
vn 0.000000 0.000000 1.000000
vn 0.000000 0.000000 1.000000
vn 0.000000 0.000000 1.000000
vn 0.000000 0.000000 1.000000
vn 0.000000 0.000000 1.000000
vn 0.000000 0.000000 1.000000
vn 0.000000 0.000000 1.000000
vn -1.000000 0.000000 0.000000
vn -1.000000 0.000000 0.000000
vn -1.000000 0.000000 0.000000
vn -1.000000 0.000000 0.000000
vn -1.000000 0.000000 0.000000
vn -1.000000 0.000000 0.000000
vn -1.000000 0.000000 0.000000
vn -1.000000 0.000000 0.000000
vn 0.000000 0.000000 1.000000
vn 0.000000 0.000000 1.000000
vn 0.000000 0.000000 1.000000
vn 0.000000 0.000000 1.000000
vn 0.000000 0.000000 1.000000
vn 0.000000 0.000000 1.000000
vn 0.000000 0.000000 1.000000
vn 0.000000 0.000000 1.000000
vn 1.000000 0.000000 0.000000
vn 1.000000 0.000000 0.000000
vn 1.000000 0.000000 0.000000
vn 1.000000 0.000000 0.000000
vn 1.000000 0.000000 0.000000
vn 1.000000 0.000000 0.000000
vn 1.000000 0.000000 0.000000
vn 1.000000 0.000000 0.000000
vn -0.000000 0.000000 -1.000000
vn -0.000000 0.000000 -1.000000
vn -0.000000 0.000000 -1.000000
vn -0.000000 0.000000 -1.000000
vn 0.000000 0.000000 -1.000000
vn 0.000000 0.000000 -1.000000
vn 0.000000 0.000000 -1.000000
vn 0.000000 0.000000 -1.000000
vn -0.258626 0.965978 0.000000
vn -0.258626 0.965978 0.000000
vn -0.258626 0.965978 0.000000
vn -0.258626 0.965978 0.000000
vn -0.258583 -0.965989 0.000000
vn -0.258583 -0.965989 0.000000
vn -0.258583 -0.965989 0.000000
vn -0.258583 -0.965989 0.000000
vn -0.258626 0.965978 0.000000
vn -0.258626 0.965978 0.000000
vn -0.106516 0.974216 0.198891
vn -0.100036 0.973234 0.206904
vn -0.106475 -0.974218 0.198903
vn -0.258583 -0.965989 0.000000
vn -0.258583 -0.965989 0.000000
vn -0.099995 -0.973235 0.206916
vn 0.000016 -0.945298 0.326207
vn 0.000018 -0.945300 0.326201
vn -0.000014 0.945310 0.326173
vn -0.000012 0.945312 0.326168
vn 0.066359 -0.966497 0.247953
vn -0.000007 -0.945300 0.326201
vn -0.000007 -0.945300 0.326201
vn 0.061362 -0.965264 0.253969
vn 0.000006 0.945311 0.326170
vn 0.066394 0.966499 0.247935
vn 0.061396 0.965267 0.253950
vn 0.000006 0.945311 0.326170
vn 0.258632 0.965976 0.000000
vn 0.258632 0.965976 0.000000
vn 0.258589 -0.965987 0.000000
vn 0.258589 -0.965987 0.000000
vn 0.258632 0.965976 0.000000
vn 0.258632 0.965976 0.000000
vn 0.258632 0.965976 0.000000
vn 0.258632 0.965976 0.000000
vn 0.258589 -0.965987 0.000000
vn 0.258589 -0.965987 0.000000
vn 0.258589 -0.965987 0.000000
vn 0.258589 -0.965987 0.000000
vn 0.000001 -0.945319 -0.326148
vn 0.066375 -0.966505 -0.247915
vn 0.061378 -0.965273 -0.253930
vn 0.000001 -0.945319 -0.326148
vn 0.066381 0.966491 -0.247970
vn -0.000001 0.945295 -0.326216
vn -0.000001 0.945295 -0.326216
vn 0.061383 0.965258 -0.253986
vn -0.106490 -0.974222 -0.198874
vn -0.000003 -0.945318 -0.326150
vn -0.000003 -0.945319 -0.326148
vn -0.100010 -0.973240 -0.206887
vn 0.000003 0.945296 -0.326214
vn 0.000003 0.945296 -0.326214
vn -0.106504 0.974213 -0.198914
vn -0.100023 0.973230 -0.206928
vn -1.000000 0.000000 0.000000
vn -1.000000 0.000000 0.000000
vn -1.000000 0.000000 0.000000
vn -1.000000 0.000000 0.000000
vn -1.000000 0.000000 0.000000
vn -1.000000 0.000000 0.000000
vn -0.932814 -0.360358 0.000000
vn -0.932814 -0.360359 0.000000
vn -0.653284 -0.757113 0.000000
vn 0.000000 -1.000000 0.000000
vn 1.000000 0.000000 0.000000
vn 1.000000 0.000000 0.000000
vn 1.000000 0.000000 0.000000
vn 1.000000 0.000000 0.000000
vn 1.000000 0.000000 0.000000
vn 1.000000 0.000000 0.000000
vn -0.000002 1.000000 -0.000023
vn 0.000000 1.000000 -0.000028
vn 0.000000 1.000000 -0.000028
vn -0.000002 1.000000 -0.000023
vn 0.000000 1.000000 -0.000015
vn 0.000002 1.000000 -0.000027
vn 0.000012 1.000000 0.000000
vn 0.000038 1.000000 0.000000
vn -0.000034 1.000000 -0.000019
vn -0.000049 1.000000 0.000000
vn -0.000019 1.000000 -0.000038
vn 0.000001 -0.000010 -1.000000
vn 0.000002 -0.000010 -1.000000
vn 0.000002 -0.000010 -1.000000
vn 0.000001 -0.000010 -1.000000
vn 1.000000 -0.000016 -0.000005
vn 1.000000 -0.000018 -0.000004
vn 0.000000 0.000000 1.000000
vn 0.000000 0.000000 1.000000
vn 0.000000 0.000000 1.000000
vn 0.000000 0.000000 1.000000
vn 1.000000 -0.000021 -0.000003
vn -1.000000 -0.000015 -0.000003
vn -1.000000 -0.000017 -0.000003
vn -1.000000 -0.000017 -0.000003
vn -1.000000 -0.000015 -0.000003
vn 0.000000 0.000000 1.000000
vn 0.000000 0.000000 1.000000
vn 0.000002 -0.000012 -1.000000
vn 0.000002 -0.000012 -1.000000
vn -1.000000 -0.000013 -0.000003
vn -1.000000 -0.000013 -0.000003
vn 0.000018 1.000000 -0.000025
vn 0.000004 1.000000 -0.000053
vn 0.000004 1.000000 -0.000053
vn 0.000017 1.000000 -0.000026
vn 0.000035 1.000000 0.000000
vn 0.000035 1.000000 0.000000
vn 0.000014 1.000000 -0.000006
vn 0.000039 1.000000 -0.000003
vn 0.000039 1.000000 -0.000004
vn 0.000014 1.000000 -0.000006
vn -0.000039 1.000000 -0.000012
vn -0.000040 1.000000 -0.000002
vn -0.000040 1.000000 -0.000003
vn -0.000039 1.000000 -0.000012
vn -0.000026 1.000000 -0.000042
vn -0.000024 1.000000 -0.000043
vn 0.000002 -0.000013 -1.000000
vn 0.000004 -0.000013 -1.000000
vn 0.000004 -0.000013 -1.000000
vn 0.000002 -0.000013 -1.000000
vn 1.000000 -0.000017 -0.000010
vn 1.000000 -0.000015 -0.000010
vn 1.000000 -0.000015 -0.000010
vn 1.000000 -0.000017 -0.000010
vn 0.000000 0.000000 1.000000
vn 0.000000 0.000000 1.000000
vn 0.000000 0.000000 1.000000
vn 0.000000 0.000000 1.000000
vn 1.000000 -0.000019 -0.000010
vn 1.000000 -0.000019 -0.000010
vn -1.000000 -0.000018 -0.000013
vn -1.000000 -0.000021 -0.000012
vn -1.000000 -0.000021 -0.000012
vn -1.000000 -0.000018 -0.000013
vn 0.000000 0.000000 1.000000
vn 0.000000 0.000000 1.000000
vn 0.000006 -0.000014 -1.000000
vn 0.000006 -0.000014 -1.000000
vn -1.000000 -0.000015 -0.000014
vn -1.000000 -0.000015 -0.000014
s 1
g group13 B02 pCube42
usemtl blinn2SG
f 347/443/578 348/445/579 287/367/580 270/338/581
f 293/375/582 294/376/583 271/339/584 272/340/585
s 2
f 352/449/586 353/450/587 333/426/588 273/341/589
f 345/440/590 346/442/591 274/342/592 275/343/593
f 354/451/594 355/452/595 319/408/596 276/344/597
s 4
f 381/478/598 382/479/599 383/345/600 384/480/601
s 5
f 281/350/602 289/370/603 360/457/604 361/458/605
f 283/352/606 282/351/607 290/371/608 291/372/609
s 6
f 284/353/610 324/414/611 362/459/612 363/460/613
f 286/355/614 285/354/615 325/415/616 326/416/617
f 270/356/618 338/432/619 364/461/620 347/444/621
f 272/358/622 271/357/623 339/433/624 340/434/625
s 8
f 286/360/626 326/417/627 327/418/628 292/374/629
f 272/340/630 340/435/631 341/436/632 293/375/633
s 9
f 323/412/634 324/413/635 284/364/636 288/368/637
f 337/430/638 338/431/639 270/338/640 287/367/641
s 10
f 333/425/642 334/427/643 297/380/644 273/341/645
f 319/407/646 320/409/647 296/379/648 276/366/649
s 12
f 356/453/650 357/454/651 295/378/652 278/347/653
f 301/384/654 302/386/655 279/348/656 280/349/657
s 13
f 300/383/658 330/421/659 331/423/660 277/362/661
f 299/382/662 344/439/663 345/441/664 275/343/665
s 14
f 275/343/666 274/342/667 298/381/668 299/382/669
f 273/341/670 297/380/671 351/448/672 352/449/673
s 15
f 321/410/674 322/411/675 303/388/676 305/389/677
f 335/428/678 336/429/679 307/391/680 308/392/681
s 16
f 349/446/682 350/447/683 308/392/684 307/391/685
f 311/395/686 309/393/687 310/394/688 312/396/689
s 17
f 312/396/690 342/437/691 343/438/692 311/395/693
f 313/397/694 328/419/695 329/420/696 314/398/697
s 19
f 318/404/698 317/401/699 316/402/700 315/403/701
f 304/406/702 306/405/703 358/455/704 359/456/705
s 20
f 322/411/706 323/412/707 288/368/708 303/388/709
s 21
f 296/379/710 320/409/711 321/410/712 305/389/713
s 20
f 336/429/714 337/430/715 287/367/716 307/391/717
s 21
f 297/380/718 334/427/719 335/428/720 308/392/721
f 350/447/722 351/448/723 297/380/718 308/392/721
s 20
f 287/367/716 348/445/724 349/446/725 307/391/717
s 21
f 299/382/726 298/381/727 309/393/728 311/395/729
s 20
f 294/376/730 293/375/731 312/396/732 310/394/733
f 293/375/731 341/436/734 342/437/735 312/396/732
s 21
f 343/438/736 344/439/737 299/382/726 311/395/729
s 20
f 292/374/738 327/418/739 328/419/740 313/397/741
s 21
f 329/420/742 330/421/743 300/383/744 314/398/745
f 302/386/746 301/384/747 316/402/748 317/401/749
s 20
f 291/372/750 290/371/751 318/404/752 315/403/753
s 21
f 295/378/754 357/454/755 358/455/756 306/405/757
s 20
f 359/456/758 360/457/759 289/370/760 304/406/761
s 10
f 295/377/762 320/409/647 319/407/646 278/365/763
s 21
f 321/410/712 320/409/711 295/377/754 306/390/757
s 15
f 304/387/764 322/411/675 321/410/674 306/390/765
s 20
f 289/369/760 323/412/707 322/411/706 304/387/761
s 9
f 281/363/766 324/413/635 323/412/634 289/369/767
s 6
f 361/458/768 362/459/612 324/414/611 281/350/769
f 326/416/617 325/415/616 282/351/770 283/352/771
s 8
f 327/418/628 326/417/627 283/359/772 291/373/773
s 20
f 328/419/740 327/418/739 291/373/750 315/399/753
s 17
f 329/420/696 328/419/695 315/399/774 316/400/775
s 21
f 301/385/747 330/421/743 329/420/742 316/400/748
s 13
f 331/423/660 330/421/659 301/385/776 280/361/777
s 2
f 280/349/778 279/348/779 332/424/780 331/422/781
f 278/347/782 319/408/596 355/452/595 356/453/783
s 10
f 296/379/648 334/427/643 333/425/642 276/366/649
s 21
f 335/428/720 334/427/719 296/379/710 305/389/713
s 15
f 303/388/676 336/429/679 335/428/678 305/389/677
s 20
f 288/368/708 337/430/715 336/429/714 303/388/709
s 9
f 284/364/636 338/431/639 337/430/638 288/368/637
s 6
f 363/460/613 364/461/620 338/432/619 284/353/610
f 340/434/625 339/433/624 285/354/615 286/355/614
s 8
f 341/436/632 340/435/631 286/360/626 292/374/629
s 20
f 342/437/735 341/436/734 292/374/738 313/397/741
s 17
f 343/438/692 342/437/691 313/397/694 314/398/697
s 21
f 300/383/744 344/439/737 343/438/736 314/398/745
s 13
f 345/441/664 344/439/663 300/383/658 277/362/661
s 4
f 384/480/601 383/345/600 385/481/784 386/482/785
s 2
f 276/344/597 333/426/588 353/450/587 354/451/594
s 1
f 294/376/583 348/445/579 347/443/578 271/339/584
s 20
f 349/446/725 348/445/724 294/376/730 310/394/733
s 16
f 309/393/687 350/447/683 349/446/682 310/394/688
s 21
f 298/381/727 351/448/723 350/447/722 309/393/728
s 14
f 352/449/673 351/448/672 298/381/668 274/342/667
s 2
f 346/442/591 353/450/587 352/449/586 274/342/592
s 4
f 388/483/786 387/484/787 385/481/784 383/345/600
f 382/479/599 389/485/788 388/483/786 383/345/600
s 2
f 356/453/783 355/452/595 332/424/780 279/348/779
s 12
f 302/386/655 357/454/651 356/453/650 279/348/656
s 21
f 358/455/756 357/454/755 302/386/746 317/401/749
s 19
f 359/456/705 358/455/704 317/401/699 318/404/698
s 20
f 290/371/751 360/457/759 359/456/758 318/404/752
s 5
f 361/458/605 360/457/604 290/371/608 282/351/607
s 6
f 325/415/616 362/459/612 361/458/768 282/351/770
f 363/460/613 362/459/612 325/415/616 285/354/615
f 339/433/624 364/461/620 363/460/613 285/354/615
f 347/444/621 364/461/620 339/433/624 271/357/623
s 27
f 331/422/789 332/424/790 366/463/791 365/462/792
s 13
f 277/346/661 331/422/660 365/462/793 367/464/794
s 28
f 346/442/795 345/440/796 369/466/797 368/465/798
s 13
f 345/440/664 277/346/661 367/464/794 369/466/799
s 29
f 354/451/800 353/450/801 370/468/802 371/467/803
s 28
f 353/450/804 346/442/795 368/465/798 370/468/805
s 27
f 332/424/790 355/452/806 372/469/807 366/463/791
s 29
f 355/452/808 354/451/800 371/467/803 372/469/809
s 30
f 365/462/810 366/463/811 374/471/812 373/470/813
f 367/464/814 365/462/810 373/470/813 375/472/815
f 368/465/816 369/466/817 377/474/818 376/473/819
f 369/466/817 367/464/814 375/472/815 377/474/818
f 371/467/820 370/468/821 378/476/822 379/475/823
f 370/468/821 368/465/816 376/473/819 378/476/822
f 366/463/811 372/469/824 380/477/825 374/471/812
f 372/469/824 371/467/820 379/475/823 380/477/825
s 31
f 373/470/826 374/471/827 382/479/828 381/478/829
s 32
f 375/472/830 373/470/831 381/478/832 384/480/833
s 33
f 376/473/834 377/474/835 386/482/836 385/481/837
s 32
f 377/474/838 375/472/830 384/480/833 386/482/839
s 34
f 379/475/840 378/476/841 387/484/842 388/483/843
s 33
f 378/476/844 376/473/834 385/481/837 387/484/845
s 31
f 374/471/827 380/477/846 389/485/847 382/479/828
s 34
f 380/477/848 379/475/840 388/483/843 389/485/849
g default
v -1018.810085 851.293278 -109.725404
v -1006.224972 846.278811 -109.725404
v -1018.810085 981.010928 -109.725404
v -1006.224972 1003.074437 -109.725404
v -1018.810085 981.010928 -160.023833
v -1006.224972 1003.074437 -160.023833
v -1018.810085 851.293278 -160.023833
v -1006.224972 846.278811 -160.023833
vt 0.375000 0.000000
vt 0.625000 0.000000
vt 0.375000 0.250000
vt 0.625000 0.250000
vt 0.375000 0.500000
vt 0.625000 0.500000
vt 0.375000 0.750000
vt 0.625000 0.750000
vt 0.375000 1.000000
vt 0.625000 1.000000
vt 0.875000 0.000000
vt 0.875000 0.250000
vt 0.125000 0.000000
vt 0.125000 0.250000
vn 0.000000 0.000000 1.000000
vn 0.000000 0.000000 1.000000
vn 0.000000 0.000000 1.000000
vn 0.000000 0.000000 1.000000
vn -0.868626 0.495468 0.000000
vn -0.868626 0.495468 0.000000
vn -0.868626 0.495468 0.000000
vn -0.868626 0.495468 0.000000
vn 0.000000 0.000000 -1.000000
vn 0.000000 0.000000 -1.000000
vn 0.000000 0.000000 -1.000000
vn 0.000000 0.000000 -1.000000
vn -0.370145 -0.928974 0.000000
vn -0.370145 -0.928974 0.000000
vn -0.370145 -0.928974 0.000000
vn -0.370145 -0.928974 0.000000
vn 1.000000 0.000000 0.000000
vn 1.000000 0.000000 0.000000
vn 1.000000 0.000000 0.000000
vn 1.000000 0.000000 0.000000
vn -1.000000 0.000000 0.000000
vn -1.000000 0.000000 0.000000
vn -1.000000 0.000000 0.000000
vn -1.000000 0.000000 0.000000
s off
g group13 B02 pCube43
usemtl blinn2SG
f 390/486/850 391/487/851 393/489/852 392/488/853
f 392/488/854 393/489/855 395/491/856 394/490/857
f 394/490/858 395/491/859 397/493/860 396/492/861
f 396/492/862 397/493/863 391/495/864 390/494/865
f 391/487/866 397/496/867 395/497/868 393/489/869
f 396/498/870 390/486/871 392/488/872 394/499/873
g default
v -832.657245 286.817008 68.807426
v -304.631476 240.420327 68.807426
v -832.657245 412.907301 68.807426
v -304.631476 366.510590 68.807426
v -832.657245 412.907301 -338.556650
v -304.631476 366.510590 -338.556650
v -832.657245 286.817008 -338.556650
v -304.631476 240.420327 -338.556650
v -463.039194 286.817008 68.807426
v -463.039194 412.907301 68.807426
v -463.039194 412.907301 -338.556650
v -463.039194 286.817008 -338.556650
v -399.676138 240.420342 68.807426
v -399.676138 366.510590 68.807426
v -399.676138 366.510590 -338.556650
v -399.676138 240.420342 -338.556650
v -832.657245 412.907301 -134.874631
v -832.657245 286.817008 -134.874631
v -832.657245 412.907301 -33.033609
v -832.657245 286.817008 -33.033609
v -832.657245 286.817008 -236.715653
v -832.657245 412.907301 -236.715653
v -832.657245 286.817008 -316.157620
v -832.657245 412.907301 -316.157620
v -463.039194 412.907301 -316.157620
v -399.676138 366.510590 -316.157620
v -304.631476 366.510590 -316.157620
v -304.631476 240.420327 -316.157620
v -399.676107 240.420342 -316.157620
v -463.039194 286.817008 -316.157620
v -832.657245 412.907301 46.408371
v -832.657245 286.817008 46.408347
v -463.039194 286.817008 46.408347
v -399.676138 240.420342 46.408347
v -304.631476 240.420327 46.408347
v -304.631476 366.510590 46.408371
v -399.676107 366.510590 46.408371
v -463.039194 412.907301 46.408371
v -814.913203 286.817008 68.807426
v -814.913203 412.907301 68.807426
v -814.913329 412.907301 46.408371
v -814.913329 412.907301 -33.033609
v -814.913329 412.907301 -134.874631
v -814.913203 412.907301 -236.715653
v -814.913203 412.907301 -316.157620
v -814.913203 412.907301 -338.556650
v -814.913203 286.817008 -338.556650
v -814.913266 286.817016 -316.157620
v -814.913266 286.817016 -236.715653
v -814.913266 286.817016 -134.874631
v -814.913266 286.817016 -33.033609
v -814.913266 286.817016 46.408359
v -464.025150 412.907301 -338.556650
v -464.025150 286.817008 -338.556650
vt 0.375000 0.000000
vt 0.625000 0.000000
vt 0.375000 0.250000
vt 0.625000 0.250000
vt 0.375000 0.500000
vt 0.625000 0.500000
vt 0.375000 0.750000
vt 0.625000 0.750000
vt 0.375000 1.000000
vt 0.625000 1.000000
vt 0.875000 0.000000
vt 0.875000 0.250000
vt 0.125000 0.000000
vt 0.125000 0.250000
vt 0.550000 0.000000
vt 0.550000 1.000000
vt 0.550000 0.250000
vt 0.550000 0.500000
vt 0.550000 0.750000
vt 0.580000 0.000000
vt 0.580000 1.000000
vt 0.580000 0.250000
vt 0.580000 0.500000
vt 0.580000 0.750000
vt 0.250000 0.250000
vt 0.375000 0.375000
vt 0.250000 0.000000
vt 0.375000 0.875000
vt 0.312500 0.250000
vt 0.375000 0.312500
vt 0.312500 0.000000
vt 0.375000 0.937500
vt 0.187500 0.000000
vt 0.375000 0.812500
vt 0.187500 0.250000
vt 0.375000 0.437500
vt 0.137500 0.000000
vt 0.375000 0.762500
vt 0.137500 0.250000
vt 0.375000 0.487500
vt 0.550000 0.487500
vt 0.580000 0.487500
vt 0.625000 0.487500
vt 0.862500 0.250000
vt 0.625000 0.762500
vt 0.862500 0.000000
vt 0.580000 0.762500
vt 0.550000 0.762500
vt 0.362500 0.250000
vt 0.375000 0.262500
vt 0.362500 0.000000
vt 0.375000 0.987500
vt 0.550000 0.987500
vt 0.580000 0.987500
vt 0.625000 0.987500
vt 0.637500 0.000000
vt 0.625000 0.262500
vt 0.637500 0.250000
vt 0.580000 0.262500
vt 0.550000 0.262500
vt 0.383401 0.000000
vt 0.383401 1.000000
vt 0.383401 0.250000
vt 0.383401 0.262500
vt 0.383401 0.312500
vt 0.383401 0.375000
vt 0.383401 0.437500
vt 0.383401 0.487500
vt 0.383401 0.500000
vt 0.383401 0.750000
vt 0.383401 0.762500
vt 0.383401 0.812500
vt 0.383401 0.875000
vt 0.383401 0.937500
vt 0.383401 0.987500
vt 0.000000 0.000000
vt 1.000000 0.000000
vt 1.000000 1.000000
vt 0.000000 1.000000
vt 0.000000 0.000000
vt 1.000000 0.000000
vt 1.000000 1.000000
vt 0.000000 1.000000
vt 0.000000 0.000000
vt 1.000000 0.000000
vt 1.000000 1.000000
vt 0.000000 1.000000
vt 0.000000 0.000000
vt 1.000000 0.000000
vt 1.000000 1.000000
vt 0.000000 1.000000
vt 0.549533 0.500000
vt 0.549533 0.750000
vn 0.000000 0.000000 1.000000
vn 0.000000 0.000000 1.000000
vn 0.000000 0.000000 1.000000
vn 0.000000 0.000000 1.000000
vn 0.000000 1.000000 0.000000
vn 0.000000 1.000000 0.000000
vn 0.000000 1.000000 0.000000
vn 0.000000 1.000000 0.000000
vn 0.000000 0.000000 -1.000000
vn 0.000000 0.000000 -1.000000
vn 0.000000 0.000000 -1.000000
vn 0.000000 0.000000 -1.000000
vn 0.000000 -1.000000 -0.000000
vn 0.000000 -1.000000 -0.000000
vn -0.000000 -1.000000 -0.000000
vn 0.000000 -1.000000 -0.000000
vn 1.000000 0.000000 0.000000
vn 1.000000 0.000000 0.000000
vn 1.000000 0.000000 0.000000
vn 1.000000 0.000000 0.000000
vn -1.000000 0.000000 0.000000
vn -1.000000 0.000000 0.000000
vn -1.000000 0.000000 0.000000
vn -1.000000 0.000000 0.000000
vn 0.000000 0.000000 1.000000
vn 0.000000 0.000000 1.000000
vn 0.000000 0.000000 1.000000
vn 0.000000 0.000000 1.000000
vn 0.281085 0.959683 0.000000
vn 0.111044 0.993816 0.000000
vn 0.111044 0.993816 0.000000
vn 0.281086 0.959683 0.000000
vn -0.000000 0.000000 -1.000000
vn -0.000000 0.000000 -1.000000
vn -0.000000 0.000000 -1.000000
vn -0.000000 0.000000 -1.000000
vn -0.111044 -0.993815 -0.000000
vn -0.111044 -0.993815 -0.000000
vn -0.281085 -0.959683 0.000000
vn -0.281085 -0.959683 0.000000
vn 0.000000 0.000000 1.000000
vn 0.000000 0.000000 1.000000
vn 0.000000 1.000000 0.000000
vn 0.000000 1.000000 0.000000
vn -0.000000 0.000000 -1.000000
vn -0.000000 0.000000 -1.000000
vn -0.000000 -1.000000 0.000000
vn -0.000000 -1.000000 0.000000
vn -1.000000 0.000000 0.000000
vn -1.000000 0.000000 0.000000
vn -1.000000 0.000000 0.000000
vn -1.000000 0.000000 0.000000
vn 0.000000 -1.000000 0.000000
vn -0.000000 -1.000000 0.000000
vn 0.000000 -1.000000 0.000000
vn 0.000000 -1.000000 0.000000
vn -0.281085 -0.959683 0.000000
vn -0.113219 -0.993570 0.000000
vn -0.587806 -0.809002 0.000000
vn -0.281086 -0.959683 0.000000
vn -0.000000 -1.000000 0.000000
vn -0.000000 -1.000000 0.000000
vn 1.000000 0.000000 0.000000
vn 1.000000 0.000000 0.000000
vn 1.000000 0.000000 0.000000
vn 1.000000 0.000000 0.000000
vn 0.281086 0.959683 0.000000
vn 0.281086 0.959683 0.000000
vn 0.000000 1.000000 0.000000
vn 0.000000 1.000000 0.000000
vn 0.587807 0.809001 0.000000
vn 0.113219 0.993570 0.000000
vn 0.000000 1.000000 0.000000
vn 0.000000 1.000000 0.000000
vn 0.000000 1.000000 0.000000
vn 0.000000 1.000000 0.000000
vn -1.000000 0.000000 0.000000
vn -1.000000 0.000000 0.000000
vn -1.000000 0.000000 0.000000
vn -1.000000 0.000000 0.000000
vn 0.000000 -1.000000 0.000000
vn 0.000000 -1.000000 0.000000
vn 0.000000 -1.000000 0.000000
vn 0.000000 -1.000000 0.000000
vn 0.000000 1.000000 0.000000
vn 0.000000 1.000000 0.000000
vn 0.000000 1.000000 0.000000
vn 0.000000 1.000000 0.000000
vn -1.000000 0.000000 0.000000
vn -1.000000 0.000000 0.000000
vn 0.000000 1.000000 0.000000
vn 0.000000 1.000000 0.000000
vn 0.000000 -1.000000 0.000000
vn 0.000000 -1.000000 0.000000
vn 0.000000 1.000000 0.000000
vn 0.000000 0.000000 -1.000000
vn 0.000000 0.000000 -1.000000
vn -0.000000 -1.000000 0.000000
vn 1.000000 0.000000 0.000000
vn 1.000000 0.000000 0.000000
vn 1.000000 0.000000 0.000000
vn 1.000000 0.000000 0.000000
vn 1.000000 0.000000 0.000000
vn 1.000000 0.000000 0.000000
vn 1.000000 0.000000 0.000000
vn 1.000000 0.000000 0.000000
vn 1.000000 0.000000 0.000001
vn 1.000000 0.000000 0.000001
vn 1.000000 0.000000 0.000001
vn 1.000000 0.000000 0.000001
vn 1.000000 -0.000000 0.000000
vn 1.000000 -0.000000 0.000000
vn 1.000000 -0.000000 0.000000
vn 1.000000 -0.000000 0.000000
vn -0.000000 0.000000 -1.000000
vn -0.000000 0.000000 -1.000000
vn -0.000000 0.000000 -1.000000
vn -0.000000 0.000000 -1.000000
vn -0.000000 0.000000 1.000000
vn -0.000000 0.000000 1.000000
vn 0.000000 0.000000 1.000000
vn 0.000000 0.000000 1.000000
vn 0.000000 0.000000 -1.000000
vn 0.000000 0.000000 -1.000000
vn 0.000000 0.000000 -1.000000
vn 0.000000 0.000000 -1.000000
vn -0.000000 0.000000 1.000000
vn -0.000000 0.000000 1.000000
vn -0.000000 0.000000 1.000000
vn -0.000000 0.000000 1.000000
s 1
g group13 B02 pCube52
usemtl blinn2SG
f 398/500/874 436/560/875 437/562/876 400/502/877
s 2
f 400/502/878 437/562/879 438/563/880 428/549/881
s 3
f 402/504/882 443/568/883 444/569/884 404/506/885
s 4
f 429/551/886 449/574/887 436/561/888 398/508/889
s off
f 399/501/890 432/555/891 433/557/892 401/503/893
s 5
f 428/548/894 429/550/895 398/500/896 400/502/897
s 1
f 407/516/898 406/514/899 410/519/900 411/521/901
s 2
f 434/558/902 435/559/903 407/516/904 411/521/905
s 3
f 409/518/906 408/517/907 412/522/908 413/523/909
s 4
f 406/515/910 430/552/911 431/553/912 410/520/913
s 1
f 411/521/901 410/519/900 399/501/914 401/503/915
s 2
f 433/556/916 434/558/902 411/521/905 401/503/917
s 3
f 413/523/909 412/522/908 403/505/918 405/507/919
s 4
f 410/520/913 431/553/912 432/554/920 399/509/921
s 5
f 404/512/922 420/536/923 421/538/924 402/513/925
s 4
f 404/506/926 444/569/927 445/570/928 420/537/929
f 426/546/930 427/547/931 409/518/932 413/523/933
f 425/544/934 426/546/930 413/523/933 405/507/935
s off
f 424/543/936 425/545/937 405/510/938 403/511/939
s 2
f 412/522/940 423/541/941 424/542/942 403/505/943
f 408/517/944 422/540/945 423/541/941 412/522/940
f 421/539/946 442/567/947 443/568/948 402/504/949
s 5
f 414/524/950 415/526/951 417/530/952 416/528/953
s 4
f 415/527/954 447/572/955 448/573/956 417/531/957
s 2
f 416/529/958 439/564/959 440/565/960 414/525/961
s 5
f 419/534/962 418/532/963 415/526/951 414/524/950
s 2
f 414/525/961 440/565/960 441/566/964 419/535/965
s 4
f 418/533/966 446/571/967 447/572/955 415/527/954
s 5
f 421/538/924 420/536/923 418/532/963 419/534/962
s 2
f 419/535/965 441/566/964 442/567/947 421/539/946
s 4
f 420/537/929 445/570/928 446/571/967 418/533/966
s 5
f 416/528/953 417/530/952 429/550/895 428/548/894
s 4
f 417/531/957 448/573/956 449/574/887 429/551/886
s 2
f 428/549/881 438/563/880 439/564/959 416/529/958
s 1
f 437/562/876 436/560/875 406/514/899 407/516/898
s 2
f 438/563/880 437/562/879 407/516/904 435/559/903
f 443/568/948 442/567/947 422/540/945 450/591/968
s 3
f 444/569/884 443/568/883 450/591/969 451/592/970
s 4
f 445/570/928 444/569/927 451/592/971 427/547/931
f 436/561/888 449/574/887 430/552/911 406/515/910
s off
f 439/575/972 438/576/973 449/577/974 448/578/975
f 440/579/976 439/580/977 448/581/978 447/582/979
f 441/583/980 440/584/981 447/585/982 446/586/983
f 442/587/984 441/588/985 446/589/986 445/590/987
s 14
f 435/559/988 430/552/989 449/577/990 438/563/991
s 15
f 423/541/992 426/546/993 425/545/994 424/542/995
s 14
f 431/553/996 430/552/989 435/559/988 434/558/997
f 431/553/996 434/558/997 433/557/998 432/554/999
s 2
f 450/591/968 422/540/945 408/517/944
s 3
f 451/592/970 450/591/969 408/517/907 409/518/906
s 4
f 427/547/931 451/592/971 409/518/932
s 15
f 423/541/992 422/540/1000 442/587/1001 445/570/1002 427/547/1003 426/546/993
g default
v -411.798401 1109.525610 13.909709
v -411.798401 1119.931533 13.909709
v -583.436553 1119.931533 -134.874619
v -411.798401 1119.931533 -134.874619
v -240.160248 1119.931533 -134.874619
v -411.798401 1119.931533 -283.658946
v -411.798401 1109.525610 -283.658946
v -583.436553 1109.525610 -134.874619
v -411.798401 1109.525610 -134.874619
v -240.160248 1109.525610 -134.874619
v -549.108925 1109.525610 13.909709
v -549.108925 1119.931533 13.909709
v -549.108925 1119.931533 -134.874619
v -549.108925 1119.931533 -283.658946
v -549.108925 1109.525610 -283.658946
v -549.108925 1109.525610 -134.874619
v -274.487877 1109.525610 13.909709
v -274.487877 1119.931533 13.909709
v -274.487877 1119.931533 -134.874619
v -274.487877 1119.931533 -283.658946
v -274.487877 1109.525610 -283.658946
v -274.487877 1109.525610 -134.874619
v -583.436553 1119.931533 -224.145218
v -583.436553 1109.525610 -224.145218
v -549.108935 1109.525610 -224.145218
v -411.798401 1109.525610 -224.145218
v -274.487867 1109.525610 -224.145218
v -240.160248 1109.525610 -224.145218
v -240.160248 1119.931533 -224.145218
v -274.487877 1119.931533 -224.145218
v -411.798401 1119.931533 -224.145218
v -549.108925 1119.931533 -224.145218
v -583.436553 1119.931534 -45.604019
v -583.436553 1109.525610 -45.604019
v -549.108925 1109.525610 -45.604019
v -411.798401 1109.525610 -45.604019
v -274.487877 1109.525610 -45.604019
v -240.160248 1109.525610 -45.604019
v -240.160248 1119.931534 -45.604019
v -274.487867 1119.931534 -45.604019
v -411.798401 1119.931534 -45.604019
v -549.108935 1119.931534 -45.604019
vt 0.500000 0.000000
vt 0.500000 0.250000
vt 0.375000 0.375000
vt 0.500000 0.375000
vt 0.625000 0.375000
vt 0.500000 0.500000
vt 0.500000 0.750000
vt 0.375000 0.875000
vt 0.500000 0.875000
vt 0.625000 0.875000
vt 0.500000 1.000000
vt 0.750000 0.000000
vt 0.750000 0.250000
vt 0.250000 0.000000
vt 0.250000 0.250000
vt 0.400000 0.000000
vt 0.400000 1.000000
vt 0.400000 0.250000
vt 0.400000 0.375000
vt 0.400000 0.500000
vt 0.400000 0.750000
vt 0.400000 0.875000
vt 0.600000 0.000000
vt 0.600000 1.000000
vt 0.600000 0.250000
vt 0.600000 0.375000
vt 0.600000 0.500000
vt 0.600000 0.750000
vt 0.600000 0.875000
vt 0.175000 0.250000
vt 0.375000 0.450000
vt 0.175000 0.000000
vt 0.375000 0.800000
vt 0.400000 0.800000
vt 0.500000 0.800000
vt 0.600000 0.800000
vt 0.625000 0.800000
vt 0.825000 0.000000
vt 0.625000 0.450000
vt 0.825000 0.250000
vt 0.600000 0.450000
vt 0.500000 0.450000
vt 0.400000 0.450000
vt 0.325000 0.250000
vt 0.375000 0.300000
vt 0.325000 0.000000
vt 0.375000 0.950000
vt 0.400000 0.950000
vt 0.500000 0.950000
vt 0.600000 0.950000
vt 0.625000 0.950000
vt 0.675000 0.000000
vt 0.625000 0.300000
vt 0.675000 0.250000
vt 0.600000 0.300000
vt 0.500000 0.300000
vt 0.400000 0.300000
vn 0.000000 0.000000 1.000000
vn 0.000000 0.000000 1.000000
vn 0.000000 0.000000 1.000000
vn 0.000000 0.000000 1.000000
vn 0.000000 1.000000 -0.000000
vn 0.000000 1.000000 0.000000
vn 0.000000 1.000000 -0.000000
vn 0.000000 1.000000 0.000000
vn 0.000000 1.000000 0.000000
vn 0.000000 1.000000 -0.000000
vn 0.000000 1.000000 0.000000
vn 0.000000 1.000000 -0.000000
vn 0.000000 1.000000 -0.000000
vn 0.000000 1.000000 0.000000
vn 0.000000 1.000000 0.000000
vn 0.000000 1.000000 -0.000000
vn 0.000000 1.000000 -0.000000
vn 0.000000 1.000000 0.000000
vn 0.000000 1.000000 0.000000
vn 0.000000 0.000000 -1.000000
vn 0.000000 0.000000 -1.000000
vn 0.000000 0.000000 -1.000000
vn 0.000000 0.000000 -1.000000
vn 0.000000 -1.000000 0.000000
vn 0.000000 -1.000000 0.000000
vn 0.000000 -1.000000 0.000000
vn 0.000000 -1.000000 0.000000
vn 0.000000 -1.000000 0.000000
vn 0.000000 -1.000000 0.000000
vn 0.000000 -1.000000 0.000000
vn 0.000000 -1.000000 0.000000
vn 0.000000 -1.000000 0.000000
vn 0.000000 -1.000000 0.000000
vn 0.000000 -1.000000 0.000000
vn 0.000000 -1.000000 0.000000
vn 1.000000 0.000000 0.000000
vn 1.000000 0.000000 0.000000
vn 1.000000 0.000000 0.000000
vn 1.000000 0.000000 0.000000
vn -1.000000 0.000000 0.000000
vn -1.000000 0.000000 0.000000
vn -1.000000 -0.000000 0.000000
vn -1.000000 -0.000000 0.000000
vn 0.000000 0.000000 1.000000
vn 0.000000 0.000000 1.000000
vn 0.000000 0.000000 -1.000000
vn 0.000000 0.000000 -1.000000
vn 0.000000 -1.000000 0.000000
vn 0.000000 -1.000000 0.000000
vn 0.000000 1.000000 -0.000000
vn 0.000000 1.000000 0.000000
vn 0.000000 1.000000 -0.000000
vn 0.000000 -1.000000 0.000000
vn 0.000000 -1.000000 0.000000
vn 0.000000 -1.000000 0.000000
vn 0.000000 -1.000000 0.000000
vn 0.000000 -1.000000 0.000000
vn 0.000000 1.000000 0.000000
vn 0.000000 1.000000 0.000000
vn 0.000000 1.000000 0.000000
vn -1.000000 -0.000000 0.000000
vn -1.000000 -0.000000 0.000000
vn 0.000000 -1.000000 0.000000
vn 0.000000 -1.000000 0.000000
vn 1.000000 0.000000 0.000000
vn 1.000000 0.000000 0.000000
vn 0.866231 0.000000 0.499644
vn 0.866231 0.000000 0.499644
vn 0.866231 0.000000 0.499644
vn 0.866231 0.000000 0.499644
vn 0.866231 0.000000 -0.499644
vn 0.866231 0.000000 -0.499644
vn 0.866231 0.000000 -0.499644
vn 0.866231 0.000000 -0.499644
vn -0.866231 0.000000 -0.499644
vn -0.866231 0.000000 -0.499644
vn -0.866231 0.000000 -0.499644
vn -0.866231 0.000000 -0.499644
vn -0.866231 0.000000 0.499644
vn -0.866231 0.000000 0.499644
vn -0.866231 0.000000 0.499644
vn -0.866231 0.000000 0.499644
s 1
g group13 B02 pCube38 group15
usemtl blinn2SG
f 452/593/1004 468/615/1005 469/617/1006 453/594/1007
s 2
f 484/637/1008 463/610/1009 493/649/1010
f 453/594/1011 469/617/1012 491/647/1013 492/648/1014
f 454/595/1015 464/611/1016 483/635/1017 474/623/1018
f 455/596/1019 470/618/1020 481/633/1021 482/634/1022
s 4
f 457/598/1023 471/619/1024 472/620/1025 458/599/1026
s 5
f 475/625/1027 476/626/1028 467/614/1029 459/600/1030
f 477/627/1031 478/628/1032 473/621/1033 460/601/1034
f 487/641/1035 488/642/1036 468/616/1037 452/603/1038
s 7
f 461/604/1039 479/630/1040 480/632/1041 456/605/1042
s 8
f 474/622/1043 475/624/1044 459/606/1045 454/607/1046
s 1
f 463/610/1047 462/608/1048 452/593/1004 453/594/1007
s 2
f 492/648/1014 493/649/1010 463/610/1009 453/594/1011
f 482/634/1022 483/635/1017 464/611/1016 455/596/1019
s 4
f 466/613/1049 465/612/1050 457/598/1023 458/599/1026
s 5
f 467/614/1029 476/626/1028 477/627/1031 460/601/1034
f 462/609/1051 486/640/1052 487/641/1035 452/603/1038
s 2
f 490/645/1053 491/647/1013 469/617/1012
f 480/631/1054 481/633/1021 470/618/1020 456/597/1055
s 5
f 473/621/1033 478/628/1032 479/629/1056 461/602/1057
f 475/625/1027 466/613/1058 476/626/1028
f 477/627/1031 476/626/1028 466/613/1058 458/599/1059
f 458/599/1059 472/620/1060 478/628/1032 477/627/1031
s 2
f 482/634/1022 481/633/1021 471/619/1061 457/598/1062
f 465/612/1063 483/635/1017 482/634/1022 457/598/1062
s 8
f 459/606/1045 485/638/1064 484/636/1065 454/607/1046
s 5
f 459/600/1030 467/614/1029 486/640/1052 485/639/1066
f 487/641/1035 486/640/1052 467/614/1029 460/601/1034
f 460/601/1034 473/621/1033 488/642/1036 487/641/1035
f 489/643/1067 488/642/1036 473/621/1033 461/602/1057
s 7
f 490/646/1068 489/644/1069 461/604/1039 456/605/1042
s 2
f 470/618/1020 491/647/1013 490/645/1053 456/597/1055
f 492/648/1014 491/647/1013 470/618/1020 455/596/1019
f 464/611/1016 493/649/1010 492/648/1014 455/596/1019
f 484/637/1008 493/649/1010 464/611/1016 454/595/1015
f 471/619/1061 481/633/1021 480/631/1054
f 474/623/1018 483/635/1017 465/612/1063
s 5
f 485/639/1066 486/640/1052 462/609/1051
f 468/616/1037 488/642/1036 489/643/1067
f 479/629/1056 478/628/1032 472/620/1060
s off
f 469/617/1070 468/616/1071 489/644/1072 490/645/1073
f 472/620/1074 471/619/1075 480/632/1076 479/629/1077
f 466/613/1078 475/624/1079 474/623/1080 465/612/1081
f 463/610/1082 484/636/1083 485/639/1084 462/608/1085
g default
v -556.156723 1235.313695 0.683172
v -411.798400 1235.313695 0.683172
v -267.440087 1235.313695 0.683172
v -556.156723 1358.790009 -126.143375
v -411.798401 1358.790009 -126.143375
v -267.440087 1358.790009 -126.143375
v -556.156723 1358.790009 -134.874619
v -411.798401 1358.790009 -134.874619
v -267.440087 1358.790009 -134.874619
v -556.156723 1358.790009 -143.605862
v -411.798401 1358.790009 -143.605862
v -267.440087 1358.790009 -143.605862
v -556.156723 1235.313695 -270.432387
v -411.798400 1235.313695 -270.432387
v -267.440087 1235.313695 -270.432387
v -556.156723 1235.313695 -134.874622
v -411.798537 1235.313695 -134.874616
v -267.440087 1235.313695 -134.874622
vt 0.375000 0.000000
vt 0.500000 0.000000
vt 0.625000 0.000000
vt 0.375000 0.250000
vt 0.500000 0.250000
vt 0.625000 0.250000
vt 0.375000 0.375000
vt 0.500000 0.375000
vt 0.625000 0.375000
vt 0.375000 0.500000
vt 0.500000 0.500000
vt 0.625000 0.500000
vt 0.375000 0.750000
vt 0.500000 0.750000
vt 0.625000 0.750000
vt 0.375000 0.875000
vt 0.500000 0.875000
vt 0.625000 0.875000
vt 0.375000 1.000000
vt 0.500000 1.000000
vt 0.625000 1.000000
vt 0.875000 0.000000
vt 0.750000 0.000000
vt 0.875000 0.250000
vt 0.750000 0.250000
vt 0.125000 0.000000
vt 0.250000 0.000000
vt 0.125000 0.250000
vt 0.250000 0.250000
vn 0.000000 0.716507 0.697580
vn 0.000000 0.716507 0.697580
vn 0.000000 0.716507 0.697580
vn 0.000000 0.716507 0.697580
vn 0.000000 0.716507 0.697580
vn 0.000000 0.716507 0.697580
vn 0.000000 1.000000 0.000000
vn 0.000000 1.000000 0.000000
vn 0.000000 1.000000 0.000000
vn 0.000000 1.000000 0.000000
vn 0.000000 1.000000 0.000000
vn 0.000000 1.000000 0.000000
vn 0.000000 1.000000 0.000000
vn 0.000000 1.000000 0.000000
vn 0.000000 1.000000 0.000000
vn 0.000000 0.716507 -0.697580
vn 0.000000 0.716507 -0.697580
vn 0.000000 0.716507 -0.697580
vn 0.000000 0.716507 -0.697580
vn 0.000000 0.716507 -0.697580
vn 0.000000 0.716507 -0.697580
vn 0.000000 -1.000000 0.000000
vn 0.000000 -1.000000 0.000000
vn 0.000000 -1.000000 -0.000000
vn 0.000000 -1.000000 0.000000
vn 0.000000 -1.000000 0.000000
vn 0.000000 -1.000000 0.000000
vn 0.000000 -1.000000 -0.000000
vn 0.000000 -1.000000 0.000000
vn 0.000000 -1.000000 -0.000000
vn 1.000000 0.000000 0.000000
vn 1.000000 0.000000 0.000000
vn 1.000000 0.000000 0.000000
vn 1.000000 0.000000 0.000000
vn 1.000000 0.000000 0.000000
vn 1.000000 0.000000 0.000000
vn -1.000000 0.000000 0.000000
vn -1.000000 0.000000 0.000000
vn -1.000000 0.000000 0.000000
vn -1.000000 0.000000 0.000000
vn -1.000000 -0.000000 0.000000
vn -1.000000 -0.000000 0.000000
s 1
g group13 B02 group15 pCube40
usemtl blinn2SG
f 494/650/1086 495/651/1087 498/654/1088 497/653/1089
f 495/651/1087 496/652/1090 499/655/1091 498/654/1088
s 2
f 497/653/1092 498/654/1093 501/657/1094 500/656/1095
f 498/654/1093 499/655/1096 502/658/1097 501/657/1094
f 500/656/1095 501/657/1094 504/660/1098 503/659/1099
f 501/657/1094 502/658/1097 505/661/1100 504/660/1098
s 3
f 503/659/1101 504/660/1102 507/663/1103 506/662/1104
f 504/660/1102 505/661/1105 508/664/1106 507/663/1103
s 4
f 506/662/1107 507/663/1108 510/666/1109 509/665/1110
f 507/663/1108 508/664/1111 511/667/1112 510/666/1109
f 509/665/1110 510/666/1109 495/669/1113 494/668/1114
f 510/666/1109 511/667/1112 496/670/1115 495/669/1113
s 5
f 511/672/1116 508/671/1117 505/673/1118 502/674/1119
f 496/652/1120 511/672/1116 502/674/1119 499/655/1121
s 6
f 506/675/1122 509/676/1123 500/678/1124 503/677/1125
f 509/676/1123 494/650/1126 497/653/1127 500/678/1124
g default
v -546.931854 1118.135332 -34.809381
v -411.798401 1118.135332 -34.809381
v -276.664916 1118.135332 -34.809381
v -546.931854 1182.103091 -34.809381
v -411.798401 1208.600720 -34.809381
v -276.664916 1182.103091 -34.809381
v -546.931854 1182.103091 -134.874619
v -411.798401 1208.600720 -134.874619
v -276.664916 1182.103091 -134.874619
v -546.931854 1182.103091 -234.939844
v -411.798401 1177.724745 -234.939844
v -276.664916 1182.103091 -234.939844
v -546.931854 1118.135332 -234.939844
v -411.798401 1118.135332 -234.939844
v -276.664916 1118.135332 -234.939844
v -546.931854 1118.135332 -134.874619
v -411.798401 1118.135332 -134.874619
v -276.664916 1118.135332 -134.874619
v -491.941570 1118.135332 -34.809381
v -491.941570 1182.103091 -34.809381
v -491.941570 1182.103091 -134.874619
v -491.941570 1182.103091 -234.939844
v -491.941570 1118.135332 -234.939844
v -491.941570 1118.135332 -134.874619
v -465.592805 1118.135332 -34.809381
v -465.592805 1208.600720 -34.809381
v -465.592805 1208.600720 -134.874619
v -465.592805 1177.724745 -234.939844
v -465.592805 1118.135332 -234.939844
v -465.592805 1118.135332 -134.874619
v -331.655232 1118.135332 -34.809381
v -331.655232 1182.103091 -34.809381
v -331.655232 1182.103091 -134.874619
v -331.655232 1182.103091 -234.939844
v -331.655232 1118.135332 -234.939844
v -331.655232 1118.135332 -134.874619
v -358.003997 1118.135332 -34.809381
v -358.003997 1208.600720 -34.809381
v -358.003997 1208.600720 -134.874619
v -358.003997 1177.724745 -234.939844
v -358.003997 1118.135332 -234.939844
v -358.003997 1118.135332 -134.874619
v -546.931854 1156.515865 -34.809381
v -546.931854 1156.515865 -134.874619
v -546.931854 1156.515865 -234.939844
v -491.941570 1156.515865 -234.939844
v -465.592805 1153.888959 -234.939844
v -411.798401 1153.888959 -234.939844
v -358.003997 1153.888959 -234.939844
v -331.655232 1156.515865 -234.939844
v -276.664916 1156.515865 -234.939844
v -276.664916 1156.515865 -134.874619
v -276.664916 1156.515865 -34.809381
v -331.655232 1156.515865 -34.809381
v -358.003997 1172.414606 -34.809381
v -411.798401 1172.414606 -34.809381
v -465.592805 1172.414606 -34.809381
v -491.941570 1156.515865 -34.809381
v -411.798401 1118.135332 -43.509380
v -358.003997 1118.135332 -43.509380
v -358.003997 1172.414606 -43.509380
v -411.798401 1172.414606 -43.509380
v -465.592805 1172.414606 -43.509380
v -465.592805 1118.135332 -43.509380
vt 0.375000 0.000000
vt 0.500000 0.000000
vt 0.625000 0.000000
vt 0.375000 0.250000
vt 0.500000 0.250000
vt 0.625000 0.250000
vt 0.375000 0.375000
vt 0.500000 0.375000
vt 0.625000 0.375000
vt 0.375000 0.500000
vt 0.500000 0.500000
vt 0.625000 0.500000
vt 0.375000 0.750000
vt 0.500000 0.750000
vt 0.625000 0.750000
vt 0.375000 0.875000
vt 0.500000 0.875000
vt 0.625000 0.875000
vt 0.375000 1.000000
vt 0.500000 1.000000
vt 0.625000 1.000000
vt 0.875000 0.000000
vt 0.750000 0.000000
vt 0.875000 0.250000
vt 0.750000 0.250000
vt 0.125000 0.000000
vt 0.250000 0.000000
vt 0.125000 0.250000
vt 0.250000 0.250000
vt 0.437500 0.000000
vt 0.437500 1.000000
vt 0.437500 0.250000
vt 0.437500 0.375000
vt 0.437500 0.500000
vt 0.437500 0.750000
vt 0.437500 0.875000
vt 0.456250 0.000000
vt 0.456250 1.000000
vt 0.456250 0.250000
vt 0.456250 0.375000
vt 0.456250 0.500000
vt 0.456250 0.750000
vt 0.456250 0.875000
vt 0.562500 0.000000
vt 0.562500 1.000000
vt 0.562500 0.250000
vt 0.562500 0.375000
vt 0.562500 0.500000
vt 0.562500 0.750000
vt 0.562500 0.875000
vt 0.543750 0.000000
vt 0.543750 1.000000
vt 0.543750 0.250000
vt 0.543750 0.375000
vt 0.543750 0.500000
vt 0.543750 0.750000
vt 0.543750 0.875000
vt 0.375000 0.150000
vt 0.250000 0.150000
vt 0.125000 0.150000
vt 0.375000 0.600000
vt 0.437500 0.600000
vt 0.456250 0.600000
vt 0.500000 0.600000
vt 0.543750 0.600000
vt 0.562500 0.600000
vt 0.625000 0.600000
vt 0.875000 0.150000
vt 0.750000 0.150000
vt 0.625000 0.150000
vt 0.562500 0.150000
vt 0.543750 0.150000
vt 0.500000 0.150000
vt 0.456250 0.150000
vt 0.437500 0.150000
vt 0.500000 0.000000
vt 0.543750 0.000000
vt 0.543750 0.150000
vt 0.500000 0.150000
vt 0.456250 0.150000
vt 0.456250 0.000000
vn 0.000000 0.000000 1.000000
vn 0.000000 0.000000 1.000000
vn 0.000000 0.000000 1.000000
vn 0.000000 0.000000 1.000000
vn 0.000000 0.000000 1.000000
vn 0.000000 0.000000 1.000000
vn 0.000000 0.000000 1.000000
vn 0.000000 0.000000 1.000000
vn 0.000000 1.000000 0.000000
vn -0.309746 0.950819 0.000000
vn -0.224885 0.974081 -0.024341
vn 0.000000 1.000000 0.000000
vn 0.000000 1.000000 0.000000
vn 0.313916 0.949451 0.000000
vn 0.202962 0.971572 -0.121876
vn 0.000000 0.988307 -0.152475
vn -0.134565 0.989670 -0.049461
vn 0.000000 1.000000 0.000000
vn 0.068929 0.960131 -0.270921
vn 0.000000 0.955546 -0.294842
vn 0.000000 0.000000 -1.000000
vn 0.000000 0.000000 -1.000000
vn 0.000000 0.000000 -1.000000
vn 0.000000 0.000000 -1.000000
vn 0.000000 0.000000 -1.000000
vn 0.000000 0.000000 -1.000000
vn 0.000000 0.000000 -1.000000
vn 0.000000 0.000000 -1.000000
vn 0.000000 -1.000000 0.000000
vn 0.000000 -1.000000 0.000000
vn 0.000000 -1.000000 0.000000
vn 0.000000 -1.000000 0.000000
vn 0.000000 -1.000000 0.000000
vn 0.000000 -1.000000 0.000000
vn 0.000000 -1.000000 0.000000
vn 0.000000 -1.000000 0.000000
vn 0.000000 -1.000000 0.000000
vn 0.000000 -1.000000 0.000000
vn 0.000000 -1.000000 0.000000
vn 0.000000 -1.000000 0.000000
vn 1.000000 0.000000 0.000000
vn 1.000000 0.000000 0.000000
vn 1.000000 0.000000 0.000000
vn 1.000000 0.000000 0.000000
vn 1.000000 0.000000 0.000000
vn 1.000000 0.000000 0.000000
vn -1.000000 0.000000 0.000000
vn -1.000000 0.000000 0.000000
vn -1.000000 0.000000 0.000000
vn -1.000000 0.000000 0.000000
vn -1.000000 0.000000 0.000000
vn -1.000000 0.000000 0.000000
vn 0.000000 0.000000 1.000000
vn 0.000000 0.000000 1.000000
vn -0.313916 0.949451 0.000000
vn -0.202962 0.971572 -0.121876
vn -0.068929 0.960131 -0.270921
vn 0.000000 0.000000 -1.000000
vn 0.000000 0.000000 -1.000000
vn 0.000000 -1.000000 0.000000
vn 0.000000 -1.000000 0.000000
vn 0.000000 -1.000000 0.000000
vn 0.000000 0.000000 1.000000
vn 0.000000 0.000000 1.000000
vn 0.000000 0.000000 1.000000
vn 0.000000 0.000000 1.000000
vn 0.000000 0.000000 1.000000
vn 0.000000 0.000000 1.000000
vn 0.224885 0.974081 -0.024341
vn 0.309746 0.950819 0.000000
vn 0.000000 1.000000 0.000000
vn 0.000000 1.000000 0.000000
vn 0.134565 0.989670 -0.049461
vn 0.000000 1.000000 0.000000
vn 0.000000 0.000000 -1.000000
vn 0.000000 0.000000 -1.000000
vn 0.000000 0.000000 -1.000000
vn 0.000000 0.000000 -1.000000
vn 0.000000 -1.000000 0.000000
vn 0.000000 -1.000000 0.000000
vn 0.000000 -1.000000 0.000000
vn 0.000000 -1.000000 0.000000
vn 0.000000 -1.000000 0.000000
vn 0.000000 -1.000000 0.000000
vn 0.000000 0.000000 1.000000
vn 0.000000 0.000000 1.000000
vn -1.000000 0.000000 0.000000
vn -1.000000 0.000000 0.000000
vn -1.000000 0.000000 0.000000
vn 0.000000 0.000000 -1.000000
vn 0.000000 0.000000 -1.000000
vn 0.000000 0.000000 -1.000000
vn 0.000000 0.000000 -1.000000
vn 0.000000 0.000000 -1.000000
vn 0.000000 0.000000 -1.000000
vn 0.000000 0.000000 -1.000000
vn 1.000000 0.000000 0.000000
vn 1.000000 0.000000 0.000000
vn 1.000000 0.000000 0.000000
vn 0.000000 0.000000 1.000000
vn 0.000000 0.000000 1.000000
vn 0.000000 0.000000 1.000000
vn 0.000000 0.000000 1.000000
vn 0.000000 0.000000 1.000000
vn 0.000000 0.000000 1.000000
vn 0.000000 0.000000 1.000000
vn 0.000000 0.000000 1.000000
vn 0.000000 1.000000 0.000000
vn 0.000000 1.000000 0.000000
vn 0.000000 1.000000 0.000000
vn 0.000000 1.000000 0.000000
vn -1.000000 0.000000 0.000000
vn -1.000000 0.000000 0.000000
vn -1.000000 0.000000 0.000000
vn -1.000000 0.000000 0.000000
vn 0.000000 -1.000000 0.000000
vn 0.000000 -1.000000 0.000000
vn 0.000000 -1.000000 0.000000
vn 0.000000 -1.000000 0.000000
vn 0.000000 -1.000000 0.000000
vn 0.000000 -1.000000 0.000000
vn 1.000000 0.000000 0.000000
vn 1.000000 0.000000 0.000000
vn 1.000000 0.000000 0.000000
vn 1.000000 0.000000 0.000000
vn 0.000000 1.000000 0.000000
vn 0.000000 1.000000 0.000000
s 1
g group13 B02 group15 pCube34
usemtl blinn2SG
f 512/679/1128 530/708/1129 569/753/1130 554/736/1131
s 2
f 570/754/1132 571/755/1133 572/756/1134 573/757/1135
s 3
f 515/682/1136 531/710/1137 532/711/1138 518/685/1139
f 516/683/1140 549/731/1141 550/732/1142 519/686/1143
f 518/685/1139 532/711/1138 533/712/1144 521/688/1145
f 519/686/1143 550/732/1142 551/733/1146 522/689/1147
s 5
f 556/739/1148 557/740/1149 534/713/1150 524/691/1151
f 559/742/1152 560/743/1153 552/734/1154 525/692/1155
s 7
f 524/691/1156 534/713/1157 535/714/1158 527/694/1159
f 525/692/1160 552/734/1161 553/735/1162 528/695/1163
f 527/694/1159 535/714/1158 530/709/1164 512/697/1165
f 528/695/1163 553/735/1162 548/730/1166 513/698/1167
s 9
f 529/701/1168 526/700/1169 562/746/1170 563/747/1171
f 514/681/1172 529/701/1168 563/747/1171 564/748/1173
s 10
f 524/704/1174 527/705/1175 555/737/1176 556/738/1177
f 527/705/1175 512/679/1178 554/736/1179 555/737/1176
s 1
f 568/752/1180 569/753/1130 530/708/1129 536/715/1181
s 3
f 532/711/1138 531/710/1137 537/717/1182 538/718/1183
f 533/712/1144 532/711/1138 538/718/1183 539/719/1184
s 5
f 534/713/1150 557/740/1149 558/741/1185 540/720/1186
s 7
f 535/714/1158 534/713/1157 540/720/1187 541/721/1188
f 530/709/1164 535/714/1158 541/721/1188 536/716/1189
s 2
f 573/757/1135 574/758/1190 575/759/1191 570/754/1132
s 3
f 538/718/1183 537/717/1182 516/683/1140 519/686/1143
f 539/719/1184 538/718/1183 519/686/1143 522/689/1147
s 5
f 540/720/1186 558/741/1185 559/742/1152 525/692/1155
s 7
f 541/721/1188 540/720/1187 525/692/1160 528/695/1163
f 536/716/1189 541/721/1188 528/695/1163 513/698/1167
s 1
f 564/748/1192 565/749/1193 542/722/1194 514/681/1195
s 3
f 544/725/1196 543/724/1197 517/684/1198 520/687/1199
f 545/726/1200 544/725/1196 520/687/1199 523/690/1201
s 5
f 546/727/1202 561/744/1203 562/745/1204 526/693/1205
s 7
f 547/728/1206 546/727/1207 526/693/1208 529/696/1209
f 542/723/1210 547/728/1206 529/696/1209 514/699/1211
s 1
f 565/749/1193 566/750/1212 548/729/1213 542/722/1194
s 3
f 550/732/1142 549/731/1141 543/724/1197 544/725/1196
f 551/733/1146 550/732/1142 544/725/1196 545/726/1200
s 5
f 552/734/1154 560/743/1153 561/744/1203 546/727/1202
s 7
f 553/735/1162 552/734/1161 546/727/1207 547/728/1206
f 548/730/1166 553/735/1162 547/728/1206 542/723/1210
s 10
f 555/737/1176 554/736/1179 515/682/1214 518/707/1215
f 556/738/1177 555/737/1176 518/707/1215 521/706/1216
s 5
f 521/688/1217 533/712/1218 557/740/1149 556/739/1148
f 558/741/1185 557/740/1149 533/712/1218 539/719/1219
f 559/742/1152 558/741/1185 539/719/1219 522/689/1220
f 522/689/1220 551/733/1221 560/743/1153 559/742/1152
f 561/744/1203 560/743/1153 551/733/1221 545/726/1222
f 562/745/1204 561/744/1203 545/726/1222 523/690/1223
s 9
f 563/747/1171 562/746/1170 523/702/1224 520/703/1225
f 564/748/1173 563/747/1171 520/703/1225 517/684/1226
s 1
f 543/724/1227 565/749/1193 564/748/1192 517/684/1228
f 549/731/1229 566/750/1212 565/749/1193 543/724/1227
f 567/751/1230 566/750/1212 549/731/1229 516/683/1231
f 537/717/1232 568/752/1180 567/751/1230 516/683/1231
f 531/710/1233 569/753/1130 568/752/1180 537/717/1232
f 554/736/1131 569/753/1130 531/710/1233 515/682/1234
s 12
f 513/680/1235 548/729/1236 571/755/1237 570/754/1238
s off
f 548/729/1239 566/750/1240 572/756/1241 571/755/1242
s 13
f 566/750/1243 567/751/1244 573/757/1245 572/756/1246
f 567/751/1244 568/752/1247 574/758/1248 573/757/1245
s off
f 568/752/1249 536/715/1250 575/759/1251 574/758/1252
s 12
f 536/715/1253 513/680/1235 570/754/1238 575/759/1254
g default
v -411.798401 1097.160546 18.773991
v -411.798401 1110.993174 18.773991
v -589.048007 1110.993174 -134.874619
v -411.798401 1110.993174 -134.874619
v -234.548795 1110.993174 -134.874619
v -411.798401 1110.993174 -288.523228
v -411.798401 1097.160546 -288.523228
v -589.048007 1097.160546 -134.874619
v -411.798401 1097.160546 -134.874619
v -234.548795 1097.160546 -134.874619
v -553.598088 1097.160546 18.773991
v -553.598088 1110.993174 18.773991
v -553.598088 1110.993174 -134.874619
v -553.598088 1110.993174 -288.523228
v -553.598088 1097.160546 -288.523228
v -553.598088 1097.160546 -134.874619
v -269.998714 1097.160546 18.773991
v -269.998714 1110.993174 18.773991
v -269.998714 1110.993174 -134.874619
v -269.998714 1110.993174 -288.523228
v -269.998714 1097.160546 -288.523228
v -269.998714 1097.160546 -134.874619
v -589.048007 1110.993174 -227.063788
v -589.048007 1097.160546 -227.063788
v -553.598099 1097.160546 -227.063788
v -411.798401 1097.160546 -227.063788
v -269.998703 1097.160546 -227.063788
v -234.548795 1097.160546 -227.063788
v -234.548795 1110.993174 -227.063788
v -269.998714 1110.993174 -227.063788
v -411.798401 1110.993174 -227.063788
v -553.598088 1110.993174 -227.063788
v -589.048007 1110.993175 -42.685449
v -589.048007 1097.160546 -42.685449
v -553.598088 1097.160546 -42.685449
v -411.798401 1097.160546 -42.685449
v -269.998714 1097.160546 -42.685449
v -234.548795 1097.160546 -42.685449
v -234.548795 1110.993175 -42.685449
v -269.998703 1110.993175 -42.685449
v -411.798401 1110.993175 -42.685449
v -553.598099 1110.993175 -42.685449
vt 0.500000 0.000000
vt 0.500000 0.250000
vt 0.375000 0.375000
vt 0.500000 0.375000
vt 0.625000 0.375000
vt 0.500000 0.500000
vt 0.500000 0.750000
vt 0.375000 0.875000
vt 0.500000 0.875000
vt 0.625000 0.875000
vt 0.500000 1.000000
vt 0.750000 0.000000
vt 0.750000 0.250000
vt 0.250000 0.000000
vt 0.250000 0.250000
vt 0.400000 0.000000
vt 0.400000 1.000000
vt 0.400000 0.250000
vt 0.400000 0.375000
vt 0.400000 0.500000
vt 0.400000 0.750000
vt 0.400000 0.875000
vt 0.600000 0.000000
vt 0.600000 1.000000
vt 0.600000 0.250000
vt 0.600000 0.375000
vt 0.600000 0.500000
vt 0.600000 0.750000
vt 0.600000 0.875000
vt 0.175000 0.250000
vt 0.375000 0.450000
vt 0.175000 0.000000
vt 0.375000 0.800000
vt 0.400000 0.800000
vt 0.500000 0.800000
vt 0.600000 0.800000
vt 0.625000 0.800000
vt 0.825000 0.000000
vt 0.625000 0.450000
vt 0.825000 0.250000
vt 0.600000 0.450000
vt 0.500000 0.450000
vt 0.400000 0.450000
vt 0.325000 0.250000
vt 0.375000 0.300000
vt 0.325000 0.000000
vt 0.375000 0.950000
vt 0.400000 0.950000
vt 0.500000 0.950000
vt 0.600000 0.950000
vt 0.625000 0.950000
vt 0.675000 0.000000
vt 0.625000 0.300000
vt 0.675000 0.250000
vt 0.600000 0.300000
vt 0.500000 0.300000
vt 0.400000 0.300000
vn 0.000000 0.000000 1.000000
vn 0.000000 0.000000 1.000000
vn 0.000000 0.000000 1.000000
vn 0.000000 0.000000 1.000000
vn 0.000000 1.000000 -0.000000
vn 0.000000 1.000000 0.000000
vn 0.000000 1.000000 -0.000000
vn 0.000000 1.000000 0.000000
vn 0.000000 1.000000 0.000000
vn 0.000000 1.000000 -0.000000
vn 0.000000 1.000000 0.000000
vn 0.000000 1.000000 -0.000000
vn 0.000000 1.000000 -0.000000
vn 0.000000 1.000000 0.000000
vn 0.000000 1.000000 0.000000
vn 0.000000 1.000000 -0.000000
vn 0.000000 1.000000 -0.000000
vn 0.000000 1.000000 0.000000
vn 0.000000 1.000000 0.000000
vn 0.000000 0.000000 -1.000000
vn 0.000000 0.000000 -1.000000
vn 0.000000 0.000000 -1.000000
vn 0.000000 0.000000 -1.000000
vn 0.000000 -1.000000 0.000000
vn 0.000000 -1.000000 0.000000
vn 0.000000 -1.000000 0.000000
vn 0.000000 -1.000000 0.000000
vn 0.000000 -1.000000 0.000000
vn 0.000000 -1.000000 0.000000
vn 0.000000 -1.000000 0.000000
vn 0.000000 -1.000000 0.000000
vn 0.000000 -1.000000 0.000000
vn 0.000000 -1.000000 0.000000
vn 0.000000 -1.000000 0.000000
vn 0.000000 -1.000000 0.000000
vn 1.000000 0.000000 0.000000
vn 1.000000 0.000000 0.000000
vn 1.000000 0.000000 0.000000
vn 1.000000 0.000000 0.000000
vn -1.000000 0.000000 0.000000
vn -1.000000 0.000000 0.000000
vn -1.000000 -0.000000 0.000000
vn -1.000000 -0.000000 0.000000
vn 0.000000 0.000000 1.000000
vn 0.000000 0.000000 1.000000
vn 0.000000 0.000000 -1.000000
vn 0.000000 0.000000 -1.000000
vn 0.000000 -1.000000 0.000000
vn 0.000000 -1.000000 0.000000
vn 0.000000 1.000000 -0.000000
vn 0.000000 1.000000 0.000000
vn 0.000000 1.000000 -0.000000
vn 0.000000 -1.000000 0.000000
vn 0.000000 -1.000000 0.000000
vn 0.000000 -1.000000 0.000000
vn 0.000000 -1.000000 0.000000
vn 0.000000 -1.000000 0.000000
vn 0.000000 1.000000 0.000000
vn 0.000000 1.000000 0.000000
vn 0.000000 1.000000 0.000000
vn -1.000000 -0.000000 0.000000
vn -1.000000 -0.000000 0.000000
vn 0.000000 -1.000000 0.000000
vn 0.000000 -1.000000 0.000000
vn 1.000000 0.000000 0.000000
vn 1.000000 0.000000 0.000000
vn 0.866231 0.000000 0.499644
vn 0.866231 0.000000 0.499644
vn 0.866231 0.000000 0.499644
vn 0.866231 0.000000 0.499644
vn 0.866231 0.000000 -0.499644
vn 0.866231 0.000000 -0.499644
vn 0.866231 0.000000 -0.499644
vn 0.866231 0.000000 -0.499644
vn -0.866231 0.000000 -0.499644
vn -0.866231 0.000000 -0.499644
vn -0.866231 0.000000 -0.499644
vn -0.866231 0.000000 -0.499644
vn -0.866231 0.000000 0.499644
vn -0.866231 0.000000 0.499644
vn -0.866231 0.000000 0.499644
vn -0.866231 0.000000 0.499644
s 1
g group13 B02 group15 pCube36
usemtl blinn2SG
f 576/760/1255 592/782/1256 593/784/1257 577/761/1258
s 2
f 608/804/1259 587/777/1260 617/816/1261
f 577/761/1262 593/784/1263 615/814/1264 616/815/1265
f 578/762/1266 588/778/1267 607/802/1268 598/790/1269
f 579/763/1270 594/785/1271 605/800/1272 606/801/1273
s 4
f 581/765/1274 595/786/1275 596/787/1276 582/766/1277
s 5
f 599/792/1278 600/793/1279 591/781/1280 583/767/1281
f 601/794/1282 602/795/1283 597/788/1284 584/768/1285
f 611/808/1286 612/809/1287 592/783/1288 576/770/1289
s 7
f 585/771/1290 603/797/1291 604/799/1292 580/772/1293
s 8
f 598/789/1294 599/791/1295 583/773/1296 578/774/1297
s 1
f 587/777/1298 586/775/1299 576/760/1255 577/761/1258
s 2
f 616/815/1265 617/816/1261 587/777/1260 577/761/1262
f 606/801/1273 607/802/1268 588/778/1267 579/763/1270
s 4
f 590/780/1300 589/779/1301 581/765/1274 582/766/1277
s 5
f 591/781/1280 600/793/1279 601/794/1282 584/768/1285
f 586/776/1302 610/807/1303 611/808/1286 576/770/1289
s 2
f 614/812/1304 615/814/1264 593/784/1263
f 604/798/1305 605/800/1272 594/785/1271 580/764/1306
s 5
f 597/788/1284 602/795/1283 603/796/1307 585/769/1308
f 599/792/1278 590/780/1309 600/793/1279
f 601/794/1282 600/793/1279 590/780/1309 582/766/1310
f 582/766/1310 596/787/1311 602/795/1283 601/794/1282
s 2
f 606/801/1273 605/800/1272 595/786/1312 581/765/1313
f 589/779/1314 607/802/1268 606/801/1273 581/765/1313
s 8
f 583/773/1296 609/805/1315 608/803/1316 578/774/1297
s 5
f 583/767/1281 591/781/1280 610/807/1303 609/806/1317
f 611/808/1286 610/807/1303 591/781/1280 584/768/1285
f 584/768/1285 597/788/1284 612/809/1287 611/808/1286
f 613/810/1318 612/809/1287 597/788/1284 585/769/1308
s 7
f 614/813/1319 613/811/1320 585/771/1290 580/772/1293
s 2
f 594/785/1271 615/814/1264 614/812/1304 580/764/1306
f 616/815/1265 615/814/1264 594/785/1271 579/763/1270
f 588/778/1267 617/816/1261 616/815/1265 579/763/1270
f 608/804/1259 617/816/1261 588/778/1267 578/762/1266
f 595/786/1312 605/800/1272 604/798/1305
f 598/790/1269 607/802/1268 589/779/1314
s 5
f 609/806/1317 610/807/1303 586/776/1302
f 592/783/1288 612/809/1287 613/810/1318
f 603/796/1307 602/795/1283 596/787/1311
s off
f 593/784/1321 592/783/1322 613/811/1323 614/812/1324
f 596/787/1325 595/786/1326 604/799/1327 603/796/1328
f 590/780/1329 599/791/1330 598/790/1331 589/779/1332
f 587/777/1333 608/803/1334 609/806/1335 586/775/1336
g default
v -411.798401 1212.366196 15.063013
v -411.798401 1235.313711 15.063013
v -592.246314 1235.313711 -134.874619
v -411.798401 1235.313711 -134.874619
v -231.350488 1235.313711 -134.874619
v -411.798401 1235.313711 -284.812250
v -411.798401 1212.366196 -284.812250
v -592.246314 1212.366196 -134.874619
v -411.798401 1212.366196 -134.874619
v -231.350488 1212.366196 -134.874619
v -556.156733 1212.366196 15.063013
v -556.156733 1235.313711 15.063013
v -556.156733 1235.313711 -134.874619
v -556.156733 1235.313711 -284.812250
v -556.156733 1212.366196 -284.812250
v -556.156733 1212.366196 -134.874619
v -267.440068 1212.366196 15.063013
v -267.440068 1235.313711 15.063013
v -267.440068 1235.313711 -134.874619
v -267.440068 1235.313711 -284.812250
v -267.440068 1212.366196 -284.812250
v -267.440068 1212.366196 -134.874619
v -592.246314 1235.313711 -224.837201
v -592.246314 1212.366196 -224.837201
v -556.156744 1212.366196 -224.837201
v -411.798401 1212.366196 -224.837201
v -267.440058 1212.366196 -224.837201
v -231.350488 1212.366196 -224.837201
v -231.350488 1235.313711 -224.837201
v -267.440068 1235.313711 -224.837201
v -411.798401 1235.313711 -224.837201
v -556.156733 1235.313711 -224.837201
v -592.246314 1235.313712 -44.912036
v -592.246314 1212.366196 -44.912036
v -556.156733 1212.366196 -44.912036
v -411.798401 1212.366196 -44.912036
v -267.440068 1212.366196 -44.912036
v -231.350488 1212.366196 -44.912036
v -231.350488 1235.313712 -44.912036
v -267.440058 1235.313712 -44.912036
v -411.798401 1235.313712 -44.912036
v -556.156744 1235.313712 -44.912036
vt 0.500000 0.000000
vt 0.500000 0.250000
vt 0.375000 0.375000
vt 0.500000 0.375000
vt 0.625000 0.375000
vt 0.500000 0.500000
vt 0.500000 0.750000
vt 0.375000 0.875000
vt 0.500000 0.875000
vt 0.625000 0.875000
vt 0.500000 1.000000
vt 0.750000 0.000000
vt 0.750000 0.250000
vt 0.250000 0.000000
vt 0.250000 0.250000
vt 0.400000 0.000000
vt 0.400000 1.000000
vt 0.400000 0.250000
vt 0.400000 0.375000
vt 0.400000 0.500000
vt 0.400000 0.750000
vt 0.400000 0.875000
vt 0.600000 0.000000
vt 0.600000 1.000000
vt 0.600000 0.250000
vt 0.600000 0.375000
vt 0.600000 0.500000
vt 0.600000 0.750000
vt 0.600000 0.875000
vt 0.175000 0.250000
vt 0.375000 0.450000
vt 0.175000 0.000000
vt 0.375000 0.800000
vt 0.400000 0.800000
vt 0.500000 0.800000
vt 0.600000 0.800000
vt 0.625000 0.800000
vt 0.825000 0.000000
vt 0.625000 0.450000
vt 0.825000 0.250000
vt 0.600000 0.450000
vt 0.500000 0.450000
vt 0.400000 0.450000
vt 0.325000 0.250000
vt 0.375000 0.300000
vt 0.325000 0.000000
vt 0.375000 0.950000
vt 0.400000 0.950000
vt 0.500000 0.950000
vt 0.600000 0.950000
vt 0.625000 0.950000
vt 0.675000 0.000000
vt 0.625000 0.300000
vt 0.675000 0.250000
vt 0.600000 0.300000
vt 0.500000 0.300000
vt 0.400000 0.300000
vn 0.000000 0.000000 1.000000
vn 0.000000 0.000000 1.000000
vn 0.000000 0.000000 1.000000
vn 0.000000 0.000000 1.000000
vn 0.000000 1.000000 -0.000000
vn 0.000000 1.000000 0.000000
vn 0.000000 1.000000 -0.000000
vn 0.000000 1.000000 0.000000
vn 0.000000 1.000000 0.000000
vn 0.000000 1.000000 -0.000000
vn 0.000000 1.000000 0.000000
vn 0.000000 1.000000 -0.000000
vn 0.000000 1.000000 -0.000000
vn 0.000000 1.000000 0.000000
vn 0.000000 1.000000 0.000000
vn 0.000000 1.000000 -0.000000
vn 0.000000 1.000000 -0.000000
vn 0.000000 1.000000 0.000000
vn 0.000000 1.000000 0.000000
vn 0.000000 0.000000 -1.000000
vn 0.000000 0.000000 -1.000000
vn 0.000000 0.000000 -1.000000
vn 0.000000 0.000000 -1.000000
vn 0.000000 -1.000000 0.000000
vn 0.000000 -1.000000 0.000000
vn 0.000000 -1.000000 0.000000
vn 0.000000 -1.000000 0.000000
vn 0.000000 -1.000000 0.000000
vn 0.000000 -1.000000 0.000000
vn 0.000000 -1.000000 0.000000
vn 0.000000 -1.000000 0.000000
vn 0.000000 -1.000000 0.000000
vn 0.000000 -1.000000 0.000000
vn 0.000000 -1.000000 0.000000
vn 0.000000 -1.000000 0.000000
vn 1.000000 0.000000 0.000000
vn 1.000000 0.000000 0.000000
vn 1.000000 0.000000 0.000000
vn 1.000000 0.000000 0.000000
vn -1.000000 0.000000 0.000000
vn -1.000000 0.000000 0.000000
vn -1.000000 -0.000000 0.000000
vn -1.000000 -0.000000 0.000000
vn 0.000000 0.000000 1.000000
vn 0.000000 0.000000 1.000000
vn 0.000000 0.000000 -1.000000
vn 0.000000 0.000000 -1.000000
vn 0.000000 -1.000000 0.000000
vn 0.000000 -1.000000 0.000000
vn 0.000000 1.000000 -0.000000
vn 0.000000 1.000000 0.000000
vn 0.000000 1.000000 -0.000000
vn 0.000000 -1.000000 0.000000
vn 0.000000 -1.000000 0.000000
vn 0.000000 -1.000000 0.000000
vn 0.000000 -1.000000 0.000000
vn 0.000000 -1.000000 0.000000
vn 0.000000 1.000000 0.000000
vn 0.000000 1.000000 0.000000
vn 0.000000 1.000000 0.000000
vn -1.000000 -0.000000 0.000000
vn -1.000000 -0.000000 0.000000
vn 0.000000 -1.000000 0.000000
vn 0.000000 -1.000000 0.000000
vn 1.000000 0.000000 0.000000
vn 1.000000 0.000000 0.000000
vn 0.856833 0.000000 0.515594
vn 0.856833 0.000000 0.515594
vn 0.856833 0.000000 0.515594
vn 0.856833 0.000000 0.515594
vn 0.856833 0.000000 -0.515594
vn 0.856833 0.000000 -0.515594
vn 0.856833 0.000000 -0.515594
vn 0.856833 0.000000 -0.515594
vn -0.856833 0.000000 -0.515594
vn -0.856833 0.000000 -0.515594
vn -0.856833 0.000000 -0.515594
vn -0.856833 0.000000 -0.515594
vn -0.856833 0.000000 0.515594
vn -0.856833 0.000000 0.515594
vn -0.856833 0.000000 0.515594
vn -0.856833 0.000000 0.515594
s 1
g group13 B02 group15 pCube39
usemtl blinn2SG
f 618/817/1337 634/839/1338 635/841/1339 619/818/1340
s 2
f 650/861/1341 629/834/1342 659/873/1343
f 619/818/1344 635/841/1345 657/871/1346 658/872/1347
f 620/819/1348 630/835/1349 649/859/1350 640/847/1351
f 621/820/1352 636/842/1353 647/857/1354 648/858/1355
s 4
f 623/822/1356 637/843/1357 638/844/1358 624/823/1359
s 5
f 641/849/1360 642/850/1361 633/838/1362 625/824/1363
f 643/851/1364 644/852/1365 639/845/1366 626/825/1367
f 653/865/1368 654/866/1369 634/840/1370 618/827/1371
s 7
f 627/828/1372 645/854/1373 646/856/1374 622/829/1375
s 8
f 640/846/1376 641/848/1377 625/830/1378 620/831/1379
s 1
f 629/834/1380 628/832/1381 618/817/1337 619/818/1340
s 2
f 658/872/1347 659/873/1343 629/834/1342 619/818/1344
f 648/858/1355 649/859/1350 630/835/1349 621/820/1352
s 4
f 632/837/1382 631/836/1383 623/822/1356 624/823/1359
s 5
f 633/838/1362 642/850/1361 643/851/1364 626/825/1367
f 628/833/1384 652/864/1385 653/865/1368 618/827/1371
s 2
f 656/869/1386 657/871/1346 635/841/1345
f 646/855/1387 647/857/1354 636/842/1353 622/821/1388
s 5
f 639/845/1366 644/852/1365 645/853/1389 627/826/1390
f 641/849/1360 632/837/1391 642/850/1361
f 643/851/1364 642/850/1361 632/837/1391 624/823/1392
f 624/823/1392 638/844/1393 644/852/1365 643/851/1364
s 2
f 648/858/1355 647/857/1354 637/843/1394 623/822/1395
f 631/836/1396 649/859/1350 648/858/1355 623/822/1395
s 8
f 625/830/1378 651/862/1397 650/860/1398 620/831/1379
s 5
f 625/824/1363 633/838/1362 652/864/1385 651/863/1399
f 653/865/1368 652/864/1385 633/838/1362 626/825/1367
f 626/825/1367 639/845/1366 654/866/1369 653/865/1368
f 655/867/1400 654/866/1369 639/845/1366 627/826/1390
s 7
f 656/870/1401 655/868/1402 627/828/1372 622/829/1375
s 2
f 636/842/1353 657/871/1346 656/869/1386 622/821/1388
f 658/872/1347 657/871/1346 636/842/1353 621/820/1352
f 630/835/1349 659/873/1343 658/872/1347 621/820/1352
f 650/861/1341 659/873/1343 630/835/1349 620/819/1348
f 637/843/1394 647/857/1354 646/855/1387
f 640/847/1351 649/859/1350 631/836/1396
s 5
f 651/863/1399 652/864/1385 628/833/1384
f 634/840/1370 654/866/1369 655/867/1400
f 645/853/1389 644/852/1365 638/844/1393
s off
f 635/841/1403 634/840/1404 655/868/1405 656/869/1406
f 638/844/1407 637/843/1408 646/856/1409 645/853/1410
f 632/837/1411 641/848/1412 640/847/1413 631/836/1414
f 629/834/1415 650/860/1416 651/863/1417 628/832/1418
g default
v -551.892817 1178.988005 -29.016507
v -411.798428 1190.426864 -29.016507
v -271.704039 1178.988005 -29.016507
v -551.892817 1212.366187 -29.016507
v -411.798428 1212.366187 -29.016507
v -271.704039 1212.366187 -29.016507
v -551.892817 1212.366187 -134.874619
v -411.798428 1212.366187 -134.874619
v -271.704039 1212.366187 -134.874619
v -551.892817 1212.366187 -240.732730
v -411.798428 1212.366187 -240.732730
v -271.704039 1212.366187 -240.732730
v -551.892817 1178.988005 -240.732730
v -411.798428 1178.988005 -240.732730
v -271.704039 1178.988005 -240.732730
v -551.892817 1178.988005 -134.874619
v -411.798428 1178.988005 -134.874619
v -271.704039 1178.988005 -134.874619
v -481.845622 1178.988005 -29.016507
v -481.845622 1212.366187 -29.016507
v -481.845622 1212.366187 -134.874619
v -481.845622 1212.366187 -240.732730
v -481.845622 1178.988005 -240.732730
v -481.845622 1178.988005 -134.874619
v -341.751233 1178.988005 -29.016507
v -341.751233 1212.366187 -29.016507
v -341.751233 1212.366187 -134.874619
v -341.751233 1212.366187 -240.732730
v -341.751233 1178.988005 -240.732730
v -341.751233 1178.988005 -134.874619
v -460.831463 1190.426864 -29.016507
v -460.831463 1212.366187 -29.016507
v -460.831463 1212.366187 -134.874619
v -460.831463 1212.366187 -240.732730
v -460.831463 1178.988005 -240.732730
v -460.831463 1178.988005 -134.874619
v -362.765392 1190.426864 -29.016507
v -362.765392 1212.366187 -29.016507
v -362.765392 1212.366187 -134.874619
v -362.765392 1212.366187 -240.732730
v -362.765392 1178.988005 -240.732730
v -362.765392 1178.988005 -134.874619
v -551.892817 1212.366187 -81.945563
v -551.892817 1178.988005 -81.945563
v -481.845622 1178.988005 -81.945563
v -460.831463 1190.426864 -81.945563
v -411.798428 1190.426864 -81.945563
v -362.765392 1190.426864 -81.945563
v -341.751233 1178.988005 -81.945563
v -271.704039 1178.988005 -81.945563
v -271.704039 1212.366187 -81.945563
v -341.751233 1212.366187 -81.945563
v -362.765392 1212.366187 -81.945563
v -411.798428 1212.366187 -81.945563
v -460.831463 1212.366187 -81.945563
v -481.845622 1212.366187 -81.945563
vt 0.375000 0.000000
vt 0.500000 0.000000
vt 0.625000 0.000000
vt 0.375000 0.250000
vt 0.500000 0.250000
vt 0.625000 0.250000
vt 0.375000 0.375000
vt 0.500000 0.375000
vt 0.625000 0.375000
vt 0.375000 0.500000
vt 0.500000 0.500000
vt 0.625000 0.500000
vt 0.375000 0.750000
vt 0.500000 0.750000
vt 0.625000 0.750000
vt 0.375000 0.875000
vt 0.500000 0.875000
vt 0.625000 0.875000
vt 0.375000 1.000000
vt 0.500000 1.000000
vt 0.625000 1.000000
vt 0.875000 0.000000
vt 0.750000 0.000000
vt 0.875000 0.250000
vt 0.750000 0.250000
vt 0.125000 0.000000
vt 0.250000 0.000000
vt 0.125000 0.250000
vt 0.250000 0.250000
vt 0.437500 0.000000
vt 0.437500 1.000000
vt 0.437500 0.250000
vt 0.437500 0.375000
vt 0.437500 0.500000
vt 0.437500 0.750000
vt 0.437500 0.875000
vt 0.562500 0.000000
vt 0.562500 1.000000
vt 0.562500 0.250000
vt 0.562500 0.375000
vt 0.562500 0.500000
vt 0.562500 0.750000
vt 0.562500 0.875000
vt 0.456250 0.000000
vt 0.456250 1.000000
vt 0.456250 0.250000
vt 0.456250 0.375000
vt 0.456250 0.500000
vt 0.456250 0.750000
vt 0.456250 0.875000
vt 0.543750 0.000000
vt 0.543750 1.000000
vt 0.543750 0.250000
vt 0.543750 0.375000
vt 0.543750 0.500000
vt 0.543750 0.750000
vt 0.543750 0.875000
vt 0.312500 0.250000
vt 0.375000 0.312500
vt 0.312500 0.000000
vt 0.375000 0.937500
vt 0.437500 0.937500
vt 0.456250 0.937500
vt 0.500000 0.937500
vt 0.543750 0.937500
vt 0.562500 0.937500
vt 0.625000 0.937500
vt 0.687500 0.000000
vt 0.625000 0.312500
vt 0.687500 0.250000
vt 0.562500 0.312500
vt 0.543750 0.312500
vt 0.500000 0.312500
vt 0.456250 0.312500
vt 0.437500 0.312500
vn 0.000000 0.000000 1.000000
vn 0.000000 0.000000 1.000000
vn 0.000000 0.000000 1.000000
vn 0.000000 0.000000 1.000000
vn 0.000000 0.000000 1.000000
vn 0.000000 0.000000 1.000000
vn 0.000000 0.000000 1.000000
vn 0.000000 0.000000 1.000000
vn 0.000000 1.000000 0.000000
vn 0.000000 1.000000 0.000000
vn 0.000000 1.000000 0.000000
vn 0.000000 1.000000 0.000000
vn 0.000000 1.000000 0.000000
vn 0.000000 1.000000 0.000000
vn 0.000000 1.000000 0.000000
vn 0.000000 1.000000 0.000000
vn 0.000000 1.000000 0.000000
vn 0.000000 1.000000 0.000000
vn 0.000000 1.000000 0.000000
vn 0.000000 1.000000 0.000000
vn 0.000000 1.000000 0.000000
vn 0.000000 1.000000 0.000000
vn 0.000000 1.000000 0.000000
vn 0.000000 1.000000 0.000000
vn 0.000000 0.000000 -1.000000
vn 0.000000 0.000000 -1.000000
vn 0.000000 0.000000 -1.000000
vn 0.000000 0.000000 -1.000000
vn 0.000000 0.000000 -1.000000
vn 0.000000 0.000000 -1.000000
vn 0.000000 0.000000 -1.000000
vn 0.000000 0.000000 -1.000000
vn 0.000000 -1.000000 0.000000
vn 0.000000 -1.000000 0.000000
vn 0.020931 -0.999746 0.008310
vn 0.000000 -1.000000 0.000000
vn 0.000000 -1.000000 0.000000
vn 0.000000 -1.000000 0.000000
vn -0.027156 -0.997762 0.061096
vn 0.000000 -0.997415 0.071853
vn 0.000000 -1.000000 0.000000
vn 0.093790 -0.995515 0.012412
vn 0.124638 -0.992202 0.000000
vn 0.000000 -1.000000 0.000000
vn 0.000000 -0.994212 0.107433
vn -0.106377 -0.990304 0.089344
vn -0.161167 -0.986927 0.000000
vn 0.000000 -1.000000 0.000000
vn 1.000000 0.000000 0.000000
vn 1.000000 0.000000 0.000000
vn 1.000000 0.000000 0.000000
vn 1.000000 0.000000 0.000000
vn 1.000000 0.000000 0.000000
vn 1.000000 0.000000 0.000000
vn 1.000000 0.000000 0.000000
vn 1.000000 0.000000 0.000000
vn -1.000000 0.000000 0.000000
vn -1.000000 0.000000 0.000000
vn -1.000000 0.000000 0.000000
vn -1.000000 0.000000 0.000000
vn -1.000000 0.000000 0.000000
vn -1.000000 0.000000 0.000000
vn -1.000000 0.000000 0.000000
vn -1.000000 0.000000 0.000000
vn 0.000000 0.000000 1.000000
vn 0.000000 0.000000 1.000000
vn 0.000000 1.000000 0.000000
vn 0.000000 1.000000 0.000000
vn 0.000000 1.000000 0.000000
vn 0.000000 1.000000 0.000000
vn 0.000000 0.000000 -1.000000
vn 0.000000 0.000000 -1.000000
vn 0.000000 -1.000000 0.000000
vn 0.027156 -0.997762 0.061096
vn 0.106377 -0.990304 0.089344
vn 0.161167 -0.986927 0.000000
vn 0.000000 0.000000 1.000000
vn 0.000000 0.000000 1.000000
vn 0.000000 0.000000 1.000000
vn 0.000000 0.000000 1.000000
vn 0.000000 1.000000 0.000000
vn 0.000000 1.000000 0.000000
vn 0.000000 1.000000 0.000000
vn 0.000000 1.000000 0.000000
vn 0.000000 1.000000 0.000000
vn 0.000000 1.000000 0.000000
vn 0.000000 1.000000 0.000000
vn 0.000000 1.000000 0.000000
vn 0.000000 0.000000 -1.000000
vn 0.000000 0.000000 -1.000000
vn 0.000000 0.000000 -1.000000
vn 0.000000 0.000000 -1.000000
vn -0.020931 -0.999746 0.008310
vn 0.000000 -1.000000 0.000000
vn 0.000000 -1.000000 0.000000
vn 0.000000 -1.000000 0.000000
vn -0.124638 -0.992202 0.000000
vn -0.093790 -0.995515 0.012412
vn 0.000000 -1.000000 0.000000
vn 0.000000 -1.000000 0.000000
s 1
g group13 B02 group15 pCube35
usemtl blinn2SG
f 660/874/1419 678/903/1420 679/905/1421 663/877/1422
f 661/875/1423 696/924/1424 697/926/1425 664/878/1426
s 3
f 663/877/1427 679/905/1428 715/948/1429 702/932/1430
f 664/878/1431 697/926/1432 712/945/1433 713/946/1434
f 666/880/1435 680/906/1436 681/907/1437 669/883/1438
f 667/881/1439 698/927/1440 699/928/1441 670/884/1442
s 5
f 669/883/1443 681/907/1444 682/908/1445 672/886/1446
f 670/884/1447 699/928/1448 700/929/1449 673/887/1450
s 7
f 672/886/1451 682/908/1452 683/909/1453 675/889/1454
f 673/887/1455 700/929/1456 701/930/1457 676/890/1458
f 703/934/1459 704/935/1460 678/904/1461 660/892/1462
f 706/937/1463 707/938/1464 696/925/1465 661/893/1466
s 9
f 677/896/1467 674/895/1468 671/897/1469 668/898/1470
f 662/876/1471 709/941/1472 710/943/1473 665/879/1474
s 10
f 672/899/1475 675/900/1476 666/902/1477 669/901/1478
f 702/931/1479 703/933/1480 660/874/1481 663/877/1482
s 1
f 679/905/1421 678/903/1420 690/917/1483 691/919/1484
s 3
f 714/947/1485 715/948/1429 679/905/1428 691/919/1486
f 681/907/1437 680/906/1436 692/920/1487 693/921/1488
s 5
f 682/908/1445 681/907/1444 693/921/1489 694/922/1490
s 7
f 683/909/1453 682/908/1452 694/922/1491 695/923/1492
f 678/904/1461 704/935/1460 705/936/1493 690/918/1494
s 1
f 685/912/1495 684/910/1496 662/876/1497 665/879/1498
s 3
f 710/942/1499 711/944/1500 685/912/1501 665/879/1502
f 687/914/1503 686/913/1504 668/882/1505 671/885/1506
s 5
f 688/915/1507 687/914/1508 671/885/1509 674/888/1510
s 7
f 689/916/1511 688/915/1512 674/888/1513 677/891/1514
f 684/911/1515 708/939/1516 709/940/1517 662/894/1518
s 1
f 691/919/1484 690/917/1483 661/875/1423 664/878/1426
s 3
f 713/946/1434 714/947/1485 691/919/1486 664/878/1431
f 693/921/1488 692/920/1487 667/881/1439 670/884/1442
s 5
f 694/922/1490 693/921/1489 670/884/1447 673/887/1450
s 7
f 695/923/1492 694/922/1491 673/887/1455 676/890/1458
f 690/918/1494 705/936/1493 706/937/1463 661/893/1466
s 1
f 697/926/1425 696/924/1424 684/910/1496 685/912/1495
s 3
f 711/944/1500 712/945/1433 697/926/1432 685/912/1501
f 699/928/1441 698/927/1440 686/913/1504 687/914/1503
s 5
f 700/929/1449 699/928/1448 687/914/1508 688/915/1507
s 7
f 701/930/1457 700/929/1456 688/915/1512 689/916/1511
f 696/925/1465 707/938/1464 708/939/1516 684/911/1515
s 10
f 675/900/1476 703/933/1480 702/931/1479 666/902/1477
s 7
f 675/889/1454 683/909/1453 704/935/1460 703/934/1459
f 705/936/1493 704/935/1460 683/909/1453 695/923/1492
f 706/937/1463 705/936/1493 695/923/1492 676/890/1458
f 676/890/1458 701/930/1457 707/938/1464 706/937/1463
f 708/939/1516 707/938/1464 701/930/1457 689/916/1511
f 709/940/1517 708/939/1516 689/916/1511 677/891/1514
s 9
f 710/943/1473 709/941/1472 677/896/1467 668/898/1470
s 3
f 686/913/1504 711/944/1500 710/942/1499 668/882/1505
f 698/927/1440 712/945/1433 711/944/1500 686/913/1504
f 713/946/1434 712/945/1433 698/927/1440 667/881/1439
f 692/920/1487 714/947/1485 713/946/1434 667/881/1439
f 680/906/1436 715/948/1429 714/947/1485 692/920/1487
f 702/932/1430 715/948/1429 680/906/1436 666/880/1435
g default
v -832.657245 546.767727 68.807426
v -483.743943 546.767126 68.807426
v -832.657245 758.818681 68.807426
v -483.743943 654.999563 68.807426
v -832.657245 758.818681 -338.556650
v -483.743943 654.999563 -338.556650
v -832.657245 546.767727 -338.556650
v -483.743943 546.767126 -338.556650
v -744.007223 546.767727 68.807426
v -744.007223 758.818621 68.807426
v -744.007223 758.818621 -338.556650
v -744.007223 546.767727 -338.556650
v -668.481100 546.767126 68.807426
v -668.481100 758.818681 68.807426
v -668.481100 758.818681 -338.556650
v -668.481100 546.767126 -338.556650
v -832.657245 758.818681 -134.874655
v -832.657245 546.767727 -134.874655
v -832.657245 758.818681 -33.033633
v -832.657245 546.767727 -33.033633
v -832.657245 546.767727 -236.715677
v -832.657245 758.818681 -236.715677
v -832.657245 546.767727 -316.157620
v -832.657245 758.818681 -316.157620
v -744.007223 758.818621 -316.157620
v -668.481100 758.818681 -316.157620
v -483.744069 654.999563 -316.157620
v -483.744069 546.767126 -316.157620
v -668.481100 546.767126 -316.157620
v -744.007223 546.767727 -316.157620
v -832.657245 758.818681 46.408371
v -832.657245 546.767727 46.408322
v -744.007223 546.767727 46.408322
v -668.481100 546.767126 46.408322
v -483.743943 546.767126 46.408322
v -483.743943 654.999563 46.408371
v -668.481100 758.818681 46.408371
v -744.007223 758.818621 46.408371
v -814.913203 546.767727 68.807426
v -814.913203 758.818681 68.807426
v -814.913329 758.818681 46.408371
v -814.913329 758.818681 -33.033633
v -814.913329 758.818681 -134.874655
v -814.913203 758.818681 -236.715677
v -814.913203 758.818681 -316.157620
v -814.913203 758.818681 -338.556650
v -814.913203 546.767727 -338.556650
v -814.913266 546.767727 -316.157620
v -814.913266 546.767727 -236.715677
v -814.913266 546.767727 -134.874655
v -814.913266 546.767727 -33.033633
v -814.913266 546.767727 46.408334
v -832.657245 554.767655 68.807426
v -814.913203 554.767655 68.807426
v -814.913203 750.818572 68.807426
v -832.657245 750.818572 68.807426
v -832.657245 750.818572 -338.556650
v -814.913203 750.818572 -338.556650
v -814.913203 554.767655 -338.556650
v -832.657245 554.767655 -338.556650
v -832.657245 750.818572 46.408371
v -832.657245 554.767655 46.408322
v -744.007223 554.767655 68.807426
v -744.007223 750.818572 68.807426
v -668.481100 554.767174 68.807426
v -670.574922 750.818572 68.807426
v -744.007223 750.818572 -338.556650
v -744.007223 554.767655 -338.556650
v -670.574922 750.818572 -338.556650
v -668.481100 554.767174 -338.556650
v -491.743947 554.767174 68.807426
v -491.743947 650.318689 68.807426
v -491.743947 650.318689 -338.556650
v -491.743947 554.767174 -338.556650
v -832.657245 554.767655 -316.157620
v -832.657245 750.818572 -316.157620
v -832.657245 750.818572 -134.874655
v -832.657245 554.767655 -134.874655
v -832.657245 554.767655 -33.033633
v -832.657245 750.818572 -33.033633
v -832.657245 554.767655 -236.715677
v -832.657245 750.818572 -236.715677
v -827.657226 554.767655 63.807416
v -814.913203 554.767655 63.807416
v -814.913203 750.818572 63.807416
v -827.657226 750.818572 63.807416
v -827.657226 750.818572 -333.556653
v -814.913203 750.818572 -333.556653
v -814.913203 554.767655 -333.556653
v -827.657226 554.767655 -333.556653
v -827.657226 750.818572 46.408371
v -827.657226 554.767655 46.408322
v -744.007223 554.767655 63.807416
v -744.007223 750.818572 63.807416
v -668.481100 554.767174 63.807416
v -670.574922 750.818572 63.807416
v -744.007223 750.818572 -333.556653
v -744.007223 554.767655 -333.556653
v -670.574922 750.818572 -333.556653
v -668.481100 554.767174 -333.556653
v -491.743947 554.767174 63.807416
v -491.743947 650.318689 63.807416
v -491.743947 650.318689 -333.556653
v -491.743947 554.767174 -333.556653
v -827.657226 554.767655 -316.157620
v -827.657226 750.818572 -316.157620
v -827.657226 750.818572 -134.874655
v -827.657226 554.767655 -134.874655
v -827.657226 554.767655 -33.033633
v -827.657226 750.818572 -33.033633
v -827.657226 554.767655 -236.715677
v -827.657226 750.818572 -236.715677
vt 0.375000 0.000000
vt 0.625000 0.000000
vt 0.375000 0.250000
vt 0.625000 0.250000
vt 0.375000 0.500000
vt 0.625000 0.500000
vt 0.375000 0.750000
vt 0.625000 0.750000
vt 0.375000 1.000000
vt 0.625000 1.000000
vt 0.875000 0.000000
vt 0.875000 0.250000
vt 0.125000 0.000000
vt 0.125000 0.250000
vt 0.550000 0.000000
vt 0.550000 1.000000
vt 0.550000 0.250000
vt 0.549767 0.500000
vt 0.549767 0.750000
vt 0.580000 0.000000
vt 0.580000 1.000000
vt 0.580000 0.250000
vt 0.580000 0.500000
vt 0.580000 0.750000
vt 0.250000 0.250000
vt 0.375000 0.375000
vt 0.250000 0.000000
vt 0.375000 0.875000
vt 0.312500 0.250000
vt 0.375000 0.312500
vt 0.312500 0.000000
vt 0.375000 0.937500
vt 0.187500 0.000000
vt 0.375000 0.812500
vt 0.187500 0.250000
vt 0.375000 0.437500
vt 0.137500 0.000000
vt 0.375000 0.762500
vt 0.137500 0.250000
vt 0.375000 0.487500
vt 0.550000 0.487500
vt 0.580000 0.487500
vt 0.625000 0.487500
vt 0.862500 0.250000
vt 0.625000 0.762500
vt 0.862500 0.000000
vt 0.580000 0.762500
vt 0.550000 0.762500
vt 0.362500 0.250000
vt 0.375000 0.262500
vt 0.362500 0.000000
vt 0.375000 0.987500
vt 0.550000 0.987500
vt 0.580000 0.987500
vt 0.625000 0.987500
vt 0.637500 0.000000
vt 0.625000 0.262500
vt 0.637500 0.250000
vt 0.580000 0.262500
vt 0.550000 0.262500
vt 0.383401 0.000000
vt 0.383401 1.000000
vt 0.383401 0.250000
vt 0.383401 0.262500
vt 0.383401 0.312500
vt 0.383401 0.375000
vt 0.383401 0.437500
vt 0.383401 0.487500
vt 0.383401 0.500000
vt 0.383401 0.750000
vt 0.383401 0.762500
vt 0.383401 0.812500
vt 0.383401 0.875000
vt 0.383401 0.937500
vt 0.383401 0.987500
vt 0.000000 0.000000
vt 1.000000 0.000000
vt 1.000000 1.000000
vt 0.000000 1.000000
vt 0.000000 0.000000
vt 1.000000 0.000000
vt 1.000000 1.000000
vt 0.000000 1.000000
vt 0.000000 0.000000
vt 1.000000 0.000000
vt 1.000000 1.000000
vt 0.000000 1.000000
vt 0.000000 0.000000
vt 1.000000 0.000000
vt 1.000000 1.000000
vt 0.000000 1.000000
vt 0.375000 0.000000
vt 0.383401 0.000000
vt 0.383401 0.250000
vt 0.375000 0.250000
vt 0.375000 0.500000
vt 0.383401 0.500000
vt 0.383401 0.750000
vt 0.375000 0.750000
vt 0.362500 0.000000
vt 0.362500 0.250000
vt 0.550000 0.000000
vt 0.580000 0.000000
vt 0.580000 0.250000
vt 0.550000 0.250000
vt 0.549767 0.500000
vt 0.580000 0.500000
vt 0.580000 0.750000
vt 0.549767 0.750000
vt 0.625000 0.000000
vt 0.625000 0.250000
vt 0.625000 0.500000
vt 0.625000 0.750000
vt 0.125000 0.000000
vt 0.137500 0.000000
vt 0.137500 0.250000
vt 0.125000 0.250000
vt 0.250000 0.000000
vt 0.312500 0.000000
vt 0.312500 0.250000
vt 0.250000 0.250000
vt 0.187500 0.000000
vt 0.187500 0.250000
vt 0.375000 0.000000
vt 0.383401 0.000000
vt 0.383401 0.250000
vt 0.375000 0.250000
vt 0.375000 0.500000
vt 0.383401 0.500000
vt 0.383401 0.750000
vt 0.375000 0.750000
vt 0.362500 0.000000
vt 0.362500 0.250000
vt 0.550000 0.000000
vt 0.580000 0.000000
vt 0.580000 0.250000
vt 0.550000 0.250000
vt 0.549767 0.500000
vt 0.580000 0.500000
vt 0.580000 0.750000
vt 0.549767 0.750000
vt 0.625000 0.000000
vt 0.625000 0.250000
vt 0.625000 0.500000
vt 0.625000 0.750000
vt 0.125000 0.000000
vt 0.137500 0.000000
vt 0.137500 0.250000
vt 0.125000 0.250000
vt 0.250000 0.000000
vt 0.312500 0.000000
vt 0.312500 0.250000
vt 0.250000 0.250000
vt 0.187500 0.000000
vt 0.187500 0.250000
vn 0.000000 0.000000 1.000000
vn 0.000000 0.000000 1.000000
vn 0.000000 0.000000 1.000000
vn 0.000000 0.000000 1.000000
vn 0.000000 1.000000 0.000000
vn 0.000001 1.000000 0.000000
vn 0.000000 1.000000 0.000000
vn 0.000000 1.000000 0.000000
vn 0.000000 0.000000 -1.000000
vn 0.000000 0.000000 -1.000000
vn 0.000000 0.000000 -1.000000
vn 0.000000 0.000000 -1.000000
vn 0.000000 -1.000000 0.000000
vn 0.000000 -1.000000 0.000000
vn 0.000000 -1.000000 0.000000
vn 0.000000 -1.000000 0.000000
vn 1.000000 -0.000000 0.000000
vn 1.000000 -0.000000 0.000000
vn 1.000000 -0.000000 0.000000
vn 1.000000 -0.000000 0.000000
vn -1.000000 0.000000 0.000000
vn -1.000000 0.000000 0.000000
vn -1.000000 0.000000 0.000000
vn -1.000000 0.000000 0.000000
vn 0.000000 0.000000 1.000000
vn 0.000000 0.000000 1.000000
vn -0.000000 0.000000 1.000000
vn -0.000000 0.000000 1.000000
vn 0.370510 0.928828 0.000000
vn 0.000000 1.000000 0.000000
vn 0.000000 1.000000 0.000000
vn 0.370510 0.928828 0.000000
vn 0.000000 0.000000 -1.000000
vn 0.000000 0.000000 -1.000000
vn 0.000000 0.000000 -1.000000
vn -0.000000 0.000000 -1.000000
vn -0.000004 -1.000000 0.000000
vn -0.000004 -1.000000 0.000000
vn -0.000002 -1.000000 0.000000
vn -0.000002 -1.000000 0.000000
vn -0.000000 0.000000 1.000000
vn -0.000000 0.000000 1.000000
vn 0.489919 0.871768 0.000000
vn 0.489919 0.871768 0.000000
vn -0.000000 0.000000 -1.000000
vn -0.000000 0.000000 -1.000000
vn 0.000000 -1.000000 0.000000
vn 0.000000 -1.000000 0.000000
vn -1.000000 0.000000 0.000000
vn -1.000000 0.000000 0.000000
vn -1.000000 0.000000 0.000000
vn -1.000000 0.000000 0.000000
vn 0.000000 -1.000000 0.000000
vn 0.000000 -1.000000 0.000000
vn 0.000000 -1.000000 0.000000
vn 0.000000 -1.000000 0.000000
vn -0.000002 -1.000000 0.000000
vn -0.000004 -1.000000 0.000000
vn -0.000004 -1.000000 0.000000
vn -0.000002 -1.000000 0.000000
vn 0.000000 -1.000000 0.000000
vn 0.000000 -1.000000 0.000000
vn 1.000000 0.000000 0.000006
vn 1.000000 0.000000 0.000006
vn 1.000000 0.000000 0.000006
vn 1.000000 0.000000 0.000006
vn 0.370510 0.928828 0.000001
vn 0.370510 0.928828 0.000001
vn 0.489919 0.871768 0.000001
vn 0.489919 0.871768 0.000001
vn 0.000000 1.000000 0.000000
vn 0.000000 1.000000 0.000000
vn 0.000000 1.000000 0.000000
vn 0.000000 1.000000 0.000000
vn 0.000001 1.000000 0.000000
vn 0.000000 1.000000 0.000000
vn -1.000000 0.000000 0.000000
vn -1.000000 0.000000 0.000000
vn -1.000000 0.000000 0.000000
vn -1.000000 0.000000 0.000000
vn 0.000000 -1.000000 0.000000
vn 0.000000 -1.000000 0.000000
vn 0.000000 -1.000000 0.000000
vn 0.000000 -1.000000 0.000000
vn 0.000000 1.000000 0.000000
vn 0.000000 1.000000 0.000000
vn 0.000000 1.000000 0.000000
vn 0.000000 1.000000 0.000000
vn -1.000000 0.000000 0.000000
vn -1.000000 0.000000 0.000000
vn 0.000000 1.000000 0.000000
vn 0.000000 1.000000 0.000000
vn 0.000000 -1.000000 0.000000
vn 0.000000 -1.000000 0.000000
vn 1.000000 0.000000 0.000000
vn 1.000000 0.000000 0.000000
vn 1.000000 0.000000 0.000000
vn 1.000000 0.000000 0.000000
vn 1.000000 0.000000 0.000000
vn 1.000000 0.000000 0.000000
vn 1.000000 0.000000 0.000000
vn 1.000000 0.000000 0.000000
vn 1.000000 0.000000 0.000001
vn 1.000000 0.000000 0.000001
vn 1.000000 0.000000 0.000001
vn 1.000000 0.000000 0.000001
vn 1.000000 -0.000000 0.000000
vn 1.000000 -0.000000 0.000000
vn 1.000000 -0.000000 0.000000
vn 1.000000 -0.000000 0.000000
vn -0.000000 0.000000 -1.000000
vn -0.000000 0.000000 -1.000000
vn 0.000000 0.000000 -1.000000
vn 0.000000 0.000000 -1.000000
vn -0.000000 0.000000 1.000000
vn -0.000000 0.000000 1.000000
vn 0.000000 0.000000 1.000000
vn 0.000000 0.000000 1.000000
vn -0.000000 0.000000 -1.000000
vn -0.000000 0.000000 -1.000000
vn 0.000000 0.000000 -1.000000
vn 0.000000 0.000000 -1.000000
vn -0.000000 0.000000 1.000000
vn -0.000000 0.000000 1.000000
vn -0.000000 0.000000 1.000000
vn -0.000000 0.000000 1.000000
vn 0.000000 0.000000 1.000000
vn 0.000000 0.000000 1.000000
vn 0.000000 0.000000 1.000000
vn 0.000000 0.000000 1.000000
vn 0.000000 0.000000 1.000000
vn 0.000000 0.000000 1.000000
vn 0.000000 0.000000 1.000000
vn 0.000000 0.000000 1.000000
vn 0.000000 0.000000 -1.000000
vn 0.000000 0.000000 -1.000000
vn 0.000000 0.000000 -1.000000
vn 0.000000 0.000000 -1.000000
vn 0.000000 0.000000 -1.000000
vn 0.000000 0.000000 -1.000000
vn 0.000000 0.000000 -1.000000
vn 0.000000 0.000000 -1.000000
vn -1.000000 0.000000 0.000000
vn -1.000000 0.000000 0.000000
vn -1.000000 0.000000 0.000000
vn -1.000000 0.000000 0.000000
vn -1.000000 0.000000 0.000000
vn -1.000000 0.000000 0.000000
vn -1.000000 0.000000 0.000000
vn -1.000000 0.000000 0.000000
vn 0.000000 0.000000 1.000000
vn 0.000000 0.000000 1.000000
vn 0.000000 0.000000 1.000000
vn 0.000000 0.000000 1.000000
vn 0.000000 0.000000 1.000000
vn 0.000000 0.000000 1.000000
vn 0.000000 0.000000 1.000000
vn 0.000000 0.000000 1.000000
vn 0.000000 0.000000 -1.000000
vn -0.000000 0.000000 -1.000000
vn -0.000000 0.000000 -1.000000
vn 0.000000 0.000000 -1.000000
vn 0.000000 0.000000 -1.000000
vn 0.000000 0.000000 -1.000000
vn 0.000000 0.000000 -1.000000
vn 0.000000 0.000000 -1.000000
vn 0.000000 0.000000 1.000000
vn 0.000000 0.000000 1.000000
vn 0.000000 0.000000 1.000000
vn 0.000000 0.000000 1.000000
vn -0.000000 0.000000 -1.000000
vn -0.000000 0.000000 -1.000000
vn -0.000000 0.000000 -1.000000
vn -0.000000 0.000000 -1.000000
vn -1.000000 0.000000 0.000000
vn -1.000000 0.000000 0.000000
vn -1.000000 0.000000 0.000000
vn -1.000000 0.000000 0.000000
vn -1.000000 0.000000 0.000000
vn -1.000000 0.000000 0.000000
vn -1.000000 0.000000 0.000000
vn -1.000000 0.000000 0.000000
vn -1.000000 0.000000 0.000000
vn -1.000000 0.000000 0.000000
vn -1.000000 0.000000 0.000000
vn -1.000000 0.000000 0.000000
vn -1.000000 0.000000 0.000000
vn -1.000000 0.000000 0.000000
vn -1.000000 0.000000 0.000000
vn -1.000000 0.000000 0.000000
vn -1.000000 0.000000 0.000000
vn -1.000000 0.000000 0.000000
vn -1.000000 0.000000 0.000000
vn -1.000000 0.000000 0.000000
vn 0.000000 1.000000 -0.000000
vn 0.000000 1.000000 -0.000000
vn 0.000000 1.000000 -0.000000
vn 0.000000 1.000000 -0.000000
vn 0.000000 -1.000000 -0.000000
vn 0.000000 -1.000000 -0.000001
vn 0.000000 -1.000000 -0.000001
vn 0.000000 -1.000000 -0.000000
vn 0.000000 -1.000000 0.000000
vn 0.000000 -1.000000 0.000000
vn 0.000000 -1.000000 0.000000
vn 0.000000 -1.000000 0.000000
vn 0.000000 1.000000 0.000000
vn 0.000000 1.000000 0.000000
vn 0.000000 1.000000 0.000000
vn 0.000000 1.000000 0.000000
vn 0.000000 1.000000 0.000000
vn 0.000000 1.000000 0.000000
vn 0.000000 -1.000000 0.000000
vn 0.000000 -1.000000 0.000000
vn 0.000003 1.000000 0.000000
vn 0.000002 1.000000 0.000000
vn 0.000002 1.000000 0.000000
vn 0.000003 1.000000 0.000000
vn -0.370103 -0.928991 0.000000
vn 0.000000 -1.000000 0.000000
vn 0.000000 -1.000000 0.000000
vn -0.370103 -0.928991 0.000000
vn 0.000000 -1.000000 0.000000
vn -0.370103 -0.928991 0.000000
vn -0.370103 -0.928991 0.000000
vn 0.000000 -1.000000 0.000000
vn 0.000002 1.000000 0.000000
vn 0.000003 1.000000 0.000000
vn 0.000003 1.000000 0.000000
vn 0.000002 1.000000 0.000000
vn 0.000000 1.000000 0.000000
vn 0.000000 1.000000 0.000000
vn -1.000000 0.000000 0.000000
vn -1.000000 0.000000 0.000000
vn -1.000000 0.000000 0.000000
vn -1.000000 0.000000 0.000000
vn -0.489918 -0.871768 0.000000
vn -0.489918 -0.871768 0.000000
vn -0.489918 -0.871768 0.000000
vn -0.489918 -0.871768 0.000000
vn -1.000000 0.000000 0.000000
vn -1.000000 0.000000 0.000000
vn -1.000000 0.000000 0.000000
vn -1.000000 0.000000 0.000000
vn 0.000000 1.000000 0.000000
vn 0.000000 1.000000 0.000000
vn 0.000000 1.000000 0.000000
vn 0.000000 1.000000 0.000000
vn 0.000000 -1.000000 0.000000
vn 0.000000 -1.000000 0.000000
vn 0.000000 1.000000 0.000000
vn 0.000000 1.000000 0.000000
vn 0.000000 1.000000 0.000000
vn 0.000000 1.000000 0.000000
vn 0.000000 -1.000000 0.000000
vn 0.000000 -1.000000 0.000000
vn 0.000000 -1.000000 0.000000
vn 0.000000 -1.000000 0.000000
vn 0.000000 1.000000 0.000000
vn 0.000000 1.000000 0.000000
vn 0.000000 -1.000000 0.000000
vn 0.000000 -1.000000 0.000000
s 1
g group13 B02 pCube53
usemtl blinn2SG
f 798/1072/1519 799/1073/1520 800/1074/1521 801/1075/1522
s 2
f 718/951/1523 755/1011/1524 756/1012/1525 746/998/1526
s 3
f 802/1076/1527 803/1077/1528 804/1078/1529 805/1079/1530
s 4
f 747/1000/1531 767/1023/1532 754/1010/1533 716/957/1534
s off
f 717/950/1535 750/1004/1536 751/1006/1537 719/952/1538
s 5
f 806/1081/1539 807/1080/1540 798/1072/1541 801/1075/1542
s 1
f 809/1085/1543 808/1082/1544 810/1083/1545 811/1084/1546
s 2
f 752/1007/1547 753/1008/1548 725/965/1549 729/970/1550
s 3
f 813/1089/1551 812/1086/1552 814/1087/1553 815/1088/1554
s 4
f 724/964/1555 748/1001/1556 749/1002/1557 728/969/1558
s 1
f 811/1084/1546 810/1083/1545 816/1090/1559 817/1091/1560
s 2
f 751/1005/1561 752/1007/1547 729/970/1550 719/952/1562
s 3
f 815/1088/1554 814/1087/1553 818/1092/1563 819/1093/1564
s 4
f 728/969/1558 749/1002/1557 750/1003/1565 717/958/1566
s 5
f 805/1094/1567 820/1095/1568 821/1096/1569 802/1097/1570
s 4
f 722/955/1571 762/1018/1572 763/1019/1573 738/986/1574
f 744/995/1575 745/996/1576 727/967/1577 731/972/1578
f 743/993/1579 744/995/1575 731/972/1578 723/956/1580
s off
f 742/992/1581 743/994/1582 723/959/1583 721/960/1584
s 2
f 730/971/1585 741/990/1586 742/991/1587 721/954/1588
f 726/966/1589 740/989/1590 741/990/1586 730/971/1585
f 739/988/1591 760/1016/1592 761/1017/1593 720/953/1594
s 5
f 822/1101/1595 823/1098/1596 824/1099/1597 825/1100/1598
s 4
f 733/976/1599 765/1021/1600 766/1022/1601 735/980/1602
s 2
f 734/978/1603 757/1013/1604 758/1014/1605 732/974/1606
s 5
f 827/1103/1607 826/1102/1608 823/1098/1596 822/1101/1595
s 2
f 732/974/1606 758/1014/1605 759/1015/1609 737/984/1610
s 4
f 736/982/1611 764/1020/1612 765/1021/1600 733/976/1599
s 5
f 821/1096/1569 820/1095/1568 826/1102/1608 827/1103/1607
s 2
f 737/984/1610 759/1015/1609 760/1016/1592 739/988/1591
s 4
f 738/986/1574 763/1019/1573 764/1020/1612 736/982/1611
s 5
f 825/1100/1598 824/1099/1597 807/1080/1540 806/1081/1539
s 4
f 735/980/1602 766/1022/1601 767/1023/1532 747/1000/1531
s 2
f 746/998/1526 756/1012/1525 757/1013/1604 734/978/1603
s 1
f 800/1074/1521 799/1073/1520 808/1082/1544 809/1085/1543
s 2
f 756/1012/1525 755/1011/1524 725/965/1549 753/1008/1548
f 761/1017/1593 760/1016/1592 740/989/1590 726/966/1589
s 3
f 804/1078/1529 803/1077/1528 812/1086/1552 813/1089/1551
s 4
f 763/1019/1573 762/1018/1572 727/967/1577 745/996/1576
f 754/1010/1533 767/1023/1532 748/1001/1556 724/964/1555
s off
f 757/1024/1613 756/1025/1614 767/1026/1615 766/1027/1616
f 758/1028/1617 757/1029/1618 766/1030/1619 765/1031/1620
f 759/1032/1621 758/1033/1622 765/1034/1623 764/1035/1624
f 760/1036/1625 759/1037/1626 764/1038/1627 763/1039/1628
s 12
f 753/1008/1629 748/1001/1630 767/1026/1631 756/1012/1632
s 13
f 741/990/1633 744/995/1634 743/994/1635 742/991/1636
s 12
f 749/1002/1637 748/1001/1630 753/1008/1629 752/1007/1638
f 749/1002/1637 752/1007/1638 751/1006/1639 750/1003/1640
s 13
f 741/990/1633 740/989/1641 760/1036/1642 763/1019/1643 745/996/1644 744/995/1634
s 14
f 716/949/1645 754/1009/1646 769/1041/1647 768/1040/1648
f 755/1011/1649 718/951/1650 771/1043/1651 770/1042/1652
s 16
f 720/953/1653 761/1017/1654 773/1045/1655 772/1044/1656
f 762/1018/1657 722/955/1658 775/1047/1659 774/1046/1660
s 18
f 747/999/1661 716/949/1662 768/1040/1663 777/1048/1664
s 19
f 718/951/1665 746/997/1666 776/1049/1667 771/1043/1668
s 14
f 724/963/1669 728/968/1670 780/1051/1671 778/1050/1672
f 729/970/1673 725/965/1674 779/1053/1675 781/1052/1676
s 16
f 726/966/1677 730/971/1678 784/1055/1679 782/1054/1680
f 731/972/1681 727/967/1682 783/1057/1683 785/1056/1684
s 14
f 728/968/1670 717/950/1685 786/1058/1686 780/1051/1671
f 717/950/1685 719/952/1687 787/1059/1688 786/1058/1686
f 719/952/1687 729/970/1673 781/1052/1676 787/1059/1688
s 16
f 730/971/1678 721/954/1689 788/1060/1690 784/1055/1679
f 721/954/1689 723/956/1691 789/1061/1692 788/1060/1690
f 723/956/1691 731/972/1681 785/1056/1684 789/1061/1692
s 18
f 722/961/1693 738/985/1694 790/1063/1695 775/1062/1696
s 19
f 739/987/1697 720/962/1698 772/1065/1699 791/1064/1700
s 18
f 733/975/1701 735/979/1702 794/1067/1703 793/1066/1704
s 19
f 734/977/1705 732/973/1706 792/1069/1707 795/1068/1708
s 18
f 736/981/1709 733/975/1701 793/1066/1704 796/1070/1710
s 19
f 732/973/1706 737/983/1711 797/1071/1712 792/1069/1707
s 18
f 738/985/1694 736/981/1709 796/1070/1710 790/1063/1695
s 19
f 737/983/1711 739/987/1697 791/1064/1700 797/1071/1712
s 18
f 735/979/1702 747/999/1661 777/1048/1664 794/1067/1703
s 19
f 746/997/1666 734/977/1705 795/1068/1708 776/1049/1667
s 14
f 754/1009/1646 724/963/1669 778/1050/1672 769/1041/1647
f 725/965/1674 755/1011/1649 770/1042/1652 779/1053/1675
s 16
f 761/1017/1654 726/966/1677 782/1054/1680 773/1045/1655
f 727/967/1682 762/1018/1657 774/1046/1660 783/1057/1683
s 25
f 768/1040/1713 769/1041/1714 799/1073/1715 798/1072/1716
s 26
f 770/1042/1717 771/1043/1718 801/1075/1719 800/1074/1720
f 772/1044/1721 773/1045/1722 803/1077/1723 802/1076/1724
s 25
f 774/1046/1725 775/1047/1726 805/1079/1727 804/1078/1728
f 777/1048/1729 768/1040/1713 798/1072/1716 807/1080/1730
s 26
f 771/1043/1718 776/1049/1731 806/1081/1732 801/1075/1719
s 25
f 778/1050/1733 780/1051/1734 810/1083/1735 808/1082/1736
s 26
f 781/1052/1737 779/1053/1738 809/1085/1739 811/1084/1740
f 782/1054/1741 784/1055/1742 814/1087/1743 812/1086/1744
s 25
f 785/1056/1745 783/1057/1746 813/1089/1747 815/1088/1748
f 780/1051/1734 786/1058/1749 816/1090/1750 810/1083/1735
s off
f 786/1058/1751 787/1059/1752 817/1091/1753 816/1090/1754
s 26
f 787/1059/1755 781/1052/1737 811/1084/1740 817/1091/1756
f 784/1055/1742 788/1060/1757 818/1092/1758 814/1087/1743
s off
f 788/1060/1759 789/1061/1760 819/1093/1761 818/1092/1762
s 25
f 789/1061/1763 785/1056/1745 815/1088/1748 819/1093/1764
f 775/1062/1726 790/1063/1765 820/1095/1766 805/1094/1727
s 26
f 791/1064/1767 772/1065/1721 802/1097/1724 821/1096/1768
s 25
f 793/1066/1769 794/1067/1770 824/1099/1771 823/1098/1772
s 26
f 795/1068/1773 792/1069/1774 822/1101/1775 825/1100/1776
s 25
f 796/1070/1777 793/1066/1769 823/1098/1772 826/1102/1778
s 26
f 792/1069/1774 797/1071/1779 827/1103/1780 822/1101/1775
s 25
f 790/1063/1765 796/1070/1777 826/1102/1778 820/1095/1766
s 26
f 797/1071/1779 791/1064/1767 821/1096/1768 827/1103/1780
s 25
f 794/1067/1770 777/1048/1729 807/1080/1730 824/1099/1771
s 26
f 776/1049/1731 795/1068/1773 825/1100/1776 806/1081/1732
s 25
f 769/1041/1714 778/1050/1733 808/1082/1736 799/1073/1715
s 26
f 779/1053/1738 770/1042/1717 800/1074/1720 809/1085/1739
f 773/1045/1722 782/1054/1741 812/1086/1744 803/1077/1723
s 25
f 783/1057/1746 774/1046/1725 804/1078/1728 813/1089/1747
g default
v -361.240515 865.518384 61.416341
v -361.240515 865.518384 49.172066
v -248.022485 865.518384 49.172066
v -248.022485 865.518384 61.416341
v -361.240515 632.159869 61.416341
v -361.240515 632.159869 49.172066
v -248.022485 632.159869 49.172066
v -248.022485 632.159869 61.416341
v -349.918696 622.834910 61.416341
v -349.918696 632.159869 61.416341
v -349.918696 865.518384 61.416341
v -349.918696 877.388833 61.416341
v -349.918696 877.388833 49.172066
v -349.918696 865.518384 49.172066
v -349.918696 632.159869 49.172066
v -349.918696 622.834910 49.172066
v -258.212098 865.518384 61.416341
v -258.212098 632.159869 61.416341
v -258.212098 622.834910 61.416341
v -258.212098 622.834910 49.172066
v -258.212098 632.159869 49.172066
v -258.212098 865.518384 49.172066
v -258.212098 877.388833 49.172066
v -258.212098 877.388833 61.416341
v -258.212098 865.518384 56.416345
v -258.212098 632.159869 56.416345
v -349.918696 865.518384 56.416345
v -349.918696 632.159869 56.416345
vt 0.375000 0.225000
vt 0.125000 0.225000
vt 0.375000 0.525000
vt 0.625000 0.525000
vt 0.875000 0.225000
vt 0.625000 0.225000
vt 0.375000 0.022500
vt 0.125000 0.022500
vt 0.375000 0.727500
vt 0.625000 0.727500
vt 0.875000 0.022500
vt 0.625000 0.022500
vt 0.400000 0.000000
vt 0.400000 1.000000
vt 0.400000 0.022500
vt 0.400000 0.225000
vt 0.400000 0.250000
vt 0.400000 0.500000
vt 0.400000 0.525000
vt 0.400000 0.727500
vt 0.400000 0.750000
vt 0.602500 0.225000
vt 0.602500 0.022500
vt 0.602500 0.000000
vt 0.602500 1.000000
vt 0.602500 0.750000
vt 0.602500 0.727500
vt 0.602500 0.525000
vt 0.602500 0.500000
vt 0.602500 0.250000
vt 0.602500 0.022500
vt 0.602500 0.225000
vt 0.400000 0.225000
vt 0.400000 0.022500
vn 0.000000 0.000000 1.000000
vn 0.000000 0.000000 1.000000
vn 0.000000 0.000000 1.000000
vn 0.000000 0.000000 -1.000000
vn 0.000000 0.000000 -1.000000
vn 0.000000 0.000000 -1.000000
vn -1.000000 0.000000 0.000000
vn -1.000000 0.000000 0.000000
vn -1.000000 0.000000 0.000000
vn -1.000000 0.000000 0.000000
vn 0.000000 0.000000 -1.000000
vn 0.000000 0.000000 -1.000000
vn 1.000000 0.000000 0.000000
vn 1.000000 0.000000 0.000000
vn 1.000000 0.000000 0.000000
vn 1.000000 0.000000 0.000000
vn 0.000000 0.000000 1.000000
vn 0.000000 0.000000 1.000000
vn 0.000000 0.000000 1.000000
vn 0.000000 0.000000 1.000000
vn 0.000000 0.000000 1.000000
vn 0.000000 0.000000 1.000000
vn 0.000000 0.000000 -1.000000
vn 0.000000 0.000000 -1.000000
vn 0.000000 0.000000 -1.000000
vn 0.000000 0.000000 -1.000000
vn 0.000000 0.000000 -1.000000
vn 0.000000 0.000000 1.000000
vn 0.000000 0.000000 1.000000
vn 0.000000 0.000000 1.000000
vn 0.000000 0.000000 1.000000
vn 0.000000 0.000000 1.000000
vn 0.000000 -1.000000 0.000000
vn 0.000000 -1.000000 0.000000
vn 0.000000 -1.000000 0.000000
vn 0.000000 -1.000000 0.000000
vn 0.000000 0.000000 -1.000000
vn 0.000000 0.000000 -1.000000
vn 0.000000 1.000000 0.000000
vn 0.000000 1.000000 0.000000
vn 0.000000 1.000000 0.000000
vn 0.000000 1.000000 0.000000
vn 0.000000 0.000000 1.000000
vn 0.000000 0.000000 1.000000
vn -0.723631 0.690187 0.000000
vn -0.723631 0.690187 0.000000
vn -0.723631 0.690187 0.000000
vn -0.723631 0.690187 0.000000
vn -0.635752 -0.771893 0.000000
vn -0.635752 -0.771893 0.000000
vn -0.635752 -0.771893 0.000000
vn -0.635752 -0.771893 0.000000
vn 0.675114 -0.737714 0.000000
vn 0.675114 -0.737714 0.000000
vn 0.675114 -0.737714 0.000000
vn 0.675114 -0.737714 0.000000
vn 0.758784 0.651342 0.000000
vn 0.758784 0.651342 0.000000
vn 0.758784 0.651342 0.000000
vn 0.758784 0.651342 0.000000
vn -1.000000 0.000000 0.000000
vn -1.000000 0.000000 0.000000
vn -1.000000 0.000000 0.000000
vn -1.000000 0.000000 0.000000
vn 0.000000 -1.000000 0.000000
vn 0.000000 -1.000000 0.000000
vn 0.000000 -1.000000 0.000000
vn 0.000000 -1.000000 0.000000
vn 1.000000 0.000000 0.000000
vn 1.000000 0.000000 0.000000
vn 1.000000 0.000000 0.000000
vn 1.000000 0.000000 0.000000
vn 0.000000 1.000000 0.000000
vn 0.000000 1.000000 0.000000
vn 0.000000 1.000000 0.000000
vn 0.000000 1.000000 0.000000
s 1
g group13 B02 pCube49
usemtl blinn2SG
f 836/1116/1781 837/1118/1782 832/1110/1783
s 2
f 843/1124/1784 833/1112/1785 842/1123/1786
s off
f 833/1111/1787 832/1110/1788 828/1104/1789 829/1105/1790
s 2
f 841/1122/1791 842/1123/1786 833/1112/1785 829/1106/1792
s off
f 830/1108/1793 831/1109/1794 835/1115/1795 834/1114/1796
s 1
f 837/1118/1782 838/1119/1797 828/1104/1798 832/1110/1783
f 831/1109/1799 844/1125/1800 845/1126/1801 835/1115/1802
s 2
f 834/1113/1803 848/1130/1804 849/1131/1805 830/1107/1806
f 847/1129/1807 848/1130/1804 834/1113/1803
s off
f 853/1134/1808 852/1135/1809 854/1136/1810 855/1137/1811
s 1
f 846/1127/1812 845/1126/1801 837/1118/1782 836/1116/1781
s off
f 836/1117/1813 843/1124/1814 847/1129/1815 846/1128/1816
s 2
f 843/1124/1784 842/1123/1786 848/1130/1804 847/1129/1807
f 849/1131/1805 848/1130/1804 842/1123/1786 841/1122/1791
f 850/1132/1817 849/1131/1805 841/1122/1791 840/1121/1818
s off
f 840/1121/1819 839/1120/1820 851/1133/1821 850/1132/1822
s 1
f 839/1120/1823 838/1119/1797 844/1125/1800 851/1133/1824
f 839/1120/1823 828/1104/1798 838/1119/1797
f 851/1133/1824 844/1125/1800 831/1109/1799
f 835/1115/1802 845/1126/1801 846/1127/1812
s 2
f 830/1107/1806 849/1131/1805 850/1132/1817
f 840/1121/1818 841/1122/1791 829/1106/1792
s off
f 829/1105/1825 828/1104/1826 839/1120/1827 840/1121/1828
f 833/1112/1829 843/1124/1830 836/1116/1831 832/1110/1832
f 835/1115/1833 846/1128/1834 847/1129/1835 834/1114/1836
f 831/1109/1837 830/1107/1838 850/1132/1839 851/1133/1840
f 845/1126/1841 844/1125/1842 852/1135/1843 853/1134/1844
f 844/1125/1845 838/1119/1846 854/1136/1847 852/1135/1848
f 838/1119/1849 837/1118/1850 855/1137/1851 854/1136/1852
f 837/1118/1853 845/1126/1854 853/1134/1855 855/1137/1856
g default
v -938.670546 1146.741448 -137.425476
v -939.842822 1146.741448 -139.726197
v -941.668685 1146.741448 -141.552060
v -943.969407 1146.741448 -142.724335
v -946.519775 1146.741448 -143.128274
v -949.070144 1146.741448 -142.724335
v -951.370865 1146.741448 -141.552058
v -953.196726 1146.741448 -139.726196
v -954.369002 1146.741448 -137.425475
v -954.772940 1146.741448 -134.875107
v -954.369002 1146.741448 -132.324739
v -953.196726 1146.741448 -130.024018
v -951.370864 1146.741448 -128.198157
v -949.070144 1146.741448 -127.025881
v -946.519776 1146.741448 -126.621943
v -943.969408 1146.741448 -127.025882
v -941.668688 1146.741448 -128.198157
v -939.842826 1146.741448 -130.024019
v -938.670551 1146.741448 -132.324739
v -938.266613 1146.741448 -134.875107
v -938.670546 1424.760429 -137.425476
v -939.842822 1424.760429 -139.726197
v -941.668685 1424.760429 -141.552060
v -943.969407 1424.760429 -142.724335
v -946.519775 1424.760429 -143.128274
v -949.070144 1424.760429 -142.724335
v -951.370865 1424.760429 -141.552058
v -953.196726 1424.760429 -139.726196
v -954.369002 1424.760429 -137.425475
v -954.772940 1424.760429 -134.875107
v -954.369002 1424.760429 -132.324739
v -953.196726 1424.760429 -130.024018
v -951.370864 1424.760429 -128.198157
v -949.070144 1424.760429 -127.025881
v -946.519776 1424.760429 -126.621943
v -943.969408 1424.760429 -127.025882
v -941.668688 1424.760429 -128.198157
v -939.842826 1424.760429 -130.024019
v -938.670551 1424.760429 -132.324739
v -938.266613 1424.760429 -134.875107
v -916.083154 1493.689799 -137.425476
v -917.255429 1493.689799 -139.726197
v -919.081293 1493.689799 -141.552060
v -921.382015 1493.689799 -142.724335
v -923.932384 1493.689799 -143.128274
v -926.482753 1493.689799 -142.724335
v -928.783473 1493.689799 -141.552058
v -930.609334 1493.689799 -139.726196
v -931.781610 1493.689799 -137.425475
v -932.185549 1493.689799 -134.875107
v -931.781610 1493.689799 -132.324739
v -930.609334 1493.689799 -130.024018
v -928.783471 1493.689799 -128.198157
v -926.482753 1493.689799 -127.025881
v -923.932384 1493.689799 -126.621943
v -921.382017 1493.689799 -127.025882
v -919.081296 1493.689799 -128.198157
v -917.255435 1493.689799 -130.024019
v -916.083160 1493.689799 -132.324739
v -915.679221 1493.689799 -134.875107
v -916.083154 1554.759834 -137.425476
v -917.255429 1554.759834 -139.726197
v -919.081293 1554.759834 -141.552060
v -921.382015 1554.759834 -142.724335
v -923.932384 1554.759834 -143.128274
v -926.482753 1554.759834 -142.724335
v -928.783473 1554.759834 -141.552058
v -930.609334 1554.759834 -139.726196
v -931.781610 1554.759834 -137.425475
v -932.185549 1554.759834 -134.875107
v -931.781610 1554.759834 -132.324739
v -930.609334 1554.759834 -130.024018
v -928.783471 1554.759834 -128.198157
v -926.482753 1554.759834 -127.025881
v -923.932384 1554.759834 -126.621943
v -921.382017 1554.759834 -127.025882
v -919.081296 1554.759834 -128.198157
v -917.255435 1554.759834 -130.024019
v -916.083160 1554.759834 -132.324739
v -915.679221 1554.759834 -134.875107
v -946.519773 1146.741448 -134.875107
v -923.932384 1554.759834 -134.875107
vt 0.648603 0.107966
vt 0.626409 0.064408
vt 0.591842 0.029841
vt 0.548284 0.007647
vt 0.500000 -0.000000
vt 0.451716 0.007647
vt 0.408159 0.029841
vt 0.373591 0.064409
vt 0.351397 0.107966
vt 0.343750 0.156250
vt 0.351397 0.204534
vt 0.373591 0.248091
vt 0.408159 0.282659
vt 0.451716 0.304853
vt 0.500000 0.312500
vt 0.548284 0.304853
vt 0.591841 0.282659
vt 0.626409 0.248091
vt 0.648603 0.204534
vt 0.656250 0.156250
vt 0.375000 0.312500
vt 0.387500 0.312500
vt 0.400000 0.312500
vt 0.412500 0.312500
vt 0.425000 0.312500
vt 0.437500 0.312500
vt 0.450000 0.312500
vt 0.462500 0.312500
vt 0.475000 0.312500
vt 0.487500 0.312500
vt 0.500000 0.312500
vt 0.512500 0.312500
vt 0.525000 0.312500
vt 0.537500 0.312500
vt 0.550000 0.312500
vt 0.562500 0.312500
vt 0.575000 0.312500
vt 0.587500 0.312500
vt 0.600000 0.312500
vt 0.612500 0.312500
vt 0.625000 0.312500
vt 0.375000 0.580357
vt 0.387500 0.580357
vt 0.400000 0.580357
vt 0.412500 0.580357
vt 0.425000 0.580357
vt 0.437500 0.580357
vt 0.450000 0.580357
vt 0.462500 0.580357
vt 0.475000 0.580357
vt 0.487500 0.580357
vt 0.500000 0.580357
vt 0.512500 0.580357
vt 0.525000 0.580357
vt 0.537500 0.580357
vt 0.550000 0.580357
vt 0.562500 0.580357
vt 0.575000 0.580357
vt 0.587500 0.580357
vt 0.600000 0.580357
vt 0.612500 0.580357
vt 0.625000 0.580357
vt 0.375000 0.633929
vt 0.387500 0.633929
vt 0.400000 0.633929
vt 0.412500 0.633929
vt 0.425000 0.633929
vt 0.437500 0.633929
vt 0.450000 0.633929
vt 0.462500 0.633929
vt 0.475000 0.633929
vt 0.487500 0.633929
vt 0.500000 0.633929
vt 0.512500 0.633929
vt 0.525000 0.633929
vt 0.537500 0.633929
vt 0.550000 0.633929
vt 0.562500 0.633929
vt 0.575000 0.633929
vt 0.587500 0.633929
vt 0.600000 0.633929
vt 0.612500 0.633929
vt 0.625000 0.633929
vt 0.375000 0.687500
vt 0.387500 0.687500
vt 0.400000 0.687500
vt 0.412500 0.687500
vt 0.425000 0.687500
vt 0.437500 0.687500
vt 0.450000 0.687500
vt 0.462500 0.687500
vt 0.475000 0.687500
vt 0.487500 0.687500
vt 0.500000 0.687500
vt 0.512500 0.687500
vt 0.525000 0.687500
vt 0.537500 0.687500
vt 0.550000 0.687500
vt 0.562500 0.687500
vt 0.575000 0.687500
vt 0.587500 0.687500
vt 0.600000 0.687500
vt 0.612500 0.687500
vt 0.625000 0.687500
vt 0.648603 0.795466
vt 0.626409 0.751908
vt 0.591842 0.717341
vt 0.548284 0.695147
vt 0.500000 0.687500
vt 0.451716 0.695147
vt 0.408159 0.717341
vt 0.373591 0.751909
vt 0.351397 0.795466
vt 0.343750 0.843750
vt 0.351397 0.892034
vt 0.373591 0.935591
vt 0.408159 0.970159
vt 0.451716 0.992353
vt 0.500000 1.000000
vt 0.548284 0.992353
vt 0.591841 0.970159
vt 0.626409 0.935591
vt 0.648603 0.892034
vt 0.656250 0.843750
vt 0.500000 0.156250
vt 0.500000 0.843750
vn 0.809017 0.000000 -0.587785
vn 0.800577 -0.054322 -0.596762
vn 0.947078 -0.065979 -0.314151
vn 0.951057 0.000000 -0.309016
vn 0.587785 0.000000 -0.809017
vn 0.572488 -0.036325 -0.819108
vn 0.309017 0.000000 -0.951057
vn 0.285879 -0.014023 -0.958163
vn -0.000000 0.000000 -1.000000
vn -0.027534 0.009023 -0.999580
vn -0.309017 0.000000 -0.951056
vn -0.332678 0.026417 -0.942670
vn -0.587785 0.000000 -0.809017
vn -0.602599 0.040214 -0.797030
vn -0.809017 0.000000 -0.587785
vn -0.815382 0.050793 -0.576691
vn -0.951056 0.000000 -0.309017
vn -0.951433 0.057443 -0.302449
vn -1.000000 0.000000 0.000000
vn -0.998216 0.059711 0.000000
vn -0.951056 0.000000 0.309017
vn -0.951433 0.057443 0.302450
vn -0.809017 0.000000 0.587785
vn -0.815381 0.050793 0.576692
vn -0.587785 0.000000 0.809017
vn -0.602599 0.040214 0.797031
vn -0.309017 0.000000 0.951057
vn -0.332678 0.026417 0.942670
vn 0.000000 0.000000 1.000000
vn -0.027534 0.009023 0.999580
vn 0.309017 0.000000 0.951056
vn 0.285880 -0.014023 0.958163
vn 0.587785 0.000000 0.809017
vn 0.572489 -0.036325 0.819108
vn 0.809017 0.000000 0.587785
vn 0.800577 -0.054322 0.596762
vn 0.951056 0.000000 0.309017
vn 0.947077 -0.065979 0.314152
vn 1.000000 0.000000 0.000001
vn 0.997546 -0.070011 0.000001
vn 0.821122 -0.138995 -0.553569
vn 0.944502 -0.156905 -0.288613
vn 0.625614 -0.110280 -0.772299
vn 0.372921 -0.072445 -0.925030
vn 0.073295 -0.024018 -0.997021
vn -0.248698 0.036256 -0.967902
vn -0.546427 0.093515 -0.832270
vn -0.782320 0.139237 -0.607115
vn -0.932517 0.168495 -0.319408
vn -0.983934 0.178535 0.000000
vn -0.932517 0.168495 0.319408
vn -0.782319 0.139237 0.607116
vn -0.546427 0.093515 0.832270
vn -0.248698 0.036256 0.967902
vn 0.073296 -0.024018 0.997021
vn 0.372922 -0.072445 0.925030
vn 0.625614 -0.110280 0.772298
vn 0.821122 -0.138995 0.553569
vn 0.944501 -0.156905 0.288614
vn 0.986629 -0.162985 0.000001
vn 0.809017 0.000000 -0.587785
vn 0.951057 0.000000 -0.309016
vn 0.587785 0.000000 -0.809017
vn 0.309017 0.000000 -0.951057
vn -0.000000 0.000000 -1.000000
vn -0.309017 0.000000 -0.951056
vn -0.587786 0.000000 -0.809017
vn -0.809017 0.000000 -0.587785
vn -0.951056 0.000000 -0.309017
vn -1.000000 0.000000 0.000000
vn -0.951056 0.000000 0.309017
vn -0.809017 0.000000 0.587785
vn -0.587785 0.000000 0.809017
vn -0.309017 0.000000 0.951057
vn 0.000000 0.000000 1.000000
vn 0.309017 0.000000 0.951056
vn 0.587785 0.000000 0.809017
vn 0.809017 0.000000 0.587785
vn 0.951056 0.000000 0.309017
vn 1.000000 0.000000 0.000001
vn 0.000000 -1.000000 0.000000
vn 0.000000 -1.000000 0.000000
vn 0.000000 -1.000000 0.000000
vn 0.000000 -1.000000 0.000000
vn 0.000000 -1.000000 0.000000
vn 0.000000 -1.000000 0.000000
vn 0.000000 -1.000000 0.000000
vn 0.000000 -1.000000 0.000000
vn 0.000000 -1.000000 0.000000
vn 0.000000 -1.000000 0.000000
vn 0.000000 -1.000000 0.000000
vn 0.000000 -1.000000 0.000000
vn 0.000000 -1.000000 0.000000
vn 0.000000 -1.000000 0.000000
vn 0.000000 -1.000000 0.000000
vn 0.000000 -1.000000 0.000000
vn 0.000000 -1.000000 0.000000
vn 0.000000 -1.000000 0.000000
vn 0.000000 -1.000000 0.000000
vn 0.000000 -1.000000 0.000000
vn 0.000000 -1.000000 0.000000
vn 0.000000 1.000000 0.000000
vn 0.000000 1.000000 -0.000005
vn 0.000000 1.000000 -0.000000
vn 0.000000 1.000000 -0.000000
vn 0.000000 1.000000 0.000005
vn 0.000000 1.000000 0.000000
vn 0.000000 1.000000 0.000000
vn 0.000000 1.000000 0.000000
vn 0.000000 1.000000 0.000000
vn 0.000000 1.000000 0.000000
vn 0.000000 1.000000 0.000000
vn 0.000000 1.000000 -0.000005
vn 0.000000 1.000000 -0.000000
vn 0.000000 1.000000 0.000005
vn 0.000000 1.000000 0.000000
vn 0.000000 1.000000 0.000000
vn 0.000000 1.000000 -0.000002
vn 0.000000 1.000000 -0.000002
vn 0.000000 1.000000 0.000000
vn 0.000000 1.000000 0.000000
vn 0.000000 1.000000 0.000000
s 1
g group13 B02 pCylinder1 group16
usemtl blinn2SG
f 857/1159/1857 877/1180/1858 876/1179/1859 856/1158/1860
f 858/1160/1861 878/1181/1862 877/1180/1858 857/1159/1857
f 859/1161/1863 879/1182/1864 878/1181/1862 858/1160/1861
f 860/1162/1865 880/1183/1866 879/1182/1864 859/1161/1863
f 861/1163/1867 881/1184/1868 880/1183/1866 860/1162/1865
f 862/1164/1869 882/1185/1870 881/1184/1868 861/1163/1867
f 863/1165/1871 883/1186/1872 882/1185/1870 862/1164/1869
f 864/1166/1873 884/1187/1874 883/1186/1872 863/1165/1871
f 865/1167/1875 885/1188/1876 884/1187/1874 864/1166/1873
f 866/1168/1877 886/1189/1878 885/1188/1876 865/1167/1875
f 867/1169/1879 887/1190/1880 886/1189/1878 866/1168/1877
f 868/1170/1881 888/1191/1882 887/1190/1880 867/1169/1879
f 869/1171/1883 889/1192/1884 888/1191/1882 868/1170/1881
f 870/1172/1885 890/1193/1886 889/1192/1884 869/1171/1883
f 871/1173/1887 891/1194/1888 890/1193/1886 870/1172/1885
f 872/1174/1889 892/1195/1890 891/1194/1888 871/1173/1887
f 873/1175/1891 893/1196/1892 892/1195/1890 872/1174/1889
f 874/1176/1893 894/1197/1894 893/1196/1892 873/1175/1891
f 875/1177/1895 895/1198/1896 894/1197/1894 874/1176/1893
f 856/1178/1860 876/1199/1859 895/1198/1896 875/1177/1895
f 876/1179/1859 877/1180/1858 897/1201/1897 896/1200/1898
f 877/1180/1858 878/1181/1862 898/1202/1899 897/1201/1897
f 878/1181/1862 879/1182/1864 899/1203/1900 898/1202/1899
f 879/1182/1864 880/1183/1866 900/1204/1901 899/1203/1900
f 880/1183/1866 881/1184/1868 901/1205/1902 900/1204/1901
f 881/1184/1868 882/1185/1870 902/1206/1903 901/1205/1902
f 882/1185/1870 883/1186/1872 903/1207/1904 902/1206/1903
f 883/1186/1872 884/1187/1874 904/1208/1905 903/1207/1904
f 884/1187/1874 885/1188/1876 905/1209/1906 904/1208/1905
f 885/1188/1876 886/1189/1878 906/1210/1907 905/1209/1906
f 886/1189/1878 887/1190/1880 907/1211/1908 906/1210/1907
f 887/1190/1880 888/1191/1882 908/1212/1909 907/1211/1908
f 888/1191/1882 889/1192/1884 909/1213/1910 908/1212/1909
f 889/1192/1884 890/1193/1886 910/1214/1911 909/1213/1910
f 890/1193/1886 891/1194/1888 911/1215/1912 910/1214/1911
f 891/1194/1888 892/1195/1890 912/1216/1913 911/1215/1912
f 892/1195/1890 893/1196/1892 913/1217/1914 912/1216/1913
f 893/1196/1892 894/1197/1894 914/1218/1915 913/1217/1914
f 894/1197/1894 895/1198/1896 915/1219/1916 914/1218/1915
f 895/1198/1896 876/1199/1859 896/1220/1898 915/1219/1916
f 896/1200/1898 897/1201/1897 917/1222/1917 916/1221/1918
f 897/1201/1897 898/1202/1899 918/1223/1919 917/1222/1917
f 898/1202/1899 899/1203/1900 919/1224/1920 918/1223/1919
f 899/1203/1900 900/1204/1901 920/1225/1921 919/1224/1920
f 900/1204/1901 901/1205/1902 921/1226/1922 920/1225/1921
f 901/1205/1902 902/1206/1903 922/1227/1923 921/1226/1922
f 902/1206/1903 903/1207/1904 923/1228/1924 922/1227/1923
f 903/1207/1904 904/1208/1905 924/1229/1925 923/1228/1924
f 904/1208/1905 905/1209/1906 925/1230/1926 924/1229/1925
f 905/1209/1906 906/1210/1907 926/1231/1927 925/1230/1926
f 906/1210/1907 907/1211/1908 927/1232/1928 926/1231/1927
f 907/1211/1908 908/1212/1909 928/1233/1929 927/1232/1928
f 908/1212/1909 909/1213/1910 929/1234/1930 928/1233/1929
f 909/1213/1910 910/1214/1911 930/1235/1931 929/1234/1930
f 910/1214/1911 911/1215/1912 931/1236/1932 930/1235/1931
f 911/1215/1912 912/1216/1913 932/1237/1933 931/1236/1932
f 912/1216/1913 913/1217/1914 933/1238/1934 932/1237/1933
f 913/1217/1914 914/1218/1915 934/1239/1935 933/1238/1934
f 914/1218/1915 915/1219/1916 935/1240/1936 934/1239/1935
f 915/1219/1916 896/1220/1898 916/1241/1918 935/1240/1936
s 2
f 857/1139/1937 856/1138/1938 936/1262/1939
f 858/1140/1940 857/1139/1937 936/1262/1939
f 859/1141/1941 858/1140/1940 936/1262/1939
f 860/1142/1942 859/1141/1941 936/1262/1939
f 861/1143/1943 860/1142/1942 936/1262/1939
f 862/1144/1944 861/1143/1943 936/1262/1939
f 863/1145/1945 862/1144/1944 936/1262/1939
f 864/1146/1946 863/1145/1945 936/1262/1939
f 865/1147/1947 864/1146/1946 936/1262/1939
f 866/1148/1948 865/1147/1947 936/1262/1939
f 867/1149/1949 866/1148/1948 936/1262/1939
f 868/1150/1950 867/1149/1949 936/1262/1939
f 869/1151/1951 868/1150/1950 936/1262/1939
f 870/1152/1952 869/1151/1951 936/1262/1939
f 871/1153/1953 870/1152/1952 936/1262/1939
f 872/1154/1954 871/1153/1953 936/1262/1939
f 873/1155/1955 872/1154/1954 936/1262/1939
f 874/1156/1956 873/1155/1955 936/1262/1939
f 875/1157/1957 874/1156/1956 936/1262/1939
f 856/1138/1938 875/1157/1957 936/1262/1939
s 3
f 916/1260/1958 917/1259/1959 937/1263/1960
f 917/1259/1959 918/1258/1961 937/1263/1960
f 918/1258/1961 919/1257/1962 937/1263/1960
f 919/1257/1962 920/1256/1963 937/1263/1960
f 920/1256/1963 921/1255/1964 937/1263/1960
f 921/1255/1964 922/1254/1965 937/1263/1960
f 922/1254/1965 923/1253/1966 937/1263/1960
f 923/1253/1966 924/1252/1967 937/1263/1960
f 924/1252/1967 925/1251/1968 937/1263/1960
f 925/1251/1968 926/1250/1969 937/1263/1960
f 926/1250/1969 927/1249/1970 937/1263/1960
f 927/1249/1970 928/1248/1971 937/1263/1960
f 928/1248/1971 929/1247/1972 937/1263/1960
f 929/1247/1972 930/1246/1973 937/1263/1960
f 930/1246/1973 931/1245/1974 937/1263/1960
f 931/1245/1974 932/1244/1975 937/1263/1960
f 932/1244/1975 933/1243/1976 937/1263/1960
f 933/1243/1976 934/1242/1977 937/1263/1960
f 934/1242/1977 935/1261/1978 937/1263/1960
f 935/1261/1978 916/1260/1958 937/1263/1960
g default
v -946.520100 1176.720049 -136.953382
v -946.520100 1175.764771 -138.828221
v -946.520100 1174.276889 -140.316102
v -946.520100 1172.402050 -141.271380
v -946.520100 1170.323775 -141.600546
v -946.520100 1168.245499 -141.271380
v -946.520100 1166.370661 -140.316101
v -946.520100 1164.882781 -138.828220
v -946.520100 1163.927503 -136.953381
v -946.520100 1163.598336 -134.875107
v -946.520100 1163.927503 -132.796832
v -946.520100 1164.882781 -130.921994
v -946.520100 1166.370661 -129.434114
v -946.520100 1168.245500 -128.478836
v -946.520100 1170.323774 -128.149670
v -946.520100 1172.402049 -128.478836
v -946.520100 1174.276887 -129.434114
v -946.520100 1175.764767 -130.921994
v -946.520100 1176.720045 -132.796833
v -946.520100 1177.049211 -134.875107
v -1147.648189 1228.084916 -135.967148
v -1148.070564 1227.542802 -137.955918
v -1148.976282 1226.670663 -139.643117
v -1150.276616 1225.553891 -140.863590
v -1151.844246 1224.301851 -141.497868
v -1153.525869 1223.037016 -141.483865
v -1155.156690 1221.883281 -140.822950
v -1156.577134 1220.953532 -139.579818
v -1157.648263 1220.338798 -137.876157
v -1158.265089 1220.099275 -135.878732
v -1158.367303 1220.258361 -133.783067
v -1157.944893 1220.800517 -131.794296
v -1157.039203 1221.672659 -130.107098
v -1155.738855 1222.789434 -128.886627
v -1154.171198 1224.041480 -128.252348
v -1152.489616 1225.306316 -128.266351
v -1150.858774 1226.460050 -128.927265
v -1149.438304 1227.389799 -130.170397
v -1148.367215 1228.004518 -131.874057
v -1147.750376 1228.244038 -133.871482
v -946.520100 1170.323775 -134.875107
v -1153.007732 1224.171663 -134.875106
v -1113.124293 1175.753539 -136.953382
v -1112.950309 1176.032963 -134.875107
v -1113.124293 1175.753536 -132.796833
v -1113.629217 1174.942605 -130.921994
v -1114.415652 1173.679551 -129.434114
v -1115.406618 1172.088011 -128.478836
v -1116.505117 1170.323774 -128.149670
v -1117.603610 1168.559538 -128.478836
v -1118.594583 1166.967997 -129.434114
v -1119.381021 1165.704943 -130.921994
v -1119.885938 1164.894012 -132.796832
v -1120.059926 1164.614584 -134.875107
v -1119.885938 1164.894012 -136.953381
v -1119.381015 1165.704942 -138.828220
v -1118.594583 1166.967996 -140.316101
v -1117.603610 1168.559537 -141.271380
v -1116.505117 1170.323775 -141.600546
v -1115.406618 1172.088012 -141.271380
v -1114.415652 1173.679553 -140.316102
v -1113.629214 1174.942608 -138.828221
vt 0.648603 0.107966
vt 0.626409 0.064408
vt 0.591842 0.029841
vt 0.548284 0.007647
vt 0.500000 -0.000000
vt 0.451716 0.007647
vt 0.408159 0.029841
vt 0.373591 0.064409
vt 0.351397 0.107966
vt 0.343750 0.156250
vt 0.351397 0.204534
vt 0.373591 0.248091
vt 0.408159 0.282659
vt 0.451716 0.304853
vt 0.500000 0.312500
vt 0.548284 0.304853
vt 0.591841 0.282659
vt 0.626409 0.248091
vt 0.648603 0.204534
vt 0.656250 0.156250
vt 0.375000 0.312500
vt 0.387500 0.312500
vt 0.400000 0.312500
vt 0.412500 0.312500
vt 0.425000 0.312500
vt 0.437500 0.312500
vt 0.450000 0.312500
vt 0.462500 0.312500
vt 0.475000 0.312500
vt 0.487500 0.312500
vt 0.500000 0.312500
vt 0.512500 0.312500
vt 0.525000 0.312500
vt 0.537500 0.312500
vt 0.550000 0.312500
vt 0.562500 0.312500
vt 0.575000 0.312500
vt 0.587500 0.312500
vt 0.600000 0.312500
vt 0.612500 0.312500
vt 0.625000 0.312500
vt 0.375000 0.687500
vt 0.387500 0.687500
vt 0.400000 0.687500
vt 0.412500 0.687500
vt 0.425000 0.687500
vt 0.437500 0.687500
vt 0.450000 0.687500
vt 0.462500 0.687500
vt 0.475000 0.687500
vt 0.487500 0.687500
vt 0.500000 0.687500
vt 0.512500 0.687500
vt 0.525000 0.687500
vt 0.537500 0.687500
vt 0.550000 0.687500
vt 0.562500 0.687500
vt 0.575000 0.687500
vt 0.587500 0.687500
vt 0.600000 0.687500
vt 0.612500 0.687500
vt 0.625000 0.687500
vt 0.648603 0.795466
vt 0.626409 0.751908
vt 0.591842 0.717341
vt 0.548284 0.695147
vt 0.500000 0.687500
vt 0.451716 0.695147
vt 0.408159 0.717341
vt 0.373591 0.751909
vt 0.351397 0.795466
vt 0.343750 0.843750
vt 0.351397 0.892034
vt 0.373591 0.935591
vt 0.408159 0.970159
vt 0.451716 0.992353
vt 0.500000 1.000000
vt 0.548284 0.992353
vt 0.591841 0.970159
vt 0.626409 0.935591
vt 0.648603 0.892034
vt 0.656250 0.843750
vt 0.500000 0.156250
vt 0.500000 0.843750
vt 0.625000 0.596028
vt 0.375000 0.596028
vt 0.612500 0.596028
vt 0.600000 0.596028
vt 0.587500 0.596028
vt 0.575000 0.596028
vt 0.562500 0.596028
vt 0.550000 0.596028
vt 0.537500 0.596028
vt 0.525000 0.596028
vt 0.512500 0.596028
vt 0.500000 0.596028
vt 0.487500 0.596028
vt 0.475000 0.596028
vt 0.462500 0.596028
vt 0.450000 0.596028
vt 0.437500 0.596028
vt 0.425000 0.596028
vt 0.412500 0.596028
vt 0.400000 0.596028
vt 0.387500 0.596028
vn -0.005442 0.958599 -0.284708
vn -0.004064 0.832919 -0.553380
vn 0.213280 0.772571 -0.598035
vn 0.250569 0.918689 -0.305329
vn -0.002275 0.621805 -0.783169
vn 0.151645 0.549376 -0.821699
vn -0.000755 0.334206 -0.942500
vn 0.071992 0.277975 -0.957887
vn -0.000158 -0.000554 -1.000000
vn -0.015538 -0.013594 -0.999787
vn -0.000745 -0.334842 -0.942274
vn -0.083353 -0.304654 -0.948809
vn -0.002217 -0.621640 -0.783300
vn -0.139757 -0.565616 -0.812740
vn -0.003927 -0.832483 -0.554037
vn -0.187823 -0.777362 -0.600359
vn -0.005233 -0.958412 -0.285341
vn -0.222299 -0.918080 -0.328197
vn -0.005715 -0.999984 0.000000
vn -0.238451 -0.970920 -0.021328
vn -0.005233 -0.958412 0.285341
vn -0.233817 -0.928435 0.288685
vn -0.003927 -0.832483 0.554037
vn -0.209153 -0.795319 0.568966
vn -0.002217 -0.621639 0.783300
vn -0.168191 -0.587495 0.791556
vn -0.000745 -0.334842 0.942274
vn -0.116099 -0.327869 0.937562
vn -0.000158 -0.000553 1.000000
vn -0.052889 -0.039082 0.997835
vn -0.000755 0.334206 0.942500
vn 0.034127 0.250787 0.967441
vn -0.002275 0.621805 0.783169
vn 0.119444 0.523428 0.843656
vn -0.004064 0.832919 0.553380
vn 0.189648 0.750947 0.632544
vn -0.005442 0.958599 0.284709
vn 0.237979 0.906051 0.349911
vn -0.005954 0.999982 0.000001
vn 0.259162 0.965529 0.024260
vn 1.000000 0.000000 0.000000
vn 1.000000 0.000000 0.000000
vn 1.000000 0.000000 0.000000
vn 1.000000 0.000000 0.000000
vn 1.000000 0.000000 0.000000
vn 1.000000 0.000000 0.000000
vn 1.000000 0.000000 0.000000
vn 1.000000 0.000000 0.000000
vn 1.000000 0.000000 0.000000
vn 1.000000 0.000000 0.000000
vn 1.000000 0.000000 0.000000
vn 1.000000 0.000000 0.000000
vn 1.000000 0.000000 0.000000
vn 1.000000 0.000000 0.000000
vn 1.000000 0.000000 0.000000
vn 1.000000 0.000000 0.000000
vn 1.000000 0.000000 0.000000
vn 1.000000 0.000000 0.000000
vn 1.000000 0.000000 0.000000
vn 1.000000 0.000000 0.000000
vn 1.000000 0.000000 0.000000
vn -0.599164 0.795595 -0.089622
vn -0.599162 0.795597 -0.089617
vn -0.599164 0.795595 -0.089621
vn -0.599163 0.795596 -0.089619
vn -0.599164 0.795594 -0.089622
vn -0.599161 0.795597 -0.089621
vn -0.599162 0.795596 -0.089618
vn -0.599170 0.795591 -0.089615
vn -0.599171 0.795589 -0.089619
vn -0.599163 0.795594 -0.089627
vn -0.599164 0.795595 -0.089619
vn -0.599165 0.795594 -0.089621
vn -0.599164 0.795594 -0.089625
vn -0.599163 0.795595 -0.089622
vn -0.599162 0.795596 -0.089619
vn -0.599165 0.795594 -0.089620
vn -0.599164 0.795595 -0.089621
vn -0.599164 0.795595 -0.089620
vn -0.599168 0.795592 -0.089620
vn -0.599163 0.795594 -0.089625
vn -0.599162 0.795595 -0.089627
vn 0.815442 0.542373 -0.202202
vn 0.830139 0.552100 0.077813
vn 0.779732 0.519421 0.349599
vn 0.670019 0.447722 0.592131
vn 0.513813 0.344810 0.785559
vn 0.320144 0.216084 0.922397
vn 0.033211 0.022883 0.999186
vn -0.260636 -0.177538 0.948973
vn -0.512752 -0.351462 0.783301
vn -0.696186 -0.479152 0.534545
vn -0.799758 -0.551653 0.236782
vn -0.820435 -0.566066 -0.080349
vn -0.758058 -0.522136 -0.390796
vn -0.613627 -0.421117 -0.667924
vn -0.392042 -0.267547 -0.880183
vn -0.110958 -0.074965 -0.990994
vn 0.187425 0.126840 -0.974055
vn 0.407341 0.273656 -0.871312
vn 0.594054 0.397191 -0.699528
vn 0.734968 0.489742 -0.469014
s 1
g group13 B02 group16 pCylinder3
usemtl blinn2SG
f 938/1284/1979 939/1285/1980 999/1368/1981 980/1349/1982
f 939/1285/1980 940/1286/1983 998/1367/1984 999/1368/1981
f 940/1286/1983 941/1287/1985 997/1366/1986 998/1367/1984
f 941/1287/1985 942/1288/1987 996/1365/1988 997/1366/1986
f 942/1288/1987 943/1289/1989 995/1364/1990 996/1365/1988
f 943/1289/1989 944/1290/1991 994/1363/1992 995/1364/1990
f 944/1290/1991 945/1291/1993 993/1362/1994 994/1363/1992
f 945/1291/1993 946/1292/1995 992/1361/1996 993/1362/1994
f 946/1292/1995 947/1293/1997 991/1360/1998 992/1361/1996
f 947/1293/1997 948/1294/1999 990/1359/2000 991/1360/1998
f 948/1294/1999 949/1295/2001 989/1358/2002 990/1359/2000
f 949/1295/2001 950/1296/2003 988/1357/2004 989/1358/2002
f 950/1296/2003 951/1297/2005 987/1356/2006 988/1357/2004
f 951/1297/2005 952/1298/2007 986/1355/2008 987/1356/2006
f 952/1298/2007 953/1299/2009 985/1354/2010 986/1355/2008
f 953/1299/2009 954/1300/2011 984/1353/2012 985/1354/2010
f 954/1300/2011 955/1301/2013 983/1352/2014 984/1353/2012
f 955/1301/2013 956/1302/2015 982/1351/2016 983/1352/2014
f 956/1302/2015 957/1303/2017 981/1350/2018 982/1351/2016
f 957/1303/2017 938/1304/1979 980/1348/1982 981/1350/2018
s 2
f 939/1265/2019 938/1264/2020 978/1346/2021
f 940/1266/2022 939/1265/2019 978/1346/2021
f 941/1267/2023 940/1266/2022 978/1346/2021
f 942/1268/2024 941/1267/2023 978/1346/2021
f 943/1269/2025 942/1268/2024 978/1346/2021
f 944/1270/2026 943/1269/2025 978/1346/2021
f 945/1271/2027 944/1270/2026 978/1346/2021
f 946/1272/2028 945/1271/2027 978/1346/2021
f 947/1273/2029 946/1272/2028 978/1346/2021
f 948/1274/2030 947/1273/2029 978/1346/2021
f 949/1275/2031 948/1274/2030 978/1346/2021
f 950/1276/2032 949/1275/2031 978/1346/2021
f 951/1277/2033 950/1276/2032 978/1346/2021
f 952/1278/2034 951/1277/2033 978/1346/2021
f 953/1279/2035 952/1278/2034 978/1346/2021
f 954/1280/2036 953/1279/2035 978/1346/2021
f 955/1281/2037 954/1280/2036 978/1346/2021
f 956/1282/2038 955/1281/2037 978/1346/2021
f 957/1283/2039 956/1282/2038 978/1346/2021
f 938/1264/2020 957/1283/2039 978/1346/2021
s 3
f 958/1344/2040 959/1343/2041 979/1347/2042
f 959/1343/2041 960/1342/2043 979/1347/2042
f 960/1342/2043 961/1341/2044 979/1347/2042
f 961/1341/2044 962/1340/2045 979/1347/2042
f 962/1340/2045 963/1339/2046 979/1347/2042
f 963/1339/2046 964/1338/2047 979/1347/2042
f 964/1338/2047 965/1337/2048 979/1347/2042
f 965/1337/2048 966/1336/2049 979/1347/2042
f 966/1336/2049 967/1335/2050 979/1347/2042
f 967/1335/2050 968/1334/2051 979/1347/2042
f 968/1334/2051 969/1333/2052 979/1347/2042
f 969/1333/2052 970/1332/2053 979/1347/2042
f 970/1332/2053 971/1331/2054 979/1347/2042
f 971/1331/2054 972/1330/2055 979/1347/2042
f 972/1330/2055 973/1329/2056 979/1347/2042
f 973/1329/2056 974/1328/2057 979/1347/2042
f 974/1328/2057 975/1327/2058 979/1347/2042
f 975/1327/2058 976/1326/2059 979/1347/2042
f 976/1326/2059 977/1345/2060 979/1347/2042
f 977/1345/2060 958/1344/2040 979/1347/2042
s 1
f 981/1350/2018 980/1348/1982 958/1325/2061 977/1324/2062
f 982/1351/2016 981/1350/2018 977/1324/2062 976/1323/2063
f 983/1352/2014 982/1351/2016 976/1323/2063 975/1322/2064
f 984/1353/2012 983/1352/2014 975/1322/2064 974/1321/2065
f 985/1354/2010 984/1353/2012 974/1321/2065 973/1320/2066
f 986/1355/2008 985/1354/2010 973/1320/2066 972/1319/2067
f 987/1356/2006 986/1355/2008 972/1319/2067 971/1318/2068
f 988/1357/2004 987/1356/2006 971/1318/2068 970/1317/2069
f 989/1358/2002 988/1357/2004 970/1317/2069 969/1316/2070
f 990/1359/2000 989/1358/2002 969/1316/2070 968/1315/2071
f 991/1360/1998 990/1359/2000 968/1315/2071 967/1314/2072
f 992/1361/1996 991/1360/1998 967/1314/2072 966/1313/2073
f 993/1362/1994 992/1361/1996 966/1313/2073 965/1312/2074
f 994/1363/1992 993/1362/1994 965/1312/2074 964/1311/2075
f 995/1364/1990 994/1363/1992 964/1311/2075 963/1310/2076
f 996/1365/1988 995/1364/1990 963/1310/2076 962/1309/2077
f 997/1366/1986 996/1365/1988 962/1309/2077 961/1308/2078
f 998/1367/1984 997/1366/1986 961/1308/2078 960/1307/2079
f 999/1368/1981 998/1367/1984 960/1307/2079 959/1306/2080
f 980/1349/1982 999/1368/1981 959/1306/2080 958/1305/2061
g default
v -923.932673 1550.044724 -136.953382
v -923.932673 1549.089446 -138.828221
v -923.932673 1547.601564 -140.316102
v -923.932673 1545.726725 -141.271380
v -923.932673 1543.648450 -141.600546
v -923.932673 1541.570174 -141.271380
v -923.932673 1539.695336 -140.316101
v -923.932673 1538.207456 -138.828220
v -923.932673 1537.252178 -136.953381
v -923.932673 1536.923011 -134.875107
v -923.932673 1537.252178 -132.796832
v -923.932673 1538.207456 -130.921994
v -923.932673 1539.695336 -129.434114
v -923.932673 1541.570175 -128.478836
v -923.932673 1543.648449 -128.149670
v -923.932673 1545.726724 -128.478836
v -923.932673 1547.601562 -129.434114
v -923.932673 1549.089442 -130.921994
v -923.932673 1550.044720 -132.796833
v -923.932673 1550.373886 -134.875107
v -1131.535247 1550.044724 -136.953382
v -1131.535247 1549.089446 -138.828221
v -1131.535247 1547.601564 -140.316102
v -1131.535247 1545.726725 -141.271380
v -1131.535247 1543.648450 -141.600546
v -1131.535247 1541.570174 -141.271380
v -1131.535247 1539.695336 -140.316101
v -1131.535247 1538.207456 -138.828220
v -1131.535247 1537.252178 -136.953381
v -1131.535247 1536.923011 -134.875107
v -1131.535247 1537.252178 -132.796832
v -1131.535247 1538.207456 -130.921994
v -1131.535247 1539.695336 -129.434114
v -1131.535247 1541.570175 -128.478836
v -1131.535247 1543.648449 -128.149670
v -1131.535247 1545.726724 -128.478836
v -1131.535247 1547.601562 -129.434114
v -1131.535247 1549.089442 -130.921994
v -1131.535247 1550.044720 -132.796833
v -1131.535247 1550.373886 -134.875107
v -923.932673 1543.648450 -134.875107
v -1131.535247 1543.648450 -134.875107
vt 0.648603 0.107966
vt 0.626409 0.064408
vt 0.591842 0.029841
vt 0.548284 0.007647
vt 0.500000 -0.000000
vt 0.451716 0.007647
vt 0.408159 0.029841
vt 0.373591 0.064409
vt 0.351397 0.107966
vt 0.343750 0.156250
vt 0.351397 0.204534
vt 0.373591 0.248091
vt 0.408159 0.282659
vt 0.451716 0.304853
vt 0.500000 0.312500
vt 0.548284 0.304853
vt 0.591841 0.282659
vt 0.626409 0.248091
vt 0.648603 0.204534
vt 0.656250 0.156250
vt 0.375000 0.312500
vt 0.387500 0.312500
vt 0.400000 0.312500
vt 0.412500 0.312500
vt 0.425000 0.312500
vt 0.437500 0.312500
vt 0.450000 0.312500
vt 0.462500 0.312500
vt 0.475000 0.312500
vt 0.487500 0.312500
vt 0.500000 0.312500
vt 0.512500 0.312500
vt 0.525000 0.312500
vt 0.537500 0.312500
vt 0.550000 0.312500
vt 0.562500 0.312500
vt 0.575000 0.312500
vt 0.587500 0.312500
vt 0.600000 0.312500
vt 0.612500 0.312500
vt 0.625000 0.312500
vt 0.375000 0.687500
vt 0.387500 0.687500
vt 0.400000 0.687500
vt 0.412500 0.687500
vt 0.425000 0.687500
vt 0.437500 0.687500
vt 0.450000 0.687500
vt 0.462500 0.687500
vt 0.475000 0.687500
vt 0.487500 0.687500
vt 0.500000 0.687500
vt 0.512500 0.687500
vt 0.525000 0.687500
vt 0.537500 0.687500
vt 0.550000 0.687500
vt 0.562500 0.687500
vt 0.575000 0.687500
vt 0.587500 0.687500
vt 0.600000 0.687500
vt 0.612500 0.687500
vt 0.625000 0.687500
vt 0.648603 0.795466
vt 0.626409 0.751908
vt 0.591842 0.717341
vt 0.548284 0.695147
vt 0.500000 0.687500
vt 0.451716 0.695147
vt 0.408159 0.717341
vt 0.373591 0.751909
vt 0.351397 0.795466
vt 0.343750 0.843750
vt 0.351397 0.892034
vt 0.373591 0.935591
vt 0.408159 0.970159
vt 0.451716 0.992353
vt 0.500000 1.000000
vt 0.548284 0.992353
vt 0.591841 0.970159
vt 0.626409 0.935591
vt 0.648603 0.892034
vt 0.656250 0.843750
vt 0.500000 0.156250
vt 0.500000 0.843750
vn 0.000000 0.951057 -0.309016
vn 0.000000 0.809017 -0.587785
vn 0.000000 0.809017 -0.587785
vn 0.000000 0.951057 -0.309016
vn 0.000000 0.587785 -0.809017
vn 0.000000 0.587785 -0.809017
vn 0.000000 0.309017 -0.951057
vn 0.000000 0.309017 -0.951057
vn -0.000000 -0.000000 -1.000000
vn -0.000000 -0.000000 -1.000000
vn -0.000000 -0.309017 -0.951057
vn -0.000000 -0.309017 -0.951057
vn -0.000000 -0.587785 -0.809017
vn -0.000000 -0.587785 -0.809017
vn -0.000000 -0.809017 -0.587785
vn -0.000000 -0.809017 -0.587785
vn -0.000000 -0.951057 -0.309017
vn -0.000000 -0.951057 -0.309017
vn 0.000000 -1.000000 0.000000
vn 0.000000 -1.000000 0.000000
vn 0.000000 -0.951057 0.309017
vn 0.000000 -0.951057 0.309017
vn 0.000000 -0.809017 0.587785
vn 0.000000 -0.809017 0.587785
vn 0.000000 -0.587785 0.809017
vn 0.000000 -0.587785 0.809017
vn 0.000000 -0.309017 0.951057
vn 0.000000 -0.309017 0.951057
vn 0.000000 0.000000 1.000000
vn 0.000000 0.000000 1.000000
vn 0.000000 0.309017 0.951057
vn 0.000000 0.309017 0.951057
vn 0.000000 0.587785 0.809017
vn 0.000000 0.587785 0.809017
vn 0.000000 0.809017 0.587785
vn 0.000000 0.809017 0.587785
vn 0.000000 0.951057 0.309017
vn 0.000000 0.951057 0.309017
vn 0.000000 1.000000 0.000001
vn 0.000000 1.000000 0.000001
vn 1.000000 0.000000 0.000000
vn 1.000000 0.000000 0.000000
vn 1.000000 0.000000 0.000000
vn 1.000000 0.000000 0.000000
vn 1.000000 0.000000 0.000000
vn 1.000000 0.000000 0.000000
vn 1.000000 0.000000 0.000000
vn 1.000000 0.000000 0.000000
vn 1.000000 0.000000 0.000000
vn 1.000000 0.000000 0.000000
vn 1.000000 0.000000 0.000000
vn 1.000000 0.000000 0.000000
vn 1.000000 0.000000 0.000000
vn 1.000000 0.000000 0.000000
vn 1.000000 0.000000 0.000000
vn 1.000000 0.000000 0.000000
vn 1.000000 0.000000 0.000000
vn 1.000000 0.000000 0.000000
vn 1.000000 0.000000 0.000000
vn 1.000000 0.000000 0.000000
vn 1.000000 0.000000 0.000000
vn -1.000000 0.000000 0.000000
vn -1.000000 0.000000 0.000000
vn -1.000000 0.000000 0.000000
vn -1.000000 0.000000 0.000000
vn -1.000000 0.000000 0.000000
vn -1.000000 0.000000 0.000000
vn -1.000000 0.000000 0.000000
vn -1.000000 0.000000 0.000000
vn -1.000000 0.000000 0.000000
vn -1.000000 0.000000 0.000000
vn -1.000000 0.000000 0.000000
vn -1.000000 0.000000 0.000000
vn -1.000000 0.000000 0.000000
vn -1.000000 0.000000 0.000000
vn -1.000000 0.000000 0.000000
vn -1.000000 0.000000 0.000000
vn -1.000000 0.000000 0.000000
vn -1.000000 0.000000 0.000000
vn -1.000000 0.000000 0.000000
vn -1.000000 0.000000 0.000000
vn -1.000000 0.000000 0.000000
s 1
g group13 B02 group16 pCylinder2
usemtl blinn2SG
f 1000/1389/2081 1001/1390/2082 1021/1411/2083 1020/1410/2084
f 1001/1390/2082 1002/1391/2085 1022/1412/2086 1021/1411/2083
f 1002/1391/2085 1003/1392/2087 1023/1413/2088 1022/1412/2086
f 1003/1392/2087 1004/1393/2089 1024/1414/2090 1023/1413/2088
f 1004/1393/2089 1005/1394/2091 1025/1415/2092 1024/1414/2090
f 1005/1394/2091 1006/1395/2093 1026/1416/2094 1025/1415/2092
f 1006/1395/2093 1007/1396/2095 1027/1417/2096 1026/1416/2094
f 1007/1396/2095 1008/1397/2097 1028/1418/2098 1027/1417/2096
f 1008/1397/2097 1009/1398/2099 1029/1419/2100 1028/1418/2098
f 1009/1398/2099 1010/1399/2101 1030/1420/2102 1029/1419/2100
f 1010/1399/2101 1011/1400/2103 1031/1421/2104 1030/1420/2102
f 1011/1400/2103 1012/1401/2105 1032/1422/2106 1031/1421/2104
f 1012/1401/2105 1013/1402/2107 1033/1423/2108 1032/1422/2106
f 1013/1402/2107 1014/1403/2109 1034/1424/2110 1033/1423/2108
f 1014/1403/2109 1015/1404/2111 1035/1425/2112 1034/1424/2110
f 1015/1404/2111 1016/1405/2113 1036/1426/2114 1035/1425/2112
f 1016/1405/2113 1017/1406/2115 1037/1427/2116 1036/1426/2114
f 1017/1406/2115 1018/1407/2117 1038/1428/2118 1037/1427/2116
f 1018/1407/2117 1019/1408/2119 1039/1429/2120 1038/1428/2118
f 1019/1408/2119 1000/1409/2081 1020/1430/2084 1039/1429/2120
s 2
f 1001/1370/2121 1000/1369/2122 1040/1451/2123
f 1002/1371/2124 1001/1370/2121 1040/1451/2123
f 1003/1372/2125 1002/1371/2124 1040/1451/2123
f 1004/1373/2126 1003/1372/2125 1040/1451/2123
f 1005/1374/2127 1004/1373/2126 1040/1451/2123
f 1006/1375/2128 1005/1374/2127 1040/1451/2123
f 1007/1376/2129 1006/1375/2128 1040/1451/2123
f 1008/1377/2130 1007/1376/2129 1040/1451/2123
f 1009/1378/2131 1008/1377/2130 1040/1451/2123
f 1010/1379/2132 1009/1378/2131 1040/1451/2123
f 1011/1380/2133 1010/1379/2132 1040/1451/2123
f 1012/1381/2134 1011/1380/2133 1040/1451/2123
f 1013/1382/2135 1012/1381/2134 1040/1451/2123
f 1014/1383/2136 1013/1382/2135 1040/1451/2123
f 1015/1384/2137 1014/1383/2136 1040/1451/2123
f 1016/1385/2138 1015/1384/2137 1040/1451/2123
f 1017/1386/2139 1016/1385/2138 1040/1451/2123
f 1018/1387/2140 1017/1386/2139 1040/1451/2123
f 1019/1388/2141 1018/1387/2140 1040/1451/2123
f 1000/1369/2122 1019/1388/2141 1040/1451/2123
s 3
f 1020/1449/2142 1021/1448/2143 1041/1452/2144
f 1021/1448/2143 1022/1447/2145 1041/1452/2144
f 1022/1447/2145 1023/1446/2146 1041/1452/2144
f 1023/1446/2146 1024/1445/2147 1041/1452/2144
f 1024/1445/2147 1025/1444/2148 1041/1452/2144
f 1025/1444/2148 1026/1443/2149 1041/1452/2144
f 1026/1443/2149 1027/1442/2150 1041/1452/2144
f 1027/1442/2150 1028/1441/2151 1041/1452/2144
f 1028/1441/2151 1029/1440/2152 1041/1452/2144
f 1029/1440/2152 1030/1439/2153 1041/1452/2144
f 1030/1439/2153 1031/1438/2154 1041/1452/2144
f 1031/1438/2154 1032/1437/2155 1041/1452/2144
f 1032/1437/2155 1033/1436/2156 1041/1452/2144
f 1033/1436/2156 1034/1435/2157 1041/1452/2144
f 1034/1435/2157 1035/1434/2158 1041/1452/2144
f 1035/1434/2158 1036/1433/2159 1041/1452/2144
f 1036/1433/2159 1037/1432/2160 1041/1452/2144
f 1037/1432/2160 1038/1431/2161 1041/1452/2144
f 1038/1431/2161 1039/1450/2162 1041/1452/2144
f 1039/1450/2162 1020/1449/2142 1041/1452/2144
g default
v -1003.752268 1172.246752 -130.515688
v -992.622317 1172.246752 -130.515688
v -1003.752268 1209.505459 -130.515688
v -992.622317 1209.505459 -130.515688
v -1003.752268 1209.505459 -139.234525
v -992.622317 1209.505459 -139.234525
v -1003.752268 1172.246752 -139.234525
v -992.622317 1172.246752 -139.234525
v -998.187293 1172.246752 -130.515688
v -998.187293 1209.505459 -130.515688
v -998.187293 1209.505459 -139.234525
v -998.187293 1172.246752 -139.234525
v -1003.752268 1209.505459 -134.875107
v -1003.752268 1172.246752 -134.875107
v -998.187293 1172.246752 -134.875107
v -992.622317 1172.246752 -134.875107
v -992.622317 1209.505459 -134.875107
v -998.187293 1209.505459 -134.875107
vt 0.375000 0.000000
vt 0.625000 0.000000
vt 0.375000 0.250000
vt 0.625000 0.250000
vt 0.375000 0.500000
vt 0.625000 0.500000
vt 0.375000 0.750000
vt 0.625000 0.750000
vt 0.375000 1.000000
vt 0.625000 1.000000
vt 0.875000 0.000000
vt 0.875000 0.250000
vt 0.125000 0.000000
vt 0.125000 0.250000
vt 0.500000 0.000000
vt 0.500000 1.000000
vt 0.500000 0.250000
vt 0.500000 0.500000
vt 0.500000 0.750000
vt 0.250000 0.250000
vt 0.375000 0.375000
vt 0.250000 0.000000
vt 0.375000 0.875000
vt 0.500000 0.875000
vt 0.625000 0.875000
vt 0.750000 0.000000
vt 0.625000 0.375000
vt 0.750000 0.250000
vt 0.500000 0.375000
vn 0.000000 0.000000 1.000000
vn 0.000000 0.000000 1.000000
vn 0.000000 0.000000 1.000000
vn 0.000000 0.000000 1.000000
vn 0.000000 1.000000 0.000000
vn 0.000000 1.000000 0.000000
vn 0.000000 1.000000 0.000000
vn 0.000000 1.000000 0.000000
vn 0.000000 0.000000 -1.000000
vn 0.000000 0.000000 -1.000000
vn 0.000000 0.000000 -1.000000
vn 0.000000 0.000000 -1.000000
vn 0.000000 -1.000000 0.000000
vn 0.000000 -1.000000 0.000000
vn 0.000000 -1.000000 0.000000
vn 0.000000 -1.000000 0.000000
vn 1.000000 0.000000 0.000000
vn 1.000000 0.000000 0.000000
vn 1.000000 0.000000 0.000000
vn 1.000000 0.000000 0.000000
vn -1.000000 0.000000 0.000000
vn -1.000000 0.000000 0.000000
vn -1.000000 0.000000 0.000000
vn -1.000000 0.000000 0.000000
vn 0.000000 0.000000 1.000000
vn 0.000000 0.000000 1.000000
vn 0.000000 1.000000 0.000000
vn 0.000000 1.000000 0.000000
vn 0.000000 0.000000 -1.000000
vn 0.000000 0.000000 -1.000000
vn 0.000000 -1.000000 0.000000
vn 0.000000 -1.000000 0.000000
vn -1.000000 0.000000 0.000000
vn -1.000000 0.000000 0.000000
vn 0.000000 -1.000000 0.000000
vn 0.000000 -1.000000 0.000000
vn 0.000000 -1.000000 0.000000
vn 1.000000 0.000000 0.000000
vn 1.000000 0.000000 0.000000
vn 0.000000 1.000000 0.000000
vn 0.000000 1.000000 0.000000
vn 0.000000 1.000000 0.000000
s 1
g group13 B02 group16 pCube47
usemtl blinn2SG
f 1042/1453/2163 1050/1467/2164 1051/1469/2165 1044/1455/2166
s 2
f 1044/1455/2167 1051/1469/2168 1059/1481/2169 1054/1473/2170
s 3
f 1046/1457/2171 1052/1470/2172 1053/1471/2173 1048/1459/2174
s 4
f 1055/1475/2175 1056/1476/2176 1050/1468/2177 1042/1461/2178
s 5
f 1043/1454/2179 1057/1478/2180 1058/1480/2181 1045/1456/2182
s 6
f 1054/1472/2183 1055/1474/2184 1042/1453/2185 1044/1455/2186
s 1
f 1051/1469/2165 1050/1467/2164 1043/1454/2187 1045/1456/2188
s 2
f 1058/1479/2189 1059/1481/2169 1051/1469/2168 1045/1456/2190
s 3
f 1053/1471/2173 1052/1470/2172 1047/1458/2191 1049/1460/2192
s 4
f 1050/1468/2177 1056/1476/2176 1057/1477/2193 1043/1462/2194
s 6
f 1048/1465/2195 1055/1474/2184 1054/1472/2183 1046/1466/2196
s 4
f 1048/1459/2197 1053/1471/2198 1056/1476/2176 1055/1475/2175
f 1057/1477/2193 1056/1476/2176 1053/1471/2198 1049/1460/2199
s 5
f 1058/1480/2181 1057/1478/2180 1049/1463/2200 1047/1464/2201
s 2
f 1052/1470/2202 1059/1481/2169 1058/1479/2189 1047/1458/2203
f 1054/1473/2170 1059/1481/2169 1052/1470/2202 1046/1457/2204
g default
v -1079.010630 1528.573721 -130.515688
v -1067.880679 1528.573721 -130.515688
v -1079.010630 1541.648829 -130.515688
v -1067.880679 1541.648829 -130.515688
v -1079.010630 1541.648829 -139.234525
v -1067.880679 1541.648829 -139.234525
v -1079.010630 1528.573721 -139.234525
v -1067.880679 1528.573721 -139.234525
v -1073.445654 1528.573721 -130.515688
v -1073.445654 1541.648829 -130.515688
v -1073.445654 1541.648829 -139.234525
v -1073.445654 1528.573721 -139.234525
v -1079.010630 1541.648829 -134.875107
v -1079.010630 1528.573721 -134.875107
v -1073.445654 1528.573721 -134.875107
v -1067.880679 1528.573721 -134.875107
v -1067.880679 1541.648829 -134.875107
v -1073.445654 1541.648829 -134.875107
vt 0.375000 0.000000
vt 0.625000 0.000000
vt 0.375000 0.250000
vt 0.625000 0.250000
vt 0.375000 0.500000
vt 0.625000 0.500000
vt 0.375000 0.750000
vt 0.625000 0.750000
vt 0.375000 1.000000
vt 0.625000 1.000000
vt 0.875000 0.000000
vt 0.875000 0.250000
vt 0.125000 0.000000
vt 0.125000 0.250000
vt 0.500000 0.000000
vt 0.500000 1.000000
vt 0.500000 0.250000
vt 0.500000 0.500000
vt 0.500000 0.750000
vt 0.250000 0.250000
vt 0.375000 0.375000
vt 0.250000 0.000000
vt 0.375000 0.875000
vt 0.500000 0.875000
vt 0.625000 0.875000
vt 0.750000 0.000000
vt 0.625000 0.375000
vt 0.750000 0.250000
vt 0.500000 0.375000
vn 0.000000 0.000000 1.000000
vn 0.000000 0.000000 1.000000
vn 0.000000 0.000000 1.000000
vn 0.000000 0.000000 1.000000
vn 0.000000 1.000000 0.000000
vn 0.000000 1.000000 0.000000
vn 0.000000 1.000000 0.000000
vn 0.000000 1.000000 0.000000
vn 0.000000 0.000000 -1.000000
vn 0.000000 0.000000 -1.000000
vn 0.000000 0.000000 -1.000000
vn 0.000000 0.000000 -1.000000
vn 0.000000 -1.000000 0.000000
vn 0.000000 -1.000000 0.000000
vn 0.000000 -1.000000 0.000000
vn 0.000000 -1.000000 0.000000
vn 1.000000 0.000000 0.000000
vn 1.000000 0.000000 0.000000
vn 1.000000 0.000000 0.000000
vn 1.000000 0.000000 0.000000
vn -1.000000 0.000000 0.000000
vn -1.000000 0.000000 0.000000
vn -1.000000 0.000000 0.000000
vn -1.000000 0.000000 0.000000
vn 0.000000 0.000000 1.000000
vn 0.000000 0.000000 1.000000
vn 0.000000 1.000000 0.000000
vn 0.000000 1.000000 0.000000
vn 0.000000 0.000000 -1.000000
vn 0.000000 0.000000 -1.000000
vn 0.000000 -1.000000 0.000000
vn 0.000000 -1.000000 0.000000
vn -1.000000 0.000000 0.000000
vn -1.000000 0.000000 0.000000
vn 0.000000 -1.000000 0.000000
vn 0.000000 -1.000000 0.000000
vn 0.000000 -1.000000 0.000000
vn 1.000000 0.000000 0.000000
vn 1.000000 0.000000 0.000000
vn 0.000000 1.000000 0.000000
vn 0.000000 1.000000 0.000000
vn 0.000000 1.000000 0.000000
s 1
g group13 B02 group16 pCube45
usemtl blinn2SG
f 1060/1482/2205 1068/1496/2206 1069/1498/2207 1062/1484/2208
s 2
f 1062/1484/2209 1069/1498/2210 1077/1510/2211 1072/1502/2212
s 3
f 1064/1486/2213 1070/1499/2214 1071/1500/2215 1066/1488/2216
s 4
f 1073/1504/2217 1074/1505/2218 1068/1497/2219 1060/1490/2220
s 5
f 1061/1483/2221 1075/1507/2222 1076/1509/2223 1063/1485/2224
s 6
f 1072/1501/2225 1073/1503/2226 1060/1482/2227 1062/1484/2228
s 1
f 1069/1498/2207 1068/1496/2206 1061/1483/2229 1063/1485/2230
s 2
f 1076/1508/2231 1077/1510/2211 1069/1498/2210 1063/1485/2232
s 3
f 1071/1500/2215 1070/1499/2214 1065/1487/2233 1067/1489/2234
s 4
f 1068/1497/2219 1074/1505/2218 1075/1506/2235 1061/1491/2236
s 6
f 1066/1494/2237 1073/1503/2226 1072/1501/2225 1064/1495/2238
s 4
f 1066/1488/2239 1071/1500/2240 1074/1505/2218 1073/1504/2217
f 1075/1506/2235 1074/1505/2218 1071/1500/2240 1067/1489/2241
s 5
f 1076/1509/2223 1075/1507/2222 1067/1492/2242 1065/1493/2243
s 2
f 1070/1499/2244 1077/1510/2211 1076/1508/2231 1065/1487/2245
f 1072/1502/2212 1077/1510/2211 1070/1499/2244 1064/1486/2246
g default
v -1107.707606 1209.505725 -128.858309
v -1073.445749 1209.505725 -128.858309
v -998.187390 1209.505725 -128.858309
v -963.925538 1209.505725 -128.858309
v -1107.707606 1528.573666 -128.858309
v -1073.445749 1528.573666 -128.858309
v -998.187390 1528.573666 -128.858309
v -963.925538 1528.573666 -128.858309
v -1107.707606 1528.573666 -140.891904
v -1073.445749 1528.573666 -140.891904
v -998.187390 1528.573666 -140.891904
v -963.925538 1528.573666 -140.891904
v -1107.707606 1209.505725 -140.891904
v -1073.445749 1209.505725 -140.891904
v -998.187390 1209.505725 -140.891904
v -963.925538 1209.505725 -140.891904
v -1107.707606 1528.573666 -134.875107
v -1107.707606 1209.505725 -134.875107
v -1073.445749 1209.505725 -134.875107
v -998.187390 1209.505725 -134.875107
v -963.925538 1209.505725 -134.875107
v -963.925538 1528.573666 -134.875107
v -998.187390 1528.573666 -134.875107
v -1073.445749 1528.573666 -134.875107
vt 0.375000 0.000000
vt 0.458333 0.000000
vt 0.541667 0.000000
vt 0.625000 0.000000
vt 0.375000 0.250000
vt 0.458333 0.250000
vt 0.541667 0.250000
vt 0.625000 0.250000
vt 0.375000 0.500000
vt 0.458333 0.500000
vt 0.541667 0.500000
vt 0.625000 0.500000
vt 0.375000 0.750000
vt 0.458333 0.750000
vt 0.541667 0.750000
vt 0.625000 0.750000
vt 0.375000 1.000000
vt 0.458333 1.000000
vt 0.541667 1.000000
vt 0.625000 1.000000
vt 0.875000 0.000000
vt 0.875000 0.250000
vt 0.125000 0.000000
vt 0.125000 0.250000
vt 0.250000 0.250000
vt 0.375000 0.375000
vt 0.250000 0.000000
vt 0.375000 0.875000
vt 0.458333 0.875000
vt 0.541667 0.875000
vt 0.625000 0.875000
vt 0.750000 0.000000
vt 0.625000 0.375000
vt 0.750000 0.250000
vt 0.541667 0.375000
vt 0.458333 0.375000
vn 0.000000 0.000000 1.000000
vn 0.000000 0.000000 1.000000
vn 0.000000 0.000000 1.000000
vn 0.000000 0.000000 1.000000
vn 0.000000 0.000000 1.000000
vn 0.000000 0.000000 1.000000
vn 0.000000 0.000000 1.000000
vn 0.000000 0.000000 1.000000
vn 0.000000 1.000000 0.000000
vn 0.000000 1.000000 0.000000
vn 0.000000 1.000000 0.000000
vn 0.000000 1.000000 0.000000
vn 0.000000 1.000000 0.000000
vn 0.000000 1.000000 0.000000
vn 0.000000 1.000000 0.000000
vn 0.000000 1.000000 0.000000
vn 0.000000 0.000000 -1.000000
vn 0.000000 0.000000 -1.000000
vn 0.000000 0.000000 -1.000000
vn 0.000000 0.000000 -1.000000
vn 0.000000 0.000000 -1.000000
vn 0.000000 0.000000 -1.000000
vn 0.000000 0.000000 -1.000000
vn 0.000000 0.000000 -1.000000
vn 0.000000 -1.000000 0.000000
vn 0.000000 -1.000000 0.000000
vn 0.000000 -1.000000 0.000000
vn 0.000000 -1.000000 0.000000
vn 0.000000 -1.000000 0.000000
vn 0.000000 -1.000000 0.000000
vn 0.000000 -1.000000 0.000000
vn 0.000000 -1.000000 0.000000
vn 1.000000 0.000000 0.000000
vn 1.000000 0.000000 0.000000
vn 1.000000 0.000000 0.000000
vn 1.000000 0.000000 0.000000
vn -1.000000 0.000000 0.000000
vn -1.000000 0.000000 0.000000
vn -1.000000 0.000000 0.000000
vn -1.000000 0.000000 0.000000
vn -1.000000 0.000000 0.000000
vn -1.000000 0.000000 0.000000
vn 0.000000 -1.000000 0.000000
vn 0.000000 -1.000000 0.000000
vn 0.000000 -1.000000 0.000000
vn 0.000000 -1.000000 0.000000
vn 1.000000 0.000000 0.000000
vn 1.000000 0.000000 0.000000
vn 0.000000 1.000000 0.000000
vn 0.000000 1.000000 0.000000
vn 0.000000 1.000000 0.000000
vn 0.000000 1.000000 0.000000
s 1
g group13 B02 group16 pCube44
usemtl blinn2SG
f 1078/1511/2247 1079/1512/2248 1083/1516/2249 1082/1515/2250
f 1079/1512/2248 1080/1513/2251 1084/1517/2252 1083/1516/2249
f 1080/1513/2251 1081/1514/2253 1085/1518/2254 1084/1517/2252
s 2
f 1082/1515/2255 1083/1516/2256 1101/1546/2257 1094/1536/2258
f 1083/1516/2256 1084/1517/2259 1100/1545/2260 1101/1546/2257
f 1084/1517/2259 1085/1518/2261 1099/1543/2262 1100/1545/2260
s 3
f 1086/1519/2263 1087/1520/2264 1091/1524/2265 1090/1523/2266
f 1087/1520/2264 1088/1521/2267 1092/1525/2268 1091/1524/2265
f 1088/1521/2267 1089/1522/2269 1093/1526/2270 1092/1525/2268
s 4
f 1095/1538/2271 1096/1539/2272 1079/1528/2273 1078/1527/2274
f 1096/1539/2272 1097/1540/2275 1080/1529/2276 1079/1528/2273
f 1097/1540/2275 1098/1541/2277 1081/1530/2278 1080/1529/2276
s 5
f 1081/1514/2279 1098/1542/2280 1099/1544/2281 1085/1518/2282
s 6
f 1094/1535/2283 1095/1537/2284 1078/1511/2285 1082/1515/2286
f 1090/1533/2287 1095/1537/2284 1094/1535/2283 1086/1534/2288
s 4
f 1090/1523/2289 1091/1524/2290 1096/1539/2272 1095/1538/2271
f 1091/1524/2290 1092/1525/2291 1097/1540/2275 1096/1539/2272
f 1092/1525/2291 1093/1526/2292 1098/1541/2277 1097/1540/2275
s 5
f 1099/1544/2281 1098/1542/2280 1093/1531/2293 1089/1532/2294
s 2
f 1100/1545/2260 1099/1543/2262 1089/1522/2295 1088/1521/2296
f 1101/1546/2257 1100/1545/2260 1088/1521/2296 1087/1520/2297
f 1094/1536/2258 1101/1546/2257 1087/1520/2297 1086/1519/2298
g default
v -1003.752268 1528.573721 -130.515688
v -992.622317 1528.573721 -130.515688
v -1003.752268 1541.648829 -130.515688
v -992.622317 1541.648829 -130.515688
v -1003.752268 1541.648829 -139.234525
v -992.622317 1541.648829 -139.234525
v -1003.752268 1528.573721 -139.234525
v -992.622317 1528.573721 -139.234525
v -998.187293 1528.573721 -130.515688
v -998.187293 1541.648829 -130.515688
v -998.187293 1541.648829 -139.234525
v -998.187293 1528.573721 -139.234525
v -1003.752268 1541.648829 -134.875107
v -1003.752268 1528.573721 -134.875107
v -998.187293 1528.573721 -134.875107
v -992.622317 1528.573721 -134.875107
v -992.622317 1541.648829 -134.875107
v -998.187293 1541.648829 -134.875107
vt 0.375000 0.000000
vt 0.625000 0.000000
vt 0.375000 0.250000
vt 0.625000 0.250000
vt 0.375000 0.500000
vt 0.625000 0.500000
vt 0.375000 0.750000
vt 0.625000 0.750000
vt 0.375000 1.000000
vt 0.625000 1.000000
vt 0.875000 0.000000
vt 0.875000 0.250000
vt 0.125000 0.000000
vt 0.125000 0.250000
vt 0.500000 0.000000
vt 0.500000 1.000000
vt 0.500000 0.250000
vt 0.500000 0.500000
vt 0.500000 0.750000
vt 0.250000 0.250000
vt 0.375000 0.375000
vt 0.250000 0.000000
vt 0.375000 0.875000
vt 0.500000 0.875000
vt 0.625000 0.875000
vt 0.750000 0.000000
vt 0.625000 0.375000
vt 0.750000 0.250000
vt 0.500000 0.375000
vn 0.000000 0.000000 1.000000
vn 0.000000 0.000000 1.000000
vn 0.000000 0.000000 1.000000
vn 0.000000 0.000000 1.000000
vn 0.000000 1.000000 0.000000
vn 0.000000 1.000000 0.000000
vn 0.000000 1.000000 0.000000
vn 0.000000 1.000000 0.000000
vn 0.000000 0.000000 -1.000000
vn 0.000000 0.000000 -1.000000
vn 0.000000 0.000000 -1.000000
vn 0.000000 0.000000 -1.000000
vn 0.000000 -1.000000 0.000000
vn 0.000000 -1.000000 0.000000
vn 0.000000 -1.000000 0.000000
vn 0.000000 -1.000000 0.000000
vn 1.000000 0.000000 0.000000
vn 1.000000 0.000000 0.000000
vn 1.000000 0.000000 0.000000
vn 1.000000 0.000000 0.000000
vn -1.000000 0.000000 0.000000
vn -1.000000 0.000000 0.000000
vn -1.000000 0.000000 0.000000
vn -1.000000 0.000000 0.000000
vn 0.000000 0.000000 1.000000
vn 0.000000 0.000000 1.000000
vn 0.000000 1.000000 0.000000
vn 0.000000 1.000000 0.000000
vn 0.000000 0.000000 -1.000000
vn 0.000000 0.000000 -1.000000
vn 0.000000 -1.000000 0.000000
vn 0.000000 -1.000000 0.000000
vn -1.000000 0.000000 0.000000
vn -1.000000 0.000000 0.000000
vn 0.000000 -1.000000 0.000000
vn 0.000000 -1.000000 0.000000
vn 0.000000 -1.000000 0.000000
vn 1.000000 0.000000 0.000000
vn 1.000000 0.000000 0.000000
vn 0.000000 1.000000 0.000000
vn 0.000000 1.000000 0.000000
vn 0.000000 1.000000 0.000000
s 1
g group13 B02 group16 pCube46
usemtl blinn2SG
f 1102/1547/2299 1110/1561/2300 1111/1563/2301 1104/1549/2302
s 2
f 1104/1549/2303 1111/1563/2304 1119/1575/2305 1114/1567/2306
s 3
f 1106/1551/2307 1112/1564/2308 1113/1565/2309 1108/1553/2310
s 4
f 1115/1569/2311 1116/1570/2312 1110/1562/2313 1102/1555/2314
s 5
f 1103/1548/2315 1117/1572/2316 1118/1574/2317 1105/1550/2318
s 6
f 1114/1566/2319 1115/1568/2320 1102/1547/2321 1104/1549/2322
s 1
f 1111/1563/2301 1110/1561/2300 1103/1548/2323 1105/1550/2324
s 2
f 1118/1573/2325 1119/1575/2305 1111/1563/2304 1105/1550/2326
s 3
f 1113/1565/2309 1112/1564/2308 1107/1552/2327 1109/1554/2328
s 4
f 1110/1562/2313 1116/1570/2312 1117/1571/2329 1103/1556/2330
s 6
f 1108/1559/2331 1115/1568/2320 1114/1566/2319 1106/1560/2332
s 4
f 1108/1553/2333 1113/1565/2334 1116/1570/2312 1115/1569/2311
f 1117/1571/2329 1116/1570/2312 1113/1565/2334 1109/1554/2335
s 5
f 1118/1574/2317 1117/1572/2316 1109/1557/2336 1107/1558/2337
s 2
f 1112/1564/2338 1119/1575/2305 1118/1573/2325 1107/1552/2339
f 1114/1567/2306 1119/1575/2305 1112/1564/2338 1106/1551/2340
g default
v -1079.010630 1172.246752 -130.515688
v -1067.880679 1172.246752 -130.515688
v -1079.010630 1209.505459 -130.515688
v -1067.880679 1209.505459 -130.515688
v -1079.010630 1209.505459 -139.234525
v -1067.880679 1209.505459 -139.234525
v -1079.010630 1172.246752 -139.234525
v -1067.880679 1172.246752 -139.234525
v -1073.445654 1172.246752 -130.515688
v -1073.445654 1209.505459 -130.515688
v -1073.445654 1209.505459 -139.234525
v -1073.445654 1172.246752 -139.234525
v -1079.010630 1209.505459 -134.875107
v -1079.010630 1172.246752 -134.875107
v -1073.445654 1172.246752 -134.875107
v -1067.880679 1172.246752 -134.875107
v -1067.880679 1209.505459 -134.875107
v -1073.445654 1209.505459 -134.875107
vt 0.375000 0.000000
vt 0.625000 0.000000
vt 0.375000 0.250000
vt 0.625000 0.250000
vt 0.375000 0.500000
vt 0.625000 0.500000
vt 0.375000 0.750000
vt 0.625000 0.750000
vt 0.375000 1.000000
vt 0.625000 1.000000
vt 0.875000 0.000000
vt 0.875000 0.250000
vt 0.125000 0.000000
vt 0.125000 0.250000
vt 0.500000 0.000000
vt 0.500000 1.000000
vt 0.500000 0.250000
vt 0.500000 0.500000
vt 0.500000 0.750000
vt 0.250000 0.250000
vt 0.375000 0.375000
vt 0.250000 0.000000
vt 0.375000 0.875000
vt 0.500000 0.875000
vt 0.625000 0.875000
vt 0.750000 0.000000
vt 0.625000 0.375000
vt 0.750000 0.250000
vt 0.500000 0.375000
vn 0.000000 0.000000 1.000000
vn 0.000000 0.000000 1.000000
vn 0.000000 0.000000 1.000000
vn 0.000000 0.000000 1.000000
vn 0.000000 1.000000 0.000000
vn 0.000000 1.000000 0.000000
vn 0.000000 1.000000 0.000000
vn 0.000000 1.000000 0.000000
vn 0.000000 0.000000 -1.000000
vn 0.000000 0.000000 -1.000000
vn 0.000000 0.000000 -1.000000
vn 0.000000 0.000000 -1.000000
vn 0.000000 -1.000000 0.000000
vn 0.000000 -1.000000 0.000000
vn 0.000000 -1.000000 0.000000
vn 0.000000 -1.000000 0.000000
vn 1.000000 0.000000 0.000000
vn 1.000000 0.000000 0.000000
vn 1.000000 0.000000 0.000000
vn 1.000000 0.000000 0.000000
vn -1.000000 0.000000 0.000000
vn -1.000000 0.000000 0.000000
vn -1.000000 0.000000 0.000000
vn -1.000000 0.000000 0.000000
vn 0.000000 0.000000 1.000000
vn 0.000000 0.000000 1.000000
vn 0.000000 1.000000 0.000000
vn 0.000000 1.000000 0.000000
vn 0.000000 0.000000 -1.000000
vn 0.000000 0.000000 -1.000000
vn 0.000000 -1.000000 0.000000
vn 0.000000 -1.000000 0.000000
vn -1.000000 0.000000 0.000000
vn -1.000000 0.000000 0.000000
vn 0.000000 -1.000000 0.000000
vn 0.000000 -1.000000 0.000000
vn 0.000000 -1.000000 0.000000
vn 1.000000 0.000000 0.000000
vn 1.000000 0.000000 0.000000
vn 0.000000 1.000000 0.000000
vn 0.000000 1.000000 0.000000
vn 0.000000 1.000000 0.000000
s 1
g group13 B02 group16 pCube48
usemtl blinn2SG
f 1120/1576/2341 1128/1590/2342 1129/1592/2343 1122/1578/2344
s 2
f 1122/1578/2345 1129/1592/2346 1137/1604/2347 1132/1596/2348
s 3
f 1124/1580/2349 1130/1593/2350 1131/1594/2351 1126/1582/2352
s 4
f 1133/1598/2353 1134/1599/2354 1128/1591/2355 1120/1584/2356
s 5
f 1121/1577/2357 1135/1601/2358 1136/1603/2359 1123/1579/2360
s 6
f 1132/1595/2361 1133/1597/2362 1120/1576/2363 1122/1578/2364
s 1
f 1129/1592/2343 1128/1590/2342 1121/1577/2365 1123/1579/2366
s 2
f 1136/1602/2367 1137/1604/2347 1129/1592/2346 1123/1579/2368
s 3
f 1131/1594/2351 1130/1593/2350 1125/1581/2369 1127/1583/2370
s 4
f 1128/1591/2355 1134/1599/2354 1135/1600/2371 1121/1585/2372
s 6
f 1126/1588/2373 1133/1597/2362 1132/1595/2361 1124/1589/2374
s 4
f 1126/1582/2375 1131/1594/2376 1134/1599/2354 1133/1598/2353
f 1135/1600/2371 1134/1599/2354 1131/1594/2376 1127/1583/2377
s 5
f 1136/1603/2359 1135/1601/2358 1127/1586/2378 1125/1587/2379
s 2
f 1130/1593/2380 1137/1604/2347 1136/1602/2367 1125/1581/2381
f 1132/1596/2348 1137/1604/2347 1130/1593/2380 1124/1580/2382
g default
v -814.589863 -5.351096 47.074172
v -668.887478 -5.351096 47.074172
v -523.185059 -5.351096 47.074172
v -377.482674 -5.351096 47.074172
v -231.780289 -5.351096 47.074172
v -814.589863 919.292084 47.074172
v -668.887478 919.292084 47.074172
v -523.185059 919.292084 47.074172
v -377.482674 919.292084 47.074172
v -231.780289 919.292084 47.074172
v -814.589863 919.292084 -134.874619
v -668.887478 919.292084 -134.874619
v -523.185059 919.292084 -134.874619
v -377.482674 919.292084 -134.874619
v -231.780289 919.292084 -134.874619
v -814.589863 919.292084 -316.823430
v -668.887478 919.292084 -316.823430
v -523.185059 919.292084 -316.823430
v -377.482674 919.292084 -316.823430
v -231.780289 919.292084 -316.823430
v -814.589863 -5.351096 -316.823430
v -668.887478 -5.351096 -316.823430
v -523.185059 -5.351096 -316.823430
v -377.482674 -5.351096 -316.823430
v -231.780289 -5.351096 -316.823430
v -814.589863 -5.351096 -134.874619
v -668.887478 -5.351096 -134.874619
v -523.185059 -5.351096 -134.874619
v -377.482674 -5.351096 -134.874619
v -231.780289 -5.351096 -134.874619
v -304.631482 -5.351096 47.074172
v -304.631482 919.292084 47.074172
v -304.631482 919.292084 -134.874619
v -304.631482 919.292084 -316.823430
v -304.631482 -5.351096 -316.823430
v -304.631482 -5.351096 -134.874619
v -814.589863 734.363404 47.074172
v -814.589863 734.363404 -134.874619
v -814.589863 734.363404 -316.823430
v -668.887478 734.363404 -316.823430
v -523.185059 734.363404 -316.823430
v -377.482674 734.363404 -316.823430
v -304.631482 734.363404 -316.823430
v -231.780289 734.363404 -316.823430
v -231.780289 734.363404 -134.874619
v -231.780289 734.363404 47.074172
v -304.631482 734.363404 47.074172
v -377.482674 734.363404 47.074172
v -523.185059 734.363404 47.074172
v -668.887478 734.363404 47.074172
v -814.589863 189.382412 47.074172
v -814.589863 189.382412 -134.874619
v -814.589863 189.382412 -316.823430
v -668.887478 242.816780 -316.823430
v -523.185059 242.816780 -316.823430
v -377.482674 189.382412 -316.823430
v -304.631482 189.382412 -316.823430
v -231.780289 189.382412 -316.823430
v -231.780289 189.382412 -134.874619
v -231.780289 189.382412 47.074172
v -304.631482 189.382412 47.074172
v -377.482674 189.382412 47.074172
v -523.185059 242.816780 47.074172
v -668.887478 242.816780 47.074172
v -814.589863 220.900864 -316.823430
v -814.589863 220.900864 -134.874619
v -814.589863 220.900864 47.074172
v -668.887478 274.335232 47.074172
v -523.185059 274.335232 47.074172
v -377.482674 220.900864 47.074172
v -304.631482 220.900864 47.074172
v -231.780289 220.900864 47.074172
v -231.780289 220.900864 -134.874619
v -231.780289 220.900864 -316.823430
v -304.631482 220.900864 -316.823430
v -377.482674 220.900864 -316.823430
v -523.185059 274.335232 -316.823430
v -668.887478 274.335232 -316.823430
v -799.589858 194.440328 -134.874619
v -799.589858 194.440328 -301.823439
v -799.589858 215.842949 -134.874619
v -799.589858 215.842949 -301.823439
v -799.589858 194.440328 32.074180
v -799.589858 215.842949 32.074180
v -668.887478 247.874696 32.074180
v -668.887478 269.277331 32.074180
v -523.185059 247.874696 32.074180
v -523.185059 269.277331 32.074180
v -377.482674 194.440328 32.074180
v -377.482674 215.842949 32.074180
v -304.631482 194.440300 32.074180
v -304.631482 215.842949 32.074180
v -246.780294 215.842976 32.074180
v -246.780294 194.440300 32.074180
v -246.780294 194.440300 -134.874619
v -246.780294 215.842976 -134.874619
v -246.780294 194.440300 -301.823439
v -246.780294 215.842976 -301.823439
v -304.631482 194.440300 -301.823439
v -304.631482 215.842949 -301.823439
v -377.482674 215.842949 -301.823439
v -377.482674 194.440328 -301.823439
v -523.185059 269.277331 -301.823439
v -523.185059 247.874696 -301.823439
v -668.887478 269.277331 -301.823439
v -668.887478 247.874696 -301.823439
vt 0.375000 0.000000
vt 0.437500 0.000000
vt 0.500000 0.000000
vt 0.562500 0.000000
vt 0.625000 0.000000
vt 0.375000 0.250000
vt 0.437500 0.250000
vt 0.500000 0.250000
vt 0.562500 0.250000
vt 0.625000 0.250000
vt 0.375000 0.375000
vt 0.437500 0.375000
vt 0.500000 0.375000
vt 0.562500 0.375000
vt 0.625000 0.375000
vt 0.375000 0.500000
vt 0.437500 0.500000
vt 0.500000 0.500000
vt 0.562500 0.500000
vt 0.625000 0.500000
vt 0.375000 0.750000
vt 0.437500 0.750000
vt 0.500000 0.750000
vt 0.562500 0.750000
vt 0.625000 0.750000
vt 0.375000 0.875000
vt 0.437500 0.875000
vt 0.500000 0.875000
vt 0.562500 0.875000
vt 0.625000 0.875000
vt 0.375000 1.000000
vt 0.437500 1.000000
vt 0.500000 1.000000
vt 0.562500 1.000000
vt 0.625000 1.000000
vt 0.875000 0.000000
vt 0.750000 0.000000
vt 0.875000 0.250000
vt 0.750000 0.250000
vt 0.125000 0.000000
vt 0.250000 0.000000
vt 0.125000 0.250000
vt 0.250000 0.250000
vt 0.593750 0.000000
vt 0.593750 1.000000
vt 0.593750 0.250000
vt 0.593750 0.375000
vt 0.593750 0.500000
vt 0.593750 0.750000
vt 0.593750 0.875000
vt 0.375000 0.200000
vt 0.250000 0.200000
vt 0.125000 0.200000
vt 0.375000 0.550000
vt 0.437500 0.550000
vt 0.500000 0.550000
vt 0.562500 0.550000
vt 0.593750 0.550000
vt 0.625000 0.550000
vt 0.875000 0.200000
vt 0.750000 0.200000
vt 0.625000 0.200000
vt 0.593750 0.200000
vt 0.562500 0.200000
vt 0.500000 0.200000
vt 0.437500 0.200000
vt 0.375000 0.052651
vt 0.250000 0.052651
vt 0.125000 0.052651
vt 0.375000 0.697349
vt 0.437500 0.697349
vt 0.500000 0.697349
vt 0.562500 0.697349
vt 0.593750 0.697349
vt 0.625000 0.697349
vt 0.875000 0.052651
vt 0.750000 0.052651
vt 0.625000 0.052651
vt 0.593750 0.052651
vt 0.562500 0.052651
vt 0.500000 0.052651
vt 0.437500 0.052651
vt 0.125000 0.061173
vt 0.375000 0.688827
vt 0.250000 0.061173
vt 0.375000 0.061173
vt 0.437500 0.061173
vt 0.500000 0.061173
vt 0.562500 0.061173
vt 0.593750 0.061173
vt 0.625000 0.061173
vt 0.750000 0.061173
vt 0.625000 0.688827
vt 0.875000 0.061173
vt 0.593750 0.688827
vt 0.562500 0.688827
vt 0.500000 0.688827
vt 0.437500 0.688827
vt 0.125000 0.052651
vt 0.250000 0.052651
vt 0.250000 0.061173
vt 0.125000 0.061173
vt 0.375000 0.052651
vt 0.375000 0.061173
vt 0.437500 0.052651
vt 0.437500 0.061173
vt 0.500000 0.052651
vt 0.500000 0.061173
vt 0.562500 0.052651
vt 0.562500 0.061173
vt 0.593750 0.052651
vt 0.593750 0.061173
vt 0.625000 0.061173
vt 0.625000 0.052651
vt 0.750000 0.052651
vt 0.750000 0.061173
vt 0.875000 0.052651
vt 0.875000 0.061173
vt 0.625000 0.697349
vt 0.593750 0.697349
vt 0.593750 0.688827
vt 0.625000 0.688827
vt 0.562500 0.688827
vt 0.562500 0.697349
vt 0.500000 0.688827
vt 0.500000 0.697349
vt 0.437500 0.688827
vt 0.437500 0.697349
vt 0.375000 0.688827
vt 0.375000 0.697349
vn 0.000000 0.000000 1.000000
vn 0.000000 0.000000 1.000000
vn 0.000000 0.000000 1.000000
vn 0.000000 0.000000 1.000000
vn 0.000000 0.000000 1.000000
vn 0.000000 0.000000 1.000000
vn 0.000000 0.000000 1.000000
vn 0.000000 0.000000 1.000000
vn 0.000000 0.000000 1.000000
vn 0.000000 0.000000 1.000000
vn 0.000000 1.000000 0.000000
vn 0.000000 1.000000 0.000000
vn 0.000000 1.000000 0.000000
vn 0.000000 1.000000 0.000000
vn 0.000000 1.000000 0.000000
vn 0.000000 1.000000 0.000000
vn 0.000000 1.000000 0.000000
vn 0.000000 1.000000 0.000000
vn 0.000000 1.000000 0.000000
vn 0.000000 1.000000 0.000000
vn 0.000000 1.000000 0.000000
vn 0.000000 1.000000 0.000000
vn 0.000000 1.000000 0.000000
vn 0.000000 1.000000 0.000000
vn 0.000000 1.000000 0.000000
vn 0.000000 0.000000 -1.000000
vn 0.000000 0.000000 -1.000000
vn 0.000000 0.000000 -1.000000
vn 0.000000 0.000000 -1.000000
vn 0.000000 0.000000 -1.000000
vn 0.000000 0.000000 -1.000000
vn 0.000000 0.000000 -1.000000
vn 0.000000 0.000000 -1.000000
vn 0.000000 0.000000 -1.000000
vn 0.000000 0.000000 -1.000000
vn 0.000000 -1.000000 0.000000
vn 0.000000 -1.000000 0.000000
vn 0.000000 -1.000000 0.000000
vn 0.000000 -1.000000 0.000000
vn 0.000000 -1.000000 0.000000
vn 0.000000 -1.000000 0.000000
vn 0.000000 -1.000000 0.000000
vn 0.000000 -1.000000 0.000000
vn 0.000000 -1.000000 0.000000
vn 0.000000 -1.000000 0.000000
vn 0.000000 -1.000000 0.000000
vn 0.000000 -1.000000 0.000000
vn 0.000000 -1.000000 0.000000
vn 0.000000 -1.000000 0.000000
vn 0.000000 -1.000000 0.000000
vn 1.000000 0.000000 0.000000
vn 1.000000 0.000000 0.000000
vn 1.000000 0.000000 0.000000
vn 1.000000 0.000000 0.000000
vn 1.000000 0.000000 0.000000
vn 1.000000 0.000000 0.000000
vn -1.000000 0.000000 0.000000
vn -1.000000 0.000000 0.000000
vn -1.000000 0.000000 0.000000
vn -1.000000 0.000000 0.000000
vn -1.000000 0.000000 0.000000
vn -1.000000 0.000000 0.000000
vn 0.000000 0.000000 1.000000
vn 0.000000 0.000000 1.000000
vn 0.000000 1.000000 0.000000
vn 0.000000 1.000000 0.000000
vn 0.000000 1.000000 0.000000
vn 0.000000 0.000000 -1.000000
vn 0.000000 0.000000 -1.000000
vn 0.000000 -1.000000 0.000000
vn 0.000000 -1.000000 0.000000
vn 0.000000 -1.000000 0.000000
vn -1.000000 0.000000 0.000000
vn -1.000000 0.000000 0.000000
vn -1.000000 0.000000 0.000000
vn -1.000000 0.000000 0.000000
vn -1.000000 0.000000 0.000000
vn -1.000000 0.000000 0.000000
vn 0.000000 0.000000 -1.000000
vn 0.000000 0.000000 -1.000000
vn -0.000000 0.000000 -1.000000
vn -0.000000 0.000000 -1.000000
vn 0.000000 0.000000 -1.000000
vn 0.000000 0.000000 -1.000000
vn 0.000000 0.000000 -1.000000
vn 0.000000 0.000000 -1.000000
vn 0.000000 0.000000 -1.000000
vn 0.000000 0.000000 -1.000000
vn 0.000000 0.000000 -1.000000
vn 0.000000 0.000000 -1.000000
vn 1.000000 0.000000 0.000000
vn 1.000000 0.000000 0.000000
vn 1.000000 0.000000 0.000000
vn 1.000000 0.000000 0.000000
vn 1.000000 0.000000 0.000000
vn 1.000000 0.000000 0.000000
vn 0.000000 0.000000 1.000000
vn 0.000000 0.000000 1.000000
vn 0.000000 0.000000 1.000000
vn 0.000000 0.000000 1.000000
vn 0.000000 0.000000 1.000000
vn 0.000000 0.000000 1.000000
vn 0.000000 0.000000 1.000000
vn 0.000000 0.000000 1.000000
vn 0.000000 0.000000 1.000000
vn 0.000000 0.000000 1.000000
vn 0.000000 0.000000 1.000000
vn 0.000000 0.000000 1.000000
vn -1.000000 0.000000 0.000000
vn -1.000000 0.000000 0.000000
vn -1.000000 0.000000 0.000000
vn -0.000000 0.000000 -1.000000
vn -0.000000 0.000000 -1.000000
vn 0.000000 0.000000 -1.000000
vn 0.000000 0.000000 -1.000000
vn 0.000000 0.000000 -1.000000
vn 0.000000 0.000000 -1.000000
vn 1.000000 0.000000 0.000000
vn 1.000000 0.000000 0.000000
vn 1.000000 0.000000 0.000000
vn 0.000000 0.000000 1.000000
vn 0.000000 0.000000 1.000000
vn 0.000000 0.000000 1.000000
vn 0.000000 0.000000 1.000000
vn 0.000000 0.000000 1.000000
vn 0.000000 0.000000 1.000000
vn -1.000000 0.000000 0.000000
vn -1.000000 0.000000 0.000000
vn -1.000000 0.000000 0.000000
vn -1.000000 0.000000 0.000000
vn -1.000000 0.000000 0.000000
vn -1.000000 0.000000 0.000000
vn -0.000000 0.000000 1.000000
vn -0.000000 0.000000 1.000000
vn -0.000000 0.000000 1.000000
vn -0.000000 0.000000 1.000000
vn 0.000000 0.000000 1.000000
vn 0.000000 0.000000 1.000000
vn 0.000000 0.000000 1.000000
vn 0.000000 0.000000 1.000000
vn 0.000000 0.000000 1.000000
vn 0.000000 0.000000 1.000000
vn 0.000000 0.000000 1.000000
vn 0.000000 0.000000 1.000000
vn 1.000000 0.000000 0.000000
vn 1.000000 0.000000 0.000000
vn 1.000000 0.000000 0.000000
vn 1.000000 0.000000 0.000000
vn 1.000000 0.000000 0.000000
vn 1.000000 0.000000 0.000000
vn 0.000000 0.000000 -1.000000
vn 0.000000 0.000000 -1.000000
vn 0.000000 0.000000 -1.000000
vn 0.000000 0.000000 -1.000000
vn -0.000000 0.000000 -1.000000
vn -0.000000 0.000000 -1.000000
vn -0.000000 0.000000 -1.000000
vn -0.000000 0.000000 -1.000000
vn 0.000000 0.000000 -1.000000
vn 0.000000 0.000000 -1.000000
vn 0.000000 0.000000 -1.000000
vn 0.000000 0.000000 -1.000000
vn -0.342660 0.936172 -0.078530
vn -0.319519 0.947580 0.000000
vn -0.319519 0.947580 0.000000
vn -0.335583 0.940478 -0.053713
vn -0.319519 -0.947580 0.000000
vn 0.090002 -0.949489 -0.300618
vn -0.053962 -0.977873 -0.202119
vn -0.319519 -0.947580 0.000000
vn -0.342659 0.936172 0.078530
vn -0.335583 0.940478 0.053713
vn 0.090001 -0.949489 0.300618
vn -0.053962 -0.977873 0.202119
vn -0.181608 0.955742 0.231466
vn -0.177974 0.955965 0.233358
vn 0.168737 -0.905372 0.389654
vn 0.171993 -0.904223 0.390895
vn 0.172743 0.933335 0.314715
vn 0.169608 0.933851 0.314889
vn -0.169608 -0.933851 0.314889
vn -0.172743 -0.933335 0.314715
vn 0.224332 0.923429 0.311374
vn 0.227027 0.922838 0.311174
vn -0.227027 -0.922837 0.311175
vn -0.224332 -0.923429 0.311375
vn 0.000000 0.947581 0.319517
vn 0.000000 0.947581 0.319517
vn 0.000000 -0.947580 0.319519
vn 0.000000 -0.947580 0.319519
vn 0.196166 -0.971715 0.131490
vn 0.248653 -0.965534 0.076918
vn 0.196165 0.971715 0.131489
vn 0.248653 0.965534 0.076918
vn 0.319517 0.947581 0.000000
vn 0.319517 0.947581 0.000000
vn 0.319517 -0.947581 0.000000
vn 0.319517 -0.947581 0.000000
vn 0.196165 0.971715 -0.131489
vn 0.248653 0.965534 -0.076918
vn 0.196166 -0.971715 -0.131490
vn 0.248653 -0.965534 -0.076918
vn 0.000000 0.947581 -0.319517
vn 0.000000 0.947581 -0.319517
vn 0.000000 -0.947580 -0.319519
vn 0.000000 -0.947580 -0.319518
vn -0.227027 -0.922837 -0.311175
vn -0.224332 -0.923429 -0.311375
vn 0.224333 0.923429 -0.311374
vn 0.227027 0.922838 -0.311174
vn -0.169608 -0.933851 -0.314889
vn -0.172743 -0.933335 -0.314715
vn 0.172743 0.933335 -0.314715
vn 0.169608 0.933851 -0.314889
vn 0.168737 -0.905371 -0.389654
vn 0.171993 -0.904223 -0.390895
vn -0.181608 0.955741 -0.231466
vn -0.177975 0.955965 -0.233358
s 1
g group13 B02 pCube23
usemtl blinn3SG
f 1138/1605/2383 1139/1606/2384 1201/1686/2385 1188/1671/2386
f 1139/1606/2384 1140/1607/2387 1200/1685/2388 1201/1686/2385
f 1140/1607/2387 1141/1608/2389 1199/1684/2390 1200/1685/2388
f 1141/1608/2389 1168/1648/2391 1198/1683/2392 1199/1684/2390
s 2
f 1143/1610/2393 1144/1611/2394 1149/1616/2395 1148/1615/2396
f 1144/1611/2394 1145/1612/2397 1150/1617/2398 1149/1616/2395
f 1145/1612/2397 1146/1613/2399 1151/1618/2400 1150/1617/2398
f 1146/1613/2399 1169/1650/2401 1170/1651/2402 1151/1618/2400
f 1148/1615/2396 1149/1616/2395 1154/1621/2403 1153/1620/2404
f 1149/1616/2395 1150/1617/2398 1155/1622/2405 1154/1621/2403
f 1150/1617/2398 1151/1618/2400 1156/1623/2406 1155/1622/2405
f 1151/1618/2400 1170/1651/2402 1171/1652/2407 1156/1623/2406
s 3
f 1190/1674/2408 1191/1675/2409 1159/1626/2410 1158/1625/2411
f 1191/1675/2409 1192/1676/2412 1160/1627/2413 1159/1626/2410
f 1192/1676/2412 1193/1677/2414 1161/1628/2415 1160/1627/2413
f 1193/1677/2414 1194/1678/2416 1172/1653/2417 1161/1628/2415
s 4
f 1158/1625/2418 1159/1626/2419 1164/1631/2420 1163/1630/2421
f 1159/1626/2419 1160/1627/2422 1165/1632/2423 1164/1631/2420
f 1160/1627/2422 1161/1628/2424 1166/1633/2425 1165/1632/2423
f 1161/1628/2424 1172/1653/2426 1173/1654/2427 1166/1633/2425
f 1163/1630/2421 1164/1631/2420 1139/1636/2428 1138/1635/2429
f 1164/1631/2420 1165/1632/2423 1140/1637/2430 1139/1636/2428
f 1165/1632/2423 1166/1633/2425 1141/1638/2431 1140/1637/2430
f 1166/1633/2425 1173/1654/2427 1168/1649/2432 1141/1638/2431
s 5
f 1167/1641/2433 1162/1640/2434 1195/1680/2435 1196/1681/2436
f 1142/1609/2437 1167/1641/2433 1196/1681/2436 1197/1682/2438
s 6
f 1158/1644/2439 1163/1645/2440 1189/1672/2441 1190/1673/2442
f 1163/1645/2440 1138/1605/2443 1188/1671/2444 1189/1672/2441
s 1
f 1197/1682/2445 1198/1683/2392 1168/1648/2391 1142/1609/2446
s 2
f 1170/1651/2402 1169/1650/2401 1147/1614/2447 1152/1619/2448
f 1171/1652/2407 1170/1651/2402 1152/1619/2448 1157/1624/2449
s 3
f 1172/1653/2417 1194/1678/2416 1195/1679/2450 1162/1629/2451
s 4
f 1173/1654/2427 1172/1653/2426 1162/1629/2452 1167/1634/2453
f 1168/1649/2432 1173/1654/2427 1167/1634/2453 1142/1639/2454
s 7
f 1175/1656/2455 1174/1655/2456 1143/1610/2457 1148/1647/2458
f 1176/1657/2459 1175/1656/2455 1148/1647/2458 1153/1646/2460
s 8
f 1153/1620/2461 1154/1621/2462 1177/1659/2463 1176/1658/2464
f 1154/1621/2462 1155/1622/2465 1178/1660/2466 1177/1659/2463
f 1155/1622/2465 1156/1623/2467 1179/1661/2468 1178/1660/2466
f 1156/1623/2467 1171/1652/2469 1180/1662/2470 1179/1661/2468
f 1181/1663/2471 1180/1662/2470 1171/1652/2469 1157/1624/2472
s 9
f 1182/1665/2473 1181/1664/2474 1157/1642/2475 1152/1643/2476
f 1183/1666/2477 1182/1665/2473 1152/1643/2476 1147/1614/2478
s 10
f 1169/1650/2479 1184/1667/2480 1183/1666/2481 1147/1614/2482
f 1185/1668/2483 1184/1667/2480 1169/1650/2479 1146/1613/2484
f 1186/1669/2485 1185/1668/2483 1146/1613/2484 1145/1612/2486
f 1187/1670/2487 1186/1669/2485 1145/1612/2486 1144/1611/2488
f 1174/1655/2489 1187/1670/2487 1144/1611/2488 1143/1610/2490
s 7
f 1203/1689/2491 1204/1690/2492 1174/1655/2456 1175/1656/2455
f 1202/1687/2493 1203/1689/2491 1175/1656/2455 1176/1657/2459
s 8
f 1176/1658/2464 1177/1659/2463 1215/1702/2494 1202/1688/2495
f 1177/1659/2463 1178/1660/2466 1214/1701/2496 1215/1702/2494
f 1178/1660/2466 1179/1661/2468 1213/1700/2497 1214/1701/2496
f 1179/1661/2468 1180/1662/2470 1212/1699/2498 1213/1700/2497
f 1211/1697/2499 1212/1699/2498 1180/1662/2470 1181/1663/2471
s 9
f 1210/1696/2500 1211/1698/2501 1181/1664/2474 1182/1665/2473
f 1209/1695/2502 1210/1696/2500 1182/1665/2473 1183/1666/2477
s 10
f 1183/1666/2481 1184/1667/2480 1208/1694/2503 1209/1695/2504
f 1207/1693/2505 1208/1694/2503 1184/1667/2480 1185/1668/2483
f 1206/1692/2506 1207/1693/2505 1185/1668/2483 1186/1669/2485
f 1205/1691/2507 1206/1692/2506 1186/1669/2485 1187/1670/2487
f 1204/1690/2508 1205/1691/2507 1187/1670/2487 1174/1655/2489
s 11
f 1217/1703/2509 1216/1704/2510 1218/1705/2511 1219/1706/2512
f 1216/1704/2510 1220/1707/2513 1221/1708/2514 1218/1705/2511
s 12
f 1220/1707/2515 1222/1709/2516 1223/1710/2517 1221/1708/2518
f 1222/1709/2516 1224/1711/2519 1225/1712/2520 1223/1710/2517
f 1224/1711/2519 1226/1713/2521 1227/1714/2522 1225/1712/2520
f 1226/1713/2521 1228/1715/2523 1229/1716/2524 1227/1714/2522
f 1230/1717/2525 1229/1716/2524 1228/1715/2523 1231/1718/2526
s 13
f 1231/1718/2527 1232/1719/2528 1233/1720/2529 1230/1717/2530
f 1232/1719/2528 1234/1721/2531 1235/1722/2532 1233/1720/2529
s 14
f 1234/1723/2533 1236/1724/2534 1237/1725/2535 1235/1726/2536
f 1238/1727/2537 1237/1725/2535 1236/1724/2534 1239/1728/2538
f 1240/1729/2539 1238/1727/2537 1239/1728/2538 1241/1730/2540
f 1242/1731/2541 1240/1729/2539 1241/1730/2540 1243/1732/2542
f 1219/1733/2543 1242/1731/2541 1243/1732/2542 1217/1734/2544
s 15
f 1190/1673/2545 1189/1672/2546 1216/1704/2547 1217/1703/2548
s 16
f 1203/1689/2549 1202/1687/2550 1219/1706/2551 1218/1705/2552
s 15
f 1189/1672/2546 1188/1671/2553 1220/1707/2554 1216/1704/2547
s 16
f 1204/1690/2555 1203/1689/2549 1218/1705/2552 1221/1708/2556
s 15
f 1188/1671/2553 1201/1686/2557 1222/1709/2558 1220/1707/2554
s 16
f 1205/1691/2559 1204/1690/2555 1221/1708/2556 1223/1710/2560
s 15
f 1201/1686/2557 1200/1685/2561 1224/1711/2562 1222/1709/2558
s 16
f 1206/1692/2563 1205/1691/2559 1223/1710/2560 1225/1712/2564
s 15
f 1200/1685/2561 1199/1684/2565 1226/1713/2566 1224/1711/2562
s 16
f 1207/1693/2567 1206/1692/2563 1225/1712/2564 1227/1714/2568
s 15
f 1199/1684/2565 1198/1683/2569 1228/1715/2570 1226/1713/2566
s 16
f 1208/1694/2571 1207/1693/2567 1227/1714/2568 1229/1716/2572
f 1209/1695/2573 1208/1694/2571 1229/1716/2572 1230/1717/2574
s 15
f 1198/1683/2569 1197/1682/2575 1231/1718/2576 1228/1715/2570
f 1197/1682/2575 1196/1681/2577 1232/1719/2578 1231/1718/2576
s 16
f 1210/1696/2579 1209/1695/2573 1230/1717/2574 1233/1720/2580
s 15
f 1196/1681/2577 1195/1680/2581 1234/1721/2582 1232/1719/2578
s 16
f 1211/1698/2583 1210/1696/2579 1233/1720/2580 1235/1722/2584
s 15
f 1195/1679/2581 1194/1678/2585 1236/1724/2586 1234/1723/2582
s 16
f 1212/1699/2587 1211/1697/2583 1235/1726/2584 1237/1725/2588
f 1213/1700/2589 1212/1699/2587 1237/1725/2588 1238/1727/2590
s 15
f 1194/1678/2585 1193/1677/2591 1239/1728/2592 1236/1724/2586
s 16
f 1214/1701/2593 1213/1700/2589 1238/1727/2590 1240/1729/2594
s 15
f 1193/1677/2591 1192/1676/2595 1241/1730/2596 1239/1728/2592
s 16
f 1215/1702/2597 1214/1701/2593 1240/1729/2594 1242/1731/2598
s 15
f 1192/1676/2595 1191/1675/2599 1243/1732/2600 1241/1730/2596
s 16
f 1202/1688/2550 1215/1702/2597 1242/1731/2598 1219/1733/2551
s 15
f 1191/1675/2599 1190/1674/2545 1217/1734/2548 1243/1732/2600
g default
v -668.887451 -5.351107 65.299278
v -655.002744 -5.351107 65.299278
v -668.887451 242.816772 65.299278
v -655.002744 242.816772 65.299278
v -668.887451 242.816772 47.074172
v -655.002744 242.816772 47.074172
v -668.887451 -5.351107 47.074172
v -655.002744 -5.351107 47.074172
vt 0.375000 0.000000
vt 0.625000 0.000000
vt 0.375000 0.250000
vt 0.625000 0.250000
vt 0.375000 0.500000
vt 0.625000 0.500000
vt 0.375000 0.750000
vt 0.625000 0.750000
vt 0.375000 1.000000
vt 0.625000 1.000000
vt 0.875000 0.000000
vt 0.875000 0.250000
vt 0.125000 0.000000
vt 0.125000 0.250000
vn 0.000000 0.000000 1.000000
vn 0.000000 0.000000 1.000000
vn 0.000000 0.000000 1.000000
vn 0.000000 0.000000 1.000000
vn 0.000000 1.000000 0.000000
vn 0.000000 1.000000 0.000000
vn 0.000000 1.000000 0.000000
vn 0.000000 1.000000 0.000000
vn 0.000000 0.000000 -1.000000
vn 0.000000 0.000000 -1.000000
vn 0.000000 0.000000 -1.000000
vn 0.000000 0.000000 -1.000000
vn 0.000000 -1.000000 0.000000
vn 0.000000 -1.000000 0.000000
vn 0.000000 -1.000000 0.000000
vn 0.000000 -1.000000 0.000000
vn 1.000000 0.000000 0.000000
vn 1.000000 0.000000 0.000000
vn 1.000000 0.000000 0.000000
vn 1.000000 0.000000 0.000000
vn -1.000000 0.000000 0.000000
vn -1.000000 0.000000 0.000000
vn -1.000000 0.000000 0.000000
vn -1.000000 0.000000 0.000000
s off
g group13 B02 pCube116
usemtl blinn2SG
f 1244/1735/2601 1245/1736/2602 1247/1738/2603 1246/1737/2604
f 1246/1737/2605 1247/1738/2606 1249/1740/2607 1248/1739/2608
f 1248/1739/2609 1249/1740/2610 1251/1742/2611 1250/1741/2612
f 1250/1741/2613 1251/1742/2614 1245/1744/2615 1244/1743/2616
f 1245/1736/2617 1251/1745/2618 1249/1746/2619 1247/1738/2620
f 1250/1747/2621 1244/1735/2622 1246/1737/2623 1248/1748/2624
g default
v -537.069803 -5.351107 65.299278
v -523.185097 -5.351107 65.299278
v -537.069803 242.816772 65.299278
v -523.185097 242.816772 65.299278
v -537.069803 242.816772 47.074172
v -523.185097 242.816772 47.074172
v -537.069803 -5.351107 47.074172
v -523.185097 -5.351107 47.074172
vt 0.375000 0.000000
vt 0.625000 0.000000
vt 0.375000 0.250000
vt 0.625000 0.250000
vt 0.375000 0.500000
vt 0.625000 0.500000
vt 0.375000 0.750000
vt 0.625000 0.750000
vt 0.375000 1.000000
vt 0.625000 1.000000
vt 0.875000 0.000000
vt 0.875000 0.250000
vt 0.125000 0.000000
vt 0.125000 0.250000
vn 0.000000 0.000000 1.000000
vn 0.000000 0.000000 1.000000
vn 0.000000 0.000000 1.000000
vn 0.000000 0.000000 1.000000
vn 0.000000 1.000000 0.000000
vn 0.000000 1.000000 0.000000
vn 0.000000 1.000000 0.000000
vn 0.000000 1.000000 0.000000
vn 0.000000 0.000000 -1.000000
vn 0.000000 0.000000 -1.000000
vn 0.000000 0.000000 -1.000000
vn 0.000000 0.000000 -1.000000
vn 0.000000 -1.000000 0.000000
vn 0.000000 -1.000000 0.000000
vn 0.000000 -1.000000 0.000000
vn 0.000000 -1.000000 0.000000
vn 1.000000 0.000000 0.000000
vn 1.000000 0.000000 0.000000
vn 1.000000 0.000000 0.000000
vn 1.000000 0.000000 0.000000
vn -1.000000 0.000000 0.000000
vn -1.000000 0.000000 0.000000
vn -1.000000 0.000000 0.000000
vn -1.000000 0.000000 0.000000
s off
g group13 B02 pCube117
usemtl blinn2SG
f 1252/1749/2625 1253/1750/2626 1255/1752/2627 1254/1751/2628
f 1254/1751/2629 1255/1752/2630 1257/1754/2631 1256/1753/2632
f 1256/1753/2633 1257/1754/2634 1259/1756/2635 1258/1755/2636
f 1258/1755/2637 1259/1756/2638 1253/1758/2639 1252/1757/2640
f 1253/1750/2641 1259/1759/2642 1257/1760/2643 1255/1752/2644
f 1258/1761/2645 1252/1749/2646 1254/1751/2647 1256/1762/2648
g default
v -655.002687 242.816754 65.299284
v -655.002687 228.932048 65.299284
v -537.069819 242.816754 65.299284
v -537.069819 228.932048 65.299284
v -537.069819 242.816754 47.074178
v -537.069819 228.932048 47.074178
v -655.002687 242.816754 47.074178
v -655.002687 228.932048 47.074178
vt 0.375000 0.000000
vt 0.625000 0.000000
vt 0.375000 0.250000
vt 0.625000 0.250000
vt 0.375000 0.500000
vt 0.625000 0.500000
vt 0.375000 0.750000
vt 0.625000 0.750000
vt 0.375000 1.000000
vt 0.625000 1.000000
vt 0.875000 0.000000
vt 0.875000 0.250000
vt 0.125000 0.000000
vt 0.125000 0.250000
vn 0.000000 0.000000 1.000000
vn 0.000000 0.000000 1.000000
vn 0.000000 0.000000 1.000000
vn 0.000000 0.000000 1.000000
vn 1.000000 0.000000 0.000000
vn 1.000000 0.000000 0.000000
vn 1.000000 0.000000 0.000000
vn 1.000000 0.000000 0.000000
vn 0.000000 0.000000 -1.000000
vn 0.000000 0.000000 -1.000000
vn 0.000000 0.000000 -1.000000
vn 0.000000 0.000000 -1.000000
vn -1.000000 -0.000000 0.000000
vn -1.000000 -0.000000 0.000000
vn -1.000000 -0.000000 0.000000
vn -1.000000 -0.000000 0.000000
vn 0.000000 -1.000000 0.000000
vn 0.000000 -1.000000 0.000000
vn 0.000000 -1.000000 0.000000
vn 0.000000 -1.000000 0.000000
vn 0.000000 1.000000 0.000000
vn 0.000000 1.000000 0.000000
vn 0.000000 1.000000 0.000000
vn 0.000000 1.000000 0.000000
s off
g group13 B02 pCube118
usemtl blinn2SG
f 1260/1763/2649 1261/1764/2650 1263/1766/2651 1262/1765/2652
f 1262/1765/2653 1263/1766/2654 1265/1768/2655 1264/1767/2656
f 1264/1767/2657 1265/1768/2658 1267/1770/2659 1266/1769/2660
f 1266/1769/2661 1267/1770/2662 1261/1772/2663 1260/1771/2664
f 1261/1764/2665 1267/1773/2666 1265/1774/2667 1263/1766/2668
f 1266/1775/2669 1260/1763/2670 1262/1765/2671 1264/1776/2672
