# This file uses centimeters as units for non-parametric coordinates.

mtllib condo.mtl
g default
v -579.505690 2961.960483 -740.516130
v -579.505690 3240.150185 -740.516130
v -136.474787 3240.150185 -741.678690
v -136.474787 2961.960483 -741.678690
v -178.890658 3240.150185 -364.320989
v -179.880482 3240.150185 -741.564708
v -179.880482 2961.960483 -741.564708
v -178.890658 2961.960483 -364.320989
v -579.010659 3240.150185 -551.894327
v -179.385557 3240.150185 -552.942769
v -135.979913 3240.150185 -553.056662
v -135.979913 2961.960483 -553.056662
v -179.385557 2961.960483 -552.942769
v -579.010659 2961.960483 -551.894327
v -578.612924 3240.150185 -400.292702
v -178.987800 3240.150185 -401.343123
v -135.582126 3240.150185 -401.455194
v -135.582126 2961.960483 -401.455194
v -178.987800 2961.960483 -401.343123
v -578.612924 2961.960483 -400.292702
v -579.408495 3240.150185 -703.493883
v -179.783340 3240.150185 -704.542595
v -136.377683 3240.150185 -704.656398
v -136.377683 2961.960483 -704.656398
v -179.783340 2961.960483 -704.542595
v -579.408495 2961.960483 -703.493883
v -388.819936 3240.150185 -363.770110
v -388.917105 3240.150185 -400.792289
v -389.314888 3240.150185 -552.392070
v -389.712591 3240.150185 -703.991627
v -389.809787 3240.150185 -741.013874
v -389.809787 2961.960483 -741.013874
v -389.712591 2961.960483 -703.991627
v -389.314888 2961.960483 -552.392070
v -388.917105 2961.960483 -400.792289
v -388.819936 2961.960483 -363.770110
v -222.871042 3240.150185 -364.205588
v -222.968159 3240.150185 -401.227723
v -223.365968 3240.150185 -552.827504
v -223.763724 3240.150185 -704.427105
v -223.860840 3240.150185 -741.449263
v -223.860840 2961.960483 -741.449263
v -223.763724 2961.960483 -704.427105
v -223.365968 2961.960483 -552.827504
v -222.968159 2961.960483 -401.227723
v -222.871042 2961.960483 -364.205588
v -136.474787 2842.443175 -741.678690
v -136.377683 2842.443175 -704.656398
v -179.783340 2842.443175 -704.542595
v -179.880482 2842.443175 -741.564708
v -135.979913 2842.443175 -553.056662
v -179.385557 2842.443175 -552.942769
v -135.582126 2842.443175 -401.455194
v -178.987800 2842.443175 -401.343123
v -178.890658 2842.443175 -364.320989
v -223.763724 2842.443175 -704.427105
v -223.860840 2842.443175 -741.449263
v -222.968159 2842.443175 -401.227723
v -222.871042 2842.443175 -364.205588
v -483.667808 3240.150185 -363.521283
v -483.765057 3240.150185 -400.543507
v -484.162734 3240.150185 -552.143109
v -484.560622 3240.150185 -703.742755
v -484.657659 3240.150185 -740.765047
v -484.657659 2961.960483 -740.765047
v -484.560622 2961.960483 -703.742755
v -484.162734 2961.960483 -552.143109
v -483.765057 2961.960483 -400.543507
v -483.667808 2961.960483 -363.521283
v -483.765057 2726.754675 -400.543507
v -578.612924 2726.754675 -400.292702
v -483.667808 2726.754675 -363.521283
v -135.979913 2726.754370 -553.056662
v -179.385557 2726.754370 -552.942769
v -135.582126 2726.754370 -401.455194
v -178.987800 2726.754370 -401.343123
v -178.890658 2726.754370 -364.320989
v -222.968159 2726.754370 -401.227723
v -222.871042 2726.754370 -364.205588
v -541.497407 2961.960483 -363.369544
v -541.497407 3240.150185 -363.369544
v -541.497407 2726.754675 -363.369544
vt 0.375000 0.000000
vt 0.375000 0.250000
vt 0.375000 0.500000
vt 0.375000 0.750000
vt 0.375000 1.000000
vt 0.125000 0.000000
vt 0.125000 0.250000
vt 0.753703 0.249992
vt 0.250000 0.250000
vt 0.375000 0.375000
vt 0.250000 0.000000
vt 0.375000 0.875000
vt 0.625554 0.871297
vt 0.500000 0.250000
vt 0.500000 0.375000
vt 0.500000 0.500000
vt 0.500000 0.750000
vt 0.500000 0.875000
vt 0.500000 0.000000
vt 0.500000 1.000000
vt 0.562500 0.375000
vt 0.562503 0.500000
vt 0.562500 0.875000
vt 0.562503 1.000000
vt 0.437500 0.250000
vt 0.437500 0.375000
vt 0.437500 0.500000
vt 0.437500 0.750000
vt 0.437500 0.875000
vt 0.437500 0.000000
vt 0.437500 1.000000
vt 0.625000 0.312500
vt 0.687500 0.250000
vt 0.562500 0.312500
vt 0.500000 0.312500
vt 0.437500 0.312500
vt 0.312500 0.250000
vt 0.375000 0.312500
vt 0.312500 0.000000
vt 0.375000 0.937500
vt 0.437500 0.937500
vt 0.500000 0.937500
vt 0.562500 0.937500
vt 0.625000 0.937500
vt 0.687500 0.000000
vt 0.625000 0.343750
vt 0.718750 0.250000
vt 0.562500 0.343750
vt 0.500000 0.343750
vt 0.437500 0.343750
vt 0.281250 0.250000
vt 0.375000 0.343750
vt 0.281250 0.000000
vt 0.375000 0.906250
vt 0.437500 0.906250
vt 0.500000 0.906250
vt 0.562500 0.906250
vt 0.625000 0.906250
vt 0.718750 0.000000
vt 0.375000 0.750000
vt 0.437500 0.750000
vt 0.375000 0.875000
vt 0.500000 0.750000
vt 0.562500 0.875000
vt 0.500000 0.875000
vt 0.437500 0.875000
vt 0.437500 0.906250
vt 0.375000 0.906250
vt 0.625000 0.906250
vt 0.562500 0.906250
vt 0.625000 0.281250
vt 0.562500 0.281250
vt 0.500000 0.281250
vt 0.437500 0.281250
vt 0.343750 0.250000
vt 0.375000 0.281250
vt 0.343750 0.000000
vt 0.375000 0.968750
vt 0.437500 0.968750
vt 0.500000 0.968750
vt 0.562500 0.968750
vt 0.656250 0.000000
vt 0.500000 0.875000
vt 0.500000 0.750000
vt 0.562500 0.875000
vt 0.625000 0.906250
vt 0.562500 0.906250
vt 0.625000 0.262197
vt 0.624773 0.380550
vt 0.562500 0.968750
vt 0.625000 0.968750
vt 0.562503 0.750000
vt 0.625000 0.987803
vt 0.625000 0.987803
vt 0.562503 0.000000
vt 0.562503 0.250000
vt 0.875000 0.250000
vt 0.754154 0.000009
vt 0.875000 0.000000
vt 0.637197 0.000000
vt 0.656250 0.250000
vt 0.637197 0.250000
vt 0.562503 0.750000
vt 0.562503 0.750000
vt 0.625438 0.871445
vt 0.625000 0.968750
vt 0.562503 1.000000
vt 0.624953 0.870423
vn -0.999997 0.000000 0.002626
vn -0.999997 0.000000 0.002624
vn -0.999997 0.000000 0.002624
vn -0.999997 0.000000 0.002626
vn 0.000000 1.000000 -0.000000
vn 0.000000 1.000000 -0.000000
vn 0.000000 1.000000 -0.000000
vn -0.000000 1.000000 0.000000
vn 0.999997 0.000000 -0.002623
vn 0.999997 0.000000 -0.002624
vn 0.999997 0.000000 -0.002624
vn 0.999997 0.000000 -0.002623
vn -0.000000 -1.000000 0.000000
vn -0.000000 -1.000000 0.000000
vn -0.000000 -1.000000 0.000000
vn 0.000000 -1.000000 -0.000000
vn -0.002624 0.000000 -0.999997
vn -0.002624 0.000000 -0.999997
vn -0.002624 0.000000 -0.999997
vn -0.002624 0.000000 -0.999997
vn -0.000000 1.000000 0.000000
vn -0.000000 1.000000 0.000000
vn -0.000000 1.000000 0.000000
vn -0.000000 1.000000 0.000000
vn -0.002626 0.000000 -0.999997
vn -0.002625 0.000000 -0.999997
vn -0.002625 0.000000 -0.999997
vn -0.002626 0.000000 -0.999997
vn 0.000000 -1.000000 -0.000000
vn 0.000000 -1.000000 -0.000000
vn -0.000000 -1.000000 0.000000
vn -0.000000 -1.000000 0.000000
vn 0.000000 1.000000 -0.000000
vn -0.000000 1.000000 0.000000
vn -0.000000 1.000000 0.000000
vn -0.000000 1.000000 0.000000
vn -0.000000 1.000000 0.000000
vn -0.000000 1.000000 0.000000
vn -0.000000 1.000000 0.000000
vn -0.000000 1.000000 0.000000
vn 0.999997 0.000000 -0.002624
vn 0.999997 0.000000 -0.002624
vn 0.975115 0.000000 0.221701
vn 0.975115 0.000000 0.221701
vn 0.000000 -1.000000 0.000000
vn 0.000000 -1.000000 0.000000
vn 0.000000 -1.000000 0.000000
vn 0.000000 -1.000000 0.000000
vn -0.000000 -1.000000 0.000000
vn 0.000000 -1.000000 -0.000000
vn 0.000000 -1.000000 -0.000000
vn 0.000000 -1.000000 -0.000000
vn -0.999997 0.000000 0.002624
vn -0.999997 0.000000 0.002624
vn -0.954202 0.000000 0.299162
vn -0.980772 0.000000 0.195157
vn -0.000000 1.000000 0.000000
vn -0.000000 1.000000 0.000000
vn 0.000000 1.000000 0.000000
vn 0.000000 -1.000000 0.000000
vn -0.000000 -1.000000 0.000000
vn -0.000000 -1.000000 0.000000
vn -0.000000 -1.000000 0.000000
vn -0.000000 -1.000000 0.000000
vn 0.000000 -1.000000 0.000000
vn 0.000000 -1.000000 0.000000
vn 0.000000 1.000000 -0.000000
vn -0.000000 1.000000 0.000000
vn 0.000000 1.000000 0.000000
vn 0.000000 1.000000 -0.000000
vn -0.000000 1.000000 0.000000
vn -0.000000 1.000000 0.000000
vn -0.000000 1.000000 0.000000
vn 0.000000 1.000000 -0.000000
vn 0.000000 1.000000 -0.000000
vn 0.000000 1.000000 -0.000000
vn -0.002624 0.000000 -0.999997
vn -0.002624 0.000000 -0.999997
vn -0.002624 0.000000 -0.999997
vn -0.002624 0.000000 -0.999997
vn 0.000000 -1.000000 -0.000000
vn 0.000000 -1.000000 -0.000000
vn 0.000000 -1.000000 -0.000000
vn -0.000000 -1.000000 0.000000
vn 0.000000 -1.000000 -0.000000
vn -0.000000 -1.000000 0.000000
vn 0.000000 -1.000000 -0.000000
vn -0.000000 -1.000000 0.000000
vn 0.000000 -1.000000 -0.000000
vn 0.000000 -1.000000 -0.000000
vn 0.002624 0.000000 0.999997
vn 0.002624 0.000000 0.999997
vn 0.002624 0.000000 0.999997
vn 0.002624 0.000000 0.999997
vn -0.000000 -1.000000 0.000000
vn -0.000000 -1.000000 0.000000
vn -0.000000 -1.000000 0.000000
vn -0.000000 -1.000000 0.000000
vn -0.000000 -1.000000 0.000000
vn 0.000000 -1.000000 0.000000
vn 0.000000 -1.000000 0.000000
vn 0.392495 0.000000 0.919754
vn 0.392495 0.000000 0.919754
vn 0.999997 0.000000 -0.002624
vn 0.999997 0.000000 -0.002623
vn -0.002626 0.000000 -0.999997
vn -0.002625 0.000000 -0.999997
vn 0.975115 0.000000 0.221701
vn 0.999997 0.000000 -0.002624
vn -0.999997 0.000000 0.002624
vn -0.999997 0.000000 0.002624
vn -0.999997 0.000000 0.002624
vn -0.999997 0.000000 0.002624
vn -0.999997 0.000000 0.002624
vn -0.999997 0.000000 0.002624
vn 0.002626 0.000000 0.999997
vn 0.002626 0.000000 0.999997
vn 0.002626 0.000000 0.999997
vn 0.002626 0.000000 0.999997
vn -0.999997 0.000000 0.002623
vn -0.999997 0.000000 0.002623
vn -0.999997 0.000000 0.002623
vn -0.999997 0.000000 0.002623
vn -0.002625 0.000000 -0.999997
vn -0.999997 0.000000 0.002623
vn -0.999997 0.000000 0.002623
vn -0.999997 0.000000 0.002623
vn -0.999997 0.000000 0.002623
vn -0.002624 0.000000 -0.999997
vn -0.002624 0.000000 -0.999997
vn -0.002624 0.000000 -0.999997
vn -0.002624 0.000000 -0.999997
vn 0.002624 0.000000 0.999997
vn 0.392495 0.000000 0.919754
vn -0.000000 -1.000000 0.000000
vn 0.002624 0.000000 0.999997
vn 0.002624 0.000000 0.999997
vn -0.002644 0.000000 -0.999997
vn -0.002644 0.000000 -0.999997
vn -0.002644 0.000000 -0.999997
vn -0.002644 0.000000 -0.999997
vn 0.999997 0.000000 -0.002627
vn 0.999997 0.000000 -0.002627
vn 0.999997 0.000000 -0.002627
vn 0.999997 0.000000 -0.002627
vn -0.002624 0.000000 -0.999997
vn -0.002624 0.000000 -0.999997
vn -0.002624 0.000000 -0.999997
vn -0.002624 0.000000 -0.999997
vn 0.975115 0.000000 0.221701
vn 0.999997 0.000000 -0.002624
vn -0.999997 0.000000 0.002624
vn -0.999997 0.000000 0.002624
vn -0.999997 0.000000 0.002623
vn -0.999997 0.000000 0.002623
vn -0.002624 0.000000 -0.999997
vn -0.002624 0.000000 -0.999997
vn 0.002624 0.000000 0.999997
vn 0.392495 0.000000 0.919754
vn -0.705267 0.000000 0.708941
vn -0.705267 0.000000 0.708942
vn -0.705267 0.000000 0.708942
vn -0.705267 0.000000 0.708941
vn 0.002624 0.000000 0.999997
vn 0.002624 0.000000 0.999997
vn 0.002624 0.000000 0.999997
vn 0.002624 0.000000 0.999997
s 1
g pCube29 group2
usemtl initialShadingGroup
f 1/1/1 26/30/2 21/25/3 2/2/4
s 2
f 2/2/5 21/25/6 63/74/7 64/76/8
s 3
f 3/3/9 23/27/10 24/28/11 4/4/12
s 4
f 65/78/13 66/79/14 26/31/15 1/5/16
s 5
f 65/77/17 1/1/18 2/2/19 64/75/20
s 2
f 6/10/21 22/26/22 23/27/23 3/3/24
s 5
f 4/6/25 7/11/26 6/9/27 3/7/28
s 8
f 47/60/29 48/61/30 49/66/31 50/62/32
s 2
f 9/14/33 15/96/34 61/72/35 62/73/36
f 11/16/37 10/15/38 16/21/39 17/22/40
s 3
f 12/17/41 11/16/42 17/22/43 18/103/44
s 10
f 74/83/45 73/84/46 75/92/47 76/85/48
s 4
f 14/20/49 67/80/50 68/81/51 20/24/52
s 1
f 9/14/53 14/19/54 20/95/55 15/96/56
s 2
f 15/96/34 81/88/57 60/71/58 61/72/35
f 17/22/40 16/21/39 5/89/59
s 10
f 76/85/48 75/92/47 77/108/60
s off
f 71/107/61 70/90/62 72/91/63 82/94/64
s 2
f 21/25/6 9/14/33 62/73/36 63/74/7
f 23/27/23 22/26/22 10/15/38 11/16/37
s 3
f 24/28/11 23/27/10 11/16/42 12/17/41
s 8
f 49/66/31 48/61/30 51/63/65 52/65/66
s 4
f 26/31/15 66/79/14 67/80/50 14/20/49
s 1
f 21/25/3 26/30/2 14/19/54 9/14/53
s 2
f 28/34/67 27/32/68 37/46/69 38/48/70
f 29/35/71 28/34/67 38/48/70 39/49/72
f 30/36/73 29/35/71 39/49/72 40/50/74
f 31/38/75 30/36/73 40/50/74 41/52/76
s 5
f 42/53/77 32/39/78 31/37/79 41/51/80
s 4
f 42/54/81 43/55/82 33/41/83 32/40/84
f 34/42/85 33/41/83 43/55/82 44/56/86
f 35/43/87 34/42/85 44/56/86 45/57/88
f 36/44/89 35/43/87 45/57/88 46/58/90
s 3
f 27/33/91 36/45/92 46/59/93 37/47/94
s 2
f 38/48/70 37/46/69 5/89/59 16/21/39
f 39/49/72 38/48/70 16/21/39 10/15/38
f 40/50/74 39/49/72 10/15/38 22/26/22
f 41/52/76 40/50/74 22/26/22 6/10/21
s 5
f 7/11/26 42/53/77 41/51/80 6/9/27
s 8
f 50/62/32 49/66/31 56/67/95 57/68/96
s 4
f 44/56/86 43/55/82 25/29/97 13/18/98
f 45/57/88 44/56/86 13/18/98 19/23/99
s 10
f 79/86/100 78/87/101 76/85/48 77/108/60
s 3
f 37/47/94 46/59/93 8/98/102 5/8/103
f 4/4/12 24/28/11 48/61/104 47/60/105
s 5
f 7/12/26 4/4/25 47/60/106 50/62/107
s 3
f 12/17/41 18/103/44 53/104/108 51/63/109
s 13
f 19/23/110 13/18/111 52/65/112 54/64/113
s 3
f 24/28/11 12/17/41 51/63/109 48/61/104
s 13
f 13/18/111 25/29/114 49/66/115 52/65/112
s off
f 25/29/116 43/55/117 56/67/118 49/66/119
f 43/55/120 42/54/121 57/68/122 56/67/123
s 5
f 42/54/77 7/12/26 50/62/107 57/68/124
s 14
f 46/58/125 45/57/126 58/70/127 59/69/128
s 15
f 45/57/129 19/23/130 54/64/131 58/70/132
s 3
f 8/13/102 46/58/93 59/69/133 55/105/134
s 2
f 61/72/35 60/71/58 27/32/68 28/34/67
f 62/73/36 61/72/35 28/34/67 29/35/71
f 63/74/7 62/73/36 29/35/71 30/36/73
f 64/76/8 63/74/7 30/36/73 31/38/75
s 5
f 32/39/78 65/77/17 64/75/20 31/37/79
s 4
f 32/40/84 33/41/83 66/79/14 65/78/13
f 67/80/50 66/79/14 33/41/83 34/42/85
f 68/81/51 67/80/50 34/42/85 35/43/87
f 69/106/135 68/81/51 35/43/87 36/44/89
s 3
f 60/101/136 69/82/137 36/45/92 27/33/91
s off
f 20/24/138 68/81/139 70/90/140 71/107/141
f 68/81/142 69/106/143 72/91/144 70/90/145
f 52/65/146 51/63/147 73/84/148 74/83/149
s 3
f 51/63/109 53/104/108 75/92/150 73/84/151
s 13
f 54/64/113 52/65/112 74/83/152 76/85/153
s 14
f 59/69/128 58/70/127 78/87/154 79/86/155
s 15
f 58/70/132 54/64/131 76/85/156 78/87/157
s 3
f 55/105/134 59/69/133 79/86/158 77/108/159
s 1
f 80/93/160 20/24/55 71/107/161 82/94/162
f 20/95/55 80/100/160 81/102/163 15/96/56
s 3
f 17/97/43 5/8/103 8/98/102 18/99/44
f 18/103/44 8/13/102 55/105/134 53/104/108
f 53/104/108 55/105/134 77/108/159 75/92/150
f 80/100/164 69/82/137 60/101/136 81/102/165
f 69/106/137 80/93/164 82/94/166 72/91/167
g default
v -678.660414 2963.268294 -531.363915
v -653.990966 2963.268294 -544.015237
v -634.438400 2963.268294 -563.670635
v -621.916688 2963.268294 -588.406193
v -617.651516 2963.268294 -615.800489
v -622.060400 2963.268294 -643.172025
v -634.711757 2963.268294 -667.841461
v -654.367190 2963.268294 -687.394004
v -679.102701 2963.268294 -699.915716
v -706.496974 2963.268294 -704.180888
v -733.868487 2963.268294 -699.772016
v -758.537923 2963.268294 -687.120670
v -778.090513 2963.268294 -667.465249
v -790.612201 2963.268294 -642.729715
v -794.877373 2963.268294 -615.335465
v -790.468501 2963.268294 -587.963952
v -777.817179 2963.268294 -563.294516
v -758.161711 2963.268294 -543.741973
v -733.426223 2963.268294 -531.220214
v -706.031950 2963.268294 -526.955089
v -678.660414 3194.380643 -531.363915
v -653.990966 3194.380643 -544.015237
v -634.438400 3194.380643 -563.670635
v -621.916688 3194.380643 -588.406193
v -617.651516 3194.380643 -615.800489
v -622.060400 3194.380643 -643.172025
v -634.711757 3194.380643 -667.841461
v -654.367190 3194.380643 -687.394004
v -679.102701 3194.380643 -699.915716
v -706.496974 3194.380643 -704.180888
v -733.868487 3194.380643 -699.772016
v -758.537923 3194.380643 -687.120670
v -778.090513 3194.380643 -667.465249
v -790.612201 3194.380643 -642.729715
v -794.877373 3194.380643 -615.335465
v -790.468501 3194.380643 -587.963952
v -777.817179 3194.380643 -563.294516
v -758.161711 3194.380643 -543.741973
v -733.426223 3194.380643 -531.220214
v -706.031950 3194.380643 -526.955089
v -706.264462 2963.268294 -615.567977
v -706.264462 3194.380643 -615.567977
v -772.171877 3058.254867 -524.351877
v -797.133463 3058.254867 -549.182811
v -813.200152 3058.254867 -580.511957
v -818.799251 3058.254867 -615.272697
v -813.382646 3058.254867 -650.062293
v -797.480586 3058.254867 -681.475392
v -772.649651 3058.254867 -706.436978
v -741.320458 3058.254867 -722.503691
v -706.559742 3058.254867 -728.102766
v -671.770122 3058.254867 -722.686184
v -640.357070 3058.254867 -706.784101
v -615.395449 3058.254867 -681.953166
v -599.328737 3058.254867 -650.623973
v -593.729638 3058.254867 -615.863257
v -599.146231 3058.254867 -581.073614
v -615.048315 3058.254867 -549.660562
v -639.879261 3058.254867 -524.698906
v -671.208466 3058.254867 -508.632216
v -705.969182 3058.254867 -503.033142
v -740.758802 3058.254867 -508.449817
v -813.200152 3037.716562 -580.511957
v -818.799251 3037.716562 -615.272697
v -813.382646 3037.716562 -650.062293
v -797.480586 3037.716562 -681.475392
v -772.649651 3037.716562 -706.436978
v -741.320458 3037.716562 -722.503691
v -706.559742 3037.716562 -728.102766
v -671.770122 3037.716562 -722.686184
v -640.357070 3037.716562 -706.784101
v -615.395449 3037.716562 -681.953166
v -599.328737 3037.716562 -650.623973
v -593.729638 3037.716562 -615.863257
v -599.146231 3037.716562 -581.073614
v -615.048315 3037.716562 -549.660562
v -639.879261 3037.716562 -524.698906
v -671.208466 3037.716562 -508.632216
v -705.969182 3037.716562 -503.033142
v -740.758802 3037.716562 -508.449817
v -772.171877 3037.716562 -524.351877
v -797.133463 3037.716562 -549.182811
v -783.850367 2982.870535 -558.886926
v -797.568427 2982.870535 -585.636440
v -802.349062 2982.870535 -615.315860
v -797.724244 2982.870535 -645.019983
v -784.146747 2982.870535 -671.841118
v -762.945560 2982.870535 -693.153858
v -736.196023 2982.870535 -706.871919
v -706.516579 2982.870535 -711.652577
v -676.812479 2982.870535 -707.027735
v -649.991321 2982.870535 -693.450239
v -628.678569 2982.870535 -672.249052
v -614.960462 2982.870535 -645.499538
v -610.179839 2982.870535 -615.820094
v -614.804645 2982.870535 -586.115971
v -628.382165 2982.870535 -559.294789
v -649.583375 2982.870535 -537.982049
v -676.332901 2982.870535 -524.263942
v -706.012345 2982.870535 -519.483401
v -735.716468 2982.870535 -524.108172
v -762.537627 2982.870535 -537.685738
v -793.840780 3172.727305 -586.858406
v -798.426240 3172.727305 -615.326153
v -793.990282 3172.727305 -643.817525
v -780.967051 3172.727305 -669.543673
v -760.631436 3172.727305 -689.986285
v -734.974009 3172.727305 -703.144295
v -706.506286 3172.727305 -707.729755
v -678.014890 3172.727305 -703.293750
v -652.288778 3172.727305 -690.270566
v -631.846130 3172.727305 -669.934951
v -618.688097 3172.727305 -644.277525
v -614.102649 3172.727305 -615.809801
v -618.538642 3172.727305 -587.318382
v -631.561850 3172.727305 -561.592258
v -651.897464 3172.727305 -541.149622
v -677.554914 3172.727305 -527.991589
v -706.022638 3172.727305 -523.406152
v -734.514034 3172.727305 -527.842228
v -760.240158 3172.727305 -540.865412
v -780.682770 3172.727305 -561.200979
v -677.731422 2962.131441 -528.530099
v -652.231802 2962.131441 -541.607226
v -647.824176 2981.733902 -535.574038
v -675.403909 2981.733902 -521.430126
v -632.021178 2962.131441 -561.924131
v -625.964943 2981.733902 -557.548262
v -619.078048 2962.131441 -587.492108
v -611.966017 2981.733902 -585.201840
v -614.669418 2962.131441 -615.808314
v -607.197706 2981.733902 -615.827919
v -619.226596 2962.131441 -644.100993
v -612.126658 2981.733902 -646.428506
v -632.303734 2962.131441 -669.600672
v -626.270558 2981.733902 -674.008239
v -652.620663 2962.131441 -689.811237
v -648.244770 2981.733902 -695.867472
v -678.188616 2962.131441 -702.754298
v -675.898395 2981.733902 -709.866340
v -706.504799 2962.131441 -707.163033
v -706.524403 2981.733902 -714.634651
v -734.797478 2962.131441 -702.605785
v -737.124991 2981.733902 -709.705664
v -760.297134 2962.131441 -689.528681
v -764.704701 2981.733902 -695.561846
v -780.507652 2962.131441 -669.211753
v -786.563957 2981.733902 -673.587645
v -793.450782 2962.131441 -643.643776
v -800.562896 2981.733902 -645.934068
v -797.859542 2962.131441 -615.327640
v -805.331230 2981.733902 -615.308035
v -793.302364 2962.131441 -587.034960
v -800.402243 2981.733902 -584.707401
v -780.225120 2962.131441 -561.535329
v -786.258378 2981.733902 -557.127738
v -759.908214 2962.131441 -541.324787
v -764.284107 2981.733902 -535.268529
v -734.340331 2962.131441 -528.381563
v -736.630553 2981.733902 -521.269520
v -706.024125 2962.131441 -523.972874
v -706.004520 2981.733902 -516.501185
v -796.837221 3173.244378 -585.876154
v -801.579611 3173.244378 -615.317879
v -793.464896 3194.897495 -586.981701
v -798.030768 3194.897495 -615.327191
v -796.991790 3173.244378 -644.784015
v -793.613709 3194.897495 -643.696275
v -783.522982 3173.244378 -671.390439
v -780.646420 3194.897495 -669.311992
v -762.491590 3173.244378 -692.532490
v -760.398053 3194.897495 -689.666852
v -735.956308 3173.244378 -706.140736
v -734.850785 3194.897495 -702.768410
v -706.514560 3173.244378 -710.883079
v -706.505248 3194.897495 -707.334189
v -677.048330 3173.244378 -706.295258
v -678.136140 3194.897495 -702.917224
v -650.442000 3173.244378 -692.826521
v -652.520436 3194.897495 -689.949935
v -629.299926 3173.244378 -671.795128
v -632.165576 3194.897495 -669.701591
v -615.691691 3173.244378 -645.259823
v -619.063993 3194.897495 -644.154277
v -610.949360 3173.244378 -615.818075
v -614.498227 3194.897495 -615.808763
v -615.537122 3173.244378 -586.351821
v -618.915133 3194.897495 -587.439632
v -629.005883 3173.244378 -559.745492
v -631.882480 3194.897495 -561.823892
v -650.037299 3173.244378 -538.603394
v -652.130824 3194.897495 -541.469032
v -676.572593 3173.244378 -524.995195
v -677.678115 3194.897495 -528.367473
v -706.014364 3173.244378 -520.252875
v -706.023676 3194.897495 -523.801765
v -735.480594 3173.244378 -524.840673
v -734.392784 3194.897495 -528.218706
v -762.086924 3173.244378 -538.309480
v -760.008500 3194.897495 -541.186042
v -783.229045 3173.244378 -559.340825
v -780.363360 3194.897495 -561.434363
v -816.727445 3037.716562 -579.355632
v -822.511186 3037.716562 -615.262957
v -816.727445 3058.254867 -579.355632
v -822.511186 3058.254867 -615.262957
v -816.915958 3037.716562 -651.200068
v -816.915958 3058.254867 -651.200068
v -800.489340 3037.716562 -683.649337
v -800.489340 3058.254867 -683.649337
v -774.839332 3037.716562 -709.434306
v -774.839332 3058.254867 -709.434306
v -742.476760 3037.716562 -726.030960
v -742.476760 3058.254867 -726.030960
v -706.569482 3037.716562 -731.814713
v -706.569482 3058.254867 -731.814713
v -670.632324 3037.716562 -726.219473
v -670.632324 3058.254867 -726.219473
v -638.183113 3037.716562 -709.792879
v -638.183113 3058.254867 -709.792879
v -612.398133 3037.716562 -684.142847
v -612.398133 3058.254867 -684.142847
v -595.801467 3037.716562 -651.780275
v -595.801467 3058.254867 -651.780275
v -590.017702 3037.716562 -615.872997
v -590.017702 3058.254867 -615.872997
v -595.612954 3037.716562 -579.935839
v -595.612954 3058.254867 -579.935839
v -612.039560 3037.716562 -547.486617
v -612.039560 3058.254867 -547.486617
v -637.689557 3037.716562 -521.701648
v -637.689557 3058.254867 -521.701648
v -670.052164 3037.716562 -505.104900
v -670.052164 3058.254867 -505.104900
v -705.959442 3037.716562 -499.321206
v -705.959442 3058.254867 -499.321206
v -741.896624 3037.716562 -504.916481
v -741.896624 3058.254867 -504.916481
v -774.345799 3037.716562 -521.343122
v -774.345799 3058.254867 -521.343122
v -800.130768 3037.716562 -546.993084
v -800.130768 3058.254867 -546.993084
vt 0.648603 0.107966
vt 0.626409 0.064408
vt 0.591842 0.029841
vt 0.548284 0.007647
vt 0.500000 -0.000000
vt 0.451716 0.007647
vt 0.408159 0.029841
vt 0.373591 0.064409
vt 0.351397 0.107966
vt 0.343750 0.156250
vt 0.351397 0.204534
vt 0.373591 0.248091
vt 0.408159 0.282659
vt 0.451716 0.304853
vt 0.500000 0.312500
vt 0.548284 0.304853
vt 0.591841 0.282659
vt 0.626409 0.248091
vt 0.648603 0.204534
vt 0.656250 0.156250
vt 0.375000 0.312500
vt 0.387500 0.312500
vt 0.400000 0.312500
vt 0.412500 0.312500
vt 0.425000 0.312500
vt 0.437500 0.312500
vt 0.450000 0.312500
vt 0.462500 0.312500
vt 0.475000 0.312500
vt 0.487500 0.312500
vt 0.500000 0.312500
vt 0.512500 0.312500
vt 0.525000 0.312500
vt 0.537500 0.312500
vt 0.550000 0.312500
vt 0.562500 0.312500
vt 0.575000 0.312500
vt 0.587500 0.312500
vt 0.600000 0.312500
vt 0.612500 0.312500
vt 0.625000 0.312500
vt 0.375000 0.687500
vt 0.387500 0.687500
vt 0.400000 0.687500
vt 0.412500 0.687500
vt 0.425000 0.687500
vt 0.437500 0.687500
vt 0.450000 0.687500
vt 0.462500 0.687500
vt 0.475000 0.687500
vt 0.487500 0.687500
vt 0.500000 0.687500
vt 0.512500 0.687500
vt 0.525000 0.687500
vt 0.537500 0.687500
vt 0.550000 0.687500
vt 0.562500 0.687500
vt 0.575000 0.687500
vt 0.587500 0.687500
vt 0.600000 0.687500
vt 0.612500 0.687500
vt 0.625000 0.687500
vt 0.648603 0.795466
vt 0.626409 0.751908
vt 0.591842 0.717341
vt 0.548284 0.695147
vt 0.500000 0.687500
vt 0.451716 0.695147
vt 0.408159 0.717341
vt 0.373591 0.751909
vt 0.351397 0.795466
vt 0.343750 0.843750
vt 0.351397 0.892034
vt 0.373591 0.935591
vt 0.408159 0.970159
vt 0.451716 0.992353
vt 0.500000 1.000000
vt 0.548284 0.992353
vt 0.591841 0.970159
vt 0.626409 0.935591
vt 0.648603 0.892034
vt 0.656250 0.843750
vt 0.500000 0.156250
vt 0.500000 0.843750
vt 0.587500 0.500000
vt 0.575000 0.500000
vt 0.562500 0.500000
vt 0.550000 0.500000
vt 0.537500 0.500000
vt 0.525000 0.500000
vt 0.512500 0.500000
vt 0.500000 0.500000
vt 0.487500 0.500000
vt 0.475000 0.500000
vt 0.462500 0.500000
vt 0.450000 0.500000
vt 0.437500 0.500000
vt 0.425000 0.500000
vt 0.412500 0.500000
vt 0.400000 0.500000
vt 0.387500 0.500000
vt 0.625000 0.500000
vt 0.375000 0.500000
vt 0.612500 0.500000
vt 0.600000 0.500000
vt 0.562500 0.406250
vt 0.550000 0.406250
vt 0.537500 0.406250
vt 0.525000 0.406250
vt 0.512500 0.406250
vt 0.500000 0.406250
vt 0.487500 0.406250
vt 0.475000 0.406250
vt 0.462500 0.406250
vt 0.450000 0.406250
vt 0.437500 0.406250
vt 0.425000 0.406250
vt 0.412500 0.406250
vt 0.400000 0.406250
vt 0.387500 0.406250
vt 0.625000 0.406250
vt 0.375000 0.406250
vt 0.612500 0.406250
vt 0.600000 0.406250
vt 0.587500 0.406250
vt 0.575000 0.406250
vt 0.575000 0.359375
vt 0.562500 0.359375
vt 0.550000 0.359375
vt 0.537500 0.359375
vt 0.525000 0.359375
vt 0.512500 0.359375
vt 0.500000 0.359375
vt 0.487500 0.359375
vt 0.475000 0.359375
vt 0.462500 0.359375
vt 0.450000 0.359375
vt 0.437500 0.359375
vt 0.425000 0.359375
vt 0.412500 0.359375
vt 0.400000 0.359375
vt 0.387500 0.359375
vt 0.625000 0.359375
vt 0.375000 0.359375
vt 0.612500 0.359375
vt 0.600000 0.359375
vt 0.587500 0.359375
vt 0.562500 0.593750
vt 0.550000 0.593750
vt 0.537500 0.593750
vt 0.525000 0.593750
vt 0.512500 0.593750
vt 0.500000 0.593750
vt 0.487500 0.593750
vt 0.475000 0.593750
vt 0.462500 0.593750
vt 0.450000 0.593750
vt 0.437500 0.593750
vt 0.425000 0.593750
vt 0.412500 0.593750
vt 0.400000 0.593750
vt 0.387500 0.593750
vt 0.625000 0.593750
vt 0.375000 0.593750
vt 0.612500 0.593750
vt 0.600000 0.593750
vt 0.587500 0.593750
vt 0.575000 0.593750
vt 0.375000 0.312500
vt 0.387500 0.312500
vt 0.387500 0.359375
vt 0.375000 0.359375
vt 0.400000 0.312500
vt 0.400000 0.359375
vt 0.412500 0.312500
vt 0.412500 0.359375
vt 0.425000 0.312500
vt 0.425000 0.359375
vt 0.437500 0.312500
vt 0.437500 0.359375
vt 0.450000 0.312500
vt 0.450000 0.359375
vt 0.462500 0.312500
vt 0.462500 0.359375
vt 0.475000 0.312500
vt 0.475000 0.359375
vt 0.487500 0.312500
vt 0.487500 0.359375
vt 0.500000 0.312500
vt 0.500000 0.359375
vt 0.512500 0.312500
vt 0.512500 0.359375
vt 0.525000 0.312500
vt 0.525000 0.359375
vt 0.537500 0.312500
vt 0.537500 0.359375
vt 0.550000 0.312500
vt 0.550000 0.359375
vt 0.562500 0.312500
vt 0.562500 0.359375
vt 0.575000 0.312500
vt 0.575000 0.359375
vt 0.587500 0.312500
vt 0.587500 0.359375
vt 0.600000 0.312500
vt 0.600000 0.359375
vt 0.612500 0.312500
vt 0.612500 0.359375
vt 0.625000 0.312500
vt 0.625000 0.359375
vt 0.550000 0.593750
vt 0.562500 0.593750
vt 0.562500 0.687500
vt 0.550000 0.687500
vt 0.537500 0.593750
vt 0.537500 0.687500
vt 0.525000 0.593750
vt 0.525000 0.687500
vt 0.512500 0.593750
vt 0.512500 0.687500
vt 0.500000 0.593750
vt 0.500000 0.687500
vt 0.487500 0.593750
vt 0.487500 0.687500
vt 0.475000 0.593750
vt 0.475000 0.687500
vt 0.462500 0.593750
vt 0.462500 0.687500
vt 0.450000 0.593750
vt 0.450000 0.687500
vt 0.437500 0.593750
vt 0.437500 0.687500
vt 0.425000 0.593750
vt 0.425000 0.687500
vt 0.412500 0.593750
vt 0.412500 0.687500
vt 0.400000 0.593750
vt 0.400000 0.687500
vt 0.387500 0.593750
vt 0.387500 0.687500
vt 0.375000 0.593750
vt 0.375000 0.687500
vt 0.612500 0.593750
vt 0.625000 0.593750
vt 0.625000 0.687500
vt 0.612500 0.687500
vt 0.600000 0.593750
vt 0.600000 0.687500
vt 0.587500 0.593750
vt 0.587500 0.687500
vt 0.575000 0.593750
vt 0.575000 0.687500
vt 0.550000 0.406250
vt 0.562500 0.406250
vt 0.562500 0.500000
vt 0.550000 0.500000
vt 0.537500 0.406250
vt 0.537500 0.500000
vt 0.525000 0.406250
vt 0.525000 0.500000
vt 0.512500 0.406250
vt 0.512500 0.500000
vt 0.500000 0.406250
vt 0.500000 0.500000
vt 0.487500 0.406250
vt 0.487500 0.500000
vt 0.475000 0.406250
vt 0.475000 0.500000
vt 0.462500 0.406250
vt 0.462500 0.500000
vt 0.450000 0.406250
vt 0.450000 0.500000
vt 0.437500 0.406250
vt 0.437500 0.500000
vt 0.425000 0.406250
vt 0.425000 0.500000
vt 0.412500 0.406250
vt 0.412500 0.500000
vt 0.400000 0.406250
vt 0.400000 0.500000
vt 0.387500 0.406250
vt 0.387500 0.500000
vt 0.375000 0.406250
vt 0.375000 0.500000
vt 0.612500 0.406250
vt 0.625000 0.406250
vt 0.625000 0.500000
vt 0.612500 0.500000
vt 0.600000 0.406250
vt 0.600000 0.500000
vt 0.587500 0.406250
vt 0.587500 0.500000
vt 0.575000 0.406250
vt 0.575000 0.500000
vn 0.291083 -0.356167 0.887928
vn 0.551221 -0.356166 0.754520
vn 0.551222 -0.356166 0.754520
vn 0.291083 -0.356167 0.887928
vn 0.757402 -0.356166 0.547255
vn 0.757402 -0.356166 0.547255
vn 0.889444 -0.356166 0.286418
vn 0.889444 -0.356166 0.286419
vn 0.934419 -0.356167 -0.002452
vn 0.934419 -0.356167 -0.002452
vn 0.887928 -0.356166 -0.291083
vn 0.887928 -0.356166 -0.291083
vn 0.754520 -0.356165 -0.551222
vn 0.754520 -0.356165 -0.551222
vn 0.547254 -0.356166 -0.757403
vn 0.547254 -0.356166 -0.757403
vn 0.286419 -0.356165 -0.889444
vn 0.286419 -0.356165 -0.889444
vn -0.002452 -0.356164 -0.934420
vn -0.002452 -0.356164 -0.934420
vn -0.291083 -0.356164 -0.887929
vn -0.291083 -0.356164 -0.887929
vn -0.551222 -0.356165 -0.754520
vn -0.551222 -0.356165 -0.754520
vn -0.757402 -0.356168 -0.547254
vn -0.757402 -0.356168 -0.547254
vn -0.889442 -0.356168 -0.286420
vn -0.889442 -0.356168 -0.286420
vn -0.934419 -0.356167 0.002451
vn -0.934419 -0.356166 0.002451
vn -0.887928 -0.356166 0.291084
vn -0.887928 -0.356166 0.291084
vn -0.754519 -0.356167 0.551223
vn -0.754519 -0.356167 0.551223
vn -0.547255 -0.356167 0.757401
vn -0.547255 -0.356167 0.757402
vn -0.286421 -0.356166 0.889443
vn -0.286421 -0.356166 0.889443
vn 0.002451 -0.356166 0.934419
vn 0.002451 -0.356166 0.934419
vn -0.017280 -0.999571 -0.023653
vn -0.009125 -0.999571 -0.027835
vn 0.000000 -1.000000 0.000000
vn -0.023744 -0.999571 -0.017156
vn -0.027883 -0.999571 -0.008979
vn -0.029293 -0.999571 0.000077
vn -0.027835 -0.999571 0.009125
vn -0.023653 -0.999571 0.017280
vn -0.017156 -0.999571 0.023744
vn -0.008979 -0.999571 0.027883
vn 0.000077 -0.999571 0.029293
vn 0.009125 -0.999571 0.027835
vn 0.017280 -0.999571 0.023653
vn 0.023744 -0.999571 0.017156
vn 0.027883 -0.999571 0.008979
vn 0.029293 -0.999571 -0.000077
vn 0.027835 -0.999571 -0.009125
vn 0.023653 -0.999571 -0.017280
vn 0.017156 -0.999571 -0.023744
vn 0.008979 -0.999571 -0.027883
vn -0.000077 -0.999571 -0.029293
vn -0.004149 0.999911 -0.012656
vn -0.007857 0.999911 -0.010755
vn 0.000000 1.000000 0.000000
vn -0.010796 0.999911 -0.007801
vn -0.012678 0.999911 -0.004083
vn -0.013319 0.999911 0.000035
vn -0.012656 0.999911 0.004149
vn -0.010755 0.999911 0.007857
vn -0.007800 0.999911 0.010796
vn -0.004083 0.999911 0.012678
vn 0.000035 0.999911 0.013319
vn 0.004149 0.999911 0.012656
vn 0.007857 0.999911 0.010755
vn 0.010796 0.999911 0.007801
vn 0.012678 0.999911 0.004083
vn 0.013319 0.999911 -0.000035
vn 0.012656 0.999911 -0.004149
vn 0.010755 0.999911 -0.007857
vn 0.007800 0.999911 -0.010796
vn 0.004083 0.999911 -0.012678
vn -0.000035 0.999911 -0.013319
vn -0.794980 0.175220 0.580780
vn -0.576599 0.175220 0.798017
vn -0.576599 0.175220 0.798017
vn -0.794980 0.175220 0.580780
vn -0.935542 0.175220 0.306692
vn -0.935542 0.175220 0.306692
vn -0.984526 0.175220 0.002584
vn -0.984526 0.175220 0.002584
vn -0.937138 0.175220 -0.301778
vn -0.937138 0.175220 -0.301778
vn -0.798017 0.175220 -0.576600
vn -0.798017 0.175220 -0.576600
vn -0.580780 0.175220 -0.794980
vn -0.580780 0.175220 -0.794980
vn -0.306692 0.175220 -0.935542
vn -0.306692 0.175220 -0.935542
vn -0.002583 0.175220 -0.984526
vn -0.002583 0.175220 -0.984526
vn 0.301778 0.175220 -0.937138
vn 0.301778 0.175220 -0.937138
vn 0.576600 0.175220 -0.798017
vn 0.576600 0.175220 -0.798017
vn 0.794979 0.175220 -0.580780
vn 0.794979 0.175220 -0.580780
vn 0.935541 0.175220 -0.306692
vn 0.935541 0.175220 -0.306692
vn 0.984526 0.175220 -0.002583
vn 0.984526 0.175220 -0.002583
vn 0.937138 0.175220 0.301778
vn 0.937138 0.175220 0.301778
vn 0.798017 0.175220 0.576600
vn 0.798017 0.175220 0.576600
vn 0.580780 0.175220 0.794980
vn 0.580780 0.175220 0.794980
vn 0.306692 0.175220 0.935541
vn 0.306692 0.175220 0.935541
vn 0.002582 0.175220 0.984526
vn 0.002582 0.175220 0.984526
vn -0.301779 0.175220 0.937138
vn -0.301779 0.175220 0.937138
vn -0.999997 0.000000 0.002624
vn -0.950243 0.000000 0.311511
vn -0.950243 0.000000 0.311511
vn -0.999997 0.000000 0.002624
vn -0.951864 0.000000 -0.306520
vn -0.951864 0.000000 -0.306520
vn -0.810556 0.000000 -0.585660
vn -0.810556 0.000000 -0.585660
vn -0.589906 0.000000 -0.807472
vn -0.589906 0.000000 -0.807472
vn -0.311511 0.000000 -0.950243
vn -0.311511 0.000000 -0.950243
vn -0.002624 0.000000 -0.999997
vn -0.002624 0.000000 -0.999997
vn 0.306520 0.000000 -0.951864
vn 0.306520 0.000000 -0.951864
vn 0.585661 0.000000 -0.810556
vn 0.585661 0.000000 -0.810556
vn 0.807472 0.000000 -0.589906
vn 0.807472 0.000000 -0.589906
vn 0.950242 0.000000 -0.311511
vn 0.950242 0.000000 -0.311511
vn 0.999997 0.000000 -0.002624
vn 0.999997 0.000000 -0.002624
vn 0.951864 0.000000 0.306520
vn 0.951864 0.000000 0.306520
vn 0.810556 0.000000 0.585661
vn 0.810556 0.000000 0.585661
vn 0.589907 0.000000 0.807471
vn 0.589907 0.000000 0.807471
vn 0.311511 0.000000 0.950242
vn 0.311511 0.000000 0.950242
vn 0.002623 0.000000 0.999997
vn 0.002623 0.000000 0.999997
vn -0.306521 0.000000 0.951864
vn -0.306521 0.000000 0.951864
vn -0.585661 0.000000 0.810556
vn -0.585661 0.000000 0.810556
vn -0.807471 0.000000 0.589907
vn -0.807471 0.000000 0.589907
vn -0.910183 -0.287291 0.298379
vn -0.773432 -0.287291 0.565037
vn -0.773432 -0.287291 0.565038
vn -0.910183 -0.287291 0.298379
vn -0.957840 -0.287291 0.002513
vn -0.957840 -0.287291 0.002513
vn -0.911737 -0.287291 -0.293599
vn -0.911737 -0.287291 -0.293598
vn -0.776386 -0.287291 -0.560971
vn -0.776386 -0.287291 -0.560971
vn -0.565037 -0.287291 -0.773432
vn -0.565037 -0.287291 -0.773432
vn -0.298379 -0.287291 -0.910183
vn -0.298379 -0.287291 -0.910183
vn -0.002513 -0.287291 -0.957840
vn -0.002513 -0.287291 -0.957840
vn 0.293599 -0.287291 -0.911737
vn 0.293599 -0.287291 -0.911737
vn 0.560971 -0.287291 -0.776386
vn 0.560971 -0.287291 -0.776386
vn 0.773431 -0.287291 -0.565038
vn 0.773431 -0.287291 -0.565038
vn 0.910183 -0.287291 -0.298379
vn 0.910183 -0.287291 -0.298379
vn 0.957840 -0.287291 -0.002513
vn 0.957840 -0.287291 -0.002513
vn 0.911737 -0.287291 0.293598
vn 0.911737 -0.287291 0.293598
vn 0.776386 -0.287291 0.560971
vn 0.776386 -0.287291 0.560971
vn 0.565038 -0.287291 0.773431
vn 0.565038 -0.287291 0.773432
vn 0.298378 -0.287291 0.910184
vn 0.298378 -0.287291 0.910183
vn 0.002512 -0.287291 0.957840
vn 0.002512 -0.287291 0.957840
vn -0.293599 -0.287291 0.911737
vn -0.293599 -0.287291 0.911737
vn -0.560971 -0.287291 0.776386
vn -0.560971 -0.287291 0.776386
vn -0.986830 0.161739 0.002589
vn -0.937731 0.161740 0.307411
vn -0.937731 0.161740 0.307410
vn -0.986830 0.161739 0.002589
vn -0.939331 0.161739 -0.302486
vn -0.939331 0.161739 -0.302486
vn -0.799884 0.161739 -0.577949
vn -0.799884 0.161739 -0.577949
vn -0.582139 0.161740 -0.796840
vn -0.582139 0.161740 -0.796840
vn -0.307410 0.161740 -0.937731
vn -0.307410 0.161740 -0.937731
vn -0.002589 0.161740 -0.986830
vn -0.002589 0.161740 -0.986830
vn 0.302485 0.161739 -0.939331
vn 0.302485 0.161739 -0.939331
vn 0.577949 0.161740 -0.799884
vn 0.577949 0.161740 -0.799884
vn 0.796840 0.161740 -0.582139
vn 0.796840 0.161740 -0.582139
vn 0.937731 0.161740 -0.307410
vn 0.937731 0.161740 -0.307410
vn 0.986830 0.161739 -0.002590
vn 0.986830 0.161739 -0.002590
vn 0.939332 0.161738 0.302484
vn 0.939332 0.161738 0.302484
vn 0.799884 0.161739 0.577949
vn 0.799884 0.161739 0.577950
vn 0.582139 0.161739 0.796840
vn 0.582139 0.161739 0.796840
vn 0.307409 0.161739 0.937731
vn 0.307409 0.161739 0.937731
vn 0.002589 0.161739 0.986830
vn 0.002589 0.161739 0.986830
vn -0.302485 0.161739 0.939331
vn -0.302485 0.161739 0.939331
vn -0.577949 0.161739 0.799884
vn -0.577949 0.161739 0.799884
vn -0.796840 0.161741 0.582139
vn -0.796840 0.161741 0.582139
vn -0.210131 -0.934405 -0.287632
vn -0.110962 -0.934407 -0.338484
vn 0.210095 0.934429 0.287582
vn 0.110943 0.934430 0.338427
vn 0.110943 0.934430 0.338427
vn 0.210095 0.934429 0.287582
vn -0.288730 -0.934405 -0.208619
vn 0.288680 0.934429 0.208584
vn 0.288680 0.934429 0.208583
vn -0.339066 -0.934405 -0.109186
vn 0.339007 0.934429 0.109167
vn 0.339007 0.934429 0.109168
vn -0.356213 -0.934405 0.000935
vn 0.356149 0.934429 -0.000934
vn 0.356149 0.934429 -0.000934
vn -0.338488 -0.934405 0.110964
vn 0.338428 0.934429 -0.110945
vn 0.338428 0.934429 -0.110945
vn -0.287629 -0.934406 0.210131
vn 0.287581 0.934429 -0.210096
vn 0.287581 0.934429 -0.210096
vn -0.208619 -0.934405 0.288730
vn 0.208584 0.934428 -0.288680
vn 0.208584 0.934428 -0.288680
vn -0.109187 -0.934404 0.339067
vn 0.109168 0.934428 -0.339010
vn 0.109168 0.934427 -0.339010
vn 0.000935 -0.934405 0.356212
vn -0.000934 0.934426 -0.356156
vn -0.000934 0.934426 -0.356156
vn 0.110964 -0.934405 0.338488
vn -0.110947 0.934426 -0.338436
vn -0.110947 0.934426 -0.338436
vn 0.210133 -0.934405 0.287632
vn -0.210099 0.934427 -0.287586
vn -0.210098 0.934427 -0.287586
vn 0.288734 -0.934403 0.208622
vn -0.288681 0.934428 -0.208585
vn -0.288681 0.934428 -0.208585
vn 0.339069 -0.934404 0.109187
vn -0.339004 0.934430 -0.109167
vn -0.339004 0.934430 -0.109167
vn 0.356209 -0.934406 -0.000934
vn -0.356147 0.934430 0.000934
vn -0.356147 0.934430 0.000934
vn 0.338485 -0.934406 -0.110963
vn -0.338428 0.934429 0.110944
vn -0.338427 0.934429 0.110945
vn 0.287633 -0.934404 -0.210134
vn -0.287582 0.934428 0.210096
vn -0.287582 0.934428 0.210096
vn 0.208620 -0.934404 -0.288732
vn -0.208586 0.934428 0.288682
vn -0.208585 0.934428 0.288682
vn 0.109185 -0.934406 -0.339063
vn -0.109167 0.934429 0.339005
vn -0.109167 0.934429 0.339005
vn -0.000935 -0.934407 -0.356205
vn 0.000934 0.934430 0.356145
vn 0.000934 0.934430 0.356145
vn -0.161814 -0.986821 0.000425
vn -0.153763 -0.986821 0.050407
vn -0.153763 -0.986821 0.050407
vn -0.161814 -0.986821 0.000425
vn 0.161746 0.986832 -0.000424
vn 0.153701 0.986832 -0.050387
vn -0.154027 -0.986821 -0.049600
vn -0.154028 -0.986821 -0.049600
vn 0.153962 0.986832 0.049579
vn -0.131162 -0.986821 -0.094770
vn -0.131162 -0.986821 -0.094770
vn 0.131108 0.986832 0.094731
vn -0.095456 -0.986821 -0.130662
vn -0.095456 -0.986821 -0.130662
vn 0.095418 0.986832 0.130609
vn -0.050407 -0.986821 -0.153764
vn -0.050407 -0.986821 -0.153764
vn 0.050387 0.986832 0.153702
vn -0.000424 -0.986821 -0.161815
vn -0.000424 -0.986821 -0.161815
vn 0.000424 0.986832 0.161749
vn 0.049600 -0.986821 -0.154027
vn 0.049600 -0.986821 -0.154027
vn -0.049580 0.986832 0.153964
vn 0.094769 -0.986821 -0.131161
vn 0.094769 -0.986821 -0.131161
vn -0.094731 0.986832 0.131108
vn 0.130662 -0.986821 -0.095456
vn 0.130662 -0.986821 -0.095456
vn -0.130609 0.986832 0.095418
vn 0.153765 -0.986821 -0.050408
vn 0.153765 -0.986821 -0.050408
vn -0.153702 0.986832 0.050387
vn 0.161815 -0.986821 -0.000425
vn 0.161815 -0.986821 -0.000425
vn -0.161748 0.986832 0.000424
vn 0.154028 -0.986821 0.049600
vn 0.154028 -0.986821 0.049600
vn -0.153962 0.986832 -0.049579
vn 0.131163 -0.986821 0.094769
vn 0.131163 -0.986821 0.094769
vn -0.131108 0.986832 -0.094730
vn 0.095457 -0.986821 0.130662
vn 0.095457 -0.986821 0.130662
vn -0.095418 0.986832 -0.130608
vn 0.050408 -0.986821 0.153765
vn 0.050408 -0.986821 0.153765
vn -0.050387 0.986832 -0.153700
vn 0.000425 -0.986821 0.161816
vn 0.000425 -0.986821 0.161816
vn -0.000424 0.986832 -0.161748
vn -0.049600 -0.986821 0.154027
vn -0.049600 -0.986821 0.154027
vn 0.049580 0.986832 -0.153963
vn -0.094769 -0.986821 0.131161
vn -0.094769 -0.986821 0.131161
vn 0.094730 0.986832 -0.131107
vn -0.130661 -0.986821 0.095456
vn -0.130661 -0.986821 0.095456
vn 0.130608 0.986832 -0.095417
vn 0.000000 -1.000000 -0.000000
vn 0.000000 -1.000000 -0.000000
vn 0.000000 -1.000000 -0.000000
vn 0.000000 -1.000000 -0.000000
vn 0.000000 1.000000 -0.000000
vn 0.000000 1.000000 -0.000000
vn 0.000000 1.000000 -0.000000
vn 0.000000 1.000000 -0.000000
vn 0.000000 -1.000000 -0.000000
vn 0.000000 -1.000000 -0.000000
vn 0.000000 1.000000 -0.000000
vn 0.000000 1.000000 -0.000000
vn 0.000000 -1.000000 -0.000000
vn 0.000000 -1.000000 -0.000000
vn 0.000000 1.000000 -0.000000
vn 0.000000 1.000000 -0.000000
vn -0.000000 -1.000000 0.000000
vn -0.000000 -1.000000 0.000000
vn 0.000000 1.000000 -0.000000
vn 0.000000 1.000000 -0.000000
vn -0.000000 -1.000000 0.000000
vn -0.000000 -1.000000 0.000000
vn -0.000000 1.000000 0.000000
vn -0.000000 1.000000 0.000000
vn 0.000000 -1.000000 -0.000000
vn 0.000000 -1.000000 -0.000000
vn -0.000000 1.000000 0.000000
vn -0.000000 1.000000 0.000000
vn -0.000000 -1.000000 0.000000
vn -0.000000 -1.000000 0.000000
vn 0.000000 1.000000 -0.000000
vn 0.000000 1.000000 -0.000000
vn 0.000000 -1.000000 -0.000000
vn 0.000000 -1.000000 -0.000000
vn 0.000000 1.000000 -0.000000
vn 0.000000 1.000000 -0.000000
vn 0.000000 -1.000000 -0.000000
vn 0.000000 -1.000000 -0.000000
vn 0.000000 1.000000 -0.000000
vn 0.000000 1.000000 -0.000000
vn -0.000000 -1.000000 0.000000
vn -0.000000 -1.000000 0.000000
vn 0.000000 1.000000 -0.000000
vn 0.000000 1.000000 -0.000000
vn 0.000000 -1.000000 -0.000000
vn 0.000000 -1.000000 -0.000000
vn 0.000000 1.000000 -0.000000
vn 0.000000 1.000000 -0.000000
vn 0.000000 -1.000000 -0.000000
vn 0.000000 -1.000000 -0.000000
vn 0.000000 1.000000 -0.000000
vn 0.000000 1.000000 -0.000000
vn -0.000000 -1.000000 0.000000
vn -0.000000 -1.000000 0.000000
vn -0.000000 1.000000 0.000000
vn -0.000000 1.000000 0.000000
vn 0.000000 -1.000000 -0.000000
vn -0.000000 -1.000000 0.000000
vn -0.000000 1.000000 0.000000
vn -0.000000 1.000000 0.000000
vn 0.000000 -1.000000 -0.000000
vn -0.000000 -1.000000 0.000000
vn 0.000000 1.000000 -0.000000
vn 0.000000 1.000000 -0.000000
vn -0.000000 -1.000000 0.000000
vn -0.000000 -1.000000 0.000000
vn 0.000000 1.000000 0.000000
vn 0.000000 1.000000 0.000000
vn -0.000000 -1.000000 0.000000
vn -0.000000 -1.000000 0.000000
vn 0.000000 1.000000 0.000000
vn 0.000000 1.000000 0.000000
vn -0.000000 -1.000000 0.000000
vn -0.000000 -1.000000 0.000000
vn 0.000000 1.000000 0.000000
vn 0.000000 1.000000 0.000000
vn -0.000000 -1.000000 0.000000
vn -0.000000 -1.000000 0.000000
vn 0.000000 1.000000 0.000000
vn 0.000000 1.000000 0.000000
s 1
g group2 pCylinder10
usemtl initialShadingGroup
f 205/277/168 206/278/169 207/279/170 208/280/171
f 206/278/169 209/281/172 210/282/173 207/279/170
f 209/281/172 211/283/174 212/284/175 210/282/173
f 211/283/174 213/285/176 214/286/177 212/284/175
f 213/285/176 215/287/178 216/288/179 214/286/177
f 215/287/178 217/289/180 218/290/181 216/288/179
f 217/289/180 219/291/182 220/292/183 218/290/181
f 219/291/182 221/293/184 222/294/185 220/292/183
f 221/293/184 223/295/186 224/296/187 222/294/185
f 223/295/186 225/297/188 226/298/189 224/296/187
f 225/297/188 227/299/190 228/300/191 226/298/189
f 227/299/190 229/301/192 230/302/193 228/300/191
f 229/301/192 231/303/194 232/304/195 230/302/193
f 231/303/194 233/305/196 234/306/197 232/304/195
f 233/305/196 235/307/198 236/308/199 234/306/197
f 235/307/198 237/309/200 238/310/201 236/308/199
f 237/309/200 239/311/202 240/312/203 238/310/201
f 239/311/202 241/313/204 242/314/205 240/312/203
f 241/313/204 243/315/206 244/316/207 242/314/205
f 243/315/206 205/317/168 208/318/171 244/316/207
s 2
f 84/110/208 83/109/209 123/191/210
f 85/111/211 84/110/208 123/191/210
f 86/112/212 85/111/211 123/191/210
f 87/113/213 86/112/212 123/191/210
f 88/114/214 87/113/213 123/191/210
f 89/115/215 88/114/214 123/191/210
f 90/116/216 89/115/215 123/191/210
f 91/117/217 90/116/216 123/191/210
f 92/118/218 91/117/217 123/191/210
f 93/119/219 92/118/218 123/191/210
f 94/120/220 93/119/219 123/191/210
f 95/121/221 94/120/220 123/191/210
f 96/122/222 95/121/221 123/191/210
f 97/123/223 96/122/222 123/191/210
f 98/124/224 97/123/223 123/191/210
f 99/125/225 98/124/224 123/191/210
f 100/126/226 99/125/225 123/191/210
f 101/127/227 100/126/226 123/191/210
f 102/128/228 101/127/227 123/191/210
f 83/109/209 102/128/228 123/191/210
s 3
f 103/189/229 104/188/230 124/192/231
f 104/188/230 105/187/232 124/192/231
f 105/187/232 106/186/233 124/192/231
f 106/186/233 107/185/234 124/192/231
f 107/185/234 108/184/235 124/192/231
f 108/184/235 109/183/236 124/192/231
f 109/183/236 110/182/237 124/192/231
f 110/182/237 111/181/238 124/192/231
f 111/181/238 112/180/239 124/192/231
f 112/180/239 113/179/240 124/192/231
f 113/179/240 114/178/241 124/192/231
f 114/178/241 115/177/242 124/192/231
f 115/177/242 116/176/243 124/192/231
f 116/176/243 117/175/244 124/192/231
f 117/175/244 118/174/245 124/192/231
f 118/174/245 119/173/246 124/192/231
f 119/173/246 120/172/247 124/192/231
f 120/172/247 121/171/248 124/192/231
f 121/171/248 122/190/249 124/192/231
f 122/190/249 103/189/229 124/192/231
s 4
f 126/194/250 125/193/251 203/275/252 204/276/253
f 127/195/254 126/194/250 204/276/253 185/256/255
f 128/196/256 127/195/254 185/256/255 186/257/257
f 129/197/258 128/196/256 186/257/257 187/258/259
f 130/198/260 129/197/258 187/258/259 188/259/261
f 131/199/262 130/198/260 188/259/261 189/260/263
f 132/200/264 131/199/262 189/260/263 190/261/265
f 133/201/266 132/200/264 190/261/265 191/262/267
f 134/202/268 133/201/266 191/262/267 192/263/269
f 135/203/270 134/202/268 192/263/269 193/264/271
f 136/204/272 135/203/270 193/264/271 194/265/273
f 137/205/274 136/204/272 194/265/273 195/266/275
f 138/206/276 137/205/274 195/266/275 196/267/277
f 139/207/278 138/206/276 196/267/277 197/268/279
f 140/208/280 139/207/278 197/268/279 198/269/281
f 141/209/282 140/208/280 198/269/281 199/270/283
f 142/211/284 141/209/282 199/270/283 200/272/285
f 143/212/286 142/210/284 200/271/285 201/273/287
f 144/213/288 143/212/286 201/273/287 202/274/289
f 125/193/251 144/213/288 202/274/289 203/275/252
s 5
f 286/361/290 285/362/291 287/363/292 288/364/293
f 289/365/294 286/361/290 288/364/293 290/366/295
f 291/367/296 289/365/294 290/366/295 292/368/297
f 293/369/298 291/367/296 292/368/297 294/370/299
f 295/371/300 293/369/298 294/370/299 296/372/301
f 297/373/302 295/371/300 296/372/301 298/374/303
f 299/375/304 297/373/302 298/374/303 300/376/305
f 301/377/306 299/375/304 300/376/305 302/378/307
f 303/379/308 301/377/306 302/378/307 304/380/309
f 305/381/310 303/379/308 304/380/309 306/382/311
f 307/383/312 305/381/310 306/382/311 308/384/313
f 309/385/314 307/383/312 308/384/313 310/386/315
f 311/387/316 309/385/314 310/386/315 312/388/317
f 313/389/318 311/387/316 312/388/317 314/390/319
f 315/391/320 313/389/318 314/390/319 316/392/321
f 317/393/322 315/394/320 316/395/321 318/396/323
f 319/397/324 317/393/322 318/396/323 320/398/325
f 321/399/326 319/397/324 320/398/325 322/400/327
f 323/401/328 321/399/326 322/400/327 324/402/329
f 285/362/291 323/401/328 324/402/329 287/363/292
s 6
f 166/236/330 165/235/331 164/234/332 145/214/333
f 167/237/334 166/236/330 145/214/333 146/215/335
f 168/238/336 167/237/334 146/215/335 147/216/337
f 169/239/338 168/238/336 147/216/337 148/217/339
f 170/240/340 169/239/338 148/217/339 149/218/341
f 171/241/342 170/240/340 149/218/341 150/219/343
f 172/242/344 171/241/342 150/219/343 151/220/345
f 173/243/346 172/242/344 151/220/345 152/221/347
f 174/244/348 173/243/346 152/221/347 153/222/349
f 175/245/350 174/244/348 153/222/349 154/223/351
f 176/246/352 175/245/350 154/223/351 155/224/353
f 177/247/354 176/246/352 155/224/353 156/225/355
f 178/248/356 177/247/354 156/225/355 157/226/357
f 179/249/358 178/248/356 157/226/357 158/227/359
f 180/250/360 179/249/358 158/227/359 159/228/361
f 181/252/362 180/250/360 159/228/361 160/230/363
f 182/253/364 181/251/362 160/229/363 161/231/365
f 183/254/366 182/253/364 161/231/365 162/232/367
f 184/255/368 183/254/366 162/232/367 163/233/369
f 165/235/331 184/255/368 163/233/369 164/234/332
s 7
f 246/319/370 245/320/371 247/321/372 248/322/373
f 249/323/374 246/319/370 248/322/373 250/324/375
f 251/325/376 249/323/374 250/324/375 252/326/377
f 253/327/378 251/325/376 252/326/377 254/328/379
f 255/329/380 253/327/378 254/328/379 256/330/381
f 257/331/382 255/329/380 256/330/381 258/332/383
f 259/333/384 257/331/382 258/332/383 260/334/385
f 261/335/386 259/333/384 260/334/385 262/336/387
f 263/337/388 261/335/386 262/336/387 264/338/389
f 265/339/390 263/337/388 264/338/389 266/340/391
f 267/341/392 265/339/390 266/340/391 268/342/393
f 269/343/394 267/341/392 268/342/393 270/344/395
f 271/345/396 269/343/394 270/344/395 272/346/397
f 273/347/398 271/345/396 272/346/397 274/348/399
f 275/349/400 273/347/398 274/348/399 276/350/401
f 277/351/402 275/352/400 276/353/401 278/354/403
f 279/355/404 277/351/402 278/354/403 280/356/405
f 281/357/406 279/355/404 280/356/405 282/358/407
f 283/359/408 281/357/406 282/358/407 284/360/409
f 245/320/371 283/359/408 284/360/409 247/321/372
s 2
f 83/129/209 84/130/208 206/278/410 205/277/411
s 8
f 180/250/412 181/252/413 208/280/414 207/279/415
s 2
f 84/130/208 85/131/211 209/281/416 206/278/410
s 8
f 179/249/417 180/250/412 207/279/415 210/282/418
s 2
f 85/131/211 86/132/212 211/283/419 209/281/416
s 8
f 178/248/420 179/249/417 210/282/418 212/284/421
s 2
f 86/132/212 87/133/213 213/285/422 211/283/419
s 8
f 177/247/423 178/248/420 212/284/421 214/286/424
s 2
f 87/133/213 88/134/214 215/287/425 213/285/422
s 8
f 176/246/426 177/247/423 214/286/424 216/288/427
s 2
f 88/134/214 89/135/215 217/289/428 215/287/425
s 8
f 175/245/429 176/246/426 216/288/427 218/290/430
s 2
f 89/135/215 90/136/216 219/291/431 217/289/428
s 8
f 174/244/432 175/245/429 218/290/430 220/292/433
s 2
f 90/136/216 91/137/217 221/293/434 219/291/431
s 8
f 173/243/435 174/244/432 220/292/433 222/294/436
s 2
f 91/137/217 92/138/218 223/295/437 221/293/434
s 8
f 172/242/438 173/243/435 222/294/436 224/296/439
s 2
f 92/138/218 93/139/219 225/297/440 223/295/437
s 8
f 171/241/441 172/242/438 224/296/439 226/298/442
s 2
f 93/139/219 94/140/220 227/299/443 225/297/440
s 8
f 170/240/444 171/241/441 226/298/442 228/300/445
s 2
f 94/140/220 95/141/221 229/301/446 227/299/443
s 8
f 169/239/447 170/240/444 228/300/445 230/302/448
s 2
f 95/141/221 96/142/222 231/303/449 229/301/446
s 8
f 168/238/450 169/239/447 230/302/448 232/304/451
s 2
f 96/142/222 97/143/223 233/305/452 231/303/449
s 8
f 167/237/453 168/238/450 232/304/451 234/306/454
s 2
f 97/143/223 98/144/224 235/307/455 233/305/452
s 8
f 166/236/456 167/237/453 234/306/454 236/308/457
s 2
f 98/144/224 99/145/225 237/309/458 235/307/455
s 8
f 165/235/459 166/236/456 236/308/457 238/310/460
s 2
f 99/145/225 100/146/226 239/311/461 237/309/458
s 8
f 184/255/462 165/235/459 238/310/460 240/312/463
s 2
f 100/146/226 101/147/227 241/313/464 239/311/461
s 8
f 183/254/465 184/255/462 240/312/463 242/314/466
s 2
f 101/147/227 102/148/228 243/315/467 241/313/464
s 8
f 182/253/468 183/254/465 242/314/466 244/316/469
s 2
f 102/148/228 83/149/209 205/317/411 243/315/467
s 8
f 181/251/413 182/253/468 244/316/469 208/318/414
s 9
f 186/257/470 185/256/471 245/320/472 246/319/473
s 3
f 118/165/245 117/164/244 248/322/474 247/321/475
s 9
f 187/258/476 186/257/470 246/319/473 249/323/477
s 3
f 117/164/244 116/163/243 250/324/478 248/322/474
s 9
f 188/259/479 187/258/476 249/323/477 251/325/480
s 3
f 116/163/243 115/162/242 252/326/481 250/324/478
s 9
f 189/260/482 188/259/479 251/325/480 253/327/483
s 3
f 115/162/242 114/161/241 254/328/484 252/326/481
s 9
f 190/261/485 189/260/482 253/327/483 255/329/486
s 3
f 114/161/241 113/160/240 256/330/487 254/328/484
s 9
f 191/262/488 190/261/485 255/329/486 257/331/489
s 3
f 113/160/240 112/159/239 258/332/490 256/330/487
s 9
f 192/263/491 191/262/488 257/331/489 259/333/492
s 3
f 112/159/239 111/158/238 260/334/493 258/332/490
s 9
f 193/264/494 192/263/491 259/333/492 261/335/495
s 3
f 111/158/238 110/157/237 262/336/496 260/334/493
s 9
f 194/265/497 193/264/494 261/335/495 263/337/498
s 3
f 110/157/237 109/156/236 264/338/499 262/336/496
s 9
f 195/266/500 194/265/497 263/337/498 265/339/501
s 3
f 109/156/236 108/155/235 266/340/502 264/338/499
s 9
f 196/267/503 195/266/500 265/339/501 267/341/504
s 3
f 108/155/235 107/154/234 268/342/505 266/340/502
s 9
f 197/268/506 196/267/503 267/341/504 269/343/507
s 3
f 107/154/234 106/153/233 270/344/508 268/342/505
s 9
f 198/269/509 197/268/506 269/343/507 271/345/510
s 3
f 106/153/233 105/152/232 272/346/511 270/344/508
s 9
f 199/270/512 198/269/509 271/345/510 273/347/513
s 3
f 105/152/232 104/151/230 274/348/514 272/346/511
s 9
f 200/272/515 199/270/512 273/347/513 275/349/516
s 3
f 104/151/230 103/150/229 276/350/517 274/348/514
s 9
f 201/273/518 200/271/515 275/352/516 277/351/519
s 3
f 103/170/229 122/169/249 278/354/520 276/353/517
s 9
f 202/274/521 201/273/518 277/351/519 279/355/522
s 3
f 122/169/249 121/168/248 280/356/523 278/354/520
s 9
f 203/275/524 202/274/521 279/355/522 281/357/525
s 3
f 121/168/248 120/167/247 282/358/526 280/356/523
s 9
f 204/276/527 203/275/524 281/357/525 283/359/528
s 3
f 120/167/247 119/166/246 284/360/529 282/358/526
s 9
f 185/256/471 204/276/527 283/359/528 245/320/472
s 3
f 119/166/246 118/165/245 247/321/475 284/360/529
s 10
f 146/215/530 145/214/531 285/362/532 286/361/533
s 11
f 127/195/534 128/196/535 288/364/536 287/363/537
s 10
f 147/216/538 146/215/530 286/361/533 289/365/539
s 11
f 128/196/535 129/197/540 290/366/541 288/364/536
s 10
f 148/217/542 147/216/538 289/365/539 291/367/543
s 11
f 129/197/540 130/198/544 292/368/545 290/366/541
s 10
f 149/218/546 148/217/542 291/367/543 293/369/547
s 11
f 130/198/544 131/199/548 294/370/549 292/368/545
s 10
f 150/219/550 149/218/546 293/369/547 295/371/551
s 11
f 131/199/548 132/200/552 296/372/553 294/370/549
s 10
f 151/220/554 150/219/550 295/371/551 297/373/555
s 11
f 132/200/552 133/201/556 298/374/557 296/372/553
s 10
f 152/221/558 151/220/554 297/373/555 299/375/559
s 11
f 133/201/556 134/202/560 300/376/561 298/374/557
s 10
f 153/222/562 152/221/558 299/375/559 301/377/563
s 11
f 134/202/560 135/203/564 302/378/565 300/376/561
s 10
f 154/223/566 153/222/562 301/377/563 303/379/567
s 11
f 135/203/564 136/204/568 304/380/569 302/378/565
s 10
f 155/224/570 154/223/566 303/379/567 305/381/571
s 11
f 136/204/568 137/205/572 306/382/573 304/380/569
s 10
f 156/225/574 155/224/570 305/381/571 307/383/575
s 11
f 137/205/572 138/206/576 308/384/577 306/382/573
s 10
f 157/226/578 156/225/574 307/383/575 309/385/579
s 11
f 138/206/576 139/207/580 310/386/581 308/384/577
s 10
f 158/227/582 157/226/578 309/385/579 311/387/583
s 11
f 139/207/580 140/208/584 312/388/585 310/386/581
s 10
f 159/228/586 158/227/582 311/387/583 313/389/587
s 11
f 140/208/584 141/209/588 314/390/589 312/388/585
s 10
f 160/230/590 159/228/586 313/389/587 315/391/591
s 11
f 141/209/588 142/211/592 316/392/593 314/390/589
s 10
f 161/231/594 160/229/590 315/394/591 317/393/595
s 11
f 142/210/592 143/212/596 318/396/597 316/395/593
s 10
f 162/232/598 161/231/594 317/393/595 319/397/599
s 11
f 143/212/596 144/213/600 320/398/601 318/396/597
s 10
f 163/233/602 162/232/598 319/397/599 321/399/603
s 11
f 144/213/600 125/193/604 322/400/605 320/398/601
s 10
f 164/234/606 163/233/602 321/399/603 323/401/607
s 11
f 125/193/604 126/194/608 324/402/609 322/400/605
s 10
f 145/214/531 164/234/606 323/401/607 285/362/532
s 11
f 126/194/608 127/195/534 287/363/537 324/402/609
g default
v -696.348777 4513.852566 -792.484488
v -684.672191 4513.852566 -798.472635
v -675.417542 4513.852566 -807.775978
v -669.490734 4513.852566 -819.483828
v -667.471954 4513.852566 -832.450122
v -669.558750 4513.852566 -845.405654
v -675.546917 4513.852566 -857.082231
v -684.850260 4513.852566 -866.336869
v -696.558110 4513.852566 -872.263667
v -709.524414 4513.852566 -874.282467
v -722.479906 4513.852566 -872.195651
v -734.156493 4513.852566 -866.207494
v -743.411161 4513.852566 -856.904151
v -749.337949 4513.852566 -845.196322
v -751.356749 4513.852566 -832.230017
v -749.269933 4513.852566 -819.274495
v -743.281786 4513.852566 -807.597929
v -733.978424 4513.852566 -798.343280
v -722.270574 4513.852566 -792.416492
v -709.304309 4513.852566 -790.397672
v -696.348777 4615.125655 -792.484488
v -684.672191 4615.125655 -798.472635
v -675.417542 4615.125655 -807.775978
v -669.490734 4615.125655 -819.483828
v -667.471954 4615.125655 -832.450122
v -669.558750 4615.125655 -845.405654
v -675.546917 4615.125655 -857.082231
v -684.850260 4615.125655 -866.336869
v -696.558110 4615.125655 -872.263667
v -709.524414 4615.125655 -874.282467
v -722.479906 4615.125655 -872.195651
v -734.156493 4615.125655 -866.207494
v -743.411161 4615.125655 -856.904151
v -749.337949 4615.125655 -845.196322
v -751.356749 4615.125655 -832.230017
v -749.269933 4615.125655 -819.274495
v -743.281786 4615.125655 -807.597929
v -733.978424 4615.125655 -798.343280
v -722.270574 4615.125655 -792.416492
v -709.304309 4615.125655 -790.397672
v -709.414362 4513.852566 -832.340070
v -698.255786 4622.667128 -798.302294
v -688.283611 4622.667128 -803.416356
v -709.414362 4622.667515 -832.340070
v -680.380128 4622.667128 -811.361645
v -675.318488 4622.667128 -821.360480
v -673.594379 4622.667128 -832.434058
v -675.376576 4622.667128 -843.498445
v -680.490617 4622.667128 -853.470560
v -688.435927 4622.667128 -861.374264
v -698.434762 4622.667128 -866.435923
v -709.508350 4622.667128 -868.160032
v -720.572737 4622.667128 -866.377836
v -730.544792 4622.667128 -861.263784
v -738.448436 4622.667128 -853.318464
v -743.510076 4622.667128 -843.319670
v -745.234324 4622.667128 -832.246081
v -743.452068 4622.667128 -821.181704
v -738.338146 4622.667128 -811.209589
v -730.392876 4622.667128 -803.305885
v -720.393961 4622.667128 -798.244226
v -709.320374 4622.667128 -796.520117
vt 0.648603 0.107966
vt 0.626409 0.064408
vt 0.591842 0.029841
vt 0.548284 0.007647
vt 0.500000 -0.000000
vt 0.451716 0.007647
vt 0.408159 0.029841
vt 0.373591 0.064409
vt 0.351397 0.107966
vt 0.343750 0.156250
vt 0.351397 0.204534
vt 0.373591 0.248091
vt 0.408159 0.282659
vt 0.451716 0.304853
vt 0.500000 0.312500
vt 0.548284 0.304853
vt 0.591841 0.282659
vt 0.626409 0.248091
vt 0.648603 0.204534
vt 0.656250 0.156250
vt 0.375000 0.312500
vt 0.387500 0.312500
vt 0.400000 0.312500
vt 0.412500 0.312500
vt 0.425000 0.312500
vt 0.437500 0.312500
vt 0.450000 0.312500
vt 0.462500 0.312500
vt 0.475000 0.312500
vt 0.487500 0.312500
vt 0.500000 0.312500
vt 0.512500 0.312500
vt 0.525000 0.312500
vt 0.537500 0.312500
vt 0.550000 0.312500
vt 0.562500 0.312500
vt 0.575000 0.312500
vt 0.587500 0.312500
vt 0.600000 0.312500
vt 0.612500 0.312500
vt 0.625000 0.312500
vt 0.375000 0.687500
vt 0.387500 0.687500
vt 0.400000 0.687500
vt 0.412500 0.687500
vt 0.425000 0.687500
vt 0.437500 0.687500
vt 0.450000 0.687500
vt 0.462500 0.687500
vt 0.475000 0.687500
vt 0.487500 0.687500
vt 0.500000 0.687500
vt 0.512500 0.687500
vt 0.525000 0.687500
vt 0.537500 0.687500
vt 0.550000 0.687500
vt 0.562500 0.687500
vt 0.575000 0.687500
vt 0.587500 0.687500
vt 0.600000 0.687500
vt 0.612500 0.687500
vt 0.625000 0.687500
vt 0.648603 0.795466
vt 0.626409 0.751908
vt 0.591842 0.717341
vt 0.548284 0.695147
vt 0.500000 0.687500
vt 0.451716 0.695147
vt 0.408159 0.717341
vt 0.373591 0.751909
vt 0.351397 0.795466
vt 0.343750 0.843750
vt 0.351397 0.892034
vt 0.373591 0.935591
vt 0.408159 0.970159
vt 0.451716 0.992353
vt 0.500000 1.000000
vt 0.548284 0.992353
vt 0.591841 0.970159
vt 0.626409 0.935591
vt 0.648603 0.892034
vt 0.656250 0.843750
vt 0.500000 0.156250
vt 0.500000 0.843750
vt 0.648603 0.892034
vt 0.626409 0.935591
vt 0.591841 0.970159
vt 0.548284 0.992353
vt 0.500000 1.000000
vt 0.451716 0.992353
vt 0.408159 0.970159
vt 0.373591 0.935591
vt 0.351397 0.892034
vt 0.343750 0.843750
vt 0.351397 0.795466
vt 0.373591 0.751909
vt 0.408159 0.717341
vt 0.451716 0.695147
vt 0.500000 0.687500
vt 0.548284 0.695147
vt 0.591842 0.717341
vt 0.626409 0.751908
vt 0.648603 0.795466
vt 0.656250 0.843750
vn 0.311511 0.000000 0.950243
vn 0.589906 0.000000 0.807472
vn 0.589906 0.000000 0.807472
vn 0.311511 0.000000 0.950243
vn 0.810556 0.000000 0.585661
vn 0.810556 0.000000 0.585661
vn 0.951864 0.000000 0.306520
vn 0.951864 0.000000 0.306520
vn 0.999997 0.000000 -0.002624
vn 0.999997 0.000000 -0.002624
vn 0.950243 0.000000 -0.311511
vn 0.950243 0.000000 -0.311511
vn 0.807471 0.000000 -0.589907
vn 0.807471 0.000000 -0.589907
vn 0.585660 0.000000 -0.810557
vn 0.585660 0.000000 -0.810557
vn 0.306520 0.000000 -0.951864
vn 0.306520 0.000000 -0.951864
vn -0.002624 0.000000 -0.999997
vn -0.002624 0.000000 -0.999997
vn -0.311512 0.000000 -0.950242
vn -0.311512 0.000000 -0.950242
vn -0.589906 0.000000 -0.807472
vn -0.589906 0.000000 -0.807472
vn -0.810556 0.000000 -0.585661
vn -0.810556 0.000000 -0.585661
vn -0.951864 0.000000 -0.306520
vn -0.951864 0.000000 -0.306520
vn -0.999997 0.000000 0.002624
vn -0.999997 0.000000 0.002624
vn -0.950242 0.000000 0.311511
vn -0.950242 0.000000 0.311511
vn -0.807472 0.000000 0.589906
vn -0.807472 0.000000 0.589906
vn -0.585660 0.000000 0.810557
vn -0.585660 0.000000 0.810557
vn -0.306521 0.000000 0.951864
vn -0.306521 0.000000 0.951864
vn 0.002623 0.000000 0.999997
vn 0.002623 0.000000 0.999997
vn 0.000000 -1.000000 -0.000000
vn 0.000000 -1.000000 0.000000
vn -0.000000 -1.000000 0.000000
vn 0.000000 -1.000000 -0.000000
vn 0.000000 -1.000000 0.000000
vn 0.000000 -1.000000 0.000000
vn 0.000000 -1.000000 0.000000
vn 0.000000 -1.000000 -0.000000
vn 0.000000 -1.000000 -0.000000
vn 0.000000 -1.000000 0.000000
vn 0.000000 -1.000000 0.000000
vn 0.000000 -1.000000 0.000000
vn -0.000000 -1.000000 0.000000
vn -0.000000 -1.000000 0.000000
vn 0.000000 -1.000000 0.000000
vn 0.000000 -1.000000 0.000000
vn 0.000000 -1.000000 0.000000
vn -0.000000 -1.000000 0.000000
vn -0.000000 -1.000000 0.000000
vn 0.000000 -1.000000 0.000000
vn 0.000000 -1.000000 0.000000
vn 0.000004 1.000000 0.000010
vn 0.000006 1.000000 0.000009
vn 0.000000 1.000000 -0.000000
vn 0.000009 1.000000 0.000006
vn 0.000011 1.000000 0.000003
vn 0.000011 1.000000 -0.000000
vn 0.000010 1.000000 -0.000003
vn 0.000009 1.000000 -0.000006
vn 0.000006 1.000000 -0.000009
vn 0.000003 1.000000 -0.000010
vn -0.000000 1.000000 -0.000011
vn -0.000003 1.000000 -0.000010
vn -0.000006 1.000000 -0.000009
vn -0.000009 1.000000 -0.000006
vn -0.000010 1.000000 -0.000003
vn -0.000011 1.000000 0.000000
vn -0.000010 1.000000 0.000003
vn -0.000009 1.000000 0.000006
vn -0.000006 1.000000 0.000009
vn -0.000003 1.000000 0.000010
vn 0.000000 1.000000 0.000011
vn 0.241844 0.630279 0.737739
vn 0.457985 0.630277 0.626898
vn 0.457988 0.630277 0.626895
vn 0.241848 0.630279 0.737738
vn 0.629292 0.630280 0.454686
vn 0.629292 0.630280 0.454685
vn 0.738994 0.630283 0.237972
vn 0.738994 0.630283 0.237972
vn 0.776363 0.630283 -0.002037
vn 0.776363 0.630283 -0.002037
vn 0.737736 0.630283 -0.241846
vn 0.737736 0.630283 -0.241846
vn 0.626893 0.630283 -0.457983
vn 0.626893 0.630283 -0.457983
vn 0.454686 0.630283 -0.629289
vn 0.454686 0.630283 -0.629288
vn 0.237972 0.630283 -0.738994
vn 0.237972 0.630283 -0.738994
vn -0.002037 0.630283 -0.776363
vn -0.002037 0.630283 -0.776363
vn -0.241847 0.630283 -0.737735
vn -0.241847 0.630283 -0.737735
vn -0.457983 0.630285 -0.626891
vn -0.457983 0.630285 -0.626891
vn -0.629286 0.630288 -0.454683
vn -0.629285 0.630288 -0.454684
vn -0.738990 0.630288 -0.237972
vn -0.738989 0.630288 -0.237973
vn -0.776361 0.630286 0.002036
vn -0.776361 0.630286 0.002036
vn -0.737736 0.630283 0.241845
vn -0.737736 0.630283 0.241846
vn -0.626896 0.630281 0.457983
vn -0.626896 0.630281 0.457982
vn -0.454687 0.630279 0.629292
vn -0.454688 0.630279 0.629290
vn -0.237972 0.630281 0.738996
vn -0.237973 0.630281 0.738996
vn 0.002036 0.630282 0.776363
vn 0.002036 0.630282 0.776363
s 1
g group2 pCylinder11
usemtl initialShadingGroup
f 325/423/610 326/424/611 346/445/612 345/444/613
f 326/424/611 327/425/614 347/446/615 346/445/612
f 327/425/614 328/426/616 348/447/617 347/446/615
f 328/426/616 329/427/618 349/448/619 348/447/617
f 329/427/618 330/428/620 350/449/621 349/448/619
f 330/428/620 331/429/622 351/450/623 350/449/621
f 331/429/622 332/430/624 352/451/625 351/450/623
f 332/430/624 333/431/626 353/452/627 352/451/625
f 333/431/626 334/432/628 354/453/629 353/452/627
f 334/432/628 335/433/630 355/454/631 354/453/629
f 335/433/630 336/434/632 356/455/633 355/454/631
f 336/434/632 337/435/634 357/456/635 356/455/633
f 337/435/634 338/436/636 358/457/637 357/456/635
f 338/436/636 339/437/638 359/458/639 358/457/637
f 339/437/638 340/438/640 360/459/641 359/458/639
f 340/438/640 341/439/642 361/460/643 360/459/641
f 341/439/642 342/440/644 362/461/645 361/460/643
f 342/440/644 343/441/646 363/462/647 362/461/645
f 343/441/646 344/442/648 364/463/649 363/462/647
f 344/442/648 325/443/610 345/464/613 364/463/649
s 2
f 326/404/650 325/403/651 365/485/652
f 327/405/653 326/404/650 365/485/652
f 328/406/654 327/405/653 365/485/652
f 329/407/655 328/406/654 365/485/652
f 330/408/656 329/407/655 365/485/652
f 331/409/657 330/408/656 365/485/652
f 332/410/658 331/409/657 365/485/652
f 333/411/659 332/410/658 365/485/652
f 334/412/660 333/411/659 365/485/652
f 335/413/661 334/412/660 365/485/652
f 336/414/662 335/413/661 365/485/652
f 337/415/663 336/414/662 365/485/652
f 338/416/664 337/415/663 365/485/652
f 339/417/665 338/416/664 365/485/652
f 340/418/666 339/417/665 365/485/652
f 341/419/667 340/418/666 365/485/652
f 342/420/668 341/419/667 365/485/652
f 343/421/669 342/420/668 365/485/652
f 344/422/670 343/421/669 365/485/652
f 325/403/651 344/422/670 365/485/652
s 3
f 366/487/671 367/488/672 368/486/673
f 367/488/672 369/489/674 368/486/673
f 369/489/674 370/490/675 368/486/673
f 370/490/675 371/491/676 368/486/673
f 371/491/676 372/492/677 368/486/673
f 372/492/677 373/493/678 368/486/673
f 373/493/678 374/494/679 368/486/673
f 374/494/679 375/495/680 368/486/673
f 375/495/680 376/496/681 368/486/673
f 376/496/681 377/497/682 368/486/673
f 377/497/682 378/498/683 368/486/673
f 378/498/683 379/499/684 368/486/673
f 379/499/684 380/500/685 368/486/673
f 380/500/685 381/501/686 368/486/673
f 381/501/686 382/502/687 368/486/673
f 382/502/687 383/503/688 368/486/673
f 383/503/688 384/504/689 368/486/673
f 384/504/689 385/505/690 368/486/673
f 385/505/690 386/506/691 368/486/673
f 386/506/691 366/487/671 368/486/673
s 4
f 345/483/692 346/482/693 367/488/694 366/487/695
f 346/482/693 347/481/696 369/489/697 367/488/694
f 347/481/696 348/480/698 370/490/699 369/489/697
f 348/480/698 349/479/700 371/491/701 370/490/699
f 349/479/700 350/478/702 372/492/703 371/491/701
f 350/478/702 351/477/704 373/493/705 372/492/703
f 351/477/704 352/476/706 374/494/707 373/493/705
f 352/476/706 353/475/708 375/495/709 374/494/707
f 353/475/708 354/474/710 376/496/711 375/495/709
f 354/474/710 355/473/712 377/497/713 376/496/711
f 355/473/712 356/472/714 378/498/715 377/497/713
f 356/472/714 357/471/716 379/499/717 378/498/715
f 357/471/716 358/470/718 380/500/719 379/499/717
f 358/470/718 359/469/720 381/501/721 380/500/719
f 359/469/720 360/468/722 382/502/723 381/501/721
f 360/468/722 361/467/724 383/503/725 382/502/723
f 361/467/724 362/466/726 384/504/727 383/503/725
f 362/466/726 363/465/728 385/505/729 384/504/727
f 363/465/728 364/484/730 386/506/731 385/505/729
f 364/484/730 345/483/692 366/487/695 386/506/731
g default
v -596.210021 4433.373534 -887.750672
v -595.783747 4433.373534 -725.292797
v -596.210021 4530.582063 -887.750672
v -595.783747 4530.582063 -725.292797
v -131.838444 4530.582063 -888.969138
v -131.412171 4530.582063 -726.511263
v -131.838444 4433.373534 -888.969138
v -131.412171 4433.373534 -726.511263
v -608.981710 4541.552752 -900.455496
v -608.488589 4541.552752 -712.521223
v -118.640482 4541.552752 -713.806537
v -119.133603 4541.552752 -901.740810
v -608.981710 4549.232647 -900.455496
v -608.488589 4549.232647 -712.521223
v -118.640482 4549.232647 -713.806537
v -119.133603 4549.232647 -901.740810
v -581.605093 4549.232647 -873.222198
v -581.255263 4549.232647 -739.897792
v -146.017112 4549.232647 -741.039815
v -146.366943 4549.232647 -874.364221
v -581.605093 4558.822100 -873.222198
v -581.255263 4558.822100 -739.897792
v -146.017112 4558.822100 -741.039815
v -146.366943 4558.822100 -874.364221
v -363.636188 4602.265352 -740.468804
v -363.986018 4602.265352 -873.793209
v -363.986018 4549.232647 -873.793209
v -364.057657 4549.232647 -901.098153
v -364.057657 4541.552752 -901.098153
v -364.024233 4530.582063 -888.359905
v -364.024233 4433.373534 -888.359905
v -363.597959 4433.373534 -725.902030
v -363.597959 4530.582063 -725.902030
v -363.564535 4541.552752 -713.163880
v -363.564535 4549.232647 -713.163880
v -363.636188 4549.232647 -740.468804
v -472.445729 4590.069084 -740.183298
v -472.795559 4590.069084 -873.507704
v -472.795559 4549.232647 -873.507704
v -486.519669 4549.232647 -900.776825
v -486.519669 4541.552752 -900.776825
v -480.117127 4530.582063 -888.055289
v -480.117127 4433.373534 -888.055289
v -479.690853 4433.373534 -725.597414
v -479.690853 4530.582063 -725.597414
v -486.026548 4541.552752 -712.842551
v -486.026548 4549.232647 -712.842551
v -472.445729 4549.232647 -740.183298
v -254.826647 4590.069084 -740.754309
v -255.176477 4590.069084 -874.078715
v -255.176477 4549.232647 -874.078715
v -241.595630 4549.232647 -901.419481
v -241.595630 4541.552752 -901.419481
v -247.931338 4530.582063 -888.664522
v -247.931338 4433.373534 -888.664522
v -247.505065 4433.373534 -726.206647
v -247.505065 4530.582063 -726.206647
v -241.102509 4541.552752 -713.485208
v -241.102509 4549.232647 -713.485208
v -254.826647 4549.232647 -740.754309
v -200.421873 4577.924550 -740.897062
v -200.771703 4577.924550 -874.221468
v -200.771703 4549.232647 -874.221468
v -180.364651 4549.232647 -901.580146
v -180.364651 4541.552752 -901.580146
v -189.884891 4530.582063 -888.816830
v -189.884891 4433.373534 -888.816830
v -189.458618 4433.373534 -726.358955
v -189.458618 4530.582063 -726.358955
v -179.871530 4541.552752 -713.645872
v -179.871530 4549.232647 -713.645872
v -200.421873 4549.232647 -740.897062
v -526.850517 4577.924550 -740.040545
v -527.200347 4577.924550 -873.364951
v -527.200347 4549.232647 -873.364951
v -547.750690 4549.232647 -900.616160
v -547.750690 4541.552752 -900.616160
v -538.163602 4530.582063 -887.902980
v -538.163602 4433.373534 -887.902980
v -537.737328 4433.373534 -725.445106
v -537.737328 4530.582063 -725.445106
v -547.257568 4541.552752 -712.681887
v -547.257568 4549.232647 -712.681887
v -526.850517 4549.232647 -740.040545
v -418.040965 4598.500715 -740.326051
v -418.390795 4598.500715 -873.650457
v -418.390795 4549.232647 -873.650457
v -425.288670 4549.232647 -900.937489
v -425.288670 4541.552752 -900.937489
v -422.070680 4530.582063 -888.207597
v -422.070680 4433.373534 -888.207597
v -421.644406 4433.373534 -725.749722
v -421.644406 4530.582063 -725.749722
v -424.795549 4541.552752 -713.003215
v -424.795549 4549.232647 -713.003215
v -418.040965 4549.232647 -740.326051
v -309.231421 4598.500715 -740.611556
v -309.581251 4598.500715 -873.935962
v -309.581251 4549.232647 -873.935962
v -302.826643 4549.232647 -901.258817
v -302.826643 4541.552752 -901.258817
v -305.977789 4530.582063 -888.512213
v -305.977789 4433.373534 -888.512213
v -305.551515 4433.373534 -726.054339
v -305.551515 4530.582063 -726.054339
v -302.333522 4541.552752 -713.324544
v -302.333522 4549.232647 -713.324544
v -309.231421 4549.232647 -740.611556
v -576.257486 4554.230644 -739.910906
v -526.850517 4554.230644 -740.040545
v -525.473446 4573.111053 -740.044158
v -576.257486 4555.279963 -739.910906
v -363.636188 4554.230644 -740.468804
v -363.636188 4597.254993 -740.468804
v -309.231421 4554.230644 -740.611556
v -309.787617 4593.529271 -740.610097
v -472.445729 4554.230644 -740.183298
v -471.517613 4585.155325 -740.185733
v -418.040965 4554.230644 -740.326051
v -417.484769 4593.529271 -740.327510
v -254.826647 4554.230644 -740.754309
v -255.754769 4585.155325 -740.751874
v -200.421873 4554.230644 -740.897062
v -201.798930 4573.111053 -740.893449
v -151.014917 4554.230644 -741.026701
v -151.014917 4555.279963 -741.026701
v -576.607316 4554.230644 -873.235312
v -527.200347 4554.230644 -873.364951
v -576.607316 4555.279963 -873.235312
v -525.823276 4573.111053 -873.368564
v -363.986018 4554.230644 -873.793209
v -309.581251 4554.230644 -873.935962
v -363.986018 4597.254993 -873.793209
v -310.137448 4593.529271 -873.934503
v -472.795559 4554.230644 -873.507704
v -418.390795 4554.230644 -873.650457
v -471.867444 4585.155325 -873.510139
v -417.834599 4593.529271 -873.651916
v -255.176477 4554.230644 -874.078715
v -200.771703 4554.230644 -874.221468
v -256.104599 4585.155325 -874.076280
v -202.148760 4573.111053 -874.217855
v -151.364748 4554.230644 -874.351107
v -151.364748 4555.279963 -874.351107
v -576.306902 4554.230644 -758.744019
v -526.899933 4554.230644 -758.873658
v -525.522862 4573.111053 -758.877272
v -576.306902 4555.279963 -758.744019
v -363.685604 4554.230644 -759.301917
v -363.685604 4597.254993 -759.301917
v -309.280837 4554.230644 -759.444670
v -309.837033 4593.529271 -759.443210
v -472.495145 4554.230644 -759.016411
v -471.567030 4585.155325 -759.018846
v -418.090381 4554.230644 -759.159164
v -417.534185 4593.529271 -759.160623
v -254.876063 4554.230644 -759.587422
v -255.804185 4585.155325 -759.584987
v -200.471289 4554.230644 -759.730175
v -201.848346 4573.111053 -759.726562
v -151.064334 4554.230644 -759.859814
v -151.064334 4555.279963 -759.859814
v -576.557900 4554.230644 -854.402189
v -527.150931 4554.230644 -854.531828
v -576.557900 4555.279963 -854.402189
v -525.773860 4573.111053 -854.535441
v -363.936602 4554.230644 -854.960087
v -309.531835 4554.230644 -855.102839
v -363.936602 4597.254993 -854.960087
v -310.088031 4593.529271 -855.101380
v -472.746143 4554.230644 -854.674581
v -418.341379 4554.230644 -854.817334
v -471.818027 4585.155325 -854.677016
v -417.785183 4593.529271 -854.818793
v -255.127061 4554.230644 -855.245592
v -200.722287 4554.230644 -855.388345
v -256.055183 4585.155325 -855.243157
v -202.099344 4573.111053 -855.384732
v -151.315331 4554.230644 -855.517984
v -151.315331 4555.279963 -855.517984
vt 0.375000 0.000000
vt 0.625000 0.000000
vt 0.375000 0.250000
vt 0.625000 0.250000
vt 0.375000 0.500000
vt 0.625000 0.500000
vt 0.375000 0.750000
vt 0.625000 0.750000
vt 0.375000 1.000000
vt 0.625000 1.000000
vt 0.875000 0.000000
vt 0.875000 0.250000
vt 0.125000 0.000000
vt 0.125000 0.250000
vt 0.375000 0.250000
vt 0.625000 0.250000
vt 0.625000 0.500000
vt 0.375000 0.500000
vt 0.375000 0.250000
vt 0.625000 0.250000
vt 0.625000 0.500000
vt 0.375000 0.500000
vt 0.375000 0.250000
vt 0.625000 0.250000
vt 0.625000 0.500000
vt 0.375000 0.500000
vt 0.375000 0.250000
vt 0.625000 0.250000
vt 0.625000 0.500000
vt 0.375000 0.500000
vt 0.625000 0.375000
vt 0.375000 0.375000
vt 0.375000 0.375000
vt 0.375000 0.375000
vt 0.375000 0.375000
vt 0.250000 0.250000
vt 0.375000 0.375000
vt 0.250000 0.000000
vt 0.375000 0.875000
vt 0.625000 0.875000
vt 0.750000 0.000000
vt 0.625000 0.375000
vt 0.750000 0.250000
vt 0.625000 0.375000
vt 0.625000 0.375000
vt 0.625000 0.375000
vt 0.625000 0.312500
vt 0.375000 0.312500
vt 0.375000 0.312500
vt 0.375000 0.312500
vt 0.375000 0.312500
vt 0.312500 0.250000
vt 0.375000 0.312500
vt 0.312500 0.000000
vt 0.375000 0.937500
vt 0.625000 0.937500
vt 0.687500 0.000000
vt 0.625000 0.312500
vt 0.687500 0.250000
vt 0.625000 0.312500
vt 0.625000 0.312500
vt 0.625000 0.312500
vt 0.625000 0.437500
vt 0.375000 0.437500
vt 0.375000 0.437500
vt 0.375000 0.437500
vt 0.375000 0.437500
vt 0.187500 0.250000
vt 0.375000 0.437500
vt 0.187500 0.000000
vt 0.375000 0.812500
vt 0.625000 0.812500
vt 0.812500 0.000000
vt 0.625000 0.437500
vt 0.812500 0.250000
vt 0.625000 0.437500
vt 0.625000 0.437500
vt 0.625000 0.437500
vt 0.625000 0.468750
vt 0.375000 0.468750
vt 0.375000 0.468750
vt 0.375000 0.468750
vt 0.375000 0.468750
vt 0.156250 0.250000
vt 0.375000 0.468750
vt 0.156250 0.000000
vt 0.375000 0.781250
vt 0.625000 0.781250
vt 0.843750 0.000000
vt 0.625000 0.468750
vt 0.843750 0.250000
vt 0.625000 0.468750
vt 0.625000 0.468750
vt 0.625000 0.468750
vt 0.625000 0.281250
vt 0.375000 0.281250
vt 0.375000 0.281250
vt 0.375000 0.281250
vt 0.375000 0.281250
vt 0.343750 0.250000
vt 0.375000 0.281250
vt 0.343750 0.000000
vt 0.375000 0.968750
vt 0.625000 0.968750
vt 0.656250 0.000000
vt 0.625000 0.281250
vt 0.656250 0.250000
vt 0.625000 0.281250
vt 0.625000 0.281250
vt 0.625000 0.281250
vt 0.625000 0.343750
vt 0.375000 0.343750
vt 0.375000 0.343750
vt 0.375000 0.343750
vt 0.375000 0.343750
vt 0.281250 0.250000
vt 0.375000 0.343750
vt 0.281250 0.000000
vt 0.375000 0.906250
vt 0.625000 0.906250
vt 0.718750 0.000000
vt 0.625000 0.343750
vt 0.718750 0.250000
vt 0.625000 0.343750
vt 0.625000 0.343750
vt 0.625000 0.343750
vt 0.625000 0.406250
vt 0.375000 0.406250
vt 0.375000 0.406250
vt 0.375000 0.406250
vt 0.375000 0.406250
vt 0.218750 0.250000
vt 0.375000 0.406250
vt 0.218750 0.000000
vt 0.375000 0.843750
vt 0.625000 0.843750
vt 0.781250 0.000000
vt 0.625000 0.406250
vt 0.781250 0.250000
vt 0.625000 0.406250
vt 0.625000 0.406250
vt 0.625000 0.406250
vt 0.625000 0.250000
vt 0.625000 0.281250
vt 0.625000 0.281250
vt 0.625000 0.250000
vt 0.375000 0.281250
vt 0.375000 0.250000
vt 0.375000 0.250000
vt 0.375000 0.281250
vt 0.375000 0.406250
vt 0.375000 0.375000
vt 0.375000 0.375000
vt 0.375000 0.406250
vt 0.625000 0.375000
vt 0.625000 0.406250
vt 0.625000 0.406250
vt 0.625000 0.375000
vt 0.375000 0.343750
vt 0.375000 0.312500
vt 0.375000 0.312500
vt 0.375000 0.343750
vt 0.625000 0.312500
vt 0.625000 0.343750
vt 0.625000 0.343750
vt 0.625000 0.312500
vt 0.375000 0.468750
vt 0.375000 0.437500
vt 0.375000 0.437500
vt 0.375000 0.468750
vt 0.625000 0.437500
vt 0.625000 0.468750
vt 0.625000 0.468750
vt 0.625000 0.437500
vt 0.375000 0.500000
vt 0.375000 0.500000
vt 0.625000 0.500000
vt 0.625000 0.500000
vt 0.625000 0.250000
vt 0.625000 0.281250
vt 0.625000 0.281250
vt 0.625000 0.250000
vt 0.375000 0.281250
vt 0.375000 0.250000
vt 0.375000 0.250000
vt 0.375000 0.281250
vt 0.375000 0.406250
vt 0.375000 0.375000
vt 0.375000 0.375000
vt 0.375000 0.406250
vt 0.625000 0.375000
vt 0.625000 0.406250
vt 0.625000 0.406250
vt 0.625000 0.375000
vt 0.375000 0.343750
vt 0.375000 0.312500
vt 0.375000 0.312500
vt 0.375000 0.343750
vt 0.625000 0.312500
vt 0.625000 0.343750
vt 0.625000 0.343750
vt 0.625000 0.312500
vt 0.375000 0.468750
vt 0.375000 0.437500
vt 0.375000 0.437500
vt 0.375000 0.468750
vt 0.625000 0.437500
vt 0.625000 0.468750
vt 0.625000 0.468750
vt 0.625000 0.437500
vt 0.375000 0.500000
vt 0.375000 0.500000
vt 0.625000 0.500000
vt 0.625000 0.500000
vt 0.375000 0.281250
vt 0.375000 0.250000
vt 0.375000 0.250000
vt 0.375000 0.250000
vt 0.375000 0.250000
vt 0.375000 0.250000
vt 0.375000 0.281250
vt 0.375000 0.250000
vt 0.375000 0.406250
vt 0.375000 0.375000
vt 0.375000 0.375000
vt 0.375000 0.406250
vt 0.625000 0.375000
vt 0.625000 0.406250
vt 0.625000 0.406250
vt 0.625000 0.375000
vt 0.375000 0.343750
vt 0.375000 0.312500
vt 0.375000 0.312500
vt 0.375000 0.343750
vt 0.625000 0.312500
vt 0.625000 0.343750
vt 0.625000 0.343750
vt 0.625000 0.312500
vt 0.375000 0.468750
vt 0.375000 0.437500
vt 0.375000 0.437500
vt 0.375000 0.468750
vt 0.625000 0.437500
vt 0.625000 0.468750
vt 0.625000 0.468750
vt 0.625000 0.437500
vt 0.375000 0.500000
vt 0.375000 0.468750
vt 0.375000 0.468750
vt 0.375000 0.468750
vt 0.375000 0.500000
vt 0.375000 0.468750
vt 0.375000 0.500000
vt 0.375000 0.500000
vt 0.625000 0.468750
vt 0.625000 0.500000
vt 0.625000 0.468750
vt 0.625000 0.500000
vt 0.625000 0.500000
vt 0.625000 0.500000
vt 0.625000 0.500000
vt 0.625000 0.468750
vt 0.625000 0.468750
vt 0.625000 0.500000
vt 0.375000 0.312500
vt 0.375000 0.281250
vt 0.375000 0.281250
vt 0.375000 0.312500
vt 0.375000 0.281250
vt 0.375000 0.312500
vt 0.375000 0.312500
vt 0.375000 0.281250
vt 0.625000 0.281250
vt 0.625000 0.312500
vt 0.625000 0.312500
vt 0.625000 0.281250
vt 0.625000 0.312500
vt 0.625000 0.281250
vt 0.625000 0.281250
vt 0.625000 0.312500
vt 0.375000 0.375000
vt 0.375000 0.343750
vt 0.375000 0.343750
vt 0.375000 0.375000
vt 0.375000 0.343750
vt 0.375000 0.375000
vt 0.375000 0.375000
vt 0.375000 0.343750
vt 0.625000 0.343750
vt 0.625000 0.375000
vt 0.625000 0.375000
vt 0.625000 0.343750
vt 0.625000 0.375000
vt 0.625000 0.343750
vt 0.625000 0.343750
vt 0.625000 0.375000
vt 0.375000 0.437500
vt 0.375000 0.406250
vt 0.375000 0.406250
vt 0.375000 0.437500
vt 0.375000 0.406250
vt 0.375000 0.437500
vt 0.375000 0.437500
vt 0.375000 0.406250
vt 0.625000 0.406250
vt 0.625000 0.437500
vt 0.625000 0.437500
vt 0.625000 0.406250
vt 0.625000 0.437500
vt 0.625000 0.406250
vt 0.625000 0.406250
vt 0.625000 0.437500
vt 0.375000 0.250000
vt 0.375000 0.281250
vt 0.375000 0.250000
vt 0.375000 0.250000
vt 0.375000 0.281250
vt 0.375000 0.250000
vt 0.375000 0.375000
vt 0.375000 0.406250
vt 0.375000 0.406250
vt 0.375000 0.375000
vt 0.625000 0.406250
vt 0.625000 0.375000
vt 0.625000 0.375000
vt 0.625000 0.406250
vt 0.375000 0.312500
vt 0.375000 0.343750
vt 0.375000 0.343750
vt 0.375000 0.312500
vt 0.625000 0.343750
vt 0.625000 0.312500
vt 0.625000 0.312500
vt 0.625000 0.343750
vt 0.375000 0.437500
vt 0.375000 0.468750
vt 0.375000 0.468750
vt 0.375000 0.437500
vt 0.625000 0.468750
vt 0.625000 0.437500
vt 0.625000 0.437500
vt 0.625000 0.468750
vt 0.375000 0.468750
vt 0.375000 0.500000
vt 0.375000 0.500000
vt 0.375000 0.468750
vt 0.375000 0.500000
vt 0.625000 0.500000
vt 0.625000 0.468750
vt 0.625000 0.500000
vt 0.625000 0.500000
vt 0.625000 0.468750
vt 0.625000 0.500000
vt 0.375000 0.281250
vt 0.375000 0.312500
vt 0.375000 0.312500
vt 0.375000 0.281250
vt 0.625000 0.312500
vt 0.625000 0.281250
vt 0.625000 0.281250
vt 0.625000 0.312500
vt 0.375000 0.343750
vt 0.375000 0.375000
vt 0.375000 0.375000
vt 0.375000 0.343750
vt 0.625000 0.375000
vt 0.625000 0.343750
vt 0.625000 0.343750
vt 0.625000 0.375000
vt 0.375000 0.406250
vt 0.375000 0.437500
vt 0.375000 0.437500
vt 0.375000 0.406250
vt 0.625000 0.437500
vt 0.625000 0.406250
vt 0.625000 0.406250
vt 0.625000 0.437500
vn -0.999997 0.000000 0.002624
vn -0.999997 0.000000 0.002624
vn -0.999997 0.000000 0.002624
vn -0.999997 0.000000 0.002624
vn -0.331287 0.943530 0.000869
vn -0.331287 0.943530 0.000869
vn -0.276014 0.961153 0.000724
vn -0.276014 0.961153 0.000724
vn 0.999997 0.000000 -0.002624
vn 0.999997 0.000000 -0.002624
vn 0.999997 0.000000 -0.002624
vn 0.999997 0.000000 -0.002624
vn 0.000000 -1.000000 0.000000
vn 0.000000 -1.000000 0.000000
vn 0.000000 -1.000000 0.000000
vn 0.000000 -1.000000 0.000000
vn 0.002624 0.000000 0.999996
vn 0.002624 0.000000 0.999996
vn 0.002624 0.000000 0.999996
vn 0.002624 0.000000 0.999996
vn -0.002624 0.000000 -0.999996
vn -0.002624 0.000000 -0.999996
vn -0.002624 0.000000 -0.999996
vn -0.002624 0.000000 -0.999996
vn -0.652575 -0.757722 0.001712
vn -0.652575 -0.757722 0.001712
vn -0.652575 -0.757722 0.001712
vn -0.652575 -0.757722 0.001712
vn 0.001712 -0.757719 0.652579
vn 0.001712 -0.757719 0.652579
vn 0.001712 -0.757719 0.652579
vn 0.001712 -0.757719 0.652578
vn 0.652575 -0.757722 -0.001712
vn 0.652575 -0.757722 -0.001712
vn 0.652575 -0.757722 -0.001712
vn 0.652575 -0.757722 -0.001712
vn -0.001712 -0.757721 -0.652576
vn -0.001712 -0.757721 -0.652576
vn -0.001712 -0.757721 -0.652576
vn -0.001712 -0.757721 -0.652576
vn -0.999997 0.000000 0.002624
vn -0.999997 0.000000 0.002624
vn -0.999997 0.000000 0.002624
vn -0.999997 0.000000 0.002624
vn 0.002624 0.000000 0.999996
vn 0.002624 0.000000 0.999996
vn 0.002624 0.000000 0.999996
vn 0.002624 0.000000 0.999996
vn 0.999997 0.000000 -0.002624
vn 0.999997 0.000000 -0.002624
vn 0.999997 0.000000 -0.002624
vn 0.999997 0.000000 -0.002624
vn -0.002624 0.000000 -0.999996
vn -0.002624 0.000000 -0.999996
vn -0.002624 0.000000 -0.999996
vn -0.002624 0.000000 -0.999996
vn 0.000000 1.000000 -0.000000
vn 0.000000 1.000000 -0.000000
vn 0.000000 1.000000 -0.000000
vn 0.000000 1.000000 -0.000000
vn 0.000000 1.000000 0.000000
vn 0.000000 1.000000 0.000000
vn -0.000000 1.000000 0.000000
vn -0.000000 1.000000 0.000000
vn -0.000000 1.000000 0.000000
vn -0.000000 1.000000 0.000000
vn 0.000000 1.000000 0.000000
vn 0.000000 1.000000 0.000000
vn -0.999997 0.000000 0.002624
vn -0.999997 0.000000 0.002624
vn -0.999997 0.000000 0.002624
vn -0.999997 0.000000 0.002624
vn 0.002624 0.000000 0.999996
vn 0.002624 0.000000 0.999996
vn 0.002624 0.000000 0.999996
vn 0.002624 0.000000 0.999996
vn 0.999997 0.000000 -0.002624
vn 0.999997 0.000000 -0.002624
vn 0.999997 0.000000 -0.002624
vn 0.999997 0.000000 -0.002624
vn -0.002624 -0.000000 -0.999996
vn -0.002624 -0.000000 -0.999996
vn -0.002624 -0.000000 -0.999996
vn -0.002624 -0.000000 -0.999996
vn -0.000000 1.000000 0.000000
vn -0.000000 1.000000 0.000000
vn 0.111390 0.993777 -0.000292
vn 0.111390 0.993777 -0.000292
vn -0.002624 -0.000000 -0.999996
vn -0.002624 0.000000 -0.999996
vn -0.002624 0.000000 -0.999996
vn -0.002624 -0.000000 -0.999996
vn 0.000000 1.000000 0.000000
vn 0.000000 1.000000 0.000000
vn 0.000000 1.000000 0.000000
vn 0.000000 1.000000 0.000000
vn -0.002624 0.000000 -0.999996
vn -0.002624 0.000000 -0.999996
vn -0.002624 0.000000 -0.999996
vn -0.002624 0.000000 -0.999996
vn -0.001712 -0.757722 -0.652576
vn -0.001712 -0.757722 -0.652576
vn -0.001712 -0.757722 -0.652576
vn -0.001712 -0.757722 -0.652576
vn -0.002624 0.000000 -0.999996
vn -0.002624 0.000000 -0.999996
vn -0.002624 0.000000 -0.999996
vn -0.002624 0.000000 -0.999996
vn 0.000000 -1.000000 0.000000
vn 0.000000 -1.000000 0.000000
vn 0.000000 -1.000000 0.000000
vn 0.000000 -1.000000 0.000000
vn 0.002624 0.000000 0.999996
vn 0.002624 0.000000 0.999996
vn 0.002624 0.000000 0.999996
vn 0.002624 0.000000 0.999996
vn 0.001712 -0.757719 0.652578
vn 0.001712 -0.757719 0.652578
vn 0.001712 -0.757719 0.652578
vn 0.001712 -0.757719 0.652578
vn 0.002624 0.000000 0.999996
vn 0.002624 0.000000 0.999996
vn 0.002624 0.000000 0.999996
vn 0.002624 0.000000 0.999996
vn 0.000000 1.000000 0.000000
vn 0.000000 1.000000 0.000000
vn 0.000000 1.000000 0.000000
vn 0.000000 1.000000 0.000000
vn 0.002624 0.000000 0.999996
vn 0.002624 0.000000 0.999996
vn 0.002624 -0.000000 0.999996
vn 0.002624 -0.000000 0.999996
vn -0.185808 0.982586 0.000488
vn -0.185808 0.982586 0.000488
vn -0.111390 0.993777 0.000292
vn -0.111390 0.993777 0.000292
vn -0.002624 0.000000 -0.999996
vn -0.002624 -0.000000 -0.999996
vn -0.002624 -0.000000 -0.999996
vn -0.002624 0.000000 -0.999996
vn 0.000000 1.000000 0.000000
vn 0.000000 1.000000 0.000000
vn 0.000000 1.000000 0.000000
vn 0.000000 1.000000 0.000000
vn -0.002624 0.000000 -0.999996
vn -0.002624 0.000000 -0.999996
vn -0.002624 0.000000 -0.999996
vn -0.002624 0.000000 -0.999996
vn -0.001712 -0.757722 -0.652576
vn -0.001712 -0.757722 -0.652576
vn -0.001712 -0.757722 -0.652576
vn -0.001712 -0.757722 -0.652576
vn -0.002624 0.000000 -0.999996
vn -0.002624 0.000000 -0.999996
vn -0.002624 0.000000 -0.999996
vn -0.002624 0.000000 -0.999996
vn 0.000000 -1.000000 0.000000
vn 0.000000 -1.000000 0.000000
vn 0.000000 -1.000000 0.000000
vn 0.000000 -1.000000 0.000000
vn 0.002624 0.000000 0.999996
vn 0.002624 0.000000 0.999996
vn 0.002624 0.000000 0.999996
vn 0.002624 0.000000 0.999996
vn 0.001712 -0.757719 0.652579
vn 0.001712 -0.757719 0.652579
vn 0.001712 -0.757719 0.652578
vn 0.001712 -0.757719 0.652578
vn 0.002624 0.000000 0.999996
vn 0.002624 0.000000 0.999996
vn 0.002624 0.000000 0.999996
vn 0.002624 0.000000 0.999996
vn 0.000000 1.000000 0.000000
vn 0.000000 1.000000 0.000000
vn 0.000000 1.000000 0.000000
vn 0.000000 1.000000 0.000000
vn 0.002624 -0.000000 0.999996
vn 0.002624 0.000000 0.999996
vn 0.002624 -0.000000 0.999996
vn 0.002624 -0.000000 0.999996
vn 0.185808 0.982586 -0.000488
vn 0.185808 0.982586 -0.000488
vn 0.276014 0.961153 -0.000724
vn 0.276014 0.961153 -0.000724
vn -0.002624 0.000000 -0.999996
vn -0.002624 -0.000000 -0.999996
vn -0.002624 -0.000000 -0.999996
vn -0.002624 0.000000 -0.999996
vn 0.000000 1.000000 0.000000
vn 0.000000 1.000000 0.000000
vn 0.000000 1.000000 0.000000
vn 0.000000 1.000000 0.000000
vn -0.002624 0.000000 -0.999996
vn -0.002624 0.000000 -0.999996
vn -0.002624 0.000000 -0.999996
vn -0.002624 0.000000 -0.999996
vn -0.001712 -0.757722 -0.652576
vn -0.001712 -0.757722 -0.652576
vn -0.001712 -0.757722 -0.652576
vn -0.001712 -0.757721 -0.652576
vn -0.002624 0.000000 -0.999996
vn -0.002624 0.000000 -0.999996
vn -0.002624 0.000000 -0.999996
vn -0.002624 0.000000 -0.999996
vn 0.000000 -1.000000 0.000000
vn 0.000000 -1.000000 0.000000
vn 0.000000 -1.000000 0.000000
vn 0.000000 -1.000000 0.000000
vn 0.002624 0.000000 0.999996
vn 0.002624 0.000000 0.999996
vn 0.002624 0.000000 0.999996
vn 0.002624 0.000000 0.999996
vn 0.001712 -0.757719 0.652578
vn 0.001712 -0.757719 0.652578
vn 0.001712 -0.757719 0.652579
vn 0.001712 -0.757719 0.652579
vn 0.002624 0.000000 0.999996
vn 0.002624 0.000000 0.999996
vn 0.002624 0.000000 0.999996
vn 0.002624 0.000000 0.999996
vn 0.000000 1.000000 0.000000
vn 0.000000 1.000000 0.000000
vn 0.000000 1.000000 0.000000
vn 0.000000 1.000000 0.000000
vn 0.002624 -0.000000 0.999996
vn 0.002624 -0.000000 0.999996
vn 0.002624 0.000000 0.999996
vn 0.002624 -0.000000 0.999996
vn 0.331287 0.943530 -0.000869
vn 0.331287 0.943530 -0.000869
vn -0.002624 0.000000 -0.999996
vn -0.002624 0.000000 -0.999996
vn -0.002624 0.000000 -0.999996
vn -0.002624 0.000000 -0.999996
vn -0.001712 -0.757721 -0.652576
vn -0.001712 -0.757721 -0.652576
vn -0.002624 0.000000 -0.999996
vn -0.002624 0.000000 -0.999996
vn 0.000000 -1.000000 0.000000
vn 0.000000 -1.000000 0.000000
vn 0.002624 0.000000 0.999996
vn 0.002624 0.000000 0.999996
vn 0.001712 -0.757719 0.652579
vn 0.001712 -0.757719 0.652579
vn 0.002624 0.000000 0.999996
vn 0.002624 0.000000 0.999996
vn 0.002624 0.000001 0.999996
vn 0.002624 0.000001 0.999996
vn 0.002624 0.000000 0.999996
vn 0.002624 0.000000 0.999996
vn 0.002624 0.000000 0.999996
vn 0.002624 0.000000 0.999996
vn 0.002624 0.000000 0.999996
vn 0.002624 0.000000 0.999996
vn 0.002624 0.000000 0.999996
vn 0.002624 0.000000 0.999996
vn 0.002624 0.000000 0.999996
vn 0.002624 0.000000 0.999996
vn 0.002624 0.000000 0.999996
vn 0.002624 0.000000 0.999996
vn 0.002624 0.000000 0.999996
vn 0.002624 -0.000000 0.999996
vn 0.002624 -0.000000 0.999996
vn 0.002624 -0.000000 0.999996
vn 0.002624 0.000000 0.999996
vn 0.002624 0.000000 0.999996
vn 0.002624 0.000000 0.999996
vn 0.002624 0.000000 0.999996
vn 0.002624 -0.000000 0.999996
vn 0.002624 0.000000 0.999996
vn 0.002624 0.000000 0.999996
vn 0.002624 0.000000 0.999996
vn 0.002624 0.000000 0.999996
vn 0.002624 0.000000 0.999996
vn 0.002624 0.000000 0.999996
vn 0.002624 0.000000 0.999996
vn 0.002624 -0.000000 0.999996
vn 0.002624 -0.000000 0.999996
vn 0.002624 -0.000000 0.999996
vn 0.002624 0.000000 0.999996
vn 0.002624 0.000000 0.999996
vn 0.002624 0.000000 0.999996
vn 0.002624 0.000000 0.999996
vn 0.002624 0.000000 0.999996
vn -0.002624 0.000000 -0.999996
vn -0.002624 0.000000 -0.999996
vn -0.002624 0.000000 -0.999996
vn -0.002624 0.000000 -0.999996
vn -0.002624 0.000001 -0.999996
vn -0.002624 0.000000 -0.999996
vn -0.002624 0.000000 -0.999996
vn -0.002624 0.000001 -0.999996
vn -0.002624 0.000000 -0.999996
vn -0.002624 0.000000 -0.999996
vn -0.002624 0.000000 -0.999996
vn -0.002624 0.000000 -0.999996
vn -0.002624 -0.000000 -0.999996
vn -0.002624 -0.000000 -0.999996
vn -0.002624 -0.000000 -0.999996
vn -0.002624 -0.000000 -0.999996
vn -0.002624 0.000000 -0.999996
vn -0.002624 0.000000 -0.999996
vn -0.002624 0.000000 -0.999996
vn -0.002624 0.000000 -0.999996
vn -0.002624 0.000000 -0.999996
vn -0.002624 0.000000 -0.999996
vn -0.002624 0.000000 -0.999996
vn -0.002624 0.000000 -0.999996
vn -0.002624 -0.000000 -0.999996
vn -0.002624 0.000000 -0.999996
vn -0.002624 0.000000 -0.999996
vn -0.002624 -0.000000 -0.999996
vn -0.002624 0.000000 -0.999996
vn -0.002624 -0.000000 -0.999996
vn -0.002624 -0.000000 -0.999996
vn -0.002624 0.000000 -0.999996
vn -0.002624 -0.000000 -0.999996
vn -0.002624 -0.000000 -0.999996
vn -0.002624 -0.000000 -0.999996
vn -0.002624 -0.000000 -0.999996
vn 0.000000 1.000000 0.000000
vn 0.000000 1.000000 0.000000
vn 0.000000 1.000000 0.000000
vn 0.000000 1.000000 0.000000
vn 0.274292 -0.961646 -0.000720
vn 0.331286 -0.943530 -0.000869
vn 0.331286 -0.943530 -0.000869
vn 0.274292 -0.961646 -0.000720
vn 0.999997 0.000000 -0.002624
vn 0.999997 0.000000 -0.002624
vn 0.999997 0.000000 -0.002624
vn 0.999997 0.000000 -0.002624
vn 0.000000 1.000000 0.000000
vn 0.000000 1.000000 0.000000
vn 0.000000 1.000000 0.000000
vn 0.000000 1.000000 0.000000
vn -0.111457 -0.993769 0.000292
vn 0.000000 -1.000000 0.000000
vn 0.000000 -1.000000 0.000000
vn -0.111457 -0.993769 0.000292
vn 0.000000 1.000000 0.000000
vn 0.000000 1.000000 0.000000
vn 0.000000 1.000000 0.000000
vn 0.000000 1.000000 0.000000
vn 0.111457 -0.993769 -0.000292
vn 0.185784 -0.982590 -0.000487
vn 0.185784 -0.982590 -0.000487
vn 0.111457 -0.993769 -0.000292
vn 0.000000 1.000000 0.000000
vn 0.000000 1.000000 0.000000
vn 0.000000 1.000000 0.000000
vn 0.000000 1.000000 0.000000
vn -0.274292 -0.961646 0.000720
vn -0.185784 -0.982590 0.000487
vn -0.185784 -0.982590 0.000487
vn -0.274292 -0.961646 0.000720
vn 0.000000 1.000000 0.000000
vn 0.000000 1.000000 0.000000
vn -0.999997 0.000000 0.002624
vn -0.999997 0.000000 0.002624
vn -0.999997 0.000000 0.002624
vn -0.999997 0.000000 0.002624
vn -0.331286 -0.943530 0.000869
vn -0.331286 -0.943530 0.000869
vn 0.000000 1.000000 0.000000
vn 0.000000 1.000000 0.000000
vn 0.000000 1.000000 0.000000
vn 0.000000 1.000000 0.000000
vn 0.999997 0.000000 -0.002624
vn 0.999997 0.000000 -0.002624
vn 0.999997 0.000000 -0.002624
vn 0.999997 0.000000 -0.002624
vn 0.331286 -0.943530 -0.000869
vn 0.274292 -0.961646 -0.000720
vn 0.274292 -0.961646 -0.000720
vn 0.331286 -0.943530 -0.000869
vn 0.000000 1.000000 0.000000
vn 0.000000 1.000000 0.000000
vn 0.000000 1.000000 0.000000
vn 0.000000 1.000000 0.000000
vn 0.000000 -1.000000 0.000000
vn -0.111458 -0.993769 0.000292
vn -0.111458 -0.993769 0.000292
vn 0.000000 -1.000000 0.000000
vn 0.000000 1.000000 0.000000
vn 0.000000 1.000000 0.000000
vn 0.000000 1.000000 0.000000
vn 0.000000 1.000000 0.000000
vn 0.185784 -0.982590 -0.000487
vn 0.111458 -0.993769 -0.000292
vn 0.111458 -0.993769 -0.000292
vn 0.185784 -0.982590 -0.000487
vn 0.000000 1.000000 0.000000
vn 0.000000 1.000000 0.000000
vn 0.000000 1.000000 0.000000
vn 0.000000 1.000000 0.000000
vn -0.185784 -0.982590 0.000487
vn -0.274292 -0.961646 0.000720
vn -0.274292 -0.961646 0.000720
vn -0.185784 -0.982590 0.000487
vn 0.000000 1.000000 0.000000
vn 0.000000 1.000000 0.000000
vn -0.331286 -0.943530 0.000869
vn -0.331286 -0.943530 0.000869
vn -0.999997 0.000000 0.002624
vn -0.999997 0.000000 0.002624
vn -0.999997 0.000000 0.002624
vn -0.999997 0.000000 0.002624
s off
g group2 pCube35
usemtl initialShadingGroup
f 387/507/732 388/508/733 390/510/734 389/509/735
s 1
f 407/533/736 408/534/737 459/601/738 460/602/739
s off
f 391/511/740 392/512/741 394/514/742 393/513/743
s 2
f 465/609/744 466/610/745 388/516/746 387/515/747
s 3
f 388/508/748 466/611/749 467/613/750 390/510/751
s 4
f 465/608/752 387/507/753 389/509/754 464/606/755
s off
f 389/509/756 390/510/757 396/522/758 395/521/759
s 5
f 390/510/760 467/612/761 468/614/762 396/522/763
s off
f 392/512/764 391/511/765 398/524/766 397/523/767
s 6
f 464/607/768 389/509/769 395/521/770 463/605/771
s off
f 395/521/772 396/522/773 400/526/774 399/525/775
s 7
f 396/522/776 468/614/777 469/615/778 400/526/779
s off
f 397/523/780 398/524/781 402/528/782 401/527/783
s 8
f 463/605/784 395/521/785 399/525/786 462/604/787
s 9
f 399/525/788 400/526/789 404/530/790 403/529/791
f 400/526/789 469/615/792 470/616/793 404/530/790
f 401/527/794 402/528/795 406/532/796 405/531/797
f 462/604/798 399/525/788 403/529/791 461/603/799
s off
f 403/529/800 404/530/801 408/534/802 407/533/803
s 11
f 531/685/804 532/686/805 533/687/806 534/688/807
s off
f 405/531/808 406/532/809 410/536/810 409/535/811
s 12
f 550/689/812 549/690/813 551/691/814 552/692/815
s 1
f 412/538/816 411/537/817 483/633/818 484/634/819
s 12
f 554/693/820 553/694/821 555/695/822 556/696/823
s 9
f 486/636/824 414/540/825 413/539/826 485/635/827
s 8
f 487/637/828 415/541/829 414/540/830 486/636/831
s 6
f 488/639/832 416/543/833 415/541/834 487/637/835
s 4
f 489/640/836 417/544/837 416/542/838 488/638/839
s 2
f 489/641/840 490/642/841 418/546/842 417/545/843
s 3
f 419/549/844 418/547/845 490/643/846 491/645/847
s 5
f 420/550/848 419/548/849 491/644/850 492/646/851
s 7
f 421/551/852 420/550/853 492/646/854 493/647/855
s 9
f 422/552/856 421/551/857 493/647/858 494/648/859
s 11
f 536/700/860 535/697/861 537/698/862 538/699/863
s 1
f 424/554/864 423/553/865 471/617/866 472/618/867
s 12
f 558/701/868 557/702/869 559/703/870 560/704/871
s 9
f 474/620/872 426/556/873 425/555/874 473/619/875
s 8
f 475/621/876 427/557/877 426/556/878 474/620/879
s 6
f 476/623/880 428/559/881 427/557/882 475/621/883
s 4
f 477/624/884 429/560/885 428/558/886 476/622/887
s 2
f 477/625/888 478/626/889 430/562/890 429/561/891
s 3
f 431/565/892 430/563/893 478/627/894 479/629/895
s 5
f 432/566/896 431/564/897 479/628/898 480/630/899
s 7
f 433/567/900 432/566/901 480/630/902 481/631/903
s 9
f 434/568/904 433/567/905 481/631/906 482/632/907
s 11
f 540/708/908 539/705/909 541/706/910 542/707/911
s 1
f 436/570/912 435/569/913 447/585/914 448/586/915
s 12
f 562/709/916 561/710/917 563/711/918 564/712/919
s 9
f 450/588/920 438/572/921 437/571/922 449/587/923
s 8
f 451/589/924 439/573/925 438/572/926 450/588/927
s 6
f 452/591/928 440/575/929 439/573/930 451/589/931
s 4
f 453/592/932 441/576/933 440/574/934 452/590/935
s 2
f 453/593/936 454/594/937 442/578/938 441/577/939
s 3
f 443/581/940 442/579/941 454/595/942 455/597/943
s 5
f 444/582/944 443/580/945 455/596/946 456/598/947
s 7
f 445/583/948 444/582/949 456/598/950 457/599/951
s 9
f 446/584/952 445/583/953 457/599/954 458/600/955
s 11
f 544/716/956 543/713/957 545/714/958 546/715/959
s 1
f 448/586/915 447/585/914 409/535/960 410/536/961
s 12
f 565/717/962 562/709/916 564/712/919 566/718/963
s 9
f 402/528/795 450/588/920 449/587/923 406/532/796
s 8
f 398/524/964 451/589/924 450/588/927 402/528/965
s 6
f 391/511/966 452/591/928 451/589/931 398/524/967
s 4
f 393/519/968 453/592/932 452/590/935 391/520/969
s 2
f 393/513/970 394/514/971 454/594/937 453/593/936
s 3
f 455/597/943 454/595/942 394/517/972 392/518/973
s 5
f 456/598/947 455/596/946 392/512/974 397/523/975
s 7
f 457/599/951 456/598/950 397/523/976 401/527/977
s 9
f 458/600/955 457/599/954 401/527/794 405/531/797
s 11
f 546/715/959 545/714/958 547/719/978 548/720/979
s 1
f 460/602/739 459/601/738 423/553/865 424/554/864
s 12
f 557/702/869 550/689/812 552/692/815 559/703/870
s 9
f 426/556/873 462/604/798 461/603/799 425/555/874
s 8
f 427/557/877 463/605/784 462/604/787 426/556/878
s 6
f 428/559/881 464/607/768 463/605/771 427/557/882
s 4
f 429/560/885 465/608/752 464/606/755 428/558/886
s 2
f 429/561/891 430/562/890 466/610/745 465/609/744
s 3
f 467/613/750 466/611/749 430/563/893 431/565/892
s 5
f 468/614/762 467/612/761 431/564/897 432/566/896
s 7
f 469/615/778 468/614/777 432/566/901 433/567/900
s 9
f 470/616/793 469/615/792 433/567/905 434/568/904
s 11
f 533/687/806 532/686/805 539/705/909 540/708/908
s 1
f 472/618/867 471/617/866 411/537/817 412/538/816
s 12
f 553/694/821 558/701/868 560/704/871 555/695/822
s 9
f 414/540/825 474/620/872 473/619/875 413/539/826
s 8
f 415/541/829 475/621/876 474/620/879 414/540/830
s 6
f 416/543/833 476/623/880 475/621/883 415/541/834
s 4
f 417/544/837 477/624/884 476/622/887 416/542/838
s 2
f 417/545/843 418/546/842 478/626/889 477/625/888
s 3
f 479/629/895 478/627/894 418/547/845 419/549/844
s 5
f 480/630/899 479/628/898 419/548/849 420/550/848
s 7
f 481/631/903 480/630/902 420/550/853 421/551/852
s 9
f 482/632/907 481/631/906 421/551/857 422/552/856
s 11
f 542/707/911 541/706/910 535/697/861 536/700/860
s 1
f 484/634/819 483/633/818 435/569/913 436/570/912
s 12
f 561/710/917 554/693/820 556/696/823 563/711/918
s 9
f 438/572/921 486/636/824 485/635/827 437/571/922
s 8
f 439/573/925 487/637/828 486/636/831 438/572/926
s 6
f 440/575/929 488/639/832 487/637/835 439/573/930
s 4
f 441/576/933 489/640/836 488/638/839 440/574/934
s 2
f 441/577/939 442/578/938 490/642/841 489/641/840
s 3
f 491/645/847 490/643/846 442/579/941 443/581/940
s 5
f 492/646/851 491/644/850 443/580/945 444/582/944
s 7
f 493/647/855 492/646/854 444/582/949 445/583/948
s 9
f 494/648/859 493/647/858 445/583/953 446/584/952
s 11
f 538/699/863 537/698/862 543/713/957 544/716/956
s 26
f 404/530/980 470/616/981 496/650/982 495/649/983
f 459/601/984 408/534/985 498/652/986 497/651/987
f 408/534/985 404/530/980 495/649/983 498/652/986
f 422/721/988 494/722/989 501/654/990 499/653/991
f 483/723/992 411/724/993 500/655/994 502/725/995
f 434/726/996 482/727/997 505/656/998 503/728/999
f 471/729/1000 423/730/1001 504/658/1002 506/657/1003
f 446/731/1004 458/732/1005 509/660/1006 507/659/1007
f 447/733/1008 435/734/1009 508/662/1010 510/661/1011
f 458/735/1005 405/736/1012 511/664/1013 509/663/1006
f 405/737/1012 409/738/1014 512/666/1015 511/665/1013
f 409/739/1014 447/740/1008 510/668/1011 512/667/1015
f 470/741/981 434/742/996 503/670/999 496/669/982
f 423/743/1001 459/744/984 497/672/987 504/671/1002
f 482/745/997 422/746/988 499/674/991 505/673/998
f 411/747/993 471/748/1000 506/676/1003 500/675/994
f 494/749/989 446/750/1004 507/678/1007 501/677/990
f 435/751/1009 483/752/992 502/680/995 508/679/1010
s 30
f 461/753/1016 403/754/1017 513/755/1018 514/681/1019
f 403/756/1017 407/757/1020 515/682/1021 513/758/1018
f 407/757/1020 460/759/1022 516/760/1023 515/682/1021
f 485/761/1024 413/762/1025 517/683/1026 518/763/1027
f 412/764/1028 484/765/1029 520/684/1030 519/766/1031
f 473/767/1032 425/768/1033 521/769/1034 522/770/1035
f 424/771/1036 472/772/1037 524/773/1038 523/774/1039
f 449/775/1040 437/776/1041 525/777/1042 526/778/1043
f 436/779/1044 448/780/1045 528/781/1046 527/782/1047
f 406/783/1048 449/784/1040 526/785/1043 529/786/1049
f 448/787/1045 410/788/1050 530/789/1051 528/790/1046
f 410/791/1050 406/792/1048 529/793/1049 530/794/1051
f 425/795/1033 461/796/1016 514/797/1019 521/798/1034
f 460/799/1022 424/800/1036 523/801/1039 516/802/1023
f 413/803/1025 473/804/1032 522/805/1035 517/806/1026
f 472/807/1037 412/808/1028 519/809/1031 524/810/1038
f 437/811/1041 485/812/1024 518/813/1027 525/814/1042
f 484/815/1029 436/816/1044 527/817/1047 520/818/1030
s 34
f 495/649/1052 496/650/1053 532/686/1054 531/685/1055
s 35
f 497/651/1056 498/652/1057 534/688/1058 533/687/1059
s off
f 498/652/1060 495/649/1061 531/685/1062 534/688/1063
s 34
f 499/653/1064 501/654/1065 537/819/1066 535/820/1067
s 35
f 502/725/1068 500/655/1069 536/821/1070 538/822/1071
s 34
f 503/728/1072 505/656/1073 541/823/1074 539/824/1075
s 35
f 506/657/1076 504/658/1077 540/825/1078 542/826/1079
s 34
f 507/659/1080 509/660/1081 545/827/1082 543/828/1083
s 35
f 510/661/1084 508/662/1085 544/829/1086 546/830/1087
s 34
f 509/663/1081 511/664/1088 547/831/1089 545/832/1082
s off
f 511/665/1090 512/666/1091 548/833/1092 547/834/1093
s 35
f 512/667/1094 510/668/1084 546/835/1087 548/836/1095
s 34
f 496/669/1053 503/670/1072 539/837/1075 532/838/1054
s 35
f 504/671/1077 497/672/1056 533/839/1059 540/840/1078
s 34
f 505/673/1073 499/674/1064 535/841/1067 541/842/1074
s 35
f 500/675/1069 506/676/1076 542/843/1079 536/844/1070
s 34
f 501/677/1065 507/678/1080 543/845/1083 537/846/1066
s 35
f 508/679/1085 502/680/1068 538/847/1071 544/848/1086
s 39
f 514/681/1096 513/755/1097 549/849/1098 550/850/1099
s off
f 513/758/1100 515/682/1101 551/851/1102 549/852/1103
s 40
f 515/682/1104 516/760/1105 552/853/1106 551/851/1107
s 39
f 518/763/1108 517/683/1109 553/854/1110 554/855/1111
s 40
f 519/766/1112 520/684/1113 556/856/1114 555/857/1115
s 39
f 522/770/1116 521/769/1117 557/858/1118 558/859/1119
s 40
f 523/774/1120 524/773/1121 560/860/1122 559/861/1123
s 39
f 526/778/1124 525/777/1125 561/862/1126 562/863/1127
s 40
f 527/782/1128 528/781/1129 564/864/1130 563/865/1131
s 39
f 529/786/1132 526/785/1124 562/866/1127 565/867/1133
s 40
f 528/790/1129 530/789/1134 566/868/1135 564/869/1130
s off
f 530/794/1136 529/793/1137 565/870/1138 566/871/1139
s 39
f 521/798/1117 514/797/1096 550/872/1099 557/873/1118
s 40
f 516/802/1105 523/801/1120 559/874/1123 552/875/1106
s 39
f 517/806/1109 522/805/1116 558/876/1119 553/877/1110
s 40
f 524/810/1121 519/809/1112 555/878/1115 560/879/1122
s 39
f 525/814/1125 518/813/1108 554/880/1111 561/881/1126
s 40
f 520/818/1113 527/817/1128 563/882/1131 556/883/1114
g default
v -373.866396 3538.878321 -740.625328
v -373.806218 3538.878321 -717.690796
v -373.866396 3578.264059 -740.625328
v -373.806218 3578.264059 -717.690796
v -320.264616 3578.264059 -740.765974
v -320.204438 3578.264059 -717.831442
v -320.264616 3538.878321 -740.765974
v -320.204438 3538.878321 -717.831442
vt 0.375000 0.000000
vt 0.625000 0.000000
vt 0.375000 0.250000
vt 0.625000 0.250000
vt 0.375000 0.500000
vt 0.625000 0.500000
vt 0.375000 0.750000
vt 0.625000 0.750000
vt 0.375000 1.000000
vt 0.625000 1.000000
vt 0.875000 0.000000
vt 0.875000 0.250000
vt 0.125000 0.000000
vt 0.125000 0.250000
vn -0.999997 0.000000 0.002624
vn -0.999997 0.000000 0.002624
vn -0.999997 0.000000 0.002624
vn -0.999997 0.000000 0.002624
vn 0.000000 1.000000 0.000000
vn 0.000000 1.000000 0.000000
vn 0.000000 1.000000 0.000000
vn 0.000000 1.000000 0.000000
vn 0.999997 0.000000 -0.002624
vn 0.999997 0.000000 -0.002624
vn 0.999997 0.000000 -0.002624
vn 0.999997 0.000000 -0.002624
vn 0.000000 -1.000000 0.000000
vn 0.000000 -1.000000 0.000000
vn 0.000000 -1.000000 0.000000
vn 0.000000 -1.000000 0.000000
vn 0.002624 0.000000 0.999997
vn 0.002624 0.000000 0.999997
vn 0.002624 0.000000 0.999997
vn 0.002624 0.000000 0.999997
vn -0.002624 0.000000 -0.999997
vn -0.002624 0.000000 -0.999997
vn -0.002624 0.000000 -0.999997
vn -0.002624 0.000000 -0.999997
s off
g group2 pCube36
usemtl initialShadingGroup
f 567/884/1140 568/885/1141 570/887/1142 569/886/1143
f 569/886/1144 570/887/1145 572/889/1146 571/888/1147
f 571/888/1148 572/889/1149 574/891/1150 573/890/1151
f 573/890/1152 574/891/1153 568/893/1154 567/892/1155
f 568/885/1156 574/894/1157 572/895/1158 570/887/1159
f 573/896/1160 567/884/1161 569/886/1162 571/897/1163
g default
v -302.949351 3538.621322 -740.811408
v -302.889173 3538.621322 -717.876875
v -302.949351 3578.007060 -740.811408
v -302.889173 3578.007060 -717.876875
v -249.347571 3578.007060 -740.952054
v -249.287393 3578.007060 -718.017521
v -249.347571 3538.621322 -740.952054
v -249.287393 3538.621322 -718.017521
vt 0.375000 0.000000
vt 0.625000 0.000000
vt 0.375000 0.250000
vt 0.625000 0.250000
vt 0.375000 0.500000
vt 0.625000 0.500000
vt 0.375000 0.750000
vt 0.625000 0.750000
vt 0.375000 1.000000
vt 0.625000 1.000000
vt 0.875000 0.000000
vt 0.875000 0.250000
vt 0.125000 0.000000
vt 0.125000 0.250000
vn -0.999997 0.000000 0.002624
vn -0.999997 0.000000 0.002624
vn -0.999997 0.000000 0.002624
vn -0.999997 0.000000 0.002624
vn 0.000000 1.000000 0.000000
vn 0.000000 1.000000 0.000000
vn 0.000000 1.000000 0.000000
vn 0.000000 1.000000 0.000000
vn 0.999997 0.000000 -0.002624
vn 0.999997 0.000000 -0.002624
vn 0.999997 0.000000 -0.002624
vn 0.999997 0.000000 -0.002624
vn 0.000000 -1.000000 0.000000
vn 0.000000 -1.000000 0.000000
vn 0.000000 -1.000000 0.000000
vn 0.000000 -1.000000 0.000000
vn 0.002624 0.000000 0.999997
vn 0.002624 0.000000 0.999997
vn 0.002624 0.000000 0.999997
vn 0.002624 0.000000 0.999997
vn -0.002624 0.000000 -0.999997
vn -0.002624 0.000000 -0.999997
vn -0.002624 0.000000 -0.999997
vn -0.002624 0.000000 -0.999997
s off
g group2 pCube37
usemtl initialShadingGroup
f 575/898/1164 576/899/1165 578/901/1166 577/900/1167
f 577/900/1168 578/901/1169 580/903/1170 579/902/1171
f 579/902/1172 580/903/1173 582/905/1174 581/904/1175
f 581/904/1176 582/905/1177 576/907/1178 575/906/1179
f 576/899/1180 582/908/1181 580/909/1182 578/901/1183
f 581/910/1184 575/898/1185 577/900/1186 579/911/1187
g default
v -642.259391 3800.397224 -739.921091
v -642.199213 3800.397224 -716.986558
v -642.259391 3839.782962 -739.921091
v -642.199213 3839.782962 -716.986558
v -588.657611 3839.782962 -740.061737
v -588.597433 3839.782962 -717.127204
v -588.657611 3800.397224 -740.061737
v -588.597433 3800.397224 -717.127204
vt 0.375000 0.000000
vt 0.625000 0.000000
vt 0.375000 0.250000
vt 0.625000 0.250000
vt 0.375000 0.500000
vt 0.625000 0.500000
vt 0.375000 0.750000
vt 0.625000 0.750000
vt 0.375000 1.000000
vt 0.625000 1.000000
vt 0.875000 0.000000
vt 0.875000 0.250000
vt 0.125000 0.000000
vt 0.125000 0.250000
vn -0.999997 0.000000 0.002624
vn -0.999997 0.000000 0.002624
vn -0.999997 0.000000 0.002624
vn -0.999997 0.000000 0.002624
vn 0.000000 1.000000 0.000000
vn 0.000000 1.000000 0.000000
vn 0.000000 1.000000 0.000000
vn 0.000000 1.000000 0.000000
vn 0.999997 0.000000 -0.002624
vn 0.999997 0.000000 -0.002624
vn 0.999997 0.000000 -0.002624
vn 0.999997 0.000000 -0.002624
vn 0.000000 -1.000000 0.000000
vn 0.000000 -1.000000 0.000000
vn 0.000000 -1.000000 0.000000
vn 0.000000 -1.000000 0.000000
vn 0.002624 0.000000 0.999997
vn 0.002624 0.000000 0.999997
vn 0.002624 0.000000 0.999997
vn 0.002624 0.000000 0.999997
vn -0.002624 0.000000 -0.999997
vn -0.002624 0.000000 -0.999997
vn -0.002624 0.000000 -0.999997
vn -0.002624 0.000000 -0.999997
s off
g group2 pCube38
usemtl initialShadingGroup
f 583/912/1188 584/913/1189 586/915/1190 585/914/1191
f 585/914/1192 586/915/1193 588/917/1194 587/916/1195
f 587/916/1196 588/917/1197 590/919/1198 589/918/1199
f 589/918/1200 590/919/1201 584/921/1202 583/920/1203
f 584/913/1204 590/922/1205 588/923/1206 586/915/1207
f 589/924/1208 583/912/1209 585/914/1210 587/925/1211
g default
v -406.163607 4073.722114 -740.540584
v -406.103429 4073.722114 -717.606051
v -406.163607 4113.107851 -740.540584
v -406.103429 4113.107851 -717.606051
v -352.561828 4113.107851 -740.681229
v -352.501650 4113.107851 -717.746697
v -352.561828 4073.722114 -740.681229
v -352.501650 4073.722114 -717.746697
vt 0.375000 0.000000
vt 0.625000 0.000000
vt 0.375000 0.250000
vt 0.625000 0.250000
vt 0.375000 0.500000
vt 0.625000 0.500000
vt 0.375000 0.750000
vt 0.625000 0.750000
vt 0.375000 1.000000
vt 0.625000 1.000000
vt 0.875000 0.000000
vt 0.875000 0.250000
vt 0.125000 0.000000
vt 0.125000 0.250000
vn -0.999997 0.000000 0.002624
vn -0.999997 0.000000 0.002624
vn -0.999997 0.000000 0.002624
vn -0.999997 0.000000 0.002624
vn 0.000000 1.000000 0.000000
vn 0.000000 1.000000 0.000000
vn 0.000000 1.000000 0.000000
vn 0.000000 1.000000 0.000000
vn 0.999997 0.000000 -0.002624
vn 0.999997 0.000000 -0.002624
vn 0.999997 0.000000 -0.002624
vn 0.999997 0.000000 -0.002624
vn 0.000000 -1.000000 0.000000
vn 0.000000 -1.000000 0.000000
vn 0.000000 -1.000000 0.000000
vn 0.000000 -1.000000 0.000000
vn 0.002624 0.000000 0.999997
vn 0.002624 0.000000 0.999997
vn 0.002624 0.000000 0.999997
vn 0.002624 0.000000 0.999997
vn -0.002624 0.000000 -0.999997
vn -0.002624 0.000000 -0.999997
vn -0.002624 0.000000 -0.999997
vn -0.002624 0.000000 -0.999997
s off
g group2 pCube39
usemtl initialShadingGroup
f 591/926/1212 592/927/1213 594/929/1214 593/928/1215
f 593/928/1216 594/929/1217 596/931/1218 595/930/1219
f 595/930/1220 596/931/1221 598/933/1222 597/932/1223
f 597/932/1224 598/933/1225 592/935/1226 591/934/1227
f 592/927/1228 598/936/1229 596/937/1230 594/929/1231
f 597/938/1232 591/926/1233 593/928/1234 595/939/1235
g default
v -808.501318 3180.663922 -1120.046812
v -808.114675 3180.663922 -972.692404
v -808.501318 3287.144983 -1120.046812
v -808.114675 3287.144983 -972.692404
v -793.100404 3287.144983 -1120.087222
v -792.713760 3287.144983 -972.732815
v -793.100404 3180.663922 -1120.087222
v -792.713760 3180.663922 -972.732815
vt 0.375000 0.000000
vt 0.625000 0.000000
vt 0.375000 0.250000
vt 0.625000 0.250000
vt 0.375000 0.500000
vt 0.625000 0.500000
vt 0.375000 0.750000
vt 0.625000 0.750000
vt 0.375000 1.000000
vt 0.625000 1.000000
vt 0.875000 0.000000
vt 0.875000 0.250000
vt 0.125000 0.000000
vt 0.125000 0.250000
vn -0.999997 0.000000 0.002624
vn -0.999997 0.000000 0.002624
vn -0.999997 0.000000 0.002624
vn -0.999997 0.000000 0.002624
vn 0.000000 1.000000 0.000000
vn 0.000000 1.000000 0.000000
vn 0.000000 1.000000 0.000000
vn 0.000000 1.000000 0.000000
vn 0.999997 0.000000 -0.002624
vn 0.999997 0.000000 -0.002624
vn 0.999997 0.000000 -0.002624
vn 0.999997 0.000000 -0.002624
vn 0.000000 -1.000000 0.000000
vn 0.000000 -1.000000 0.000000
vn 0.000000 -1.000000 0.000000
vn 0.000000 -1.000000 0.000000
vn 0.002624 0.000000 0.999997
vn 0.002624 0.000000 0.999997
vn 0.002624 0.000000 0.999997
vn 0.002624 0.000000 0.999997
vn -0.002624 0.000000 -0.999997
vn -0.002624 0.000000 -0.999997
vn -0.002624 0.000000 -0.999997
vn -0.002624 0.000000 -0.999997
s off
g group2 pCube40
usemtl initialShadingGroup
f 599/940/1236 600/941/1237 602/943/1238 601/942/1239
f 601/942/1240 602/943/1241 604/945/1242 603/944/1243
f 603/944/1244 604/945/1245 606/947/1246 605/946/1247
f 605/946/1248 606/947/1249 600/949/1250 599/948/1251
f 600/941/1252 606/950/1253 604/951/1254 602/943/1255
f 605/952/1256 599/940/1257 601/942/1258 603/953/1259
g default
v -603.514687 2960.389400 -482.455713
v -603.389728 2960.389400 -434.832348
v -517.644763 3237.323349 -482.681027
v -517.519804 3237.323349 -435.057662
v -586.249441 3266.101637 -482.501015
v -592.856524 3264.787322 -482.483679
v -598.457779 3261.044800 -482.468982
v -602.200406 3255.443349 -482.459161
v -603.514687 3248.836220 -482.455713
v -603.389728 3248.836220 -434.832348
v -602.075447 3255.443349 -434.835796
v -598.332820 3261.044800 -434.845617
v -592.731565 3264.787322 -434.860314
v -586.124482 3266.101637 -434.877650
v -517.644763 3248.836220 -482.681027
v -518.958999 3255.443349 -482.677579
v -522.701634 3261.044800 -482.667758
v -528.302873 3264.787322 -482.653061
v -534.909994 3266.101637 -482.635725
v -534.785035 3266.101637 -435.012360
v -528.177914 3264.787322 -435.029696
v -522.576674 3261.044800 -435.044393
v -518.834040 3255.443349 -435.054214
v -517.519804 3248.836220 -435.057662
v -588.826075 3247.389695 -482.494254
v -588.701116 3247.389695 -434.870889
v -588.701101 2960.389400 -434.870889
v -588.826060 2960.389400 -482.494254
v -584.677668 3251.413300 -434.881446
v -584.802627 3251.413300 -482.504811
v -536.356808 3251.412856 -482.631929
v -536.231849 3251.412856 -435.008563
v -532.208416 3247.389695 -435.019121
v -532.333375 3247.389695 -482.642486
v -532.333375 3237.323349 -482.642486
v -532.208416 3237.323349 -435.019121
v -588.364100 3249.712134 -482.495466
v -588.239141 3249.712134 -434.872101
v -587.867850 3250.454950 -482.496769
v -587.742891 3250.454950 -434.873403
v -587.125518 3250.951346 -482.498716
v -587.000559 3250.951346 -434.875351
v -534.033917 3250.951346 -482.638024
v -533.908957 3250.951346 -435.014658
v -533.291540 3250.454950 -482.639972
v -533.166581 3250.454950 -435.016606
v -532.795335 3249.712134 -482.641274
v -532.670376 3249.712134 -435.017908
vt 1.000000 0.056475
vt 1.000000 0.999999
vt 0.000000 0.999999
vt 1.000000 0.201063
vt 0.000000 0.798937
vt 1.000000 0.599931
vt 1.000000 0.999992
vt 0.000000 0.999992
vt 0.000000 0.056475
vt 0.000000 0.201063
vt 1.000000 0.798937
vt 0.000000 0.599930
vt 0.472538 0.095010
vt 0.000000 0.000000
vt 0.000000 0.031565
vt 0.558931 0.031565
vt 0.000000 0.000000
vt 0.000000 0.095010
vt 1.000000 0.776389
vt 1.000000 1.000000
vt 1.000000 0.904990
vt 0.000000 0.377528
vt 0.000000 0.000000
vt 0.000000 0.335320
vt 0.000000 0.056475
vt 1.000000 0.056475
vt 1.000000 0.999999
vt 0.000000 0.999999
vt 0.000000 0.201063
vt 1.000000 0.201063
vt 1.000000 0.798937
vt 0.000000 0.798937
vt 0.000000 0.599930
vt 1.000000 0.599931
vt 1.000000 0.999992
vt 0.000000 0.999992
vt 0.000000 0.031565
vt 0.558931 0.031565
vt 0.000000 0.000000
vt 0.000000 0.000000
vt 0.472538 0.095010
vt 0.000000 0.095010
vt 1.000000 0.904990
vt 0.000000 0.377528
vt 1.000000 1.000000
vt 0.000000 0.000000
vt 1.000000 0.776389
vt 0.000000 0.335320
vt 1.000000 0.056475
vt 1.000000 0.999999
vt 0.000000 0.999999
vt 0.000000 0.056475
vt 1.000000 0.201063
vt 1.000000 0.798937
vt 0.000000 0.798937
vt 0.000000 0.201063
vt 1.000000 0.599931
vt 1.000000 0.999992
vt 0.000000 0.999992
vt 0.000000 0.599930
vt 0.000000 0.031565
vt 0.558931 0.031565
vt 0.000000 0.000000
vt 0.000000 0.000000
vt 0.472538 0.095010
vt 0.000000 0.095010
vt 1.000000 0.904990
vt 0.000000 0.377528
vt 1.000000 1.000000
vt 0.000000 0.000000
vt 1.000000 0.776389
vt 0.000000 0.335320
vn 0.999995 -0.001597 -0.002624
vn 0.999995 -0.001597 -0.002624
vn 0.999997 0.000000 -0.002624
vn 0.999997 0.000000 -0.002624
vn 0.009090 -0.999959 -0.000024
vn 0.009090 -0.999959 -0.000024
vn -0.009099 -0.999959 0.000024
vn -0.009099 -0.999959 0.000024
vn -0.999302 -0.037263 0.002622
vn -0.999302 -0.037263 0.002622
vn -0.999997 0.000000 0.002624
vn -0.999997 0.000000 0.002624
vn 0.954447 -0.298370 -0.002504
vn 0.954447 -0.298370 -0.002504
vn 0.707283 -0.706928 -0.001856
vn 0.707283 -0.706928 -0.001856
vn 0.298406 -0.954439 -0.000783
vn 0.298406 -0.954439 -0.000783
vn -0.298276 -0.954479 0.000783
vn -0.298276 -0.954479 0.000783
vn -0.707283 -0.706928 0.001856
vn -0.707283 -0.706928 0.001856
vn -0.954452 -0.298353 0.002504
vn -0.954452 -0.298353 0.002504
vn -0.999987 0.004454 0.002624
vn -0.999997 0.000000 0.002624
vn -0.999997 0.000000 0.002624
vn -0.999987 0.004454 0.002624
vn -0.022676 0.999743 0.000059
vn 0.022676 0.999743 -0.000059
vn 0.022676 0.999743 -0.000059
vn -0.022676 0.999743 0.000059
vn 0.997377 0.072340 -0.002617
vn 0.999997 -0.000000 -0.002624
vn 0.999997 -0.000000 -0.002624
vn 0.997377 0.072340 -0.002617
vn -0.923877 0.382681 0.002424
vn -0.923877 0.382681 0.002424
vn -0.707107 0.707105 0.001855
vn -0.707107 0.707105 0.001855
vn -0.382680 0.923881 0.001004
vn -0.382680 0.923881 0.001004
vn 0.382679 0.923881 -0.001004
vn 0.382679 0.923881 -0.001004
vn 0.707107 0.707104 -0.001855
vn 0.707107 0.707104 -0.001855
vn 0.923878 0.382679 -0.002424
vn 0.923878 0.382679 -0.002424
vn 0.002624 0.000000 0.999997
vn 0.002624 0.000000 0.999996
vn 0.002624 0.000000 0.999996
vn 0.002624 0.000000 0.999996
vn -0.000000 -1.000000 0.000000
vn -0.000000 -1.000000 0.000000
vn -0.000000 -1.000000 0.000000
vn -0.000000 -1.000000 0.000000
vn -0.002624 0.000000 -0.999996
vn -0.002624 0.000000 -0.999997
vn -0.002624 0.000000 -0.999996
vn -0.002624 0.000000 -0.999996
vn -0.002624 0.000000 -0.999996
vn -0.002624 0.000000 -0.999997
vn -0.002624 0.000000 -0.999997
vn -0.002624 0.000000 -0.999997
vn 0.002624 0.000000 0.999996
vn 0.002624 0.000000 0.999996
vn 0.002624 0.000000 0.999997
vn 0.002624 0.000000 0.999996
vn -0.002624 0.000000 -0.999996
vn -0.002624 0.000000 -0.999996
vn -0.002624 0.000000 -0.999996
vn -0.002624 0.000000 -0.999996
vn -0.000000 -1.000000 0.000000
vn -0.000000 -1.000000 0.000000
vn -0.000000 -1.000000 0.000000
vn -0.000000 -1.000000 0.000000
vn 0.002624 0.000000 0.999996
vn 0.002624 0.000000 0.999996
vn 0.002624 0.000000 0.999996
vn 0.002624 0.000000 0.999996
vn -0.002624 0.000000 -0.999996
vn -0.002624 0.000000 -0.999997
vn 0.002624 -0.000000 0.999997
vn 0.002624 -0.000000 0.999996
vn -0.002624 0.000000 -0.999996
vn -0.002624 0.000000 -0.999996
vn 0.002624 0.000000 0.999996
vn 0.002624 0.000000 0.999996
vn -0.002624 0.000000 -0.999996
vn -0.002624 0.000000 -0.999996
vn 0.002624 0.000000 0.999996
vn 0.002624 0.000000 0.999996
vn -0.002624 0.000000 -0.999996
vn -0.002624 0.000000 -0.999996
vn 0.002624 0.000000 0.999996
vn 0.002624 0.000000 0.999996
vn -0.002624 0.000000 -0.999996
vn -0.002624 0.000000 -0.999996
vn 0.002624 0.000000 0.999997
vn 0.002624 0.000000 0.999996
vn -0.002624 0.000000 -0.999996
vn -0.002624 0.000000 -0.999996
vn 0.002624 0.000000 0.999996
vn 0.002624 0.000000 0.999996
s 1
g group2 pPlane1
usemtl initialShadingGroup
f 631/1005/1260 632/1002/1261 633/1003/1262 634/1004/1263
f 635/1009/1264 636/1006/1265 637/1007/1266 638/1008/1267
f 639/1013/1268 640/1010/1269 641/1011/1270 642/1012/1271
f 631/1005/1260 643/1014/1272 644/1015/1273 632/1002/1261
f 643/1014/1272 645/1016/1274 646/1017/1275 644/1015/1273
f 645/1016/1274 647/1018/1276 648/1019/1277 646/1017/1275
f 647/1018/1276 636/1006/1265 635/1009/1264 648/1019/1277
f 637/1007/1266 649/1020/1278 650/1021/1279 638/1008/1267
f 649/1020/1278 651/1022/1280 652/1023/1281 650/1021/1279
f 651/1022/1280 653/1024/1282 654/1025/1283 652/1023/1281
f 653/1024/1282 640/1010/1269 639/1013/1268 654/1025/1283
s 4
f 615/978/1284 607/981/1285 608/980/1286 616/979/1287
f 620/982/1288 626/985/1289 625/984/1290 611/983/1291
f 630/986/1292 610/989/1293 609/988/1294 621/987/1295
f 615/978/1284 616/979/1287 617/991/1296 614/990/1297
f 614/990/1297 617/991/1296 618/993/1298 613/992/1299
f 613/992/1299 618/993/1298 619/995/1300 612/994/1301
f 612/994/1301 619/995/1300 620/982/1288 611/983/1291
f 625/984/1290 626/985/1289 627/997/1302 624/996/1303
f 624/996/1303 627/997/1302 628/999/1304 623/998/1305
f 623/998/1305 628/999/1304 629/1001/1306 622/1000/1307
f 622/1000/1307 629/1001/1306 630/986/1292 621/987/1295
s 7
f 616/954/1308 608/955/1309 633/1003/1310 632/1002/1311
s off
f 608/955/1312 607/956/1313 634/1004/1314 633/1003/1315
s 8
f 607/956/1316 615/962/1317 631/1005/1318 634/1004/1319
f 611/957/1320 625/964/1321 637/1007/1322 636/1006/1323
s 7
f 626/958/1324 620/963/1325 635/1009/1326 638/1008/1327
s 8
f 621/959/1328 609/960/1329 641/1011/1330 640/1010/1331
s off
f 609/960/1332 610/961/1333 642/1012/1334 641/1011/1335
s 7
f 610/961/1336 630/965/1337 639/1013/1338 642/1012/1339
s 8
f 615/962/1317 614/968/1340 643/1014/1341 631/1005/1318
s 7
f 617/969/1342 616/954/1308 632/1002/1311 644/1015/1343
s 8
f 614/968/1340 613/967/1344 645/1016/1345 643/1014/1341
s 7
f 618/970/1346 617/969/1342 644/1015/1343 646/1017/1347
s 8
f 613/967/1344 612/966/1348 647/1018/1349 645/1016/1345
s 7
f 619/971/1350 618/970/1346 646/1017/1347 648/1019/1351
s 8
f 612/966/1348 611/957/1320 636/1006/1323 647/1018/1349
s 7
f 620/963/1325 619/971/1350 648/1019/1351 635/1009/1326
s 8
f 625/964/1321 624/974/1352 649/1020/1353 637/1007/1322
s 7
f 627/975/1354 626/958/1324 638/1008/1327 650/1021/1355
s 8
f 624/974/1352 623/973/1356 651/1022/1357 649/1020/1353
s 7
f 628/976/1358 627/975/1354 650/1021/1355 652/1023/1359
s 8
f 623/973/1356 622/972/1360 653/1024/1361 651/1022/1357
s 7
f 629/977/1362 628/976/1358 652/1023/1359 654/1025/1363
s 8
f 622/972/1360 621/959/1328 640/1010/1331 653/1024/1361
s 7
f 630/965/1337 629/977/1362 654/1025/1363 639/1013/1338
g default
v -604.105838 2960.389400 -707.750352
v -603.980879 2960.389400 -660.126987
v -518.235914 3237.323349 -707.975667
v -518.110955 3237.323349 -660.352302
v -586.840592 3266.101637 -707.795655
v -593.447676 3264.787322 -707.778318
v -599.048930 3261.044800 -707.763621
v -602.791558 3255.443349 -707.753801
v -604.105838 3248.836220 -707.750352
v -603.980879 3248.836220 -660.126987
v -602.666599 3255.443349 -660.130436
v -598.923971 3261.044800 -660.140256
v -593.322716 3264.787322 -660.154953
v -586.715633 3266.101637 -660.172290
v -518.235914 3248.836220 -707.975667
v -519.550150 3255.443349 -707.972218
v -523.292785 3261.044800 -707.962398
v -528.894025 3264.787322 -707.947701
v -535.501145 3266.101637 -707.930364
v -535.376186 3266.101637 -660.306999
v -528.769066 3264.787322 -660.324336
v -523.167826 3261.044800 -660.339033
v -519.425191 3255.443349 -660.348853
v -518.110955 3248.836220 -660.352302
v -589.417226 3247.389695 -707.788894
v -589.292267 3247.389695 -660.165529
v -589.292252 2960.389400 -660.165529
v -589.417211 2960.389400 -707.788894
v -585.268819 3251.413300 -660.176086
v -585.393778 3251.413300 -707.799451
v -536.947959 3251.412856 -707.926568
v -536.823000 3251.412856 -660.303203
v -532.799567 3247.389695 -660.313760
v -532.924526 3247.389695 -707.937125
v -532.924526 3237.323349 -707.937125
v -532.799567 3237.323349 -660.313760
v -588.955251 3249.712134 -707.790106
v -588.830292 3249.712134 -660.166741
v -588.459002 3250.454950 -707.791408
v -588.334043 3250.454950 -660.168043
v -587.716670 3250.951346 -707.793356
v -587.591711 3250.951346 -660.169991
v -534.625068 3250.951346 -707.932663
v -534.500109 3250.951346 -660.309298
v -533.882691 3250.454950 -707.934611
v -533.757732 3250.454950 -660.311246
v -533.386487 3249.712134 -707.935913
v -533.261528 3249.712134 -660.312548
vt 1.000000 0.056475
vt 1.000000 0.999999
vt 0.000000 0.999999
vt 1.000000 0.201063
vt 0.000000 0.798937
vt 1.000000 0.599931
vt 1.000000 0.999992
vt 0.000000 0.999992
vt 0.000000 0.056475
vt 0.000000 0.201063
vt 1.000000 0.798937
vt 0.000000 0.599930
vt 0.472538 0.095010
vt 0.000000 0.000000
vt 0.000000 0.031565
vt 0.558931 0.031565
vt 0.000000 0.000000
vt 0.000000 0.095010
vt 1.000000 0.776389
vt 1.000000 1.000000
vt 1.000000 0.904990
vt 0.000000 0.377528
vt 0.000000 0.000000
vt 0.000000 0.335320
vt 0.000000 0.056475
vt 1.000000 0.056475
vt 1.000000 0.999999
vt 0.000000 0.999999
vt 0.000000 0.201063
vt 1.000000 0.201063
vt 1.000000 0.798937
vt 0.000000 0.798937
vt 0.000000 0.599930
vt 1.000000 0.599931
vt 1.000000 0.999992
vt 0.000000 0.999992
vt 0.000000 0.031565
vt 0.558931 0.031565
vt 0.000000 0.000000
vt 0.000000 0.000000
vt 0.472538 0.095010
vt 0.000000 0.095010
vt 1.000000 0.904990
vt 0.000000 0.377528
vt 1.000000 1.000000
vt 0.000000 0.000000
vt 1.000000 0.776389
vt 0.000000 0.335320
vt 1.000000 0.056475
vt 1.000000 0.999999
vt 0.000000 0.999999
vt 0.000000 0.056475
vt 1.000000 0.201063
vt 1.000000 0.798937
vt 0.000000 0.798937
vt 0.000000 0.201063
vt 1.000000 0.599931
vt 1.000000 0.999992
vt 0.000000 0.999992
vt 0.000000 0.599930
vt 0.000000 0.031565
vt 0.558931 0.031565
vt 0.000000 0.000000
vt 0.000000 0.000000
vt 0.472538 0.095010
vt 0.000000 0.095010
vt 1.000000 0.904990
vt 0.000000 0.377528
vt 1.000000 1.000000
vt 0.000000 0.000000
vt 1.000000 0.776389
vt 0.000000 0.335320
vn 0.999995 -0.001597 -0.002624
vn 0.999995 -0.001597 -0.002624
vn 0.999997 0.000000 -0.002624
vn 0.999997 0.000000 -0.002624
vn 0.009090 -0.999959 -0.000024
vn 0.009090 -0.999959 -0.000024
vn -0.009099 -0.999959 0.000024
vn -0.009099 -0.999959 0.000024
vn -0.999302 -0.037263 0.002622
vn -0.999302 -0.037263 0.002622
vn -0.999997 0.000000 0.002624
vn -0.999997 0.000000 0.002624
vn 0.954447 -0.298370 -0.002504
vn 0.954447 -0.298370 -0.002504
vn 0.707283 -0.706928 -0.001856
vn 0.707283 -0.706928 -0.001856
vn 0.298406 -0.954439 -0.000783
vn 0.298406 -0.954439 -0.000783
vn -0.298276 -0.954479 0.000783
vn -0.298276 -0.954479 0.000783
vn -0.707283 -0.706928 0.001856
vn -0.707283 -0.706928 0.001856
vn -0.954452 -0.298353 0.002504
vn -0.954452 -0.298353 0.002504
vn -0.999987 0.004454 0.002624
vn -0.999997 0.000000 0.002624
vn -0.999997 0.000000 0.002624
vn -0.999987 0.004454 0.002624
vn -0.022676 0.999743 0.000059
vn 0.022676 0.999743 -0.000059
vn 0.022676 0.999743 -0.000059
vn -0.022676 0.999743 0.000059
vn 0.997377 0.072340 -0.002617
vn 0.999997 -0.000000 -0.002624
vn 0.999997 -0.000000 -0.002624
vn 0.997377 0.072340 -0.002617
vn -0.923877 0.382681 0.002424
vn -0.923877 0.382681 0.002424
vn -0.707107 0.707105 0.001855
vn -0.707107 0.707105 0.001855
vn -0.382680 0.923881 0.001004
vn -0.382680 0.923881 0.001004
vn 0.382679 0.923881 -0.001004
vn 0.382679 0.923881 -0.001004
vn 0.707107 0.707104 -0.001855
vn 0.707107 0.707104 -0.001855
vn 0.923878 0.382679 -0.002424
vn 0.923878 0.382679 -0.002424
vn 0.002624 0.000000 0.999997
vn 0.002624 0.000000 0.999996
vn 0.002624 0.000000 0.999996
vn 0.002624 0.000000 0.999996
vn -0.000000 -1.000000 0.000000
vn -0.000000 -1.000000 0.000000
vn -0.000000 -1.000000 0.000000
vn -0.000000 -1.000000 0.000000
vn -0.002624 0.000000 -0.999996
vn -0.002624 0.000000 -0.999997
vn -0.002624 0.000000 -0.999996
vn -0.002624 0.000000 -0.999996
vn -0.002624 0.000000 -0.999996
vn -0.002624 0.000000 -0.999997
vn -0.002624 0.000000 -0.999997
vn -0.002624 0.000000 -0.999997
vn 0.002624 0.000000 0.999996
vn 0.002624 0.000000 0.999996
vn 0.002624 0.000000 0.999997
vn 0.002624 0.000000 0.999996
vn -0.002624 0.000000 -0.999996
vn -0.002624 0.000000 -0.999996
vn -0.002624 0.000000 -0.999996
vn -0.002624 0.000000 -0.999996
vn -0.000000 -1.000000 0.000000
vn -0.000000 -1.000000 0.000000
vn -0.000000 -1.000000 0.000000
vn -0.000000 -1.000000 0.000000
vn 0.002624 0.000000 0.999996
vn 0.002624 0.000000 0.999996
vn 0.002624 0.000000 0.999996
vn 0.002624 0.000000 0.999996
vn -0.002624 0.000000 -0.999996
vn -0.002624 0.000000 -0.999997
vn 0.002624 -0.000000 0.999997
vn 0.002624 -0.000000 0.999996
vn -0.002624 0.000000 -0.999996
vn -0.002624 0.000000 -0.999996
vn 0.002624 0.000000 0.999996
vn 0.002624 0.000000 0.999996
vn -0.002624 0.000000 -0.999996
vn -0.002624 0.000000 -0.999996
vn 0.002624 0.000000 0.999996
vn 0.002624 0.000000 0.999996
vn -0.002624 0.000000 -0.999996
vn -0.002624 0.000000 -0.999996
vn 0.002624 0.000000 0.999996
vn 0.002624 0.000000 0.999996
vn -0.002624 0.000000 -0.999996
vn -0.002624 0.000000 -0.999996
vn 0.002624 0.000000 0.999997
vn 0.002624 0.000000 0.999996
vn -0.002624 0.000000 -0.999996
vn -0.002624 0.000000 -0.999996
vn 0.002624 0.000000 0.999996
vn 0.002624 0.000000 0.999996
s 1
g group2 pPlane2
usemtl initialShadingGroup
f 679/1077/1364 680/1074/1365 681/1075/1366 682/1076/1367
f 683/1081/1368 684/1078/1369 685/1079/1370 686/1080/1371
f 687/1085/1372 688/1082/1373 689/1083/1374 690/1084/1375
f 679/1077/1364 691/1086/1376 692/1087/1377 680/1074/1365
f 691/1086/1376 693/1088/1378 694/1089/1379 692/1087/1377
f 693/1088/1378 695/1090/1380 696/1091/1381 694/1089/1379
f 695/1090/1380 684/1078/1369 683/1081/1368 696/1091/1381
f 685/1079/1370 697/1092/1382 698/1093/1383 686/1080/1371
f 697/1092/1382 699/1094/1384 700/1095/1385 698/1093/1383
f 699/1094/1384 701/1096/1386 702/1097/1387 700/1095/1385
f 701/1096/1386 688/1082/1373 687/1085/1372 702/1097/1387
s 4
f 663/1050/1388 655/1053/1389 656/1052/1390 664/1051/1391
f 668/1054/1392 674/1057/1393 673/1056/1394 659/1055/1395
f 678/1058/1396 658/1061/1397 657/1060/1398 669/1059/1399
f 663/1050/1388 664/1051/1391 665/1063/1400 662/1062/1401
f 662/1062/1401 665/1063/1400 666/1065/1402 661/1064/1403
f 661/1064/1403 666/1065/1402 667/1067/1404 660/1066/1405
f 660/1066/1405 667/1067/1404 668/1054/1392 659/1055/1395
f 673/1056/1394 674/1057/1393 675/1069/1406 672/1068/1407
f 672/1068/1407 675/1069/1406 676/1071/1408 671/1070/1409
f 671/1070/1409 676/1071/1408 677/1073/1410 670/1072/1411
f 670/1072/1411 677/1073/1410 678/1058/1396 669/1059/1399
s 7
f 664/1026/1412 656/1027/1413 681/1075/1414 680/1074/1415
s off
f 656/1027/1416 655/1028/1417 682/1076/1418 681/1075/1419
s 8
f 655/1028/1420 663/1034/1421 679/1077/1422 682/1076/1423
f 659/1029/1424 673/1036/1425 685/1079/1426 684/1078/1427
s 7
f 674/1030/1428 668/1035/1429 683/1081/1430 686/1080/1431
s 8
f 669/1031/1432 657/1032/1433 689/1083/1434 688/1082/1435
s off
f 657/1032/1436 658/1033/1437 690/1084/1438 689/1083/1439
s 7
f 658/1033/1440 678/1037/1441 687/1085/1442 690/1084/1443
s 8
f 663/1034/1421 662/1040/1444 691/1086/1445 679/1077/1422
s 7
f 665/1041/1446 664/1026/1412 680/1074/1415 692/1087/1447
s 8
f 662/1040/1444 661/1039/1448 693/1088/1449 691/1086/1445
s 7
f 666/1042/1450 665/1041/1446 692/1087/1447 694/1089/1451
s 8
f 661/1039/1448 660/1038/1452 695/1090/1453 693/1088/1449
s 7
f 667/1043/1454 666/1042/1450 694/1089/1451 696/1091/1455
s 8
f 660/1038/1452 659/1029/1424 684/1078/1427 695/1090/1453
s 7
f 668/1035/1429 667/1043/1454 696/1091/1455 683/1081/1430
s 8
f 673/1036/1425 672/1046/1456 697/1092/1457 685/1079/1426
s 7
f 675/1047/1458 674/1030/1428 686/1080/1431 698/1093/1459
s 8
f 672/1046/1456 671/1045/1460 699/1094/1461 697/1092/1457
s 7
f 676/1048/1462 675/1047/1458 698/1093/1459 700/1095/1463
s 8
f 671/1045/1460 670/1044/1464 701/1096/1465 699/1094/1461
s 7
f 677/1049/1466 676/1048/1462 700/1095/1463 702/1097/1467
s 8
f 670/1044/1464 669/1031/1432 688/1082/1435 701/1096/1465
s 7
f 678/1037/1441 677/1049/1466 702/1097/1467 687/1085/1442
g default
v -170.053381 3323.754412 -801.403163
v -59.623234 3323.754412 -801.692921
v -170.053381 4297.304635 -801.403163
v -59.623234 4297.304635 -801.692921
v -170.070609 4297.304635 -807.968669
v -59.640461 4297.304635 -808.258427
v -170.070609 3323.754412 -807.968669
v -59.640461 3323.754412 -808.258427
vt 0.375000 0.000000
vt 0.625000 0.000000
vt 0.375000 0.250000
vt 0.625000 0.250000
vt 0.375000 0.500000
vt 0.625000 0.500000
vt 0.375000 0.750000
vt 0.625000 0.750000
vt 0.375000 1.000000
vt 0.625000 1.000000
vt 0.875000 0.000000
vt 0.875000 0.250000
vt 0.125000 0.000000
vt 0.125000 0.250000
vn 0.002624 0.000000 0.999997
vn 0.002624 0.000000 0.999997
vn 0.002624 0.000000 0.999997
vn 0.002624 0.000000 0.999997
vn 0.000000 1.000000 0.000000
vn 0.000000 1.000000 0.000000
vn 0.000000 1.000000 0.000000
vn 0.000000 1.000000 0.000000
vn -0.002624 0.000000 -0.999997
vn -0.002624 0.000000 -0.999997
vn -0.002624 0.000000 -0.999997
vn -0.002624 0.000000 -0.999997
vn 0.000000 -1.000000 0.000000
vn 0.000000 -1.000000 0.000000
vn 0.000000 -1.000000 0.000000
vn 0.000000 -1.000000 0.000000
vn 0.999997 0.000000 -0.002624
vn 0.999997 0.000000 -0.002624
vn 0.999997 0.000000 -0.002624
vn 0.999997 0.000000 -0.002624
vn -0.999997 0.000000 0.002624
vn -0.999997 0.000000 0.002624
vn -0.999997 0.000000 0.002624
vn -0.999997 0.000000 0.002624
s off
g group2 pCube41
usemtl initialShadingGroup
f 703/1098/1468 704/1099/1469 706/1101/1470 705/1100/1471
f 705/1100/1472 706/1101/1473 708/1103/1474 707/1102/1475
f 707/1102/1476 708/1103/1477 710/1105/1478 709/1104/1479
f 709/1104/1480 710/1105/1481 704/1107/1482 703/1106/1483
f 704/1099/1484 710/1108/1485 708/1109/1486 706/1101/1487
f 709/1110/1488 703/1098/1489 705/1100/1490 707/1111/1491
g default
v -528.489851 3240.150191 -429.527414
v -528.384216 3240.150191 -389.268902
v -528.489851 3279.535929 -429.527414
v -528.384216 3279.535929 -389.268902
v -467.455449 3279.535929 -429.687562
v -467.349815 3279.535929 -389.429050
v -467.455449 3240.150191 -429.687562
v -467.349815 3240.150191 -389.429050
vt 0.375000 0.000000
vt 0.625000 0.000000
vt 0.375000 0.250000
vt 0.625000 0.250000
vt 0.375000 0.500000
vt 0.625000 0.500000
vt 0.375000 0.750000
vt 0.625000 0.750000
vt 0.375000 1.000000
vt 0.625000 1.000000
vt 0.875000 0.000000
vt 0.875000 0.250000
vt 0.125000 0.000000
vt 0.125000 0.250000
vn -0.999996 0.000000 0.002624
vn -0.999996 0.000000 0.002624
vn -0.999996 0.000000 0.002624
vn -0.999996 0.000000 0.002624
vn 0.000000 1.000000 0.000000
vn 0.000000 1.000000 0.000000
vn 0.000000 1.000000 0.000000
vn 0.000000 1.000000 0.000000
vn 0.999996 0.000000 -0.002624
vn 0.999996 0.000000 -0.002624
vn 0.999996 0.000000 -0.002624
vn 0.999996 0.000000 -0.002624
vn 0.000000 -1.000000 0.000000
vn 0.000000 -1.000000 0.000000
vn 0.000000 -1.000000 0.000000
vn 0.000000 -1.000000 0.000000
vn 0.002624 0.000000 0.999996
vn 0.002624 0.000000 0.999996
vn 0.002624 0.000000 0.999996
vn 0.002624 0.000000 0.999996
vn -0.002624 0.000000 -0.999996
vn -0.002624 0.000000 -0.999996
vn -0.002624 0.000000 -0.999996
vn -0.002624 0.000000 -0.999996
s off
g group2 pCube44
usemtl initialShadingGroup
f 711/1112/1492 712/1113/1493 714/1115/1494 713/1114/1495
f 713/1114/1496 714/1115/1497 716/1117/1498 715/1116/1499
f 715/1116/1500 716/1117/1501 718/1119/1502 717/1118/1503
f 717/1118/1504 718/1119/1505 712/1121/1506 711/1120/1507
f 712/1113/1508 718/1122/1509 716/1123/1510 714/1115/1511
f 717/1124/1512 711/1112/1513 713/1114/1514 715/1125/1515
g default
v -546.686904 3209.992702 -361.797782
v -546.669780 3209.992702 -355.271485
v -546.686904 3289.785811 -361.797782
v -546.669780 3289.785811 -355.271485
v -485.652503 3289.785811 -361.957930
v -485.635378 3289.785811 -355.431634
v -485.652503 3209.992702 -361.957930
v -485.635378 3209.992702 -355.431634
vt 0.375000 0.000000
vt 0.625000 0.000000
vt 0.375000 0.250000
vt 0.625000 0.250000
vt 0.375000 0.500000
vt 0.625000 0.500000
vt 0.375000 0.750000
vt 0.625000 0.750000
vt 0.375000 1.000000
vt 0.625000 1.000000
vt 0.875000 0.000000
vt 0.875000 0.250000
vt 0.125000 0.000000
vt 0.125000 0.250000
vn -0.999996 0.000000 0.002624
vn -0.999996 0.000000 0.002624
vn -0.999996 0.000000 0.002624
vn -0.999996 0.000000 0.002624
vn 0.000000 1.000000 0.000000
vn 0.000000 1.000000 0.000000
vn 0.000000 1.000000 0.000000
vn 0.000000 1.000000 0.000000
vn 0.999996 0.000000 -0.002624
vn 0.999996 0.000000 -0.002624
vn 0.999996 0.000000 -0.002624
vn 0.999996 0.000000 -0.002624
vn 0.000000 -1.000000 0.000000
vn 0.000000 -1.000000 0.000000
vn 0.000000 -1.000000 0.000000
vn 0.000000 -1.000000 0.000000
vn 0.002624 0.000000 0.999997
vn 0.002624 0.000000 0.999997
vn 0.002624 0.000000 0.999997
vn 0.002624 0.000000 0.999997
vn -0.002624 0.000000 -0.999997
vn -0.002624 0.000000 -0.999997
vn -0.002624 0.000000 -0.999997
vn -0.002624 0.000000 -0.999997
s off
g group2 pCube45
usemtl initialShadingGroup
f 719/1126/1516 720/1127/1517 722/1129/1518 721/1128/1519
f 721/1128/1520 722/1129/1521 724/1131/1522 723/1130/1523
f 723/1130/1524 724/1131/1525 726/1133/1526 725/1132/1527
f 725/1132/1528 726/1133/1529 720/1135/1530 719/1134/1531
f 720/1127/1532 726/1136/1533 724/1137/1534 722/1129/1535
f 725/1138/1536 719/1126/1537 721/1128/1538 723/1139/1539
g default
v -441.323809 3209.992702 -362.074244
v -441.307091 3208.580365 -355.702599
v -441.278500 3287.894984 -344.806564
v -441.261782 3286.482647 -338.434919
v -380.244099 3287.894984 -344.966712
v -380.227380 3286.482647 -338.595067
v -380.289408 3209.992702 -362.234393
v -380.272689 3208.580365 -355.862747
vt 0.375000 0.000000
vt 0.625000 0.000000
vt 0.375000 0.250000
vt 0.625000 0.250000
vt 0.375000 0.500000
vt 0.625000 0.500000
vt 0.375000 0.750000
vt 0.625000 0.750000
vt 0.375000 1.000000
vt 0.625000 1.000000
vt 0.875000 0.000000
vt 0.875000 0.250000
vt 0.125000 0.000000
vt 0.125000 0.250000
vn -0.999996 -0.000000 0.002624
vn -0.999996 -0.000000 0.002624
vn -0.999996 -0.000000 0.002624
vn -0.999996 -0.000000 0.002624
vn 0.000568 0.976303 0.216406
vn 0.000568 0.976303 0.216406
vn 0.000568 0.976303 0.216406
vn 0.000568 0.976303 0.216406
vn 0.999996 0.000000 -0.002624
vn 0.999996 0.000000 -0.002624
vn 0.999996 0.000000 -0.002624
vn 0.999996 0.000000 -0.002624
vn -0.000568 -0.976303 -0.216406
vn -0.000568 -0.976303 -0.216406
vn -0.000568 -0.976303 -0.216406
vn -0.000568 -0.976303 -0.216406
vn 0.002562 -0.216406 0.976300
vn 0.002562 -0.216406 0.976300
vn 0.002562 -0.216406 0.976300
vn 0.002562 -0.216406 0.976300
vn -0.002562 0.216406 -0.976300
vn -0.002562 0.216406 -0.976300
vn -0.002562 0.216406 -0.976300
vn -0.002562 0.216406 -0.976300
s off
g group2 pCube46
usemtl initialShadingGroup
f 727/1140/1540 728/1141/1541 730/1143/1542 729/1142/1543
f 729/1142/1544 730/1143/1545 732/1145/1546 731/1144/1547
f 731/1144/1548 732/1145/1549 734/1147/1550 733/1146/1551
f 733/1146/1552 734/1147/1553 728/1149/1554 727/1148/1555
f 728/1141/1556 734/1150/1557 732/1151/1558 730/1143/1559
f 733/1152/1560 727/1140/1561 729/1142/1562 731/1153/1563
g default
v -336.491312 3209.992701 -356.019402
v -336.474341 3210.862031 -349.551263
v -336.519201 3289.074749 -366.648102
v -336.502229 3289.944079 -360.179963
v -275.484800 3289.074749 -366.808250
v -275.467828 3289.944079 -360.340112
v -275.456911 3209.992701 -356.179550
v -275.439939 3210.862031 -349.711412
vt 0.375000 0.000000
vt 0.625000 0.000000
vt 0.375000 0.250000
vt 0.625000 0.250000
vt 0.375000 0.500000
vt 0.625000 0.500000
vt 0.375000 0.750000
vt 0.625000 0.750000
vt 0.375000 1.000000
vt 0.625000 1.000000
vt 0.875000 0.000000
vt 0.875000 0.250000
vt 0.125000 0.000000
vt 0.125000 0.250000
vn -0.999996 0.000000 0.002624
vn -0.999996 0.000000 0.002624
vn -0.999996 0.000000 0.002624
vn -0.999996 0.000000 0.002624
vn -0.000350 0.991089 -0.133203
vn -0.000350 0.991089 -0.133203
vn -0.000350 0.991089 -0.133203
vn -0.000350 0.991089 -0.133203
vn 0.999996 0.000000 -0.002624
vn 0.999996 0.000000 -0.002624
vn 0.999996 0.000000 -0.002624
vn 0.999996 0.000000 -0.002624
vn 0.000350 -0.991089 0.133203
vn 0.000350 -0.991089 0.133203
vn 0.000350 -0.991089 0.133203
vn 0.000350 -0.991089 0.133203
vn 0.002601 0.133204 0.991085
vn 0.002601 0.133204 0.991085
vn 0.002601 0.133204 0.991085
vn 0.002601 0.133204 0.991085
vn -0.002601 -0.133204 -0.991085
vn -0.002601 -0.133204 -0.991085
vn -0.002601 -0.133204 -0.991085
vn -0.002601 -0.133204 -0.991085
s off
g group2 pCube47
usemtl initialShadingGroup
f 735/1154/1564 736/1155/1565 738/1157/1566 737/1156/1567
f 737/1156/1568 738/1157/1569 740/1159/1570 739/1158/1571
f 739/1158/1572 740/1159/1573 742/1161/1574 741/1160/1575
f 741/1160/1576 742/1161/1577 736/1163/1578 735/1162/1579
f 736/1155/1580 742/1164/1581 740/1165/1582 738/1157/1583
f 741/1166/1584 735/1154/1585 737/1156/1586 739/1167/1587
g default
v -239.394640 3208.043546 -361.112607
v -240.415624 3208.196121 -354.668451
v -240.782611 3287.796725 -363.220788
v -241.803594 3287.949300 -356.776632
v -180.508849 3289.097304 -353.702075
v -181.529832 3289.249879 -347.257918
v -179.120878 3209.344126 -351.593894
v -180.141862 3209.496701 -345.149737
vt 0.375000 0.000000
vt 0.625000 0.000000
vt 0.375000 0.250000
vt 0.625000 0.250000
vt 0.375000 0.500000
vt 0.625000 0.500000
vt 0.375000 0.750000
vt 0.625000 0.750000
vt 0.375000 1.000000
vt 0.625000 1.000000
vt 0.875000 0.000000
vt 0.875000 0.250000
vt 0.125000 0.000000
vt 0.125000 0.250000
vn -0.987534 -0.021309 -0.155956
vn -0.987534 -0.021309 -0.155956
vn -0.987534 -0.021309 -0.155956
vn -0.987534 -0.021309 -0.155956
vn -0.017395 0.999500 -0.026421
vn -0.017395 0.999500 -0.026421
vn -0.017395 0.999500 -0.026421
vn -0.017395 0.999500 -0.026421
vn 0.987534 0.021309 0.155956
vn 0.987534 0.021309 0.155956
vn 0.987534 0.021309 0.155956
vn 0.987534 0.021309 0.155956
vn 0.017395 -0.999500 0.026421
vn 0.017395 -0.999500 0.026421
vn 0.017395 -0.999500 0.026421
vn 0.017395 -0.999500 0.026421
vn -0.156441 0.023378 0.987411
vn -0.156441 0.023378 0.987411
vn -0.156441 0.023378 0.987411
vn -0.156441 0.023378 0.987411
vn 0.156441 -0.023378 -0.987411
vn 0.156441 -0.023378 -0.987411
vn 0.156441 -0.023378 -0.987411
vn 0.156441 -0.023378 -0.987411
s off
g group2 pCube48
usemtl initialShadingGroup
f 743/1168/1588 744/1169/1589 746/1171/1590 745/1170/1591
f 745/1170/1592 746/1171/1593 748/1173/1594 747/1172/1595
f 747/1172/1596 748/1173/1597 750/1175/1598 749/1174/1599
f 749/1174/1600 750/1175/1601 744/1177/1602 743/1176/1603
f 744/1169/1604 750/1178/1605 748/1179/1606 746/1171/1607
f 749/1180/1608 743/1168/1609 745/1170/1610 747/1181/1611
g default
v -172.981467 2961.961051 -552.959793
v -172.981467 2726.754780 -552.959637
v -788.959256 2961.961051 -551.343527
v -788.959256 2726.754780 -551.343371
v -788.959256 2879.330539 -551.343371
v -172.981467 2879.330539 -552.959637
v -174.501322 2961.961051 -1132.194212
v -179.251570 2961.961051 -1155.751985
v -192.655412 2961.961051 -1175.698720
v -212.672229 2961.961051 -1188.997679
v -236.254616 2961.961051 -1193.624212
v -236.254616 2879.330539 -1193.624212
v -212.672229 2879.330539 -1188.997679
v -192.655412 2879.330539 -1175.698720
v -179.251570 2879.330539 -1155.751985
v -174.501322 2879.330539 -1132.194212
v -790.479111 2961.961051 -1130.577946
v -729.049129 2961.961051 -1192.331167
v -752.606912 2961.961051 -1187.580942
v -772.553627 2961.961051 -1174.177123
v -785.852591 2961.961051 -1154.160323
v -790.479111 2879.330539 -1130.577946
v -785.852591 2879.330539 -1154.160323
v -772.553627 2879.330539 -1174.177123
v -752.606912 2879.330539 -1187.580942
v -729.049129 2879.330539 -1192.331167
v -790.479111 2726.754780 -1130.577946
v -785.852591 2726.754780 -1154.160323
v -772.553627 2726.754780 -1174.177123
v -752.606912 2726.754780 -1187.580942
v -729.049129 2726.754780 -1192.331167
v -236.254616 2726.754780 -1193.624212
v -212.672229 2726.754780 -1188.997679
v -192.655412 2726.754780 -1175.698720
v -179.251570 2726.754780 -1155.751985
v -174.501322 2726.754780 -1132.194212
v -236.254616 2726.754780 -1193.624212
v -729.049129 2726.754780 -1192.331167
v -174.501322 2726.754780 -1132.194212
v -172.981467 2879.330539 -552.959637
v -172.981467 2726.754780 -552.959637
v -790.479111 2726.754780 -1130.577946
v -788.959256 2726.754780 -551.343371
v -788.959256 2879.330539 -551.343371
v -788.959256 2961.961051 -551.343527
v -172.981467 2961.961051 -552.959793
v -179.251570 2726.754780 -1155.751985
v -192.655412 2726.754780 -1175.698720
v -212.672229 2726.754780 -1188.997679
v -752.606912 2726.754780 -1187.580942
v -772.553627 2726.754780 -1174.177123
v -785.852591 2726.754780 -1154.160323
v -237.773825 2946.114487 -1177.773478
v -218.816114 2946.114487 -1174.054230
v -218.816096 2879.330539 -1174.054230
v -237.773807 2879.330539 -1177.773478
v -204.050183 2946.114487 -1164.243911
v -204.050219 2879.330539 -1164.243924
v -194.162565 2946.114487 -1149.529795
v -194.162565 2879.330539 -1149.529763
v -190.343866 2946.114487 -1130.591822
v -190.343866 2879.330539 -1130.591861
v -774.628394 2946.114487 -1129.058716
v -770.909094 2946.114487 -1148.016481
v -770.909130 2879.330539 -1148.016435
v -774.628394 2879.330539 -1129.058755
v -761.098883 2946.114487 -1162.782308
v -761.098883 2879.330539 -1162.782308
v -746.384727 2946.114487 -1172.669941
v -746.384691 2879.330539 -1172.669942
v -727.446777 2946.114487 -1176.488624
v -727.446777 2879.330539 -1176.488624
v -237.773807 2726.754780 -1177.773478
v -727.446777 2726.754780 -1176.488624
v -190.343866 2726.754780 -1130.591861
v -188.828106 2879.330539 -552.918057
v -188.828106 2726.754780 -552.918057
v -774.628394 2726.754780 -1129.058755
v -773.112634 2726.754780 -551.384951
v -773.112634 2879.330539 -551.384951
v -773.112635 2946.114487 -551.385107
v -188.828107 2946.114487 -552.918213
v -194.162565 2726.754780 -1149.529763
v -204.050237 2726.754780 -1164.243924
v -218.816096 2726.754780 -1174.054230
v -746.384691 2726.754780 -1172.669942
v -761.098847 2726.754780 -1162.782308
v -770.909094 2726.754780 -1148.016436
vt 1.000000 0.096113
vt 0.000000 0.900010
vt 1.000000 0.099990
vt 0.499999 0.900010
vt 0.500001 0.096113
vt 0.500000 1.000000
vt 0.000000 1.000000
vt 1.000000 0.096113
vt 1.000000 1.000000
vt 0.000000 0.096112
vt 0.500000 0.096113
vt 0.499999 1.000000
vt 0.000000 1.000000
vt 0.000000 0.099986
vt 0.500000 0.099990
vt 1.000000 1.000000
vt 1.000000 0.096113
vt 1.000000 1.000000
vt 0.000000 1.000000
vt 0.000000 0.096113
vt 0.099990 -0.000000
vt 0.900010 -0.000000
vt 0.000000 0.096113
vt 1.000000 0.900010
vt 0.000000 0.046322
vt 1.000000 0.046322
vt 0.000000 0.000000
vt 1.000000 0.000000
vt 0.000000 0.000000
vt 0.052768 -0.000000
vt 0.000000 0.052767
vt 0.493846 0.052768
vt 0.500000 0.000000
vt 0.500000 0.000000
vt 0.507896 0.046322
vt 0.947232 -0.000000
vt 0.000000 0.947231
vt 1.000000 0.000000
vt 0.000000 1.000000
vt 0.000000 0.000000
vt 1.000000 0.046322
vt 0.000000 0.046321
vt 0.492105 0.047974
vt 0.500000 1.000000
vt 0.500000 0.000000
vt 0.494831 0.947232
vt 1.000000 0.564370
vt 1.000000 1.000000
vt 1.000000 0.947232
vt 0.527737 0.052768
vt 0.000000 0.000000
vt 0.000000 0.046322
vt 0.000000 0.099986
vt 0.000000 0.052767
vt 0.493846 0.052768
vt 0.500000 0.099990
vt 0.000000 0.000000
vt 0.500000 0.000000
vt 1.000000 0.000000
vt 1.000000 0.046322
vt 0.507896 0.046322
vt 0.500000 0.000000
vt 1.000000 0.096113
vt 0.500001 0.096113
vt 0.000000 0.096112
vt 0.000000 0.046321
vt 0.492105 0.047974
vt 0.500000 0.096113
vt 0.000000 0.000000
vt 0.500000 0.000000
vt 0.000000 1.000000
vt 0.000000 0.947231
vt 0.494831 0.947232
vt 0.500000 1.000000
vt 0.000000 0.900010
vt 0.499999 0.900010
vt 1.000000 0.099990
vt 1.000000 0.900010
vt 0.000000 0.096113
vt 0.500000 1.000000
vt 0.000000 1.000000
vt 1.000000 0.096113
vt 1.000000 1.000000
vt 0.499999 1.000000
vt 0.000000 1.000000
vt 1.000000 1.000000
vt 1.000000 0.096113
vt 1.000000 1.000000
vt 0.000000 1.000000
vt 0.000000 0.096113
vt 0.000000 0.046322
vt 0.000000 0.000000
vt 0.052768 -0.000000
vt 0.099990 -0.000000
vt 0.900010 -0.000000
vt 0.947232 -0.000000
vt 1.000000 0.000000
vt 1.000000 0.046322
vt 0.000000 0.046322
vt 0.000000 0.000000
vt 0.527737 0.052768
vt 1.000000 0.947232
vt 1.000000 1.000000
vt 1.000000 0.564370
vt 1.000000 0.099990
vt 1.000000 0.900010
vt 0.500000 1.000000
vt 0.000000 1.000000
vt 0.000000 0.096113
vt 1.000000 0.096113
vt 1.000000 1.000000
vt 0.499999 1.000000
vt 0.000000 1.000000
vt 1.000000 1.000000
vt 1.000000 1.000000
vt 0.000000 1.000000
vt 0.000000 0.046322
vt 0.000000 0.000000
vt 0.527737 0.052768
vt 1.000000 0.947232
vt 1.000000 1.000000
vt 1.000000 0.564370
vt 1.000000 0.099990
vt 1.000000 0.900010
vt 0.500000 1.000000
vt 0.000000 1.000000
vt 0.000000 0.096113
vt 1.000000 0.096113
vt 1.000000 1.000000
vt 0.499999 1.000000
vt 0.000000 1.000000
vt 1.000000 1.000000
vt 1.000000 1.000000
vt 0.000000 1.000000
vt 0.000000 0.046322
vt 0.000000 0.000000
vt 0.527737 0.052768
vt 1.000000 0.947232
vt 1.000000 1.000000
vt 1.000000 0.564370
vn -0.004786 -0.000000 0.999989
vn -0.004786 -0.000000 0.999989
vn -0.372342 0.000000 0.928095
vn -0.372342 -0.000000 0.928096
vn -0.705248 0.000000 0.708960
vn -0.705248 0.000000 0.708960
vn -0.926128 0.000000 0.377208
vn -0.926129 0.000000 0.377208
vn -0.999960 0.000000 0.008941
vn -0.999960 0.000000 0.008941
vn 0.999993 -0.000000 0.003693
vn 0.999993 -0.000000 0.003693
vn 0.928096 0.000000 0.372342
vn 0.928096 -0.000000 0.372341
vn 0.708960 0.000000 0.705248
vn 0.708960 0.000000 0.705248
vn 0.377207 0.000000 0.926129
vn 0.377207 0.000000 0.926129
vn 0.010034 0.000000 0.999950
vn 0.010034 0.000000 0.999950
vn 0.010034 -0.000000 0.999950
vn -0.004786 -0.000000 0.999989
vn -0.999960 -0.000000 0.008941
vn -0.999997 0.000000 0.002624
vn -0.999997 0.000000 0.002624
vn 0.999997 -0.000000 -0.002624
vn 0.999997 -0.000000 -0.002624
vn 0.999993 0.000000 0.003693
vn 0.999997 -0.000000 -0.002624
vn -0.999997 0.000000 0.002624
vn 0.000000 -1.000000 0.000000
vn 0.000000 -1.000000 0.000000
vn 0.000000 -1.000000 0.000000
vn 0.000000 -1.000000 0.000000
vn 0.000000 -1.000000 0.000000
vn 0.000000 -1.000000 0.000000
vn 0.000000 -1.000000 0.000000
vn 0.000000 -1.000000 0.000000
vn 0.000000 -1.000000 0.000000
vn 0.000000 -1.000000 0.000000
vn 0.000000 -1.000000 0.000000
vn 0.000000 -1.000000 0.000000
vn -0.926128 -0.000000 0.377209
vn -0.705249 0.000000 0.708960
vn -0.372342 0.000000 0.928095
vn 0.377207 -0.000000 0.926129
vn 0.708960 0.000000 0.705248
vn 0.928096 0.000000 0.372342
vn 0.006455 0.000000 -0.999979
vn 0.380258 0.000000 -0.924881
vn 0.380258 -0.000000 -0.924881
vn 0.006455 0.000000 -0.999979
vn 0.705249 0.000000 -0.708960
vn 0.705249 0.000000 -0.708960
vn 0.922872 0.000000 -0.385107
vn 0.922872 0.000000 -0.385107
vn 0.999946 -0.000000 -0.010401
vn 0.999946 -0.000000 -0.010401
vn -0.999987 0.000000 -0.005154
vn -0.924880 0.000000 -0.380258
vn -0.924881 0.000000 -0.380258
vn -0.999987 0.000000 -0.005154
vn -0.708960 0.000000 -0.705249
vn -0.708960 0.000000 -0.705249
vn -0.385106 0.000000 -0.922872
vn -0.385106 0.000000 -0.922872
vn -0.011703 0.000000 -0.999932
vn -0.011703 0.000000 -0.999932
vn 0.006455 0.000000 -0.999979
vn -0.011703 0.000000 -0.999932
vn 0.999946 0.000000 -0.010401
vn 0.999997 -0.000000 -0.002624
vn 0.999997 -0.000000 -0.002624
vn -0.999987 0.000000 -0.005154
vn -0.999997 0.000000 0.002624
vn -0.999997 0.000000 0.002624
vn -0.999997 0.000000 0.002624
vn 0.999997 -0.000000 -0.002624
vn 0.000000 1.000000 0.000000
vn 0.000000 1.000000 0.000000
vn 0.000000 1.000000 0.000000
vn 0.000000 1.000000 0.000000
vn 0.000000 1.000000 0.000000
vn 0.000000 1.000000 0.000000
vn 0.000000 1.000000 0.000000
vn 0.000000 1.000000 0.000000
vn 0.000000 1.000000 0.000000
vn 0.000000 1.000000 0.000000
vn 0.000000 1.000000 0.000000
vn 0.000000 1.000000 0.000000
vn 0.922872 0.000000 -0.385107
vn 0.705249 0.000000 -0.708960
vn 0.380258 -0.000000 -0.924881
vn -0.385106 0.000000 -0.922872
vn -0.708960 0.000000 -0.705249
vn -0.924880 0.000000 -0.380258
vn 0.000000 0.000000 -0.000000
vn 0.000000 0.000000 -0.000000
vn 0.000000 0.000000 -0.000000
vn 0.000000 0.000000 -0.000000
vn 0.000000 0.000000 -0.000000
vn 0.000000 0.000000 -0.000000
vn 0.000000 0.000000 -0.000000
vn 0.000000 0.000000 -0.000000
vn 0.000000 0.000000 -0.000000
vn 0.000000 0.000000 -0.000000
vn 0.000000 0.000000 -0.000000
vn 0.000000 0.000000 -0.000000
vn 0.000000 0.000000 -0.000000
vn 0.000000 0.000000 -0.000000
vn 0.000000 0.000000 -0.000000
vn 0.000000 0.000000 -0.000000
vn 0.000000 0.000000 -0.000000
vn 0.000000 0.000000 -0.000000
vn 0.000000 0.000000 -0.000000
vn 0.000000 0.000000 -0.000000
vn 0.000000 0.000000 -0.000000
vn 0.000000 0.000000 -0.000000
vn 0.000000 0.000000 -0.000000
vn 0.000000 0.000000 -0.000000
vn 0.000000 0.000000 -0.000000
vn 0.000000 0.000000 -0.000000
vn 0.000000 0.000000 -0.000000
vn 0.000000 0.000000 -0.000000
vn 0.000000 0.000000 -0.000000
vn 0.000000 0.000000 -0.000000
vn 0.000000 0.000000 -0.000000
vn 0.000000 0.000000 -0.000000
vn 0.000000 0.000000 -0.000000
vn 0.000000 0.000000 -0.000000
vn 0.000000 0.000000 -0.000000
vn 0.000000 0.000000 -0.000000
vn 0.000000 0.000000 -0.000000
vn 0.000000 0.000000 -0.000000
vn 0.000000 0.000000 -0.000000
vn 0.000000 0.000000 -0.000000
vn 0.000000 0.000000 -0.000000
vn 0.000000 0.000000 -0.000000
vn 0.000000 0.000000 -0.000000
vn 0.000000 0.000000 -0.000000
vn 0.000000 0.000000 -0.000000
vn 0.000000 0.000000 -0.000000
vn 0.000000 0.000000 -0.000000
vn 0.000000 0.000000 -0.000000
vn 0.000000 0.000000 -0.000000
vn 0.000000 0.000000 -0.000000
vn 0.000000 0.000000 -0.000000
vn 0.000000 0.000000 -0.000000
vn 0.000000 0.000000 -0.000000
vn 0.000000 0.000000 -0.000000
vn 0.000000 0.000000 -0.000000
vn 0.000000 0.000000 -0.000000
vn 0.000000 0.000000 -0.000000
vn 0.000000 0.000000 -0.000000
vn 0.000000 0.000000 -0.000000
vn 0.000000 0.000000 -0.000000
vn 0.000000 0.000000 -0.000000
vn 0.000000 0.000000 -0.000000
vn 0.000000 0.000000 -0.000000
vn 0.000000 0.000000 -0.000000
vn -0.000000 -1.000000 -0.000000
vn -0.000000 -1.000000 -0.000000
vn -0.000000 -1.000000 -0.000000
vn -0.000000 -1.000000 -0.000000
vn 0.002624 0.000001 0.999997
vn 0.002624 0.000001 0.999997
vn 0.002624 -0.000000 0.999997
vn 0.002624 -0.000000 0.999997
vn -0.000000 -1.000000 -0.000000
vn -0.000000 -1.000000 -0.000000
vn -0.000000 -1.000000 -0.000000
vn -0.000000 -1.000000 -0.000000
vn 0.000000 -1.000000 0.000000
vn 0.000000 -1.000000 0.000000
vn -0.000000 -1.000000 -0.000000
vn -0.000000 -1.000000 -0.000000
vn 0.002624 -0.000000 0.999997
vn 0.002624 -0.000000 0.999997
vn 0.002624 0.000001 0.999997
vn 0.002624 0.000001 0.999997
vn 0.002624 0.000000 0.999997
vn 0.002624 0.000000 0.999997
vn 0.002624 0.000000 0.999997
vn 0.002624 0.000000 0.999997
vn -0.000000 -1.000000 -0.000000
vn -0.000000 -1.000000 -0.000000
vn 0.000000 -1.000000 0.000000
vn 0.000000 -1.000000 0.000000
vn 0.000000 -1.000000 0.000000
vn 0.000000 -1.000000 0.000000
vn -0.000000 -1.000000 -0.000000
vn -0.000000 -1.000000 -0.000000
vn -0.000000 -1.000000 -0.000000
vn -0.000000 -1.000000 -0.000000
vn -0.000000 -1.000000 -0.000000
vn -0.000000 -1.000000 -0.000000
s 1
g group2 pPlane3
usemtl initialShadingGroup
f 803/1195/1612 806/1196/1613 805/1213/1614 804/1212/1615
f 804/1212/1615 805/1213/1614 808/1215/1616 807/1210/1617
f 807/1209/1617 808/1214/1616 810/1216/1618 809/1207/1619
f 809/1207/1619 810/1216/1618 812/1186/1620 811/1182/1621
f 813/1191/1622 816/1192/1623 815/1224/1624 814/1223/1625
f 814/1223/1625 815/1224/1624 818/1226/1626 817/1221/1627
f 817/1220/1627 818/1225/1626 820/1227/1628 819/1218/1629
f 819/1218/1629 820/1227/1628 822/1185/1630 821/1183/1631
f 806/1196/1613 822/1185/1630 824/1305/1632 823/1304/1633
f 825/1308/1634 827/1307/1635 826/1306/1636 812/1186/1620
f 816/1192/1623 830/1311/1637 829/1310/1638 828/1309/1639
f 813/1191/1622 831/1312/1640 830/1311/1637 816/1192/1623
f 803/1195/1612 821/1183/1631 822/1185/1630 806/1196/1613
f 826/1306/1636 832/1313/1641 811/1182/1621 812/1186/1620
s off
f 813/1198/1642 814/1222/1643 817/1219/1644 819/1217/1645 821/1203/1646 803/1202/1647 804/1211/1648 807/1208/1649 809/1206/1650 811/1201/1651 832/1315/1652 831/1314/1653
s 1
f 810/1216/1618 833/1316/1654 825/1308/1634 812/1186/1620
f 808/1214/1616 834/1317/1655 833/1316/1654 810/1216/1618
f 806/1196/1613 823/1304/1633 835/1318/1656 805/1213/1614
f 805/1213/1614 835/1318/1656 834/1317/1655 808/1215/1616
f 820/1227/1628 836/1319/1657 824/1305/1632 822/1185/1630
f 818/1225/1626 837/1320/1658 836/1319/1657 820/1227/1628
f 816/1192/1623 828/1309/1639 838/1321/1659 815/1224/1624
f 815/1224/1624 838/1321/1659 837/1320/1658 818/1226/1626
s 3
f 761/1234/1660 760/1235/1661 763/1236/1662 762/1237/1663
f 760/1235/1661 759/1238/1664 764/1239/1665 763/1236/1662
f 759/1240/1664 758/1241/1666 765/1242/1667 764/1243/1665
f 758/1241/1666 757/1244/1668 766/1245/1669 765/1242/1667
f 767/1246/1670 771/1247/1671 773/1248/1672 772/1249/1673
f 771/1247/1671 770/1250/1674 774/1251/1675 773/1248/1672
f 770/1252/1674 769/1253/1676 775/1254/1677 774/1255/1675
f 769/1253/1676 768/1256/1678 776/1257/1679 775/1254/1677
f 762/1237/1663 782/1258/1680 781/1259/1681 776/1257/1679
f 786/1260/1682 766/1245/1669 756/1261/1683 752/1262/1684
f 772/1249/1673 777/1263/1685 754/1264/1686 755/1265/1687
f 767/1246/1670 772/1249/1673 755/1265/1687 753/1266/1688
f 761/1234/1660 762/1237/1663 776/1257/1679 768/1256/1678
f 756/1261/1683 766/1245/1669 757/1244/1668 751/1267/1689
s off
f 767/1268/1690 753/1269/1691 751/1270/1692 757/1271/1693 758/1272/1694 759/1273/1695 760/1274/1696 761/1275/1697 768/1276/1698 769/1277/1699 770/1278/1700 771/1279/1701
s 3
f 765/1242/1667 766/1245/1669 786/1260/1682 785/1280/1702
f 764/1243/1665 765/1242/1667 785/1280/1702 784/1281/1703
f 762/1237/1663 763/1236/1662 783/1282/1704 782/1258/1680
f 763/1236/1662 764/1239/1665 784/1281/1703 783/1282/1704
f 775/1254/1677 776/1257/1679 781/1259/1681 780/1283/1705
f 774/1255/1675 775/1254/1677 780/1283/1705 779/1284/1706
f 772/1249/1673 773/1248/1672 778/1285/1707 777/1263/1685
f 773/1248/1672 774/1251/1675 779/1284/1706 778/1285/1707
s off
f 782/1184/1708 787/1286/1709 788/1287/1710 781/1205/1711
f 756/1187/1712 790/1288/1713 791/1289/1714 752/1188/1715
f 752/1188/1716 791/1289/1717 789/1290/1718 786/1204/1719
f 777/1189/1720 792/1291/1721 793/1292/1722 754/1190/1723
f 754/1190/1724 793/1292/1725 794/1293/1726 755/1193/1727
f 755/1193/1728 794/1293/1729 795/1294/1730 753/1194/1731
f 751/1197/1732 796/1295/1733 790/1288/1734 756/1187/1735
f 753/1199/1736 795/1296/1737 796/1297/1738 751/1200/1739
f 786/1204/1740 789/1290/1741 797/1298/1742 785/1233/1743
f 785/1233/1744 797/1298/1745 798/1299/1746 784/1232/1747
f 783/1231/1748 799/1300/1749 787/1286/1750 782/1184/1751
f 784/1232/1752 798/1299/1753 799/1300/1754 783/1231/1755
f 781/1205/1756 788/1287/1757 800/1301/1758 780/1230/1759
f 780/1230/1760 800/1301/1761 801/1302/1762 779/1229/1763
f 778/1228/1764 802/1303/1765 792/1291/1766 777/1189/1767
f 779/1229/1768 801/1302/1769 802/1303/1770 778/1228/1771
s 5
f 787/1286/1772 823/1304/1773 824/1305/1774 788/1287/1775
s 6
f 790/1288/1776 826/1306/1777 827/1307/1778 791/1289/1779
s 5
f 791/1289/1780 827/1307/1781 825/1308/1782 789/1290/1783
f 792/1291/1784 828/1309/1785 829/1310/1786 793/1292/1787
s 6
f 793/1292/1788 829/1310/1789 830/1311/1790 794/1293/1791
f 794/1293/1791 830/1311/1790 831/1312/1792 795/1294/1793
f 796/1295/1794 832/1313/1795 826/1306/1777 790/1288/1776
f 795/1296/1793 831/1314/1792 832/1315/1795 796/1297/1794
s 5
f 789/1290/1783 825/1308/1782 833/1316/1796 797/1298/1797
f 797/1298/1797 833/1316/1796 834/1317/1798 798/1299/1799
f 799/1300/1800 835/1318/1801 823/1304/1773 787/1286/1772
f 798/1299/1799 834/1317/1798 835/1318/1801 799/1300/1800
f 788/1287/1775 824/1305/1774 836/1319/1802 800/1301/1803
f 800/1301/1803 836/1319/1802 837/1320/1804 801/1302/1805
f 802/1303/1806 838/1321/1807 828/1309/1785 792/1291/1784
f 801/1302/1805 837/1320/1804 838/1321/1807 802/1303/1806
g default
v -192.910558 3239.269817 -400.479608
v -180.320130 3239.269817 -406.936403
v -170.341187 3239.269817 -416.967873
v -163.950531 3239.269817 -429.591968
v -161.773756 3239.269817 -443.573051
v -164.023870 3239.269817 -457.542562
v -170.480709 3239.269817 -470.132947
v -180.512135 3239.269817 -480.111868
v -193.136274 3239.269817 -486.502546
v -207.117357 3239.269817 -488.679299
v -221.086814 3239.269817 -486.429206
v -233.677231 3239.269817 -479.972368
v -243.656152 3239.269817 -469.940942
v -250.046819 3239.269817 -457.316846
v -252.223605 3239.269817 -443.335720
v -249.973480 3239.269817 -429.366338
v -243.516652 3239.269817 -416.775867
v -233.485226 3239.269817 -406.796903
v -220.861098 3239.269817 -400.406268
v -206.880025 3239.269817 -398.229471
v -206.998691 3239.269817 -443.454385
v -206.998691 3370.506433 -443.454385
v -192.910558 3357.107153 -400.479608
v -193.476730 3363.806793 -402.206649
v -195.023552 3368.711190 -406.925124
v -197.136567 3370.506433 -413.370684
v -180.320130 3357.107153 -406.936403
v -181.392314 3363.806793 -408.404025
v -184.321494 3368.711190 -412.413567
v -188.322859 3370.506433 -417.890730
v -170.341187 3357.107153 -416.967873
v -171.814351 3363.806793 -418.032298
v -175.839209 3368.711190 -420.940396
v -181.337295 3370.506433 -424.913006
v -163.950531 3357.107153 -429.591968
v -165.680562 3363.806793 -430.149069
v -170.407090 3368.711190 -431.671108
v -176.863649 3370.506433 -433.750248
v -161.773756 3357.107153 -443.573051
v -163.591247 3363.806793 -443.568282
v -168.556764 3368.711190 -443.555253
v -175.339815 3370.506433 -443.537455
v -164.023870 3357.107153 -457.542562
v -165.750954 3363.806793 -456.976347
v -170.469430 3368.711190 -455.429525
v -176.914989 3370.506433 -453.316531
v -170.480709 3357.107153 -470.132947
v -171.948266 3363.806793 -469.060763
v -175.957808 3368.711190 -466.131539
v -181.434950 3370.506433 -462.130218
v -180.512135 3357.107153 -480.111868
v -181.576603 3363.806793 -478.638725
v -184.484702 3368.711190 -474.613868
v -188.457268 3370.506433 -469.115781
v -193.136274 3357.107153 -486.502546
v -193.693375 3363.806793 -484.772515
v -195.215414 3368.711190 -480.045987
v -197.294575 3370.506433 -473.589427
v -207.117357 3357.107153 -488.679299
v -207.112588 3363.806793 -486.861851
v -207.099559 3368.711190 -481.896313
v -207.081761 3370.506433 -475.113283
v -221.086814 3357.107153 -486.429206
v -220.520631 3363.806793 -484.702122
v -218.973809 3368.711190 -479.983647
v -216.860793 3370.506433 -473.538087
v -233.677231 3357.107153 -479.972368
v -232.605068 3363.806793 -478.504832
v -229.675878 3368.711190 -474.495291
v -225.674502 3370.506433 -469.018127
v -243.656152 3357.107153 -469.940942
v -242.182966 3363.806793 -468.876474
v -238.158119 3368.711190 -465.968332
v -232.660065 3370.506433 -461.995808
v -250.046819 3357.107153 -457.316846
v -248.316788 3363.806793 -456.759702
v -243.590249 3368.711190 -455.237663
v -237.133711 3370.506433 -453.158523
v -252.223605 3357.107153 -443.335720
v -250.406081 3363.806793 -443.340489
v -245.440575 3368.711190 -443.353518
v -238.657535 3370.506433 -443.371316
v -249.973480 3357.107153 -429.366338
v -248.246396 3363.806793 -429.932468
v -243.527910 3368.711190 -431.479289
v -237.082372 3370.506433 -433.592283
v -243.516652 3357.107153 -416.775867
v -242.049073 3363.806793 -417.848008
v -238.039542 3368.711190 -420.777188
v -232.562411 3370.506433 -424.778596
v -233.485226 3357.107153 -406.796903
v -232.420779 3363.806793 -408.270132
v -229.512670 3368.711190 -412.294989
v -225.540093 3370.506433 -417.793076
v -220.861098 3357.107153 -400.406268
v -220.303986 3363.806793 -402.136300
v -218.781947 3368.711190 -406.862828
v -216.702785 3370.506433 -413.319387
v -206.880025 3357.107153 -398.229471
v -206.884794 3363.806793 -400.047006
v -206.897823 3368.711190 -405.012501
v -206.915600 3370.506433 -411.795531
vt 0.648603 0.107966
vt 0.626409 0.064408
vt 0.591842 0.029841
vt 0.548284 0.007647
vt 0.500000 -0.000000
vt 0.451716 0.007647
vt 0.408159 0.029841
vt 0.373591 0.064409
vt 0.351397 0.107966
vt 0.343750 0.156250
vt 0.351397 0.204534
vt 0.373591 0.248091
vt 0.408159 0.282659
vt 0.451716 0.304853
vt 0.500000 0.312500
vt 0.548284 0.304853
vt 0.591841 0.282659
vt 0.626409 0.248091
vt 0.648603 0.204534
vt 0.656250 0.156250
vt 0.500000 0.156250
vt 0.375000 0.312500
vt 0.387500 0.312501
vt 0.375000 0.649212
vt 0.400000 0.312500
vt 0.387500 0.649212
vt 0.412500 0.312501
vt 0.400000 0.649212
vt 0.425000 0.312500
vt 0.412500 0.649212
vt 0.437500 0.312500
vt 0.425000 0.649212
vt 0.450000 0.312501
vt 0.437500 0.649212
vt 0.462500 0.312500
vt 0.450000 0.649212
vt 0.475000 0.312501
vt 0.462500 0.649212
vt 0.487500 0.312500
vt 0.475000 0.649212
vt 0.500000 0.312500
vt 0.487500 0.649212
vt 0.512500 0.312500
vt 0.500000 0.649212
vt 0.525000 0.312500
vt 0.512500 0.649212
vt 0.537500 0.312500
vt 0.525000 0.649212
vt 0.550000 0.312500
vt 0.537500 0.649212
vt 0.562500 0.312501
vt 0.550000 0.649212
vt 0.575000 0.312500
vt 0.562500 0.649212
vt 0.587500 0.312501
vt 0.575000 0.649212
vt 0.600000 0.312501
vt 0.587500 0.649212
vt 0.612500 0.312500
vt 0.600000 0.649212
vt 0.625000 0.312501
vt 0.612500 0.649212
vt 0.588490 0.908042
vt 0.564292 0.932240
vt 0.533800 0.947776
vt 0.500000 0.953130
vt 0.466200 0.947777
vt 0.435708 0.932240
vt 0.411510 0.908042
vt 0.395974 0.877550
vt 0.390620 0.843750
vt 0.395973 0.809950
vt 0.411510 0.779458
vt 0.435708 0.755260
vt 0.466200 0.739724
vt 0.500000 0.734370
vt 0.533800 0.739724
vt 0.564292 0.755260
vt 0.588490 0.779458
vt 0.604026 0.809950
vt 0.609380 0.843750
vt 0.604026 0.877550
vt 0.500000 0.843750
vt 0.625000 0.649212
vt 0.375000 0.668305
vt 0.625000 0.668305
vt 0.375000 0.687500
vt 0.648603 0.892034
vt 0.625000 0.687500
vt 0.387500 0.667666
vt 0.387500 0.687500
vt 0.626409 0.935591
vt 0.400000 0.667602
vt 0.400000 0.687500
vt 0.591841 0.970159
vt 0.412500 0.667595
vt 0.412500 0.687500
vt 0.548284 0.992353
vt 0.425000 0.667595
vt 0.425000 0.687500
vt 0.500000 1.000000
vt 0.437500 0.667595
vt 0.437500 0.687500
vt 0.451716 0.992353
vt 0.450000 0.667595
vt 0.450000 0.687500
vt 0.408159 0.970159
vt 0.462500 0.667595
vt 0.462500 0.687500
vt 0.373591 0.935591
vt 0.475000 0.667595
vt 0.475000 0.687500
vt 0.351397 0.892034
vt 0.487500 0.667595
vt 0.487500 0.687500
vt 0.343750 0.843750
vt 0.500000 0.667595
vt 0.500000 0.687500
vt 0.351397 0.795466
vt 0.512500 0.667595
vt 0.512500 0.687500
vt 0.373591 0.751909
vt 0.525000 0.667595
vt 0.525000 0.687500
vt 0.408159 0.717341
vt 0.537500 0.667595
vt 0.537500 0.687500
vt 0.451716 0.695147
vt 0.550000 0.667595
vt 0.550000 0.687500
vt 0.500000 0.687500
vt 0.562500 0.667595
vt 0.562500 0.687500
vt 0.548284 0.695147
vt 0.575000 0.667594
vt 0.575000 0.687500
vt 0.591842 0.717341
vt 0.587500 0.667595
vt 0.587500 0.687500
vt 0.626409 0.751908
vt 0.600000 0.667602
vt 0.600000 0.687500
vt 0.648603 0.795466
vt 0.612500 0.667666
vt 0.656250 0.843750
vt 0.612500 0.687500
vn 0.000000 -1.000000 0.000000
vn 0.000000 -1.000000 0.000000
vn 0.000000 -1.000000 0.000000
vn 0.000000 -1.000000 0.000000
vn 0.000000 -1.000000 0.000000
vn 0.000000 -1.000000 0.000000
vn 0.000000 -1.000000 0.000000
vn 0.000000 -1.000000 0.000000
vn 0.000000 -1.000000 0.000000
vn 0.000000 -1.000000 0.000000
vn 0.000000 -1.000000 0.000000
vn 0.000000 -1.000000 0.000000
vn 0.000000 -1.000000 0.000000
vn 0.000000 -1.000000 0.000000
vn 0.000000 -1.000000 0.000000
vn 0.000000 -1.000000 0.000000
vn 0.000000 -1.000000 0.000000
vn 0.000000 -1.000000 0.000000
vn 0.000000 -1.000000 0.000000
vn 0.000000 -1.000000 0.000000
vn 0.000000 -1.000000 0.000000
vn 0.311511 0.000000 0.950243
vn 0.589906 0.000000 0.807472
vn 0.589849 0.013961 0.807393
vn 0.311481 0.013961 0.950150
vn 0.810556 0.000000 0.585661
vn 0.810477 0.013961 0.585604
vn 0.951864 0.000000 0.306520
vn 0.951771 0.013961 0.306491
vn 0.999997 0.000000 -0.002624
vn 0.999899 0.013961 -0.002624
vn 0.950242 0.000000 -0.311512
vn 0.950150 0.013961 -0.311481
vn 0.807471 0.000000 -0.589907
vn 0.807392 0.013961 -0.589850
vn 0.585661 0.000000 -0.810556
vn 0.585604 0.013961 -0.810477
vn 0.306520 0.000000 -0.951864
vn 0.306490 0.013961 -0.951771
vn -0.002624 0.000000 -0.999997
vn -0.002624 0.013961 -0.999899
vn -0.311511 0.000000 -0.950243
vn -0.311481 0.013961 -0.950150
vn -0.589907 0.000000 -0.807472
vn -0.589849 0.013961 -0.807393
vn -0.810556 0.000000 -0.585661
vn -0.810477 0.013961 -0.585604
vn -0.951864 0.000000 -0.306521
vn -0.951771 0.013961 -0.306491
vn -0.999997 0.000000 0.002624
vn -0.999899 0.013961 0.002624
vn -0.950242 0.000000 0.311512
vn -0.950150 0.013961 0.311482
vn -0.807473 0.000000 0.589905
vn -0.807394 0.013961 0.589847
vn -0.585661 0.000000 0.810556
vn -0.585604 0.013961 0.810477
vn -0.306520 0.000000 0.951864
vn -0.306490 0.013961 0.951771
vn 0.002624 0.000000 0.999997
vn 0.002624 0.013961 0.999899
vn 0.030060 0.995333 0.091697
vn 0.056925 0.995333 0.077919
vn -0.000000 1.000000 0.000000
vn 0.078217 0.995333 0.056515
vn 0.091853 0.995333 0.029579
vn 0.096498 0.995333 -0.000253
vn 0.091697 0.995333 -0.030060
vn 0.077920 0.995333 -0.056925
vn 0.056515 0.995333 -0.078217
vn 0.029579 0.995333 -0.091853
vn -0.000253 0.995333 -0.096498
vn -0.030060 0.995333 -0.091697
vn -0.056925 0.995333 -0.077920
vn -0.078217 0.995333 -0.056515
vn -0.091853 0.995333 -0.029579
vn -0.096498 0.995333 0.000253
vn -0.091697 0.995333 0.030060
vn -0.077920 0.995333 0.056925
vn -0.056515 0.995333 0.078217
vn -0.029579 0.995333 0.091853
vn 0.000253 0.995333 0.096498
vn 0.079702 0.966715 0.243125
vn 0.000671 0.966715 0.255855
vn 0.272641 0.483726 0.831671
vn 0.002296 0.483727 0.875216
vn 0.218903 0.711474 0.667748
vn 0.001843 0.711473 0.702711
vn 0.150931 0.966715 0.206596
vn 0.516297 0.483727 0.706715
vn 0.414534 0.711473 0.567422
vn 0.207385 0.966715 0.149844
vn 0.709414 0.483726 0.512582
vn 0.569588 0.711474 0.411552
vn 0.243540 0.966715 0.078425
vn 0.833090 0.483726 0.268272
vn 0.668887 0.711474 0.215395
vn 0.255855 0.966715 -0.000671
vn 0.875216 0.483727 -0.002297
vn 0.702710 0.711474 -0.001844
vn 0.243125 0.966715 -0.079702
vn 0.831670 0.483727 -0.272641
vn 0.667747 0.711474 -0.218903
vn 0.206597 0.966715 -0.150931
vn 0.706715 0.483727 -0.516297
vn 0.567421 0.711474 -0.414534
vn 0.149845 0.966715 -0.207386
vn 0.512582 0.483726 -0.709415
vn 0.411552 0.711474 -0.569588
vn 0.078425 0.966715 -0.243540
vn 0.268272 0.483726 -0.833090
vn 0.215396 0.711474 -0.668887
vn -0.000671 0.966715 -0.255855
vn -0.002296 0.483726 -0.875217
vn -0.001844 0.711474 -0.702710
vn -0.079702 0.966715 -0.243125
vn -0.272641 0.483726 -0.831671
vn -0.218903 0.711474 -0.667747
vn -0.150930 0.966715 -0.206596
vn -0.516298 0.483726 -0.706715
vn -0.414535 0.711474 -0.567420
vn -0.207386 0.966715 -0.149845
vn -0.709415 0.483727 -0.512581
vn -0.569589 0.711474 -0.411550
vn -0.243541 0.966715 -0.078425
vn -0.833089 0.483728 -0.268272
vn -0.668887 0.711474 -0.215396
vn -0.255856 0.966715 0.000671
vn -0.875216 0.483728 0.002296
vn -0.702710 0.711474 0.001844
vn -0.243126 0.966715 0.079702
vn -0.831670 0.483727 0.272641
vn -0.667747 0.711474 0.218903
vn -0.206597 0.966715 0.150931
vn -0.706716 0.483726 0.516297
vn -0.567421 0.711473 0.414535
vn -0.149844 0.966715 0.207385
vn -0.512581 0.483727 0.709415
vn -0.411551 0.711473 0.569589
vn -0.078425 0.966715 0.243540
vn -0.268272 0.483728 0.833089
vn -0.215396 0.711473 0.668887
s 1
g group2 pCylinder14
usemtl initialShadingGroup
f 840/1323/1808 839/1322/1809 859/1342/1810
f 841/1324/1811 840/1323/1808 859/1342/1810
f 842/1325/1812 841/1324/1811 859/1342/1810
f 843/1326/1813 842/1325/1812 859/1342/1810
f 844/1327/1814 843/1326/1813 859/1342/1810
f 845/1328/1815 844/1327/1814 859/1342/1810
f 846/1329/1816 845/1328/1815 859/1342/1810
f 847/1330/1817 846/1329/1816 859/1342/1810
f 848/1331/1818 847/1330/1817 859/1342/1810
f 849/1332/1819 848/1331/1818 859/1342/1810
f 850/1333/1820 849/1332/1819 859/1342/1810
f 851/1334/1821 850/1333/1820 859/1342/1810
f 852/1335/1822 851/1334/1821 859/1342/1810
f 853/1336/1823 852/1335/1822 859/1342/1810
f 854/1337/1824 853/1336/1823 859/1342/1810
f 855/1338/1825 854/1337/1824 859/1342/1810
f 856/1339/1826 855/1338/1825 859/1342/1810
f 857/1340/1827 856/1339/1826 859/1342/1810
f 858/1341/1828 857/1340/1827 859/1342/1810
f 839/1322/1809 858/1341/1828 859/1342/1810
s 2
f 839/1343/1829 840/1344/1830 865/1347/1831 861/1345/1832
f 840/1344/1830 841/1346/1833 869/1349/1834 865/1347/1831
f 841/1346/1833 842/1348/1835 873/1351/1836 869/1349/1834
f 842/1348/1835 843/1350/1837 877/1353/1838 873/1351/1836
f 843/1350/1837 844/1352/1839 881/1355/1840 877/1353/1838
f 844/1352/1839 845/1354/1841 885/1357/1842 881/1355/1840
f 845/1354/1841 846/1356/1843 889/1359/1844 885/1357/1842
f 846/1356/1843 847/1358/1845 893/1361/1846 889/1359/1844
f 847/1358/1845 848/1360/1847 897/1363/1848 893/1361/1846
f 848/1360/1847 849/1362/1849 901/1365/1850 897/1363/1848
f 849/1362/1849 850/1364/1851 905/1367/1852 901/1365/1850
f 850/1364/1851 851/1366/1853 909/1369/1854 905/1367/1852
f 851/1366/1853 852/1368/1855 913/1371/1856 909/1369/1854
f 852/1368/1855 853/1370/1857 917/1373/1858 913/1371/1856
f 853/1370/1857 854/1372/1859 921/1375/1860 917/1373/1858
f 854/1372/1859 855/1374/1861 925/1377/1862 921/1375/1860
f 855/1374/1861 856/1376/1863 929/1379/1864 925/1377/1862
f 856/1376/1863 857/1378/1865 933/1381/1866 929/1379/1864
f 857/1378/1865 858/1380/1867 937/1383/1868 933/1381/1866
f 858/1380/1867 839/1382/1829 861/1405/1832 937/1383/1868
s 3
f 864/1403/1869 868/1384/1870 860/1404/1871
f 868/1384/1870 872/1385/1872 860/1404/1871
f 872/1385/1872 876/1386/1873 860/1404/1871
f 876/1386/1873 880/1387/1874 860/1404/1871
f 880/1387/1874 884/1388/1875 860/1404/1871
f 884/1388/1875 888/1389/1876 860/1404/1871
f 888/1389/1876 892/1390/1877 860/1404/1871
f 892/1390/1877 896/1391/1878 860/1404/1871
f 896/1391/1878 900/1392/1879 860/1404/1871
f 900/1392/1879 904/1393/1880 860/1404/1871
f 904/1393/1880 908/1394/1881 860/1404/1871
f 908/1394/1881 912/1395/1882 860/1404/1871
f 912/1395/1882 916/1396/1883 860/1404/1871
f 916/1396/1883 920/1397/1884 860/1404/1871
f 920/1397/1884 924/1398/1885 860/1404/1871
f 924/1398/1885 928/1399/1886 860/1404/1871
f 928/1399/1886 932/1400/1887 860/1404/1871
f 932/1400/1887 936/1401/1888 860/1404/1871
f 936/1401/1888 940/1402/1889 860/1404/1871
f 940/1402/1889 864/1403/1869 860/1404/1871
f 863/1409/1890 864/1403/1869 940/1402/1889 939/1466/1891
s 2
f 861/1405/1832 862/1407/1892 938/1465/1893 937/1383/1868
f 862/1407/1892 863/1410/1894 939/1467/1895 938/1465/1893
s 3
f 864/1403/1869 863/1409/1890 867/1413/1896 868/1384/1870
s 2
f 863/1408/1894 862/1406/1892 866/1411/1897 867/1412/1898
f 862/1406/1892 861/1345/1832 865/1347/1831 866/1411/1897
s 3
f 868/1384/1870 867/1413/1896 871/1416/1899 872/1385/1872
s 2
f 867/1412/1898 866/1411/1897 870/1414/1900 871/1415/1901
f 866/1411/1897 865/1347/1831 869/1349/1834 870/1414/1900
s 3
f 872/1385/1872 871/1416/1899 875/1419/1902 876/1386/1873
s 2
f 871/1415/1901 870/1414/1900 874/1417/1903 875/1418/1904
f 870/1414/1900 869/1349/1834 873/1351/1836 874/1417/1903
s 3
f 876/1386/1873 875/1419/1902 879/1422/1905 880/1387/1874
s 2
f 875/1418/1904 874/1417/1903 878/1420/1906 879/1421/1907
f 874/1417/1903 873/1351/1836 877/1353/1838 878/1420/1906
s 3
f 880/1387/1874 879/1422/1905 883/1425/1908 884/1388/1875
s 2
f 879/1421/1907 878/1420/1906 882/1423/1909 883/1424/1910
f 878/1420/1906 877/1353/1838 881/1355/1840 882/1423/1909
s 3
f 884/1388/1875 883/1425/1908 887/1428/1911 888/1389/1876
s 2
f 883/1424/1910 882/1423/1909 886/1426/1912 887/1427/1913
f 882/1423/1909 881/1355/1840 885/1357/1842 886/1426/1912
s 3
f 888/1389/1876 887/1428/1911 891/1431/1914 892/1390/1877
s 2
f 887/1427/1913 886/1426/1912 890/1429/1915 891/1430/1916
f 886/1426/1912 885/1357/1842 889/1359/1844 890/1429/1915
s 3
f 892/1390/1877 891/1431/1914 895/1434/1917 896/1391/1878
s 2
f 891/1430/1916 890/1429/1915 894/1432/1918 895/1433/1919
f 890/1429/1915 889/1359/1844 893/1361/1846 894/1432/1918
s 3
f 896/1391/1878 895/1434/1917 899/1437/1920 900/1392/1879
s 2
f 895/1433/1919 894/1432/1918 898/1435/1921 899/1436/1922
f 894/1432/1918 893/1361/1846 897/1363/1848 898/1435/1921
s 3
f 900/1392/1879 899/1437/1920 903/1440/1923 904/1393/1880
s 2
f 899/1436/1922 898/1435/1921 902/1438/1924 903/1439/1925
f 898/1435/1921 897/1363/1848 901/1365/1850 902/1438/1924
s 3
f 904/1393/1880 903/1440/1923 907/1443/1926 908/1394/1881
s 2
f 903/1439/1925 902/1438/1924 906/1441/1927 907/1442/1928
f 902/1438/1924 901/1365/1850 905/1367/1852 906/1441/1927
s 3
f 908/1394/1881 907/1443/1926 911/1446/1929 912/1395/1882
s 2
f 907/1442/1928 906/1441/1927 910/1444/1930 911/1445/1931
f 906/1441/1927 905/1367/1852 909/1369/1854 910/1444/1930
s 3
f 912/1395/1882 911/1446/1929 915/1449/1932 916/1396/1883
s 2
f 911/1445/1931 910/1444/1930 914/1447/1933 915/1448/1934
f 910/1444/1930 909/1369/1854 913/1371/1856 914/1447/1933
s 3
f 916/1396/1883 915/1449/1932 919/1452/1935 920/1397/1884
s 2
f 915/1448/1934 914/1447/1933 918/1450/1936 919/1451/1937
f 914/1447/1933 913/1371/1856 917/1373/1858 918/1450/1936
s 3
f 920/1397/1884 919/1452/1935 923/1455/1938 924/1398/1885
s 2
f 919/1451/1937 918/1450/1936 922/1453/1939 923/1454/1940
f 918/1450/1936 917/1373/1858 921/1375/1860 922/1453/1939
s 3
f 924/1398/1885 923/1455/1938 927/1458/1941 928/1399/1886
s 2
f 923/1454/1940 922/1453/1939 926/1456/1942 927/1457/1943
f 922/1453/1939 921/1375/1860 925/1377/1862 926/1456/1942
s 3
f 928/1399/1886 927/1458/1941 931/1461/1944 932/1400/1887
s 2
f 927/1457/1943 926/1456/1942 930/1459/1945 931/1460/1946
f 926/1456/1942 925/1377/1862 929/1379/1864 930/1459/1945
s 3
f 932/1400/1887 931/1461/1944 935/1464/1947 936/1401/1888
s 2
f 931/1460/1946 930/1459/1945 934/1462/1948 935/1463/1949
f 930/1459/1945 929/1379/1864 933/1381/1866 934/1462/1948
s 3
f 936/1401/1888 935/1464/1947 939/1466/1891 940/1402/1889
s 2
f 935/1463/1949 934/1462/1948 938/1465/1893 939/1467/1895
f 934/1462/1948 933/1381/1866 937/1383/1868 938/1465/1893
g default
v -782.674316 3236.646891 -669.211388
v -781.515538 3237.164234 -670.078820
v -780.518964 3237.334299 -671.236734
v -779.782145 3237.140438 -672.571785
v -779.377205 3236.601628 -673.953289
v -779.343783 3235.770612 -675.246015
v -779.685151 3234.728734 -676.323422
v -780.367893 3233.577982 -677.080046
v -781.325177 3232.431000 -677.441823
v -782.463298 3231.400060 -677.373340
v -783.670848 3230.586080 -676.881300
v -784.829625 3230.068737 -676.013869
v -785.826199 3229.898673 -674.855956
v -786.563018 3230.092534 -673.520905
v -786.967958 3230.631343 -672.139401
v -787.001380 3231.462359 -670.846676
v -786.660012 3232.504236 -669.769269
v -785.977271 3233.654988 -669.012646
v -785.019987 3234.801970 -668.650869
v -783.881866 3235.832909 -668.719352
v -782.899760 3240.354748 -665.972716
v -780.610739 3241.376696 -667.686220
v -778.642129 3241.712637 -669.973536
v -777.186633 3241.329689 -672.610765
v -776.386724 3240.265336 -675.339756
v -776.320704 3238.623766 -677.893377
v -776.995034 3236.565666 -680.021661
v -778.343706 3234.292498 -681.516277
v -780.234703 3232.026775 -682.230923
v -782.482920 3229.990282 -682.095643
v -784.868287 3228.382364 -681.123680
v -787.157308 3227.360417 -679.410176
v -789.125917 3227.024476 -677.122862
v -790.581412 3227.407424 -674.485634
v -791.381320 3228.471776 -671.756644
v -791.447341 3230.113346 -669.203025
v -790.773012 3232.171444 -667.074741
v -789.424341 3234.444612 -665.580125
v -787.533345 3236.710335 -664.865478
v -785.285127 3238.746827 -665.000758
v -783.604255 3244.395993 -663.241405
v -780.241352 3245.897381 -665.758789
v -777.349181 3246.390928 -669.119186
v -775.210848 3245.828321 -672.993656
v -774.035667 3244.264634 -677.002936
v -773.938673 3241.852931 -680.754574
v -774.929361 3238.829285 -683.881330
v -776.910754 3235.489673 -686.077136
v -779.688901 3232.160999 -687.127054
v -782.991857 3229.169098 -686.928309
v -786.496305 3226.806835 -685.500356
v -789.859206 3225.305448 -682.982971
v -792.751376 3224.811901 -679.622576
v -794.889709 3225.374507 -675.748108
v -796.064890 3226.938193 -671.738829
v -796.161884 3229.349896 -667.987194
v -795.171197 3232.373540 -664.860438
v -793.189804 3235.713151 -662.664631
v -790.411658 3239.041824 -661.614713
v -787.108703 3242.033726 -661.813459
v -784.770452 3248.671115 -661.084709
v -780.416475 3250.614974 -664.343988
v -776.671957 3251.253974 -668.694722
v -773.903439 3250.525563 -673.711029
v -772.381922 3248.501044 -678.901878
v -772.256343 3245.378591 -683.759153
v -773.538995 3241.463852 -687.807390
v -776.104322 3237.140030 -690.650318
v -779.701212 3232.830369 -692.009655
v -783.977575 3228.956729 -691.752337
v -788.514813 3225.898289 -689.903555
v -792.868789 3223.954430 -686.644277
v -796.613305 3223.315431 -682.293546
v -799.381822 3224.043841 -677.277241
v -800.903338 3226.068359 -672.086395
v -801.028918 3229.190809 -667.229121
v -799.746267 3233.105547 -663.180885
v -797.180942 3237.429368 -660.337955
v -793.584053 3241.739029 -658.978619
v -789.307690 3245.612668 -659.235936
v -786.369637 3253.074848 -659.555734
v -781.131794 3255.413315 -663.476653
v -776.627132 3256.182032 -668.710593
v -773.296599 3255.305752 -674.745220
v -771.466212 3252.870252 -680.989822
v -771.315140 3249.113936 -686.833133
v -772.858173 3244.404497 -691.703170
v -775.944266 3239.202931 -695.123218
v -780.271331 3234.018399 -696.758504
v -785.415804 3229.358404 -696.448950
v -790.874110 3225.679094 -694.224862
v -796.111951 3223.340629 -690.303944
v -800.616611 3222.571912 -685.070005
v -803.947142 3223.448191 -679.035381
v -805.777529 3225.883690 -672.790783
v -805.928602 3229.640003 -666.947474
v -804.385570 3234.349440 -662.077438
v -801.299480 3239.551006 -658.657388
v -796.972416 3244.735535 -657.022103
v -791.827943 3249.395530 -657.331657
v -788.362431 3257.498757 -658.692127
v -782.369695 3260.174250 -663.178139
v -777.215808 3261.053757 -669.166411
v -773.405271 3260.051184 -676.070765
v -771.311083 3257.264673 -683.215356
v -771.138238 3252.966987 -689.900822
v -772.903656 3247.578812 -695.472742
v -776.434526 3241.627579 -699.385698
v -781.385220 3235.695840 -701.256665
v -787.271130 3230.364232 -700.902497
v -793.516102 3226.154650 -698.357867
v -799.508836 3223.479158 -693.871855
v -804.662719 3222.599652 -687.883587
v -808.473256 3223.602222 -680.979236
v -810.567445 3226.388731 -673.834648
v -810.740289 3230.686416 -667.149185
v -808.974872 3236.074591 -661.577266
v -805.444005 3242.025820 -657.664309
v -800.493312 3247.957559 -655.793342
v -794.607404 3253.289166 -656.147509
v -790.699766 3261.833909 -658.515155
v -784.099698 3264.780550 -663.455799
v -778.423492 3265.749190 -670.050950
v -774.226778 3264.645012 -677.655023
v -771.920355 3261.576103 -685.523680
v -771.729992 3256.842870 -692.886683
v -773.674328 3250.908631 -699.023286
v -777.563032 3244.354273 -703.332799
v -783.015452 3237.821383 -705.393379
v -789.497867 3231.949446 -705.003319
v -796.375733 3227.313246 -702.200803
v -802.975799 3224.366606 -697.260159
v -808.652001 3223.397967 -690.665012
v -812.848715 3224.502143 -683.060941
v -815.155138 3227.571050 -675.192288
v -815.345499 3232.304283 -667.829289
v -813.401167 3238.238518 -661.692686
v -809.512466 3244.792873 -657.383172
v -804.060047 3251.325762 -655.322593
v -797.577633 3257.197699 -655.712653
v -793.324090 3265.973563 -659.029172
v -786.279205 3269.118794 -664.302797
v -780.220449 3270.152716 -671.342431
v -775.740892 3268.974122 -679.458987
v -773.279026 3265.698382 -687.857957
v -773.075835 3260.646148 -695.717194
v -775.151209 3254.311967 -702.267380
v -779.301996 3247.315874 -706.867336
v -785.121885 3240.342696 -709.066788
v -792.041187 3234.075015 -708.650440
v -799.382593 3229.126354 -705.659047
v -806.427474 3225.981125 -700.385424
v -812.486229 3224.947203 -693.345792
v -816.965783 3226.125796 -685.229241
v -819.427648 3229.401534 -676.830274
v -819.630839 3234.453766 -668.971040
v -817.555468 3240.787944 -662.420857
v -813.404684 3247.784034 -657.820900
v -807.584796 3254.757211 -655.621447
v -800.665495 3261.024892 -656.037795
v -796.170782 3269.815783 -660.221527
v -788.854550 3273.082159 -665.698275
v -782.562429 3274.155905 -673.009055
v -777.910334 3272.931914 -681.438235
v -775.353644 3269.530003 -690.160709
v -775.142627 3264.283172 -698.322660
v -777.297938 3257.705018 -705.125138
v -781.608600 3250.439458 -709.902270
v -787.652654 3243.197693 -712.186439
v -794.838467 3236.688600 -711.754055
v -802.462641 3231.549332 -708.647442
v -809.778869 3228.282958 -703.170695
v -816.070988 3227.209213 -695.859919
v -820.723082 3228.433201 -687.430743
v -823.279771 3231.835111 -678.708272
v -823.490789 3237.081939 -670.546325
v -821.335479 3243.660091 -663.743848
v -817.024820 3250.925649 -658.966716
v -810.980768 3258.167413 -656.682544
v -803.794956 3264.676504 -657.114930
v -799.169745 3273.265958 -662.062854
v -791.762316 3276.573050 -667.607870
v -785.391761 3277.660180 -675.009780
v -780.681678 3276.420933 -683.544031
v -778.093119 3272.976616 -692.375231
v -777.879471 3267.664383 -700.638922
v -780.061648 3261.004231 -707.526193
v -784.426043 3253.648104 -712.362873
v -790.545437 3246.316071 -714.675515
v -797.820822 3239.725841 -714.237740
v -805.540032 3234.522511 -711.092404
v -812.947458 3231.215422 -705.547388
v -819.318009 3230.128292 -698.145482
v -824.028092 3231.367537 -689.611235
v -826.616650 3234.811853 -680.780039
v -826.830298 3240.124084 -672.516352
v -824.648123 3246.784232 -665.629081
v -820.283731 3254.140357 -660.792401
v -814.164338 3261.472389 -658.479759
v -806.888955 3268.062618 -658.917533
v -802.247136 3276.239138 -664.507816
v -794.930905 3279.505514 -669.984564
v -788.638783 3280.579260 -677.295343
v -783.986688 3279.355269 -685.724524
v -781.429998 3275.953358 -694.446997
v -781.218981 3270.706527 -702.608948
v -783.374292 3264.128372 -709.411427
v -787.684954 3256.862812 -714.188558
v -793.729008 3249.621048 -716.472728
v -800.914821 3243.111955 -716.040344
v -808.538995 3237.972687 -712.933730
v -815.855223 3234.706313 -707.456983
v -822.147342 3233.632568 -700.146207
v -826.799436 3234.856556 -691.717031
v -829.356125 3238.258465 -682.994561
v -829.567143 3243.505294 -674.832613
v -827.411833 3250.083446 -668.030137
v -823.101174 3257.349004 -663.253004
v -817.057122 3264.590768 -660.968833
v -809.871310 3271.099859 -661.401218
v -805.327184 3278.662115 -667.496211
v -798.282300 3281.807346 -672.769836
v -792.223543 3282.841268 -679.809470
v -787.743987 3281.662674 -687.926026
v -785.282121 3278.386935 -696.324996
v -785.078929 3273.334700 -704.184233
v -787.154303 3267.000520 -710.734418
v -791.305090 3260.004427 -715.334374
v -797.124980 3253.031249 -717.533827
v -804.044282 3246.763567 -717.117479
v -811.385688 3241.814906 -714.126085
v -818.430569 3238.669677 -708.852463
v -824.489323 3237.635755 -701.812831
v -828.968878 3238.814348 -693.696280
v -831.430743 3242.090086 -685.297312
v -831.633934 3247.142319 -677.438079
v -829.558562 3253.476496 -670.887895
v -825.407779 3260.472587 -666.287938
v -819.587890 3267.445764 -664.088485
v -812.668590 3273.713444 -664.504833
v -808.334044 3280.475223 -670.954456
v -801.733976 3283.421864 -675.895101
v -796.057770 3284.390504 -682.490252
v -791.861056 3283.286326 -690.094325
v -789.554633 3280.217417 -697.962981
v -789.364270 3275.484184 -705.325984
v -791.308606 3269.549945 -711.462587
v -795.197310 3262.995587 -715.772100
v -800.649730 3256.462697 -717.832680
v -807.132144 3250.590760 -717.442621
v -814.010011 3245.954560 -714.640105
v -820.610077 3243.007920 -709.699460
v -826.286279 3242.039281 -703.104313
v -830.482993 3243.143457 -695.500243
v -832.789416 3246.212364 -687.631589
v -832.979777 3250.945597 -680.268590
v -831.035445 3256.879832 -674.131987
v -827.146743 3263.434187 -669.822473
v -821.694324 3269.967076 -667.761895
v -815.211910 3275.839013 -668.151954
v -811.193675 3281.633819 -674.797392
v -805.200939 3284.309312 -679.283405
v -800.047052 3285.188819 -685.271676
v -796.236515 3284.186246 -692.176031
v -794.142327 3281.399735 -699.320621
v -793.969482 3277.102049 -706.006087
v -795.734900 3271.713873 -711.578007
v -799.265770 3265.762641 -715.490964
v -804.216464 3259.830902 -717.361930
v -810.102374 3254.499294 -717.007763
v -816.347346 3250.289711 -714.463132
v -822.340080 3247.614220 -709.977120
v -827.493963 3246.734714 -703.988853
v -831.304500 3247.737284 -697.084502
v -833.398689 3250.523793 -689.939913
v -833.571533 3254.821478 -683.254450
v -831.806115 3260.209653 -677.682531
v -828.275249 3266.160882 -673.769574
v -823.324556 3272.092621 -671.898607
v -817.438648 3277.424228 -672.252774
v -813.835667 3282.109373 -678.930399
v -808.597824 3284.447840 -682.851318
v -804.093162 3285.216557 -688.085258
v -800.762629 3284.340278 -694.119885
v -798.932242 3281.904778 -700.364487
v -798.781170 3278.148461 -706.207798
v -800.324203 3273.439023 -711.077834
v -803.410296 3268.237457 -714.497883
v -807.737361 3263.052925 -716.133169
v -812.881834 3258.392929 -715.823615
v -818.340140 3254.713620 -713.599526
v -823.577981 3252.375154 -709.678608
v -828.082641 3251.606438 -704.444670
v -831.413172 3252.482717 -698.410046
v -833.243559 3254.918215 -692.165447
v -833.394632 3258.674529 -686.322139
v -831.851600 3263.383966 -681.452103
v -828.765509 3268.585531 -678.032053
v -824.438446 3273.770061 -676.396768
v -819.293973 3278.430056 -676.706322
v -816.194964 3281.890178 -683.251706
v -811.840987 3283.834038 -686.510985
v -808.096469 3284.473037 -690.861718
v -805.327951 3283.744626 -695.878025
v -803.806434 3281.720108 -701.068874
v -803.680855 3278.597655 -705.926150
v -804.963507 3274.682916 -709.974386
v -807.528834 3270.359093 -712.817315
v -811.125724 3266.049432 -714.176651
v -815.402087 3262.175793 -713.919334
v -819.939325 3259.117352 -712.070551
v -824.293301 3257.173494 -708.811274
v -828.037817 3256.534495 -704.460542
v -830.806334 3257.262905 -699.444238
v -832.327850 3259.287423 -694.253391
v -832.453430 3262.409873 -689.396118
v -831.170779 3266.324610 -685.347882
v -828.605454 3270.648432 -682.504952
v -825.008565 3274.958093 -681.145615
v -820.732202 3278.831731 -681.402933
v -818.213472 3280.981630 -687.654907
v -814.850570 3282.483019 -690.172292
v -811.958399 3282.976565 -693.532689
v -809.820066 3282.413959 -697.407158
v -808.644884 3280.850271 -701.416439
v -808.547890 3278.438568 -705.168076
v -809.538578 3275.414922 -708.294832
v -811.519972 3272.075311 -710.490639
v -814.298119 3268.746637 -711.540557
v -817.601074 3265.754735 -711.341811
v -821.105522 3263.392473 -709.913858
v -824.468424 3261.891086 -707.396473
v -827.360594 3261.397539 -704.036078
v -829.498927 3261.960144 -700.161611
v -830.674107 3263.523831 -696.152332
v -830.771101 3265.935533 -692.400696
v -829.780415 3268.959177 -689.273941
v -827.799022 3272.298789 -687.078133
v -825.020876 3275.627462 -686.028216
v -821.717921 3278.619363 -686.226961
v -819.841490 3279.406100 -692.031583
v -817.552469 3280.428048 -693.745088
v -815.583859 3280.763989 -696.032404
v -814.128363 3280.381041 -698.669633
v -813.328455 3279.316689 -701.398624
v -813.262434 3277.675118 -703.952244
v -813.936764 3275.617018 -706.080528
v -815.285436 3273.343850 -707.575145
v -817.176433 3271.078127 -708.289790
v -819.424650 3269.041634 -708.154510
v -821.810017 3267.433716 -707.182548
v -824.099038 3266.411769 -705.469044
v -826.067647 3266.075828 -703.181729
v -827.523142 3266.458776 -700.544502
v -828.323051 3267.523128 -697.815512
v -828.389071 3269.164698 -695.261892
v -827.714742 3271.222796 -693.133608
v -826.366071 3273.495964 -691.638992
v -824.475075 3275.761687 -690.924346
v -822.226858 3277.798179 -691.059626
v -821.038930 3277.202383 -696.273965
v -819.880152 3277.719726 -697.141397
v -818.883578 3277.889791 -698.299311
v -818.146758 3277.695930 -699.634362
v -817.741819 3277.157120 -701.015866
v -817.708397 3276.326104 -702.308592
v -818.049764 3275.284226 -703.385999
v -818.732506 3274.133474 -704.142622
v -819.689791 3272.986492 -704.504399
v -820.827911 3271.955552 -704.435916
v -822.035462 3271.141572 -703.943877
v -823.194239 3270.624229 -703.076445
v -824.190813 3270.454165 -701.918532
v -824.927632 3270.648026 -700.583482
v -825.332572 3271.186835 -699.201978
v -825.365994 3272.017851 -697.909252
v -825.024626 3273.059728 -696.831846
v -824.341885 3274.210480 -696.075222
v -823.384601 3275.357462 -695.713445
v -822.246480 3276.388401 -695.781928
v -782.933473 3233.363721 -672.877676
v -821.776305 3274.424741 -700.277591
vt 0.000000 0.050000
vt 0.050000 0.050000
vt 0.100000 0.050000
vt 0.150000 0.050000
vt 0.200000 0.050000
vt 0.250000 0.050000
vt 0.300000 0.050000
vt 0.350000 0.050000
vt 0.400000 0.050000
vt 0.450000 0.050000
vt 0.500000 0.050000
vt 0.550000 0.050000
vt 0.600000 0.050000
vt 0.650000 0.050000
vt 0.700000 0.050000
vt 0.750000 0.050000
vt 0.800000 0.050000
vt 0.850000 0.050000
vt 0.900000 0.050000
vt 0.950000 0.050000
vt 1.000000 0.050000
vt 0.000000 0.100000
vt 0.050000 0.100000
vt 0.100000 0.100000
vt 0.150000 0.100000
vt 0.200000 0.100000
vt 0.250000 0.100000
vt 0.300000 0.100000
vt 0.350000 0.100000
vt 0.400000 0.100000
vt 0.450000 0.100000
vt 0.500000 0.100000
vt 0.550000 0.100000
vt 0.600000 0.100000
vt 0.650000 0.100000
vt 0.700000 0.100000
vt 0.750000 0.100000
vt 0.800000 0.100000
vt 0.850000 0.100000
vt 0.900000 0.100000
vt 0.950000 0.100000
vt 1.000000 0.100000
vt 0.000000 0.150000
vt 0.050000 0.150000
vt 0.100000 0.150000
vt 0.150000 0.150000
vt 0.200000 0.150000
vt 0.250000 0.150000
vt 0.300000 0.150000
vt 0.350000 0.150000
vt 0.400000 0.150000
vt 0.450000 0.150000
vt 0.500000 0.150000
vt 0.550000 0.150000
vt 0.600000 0.150000
vt 0.650000 0.150000
vt 0.700000 0.150000
vt 0.750000 0.150000
vt 0.800000 0.150000
vt 0.850000 0.150000
vt 0.900000 0.150000
vt 0.950000 0.150000
vt 1.000000 0.150000
vt 0.000000 0.200000
vt 0.050000 0.200000
vt 0.100000 0.200000
vt 0.150000 0.200000
vt 0.200000 0.200000
vt 0.250000 0.200000
vt 0.300000 0.200000
vt 0.350000 0.200000
vt 0.400000 0.200000
vt 0.450000 0.200000
vt 0.500000 0.200000
vt 0.550000 0.200000
vt 0.600000 0.200000
vt 0.650000 0.200000
vt 0.700000 0.200000
vt 0.750000 0.200000
vt 0.800000 0.200000
vt 0.850000 0.200000
vt 0.900000 0.200000
vt 0.950000 0.200000
vt 1.000000 0.200000
vt 0.000000 0.250000
vt 0.050000 0.250000
vt 0.100000 0.250000
vt 0.150000 0.250000
vt 0.200000 0.250000
vt 0.250000 0.250000
vt 0.300000 0.250000
vt 0.350000 0.250000
vt 0.400000 0.250000
vt 0.450000 0.250000
vt 0.500000 0.250000
vt 0.550000 0.250000
vt 0.600000 0.250000
vt 0.650000 0.250000
vt 0.700000 0.250000
vt 0.750000 0.250000
vt 0.800000 0.250000
vt 0.850000 0.250000
vt 0.900000 0.250000
vt 0.950000 0.250000
vt 1.000000 0.250000
vt 0.000000 0.300000
vt 0.050000 0.300000
vt 0.100000 0.300000
vt 0.150000 0.300000
vt 0.200000 0.300000
vt 0.250000 0.300000
vt 0.300000 0.300000
vt 0.350000 0.300000
vt 0.400000 0.300000
vt 0.450000 0.300000
vt 0.500000 0.300000
vt 0.550000 0.300000
vt 0.600000 0.300000
vt 0.650000 0.300000
vt 0.700000 0.300000
vt 0.750000 0.300000
vt 0.800000 0.300000
vt 0.850000 0.300000
vt 0.900000 0.300000
vt 0.950000 0.300000
vt 1.000000 0.300000
vt 0.000000 0.350000
vt 0.050000 0.350000
vt 0.100000 0.350000
vt 0.150000 0.350000
vt 0.200000 0.350000
vt 0.250000 0.350000
vt 0.300000 0.350000
vt 0.350000 0.350000
vt 0.400000 0.350000
vt 0.450000 0.350000
vt 0.500000 0.350000
vt 0.550000 0.350000
vt 0.600000 0.350000
vt 0.650000 0.350000
vt 0.700000 0.350000
vt 0.750000 0.350000
vt 0.800000 0.350000
vt 0.850000 0.350000
vt 0.900000 0.350000
vt 0.950000 0.350000
vt 1.000000 0.350000
vt 0.000000 0.400000
vt 0.050000 0.400000
vt 0.100000 0.400000
vt 0.150000 0.400000
vt 0.200000 0.400000
vt 0.250000 0.400000
vt 0.300000 0.400000
vt 0.350000 0.400000
vt 0.400000 0.400000
vt 0.450000 0.400000
vt 0.500000 0.400000
vt 0.550000 0.400000
vt 0.600000 0.400000
vt 0.650000 0.400000
vt 0.700000 0.400000
vt 0.750000 0.400000
vt 0.800000 0.400000
vt 0.850000 0.400000
vt 0.900000 0.400000
vt 0.950000 0.400000
vt 1.000000 0.400000
vt 0.000000 0.450000
vt 0.050000 0.450000
vt 0.100000 0.450000
vt 0.150000 0.450000
vt 0.200000 0.450000
vt 0.250000 0.450000
vt 0.300000 0.450000
vt 0.350000 0.450000
vt 0.400000 0.450000
vt 0.450000 0.450000
vt 0.500000 0.450000
vt 0.550000 0.450000
vt 0.600000 0.450000
vt 0.650000 0.450000
vt 0.700000 0.450000
vt 0.750000 0.450000
vt 0.800000 0.450000
vt 0.850000 0.450000
vt 0.900000 0.450000
vt 0.950000 0.450000
vt 1.000000 0.450000
vt 0.000000 0.500000
vt 0.050000 0.500000
vt 0.100000 0.500000
vt 0.150000 0.500000
vt 0.200000 0.500000
vt 0.250000 0.500000
vt 0.300000 0.500000
vt 0.350000 0.500000
vt 0.400000 0.500000
vt 0.450000 0.500000
vt 0.500000 0.500000
vt 0.550000 0.500000
vt 0.600000 0.500000
vt 0.650000 0.500000
vt 0.700000 0.500000
vt 0.750000 0.500000
vt 0.800000 0.500000
vt 0.850000 0.500000
vt 0.900000 0.500000
vt 0.950000 0.500000
vt 1.000000 0.500000
vt 0.000000 0.550000
vt 0.050000 0.550000
vt 0.100000 0.550000
vt 0.150000 0.550000
vt 0.200000 0.550000
vt 0.250000 0.550000
vt 0.300000 0.550000
vt 0.350000 0.550000
vt 0.400000 0.550000
vt 0.450000 0.550000
vt 0.500000 0.550000
vt 0.550000 0.550000
vt 0.600000 0.550000
vt 0.650000 0.550000
vt 0.700000 0.550000
vt 0.750000 0.550000
vt 0.800000 0.550000
vt 0.850000 0.550000
vt 0.900000 0.550000
vt 0.950000 0.550000
vt 1.000000 0.550000
vt 0.000000 0.600000
vt 0.050000 0.600000
vt 0.100000 0.600000
vt 0.150000 0.600000
vt 0.200000 0.600000
vt 0.250000 0.600000
vt 0.300000 0.600000
vt 0.350000 0.600000
vt 0.400000 0.600000
vt 0.450000 0.600000
vt 0.500000 0.600000
vt 0.550000 0.600000
vt 0.600000 0.600000
vt 0.650000 0.600000
vt 0.700000 0.600000
vt 0.750000 0.600000
vt 0.800000 0.600000
vt 0.850000 0.600000
vt 0.900000 0.600000
vt 0.950000 0.600000
vt 1.000000 0.600000
vt 0.000000 0.650000
vt 0.050000 0.650000
vt 0.100000 0.650000
vt 0.150000 0.650000
vt 0.200000 0.650000
vt 0.250000 0.650000
vt 0.300000 0.650000
vt 0.350000 0.650000
vt 0.400000 0.650000
vt 0.450000 0.650000
vt 0.500000 0.650000
vt 0.550000 0.650000
vt 0.600000 0.650000
vt 0.650000 0.650000
vt 0.700000 0.650000
vt 0.750000 0.650000
vt 0.800000 0.650000
vt 0.850000 0.650000
vt 0.900000 0.650000
vt 0.950000 0.650000
vt 1.000000 0.650000
vt 0.000000 0.700000
vt 0.050000 0.700000
vt 0.100000 0.700000
vt 0.150000 0.700000
vt 0.200000 0.700000
vt 0.250000 0.700000
vt 0.300000 0.700000
vt 0.350000 0.700000
vt 0.400000 0.700000
vt 0.450000 0.700000
vt 0.500000 0.700000
vt 0.550000 0.700000
vt 0.600000 0.700000
vt 0.650000 0.700000
vt 0.700000 0.700000
vt 0.750000 0.700000
vt 0.800000 0.700000
vt 0.850000 0.700000
vt 0.900000 0.700000
vt 0.950000 0.700000
vt 1.000000 0.700000
vt 0.000000 0.750000
vt 0.050000 0.750000
vt 0.100000 0.750000
vt 0.150000 0.750000
vt 0.200000 0.750000
vt 0.250000 0.750000
vt 0.300000 0.750000
vt 0.350000 0.750000
vt 0.400000 0.750000
vt 0.450000 0.750000
vt 0.500000 0.750000
vt 0.550000 0.750000
vt 0.600000 0.750000
vt 0.650000 0.750000
vt 0.700000 0.750000
vt 0.750000 0.750000
vt 0.800000 0.750000
vt 0.850000 0.750000
vt 0.900000 0.750000
vt 0.950000 0.750000
vt 1.000000 0.750000
vt 0.000000 0.800000
vt 0.050000 0.800000
vt 0.100000 0.800000
vt 0.150000 0.800000
vt 0.200000 0.800000
vt 0.250000 0.800000
vt 0.300000 0.800000
vt 0.350000 0.800000
vt 0.400000 0.800000
vt 0.450000 0.800000
vt 0.500000 0.800000
vt 0.550000 0.800000
vt 0.600000 0.800000
vt 0.650000 0.800000
vt 0.700000 0.800000
vt 0.750000 0.800000
vt 0.800000 0.800000
vt 0.850000 0.800000
vt 0.900000 0.800000
vt 0.950000 0.800000
vt 1.000000 0.800000
vt 0.000000 0.850000
vt 0.050000 0.850000
vt 0.100000 0.850000
vt 0.150000 0.850000
vt 0.200000 0.850000
vt 0.250000 0.850000
vt 0.300000 0.850000
vt 0.350000 0.850000
vt 0.400000 0.850000
vt 0.450000 0.850000
vt 0.500000 0.850000
vt 0.550000 0.850000
vt 0.600000 0.850000
vt 0.650000 0.850000
vt 0.700000 0.850000
vt 0.750000 0.850000
vt 0.800000 0.850000
vt 0.850000 0.850000
vt 0.900000 0.850000
vt 0.950000 0.850000
vt 1.000000 0.850000
vt 0.000000 0.900000
vt 0.050000 0.900000
vt 0.100000 0.900000
vt 0.150000 0.900000
vt 0.200000 0.900000
vt 0.250000 0.900000
vt 0.300000 0.900000
vt 0.350000 0.900000
vt 0.400000 0.900000
vt 0.450000 0.900000
vt 0.500000 0.900000
vt 0.550000 0.900000
vt 0.600000 0.900000
vt 0.650000 0.900000
vt 0.700000 0.900000
vt 0.750000 0.900000
vt 0.800000 0.900000
vt 0.850000 0.900000
vt 0.900000 0.900000
vt 0.950000 0.900000
vt 1.000000 0.900000
vt 0.000000 0.950000
vt 0.050000 0.950000
vt 0.100000 0.950000
vt 0.150000 0.950000
vt 0.200000 0.950000
vt 0.250000 0.950000
vt 0.300000 0.950000
vt 0.350000 0.950000
vt 0.400000 0.950000
vt 0.450000 0.950000
vt 0.500000 0.950000
vt 0.550000 0.950000
vt 0.600000 0.950000
vt 0.650000 0.950000
vt 0.700000 0.950000
vt 0.750000 0.950000
vt 0.800000 0.950000
vt 0.850000 0.950000
vt 0.900000 0.950000
vt 0.950000 0.950000
vt 1.000000 0.950000
vt 0.025000 0.000000
vt 0.075000 0.000000
vt 0.125000 0.000000
vt 0.175000 0.000000
vt 0.225000 0.000000
vt 0.275000 0.000000
vt 0.325000 0.000000
vt 0.375000 0.000000
vt 0.425000 0.000000
vt 0.475000 0.000000
vt 0.525000 0.000000
vt 0.575000 0.000000
vt 0.625000 0.000000
vt 0.675000 0.000000
vt 0.725000 0.000000
vt 0.775000 0.000000
vt 0.825000 0.000000
vt 0.875000 0.000000
vt 0.925000 0.000000
vt 0.975000 0.000000
vt 0.025000 1.000000
vt 0.075000 1.000000
vt 0.125000 1.000000
vt 0.175000 1.000000
vt 0.225000 1.000000
vt 0.275000 1.000000
vt 0.325000 1.000000
vt 0.375000 1.000000
vt 0.425000 1.000000
vt 0.475000 1.000000
vt 0.525000 1.000000
vt 0.575000 1.000000
vt 0.625000 1.000000
vt 0.675000 1.000000
vt 0.725000 1.000000
vt 0.775000 1.000000
vt 0.825000 1.000000
vt 0.875000 1.000000
vt 0.925000 1.000000
vt 0.975000 1.000000
vn 0.626165 -0.516859 0.583759
vn 0.673421 -0.495761 0.548384
vn 0.695471 -0.375379 0.612708
vn 0.616795 -0.410504 0.671603
vn 0.714062 -0.488826 0.501163
vn 0.763134 -0.363833 0.534091
vn 0.744110 -0.496732 0.446719
vn 0.813161 -0.376995 0.443447
vn 0.760624 -0.518705 0.390379
vn 0.840654 -0.413578 0.349648
vn 0.761987 -0.552595 0.337661
vn 0.842924 -0.470000 0.261878
vn 0.748066 -0.595084 0.293723
vn 0.819746 -0.540739 0.188726
vn 0.720223 -0.642012 0.262867
vn 0.773391 -0.618870 0.137355
vn 0.681184 -0.688788 0.248113
vn 0.708396 -0.696745 0.112792
vn 0.634770 -0.730830 0.250906
vn 0.631122 -0.766742 0.117441
vn 0.585524 -0.764026 0.270972
vn 0.549134 -0.822007 0.150849
vn 0.538269 -0.785123 0.306347
vn 0.470459 -0.857133 0.209744
vn 0.497627 -0.792059 0.353568
vn 0.402795 -0.868679 0.288361
vn 0.467579 -0.784153 0.408013
vn 0.352768 -0.855517 0.379005
vn 0.451066 -0.762179 0.464352
vn 0.325275 -0.818934 0.472804
vn 0.449702 -0.728290 0.517070
vn 0.323005 -0.762512 0.560574
vn 0.463623 -0.685801 0.561008
vn 0.346183 -0.691773 0.633725
vn 0.491466 -0.638872 0.591864
vn 0.392538 -0.613642 0.685097
vn 0.530505 -0.592097 0.606618
vn 0.457533 -0.535766 0.709660
vn 0.576919 -0.550055 0.603825
vn 0.534807 -0.465770 0.705010
vn 0.704350 -0.236805 0.669189
vn 0.593321 -0.286375 0.752303
vn 0.799837 -0.220511 0.558243
vn 0.870436 -0.239086 0.430324
vn 0.909236 -0.290712 0.297954
vn 0.912438 -0.370336 0.174091
vn 0.879730 -0.470164 0.070858
vn 0.814312 -0.580425 -0.001638
vn 0.722589 -0.690324 -0.036302
vn 0.613540 -0.789104 -0.029740
vn 0.497837 -0.867096 0.017405
vn 0.386808 -0.916665 0.100518
vn 0.291321 -0.932960 0.211465
vn 0.220722 -0.914385 0.339384
vn 0.181922 -0.862759 0.471753
vn 0.178720 -0.783134 0.595617
vn 0.211428 -0.683306 0.698849
vn 0.276845 -0.573046 0.771346
vn 0.368569 -0.463147 0.806010
vn 0.477618 -0.364367 0.799448
vn 0.697112 -0.090105 0.711277
vn 0.555678 -0.153250 0.817151
vn 0.818748 -0.069348 0.569949
vn 0.908680 -0.093010 0.407001
vn 0.958105 -0.158774 0.238382
vn 0.962184 -0.260203 0.080600
vn 0.920519 -0.387368 -0.050902
vn 0.837187 -0.527822 -0.143252
vn 0.720347 -0.667817 -0.187408
vn 0.581434 -0.793647 -0.179049
vn 0.434047 -0.892997 -0.118994
vn 0.292614 -0.956141 -0.013120
vn 0.170978 -0.976898 0.128208
vn 0.081046 -0.953236 0.291157
vn 0.031621 -0.887472 0.459775
vn 0.027542 -0.786043 0.617558
vn 0.069207 -0.658878 0.749060
vn 0.152539 -0.518424 0.841409
vn 0.269379 -0.378429 0.885565
vn 0.408291 -0.252599 0.877207
vn 0.673379 0.059742 0.736880
vn 0.504665 -0.015582 0.863175
vn 0.818477 0.084503 0.568292
vn 0.925755 0.056278 0.373913
vn 0.984712 -0.022171 0.172772
vn 0.989579 -0.143164 -0.015445
vn 0.939877 -0.294858 -0.172311
vn 0.840472 -0.462402 -0.282472
vn 0.701095 -0.629399 -0.335146
vn 0.535389 -0.779500 -0.325175
vn 0.359574 -0.898012 -0.253536
vn 0.190860 -0.973336 -0.127241
vn 0.045763 -0.998096 0.041347
vn -0.061515 -0.969871 0.235725
vn -0.120473 -0.891422 0.436867
vn -0.125339 -0.770429 0.625083
vn -0.075637 -0.618736 0.781949
vn 0.023767 -0.451191 0.892111
vn 0.163144 -0.284194 0.944784
vn 0.328850 -0.134094 0.934814
vn 0.633561 0.208622 0.745035
vn 0.441496 0.122874 0.888810
vn 0.798740 0.236810 0.553115
vn 0.920866 0.204678 0.331834
vn 0.987983 0.115372 0.102854
vn 0.993523 -0.022367 -0.111412
vn 0.936942 -0.195055 -0.289989
vn 0.823780 -0.385789 -0.415397
vn 0.665112 -0.575898 -0.475360
vn 0.476472 -0.746773 -0.464009
vn 0.276324 -0.881687 -0.382455
vn 0.084261 -0.967436 -0.238681
vn -0.080919 -0.995623 -0.046760
vn -0.203045 -0.963491 0.174520
vn -0.270162 -0.874185 0.403500
vn -0.275702 -0.736447 0.617766
vn -0.219121 -0.563759 0.796343
vn -0.105959 -0.373025 0.921751
vn 0.052708 -0.182916 0.981715
vn 0.241348 -0.012041 0.970364
vn 0.578565 0.352732 0.735421
vn 0.367701 0.258590 0.893268
vn 0.759911 0.383678 0.524715
vn 0.893991 0.348401 0.281775
vn 0.967677 0.250354 0.030383
vn 0.973759 0.099134 -0.204855
vn 0.911640 -0.090457 -0.400911
vn 0.787402 -0.299859 -0.538593
vn 0.613205 -0.508576 -0.604426
vn 0.406101 -0.696176 -0.591964
vn 0.186363 -0.844296 -0.502427
vn -0.024500 -0.938437 -0.344581
vn -0.205847 -0.969384 -0.133875
vn -0.339926 -0.934107 0.109064
vn -0.413613 -0.836059 0.360457
vn -0.419695 -0.684839 0.595694
vn -0.357576 -0.495249 0.791750
vn -0.233338 -0.285846 0.929433
vn -0.059141 -0.077129 0.995266
vn 0.147963 0.110470 0.982804
vn 0.509700 0.488503 0.708217
vn 0.285066 0.388214 0.876372
vn 0.702889 0.521471 0.483751
vn 0.845724 0.483890 0.224947
vn 0.924223 0.379440 -0.042862
vn 0.930702 0.218345 -0.293461
vn 0.864527 0.016373 -0.502320
vn 0.732175 -0.206704 -0.648994
vn 0.546602 -0.429050 -0.719126
vn 0.325974 -0.628901 -0.705850
vn 0.091886 -0.786694 -0.610467
vn -0.132747 -0.886983 -0.442312
vn -0.325936 -0.919950 -0.217847
vn -0.468771 -0.882370 0.040957
vn -0.547270 -0.777920 0.308766
vn -0.553749 -0.616824 0.559366
vn -0.487574 -0.414853 0.768224
vn -0.355222 -0.191776 0.914899
vn -0.169649 0.030571 0.985030
vn 0.050978 0.230421 0.971755
vn 0.428619 0.612626 0.664059
vn 0.195586 0.508587 0.838502
vn 0.629032 0.646827 0.431201
vn 0.777208 0.607841 0.162720
vn 0.858642 0.499485 -0.115103
vn 0.865363 0.332366 -0.375073
vn 0.796713 0.122843 -0.591741
vn 0.659413 -0.108575 -0.743899
vn 0.466901 -0.339235 -0.816653
vn 0.238023 -0.546559 -0.802881
vn -0.004818 -0.710252 -0.703931
vn -0.237850 -0.814290 -0.529489
vn -0.438262 -0.848491 -0.296631
vn -0.586438 -0.809505 -0.028150
vn -0.667872 -0.701149 0.249673
vn -0.674593 -0.534031 0.509642
vn -0.605944 -0.324507 0.726311
vn -0.468643 -0.093089 0.878469
vn -0.276132 0.137571 0.951223
vn -0.047254 0.344894 0.937451
vn 0.337271 0.722100 0.604003
vn 0.101415 0.616801 0.780558
vn 0.540111 0.756715 0.368324
vn 0.690082 0.717257 0.096591
vn 0.772502 0.607589 -0.184597
vn 0.779305 0.438446 -0.447716
vn 0.709824 0.226384 -0.667009
vn 0.570860 -0.007837 -0.821010
vn 0.376017 -0.241291 -0.894645
vn 0.144366 -0.451126 -0.880706
vn -0.101416 -0.616802 -0.780558
vn -0.337271 -0.722100 -0.604003
vn -0.540111 -0.756715 -0.368324
vn -0.690082 -0.717257 -0.096591
vn -0.772502 -0.607589 0.184597
vn -0.779305 -0.438446 0.447716
vn -0.709824 -0.226385 0.667009
vn -0.570860 0.007837 0.821010
vn -0.376017 0.241291 0.894645
vn -0.144367 0.451125 0.880707
vn 0.237849 0.814290 0.529489
vn 0.004817 0.710251 0.703932
vn 0.438262 0.848491 0.296631
vn 0.586438 0.809505 0.028150
vn 0.667872 0.701149 -0.249673
vn 0.674593 0.534030 -0.509643
vn 0.605944 0.324507 -0.726311
vn 0.468643 0.093089 -0.878469
vn 0.276132 -0.137571 -0.951223
vn 0.047254 -0.344895 -0.937451
vn -0.195587 -0.508588 -0.838501
vn -0.428619 -0.612626 -0.664059
vn -0.629032 -0.646827 -0.431201
vn -0.777208 -0.607841 -0.162720
vn -0.858642 -0.499485 0.115103
vn -0.865363 -0.332366 0.375073
vn -0.796713 -0.122843 0.591741
vn -0.659413 0.108575 0.743899
vn -0.466901 0.339235 0.816653
vn -0.238024 0.546558 0.802881
vn 0.132747 0.886983 0.442312
vn -0.091887 0.786694 0.610467
vn 0.325936 0.919950 0.217847
vn 0.468771 0.882370 -0.040957
vn 0.547270 0.777920 -0.308766
vn 0.553749 0.616824 -0.559366
vn 0.487574 0.414853 -0.768225
vn 0.355222 0.191776 -0.914899
vn 0.169649 -0.030571 -0.985030
vn -0.050979 -0.230422 -0.971755
vn -0.285067 -0.388214 -0.876371
vn -0.509700 -0.488503 -0.708217
vn -0.702889 -0.521471 -0.483751
vn -0.845724 -0.483890 -0.224947
vn -0.924223 -0.379440 0.042862
vn -0.930702 -0.218345 0.293461
vn -0.864527 -0.016374 0.502320
vn -0.732175 0.206704 0.648994
vn -0.546602 0.429050 0.719126
vn -0.325974 0.628901 0.705851
vn 0.024500 0.938437 0.344581
vn -0.186363 0.844295 0.502428
vn 0.205847 0.969384 0.133875
vn 0.339926 0.934107 -0.109064
vn 0.413613 0.836059 -0.360457
vn 0.419695 0.684839 -0.595694
vn 0.357576 0.495249 -0.791750
vn 0.233338 0.285846 -0.929433
vn 0.059140 0.077130 -0.995266
vn -0.147964 -0.110471 -0.982804
vn -0.367702 -0.258591 -0.893267
vn -0.578565 -0.352732 -0.735421
vn -0.759911 -0.383678 -0.524715
vn -0.893990 -0.348402 -0.281776
vn -0.967677 -0.250354 -0.030383
vn -0.973759 -0.099134 0.204855
vn -0.911641 0.090456 0.400910
vn -0.787402 0.299859 0.538593
vn -0.613205 0.508575 0.604426
vn -0.406101 0.696175 0.591964
vn -0.084261 0.967436 0.238681
vn -0.276325 0.881687 0.382456
vn 0.080919 0.995623 0.046760
vn 0.203044 0.963491 -0.174520
vn 0.270162 0.874185 -0.403501
vn 0.275701 0.736447 -0.617766
vn 0.219121 0.563759 -0.796343
vn 0.105958 0.373025 -0.921751
vn -0.052709 0.182916 -0.981715
vn -0.241349 0.012041 -0.970364
vn -0.441497 -0.122874 -0.888810
vn -0.633561 -0.208622 -0.745035
vn -0.798740 -0.236810 -0.553115
vn -0.920865 -0.204678 -0.331834
vn -0.987983 -0.115372 -0.102854
vn -0.993523 0.022367 0.111412
vn -0.936942 0.195055 0.289989
vn -0.823780 0.385789 0.415397
vn -0.665112 0.575897 0.475360
vn -0.476473 0.746772 0.464010
vn -0.190861 0.973336 0.127241
vn -0.359575 0.898012 0.253536
vn -0.045763 0.998096 -0.041347
vn 0.061515 0.969871 -0.235725
vn 0.120473 0.891422 -0.436867
vn 0.125339 0.770429 -0.625083
vn 0.075637 0.618736 -0.781950
vn -0.023768 0.451191 -0.892111
vn -0.163144 0.284194 -0.944784
vn -0.328851 0.134093 -0.934814
vn -0.504665 0.015581 -0.863174
vn -0.673379 -0.059742 -0.736880
vn -0.818476 -0.084503 -0.568292
vn -0.925755 -0.056278 -0.373913
vn -0.984712 0.022171 -0.172772
vn -0.989579 0.143164 0.015445
vn -0.939877 0.294857 0.172311
vn -0.840472 0.462402 0.282473
vn -0.701095 0.629399 0.335146
vn -0.535389 0.779499 0.325175
vn -0.292614 0.956141 0.013120
vn -0.434048 0.892997 0.118994
vn -0.170978 0.976898 -0.128208
vn -0.081046 0.953236 -0.291157
vn -0.031621 0.887472 -0.459775
vn -0.027542 0.786043 -0.617558
vn -0.069207 0.658878 -0.749060
vn -0.152539 0.518424 -0.841409
vn -0.269379 0.378430 -0.885565
vn -0.408292 0.252599 -0.877207
vn -0.555679 0.153249 -0.817151
vn -0.697112 0.090105 -0.711277
vn -0.818748 0.069348 -0.569949
vn -0.908680 0.093010 -0.407001
vn -0.958105 0.158774 -0.238382
vn -0.962184 0.260203 -0.080600
vn -0.920519 0.387368 0.050903
vn -0.837187 0.527822 0.143252
vn -0.720347 0.667817 0.187408
vn -0.581435 0.793647 0.179050
vn -0.386808 0.916665 -0.100519
vn -0.497838 0.867096 -0.017405
vn -0.291321 0.932960 -0.211465
vn -0.220722 0.914385 -0.339384
vn -0.181923 0.862759 -0.471754
vn -0.178720 0.783134 -0.595617
vn -0.211428 0.683306 -0.698850
vn -0.276846 0.573046 -0.771346
vn -0.368569 0.463147 -0.806010
vn -0.477619 0.364367 -0.799448
vn -0.593321 0.286375 -0.752303
vn -0.704350 0.236805 -0.669189
vn -0.799837 0.220510 -0.558243
vn -0.870436 0.239085 -0.430324
vn -0.909236 0.290711 -0.297954
vn -0.912438 0.370336 -0.174091
vn -0.879730 0.470164 -0.070858
vn -0.814313 0.580424 0.001638
vn -0.722590 0.690324 0.036302
vn -0.613540 0.789103 0.029740
vn -0.470458 0.857133 -0.209744
vn -0.549135 0.822007 -0.150849
vn -0.402795 0.868679 -0.288361
vn -0.352769 0.855517 -0.379005
vn -0.325275 0.818934 -0.472804
vn -0.323006 0.762512 -0.560574
vn -0.346183 0.691773 -0.633725
vn -0.392538 0.613642 -0.685097
vn -0.457534 0.535766 -0.709660
vn -0.534807 0.465770 -0.705010
vn -0.616795 0.410504 -0.671603
vn -0.695471 0.375379 -0.612708
vn -0.763134 0.363832 -0.534091
vn -0.813161 0.376994 -0.443446
vn -0.840654 0.413577 -0.349648
vn -0.842924 0.470000 -0.261878
vn -0.819746 0.540739 -0.188726
vn -0.773391 0.618870 -0.137355
vn -0.708396 0.696745 -0.112792
vn -0.631122 0.766741 -0.117441
vn -0.538269 0.785123 -0.306347
vn -0.585525 0.764025 -0.270972
vn -0.497627 0.792059 -0.353568
vn -0.467579 0.784153 -0.408013
vn -0.451065 0.762180 -0.464352
vn -0.449702 0.728290 -0.517070
vn -0.463624 0.685801 -0.561008
vn -0.491467 0.638872 -0.591864
vn -0.530505 0.592097 -0.606618
vn -0.576919 0.550054 -0.603825
vn -0.626165 0.516859 -0.583759
vn -0.673421 0.495761 -0.548384
vn -0.714062 0.488826 -0.501163
vn -0.744110 0.496732 -0.446719
vn -0.760624 0.518705 -0.390380
vn -0.761987 0.552595 -0.337661
vn -0.748066 0.595084 -0.293723
vn -0.720222 0.642013 -0.262867
vn -0.681184 0.688788 -0.248113
vn -0.634770 0.730830 -0.250906
vn 0.618384 -0.653698 0.436211
vn -0.618384 0.653698 -0.436211
s 1
g group2 pSphere2 lolipop
usemtl initialShadingGroup
f 941/1468/1950 942/1469/1951 962/1490/1952 961/1489/1953
f 942/1469/1951 943/1470/1954 963/1491/1955 962/1490/1952
f 943/1470/1954 944/1471/1956 964/1492/1957 963/1491/1955
f 944/1471/1956 945/1472/1958 965/1493/1959 964/1492/1957
f 945/1472/1958 946/1473/1960 966/1494/1961 965/1493/1959
f 946/1473/1960 947/1474/1962 967/1495/1963 966/1494/1961
f 947/1474/1962 948/1475/1964 968/1496/1965 967/1495/1963
f 948/1475/1964 949/1476/1966 969/1497/1967 968/1496/1965
f 949/1476/1966 950/1477/1968 970/1498/1969 969/1497/1967
f 950/1477/1968 951/1478/1970 971/1499/1971 970/1498/1969
f 951/1478/1970 952/1479/1972 972/1500/1973 971/1499/1971
f 952/1479/1972 953/1480/1974 973/1501/1975 972/1500/1973
f 953/1480/1974 954/1481/1976 974/1502/1977 973/1501/1975
f 954/1481/1976 955/1482/1978 975/1503/1979 974/1502/1977
f 955/1482/1978 956/1483/1980 976/1504/1981 975/1503/1979
f 956/1483/1980 957/1484/1982 977/1505/1983 976/1504/1981
f 957/1484/1982 958/1485/1984 978/1506/1985 977/1505/1983
f 958/1485/1984 959/1486/1986 979/1507/1987 978/1506/1985
f 959/1486/1986 960/1487/1988 980/1508/1989 979/1507/1987
f 960/1487/1988 941/1488/1950 961/1509/1953 980/1508/1989
f 961/1489/1953 962/1490/1952 982/1511/1990 981/1510/1991
f 962/1490/1952 963/1491/1955 983/1512/1992 982/1511/1990
f 963/1491/1955 964/1492/1957 984/1513/1993 983/1512/1992
f 964/1492/1957 965/1493/1959 985/1514/1994 984/1513/1993
f 965/1493/1959 966/1494/1961 986/1515/1995 985/1514/1994
f 966/1494/1961 967/1495/1963 987/1516/1996 986/1515/1995
f 967/1495/1963 968/1496/1965 988/1517/1997 987/1516/1996
f 968/1496/1965 969/1497/1967 989/1518/1998 988/1517/1997
f 969/1497/1967 970/1498/1969 990/1519/1999 989/1518/1998
f 970/1498/1969 971/1499/1971 991/1520/2000 990/1519/1999
f 971/1499/1971 972/1500/1973 992/1521/2001 991/1520/2000
f 972/1500/1973 973/1501/1975 993/1522/2002 992/1521/2001
f 973/1501/1975 974/1502/1977 994/1523/2003 993/1522/2002
f 974/1502/1977 975/1503/1979 995/1524/2004 994/1523/2003
f 975/1503/1979 976/1504/1981 996/1525/2005 995/1524/2004
f 976/1504/1981 977/1505/1983 997/1526/2006 996/1525/2005
f 977/1505/1983 978/1506/1985 998/1527/2007 997/1526/2006
f 978/1506/1985 979/1507/1987 999/1528/2008 998/1527/2007
f 979/1507/1987 980/1508/1989 1000/1529/2009 999/1528/2008
f 980/1508/1989 961/1509/1953 981/1530/1991 1000/1529/2009
f 981/1510/1991 982/1511/1990 1002/1532/2010 1001/1531/2011
f 982/1511/1990 983/1512/1992 1003/1533/2012 1002/1532/2010
f 983/1512/1992 984/1513/1993 1004/1534/2013 1003/1533/2012
f 984/1513/1993 985/1514/1994 1005/1535/2014 1004/1534/2013
f 985/1514/1994 986/1515/1995 1006/1536/2015 1005/1535/2014
f 986/1515/1995 987/1516/1996 1007/1537/2016 1006/1536/2015
f 987/1516/1996 988/1517/1997 1008/1538/2017 1007/1537/2016
f 988/1517/1997 989/1518/1998 1009/1539/2018 1008/1538/2017
f 989/1518/1998 990/1519/1999 1010/1540/2019 1009/1539/2018
f 990/1519/1999 991/1520/2000 1011/1541/2020 1010/1540/2019
f 991/1520/2000 992/1521/2001 1012/1542/2021 1011/1541/2020
f 992/1521/2001 993/1522/2002 1013/1543/2022 1012/1542/2021
f 993/1522/2002 994/1523/2003 1014/1544/2023 1013/1543/2022
f 994/1523/2003 995/1524/2004 1015/1545/2024 1014/1544/2023
f 995/1524/2004 996/1525/2005 1016/1546/2025 1015/1545/2024
f 996/1525/2005 997/1526/2006 1017/1547/2026 1016/1546/2025
f 997/1526/2006 998/1527/2007 1018/1548/2027 1017/1547/2026
f 998/1527/2007 999/1528/2008 1019/1549/2028 1018/1548/2027
f 999/1528/2008 1000/1529/2009 1020/1550/2029 1019/1549/2028
f 1000/1529/2009 981/1530/1991 1001/1551/2011 1020/1550/2029
f 1001/1531/2011 1002/1532/2010 1022/1553/2030 1021/1552/2031
f 1002/1532/2010 1003/1533/2012 1023/1554/2032 1022/1553/2030
f 1003/1533/2012 1004/1534/2013 1024/1555/2033 1023/1554/2032
f 1004/1534/2013 1005/1535/2014 1025/1556/2034 1024/1555/2033
f 1005/1535/2014 1006/1536/2015 1026/1557/2035 1025/1556/2034
f 1006/1536/2015 1007/1537/2016 1027/1558/2036 1026/1557/2035
f 1007/1537/2016 1008/1538/2017 1028/1559/2037 1027/1558/2036
f 1008/1538/2017 1009/1539/2018 1029/1560/2038 1028/1559/2037
f 1009/1539/2018 1010/1540/2019 1030/1561/2039 1029/1560/2038
f 1010/1540/2019 1011/1541/2020 1031/1562/2040 1030/1561/2039
f 1011/1541/2020 1012/1542/2021 1032/1563/2041 1031/1562/2040
f 1012/1542/2021 1013/1543/2022 1033/1564/2042 1032/1563/2041
f 1013/1543/2022 1014/1544/2023 1034/1565/2043 1033/1564/2042
f 1014/1544/2023 1015/1545/2024 1035/1566/2044 1034/1565/2043
f 1015/1545/2024 1016/1546/2025 1036/1567/2045 1035/1566/2044
f 1016/1546/2025 1017/1547/2026 1037/1568/2046 1036/1567/2045
f 1017/1547/2026 1018/1548/2027 1038/1569/2047 1037/1568/2046
f 1018/1548/2027 1019/1549/2028 1039/1570/2048 1038/1569/2047
f 1019/1549/2028 1020/1550/2029 1040/1571/2049 1039/1570/2048
f 1020/1550/2029 1001/1551/2011 1021/1572/2031 1040/1571/2049
f 1021/1552/2031 1022/1553/2030 1042/1574/2050 1041/1573/2051
f 1022/1553/2030 1023/1554/2032 1043/1575/2052 1042/1574/2050
f 1023/1554/2032 1024/1555/2033 1044/1576/2053 1043/1575/2052
f 1024/1555/2033 1025/1556/2034 1045/1577/2054 1044/1576/2053
f 1025/1556/2034 1026/1557/2035 1046/1578/2055 1045/1577/2054
f 1026/1557/2035 1027/1558/2036 1047/1579/2056 1046/1578/2055
f 1027/1558/2036 1028/1559/2037 1048/1580/2057 1047/1579/2056
f 1028/1559/2037 1029/1560/2038 1049/1581/2058 1048/1580/2057
f 1029/1560/2038 1030/1561/2039 1050/1582/2059 1049/1581/2058
f 1030/1561/2039 1031/1562/2040 1051/1583/2060 1050/1582/2059
f 1031/1562/2040 1032/1563/2041 1052/1584/2061 1051/1583/2060
f 1032/1563/2041 1033/1564/2042 1053/1585/2062 1052/1584/2061
f 1033/1564/2042 1034/1565/2043 1054/1586/2063 1053/1585/2062
f 1034/1565/2043 1035/1566/2044 1055/1587/2064 1054/1586/2063
f 1035/1566/2044 1036/1567/2045 1056/1588/2065 1055/1587/2064
f 1036/1567/2045 1037/1568/2046 1057/1589/2066 1056/1588/2065
f 1037/1568/2046 1038/1569/2047 1058/1590/2067 1057/1589/2066
f 1038/1569/2047 1039/1570/2048 1059/1591/2068 1058/1590/2067
f 1039/1570/2048 1040/1571/2049 1060/1592/2069 1059/1591/2068
f 1040/1571/2049 1021/1572/2031 1041/1593/2051 1060/1592/2069
f 1041/1573/2051 1042/1574/2050 1062/1595/2070 1061/1594/2071
f 1042/1574/2050 1043/1575/2052 1063/1596/2072 1062/1595/2070
f 1043/1575/2052 1044/1576/2053 1064/1597/2073 1063/1596/2072
f 1044/1576/2053 1045/1577/2054 1065/1598/2074 1064/1597/2073
f 1045/1577/2054 1046/1578/2055 1066/1599/2075 1065/1598/2074
f 1046/1578/2055 1047/1579/2056 1067/1600/2076 1066/1599/2075
f 1047/1579/2056 1048/1580/2057 1068/1601/2077 1067/1600/2076
f 1048/1580/2057 1049/1581/2058 1069/1602/2078 1068/1601/2077
f 1049/1581/2058 1050/1582/2059 1070/1603/2079 1069/1602/2078
f 1050/1582/2059 1051/1583/2060 1071/1604/2080 1070/1603/2079
f 1051/1583/2060 1052/1584/2061 1072/1605/2081 1071/1604/2080
f 1052/1584/2061 1053/1585/2062 1073/1606/2082 1072/1605/2081
f 1053/1585/2062 1054/1586/2063 1074/1607/2083 1073/1606/2082
f 1054/1586/2063 1055/1587/2064 1075/1608/2084 1074/1607/2083
f 1055/1587/2064 1056/1588/2065 1076/1609/2085 1075/1608/2084
f 1056/1588/2065 1057/1589/2066 1077/1610/2086 1076/1609/2085
f 1057/1589/2066 1058/1590/2067 1078/1611/2087 1077/1610/2086
f 1058/1590/2067 1059/1591/2068 1079/1612/2088 1078/1611/2087
f 1059/1591/2068 1060/1592/2069 1080/1613/2089 1079/1612/2088
f 1060/1592/2069 1041/1593/2051 1061/1614/2071 1080/1613/2089
f 1061/1594/2071 1062/1595/2070 1082/1616/2090 1081/1615/2091
f 1062/1595/2070 1063/1596/2072 1083/1617/2092 1082/1616/2090
f 1063/1596/2072 1064/1597/2073 1084/1618/2093 1083/1617/2092
f 1064/1597/2073 1065/1598/2074 1085/1619/2094 1084/1618/2093
f 1065/1598/2074 1066/1599/2075 1086/1620/2095 1085/1619/2094
f 1066/1599/2075 1067/1600/2076 1087/1621/2096 1086/1620/2095
f 1067/1600/2076 1068/1601/2077 1088/1622/2097 1087/1621/2096
f 1068/1601/2077 1069/1602/2078 1089/1623/2098 1088/1622/2097
f 1069/1602/2078 1070/1603/2079 1090/1624/2099 1089/1623/2098
f 1070/1603/2079 1071/1604/2080 1091/1625/2100 1090/1624/2099
f 1071/1604/2080 1072/1605/2081 1092/1626/2101 1091/1625/2100
f 1072/1605/2081 1073/1606/2082 1093/1627/2102 1092/1626/2101
f 1073/1606/2082 1074/1607/2083 1094/1628/2103 1093/1627/2102
f 1074/1607/2083 1075/1608/2084 1095/1629/2104 1094/1628/2103
f 1075/1608/2084 1076/1609/2085 1096/1630/2105 1095/1629/2104
f 1076/1609/2085 1077/1610/2086 1097/1631/2106 1096/1630/2105
f 1077/1610/2086 1078/1611/2087 1098/1632/2107 1097/1631/2106
f 1078/1611/2087 1079/1612/2088 1099/1633/2108 1098/1632/2107
f 1079/1612/2088 1080/1613/2089 1100/1634/2109 1099/1633/2108
f 1080/1613/2089 1061/1614/2071 1081/1635/2091 1100/1634/2109
f 1081/1615/2091 1082/1616/2090 1102/1637/2110 1101/1636/2111
f 1082/1616/2090 1083/1617/2092 1103/1638/2112 1102/1637/2110
f 1083/1617/2092 1084/1618/2093 1104/1639/2113 1103/1638/2112
f 1084/1618/2093 1085/1619/2094 1105/1640/2114 1104/1639/2113
f 1085/1619/2094 1086/1620/2095 1106/1641/2115 1105/1640/2114
f 1086/1620/2095 1087/1621/2096 1107/1642/2116 1106/1641/2115
f 1087/1621/2096 1088/1622/2097 1108/1643/2117 1107/1642/2116
f 1088/1622/2097 1089/1623/2098 1109/1644/2118 1108/1643/2117
f 1089/1623/2098 1090/1624/2099 1110/1645/2119 1109/1644/2118
f 1090/1624/2099 1091/1625/2100 1111/1646/2120 1110/1645/2119
f 1091/1625/2100 1092/1626/2101 1112/1647/2121 1111/1646/2120
f 1092/1626/2101 1093/1627/2102 1113/1648/2122 1112/1647/2121
f 1093/1627/2102 1094/1628/2103 1114/1649/2123 1113/1648/2122
f 1094/1628/2103 1095/1629/2104 1115/1650/2124 1114/1649/2123
f 1095/1629/2104 1096/1630/2105 1116/1651/2125 1115/1650/2124
f 1096/1630/2105 1097/1631/2106 1117/1652/2126 1116/1651/2125
f 1097/1631/2106 1098/1632/2107 1118/1653/2127 1117/1652/2126
f 1098/1632/2107 1099/1633/2108 1119/1654/2128 1118/1653/2127
f 1099/1633/2108 1100/1634/2109 1120/1655/2129 1119/1654/2128
f 1100/1634/2109 1081/1635/2091 1101/1656/2111 1120/1655/2129
f 1101/1636/2111 1102/1637/2110 1122/1658/2130 1121/1657/2131
f 1102/1637/2110 1103/1638/2112 1123/1659/2132 1122/1658/2130
f 1103/1638/2112 1104/1639/2113 1124/1660/2133 1123/1659/2132
f 1104/1639/2113 1105/1640/2114 1125/1661/2134 1124/1660/2133
f 1105/1640/2114 1106/1641/2115 1126/1662/2135 1125/1661/2134
f 1106/1641/2115 1107/1642/2116 1127/1663/2136 1126/1662/2135
f 1107/1642/2116 1108/1643/2117 1128/1664/2137 1127/1663/2136
f 1108/1643/2117 1109/1644/2118 1129/1665/2138 1128/1664/2137
f 1109/1644/2118 1110/1645/2119 1130/1666/2139 1129/1665/2138
f 1110/1645/2119 1111/1646/2120 1131/1667/2140 1130/1666/2139
f 1111/1646/2120 1112/1647/2121 1132/1668/2141 1131/1667/2140
f 1112/1647/2121 1113/1648/2122 1133/1669/2142 1132/1668/2141
f 1113/1648/2122 1114/1649/2123 1134/1670/2143 1133/1669/2142
f 1114/1649/2123 1115/1650/2124 1135/1671/2144 1134/1670/2143
f 1115/1650/2124 1116/1651/2125 1136/1672/2145 1135/1671/2144
f 1116/1651/2125 1117/1652/2126 1137/1673/2146 1136/1672/2145
f 1117/1652/2126 1118/1653/2127 1138/1674/2147 1137/1673/2146
f 1118/1653/2127 1119/1654/2128 1139/1675/2148 1138/1674/2147
f 1119/1654/2128 1120/1655/2129 1140/1676/2149 1139/1675/2148
f 1120/1655/2129 1101/1656/2111 1121/1677/2131 1140/1676/2149
f 1121/1657/2131 1122/1658/2130 1142/1679/2150 1141/1678/2151
f 1122/1658/2130 1123/1659/2132 1143/1680/2152 1142/1679/2150
f 1123/1659/2132 1124/1660/2133 1144/1681/2153 1143/1680/2152
f 1124/1660/2133 1125/1661/2134 1145/1682/2154 1144/1681/2153
f 1125/1661/2134 1126/1662/2135 1146/1683/2155 1145/1682/2154
f 1126/1662/2135 1127/1663/2136 1147/1684/2156 1146/1683/2155
f 1127/1663/2136 1128/1664/2137 1148/1685/2157 1147/1684/2156
f 1128/1664/2137 1129/1665/2138 1149/1686/2158 1148/1685/2157
f 1129/1665/2138 1130/1666/2139 1150/1687/2159 1149/1686/2158
f 1130/1666/2139 1131/1667/2140 1151/1688/2160 1150/1687/2159
f 1131/1667/2140 1132/1668/2141 1152/1689/2161 1151/1688/2160
f 1132/1668/2141 1133/1669/2142 1153/1690/2162 1152/1689/2161
f 1133/1669/2142 1134/1670/2143 1154/1691/2163 1153/1690/2162
f 1134/1670/2143 1135/1671/2144 1155/1692/2164 1154/1691/2163
f 1135/1671/2144 1136/1672/2145 1156/1693/2165 1155/1692/2164
f 1136/1672/2145 1137/1673/2146 1157/1694/2166 1156/1693/2165
f 1137/1673/2146 1138/1674/2147 1158/1695/2167 1157/1694/2166
f 1138/1674/2147 1139/1675/2148 1159/1696/2168 1158/1695/2167
f 1139/1675/2148 1140/1676/2149 1160/1697/2169 1159/1696/2168
f 1140/1676/2149 1121/1677/2131 1141/1698/2151 1160/1697/2169
f 1141/1678/2151 1142/1679/2150 1162/1700/2170 1161/1699/2171
f 1142/1679/2150 1143/1680/2152 1163/1701/2172 1162/1700/2170
f 1143/1680/2152 1144/1681/2153 1164/1702/2173 1163/1701/2172
f 1144/1681/2153 1145/1682/2154 1165/1703/2174 1164/1702/2173
f 1145/1682/2154 1146/1683/2155 1166/1704/2175 1165/1703/2174
f 1146/1683/2155 1147/1684/2156 1167/1705/2176 1166/1704/2175
f 1147/1684/2156 1148/1685/2157 1168/1706/2177 1167/1705/2176
f 1148/1685/2157 1149/1686/2158 1169/1707/2178 1168/1706/2177
f 1149/1686/2158 1150/1687/2159 1170/1708/2179 1169/1707/2178
f 1150/1687/2159 1151/1688/2160 1171/1709/2180 1170/1708/2179
f 1151/1688/2160 1152/1689/2161 1172/1710/2181 1171/1709/2180
f 1152/1689/2161 1153/1690/2162 1173/1711/2182 1172/1710/2181
f 1153/1690/2162 1154/1691/2163 1174/1712/2183 1173/1711/2182
f 1154/1691/2163 1155/1692/2164 1175/1713/2184 1174/1712/2183
f 1155/1692/2164 1156/1693/2165 1176/1714/2185 1175/1713/2184
f 1156/1693/2165 1157/1694/2166 1177/1715/2186 1176/1714/2185
f 1157/1694/2166 1158/1695/2167 1178/1716/2187 1177/1715/2186
f 1158/1695/2167 1159/1696/2168 1179/1717/2188 1178/1716/2187
f 1159/1696/2168 1160/1697/2169 1180/1718/2189 1179/1717/2188
f 1160/1697/2169 1141/1698/2151 1161/1719/2171 1180/1718/2189
f 1161/1699/2171 1162/1700/2170 1182/1721/2190 1181/1720/2191
f 1162/1700/2170 1163/1701/2172 1183/1722/2192 1182/1721/2190
f 1163/1701/2172 1164/1702/2173 1184/1723/2193 1183/1722/2192
f 1164/1702/2173 1165/1703/2174 1185/1724/2194 1184/1723/2193
f 1165/1703/2174 1166/1704/2175 1186/1725/2195 1185/1724/2194
f 1166/1704/2175 1167/1705/2176 1187/1726/2196 1186/1725/2195
f 1167/1705/2176 1168/1706/2177 1188/1727/2197 1187/1726/2196
f 1168/1706/2177 1169/1707/2178 1189/1728/2198 1188/1727/2197
f 1169/1707/2178 1170/1708/2179 1190/1729/2199 1189/1728/2198
f 1170/1708/2179 1171/1709/2180 1191/1730/2200 1190/1729/2199
f 1171/1709/2180 1172/1710/2181 1192/1731/2201 1191/1730/2200
f 1172/1710/2181 1173/1711/2182 1193/1732/2202 1192/1731/2201
f 1173/1711/2182 1174/1712/2183 1194/1733/2203 1193/1732/2202
f 1174/1712/2183 1175/1713/2184 1195/1734/2204 1194/1733/2203
f 1175/1713/2184 1176/1714/2185 1196/1735/2205 1195/1734/2204
f 1176/1714/2185 1177/1715/2186 1197/1736/2206 1196/1735/2205
f 1177/1715/2186 1178/1716/2187 1198/1737/2207 1197/1736/2206
f 1178/1716/2187 1179/1717/2188 1199/1738/2208 1198/1737/2207
f 1179/1717/2188 1180/1718/2189 1200/1739/2209 1199/1738/2208
f 1180/1718/2189 1161/1719/2171 1181/1740/2191 1200/1739/2209
f 1181/1720/2191 1182/1721/2190 1202/1742/2210 1201/1741/2211
f 1182/1721/2190 1183/1722/2192 1203/1743/2212 1202/1742/2210
f 1183/1722/2192 1184/1723/2193 1204/1744/2213 1203/1743/2212
f 1184/1723/2193 1185/1724/2194 1205/1745/2214 1204/1744/2213
f 1185/1724/2194 1186/1725/2195 1206/1746/2215 1205/1745/2214
f 1186/1725/2195 1187/1726/2196 1207/1747/2216 1206/1746/2215
f 1187/1726/2196 1188/1727/2197 1208/1748/2217 1207/1747/2216
f 1188/1727/2197 1189/1728/2198 1209/1749/2218 1208/1748/2217
f 1189/1728/2198 1190/1729/2199 1210/1750/2219 1209/1749/2218
f 1190/1729/2199 1191/1730/2200 1211/1751/2220 1210/1750/2219
f 1191/1730/2200 1192/1731/2201 1212/1752/2221 1211/1751/2220
f 1192/1731/2201 1193/1732/2202 1213/1753/2222 1212/1752/2221
f 1193/1732/2202 1194/1733/2203 1214/1754/2223 1213/1753/2222
f 1194/1733/2203 1195/1734/2204 1215/1755/2224 1214/1754/2223
f 1195/1734/2204 1196/1735/2205 1216/1756/2225 1215/1755/2224
f 1196/1735/2205 1197/1736/2206 1217/1757/2226 1216/1756/2225
f 1197/1736/2206 1198/1737/2207 1218/1758/2227 1217/1757/2226
f 1198/1737/2207 1199/1738/2208 1219/1759/2228 1218/1758/2227
f 1199/1738/2208 1200/1739/2209 1220/1760/2229 1219/1759/2228
f 1200/1739/2209 1181/1740/2191 1201/1761/2211 1220/1760/2229
f 1201/1741/2211 1202/1742/2210 1222/1763/2230 1221/1762/2231
f 1202/1742/2210 1203/1743/2212 1223/1764/2232 1222/1763/2230
f 1203/1743/2212 1204/1744/2213 1224/1765/2233 1223/1764/2232
f 1204/1744/2213 1205/1745/2214 1225/1766/2234 1224/1765/2233
f 1205/1745/2214 1206/1746/2215 1226/1767/2235 1225/1766/2234
f 1206/1746/2215 1207/1747/2216 1227/1768/2236 1226/1767/2235
f 1207/1747/2216 1208/1748/2217 1228/1769/2237 1227/1768/2236
f 1208/1748/2217 1209/1749/2218 1229/1770/2238 1228/1769/2237
f 1209/1749/2218 1210/1750/2219 1230/1771/2239 1229/1770/2238
f 1210/1750/2219 1211/1751/2220 1231/1772/2240 1230/1771/2239
f 1211/1751/2220 1212/1752/2221 1232/1773/2241 1231/1772/2240
f 1212/1752/2221 1213/1753/2222 1233/1774/2242 1232/1773/2241
f 1213/1753/2222 1214/1754/2223 1234/1775/2243 1233/1774/2242
f 1214/1754/2223 1215/1755/2224 1235/1776/2244 1234/1775/2243
f 1215/1755/2224 1216/1756/2225 1236/1777/2245 1235/1776/2244
f 1216/1756/2225 1217/1757/2226 1237/1778/2246 1236/1777/2245
f 1217/1757/2226 1218/1758/2227 1238/1779/2247 1237/1778/2246
f 1218/1758/2227 1219/1759/2228 1239/1780/2248 1238/1779/2247
f 1219/1759/2228 1220/1760/2229 1240/1781/2249 1239/1780/2248
f 1220/1760/2229 1201/1761/2211 1221/1782/2231 1240/1781/2249
f 1221/1762/2231 1222/1763/2230 1242/1784/2250 1241/1783/2251
f 1222/1763/2230 1223/1764/2232 1243/1785/2252 1242/1784/2250
f 1223/1764/2232 1224/1765/2233 1244/1786/2253 1243/1785/2252
f 1224/1765/2233 1225/1766/2234 1245/1787/2254 1244/1786/2253
f 1225/1766/2234 1226/1767/2235 1246/1788/2255 1245/1787/2254
f 1226/1767/2235 1227/1768/2236 1247/1789/2256 1246/1788/2255
f 1227/1768/2236 1228/1769/2237 1248/1790/2257 1247/1789/2256
f 1228/1769/2237 1229/1770/2238 1249/1791/2258 1248/1790/2257
f 1229/1770/2238 1230/1771/2239 1250/1792/2259 1249/1791/2258
f 1230/1771/2239 1231/1772/2240 1251/1793/2260 1250/1792/2259
f 1231/1772/2240 1232/1773/2241 1252/1794/2261 1251/1793/2260
f 1232/1773/2241 1233/1774/2242 1253/1795/2262 1252/1794/2261
f 1233/1774/2242 1234/1775/2243 1254/1796/2263 1253/1795/2262
f 1234/1775/2243 1235/1776/2244 1255/1797/2264 1254/1796/2263
f 1235/1776/2244 1236/1777/2245 1256/1798/2265 1255/1797/2264
f 1236/1777/2245 1237/1778/2246 1257/1799/2266 1256/1798/2265
f 1237/1778/2246 1238/1779/2247 1258/1800/2267 1257/1799/2266
f 1238/1779/2247 1239/1780/2248 1259/1801/2268 1258/1800/2267
f 1239/1780/2248 1240/1781/2249 1260/1802/2269 1259/1801/2268
f 1240/1781/2249 1221/1782/2231 1241/1803/2251 1260/1802/2269
f 1241/1783/2251 1242/1784/2250 1262/1805/2270 1261/1804/2271
f 1242/1784/2250 1243/1785/2252 1263/1806/2272 1262/1805/2270
f 1243/1785/2252 1244/1786/2253 1264/1807/2273 1263/1806/2272
f 1244/1786/2253 1245/1787/2254 1265/1808/2274 1264/1807/2273
f 1245/1787/2254 1246/1788/2255 1266/1809/2275 1265/1808/2274
f 1246/1788/2255 1247/1789/2256 1267/1810/2276 1266/1809/2275
f 1247/1789/2256 1248/1790/2257 1268/1811/2277 1267/1810/2276
f 1248/1790/2257 1249/1791/2258 1269/1812/2278 1268/1811/2277
f 1249/1791/2258 1250/1792/2259 1270/1813/2279 1269/1812/2278
f 1250/1792/2259 1251/1793/2260 1271/1814/2280 1270/1813/2279
f 1251/1793/2260 1252/1794/2261 1272/1815/2281 1271/1814/2280
f 1252/1794/2261 1253/1795/2262 1273/1816/2282 1272/1815/2281
f 1253/1795/2262 1254/1796/2263 1274/1817/2283 1273/1816/2282
f 1254/1796/2263 1255/1797/2264 1275/1818/2284 1274/1817/2283
f 1255/1797/2264 1256/1798/2265 1276/1819/2285 1275/1818/2284
f 1256/1798/2265 1257/1799/2266 1277/1820/2286 1276/1819/2285
f 1257/1799/2266 1258/1800/2267 1278/1821/2287 1277/1820/2286
f 1258/1800/2267 1259/1801/2268 1279/1822/2288 1278/1821/2287
f 1259/1801/2268 1260/1802/2269 1280/1823/2289 1279/1822/2288
f 1260/1802/2269 1241/1803/2251 1261/1824/2271 1280/1823/2289
f 1261/1804/2271 1262/1805/2270 1282/1826/2290 1281/1825/2291
f 1262/1805/2270 1263/1806/2272 1283/1827/2292 1282/1826/2290
f 1263/1806/2272 1264/1807/2273 1284/1828/2293 1283/1827/2292
f 1264/1807/2273 1265/1808/2274 1285/1829/2294 1284/1828/2293
f 1265/1808/2274 1266/1809/2275 1286/1830/2295 1285/1829/2294
f 1266/1809/2275 1267/1810/2276 1287/1831/2296 1286/1830/2295
f 1267/1810/2276 1268/1811/2277 1288/1832/2297 1287/1831/2296
f 1268/1811/2277 1269/1812/2278 1289/1833/2298 1288/1832/2297
f 1269/1812/2278 1270/1813/2279 1290/1834/2299 1289/1833/2298
f 1270/1813/2279 1271/1814/2280 1291/1835/2300 1290/1834/2299
f 1271/1814/2280 1272/1815/2281 1292/1836/2301 1291/1835/2300
f 1272/1815/2281 1273/1816/2282 1293/1837/2302 1292/1836/2301
f 1273/1816/2282 1274/1817/2283 1294/1838/2303 1293/1837/2302
f 1274/1817/2283 1275/1818/2284 1295/1839/2304 1294/1838/2303
f 1275/1818/2284 1276/1819/2285 1296/1840/2305 1295/1839/2304
f 1276/1819/2285 1277/1820/2286 1297/1841/2306 1296/1840/2305
f 1277/1820/2286 1278/1821/2287 1298/1842/2307 1297/1841/2306
f 1278/1821/2287 1279/1822/2288 1299/1843/2308 1298/1842/2307
f 1279/1822/2288 1280/1823/2289 1300/1844/2309 1299/1843/2308
f 1280/1823/2289 1261/1824/2271 1281/1845/2291 1300/1844/2309
f 1281/1825/2291 1282/1826/2290 1302/1847/2310 1301/1846/2311
f 1282/1826/2290 1283/1827/2292 1303/1848/2312 1302/1847/2310
f 1283/1827/2292 1284/1828/2293 1304/1849/2313 1303/1848/2312
f 1284/1828/2293 1285/1829/2294 1305/1850/2314 1304/1849/2313
f 1285/1829/2294 1286/1830/2295 1306/1851/2315 1305/1850/2314
f 1286/1830/2295 1287/1831/2296 1307/1852/2316 1306/1851/2315
f 1287/1831/2296 1288/1832/2297 1308/1853/2317 1307/1852/2316
f 1288/1832/2297 1289/1833/2298 1309/1854/2318 1308/1853/2317
f 1289/1833/2298 1290/1834/2299 1310/1855/2319 1309/1854/2318
f 1290/1834/2299 1291/1835/2300 1311/1856/2320 1310/1855/2319
f 1291/1835/2300 1292/1836/2301 1312/1857/2321 1311/1856/2320
f 1292/1836/2301 1293/1837/2302 1313/1858/2322 1312/1857/2321
f 1293/1837/2302 1294/1838/2303 1314/1859/2323 1313/1858/2322
f 1294/1838/2303 1295/1839/2304 1315/1860/2324 1314/1859/2323
f 1295/1839/2304 1296/1840/2305 1316/1861/2325 1315/1860/2324
f 1296/1840/2305 1297/1841/2306 1317/1862/2326 1316/1861/2325
f 1297/1841/2306 1298/1842/2307 1318/1863/2327 1317/1862/2326
f 1298/1842/2307 1299/1843/2308 1319/1864/2328 1318/1863/2327
f 1299/1843/2308 1300/1844/2309 1320/1865/2329 1319/1864/2328
f 1300/1844/2309 1281/1845/2291 1301/1866/2311 1320/1865/2329
f 942/1469/1951 941/1468/1950 1321/1867/2330
f 943/1470/1954 942/1469/1951 1321/1868/2330
f 944/1471/1956 943/1470/1954 1321/1869/2330
f 945/1472/1958 944/1471/1956 1321/1870/2330
f 946/1473/1960 945/1472/1958 1321/1871/2330
f 947/1474/1962 946/1473/1960 1321/1872/2330
f 948/1475/1964 947/1474/1962 1321/1873/2330
f 949/1476/1966 948/1475/1964 1321/1874/2330
f 950/1477/1968 949/1476/1966 1321/1875/2330
f 951/1478/1970 950/1477/1968 1321/1876/2330
f 952/1479/1972 951/1478/1970 1321/1877/2330
f 953/1480/1974 952/1479/1972 1321/1878/2330
f 954/1481/1976 953/1480/1974 1321/1879/2330
f 955/1482/1978 954/1481/1976 1321/1880/2330
f 956/1483/1980 955/1482/1978 1321/1881/2330
f 957/1484/1982 956/1483/1980 1321/1882/2330
f 958/1485/1984 957/1484/1982 1321/1883/2330
f 959/1486/1986 958/1485/1984 1321/1884/2330
f 960/1487/1988 959/1486/1986 1321/1885/2330
f 941/1488/1950 960/1487/1988 1321/1886/2330
f 1301/1846/2311 1302/1847/2310 1322/1887/2331
f 1302/1847/2310 1303/1848/2312 1322/1888/2331
f 1303/1848/2312 1304/1849/2313 1322/1889/2331
f 1304/1849/2313 1305/1850/2314 1322/1890/2331
f 1305/1850/2314 1306/1851/2315 1322/1891/2331
f 1306/1851/2315 1307/1852/2316 1322/1892/2331
f 1307/1852/2316 1308/1853/2317 1322/1893/2331
f 1308/1853/2317 1309/1854/2318 1322/1894/2331
f 1309/1854/2318 1310/1855/2319 1322/1895/2331
f 1310/1855/2319 1311/1856/2320 1322/1896/2331
f 1311/1856/2320 1312/1857/2321 1322/1897/2331
f 1312/1857/2321 1313/1858/2322 1322/1898/2331
f 1313/1858/2322 1314/1859/2323 1322/1899/2331
f 1314/1859/2323 1315/1860/2324 1322/1900/2331
f 1315/1860/2324 1316/1861/2325 1322/1901/2331
f 1316/1861/2325 1317/1862/2326 1322/1902/2331
f 1317/1862/2326 1318/1863/2327 1322/1903/2331
f 1318/1863/2327 1319/1864/2328 1322/1904/2331
f 1319/1864/2328 1320/1865/2329 1322/1905/2331
f 1320/1865/2329 1301/1866/2311 1322/1906/2331
g default
v -819.763206 3275.853807 -695.374063
v -818.604428 3276.371150 -696.241495
v -817.607854 3276.541215 -697.399409
v -816.871034 3276.347354 -698.734460
v -816.466095 3275.808544 -700.115964
v -816.432673 3274.977527 -701.408690
v -816.774040 3273.935650 -702.486097
v -817.456782 3272.784898 -703.242720
v -818.414067 3271.637915 -703.604497
v -819.552187 3270.606976 -703.536015
v -820.759738 3269.792996 -703.043975
v -821.918515 3269.275653 -702.176544
v -822.915089 3269.105588 -701.018630
v -823.651908 3269.299449 -699.683580
v -824.056848 3269.838259 -698.302076
v -824.090270 3270.669275 -697.009351
v -823.748902 3271.711152 -695.931944
v -823.066161 3272.861903 -695.175321
v -822.108877 3274.008886 -694.813544
v -820.970756 3275.039825 -694.882027
v -819.988650 3279.561664 -692.135391
v -817.699629 3280.583611 -693.848895
v -815.731019 3280.919553 -696.136211
v -814.275523 3280.536605 -698.773440
v -813.475614 3279.472252 -701.502431
v -813.409593 3277.830682 -704.056052
v -814.083924 3275.772581 -706.184336
v -815.432596 3273.499413 -707.678952
v -817.323592 3271.233690 -708.393598
v -819.571810 3269.197198 -708.258317
v -821.957177 3267.589280 -707.286355
v -824.246198 3266.567333 -705.572851
v -826.214807 3266.231391 -703.285536
v -827.670302 3266.614339 -700.648309
v -828.470210 3267.678691 -697.919319
v -828.536231 3269.320261 -695.365699
v -827.861902 3271.378360 -693.237416
v -826.513231 3273.651528 -691.742799
v -824.622234 3275.917251 -691.028153
v -822.374017 3277.953743 -691.163433
v -820.693145 3283.602908 -689.404080
v -817.330242 3285.104297 -691.921464
v -814.438071 3285.597844 -695.281861
v -812.299738 3285.035237 -699.156330
v -811.124557 3283.471550 -703.165611
v -811.027562 3281.059846 -706.917249
v -812.018250 3278.036200 -710.044005
v -813.999644 3274.696589 -712.239811
v -816.777791 3271.367915 -713.289729
v -820.080746 3268.376013 -713.090984
v -823.585195 3266.013751 -711.663031
v -826.948096 3264.512364 -709.145646
v -829.840266 3264.018817 -705.785250
v -831.978599 3264.581423 -701.910783
v -833.153780 3266.145109 -697.901504
v -833.250774 3268.556812 -694.149868
v -832.260087 3271.580456 -691.023113
v -830.278694 3274.920067 -688.827306
v -827.500548 3278.248740 -687.777388
v -824.197593 3281.240641 -687.976134
v -821.859342 3287.878030 -687.247384
v -817.505364 3289.821890 -690.506663
v -813.760847 3290.460889 -694.857396
v -810.992329 3289.732478 -699.873704
v -809.470812 3287.707959 -705.064552
v -809.345233 3284.585507 -709.921828
v -810.627885 3280.670768 -713.970065
v -813.193212 3276.346945 -716.812993
v -816.790102 3272.037284 -718.172330
v -821.066465 3268.163645 -717.915012
v -825.603703 3265.105204 -716.066230
v -829.957678 3263.161346 -712.806952
v -833.702195 3262.522347 -708.456221
v -836.470712 3263.250757 -703.439916
v -837.992228 3265.275275 -698.249069
v -838.117808 3268.397725 -693.391796
v -836.835157 3272.312462 -689.343560
v -834.269831 3276.636284 -686.500630
v -830.672943 3280.945944 -685.141294
v -826.396580 3284.819583 -685.398611
v -823.458527 3292.281763 -685.718409
v -818.220684 3294.620230 -689.639328
v -813.716022 3295.388947 -694.873268
v -810.385489 3294.512668 -700.907895
v -808.555102 3292.077168 -707.152496
v -808.404030 3288.320852 -712.995808
v -809.947063 3283.611413 -717.865844
v -813.033156 3278.409847 -721.285893
v -817.360221 3273.225315 -722.921179
v -822.504694 3268.565319 -722.611625
v -827.963000 3264.886010 -720.387536
v -833.200841 3262.547544 -716.466618
v -837.705501 3261.778828 -711.232680
v -841.036032 3262.655107 -705.198056
v -842.866419 3265.090605 -698.953457
v -843.017492 3268.846919 -693.110148
v -841.474460 3273.556356 -688.240113
v -838.388369 3278.757921 -684.820063
v -834.061305 3283.942451 -683.184778
v -828.916833 3288.602446 -683.494332
v -825.451321 3296.705672 -684.854802
v -819.458585 3299.381166 -689.340814
v -814.304698 3300.260672 -695.329086
v -810.494161 3299.258100 -702.233440
v -808.399973 3296.471589 -709.378031
v -808.227128 3292.173902 -716.063497
v -809.992546 3286.785727 -721.635417
v -813.523416 3280.834495 -725.548373
v -818.474110 3274.902755 -727.419340
v -824.360020 3269.571148 -727.065172
v -830.604992 3265.361565 -724.520541
v -836.597726 3262.686073 -720.034530
v -841.751609 3261.806567 -714.046262
v -845.562146 3262.809138 -707.141911
v -847.656335 3265.595647 -699.997323
v -847.829179 3269.893332 -693.311860
v -846.063761 3275.281506 -687.739941
v -842.532895 3281.232736 -683.826983
v -837.582202 3287.164475 -681.956017
v -831.696293 3292.496081 -682.310184
v -827.788656 3301.040825 -684.677829
v -821.188588 3303.987465 -689.618474
v -815.512382 3304.956105 -696.213625
v -811.315668 3303.851927 -703.817698
v -809.009245 3300.783019 -711.686355
v -808.818882 3296.049785 -719.049357
v -810.763218 3290.115546 -725.185961
v -814.651922 3283.561189 -729.495474
v -820.104342 3277.028299 -731.556054
v -826.586756 3271.156361 -731.165994
v -833.464623 3266.520161 -728.363478
v -840.064689 3263.573522 -723.422834
v -845.740891 3262.604882 -716.827687
v -849.937605 3263.709059 -709.223616
v -852.244028 3266.777966 -701.354963
v -852.434389 3271.511199 -693.991964
v -850.490057 3277.445434 -687.855360
v -846.601355 3283.999789 -683.545847
v -841.148936 3290.532678 -681.485268
v -834.666522 3296.404615 -681.875327
v -830.412980 3305.180478 -685.191847
v -823.368095 3308.325710 -690.465472
v -817.309339 3309.359632 -697.505106
v -812.829782 3308.181038 -705.621662
v -810.367916 3304.905298 -714.020632
v -810.164725 3299.853064 -721.879869
v -812.240099 3293.518883 -728.430055
v -816.390885 3286.522790 -733.030011
v -822.210775 3279.549612 -735.229463
v -829.130077 3273.281931 -734.813115
v -836.471483 3268.333270 -731.821722
v -843.516364 3265.188040 -726.548099
v -849.575118 3264.154119 -719.508467
v -854.054673 3265.332711 -711.391916
v -856.516538 3268.608450 -702.992948
v -856.719729 3273.660682 -695.133715
v -854.644358 3279.994859 -688.583531
v -850.493574 3286.990950 -683.983574
v -844.673686 3293.964127 -681.784122
v -837.754385 3300.231807 -682.200470
v -833.259672 3309.022698 -686.384202
v -825.943440 3312.289074 -691.860950
v -819.651318 3313.362820 -699.171730
v -814.999224 3312.138830 -707.600910
v -812.442534 3308.736919 -716.323384
v -812.231517 3303.490087 -724.485335
v -814.386828 3296.911933 -731.287813
v -818.697490 3289.646373 -736.064945
v -824.741544 3282.404609 -738.349114
v -831.927356 3275.895515 -737.916730
v -839.551531 3270.756247 -734.810117
v -846.867759 3267.489874 -729.333370
v -853.159878 3266.416129 -722.022594
v -857.811972 3267.640117 -713.593417
v -860.368661 3271.042026 -704.870947
v -860.579679 3276.288854 -696.709000
v -858.424369 3282.867007 -689.906523
v -854.113710 3290.132564 -685.129391
v -848.069657 3297.374328 -682.845219
v -840.883846 3303.883420 -683.277605
v -836.258635 3312.472874 -688.225529
v -828.851206 3315.779966 -693.770545
v -822.480651 3316.867096 -701.172455
v -817.770568 3315.627848 -709.706706
v -815.182009 3312.183532 -718.537906
v -814.968361 3306.871298 -726.801597
v -817.150538 3300.211147 -733.688868
v -821.514933 3292.855020 -738.525548
v -827.634327 3285.522986 -740.838190
v -834.909712 3278.932757 -740.400415
v -842.628922 3273.729427 -737.255079
v -850.036348 3270.422337 -731.710063
v -856.406899 3269.335208 -724.308157
v -861.116982 3270.574453 -715.773910
v -863.705540 3274.018768 -706.942713
v -863.919188 3279.330999 -698.679027
v -861.737013 3285.991148 -691.791756
v -857.372620 3293.347272 -686.955076
v -851.253228 3300.679305 -684.642433
v -843.977845 3307.269533 -685.080208
v -839.336026 3315.446053 -690.670491
v -832.019794 3318.712429 -696.147238
v -825.727673 3319.786175 -703.458018
v -821.075578 3318.562185 -711.887199
v -818.518888 3315.160274 -720.609672
v -818.307871 3309.913442 -728.771623
v -820.463182 3303.335288 -735.574101
v -824.773844 3296.069728 -740.351233
v -830.817898 3288.827964 -742.635403
v -838.003711 3282.318870 -742.203018
v -845.627885 3277.179602 -739.096405
v -852.944113 3273.913229 -733.619658
v -859.236232 3272.839483 -726.308882
v -863.888326 3274.063472 -717.879706
v -866.445015 3277.465381 -709.157236
v -866.656033 3282.712209 -700.995288
v -864.500723 3289.290361 -694.192812
v -860.190064 3296.555919 -689.415679
v -854.146012 3303.797683 -687.131508
v -846.960200 3310.306775 -687.563893
v -842.416074 3317.869031 -693.658886
v -835.371190 3321.014262 -698.932511
v -829.312433 3322.048184 -705.972144
v -824.832876 3320.869590 -714.088701
v -822.371011 3317.593850 -722.487671
v -822.167819 3312.541616 -730.346908
v -824.243193 3306.207435 -736.897093
v -828.393980 3299.211342 -741.497049
v -834.213870 3292.238164 -743.696502
v -841.133172 3285.970483 -743.280154
v -848.474578 3281.021822 -740.288760
v -855.519458 3277.876593 -735.015138
v -861.578213 3276.842671 -727.975506
v -866.057768 3278.021263 -719.858955
v -868.519633 3281.297002 -711.459987
v -868.722824 3286.349234 -703.600754
v -866.647452 3292.683412 -697.050570
v -862.496668 3299.679502 -692.450613
v -856.676780 3306.652679 -690.251160
v -849.757479 3312.920360 -690.667508
v -845.422933 3319.682139 -697.117131
v -838.822866 3322.628779 -702.057775
v -833.146660 3323.597419 -708.652926
v -828.949946 3322.493241 -716.257000
v -826.643522 3319.424333 -724.125656
v -826.453160 3314.691099 -731.488659
v -828.397495 3308.756860 -737.625262
v -832.286200 3302.202503 -741.934775
v -837.738620 3295.669613 -743.995355
v -844.221034 3289.797675 -743.605296
v -851.098901 3285.161475 -740.802780
v -857.698966 3282.214836 -735.862135
v -863.375169 3281.246196 -729.266988
v -867.571883 3282.350373 -721.662917
v -869.878306 3285.419280 -713.794264
v -870.068667 3290.152513 -706.431265
v -868.124335 3296.086748 -700.294662
v -864.235633 3302.641103 -695.985148
v -858.783214 3309.173992 -693.924569
v -852.300800 3315.045929 -694.314629
v -848.282565 3320.840734 -700.960067
v -842.289829 3323.516228 -705.446079
v -837.135942 3324.395734 -711.434351
v -833.325405 3323.393162 -718.338705
v -831.231217 3320.606651 -725.483296
v -831.058372 3316.308964 -732.168762
v -832.823790 3310.920789 -737.740682
v -836.354660 3304.969557 -741.653639
v -841.305354 3299.037817 -743.524605
v -847.191263 3293.706210 -743.170437
v -853.436236 3289.496627 -740.625807
v -859.428969 3286.821135 -736.139795
v -864.582853 3285.941629 -730.151527
v -868.393390 3286.944200 -723.247176
v -870.487579 3289.730709 -716.102588
v -870.660423 3294.028394 -709.417125
v -868.895005 3299.416568 -703.845206
v -865.364139 3305.367798 -699.932249
v -860.413446 3311.299537 -698.061282
v -854.527537 3316.631143 -698.415449
v -850.924557 3321.316289 -705.093074
v -845.686714 3323.654756 -709.013992
v -841.182052 3324.423473 -714.247933
v -837.851519 3323.547193 -720.282560
v -836.021132 3321.111693 -726.527161
v -835.870060 3317.355377 -732.370473
v -837.413093 3312.645939 -737.240509
v -840.499186 3307.444372 -740.660558
v -844.826251 3302.259841 -742.295844
v -849.970724 3297.599845 -741.986290
v -855.429030 3293.920535 -739.762201
v -860.666871 3291.582070 -735.841283
v -865.171531 3290.813353 -730.607345
v -868.502062 3291.689632 -724.572721
v -870.332449 3294.125131 -718.328122
v -870.483522 3297.881445 -712.484813
v -868.940490 3302.590881 -707.614778
v -865.854399 3307.792447 -704.194728
v -861.527335 3312.976976 -702.559443
v -856.382863 3317.636972 -702.868996
v -853.283854 3321.097094 -709.414381
v -848.929877 3323.040954 -712.673660
v -845.185359 3323.679953 -717.024393
v -842.416841 3322.951542 -722.040700
v -840.895324 3320.927023 -727.231549
v -840.769745 3317.804570 -732.088824
v -842.052397 3313.889831 -736.137061
v -844.617724 3309.566009 -738.979990
v -848.214614 3305.256348 -740.339326
v -852.490977 3301.382708 -740.082009
v -857.028215 3298.324268 -738.233226
v -861.382191 3296.380409 -734.973949
v -865.126707 3295.741410 -730.623217
v -867.895224 3296.469821 -725.606913
v -869.416740 3298.494338 -720.416066
v -869.542320 3301.616789 -715.558793
v -868.259669 3305.531526 -711.510556
v -865.694344 3309.855348 -708.667627
v -862.097455 3314.165008 -707.308290
v -857.821092 3318.038647 -707.565608
v -855.302362 3320.188546 -713.817582
v -851.939460 3321.689934 -716.334967
v -849.047289 3322.183481 -719.695364
v -846.908955 3321.620874 -723.569833
v -845.733774 3320.057187 -727.579114
v -845.636780 3317.645484 -731.330751
v -846.627468 3314.621838 -734.457507
v -848.608862 3311.282226 -736.653314
v -851.387009 3307.953552 -737.703232
v -854.689964 3304.961651 -737.504486
v -858.194412 3302.599388 -736.076533
v -861.557314 3301.098001 -733.559148
v -864.449484 3300.604454 -730.198753
v -866.587817 3301.167060 -726.324286
v -867.762997 3302.730746 -722.315006
v -867.859991 3305.142449 -718.563371
v -866.869305 3308.166093 -715.436616
v -864.887912 3311.505704 -713.240808
v -862.109766 3314.834377 -712.190891
v -858.806811 3317.826279 -712.389636
v -856.930380 3318.613016 -718.194258
v -854.641359 3319.634963 -719.907762
v -852.672749 3319.970905 -722.195079
v -851.217253 3319.587957 -724.832308
v -850.417344 3318.523604 -727.561298
v -850.351324 3316.882034 -730.114919
v -851.025654 3314.823933 -732.243203
v -852.374326 3312.550765 -733.737820
v -854.265323 3310.285042 -734.452465
v -856.513540 3308.248550 -734.317185
v -858.898907 3306.640632 -733.345223
v -861.187928 3305.618685 -731.631719
v -863.156537 3305.282743 -729.344404
v -864.612032 3305.665691 -726.707177
v -865.411940 3306.730044 -723.978187
v -865.477961 3308.371613 -721.424567
v -864.803632 3310.429712 -719.296283
v -863.454961 3312.702880 -717.801667
v -861.563964 3314.968603 -717.087021
v -859.315747 3317.005095 -717.222301
v -858.127819 3316.409299 -722.436640
v -856.969042 3316.926642 -723.304072
v -855.972468 3317.096707 -724.461985
v -855.235648 3316.902846 -725.797037
v -854.830709 3316.364036 -727.178541
v -854.797287 3315.533019 -728.471267
v -855.138654 3314.491142 -729.548674
v -855.821396 3313.340390 -730.305297
v -856.778680 3312.193407 -730.667074
v -857.916801 3311.162468 -730.598591
v -859.124352 3310.348488 -730.106552
v -860.283129 3309.831145 -729.239120
v -861.279703 3309.661081 -728.081207
v -862.016522 3309.854941 -726.746156
v -862.421462 3310.393751 -725.364653
v -862.454883 3311.224767 -724.071927
v -862.113516 3312.266644 -722.994521
v -861.430775 3313.417395 -722.237897
v -860.473491 3314.564378 -721.876120
v -859.335370 3315.595317 -721.944603
v -820.022362 3272.570636 -699.040351
v -858.865195 3313.631657 -726.440265
vt 0.000000 0.050000
vt 0.050000 0.050000
vt 0.100000 0.050000
vt 0.150000 0.050000
vt 0.200000 0.050000
vt 0.250000 0.050000
vt 0.300000 0.050000
vt 0.350000 0.050000
vt 0.400000 0.050000
vt 0.450000 0.050000
vt 0.500000 0.050000
vt 0.550000 0.050000
vt 0.600000 0.050000
vt 0.650000 0.050000
vt 0.700000 0.050000
vt 0.750000 0.050000
vt 0.800000 0.050000
vt 0.850000 0.050000
vt 0.900000 0.050000
vt 0.950000 0.050000
vt 1.000000 0.050000
vt 0.000000 0.100000
vt 0.050000 0.100000
vt 0.100000 0.100000
vt 0.150000 0.100000
vt 0.200000 0.100000
vt 0.250000 0.100000
vt 0.300000 0.100000
vt 0.350000 0.100000
vt 0.400000 0.100000
vt 0.450000 0.100000
vt 0.500000 0.100000
vt 0.550000 0.100000
vt 0.600000 0.100000
vt 0.650000 0.100000
vt 0.700000 0.100000
vt 0.750000 0.100000
vt 0.800000 0.100000
vt 0.850000 0.100000
vt 0.900000 0.100000
vt 0.950000 0.100000
vt 1.000000 0.100000
vt 0.000000 0.150000
vt 0.050000 0.150000
vt 0.100000 0.150000
vt 0.150000 0.150000
vt 0.200000 0.150000
vt 0.250000 0.150000
vt 0.300000 0.150000
vt 0.350000 0.150000
vt 0.400000 0.150000
vt 0.450000 0.150000
vt 0.500000 0.150000
vt 0.550000 0.150000
vt 0.600000 0.150000
vt 0.650000 0.150000
vt 0.700000 0.150000
vt 0.750000 0.150000
vt 0.800000 0.150000
vt 0.850000 0.150000
vt 0.900000 0.150000
vt 0.950000 0.150000
vt 1.000000 0.150000
vt 0.000000 0.200000
vt 0.050000 0.200000
vt 0.100000 0.200000
vt 0.150000 0.200000
vt 0.200000 0.200000
vt 0.250000 0.200000
vt 0.300000 0.200000
vt 0.350000 0.200000
vt 0.400000 0.200000
vt 0.450000 0.200000
vt 0.500000 0.200000
vt 0.550000 0.200000
vt 0.600000 0.200000
vt 0.650000 0.200000
vt 0.700000 0.200000
vt 0.750000 0.200000
vt 0.800000 0.200000
vt 0.850000 0.200000
vt 0.900000 0.200000
vt 0.950000 0.200000
vt 1.000000 0.200000
vt 0.000000 0.250000
vt 0.050000 0.250000
vt 0.100000 0.250000
vt 0.150000 0.250000
vt 0.200000 0.250000
vt 0.250000 0.250000
vt 0.300000 0.250000
vt 0.350000 0.250000
vt 0.400000 0.250000
vt 0.450000 0.250000
vt 0.500000 0.250000
vt 0.550000 0.250000
vt 0.600000 0.250000
vt 0.650000 0.250000
vt 0.700000 0.250000
vt 0.750000 0.250000
vt 0.800000 0.250000
vt 0.850000 0.250000
vt 0.900000 0.250000
vt 0.950000 0.250000
vt 1.000000 0.250000
vt 0.000000 0.300000
vt 0.050000 0.300000
vt 0.100000 0.300000
vt 0.150000 0.300000
vt 0.200000 0.300000
vt 0.250000 0.300000
vt 0.300000 0.300000
vt 0.350000 0.300000
vt 0.400000 0.300000
vt 0.450000 0.300000
vt 0.500000 0.300000
vt 0.550000 0.300000
vt 0.600000 0.300000
vt 0.650000 0.300000
vt 0.700000 0.300000
vt 0.750000 0.300000
vt 0.800000 0.300000
vt 0.850000 0.300000
vt 0.900000 0.300000
vt 0.950000 0.300000
vt 1.000000 0.300000
vt 0.000000 0.350000
vt 0.050000 0.350000
vt 0.100000 0.350000
vt 0.150000 0.350000
vt 0.200000 0.350000
vt 0.250000 0.350000
vt 0.300000 0.350000
vt 0.350000 0.350000
vt 0.400000 0.350000
vt 0.450000 0.350000
vt 0.500000 0.350000
vt 0.550000 0.350000
vt 0.600000 0.350000
vt 0.650000 0.350000
vt 0.700000 0.350000
vt 0.750000 0.350000
vt 0.800000 0.350000
vt 0.850000 0.350000
vt 0.900000 0.350000
vt 0.950000 0.350000
vt 1.000000 0.350000
vt 0.000000 0.400000
vt 0.050000 0.400000
vt 0.100000 0.400000
vt 0.150000 0.400000
vt 0.200000 0.400000
vt 0.250000 0.400000
vt 0.300000 0.400000
vt 0.350000 0.400000
vt 0.400000 0.400000
vt 0.450000 0.400000
vt 0.500000 0.400000
vt 0.550000 0.400000
vt 0.600000 0.400000
vt 0.650000 0.400000
vt 0.700000 0.400000
vt 0.750000 0.400000
vt 0.800000 0.400000
vt 0.850000 0.400000
vt 0.900000 0.400000
vt 0.950000 0.400000
vt 1.000000 0.400000
vt 0.000000 0.450000
vt 0.050000 0.450000
vt 0.100000 0.450000
vt 0.150000 0.450000
vt 0.200000 0.450000
vt 0.250000 0.450000
vt 0.300000 0.450000
vt 0.350000 0.450000
vt 0.400000 0.450000
vt 0.450000 0.450000
vt 0.500000 0.450000
vt 0.550000 0.450000
vt 0.600000 0.450000
vt 0.650000 0.450000
vt 0.700000 0.450000
vt 0.750000 0.450000
vt 0.800000 0.450000
vt 0.850000 0.450000
vt 0.900000 0.450000
vt 0.950000 0.450000
vt 1.000000 0.450000
vt 0.000000 0.500000
vt 0.050000 0.500000
vt 0.100000 0.500000
vt 0.150000 0.500000
vt 0.200000 0.500000
vt 0.250000 0.500000
vt 0.300000 0.500000
vt 0.350000 0.500000
vt 0.400000 0.500000
vt 0.450000 0.500000
vt 0.500000 0.500000
vt 0.550000 0.500000
vt 0.600000 0.500000
vt 0.650000 0.500000
vt 0.700000 0.500000
vt 0.750000 0.500000
vt 0.800000 0.500000
vt 0.850000 0.500000
vt 0.900000 0.500000
vt 0.950000 0.500000
vt 1.000000 0.500000
vt 0.000000 0.550000
vt 0.050000 0.550000
vt 0.100000 0.550000
vt 0.150000 0.550000
vt 0.200000 0.550000
vt 0.250000 0.550000
vt 0.300000 0.550000
vt 0.350000 0.550000
vt 0.400000 0.550000
vt 0.450000 0.550000
vt 0.500000 0.550000
vt 0.550000 0.550000
vt 0.600000 0.550000
vt 0.650000 0.550000
vt 0.700000 0.550000
vt 0.750000 0.550000
vt 0.800000 0.550000
vt 0.850000 0.550000
vt 0.900000 0.550000
vt 0.950000 0.550000
vt 1.000000 0.550000
vt 0.000000 0.600000
vt 0.050000 0.600000
vt 0.100000 0.600000
vt 0.150000 0.600000
vt 0.200000 0.600000
vt 0.250000 0.600000
vt 0.300000 0.600000
vt 0.350000 0.600000
vt 0.400000 0.600000
vt 0.450000 0.600000
vt 0.500000 0.600000
vt 0.550000 0.600000
vt 0.600000 0.600000
vt 0.650000 0.600000
vt 0.700000 0.600000
vt 0.750000 0.600000
vt 0.800000 0.600000
vt 0.850000 0.600000
vt 0.900000 0.600000
vt 0.950000 0.600000
vt 1.000000 0.600000
vt 0.000000 0.650000
vt 0.050000 0.650000
vt 0.100000 0.650000
vt 0.150000 0.650000
vt 0.200000 0.650000
vt 0.250000 0.650000
vt 0.300000 0.650000
vt 0.350000 0.650000
vt 0.400000 0.650000
vt 0.450000 0.650000
vt 0.500000 0.650000
vt 0.550000 0.650000
vt 0.600000 0.650000
vt 0.650000 0.650000
vt 0.700000 0.650000
vt 0.750000 0.650000
vt 0.800000 0.650000
vt 0.850000 0.650000
vt 0.900000 0.650000
vt 0.950000 0.650000
vt 1.000000 0.650000
vt 0.000000 0.700000
vt 0.050000 0.700000
vt 0.100000 0.700000
vt 0.150000 0.700000
vt 0.200000 0.700000
vt 0.250000 0.700000
vt 0.300000 0.700000
vt 0.350000 0.700000
vt 0.400000 0.700000
vt 0.450000 0.700000
vt 0.500000 0.700000
vt 0.550000 0.700000
vt 0.600000 0.700000
vt 0.650000 0.700000
vt 0.700000 0.700000
vt 0.750000 0.700000
vt 0.800000 0.700000
vt 0.850000 0.700000
vt 0.900000 0.700000
vt 0.950000 0.700000
vt 1.000000 0.700000
vt 0.000000 0.750000
vt 0.050000 0.750000
vt 0.100000 0.750000
vt 0.150000 0.750000
vt 0.200000 0.750000
vt 0.250000 0.750000
vt 0.300000 0.750000
vt 0.350000 0.750000
vt 0.400000 0.750000
vt 0.450000 0.750000
vt 0.500000 0.750000
vt 0.550000 0.750000
vt 0.600000 0.750000
vt 0.650000 0.750000
vt 0.700000 0.750000
vt 0.750000 0.750000
vt 0.800000 0.750000
vt 0.850000 0.750000
vt 0.900000 0.750000
vt 0.950000 0.750000
vt 1.000000 0.750000
vt 0.000000 0.800000
vt 0.050000 0.800000
vt 0.100000 0.800000
vt 0.150000 0.800000
vt 0.200000 0.800000
vt 0.250000 0.800000
vt 0.300000 0.800000
vt 0.350000 0.800000
vt 0.400000 0.800000
vt 0.450000 0.800000
vt 0.500000 0.800000
vt 0.550000 0.800000
vt 0.600000 0.800000
vt 0.650000 0.800000
vt 0.700000 0.800000
vt 0.750000 0.800000
vt 0.800000 0.800000
vt 0.850000 0.800000
vt 0.900000 0.800000
vt 0.950000 0.800000
vt 1.000000 0.800000
vt 0.000000 0.850000
vt 0.050000 0.850000
vt 0.100000 0.850000
vt 0.150000 0.850000
vt 0.200000 0.850000
vt 0.250000 0.850000
vt 0.300000 0.850000
vt 0.350000 0.850000
vt 0.400000 0.850000
vt 0.450000 0.850000
vt 0.500000 0.850000
vt 0.550000 0.850000
vt 0.600000 0.850000
vt 0.650000 0.850000
vt 0.700000 0.850000
vt 0.750000 0.850000
vt 0.800000 0.850000
vt 0.850000 0.850000
vt 0.900000 0.850000
vt 0.950000 0.850000
vt 1.000000 0.850000
vt 0.000000 0.900000
vt 0.050000 0.900000
vt 0.100000 0.900000
vt 0.150000 0.900000
vt 0.200000 0.900000
vt 0.250000 0.900000
vt 0.300000 0.900000
vt 0.350000 0.900000
vt 0.400000 0.900000
vt 0.450000 0.900000
vt 0.500000 0.900000
vt 0.550000 0.900000
vt 0.600000 0.900000
vt 0.650000 0.900000
vt 0.700000 0.900000
vt 0.750000 0.900000
vt 0.800000 0.900000
vt 0.850000 0.900000
vt 0.900000 0.900000
vt 0.950000 0.900000
vt 1.000000 0.900000
vt 0.000000 0.950000
vt 0.050000 0.950000
vt 0.100000 0.950000
vt 0.150000 0.950000
vt 0.200000 0.950000
vt 0.250000 0.950000
vt 0.300000 0.950000
vt 0.350000 0.950000
vt 0.400000 0.950000
vt 0.450000 0.950000
vt 0.500000 0.950000
vt 0.550000 0.950000
vt 0.600000 0.950000
vt 0.650000 0.950000
vt 0.700000 0.950000
vt 0.750000 0.950000
vt 0.800000 0.950000
vt 0.850000 0.950000
vt 0.900000 0.950000
vt 0.950000 0.950000
vt 1.000000 0.950000
vt 0.025000 0.000000
vt 0.075000 0.000000
vt 0.125000 0.000000
vt 0.175000 0.000000
vt 0.225000 0.000000
vt 0.275000 0.000000
vt 0.325000 0.000000
vt 0.375000 0.000000
vt 0.425000 0.000000
vt 0.475000 0.000000
vt 0.525000 0.000000
vt 0.575000 0.000000
vt 0.625000 0.000000
vt 0.675000 0.000000
vt 0.725000 0.000000
vt 0.775000 0.000000
vt 0.825000 0.000000
vt 0.875000 0.000000
vt 0.925000 0.000000
vt 0.975000 0.000000
vt 0.025000 1.000000
vt 0.075000 1.000000
vt 0.125000 1.000000
vt 0.175000 1.000000
vt 0.225000 1.000000
vt 0.275000 1.000000
vt 0.325000 1.000000
vt 0.375000 1.000000
vt 0.425000 1.000000
vt 0.475000 1.000000
vt 0.525000 1.000000
vt 0.575000 1.000000
vt 0.625000 1.000000
vt 0.675000 1.000000
vt 0.725000 1.000000
vt 0.775000 1.000000
vt 0.825000 1.000000
vt 0.875000 1.000000
vt 0.925000 1.000000
vt 0.975000 1.000000
vn 0.626165 -0.516859 0.583759
vn 0.673421 -0.495761 0.548384
vn 0.695471 -0.375379 0.612708
vn 0.616795 -0.410504 0.671603
vn 0.714062 -0.488826 0.501163
vn 0.763134 -0.363833 0.534091
vn 0.744110 -0.496732 0.446719
vn 0.813161 -0.376995 0.443447
vn 0.760624 -0.518705 0.390379
vn 0.840654 -0.413578 0.349648
vn 0.761987 -0.552595 0.337661
vn 0.842924 -0.470000 0.261878
vn 0.748066 -0.595084 0.293723
vn 0.819746 -0.540739 0.188726
vn 0.720223 -0.642012 0.262867
vn 0.773391 -0.618870 0.137355
vn 0.681184 -0.688788 0.248113
vn 0.708396 -0.696745 0.112792
vn 0.634770 -0.730830 0.250906
vn 0.631122 -0.766742 0.117441
vn 0.585524 -0.764026 0.270972
vn 0.549134 -0.822007 0.150849
vn 0.538269 -0.785123 0.306347
vn 0.470459 -0.857133 0.209744
vn 0.497627 -0.792059 0.353568
vn 0.402795 -0.868679 0.288361
vn 0.467579 -0.784153 0.408013
vn 0.352768 -0.855517 0.379005
vn 0.451066 -0.762179 0.464352
vn 0.325275 -0.818934 0.472804
vn 0.449702 -0.728290 0.517070
vn 0.323005 -0.762512 0.560574
vn 0.463623 -0.685801 0.561008
vn 0.346183 -0.691773 0.633725
vn 0.491466 -0.638872 0.591864
vn 0.392538 -0.613642 0.685097
vn 0.530505 -0.592097 0.606618
vn 0.457533 -0.535766 0.709660
vn 0.576919 -0.550055 0.603825
vn 0.534807 -0.465770 0.705010
vn 0.704350 -0.236805 0.669189
vn 0.593321 -0.286375 0.752303
vn 0.799837 -0.220511 0.558243
vn 0.870436 -0.239086 0.430324
vn 0.909236 -0.290712 0.297954
vn 0.912438 -0.370336 0.174091
vn 0.879730 -0.470164 0.070858
vn 0.814312 -0.580425 -0.001638
vn 0.722589 -0.690324 -0.036302
vn 0.613540 -0.789104 -0.029740
vn 0.497837 -0.867096 0.017405
vn 0.386808 -0.916665 0.100518
vn 0.291321 -0.932960 0.211465
vn 0.220722 -0.914385 0.339384
vn 0.181922 -0.862759 0.471753
vn 0.178720 -0.783134 0.595617
vn 0.211428 -0.683306 0.698849
vn 0.276845 -0.573046 0.771346
vn 0.368569 -0.463147 0.806010
vn 0.477618 -0.364367 0.799448
vn 0.697112 -0.090105 0.711277
vn 0.555678 -0.153250 0.817151
vn 0.818748 -0.069348 0.569949
vn 0.908680 -0.093010 0.407001
vn 0.958105 -0.158774 0.238382
vn 0.962184 -0.260203 0.080600
vn 0.920519 -0.387368 -0.050902
vn 0.837187 -0.527822 -0.143252
vn 0.720347 -0.667817 -0.187408
vn 0.581434 -0.793647 -0.179049
vn 0.434047 -0.892997 -0.118994
vn 0.292614 -0.956141 -0.013120
vn 0.170978 -0.976898 0.128208
vn 0.081046 -0.953236 0.291157
vn 0.031621 -0.887472 0.459775
vn 0.027542 -0.786043 0.617558
vn 0.069207 -0.658878 0.749060
vn 0.152539 -0.518424 0.841409
vn 0.269379 -0.378429 0.885565
vn 0.408291 -0.252599 0.877207
vn 0.673379 0.059742 0.736880
vn 0.504665 -0.015582 0.863175
vn 0.818477 0.084503 0.568292
vn 0.925755 0.056278 0.373913
vn 0.984712 -0.022171 0.172772
vn 0.989579 -0.143164 -0.015445
vn 0.939877 -0.294858 -0.172311
vn 0.840472 -0.462402 -0.282472
vn 0.701095 -0.629399 -0.335146
vn 0.535389 -0.779500 -0.325175
vn 0.359574 -0.898012 -0.253536
vn 0.190860 -0.973336 -0.127241
vn 0.045763 -0.998096 0.041347
vn -0.061515 -0.969871 0.235725
vn -0.120473 -0.891422 0.436867
vn -0.125339 -0.770429 0.625083
vn -0.075637 -0.618736 0.781949
vn 0.023767 -0.451191 0.892111
vn 0.163144 -0.284194 0.944784
vn 0.328850 -0.134094 0.934814
vn 0.633561 0.208622 0.745035
vn 0.441496 0.122874 0.888810
vn 0.798740 0.236810 0.553115
vn 0.920866 0.204678 0.331834
vn 0.987983 0.115372 0.102854
vn 0.993523 -0.022367 -0.111412
vn 0.936942 -0.195055 -0.289989
vn 0.823780 -0.385789 -0.415397
vn 0.665112 -0.575898 -0.475360
vn 0.476472 -0.746773 -0.464009
vn 0.276324 -0.881687 -0.382455
vn 0.084261 -0.967436 -0.238681
vn -0.080919 -0.995623 -0.046760
vn -0.203045 -0.963491 0.174520
vn -0.270162 -0.874185 0.403500
vn -0.275702 -0.736447 0.617766
vn -0.219121 -0.563759 0.796343
vn -0.105959 -0.373025 0.921751
vn 0.052708 -0.182916 0.981715
vn 0.241348 -0.012041 0.970364
vn 0.578565 0.352732 0.735421
vn 0.367701 0.258590 0.893268
vn 0.759911 0.383678 0.524715
vn 0.893991 0.348401 0.281775
vn 0.967677 0.250354 0.030383
vn 0.973759 0.099134 -0.204855
vn 0.911640 -0.090457 -0.400911
vn 0.787402 -0.299859 -0.538593
vn 0.613205 -0.508576 -0.604426
vn 0.406101 -0.696176 -0.591964
vn 0.186363 -0.844296 -0.502427
vn -0.024500 -0.938437 -0.344581
vn -0.205847 -0.969384 -0.133875
vn -0.339926 -0.934107 0.109064
vn -0.413613 -0.836059 0.360457
vn -0.419695 -0.684839 0.595694
vn -0.357576 -0.495249 0.791750
vn -0.233338 -0.285846 0.929433
vn -0.059141 -0.077129 0.995266
vn 0.147963 0.110470 0.982804
vn 0.509700 0.488503 0.708217
vn 0.285066 0.388214 0.876372
vn 0.702889 0.521471 0.483751
vn 0.845724 0.483890 0.224947
vn 0.924223 0.379440 -0.042862
vn 0.930702 0.218345 -0.293461
vn 0.864527 0.016373 -0.502320
vn 0.732175 -0.206704 -0.648994
vn 0.546602 -0.429050 -0.719126
vn 0.325974 -0.628901 -0.705850
vn 0.091886 -0.786694 -0.610467
vn -0.132747 -0.886983 -0.442312
vn -0.325936 -0.919950 -0.217847
vn -0.468771 -0.882370 0.040957
vn -0.547270 -0.777920 0.308766
vn -0.553749 -0.616824 0.559366
vn -0.487574 -0.414853 0.768224
vn -0.355222 -0.191776 0.914899
vn -0.169649 0.030571 0.985030
vn 0.050978 0.230421 0.971755
vn 0.428619 0.612626 0.664059
vn 0.195586 0.508587 0.838502
vn 0.629032 0.646827 0.431201
vn 0.777208 0.607841 0.162720
vn 0.858642 0.499485 -0.115103
vn 0.865363 0.332366 -0.375073
vn 0.796713 0.122843 -0.591741
vn 0.659413 -0.108575 -0.743899
vn 0.466901 -0.339235 -0.816653
vn 0.238023 -0.546559 -0.802881
vn -0.004818 -0.710252 -0.703931
vn -0.237850 -0.814290 -0.529489
vn -0.438262 -0.848491 -0.296631
vn -0.586438 -0.809505 -0.028150
vn -0.667872 -0.701149 0.249673
vn -0.674593 -0.534031 0.509642
vn -0.605944 -0.324507 0.726311
vn -0.468643 -0.093089 0.878469
vn -0.276132 0.137571 0.951223
vn -0.047254 0.344894 0.937451
vn 0.337271 0.722100 0.604003
vn 0.101415 0.616801 0.780558
vn 0.540111 0.756715 0.368324
vn 0.690082 0.717257 0.096591
vn 0.772502 0.607589 -0.184597
vn 0.779305 0.438446 -0.447716
vn 0.709824 0.226384 -0.667009
vn 0.570860 -0.007837 -0.821010
vn 0.376017 -0.241291 -0.894645
vn 0.144366 -0.451126 -0.880706
vn -0.101416 -0.616802 -0.780558
vn -0.337271 -0.722100 -0.604003
vn -0.540111 -0.756715 -0.368324
vn -0.690082 -0.717257 -0.096591
vn -0.772502 -0.607589 0.184597
vn -0.779305 -0.438446 0.447716
vn -0.709824 -0.226385 0.667009
vn -0.570860 0.007837 0.821010
vn -0.376017 0.241291 0.894645
vn -0.144367 0.451125 0.880707
vn 0.237849 0.814290 0.529489
vn 0.004817 0.710251 0.703932
vn 0.438262 0.848491 0.296631
vn 0.586438 0.809505 0.028150
vn 0.667872 0.701149 -0.249673
vn 0.674593 0.534030 -0.509643
vn 0.605944 0.324507 -0.726311
vn 0.468643 0.093089 -0.878469
vn 0.276132 -0.137571 -0.951223
vn 0.047254 -0.344895 -0.937451
vn -0.195587 -0.508588 -0.838501
vn -0.428619 -0.612626 -0.664059
vn -0.629032 -0.646827 -0.431201
vn -0.777208 -0.607841 -0.162720
vn -0.858642 -0.499485 0.115103
vn -0.865363 -0.332366 0.375073
vn -0.796713 -0.122843 0.591741
vn -0.659413 0.108575 0.743899
vn -0.466901 0.339235 0.816653
vn -0.238024 0.546558 0.802881
vn 0.132747 0.886983 0.442312
vn -0.091887 0.786694 0.610467
vn 0.325936 0.919950 0.217847
vn 0.468771 0.882370 -0.040957
vn 0.547270 0.777920 -0.308766
vn 0.553749 0.616824 -0.559366
vn 0.487574 0.414853 -0.768225
vn 0.355222 0.191776 -0.914899
vn 0.169649 -0.030571 -0.985030
vn -0.050979 -0.230422 -0.971755
vn -0.285067 -0.388214 -0.876371
vn -0.509700 -0.488503 -0.708217
vn -0.702889 -0.521471 -0.483751
vn -0.845724 -0.483890 -0.224947
vn -0.924223 -0.379440 0.042862
vn -0.930702 -0.218345 0.293461
vn -0.864527 -0.016374 0.502320
vn -0.732175 0.206704 0.648994
vn -0.546602 0.429050 0.719126
vn -0.325974 0.628901 0.705851
vn 0.024500 0.938437 0.344581
vn -0.186363 0.844295 0.502428
vn 0.205847 0.969384 0.133875
vn 0.339926 0.934107 -0.109064
vn 0.413613 0.836059 -0.360457
vn 0.419695 0.684839 -0.595694
vn 0.357576 0.495249 -0.791750
vn 0.233338 0.285846 -0.929433
vn 0.059140 0.077130 -0.995266
vn -0.147964 -0.110471 -0.982804
vn -0.367702 -0.258591 -0.893267
vn -0.578565 -0.352732 -0.735421
vn -0.759911 -0.383678 -0.524715
vn -0.893990 -0.348402 -0.281776
vn -0.967677 -0.250354 -0.030383
vn -0.973759 -0.099134 0.204855
vn -0.911641 0.090456 0.400910
vn -0.787402 0.299859 0.538593
vn -0.613205 0.508575 0.604426
vn -0.406101 0.696175 0.591964
vn -0.084261 0.967436 0.238681
vn -0.276325 0.881687 0.382456
vn 0.080919 0.995623 0.046760
vn 0.203044 0.963491 -0.174520
vn 0.270162 0.874185 -0.403501
vn 0.275701 0.736447 -0.617766
vn 0.219121 0.563759 -0.796343
vn 0.105958 0.373025 -0.921751
vn -0.052709 0.182916 -0.981715
vn -0.241349 0.012041 -0.970364
vn -0.441497 -0.122874 -0.888810
vn -0.633561 -0.208622 -0.745035
vn -0.798740 -0.236810 -0.553115
vn -0.920865 -0.204678 -0.331834
vn -0.987983 -0.115372 -0.102854
vn -0.993523 0.022367 0.111412
vn -0.936942 0.195055 0.289989
vn -0.823780 0.385789 0.415397
vn -0.665112 0.575897 0.475360
vn -0.476473 0.746772 0.464010
vn -0.190861 0.973336 0.127241
vn -0.359575 0.898012 0.253536
vn -0.045763 0.998096 -0.041347
vn 0.061515 0.969871 -0.235725
vn 0.120473 0.891422 -0.436867
vn 0.125339 0.770429 -0.625083
vn 0.075637 0.618736 -0.781950
vn -0.023768 0.451191 -0.892111
vn -0.163144 0.284194 -0.944784
vn -0.328851 0.134093 -0.934814
vn -0.504665 0.015581 -0.863174
vn -0.673379 -0.059742 -0.736880
vn -0.818476 -0.084503 -0.568292
vn -0.925755 -0.056278 -0.373913
vn -0.984712 0.022171 -0.172772
vn -0.989579 0.143164 0.015445
vn -0.939877 0.294857 0.172311
vn -0.840472 0.462402 0.282473
vn -0.701095 0.629399 0.335146
vn -0.535389 0.779499 0.325175
vn -0.292614 0.956141 0.013120
vn -0.434048 0.892997 0.118994
vn -0.170978 0.976898 -0.128208
vn -0.081046 0.953236 -0.291157
vn -0.031621 0.887472 -0.459775
vn -0.027542 0.786043 -0.617558
vn -0.069207 0.658878 -0.749060
vn -0.152539 0.518424 -0.841409
vn -0.269379 0.378430 -0.885565
vn -0.408292 0.252599 -0.877207
vn -0.555679 0.153249 -0.817151
vn -0.697112 0.090105 -0.711277
vn -0.818748 0.069348 -0.569949
vn -0.908680 0.093010 -0.407001
vn -0.958105 0.158774 -0.238382
vn -0.962184 0.260203 -0.080600
vn -0.920519 0.387368 0.050903
vn -0.837187 0.527822 0.143252
vn -0.720347 0.667817 0.187408
vn -0.581435 0.793647 0.179050
vn -0.386808 0.916665 -0.100519
vn -0.497838 0.867096 -0.017405
vn -0.291321 0.932960 -0.211465
vn -0.220722 0.914385 -0.339384
vn -0.181923 0.862759 -0.471754
vn -0.178720 0.783134 -0.595617
vn -0.211428 0.683306 -0.698850
vn -0.276846 0.573046 -0.771346
vn -0.368569 0.463147 -0.806010
vn -0.477619 0.364367 -0.799448
vn -0.593321 0.286375 -0.752303
vn -0.704350 0.236805 -0.669189
vn -0.799837 0.220510 -0.558243
vn -0.870436 0.239085 -0.430324
vn -0.909236 0.290711 -0.297954
vn -0.912438 0.370336 -0.174091
vn -0.879730 0.470164 -0.070858
vn -0.814313 0.580424 0.001638
vn -0.722590 0.690324 0.036302
vn -0.613540 0.789103 0.029740
vn -0.470458 0.857133 -0.209744
vn -0.549135 0.822007 -0.150849
vn -0.402795 0.868679 -0.288361
vn -0.352769 0.855517 -0.379005
vn -0.325275 0.818934 -0.472804
vn -0.323006 0.762512 -0.560574
vn -0.346183 0.691773 -0.633725
vn -0.392538 0.613642 -0.685097
vn -0.457534 0.535766 -0.709660
vn -0.534807 0.465770 -0.705010
vn -0.616795 0.410504 -0.671603
vn -0.695471 0.375379 -0.612708
vn -0.763134 0.363832 -0.534091
vn -0.813161 0.376994 -0.443446
vn -0.840654 0.413577 -0.349648
vn -0.842924 0.470000 -0.261878
vn -0.819746 0.540739 -0.188726
vn -0.773391 0.618870 -0.137355
vn -0.708396 0.696745 -0.112792
vn -0.631122 0.766741 -0.117441
vn -0.538269 0.785123 -0.306347
vn -0.585525 0.764025 -0.270972
vn -0.497627 0.792059 -0.353568
vn -0.467579 0.784153 -0.408013
vn -0.451065 0.762180 -0.464352
vn -0.449702 0.728290 -0.517070
vn -0.463624 0.685801 -0.561008
vn -0.491467 0.638872 -0.591864
vn -0.530505 0.592097 -0.606618
vn -0.576919 0.550054 -0.603825
vn -0.626165 0.516859 -0.583759
vn -0.673421 0.495761 -0.548384
vn -0.714062 0.488826 -0.501163
vn -0.744110 0.496732 -0.446719
vn -0.760624 0.518705 -0.390380
vn -0.761987 0.552595 -0.337661
vn -0.748066 0.595084 -0.293723
vn -0.720222 0.642013 -0.262867
vn -0.681184 0.688788 -0.248113
vn -0.634770 0.730830 -0.250906
vn 0.618384 -0.653698 0.436211
vn -0.618384 0.653698 -0.436211
s 1
g group2 lolipop pSphere1
usemtl initialShadingGroup
f 1323/1907/2332 1324/1908/2333 1344/1929/2334 1343/1928/2335
f 1324/1908/2333 1325/1909/2336 1345/1930/2337 1344/1929/2334
f 1325/1909/2336 1326/1910/2338 1346/1931/2339 1345/1930/2337
f 1326/1910/2338 1327/1911/2340 1347/1932/2341 1346/1931/2339
f 1327/1911/2340 1328/1912/2342 1348/1933/2343 1347/1932/2341
f 1328/1912/2342 1329/1913/2344 1349/1934/2345 1348/1933/2343
f 1329/1913/2344 1330/1914/2346 1350/1935/2347 1349/1934/2345
f 1330/1914/2346 1331/1915/2348 1351/1936/2349 1350/1935/2347
f 1331/1915/2348 1332/1916/2350 1352/1937/2351 1351/1936/2349
f 1332/1916/2350 1333/1917/2352 1353/1938/2353 1352/1937/2351
f 1333/1917/2352 1334/1918/2354 1354/1939/2355 1353/1938/2353
f 1334/1918/2354 1335/1919/2356 1355/1940/2357 1354/1939/2355
f 1335/1919/2356 1336/1920/2358 1356/1941/2359 1355/1940/2357
f 1336/1920/2358 1337/1921/2360 1357/1942/2361 1356/1941/2359
f 1337/1921/2360 1338/1922/2362 1358/1943/2363 1357/1942/2361
f 1338/1922/2362 1339/1923/2364 1359/1944/2365 1358/1943/2363
f 1339/1923/2364 1340/1924/2366 1360/1945/2367 1359/1944/2365
f 1340/1924/2366 1341/1925/2368 1361/1946/2369 1360/1945/2367
f 1341/1925/2368 1342/1926/2370 1362/1947/2371 1361/1946/2369
f 1342/1926/2370 1323/1927/2332 1343/1948/2335 1362/1947/2371
f 1343/1928/2335 1344/1929/2334 1364/1950/2372 1363/1949/2373
f 1344/1929/2334 1345/1930/2337 1365/1951/2374 1364/1950/2372
f 1345/1930/2337 1346/1931/2339 1366/1952/2375 1365/1951/2374
f 1346/1931/2339 1347/1932/2341 1367/1953/2376 1366/1952/2375
f 1347/1932/2341 1348/1933/2343 1368/1954/2377 1367/1953/2376
f 1348/1933/2343 1349/1934/2345 1369/1955/2378 1368/1954/2377
f 1349/1934/2345 1350/1935/2347 1370/1956/2379 1369/1955/2378
f 1350/1935/2347 1351/1936/2349 1371/1957/2380 1370/1956/2379
f 1351/1936/2349 1352/1937/2351 1372/1958/2381 1371/1957/2380
f 1352/1937/2351 1353/1938/2353 1373/1959/2382 1372/1958/2381
f 1353/1938/2353 1354/1939/2355 1374/1960/2383 1373/1959/2382
f 1354/1939/2355 1355/1940/2357 1375/1961/2384 1374/1960/2383
f 1355/1940/2357 1356/1941/2359 1376/1962/2385 1375/1961/2384
f 1356/1941/2359 1357/1942/2361 1377/1963/2386 1376/1962/2385
f 1357/1942/2361 1358/1943/2363 1378/1964/2387 1377/1963/2386
f 1358/1943/2363 1359/1944/2365 1379/1965/2388 1378/1964/2387
f 1359/1944/2365 1360/1945/2367 1380/1966/2389 1379/1965/2388
f 1360/1945/2367 1361/1946/2369 1381/1967/2390 1380/1966/2389
f 1361/1946/2369 1362/1947/2371 1382/1968/2391 1381/1967/2390
f 1362/1947/2371 1343/1948/2335 1363/1969/2373 1382/1968/2391
f 1363/1949/2373 1364/1950/2372 1384/1971/2392 1383/1970/2393
f 1364/1950/2372 1365/1951/2374 1385/1972/2394 1384/1971/2392
f 1365/1951/2374 1366/1952/2375 1386/1973/2395 1385/1972/2394
f 1366/1952/2375 1367/1953/2376 1387/1974/2396 1386/1973/2395
f 1367/1953/2376 1368/1954/2377 1388/1975/2397 1387/1974/2396
f 1368/1954/2377 1369/1955/2378 1389/1976/2398 1388/1975/2397
f 1369/1955/2378 1370/1956/2379 1390/1977/2399 1389/1976/2398
f 1370/1956/2379 1371/1957/2380 1391/1978/2400 1390/1977/2399
f 1371/1957/2380 1372/1958/2381 1392/1979/2401 1391/1978/2400
f 1372/1958/2381 1373/1959/2382 1393/1980/2402 1392/1979/2401
f 1373/1959/2382 1374/1960/2383 1394/1981/2403 1393/1980/2402
f 1374/1960/2383 1375/1961/2384 1395/1982/2404 1394/1981/2403
f 1375/1961/2384 1376/1962/2385 1396/1983/2405 1395/1982/2404
f 1376/1962/2385 1377/1963/2386 1397/1984/2406 1396/1983/2405
f 1377/1963/2386 1378/1964/2387 1398/1985/2407 1397/1984/2406
f 1378/1964/2387 1379/1965/2388 1399/1986/2408 1398/1985/2407
f 1379/1965/2388 1380/1966/2389 1400/1987/2409 1399/1986/2408
f 1380/1966/2389 1381/1967/2390 1401/1988/2410 1400/1987/2409
f 1381/1967/2390 1382/1968/2391 1402/1989/2411 1401/1988/2410
f 1382/1968/2391 1363/1969/2373 1383/1990/2393 1402/1989/2411
f 1383/1970/2393 1384/1971/2392 1404/1992/2412 1403/1991/2413
f 1384/1971/2392 1385/1972/2394 1405/1993/2414 1404/1992/2412
f 1385/1972/2394 1386/1973/2395 1406/1994/2415 1405/1993/2414
f 1386/1973/2395 1387/1974/2396 1407/1995/2416 1406/1994/2415
f 1387/1974/2396 1388/1975/2397 1408/1996/2417 1407/1995/2416
f 1388/1975/2397 1389/1976/2398 1409/1997/2418 1408/1996/2417
f 1389/1976/2398 1390/1977/2399 1410/1998/2419 1409/1997/2418
f 1390/1977/2399 1391/1978/2400 1411/1999/2420 1410/1998/2419
f 1391/1978/2400 1392/1979/2401 1412/2000/2421 1411/1999/2420
f 1392/1979/2401 1393/1980/2402 1413/2001/2422 1412/2000/2421
f 1393/1980/2402 1394/1981/2403 1414/2002/2423 1413/2001/2422
f 1394/1981/2403 1395/1982/2404 1415/2003/2424 1414/2002/2423
f 1395/1982/2404 1396/1983/2405 1416/2004/2425 1415/2003/2424
f 1396/1983/2405 1397/1984/2406 1417/2005/2426 1416/2004/2425
f 1397/1984/2406 1398/1985/2407 1418/2006/2427 1417/2005/2426
f 1398/1985/2407 1399/1986/2408 1419/2007/2428 1418/2006/2427
f 1399/1986/2408 1400/1987/2409 1420/2008/2429 1419/2007/2428
f 1400/1987/2409 1401/1988/2410 1421/2009/2430 1420/2008/2429
f 1401/1988/2410 1402/1989/2411 1422/2010/2431 1421/2009/2430
f 1402/1989/2411 1383/1990/2393 1403/2011/2413 1422/2010/2431
f 1403/1991/2413 1404/1992/2412 1424/2013/2432 1423/2012/2433
f 1404/1992/2412 1405/1993/2414 1425/2014/2434 1424/2013/2432
f 1405/1993/2414 1406/1994/2415 1426/2015/2435 1425/2014/2434
f 1406/1994/2415 1407/1995/2416 1427/2016/2436 1426/2015/2435
f 1407/1995/2416 1408/1996/2417 1428/2017/2437 1427/2016/2436
f 1408/1996/2417 1409/1997/2418 1429/2018/2438 1428/2017/2437
f 1409/1997/2418 1410/1998/2419 1430/2019/2439 1429/2018/2438
f 1410/1998/2419 1411/1999/2420 1431/2020/2440 1430/2019/2439
f 1411/1999/2420 1412/2000/2421 1432/2021/2441 1431/2020/2440
f 1412/2000/2421 1413/2001/2422 1433/2022/2442 1432/2021/2441
f 1413/2001/2422 1414/2002/2423 1434/2023/2443 1433/2022/2442
f 1414/2002/2423 1415/2003/2424 1435/2024/2444 1434/2023/2443
f 1415/2003/2424 1416/2004/2425 1436/2025/2445 1435/2024/2444
f 1416/2004/2425 1417/2005/2426 1437/2026/2446 1436/2025/2445
f 1417/2005/2426 1418/2006/2427 1438/2027/2447 1437/2026/2446
f 1418/2006/2427 1419/2007/2428 1439/2028/2448 1438/2027/2447
f 1419/2007/2428 1420/2008/2429 1440/2029/2449 1439/2028/2448
f 1420/2008/2429 1421/2009/2430 1441/2030/2450 1440/2029/2449
f 1421/2009/2430 1422/2010/2431 1442/2031/2451 1441/2030/2450
f 1422/2010/2431 1403/2011/2413 1423/2032/2433 1442/2031/2451
f 1423/2012/2433 1424/2013/2432 1444/2034/2452 1443/2033/2453
f 1424/2013/2432 1425/2014/2434 1445/2035/2454 1444/2034/2452
f 1425/2014/2434 1426/2015/2435 1446/2036/2455 1445/2035/2454
f 1426/2015/2435 1427/2016/2436 1447/2037/2456 1446/2036/2455
f 1427/2016/2436 1428/2017/2437 1448/2038/2457 1447/2037/2456
f 1428/2017/2437 1429/2018/2438 1449/2039/2458 1448/2038/2457
f 1429/2018/2438 1430/2019/2439 1450/2040/2459 1449/2039/2458
f 1430/2019/2439 1431/2020/2440 1451/2041/2460 1450/2040/2459
f 1431/2020/2440 1432/2021/2441 1452/2042/2461 1451/2041/2460
f 1432/2021/2441 1433/2022/2442 1453/2043/2462 1452/2042/2461
f 1433/2022/2442 1434/2023/2443 1454/2044/2463 1453/2043/2462
f 1434/2023/2443 1435/2024/2444 1455/2045/2464 1454/2044/2463
f 1435/2024/2444 1436/2025/2445 1456/2046/2465 1455/2045/2464
f 1436/2025/2445 1437/2026/2446 1457/2047/2466 1456/2046/2465
f 1437/2026/2446 1438/2027/2447 1458/2048/2467 1457/2047/2466
f 1438/2027/2447 1439/2028/2448 1459/2049/2468 1458/2048/2467
f 1439/2028/2448 1440/2029/2449 1460/2050/2469 1459/2049/2468
f 1440/2029/2449 1441/2030/2450 1461/2051/2470 1460/2050/2469
f 1441/2030/2450 1442/2031/2451 1462/2052/2471 1461/2051/2470
f 1442/2031/2451 1423/2032/2433 1443/2053/2453 1462/2052/2471
f 1443/2033/2453 1444/2034/2452 1464/2055/2472 1463/2054/2473
f 1444/2034/2452 1445/2035/2454 1465/2056/2474 1464/2055/2472
f 1445/2035/2454 1446/2036/2455 1466/2057/2475 1465/2056/2474
f 1446/2036/2455 1447/2037/2456 1467/2058/2476 1466/2057/2475
f 1447/2037/2456 1448/2038/2457 1468/2059/2477 1467/2058/2476
f 1448/2038/2457 1449/2039/2458 1469/2060/2478 1468/2059/2477
f 1449/2039/2458 1450/2040/2459 1470/2061/2479 1469/2060/2478
f 1450/2040/2459 1451/2041/2460 1471/2062/2480 1470/2061/2479
f 1451/2041/2460 1452/2042/2461 1472/2063/2481 1471/2062/2480
f 1452/2042/2461 1453/2043/2462 1473/2064/2482 1472/2063/2481
f 1453/2043/2462 1454/2044/2463 1474/2065/2483 1473/2064/2482
f 1454/2044/2463 1455/2045/2464 1475/2066/2484 1474/2065/2483
f 1455/2045/2464 1456/2046/2465 1476/2067/2485 1475/2066/2484
f 1456/2046/2465 1457/2047/2466 1477/2068/2486 1476/2067/2485
f 1457/2047/2466 1458/2048/2467 1478/2069/2487 1477/2068/2486
f 1458/2048/2467 1459/2049/2468 1479/2070/2488 1478/2069/2487
f 1459/2049/2468 1460/2050/2469 1480/2071/2489 1479/2070/2488
f 1460/2050/2469 1461/2051/2470 1481/2072/2490 1480/2071/2489
f 1461/2051/2470 1462/2052/2471 1482/2073/2491 1481/2072/2490
f 1462/2052/2471 1443/2053/2453 1463/2074/2473 1482/2073/2491
f 1463/2054/2473 1464/2055/2472 1484/2076/2492 1483/2075/2493
f 1464/2055/2472 1465/2056/2474 1485/2077/2494 1484/2076/2492
f 1465/2056/2474 1466/2057/2475 1486/2078/2495 1485/2077/2494
f 1466/2057/2475 1467/2058/2476 1487/2079/2496 1486/2078/2495
f 1467/2058/2476 1468/2059/2477 1488/2080/2497 1487/2079/2496
f 1468/2059/2477 1469/2060/2478 1489/2081/2498 1488/2080/2497
f 1469/2060/2478 1470/2061/2479 1490/2082/2499 1489/2081/2498
f 1470/2061/2479 1471/2062/2480 1491/2083/2500 1490/2082/2499
f 1471/2062/2480 1472/2063/2481 1492/2084/2501 1491/2083/2500
f 1472/2063/2481 1473/2064/2482 1493/2085/2502 1492/2084/2501
f 1473/2064/2482 1474/2065/2483 1494/2086/2503 1493/2085/2502
f 1474/2065/2483 1475/2066/2484 1495/2087/2504 1494/2086/2503
f 1475/2066/2484 1476/2067/2485 1496/2088/2505 1495/2087/2504
f 1476/2067/2485 1477/2068/2486 1497/2089/2506 1496/2088/2505
f 1477/2068/2486 1478/2069/2487 1498/2090/2507 1497/2089/2506
f 1478/2069/2487 1479/2070/2488 1499/2091/2508 1498/2090/2507
f 1479/2070/2488 1480/2071/2489 1500/2092/2509 1499/2091/2508
f 1480/2071/2489 1481/2072/2490 1501/2093/2510 1500/2092/2509
f 1481/2072/2490 1482/2073/2491 1502/2094/2511 1501/2093/2510
f 1482/2073/2491 1463/2074/2473 1483/2095/2493 1502/2094/2511
f 1483/2075/2493 1484/2076/2492 1504/2097/2512 1503/2096/2513
f 1484/2076/2492 1485/2077/2494 1505/2098/2514 1504/2097/2512
f 1485/2077/2494 1486/2078/2495 1506/2099/2515 1505/2098/2514
f 1486/2078/2495 1487/2079/2496 1507/2100/2516 1506/2099/2515
f 1487/2079/2496 1488/2080/2497 1508/2101/2517 1507/2100/2516
f 1488/2080/2497 1489/2081/2498 1509/2102/2518 1508/2101/2517
f 1489/2081/2498 1490/2082/2499 1510/2103/2519 1509/2102/2518
f 1490/2082/2499 1491/2083/2500 1511/2104/2520 1510/2103/2519
f 1491/2083/2500 1492/2084/2501 1512/2105/2521 1511/2104/2520
f 1492/2084/2501 1493/2085/2502 1513/2106/2522 1512/2105/2521
f 1493/2085/2502 1494/2086/2503 1514/2107/2523 1513/2106/2522
f 1494/2086/2503 1495/2087/2504 1515/2108/2524 1514/2107/2523
f 1495/2087/2504 1496/2088/2505 1516/2109/2525 1515/2108/2524
f 1496/2088/2505 1497/2089/2506 1517/2110/2526 1516/2109/2525
f 1497/2089/2506 1498/2090/2507 1518/2111/2527 1517/2110/2526
f 1498/2090/2507 1499/2091/2508 1519/2112/2528 1518/2111/2527
f 1499/2091/2508 1500/2092/2509 1520/2113/2529 1519/2112/2528
f 1500/2092/2509 1501/2093/2510 1521/2114/2530 1520/2113/2529
f 1501/2093/2510 1502/2094/2511 1522/2115/2531 1521/2114/2530
f 1502/2094/2511 1483/2095/2493 1503/2116/2513 1522/2115/2531
f 1503/2096/2513 1504/2097/2512 1524/2118/2532 1523/2117/2533
f 1504/2097/2512 1505/2098/2514 1525/2119/2534 1524/2118/2532
f 1505/2098/2514 1506/2099/2515 1526/2120/2535 1525/2119/2534
f 1506/2099/2515 1507/2100/2516 1527/2121/2536 1526/2120/2535
f 1507/2100/2516 1508/2101/2517 1528/2122/2537 1527/2121/2536
f 1508/2101/2517 1509/2102/2518 1529/2123/2538 1528/2122/2537
f 1509/2102/2518 1510/2103/2519 1530/2124/2539 1529/2123/2538
f 1510/2103/2519 1511/2104/2520 1531/2125/2540 1530/2124/2539
f 1511/2104/2520 1512/2105/2521 1532/2126/2541 1531/2125/2540
f 1512/2105/2521 1513/2106/2522 1533/2127/2542 1532/2126/2541
f 1513/2106/2522 1514/2107/2523 1534/2128/2543 1533/2127/2542
f 1514/2107/2523 1515/2108/2524 1535/2129/2544 1534/2128/2543
f 1515/2108/2524 1516/2109/2525 1536/2130/2545 1535/2129/2544
f 1516/2109/2525 1517/2110/2526 1537/2131/2546 1536/2130/2545
f 1517/2110/2526 1518/2111/2527 1538/2132/2547 1537/2131/2546
f 1518/2111/2527 1519/2112/2528 1539/2133/2548 1538/2132/2547
f 1519/2112/2528 1520/2113/2529 1540/2134/2549 1539/2133/2548
f 1520/2113/2529 1521/2114/2530 1541/2135/2550 1540/2134/2549
f 1521/2114/2530 1522/2115/2531 1542/2136/2551 1541/2135/2550
f 1522/2115/2531 1503/2116/2513 1523/2137/2533 1542/2136/2551
f 1523/2117/2533 1524/2118/2532 1544/2139/2552 1543/2138/2553
f 1524/2118/2532 1525/2119/2534 1545/2140/2554 1544/2139/2552
f 1525/2119/2534 1526/2120/2535 1546/2141/2555 1545/2140/2554
f 1526/2120/2535 1527/2121/2536 1547/2142/2556 1546/2141/2555
f 1527/2121/2536 1528/2122/2537 1548/2143/2557 1547/2142/2556
f 1528/2122/2537 1529/2123/2538 1549/2144/2558 1548/2143/2557
f 1529/2123/2538 1530/2124/2539 1550/2145/2559 1549/2144/2558
f 1530/2124/2539 1531/2125/2540 1551/2146/2560 1550/2145/2559
f 1531/2125/2540 1532/2126/2541 1552/2147/2561 1551/2146/2560
f 1532/2126/2541 1533/2127/2542 1553/2148/2562 1552/2147/2561
f 1533/2127/2542 1534/2128/2543 1554/2149/2563 1553/2148/2562
f 1534/2128/2543 1535/2129/2544 1555/2150/2564 1554/2149/2563
f 1535/2129/2544 1536/2130/2545 1556/2151/2565 1555/2150/2564
f 1536/2130/2545 1537/2131/2546 1557/2152/2566 1556/2151/2565
f 1537/2131/2546 1538/2132/2547 1558/2153/2567 1557/2152/2566
f 1538/2132/2547 1539/2133/2548 1559/2154/2568 1558/2153/2567
f 1539/2133/2548 1540/2134/2549 1560/2155/2569 1559/2154/2568
f 1540/2134/2549 1541/2135/2550 1561/2156/2570 1560/2155/2569
f 1541/2135/2550 1542/2136/2551 1562/2157/2571 1561/2156/2570
f 1542/2136/2551 1523/2137/2533 1543/2158/2553 1562/2157/2571
f 1543/2138/2553 1544/2139/2552 1564/2160/2572 1563/2159/2573
f 1544/2139/2552 1545/2140/2554 1565/2161/2574 1564/2160/2572
f 1545/2140/2554 1546/2141/2555 1566/2162/2575 1565/2161/2574
f 1546/2141/2555 1547/2142/2556 1567/2163/2576 1566/2162/2575
f 1547/2142/2556 1548/2143/2557 1568/2164/2577 1567/2163/2576
f 1548/2143/2557 1549/2144/2558 1569/2165/2578 1568/2164/2577
f 1549/2144/2558 1550/2145/2559 1570/2166/2579 1569/2165/2578
f 1550/2145/2559 1551/2146/2560 1571/2167/2580 1570/2166/2579
f 1551/2146/2560 1552/2147/2561 1572/2168/2581 1571/2167/2580
f 1552/2147/2561 1553/2148/2562 1573/2169/2582 1572/2168/2581
f 1553/2148/2562 1554/2149/2563 1574/2170/2583 1573/2169/2582
f 1554/2149/2563 1555/2150/2564 1575/2171/2584 1574/2170/2583
f 1555/2150/2564 1556/2151/2565 1576/2172/2585 1575/2171/2584
f 1556/2151/2565 1557/2152/2566 1577/2173/2586 1576/2172/2585
f 1557/2152/2566 1558/2153/2567 1578/2174/2587 1577/2173/2586
f 1558/2153/2567 1559/2154/2568 1579/2175/2588 1578/2174/2587
f 1559/2154/2568 1560/2155/2569 1580/2176/2589 1579/2175/2588
f 1560/2155/2569 1561/2156/2570 1581/2177/2590 1580/2176/2589
f 1561/2156/2570 1562/2157/2571 1582/2178/2591 1581/2177/2590
f 1562/2157/2571 1543/2158/2553 1563/2179/2573 1582/2178/2591
f 1563/2159/2573 1564/2160/2572 1584/2181/2592 1583/2180/2593
f 1564/2160/2572 1565/2161/2574 1585/2182/2594 1584/2181/2592
f 1565/2161/2574 1566/2162/2575 1586/2183/2595 1585/2182/2594
f 1566/2162/2575 1567/2163/2576 1587/2184/2596 1586/2183/2595
f 1567/2163/2576 1568/2164/2577 1588/2185/2597 1587/2184/2596
f 1568/2164/2577 1569/2165/2578 1589/2186/2598 1588/2185/2597
f 1569/2165/2578 1570/2166/2579 1590/2187/2599 1589/2186/2598
f 1570/2166/2579 1571/2167/2580 1591/2188/2600 1590/2187/2599
f 1571/2167/2580 1572/2168/2581 1592/2189/2601 1591/2188/2600
f 1572/2168/2581 1573/2169/2582 1593/2190/2602 1592/2189/2601
f 1573/2169/2582 1574/2170/2583 1594/2191/2603 1593/2190/2602
f 1574/2170/2583 1575/2171/2584 1595/2192/2604 1594/2191/2603
f 1575/2171/2584 1576/2172/2585 1596/2193/2605 1595/2192/2604
f 1576/2172/2585 1577/2173/2586 1597/2194/2606 1596/2193/2605
f 1577/2173/2586 1578/2174/2587 1598/2195/2607 1597/2194/2606
f 1578/2174/2587 1579/2175/2588 1599/2196/2608 1598/2195/2607
f 1579/2175/2588 1580/2176/2589 1600/2197/2609 1599/2196/2608
f 1580/2176/2589 1581/2177/2590 1601/2198/2610 1600/2197/2609
f 1581/2177/2590 1582/2178/2591 1602/2199/2611 1601/2198/2610
f 1582/2178/2591 1563/2179/2573 1583/2200/2593 1602/2199/2611
f 1583/2180/2593 1584/2181/2592 1604/2202/2612 1603/2201/2613
f 1584/2181/2592 1585/2182/2594 1605/2203/2614 1604/2202/2612
f 1585/2182/2594 1586/2183/2595 1606/2204/2615 1605/2203/2614
f 1586/2183/2595 1587/2184/2596 1607/2205/2616 1606/2204/2615
f 1587/2184/2596 1588/2185/2597 1608/2206/2617 1607/2205/2616
f 1588/2185/2597 1589/2186/2598 1609/2207/2618 1608/2206/2617
f 1589/2186/2598 1590/2187/2599 1610/2208/2619 1609/2207/2618
f 1590/2187/2599 1591/2188/2600 1611/2209/2620 1610/2208/2619
f 1591/2188/2600 1592/2189/2601 1612/2210/2621 1611/2209/2620
f 1592/2189/2601 1593/2190/2602 1613/2211/2622 1612/2210/2621
f 1593/2190/2602 1594/2191/2603 1614/2212/2623 1613/2211/2622
f 1594/2191/2603 1595/2192/2604 1615/2213/2624 1614/2212/2623
f 1595/2192/2604 1596/2193/2605 1616/2214/2625 1615/2213/2624
f 1596/2193/2605 1597/2194/2606 1617/2215/2626 1616/2214/2625
f 1597/2194/2606 1598/2195/2607 1618/2216/2627 1617/2215/2626
f 1598/2195/2607 1599/2196/2608 1619/2217/2628 1618/2216/2627
f 1599/2196/2608 1600/2197/2609 1620/2218/2629 1619/2217/2628
f 1600/2197/2609 1601/2198/2610 1621/2219/2630 1620/2218/2629
f 1601/2198/2610 1602/2199/2611 1622/2220/2631 1621/2219/2630
f 1602/2199/2611 1583/2200/2593 1603/2221/2613 1622/2220/2631
f 1603/2201/2613 1604/2202/2612 1624/2223/2632 1623/2222/2633
f 1604/2202/2612 1605/2203/2614 1625/2224/2634 1624/2223/2632
f 1605/2203/2614 1606/2204/2615 1626/2225/2635 1625/2224/2634
f 1606/2204/2615 1607/2205/2616 1627/2226/2636 1626/2225/2635
f 1607/2205/2616 1608/2206/2617 1628/2227/2637 1627/2226/2636
f 1608/2206/2617 1609/2207/2618 1629/2228/2638 1628/2227/2637
f 1609/2207/2618 1610/2208/2619 1630/2229/2639 1629/2228/2638
f 1610/2208/2619 1611/2209/2620 1631/2230/2640 1630/2229/2639
f 1611/2209/2620 1612/2210/2621 1632/2231/2641 1631/2230/2640
f 1612/2210/2621 1613/2211/2622 1633/2232/2642 1632/2231/2641
f 1613/2211/2622 1614/2212/2623 1634/2233/2643 1633/2232/2642
f 1614/2212/2623 1615/2213/2624 1635/2234/2644 1634/2233/2643
f 1615/2213/2624 1616/2214/2625 1636/2235/2645 1635/2234/2644
f 1616/2214/2625 1617/2215/2626 1637/2236/2646 1636/2235/2645
f 1617/2215/2626 1618/2216/2627 1638/2237/2647 1637/2236/2646
f 1618/2216/2627 1619/2217/2628 1639/2238/2648 1638/2237/2647
f 1619/2217/2628 1620/2218/2629 1640/2239/2649 1639/2238/2648
f 1620/2218/2629 1621/2219/2630 1641/2240/2650 1640/2239/2649
f 1621/2219/2630 1622/2220/2631 1642/2241/2651 1641/2240/2650
f 1622/2220/2631 1603/2221/2613 1623/2242/2633 1642/2241/2651
f 1623/2222/2633 1624/2223/2632 1644/2244/2652 1643/2243/2653
f 1624/2223/2632 1625/2224/2634 1645/2245/2654 1644/2244/2652
f 1625/2224/2634 1626/2225/2635 1646/2246/2655 1645/2245/2654
f 1626/2225/2635 1627/2226/2636 1647/2247/2656 1646/2246/2655
f 1627/2226/2636 1628/2227/2637 1648/2248/2657 1647/2247/2656
f 1628/2227/2637 1629/2228/2638 1649/2249/2658 1648/2248/2657
f 1629/2228/2638 1630/2229/2639 1650/2250/2659 1649/2249/2658
f 1630/2229/2639 1631/2230/2640 1651/2251/2660 1650/2250/2659
f 1631/2230/2640 1632/2231/2641 1652/2252/2661 1651/2251/2660
f 1632/2231/2641 1633/2232/2642 1653/2253/2662 1652/2252/2661
f 1633/2232/2642 1634/2233/2643 1654/2254/2663 1653/2253/2662
f 1634/2233/2643 1635/2234/2644 1655/2255/2664 1654/2254/2663
f 1635/2234/2644 1636/2235/2645 1656/2256/2665 1655/2255/2664
f 1636/2235/2645 1637/2236/2646 1657/2257/2666 1656/2256/2665
f 1637/2236/2646 1638/2237/2647 1658/2258/2667 1657/2257/2666
f 1638/2237/2647 1639/2238/2648 1659/2259/2668 1658/2258/2667
f 1639/2238/2648 1640/2239/2649 1660/2260/2669 1659/2259/2668
f 1640/2239/2649 1641/2240/2650 1661/2261/2670 1660/2260/2669
f 1641/2240/2650 1642/2241/2651 1662/2262/2671 1661/2261/2670
f 1642/2241/2651 1623/2242/2633 1643/2263/2653 1662/2262/2671
f 1643/2243/2653 1644/2244/2652 1664/2265/2672 1663/2264/2673
f 1644/2244/2652 1645/2245/2654 1665/2266/2674 1664/2265/2672
f 1645/2245/2654 1646/2246/2655 1666/2267/2675 1665/2266/2674
f 1646/2246/2655 1647/2247/2656 1667/2268/2676 1666/2267/2675
f 1647/2247/2656 1648/2248/2657 1668/2269/2677 1667/2268/2676
f 1648/2248/2657 1649/2249/2658 1669/2270/2678 1668/2269/2677
f 1649/2249/2658 1650/2250/2659 1670/2271/2679 1669/2270/2678
f 1650/2250/2659 1651/2251/2660 1671/2272/2680 1670/2271/2679
f 1651/2251/2660 1652/2252/2661 1672/2273/2681 1671/2272/2680
f 1652/2252/2661 1653/2253/2662 1673/2274/2682 1672/2273/2681
f 1653/2253/2662 1654/2254/2663 1674/2275/2683 1673/2274/2682
f 1654/2254/2663 1655/2255/2664 1675/2276/2684 1674/2275/2683
f 1655/2255/2664 1656/2256/2665 1676/2277/2685 1675/2276/2684
f 1656/2256/2665 1657/2257/2666 1677/2278/2686 1676/2277/2685
f 1657/2257/2666 1658/2258/2667 1678/2279/2687 1677/2278/2686
f 1658/2258/2667 1659/2259/2668 1679/2280/2688 1678/2279/2687
f 1659/2259/2668 1660/2260/2669 1680/2281/2689 1679/2280/2688
f 1660/2260/2669 1661/2261/2670 1681/2282/2690 1680/2281/2689
f 1661/2261/2670 1662/2262/2671 1682/2283/2691 1681/2282/2690
f 1662/2262/2671 1643/2263/2653 1663/2284/2673 1682/2283/2691
f 1663/2264/2673 1664/2265/2672 1684/2286/2692 1683/2285/2693
f 1664/2265/2672 1665/2266/2674 1685/2287/2694 1684/2286/2692
f 1665/2266/2674 1666/2267/2675 1686/2288/2695 1685/2287/2694
f 1666/2267/2675 1667/2268/2676 1687/2289/2696 1686/2288/2695
f 1667/2268/2676 1668/2269/2677 1688/2290/2697 1687/2289/2696
f 1668/2269/2677 1669/2270/2678 1689/2291/2698 1688/2290/2697
f 1669/2270/2678 1670/2271/2679 1690/2292/2699 1689/2291/2698
f 1670/2271/2679 1671/2272/2680 1691/2293/2700 1690/2292/2699
f 1671/2272/2680 1672/2273/2681 1692/2294/2701 1691/2293/2700
f 1672/2273/2681 1673/2274/2682 1693/2295/2702 1692/2294/2701
f 1673/2274/2682 1674/2275/2683 1694/2296/2703 1693/2295/2702
f 1674/2275/2683 1675/2276/2684 1695/2297/2704 1694/2296/2703
f 1675/2276/2684 1676/2277/2685 1696/2298/2705 1695/2297/2704
f 1676/2277/2685 1677/2278/2686 1697/2299/2706 1696/2298/2705
f 1677/2278/2686 1678/2279/2687 1698/2300/2707 1697/2299/2706
f 1678/2279/2687 1679/2280/2688 1699/2301/2708 1698/2300/2707
f 1679/2280/2688 1680/2281/2689 1700/2302/2709 1699/2301/2708
f 1680/2281/2689 1681/2282/2690 1701/2303/2710 1700/2302/2709
f 1681/2282/2690 1682/2283/2691 1702/2304/2711 1701/2303/2710
f 1682/2283/2691 1663/2284/2673 1683/2305/2693 1702/2304/2711
f 1324/1908/2333 1323/1907/2332 1703/2306/2712
f 1325/1909/2336 1324/1908/2333 1703/2307/2712
f 1326/1910/2338 1325/1909/2336 1703/2308/2712
f 1327/1911/2340 1326/1910/2338 1703/2309/2712
f 1328/1912/2342 1327/1911/2340 1703/2310/2712
f 1329/1913/2344 1328/1912/2342 1703/2311/2712
f 1330/1914/2346 1329/1913/2344 1703/2312/2712
f 1331/1915/2348 1330/1914/2346 1703/2313/2712
f 1332/1916/2350 1331/1915/2348 1703/2314/2712
f 1333/1917/2352 1332/1916/2350 1703/2315/2712
f 1334/1918/2354 1333/1917/2352 1703/2316/2712
f 1335/1919/2356 1334/1918/2354 1703/2317/2712
f 1336/1920/2358 1335/1919/2356 1703/2318/2712
f 1337/1921/2360 1336/1920/2358 1703/2319/2712
f 1338/1922/2362 1337/1921/2360 1703/2320/2712
f 1339/1923/2364 1338/1922/2362 1703/2321/2712
f 1340/1924/2366 1339/1923/2364 1703/2322/2712
f 1341/1925/2368 1340/1924/2366 1703/2323/2712
f 1342/1926/2370 1341/1925/2368 1703/2324/2712
f 1323/1927/2332 1342/1926/2370 1703/2325/2712
f 1683/2285/2693 1684/2286/2692 1704/2326/2713
f 1684/2286/2692 1685/2287/2694 1704/2327/2713
f 1685/2287/2694 1686/2288/2695 1704/2328/2713
f 1686/2288/2695 1687/2289/2696 1704/2329/2713
f 1687/2289/2696 1688/2290/2697 1704/2330/2713
f 1688/2290/2697 1689/2291/2698 1704/2331/2713
f 1689/2291/2698 1690/2292/2699 1704/2332/2713
f 1690/2292/2699 1691/2293/2700 1704/2333/2713
f 1691/2293/2700 1692/2294/2701 1704/2334/2713
f 1692/2294/2701 1693/2295/2702 1704/2335/2713
f 1693/2295/2702 1694/2296/2703 1704/2336/2713
f 1694/2296/2703 1695/2297/2704 1704/2337/2713
f 1695/2297/2704 1696/2298/2705 1704/2338/2713
f 1696/2298/2705 1697/2299/2706 1704/2339/2713
f 1697/2299/2706 1698/2300/2707 1704/2340/2713
f 1698/2300/2707 1699/2301/2708 1704/2341/2713
f 1699/2301/2708 1700/2302/2709 1704/2342/2713
f 1700/2302/2709 1701/2303/2710 1704/2343/2713
f 1701/2303/2710 1702/2304/2711 1704/2344/2713
f 1702/2304/2711 1683/2305/2693 1704/2345/2713
g default
v -710.145827 3159.158601 -618.850456
v -709.253502 3159.556985 -619.518428
v -708.486083 3159.687944 -620.410089
v -707.918689 3159.538660 -621.438154
v -707.606863 3159.123746 -622.501992
v -707.581126 3158.483815 -623.497465
v -707.843999 3157.681510 -624.327130
v -708.369749 3156.795365 -624.909773
v -709.106912 3155.912123 -625.188362
v -709.983331 3155.118241 -625.135626
v -710.913214 3154.491429 -624.756728
v -711.805539 3154.093046 -624.088756
v -712.572957 3153.962086 -623.197096
v -713.140351 3154.111370 -622.169031
v -713.452177 3154.526284 -621.105194
v -713.477914 3155.166214 -620.109721
v -713.215042 3155.968519 -619.280057
v -712.689292 3156.854664 -618.697413
v -711.952128 3157.737906 -618.418824
v -711.075710 3158.531788 -618.471560
v -854.388252 3311.638241 -720.599732
v -853.495927 3312.036625 -721.267704
v -852.728507 3312.167584 -722.159364
v -852.161114 3312.018300 -723.187430
v -851.849287 3311.603386 -724.251267
v -851.823551 3310.963456 -725.246740
v -852.086423 3310.161150 -726.076405
v -852.612174 3309.275006 -726.659048
v -853.349337 3308.391763 -726.937637
v -854.225756 3307.597881 -726.884901
v -855.155639 3306.971070 -726.506003
v -856.047963 3306.572686 -725.838031
v -856.815382 3306.441726 -724.946372
v -857.382775 3306.591010 -723.918306
v -857.694602 3307.005925 -722.854469
v -857.720339 3307.645855 -721.858997
v -857.457466 3308.448159 -721.029332
v -856.931716 3309.334304 -720.446688
v -856.194553 3310.217546 -720.168099
v -855.318135 3311.011428 -720.220835
v -710.529520 3156.825015 -621.803593
v -854.771945 3309.304655 -723.552868
vt 0.648603 0.107966
vt 0.626409 0.064408
vt 0.591842 0.029841
vt 0.548284 0.007647
vt 0.500000 -0.000000
vt 0.451716 0.007647
vt 0.408159 0.029841
vt 0.373591 0.064409
vt 0.351397 0.107966
vt 0.343750 0.156250
vt 0.351397 0.204534
vt 0.373591 0.248091
vt 0.408159 0.282659
vt 0.451716 0.304853
vt 0.500000 0.312500
vt 0.548284 0.304853
vt 0.591841 0.282659
vt 0.626409 0.248091
vt 0.648603 0.204534
vt 0.656250 0.156250
vt 0.375000 0.312500
vt 0.387500 0.312500
vt 0.400000 0.312500
vt 0.412500 0.312500
vt 0.425000 0.312500
vt 0.437500 0.312500
vt 0.450000 0.312500
vt 0.462500 0.312500
vt 0.475000 0.312500
vt 0.487500 0.312500
vt 0.500000 0.312500
vt 0.512500 0.312500
vt 0.525000 0.312500
vt 0.537500 0.312500
vt 0.550000 0.312500
vt 0.562500 0.312500
vt 0.575000 0.312500
vt 0.587500 0.312500
vt 0.600000 0.312500
vt 0.612500 0.312500
vt 0.625000 0.312500
vt 0.375000 0.687500
vt 0.387500 0.687500
vt 0.400000 0.687500
vt 0.412500 0.687500
vt 0.425000 0.687500
vt 0.437500 0.687500
vt 0.450000 0.687500
vt 0.462500 0.687500
vt 0.475000 0.687500
vt 0.487500 0.687500
vt 0.500000 0.687500
vt 0.512500 0.687500
vt 0.525000 0.687500
vt 0.537500 0.687500
vt 0.550000 0.687500
vt 0.562500 0.687500
vt 0.575000 0.687500
vt 0.587500 0.687500
vt 0.600000 0.687500
vt 0.612500 0.687500
vt 0.625000 0.687500
vt 0.648603 0.795466
vt 0.626409 0.751908
vt 0.591842 0.717341
vt 0.548284 0.695147
vt 0.500000 0.687500
vt 0.451716 0.695147
vt 0.408159 0.717341
vt 0.373591 0.751909
vt 0.351397 0.795466
vt 0.343750 0.843750
vt 0.351397 0.892034
vt 0.373591 0.935591
vt 0.408159 0.970159
vt 0.451716 0.992353
vt 0.500000 1.000000
vt 0.548284 0.992353
vt 0.591841 0.970159
vt 0.626409 0.935591
vt 0.648603 0.892034
vt 0.656250 0.843750
vt 0.500000 0.156250
vt 0.500000 0.843750
vn 0.101415 0.616801 0.780558
vn 0.337271 0.722100 0.604003
vn 0.337271 0.722100 0.604003
vn 0.101415 0.616801 0.780558
vn 0.540111 0.756715 0.368324
vn 0.540111 0.756715 0.368324
vn 0.690082 0.717257 0.096591
vn 0.690082 0.717257 0.096591
vn 0.772502 0.607589 -0.184597
vn 0.772502 0.607589 -0.184597
vn 0.779305 0.438446 -0.447716
vn 0.779305 0.438446 -0.447716
vn 0.709824 0.226384 -0.667009
vn 0.709824 0.226384 -0.667009
vn 0.570860 -0.007837 -0.821010
vn 0.570860 -0.007837 -0.821010
vn 0.376017 -0.241291 -0.894645
vn 0.376017 -0.241291 -0.894645
vn 0.144366 -0.451126 -0.880706
vn 0.144366 -0.451126 -0.880706
vn -0.101416 -0.616802 -0.780558
vn -0.101416 -0.616802 -0.780558
vn -0.337271 -0.722100 -0.604003
vn -0.337271 -0.722100 -0.604003
vn -0.540111 -0.756715 -0.368324
vn -0.540111 -0.756715 -0.368324
vn -0.690082 -0.717257 -0.096591
vn -0.690082 -0.717257 -0.096591
vn -0.772502 -0.607589 0.184597
vn -0.772502 -0.607589 0.184597
vn -0.779305 -0.438446 0.447716
vn -0.779305 -0.438446 0.447716
vn -0.709824 -0.226385 0.667009
vn -0.709824 -0.226385 0.667009
vn -0.570860 0.007837 0.821010
vn -0.570860 0.007837 0.821010
vn -0.376017 0.241291 0.894645
vn -0.376017 0.241291 0.894645
vn -0.144367 0.451125 0.880707
vn -0.144367 0.451125 0.880707
vn 0.618384 -0.653698 0.436211
vn 0.618384 -0.653698 0.436211
vn 0.618384 -0.653698 0.436211
vn 0.618384 -0.653698 0.436211
vn 0.618384 -0.653698 0.436211
vn 0.618384 -0.653698 0.436211
vn 0.618384 -0.653698 0.436211
vn 0.618384 -0.653698 0.436211
vn 0.618384 -0.653698 0.436211
vn 0.618384 -0.653698 0.436211
vn 0.618384 -0.653698 0.436211
vn 0.618384 -0.653698 0.436211
vn 0.618384 -0.653698 0.436211
vn 0.618384 -0.653698 0.436211
vn 0.618384 -0.653698 0.436211
vn 0.618386 -0.653697 0.436211
vn 0.618386 -0.653697 0.436211
vn 0.618387 -0.653696 0.436210
vn 0.618381 -0.653700 0.436212
vn 0.618378 -0.653703 0.436212
vn 0.618384 -0.653698 0.436211
vn -0.618384 0.653698 -0.436211
vn -0.618384 0.653698 -0.436211
vn -0.618384 0.653698 -0.436211
vn -0.618384 0.653698 -0.436211
vn -0.618384 0.653698 -0.436211
vn -0.618384 0.653698 -0.436211
vn -0.618384 0.653698 -0.436211
vn -0.618384 0.653698 -0.436211
vn -0.618384 0.653698 -0.436211
vn -0.618384 0.653698 -0.436211
vn -0.618384 0.653698 -0.436211
vn -0.618384 0.653698 -0.436211
vn -0.618384 0.653698 -0.436211
vn -0.618384 0.653698 -0.436211
vn -0.618384 0.653698 -0.436211
vn -0.618384 0.653698 -0.436211
vn -0.618384 0.653698 -0.436211
vn -0.618384 0.653698 -0.436211
vn -0.618384 0.653698 -0.436211
vn -0.618384 0.653698 -0.436211
vn -0.618384 0.653698 -0.436211
s 1
g group2 lolipop pCylinder12
usemtl initialShadingGroup
f 1705/2366/2714 1706/2367/2715 1726/2388/2716 1725/2387/2717
f 1706/2367/2715 1707/2368/2718 1727/2389/2719 1726/2388/2716
f 1707/2368/2718 1708/2369/2720 1728/2390/2721 1727/2389/2719
f 1708/2369/2720 1709/2370/2722 1729/2391/2723 1728/2390/2721
f 1709/2370/2722 1710/2371/2724 1730/2392/2725 1729/2391/2723
f 1710/2371/2724 1711/2372/2726 1731/2393/2727 1730/2392/2725
f 1711/2372/2726 1712/2373/2728 1732/2394/2729 1731/2393/2727
f 1712/2373/2728 1713/2374/2730 1733/2395/2731 1732/2394/2729
f 1713/2374/2730 1714/2375/2732 1734/2396/2733 1733/2395/2731
f 1714/2375/2732 1715/2376/2734 1735/2397/2735 1734/2396/2733
f 1715/2376/2734 1716/2377/2736 1736/2398/2737 1735/2397/2735
f 1716/2377/2736 1717/2378/2738 1737/2399/2739 1736/2398/2737
f 1717/2378/2738 1718/2379/2740 1738/2400/2741 1737/2399/2739
f 1718/2379/2740 1719/2380/2742 1739/2401/2743 1738/2400/2741
f 1719/2380/2742 1720/2381/2744 1740/2402/2745 1739/2401/2743
f 1720/2381/2744 1721/2382/2746 1741/2403/2747 1740/2402/2745
f 1721/2382/2746 1722/2383/2748 1742/2404/2749 1741/2403/2747
f 1722/2383/2748 1723/2384/2750 1743/2405/2751 1742/2404/2749
f 1723/2384/2750 1724/2385/2752 1744/2406/2753 1743/2405/2751
f 1724/2385/2752 1705/2386/2714 1725/2407/2717 1744/2406/2753
s 2
f 1706/2347/2754 1705/2346/2755 1745/2428/2756
f 1707/2348/2757 1706/2347/2754 1745/2428/2756
f 1708/2349/2758 1707/2348/2757 1745/2428/2756
f 1709/2350/2759 1708/2349/2758 1745/2428/2756
f 1710/2351/2760 1709/2350/2759 1745/2428/2756
f 1711/2352/2761 1710/2351/2760 1745/2428/2756
f 1712/2353/2762 1711/2352/2761 1745/2428/2756
f 1713/2354/2763 1712/2353/2762 1745/2428/2756
f 1714/2355/2764 1713/2354/2763 1745/2428/2756
f 1715/2356/2765 1714/2355/2764 1745/2428/2756
f 1716/2357/2766 1715/2356/2765 1745/2428/2756
f 1717/2358/2767 1716/2357/2766 1745/2428/2756
f 1718/2359/2768 1717/2358/2767 1745/2428/2756
f 1719/2360/2769 1718/2359/2768 1745/2428/2756
f 1720/2361/2770 1719/2360/2769 1745/2428/2756
f 1721/2362/2771 1720/2361/2770 1745/2428/2756
f 1722/2363/2772 1721/2362/2771 1745/2428/2756
f 1723/2364/2773 1722/2363/2772 1745/2428/2756
f 1724/2365/2774 1723/2364/2773 1745/2428/2756
f 1705/2346/2755 1724/2365/2774 1745/2428/2756
s 3
f 1725/2426/2775 1726/2425/2776 1746/2429/2777
f 1726/2425/2776 1727/2424/2778 1746/2429/2777
f 1727/2424/2778 1728/2423/2779 1746/2429/2777
f 1728/2423/2779 1729/2422/2780 1746/2429/2777
f 1729/2422/2780 1730/2421/2781 1746/2429/2777
f 1730/2421/2781 1731/2420/2782 1746/2429/2777
f 1731/2420/2782 1732/2419/2783 1746/2429/2777
f 1732/2419/2783 1733/2418/2784 1746/2429/2777
f 1733/2418/2784 1734/2417/2785 1746/2429/2777
f 1734/2417/2785 1735/2416/2786 1746/2429/2777
f 1735/2416/2786 1736/2415/2787 1746/2429/2777
f 1736/2415/2787 1737/2414/2788 1746/2429/2777
f 1737/2414/2788 1738/2413/2789 1746/2429/2777
f 1738/2413/2789 1739/2412/2790 1746/2429/2777
f 1739/2412/2790 1740/2411/2791 1746/2429/2777
f 1740/2411/2791 1741/2410/2792 1746/2429/2777
f 1741/2410/2792 1742/2409/2793 1746/2429/2777
f 1742/2409/2793 1743/2408/2794 1746/2429/2777
f 1743/2408/2794 1744/2427/2795 1746/2429/2777
f 1744/2427/2795 1725/2426/2775 1746/2429/2777
g default
v -841.151594 2721.185150 -1243.179905
v -838.673903 2721.185150 -298.903129
v -841.151594 2736.538781 -1243.179905
v -838.673903 2736.538781 -298.903129
v -111.583768 2736.538781 -1245.657592
v -109.106077 2736.538781 -301.380787
v -111.583768 2721.185150 -1245.657592
v -109.106077 2721.185150 -301.380787
vt 0.375000 0.000000
vt 0.625000 0.000000
vt 0.375000 0.250000
vt 0.625000 0.250000
vt 0.375000 0.500000
vt 0.625000 0.500000
vt 0.375000 0.750000
vt 0.625000 0.750000
vt 0.375000 1.000000
vt 0.625000 1.000000
vt 0.875000 0.000000
vt 0.875000 0.250000
vt 0.125000 0.000000
vt 0.125000 0.250000
vn -0.999997 0.000000 0.002624
vn -0.999997 0.000000 0.002624
vn -0.999997 0.000000 0.002624
vn -0.999997 0.000000 0.002624
vn 0.000000 1.000000 -0.000000
vn 0.000000 1.000000 -0.000000
vn 0.000000 1.000000 -0.000000
vn 0.000000 1.000000 -0.000000
vn 0.999997 0.000000 -0.002624
vn 0.999997 0.000000 -0.002624
vn 0.999997 0.000000 -0.002624
vn 0.999997 0.000000 -0.002624
vn -0.000000 -1.000000 0.000000
vn -0.000000 -1.000000 0.000000
vn -0.000000 -1.000000 0.000000
vn -0.000000 -1.000000 0.000000
vn 0.003396 0.000000 0.999994
vn 0.003396 0.000000 0.999994
vn 0.003396 0.000000 0.999994
vn 0.003396 0.000000 0.999994
vn -0.003396 0.000000 -0.999994
vn -0.003396 0.000000 -0.999994
vn -0.003396 0.000000 -0.999994
vn -0.003396 0.000000 -0.999994
s off
g group2 pCube49
usemtl initialShadingGroup
f 1747/2430/2796 1748/2431/2797 1750/2433/2798 1749/2432/2799
f 1749/2432/2800 1750/2433/2801 1752/2435/2802 1751/2434/2803
f 1751/2434/2804 1752/2435/2805 1754/2437/2806 1753/2436/2807
f 1753/2436/2808 1754/2437/2809 1748/2439/2810 1747/2438/2811
f 1748/2431/2812 1754/2440/2813 1752/2441/2814 1750/2433/2815
f 1753/2442/2816 1747/2430/2817 1749/2432/2818 1751/2443/2819
g default
v -173.475174 3597.738803 -741.151128
v -173.475174 3336.069752 -741.151128
v -653.676328 3336.069752 -739.891127
v -705.662994 3336.069752 -750.090158
v -749.789405 3336.069752 -779.407325
v -779.337697 3336.069752 -823.379259
v -789.809276 3336.069752 -875.311680
v -653.676328 3597.738803 -739.891127
v -789.809276 3597.738803 -875.311680
v -779.337697 3597.738803 -823.379259
v -749.789405 3597.738803 -779.407325
v -705.662994 3597.738803 -750.090158
v -653.676328 3506.950362 -739.891127
v -173.475174 3506.950362 -741.151128
v -789.809276 3506.950362 -875.311680
v -779.337697 3506.950362 -823.379259
v -749.789405 3506.950362 -779.407325
v -705.662994 3506.950362 -750.090158
v -215.155529 3336.069752 -741.041763
v -215.155529 3506.950362 -741.041763
v -215.155529 3597.738803 -741.041763
v -651.070364 3506.950362 -767.081231
v -651.070364 3336.069752 -767.081231
v -215.226854 3336.069752 -768.224842
v -215.226854 3506.950362 -768.224842
v -763.162513 3336.069752 -880.684747
v -753.759570 3336.069752 -834.052753
v -753.759570 3506.950362 -834.052753
v -763.162513 3506.950362 -880.684747
v -730.242937 3336.069752 -799.056617
v -730.242937 3506.950362 -799.056617
v -695.123857 3336.069752 -775.723881
v -695.123857 3506.950362 -775.723881
v -729.049111 3336.069752 -1192.331171
v -790.479070 3336.069752 -1130.577919
v -785.852516 3336.069752 -1154.160323
v -772.553626 3336.069752 -1174.177097
v -752.606909 3336.069752 -1187.580919
v -729.049111 3506.950362 -1192.331171
v -752.606909 3506.950362 -1187.580919
v -772.553626 3506.950362 -1174.177097
v -785.852516 3506.950362 -1154.160323
v -790.479070 3506.950362 -1130.577919
v -179.251499 3597.738803 -1155.751985
v -192.655289 3597.738803 -1175.698694
v -212.672091 3597.738803 -1188.997656
v -236.254512 3597.738803 -1193.624216
v -174.501233 3597.738803 -1132.194185
v -174.501233 3506.950362 -1132.194185
v -179.251499 3506.950362 -1155.751985
v -192.655289 3506.950362 -1175.698694
v -212.672091 3506.950362 -1188.997656
v -236.254512 3506.950362 -1193.624216
v -212.672091 3336.069752 -1188.997656
v -192.655289 3336.069752 -1175.698694
v -179.251499 3336.069752 -1155.751985
v -174.501233 3336.069752 -1132.194185
v -236.254512 3336.069752 -1193.624216
v -752.606909 3597.738803 -1187.580919
v -772.553626 3597.738803 -1174.177097
v -785.852516 3597.738803 -1154.160323
v -790.479070 3597.738803 -1130.577919
v -729.049111 3597.738803 -1192.331171
vt 0.675771 0.000000
vt 0.875000 0.000000
vt 0.875000 0.250000
vt 0.550008 0.000000
vt 0.675771 0.250000
vt 0.652077 0.000000
vt 0.625000 0.000000
vt 0.589023 0.000000
vt 0.588356 0.248803
vt 0.625000 0.250000
vt 0.652077 0.250000
vt 0.675771 0.125000
vt 0.875000 0.125000
vt 0.588689 0.124402
vt 0.625000 0.125000
vt 0.652077 0.125000
vt 0.775385 0.000000
vt 0.775385 0.125000
vt 0.775385 0.250000
vt 0.675771 0.000000
vt 0.775385 0.000000
vt 0.775385 0.125000
vt 0.675771 0.125000
vt 0.550008 0.000000
vt 0.589023 0.000000
vt 0.588689 0.124402
vt 0.550008 0.125000
vt 0.625000 0.000000
vt 0.625000 0.125000
vt 0.652077 0.000000
vt 0.652077 0.125000
vt 0.409018 -0.000000
vt 0.149998 0.000000
vt 0.409018 0.750000
vt 0.409018 0.125000
vt 0.550008 0.250000
vt 0.625000 0.625000
vt 0.149998 0.125000
vt 0.149997 0.250000
vt 0.409018 0.625000
vt 0.625000 0.750000
vt 0.350003 0.000000
vt 0.350002 0.125000
vt 0.550008 0.125000
vt 0.625000 0.849615
vt 0.625000 0.949229
vt 0.625000 0.972923
vt 0.625000 1.000000
vt 0.589023 1.000000
vt 0.550007 1.000000
vt 0.409018 1.000000
vt 0.375000 0.975002
vt 0.375000 0.774997
vt 0.625000 0.277077
vt 0.625000 0.300771
vt 0.625000 0.400385
vt 0.625000 0.500000
vt 0.375000 0.475002
vt 0.375000 0.274998
vt 0.409018 0.250000
vt 0.350002 0.250000
vt 0.409018 0.500000
vt 0.391320 1.000000
vt 0.391320 -0.000000
vt 0.375000 1.000000
vt 0.375000 0.000000
vt 0.375000 0.986668
vt 0.361668 0.000000
vt 0.361668 0.125324
vt 0.375000 0.125000
vt 0.391317 0.125515
vt 0.390933 0.501821
vt 0.375000 0.500000
vt 0.125000 0.250000
vt 0.138332 0.250000
vt 0.375000 0.486668
vt 0.391317 0.624480
vt 0.125000 0.125000
vt 0.375000 0.625000
vt 0.138332 0.125324
vt 0.138332 0.000000
vt 0.375000 0.763332
vt 0.375000 0.750000
vt 0.125000 0.000000
vt 0.391315 0.748879
vt 0.361668 0.250000
vt 0.375000 0.263332
vt 0.375000 0.250000
vt 0.390979 0.248213
vn -0.018444 0.000000 0.999830
vn -0.018444 0.000000 0.999830
vn 0.002624 0.000000 0.999997
vn 0.002624 0.000000 0.999997
vn -0.999876 0.000000 0.015744
vn -0.922873 0.000000 0.385105
vn -0.922873 0.000000 0.385105
vn -0.999343 0.000000 0.036244
vn -0.705249 0.000000 0.708959
vn -0.705249 0.000000 0.708959
vn -0.380258 0.000000 0.924880
vn -0.380258 0.000000 0.924880
vn -0.015624 0.000000 0.999878
vn -0.015624 0.000000 0.999878
vn 0.002624 0.000000 0.999997
vn 0.002624 0.000000 0.999997
vn -0.980270 0.000000 0.197663
vn -0.927422 0.000000 0.374017
vn -0.927422 0.000000 0.374017
vn -0.980270 0.000000 0.197663
vn -0.705249 0.000000 0.708959
vn -0.705249 0.000000 0.708959
vn -0.374482 0.000000 0.927234
vn -0.374482 0.000000 0.927234
vn 0.002624 0.000000 0.999997
vn 0.002624 0.000000 0.999997
vn 0.002624 0.000000 0.999997
vn 0.002624 0.000000 0.999997
vn 0.000000 1.000000 0.000000
vn 0.000000 1.000000 0.000000
vn 0.000000 1.000000 0.000000
vn 0.000000 1.000000 0.000000
vn -0.999997 0.000000 0.002624
vn -0.999997 0.000000 0.002624
vn -0.999997 0.000000 0.002624
vn -0.999997 0.000000 0.002624
vn 0.000000 -1.000000 0.000000
vn 0.000000 -1.000000 0.000000
vn 0.000000 -1.000000 0.000000
vn 0.000000 -1.000000 0.000000
vn 0.000000 1.000000 0.000000
vn 0.000000 1.000000 0.000000
vn 0.000000 1.000000 0.000000
vn 0.000000 1.000000 0.000000
vn 0.000000 -1.000000 -0.000000
vn 0.000000 -1.000000 -0.000000
vn 0.000000 -1.000000 -0.000000
vn 0.000000 -1.000000 -0.000000
vn 0.197662 0.000000 0.980270
vn 0.197662 0.000000 0.980270
vn 0.197662 0.000000 0.980270
vn 0.197662 0.000000 0.980270
vn 0.000000 1.000000 0.000000
vn 0.000000 1.000000 0.000000
vn 0.000000 -1.000000 -0.000000
vn 0.000000 -1.000000 -0.000000
vn 0.000000 1.000000 0.000000
vn 0.000000 1.000000 0.000000
vn 0.000000 -1.000000 0.000000
vn 0.000000 -1.000000 0.000000
vn -0.011703 0.000000 -0.999932
vn -0.385107 0.000000 -0.922872
vn -0.385107 0.000000 -0.922872
vn -0.011703 0.000000 -0.999932
vn -0.708960 0.000000 -0.705248
vn -0.708961 0.000000 -0.705248
vn -0.924881 0.000000 -0.380257
vn -0.924881 0.000000 -0.380257
vn -0.999899 0.000000 -0.014188
vn -0.999899 0.000000 -0.014188
vn 0.006455 0.000000 -0.999979
vn 0.380258 0.000000 -0.924880
vn 0.380258 0.000000 -0.924880
vn 0.006455 0.000000 -0.999979
vn 0.705249 0.000000 -0.708960
vn 0.705249 0.000000 -0.708960
vn 0.922872 0.000000 -0.385106
vn 0.922872 0.000000 -0.385106
vn 0.999903 0.000000 -0.013931
vn 0.999903 0.000000 -0.013931
vn -0.999899 0.000000 -0.014188
vn 0.999903 0.000000 -0.013931
vn 0.999997 0.000000 -0.002624
vn 0.999997 0.000000 -0.002624
vn -0.011703 0.000000 -0.999932
vn 0.006455 0.000000 -0.999979
vn 0.999997 0.000000 -0.002624
vn -0.999997 0.000000 0.002624
vn -0.000000 -1.000000 0.000000
vn -0.000000 -1.000000 0.000000
vn -0.000000 -1.000000 0.000000
vn -0.000000 -1.000000 0.000000
vn -0.000000 -1.000000 0.000000
vn -0.000000 -1.000000 0.000000
vn -0.000000 -1.000000 0.000000
vn -0.000000 -1.000000 0.000000
vn -0.000000 -1.000000 0.000000
vn -0.000000 -1.000000 0.000000
vn -0.000000 -1.000000 0.000000
vn -0.000000 -1.000000 0.000000
vn -0.000000 -1.000000 0.000000
vn -0.000000 -1.000000 0.000000
vn -0.000000 -1.000000 0.000000
vn -0.000000 -1.000000 0.000000
vn -0.000000 -1.000000 0.000000
vn -0.000000 1.000000 0.000000
vn -0.000000 1.000000 0.000000
vn -0.000000 1.000000 0.000000
vn -0.000000 1.000000 0.000000
vn -0.000000 1.000000 0.000000
vn -0.000000 1.000000 0.000000
vn -0.000000 1.000000 0.000000
vn -0.000000 1.000000 0.000000
vn -0.000000 1.000000 0.000000
vn -0.000000 1.000000 0.000000
vn -0.000000 1.000000 0.000000
vn -0.000000 1.000000 0.000000
vn -0.000000 1.000000 0.000000
vn -0.000000 1.000000 0.000000
vn -0.000000 1.000000 0.000000
vn -0.000000 1.000000 0.000000
vn -0.000000 1.000000 0.000000
vn -0.924881 0.000000 -0.380257
vn -0.708961 0.000000 -0.705248
vn -0.385107 0.000000 -0.922872
vn 0.380258 0.000000 -0.924880
vn 0.705249 0.000000 -0.708960
vn 0.922872 0.000000 -0.385106
s 1
g group2 pCube31 group3
usemtl initialShadingGroup
f 1762/2448/2820 1767/2455/2821 1774/2461/2822 1775/2462/2823
f 1769/2487/2824 1770/2457/2825 1764/2452/2826 1763/2479/2827
f 1770/2457/2825 1771/2458/2828 1765/2453/2829 1764/2452/2826
f 1771/2458/2828 1772/2459/2830 1766/2454/2831 1765/2453/2829
f 1772/2459/2830 1767/2455/2821 1762/2448/2820 1766/2454/2831
s 3
f 1776/2466/2832 1777/2463/2833 1778/2464/2834 1779/2465/2835
f 1780/2467/2836 1781/2468/2837 1782/2469/2838 1783/2470/2839
f 1781/2468/2837 1784/2471/2840 1785/2472/2841 1782/2469/2838
f 1784/2471/2840 1786/2473/2842 1787/2474/2843 1785/2472/2841
f 1786/2473/2842 1777/2463/2833 1776/2466/2832 1787/2474/2843
s 1
f 1774/2461/2822 1773/2460/2844 1756/2445/2845 1768/2456/2846
f 1775/2462/2823 1774/2461/2822 1768/2456/2846 1755/2446/2847
s 5
f 1757/2444/2848 1773/2460/2849 1778/2464/2850 1777/2463/2851
s off
f 1773/2460/2852 1774/2461/2853 1779/2465/2854 1778/2464/2855
s 6
f 1774/2461/2856 1767/2455/2857 1776/2466/2858 1779/2465/2859
s 5
f 1761/2447/2860 1760/2451/2861 1781/2468/2862 1780/2467/2863
s 6
f 1770/2457/2864 1769/2487/2865 1783/2470/2866 1782/2469/2867
s off
f 1769/2487/2868 1761/2447/2869 1780/2467/2870 1783/2470/2871
s 5
f 1760/2451/2861 1759/2450/2872 1784/2471/2873 1781/2468/2862
s 6
f 1771/2458/2874 1770/2457/2864 1782/2469/2867 1785/2472/2875
s 5
f 1759/2450/2872 1758/2449/2876 1786/2473/2877 1784/2471/2873
s 6
f 1772/2459/2878 1771/2458/2874 1785/2472/2875 1787/2474/2879
s 5
f 1758/2449/2876 1757/2444/2848 1777/2463/2851 1786/2473/2877
s 6
f 1767/2455/2857 1772/2459/2878 1787/2474/2879 1776/2466/2858
s 1
f 1788/2485/2880 1792/2511/2881 1794/2512/2882 1793/2486/2883
f 1792/2511/2881 1791/2509/2884 1795/2513/2885 1794/2512/2882
f 1791/2509/2884 1790/2507/2886 1796/2514/2887 1795/2513/2885
f 1790/2507/2886 1789/2475/2888 1797/2478/2889 1796/2514/2887
f 1807/2481/2890 1806/2523/2891 1808/2524/2892 1812/2476/2893
f 1806/2523/2891 1805/2521/2894 1809/2527/2895 1808/2524/2892
f 1805/2522/2894 1804/2520/2896 1810/2528/2897 1809/2526/2895
f 1804/2520/2896 1803/2483/2898 1811/2477/2899 1810/2528/2897
f 1797/2478/2889 1769/2487/2824 1763/2479/2827 1816/2503/2900
f 1803/2483/2898 1802/2505/2901 1755/2500/2902 1768/2480/2903
f 1807/2481/2890 1793/2486/2883 1817/2504/2904 1801/2482/2905
f 1803/2483/2898 1768/2480/2903 1756/2484/2906 1811/2477/2899
f 1807/2481/2890 1812/2476/2893 1788/2485/2880 1793/2486/2883
f 1797/2478/2889 1789/2475/2888 1761/2447/2907 1769/2487/2824
s off
f 1808/2525/2908 1809/2526/2909 1810/2528/2910 1811/2477/2911 1756/2484/2912 1773/2488/2913 1757/2489/2914 1758/2490/2915 1759/2491/2916 1760/2492/2917 1761/2493/2918 1789/2494/2919 1790/2506/2920 1791/2508/2921 1792/2510/2922 1788/2495/2923 1812/2496/2924
f 1813/2530/2925 1814/2531/2926 1815/2532/2927 1816/2503/2928 1763/2479/2929 1764/2452/2930 1765/2453/2931 1766/2497/2932 1762/2498/2933 1775/2499/2934 1755/2500/2935 1802/2505/2936 1798/2515/2937 1799/2516/2938 1800/2519/2939 1801/2501/2940 1817/2502/2941
s 1
f 1796/2514/2887 1797/2478/2889 1816/2503/2900 1815/2532/2942
f 1795/2513/2885 1796/2514/2887 1815/2532/2942 1814/2531/2943
f 1793/2486/2883 1794/2512/2882 1813/2529/2944 1817/2504/2904
f 1794/2512/2882 1795/2513/2885 1814/2531/2943 1813/2529/2944
f 1801/2482/2905 1800/2518/2945 1806/2523/2891 1807/2481/2890
f 1800/2518/2945 1799/2517/2946 1805/2521/2894 1806/2523/2891
f 1799/2516/2946 1798/2515/2947 1804/2520/2896 1805/2522/2894
f 1798/2515/2947 1802/2505/2901 1803/2483/2898 1804/2520/2896
g default
v -173.475174 3336.069783 -741.151128
v -173.475174 2961.961038 -741.151128
v -653.676328 2961.961038 -739.891127
v -705.662994 2961.961038 -750.090158
v -749.789405 2961.961038 -779.407325
v -779.337697 2961.961038 -823.379259
v -789.809316 2961.961038 -875.311680
v -653.676328 3336.069783 -739.891127
v -789.809316 3336.069783 -875.311680
v -779.337697 3336.069783 -823.379259
v -749.789405 3336.069783 -779.407325
v -705.662994 3336.069783 -750.090158
v -729.049151 2961.961038 -1192.331171
v -790.479110 2961.961038 -1130.577919
v -785.852555 2961.961038 -1154.160322
v -772.553666 2961.961038 -1174.177097
v -752.606949 2961.961038 -1187.580919
v -729.049151 3336.069783 -1192.331171
v -752.606949 3336.069783 -1187.580919
v -772.553666 3336.069783 -1174.177097
v -785.852555 3336.069783 -1154.160322
v -790.479110 3336.069783 -1130.577919
v -179.251499 3336.069783 -1155.751985
v -192.655289 3336.069783 -1175.698694
v -212.672091 3336.069783 -1188.997656
v -236.254512 3336.069783 -1193.624216
v -174.501233 3336.069783 -1132.194185
v -236.254512 2961.961038 -1193.624216
v -212.672091 2961.961038 -1188.997656
v -192.655289 2961.961038 -1175.698694
v -179.251499 2961.961038 -1155.751985
v -174.501233 2961.961038 -1132.194185
vt 0.675771 0.000000
vt 0.875000 0.000000
vt 0.875000 0.250000
vt 0.550008 0.000000
vt 0.675771 0.250000
vt 0.652077 0.000000
vt 0.625000 0.000000
vt 0.589023 0.000000
vt 0.652077 0.250000
vt 0.409018 -0.000000
vt 0.550008 0.250000
vt 0.149997 -0.000000
vt 0.350002 0.250000
vt 0.625000 0.750000
vt 0.350003 -0.000000
vt 0.409018 0.250000
vt 0.149998 0.250000
vt 0.409018 0.750000
vt 0.375000 0.475002
vt 0.375000 0.274997
vt 0.588356 0.248803
vt 0.625000 0.250000
vt 0.625000 0.277077
vt 0.625000 0.300771
vt 0.625000 0.500000
vt 0.409018 0.500000
vt 0.625000 0.949229
vt 0.625000 0.972923
vt 0.625000 1.000000
vt 0.589023 1.000000
vt 0.550007 1.000000
vt 0.409018 1.000000
vt 0.375000 0.975002
vt 0.375000 0.774998
vt 0.391320 1.000000
vt 0.391320 -0.000000
vt 0.375000 1.000000
vt 0.375000 0.000000
vt 0.375000 0.986668
vt 0.361668 -0.000000
vt 0.361668 0.250000
vt 0.375000 0.263332
vt 0.375000 0.250000
vt 0.391099 0.249042
vt 0.391316 0.500472
vt 0.375000 0.500000
vt 0.125000 0.250000
vt 0.375000 0.486668
vt 0.138332 0.250000
vt 0.138332 -0.000000
vt 0.375000 0.763332
vt 0.375000 0.750000
vt 0.125000 0.000000
vt 0.391316 0.749528
vn -0.999899 0.000000 -0.014188
vn -0.999899 0.000000 -0.014188
vn -0.999343 0.000000 0.036244
vn -0.999343 0.000000 0.036244
vn 0.999903 0.000000 -0.013931
vn 0.999903 0.000000 -0.013931
vn 0.999997 0.000000 -0.002624
vn 0.999997 0.000000 -0.002624
vn -0.016794 0.000000 0.999859
vn -0.016794 0.000000 0.999859
vn 0.002624 0.000000 0.999997
vn 0.002624 0.000000 0.999997
vn 0.006455 0.000000 -0.999979
vn 0.006455 0.000000 -0.999979
vn -0.011703 0.000000 -0.999932
vn -0.011703 0.000000 -0.999932
vn -0.922873 0.000000 0.385105
vn -0.922873 0.000000 0.385105
vn -0.705249 0.000000 0.708960
vn -0.705249 0.000000 0.708960
vn -0.380258 0.000000 0.924881
vn -0.380258 0.000000 0.924881
vn -0.385107 0.000000 -0.922872
vn -0.385107 0.000000 -0.922872
vn -0.708960 0.000000 -0.705248
vn -0.708960 0.000000 -0.705248
vn -0.924881 0.000000 -0.380257
vn -0.924881 0.000000 -0.380257
vn 0.380258 0.000000 -0.924880
vn 0.380258 0.000000 -0.924880
vn 0.705249 0.000000 -0.708960
vn 0.705249 0.000000 -0.708960
vn 0.922872 0.000000 -0.385107
vn 0.922872 0.000000 -0.385107
vn -0.000000 1.000000 0.000000
vn -0.000000 1.000000 0.000000
vn -0.000000 1.000000 0.000000
vn -0.000000 1.000000 0.000000
vn -0.000000 1.000000 0.000000
vn -0.000000 1.000000 0.000000
vn -0.000000 1.000000 0.000000
vn -0.000000 1.000000 0.000000
vn -0.000000 1.000000 0.000000
vn -0.000000 1.000000 0.000000
vn -0.000000 1.000000 0.000000
vn -0.000000 1.000000 0.000000
vn -0.000000 1.000000 0.000000
vn -0.000000 1.000000 0.000000
vn -0.000000 1.000000 0.000000
vn -0.000000 1.000000 0.000000
vn -0.000000 -1.000000 0.000000
vn -0.000000 -1.000000 0.000000
vn -0.000000 -1.000000 0.000000
vn -0.000000 -1.000000 0.000000
vn -0.000000 -1.000000 0.000000
vn -0.000000 -1.000000 0.000000
vn -0.000000 -1.000000 0.000000
vn -0.000000 -1.000000 0.000000
vn -0.000000 -1.000000 0.000000
vn -0.000000 -1.000000 0.000000
vn -0.000000 -1.000000 0.000000
vn -0.000000 -1.000000 0.000000
vn -0.000000 -1.000000 0.000000
vn -0.000000 -1.000000 0.000000
vn -0.000000 -1.000000 0.000000
vn -0.000000 -1.000000 0.000000
s 1
g group2 group3 pCube30
usemtl initialShadingGroup
f 1839/2548/2948 1831/2542/2949 1824/2536/2950 1826/2543/2951
f 1849/2550/2952 1844/2558/2953 1818/2557/2954 1819/2546/2955
f 1825/2537/2956 1820/2533/2957 1819/2534/2958 1818/2535/2959
f 1843/2549/2960 1845/2544/2961 1830/2547/2962 1835/2545/2963
f 1824/2536/2950 1823/2540/2964 1827/2553/2965 1826/2543/2951
f 1823/2540/2964 1822/2539/2966 1828/2554/2967 1827/2553/2965
f 1822/2539/2966 1821/2538/2968 1829/2541/2969 1828/2554/2967
f 1821/2538/2968 1820/2533/2957 1825/2537/2956 1829/2541/2969
f 1830/2547/2962 1834/2572/2970 1836/2573/2971 1835/2545/2963
f 1834/2572/2970 1833/2570/2972 1837/2575/2973 1836/2573/2971
f 1833/2570/2972 1832/2568/2974 1838/2576/2975 1837/2575/2973
f 1832/2568/2974 1831/2542/2949 1839/2548/2948 1838/2576/2975
f 1843/2549/2960 1842/2581/2976 1846/2582/2977 1845/2544/2961
f 1842/2581/2976 1841/2579/2978 1847/2585/2979 1846/2582/2977
f 1841/2578/2978 1840/2577/2980 1848/2586/2981 1847/2584/2979
f 1840/2577/2980 1844/2558/2953 1849/2550/2952 1848/2586/2981
s off
f 1840/2577/2982 1841/2578/2983 1842/2580/2984 1843/2551/2985 1835/2552/2986 1836/2574/2987 1837/2575/2988 1838/2576/2989 1839/2548/2990 1826/2543/2991 1827/2553/2992 1828/2554/2993 1829/2555/2994 1825/2556/2995 1818/2557/2996 1844/2558/2997
f 1819/2546/2998 1820/2559/2999 1821/2560/3000 1822/2561/3001 1823/2562/3002 1824/2563/3003 1831/2564/3004 1832/2567/3005 1833/2569/3006 1834/2571/3007 1830/2565/3008 1845/2566/3009 1846/2583/3010 1847/2584/3011 1848/2586/3012 1849/2550/3013
g default
v -173.475174 3859.407834 -741.151128
v -173.475174 3597.738224 -741.151128
v -653.676328 3597.738224 -739.891127
v -705.662994 3597.738224 -750.090158
v -749.789405 3597.738224 -779.407325
v -779.337697 3597.738224 -823.379259
v -789.809276 3597.738224 -875.311680
v -653.676328 3859.407834 -739.891127
v -789.809276 3859.407834 -875.311680
v -779.337697 3859.407834 -823.379259
v -749.789405 3859.407834 -779.407325
v -705.662994 3859.407834 -750.090158
v -653.676328 3768.619392 -739.891127
v -173.475174 3768.619392 -741.151128
v -789.809276 3768.619392 -875.311680
v -779.337697 3768.619392 -823.379259
v -749.789405 3768.619392 -779.407325
v -705.662994 3768.619392 -750.090158
v -215.155529 3597.738224 -741.041763
v -215.155529 3768.619392 -741.041763
v -215.155529 3859.407834 -741.041763
v -651.070364 3768.619392 -767.081231
v -651.070364 3597.738224 -767.081231
v -215.226854 3597.738224 -768.224842
v -215.226854 3768.619392 -768.224842
v -763.162513 3597.738224 -880.684747
v -753.759570 3597.738224 -834.052753
v -753.759570 3768.619392 -834.052753
v -763.162513 3768.619392 -880.684747
v -730.242937 3597.738224 -799.056617
v -730.242937 3768.619392 -799.056617
v -695.123857 3597.738224 -775.723881
v -695.123857 3768.619392 -775.723881
v -729.049111 3597.738224 -1192.331171
v -790.479070 3597.738224 -1130.577919
v -785.852516 3597.738224 -1154.160323
v -772.553626 3597.738224 -1174.177097
v -752.606909 3597.738224 -1187.580919
v -729.049111 3768.619392 -1192.331171
v -752.606909 3768.619392 -1187.580919
v -772.553626 3768.619392 -1174.177097
v -785.852516 3768.619392 -1154.160323
v -790.479070 3768.619392 -1130.577919
v -179.251499 3859.407834 -1155.751985
v -192.655289 3859.407834 -1175.698694
v -212.672091 3859.407834 -1188.997656
v -236.254512 3859.407834 -1193.624216
v -174.501233 3859.407834 -1132.194185
v -174.501233 3768.619392 -1132.194185
v -179.251499 3768.619392 -1155.751985
v -192.655289 3768.619392 -1175.698694
v -212.672091 3768.619392 -1188.997656
v -236.254512 3768.619392 -1193.624216
v -212.672091 3597.738224 -1188.997656
v -192.655289 3597.738224 -1175.698694
v -179.251499 3597.738224 -1155.751985
v -174.501233 3597.738224 -1132.194185
v -236.254512 3597.738224 -1193.624216
v -752.606909 3859.407834 -1187.580919
v -772.553626 3859.407834 -1174.177097
v -785.852516 3859.407834 -1154.160323
v -790.479070 3859.407834 -1130.577919
v -729.049111 3859.407834 -1192.331171
vt 0.675771 0.000000
vt 0.875000 0.000000
vt 0.875000 0.250000
vt 0.550008 0.000000
vt 0.675771 0.250000
vt 0.652077 0.000000
vt 0.625000 0.000000
vt 0.589023 0.000000
vt 0.588356 0.248803
vt 0.625000 0.250000
vt 0.652077 0.250000
vt 0.675771 0.125000
vt 0.875000 0.125000
vt 0.588689 0.124402
vt 0.625000 0.125000
vt 0.652077 0.125000
vt 0.775385 0.000000
vt 0.775385 0.125000
vt 0.775385 0.250000
vt 0.675771 0.000000
vt 0.775385 0.000000
vt 0.775385 0.125000
vt 0.675771 0.125000
vt 0.550008 0.000000
vt 0.589023 0.000000
vt 0.588689 0.124402
vt 0.550008 0.125000
vt 0.625000 0.000000
vt 0.625000 0.125000
vt 0.652077 0.000000
vt 0.652077 0.125000
vt 0.409018 -0.000000
vt 0.149997 -0.000000
vt 0.409019 0.750000
vt 0.409018 0.125000
vt 0.550008 0.250000
vt 0.625000 0.625000
vt 0.149998 0.125000
vt 0.149997 0.250000
vt 0.409018 0.625000
vt 0.625000 0.750000
vt 0.350002 0.000000
vt 0.350002 0.125000
vt 0.550008 0.125000
vt 0.625000 0.849615
vt 0.625000 0.949229
vt 0.625000 0.972923
vt 0.625000 1.000000
vt 0.589023 1.000000
vt 0.550007 1.000000
vt 0.409018 1.000000
vt 0.375000 0.975002
vt 0.375000 0.774997
vt 0.625000 0.277077
vt 0.625000 0.300771
vt 0.625000 0.400385
vt 0.625000 0.500000
vt 0.375000 0.475002
vt 0.375000 0.274998
vt 0.409018 0.250000
vt 0.350002 0.250000
vt 0.409018 0.500000
vt 0.391320 1.000000
vt 0.391320 -0.000000
vt 0.375000 1.000000
vt 0.375000 0.000000
vt 0.375000 0.986668
vt 0.361668 0.000000
vt 0.361668 0.125324
vt 0.375000 0.125000
vt 0.391317 0.125515
vt 0.390933 0.501821
vt 0.375000 0.500000
vt 0.125000 0.250000
vt 0.138332 0.250000
vt 0.375000 0.486668
vt 0.391317 0.624480
vt 0.125000 0.125000
vt 0.375000 0.625000
vt 0.138332 0.125324
vt 0.138332 -0.000000
vt 0.375000 0.763332
vt 0.375000 0.750000
vt 0.125000 0.000000
vt 0.391315 0.748879
vt 0.361668 0.250000
vt 0.375000 0.263332
vt 0.375000 0.250000
vt 0.390979 0.248213
vn -0.018444 0.000000 0.999830
vn -0.018444 0.000000 0.999830
vn 0.002624 0.000000 0.999997
vn 0.002624 0.000000 0.999997
vn -0.999876 0.000000 0.015744
vn -0.922873 0.000000 0.385105
vn -0.922873 0.000000 0.385105
vn -0.999343 0.000000 0.036244
vn -0.705249 0.000000 0.708959
vn -0.705249 0.000000 0.708959
vn -0.380258 0.000000 0.924880
vn -0.380258 0.000000 0.924880
vn -0.015624 0.000000 0.999878
vn -0.015624 0.000000 0.999878
vn 0.002624 0.000000 0.999997
vn 0.002624 0.000000 0.999997
vn -0.980270 0.000000 0.197663
vn -0.927422 0.000000 0.374017
vn -0.927422 0.000000 0.374017
vn -0.980270 0.000000 0.197663
vn -0.705249 0.000000 0.708959
vn -0.705249 0.000000 0.708959
vn -0.374482 0.000000 0.927234
vn -0.374482 0.000000 0.927234
vn 0.002624 0.000000 0.999997
vn 0.002624 0.000000 0.999997
vn 0.002624 0.000000 0.999997
vn 0.002624 0.000000 0.999997
vn 0.000000 1.000000 0.000000
vn 0.000000 1.000000 0.000000
vn 0.000000 1.000000 0.000000
vn 0.000000 1.000000 0.000000
vn -0.999997 0.000000 0.002624
vn -0.999997 0.000000 0.002624
vn -0.999997 0.000000 0.002624
vn -0.999997 0.000000 0.002624
vn 0.000000 -1.000000 0.000000
vn 0.000000 -1.000000 0.000000
vn 0.000000 -1.000000 0.000000
vn 0.000000 -1.000000 0.000000
vn 0.000000 1.000000 0.000000
vn 0.000000 1.000000 0.000000
vn 0.000000 1.000000 0.000000
vn 0.000000 1.000000 0.000000
vn 0.000000 -1.000000 -0.000000
vn 0.000000 -1.000000 -0.000000
vn 0.000000 -1.000000 -0.000000
vn 0.000000 -1.000000 -0.000000
vn 0.197662 0.000000 0.980270
vn 0.197662 0.000000 0.980270
vn 0.197662 0.000000 0.980270
vn 0.197662 0.000000 0.980270
vn 0.000000 1.000000 -0.000000
vn 0.000000 1.000000 -0.000000
vn 0.000000 -1.000000 -0.000000
vn 0.000000 -1.000000 -0.000000
vn 0.000000 1.000000 -0.000000
vn 0.000000 1.000000 -0.000000
vn 0.000000 -1.000000 0.000000
vn 0.000000 -1.000000 0.000000
vn -0.011703 0.000000 -0.999932
vn -0.385107 0.000000 -0.922872
vn -0.385107 0.000000 -0.922872
vn -0.011703 0.000000 -0.999931
vn -0.708961 0.000000 -0.705248
vn -0.708961 0.000000 -0.705248
vn -0.924881 0.000000 -0.380257
vn -0.924881 0.000000 -0.380257
vn -0.999899 0.000000 -0.014188
vn -0.999899 0.000000 -0.014188
vn 0.006455 0.000000 -0.999979
vn 0.380258 0.000000 -0.924880
vn 0.380258 0.000000 -0.924880
vn 0.006455 0.000000 -0.999979
vn 0.705249 0.000000 -0.708960
vn 0.705249 0.000000 -0.708960
vn 0.922872 0.000000 -0.385106
vn 0.922872 0.000000 -0.385107
vn 0.999903 0.000000 -0.013931
vn 0.999903 0.000000 -0.013931
vn -0.999899 0.000000 -0.014188
vn 0.999903 0.000000 -0.013931
vn 0.999997 0.000000 -0.002624
vn 0.999997 0.000000 -0.002624
vn -0.011703 0.000000 -0.999932
vn 0.006455 0.000000 -0.999979
vn 0.999997 0.000000 -0.002624
vn -0.999997 0.000000 0.002624
vn -0.000000 -1.000000 0.000000
vn -0.000000 -1.000000 0.000000
vn -0.000000 -1.000000 0.000000
vn -0.000000 -1.000000 0.000000
vn -0.000000 -1.000000 0.000000
vn -0.000000 -1.000000 0.000000
vn -0.000000 -1.000000 0.000000
vn -0.000000 -1.000000 0.000000
vn -0.000000 -1.000000 0.000000
vn -0.000000 -1.000000 0.000000
vn -0.000000 -1.000000 0.000000
vn -0.000000 -1.000000 0.000000
vn -0.000000 -1.000000 0.000000
vn -0.000000 -1.000000 0.000000
vn -0.000000 -1.000000 0.000000
vn -0.000000 -1.000000 0.000000
vn -0.000000 -1.000000 0.000000
vn -0.000000 1.000000 0.000000
vn -0.000000 1.000000 0.000000
vn -0.000000 1.000000 0.000000
vn -0.000000 1.000000 0.000000
vn -0.000000 1.000000 0.000000
vn -0.000000 1.000000 0.000000
vn -0.000000 1.000000 0.000000
vn -0.000000 1.000000 0.000000
vn -0.000000 1.000000 0.000000
vn -0.000000 1.000000 0.000000
vn -0.000000 1.000000 0.000000
vn -0.000000 1.000000 0.000000
vn -0.000000 1.000000 0.000000
vn -0.000000 1.000000 0.000000
vn -0.000000 1.000000 0.000000
vn -0.000000 1.000000 0.000000
vn -0.000000 1.000000 0.000000
vn -0.924881 0.000000 -0.380257
vn -0.708961 0.000000 -0.705248
vn -0.385107 0.000000 -0.922872
vn 0.380258 0.000000 -0.924880
vn 0.705249 0.000000 -0.708960
vn 0.922872 0.000000 -0.385106
s 1
g group2 group3 pCube32
usemtl initialShadingGroup
f 1857/2591/3014 1862/2598/3015 1869/2604/3016 1870/2605/3017
f 1864/2630/3018 1865/2600/3019 1859/2595/3020 1858/2622/3021
f 1865/2600/3019 1866/2601/3022 1860/2596/3023 1859/2595/3020
f 1866/2601/3022 1867/2602/3024 1861/2597/3025 1860/2596/3023
f 1867/2602/3024 1862/2598/3015 1857/2591/3014 1861/2597/3025
s 3
f 1871/2609/3026 1872/2606/3027 1873/2607/3028 1874/2608/3029
f 1875/2610/3030 1876/2611/3031 1877/2612/3032 1878/2613/3033
f 1876/2611/3031 1879/2614/3034 1880/2615/3035 1877/2612/3032
f 1879/2614/3034 1881/2616/3036 1882/2617/3037 1880/2615/3035
f 1881/2616/3036 1872/2606/3027 1871/2609/3026 1882/2617/3037
s 1
f 1869/2604/3016 1868/2603/3038 1851/2588/3039 1863/2599/3040
f 1870/2605/3017 1869/2604/3016 1863/2599/3040 1850/2589/3041
s 5
f 1852/2587/3042 1868/2603/3043 1873/2607/3044 1872/2606/3045
s off
f 1868/2603/3046 1869/2604/3047 1874/2608/3048 1873/2607/3049
s 6
f 1869/2604/3050 1862/2598/3051 1871/2609/3052 1874/2608/3053
s 5
f 1856/2590/3054 1855/2594/3055 1876/2611/3056 1875/2610/3057
s 6
f 1865/2600/3058 1864/2630/3059 1878/2613/3060 1877/2612/3061
s off
f 1864/2630/3062 1856/2590/3063 1875/2610/3064 1878/2613/3065
s 5
f 1855/2594/3055 1854/2593/3066 1879/2614/3067 1876/2611/3056
s 6
f 1866/2601/3068 1865/2600/3058 1877/2612/3061 1880/2615/3069
s 5
f 1854/2593/3066 1853/2592/3070 1881/2616/3071 1879/2614/3067
s 6
f 1867/2602/3072 1866/2601/3068 1880/2615/3069 1882/2617/3073
s 5
f 1853/2592/3070 1852/2587/3042 1872/2606/3045 1881/2616/3071
s 6
f 1862/2598/3051 1867/2602/3072 1882/2617/3073 1871/2609/3052
s 1
f 1883/2628/3074 1887/2654/3075 1889/2655/3076 1888/2629/3077
f 1887/2654/3075 1886/2652/3078 1890/2656/3079 1889/2655/3076
f 1886/2652/3078 1885/2650/3080 1891/2657/3081 1890/2656/3079
f 1885/2650/3080 1884/2618/3082 1892/2621/3083 1891/2657/3081
f 1902/2624/3084 1901/2666/3085 1903/2667/3086 1907/2619/3087
f 1901/2666/3085 1900/2664/3088 1904/2670/3089 1903/2667/3086
f 1900/2665/3088 1899/2663/3090 1905/2671/3091 1904/2669/3089
f 1899/2663/3090 1898/2626/3092 1906/2620/3093 1905/2671/3091
f 1892/2621/3083 1864/2630/3018 1858/2622/3021 1911/2646/3094
f 1898/2626/3092 1897/2648/3095 1850/2643/3096 1863/2623/3097
f 1902/2624/3084 1888/2629/3077 1912/2647/3098 1896/2625/3099
f 1898/2626/3092 1863/2623/3097 1851/2627/3100 1906/2620/3093
f 1902/2624/3084 1907/2619/3087 1883/2628/3074 1888/2629/3077
f 1892/2621/3083 1884/2618/3082 1856/2590/3101 1864/2630/3018
s off
f 1903/2668/3102 1904/2669/3103 1905/2671/3104 1906/2620/3105 1851/2627/3106 1868/2631/3107 1852/2632/3108 1853/2633/3109 1854/2634/3110 1855/2635/3111 1856/2636/3112 1884/2637/3113 1885/2649/3114 1886/2651/3115 1887/2653/3116 1883/2638/3117 1907/2639/3118
f 1908/2673/3119 1909/2674/3120 1910/2675/3121 1911/2646/3122 1858/2622/3123 1859/2595/3124 1860/2596/3125 1861/2640/3126 1857/2641/3127 1870/2642/3128 1850/2643/3129 1897/2648/3130 1893/2658/3131 1894/2659/3132 1895/2662/3133 1896/2644/3134 1912/2645/3135
s 1
f 1891/2657/3081 1892/2621/3083 1911/2646/3094 1910/2675/3136
f 1890/2656/3079 1891/2657/3081 1910/2675/3136 1909/2674/3137
f 1888/2629/3077 1889/2655/3076 1908/2672/3138 1912/2647/3098
f 1889/2655/3076 1890/2656/3079 1909/2674/3137 1908/2672/3138
f 1896/2625/3099 1895/2661/3139 1901/2666/3085 1902/2624/3084
f 1895/2661/3139 1894/2660/3140 1900/2664/3088 1901/2666/3085
f 1894/2659/3140 1893/2658/3141 1899/2663/3090 1900/2665/3088
f 1893/2658/3141 1897/2648/3095 1898/2626/3092 1899/2663/3090
g default
v -173.475174 4121.076875 -741.151128
v -173.475174 3859.407824 -741.151128
v -653.676328 3859.407824 -739.891127
v -705.662994 3859.407824 -750.090158
v -749.789405 3859.407824 -779.407325
v -779.337697 3859.407824 -823.379259
v -789.809276 3859.407824 -875.311680
v -653.676328 4121.076875 -739.891127
v -789.809276 4121.076875 -875.311680
v -779.337697 4121.076875 -823.379259
v -749.789405 4121.076875 -779.407325
v -705.662994 4121.076875 -750.090158
v -653.676328 4030.288433 -739.891127
v -173.475174 4030.288433 -741.151128
v -789.809276 4030.288433 -875.311680
v -779.337697 4030.288433 -823.379259
v -749.789405 4030.288433 -779.407325
v -705.662994 4030.288433 -750.090158
v -215.155529 3859.407824 -741.041763
v -215.155529 4030.288433 -741.041763
v -215.155529 4121.076875 -741.041763
v -651.070364 4030.288433 -767.081231
v -651.070364 3859.407824 -767.081231
v -215.226854 3859.407824 -768.224842
v -215.226854 4030.288433 -768.224842
v -763.162513 3859.407824 -880.684747
v -753.759570 3859.407824 -834.052753
v -753.759570 4030.288433 -834.052753
v -763.162513 4030.288433 -880.684747
v -730.242937 3859.407824 -799.056617
v -730.242937 4030.288433 -799.056617
v -695.123857 3859.407824 -775.723881
v -695.123857 4030.288433 -775.723881
v -729.049111 3859.407824 -1192.331171
v -790.479070 3859.407824 -1130.577919
v -785.852516 3859.407824 -1154.160323
v -772.553626 3859.407824 -1174.177097
v -752.606909 3859.407824 -1187.580919
v -729.049111 4030.288433 -1192.331171
v -752.606909 4030.288433 -1187.580919
v -772.553626 4030.288433 -1174.177097
v -785.852516 4030.288433 -1154.160323
v -790.479070 4030.288433 -1130.577919
v -179.251499 4121.076875 -1155.751985
v -192.655289 4121.076875 -1175.698694
v -212.672091 4121.076875 -1188.997656
v -236.254512 4121.076875 -1193.624216
v -174.501233 4121.076875 -1132.194185
v -174.501233 4030.288433 -1132.194185
v -179.251499 4030.288433 -1155.751985
v -192.655289 4030.288433 -1175.698694
v -212.672091 4030.288433 -1188.997656
v -236.254512 4030.288433 -1193.624216
v -212.672091 3859.407824 -1188.997656
v -192.655289 3859.407824 -1175.698694
v -179.251499 3859.407824 -1155.751985
v -174.501233 3859.407824 -1132.194185
v -236.254512 3859.407824 -1193.624216
v -752.606909 4121.076875 -1187.580919
v -772.553626 4121.076875 -1174.177097
v -785.852516 4121.076875 -1154.160323
v -790.479070 4121.076875 -1130.577919
v -729.049111 4121.076875 -1192.331171
vt 0.675771 0.000000
vt 0.875000 0.000000
vt 0.875000 0.250000
vt 0.550008 0.000000
vt 0.675771 0.250000
vt 0.652077 0.000000
vt 0.625000 0.000000
vt 0.589023 0.000000
vt 0.588356 0.248803
vt 0.625000 0.250000
vt 0.652077 0.250000
vt 0.675771 0.125000
vt 0.875000 0.125000
vt 0.588689 0.124402
vt 0.625000 0.125000
vt 0.652077 0.125000
vt 0.775385 0.000000
vt 0.775385 0.125000
vt 0.775385 0.250000
vt 0.675771 0.000000
vt 0.775385 0.000000
vt 0.775385 0.125000
vt 0.675771 0.125000
vt 0.550008 0.000000
vt 0.589023 0.000000
vt 0.588689 0.124402
vt 0.550008 0.125000
vt 0.625000 0.000000
vt 0.625000 0.125000
vt 0.652077 0.000000
vt 0.652077 0.125000
vt 0.409018 -0.000000
vt 0.149998 0.000000
vt 0.409018 0.750000
vt 0.409018 0.125000
vt 0.550008 0.250000
vt 0.625000 0.625000
vt 0.149998 0.125000
vt 0.149997 0.250000
vt 0.409018 0.625000
vt 0.625000 0.750000
vt 0.350003 0.000000
vt 0.350002 0.125000
vt 0.550008 0.125000
vt 0.625000 0.849615
vt 0.625000 0.949229
vt 0.625000 0.972923
vt 0.625000 1.000000
vt 0.589023 1.000000
vt 0.550007 1.000000
vt 0.409018 1.000000
vt 0.375000 0.975002
vt 0.375000 0.774997
vt 0.625000 0.277077
vt 0.625000 0.300771
vt 0.625000 0.400385
vt 0.625000 0.500000
vt 0.375000 0.475002
vt 0.375000 0.274998
vt 0.409018 0.250000
vt 0.350002 0.250000
vt 0.409018 0.500000
vt 0.391320 1.000000
vt 0.391320 -0.000000
vt 0.375000 1.000000
vt 0.375000 0.000000
vt 0.375000 0.986668
vt 0.361668 0.000000
vt 0.361668 0.125324
vt 0.375000 0.125000
vt 0.391317 0.125515
vt 0.390933 0.501821
vt 0.375000 0.500000
vt 0.125000 0.250000
vt 0.138332 0.250000
vt 0.375000 0.486668
vt 0.391317 0.624480
vt 0.125000 0.125000
vt 0.375000 0.625000
vt 0.138332 0.125324
vt 0.138332 0.000000
vt 0.375000 0.763332
vt 0.375000 0.750000
vt 0.125000 0.000000
vt 0.391315 0.748879
vt 0.361668 0.250000
vt 0.375000 0.263332
vt 0.375000 0.250000
vt 0.390979 0.248213
vn -0.018444 0.000000 0.999830
vn -0.018444 0.000000 0.999830
vn 0.002624 0.000000 0.999997
vn 0.002624 0.000000 0.999997
vn -0.999876 0.000000 0.015744
vn -0.922873 0.000000 0.385105
vn -0.922873 0.000000 0.385105
vn -0.999343 0.000000 0.036244
vn -0.705249 0.000000 0.708959
vn -0.705249 0.000000 0.708959
vn -0.380258 0.000000 0.924880
vn -0.380258 0.000000 0.924880
vn -0.015624 0.000000 0.999878
vn -0.015624 0.000000 0.999878
vn 0.002624 0.000000 0.999997
vn 0.002624 0.000000 0.999997
vn -0.980270 0.000000 0.197663
vn -0.927422 0.000000 0.374017
vn -0.927422 0.000000 0.374017
vn -0.980270 0.000000 0.197663
vn -0.705249 0.000000 0.708959
vn -0.705249 0.000000 0.708959
vn -0.374482 0.000000 0.927234
vn -0.374482 0.000000 0.927234
vn 0.002624 0.000000 0.999997
vn 0.002624 0.000000 0.999997
vn 0.002624 0.000000 0.999997
vn 0.002624 0.000000 0.999997
vn 0.000000 1.000000 0.000000
vn 0.000000 1.000000 0.000000
vn 0.000000 1.000000 0.000000
vn 0.000000 1.000000 0.000000
vn -0.999997 0.000000 0.002624
vn -0.999997 0.000000 0.002624
vn -0.999997 0.000000 0.002624
vn -0.999997 0.000000 0.002624
vn 0.000000 -1.000000 0.000000
vn 0.000000 -1.000000 0.000000
vn 0.000000 -1.000000 0.000000
vn 0.000000 -1.000000 0.000000
vn 0.000000 1.000000 0.000000
vn 0.000000 1.000000 0.000000
vn 0.000000 1.000000 0.000000
vn 0.000000 1.000000 0.000000
vn 0.000000 -1.000000 -0.000000
vn 0.000000 -1.000000 -0.000000
vn 0.000000 -1.000000 -0.000000
vn 0.000000 -1.000000 -0.000000
vn 0.197662 0.000000 0.980270
vn 0.197662 0.000000 0.980270
vn 0.197662 0.000000 0.980270
vn 0.197662 0.000000 0.980270
vn 0.000000 1.000000 0.000000
vn 0.000000 1.000000 0.000000
vn 0.000000 -1.000000 -0.000000
vn 0.000000 -1.000000 -0.000000
vn 0.000000 1.000000 0.000000
vn 0.000000 1.000000 0.000000
vn 0.000000 -1.000000 0.000000
vn 0.000000 -1.000000 0.000000
vn -0.011703 0.000000 -0.999932
vn -0.385107 0.000000 -0.922872
vn -0.385107 0.000000 -0.922872
vn -0.011703 0.000000 -0.999932
vn -0.708960 0.000000 -0.705248
vn -0.708961 0.000000 -0.705248
vn -0.924881 0.000000 -0.380257
vn -0.924881 0.000000 -0.380257
vn -0.999899 0.000000 -0.014188
vn -0.999899 0.000000 -0.014188
vn 0.006455 0.000000 -0.999979
vn 0.380258 0.000000 -0.924880
vn 0.380258 0.000000 -0.924880
vn 0.006455 0.000000 -0.999979
vn 0.705249 0.000000 -0.708960
vn 0.705249 0.000000 -0.708960
vn 0.922872 0.000000 -0.385106
vn 0.922872 0.000000 -0.385106
vn 0.999903 0.000000 -0.013931
vn 0.999903 0.000000 -0.013931
vn -0.999899 0.000000 -0.014188
vn 0.999903 0.000000 -0.013931
vn 0.999997 0.000000 -0.002624
vn 0.999997 0.000000 -0.002624
vn -0.011703 0.000000 -0.999932
vn 0.006455 0.000000 -0.999979
vn 0.999997 0.000000 -0.002624
vn -0.999997 0.000000 0.002624
vn -0.000000 -1.000000 0.000000
vn -0.000000 -1.000000 0.000000
vn -0.000000 -1.000000 0.000000
vn -0.000000 -1.000000 0.000000
vn -0.000000 -1.000000 0.000000
vn -0.000000 -1.000000 0.000000
vn -0.000000 -1.000000 0.000000
vn -0.000000 -1.000000 0.000000
vn -0.000000 -1.000000 0.000000
vn -0.000000 -1.000000 0.000000
vn -0.000000 -1.000000 0.000000
vn -0.000000 -1.000000 0.000000
vn -0.000000 -1.000000 0.000000
vn -0.000000 -1.000000 0.000000
vn -0.000000 -1.000000 0.000000
vn -0.000000 -1.000000 0.000000
vn -0.000000 -1.000000 0.000000
vn -0.000000 1.000000 0.000000
vn -0.000000 1.000000 0.000000
vn -0.000000 1.000000 0.000000
vn -0.000000 1.000000 0.000000
vn -0.000000 1.000000 0.000000
vn -0.000000 1.000000 0.000000
vn -0.000000 1.000000 0.000000
vn -0.000000 1.000000 0.000000
vn -0.000000 1.000000 0.000000
vn -0.000000 1.000000 0.000000
vn -0.000000 1.000000 0.000000
vn -0.000000 1.000000 0.000000
vn -0.000000 1.000000 0.000000
vn -0.000000 1.000000 0.000000
vn -0.000000 1.000000 0.000000
vn -0.000000 1.000000 0.000000
vn -0.000000 1.000000 0.000000
vn -0.924881 0.000000 -0.380257
vn -0.708961 0.000000 -0.705248
vn -0.385107 0.000000 -0.922872
vn 0.380258 0.000000 -0.924880
vn 0.705249 0.000000 -0.708960
vn 0.922872 0.000000 -0.385106
s 1
g group2 group3 pCube33
usemtl initialShadingGroup
f 1920/2680/3142 1925/2687/3143 1932/2693/3144 1933/2694/3145
f 1927/2719/3146 1928/2689/3147 1922/2684/3148 1921/2711/3149
f 1928/2689/3147 1929/2690/3150 1923/2685/3151 1922/2684/3148
f 1929/2690/3150 1930/2691/3152 1924/2686/3153 1923/2685/3151
f 1930/2691/3152 1925/2687/3143 1920/2680/3142 1924/2686/3153
s 3
f 1934/2698/3154 1935/2695/3155 1936/2696/3156 1937/2697/3157
f 1938/2699/3158 1939/2700/3159 1940/2701/3160 1941/2702/3161
f 1939/2700/3159 1942/2703/3162 1943/2704/3163 1940/2701/3160
f 1942/2703/3162 1944/2705/3164 1945/2706/3165 1943/2704/3163
f 1944/2705/3164 1935/2695/3155 1934/2698/3154 1945/2706/3165
s 1
f 1932/2693/3144 1931/2692/3166 1914/2677/3167 1926/2688/3168
f 1933/2694/3145 1932/2693/3144 1926/2688/3168 1913/2678/3169
s 5
f 1915/2676/3170 1931/2692/3171 1936/2696/3172 1935/2695/3173
s off
f 1931/2692/3174 1932/2693/3175 1937/2697/3176 1936/2696/3177
s 6
f 1932/2693/3178 1925/2687/3179 1934/2698/3180 1937/2697/3181
s 5
f 1919/2679/3182 1918/2683/3183 1939/2700/3184 1938/2699/3185
s 6
f 1928/2689/3186 1927/2719/3187 1941/2702/3188 1940/2701/3189
s off
f 1927/2719/3190 1919/2679/3191 1938/2699/3192 1941/2702/3193
s 5
f 1918/2683/3183 1917/2682/3194 1942/2703/3195 1939/2700/3184
s 6
f 1929/2690/3196 1928/2689/3186 1940/2701/3189 1943/2704/3197
s 5
f 1917/2682/3194 1916/2681/3198 1944/2705/3199 1942/2703/3195
s 6
f 1930/2691/3200 1929/2690/3196 1943/2704/3197 1945/2706/3201
s 5
f 1916/2681/3198 1915/2676/3170 1935/2695/3173 1944/2705/3199
s 6
f 1925/2687/3179 1930/2691/3200 1945/2706/3201 1934/2698/3180
s 1
f 1946/2717/3202 1950/2743/3203 1952/2744/3204 1951/2718/3205
f 1950/2743/3203 1949/2741/3206 1953/2745/3207 1952/2744/3204
f 1949/2741/3206 1948/2739/3208 1954/2746/3209 1953/2745/3207
f 1948/2739/3208 1947/2707/3210 1955/2710/3211 1954/2746/3209
f 1965/2713/3212 1964/2755/3213 1966/2756/3214 1970/2708/3215
f 1964/2755/3213 1963/2753/3216 1967/2759/3217 1966/2756/3214
f 1963/2754/3216 1962/2752/3218 1968/2760/3219 1967/2758/3217
f 1962/2752/3218 1961/2715/3220 1969/2709/3221 1968/2760/3219
f 1955/2710/3211 1927/2719/3146 1921/2711/3149 1974/2735/3222
f 1961/2715/3220 1960/2737/3223 1913/2732/3224 1926/2712/3225
f 1965/2713/3212 1951/2718/3205 1975/2736/3226 1959/2714/3227
f 1961/2715/3220 1926/2712/3225 1914/2716/3228 1969/2709/3221
f 1965/2713/3212 1970/2708/3215 1946/2717/3202 1951/2718/3205
f 1955/2710/3211 1947/2707/3210 1919/2679/3229 1927/2719/3146
s off
f 1966/2757/3230 1967/2758/3231 1968/2760/3232 1969/2709/3233 1914/2716/3234 1931/2720/3235 1915/2721/3236 1916/2722/3237 1917/2723/3238 1918/2724/3239 1919/2725/3240 1947/2726/3241 1948/2738/3242 1949/2740/3243 1950/2742/3244 1946/2727/3245 1970/2728/3246
f 1971/2762/3247 1972/2763/3248 1973/2764/3249 1974/2735/3250 1921/2711/3251 1922/2684/3252 1923/2685/3253 1924/2729/3254 1920/2730/3255 1933/2731/3256 1913/2732/3257 1960/2737/3258 1956/2747/3259 1957/2748/3260 1958/2751/3261 1959/2733/3262 1975/2734/3263
s 1
f 1954/2746/3209 1955/2710/3211 1974/2735/3222 1973/2764/3264
f 1953/2745/3207 1954/2746/3209 1973/2764/3264 1972/2763/3265
f 1951/2718/3205 1952/2744/3204 1971/2761/3266 1975/2736/3226
f 1952/2744/3204 1953/2745/3207 1972/2763/3265 1971/2761/3266
f 1959/2714/3227 1958/2750/3267 1964/2755/3213 1965/2713/3212
f 1958/2750/3267 1957/2749/3268 1963/2753/3216 1964/2755/3213
f 1957/2748/3268 1956/2747/3269 1962/2752/3218 1963/2754/3216
f 1956/2747/3269 1960/2737/3223 1961/2715/3220 1962/2752/3218
g default
v -173.475174 4417.615059 -741.151128
v -173.475174 4121.076279 -741.151128
v -653.676328 4121.076279 -739.891127
v -705.662994 4121.076279 -750.090158
v -749.789405 4121.076279 -779.407325
v -779.337697 4121.076279 -823.379259
v -789.809196 4121.076279 -875.311680
v -653.676328 4417.615059 -739.891127
v -789.809196 4417.615059 -875.311680
v -779.337697 4417.615059 -823.379259
v -749.789405 4417.615059 -779.407325
v -705.662994 4417.615059 -750.090158
v -653.676328 4291.957448 -739.891127
v -173.475174 4291.957448 -741.151128
v -789.809196 4291.957448 -875.311680
v -779.337697 4291.957448 -823.379259
v -749.789405 4291.957448 -779.407325
v -705.662994 4291.957448 -750.090158
v -215.155529 4121.076279 -741.041763
v -215.155529 4291.957448 -741.041763
v -215.155529 4417.615059 -741.041763
v -651.070364 4291.957448 -767.081231
v -651.070364 4121.076279 -767.081231
v -215.226854 4121.076279 -768.224842
v -215.226854 4291.957448 -768.224842
v -763.162513 4121.076279 -880.684747
v -753.759570 4121.076279 -834.052753
v -753.759570 4291.957448 -834.052753
v -763.162513 4291.957448 -880.684747
v -730.242937 4121.076279 -799.056617
v -730.242937 4291.957448 -799.056617
v -695.123857 4121.076279 -775.723881
v -695.123857 4291.957448 -775.723881
v -653.676368 4513.186853 -739.891127
v -215.155568 4513.186853 -741.041763
v -173.475214 4513.186853 -741.151128
v -789.809276 4513.186853 -875.311680
v -779.337777 4513.186853 -823.379259
v -749.789485 4513.186853 -779.407324
v -705.663034 4513.186853 -750.090158
v -656.282292 4417.615059 -712.700983
v -656.282292 4291.957448 -712.700983
v -215.084203 4291.957448 -713.858671
v -215.084203 4417.615059 -713.858671
v -816.456178 4291.957448 -869.938639
v -804.915804 4291.957448 -812.705793
v -804.915804 4417.615059 -812.705793
v -816.456178 4417.615059 -869.938639
v -769.335933 4291.957448 -759.758005
v -769.335933 4417.615059 -759.758005
v -716.202111 4291.957448 -724.456422
v -716.202111 4417.615059 -724.456422
v -729.049032 4121.076279 -1192.331171
v -790.478990 4121.076279 -1130.577919
v -785.852436 4121.076279 -1154.160323
v -772.553506 4121.076279 -1174.177098
v -752.606829 4121.076279 -1187.580919
v -729.049032 4291.957448 -1192.331171
v -752.606829 4291.957448 -1187.580919
v -772.553506 4291.957448 -1174.177098
v -785.852436 4291.957448 -1154.160323
v -790.478990 4291.957448 -1130.577919
v -174.501233 4417.615059 -1132.194185
v -179.251499 4417.615059 -1155.751985
v -192.655289 4417.615059 -1175.698694
v -212.672091 4417.615059 -1188.997656
v -236.254472 4417.615059 -1193.624216
v -174.501233 4291.957448 -1132.194185
v -179.251499 4291.957448 -1155.751985
v -192.655289 4291.957448 -1175.698694
v -212.672091 4291.957448 -1188.997656
v -236.254472 4291.957448 -1193.624216
v -212.672091 4121.076279 -1188.997656
v -192.655289 4121.076279 -1175.698694
v -179.251499 4121.076279 -1155.751985
v -174.501233 4121.076279 -1132.194185
v -236.254472 4121.076279 -1193.624216
v -729.049032 4417.615059 -1192.331171
v -752.606829 4417.615059 -1187.580919
v -772.553506 4417.615059 -1174.177098
v -785.852436 4417.615059 -1154.160323
v -790.478990 4417.615059 -1130.577919
v -236.254512 4513.186853 -1193.624216
v -174.501273 4513.186853 -1132.194185
v -179.251499 4513.186853 -1155.751985
v -192.655329 4513.186853 -1175.698694
v -212.672131 4513.186853 -1188.997656
v -790.479070 4513.186853 -1130.577919
v -729.049111 4513.186853 -1192.331171
v -752.606909 4513.186853 -1187.580919
v -772.553626 4513.186853 -1174.177097
v -785.852516 4513.186853 -1154.160323
vt 0.675771 0.000000
vt 0.875000 0.000000
vt 0.875000 0.250000
vt 0.550008 0.000000
vt 0.675771 0.250000
vt 0.625000 0.300771
vt 0.652077 0.000000
vt 0.625000 0.000000
vt 0.589023 0.000000
vt 0.588356 0.248803
vt 0.625000 0.250000
vt 0.652077 0.250000
vt 0.625000 0.277077
vt 0.675771 0.125000
vt 0.875000 0.125000
vt 0.588689 0.124402
vt 0.625000 0.125000
vt 0.652077 0.125000
vt 0.775385 0.000000
vt 0.775385 0.125000
vt 0.625000 0.400385
vt 0.775385 0.250000
vt 0.675771 0.000000
vt 0.775385 0.000000
vt 0.775385 0.125000
vt 0.675771 0.125000
vt 0.550008 0.000000
vt 0.589023 0.000000
vt 0.588689 0.124402
vt 0.550008 0.125000
vt 0.625000 0.000000
vt 0.625000 0.125000
vt 0.652077 0.000000
vt 0.652077 0.125000
vt 0.625000 0.300771
vt 0.675771 0.125000
vt 0.775385 0.125000
vt 0.775385 0.250000
vt 0.675771 0.250000
vt 0.550008 0.125000
vt 0.588689 0.124402
vt 0.588356 0.248803
vt 0.550008 0.250000
vt 0.625000 0.125000
vt 0.625000 0.250000
vt 0.652077 0.125000
vt 0.652077 0.250000
vt 0.409018 -0.000000
vt 0.149998 -0.000000
vt 0.409018 0.750000
vt 0.409018 0.125000
vt 0.550008 0.250000
vt 0.409019 0.500000
vt 0.625000 0.625000
vt 0.149997 0.125000
vt 0.350002 0.250000
vt 0.409018 0.625000
vt 0.625000 0.750000
vt 0.350002 -0.000000
vt 0.350002 0.125000
vt 0.550008 0.125000
vt 0.625000 0.500000
vt 0.375000 0.475003
vt 0.409018 0.250000
vt 0.550008 0.250000
vt 0.625000 0.849615
vt 0.625000 0.949229
vt 0.625000 0.972923
vt 0.625000 1.000000
vt 0.589023 1.000000
vt 0.550007 1.000000
vt 0.409018 1.000000
vt 0.375000 0.975002
vt 0.375000 0.774997
vt 0.588356 0.248803
vt 0.625000 0.250000
vt 0.625000 0.277077
vt 0.625000 0.400385
vt 0.625000 0.500000
vt 0.375000 0.475002
vt 0.409018 0.500000
vt 0.149998 0.250000
vt 0.409018 0.250000
vt 0.375000 0.274998
vt 0.375000 0.274998
vt 0.391320 1.000000
vt 0.391320 -0.000000
vt 0.375000 1.000000
vt 0.375000 0.000000
vt 0.375000 0.986668
vt 0.361668 -0.000000
vt 0.361668 0.125117
vt 0.375000 0.125000
vt 0.391320 0.125186
vt 0.391317 0.500973
vt 0.375000 0.500000
vt 0.125000 0.250000
vt 0.138332 0.250000
vt 0.375000 0.486668
vt 0.391320 0.624809
vt 0.125000 0.125000
vt 0.375000 0.625000
vt 0.138332 0.125117
vt 0.138332 -0.000000
vt 0.375000 0.763332
vt 0.375000 0.750000
vt 0.125000 0.000000
vt 0.391315 0.748880
vt 0.375000 0.263332
vt 0.361668 0.250000
vt 0.375000 0.250000
vt 0.391346 0.249046
vt 0.390969 0.500991
vt 0.375000 0.500000
vt 0.374726 0.486749
vt 0.374484 0.262966
vt 0.375000 0.250000
vt 0.393829 0.250948
vn -0.021143 0.000000 0.999776
vn -0.021143 0.000000 0.999776
vn 0.002624 0.000000 0.999997
vn 0.002624 0.000000 0.999997
vn -0.980270 0.000000 0.197661
vn -0.919447 0.000000 0.393214
vn -0.919447 0.000000 0.393214
vn -0.980270 0.000000 0.197661
vn -0.705249 0.000000 0.708960
vn -0.705249 0.000000 0.708960
vn -0.384277 0.000000 0.923218
vn -0.384277 0.000000 0.923218
vn -0.015624 0.000000 0.999878
vn -0.015624 0.000000 0.999878
vn 0.002624 0.000000 0.999997
vn 0.002624 0.000000 0.999997
vn -0.980270 0.000000 0.197663
vn -0.927422 0.000000 0.374017
vn -0.927422 0.000000 0.374017
vn -0.980270 0.000000 0.197663
vn -0.705249 0.000000 0.708959
vn -0.705249 0.000000 0.708959
vn -0.374482 0.000000 0.927234
vn -0.374482 0.000000 0.927234
vn 0.002624 0.000000 0.999997
vn 0.002624 0.000000 0.999997
vn 0.002624 0.000000 0.999997
vn 0.002624 0.000000 0.999997
vn 0.002624 0.000000 0.999997
vn 0.002624 0.000000 0.999997
vn 0.000000 1.000000 0.000000
vn 0.000000 1.000000 0.000000
vn 0.000000 1.000000 0.000000
vn 0.000000 1.000000 0.000000
vn -0.999997 0.000000 0.002624
vn -0.999997 0.000000 0.002624
vn -0.999997 0.000000 0.002624
vn -0.999997 0.000000 0.002624
vn 0.000000 -1.000000 0.000000
vn 0.000000 -1.000000 0.000000
vn 0.000000 -1.000000 0.000000
vn 0.000000 -1.000000 0.000000
vn 0.000000 1.000000 0.000000
vn 0.000000 1.000000 0.000000
vn 0.000000 1.000000 0.000000
vn 0.000000 1.000000 0.000000
vn -0.000000 -1.000000 0.000000
vn -0.000000 -1.000000 0.000000
vn 0.000000 -1.000000 -0.000000
vn 0.000000 -1.000000 -0.000000
vn 0.197663 0.000000 0.980270
vn 0.197663 0.000000 0.980270
vn 0.197663 0.000000 0.980270
vn 0.197663 0.000000 0.980270
vn 0.000000 1.000000 -0.000000
vn 0.000000 1.000000 -0.000000
vn -0.000000 -1.000000 0.000000
vn 0.000000 -1.000000 -0.000000
vn 0.000000 1.000000 -0.000000
vn 0.000000 1.000000 -0.000000
vn 0.000000 -1.000000 0.000000
vn 0.000000 -1.000000 0.000000
vn -0.018444 -0.000000 0.999830
vn 0.002624 0.000000 0.999997
vn -0.018444 -0.000000 0.999830
vn 0.002624 0.000000 0.999997
vn -0.999825 -0.000000 0.018699
vn -0.922873 -0.000001 0.385104
vn -0.922873 -0.000001 0.385104
vn -0.999343 -0.000001 0.036244
vn -0.705249 -0.000001 0.708960
vn -0.705249 -0.000001 0.708960
vn -0.380258 -0.000000 0.924881
vn -0.380258 -0.000000 0.924881
vn 0.000000 -1.000000 0.000000
vn 0.000000 -1.000000 0.000000
vn 0.999997 0.000000 -0.002624
vn 0.999997 0.000000 -0.002624
vn 0.999997 0.000000 -0.002624
vn 0.999997 0.000000 -0.002624
vn 0.000000 1.000000 0.000000
vn 0.000000 1.000000 0.000000
vn 0.000000 1.000000 0.000000
vn 0.000000 1.000000 0.000000
vn -0.000000 -1.000000 0.000000
vn -0.000000 -1.000000 0.000000
vn -0.000000 1.000000 0.000000
vn -0.000000 1.000000 0.000000
vn -0.000000 1.000000 0.000000
vn -0.000000 1.000000 0.000000
vn -0.197660 0.000000 -0.980271
vn -0.197660 0.000000 -0.980271
vn -0.197660 0.000000 -0.980271
vn -0.197660 0.000000 -0.980271
vn -0.000000 -1.000000 0.000000
vn 0.000000 1.000000 -0.000000
vn 0.000000 1.000000 -0.000000
vn 0.000000 -1.000000 0.000000
vn 0.000000 1.000000 0.000000
vn 0.000000 1.000000 0.000000
vn -0.011703 0.000000 -0.999932
vn -0.385107 0.000000 -0.922872
vn -0.385107 0.000000 -0.922872
vn -0.011703 0.000000 -0.999931
vn -0.708961 0.000000 -0.705248
vn -0.708960 0.000000 -0.705248
vn -0.924881 0.000000 -0.380258
vn -0.924881 0.000000 -0.380258
vn -0.999899 0.000000 -0.014188
vn -0.999899 0.000000 -0.014188
vn 0.006455 0.000000 -0.999979
vn 0.380259 0.000000 -0.924880
vn 0.380259 0.000000 -0.924880
vn 0.006455 0.000000 -0.999979
vn 0.705249 0.000000 -0.708960
vn 0.705249 0.000000 -0.708960
vn 0.922872 0.000000 -0.385107
vn 0.922872 0.000000 -0.385107
vn 0.999903 0.000000 -0.013931
vn 0.999903 0.000000 -0.013931
vn -0.999997 0.000000 0.002624
vn -0.999899 -0.000000 -0.014188
vn 0.999903 0.000000 -0.013931
vn 0.999997 0.000000 -0.002624
vn 0.999997 0.000000 -0.002624
vn -0.011703 -0.000000 -0.999932
vn 0.006455 0.000000 -0.999979
vn 0.999997 0.000000 -0.002624
vn -0.999997 0.000000 0.002624
vn 0.999903 0.000000 -0.013931
vn 0.999997 0.000000 -0.002624
vn -0.011703 -0.000000 -0.999932
vn 0.006455 0.000000 -0.999979
vn -0.999899 -0.000001 -0.014188
vn -0.000000 -1.000000 0.000000
vn -0.000000 -1.000000 0.000000
vn -0.000000 -1.000000 0.000000
vn -0.000000 -1.000000 0.000000
vn -0.000000 -1.000000 0.000000
vn -0.000000 -1.000000 0.000000
vn -0.000000 -1.000000 0.000000
vn -0.000000 -1.000000 0.000000
vn -0.000000 -1.000000 0.000000
vn -0.000000 -1.000000 0.000000
vn -0.000000 -1.000000 0.000000
vn -0.000000 -1.000000 0.000000
vn -0.000000 -1.000000 0.000000
vn -0.000000 -1.000000 0.000000
vn -0.000000 -1.000000 0.000000
vn -0.000000 -1.000000 0.000000
vn -0.000000 -1.000000 0.000000
vn -0.000000 1.000000 0.000000
vn -0.000000 1.000000 0.000000
vn -0.000000 1.000000 0.000000
vn -0.000000 1.000000 0.000000
vn -0.000000 1.000000 0.000000
vn -0.000000 1.000000 0.000000
vn -0.000000 1.000000 0.000000
vn -0.000000 1.000000 0.000000
vn -0.000000 1.000000 0.000000
vn -0.000000 1.000000 0.000000
vn -0.000000 1.000000 0.000000
vn -0.000000 1.000000 0.000000
vn -0.000000 1.000000 0.000000
vn -0.000000 1.000000 0.000000
vn -0.000000 1.000000 0.000000
vn -0.000000 1.000000 0.000000
vn -0.000000 1.000000 0.000000
vn -0.924881 -0.000000 -0.380258
vn -0.708960 -0.000000 -0.705248
vn -0.385107 -0.000000 -0.922872
vn 0.380259 0.000000 -0.924880
vn 0.380258 0.000000 -0.924880
vn 0.705249 0.000000 -0.708960
vn 0.705249 0.000000 -0.708960
vn 0.922872 0.000000 -0.385107
vn 0.922872 0.000000 -0.385107
vn -0.924881 -0.000001 -0.380258
vn -0.708960 -0.000001 -0.705248
vn -0.385107 -0.000000 -0.922872
s 1
g group2 group3 pCube34
usemtl initialShadingGroup
f 2016/2803/3270 2017/2800/3271 2018/2801/3272 2019/2802/3273
f 2020/2804/3274 2021/2805/3275 2022/2806/3276 2023/2807/3277
f 2021/2805/3275 2024/2808/3278 2025/2809/3279 2022/2806/3276
f 2024/2808/3278 2026/2810/3280 2027/2811/3281 2025/2809/3279
f 2026/2810/3280 2017/2800/3271 2016/2803/3270 2027/2811/3281
s 3
f 1997/2790/3282 1998/2787/3283 1999/2788/3284 2000/2789/3285
f 2001/2791/3286 2002/2792/3287 2003/2793/3288 2004/2794/3289
f 2002/2792/3287 2005/2795/3290 2006/2796/3291 2003/2793/3288
f 2005/2795/3290 2007/2797/3292 2008/2798/3293 2006/2796/3291
f 2007/2797/3292 1998/2787/3283 1997/2790/3282 2008/2798/3293
s 5
f 1995/2784/3294 1994/2783/3295 1977/2766/3296 1989/2779/3297
f 1996/2786/3298 1995/2784/3294 1989/2779/3297 1976/2767/3299
s 6
f 1978/2765/3300 1994/2783/3301 1999/2788/3302 1998/2787/3303
s off
f 1994/2783/3304 1995/2784/3305 2000/2789/3306 1999/2788/3307
s 7
f 1995/2784/3308 1988/2778/3309 1997/2790/3310 2000/2789/3311
s 6
f 1982/2768/3312 1981/2773/3313 2002/2792/3314 2001/2791/3315
s 7
f 1991/2780/3316 1990/2825/3317 2004/2794/3318 2003/2793/3319
s off
f 1990/2825/3320 1982/2768/3321 2001/2791/3322 2004/2794/3323
s 6
f 1981/2773/3313 1980/2772/3324 2005/2795/3325 2002/2792/3314
s 7
f 1992/2781/3326 1991/2780/3316 2003/2793/3319 2006/2796/3327
s 6
f 1980/2772/3324 1979/2771/3328 2007/2797/3329 2005/2795/3325
s 7
f 1993/2782/3330 1992/2781/3326 2006/2796/3327 2008/2798/3331
s 6
f 1979/2771/3328 1978/2765/3300 1998/2787/3303 2007/2797/3329
s 7
f 1988/2778/3309 1993/2782/3330 2008/2798/3331 1997/2790/3310
s 5
f 1983/2770/3332 1996/2785/3298 2010/2842/3333 2009/2799/3334
f 1996/2785/3298 1976/2826/3299 2011/2843/3335 2010/2842/3333
f 1984/2816/3336 1985/2774/3337 2013/2839/3338 2012/2829/3339
f 1985/2774/3337 1986/2775/3340 2014/2840/3341 2013/2839/3338
f 1986/2775/3340 1987/2777/3342 2015/2841/3343 2014/2840/3341
f 1987/2777/3342 1983/2770/3332 2009/2799/3334 2015/2841/3343
s 7
f 1988/2778/3309 1995/2784/3308 2018/2801/3344 2017/2800/3345
s off
f 1995/2784/3346 1996/2786/3347 2019/2802/3348 2018/2801/3349
s 11
f 1996/2786/3350 1983/2769/3351 2016/2803/3352 2019/2802/3353
s 7
f 1990/2825/3317 1991/2780/3316 2021/2805/3354 2020/2804/3355
s 11
f 1985/2774/3356 1984/2816/3357 2023/2807/3358 2022/2806/3359
s off
f 1984/2816/3360 1990/2825/3361 2020/2804/3362 2023/2807/3363
s 7
f 1991/2780/3316 1992/2781/3326 2024/2808/3364 2021/2805/3354
s 11
f 1986/2775/3365 1985/2774/3356 2022/2806/3359 2025/2809/3366
s 7
f 1992/2781/3326 1993/2782/3330 2026/2810/3367 2024/2808/3364
s 11
f 1987/2776/3368 1986/2775/3365 2025/2809/3366 2027/2811/3369
s 7
f 1993/2782/3330 1988/2778/3309 2017/2800/3345 2026/2810/3367
s 11
f 1983/2769/3351 1987/2776/3368 2027/2811/3369 2016/2803/3352
s 5
f 2028/2823/3370 2032/2855/3371 2034/2856/3372 2033/2824/3373
f 2032/2855/3371 2031/2853/3374 2035/2857/3375 2034/2856/3372
f 2031/2853/3374 2030/2851/3376 2036/2858/3377 2035/2857/3375
f 2030/2851/3376 2029/2812/3378 2037/2815/3379 2036/2858/3377
f 2047/2819/3380 2046/2867/3381 2048/2868/3382 2052/2813/3383
f 2046/2867/3381 2045/2865/3384 2049/2871/3385 2048/2868/3382
f 2045/2866/3384 2044/2864/3386 2050/2872/3387 2049/2870/3385
f 2044/2864/3386 2043/2821/3388 2051/2814/3389 2050/2872/3387
f 2037/2815/3379 1990/2825/3390 1984/2816/3336 2057/2828/3391
f 2038/2817/3392 1976/2826/3393 1989/2818/3394 2043/2821/3388
f 2047/2819/3380 2033/2824/3373 2053/2820/3395 2042/2846/3396
f 2043/2821/3388 1989/2818/3394 1977/2822/3397 2051/2814/3389
f 2047/2819/3380 2052/2813/3383 2028/2823/3370 2033/2824/3373
f 2037/2815/3379 2029/2812/3378 1982/2768/3398 1990/2825/3390
f 1976/2826/3393 2038/2817/3392 2059/2845/3399 2011/2843/3400
f 2042/2827/3396 2053/2848/3395 2064/2849/3401 2058/2844/3402
f 2057/2828/3391 1984/2816/3336 2012/2829/3339 2063/2847/3403
s off
f 2048/2869/3404 2049/2870/3405 2050/2872/3406 2051/2814/3407 1977/2822/3408 1994/2830/3409 1978/2831/3410 1979/2832/3411 1980/2833/3412 1981/2834/3413 1982/2835/3414 2029/2836/3415 2030/2850/3416 2031/2852/3417 2032/2854/3418 2028/2837/3419 2052/2838/3420
f 2063/2847/3421 2012/2829/3422 2013/2839/3423 2014/2840/3424 2015/2841/3425 2009/2799/3426 2010/2842/3427 2011/2843/3428 2059/2845/3429 2060/2877/3430 2061/2878/3431 2062/2879/3432 2058/2844/3433 2064/2849/3434 2065/2880/3435 2066/2881/3436 2067/2882/3437
s 5
f 2036/2858/3377 2037/2815/3379 2057/2828/3391 2056/2876/3438
f 2035/2857/3375 2036/2858/3377 2056/2876/3438 2055/2875/3439
f 2033/2824/3373 2034/2856/3372 2054/2874/3440 2053/2820/3395
f 2034/2856/3372 2035/2857/3375 2055/2875/3439 2054/2874/3440
f 2041/2863/3441 2042/2827/3396 2058/2844/3402 2062/2879/3442
f 2040/2860/3443 2041/2863/3441 2062/2879/3442 2061/2878/3444
f 2038/2817/3392 2039/2859/3445 2060/2877/3446 2059/2845/3399
f 2039/2859/3445 2040/2860/3443 2061/2878/3444 2060/2877/3446
f 2042/2846/3396 2041/2862/3441 2046/2867/3381 2047/2819/3380
f 2041/2862/3441 2040/2861/3443 2045/2865/3384 2046/2867/3381
f 2040/2860/3443 2039/2859/3445 2044/2864/3386 2045/2866/3384
f 2039/2859/3445 2038/2817/3392 2043/2821/3388 2044/2864/3386
f 2056/2876/3438 2057/2828/3391 2063/2847/3403 2067/2882/3447
f 2055/2875/3439 2056/2876/3438 2067/2882/3447 2066/2881/3448
f 2053/2848/3395 2054/2873/3440 2065/2880/3449 2064/2849/3401
f 2054/2873/3440 2055/2875/3439 2066/2881/3448 2065/2880/3449
g default
v -659.679815 4328.460700 -1153.785010
v -822.137690 4328.460700 -1153.358736
v -659.679815 4533.672632 -1153.785010
v -822.137690 4533.672632 -1153.358736
v -658.961747 4533.672632 -880.121136
v -821.419622 4533.672632 -879.694863
v -658.961747 4328.460700 -880.121136
v -821.419622 4328.460700 -879.694863
v -646.961264 4544.643321 -1161.325359
v -834.895538 4544.643321 -1160.832238
v -834.138076 4544.643321 -872.154513
v -646.203802 4544.643321 -872.647634
v -646.961264 4552.323215 -1161.325359
v -834.895538 4552.323215 -1160.832238
v -834.138076 4552.323215 -872.154513
v -646.203802 4552.323215 -872.647634
v -674.223986 4552.323215 -1145.162324
v -807.548392 4552.323215 -1144.812493
v -806.875374 4552.323215 -888.317557
v -673.550968 4552.323215 -888.667387
v -674.223986 4561.912668 -1145.162324
v -807.548392 4561.912668 -1144.812493
v -806.875374 4561.912668 -888.317557
v -673.550968 4561.912668 -888.667387
v -807.211883 4605.355920 -1016.565025
v -673.887477 4605.355920 -1016.914855
v -673.887477 4552.323215 -1016.914855
v -646.582533 4552.323215 -1016.986497
v -646.582533 4544.643321 -1016.986497
v -659.320781 4533.672632 -1016.953073
v -659.320781 4328.460700 -1016.953073
v -821.778656 4328.460700 -1016.526799
v -821.778656 4533.672632 -1016.526799
v -834.516807 4544.643321 -1016.493376
v -834.516807 4552.323215 -1016.493376
v -807.211883 4552.323215 -1016.565025
v -807.380137 4593.159652 -1080.688761
v -674.055731 4593.159652 -1081.038592
v -674.055731 4552.323215 -1081.038592
v -646.771899 4552.323215 -1089.155920
v -646.771899 4544.643321 -1089.155920
v -659.500298 4533.672632 -1085.369041
v -659.500298 4328.460700 -1085.369041
v -821.958173 4328.460700 -1084.942768
v -821.958173 4533.672632 -1084.942768
v -834.706172 4544.643321 -1088.662799
v -834.706172 4552.323215 -1088.662799
v -807.380137 4552.323215 -1080.688761
v -807.043628 4593.159652 -952.441289
v -673.719222 4593.159652 -952.791119
v -673.719222 4552.323215 -952.791119
v -646.393168 4552.323215 -944.817066
v -646.393168 4544.643321 -944.817066
v -659.141264 4533.672632 -948.537105
v -659.141264 4328.460700 -948.537105
v -821.599139 4328.460700 -948.110831
v -821.599139 4533.672632 -948.110831
v -834.327441 4544.643321 -944.323944
v -834.327441 4552.323215 -944.323944
v -807.043628 4552.323215 -952.441289
v -806.959501 4581.015118 -920.379419
v -673.635095 4581.015118 -920.729249
v -673.635095 4552.323215 -920.729249
v -646.298485 4552.323215 -908.732370
v -646.298485 4544.643321 -908.732370
v -659.051506 4533.672632 -914.329120
v -659.051506 4328.460700 -914.329120
v -821.509380 4328.460700 -913.902847
v -821.509380 4533.672632 -913.902847
v -834.232758 4544.643321 -908.239249
v -834.232758 4552.323215 -908.239249
v -806.959501 4552.323215 -920.379419
v -807.464264 4581.015118 -1112.750639
v -674.139859 4581.015118 -1113.100470
v -674.139859 4552.323215 -1113.100470
v -646.866582 4552.323215 -1125.240640
v -646.866582 4544.643321 -1125.240640
v -659.590056 4533.672632 -1119.577042
v -659.590056 4328.460700 -1119.577042
v -822.047931 4328.460700 -1119.150768
v -822.047931 4533.672632 -1119.150768
v -834.800855 4544.643321 -1124.747518
v -834.800855 4552.323215 -1124.747518
v -807.464264 4552.323215 -1112.750639
v -807.296010 4601.591284 -1048.626897
v -673.971604 4601.591284 -1048.976728
v -673.971604 4552.323215 -1048.976728
v -646.677216 4552.323215 -1053.071212
v -646.677216 4544.643321 -1053.071212
v -659.410539 4533.672632 -1051.161057
v -659.410539 4328.460700 -1051.161057
v -821.868414 4328.460700 -1050.734783
v -821.868414 4533.672632 -1050.734783
v -834.611490 4544.643321 -1052.578091
v -834.611490 4552.323215 -1052.578091
v -807.296010 4552.323215 -1048.626897
v -807.127755 4601.591284 -984.503159
v -673.803350 4601.591284 -984.852989
v -673.803350 4552.323215 -984.852989
v -646.487850 4552.323215 -980.901781
v -646.487850 4544.643321 -980.901781
v -659.231023 4533.672632 -982.745091
v -659.231023 4328.460700 -982.745091
v -821.688897 4328.460700 -982.318817
v -821.688897 4533.672632 -982.318817
v -834.422124 4544.643321 -980.408660
v -834.422124 4552.323215 -980.408660
v -807.127755 4552.323215 -984.503159
v -807.540663 4557.321213 -1141.867199
v -807.464264 4557.321213 -1112.750639
v -807.462135 4576.201621 -1111.939103
v -807.540663 4558.370531 -1141.867199
v -807.211883 4557.321213 -1016.565025
v -807.211883 4600.345561 -1016.565025
v -807.127755 4557.321213 -984.503159
v -807.128615 4596.619840 -984.830937
v -807.380137 4557.321213 -1080.688761
v -807.378702 4588.245893 -1080.141803
v -807.296010 4557.321213 -1048.626897
v -807.295150 4596.619840 -1048.299119
v -807.043628 4557.321213 -952.441289
v -807.045063 4588.245893 -952.988251
v -806.959501 4557.321213 -920.379419
v -806.961630 4576.201621 -921.190947
v -806.883102 4557.321213 -891.262868
v -806.883102 4558.370531 -891.262868
v -674.216258 4557.321213 -1142.217029
v -674.139859 4557.321213 -1113.100470
v -674.216258 4558.370531 -1142.217029
v -674.137729 4576.201621 -1112.288933
v -673.887477 4557.321213 -1016.914855
v -673.803350 4557.321213 -984.852989
v -673.887477 4600.345561 -1016.914855
v -673.804210 4596.619840 -985.180768
v -674.055731 4557.321213 -1081.038592
v -673.971604 4557.321213 -1048.976728
v -674.054296 4588.245893 -1080.491634
v -673.970744 4596.619840 -1048.648949
v -673.719222 4557.321213 -952.791119
v -673.635095 4557.321213 -920.729249
v -673.720658 4588.245893 -953.338081
v -673.637224 4576.201621 -921.540778
v -673.558696 4557.321213 -891.612698
v -673.558696 4558.370531 -891.612698
v -788.707550 4557.321213 -1141.916615
v -788.631151 4557.321213 -1112.800056
v -788.629022 4576.201621 -1111.988519
v -788.707550 4558.370531 -1141.916615
v -788.378769 4557.321213 -1016.614441
v -788.378769 4600.345561 -1016.614441
v -788.294642 4557.321213 -984.552575
v -788.295502 4596.619840 -984.880354
v -788.547024 4557.321213 -1080.738177
v -788.545589 4588.245893 -1080.191220
v -788.462897 4557.321213 -1048.676313
v -788.462037 4596.619840 -1048.348535
v -788.210515 4557.321213 -952.490705
v -788.211950 4588.245893 -953.037667
v -788.126388 4557.321213 -920.428835
v -788.128517 4576.201621 -921.240364
v -788.049989 4557.321213 -891.312284
v -788.049989 4558.370531 -891.312284
v -693.049380 4557.321213 -1142.167613
v -692.972981 4557.321213 -1113.051054
v -693.049380 4558.370531 -1142.167613
v -692.970852 4576.201621 -1112.239517
v -692.720600 4557.321213 -1016.865439
v -692.636472 4557.321213 -984.803573
v -692.720600 4600.345561 -1016.865439
v -692.637332 4596.619840 -985.131351
v -692.888854 4557.321213 -1080.989175
v -692.804727 4557.321213 -1048.927311
v -692.887419 4588.245893 -1080.442217
v -692.803867 4596.619840 -1048.599533
v -692.552345 4557.321213 -952.741703
v -692.468218 4557.321213 -920.679833
v -692.553780 4588.245893 -953.288665
v -692.470347 4576.201621 -921.491361
v -692.391819 4557.321213 -891.563282
v -692.391819 4558.370531 -891.563282
vt 0.375000 0.000000
vt 0.625000 0.000000
vt 0.375000 0.250000
vt 0.625000 0.250000
vt 0.375000 0.500000
vt 0.625000 0.500000
vt 0.375000 0.750000
vt 0.625000 0.750000
vt 0.375000 1.000000
vt 0.625000 1.000000
vt 0.875000 0.000000
vt 0.875000 0.250000
vt 0.125000 0.000000
vt 0.125000 0.250000
vt 0.375000 0.250000
vt 0.625000 0.250000
vt 0.625000 0.500000
vt 0.375000 0.500000
vt 0.375000 0.250000
vt 0.625000 0.250000
vt 0.625000 0.500000
vt 0.375000 0.500000
vt 0.375000 0.250000
vt 0.625000 0.250000
vt 0.625000 0.500000
vt 0.375000 0.500000
vt 0.375000 0.250000
vt 0.625000 0.250000
vt 0.625000 0.500000
vt 0.375000 0.500000
vt 0.625000 0.375000
vt 0.375000 0.375000
vt 0.375000 0.375000
vt 0.375000 0.375000
vt 0.375000 0.375000
vt 0.250000 0.250000
vt 0.375000 0.375000
vt 0.250000 0.000000
vt 0.375000 0.875000
vt 0.625000 0.875000
vt 0.750000 0.000000
vt 0.625000 0.375000
vt 0.750000 0.250000
vt 0.625000 0.375000
vt 0.625000 0.375000
vt 0.625000 0.375000
vt 0.625000 0.312500
vt 0.375000 0.312500
vt 0.375000 0.312500
vt 0.375000 0.312500
vt 0.375000 0.312500
vt 0.312500 0.250000
vt 0.375000 0.312500
vt 0.312500 0.000000
vt 0.375000 0.937500
vt 0.625000 0.937500
vt 0.687500 0.000000
vt 0.625000 0.312500
vt 0.687500 0.250000
vt 0.625000 0.312500
vt 0.625000 0.312500
vt 0.625000 0.312500
vt 0.625000 0.437500
vt 0.375000 0.437500
vt 0.375000 0.437500
vt 0.375000 0.437500
vt 0.375000 0.437500
vt 0.187500 0.250000
vt 0.375000 0.437500
vt 0.187500 0.000000
vt 0.375000 0.812500
vt 0.625000 0.812500
vt 0.812500 0.000000
vt 0.625000 0.437500
vt 0.812500 0.250000
vt 0.625000 0.437500
vt 0.625000 0.437500
vt 0.625000 0.437500
vt 0.625000 0.468750
vt 0.375000 0.468750
vt 0.375000 0.468750
vt 0.375000 0.468750
vt 0.375000 0.468750
vt 0.156250 0.250000
vt 0.375000 0.468750
vt 0.156250 0.000000
vt 0.375000 0.781250
vt 0.625000 0.781250
vt 0.843750 0.000000
vt 0.625000 0.468750
vt 0.843750 0.250000
vt 0.625000 0.468750
vt 0.625000 0.468750
vt 0.625000 0.468750
vt 0.625000 0.281250
vt 0.375000 0.281250
vt 0.375000 0.281250
vt 0.375000 0.281250
vt 0.375000 0.281250
vt 0.343750 0.250000
vt 0.375000 0.281250
vt 0.343750 0.000000
vt 0.375000 0.968750
vt 0.625000 0.968750
vt 0.656250 0.000000
vt 0.625000 0.281250
vt 0.656250 0.250000
vt 0.625000 0.281250
vt 0.625000 0.281250
vt 0.625000 0.281250
vt 0.625000 0.343750
vt 0.375000 0.343750
vt 0.375000 0.343750
vt 0.375000 0.343750
vt 0.375000 0.343750
vt 0.281250 0.250000
vt 0.375000 0.343750
vt 0.281250 0.000000
vt 0.375000 0.906250
vt 0.625000 0.906250
vt 0.718750 0.000000
vt 0.625000 0.343750
vt 0.718750 0.250000
vt 0.625000 0.343750
vt 0.625000 0.343750
vt 0.625000 0.343750
vt 0.625000 0.406250
vt 0.375000 0.406250
vt 0.375000 0.406250
vt 0.375000 0.406250
vt 0.375000 0.406250
vt 0.218750 0.250000
vt 0.375000 0.406250
vt 0.218750 0.000000
vt 0.375000 0.843750
vt 0.625000 0.843750
vt 0.781250 0.000000
vt 0.625000 0.406250
vt 0.781250 0.250000
vt 0.625000 0.406250
vt 0.625000 0.406250
vt 0.625000 0.406250
vt 0.625000 0.250000
vt 0.625000 0.281250
vt 0.625000 0.281250
vt 0.625000 0.250000
vt 0.375000 0.281250
vt 0.375000 0.250000
vt 0.375000 0.250000
vt 0.375000 0.281250
vt 0.375000 0.406250
vt 0.375000 0.375000
vt 0.375000 0.375000
vt 0.375000 0.406250
vt 0.625000 0.375000
vt 0.625000 0.406250
vt 0.625000 0.406250
vt 0.625000 0.375000
vt 0.375000 0.343750
vt 0.375000 0.312500
vt 0.375000 0.312500
vt 0.375000 0.343750
vt 0.625000 0.312500
vt 0.625000 0.343750
vt 0.625000 0.343750
vt 0.625000 0.312500
vt 0.375000 0.468750
vt 0.375000 0.437500
vt 0.375000 0.437500
vt 0.375000 0.468750
vt 0.625000 0.437500
vt 0.625000 0.468750
vt 0.625000 0.468750
vt 0.625000 0.437500
vt 0.375000 0.500000
vt 0.375000 0.500000
vt 0.625000 0.500000
vt 0.625000 0.500000
vt 0.625000 0.250000
vt 0.625000 0.281250
vt 0.625000 0.281250
vt 0.625000 0.250000
vt 0.375000 0.281250
vt 0.375000 0.250000
vt 0.375000 0.250000
vt 0.375000 0.281250
vt 0.375000 0.406250
vt 0.375000 0.375000
vt 0.375000 0.375000
vt 0.375000 0.406250
vt 0.625000 0.375000
vt 0.625000 0.406250
vt 0.625000 0.406250
vt 0.625000 0.375000
vt 0.375000 0.343750
vt 0.375000 0.312500
vt 0.375000 0.312500
vt 0.375000 0.343750
vt 0.625000 0.312500
vt 0.625000 0.343750
vt 0.625000 0.343750
vt 0.625000 0.312500
vt 0.375000 0.468750
vt 0.375000 0.437500
vt 0.375000 0.437500
vt 0.375000 0.468750
vt 0.625000 0.437500
vt 0.625000 0.468750
vt 0.625000 0.468750
vt 0.625000 0.437500
vt 0.375000 0.500000
vt 0.375000 0.500000
vt 0.625000 0.500000
vt 0.625000 0.500000
vt 0.375000 0.281250
vt 0.375000 0.250000
vt 0.375000 0.250000
vt 0.375000 0.250000
vt 0.375000 0.250000
vt 0.375000 0.250000
vt 0.375000 0.281250
vt 0.375000 0.250000
vt 0.375000 0.406250
vt 0.375000 0.375000
vt 0.375000 0.375000
vt 0.375000 0.406250
vt 0.625000 0.375000
vt 0.625000 0.406250
vt 0.625000 0.406250
vt 0.625000 0.375000
vt 0.375000 0.343750
vt 0.375000 0.312500
vt 0.375000 0.312500
vt 0.375000 0.343750
vt 0.625000 0.312500
vt 0.625000 0.343750
vt 0.625000 0.343750
vt 0.625000 0.312500
vt 0.375000 0.468750
vt 0.375000 0.437500
vt 0.375000 0.437500
vt 0.375000 0.468750
vt 0.625000 0.437500
vt 0.625000 0.468750
vt 0.625000 0.468750
vt 0.625000 0.437500
vt 0.375000 0.500000
vt 0.375000 0.468750
vt 0.375000 0.468750
vt 0.375000 0.468750
vt 0.375000 0.500000
vt 0.375000 0.468750
vt 0.375000 0.500000
vt 0.375000 0.500000
vt 0.625000 0.468750
vt 0.625000 0.500000
vt 0.625000 0.468750
vt 0.625000 0.500000
vt 0.625000 0.500000
vt 0.625000 0.500000
vt 0.625000 0.500000
vt 0.625000 0.468750
vt 0.625000 0.468750
vt 0.625000 0.500000
vt 0.375000 0.312500
vt 0.375000 0.281250
vt 0.375000 0.281250
vt 0.375000 0.312500
vt 0.375000 0.281250
vt 0.375000 0.312500
vt 0.375000 0.312500
vt 0.375000 0.281250
vt 0.625000 0.281250
vt 0.625000 0.312500
vt 0.625000 0.312500
vt 0.625000 0.281250
vt 0.625000 0.312500
vt 0.625000 0.281250
vt 0.625000 0.281250
vt 0.625000 0.312500
vt 0.375000 0.375000
vt 0.375000 0.343750
vt 0.375000 0.343750
vt 0.375000 0.375000
vt 0.375000 0.343750
vt 0.375000 0.375000
vt 0.375000 0.375000
vt 0.375000 0.343750
vt 0.625000 0.343750
vt 0.625000 0.375000
vt 0.625000 0.375000
vt 0.625000 0.343750
vt 0.625000 0.375000
vt 0.625000 0.343750
vt 0.625000 0.343750
vt 0.625000 0.375000
vt 0.375000 0.437500
vt 0.375000 0.406250
vt 0.375000 0.406250
vt 0.375000 0.437500
vt 0.375000 0.406250
vt 0.375000 0.437500
vt 0.375000 0.437500
vt 0.375000 0.406250
vt 0.625000 0.406250
vt 0.625000 0.437500
vt 0.625000 0.437500
vt 0.625000 0.406250
vt 0.625000 0.437500
vt 0.625000 0.406250
vt 0.625000 0.406250
vt 0.625000 0.437500
vt 0.375000 0.250000
vt 0.375000 0.281250
vt 0.375000 0.250000
vt 0.375000 0.250000
vt 0.375000 0.281250
vt 0.375000 0.250000
vt 0.375000 0.375000
vt 0.375000 0.406250
vt 0.375000 0.406250
vt 0.375000 0.375000
vt 0.625000 0.406250
vt 0.625000 0.375000
vt 0.625000 0.375000
vt 0.625000 0.406250
vt 0.375000 0.312500
vt 0.375000 0.343750
vt 0.375000 0.343750
vt 0.375000 0.312500
vt 0.625000 0.343750
vt 0.625000 0.312500
vt 0.625000 0.312500
vt 0.625000 0.343750
vt 0.375000 0.437500
vt 0.375000 0.468750
vt 0.375000 0.468750
vt 0.375000 0.437500
vt 0.625000 0.468750
vt 0.625000 0.437500
vt 0.625000 0.437500
vt 0.625000 0.468750
vt 0.375000 0.468750
vt 0.375000 0.500000
vt 0.375000 0.500000
vt 0.375000 0.468750
vt 0.375000 0.500000
vt 0.625000 0.500000
vt 0.625000 0.468750
vt 0.625000 0.500000
vt 0.625000 0.500000
vt 0.625000 0.468750
vt 0.625000 0.500000
vt 0.375000 0.281250
vt 0.375000 0.312500
vt 0.375000 0.312500
vt 0.375000 0.281250
vt 0.625000 0.312500
vt 0.625000 0.281250
vt 0.625000 0.281250
vt 0.625000 0.312500
vt 0.375000 0.343750
vt 0.375000 0.375000
vt 0.375000 0.375000
vt 0.375000 0.343750
vt 0.625000 0.375000
vt 0.625000 0.343750
vt 0.625000 0.343750
vt 0.625000 0.375000
vt 0.375000 0.406250
vt 0.375000 0.437500
vt 0.375000 0.437500
vt 0.375000 0.406250
vt 0.625000 0.437500
vt 0.625000 0.406250
vt 0.625000 0.406250
vt 0.625000 0.437500
vn -0.002624 0.000000 -0.999997
vn -0.002624 0.000000 -0.999997
vn -0.002624 0.000000 -0.999997
vn -0.002624 0.000000 -0.999997
vn -0.001343 0.859081 -0.511837
vn -0.001343 0.859081 -0.511837
vn -0.001149 0.898951 -0.438048
vn -0.001149 0.898951 -0.438048
vn 0.002624 0.000000 0.999997
vn 0.002624 0.000000 0.999997
vn 0.002624 0.000000 0.999997
vn 0.002624 0.000000 0.999997
vn 0.000000 -1.000000 0.000000
vn 0.000000 -1.000000 0.000000
vn 0.000000 -1.000000 0.000000
vn 0.000000 -1.000000 0.000000
vn -0.999996 0.000000 0.002624
vn -0.999996 0.000000 0.002624
vn -0.999996 0.000000 0.002624
vn -0.999996 0.000000 0.002624
vn 0.999996 0.000000 -0.002624
vn 0.999996 0.000000 -0.002624
vn 0.999996 0.000000 -0.002624
vn 0.999996 0.000000 -0.002624
vn -0.002165 -0.564719 -0.825280
vn -0.002165 -0.564719 -0.825280
vn -0.002165 -0.564719 -0.825280
vn -0.002165 -0.564719 -0.825280
vn -0.652579 -0.757719 0.001712
vn -0.652579 -0.757719 0.001712
vn -0.652579 -0.757719 0.001712
vn -0.652578 -0.757719 0.001712
vn 0.002165 -0.564719 0.825280
vn 0.002165 -0.564719 0.825280
vn 0.002165 -0.564719 0.825280
vn 0.002165 -0.564719 0.825280
vn 0.652576 -0.757721 -0.001712
vn 0.652576 -0.757721 -0.001712
vn 0.652576 -0.757721 -0.001712
vn 0.652576 -0.757721 -0.001712
vn -0.002624 0.000000 -0.999997
vn -0.002624 0.000000 -0.999997
vn -0.002624 0.000000 -0.999997
vn -0.002624 0.000000 -0.999997
vn -0.999996 0.000000 0.002624
vn -0.999996 0.000000 0.002624
vn -0.999996 0.000000 0.002624
vn -0.999996 0.000000 0.002624
vn 0.002624 0.000000 0.999997
vn 0.002624 0.000000 0.999997
vn 0.002624 0.000000 0.999997
vn 0.002624 0.000000 0.999997
vn 0.999996 0.000000 -0.002624
vn 0.999996 0.000000 -0.002624
vn 0.999996 0.000000 -0.002624
vn 0.999996 0.000000 -0.002624
vn 0.000000 1.000000 0.000000
vn 0.000000 1.000000 0.000000
vn 0.000000 1.000000 0.000000
vn 0.000000 1.000000 0.000000
vn -0.000000 1.000000 0.000000
vn -0.000000 1.000000 0.000000
vn -0.000000 1.000000 -0.000000
vn -0.000000 1.000000 -0.000000
vn -0.000000 1.000000 -0.000000
vn -0.000000 1.000000 -0.000000
vn -0.000000 1.000000 0.000000
vn -0.000000 1.000000 0.000000
vn -0.002624 0.000000 -0.999997
vn -0.002624 0.000000 -0.999997
vn -0.002624 0.000000 -0.999997
vn -0.002624 0.000000 -0.999997
vn -0.999996 0.000000 0.002624
vn -0.999996 0.000000 0.002624
vn -0.999996 0.000000 0.002624
vn -0.999996 0.000000 0.002624
vn 0.002624 0.000000 0.999997
vn 0.002624 0.000000 0.999997
vn 0.002624 0.000000 0.999997
vn 0.002624 0.000000 0.999997
vn 0.999996 -0.000000 -0.002624
vn 0.999996 -0.000000 -0.002624
vn 0.999996 -0.000000 -0.002624
vn 0.999996 -0.000000 -0.002624
vn -0.000000 1.000000 -0.000000
vn -0.000000 1.000000 -0.000000
vn 0.000490 0.982389 0.186848
vn 0.000490 0.982389 0.186848
vn 0.999996 -0.000000 -0.002624
vn 0.999996 0.000000 -0.002624
vn 0.999996 0.000000 -0.002624
vn 0.999996 -0.000000 -0.002624
vn -0.000000 1.000000 0.000000
vn -0.000000 1.000000 0.000000
vn -0.000000 1.000000 0.000000
vn -0.000000 1.000000 0.000000
vn 0.999996 0.000000 -0.002624
vn 0.999996 0.000000 -0.002624
vn 0.999996 0.000000 -0.002624
vn 0.999996 0.000000 -0.002624
vn 0.652576 -0.757722 -0.001712
vn 0.652576 -0.757722 -0.001712
vn 0.652576 -0.757722 -0.001712
vn 0.652576 -0.757722 -0.001712
vn 0.999996 0.000000 -0.002624
vn 0.999996 0.000000 -0.002624
vn 0.999996 0.000000 -0.002624
vn 0.999996 0.000000 -0.002624
vn 0.000000 -1.000000 0.000000
vn 0.000000 -1.000000 0.000000
vn 0.000000 -1.000000 0.000000
vn 0.000000 -1.000000 0.000000
vn -0.999996 0.000000 0.002624
vn -0.999996 0.000000 0.002624
vn -0.999996 0.000000 0.002624
vn -0.999996 0.000000 0.002624
vn -0.652578 -0.757719 0.001712
vn -0.652578 -0.757719 0.001712
vn -0.652578 -0.757719 0.001712
vn -0.652578 -0.757719 0.001712
vn -0.999996 0.000000 0.002624
vn -0.999996 0.000000 0.002624
vn -0.999996 0.000000 0.002624
vn -0.999996 0.000000 0.002624
vn -0.000000 1.000000 0.000000
vn -0.000000 1.000000 0.000000
vn -0.000000 1.000000 0.000000
vn -0.000000 1.000000 0.000000
vn -0.999996 0.000000 0.002624
vn -0.999996 0.000000 0.002624
vn -0.999996 -0.000000 0.002624
vn -0.999996 -0.000000 0.002624
vn -0.000802 0.952180 -0.305536
vn -0.000802 0.952180 -0.305536
vn -0.000490 0.982389 -0.186848
vn -0.000490 0.982389 -0.186848
vn 0.999996 0.000000 -0.002624
vn 0.999996 -0.000000 -0.002624
vn 0.999996 -0.000000 -0.002624
vn 0.999996 0.000000 -0.002624
vn -0.000000 1.000000 0.000000
vn -0.000000 1.000000 0.000000
vn -0.000000 1.000000 0.000000
vn -0.000000 1.000000 0.000000
vn 0.999996 0.000000 -0.002624
vn 0.999996 0.000000 -0.002624
vn 0.999996 0.000000 -0.002624
vn 0.999996 0.000000 -0.002624
vn 0.652576 -0.757722 -0.001712
vn 0.652576 -0.757722 -0.001712
vn 0.652576 -0.757722 -0.001712
vn 0.652576 -0.757722 -0.001712
vn 0.999996 0.000000 -0.002624
vn 0.999996 0.000000 -0.002624
vn 0.999996 0.000000 -0.002624
vn 0.999996 0.000000 -0.002624
vn 0.000000 -1.000000 0.000000
vn 0.000000 -1.000000 0.000000
vn 0.000000 -1.000000 0.000000
vn 0.000000 -1.000000 0.000000
vn -0.999996 0.000000 0.002624
vn -0.999996 0.000000 0.002624
vn -0.999996 0.000000 0.002624
vn -0.999996 0.000000 0.002624
vn -0.652579 -0.757719 0.001712
vn -0.652579 -0.757719 0.001712
vn -0.652578 -0.757719 0.001712
vn -0.652578 -0.757719 0.001712
vn -0.999996 0.000000 0.002624
vn -0.999996 0.000000 0.002624
vn -0.999996 0.000000 0.002624
vn -0.999996 0.000000 0.002624
vn -0.000000 1.000000 0.000000
vn -0.000000 1.000000 0.000000
vn -0.000000 1.000000 0.000000
vn -0.000000 1.000000 0.000000
vn -0.999996 -0.000000 0.002624
vn -0.999996 0.000000 0.002624
vn -0.999996 -0.000000 0.002624
vn -0.999996 -0.000000 0.002624
vn 0.000802 0.952180 0.305536
vn 0.000802 0.952180 0.305536
vn 0.001149 0.898951 0.438048
vn 0.001149 0.898951 0.438048
vn 0.999996 0.000000 -0.002624
vn 0.999996 -0.000000 -0.002624
vn 0.999996 -0.000000 -0.002624
vn 0.999996 0.000000 -0.002624
vn -0.000000 1.000000 0.000000
vn -0.000000 1.000000 0.000000
vn -0.000000 1.000000 0.000000
vn -0.000000 1.000000 0.000000
vn 0.999996 0.000000 -0.002624
vn 0.999996 0.000000 -0.002624
vn 0.999996 0.000000 -0.002624
vn 0.999996 0.000000 -0.002624
vn 0.652576 -0.757722 -0.001712
vn 0.652576 -0.757722 -0.001712
vn 0.652576 -0.757722 -0.001712
vn 0.652576 -0.757722 -0.001712
vn 0.999996 0.000000 -0.002624
vn 0.999996 0.000000 -0.002624
vn 0.999996 0.000000 -0.002624
vn 0.999996 0.000000 -0.002624
vn 0.000000 -1.000000 0.000000
vn 0.000000 -1.000000 0.000000
vn 0.000000 -1.000000 0.000000
vn 0.000000 -1.000000 0.000000
vn -0.999996 0.000000 0.002624
vn -0.999996 0.000000 0.002624
vn -0.999996 0.000000 0.002624
vn -0.999996 0.000000 0.002624
vn -0.652578 -0.757719 0.001712
vn -0.652578 -0.757719 0.001712
vn -0.652579 -0.757719 0.001712
vn -0.652579 -0.757719 0.001712
vn -0.999996 0.000000 0.002624
vn -0.999996 0.000000 0.002624
vn -0.999996 0.000000 0.002624
vn -0.999996 0.000000 0.002624
vn -0.000000 1.000000 0.000000
vn -0.000000 1.000000 0.000000
vn -0.000000 1.000000 0.000000
vn -0.000000 1.000000 0.000000
vn -0.999996 -0.000000 0.002624
vn -0.999996 -0.000000 0.002624
vn -0.999996 0.000000 0.002624
vn -0.999996 -0.000000 0.002624
vn 0.001343 0.859082 0.511837
vn 0.001343 0.859082 0.511837
vn 0.999996 0.000000 -0.002624
vn 0.999996 0.000000 -0.002624
vn 0.999996 0.000000 -0.002624
vn 0.999996 0.000000 -0.002624
vn 0.652576 -0.757721 -0.001712
vn 0.652576 -0.757721 -0.001712
vn 0.999996 0.000000 -0.002624
vn 0.999996 0.000000 -0.002624
vn 0.000000 -1.000000 0.000000
vn 0.000000 -1.000000 0.000000
vn -0.999996 0.000000 0.002624
vn -0.999996 0.000000 0.002624
vn -0.652579 -0.757719 0.001712
vn -0.652579 -0.757719 0.001712
vn -0.999996 0.000000 0.002624
vn -0.999996 0.000000 0.002624
vn -0.999996 0.000001 0.002624
vn -0.999996 0.000001 0.002624
vn -0.999996 0.000000 0.002624
vn -0.999996 0.000000 0.002624
vn -0.999996 0.000000 0.002624
vn -0.999996 0.000000 0.002624
vn -0.999996 0.000000 0.002624
vn -0.999996 0.000000 0.002624
vn -0.999996 0.000000 0.002624
vn -0.999996 0.000000 0.002624
vn -0.999996 0.000000 0.002624
vn -0.999996 0.000000 0.002624
vn -0.999996 0.000000 0.002624
vn -0.999996 0.000000 0.002624
vn -0.999996 0.000000 0.002624
vn -0.999996 -0.000000 0.002624
vn -0.999996 -0.000000 0.002624
vn -0.999996 -0.000000 0.002624
vn -0.999996 0.000000 0.002624
vn -0.999996 0.000000 0.002624
vn -0.999996 0.000000 0.002624
vn -0.999996 0.000000 0.002624
vn -0.999996 -0.000000 0.002624
vn -0.999996 0.000000 0.002624
vn -0.999996 0.000000 0.002624
vn -0.999996 0.000000 0.002624
vn -0.999996 0.000000 0.002624
vn -0.999996 0.000000 0.002624
vn -0.999996 0.000000 0.002624
vn -0.999996 0.000000 0.002624
vn -0.999996 -0.000000 0.002624
vn -0.999996 -0.000000 0.002624
vn -0.999996 -0.000000 0.002624
vn -0.999996 0.000000 0.002624
vn -0.999996 0.000000 0.002624
vn -0.999996 0.000000 0.002624
vn -0.999996 0.000000 0.002624
vn -0.999996 0.000000 0.002624
vn 0.999996 0.000000 -0.002624
vn 0.999996 0.000000 -0.002624
vn 0.999996 0.000000 -0.002624
vn 0.999996 0.000000 -0.002624
vn 0.999996 0.000001 -0.002624
vn 0.999996 0.000000 -0.002624
vn 0.999996 0.000000 -0.002624
vn 0.999996 0.000001 -0.002624
vn 0.999996 0.000000 -0.002624
vn 0.999996 0.000000 -0.002624
vn 0.999996 0.000000 -0.002624
vn 0.999996 0.000000 -0.002624
vn 0.999996 -0.000000 -0.002624
vn 0.999996 -0.000000 -0.002624
vn 0.999996 -0.000000 -0.002624
vn 0.999996 -0.000000 -0.002624
vn 0.999996 0.000000 -0.002624
vn 0.999996 0.000000 -0.002624
vn 0.999996 0.000000 -0.002624
vn 0.999996 0.000000 -0.002624
vn 0.999996 0.000000 -0.002624
vn 0.999996 0.000000 -0.002624
vn 0.999996 0.000000 -0.002624
vn 0.999996 0.000000 -0.002624
vn 0.999996 -0.000000 -0.002624
vn 0.999996 0.000000 -0.002624
vn 0.999996 0.000000 -0.002624
vn 0.999996 -0.000000 -0.002624
vn 0.999996 0.000000 -0.002624
vn 0.999996 -0.000000 -0.002624
vn 0.999996 -0.000000 -0.002624
vn 0.999996 0.000000 -0.002624
vn 0.999996 -0.000000 -0.002624
vn 0.999996 -0.000000 -0.002624
vn 0.999996 -0.000000 -0.002624
vn 0.999996 -0.000000 -0.002624
vn -0.000000 1.000000 0.000000
vn -0.000000 1.000000 0.000000
vn -0.000000 1.000000 0.000000
vn -0.000000 1.000000 0.000000
vn 0.001143 -0.900113 0.435656
vn 0.001343 -0.859082 0.511836
vn 0.001343 -0.859082 0.511836
vn 0.001143 -0.900113 0.435656
vn 0.002624 0.000000 0.999997
vn 0.002624 0.000000 0.999997
vn 0.002624 0.000000 0.999997
vn 0.002624 0.000000 0.999997
vn -0.000000 1.000000 0.000000
vn -0.000000 1.000000 0.000000
vn -0.000000 1.000000 0.000000
vn -0.000000 1.000000 0.000000
vn -0.000491 -0.982368 -0.186959
vn 0.000000 -1.000000 0.000000
vn 0.000000 -1.000000 0.000000
vn -0.000491 -0.982368 -0.186959
vn -0.000000 1.000000 0.000000
vn -0.000000 1.000000 0.000000
vn -0.000000 1.000000 0.000000
vn -0.000000 1.000000 0.000000
vn 0.000491 -0.982368 0.186959
vn 0.000802 -0.952192 0.305499
vn 0.000802 -0.952192 0.305499
vn 0.000491 -0.982368 0.186959
vn -0.000000 1.000000 0.000000
vn -0.000000 1.000000 0.000000
vn -0.000000 1.000000 0.000000
vn -0.000000 1.000000 0.000000
vn -0.001143 -0.900113 -0.435656
vn -0.000802 -0.952192 -0.305499
vn -0.000802 -0.952192 -0.305499
vn -0.001143 -0.900113 -0.435656
vn -0.000000 1.000000 0.000000
vn -0.000000 1.000000 0.000000
vn -0.002624 0.000000 -0.999997
vn -0.002624 0.000000 -0.999997
vn -0.002624 0.000000 -0.999997
vn -0.002624 0.000000 -0.999997
vn -0.001343 -0.859082 -0.511836
vn -0.001343 -0.859082 -0.511836
vn -0.000000 1.000000 0.000000
vn -0.000000 1.000000 0.000000
vn -0.000000 1.000000 0.000000
vn -0.000000 1.000000 0.000000
vn 0.002624 0.000000 0.999997
vn 0.002624 0.000000 0.999997
vn 0.002624 0.000000 0.999997
vn 0.002624 0.000000 0.999997
vn 0.001343 -0.859082 0.511836
vn 0.001143 -0.900113 0.435656
vn 0.001143 -0.900113 0.435656
vn 0.001343 -0.859082 0.511836
vn -0.000000 1.000000 0.000000
vn -0.000000 1.000000 0.000000
vn -0.000000 1.000000 0.000000
vn -0.000000 1.000000 0.000000
vn 0.000000 -1.000000 0.000000
vn -0.000491 -0.982368 -0.186959
vn -0.000491 -0.982368 -0.186959
vn 0.000000 -1.000000 0.000000
vn -0.000000 1.000000 0.000000
vn -0.000000 1.000000 0.000000
vn -0.000000 1.000000 0.000000
vn -0.000000 1.000000 0.000000
vn 0.000802 -0.952192 0.305499
vn 0.000491 -0.982368 0.186959
vn 0.000491 -0.982368 0.186959
vn 0.000802 -0.952192 0.305499
vn -0.000000 1.000000 0.000000
vn -0.000000 1.000000 0.000000
vn -0.000000 1.000000 0.000000
vn -0.000000 1.000000 0.000000
vn -0.000802 -0.952192 -0.305499
vn -0.001143 -0.900113 -0.435656
vn -0.001143 -0.900113 -0.435656
vn -0.000802 -0.952192 -0.305499
vn -0.000000 1.000000 0.000000
vn -0.000000 1.000000 0.000000
vn -0.001343 -0.859082 -0.511836
vn -0.001343 -0.859082 -0.511836
vn -0.002624 0.000000 -0.999997
vn -0.002624 0.000000 -0.999997
vn -0.002624 0.000000 -0.999997
vn -0.002624 0.000000 -0.999997
s off
g group2 pCube50
usemtl initialShadingGroup
f 2068/2883/3450 2069/2884/3451 2071/2886/3452 2070/2885/3453
s 1
f 2088/2909/3454 2089/2910/3455 2140/2977/3456 2141/2978/3457
s off
f 2072/2887/3458 2073/2888/3459 2075/2890/3460 2074/2889/3461
s 2
f 2146/2985/3462 2147/2986/3463 2069/2892/3464 2068/2891/3465
s 3
f 2069/2884/3466 2147/2987/3467 2148/2989/3468 2071/2886/3469
s 4
f 2146/2984/3470 2068/2883/3471 2070/2885/3472 2145/2982/3473
s off
f 2070/2885/3474 2071/2886/3475 2077/2898/3476 2076/2897/3477
s 5
f 2071/2886/3478 2148/2988/3479 2149/2990/3480 2077/2898/3481
s off
f 2073/2888/3482 2072/2887/3483 2079/2900/3484 2078/2899/3485
s 6
f 2145/2983/3486 2070/2885/3487 2076/2897/3488 2144/2981/3489
s off
f 2076/2897/3490 2077/2898/3491 2081/2902/3492 2080/2901/3493
s 7
f 2077/2898/3494 2149/2990/3495 2150/2991/3496 2081/2902/3497
s off
f 2078/2899/3498 2079/2900/3499 2083/2904/3500 2082/2903/3501
s 8
f 2144/2981/3502 2076/2897/3503 2080/2901/3504 2143/2980/3505
s 9
f 2080/2901/3506 2081/2902/3507 2085/2906/3508 2084/2905/3509
f 2081/2902/3507 2150/2991/3510 2151/2992/3511 2085/2906/3508
f 2082/2903/3512 2083/2904/3513 2087/2908/3514 2086/2907/3515
f 2143/2980/3516 2080/2901/3506 2084/2905/3509 2142/2979/3517
s off
f 2084/2905/3518 2085/2906/3519 2089/2910/3520 2088/2909/3521
s 11
f 2212/3061/3522 2213/3062/3523 2214/3063/3524 2215/3064/3525
s off
f 2086/2907/3526 2087/2908/3527 2091/2912/3528 2090/2911/3529
s 12
f 2231/3065/3530 2230/3066/3531 2232/3067/3532 2233/3068/3533
s 1
f 2093/2914/3534 2092/2913/3535 2164/3009/3536 2165/3010/3537
s 12
f 2235/3069/3538 2234/3070/3539 2236/3071/3540 2237/3072/3541
s 9
f 2167/3012/3542 2095/2916/3543 2094/2915/3544 2166/3011/3545
s 8
f 2168/3013/3546 2096/2917/3547 2095/2916/3548 2167/3012/3549
s 6
f 2169/3015/3550 2097/2919/3551 2096/2917/3552 2168/3013/3553
s 4
f 2170/3016/3554 2098/2920/3555 2097/2918/3556 2169/3014/3557
s 2
f 2170/3017/3558 2171/3018/3559 2099/2922/3560 2098/2921/3561
s 3
f 2100/2925/3562 2099/2923/3563 2171/3019/3564 2172/3021/3565
s 5
f 2101/2926/3566 2100/2924/3567 2172/3020/3568 2173/3022/3569
s 7
f 2102/2927/3570 2101/2926/3571 2173/3022/3572 2174/3023/3573
s 9
f 2103/2928/3574 2102/2927/3575 2174/3023/3576 2175/3024/3577
s 11
f 2217/3076/3578 2216/3073/3579 2218/3074/3580 2219/3075/3581
s 1
f 2105/2930/3582 2104/2929/3583 2152/2993/3584 2153/2994/3585
s 12
f 2239/3077/3586 2238/3078/3587 2240/3079/3588 2241/3080/3589
s 9
f 2155/2996/3590 2107/2932/3591 2106/2931/3592 2154/2995/3593
s 8
f 2156/2997/3594 2108/2933/3595 2107/2932/3596 2155/2996/3597
s 6
f 2157/2999/3598 2109/2935/3599 2108/2933/3600 2156/2997/3601
s 4
f 2158/3000/3602 2110/2936/3603 2109/2934/3604 2157/2998/3605
s 2
f 2158/3001/3606 2159/3002/3607 2111/2938/3608 2110/2937/3609
s 3
f 2112/2941/3610 2111/2939/3611 2159/3003/3612 2160/3005/3613
s 5
f 2113/2942/3614 2112/2940/3615 2160/3004/3616 2161/3006/3617
s 7
f 2114/2943/3618 2113/2942/3619 2161/3006/3620 2162/3007/3621
s 9
f 2115/2944/3622 2114/2943/3623 2162/3007/3624 2163/3008/3625
s 11
f 2221/3084/3626 2220/3081/3627 2222/3082/3628 2223/3083/3629
s 1
f 2117/2946/3630 2116/2945/3631 2128/2961/3632 2129/2962/3633
s 12
f 2243/3085/3634 2242/3086/3635 2244/3087/3636 2245/3088/3637
s 9
f 2131/2964/3638 2119/2948/3639 2118/2947/3640 2130/2963/3641
s 8
f 2132/2965/3642 2120/2949/3643 2119/2948/3644 2131/2964/3645
s 6
f 2133/2967/3646 2121/2951/3647 2120/2949/3648 2132/2965/3649
s 4
f 2134/2968/3650 2122/2952/3651 2121/2950/3652 2133/2966/3653
s 2
f 2134/2969/3654 2135/2970/3655 2123/2954/3656 2122/2953/3657
s 3
f 2124/2957/3658 2123/2955/3659 2135/2971/3660 2136/2973/3661
s 5
f 2125/2958/3662 2124/2956/3663 2136/2972/3664 2137/2974/3665
s 7
f 2126/2959/3666 2125/2958/3667 2137/2974/3668 2138/2975/3669
s 9
f 2127/2960/3670 2126/2959/3671 2138/2975/3672 2139/2976/3673
s 11
f 2225/3092/3674 2224/3089/3675 2226/3090/3676 2227/3091/3677
s 1
f 2129/2962/3633 2128/2961/3632 2090/2911/3678 2091/2912/3679
s 12
f 2246/3093/3680 2243/3085/3634 2245/3088/3637 2247/3094/3681
s 9
f 2083/2904/3513 2131/2964/3638 2130/2963/3641 2087/2908/3514
s 8
f 2079/2900/3682 2132/2965/3642 2131/2964/3645 2083/2904/3683
s 6
f 2072/2887/3684 2133/2967/3646 2132/2965/3649 2079/2900/3685
s 4
f 2074/2895/3686 2134/2968/3650 2133/2966/3653 2072/2896/3687
s 2
f 2074/2889/3688 2075/2890/3689 2135/2970/3655 2134/2969/3654
s 3
f 2136/2973/3661 2135/2971/3660 2075/2893/3690 2073/2894/3691
s 5
f 2137/2974/3665 2136/2972/3664 2073/2888/3692 2078/2899/3693
s 7
f 2138/2975/3669 2137/2974/3668 2078/2899/3694 2082/2903/3695
s 9
f 2139/2976/3673 2138/2975/3672 2082/2903/3512 2086/2907/3515
s 11
f 2227/3091/3677 2226/3090/3676 2228/3095/3696 2229/3096/3697
s 1
f 2141/2978/3457 2140/2977/3456 2104/2929/3583 2105/2930/3582
s 12
f 2238/3078/3587 2231/3065/3530 2233/3068/3533 2240/3079/3588
s 9
f 2107/2932/3591 2143/2980/3516 2142/2979/3517 2106/2931/3592
s 8
f 2108/2933/3595 2144/2981/3502 2143/2980/3505 2107/2932/3596
s 6
f 2109/2935/3599 2145/2983/3486 2144/2981/3489 2108/2933/3600
s 4
f 2110/2936/3603 2146/2984/3470 2145/2982/3473 2109/2934/3604
s 2
f 2110/2937/3609 2111/2938/3608 2147/2986/3463 2146/2985/3462
s 3
f 2148/2989/3468 2147/2987/3467 2111/2939/3611 2112/2941/3610
s 5
f 2149/2990/3480 2148/2988/3479 2112/2940/3615 2113/2942/3614
s 7
f 2150/2991/3496 2149/2990/3495 2113/2942/3619 2114/2943/3618
s 9
f 2151/2992/3511 2150/2991/3510 2114/2943/3623 2115/2944/3622
s 11
f 2214/3063/3524 2213/3062/3523 2220/3081/3627 2221/3084/3626
s 1
f 2153/2994/3585 2152/2993/3584 2092/2913/3535 2093/2914/3534
s 12
f 2234/3070/3539 2239/3077/3586 2241/3080/3589 2236/3071/3540
s 9
f 2095/2916/3543 2155/2996/3590 2154/2995/3593 2094/2915/3544
s 8
f 2096/2917/3547 2156/2997/3594 2155/2996/3597 2095/2916/3548
s 6
f 2097/2919/3551 2157/2999/3598 2156/2997/3601 2096/2917/3552
s 4
f 2098/2920/3555 2158/3000/3602 2157/2998/3605 2097/2918/3556
s 2
f 2098/2921/3561 2099/2922/3560 2159/3002/3607 2158/3001/3606
s 3
f 2160/3005/3613 2159/3003/3612 2099/2923/3563 2100/2925/3562
s 5
f 2161/3006/3617 2160/3004/3616 2100/2924/3567 2101/2926/3566
s 7
f 2162/3007/3621 2161/3006/3620 2101/2926/3571 2102/2927/3570
s 9
f 2163/3008/3625 2162/3007/3624 2102/2927/3575 2103/2928/3574
s 11
f 2223/3083/3629 2222/3082/3628 2216/3073/3579 2217/3076/3578
s 1
f 2165/3010/3537 2164/3009/3536 2116/2945/3631 2117/2946/3630
s 12
f 2242/3086/3635 2235/3069/3538 2237/3072/3541 2244/3087/3636
s 9
f 2119/2948/3639 2167/3012/3542 2166/3011/3545 2118/2947/3640
s 8
f 2120/2949/3643 2168/3013/3546 2167/3012/3549 2119/2948/3644
s 6
f 2121/2951/3647 2169/3015/3550 2168/3013/3553 2120/2949/3648
s 4
f 2122/2952/3651 2170/3016/3554 2169/3014/3557 2121/2950/3652
s 2
f 2122/2953/3657 2123/2954/3656 2171/3018/3559 2170/3017/3558
s 3
f 2172/3021/3565 2171/3019/3564 2123/2955/3659 2124/2957/3658
s 5
f 2173/3022/3569 2172/3020/3568 2124/2956/3663 2125/2958/3662
s 7
f 2174/3023/3573 2173/3022/3572 2125/2958/3667 2126/2959/3666
s 9
f 2175/3024/3577 2174/3023/3576 2126/2959/3671 2127/2960/3670
s 11
f 2219/3075/3581 2218/3074/3580 2224/3089/3675 2225/3092/3674
s 26
f 2085/2906/3698 2151/2992/3699 2177/3026/3700 2176/3025/3701
f 2140/2977/3702 2089/2910/3703 2179/3028/3704 2178/3027/3705
f 2089/2910/3703 2085/2906/3698 2176/3025/3701 2179/3028/3704
f 2103/3097/3706 2175/3098/3707 2182/3030/3708 2180/3029/3709
f 2164/3099/3710 2092/3100/3711 2181/3031/3712 2183/3101/3713
f 2115/3102/3714 2163/3103/3715 2186/3032/3716 2184/3104/3717
f 2152/3105/3718 2104/3106/3719 2185/3034/3720 2187/3033/3721
f 2127/3107/3722 2139/3108/3723 2190/3036/3724 2188/3035/3725
f 2128/3109/3726 2116/3110/3727 2189/3038/3728 2191/3037/3729
f 2139/3111/3723 2086/3112/3730 2192/3040/3731 2190/3039/3724
f 2086/3113/3730 2090/3114/3732 2193/3042/3733 2192/3041/3731
f 2090/3115/3732 2128/3116/3726 2191/3044/3729 2193/3043/3733
f 2151/3117/3699 2115/3118/3714 2184/3046/3717 2177/3045/3700
f 2104/3119/3719 2140/3120/3702 2178/3048/3705 2185/3047/3720
f 2163/3121/3715 2103/3122/3706 2180/3050/3709 2186/3049/3716
f 2092/3123/3711 2152/3124/3718 2187/3052/3721 2181/3051/3712
f 2175/3125/3707 2127/3126/3722 2188/3054/3725 2182/3053/3708
f 2116/3127/3727 2164/3128/3710 2183/3056/3713 2189/3055/3728
s 30
f 2142/3129/3734 2084/3130/3735 2194/3131/3736 2195/3057/3737
f 2084/3132/3735 2088/3133/3738 2196/3058/3739 2194/3134/3736
f 2088/3133/3738 2141/3135/3740 2197/3136/3741 2196/3058/3739
f 2166/3137/3742 2094/3138/3743 2198/3059/3744 2199/3139/3745
f 2093/3140/3746 2165/3141/3747 2201/3060/3748 2200/3142/3749
f 2154/3143/3750 2106/3144/3751 2202/3145/3752 2203/3146/3753
f 2105/3147/3754 2153/3148/3755 2205/3149/3756 2204/3150/3757
f 2130/3151/3758 2118/3152/3759 2206/3153/3760 2207/3154/3761
f 2117/3155/3762 2129/3156/3763 2209/3157/3764 2208/3158/3765
f 2087/3159/3766 2130/3160/3758 2207/3161/3761 2210/3162/3767
f 2129/3163/3763 2091/3164/3768 2211/3165/3769 2209/3166/3764
f 2091/3167/3768 2087/3168/3766 2210/3169/3767 2211/3170/3769
f 2106/3171/3751 2142/3172/3734 2195/3173/3737 2202/3174/3752
f 2141/3175/3740 2105/3176/3754 2204/3177/3757 2197/3178/3741
f 2094/3179/3743 2154/3180/3750 2203/3181/3753 2198/3182/3744
f 2153/3183/3755 2093/3184/3746 2200/3185/3749 2205/3186/3756
f 2118/3187/3759 2166/3188/3742 2199/3189/3745 2206/3190/3760
f 2165/3191/3747 2117/3192/3762 2208/3193/3765 2201/3194/3748
s 34
f 2176/3025/3770 2177/3026/3771 2213/3062/3772 2212/3061/3773
s 35
f 2178/3027/3774 2179/3028/3775 2215/3064/3776 2214/3063/3777
s off
f 2179/3028/3778 2176/3025/3779 2212/3061/3780 2215/3064/3781
s 34
f 2180/3029/3782 2182/3030/3783 2218/3195/3784 2216/3196/3785
s 35
f 2183/3101/3786 2181/3031/3787 2217/3197/3788 2219/3198/3789
s 34
f 2184/3104/3790 2186/3032/3791 2222/3199/3792 2220/3200/3793
s 35
f 2187/3033/3794 2185/3034/3795 2221/3201/3796 2223/3202/3797
s 34
f 2188/3035/3798 2190/3036/3799 2226/3203/3800 2224/3204/3801
s 35
f 2191/3037/3802 2189/3038/3803 2225/3205/3804 2227/3206/3805
s 34
f 2190/3039/3799 2192/3040/3806 2228/3207/3807 2226/3208/3800
s off
f 2192/3041/3808 2193/3042/3809 2229/3209/3810 2228/3210/3811
s 35
f 2193/3043/3812 2191/3044/3802 2227/3211/3805 2229/3212/3813
s 34
f 2177/3045/3771 2184/3046/3790 2220/3213/3793 2213/3214/3772
s 35
f 2185/3047/3795 2178/3048/3774 2214/3215/3777 2221/3216/3796
s 34
f 2186/3049/3791 2180/3050/3782 2216/3217/3785 2222/3218/3792
s 35
f 2181/3051/3787 2187/3052/3794 2223/3219/3797 2217/3220/3788
s 34
f 2182/3053/3783 2188/3054/3798 2224/3221/3801 2218/3222/3784
s 35
f 2189/3055/3803 2183/3056/3786 2219/3223/3789 2225/3224/3804
s 39
f 2195/3057/3814 2194/3131/3815 2230/3225/3816 2231/3226/3817
s off
f 2194/3134/3818 2196/3058/3819 2232/3227/3820 2230/3228/3821
s 40
f 2196/3058/3822 2197/3136/3823 2233/3229/3824 2232/3227/3825
s 39
f 2199/3139/3826 2198/3059/3827 2234/3230/3828 2235/3231/3829
s 40
f 2200/3142/3830 2201/3060/3831 2237/3232/3832 2236/3233/3833
s 39
f 2203/3146/3834 2202/3145/3835 2238/3234/3836 2239/3235/3837
s 40
f 2204/3150/3838 2205/3149/3839 2241/3236/3840 2240/3237/3841
s 39
f 2207/3154/3842 2206/3153/3843 2242/3238/3844 2243/3239/3845
s 40
f 2208/3158/3846 2209/3157/3847 2245/3240/3848 2244/3241/3849
s 39
f 2210/3162/3850 2207/3161/3842 2243/3242/3845 2246/3243/3851
s 40
f 2209/3166/3847 2211/3165/3852 2247/3244/3853 2245/3245/3848
s off
f 2211/3170/3854 2210/3169/3855 2246/3246/3856 2247/3247/3857
s 39
f 2202/3174/3835 2195/3173/3814 2231/3248/3817 2238/3249/3836
s 40
f 2197/3178/3823 2204/3177/3838 2240/3250/3841 2233/3251/3824
s 39
f 2198/3182/3827 2203/3181/3834 2239/3252/3837 2234/3253/3828
s 40
f 2205/3186/3839 2200/3185/3830 2236/3254/3833 2241/3255/3840
s 39
f 2206/3190/3843 2199/3189/3826 2235/3256/3829 2242/3257/3844
s 40
f 2201/3194/3831 2208/3193/3846 2244/3258/3849 2237/3259/3832
